v 0.925 -0.25 -0.01
v 0.35 -0.25 -0.01
v 0.925 -0.25 0.05
newmtl 1
Ka 0.6470588235294118 0.5176470588235295 0.0
Kd 0.6470588235294118 0.5176470588235295 0.0
Ks 0.45098039215686275 0.3607843137254902 0.0
d 0.0
endmtl
v 0.35 -0.25 0.05
v 0.925 -0.669795 -0.01
v 0.925 -0.669795 0.05
v 1.025 -0.75 -0.01
v 1.025 -0.75 0.05
v 0.825319 -0.725 -0.01
v 0.95 -0.825 -0.01
v 0.825319 -0.725 0.05
v 0.95 -0.825 0.05
v 0.35 -0.725 -0.01
v 0.35 -0.725 0.05
v 0.960687 -0.806231 -0.01
v 1.006231 -0.760687 -0.01
v 0.989057 -0.773785 -0.01
v 0.973785 -0.789057 -0.01
v 1.006231 -0.760687 0.05
v 0.960687 -0.806231 0.05
v 0.973785 -0.789057 0.05
v 0.989057 -0.773785 0.05
v 0.35 0.725 -0.01
v 0.35 0.25 -0.01
v 0.35 0.725 0.05
v 0.35 0.25 0.05
v 0.825319 0.725 -0.01
v 0.825319 0.725 0.05
v 0.95 0.825 -0.01
v 0.95 0.825 0.05
v 0.925 0.669795 -0.01
v 1.025 0.75 -0.01
v 0.925 0.669795 0.05
v 1.025 0.75 0.05
v 0.925 0.25 -0.01
v 0.925 0.25 0.05
v 1.006231 0.760687 -0.01
v 0.960687 0.806231 -0.01
v 0.973785 0.789057 -0.01
v 0.989057 0.773785 -0.01
v 0.960687 0.806231 0.05
v 1.006231 0.760687 0.05
v 0.989057 0.773785 0.05
v 0.973785 0.789057 0.05
v -0.925 0.25 -0.01
v -0.35 0.25 -0.01
v -0.925 0.25 0.05
v -0.35 0.25 0.05
v -0.925 0.669795 -0.01
v -0.925 0.669795 0.05
v -1.025 0.75 -0.01
v -1.025 0.75 0.05
v -0.825319 0.725 -0.01
v -0.95 0.825 -0.01
v -0.825319 0.725 0.05
v -0.95 0.825 0.05
v -0.35 0.725 -0.01
v -0.35 0.725 0.05
v -0.960687 0.806231 -0.01
v -1.006231 0.760687 -0.01
v -0.989057 0.773785 -0.01
v -0.973785 0.789057 -0.01
v -1.006231 0.760687 0.05
v -0.960687 0.806231 0.05
v -0.973785 0.789057 0.05
v -0.989057 0.773785 0.05
v -0.925 -0.25 -0.01
v -0.925 -0.669795 -0.01
v -0.925 -0.25 0.05
v -0.925 -0.669795 0.05
v -0.55 -0.25 -0.01
v -0.55 -0.25 0.05
v -0.35 -0.45 -0.01
v -0.35 -0.45 0.05
v -0.35 -0.725 -0.01
v -0.35 -0.725 0.05
v -0.825319 -0.725 -0.01
v -0.825319 -0.725 0.05
v -0.95 -0.825 -0.01
v -0.95 -0.825 0.05
v -1.025 -0.75 -0.01
v -1.025 -0.75 0.05
v -1.006231 -0.760687 -0.01
v -0.960687 -0.806231 -0.01
v -0.973785 -0.789057 -0.01
v -0.989057 -0.773785 -0.01
v -0.960687 -0.806231 0.05
v -1.006231 -0.760687 0.05
v -0.989057 -0.773785 0.05
v -0.973785 -0.789057 0.05
v 0.530934 0.565775 0.44
v 0.530934 0.524064 0.44
v 0.549683 0.524064 0.44
newmtl 2
Ka 0.6470588235294118 0.6196078431372549 0.5882352941176471
Kd 0.6470588235294118 0.6196078431372549 0.5882352941176471
Ks 0.45098039215686275 0.43529411764705883 0.4117647058823529
d 0.0
endmtl
v 0.685001 -0.755 0.44
v 0.729082 -0.755 0.44
v 0.729082 0.424968 0.44
v 0.605247 0.443844 0.44
v 0.603316 0.443616 0.44
v 0.615071 0.443616 0.44
v 0.655235 0.491091 0.44
v 0.670127 0.491091 0.44
v 0.670127 0.504497 0.44
v 0.464779 0.529055 0.44
v 0.473855 0.521374 0.44
v 0.505579 0.566172 0.44
v 0.505579 0.5183 0.44
v 0.422441 0.569837 0.44
v 0.427687 0.566172 0.44
v 0.43509 0.561001 0.44
v 0.446901 0.54707 0.44
v 0.453164 0.534558 0.44
v 0.45482 0.534001 0.44
v 0.389568 0.578406 0.44
v 0.405873 0.576376 0.44
v 0.505579 0.755 0.44
v 0.374888 0.57681 0.44
v -0.931676 0.754248 0.44
v -0.938017 0.752029 0.44
v 0.359331 0.571315 0.44
v -0.925 0.755 0.44
v -0.943705 0.748455 0.44
v -0.948455 0.743705 0.44
v -0.952029 0.738016 0.44
v -0.954248 0.731676 0.44
v -0.955 0.725 0.44
v 0.350767 0.566172 0.44
v -0.955 0.566172 0.44
v 0.349402 0.565352 0.44
v 0.313903 0.549693 0.44
v 0.326976 0.551294 0.44
v 0.341536 0.558616 0.44
v 0.330825 0.551085 0.44
v 0.334675 0.550625 0.44
v 0.288484 0.535228 0.44
v 0.290834 0.537448 0.44
v 0.301496 0.544908 0.44
v -0.955 0.5183 0.44
v -0.955 0.504497 0.44
v 0.273598 0.504497 0.44
v 0.275106 0.5129 0.44
v 0.277505 0.5183 0.44
v 0.280456 0.524945 0.44
v 0.297023 0.451833 0.44
v 0.28681 0.460586 0.44
v -0.955 0.443616 0.44
v 0.279116 0.471595 0.44
v 0.309085 0.445879 0.44
v 0.31401 0.443616 0.44
v 0.313588 0.44452 0.44
v 0.274346 0.484062 0.44
v 0.272752 0.49707 0.44
v 0.272849 0.500321 0.44
v -0.955 0.424968 0.44
v 0.331546 0.424968 0.44
v 0.328466 0.426262 0.44
v 0.321919 0.431198 0.44
v 0.316942 0.437341 0.44
v 0.505579 -0.755 0.44
v 0.505579 0.424968 0.44
v 0.359244 0.424968 0.44
v 0.353483 0.422756 0.44
v 0.345386 0.421759 0.44
v 0.344091 0.421783 0.44
v 0.336189 0.423016 0.44
v -0.925 -0.755 0.44
v -0.955 -0.725 0.44
v -0.943705 -0.748455 0.44
v -0.938017 -0.752029 0.44
v -0.948455 -0.743705 0.44
v -0.952029 -0.738016 0.44
v -0.954248 -0.731676 0.44
v -0.931676 -0.754248 0.44
v 0.505579 0.443616 0.44
v 0.376751 0.443616 0.44
v 0.376724 0.4435 0.44
v 0.372767 0.436037 0.44
v 0.367616 0.430261 0.44
v 0.360949 0.425622 0.44
v 0.484773 0.501626 0.44
v 0.486301 0.49071 0.44
v 0.505579 0.504497 0.44
v 0.419488 0.463362 0.44
v 0.421785 0.46427 0.44
v 0.425718 0.483347 0.44
v 0.473917 0.458912 0.44
v 0.464805 0.4512 0.44
v 0.370489 0.477656 0.44
v 0.415341 0.501087 0.44
v 0.364643 0.48298 0.44
v 0.357541 0.486788 0.44
v 0.41743 0.461904 0.44
v 0.480556 0.46816 0.44
v 0.465386 0.493296 0.44
v 0.463817 0.499726 0.44
v 0.461249 0.504497 0.44
v 0.294671 0.504497 0.44
v 0.484763 0.478755 0.44
v 0.424379 0.464603 0.44
v 0.424704 0.464579 0.44
v 0.425709 0.464357 0.44
v 0.296633 0.484404 0.44
v 0.30063 0.477599 0.44
v 0.317626 0.474147 0.44
v 0.306632 0.471435 0.44
v 0.313922 0.466946 0.44
v 0.330005 0.485227 0.44
v 0.323161 0.480473 0.44
v 0.293839 0.497739 0.44
v 0.294237 0.492597 0.44
v 0.337399 0.488053 0.44
v 0.345386 0.489037 0.44
v 0.349462 0.488795 0.44
v 0.414002 0.454226 0.44
v 0.414088 0.455547 0.44
v 0.378857 0.458578 0.44
v 0.41476 0.458095 0.44
v 0.416047 0.460378 0.44
v 0.458757 0.472674 0.44
v 0.462439 0.477895 0.44
v 0.464746 0.483861 0.44
v 0.465549 0.490376 0.44
v 0.421824 0.444154 0.44
v 0.41961 0.445026 0.44
v 0.417439 0.446569 0.44
v 0.416661 0.447361 0.44
v 0.415202 0.449463 0.44
v 0.41432 0.451733 0.44
v 0.378678 0.451764 0.44
v 0.378857 0.45523 0.44
v 0.454592 0.446204 0.44
v 0.443458 0.44385 0.44
v 0.423709 0.44385 0.44
v 0.426387 0.464268 0.44
v 0.441449 0.464268 0.44
v 0.447447 0.465416 0.44
v 0.453354 0.468149 0.44
v 0.458305 0.472189 0.44
v 0.436763 0.516484 0.44
v 0.297702 0.513303 0.44
v 0.294836 0.505837 0.44
v 0.439441 0.516484 0.44
v 0.460707 0.505503 0.44
v 0.456837 0.509825 0.44
v 0.451646 0.51345 0.44
v 0.445804 0.515699 0.44
v 0.429559 0.536575 0.44
v 0.422012 0.545598 0.44
v 0.345051 0.52619 0.44
v 0.421149 0.546384 0.44
v 0.411744 0.552909 0.44
v 0.350161 0.536773 0.44
v 0.301179 0.5183 0.44
v 0.342643 0.527506 0.44
v 0.436364 0.5183 0.44
v 0.43472 0.525789 0.44
v 0.335137 0.530244 0.44
v 0.327311 0.531211 0.44
v 0.323844 0.531032 0.44
v 0.357667 0.545743 0.44
v 0.401247 0.55693 0.44
v 0.366651 0.552307 0.44
v 0.389903 0.558323 0.44
v 0.377587 0.556738 0.44
v 0.31558 0.529077 0.44
v 0.308118 0.525121 0.44
v 0.302341 0.51997 0.44
v 0.476059 0.5183 0.44
v 0.480684 0.51185 0.44
v 0.483625 0.504497 0.44
v 0.680555 0.449381 0.44
v 0.680555 0.444013 0.44
v 0.685001 0.443616 0.44
v 0.685001 0.504497 0.44
v 0.679484 0.491091 0.44
v 0.679484 0.485676 0.44
v 0.661312 0.465218 0.44
v 0.661312 0.449381 0.44
v 0.670127 0.465218 0.44
v 0.670127 0.449381 0.44
v 0.678148 0.465218 0.44
v 0.678148 0.470609 0.44
v 0.661312 0.485676 0.44
v 0.661312 0.470609 0.44
v 0.670127 0.485676 0.44
v 0.670127 0.470609 0.44
v 0.670127 0.443616 0.44
v 0.670127 0.444013 0.44
v 0.655235 0.444013 0.44
v 0.631985 0.452365 0.44
v 0.632707 0.449597 0.44
v 0.632863 0.449597 0.44
v 0.648881 0.477637 0.44
v 0.626046 0.504497 0.44
v 0.642767 0.477637 0.44
v 0.626046 0.469449 0.44
v 0.633585 0.452317 0.44
v 0.633134 0.450749 0.44
v 0.590864 0.468563 0.44
v 0.591096 0.470669 0.44
v 0.584847 0.504497 0.44
v 0.591768 0.464472 0.44
v 0.591118 0.466273 0.44
v 0.590828 0.451282 0.44
v 0.593292 0.449775 0.44
v 0.593554 0.44968 0.44
v 0.593554 0.462201 0.44
v 0.592537 0.463244 0.44
v 0.593502 0.462235 0.44
v 0.596642 0.443616 0.44
v 0.59431 0.443896 0.44
v 0.593554 0.443616 0.44
v 0.593554 0.444178 0.44
v 0.584847 0.443616 0.44
v 0.590828 0.445193 0.44
v 0.611924 0.476915 0.44
v 0.611924 0.471186 0.44
v 0.594643 0.475735 0.44
v 0.596644 0.476903 0.44
v 0.593554 0.504497 0.44
v 0.591798 0.472567 0.44
v 0.592892 0.474161 0.44
v 0.593554 0.474756 0.44
v 0.613256 0.45079 0.44
v 0.612532 0.448921 0.44
v 0.611433 0.447366 0.44
v 0.599947 0.478008 0.44
v 0.603957 0.478407 0.44
v 0.615071 0.504497 0.44
v 0.608094 0.47804 0.44
v 0.611563 0.458719 0.44
v 0.612663 0.457095 0.44
v 0.613293 0.455356 0.44
v 0.613536 0.453159 0.44
v 0.609746 0.445891 0.44
v 0.608355 0.445037 0.44
v 0.60338 0.473617 0.44
v 0.601634 0.473486 0.44
v 0.596941 0.469093 0.44
v 0.600057 0.473069 0.44
v 0.598734 0.472366 0.44
v 0.596995 0.468308 0.44
v 0.597229 0.467392 0.44
v 0.597654 0.466597 0.44
v 0.598229 0.465964 0.44
v 0.600308 0.464664 0.44
v 0.607052 0.473223 0.44
v 0.603957 0.463075 0.44
v 0.610397 0.472048 0.44
v 0.606241 0.462152 0.44
v 0.610157 0.459974 0.44
v 0.597845 0.47158 0.44
v 0.597339 0.470829 0.44
v 0.597048 0.470033 0.44
v 0.596997 0.448426 0.44
v 0.599793 0.458791 0.44
v 0.596279 0.460402 0.44
v 0.600528 0.448033 0.44
v 0.600788 0.448034 0.44
v 0.603665 0.45717 0.44
v 0.603811 0.448373 0.44
v 0.607483 0.452582 0.44
v 0.607426 0.453315 0.44
v 0.605332 0.44893 0.44
v 0.60587 0.449256 0.44
v 0.606547 0.449857 0.44
v 0.607061 0.450618 0.44
v 0.607361 0.451457 0.44
v 0.607158 0.454236 0.44
v 0.606702 0.455018 0.44
v 0.605967 0.455783 0.44
v 0.729082 0.5183 0.44
v 0.713793 0.518697 0.44
v 0.707078 0.518697 0.44
v 0.702276 0.531574 0.44
v 0.685001 0.531574 0.44
v 0.685001 0.5183 0.44
v 0.695862 0.565775 0.44
v 0.729082 0.566172 0.44
v 0.685001 0.566172 0.44
v 0.682673 0.531574 0.44
v 0.678148 0.518697 0.44
v 0.670127 0.5183 0.44
v 0.671433 0.518697 0.44
v 0.670127 0.566172 0.44
v 0.685001 0.554321 0.44
v 0.689364 0.565775 0.44
v 0.626046 0.566172 0.44
v 0.615071 0.566172 0.44
v 0.620528 0.565775 0.44
v 0.615071 0.565775 0.44
v 0.602357 0.539901 0.44
v 0.602357 0.524064 0.44
v 0.615071 0.539901 0.44
v 0.615071 0.524064 0.44
v 0.619192 0.539901 0.44
v 0.621599 0.524064 0.44
v 0.619192 0.545293 0.44
v 0.620528 0.560359 0.44
v 0.615071 0.545293 0.44
v 0.615071 0.560359 0.44
v 0.602357 0.545293 0.44
v 0.602357 0.560359 0.44
v 0.59628 0.518697 0.44
v 0.593554 0.5183 0.44
v 0.615071 0.5183 0.44
v 0.626046 0.5183 0.44
v 0.621599 0.518697 0.44
v 0.615071 0.518697 0.44
v 0.59628 0.565775 0.44
v 0.593554 0.566172 0.44
v 0.581557 0.56039 0.44
v 0.575761 0.561081 0.44
v 0.584847 0.525569 0.44
v 0.586857 0.55829 0.44
v 0.586857 0.526471 0.44
v 0.586332 0.558572 0.44
v 0.584847 0.559138 0.44
v 0.573416 0.560959 0.44
v 0.569392 0.56007 0.44
v 0.565741 0.558246 0.44
v 0.562933 0.555859 0.44
v 0.56262 0.555516 0.44
v 0.560343 0.552246 0.44
v 0.558765 0.548182 0.44
v 0.557987 0.541707 0.44
v 0.558076 0.53943 0.44
v 0.558912 0.534842 0.44
v 0.576899 0.5234 0.44
v 0.582223 0.524391 0.44
v 0.566631 0.525175 0.44
v 0.56999 0.523883 0.44
v 0.574702 0.523318 0.44
v 0.560508 0.531118 0.44
v 0.562608 0.528276 0.44
v 0.563551 0.527345 0.44
v 0.580755 0.566172 0.44
v 0.581866 0.566085 0.44
v 0.584847 0.566172 0.44
v 0.584847 0.565224 0.44
v 0.586857 0.564644 0.44
v 0.575701 0.566569 0.44
v 0.584847 0.755 0.44
v 0.572435 0.566172 0.44
v 0.553715 0.755 0.44
v 0.553715 0.566172 0.44
v 0.554995 0.555179 0.44
v 0.558408 0.559637 0.44
v 0.559566 0.560743 0.44
v 0.563972 0.563831 0.44
v 0.568891 0.565741 0.44
v 0.550893 0.566172 0.44
v 0.552759 0.54995 0.44
v 0.553715 0.552184 0.44
v 0.553715 0.530664 0.44
v 0.552539 0.533674 0.44
v 0.550893 0.5183 0.44
v 0.551609 0.541346 0.44
v 0.551692 0.543804 0.44
v 0.565876 0.519089 0.44
v 0.561434 0.521185 0.44
v 0.553715 0.5183 0.44
v 0.55765 0.524329 0.44
v 0.557268 0.524746 0.44
v 0.554458 0.528763 0.44
v 0.569704 0.5183 0.44
v 0.553715 0.504497 0.44
v 0.570977 0.518038 0.44
v 0.573824 0.517903 0.44
v 0.577978 0.5183 0.44
v 0.586857 0.520647 0.44
v 0.586054 0.520247 0.44
v 0.584847 0.5183 0.44
v 0.584847 0.519851 0.44
v 0.580999 0.518589 0.44
v 0.558028 0.459841 0.44
v 0.559106 0.46955 0.44
v 0.556808 0.457925 0.44
v 0.556093 0.455766 0.44
v 0.582837 0.444013 0.44
v 0.576941 0.444013 0.44
v 0.572127 0.473408 0.44
v 0.570129 0.473617 0.44
v 0.566976 0.46399 0.44
v 0.58227 0.470571 0.44
v 0.582837 0.465651 0.44
v 0.559757 0.461432 0.44
v 0.562136 0.462739 0.44
v 0.563164 0.472102 0.44
v 0.566857 0.473302 0.44
v 0.553715 0.424968 0.44
v 0.563091 0.443613 0.44
v 0.553715 0.443616 0.44
v 0.562955 0.443629 0.44
v 0.560695 0.444481 0.44
v 0.576941 0.449212 0.44
v 0.576784 0.449212 0.44
v 0.575426 0.447255 0.44
v 0.573506 0.44541 0.44
v 0.558709 0.445867 0.44
v 0.558061 0.446522 0.44
v 0.556833 0.448329 0.44
v 0.556116 0.450319 0.44
v 0.555821 0.453015 0.44
v 0.559106 0.475278 0.44
v 0.574669 0.477994 0.44
v 0.577051 0.477183 0.44
v 0.578938 0.476012 0.44
v 0.576941 0.465386 0.44
v 0.576735 0.467993 0.44
v 0.576126 0.470093 0.44
v 0.575433 0.471307 0.44
v 0.58006 0.474936 0.44
v 0.581304 0.473109 0.44
v 0.560324 0.475984 0.44
v 0.564709 0.477682 0.44
v 0.570683 0.478407 0.44
v 0.574542 0.472256 0.44
v 0.573495 0.47293 0.44
v 0.584847 0.424968 0.44
v 0.569747 0.443611 0.44
v 0.566483 0.443219 0.44
v 0.626046 0.443616 0.44
v 0.626046 0.453621 0.44
v 0.616605 0.477637 0.44
v 0.6232 0.477637 0.44
v 0.629795 0.444086 0.44
v 0.629596 0.443616 0.44
v 0.627207 0.437972 0.44
v 0.615071 0.424968 0.44
v 0.617821 0.428658 0.44
v 0.617821 0.433905 0.44
v 0.62493 0.434603 0.44
v 0.626029 0.435821 0.44
v 0.626046 0.435852 0.44
v 0.59995 0.443219 0.44
v 0.593554 0.424968 0.44
v 0.619027 0.433509 0.44
v 0.621166 0.433231 0.44
v 0.626046 0.429228 0.44
v 0.624006 0.42845 0.44
v 0.626046 0.424968 0.44
v 0.621623 0.428176 0.44
v 0.620322 0.428223 0.44
v 0.622678 0.433413 0.44
v 0.623959 0.43392 0.44
v 0.633621 0.438935 0.44
v 0.630952 0.433736 0.44
v 0.670127 0.424968 0.44
v 0.635467 0.443616 0.44
v 0.628794 0.431145 0.44
v 0.628392 0.430776 0.44
v 0.626333 0.429337 0.44
v 0.954248 0.731676 0.44
v 0.938017 0.752029 0.44
v 0.955 0.725 0.44
v 0.931676 0.754248 0.44
v 0.925 0.755 0.44
v 0.952029 0.738016 0.44
v 0.948455 0.743705 0.44
v 0.943705 0.748455 0.44
v 0.925 -0.755 0.44
v 0.948455 -0.743705 0.44
v 0.952029 -0.738016 0.44
v 0.931676 -0.754248 0.44
v 0.938017 -0.752029 0.44
v 0.943705 -0.748455 0.44
v 0.954248 -0.731676 0.44
v 0.955 -0.725 0.44
v 0.863874 -0.755 0.44
v 0.863874 0.424968 0.44
v 0.685001 0.424968 0.44
v 0.670127 -0.755 0.44
v 0.626046 -0.755 0.44
v 0.615071 -0.755 0.44
v 0.593554 -0.755 0.44
v 0.584847 -0.755 0.44
v 0.553715 -0.755 0.44
v 0.572101 0.444516 0.44
v 0.863874 0.443616 0.44
v 0.729082 0.443616 0.44
v 0.524857 0.491091 0.44
v 0.524857 0.444013 0.44
v 0.550893 0.443616 0.44
v 0.550893 0.424968 0.44
v 0.550893 -0.755 0.44
v 0.549106 0.491091 0.44
v 0.550893 0.504497 0.44
v 0.549106 0.485676 0.44
v 0.550177 0.449381 0.44
v 0.550177 0.444013 0.44
v 0.530934 0.465218 0.44
v 0.530934 0.449381 0.44
v 0.54777 0.465218 0.44
v 0.54777 0.470609 0.44
v 0.530934 0.470609 0.44
v 0.530934 0.485676 0.44
v 0.689448 0.444013 0.44
v 0.726495 0.459643 0.44
v 0.724176 0.454774 0.44
v 0.720676 0.450608 0.44
v 0.725249 0.479133 0.44
v 0.726991 0.474644 0.44
v 0.729082 0.504497 0.44
v 0.727777 0.468154 0.44
v 0.727635 0.465155 0.44
v 0.715762 0.447084 0.44
v 0.710397 0.444988 0.44
v 0.702397 0.444013 0.44
v 0.689448 0.491091 0.44
v 0.702878 0.491091 0.44
v 0.710066 0.490297 0.44
v 0.715748 0.488222 0.44
v 0.720676 0.484857 0.44
v 0.722334 0.483236 0.44
v 0.737103 0.444013 0.44
v 0.730388 0.444013 0.44
v 0.766033 0.444013 0.44
v 0.761231 0.45689 0.44
v 0.741628 0.45689 0.44
v 0.748319 0.491091 0.44
v 0.754817 0.491091 0.44
v 0.524857 0.518697 0.44
v 0.524857 0.565775 0.44
v 0.549683 0.518697 0.44
v 0.666294 0.553817 0.44
v 0.668036 0.549328 0.44
v 0.668821 0.542838 0.44
v 0.66868 0.539839 0.44
v 0.667539 0.534327 0.44
v 0.665221 0.529458 0.44
v 0.661721 0.525292 0.44
v 0.656807 0.521768 0.44
v 0.643923 0.565775 0.44
v 0.651111 0.564981 0.44
v 0.656793 0.562905 0.44
v 0.651441 0.519672 0.44
v 0.643441 0.518697 0.44
v 0.630493 0.518697 0.44
v 0.630493 0.565775 0.44
v 0.661721 0.559541 0.44
v 0.663379 0.55792 0.44
v 0.772748 0.444013 0.44
v 0.863874 0.504497 0.44
v 0.863874 0.5183 0.44
v 0.863874 0.566172 0.44
v 0.955 0.424968 0.44
v 0.955 0.443616 0.44
v 0.955 0.504497 0.44
v 0.955 0.5183 0.44
v 0.955 0.566172 0.44
v 0.550893 0.755 0.44
v 0.593554 0.755 0.44
v 0.615071 0.755 0.44
v 0.626046 0.755 0.44
v 0.670127 0.755 0.44
v 0.685001 0.755 0.44
v 0.729082 0.755 0.44
v 0.863874 0.755 0.44
v 1.025 -0.75 0.32
v 1.025 -0.75 0.15
v 1.025 0.75 0.32
v 1.025 0.75 0.15
v 0.95 0.825 0.32
v 0.95 0.825 0.15
v -0.95 0.825 0.32
v -0.95 0.825 0.15
v -1.025 0.75 0.32
v -1.025 0.75 0.15
v -1.025 -0.75 0.32
v -1.025 -0.75 0.15
v -0.95 -0.825 0.32
v -0.95 -0.825 0.15
v 0.95 -0.825 0.32
v 0.95 -0.825 0.15
v 0.937958 0.805 0.34
v -0.937958 0.805 0.34
v -0.925 0.775 0.34
v 0.925 0.775 0.34
v 0.936126 0.773746 0.34
v 0.947233 0.790484 0.34
v 0.946694 0.770048 0.34
v 0.967023 0.767023 0.34
v 1.005 -0.737958 0.34
v 0.973746 -0.736126 0.34
v 0.990484 -0.747233 0.34
v 0.970048 -0.746694 0.34
v 0.967023 -0.767023 0.34
v 0.956174 0.764092 0.34
v 0.964092 0.756175 0.34
v 0.990484 0.747233 0.34
v 0.970048 0.746694 0.34
v 1.005 0.737958 0.34
v 0.973746 0.736126 0.34
v 0.975 0.725 0.34
v 0.975 -0.725 0.34
v -0.967023 -0.767023 0.34
v -0.964092 -0.756175 0.34
v -0.990484 -0.747233 0.34
v -0.970048 -0.746694 0.34
v -1.005 -0.737958 0.34
v -0.967023 0.767023 0.34
v -0.956174 0.764092 0.34
v -0.947233 0.790484 0.34
v -0.946694 0.770048 0.34
v -0.936126 0.773746 0.34
v -0.937958 -0.805 0.34
v -0.936126 -0.773746 0.34
v -0.947233 -0.790484 0.34
v -0.946694 -0.770048 0.34
v -0.956174 -0.764092 0.34
v 0.964092 -0.756175 0.34
v 0.956174 -0.764092 0.34
v 0.947233 -0.790484 0.34
v 0.946694 -0.770048 0.34
v 0.937958 -0.805 0.34
v -1.005 0.737958 0.34
v -0.973746 0.736126 0.34
v -0.990484 0.747233 0.34
v -0.970048 0.746694 0.34
v -0.964092 0.756175 0.34
v 0.936126 -0.773746 0.34
v 0.925 -0.775 0.34
v -0.925 -0.775 0.34
v -0.973746 -0.736126 0.34
v -0.975 -0.725 0.34
v -0.975 0.725 0.34
v 0.969165 -0.794585 0.15
v -0.969165 0.794585 0.15
v 0.994585 0.769165 0.15
v 0.994585 -0.769165 0.15
v -0.994585 -0.769165 0.15
v -0.994585 0.769165 0.15
v -0.969165 -0.794585 0.15
v 0.969165 0.794585 0.15
v -0.975 -0.725 0.42
v -0.973746 -0.736126 0.42
v -0.970048 -0.746694 0.42
v -0.964092 -0.756175 0.42
v -0.956174 -0.764092 0.42
v -0.946694 -0.770048 0.42
v -0.936126 -0.773746 0.42
v -0.925 -0.775 0.42
v 0.925 -0.775 0.42
v 0.936126 -0.773746 0.42
v 0.946694 -0.770048 0.42
v 0.956174 -0.764092 0.42
v 0.964092 -0.756175 0.42
v 0.970048 -0.746694 0.42
v 0.973746 -0.736126 0.42
v 0.975 -0.725 0.42
v 0.975 0.725 0.42
v 0.973746 0.736126 0.42
v 0.970048 0.746694 0.42
v 0.964092 0.756175 0.42
v 0.956174 0.764092 0.42
v 0.946694 0.770048 0.42
v 0.936126 0.773746 0.42
v 0.925 0.775 0.42
v -0.925 0.775 0.42
v -0.936126 0.773746 0.42
v -0.946694 0.770048 0.42
v -0.956174 0.764092 0.42
v -0.964092 0.756175 0.42
v -0.970048 0.746694 0.42
v -0.973746 0.736126 0.42
v -0.975 0.725 0.42
v 0.963557 -0.80204 0.32
v 0.969562 -0.79492 0.32
v 0.981165 -0.781165 0.32
v 0.99492 -0.769562 0.32
v 1.00204 -0.763557 0.32
v -1.00204 -0.763557 0.32
v -0.99492 -0.769562 0.32
v -0.981165 -0.781165 0.32
v -0.969562 -0.79492 0.32
v -0.963557 -0.80204 0.32
v -0.963557 0.80204 0.32
v -0.969562 0.79492 0.32
v -0.981165 0.781165 0.32
v -0.99492 0.769562 0.32
v -1.00204 0.763557 0.32
v 1.00204 0.763557 0.32
v 0.99492 0.769562 0.32
v 0.981165 0.781165 0.32
v 0.969562 0.79492 0.32
v 0.963557 0.80204 0.32
v 0.549683 0.524064 0.45
v 0.549683 0.518697 0.45
newmtl 3
Ka 0.2235294117647059 0.2235294117647059 0.2235294117647059
Kd 0.2235294117647059 0.2235294117647059 0.2235294117647059
Ks 0.11372549019607843 0.11372549019607843 0.11372549019607843
d 0.0
endmtl
v 0.530934 0.524064 0.45
v 0.530934 0.565775 0.45
v 0.524857 0.565775 0.45
v 0.524857 0.518697 0.45
v 0.586857 0.520647 0.45
v 0.586054 0.520247 0.45
v 0.573824 0.517903 0.45
v 0.580999 0.518589 0.45
v 0.586857 0.526471 0.45
v 0.582223 0.524391 0.45
v 0.576899 0.5234 0.45
v 0.574702 0.523318 0.45
v 0.56999 0.523883 0.45
v 0.566631 0.525175 0.45
v 0.563551 0.527345 0.45
v 0.562608 0.528276 0.45
v 0.560508 0.531118 0.45
v 0.558912 0.534842 0.45
v 0.558076 0.53943 0.45
v 0.557987 0.541707 0.45
v 0.558765 0.548182 0.45
v 0.560343 0.552246 0.45
v 0.56262 0.555516 0.45
v 0.562933 0.555859 0.45
v 0.565741 0.558246 0.45
v 0.569392 0.56007 0.45
v 0.573416 0.560959 0.45
v 0.575761 0.561081 0.45
v 0.586857 0.55829 0.45
v 0.586332 0.558572 0.45
v 0.581557 0.56039 0.45
v 0.586857 0.564644 0.45
v 0.581866 0.566085 0.45
v 0.575701 0.566569 0.45
v 0.568891 0.565741 0.45
v 0.563972 0.563831 0.45
v 0.559566 0.560743 0.45
v 0.558408 0.559637 0.45
v 0.554995 0.555179 0.45
v 0.552759 0.54995 0.45
v 0.551692 0.543804 0.45
v 0.551609 0.541346 0.45
v 0.552539 0.533674 0.45
v 0.554458 0.528763 0.45
v 0.557268 0.524746 0.45
v 0.55765 0.524329 0.45
v 0.570977 0.518038 0.45
v 0.561434 0.521185 0.45
v 0.565876 0.519089 0.45
v 0.621599 0.524064 0.45
v 0.621599 0.518697 0.45
v 0.602357 0.524064 0.45
v 0.602357 0.539901 0.45
v 0.619192 0.539901 0.45
v 0.619192 0.545293 0.45
v 0.602357 0.545293 0.45
v 0.602357 0.560359 0.45
v 0.620528 0.560359 0.45
v 0.620528 0.565775 0.45
v 0.59628 0.565775 0.45
v 0.59628 0.518697 0.45
v 0.661721 0.525292 0.45
v 0.656857 0.528467 0.45
v 0.656807 0.521768 0.45
v 0.653822 0.526356 0.45
v 0.651441 0.519672 0.45
v 0.649937 0.524846 0.45
v 0.643441 0.518697 0.45
v 0.643405 0.524064 0.45
v 0.630493 0.518697 0.45
v 0.63657 0.524064 0.45
v 0.630493 0.565775 0.45
v 0.63657 0.560359 0.45
v 0.643923 0.565775 0.45
v 0.643682 0.560359 0.45
v 0.644326 0.560353 0.45
v 0.651111 0.564981 0.45
v 0.650295 0.55955 0.45
v 0.656793 0.562905 0.45
v 0.654283 0.557981 0.45
v 0.661721 0.559541 0.45
v 0.657269 0.555931 0.45
v 0.663379 0.55792 0.45
v 0.658577 0.554642 0.45
v 0.666294 0.553817 0.45
v 0.660403 0.552004 0.45
v 0.668036 0.549328 0.45
v 0.661731 0.548568 0.45
v 0.668821 0.542838 0.45
v 0.662431 0.542669 0.45
v 0.66868 0.539839 0.45
v 0.662231 0.539309 0.45
v 0.667539 0.534327 0.45
v 0.661262 0.53508 0.45
v 0.665221 0.529458 0.45
v 0.659588 0.531635 0.45
v 0.657401 0.528974 0.45
v 0.643682 0.560359 0.44
v 0.63657 0.560359 0.44
v 0.63657 0.524064 0.44
v 0.643405 0.524064 0.44
v 0.657401 0.528974 0.44
v 0.656857 0.528467 0.44
v 0.653822 0.526356 0.44
v 0.649937 0.524846 0.44
v 0.662431 0.542669 0.44
v 0.662231 0.539309 0.44
v 0.661262 0.53508 0.44
v 0.659588 0.531635 0.44
v 0.657269 0.555931 0.44
v 0.658577 0.554642 0.44
v 0.660403 0.552004 0.44
v 0.661731 0.548568 0.44
v 0.644326 0.560353 0.44
v 0.650295 0.55955 0.44
v 0.654283 0.557981 0.44
v 0.684598 0.536893 0.45
v 0.682673 0.531574 0.45
v 0.700399 0.536893 0.45
v 0.702276 0.531574 0.45
v 0.691638 0.55646 0.45
v 0.689364 0.565775 0.45
v 0.671433 0.518697 0.45
v 0.678148 0.518697 0.45
v 0.692046 0.557865 0.45
v 0.692408 0.559758 0.45
v 0.695862 0.565775 0.45
v 0.692553 0.559758 0.45
v 0.692933 0.557766 0.45
v 0.693287 0.55646 0.45
v 0.713793 0.518697 0.45
v 0.707078 0.518697 0.45
v 0.684598 0.536893 0.44
v 0.700399 0.536893 0.44
v 0.693287 0.55646 0.44
v 0.692553 0.559758 0.44
v 0.692933 0.557766 0.44
v 0.692408 0.559758 0.44
v 0.691638 0.55646 0.44
v 0.692046 0.557865 0.44
v 0.550177 0.449381 0.45
v 0.550177 0.444013 0.45
v 0.530934 0.449381 0.45
v 0.530934 0.465218 0.45
v 0.54777 0.465218 0.45
v 0.54777 0.470609 0.45
v 0.530934 0.470609 0.45
v 0.530934 0.485676 0.45
v 0.549106 0.485676 0.45
v 0.549106 0.491091 0.45
v 0.524857 0.491091 0.45
v 0.524857 0.444013 0.45
v 0.576941 0.444013 0.45
v 0.582837 0.444013 0.45
v 0.576941 0.449212 0.45
v 0.582837 0.465651 0.45
v 0.565161 0.458865 0.45
v 0.56907 0.459826 0.45
v 0.576941 0.460885 0.45
v 0.576941 0.45766 0.45
v 0.576784 0.449212 0.45
v 0.573674 0.450078 0.45
v 0.575426 0.447255 0.45
v 0.572008 0.448954 0.45
v 0.576935 0.457269 0.45
v 0.576555 0.454638 0.45
v 0.57569 0.452534 0.45
v 0.574413 0.450801 0.45
v 0.574669 0.477994 0.45
v 0.573495 0.47293 0.45
v 0.577051 0.477183 0.45
v 0.574542 0.472256 0.45
v 0.563913 0.458202 0.45
v 0.576941 0.465386 0.45
v 0.576735 0.467993 0.45
v 0.58227 0.470571 0.45
v 0.576126 0.470093 0.45
v 0.581304 0.473109 0.45
v 0.575433 0.471307 0.45
v 0.58006 0.474936 0.45
v 0.578938 0.476012 0.45
v 0.559106 0.475278 0.45
v 0.559106 0.46955 0.45
v 0.560324 0.475984 0.45
v 0.563164 0.472102 0.45
v 0.564709 0.477682 0.45
v 0.566857 0.473302 0.45
v 0.570683 0.478407 0.45
v 0.570129 0.473617 0.45
v 0.572127 0.473408 0.45
v 0.563009 0.450077 0.45
v 0.558709 0.445867 0.45
v 0.563511 0.449573 0.45
v 0.560695 0.444481 0.45
v 0.564686 0.448771 0.45
v 0.562955 0.443629 0.45
v 0.56602 0.448281 0.45
v 0.566483 0.443219 0.45
v 0.568011 0.448057 0.45
v 0.569747 0.443611 0.45
v 0.570219 0.448304 0.45
v 0.572101 0.444516 0.45
v 0.573506 0.44541 0.45
v 0.566976 0.46399 0.45
v 0.562136 0.462739 0.45
v 0.563366 0.457756 0.45
v 0.559757 0.461432 0.45
v 0.56266 0.456883 0.45
v 0.558028 0.459841 0.45
v 0.562143 0.455783 0.45
v 0.556808 0.457925 0.45
v 0.561852 0.454432 0.45
v 0.556093 0.455766 0.45
v 0.561802 0.453496 0.45
v 0.555821 0.453015 0.45
v 0.561951 0.452143 0.45
v 0.556116 0.450319 0.45
v 0.562339 0.451071 0.45
v 0.556833 0.448329 0.45
v 0.558061 0.446522 0.45
v 0.563366 0.457756 0.44
v 0.563913 0.458202 0.44
v 0.565161 0.458865 0.44
v 0.56907 0.459826 0.44
v 0.561802 0.453496 0.44
v 0.561852 0.454432 0.44
v 0.562143 0.455783 0.44
v 0.56266 0.456883 0.44
v 0.563511 0.449573 0.44
v 0.563009 0.450077 0.44
v 0.562339 0.451071 0.44
v 0.561951 0.452143 0.44
v 0.568011 0.448057 0.44
v 0.56602 0.448281 0.44
v 0.564686 0.448771 0.44
v 0.574413 0.450801 0.44
v 0.573674 0.450078 0.44
v 0.572008 0.448954 0.44
v 0.570219 0.448304 0.44
v 0.576941 0.45766 0.44
v 0.576935 0.457269 0.44
v 0.576555 0.454638 0.44
v 0.57569 0.452534 0.44
v 0.576941 0.460885 0.44
v 0.590828 0.451282 0.45
v 0.593292 0.449775 0.45
v 0.600528 0.448033 0.45
v 0.596997 0.448426 0.45
v 0.590828 0.445193 0.45
v 0.59431 0.443896 0.45
v 0.59995 0.443219 0.45
v 0.605247 0.443844 0.45
v 0.608355 0.445037 0.45
v 0.609746 0.445891 0.45
v 0.611433 0.447366 0.45
v 0.612532 0.448921 0.45
v 0.613256 0.45079 0.45
v 0.613536 0.453159 0.45
v 0.613293 0.455356 0.45
v 0.612663 0.457095 0.45
v 0.611563 0.458719 0.45
v 0.610157 0.459974 0.45
v 0.606241 0.462152 0.45
v 0.603957 0.463075 0.45
v 0.600308 0.464664 0.45
v 0.598229 0.465964 0.45
v 0.597654 0.466597 0.45
v 0.597229 0.467392 0.45
v 0.596995 0.468308 0.45
v 0.596941 0.469093 0.45
v 0.597048 0.470033 0.45
v 0.597339 0.470829 0.45
v 0.597845 0.47158 0.45
v 0.598734 0.472366 0.45
v 0.600057 0.473069 0.45
v 0.601634 0.473486 0.45
v 0.60338 0.473617 0.45
v 0.607052 0.473223 0.45
v 0.610397 0.472048 0.45
v 0.611924 0.471186 0.45
v 0.611924 0.476915 0.45
v 0.608094 0.47804 0.45
v 0.603957 0.478407 0.45
v 0.599947 0.478008 0.45
v 0.596644 0.476903 0.45
v 0.594643 0.475735 0.45
v 0.592892 0.474161 0.45
v 0.591798 0.472567 0.45
v 0.591096 0.470669 0.45
v 0.590864 0.468563 0.45
v 0.591118 0.466273 0.45
v 0.591768 0.464472 0.45
v 0.592537 0.463244 0.45
v 0.599793 0.458791 0.45
v 0.596279 0.460402 0.45
v 0.593502 0.462235 0.45
v 0.603665 0.45717 0.45
v 0.605967 0.455783 0.45
v 0.606702 0.455018 0.45
v 0.607158 0.454236 0.45
v 0.607426 0.453315 0.45
v 0.607483 0.452582 0.45
v 0.607361 0.451457 0.45
v 0.607061 0.450618 0.45
v 0.606547 0.449857 0.45
v 0.60587 0.449256 0.45
v 0.605332 0.44893 0.45
v 0.603811 0.448373 0.45
v 0.600788 0.448034 0.45
v 0.642767 0.477637 0.45
v 0.648881 0.477637 0.45
v 0.633585 0.452317 0.45
v 0.633134 0.450749 0.45
v 0.632863 0.449597 0.45
v 0.632707 0.449597 0.45
v 0.631985 0.452365 0.45
v 0.6232 0.477637 0.45
v 0.616605 0.477637 0.45
v 0.629795 0.444086 0.45
v 0.627207 0.437972 0.45
v 0.626029 0.435821 0.45
v 0.62493 0.434603 0.45
v 0.623959 0.43392 0.45
v 0.622678 0.433413 0.45
v 0.621166 0.433231 0.45
v 0.619027 0.433509 0.45
v 0.617821 0.433905 0.45
v 0.617821 0.428658 0.45
v 0.620322 0.428223 0.45
v 0.621623 0.428176 0.45
v 0.624006 0.42845 0.45
v 0.626333 0.429337 0.45
v 0.628392 0.430776 0.45
v 0.628794 0.431145 0.45
v 0.630952 0.433736 0.45
v 0.633621 0.438935 0.45
v 0.680555 0.449381 0.45
v 0.680555 0.444013 0.45
v 0.661312 0.449381 0.45
v 0.661312 0.465218 0.45
v 0.678148 0.465218 0.45
v 0.678148 0.470609 0.45
v 0.661312 0.470609 0.45
v 0.661312 0.485676 0.45
v 0.679484 0.485676 0.45
v 0.679484 0.491091 0.45
v 0.655235 0.491091 0.45
v 0.655235 0.444013 0.45
v 0.720676 0.450608 0.45
v 0.715812 0.453783 0.45
v 0.715762 0.447084 0.45
v 0.712777 0.451672 0.45
v 0.710397 0.444988 0.45
v 0.708892 0.450162 0.45
v 0.702397 0.444013 0.45
v 0.70236 0.449381 0.45
v 0.689448 0.444013 0.45
v 0.695525 0.449381 0.45
v 0.689448 0.491091 0.45
v 0.695525 0.485676 0.45
v 0.702878 0.491091 0.45
v 0.702637 0.485676 0.45
v 0.703281 0.485669 0.45
v 0.710066 0.490297 0.45
v 0.709251 0.484866 0.45
v 0.715748 0.488222 0.45
v 0.713238 0.483297 0.45
v 0.720676 0.484857 0.45
v 0.716224 0.481247 0.45
v 0.722334 0.483236 0.45
v 0.717533 0.479958 0.45
v 0.725249 0.479133 0.45
v 0.719358 0.47732 0.45
v 0.726991 0.474644 0.45
v 0.720686 0.473885 0.45
v 0.727777 0.468154 0.45
v 0.721386 0.467985 0.45
v 0.727635 0.465155 0.45
v 0.721186 0.464625 0.45
v 0.726495 0.459643 0.45
v 0.720217 0.460396 0.45
v 0.724176 0.454774 0.45
v 0.718543 0.456952 0.45
v 0.716356 0.454291 0.45
v 0.702637 0.485676 0.44
v 0.695525 0.485676 0.44
v 0.695525 0.449381 0.44
v 0.70236 0.449381 0.44
v 0.716356 0.454291 0.44
v 0.715812 0.453783 0.44
v 0.712777 0.451672 0.44
v 0.708892 0.450162 0.44
v 0.721386 0.467985 0.44
v 0.721186 0.464625 0.44
v 0.720217 0.460396 0.44
v 0.718543 0.456952 0.44
v 0.716224 0.481247 0.44
v 0.717533 0.479958 0.44
v 0.719358 0.47732 0.44
v 0.720686 0.473885 0.44
v 0.703281 0.485669 0.44
v 0.709251 0.484866 0.44
v 0.713238 0.483297 0.44
v 0.743553 0.462209 0.45
v 0.741628 0.45689 0.45
v 0.759354 0.462209 0.45
v 0.761231 0.45689 0.45
v 0.750593 0.481776 0.45
v 0.748319 0.491091 0.45
v 0.730388 0.444013 0.45
v 0.737103 0.444013 0.45
v 0.751001 0.483181 0.45
v 0.751363 0.485074 0.45
v 0.754817 0.491091 0.45
v 0.751508 0.485074 0.45
v 0.751888 0.483082 0.45
v 0.752242 0.481776 0.45
v 0.772748 0.444013 0.45
v 0.766033 0.444013 0.45
v 0.743553 0.462209 0.44
v 0.759354 0.462209 0.44
v 0.752242 0.481776 0.44
v 0.751508 0.485074 0.44
v 0.751888 0.483082 0.44
v 0.751363 0.485074 0.44
v 0.750593 0.481776 0.44
v 0.751001 0.483181 0.44
v 0.316942 0.437341 0.45
v 0.321919 0.431198 0.45
v 0.313922 0.466946 0.45
v 0.308118 0.525121 0.45
v 0.31558 0.529077 0.45
v 0.313903 0.549693 0.45
v 0.334675 0.550625 0.45
v 0.345051 0.52619 0.45
v 0.350161 0.536773 0.45
v 0.378857 0.45523 0.45
v 0.378857 0.458578 0.45
v 0.350548 0.466728 0.45
v 0.3474 0.467735 0.45
v 0.306632 0.471435 0.45
v 0.309085 0.445879 0.45
v 0.313588 0.44452 0.45
v 0.326976 0.551294 0.45
v 0.355541 0.462663 0.45
v 0.357087 0.459964 0.45
v 0.378678 0.451764 0.45
v 0.425718 0.483347 0.45
v 0.415341 0.501087 0.45
v 0.370489 0.477656 0.45
v 0.345051 0.46795 0.45
v 0.341959 0.467576 0.45
v 0.337399 0.488053 0.45
v 0.339023 0.466466 0.45
v 0.330005 0.485227 0.45
v 0.336383 0.464646 0.45
v 0.323161 0.480473 0.45
v 0.334551 0.46265 0.45
v 0.317626 0.474147 0.45
v 0.332943 0.459789 0.45
v 0.332105 0.456592 0.45
v 0.357541 0.486788 0.45
v 0.349462 0.488795 0.45
v 0.345386 0.489037 0.45
v 0.353308 0.464995 0.45
v 0.336449 0.445087 0.45
v 0.339139 0.443266 0.45
v 0.328466 0.426262 0.45
v 0.342246 0.442149 0.45
v 0.436763 0.516484 0.45
v 0.439441 0.516484 0.45
v 0.453164 0.534558 0.45
v 0.445804 0.515699 0.45
v 0.45482 0.534001 0.45
v 0.451646 0.51345 0.45
v 0.464779 0.529055 0.45
v 0.473855 0.521374 0.45
v 0.341536 0.558616 0.45
v 0.357667 0.545743 0.45
v 0.349402 0.565352 0.45
v 0.366651 0.552307 0.45
v 0.359331 0.571315 0.45
v 0.323844 0.531032 0.45
v 0.327311 0.531211 0.45
v 0.330825 0.551085 0.45
v 0.335137 0.530244 0.45
v 0.342643 0.527506 0.45
v 0.364643 0.48298 0.45
v 0.473917 0.458912 0.45
v 0.458305 0.472189 0.45
v 0.464805 0.4512 0.45
v 0.453354 0.468149 0.45
v 0.454592 0.446204 0.45
v 0.447447 0.465416 0.45
v 0.443458 0.44385 0.45
v 0.441449 0.464268 0.45
v 0.423709 0.44385 0.45
v 0.426387 0.464268 0.45
v 0.421824 0.444154 0.45
v 0.334296 0.447497 0.45
v 0.332847 0.450247 0.45
v 0.332089 0.453327 0.45
v 0.456837 0.509825 0.45
v 0.460707 0.505503 0.45
v 0.480684 0.51185 0.45
v 0.463817 0.499726 0.45
v 0.484773 0.501626 0.45
v 0.465386 0.493296 0.45
v 0.486301 0.49071 0.45
v 0.465549 0.490376 0.45
v 0.484763 0.478755 0.45
v 0.464746 0.483861 0.45
v 0.480556 0.46816 0.45
v 0.462439 0.477895 0.45
v 0.458757 0.472674 0.45
v 0.43509 0.561001 0.45
v 0.422012 0.545598 0.45
v 0.446901 0.54707 0.45
v 0.429559 0.536575 0.45
v 0.43472 0.525789 0.45
v 0.294836 0.505837 0.45
v 0.272849 0.500321 0.45
v 0.293839 0.497739 0.45
v 0.272752 0.49707 0.45
v 0.294237 0.492597 0.45
v 0.274346 0.484062 0.45
v 0.296633 0.484404 0.45
v 0.279116 0.471595 0.45
v 0.30063 0.477599 0.45
v 0.28681 0.460586 0.45
v 0.297023 0.451833 0.45
v 0.374888 0.57681 0.45
v 0.377587 0.556738 0.45
v 0.389568 0.578406 0.45
v 0.389903 0.558323 0.45
v 0.405873 0.576376 0.45
v 0.401247 0.55693 0.45
v 0.422441 0.569837 0.45
v 0.411744 0.552909 0.45
v 0.421149 0.546384 0.45
v 0.301496 0.544908 0.45
v 0.290834 0.537448 0.45
v 0.302341 0.51997 0.45
v 0.288484 0.535228 0.45
v 0.297702 0.513303 0.45
v 0.280456 0.524945 0.45
v 0.275106 0.5129 0.45
v 0.357952 0.456909 0.45
v 0.358046 0.453663 0.45
v 0.376724 0.4435 0.45
v 0.357313 0.450434 0.45
v 0.372767 0.436037 0.45
v 0.355809 0.447519 0.45
v 0.367616 0.430261 0.45
v 0.353662 0.445091 0.45
v 0.360949 0.425622 0.45
v 0.35109 0.443318 0.45
v 0.353483 0.422756 0.45
v 0.348169 0.442214 0.45
v 0.345386 0.421759 0.45
v 0.345051 0.441842 0.45
v 0.344091 0.421783 0.45
v 0.336189 0.423016 0.45
v 0.424704 0.464579 0.45
v 0.416661 0.447361 0.45
v 0.417439 0.446569 0.45
v 0.425709 0.464357 0.45
v 0.41961 0.445026 0.45
v 0.414002 0.454226 0.45
v 0.41432 0.451733 0.45
v 0.415202 0.449463 0.45
v 0.421785 0.46427 0.45
v 0.419488 0.463362 0.45
v 0.414088 0.455547 0.45
v 0.41743 0.461904 0.45
v 0.416047 0.460378 0.45
v 0.41476 0.458095 0.45
v 0.424379 0.464603 0.45
v 0.345051 0.46795 0.44
v 0.3474 0.467735 0.44
v 0.350548 0.466728 0.44
v 0.353308 0.464995 0.44
v 0.355541 0.462663 0.44
v 0.357087 0.459964 0.44
v 0.357952 0.456909 0.44
v 0.358046 0.453663 0.44
v 0.357313 0.450434 0.44
v 0.355809 0.447519 0.44
v 0.353662 0.445091 0.44
v 0.35109 0.443318 0.44
v 0.348169 0.442214 0.44
v 0.345051 0.441842 0.44
v 0.342246 0.442149 0.44
v 0.339139 0.443266 0.44
v 0.336449 0.445087 0.44
v 0.334296 0.447497 0.44
v 0.332847 0.450247 0.44
v 0.332089 0.453327 0.44
v 0.332105 0.456592 0.44
v 0.332943 0.459789 0.44
v 0.334551 0.46265 0.44
v 0.336383 0.464646 0.44
v 0.339023 0.466466 0.44
v 0.341959 0.467576 0.44
v -1.024908 0.749942 0.321913
v -1.024405 0.749627 0.324432
v -1.00175 0.763147 0.32445
v -0.949739 0.824584 0.324057
v -0.963147 0.80175 0.32445
v -0.949677 0.824484 0.324447
v -0.948374 0.822392 0.329875
v -0.948707 0.822927 0.328637
v -0.96194 0.800896 0.328678
v -0.949445 0.824113 0.325891
v -0.94956 0.824298 0.325171
v -0.946337 0.819081 0.33409
v -0.947232 0.820539 0.332385
v -0.959995 0.799519 0.33247
v -0.947907 0.821637 0.331099
v -0.948327 0.822317 0.329998
v -0.946012 0.818553 0.334707
v -0.957411 0.797689 0.335637
v -0.945497 0.817707 0.335444
v -0.942148 0.812139 0.338683
v -0.942853 0.813322 0.338187
v -0.954316 0.795498 0.338019
v -0.943053 0.813654 0.337979
v -0.943815 0.814918 0.337188
v -0.950866 0.793055 0.339499
v -0.93844 0.805831 0.339983
v -0.939048 0.806874 0.339912
v -0.940543 0.809414 0.339319
v -0.940969 0.810137 0.33915
v -1.005831 0.73844 0.339983
v -0.993055 0.750866 0.339499
v -1.013612 0.743032 0.33789
v -1.012139 0.742148 0.338683
v -0.995498 0.754316 0.338019
v -1.011143 0.741557 0.339033
v -1.009426 0.740549 0.33934
v -1.016661 0.744862 0.336249
v -0.997689 0.757411 0.335637
v -1.017465 0.74535 0.33563
v -1.017707 0.745497 0.335444
v -0.999519 0.759995 0.33247
v -1.020597 0.747266 0.332431
v -1.020964 0.747491 0.332048
v -1.000896 0.76194 0.328678
v -1.021637 0.747907 0.331099
v -1.024113 0.749445 0.325891
v -1.023624 0.74914 0.32729
v -1.022926 0.748707 0.328629
v -0.980811 0.78081 0.32445
v -0.979765 0.779765 0.328678
v -0.97808 0.77808 0.33247
v -0.97584 0.77584 0.335637
v -0.973159 0.773159 0.338019
v -0.97017 0.77017 0.339499
v 0.949739 0.824584 0.324057
v 0.94956 0.824298 0.325171
v 0.948327 0.822317 0.329998
v 0.948374 0.822392 0.329875
v 0.949445 0.824113 0.325891
v 0.947907 0.821637 0.331099
v 0.945497 0.817707 0.335444
v 0.946012 0.818553 0.334707
v 0.946337 0.819081 0.33409
v 0.943815 0.814918 0.337188
v 0.942853 0.813322 0.338187
v 0.942148 0.812139 0.338683
v 0.940969 0.810137 0.33915
v 0.93844 0.805831 0.339983
v 0.939048 0.806874 0.339912
v -1.005831 -0.73844 0.339983
v -1.009422 -0.740547 0.339341
v -1.009422 0.740547 0.339341
v -1.011143 -0.741557 0.339033
v -1.010159 -0.740979 0.339209
v -1.013609 -0.74303 0.337891
v -1.012139 -0.742148 0.338683
v -1.017465 0.74535 0.335631
v -1.014928 -0.743822 0.337181
v -1.013609 0.74303 0.337891
v -1.017707 -0.745497 0.335444
v -1.017465 -0.74535 0.335631
v -1.016661 -0.744862 0.336249
v -1.022926 0.748706 0.328629
v -1.022234 -0.748277 0.329955
v -1.021637 -0.747907 0.331099
v -1.019046 -0.746317 0.334048
v -1.020596 -0.747266 0.332431
v -1.020596 0.747266 0.332431
v -1.020964 -0.747491 0.332048
v -1.023624 -0.74914 0.32729
v -1.022926 -0.748706 0.328629
v -1.024258 -0.749536 0.325164
v -1.024113 -0.749445 0.325891
v -1.024908 -0.749942 0.321913
v -1.024405 -0.749627 0.324432
v 1.024584 0.749739 0.324057
v 1.001646 0.763 0.325176
v 1.024298 0.74956 0.325171
v 1.024113 0.749445 0.325891
v 1.000492 0.76137 0.33
v 1.022392 0.748374 0.329875
v 1.018553 0.746013 0.334707
v 1.019082 0.746337 0.334089
v 0.998655 0.758776 0.334142
v 1.021637 0.747907 0.331099
v 1.022316 0.748327 0.329998
v 1.017707 0.745497 0.335444
v 0.996262 0.755395 0.337321
v 1.014921 0.743817 0.337187
v 0.993475 0.751458 0.339319
v 1.012139 0.742148 0.338683
v 1.013321 0.742853 0.338187
v 1.005831 0.73844 0.339983
v 1.006874 0.739048 0.339912
v 1.010141 0.740971 0.339149
v 0.951458 0.793475 0.339319
v 0.940971 0.810141 0.339149
v 0.955395 0.796262 0.337321
v 0.946337 0.819082 0.334089
v 0.958776 0.798655 0.334142
v 0.943817 0.814921 0.337187
v 0.96137 0.800492 0.33
v 0.963 0.801646 0.325176
v 0.980683 0.780683 0.325176
v 0.97927 0.77927 0.33
v 0.977023 0.777023 0.334142
v 0.974094 0.774094 0.337321
v 0.970683 0.770683 0.339319
v -0.949943 -0.824908 0.321913
v -0.949536 -0.824258 0.325164
v -0.963 -0.801646 0.325176
v -0.93844 -0.805831 0.339983
v -0.951458 -0.793475 0.339319
v -0.940979 -0.810159 0.339209
v -0.941557 -0.811143 0.339033
v -0.955395 -0.796262 0.337321
v -0.942148 -0.812139 0.338683
v -0.946317 -0.819046 0.334048
v -0.945497 -0.817707 0.335444
v -0.958776 -0.798655 0.334142
v -0.944862 -0.816661 0.336249
v -0.943822 -0.814928 0.337181
v -0.947491 -0.820964 0.332048
v -0.96137 -0.800492 0.33
v -0.947907 -0.821637 0.331099
v -0.949445 -0.824113 0.325891
v -0.94914 -0.823624 0.32729
v -0.948277 -0.822235 0.329955
v -1.001646 -0.763 0.325176
v -1.000492 -0.76137 0.33
v -0.998655 -0.758776 0.334142
v -0.996262 -0.755395 0.337321
v -0.993475 -0.751458 0.339319
v -0.980683 -0.780683 0.325176
v -0.97927 -0.77927 0.33
v -0.977023 -0.777023 0.334142
v -0.974094 -0.774094 0.337321
v -0.970683 -0.770683 0.339319
v 1.024584 -0.749739 0.324057
v 1.024298 -0.74956 0.325171
v 1.022392 -0.748374 0.329875
v 1.022316 -0.748327 0.329998
v 1.024113 -0.749445 0.325891
v 1.021637 -0.747907 0.331099
v 1.019081 0.746337 0.33409
v 1.017707 -0.745497 0.335444
v 1.018553 -0.746013 0.334707
v 1.019081 -0.746337 0.33409
v 1.014918 -0.743815 0.337188
v 1.014918 0.743815 0.337188
v 1.013321 -0.742853 0.338187
v 1.012139 -0.742148 0.338683
v 1.005831 -0.73844 0.339983
v 1.010137 0.740969 0.33915
v 1.010137 -0.740969 0.33915
v 1.006874 -0.739048 0.339912
v 0.94914 -0.823624 0.32729
v 0.93844 -0.805831 0.339983
v 0.940978 -0.810156 0.33921
v -0.940978 -0.810156 0.33921
v 0.941557 -0.811143 0.339033
v 0.942148 -0.812139 0.338683
v 0.94382 -0.814925 0.337183
v -0.94382 -0.814925 0.337183
v 0.944862 -0.816661 0.336249
v 0.945497 -0.817707 0.335444
v 0.946316 -0.819045 0.334049
v -0.948277 -0.822234 0.329955
v 0.948277 -0.822234 0.329955
v 0.947907 -0.821637 0.331099
v -0.946316 -0.819045 0.334049
v 0.947491 -0.820964 0.332048
v 0.949445 -0.824113 0.325891
v 0.949943 -0.824908 0.321913
v 0.949536 -0.824258 0.325164
v 0.963 -0.801646 0.325176
v 0.948277 -0.822235 0.329955
v 0.96137 -0.800492 0.33
v 0.958776 -0.798655 0.334142
v 0.946317 -0.819046 0.334048
v 0.943822 -0.814928 0.337181
v 0.955395 -0.796262 0.337321
v 0.951458 -0.793475 0.339319
v 0.940979 -0.810159 0.339209
v 0.993475 -0.751458 0.339319
v 1.010141 -0.740971 0.339149
v 0.996262 -0.755395 0.337321
v 1.019082 -0.746337 0.334089
v 0.998655 -0.758776 0.334142
v 1.014921 -0.743817 0.337187
v 1.000492 -0.76137 0.33
v 1.001646 -0.763 0.325176
v 0.980683 -0.780683 0.325176
v 0.97927 -0.77927 0.33
v 0.977023 -0.777023 0.334142
v 0.974094 -0.774094 0.337321
v 0.970683 -0.770683 0.339319
v 0.960176 0.725 0.439319
v 0.959294 0.732827 0.439319
v 0.965 0.725 0.437321
v 0.963997 0.733901 0.437321
v 0.969142 0.725 0.434142
v 0.968035 0.734823 0.434142
v 0.97232 0.725 0.43
v 0.971134 0.73553 0.43
v 0.974319 0.725 0.425176
v 0.973082 0.735974 0.425176
v 0.969434 0.746399 0.425176
v 0.963559 0.75575 0.425176
v 0.95575 0.763559 0.425176
v 0.946398 0.769434 0.425176
v 0.935974 0.773082 0.425176
v 0.925 0.774319 0.425176
v 0.967634 0.745532 0.43
v 0.961997 0.754504 0.43
v 0.954504 0.761997 0.43
v 0.945532 0.767634 0.43
v 0.93553 0.771134 0.43
v 0.925 0.772321 0.43
v 0.964771 0.744153 0.434142
v 0.959512 0.752522 0.434142
v 0.952522 0.759512 0.434142
v 0.944153 0.764771 0.434142
v 0.934823 0.768035 0.434142
v 0.925 0.769142 0.434142
v 0.961039 0.742355 0.437321
v 0.956273 0.74994 0.437321
v 0.94994 0.756273 0.437321
v 0.942355 0.761039 0.437321
v 0.933901 0.763997 0.437321
v 0.925 0.765 0.437321
v 0.956693 0.740262 0.439319
v 0.952502 0.746932 0.439319
v 0.946932 0.752502 0.439319
v 0.940262 0.756693 0.439319
v 0.932827 0.759294 0.439319
v 0.925 0.760176 0.439319
v -0.925 0.774319 0.425176
v -0.925 0.772321 0.43
v -0.925 0.769142 0.434142
v -0.925 0.765 0.437321
v -0.925 0.760176 0.439319
v 0.974319 -0.725 0.425176
v 0.97232 -0.725 0.43
v 0.969142 -0.725 0.434142
v 0.965 -0.725 0.437321
v 0.960176 -0.725 0.439319
v -0.932827 0.759294 0.439319
v -0.933901 0.763997 0.437321
v -0.934823 0.768035 0.434142
v -0.93553 0.771134 0.43
v -0.935974 0.773082 0.425176
v -0.946398 0.769434 0.425176
v -0.95575 0.763559 0.425176
v -0.963559 0.75575 0.425176
v -0.969434 0.746399 0.425176
v -0.973082 0.735974 0.425176
v -0.974319 0.725 0.425176
v -0.945532 0.767634 0.43
v -0.954504 0.761997 0.43
v -0.961997 0.754504 0.43
v -0.967634 0.745532 0.43
v -0.971134 0.73553 0.43
v -0.97232 0.725 0.43
v -0.944153 0.764771 0.434142
v -0.952522 0.759512 0.434142
v -0.959512 0.752522 0.434142
v -0.964771 0.744153 0.434142
v -0.968035 0.734823 0.434142
v -0.969142 0.725 0.434142
v -0.942355 0.761039 0.437321
v -0.94994 0.756273 0.437321
v -0.956273 0.74994 0.437321
v -0.961039 0.742355 0.437321
v -0.963997 0.733901 0.437321
v -0.965 0.725 0.437321
v -0.940262 0.756693 0.439319
v -0.946932 0.752502 0.439319
v -0.952502 0.746932 0.439319
v -0.956693 0.740262 0.439319
v -0.959294 0.732827 0.439319
v -0.960176 0.725 0.439319
v 0.925 -0.760176 0.439319
v 0.932827 -0.759294 0.439319
v 0.925 -0.765 0.437321
v 0.933901 -0.763997 0.437321
v 0.925 -0.769142 0.434142
v 0.934823 -0.768035 0.434142
v 0.925 -0.772321 0.43
v 0.93553 -0.771134 0.43
v 0.925 -0.774319 0.425176
v 0.935974 -0.773082 0.425176
v 0.946398 -0.769434 0.425176
v 0.95575 -0.763559 0.425176
v 0.963559 -0.75575 0.425176
v 0.969434 -0.746399 0.425176
v 0.973082 -0.735974 0.425176
v 0.945532 -0.767634 0.43
v 0.954504 -0.761997 0.43
v 0.961997 -0.754504 0.43
v 0.967634 -0.745532 0.43
v 0.971134 -0.73553 0.43
v 0.944153 -0.764771 0.434142
v 0.952522 -0.759512 0.434142
v 0.959512 -0.752522 0.434142
v 0.964771 -0.744153 0.434142
v 0.968035 -0.734823 0.434142
v 0.942355 -0.761039 0.437321
v 0.94994 -0.756273 0.437321
v 0.956273 -0.74994 0.437321
v 0.961039 -0.742355 0.437321
v 0.963997 -0.733901 0.437321
v 0.940262 -0.756693 0.439319
v 0.946932 -0.752502 0.439319
v 0.952502 -0.746932 0.439319
v 0.956693 -0.740262 0.439319
v 0.959294 -0.732827 0.439319
v -0.974319 -0.725 0.425176
v -0.960176 -0.725 0.439319
v -0.97232 -0.725 0.43
v -0.969142 -0.725 0.434142
v -0.965 -0.725 0.437321
v -0.925 -0.774319 0.425176
v -0.925 -0.772321 0.43
v -0.925 -0.769142 0.434142
v -0.925 -0.765 0.437321
v -0.925 -0.760176 0.439319
v -0.959294 -0.732827 0.439319
v -0.963997 -0.733901 0.437321
v -0.968035 -0.734823 0.434142
v -0.971134 -0.73553 0.43
v -0.973082 -0.735974 0.425176
v -0.969434 -0.746399 0.425176
v -0.963559 -0.75575 0.425176
v -0.95575 -0.763559 0.425176
v -0.946398 -0.769434 0.425176
v -0.935974 -0.773082 0.425176
v -0.967634 -0.745532 0.43
v -0.961997 -0.754504 0.43
v -0.954504 -0.761997 0.43
v -0.945532 -0.767634 0.43
v -0.93553 -0.771134 0.43
v -0.964771 -0.744153 0.434142
v -0.959512 -0.752522 0.434142
v -0.952522 -0.759512 0.434142
v -0.944153 -0.764771 0.434142
v -0.934823 -0.768035 0.434142
v -0.961039 -0.742355 0.437321
v -0.956273 -0.74994 0.437321
v -0.94994 -0.756273 0.437321
v -0.942355 -0.761039 0.437321
v -0.933901 -0.763997 0.437321
v -0.956693 -0.740262 0.439319
v -0.952502 -0.746932 0.439319
v -0.946932 -0.752502 0.439319
v -0.940262 -0.756693 0.439319
v -0.932827 -0.759294 0.439319
v 1.025 -0.75 0.0
v 1.025 0.75 0.0
v -0.95 0.825 0.0
v 0.95 0.825 0.0
v -1.025 0.75 0.0
v -1.025 -0.75 0.0
v -0.95 -0.825 0.0
v 0.95 -0.825 0.0
v 0.35 0.725 0.0
v 0.825319 0.725 0.0
v -0.925 -0.25 0.0
v -0.925 -0.669795 0.0
v 0.925 -0.25 0.0
v 0.925 -0.669795 0.0
v -0.925 0.669795 0.0
v -0.925 0.25 0.0
v 0.925 0.669795 0.0
v 0.925 0.25 0.0
v 0.35 0.25 0.0
v 0.35 -0.25 0.0
v -0.35 -0.725 0.0
v -0.825319 -0.725 0.0
v -0.55 -0.25 0.0
v -0.35 0.25 0.0
v -0.35 -0.45 0.0
v 0.825319 -0.725 0.0
v 0.35 -0.725 0.0
v -0.35 0.725 0.0
v -0.825319 0.725 0.0
newmtl 4
Ka 0.792156862745098 0.8196078431372549 0.9333333333333333
Kd 0.792156862745098 0.8196078431372549 0.9333333333333333
Ks 0.396078431372549 0.4117647058823529 0.4666666666666667
d 0.0
endmtl
v -0.969165 -0.794585 0.05
v -0.994585 -0.769165 0.05
v -0.994585 0.769165 0.05
v -0.969165 0.794585 0.05
v 0.994585 0.769165 0.05
v 0.969165 0.794585 0.05
v 0.994585 -0.769165 0.05
v 0.969165 -0.794585 0.05
usemtl 1
f 1// 2// 3//
f 3// 2// 4//
f 5// 1// 6//
f 6// 1// 3//
f 7// 5// 8//
f 8// 5// 6//
f 9// 10// 11//
f 11// 10// 12//
f 13// 9// 14//
f 14// 9// 11//
f 2// 13// 4//
f 4// 13// 14//
f 15// 10// 9//
f 13// 2// 9//
f 9// 2// 1//
f 9// 1// 5//
f 7// 16// 5//
f 5// 16// 17//
f 5// 17// 9//
f 9// 17// 18//
f 9// 18// 15//
f 19// 8// 6//
f 6// 3// 11//
f 11// 3// 4//
f 11// 4// 14//
f 12// 20// 11//
f 11// 20// 21//
f 11// 21// 6//
f 6// 21// 22//
f 6// 22// 19//
f 12// 10// 20//
f 20// 10// 15//
f 20// 15// 21//
f 21// 15// 18//
f 21// 18// 22//
f 22// 18// 17//
f 22// 17// 19//
f 19// 17// 16//
f 19// 16// 8//
f 8// 16// 7//
f 23// 24// 25//
f 25// 24// 26//
f 27// 23// 28//
f 28// 23// 25//
f 29// 27// 30//
f 30// 27// 28//
f 31// 32// 33//
f 33// 32// 34//
f 35// 31// 36//
f 36// 31// 33//
f 24// 35// 26//
f 26// 35// 36//
f 37// 32// 31//
f 31// 35// 27//
f 27// 35// 24//
f 27// 24// 23//
f 29// 38// 27//
f 27// 38// 39//
f 27// 39// 31//
f 31// 39// 40//
f 31// 40// 37//
f 41// 30// 28//
f 25// 26// 28//
f 28// 26// 36//
f 28// 36// 33//
f 34// 42// 33//
f 33// 42// 43//
f 33// 43// 28//
f 28// 43// 44//
f 28// 44// 41//
f 34// 32// 42//
f 42// 32// 37//
f 42// 37// 43//
f 43// 37// 40//
f 43// 40// 44//
f 44// 40// 39//
f 44// 39// 41//
f 41// 39// 38//
f 41// 38// 30//
f 30// 38// 29//
f 45// 46// 47//
f 47// 46// 48//
f 49// 45// 50//
f 50// 45// 47//
f 51// 49// 52//
f 52// 49// 50//
f 53// 54// 55//
f 55// 54// 56//
f 57// 53// 58//
f 58// 53// 55//
f 46// 57// 48//
f 48// 57// 58//
f 59// 54// 53//
f 57// 46// 53//
f 53// 46// 45//
f 53// 45// 49//
f 51// 60// 49//
f 49// 60// 61//
f 49// 61// 53//
f 53// 61// 62//
f 53// 62// 59//
f 63// 52// 50//
f 50// 47// 55//
f 55// 47// 48//
f 55// 48// 58//
f 56// 64// 55//
f 55// 64// 65//
f 55// 65// 50//
f 50// 65// 66//
f 50// 66// 63//
f 56// 54// 64//
f 64// 54// 59//
f 64// 59// 65//
f 65// 59// 62//
f 65// 62// 66//
f 66// 62// 61//
f 66// 61// 63//
f 63// 61// 60//
f 63// 60// 52//
f 52// 60// 51//
f 67// 68// 69//
f 69// 68// 70//
f 71// 67// 72//
f 72// 67// 69//
f 73// 71// 74//
f 74// 71// 72//
f 75// 73// 76//
f 76// 73// 74//
f 77// 75// 78//
f 78// 75// 76//
f 79// 77// 80//
f 80// 77// 78//
f 68// 81// 70//
f 70// 81// 82//
f 83// 81// 68//
f 68// 67// 77//
f 77// 67// 71//
f 77// 71// 75//
f 75// 71// 73//
f 79// 84// 77//
f 77// 84// 85//
f 77// 85// 68//
f 68// 85// 86//
f 68// 86// 83//
f 87// 80// 78//
f 76// 74// 78//
f 78// 74// 72//
f 78// 72// 70//
f 70// 72// 69//
f 82// 88// 70//
f 70// 88// 89//
f 70// 89// 78//
f 78// 89// 90//
f 78// 90// 87//
f 82// 81// 88//
f 88// 81// 83//
f 88// 83// 89//
f 89// 83// 86//
f 89// 86// 90//
f 90// 86// 85//
f 90// 85// 87//
f 87// 85// 84//
f 87// 84// 80//
f 80// 84// 79//
usemtl 2
f 91// 92// 93//
f 94// 95// 96//
f 97// 98// 99//
f 100// 101// 102//
f 103// 104// 105//
f 105// 104// 106//
f 107// 108// 105//
f 105// 108// 109//
f 105// 109// 110//
f 110// 111// 105//
f 105// 111// 112//
f 105// 112// 103//
f 113// 114// 115//
f 113// 115// 116//
f 117// 118// 119//
f 116// 115// 119//
f 119// 115// 120//
f 119// 120// 117//
f 118// 121// 119//
f 119// 121// 122//
f 119// 122// 123//
f 123// 124// 119//
f 119// 124// 125//
f 119// 125// 126//
f 126// 125// 127//
f 126// 127// 128//
f 127// 129// 128//
f 128// 129// 130//
f 128// 130// 131//
f 131// 130// 132//
f 131// 132// 133//
f 134// 135// 127//
f 127// 135// 136//
f 127// 136// 129//
f 137// 138// 139//
f 139// 140// 137//
f 137// 140// 141//
f 137// 141// 127//
f 127// 141// 142//
f 127// 142// 134//
f 143// 144// 145//
f 145// 144// 146//
f 143// 145// 147//
f 147// 145// 148//
f 147// 148// 149//
f 146// 150// 145//
f 145// 150// 151//
f 145// 151// 138//
f 138// 151// 152//
f 138// 152// 139//
f 153// 154// 145//
f 145// 154// 155//
f 155// 156// 145//
f 145// 156// 157//
f 145// 157// 148//
f 158// 159// 160//
f 160// 161// 158//
f 158// 161// 162//
f 158// 162// 163//
f 163// 164// 158//
f 158// 164// 154//
f 158// 154// 165//
f 165// 154// 153//
f 165// 153// 166//
f 167// 168// 169//
f 169// 168// 170//
f 166// 171// 165//
f 165// 171// 170//
f 165// 170// 172//
f 172// 170// 168//
f 173// 174// 159//
f 159// 174// 175//
f 159// 175// 176//
f 176// 177// 159//
f 159// 177// 178//
f 159// 178// 160//
f 179// 180// 181//
f 182// 183// 184//
f 185// 186// 173//
f 187// 188// 189//
f 189// 188// 190//
f 182// 184// 191//
f 185// 173// 192//
f 193// 194// 188//
f 188// 194// 195//
f 188// 195// 196//
f 181// 180// 173//
f 173// 180// 197//
f 173// 197// 192//
f 183// 198// 184//
f 184// 198// 199//
f 184// 199// 200//
f 201// 202// 203//
f 203// 202// 204//
f 203// 204// 205//
f 206// 196// 207//
f 207// 196// 208//
f 207// 208// 203//
f 203// 208// 209//
f 203// 209// 201//
f 206// 210// 196//
f 196// 210// 211//
f 196// 211// 188//
f 188// 211// 212//
f 188// 212// 190//
f 213// 214// 215//
f 215// 214// 216//
f 215// 216// 184//
f 184// 216// 217//
f 184// 217// 191//
f 218// 219// 184//
f 184// 219// 220//
f 184// 220// 188//
f 188// 220// 221//
f 188// 221// 193//
f 222// 223// 174//
f 174// 223// 224//
f 174// 224// 225//
f 225// 226// 174//
f 174// 226// 227//
f 174// 227// 228//
f 228// 227// 213//
f 228// 213// 229//
f 229// 213// 215//
f 186// 230// 173//
f 173// 230// 231//
f 173// 231// 174//
f 174// 231// 232//
f 174// 232// 222//
f 200// 233// 184//
f 184// 233// 234//
f 184// 234// 235//
f 235// 236// 184//
f 184// 236// 237//
f 184// 237// 218//
f 238// 239// 240//
f 240// 196// 238//
f 238// 196// 195//
f 238// 195// 241//
f 241// 195// 242//
f 242// 243// 241//
f 241// 243// 244//
f 241// 244// 245//
f 246// 247// 248//
f 247// 249// 248//
f 248// 249// 250//
f 248// 250// 251//
f 252// 248// 253//
f 239// 238// 252//
f 252// 238// 254//
f 252// 254// 248//
f 248// 254// 255//
f 248// 255// 246//
f 253// 256// 252//
f 252// 256// 257//
f 252// 257// 258//
f 251// 250// 259//
f 259// 250// 260//
f 259// 260// 261//
f 261// 260// 262//
f 261// 262// 263//
f 264// 265// 258//
f 258// 265// 266//
f 258// 266// 252//
f 104// 267// 106//
f 106// 267// 268//
f 106// 268// 181//
f 181// 268// 269//
f 181// 269// 179//
f 270// 271// 272//
f 102// 101// 273//
f 273// 101// 274//
f 273// 274// 275//
f 276// 277// 278//
f 278// 277// 279//
f 278// 279// 280//
f 280// 279// 270//
f 280// 270// 281//
f 282// 283// 284//
f 284// 283// 285//
f 284// 285// 275//
f 272// 271// 286//
f 286// 271// 287//
f 286// 287// 288//
f 289// 290// 291//
f 292// 293// 294//
f 294// 293// 295//
f 294// 295// 296//
f 296// 295// 289//
f 296// 289// 297//
f 297// 289// 291//
f 298// 299// 300//
f 301// 302// 303//
f 304// 305// 306//
f 301// 303// 307//
f 304// 306// 303//
f 303// 306// 308//
f 303// 308// 307//
f 309// 310// 311//
f 311// 310// 312//
f 311// 312// 313//
f 313// 312// 314//
f 313// 314// 303//
f 315// 316// 99//
f 317// 318// 319//
f 299// 320// 300//
f 300// 320// 321//
f 300// 321// 319//
f 319// 321// 322//
f 319// 322// 317//
f 323// 324// 99//
f 99// 324// 325//
f 318// 326// 319//
f 319// 326// 327//
f 319// 327// 328//
f 328// 327// 329//
f 328// 329// 315//
f 330// 331// 316//
f 316// 331// 332//
f 316// 332// 99//
f 99// 332// 333//
f 99// 333// 323//
f 325// 334// 99//
f 99// 334// 335//
f 99// 335// 97//
f 336// 337// 338//
f 338// 337// 339//
f 338// 339// 340//
f 338// 341// 336//
f 336// 341// 342//
f 336// 342// 343//
f 343// 344// 336//
f 336// 344// 345//
f 336// 345// 346//
f 346// 345// 347//
f 346// 347// 348//
f 348// 347// 349//
f 348// 349// 316//
f 316// 349// 350//
f 316// 350// 330//
f 351// 352// 340//
f 340// 352// 353//
f 340// 353// 338//
f 354// 355// 305//
f 305// 355// 356//
f 305// 356// 306//
f 354// 357// 355//
f 355// 357// 358//
f 355// 358// 359//
f 359// 358// 360//
f 359// 361// 362//
f 360// 363// 359//
f 359// 363// 364//
f 359// 364// 365//
f 365// 366// 359//
f 359// 366// 367//
f 359// 367// 361//
f 362// 368// 359//
f 359// 368// 369//
f 359// 369// 370//
f 371// 372// 373//
f 374// 375// 373//
f 373// 375// 376//
f 373// 376// 371//
f 372// 371// 377//
f 377// 371// 378//
f 377// 378// 379//
f 375// 380// 376//
f 376// 380// 381//
f 376// 381// 382//
f 382// 381// 383//
f 382// 383// 384//
f 384// 383// 385//
f 384// 385// 379//
f 379// 385// 386//
f 379// 386// 377//
f 387// 388// 389//
f 389// 388// 390//
f 391// 392// 393//
f 393// 392// 394//
f 393// 394// 395//
f 395// 394// 396//
f 395// 396// 397//
f 397// 396// 398//
f 397// 398// 399//
f 399// 398// 400//
f 399// 400// 401//
f 401// 400// 402//
f 403// 404// 405//
f 389// 398// 387//
f 387// 398// 396//
f 387// 396// 406//
f 406// 396// 407//
f 406// 407// 405//
f 405// 407// 408//
f 405// 408// 403//
f 390// 388// 409//
f 409// 388// 410//
f 409// 410// 403//
f 411// 412// 413//
f 403// 410// 404//
f 404// 410// 414//
f 404// 414// 415//
f 415// 414// 416//
f 415// 416// 413//
f 413// 416// 417//
f 413// 417// 411//
f 412// 418// 413//
f 413// 418// 419//
f 413// 419// 420//
f 420// 421// 413//
f 413// 421// 422//
f 413// 422// 423//
f 423// 424// 413//
f 413// 424// 425//
f 413// 425// 426//
f 427// 428// 426//
f 426// 428// 429//
f 426// 429// 413//
f 430// 431// 432//
f 427// 433// 428//
f 428// 433// 434//
f 428// 434// 432//
f 432// 434// 435//
f 432// 435// 430//
f 436// 437// 438//
f 438// 437// 439//
f 438// 439// 410//
f 410// 439// 440//
f 410// 440// 414//
f 441// 442// 443//
f 443// 442// 444//
f 445// 446// 447//
f 447// 448// 445//
f 445// 448// 449//
f 445// 449// 450//
f 451// 452// 445//
f 445// 452// 453//
f 445// 453// 446//
f 454// 455// 456//
f 456// 455// 457//
f 456// 457// 451//
f 451// 457// 458//
f 451// 458// 452//
f 459// 460// 461//
f 461// 460// 462//
f 462// 463// 461//
f 461// 463// 464//
f 461// 464// 454//
f 459// 461// 465//
f 465// 461// 466//
f 465// 466// 467//
f 467// 466// 468//
f 468// 466// 300//
f 468// 300// 469//
f 415// 470// 404//
f 404// 470// 471//
f 404// 471// 472//
f 472// 471// 473//
f 472// 473// 474//
f 475// 476// 477//
f 477// 476// 478//
f 313// 479// 480//
f 481// 482// 483//
f 300// 484// 485//
f 475// 486// 476//
f 476// 486// 487//
f 476// 487// 488//
f 488// 487// 483//
f 488// 483// 489//
f 489// 483// 482//
f 490// 491// 492//
f 492// 491// 493//
f 492// 493// 494//
f 302// 298// 303//
f 303// 298// 300//
f 303// 300// 313//
f 313// 300// 485//
f 313// 485// 479//
f 495// 496// 480//
f 480// 496// 497//
f 480// 497// 498//
f 494// 499// 492//
f 492// 499// 500//
f 492// 500// 501//
f 501// 502// 492//
f 492// 502// 503//
f 492// 503// 466//
f 466// 503// 478//
f 466// 478// 504//
f 504// 478// 476//
f 505// 506// 300//
f 300// 506// 507//
f 508// 509// 483//
f 483// 509// 510//
f 483// 510// 511//
f 507// 512// 300//
f 300// 512// 513//
f 300// 513// 484//
f 504// 514// 466//
f 466// 514// 515//
f 466// 515// 300//
f 300// 515// 516//
f 300// 516// 505//
f 511// 517// 483//
f 483// 517// 518//
f 483// 518// 481//
f 519// 520// 490//
f 490// 520// 521//
f 490// 521// 491//
f 522// 523// 99//
f 99// 523// 524//
f 315// 99// 328//
f 328// 99// 524//
f 328// 524// 293//
f 293// 524// 525//
f 293// 525// 295//
f 526// 523// 527//
f 527// 523// 522//
f 527// 522// 528//
f 529// 530// 531//
f 532// 533// 522//
f 522// 533// 534//
f 522// 534// 528//
f 535// 536// 98//
f 98// 536// 529//
f 98// 529// 99//
f 99// 529// 531//
f 99// 531// 522//
f 522// 531// 537//
f 522// 537// 538//
f 539// 540// 541//
f 541// 540// 542//
f 541// 542// 529//
f 529// 542// 543//
f 529// 543// 530//
f 538// 544// 522//
f 522// 544// 545//
f 522// 545// 532//
f 546// 547// 548//
f 546// 548// 549//
f 547// 550// 548//
f 548// 550// 551//
f 548// 551// 541//
f 541// 551// 552//
f 541// 552// 539//
f 553// 554// 555//
f 555// 554// 556//
f 555// 556// 557//
f 553// 558// 554//
f 554// 558// 559//
f 554// 559// 560//
f 561// 562// 563//
f 561// 564// 562//
f 562// 564// 565//
f 562// 565// 566//
f 563// 567// 561//
f 561// 567// 568//
f 561// 568// 569//
f 569// 568// 570//
f 569// 570// 95//
f 94// 571// 572//
f 572// 571// 548//
f 572// 548// 573//
f 573// 548// 541//
f 573// 541// 574//
f 574// 541// 529//
f 574// 529// 575//
f 575// 529// 536//
f 575// 536// 576//
f 576// 536// 519//
f 576// 519// 577//
f 577// 519// 490//
f 535// 309// 536//
f 536// 309// 311//
f 536// 311// 519//
f 519// 311// 313//
f 519// 313// 520//
f 520// 313// 480//
f 520// 480// 578//
f 578// 480// 498//
f 571// 272// 548//
f 548// 272// 286//
f 548// 286// 549//
f 549// 286// 288//
f 549// 288// 292//
f 292// 288// 100//
f 292// 100// 293//
f 293// 100// 102//
f 95// 570// 96//
f 96// 570// 579//
f 96// 579// 580//
f 581// 181// 582//
f 582// 181// 173//
f 582// 173// 583//
f 583// 173// 159//
f 583// 159// 584//
f 584// 159// 158//
f 584// 158// 585//
f 581// 586// 587//
f 586// 588// 587//
f 587// 588// 589//
f 587// 589// 583//
f 583// 589// 590//
f 583// 590// 582//
f 591// 592// 593//
f 593// 592// 589//
f 593// 589// 594//
f 594// 589// 588//
f 594// 588// 595//
f 595// 588// 596//
f 285// 281// 275//
f 275// 281// 270//
f 275// 270// 273//
f 273// 270// 272//
f 273// 272// 597//
f 598// 599// 580//
f 580// 599// 600//
f 601// 602// 603//
f 603// 602// 604//
f 603// 604// 580//
f 580// 604// 605//
f 580// 605// 598//
f 600// 606// 580//
f 580// 606// 607//
f 580// 607// 608//
f 94// 96// 571//
f 571// 96// 580//
f 571// 580// 272//
f 272// 580// 608//
f 272// 608// 597//
f 597// 609// 273//
f 273// 609// 610//
f 273// 610// 603//
f 603// 610// 611//
f 603// 611// 612//
f 612// 613// 603//
f 603// 613// 614//
f 603// 614// 601//
f 615// 616// 580//
f 617// 618// 619//
f 580// 616// 603//
f 603// 616// 620//
f 603// 620// 621//
f 454// 456// 461//
f 461// 456// 587//
f 461// 587// 466//
f 466// 587// 583//
f 466// 583// 492//
f 492// 583// 584//
f 492// 584// 490//
f 490// 584// 585//
f 490// 585// 577//
f 603// 371// 273//
f 273// 371// 376//
f 273// 376// 102//
f 102// 376// 382//
f 102// 382// 293//
f 293// 382// 406//
f 293// 406// 328//
f 328// 406// 405//
f 328// 405// 319//
f 319// 405// 404//
f 319// 404// 300//
f 300// 404// 472//
f 300// 472// 469//
f 469// 472// 474//
f 581// 587// 181//
f 181// 587// 456//
f 181// 456// 106//
f 106// 456// 622//
f 106// 622// 105//
f 622// 623// 105//
f 105// 623// 91//
f 105// 91// 451//
f 451// 91// 93//
f 451// 93// 456//
f 456// 93// 624//
f 456// 624// 622//
f 625// 626// 384//
f 384// 626// 627//
f 384// 627// 382//
f 382// 627// 628//
f 382// 628// 629//
f 629// 630// 382//
f 382// 630// 631//
f 382// 631// 632//
f 387// 633// 384//
f 384// 633// 634//
f 384// 634// 635//
f 632// 636// 382//
f 382// 636// 637//
f 382// 637// 406//
f 406// 637// 638//
f 406// 638// 387//
f 387// 638// 639//
f 387// 639// 633//
f 635// 640// 384//
f 384// 640// 641//
f 384// 641// 625//
f 619// 615// 617//
f 617// 615// 580//
f 617// 580// 642//
f 642// 580// 579//
f 642// 579// 621//
f 621// 579// 643//
f 621// 643// 603//
f 603// 643// 644//
f 603// 644// 371//
f 371// 644// 645//
f 371// 645// 378//
f 568// 646// 570//
f 570// 646// 647//
f 570// 647// 579//
f 579// 647// 648//
f 579// 648// 643//
f 643// 648// 649//
f 643// 649// 644//
f 644// 649// 650//
f 644// 650// 645//
f 450// 443// 445//
f 445// 443// 444//
f 445// 444// 451//
f 451// 444// 651//
f 451// 651// 105//
f 105// 651// 115//
f 105// 115// 107//
f 107// 115// 114//
f 441// 436// 442//
f 442// 436// 438//
f 442// 438// 652//
f 652// 438// 410//
f 652// 410// 653//
f 653// 410// 388//
f 653// 388// 654//
f 654// 388// 387//
f 654// 387// 655//
f 655// 387// 384//
f 655// 384// 656//
f 656// 384// 379//
f 656// 379// 657//
f 657// 379// 378//
f 657// 378// 658//
f 658// 378// 645//
f 658// 645// 557//
f 557// 645// 650//
f 557// 650// 555//
usemtl 1
f 659// 660// 661//
f 661// 660// 662//
f 663// 664// 665//
f 665// 664// 666//
f 667// 668// 669//
f 669// 668// 670//
f 671// 672// 673//
f 673// 672// 674//
f 675// 676// 677//
f 677// 678// 675//
f 675// 678// 679//
f 675// 679// 680//
f 680// 679// 681//
f 680// 681// 682//
f 683// 684// 685//
f 685// 684// 686//
f 685// 686// 687//
f 681// 688// 682//
f 682// 688// 689//
f 682// 689// 690//
f 690// 689// 691//
f 690// 691// 692//
f 691// 693// 692//
f 692// 693// 694//
f 692// 694// 683//
f 683// 694// 695//
f 683// 695// 684//
f 696// 697// 698//
f 698// 697// 699//
f 698// 699// 700//
f 701// 702// 703//
f 703// 702// 704//
f 703// 704// 676//
f 676// 704// 705//
f 676// 705// 677//
f 706// 707// 708//
f 708// 707// 709//
f 708// 709// 696//
f 696// 709// 710//
f 696// 710// 697//
f 686// 711// 687//
f 687// 711// 712//
f 687// 712// 713//
f 713// 712// 714//
f 713// 714// 715//
f 716// 717// 718//
f 718// 717// 719//
f 718// 719// 701//
f 701// 719// 720//
f 701// 720// 702//
f 714// 721// 715//
f 715// 721// 722//
f 715// 722// 706//
f 706// 722// 723//
f 706// 723// 707//
f 699// 724// 700//
f 700// 724// 725//
f 700// 725// 716//
f 716// 725// 726//
f 716// 726// 717//
f 727// 674// 672//
f 728// 666// 664//
f 662// 660// 729//
f 729// 660// 730//
f 670// 668// 731//
f 731// 668// 732//
f 727// 672// 730//
f 730// 672// 729//
f 729// 672// 733//
f 729// 733// 734//
f 734// 733// 731//
f 734// 731// 664//
f 664// 731// 732//
f 664// 732// 728//
usemtl 2
f 735// 725// 724//
f 735// 724// 736//
f 736// 724// 699//
f 736// 699// 737//
f 737// 699// 697//
f 737// 697// 738//
f 738// 697// 710//
f 738// 710// 739//
f 739// 710// 709//
f 739// 709// 740//
f 740// 709// 707//
f 740// 707// 741//
f 741// 707// 723//
f 741// 723// 742//
f 742// 723// 743//
f 743// 723// 722//
f 743// 722// 721//
f 743// 721// 744//
f 744// 721// 714//
f 744// 714// 745//
f 745// 714// 712//
f 745// 712// 746//
f 746// 712// 711//
f 746// 711// 747//
f 747// 711// 686//
f 747// 686// 748//
f 748// 686// 684//
f 748// 684// 749//
f 749// 684// 695//
f 749// 695// 750//
f 750// 695// 751//
f 751// 695// 694//
f 751// 694// 693//
f 751// 693// 752//
f 752// 693// 691//
f 752// 691// 753//
f 753// 691// 689//
f 753// 689// 754//
f 754// 689// 688//
f 754// 688// 755//
f 755// 688// 681//
f 755// 681// 756//
f 756// 681// 679//
f 756// 679// 757//
f 757// 679// 678//
f 757// 678// 758//
f 758// 678// 759//
f 759// 678// 677//
f 759// 677// 705//
f 759// 705// 760//
f 760// 705// 704//
f 760// 704// 761//
f 761// 704// 702//
f 761// 702// 762//
f 762// 702// 720//
f 762// 720// 763//
f 763// 720// 719//
f 763// 719// 764//
f 764// 719// 717//
f 764// 717// 765//
f 765// 717// 726//
f 765// 726// 766//
f 766// 726// 735//
f 735// 726// 725//
usemtl 1
f 673// 674// 767//
f 767// 674// 727//
f 767// 727// 768//
f 768// 727// 769//
f 769// 727// 730//
f 769// 730// 770//
f 770// 730// 771//
f 771// 730// 660//
f 771// 660// 659//
f 669// 670// 772//
f 772// 670// 731//
f 772// 731// 773//
f 773// 731// 774//
f 774// 731// 733//
f 774// 733// 775//
f 775// 733// 776//
f 776// 733// 672//
f 776// 672// 671//
f 665// 666// 777//
f 777// 666// 728//
f 777// 728// 778//
f 778// 728// 779//
f 779// 728// 732//
f 779// 732// 780//
f 780// 732// 781//
f 781// 732// 668//
f 781// 668// 667//
f 661// 662// 782//
f 782// 662// 729//
f 782// 729// 783//
f 783// 729// 784//
f 784// 729// 734//
f 784// 734// 785//
f 785// 734// 786//
f 786// 734// 664//
f 786// 664// 663//
usemtl 3
f 787// 788// 93//
f 93// 788// 624//
f 789// 787// 92//
f 92// 787// 93//
f 790// 789// 91//
f 91// 789// 92//
f 791// 790// 623//
f 623// 790// 91//
f 792// 791// 622//
f 622// 791// 623//
f 788// 792// 624//
f 624// 792// 622//
f 790// 791// 789//
f 789// 791// 792//
f 789// 792// 787//
f 787// 792// 788//
f 470// 793// 794//
f 468// 469// 795//
f 795// 469// 796//
f 469// 474// 796//
f 796// 474// 473//
f 796// 473// 794//
f 794// 473// 471//
f 794// 471// 470//
f 797// 793// 415//
f 415// 793// 470//
f 797// 415// 413//
f 797// 413// 798//
f 413// 429// 798//
f 798// 429// 428//
f 798// 428// 799//
f 799// 428// 432//
f 799// 432// 800//
f 800// 432// 431//
f 800// 431// 801//
f 801// 431// 430//
f 801// 430// 802//
f 802// 430// 435//
f 802// 435// 803//
f 803// 435// 434//
f 803// 434// 804//
f 804// 434// 433//
f 804// 433// 805//
f 805// 433// 427//
f 805// 427// 806//
f 806// 427// 426//
f 806// 426// 807//
f 807// 426// 425//
f 807// 425// 808//
f 808// 425// 424//
f 808// 424// 809//
f 809// 424// 423//
f 809// 423// 810//
f 810// 423// 422//
f 810// 422// 811//
f 811// 422// 421//
f 811// 421// 812//
f 812// 421// 420//
f 812// 420// 813//
f 813// 420// 419//
f 813// 419// 814//
f 814// 419// 418//
f 814// 418// 815//
f 815// 418// 412//
f 815// 412// 816//
f 414// 817// 818//
f 816// 412// 411//
f 816// 411// 819//
f 819// 411// 417//
f 819// 417// 818//
f 818// 417// 416//
f 818// 416// 414//
f 820// 817// 440//
f 440// 817// 414//
f 820// 440// 439//
f 820// 439// 821//
f 441// 822// 436//
f 436// 822// 821//
f 436// 821// 437//
f 437// 821// 439//
f 822// 441// 443//
f 822// 443// 823//
f 443// 450// 823//
f 823// 450// 449//
f 823// 449// 824//
f 824// 449// 448//
f 824// 448// 825//
f 825// 448// 447//
f 825// 447// 826//
f 826// 447// 446//
f 826// 446// 827//
f 827// 446// 453//
f 827// 453// 828//
f 453// 452// 828//
f 828// 452// 458//
f 828// 458// 829//
f 829// 458// 457//
f 829// 457// 830//
f 830// 457// 455//
f 830// 455// 831//
f 831// 455// 454//
f 831// 454// 832//
f 454// 464// 832//
f 832// 464// 463//
f 832// 463// 833//
f 833// 463// 462//
f 833// 462// 834//
f 468// 795// 835//
f 834// 462// 460//
f 834// 460// 836//
f 836// 460// 459//
f 836// 459// 837//
f 837// 459// 465//
f 837// 465// 835//
f 835// 465// 467//
f 835// 467// 468//
f 813// 814// 823//
f 809// 810// 827//
f 827// 810// 826//
f 823// 814// 822//
f 814// 815// 822//
f 822// 815// 816//
f 822// 816// 821//
f 821// 816// 819//
f 821// 819// 820//
f 820// 819// 818//
f 820// 818// 817//
f 793// 797// 794//
f 794// 797// 798//
f 794// 798// 796//
f 796// 798// 799//
f 796// 799// 795//
f 795// 799// 800//
f 795// 800// 835//
f 835// 800// 801//
f 835// 801// 837//
f 837// 801// 802//
f 837// 802// 836//
f 836// 802// 803//
f 836// 803// 834//
f 834// 803// 804//
f 834// 804// 833//
f 833// 804// 805//
f 833// 805// 832//
f 830// 808// 829//
f 829// 808// 809//
f 829// 809// 828//
f 828// 809// 827//
f 810// 811// 826//
f 826// 811// 812//
f 826// 812// 825//
f 825// 812// 813//
f 825// 813// 824//
f 824// 813// 823//
f 832// 805// 831//
f 831// 805// 806//
f 831// 806// 830//
f 830// 806// 807//
f 830// 807// 808//
f 838// 839// 396//
f 396// 839// 407//
f 392// 840// 394//
f 394// 840// 838//
f 394// 838// 396//
f 841// 840// 391//
f 391// 840// 392//
f 395// 842// 393//
f 393// 842// 841//
f 393// 841// 391//
f 843// 842// 397//
f 397// 842// 395//
f 401// 844// 399//
f 399// 844// 843//
f 399// 843// 397//
f 845// 844// 402//
f 402// 844// 401//
f 398// 846// 400//
f 400// 846// 845//
f 400// 845// 402//
f 847// 846// 389//
f 389// 846// 398//
f 409// 848// 390//
f 390// 848// 847//
f 390// 847// 389//
f 849// 848// 403//
f 403// 848// 409//
f 849// 403// 839//
f 839// 403// 408//
f 839// 408// 407//
f 849// 839// 838//
f 838// 840// 849//
f 849// 840// 841//
f 849// 841// 848//
f 846// 847// 845//
f 845// 847// 848//
f 845// 848// 844//
f 844// 848// 841//
f 844// 841// 843//
f 843// 841// 842//
f 850// 851// 852//
f 852// 851// 853//
f 852// 853// 854//
f 854// 853// 855//
f 854// 855// 856//
f 856// 855// 857//
f 856// 857// 858//
f 858// 857// 859//
f 858// 859// 860//
f 860// 859// 861//
f 860// 861// 862//
f 861// 863// 862//
f 862// 863// 864//
f 862// 864// 865//
f 865// 864// 866//
f 865// 866// 867//
f 867// 866// 868//
f 867// 868// 869//
f 869// 868// 870//
f 869// 870// 871//
f 871// 870// 872//
f 871// 872// 873//
f 873// 872// 874//
f 873// 874// 875//
f 875// 874// 876//
f 875// 876// 877//
f 877// 876// 878//
f 877// 878// 879//
f 879// 878// 880//
f 879// 880// 881//
f 881// 880// 882//
f 881// 882// 883//
f 883// 882// 884//
f 883// 884// 850//
f 850// 884// 885//
f 850// 885// 851//
f 856// 858// 637//
f 637// 858// 638//
f 856// 637// 636//
f 856// 636// 854//
f 854// 636// 632//
f 854// 632// 852//
f 852// 632// 631//
f 852// 631// 850//
f 850// 631// 630//
f 850// 630// 883//
f 883// 630// 629//
f 883// 629// 881//
f 881// 629// 628//
f 881// 628// 879//
f 879// 628// 627//
f 879// 627// 877//
f 877// 627// 626//
f 877// 626// 875//
f 875// 626// 625//
f 875// 625// 873//
f 873// 625// 641//
f 873// 641// 871//
f 871// 641// 640//
f 871// 640// 869//
f 869// 640// 635//
f 869// 635// 867//
f 867// 635// 634//
f 867// 634// 865//
f 865// 634// 633//
f 865// 633// 862//
f 860// 862// 639//
f 639// 862// 633//
f 858// 860// 638//
f 638// 860// 639//
f 863// 861// 886//
f 886// 861// 887//
f 861// 859// 887//
f 887// 859// 888//
f 859// 857// 888//
f 888// 857// 889//
f 885// 890// 891//
f 885// 891// 851//
f 851// 891// 892//
f 851// 892// 853//
f 853// 892// 893//
f 853// 893// 855//
f 855// 893// 889//
f 855// 889// 857//
f 878// 894// 895//
f 878// 895// 880//
f 880// 895// 896//
f 880// 896// 882//
f 882// 896// 897//
f 882// 897// 884//
f 884// 897// 890//
f 884// 890// 885//
f 870// 898// 899//
f 870// 899// 872//
f 872// 899// 900//
f 872// 900// 874//
f 874// 900// 901//
f 874// 901// 876//
f 876// 901// 894//
f 876// 894// 878//
f 863// 886// 902//
f 863// 902// 864//
f 864// 902// 903//
f 864// 903// 866//
f 866// 903// 904//
f 866// 904// 868//
f 868// 904// 898//
f 868// 898// 870//
usemtl 2
f 887// 888// 886//
f 886// 888// 889//
f 886// 889// 902//
f 902// 889// 893//
f 902// 893// 892//
f 892// 891// 902//
f 902// 891// 890//
f 902// 890// 897//
f 894// 898// 895//
f 895// 898// 904//
f 897// 896// 902//
f 902// 896// 895//
f 902// 895// 903//
f 903// 895// 904//
f 901// 900// 894//
f 894// 900// 899//
f 894// 899// 898//
usemtl 3
f 905// 906// 907//
f 907// 906// 908//
f 909// 910// 905//
f 905// 910// 911//
f 905// 911// 906//
f 906// 911// 912//
f 909// 913// 910//
f 910// 913// 914//
f 910// 914// 915//
f 915// 914// 916//
f 915// 916// 917//
f 917// 918// 915//
f 915// 918// 907//
f 915// 907// 919//
f 919// 907// 908//
f 919// 908// 920//
f 915// 919// 377//
f 377// 919// 372//
f 910// 915// 386//
f 386// 915// 377//
f 383// 911// 385//
f 385// 911// 910//
f 385// 910// 386//
f 912// 911// 381//
f 381// 911// 383//
f 906// 912// 380//
f 380// 912// 381//
f 374// 908// 375//
f 375// 908// 906//
f 375// 906// 380//
f 920// 908// 373//
f 373// 908// 374//
f 919// 920// 372//
f 372// 920// 373//
f 905// 907// 921//
f 921// 907// 922//
f 907// 918// 922//
f 922// 918// 923//
f 916// 924// 925//
f 916// 925// 917//
f 917// 925// 923//
f 917// 923// 918//
f 916// 914// 924//
f 924// 914// 926//
f 909// 927// 928//
f 909// 928// 913//
f 913// 928// 926//
f 913// 926// 914//
f 909// 905// 927//
f 927// 905// 921//
usemtl 2
f 924// 926// 925//
f 925// 926// 928//
f 925// 928// 923//
f 923// 928// 927//
f 923// 927// 922//
f 922// 927// 921//
usemtl 3
f 929// 930// 589//
f 589// 930// 590//
f 931// 929// 592//
f 592// 929// 589//
f 932// 931// 591//
f 591// 931// 592//
f 933// 932// 593//
f 593// 932// 591//
f 934// 933// 594//
f 594// 933// 593//
f 935// 934// 595//
f 595// 934// 594//
f 936// 935// 596//
f 596// 935// 595//
f 937// 936// 588//
f 588// 936// 596//
f 938// 937// 586//
f 586// 937// 588//
f 939// 938// 581//
f 581// 938// 586//
f 940// 939// 582//
f 582// 939// 581//
f 930// 940// 590//
f 590// 940// 582//
f 940// 930// 929//
f 929// 931// 940//
f 940// 931// 932//
f 940// 932// 939//
f 937// 938// 936//
f 936// 938// 939//
f 936// 939// 935//
f 935// 939// 932//
f 935// 932// 934//
f 934// 932// 933//
f 941// 942// 943//
f 943// 942// 944//
f 945// 946// 944//
f 944// 946// 947//
f 944// 947// 948//
f 949// 950// 951//
f 951// 950// 952//
f 948// 953// 944//
f 944// 953// 954//
f 944// 954// 943//
f 943// 954// 955//
f 943// 955// 949//
f 949// 955// 956//
f 949// 956// 950//
f 957// 958// 959//
f 959// 958// 960//
f 961// 945// 962//
f 962// 945// 944//
f 962// 944// 963//
f 963// 944// 964//
f 963// 964// 965//
f 965// 964// 966//
f 965// 966// 967//
f 967// 966// 968//
f 967// 968// 960//
f 960// 968// 969//
f 960// 969// 959//
f 970// 971// 972//
f 972// 971// 973//
f 972// 973// 974//
f 974// 973// 975//
f 974// 975// 976//
f 976// 975// 977//
f 976// 977// 957//
f 957// 977// 978//
f 957// 978// 958//
f 979// 980// 981//
f 981// 980// 982//
f 981// 982// 983//
f 983// 982// 984//
f 983// 984// 985//
f 985// 984// 986//
f 985// 986// 987//
f 987// 986// 988//
f 987// 988// 989//
f 989// 988// 990//
f 989// 990// 952//
f 952// 990// 991//
f 952// 991// 951//
f 962// 992// 961//
f 961// 992// 993//
f 961// 993// 994//
f 994// 993// 995//
f 994// 995// 996//
f 996// 995// 997//
f 996// 997// 998//
f 998// 997// 999//
f 998// 999// 1000//
f 1000// 999// 1001//
f 1000// 1001// 1002//
f 1002// 1001// 1003//
f 1002// 1003// 1004//
f 1004// 1003// 1005//
f 1004// 1005// 1006//
f 1006// 1005// 1007//
f 1006// 1007// 979//
f 979// 1007// 1008//
f 979// 1008// 980//
f 976// 516// 515//
f 976// 515// 974//
f 974// 515// 514//
f 974// 514// 972//
f 972// 514// 504//
f 972// 504// 970//
f 971// 970// 476//
f 476// 970// 504//
f 971// 476// 488//
f 971// 488// 973//
f 973// 488// 489//
f 973// 489// 975//
f 975// 489// 482//
f 975// 482// 977//
f 977// 482// 481//
f 977// 481// 978//
f 978// 481// 518//
f 978// 518// 958//
f 958// 518// 517//
f 958// 517// 960//
f 960// 517// 511//
f 960// 511// 967//
f 967// 511// 510//
f 967// 510// 965//
f 965// 510// 509//
f 965// 509// 963//
f 963// 509// 508//
f 963// 508// 962//
f 992// 962// 483//
f 483// 962// 508//
f 992// 483// 487//
f 992// 487// 993//
f 993// 487// 486//
f 993// 486// 995//
f 995// 486// 475//
f 995// 475// 997//
f 997// 475// 477//
f 997// 477// 999//
f 999// 477// 478//
f 999// 478// 1001//
f 1001// 478// 503//
f 1001// 503// 1003//
f 1003// 503// 502//
f 1003// 502// 1005//
f 1005// 502// 501//
f 1005// 501// 1007//
f 1007// 501// 500//
f 1007// 500// 1008//
f 1008// 500// 499//
f 1008// 499// 980//
f 521// 986// 491//
f 491// 986// 984//
f 491// 984// 493//
f 493// 984// 982//
f 493// 982// 494//
f 494// 982// 980//
f 494// 980// 499//
f 986// 521// 520//
f 986// 520// 988//
f 988// 520// 578//
f 988// 578// 990//
f 990// 578// 498//
f 990// 498// 991//
f 991// 498// 497//
f 991// 497// 951//
f 951// 497// 496//
f 951// 496// 949//
f 943// 949// 495//
f 495// 949// 496//
f 941// 943// 480//
f 480// 943// 495//
f 942// 941// 479//
f 479// 941// 480//
f 944// 942// 485//
f 485// 942// 479//
f 944// 485// 484//
f 944// 484// 964//
f 964// 484// 513//
f 964// 513// 966//
f 966// 513// 512//
f 966// 512// 968//
f 968// 512// 507//
f 968// 507// 969//
f 969// 507// 506//
f 969// 506// 959//
f 959// 506// 505//
f 959// 505// 957//
f 957// 505// 516//
f 957// 516// 976//
f 994// 1009// 1010//
f 994// 1010// 961//
f 961// 1010// 1011//
f 961// 1011// 945//
f 945// 1011// 1012//
f 945// 1012// 946//
f 1002// 1013// 1014//
f 1002// 1014// 1000//
f 1000// 1014// 1015//
f 1000// 1015// 998//
f 998// 1015// 1016//
f 998// 1016// 996//
f 996// 1016// 1009//
f 996// 1009// 994//
f 981// 1017// 1018//
f 981// 1018// 979//
f 979// 1018// 1019//
f 979// 1019// 1006//
f 1006// 1019// 1020//
f 1006// 1020// 1004//
f 1004// 1020// 1013//
f 1004// 1013// 1002//
f 987// 1021// 1022//
f 987// 1022// 985//
f 985// 1022// 1023//
f 985// 1023// 983//
f 983// 1023// 1017//
f 983// 1017// 981//
f 956// 1024// 1025//
f 956// 1025// 950//
f 950// 1025// 1026//
f 950// 1026// 952//
f 952// 1026// 1027//
f 952// 1027// 989//
f 989// 1027// 1021//
f 989// 1021// 987//
f 948// 1028// 1029//
f 948// 1029// 953//
f 953// 1029// 1030//
f 953// 1030// 954//
f 954// 1030// 1031//
f 954// 1031// 955//
f 955// 1031// 1024//
f 955// 1024// 956//
f 948// 947// 1028//
f 1028// 947// 1032//
f 947// 946// 1032//
f 1032// 946// 1012//
usemtl 2
f 1029// 1028// 1009//
f 1028// 1032// 1012//
f 1012// 1011// 1028//
f 1028// 1011// 1010//
f 1028// 1010// 1009//
f 1029// 1009// 1030//
f 1030// 1009// 1016//
f 1030// 1016// 1031//
f 1018// 1017// 1025//
f 1018// 1025// 1019//
f 1026// 1025// 1027//
f 1027// 1025// 1021//
f 1016// 1015// 1031//
f 1031// 1015// 1014//
f 1031// 1014// 1024//
f 1024// 1014// 1013//
f 1024// 1013// 1025//
f 1025// 1013// 1020//
f 1025// 1020// 1019//
f 1017// 1023// 1025//
f 1025// 1023// 1022//
f 1025// 1022// 1021//
usemtl 3
f 303// 1033// 1034//
f 1035// 357// 354//
f 1035// 354// 1036//
f 1036// 354// 305//
f 1036// 305// 1034//
f 1034// 305// 304//
f 1034// 304// 303//
f 1037// 1033// 314//
f 314// 1033// 303//
f 314// 312// 1037//
f 1037// 312// 1038//
f 535// 1039// 309//
f 309// 1039// 1038//
f 309// 1038// 310//
f 310// 1038// 312//
f 535// 98// 1039//
f 1039// 98// 1040//
f 98// 97// 1040//
f 1040// 97// 335//
f 1040// 335// 1041//
f 1041// 335// 334//
f 1041// 334// 1042//
f 1042// 334// 325//
f 1042// 325// 1043//
f 1043// 325// 324//
f 1043// 324// 1044//
f 1044// 324// 323//
f 1044// 323// 1045//
f 1045// 323// 333//
f 1045// 333// 1046//
f 1046// 333// 332//
f 1046// 332// 1047//
f 1047// 332// 331//
f 1047// 331// 1048//
f 1048// 331// 330//
f 1048// 330// 1049//
f 1049// 330// 350//
f 1049// 350// 1050//
f 1050// 350// 349//
f 1050// 349// 1051//
f 1051// 349// 347//
f 1051// 347// 1052//
f 1052// 347// 345//
f 1052// 345// 1053//
f 1053// 345// 344//
f 1053// 344// 1054//
f 1054// 344// 343//
f 1054// 343// 1055//
f 1055// 343// 342//
f 1055// 342// 1056//
f 1056// 342// 341//
f 1056// 341// 1057//
f 1057// 341// 338//
f 1057// 338// 1058//
f 1058// 338// 353//
f 1058// 353// 1059//
f 1059// 353// 352//
f 1059// 352// 1060//
f 1060// 352// 351//
f 1060// 351// 1061//
f 1061// 351// 340//
f 1061// 340// 1062//
f 1062// 340// 339//
f 1062// 339// 1063//
f 1063// 339// 337//
f 1063// 337// 1064//
f 1064// 337// 336//
f 1064// 336// 1065//
f 1065// 336// 346//
f 1065// 346// 1066//
f 1066// 346// 348//
f 1066// 348// 1067//
f 1067// 348// 316//
f 1067// 316// 1068//
f 1069// 1068// 315//
f 315// 1068// 316//
f 1069// 315// 329//
f 1069// 329// 1070//
f 1070// 329// 327//
f 1070// 327// 1071//
f 1071// 327// 326//
f 1071// 326// 1072//
f 1072// 326// 318//
f 1072// 318// 1073//
f 1073// 318// 317//
f 1073// 317// 1074//
f 317// 322// 1074//
f 1074// 322// 1075//
f 322// 321// 1075//
f 1075// 321// 320//
f 1075// 320// 1076//
f 1076// 320// 299//
f 1076// 299// 1077//
f 1077// 299// 298//
f 1077// 298// 1078//
f 1078// 298// 302//
f 1078// 302// 1079//
f 1079// 302// 301//
f 1079// 301// 1080//
f 1080// 301// 307//
f 1080// 307// 1081//
f 355// 1082// 1083//
f 1081// 307// 308//
f 1081// 308// 1084//
f 1084// 308// 306//
f 1084// 306// 1083//
f 1083// 306// 356//
f 1083// 356// 355//
f 1082// 355// 359//
f 1082// 359// 1085//
f 1085// 359// 370//
f 1085// 370// 1086//
f 1086// 370// 369//
f 1086// 369// 1087//
f 1087// 369// 368//
f 1087// 368// 1088//
f 1088// 368// 362//
f 1088// 362// 1089//
f 1089// 362// 361//
f 1089// 361// 1090//
f 1090// 361// 367//
f 1090// 367// 1091//
f 1091// 367// 366//
f 1091// 366// 1092//
f 1092// 366// 365//
f 1092// 365// 1093//
f 1093// 365// 364//
f 1093// 364// 1094//
f 1094// 364// 363//
f 1094// 363// 1095//
f 1095// 363// 360//
f 1095// 360// 1096//
f 1096// 360// 358//
f 1096// 358// 1097//
f 1097// 358// 357//
f 1097// 357// 1035//
f 1061// 1062// 1073//
f 1073// 1062// 1072//
f 1085// 1052// 1082//
f 1082// 1052// 1053//
f 1041// 1042// 1093//
f 1093// 1042// 1043//
f 1093// 1043// 1092//
f 1092// 1043// 1044//
f 1092// 1044// 1091//
f 1091// 1044// 1045//
f 1091// 1045// 1090//
f 1090// 1045// 1046//
f 1090// 1046// 1089//
f 1089// 1046// 1047//
f 1089// 1047// 1088//
f 1088// 1047// 1048//
f 1088// 1048// 1087//
f 1087// 1048// 1049//
f 1087// 1049// 1086//
f 1086// 1049// 1050//
f 1086// 1050// 1085//
f 1085// 1050// 1051//
f 1085// 1051// 1052//
f 1039// 1035// 1038//
f 1038// 1035// 1036//
f 1038// 1036// 1037//
f 1037// 1036// 1034//
f 1037// 1034// 1033//
f 1062// 1063// 1072//
f 1072// 1063// 1064//
f 1072// 1064// 1071//
f 1071// 1064// 1065//
f 1071// 1065// 1070//
f 1070// 1065// 1066//
f 1070// 1066// 1069//
f 1069// 1066// 1067//
f 1069// 1067// 1068//
f 1093// 1094// 1041//
f 1041// 1094// 1095//
f 1041// 1095// 1040//
f 1040// 1095// 1096//
f 1040// 1096// 1039//
f 1039// 1096// 1097//
f 1039// 1097// 1035//
f 1073// 1074// 1061//
f 1061// 1074// 1075//
f 1061// 1075// 1060//
f 1060// 1075// 1076//
f 1060// 1076// 1059//
f 1059// 1076// 1077//
f 1059// 1077// 1058//
f 1058// 1077// 1078//
f 1058// 1078// 1057//
f 1057// 1078// 1079//
f 1057// 1079// 1056//
f 1056// 1079// 1080//
f 1056// 1080// 1055//
f 1055// 1080// 1081//
f 1055// 1081// 1054//
f 1054// 1081// 1084//
f 1054// 1084// 1053//
f 1053// 1084// 1083//
f 1053// 1083// 1082//
f 1098// 1099// 294//
f 294// 1099// 292//
f 1100// 1098// 296//
f 296// 1098// 294//
f 1100// 296// 297//
f 1100// 297// 1101//
f 1101// 297// 291//
f 1101// 291// 1102//
f 1103// 1102// 290//
f 290// 1102// 291//
f 1104// 1103// 289//
f 289// 1103// 290//
f 1104// 289// 1105//
f 1105// 289// 295//
f 1105// 295// 525//
f 1106// 1105// 524//
f 524// 1105// 525//
f 1106// 524// 1107//
f 1107// 524// 523//
f 1107// 523// 526//
f 528// 1108// 527//
f 527// 1108// 1107//
f 527// 1107// 526//
f 528// 534// 1108//
f 1108// 534// 1109//
f 534// 533// 1109//
f 1109// 533// 532//
f 1109// 532// 1110//
f 1110// 532// 545//
f 1110// 545// 1111//
f 1111// 545// 544//
f 1111// 544// 1112//
f 1112// 544// 538//
f 1112// 538// 1113//
f 1113// 538// 537//
f 1113// 537// 1114//
f 1114// 537// 531//
f 1114// 531// 1115//
f 1116// 1115// 530//
f 530// 1115// 531//
f 1116// 530// 543//
f 1116// 543// 1117//
f 1117// 543// 542//
f 1117// 542// 1118//
f 1118// 542// 540//
f 1118// 540// 1119//
f 1119// 540// 539//
f 1119// 539// 1120//
f 539// 552// 1120//
f 1120// 552// 551//
f 1120// 551// 1121//
f 1121// 551// 550//
f 1121// 550// 1122//
f 1122// 550// 547//
f 1122// 547// 1123//
f 1123// 547// 546//
f 1123// 546// 1124//
f 292// 1099// 549//
f 549// 1099// 1124//
f 549// 1124// 546//
f 1101// 1102// 1124//
f 1099// 1098// 1124//
f 1124// 1098// 1100//
f 1124// 1100// 1101//
f 1105// 1106// 1104//
f 1104// 1106// 1107//
f 1104// 1107// 1103//
f 1115// 1116// 1114//
f 1114// 1116// 1117//
f 1114// 1117// 1113//
f 1113// 1117// 1118//
f 1113// 1118// 1112//
f 1112// 1118// 1119//
f 1112// 1119// 1111//
f 1111// 1119// 1120//
f 1111// 1120// 1110//
f 1102// 1103// 1124//
f 1124// 1103// 1107//
f 1124// 1107// 1123//
f 1107// 1108// 1123//
f 1123// 1108// 1109//
f 1123// 1109// 1122//
f 1122// 1109// 1110//
f 1122// 1110// 1121//
f 1121// 1110// 1120//
f 1125// 1126// 270//
f 270// 1126// 271//
f 1125// 270// 1127//
f 1127// 270// 279//
f 1127// 279// 277//
f 1128// 1127// 276//
f 276// 1127// 277//
f 1128// 276// 1129//
f 1129// 276// 278//
f 1129// 278// 280//
f 1130// 1129// 281//
f 281// 1129// 280//
f 283// 1131// 285//
f 285// 1131// 1130//
f 285// 1130// 281//
f 1132// 1131// 282//
f 282// 1131// 283//
f 275// 1133// 284//
f 284// 1133// 1132//
f 284// 1132// 282//
f 1134// 1133// 274//
f 274// 1133// 275//
f 100// 1135// 101//
f 101// 1135// 1134//
f 101// 1134// 274//
f 1136// 1135// 288//
f 288// 1135// 100//
f 1136// 288// 1126//
f 1126// 288// 287//
f 1126// 287// 271//
f 1136// 1126// 1125//
f 1125// 1127// 1136//
f 1136// 1127// 1128//
f 1136// 1128// 1135//
f 1133// 1134// 1132//
f 1132// 1134// 1135//
f 1132// 1135// 1131//
f 1131// 1135// 1128//
f 1131// 1128// 1130//
f 1130// 1128// 1129//
f 1137// 1138// 1139//
f 1139// 1138// 1140//
f 1139// 1140// 1141//
f 1141// 1140// 1142//
f 1141// 1142// 1143//
f 1143// 1142// 1144//
f 1143// 1144// 1145//
f 1145// 1144// 1146//
f 1145// 1146// 1147//
f 1147// 1146// 1148//
f 1147// 1148// 1149//
f 1148// 1150// 1149//
f 1149// 1150// 1151//
f 1149// 1151// 1152//
f 1152// 1151// 1153//
f 1152// 1153// 1154//
f 1154// 1153// 1155//
f 1154// 1155// 1156//
f 1156// 1155// 1157//
f 1156// 1157// 1158//
f 1158// 1157// 1159//
f 1158// 1159// 1160//
f 1160// 1159// 1161//
f 1160// 1161// 1162//
f 1162// 1161// 1163//
f 1162// 1163// 1164//
f 1164// 1163// 1165//
f 1164// 1165// 1166//
f 1166// 1165// 1167//
f 1166// 1167// 1168//
f 1168// 1167// 1169//
f 1168// 1169// 1170//
f 1170// 1169// 1171//
f 1170// 1171// 1137//
f 1137// 1171// 1172//
f 1137// 1172// 1138//
f 1143// 1145// 608//
f 608// 1145// 597//
f 1143// 608// 607//
f 1143// 607// 1141//
f 1141// 607// 606//
f 1141// 606// 1139//
f 1139// 606// 600//
f 1139// 600// 1137//
f 1137// 600// 599//
f 1137// 599// 1170//
f 1170// 599// 598//
f 1170// 598// 1168//
f 1168// 598// 605//
f 1168// 605// 1166//
f 1166// 605// 604//
f 1166// 604// 1164//
f 1164// 604// 602//
f 1164// 602// 1162//
f 1162// 602// 601//
f 1162// 601// 1160//
f 1160// 601// 614//
f 1160// 614// 1158//
f 1158// 614// 613//
f 1158// 613// 1156//
f 1156// 613// 612//
f 1156// 612// 1154//
f 1154// 612// 611//
f 1154// 611// 1152//
f 1152// 611// 610//
f 1152// 610// 1149//
f 1147// 1149// 609//
f 609// 1149// 610//
f 1145// 1147// 597//
f 597// 1147// 609//
f 1150// 1148// 1173//
f 1173// 1148// 1174//
f 1148// 1146// 1174//
f 1174// 1146// 1175//
f 1146// 1144// 1175//
f 1175// 1144// 1176//
f 1172// 1177// 1178//
f 1172// 1178// 1138//
f 1138// 1178// 1179//
f 1138// 1179// 1140//
f 1140// 1179// 1180//
f 1140// 1180// 1142//
f 1142// 1180// 1176//
f 1142// 1176// 1144//
f 1165// 1181// 1182//
f 1165// 1182// 1167//
f 1167// 1182// 1183//
f 1167// 1183// 1169//
f 1169// 1183// 1184//
f 1169// 1184// 1171//
f 1171// 1184// 1177//
f 1171// 1177// 1172//
f 1157// 1185// 1186//
f 1157// 1186// 1159//
f 1159// 1186// 1187//
f 1159// 1187// 1161//
f 1161// 1187// 1188//
f 1161// 1188// 1163//
f 1163// 1188// 1181//
f 1163// 1181// 1165//
f 1150// 1173// 1189//
f 1150// 1189// 1151//
f 1151// 1189// 1190//
f 1151// 1190// 1153//
f 1153// 1190// 1191//
f 1153// 1191// 1155//
f 1155// 1191// 1185//
f 1155// 1185// 1157//
usemtl 2
f 1174// 1175// 1173//
f 1173// 1175// 1176//
f 1173// 1176// 1189//
f 1189// 1176// 1180//
f 1189// 1180// 1179//
f 1179// 1178// 1189//
f 1189// 1178// 1177//
f 1189// 1177// 1184//
f 1181// 1185// 1182//
f 1182// 1185// 1191//
f 1184// 1183// 1189//
f 1189// 1183// 1182//
f 1189// 1182// 1190//
f 1190// 1182// 1191//
f 1188// 1187// 1181//
f 1181// 1187// 1186//
f 1181// 1186// 1185//
usemtl 3
f 1192// 1193// 1194//
f 1194// 1193// 1195//
f 1196// 1197// 1192//
f 1192// 1197// 1198//
f 1192// 1198// 1193//
f 1193// 1198// 1199//
f 1196// 1200// 1197//
f 1197// 1200// 1201//
f 1197// 1201// 1202//
f 1202// 1201// 1203//
f 1202// 1203// 1204//
f 1204// 1205// 1202//
f 1202// 1205// 1194//
f 1202// 1194// 1206//
f 1206// 1194// 1195//
f 1206// 1195// 1207//
f 1202// 1206// 621//
f 621// 1206// 642//
f 1197// 1202// 620//
f 620// 1202// 621//
f 1198// 1197// 616//
f 616// 1197// 620//
f 1199// 1198// 615//
f 615// 1198// 616//
f 1193// 1199// 619//
f 619// 1199// 615//
f 1195// 1193// 618//
f 618// 1193// 619//
f 1207// 1195// 617//
f 617// 1195// 618//
f 1206// 1207// 642//
f 642// 1207// 617//
f 1192// 1194// 1208//
f 1208// 1194// 1209//
f 1194// 1205// 1209//
f 1209// 1205// 1210//
f 1203// 1211// 1212//
f 1203// 1212// 1204//
f 1204// 1212// 1210//
f 1204// 1210// 1205//
f 1203// 1201// 1211//
f 1211// 1201// 1213//
f 1196// 1214// 1215//
f 1196// 1215// 1200//
f 1200// 1215// 1213//
f 1200// 1213// 1201//
f 1196// 1192// 1214//
f 1214// 1192// 1208//
usemtl 2
f 1211// 1213// 1212//
f 1212// 1213// 1215//
f 1212// 1215// 1210//
f 1210// 1215// 1214//
f 1210// 1214// 1209//
f 1209// 1214// 1208//
usemtl 3
f 1216// 1217// 1218//
f 1219// 1220// 1221//
f 1222// 1223// 1224//
f 1225// 1226// 1227//
f 1227// 1226// 1228//
f 1229// 1230// 1218//
f 1218// 1230// 1231//
f 1218// 1231// 1216//
f 1221// 1220// 1232//
f 1233// 1234// 1235//
f 1236// 1237// 1226//
f 1226// 1237// 1238//
f 1226// 1238// 1228//
f 1228// 1238// 1239//
f 1240// 1241// 1242//
f 1242// 1241// 1243//
f 1242// 1243// 1244//
f 1244// 1243// 1245//
f 1244// 1245// 1246//
f 1246// 1245// 1247//
f 1246// 1247// 1248//
f 1248// 1247// 1218//
f 1248// 1218// 1249//
f 1250// 1251// 1240//
f 1240// 1251// 1252//
f 1240// 1252// 1241//
f 1225// 1227// 1235//
f 1235// 1227// 1253//
f 1235// 1253// 1233//
f 1254// 1217// 1255//
f 1255// 1217// 1256//
f 1255// 1256// 1257//
f 1258// 1259// 1260//
f 1260// 1259// 1261//
f 1260// 1261// 1262//
f 1262// 1261// 1263//
f 1262// 1263// 1264//
f 1264// 1263// 1265//
f 1222// 1224// 1266//
f 1266// 1224// 1267//
f 1266// 1267// 1268//
f 1268// 1267// 1269//
f 1268// 1269// 1270//
f 1220// 1271// 1232//
f 1232// 1271// 1272//
f 1232// 1272// 1273//
f 1273// 1272// 1274//
f 1273// 1274// 1222//
f 1222// 1274// 1275//
f 1222// 1275// 1223//
f 1239// 1238// 1240//
f 1240// 1238// 1276//
f 1240// 1276// 1250//
f 1277// 1278// 1279//
f 1279// 1278// 1280//
f 1279// 1280// 1281//
f 1281// 1280// 1282//
f 1281// 1282// 1283//
f 1283// 1282// 1284//
f 1283// 1284// 1285//
f 1285// 1284// 1286//
f 1285// 1286// 1287//
f 1254// 1288// 1217//
f 1217// 1288// 1289//
f 1217// 1289// 1218//
f 1218// 1289// 1290//
f 1218// 1290// 1249//
f 1263// 1291// 1265//
f 1265// 1291// 1292//
f 1265// 1292// 1293//
f 1293// 1292// 1294//
f 1293// 1294// 1295//
f 1295// 1294// 1296//
f 1295// 1296// 1297//
f 1297// 1296// 1298//
f 1297// 1298// 1299//
f 1299// 1298// 1300//
f 1299// 1300// 1301//
f 1301// 1300// 1302//
f 1301// 1302// 1277//
f 1277// 1302// 1303//
f 1277// 1303// 1278//
f 1304// 1305// 1306//
f 1306// 1305// 1307//
f 1306// 1307// 1260//
f 1260// 1307// 1308//
f 1260// 1308// 1258//
f 1309// 1310// 1311//
f 1311// 1310// 1312//
f 1311// 1312// 1313//
f 1313// 1312// 1314//
f 1313// 1314// 1315//
f 1315// 1314// 1316//
f 1315// 1316// 1317//
f 1317// 1316// 1318//
f 1317// 1318// 1229//
f 1229// 1318// 1319//
f 1229// 1319// 1230//
f 1270// 1269// 1320//
f 1320// 1269// 1321//
f 1320// 1321// 1322//
f 1322// 1321// 1323//
f 1322// 1323// 1324//
f 1324// 1323// 1325//
f 1324// 1325// 1326//
f 1326// 1325// 1327//
f 1326// 1327// 1304//
f 1304// 1327// 1328//
f 1304// 1328// 1305//
f 1221// 1329// 1219//
f 1219// 1329// 1330//
f 1219// 1330// 1331//
f 1331// 1330// 1332//
f 1331// 1332// 1333//
f 1333// 1332// 1334//
f 1333// 1334// 1309//
f 1309// 1334// 1335//
f 1309// 1335// 1310//
f 1234// 1336// 1235//
f 1235// 1336// 1337//
f 1235// 1337// 1338//
f 1338// 1337// 1339//
f 1338// 1339// 1340//
f 1340// 1339// 1341//
f 1340// 1341// 1342//
f 1342// 1341// 1343//
f 1342// 1343// 1344//
f 1344// 1343// 1345//
f 1344// 1345// 1346//
f 1346// 1345// 1347//
f 1346// 1347// 1348//
f 1348// 1347// 1349//
f 1348// 1349// 1350//
f 1350// 1349// 1257//
f 1350// 1257// 1351//
f 1351// 1257// 1256//
f 1352// 1353// 1354//
f 1286// 1355// 1287//
f 1287// 1355// 1352//
f 1287// 1352// 1356//
f 1356// 1352// 1354//
f 1357// 1358// 1352//
f 1352// 1358// 1359//
f 1352// 1359// 1353//
f 1360// 1361// 1362//
f 1361// 1363// 1362//
f 1362// 1363// 1364//
f 1362// 1364// 1365//
f 1357// 1352// 1362//
f 1362// 1352// 1366//
f 1362// 1366// 1360//
f 1297// 180// 179//
f 1297// 179// 1295//
f 1295// 179// 269//
f 1295// 269// 1293//
f 269// 268// 1293//
f 1293// 268// 267//
f 1293// 267// 1265//
f 267// 104// 1265//
f 1265// 104// 103//
f 1265// 103// 1264//
f 1264// 103// 112//
f 1264// 112// 1262//
f 1262// 112// 111//
f 1262// 111// 1260//
f 1260// 111// 110//
f 1260// 110// 1306//
f 1306// 110// 109//
f 1306// 109// 1304//
f 1304// 109// 1326//
f 1326// 109// 108//
f 108// 107// 1326//
f 1326// 107// 114//
f 1326// 114// 1324//
f 1324// 114// 113//
f 1324// 113// 1322//
f 128// 1268// 126//
f 126// 1268// 1270//
f 126// 1270// 119//
f 119// 1270// 1320//
f 119// 1320// 116//
f 116// 1320// 1322//
f 116// 1322// 113//
f 1268// 128// 131//
f 1268// 131// 1266//
f 1266// 131// 133//
f 1266// 133// 1222//
f 1222// 133// 132//
f 1222// 132// 1273//
f 1273// 132// 130//
f 1273// 130// 1232//
f 1232// 130// 129//
f 1232// 129// 1221//
f 1221// 129// 136//
f 1221// 136// 1329//
f 1329// 136// 135//
f 1329// 135// 1330//
f 1330// 135// 134//
f 1330// 134// 1332//
f 151// 1312// 1310//
f 1332// 134// 142//
f 141// 1335// 142//
f 142// 1335// 1334//
f 142// 1334// 1332//
f 141// 140// 1335//
f 1335// 140// 139//
f 1335// 139// 1310//
f 1310// 139// 152//
f 1310// 152// 151//
f 1312// 151// 150//
f 1312// 150// 1314//
f 1314// 150// 146//
f 1314// 146// 1316//
f 1316// 146// 144//
f 1316// 144// 1318//
f 1318// 144// 143//
f 1318// 143// 1319//
f 1319// 143// 147//
f 1319// 147// 1230//
f 1230// 147// 149//
f 1230// 149// 1231//
f 1231// 149// 148//
f 1231// 148// 1216//
f 148// 157// 1216//
f 1216// 157// 156//
f 1216// 156// 1217//
f 1217// 156// 155//
f 1217// 155// 1256//
f 1256// 155// 154//
f 1256// 154// 1351//
f 154// 164// 1351//
f 1351// 164// 163//
f 1351// 163// 1350//
f 1350// 163// 162//
f 1350// 162// 1348//
f 229// 1225// 1235//
f 1348// 162// 161//
f 1348// 161// 1346//
f 1346// 161// 160//
f 1346// 160// 1344//
f 160// 178// 1344//
f 1344// 178// 177//
f 1344// 177// 1342//
f 1342// 177// 176//
f 1342// 176// 1340//
f 1340// 176// 175//
f 1340// 175// 1338//
f 1338// 175// 174//
f 1338// 174// 1235//
f 1235// 174// 228//
f 1235// 228// 229//
f 1226// 1225// 215//
f 215// 1225// 229//
f 1236// 1226// 184//
f 184// 1226// 215//
f 1237// 1236// 188//
f 188// 1236// 184//
f 1238// 1237// 187//
f 187// 1237// 188//
f 1238// 187// 189//
f 1238// 189// 1276//
f 1276// 189// 190//
f 1276// 190// 1250//
f 1250// 190// 212//
f 1250// 212// 1251//
f 1251// 212// 211//
f 1251// 211// 1252//
f 1252// 211// 210//
f 1252// 210// 1241//
f 1241// 210// 206//
f 1241// 206// 1243//
f 1243// 206// 207//
f 1243// 207// 1245//
f 1245// 207// 203//
f 1245// 203// 1247//
f 1247// 203// 205//
f 1247// 205// 1218//
f 1218// 205// 204//
f 1218// 204// 1229//
f 1229// 204// 202//
f 1229// 202// 1317//
f 1317// 202// 201//
f 1317// 201// 1315//
f 1315// 201// 209//
f 1315// 209// 1313//
f 1313// 209// 208//
f 1313// 208// 1311//
f 208// 196// 1311//
f 1311// 196// 1309//
f 196// 240// 1309//
f 1309// 240// 239//
f 1309// 239// 1333//
f 1333// 239// 252//
f 1333// 252// 1331//
f 252// 266// 1331//
f 1331// 266// 265//
f 1331// 265// 1219//
f 1219// 265// 264//
f 1219// 264// 1220//
f 1220// 264// 258//
f 1220// 258// 1271//
f 1271// 258// 257//
f 1271// 257// 1272//
f 1272// 257// 256//
f 1272// 256// 1274//
f 1274// 256// 253//
f 1274// 253// 1275//
f 1275// 253// 248//
f 1275// 248// 1223//
f 1223// 248// 251//
f 1223// 251// 1224//
f 1224// 251// 259//
f 1224// 259// 1267//
f 1267// 259// 261//
f 1267// 261// 1269//
f 1269// 261// 263//
f 1269// 263// 1321//
f 1321// 263// 262//
f 1321// 262// 1323//
f 238// 1258// 254//
f 254// 1258// 1308//
f 254// 1308// 255//
f 255// 1308// 1307//
f 255// 1307// 246//
f 246// 1307// 1305//
f 246// 1305// 247//
f 247// 1305// 1328//
f 247// 1328// 249//
f 249// 1328// 1327//
f 249// 1327// 250//
f 250// 1327// 1325//
f 250// 1325// 260//
f 260// 1325// 1323//
f 260// 1323// 262//
f 1259// 1258// 241//
f 241// 1258// 238//
f 1259// 241// 245//
f 1259// 245// 1261//
f 1261// 245// 244//
f 1261// 244// 1263//
f 1263// 244// 243//
f 1263// 243// 1291//
f 1291// 243// 242//
f 1291// 242// 1292//
f 1292// 242// 195//
f 1292// 195// 1294//
f 195// 194// 1294//
f 1294// 194// 193//
f 1294// 193// 1296//
f 1296// 193// 221//
f 1296// 221// 1298//
f 1298// 221// 220//
f 1298// 220// 1300//
f 1300// 220// 219//
f 1300// 219// 1302//
f 1302// 219// 218//
f 1302// 218// 1303//
f 1303// 218// 237//
f 1303// 237// 1278//
f 1278// 237// 236//
f 1278// 236// 1280//
f 1280// 236// 235//
f 1280// 235// 1282//
f 1282// 235// 234//
f 1282// 234// 1284//
f 1286// 1284// 233//
f 233// 1284// 234//
f 1286// 233// 200//
f 1286// 200// 1355//
f 1355// 200// 199//
f 1355// 199// 1352//
f 1352// 199// 198//
f 1352// 198// 1366//
f 1366// 198// 183//
f 1366// 183// 1360//
f 1360// 183// 182//
f 1360// 182// 1361//
f 1361// 182// 191//
f 1361// 191// 1363//
f 1363// 191// 217//
f 1363// 217// 1364//
f 1364// 217// 216//
f 1364// 216// 1365//
f 1365// 216// 214//
f 1365// 214// 1362//
f 1362// 214// 213//
f 1362// 213// 1357//
f 1357// 213// 227//
f 1357// 227// 1358//
f 1358// 227// 226//
f 1358// 226// 1359//
f 1359// 226// 225//
f 1359// 225// 1353//
f 1353// 225// 224//
f 1353// 224// 1354//
f 1354// 224// 223//
f 1354// 223// 1356//
f 1356// 223// 222//
f 1356// 222// 1287//
f 1287// 222// 232//
f 1287// 232// 1285//
f 1283// 1285// 231//
f 231// 1285// 232//
f 1283// 231// 230//
f 1283// 230// 1281//
f 1281// 230// 186//
f 1281// 186// 1279//
f 1279// 186// 185//
f 1279// 185// 1277//
f 1277// 185// 192//
f 1277// 192// 1301//
f 1301// 192// 197//
f 1301// 197// 1299//
f 1299// 197// 180//
f 1299// 180// 1297//
f 1239// 1367// 1368//
f 1239// 1368// 1228//
f 1228// 1368// 1369//
f 1228// 1369// 1227//
f 1227// 1369// 1370//
f 1227// 1370// 1253//
f 1253// 1370// 1371//
f 1253// 1371// 1233//
f 1233// 1371// 1372//
f 1233// 1372// 1234//
f 1234// 1372// 1373//
f 1234// 1373// 1336//
f 1336// 1373// 1374//
f 1336// 1374// 1337//
f 1337// 1374// 1375//
f 1337// 1375// 1339//
f 1339// 1375// 1376//
f 1339// 1376// 1341//
f 1341// 1376// 1377//
f 1341// 1377// 1343//
f 1343// 1377// 1378//
f 1343// 1378// 1345//
f 1345// 1378// 1379//
f 1345// 1379// 1347//
f 1347// 1379// 1380//
f 1347// 1380// 1349//
f 1349// 1380// 1381//
f 1349// 1381// 1257//
f 1257// 1381// 1382//
f 1257// 1382// 1255//
f 1255// 1382// 1383//
f 1255// 1383// 1254//
f 1254// 1383// 1384//
f 1254// 1384// 1288//
f 1288// 1384// 1385//
f 1288// 1385// 1289//
f 1289// 1385// 1386//
f 1289// 1386// 1290//
f 1290// 1386// 1387//
f 1290// 1387// 1249//
f 1249// 1387// 1388//
f 1249// 1388// 1248//
f 1248// 1388// 1389//
f 1248// 1389// 1246//
f 1246// 1389// 1390//
f 1246// 1390// 1244//
f 1244// 1390// 1391//
f 1244// 1391// 1242//
f 1242// 1391// 1392//
f 1242// 1392// 1240//
f 1240// 1392// 1367//
f 1240// 1367// 1239//
usemtl 2
f 1379// 1368// 1380//
f 1380// 1368// 1367//
f 1380// 1367// 1392//
f 1392// 1391// 1380//
f 1380// 1391// 1390//
f 1380// 1390// 1389//
f 1377// 1371// 1370//
f 1385// 1384// 1389//
f 1389// 1384// 1383//
f 1379// 1378// 1368//
f 1368// 1378// 1377//
f 1368// 1377// 1369//
f 1369// 1377// 1370//
f 1383// 1382// 1389//
f 1389// 1382// 1381//
f 1389// 1381// 1380//
f 1388// 1387// 1389//
f 1389// 1387// 1386//
f 1389// 1386// 1385//
f 1375// 1374// 1376//
f 1376// 1374// 1373//
f 1376// 1373// 1377//
f 1377// 1373// 1372//
f 1377// 1372// 1371//
usemtl 1
f 1393// 1394// 1395//
f 665// 777// 1396//
f 1396// 777// 1397//
f 1396// 1397// 1398//
f 1399// 1400// 1401//
f 1401// 1400// 1402//
f 1401// 1402// 1397//
f 1397// 1402// 1403//
f 1397// 1403// 1398//
f 1404// 1405// 1406//
f 1406// 1405// 1407//
f 1406// 1407// 1401//
f 1401// 1407// 1408//
f 1401// 1408// 1399//
f 1404// 1406// 1409//
f 1409// 1406// 1410//
f 1409// 1410// 1411//
f 1412// 1413// 1414//
f 1414// 1413// 1415//
f 1414// 1415// 1410//
f 1410// 1415// 1416//
f 1410// 1416// 1411//
f 703// 676// 1417//
f 1417// 676// 1418//
f 1418// 1419// 1417//
f 1417// 1419// 1420//
f 1417// 1420// 1414//
f 1414// 1420// 1421//
f 1414// 1421// 1412//
f 716// 718// 1422//
f 1422// 718// 1423//
f 1424// 1425// 1426//
f 1426// 1425// 1427//
f 1426// 1427// 1423//
f 1423// 1427// 1428//
f 1423// 1428// 1422//
f 1424// 1426// 1429//
f 1429// 1426// 1430//
f 1429// 1430// 1431//
f 1431// 1430// 1432//
f 1432// 1430// 1433//
f 1432// 1433// 1434//
f 1434// 1433// 1435//
f 1435// 1433// 1436//
f 1435// 1436// 1437//
f 1394// 1438// 1395//
f 1395// 1438// 1439//
f 1395// 1439// 1436//
f 1436// 1439// 1440//
f 1436// 1440// 1437//
f 667// 1393// 781//
f 781// 1393// 1395//
f 781// 1395// 780//
f 780// 1395// 779//
f 777// 778// 1397//
f 1397// 778// 1441//
f 1397// 1441// 1401//
f 1401// 1441// 1442//
f 1401// 1442// 1406//
f 1406// 1442// 1443//
f 1406// 1443// 1410//
f 1410// 1443// 1444//
f 1410// 1444// 1414//
f 1414// 1444// 1445//
f 1414// 1445// 1417//
f 1417// 1445// 1446//
f 1417// 1446// 703//
f 703// 1446// 701//
f 778// 779// 1441//
f 1441// 779// 1395//
f 1441// 1395// 1442//
f 1442// 1395// 1436//
f 1442// 1436// 1443//
f 1443// 1436// 1433//
f 1443// 1433// 1444//
f 1444// 1433// 1430//
f 1444// 1430// 1445//
f 1445// 1430// 1426//
f 1445// 1426// 1446//
f 1446// 1426// 1423//
f 1446// 1423// 701//
f 701// 1423// 718//
f 665// 1396// 663//
f 663// 1396// 1398//
f 663// 1398// 1447//
f 1447// 1398// 1403//
f 1447// 1403// 1448//
f 1448// 1403// 1402//
f 1408// 1449// 1399//
f 1399// 1449// 1450//
f 1402// 1400// 1448//
f 1448// 1400// 1399//
f 1448// 1399// 1451//
f 1451// 1399// 1450//
f 1408// 1407// 1449//
f 1449// 1407// 1405//
f 1449// 1405// 1452//
f 1452// 1405// 1404//
f 1453// 1454// 1404//
f 1404// 1454// 1455//
f 1404// 1455// 1452//
f 1404// 1409// 1453//
f 1453// 1409// 1411//
f 1453// 1411// 1456//
f 1456// 1411// 1416//
f 1456// 1416// 1457//
f 1457// 1416// 1458//
f 1458// 1416// 1459//
f 1459// 1416// 1415//
f 1459// 1415// 1413//
f 1420// 675// 1421//
f 1421// 675// 1460//
f 1413// 1412// 1459//
f 1459// 1412// 1421//
f 1459// 1421// 1461//
f 1461// 1421// 1460//
f 1420// 1419// 675//
f 675// 1419// 1418//
f 675// 1418// 676//
f 700// 716// 1462//
f 1462// 716// 1422//
f 1462// 1422// 1463//
f 1463// 1422// 1464//
f 1427// 1465// 1464//
f 1464// 1465// 1466//
f 1464// 1466// 1463//
f 1425// 1467// 1427//
f 1427// 1467// 1468//
f 1427// 1468// 1465//
f 1469// 1470// 1429//
f 1429// 1470// 1467//
f 1429// 1467// 1471//
f 1471// 1467// 1425//
f 1472// 1473// 1469//
f 1469// 1473// 1474//
f 1469// 1474// 1470//
f 1475// 1476// 1477//
f 1472// 1469// 1478//
f 1478// 1469// 1432//
f 1478// 1432// 1479//
f 1479// 1432// 1480//
f 1479// 1480// 1481//
f 1481// 1480// 1435//
f 1481// 1435// 1477//
f 1477// 1435// 1437//
f 1477// 1437// 1475//
f 1439// 1482// 1475//
f 1475// 1482// 1483//
f 1475// 1483// 1476//
f 1484// 1485// 1394//
f 1394// 1485// 1482//
f 1394// 1482// 1438//
f 1438// 1482// 1439//
f 667// 669// 1393//
f 1393// 669// 1486//
f 1393// 1486// 1394//
f 1394// 1486// 1487//
f 1394// 1487// 1484//
f 661// 782// 1488//
f 1488// 782// 1489//
f 1488// 1489// 1490//
f 1490// 1489// 1491//
f 1491// 1489// 1492//
f 1491// 1492// 1493//
f 1494// 1495// 1496//
f 1496// 1495// 1497//
f 1496// 1497// 1492//
f 1492// 1497// 1498//
f 1492// 1498// 1493//
f 1494// 1496// 1499//
f 1499// 1496// 1500//
f 1499// 1500// 1501//
f 1502// 1503// 1500//
f 1500// 1503// 1504//
f 1500// 1504// 1501//
f 690// 692// 1502//
f 1502// 692// 1505//
f 1505// 1506// 1502//
f 1502// 1506// 1507//
f 1502// 1507// 1503//
f 675// 680// 1460//
f 1460// 680// 1508//
f 1460// 1508// 1461//
f 1461// 1508// 1509//
f 1509// 1508// 1458//
f 1458// 1508// 1510//
f 1458// 1510// 1457//
f 1511// 1454// 1512//
f 1512// 1454// 1453//
f 1512// 1453// 1510//
f 1510// 1453// 1513//
f 1510// 1513// 1457//
f 1511// 1512// 1452//
f 1452// 1512// 1514//
f 1452// 1514// 1449//
f 1447// 1448// 1515//
f 1515// 1448// 1451//
f 1515// 1451// 1514//
f 1514// 1451// 1450//
f 1514// 1450// 1449//
f 663// 1447// 786//
f 786// 1447// 1515//
f 786// 1515// 785//
f 785// 1515// 784//
f 782// 783// 1489//
f 1489// 783// 1516//
f 1489// 1516// 1492//
f 1492// 1516// 1517//
f 1492// 1517// 1496//
f 1496// 1517// 1518//
f 1496// 1518// 1500//
f 1500// 1518// 1519//
f 1500// 1519// 1502//
f 1502// 1519// 1520//
f 1502// 1520// 690//
f 690// 1520// 682//
f 783// 784// 1516//
f 1516// 784// 1515//
f 1516// 1515// 1517//
f 1517// 1515// 1514//
f 1517// 1514// 1518//
f 1518// 1514// 1512//
f 1518// 1512// 1519//
f 1519// 1512// 1510//
f 1519// 1510// 1520//
f 1520// 1510// 1508//
f 1520// 1508// 682//
f 682// 1508// 680//
f 1486// 669// 772//
f 1521// 1522// 1523//
f 706// 708// 1524//
f 1524// 708// 1525//
f 1524// 1525// 1526//
f 1526// 1525// 1527//
f 1527// 1525// 1528//
f 1527// 1528// 1529//
f 1530// 1531// 1532//
f 1532// 1531// 1533//
f 1532// 1533// 1528//
f 1528// 1533// 1534//
f 1528// 1534// 1529//
f 1530// 1532// 1535//
f 1535// 1532// 1536//
f 1535// 1536// 1537//
f 1522// 1538// 1523//
f 1523// 1538// 1539//
f 1523// 1539// 1536//
f 1536// 1539// 1540//
f 1536// 1540// 1537//
f 1482// 1485// 1541//
f 1541// 1485// 1484//
f 1541// 1484// 772//
f 772// 1484// 1487//
f 772// 1487// 1486//
f 1481// 1477// 1542//
f 1542// 1477// 1476//
f 1542// 1476// 1541//
f 1541// 1476// 1483//
f 1541// 1483// 1482//
f 1473// 1543// 1474//
f 1474// 1543// 1544//
f 1474// 1544// 1470//
f 1470// 1544// 1467//
f 1473// 1472// 1543//
f 1543// 1472// 1478//
f 1543// 1478// 1542//
f 1542// 1478// 1479//
f 1542// 1479// 1481//
f 1463// 1466// 1545//
f 1545// 1466// 1465//
f 1545// 1465// 1544//
f 1544// 1465// 1468//
f 1544// 1468// 1467//
f 1463// 1545// 1462//
f 1462// 1545// 698//
f 1462// 698// 700//
f 671// 1521// 776//
f 776// 1521// 1523//
f 776// 1523// 775//
f 775// 1523// 774//
f 772// 773// 1541//
f 1541// 773// 1546//
f 1541// 1546// 1542//
f 1542// 1546// 1547//
f 1542// 1547// 1543//
f 1543// 1547// 1548//
f 1543// 1548// 1544//
f 1544// 1548// 1549//
f 1544// 1549// 1545//
f 1545// 1549// 1550//
f 1545// 1550// 698//
f 698// 1550// 696//
f 773// 774// 1546//
f 1546// 774// 1523//
f 1546// 1523// 1547//
f 1547// 1523// 1536//
f 1547// 1536// 1548//
f 1548// 1536// 1532//
f 1548// 1532// 1549//
f 1549// 1532// 1528//
f 1549// 1528// 1550//
f 1550// 1528// 1525//
f 1550// 1525// 696//
f 696// 1525// 708//
f 659// 661// 1488//
f 659// 1488// 1551//
f 1551// 1488// 1490//
f 1551// 1490// 1552//
f 1491// 1493// 1553//
f 1553// 1493// 1554//
f 1491// 1553// 1490//
f 1490// 1553// 1555//
f 1490// 1555// 1552//
f 1493// 1498// 1554//
f 1554// 1498// 1497//
f 1554// 1497// 1556//
f 1556// 1497// 1557//
f 1558// 1559// 1557//
f 1557// 1559// 1560//
f 1557// 1560// 1556//
f 1557// 1494// 1558//
f 1558// 1494// 1499//
f 1558// 1499// 1561//
f 1561// 1499// 1562//
f 1561// 1562// 1563//
f 1563// 1562// 1564//
f 692// 683// 1505//
f 1505// 683// 1565//
f 1505// 1565// 1506//
f 1506// 1565// 1566//
f 1562// 1504// 1564//
f 1564// 1504// 1503//
f 1564// 1503// 1567//
f 1567// 1503// 1566//
f 1567// 1566// 1568//
f 1568// 1566// 1565//
f 1538// 1522// 1569//
f 715// 706// 1570//
f 1570// 706// 1524//
f 1570// 1524// 1571//
f 1571// 1524// 1572//
f 1571// 1572// 1573//
f 1573// 1572// 1527//
f 1573// 1527// 1574//
f 1574// 1527// 1575//
f 1527// 1529// 1575//
f 1575// 1529// 1576//
f 1575// 1576// 1577//
f 1577// 1576// 1533//
f 1577// 1533// 1578//
f 1578// 1533// 1579//
f 1580// 1581// 1582//
f 1533// 1531// 1579//
f 1579// 1531// 1583//
f 1579// 1583// 1584//
f 1584// 1583// 1535//
f 1584// 1535// 1582//
f 1582// 1535// 1537//
f 1582// 1537// 1580//
f 1569// 1522// 1585//
f 1581// 1580// 1569//
f 1569// 1580// 1539//
f 1569// 1539// 1538//
f 671// 673// 1521//
f 1521// 673// 1586//
f 1521// 1586// 1522//
f 1522// 1586// 1587//
f 1522// 1587// 1585//
f 673// 767// 1586//
f 1586// 767// 1588//
f 1586// 1588// 1587//
f 1582// 1589// 1590//
f 1590// 1589// 1569//
f 1590// 1569// 1588//
f 1588// 1569// 1585//
f 1588// 1585// 1587//
f 1582// 1590// 1584//
f 1584// 1590// 1591//
f 1584// 1591// 1592//
f 1574// 1593// 1594//
f 1594// 1593// 1577//
f 1594// 1577// 1591//
f 1591// 1577// 1578//
f 1591// 1578// 1592//
f 1574// 1594// 1573//
f 1573// 1594// 1595//
f 1573// 1595// 1596//
f 1596// 1595// 1570//
f 1570// 1595// 713//
f 1570// 713// 715//
f 683// 685// 1565//
f 1565// 685// 1597//
f 1565// 1597// 1568//
f 1568// 1597// 1598//
f 1598// 1597// 1564//
f 1564// 1597// 1599//
f 1564// 1599// 1563//
f 1600// 1559// 1601//
f 1601// 1559// 1558//
f 1601// 1558// 1599//
f 1599// 1558// 1602//
f 1599// 1602// 1563//
f 1600// 1601// 1556//
f 1556// 1601// 1603//
f 1556// 1603// 1554//
f 1551// 1552// 1604//
f 1604// 1552// 1555//
f 1604// 1555// 1603//
f 1603// 1555// 1553//
f 1603// 1553// 1554//
f 659// 1551// 771//
f 771// 1551// 1604//
f 771// 1604// 770//
f 770// 1604// 769//
f 767// 768// 1588//
f 1588// 768// 1605//
f 1588// 1605// 1590//
f 1590// 1605// 1606//
f 1590// 1606// 1591//
f 1591// 1606// 1607//
f 1591// 1607// 1594//
f 1594// 1607// 1608//
f 1594// 1608// 1595//
f 1595// 1608// 1609//
f 1595// 1609// 713//
f 713// 1609// 687//
f 768// 769// 1605//
f 1605// 769// 1604//
f 1605// 1604// 1606//
f 1606// 1604// 1603//
f 1606// 1603// 1607//
f 1607// 1603// 1601//
f 1607// 1601// 1608//
f 1608// 1601// 1599//
f 1608// 1599// 1609//
f 1609// 1599// 1597//
f 1609// 1597// 687//
f 687// 1597// 685//
usemtl 2
f 555// 1610// 1611//
f 1610// 1612// 1613//
f 1612// 1614// 1615//
f 1614// 1616// 1617//
f 1616// 1618// 1619//
f 1618// 751// 752//
f 1618// 752// 1619//
f 1619// 752// 753//
f 1619// 753// 1620//
f 1620// 753// 754//
f 1620// 754// 1621//
f 1621// 754// 755//
f 1621// 755// 1622//
f 1622// 755// 756//
f 1622// 756// 1623//
f 1623// 756// 757//
f 1623// 757// 1624//
f 1624// 757// 758//
f 1624// 758// 1625//
f 1616// 1619// 1617//
f 1617// 1619// 1620//
f 1617// 1620// 1626//
f 1626// 1620// 1621//
f 1626// 1621// 1627//
f 1627// 1621// 1622//
f 1627// 1622// 1628//
f 1628// 1622// 1623//
f 1628// 1623// 1629//
f 1629// 1623// 1624//
f 1629// 1624// 1630//
f 1630// 1624// 1625//
f 1630// 1625// 1631//
f 1614// 1617// 1615//
f 1615// 1617// 1626//
f 1615// 1626// 1632//
f 1632// 1626// 1627//
f 1632// 1627// 1633//
f 1633// 1627// 1628//
f 1633// 1628// 1634//
f 1634// 1628// 1629//
f 1634// 1629// 1635//
f 1635// 1629// 1630//
f 1635// 1630// 1636//
f 1636// 1630// 1631//
f 1636// 1631// 1637//
f 1612// 1615// 1613//
f 1613// 1615// 1632//
f 1613// 1632// 1638//
f 1638// 1632// 1633//
f 1638// 1633// 1639//
f 1639// 1633// 1634//
f 1639// 1634// 1640//
f 1640// 1634// 1635//
f 1640// 1635// 1641//
f 1641// 1635// 1636//
f 1641// 1636// 1642//
f 1642// 1636// 1637//
f 1642// 1637// 1643//
f 1610// 1613// 1611//
f 1611// 1613// 1638//
f 1611// 1638// 1644//
f 1644// 1638// 1639//
f 1644// 1639// 1645//
f 1645// 1639// 1640//
f 1645// 1640// 1646//
f 1646// 1640// 1641//
f 1646// 1641// 1647//
f 1647// 1641// 1642//
f 1647// 1642// 1648//
f 1648// 1642// 1643//
f 1648// 1643// 1649//
f 555// 1611// 553//
f 553// 1611// 1644//
f 553// 1644// 558//
f 558// 1644// 1645//
f 558// 1645// 559//
f 559// 1645// 1646//
f 559// 1646// 560//
f 560// 1646// 1647//
f 560// 1647// 554//
f 554// 1647// 1648//
f 554// 1648// 556//
f 556// 1648// 1649//
f 556// 1649// 557//
f 758// 759// 1650//
f 758// 1650// 1625//
f 1625// 1650// 1651//
f 1625// 1651// 1631//
f 1631// 1651// 1652//
f 1631// 1652// 1637//
f 1637// 1652// 1653//
f 1637// 1653// 1643//
f 1643// 1653// 1654//
f 1643// 1654// 1649//
f 1654// 120// 115//
f 1654// 115// 1649//
f 1649// 115// 651//
f 1649// 651// 444//
f 444// 442// 1649//
f 1649// 442// 652//
f 1649// 652// 653//
f 653// 654// 1649//
f 1649// 654// 655//
f 1649// 655// 656//
f 656// 657// 1649//
f 1649// 657// 658//
f 1649// 658// 557//
f 750// 751// 1618//
f 750// 1618// 1655//
f 1655// 1618// 1616//
f 1655// 1616// 1656//
f 1656// 1616// 1614//
f 1656// 1614// 1657//
f 1657// 1614// 1612//
f 1657// 1612// 1658//
f 1658// 1612// 1610//
f 1658// 1610// 1659//
f 1610// 555// 650//
f 650// 649// 1610//
f 1610// 649// 648//
f 1610// 648// 647//
f 647// 646// 1610//
f 1610// 646// 568//
f 1610// 568// 1659//
f 120// 1654// 1660//
f 1654// 1653// 1661//
f 1653// 1652// 1662//
f 1652// 1651// 1663//
f 1651// 1650// 1664//
f 1650// 759// 760//
f 1650// 760// 1664//
f 1664// 760// 761//
f 1664// 761// 1665//
f 1665// 761// 762//
f 1665// 762// 1666//
f 1666// 762// 763//
f 1666// 763// 1667//
f 1667// 763// 764//
f 1667// 764// 1668//
f 1668// 764// 765//
f 1668// 765// 1669//
f 1669// 765// 766//
f 1669// 766// 1670//
f 1651// 1664// 1663//
f 1663// 1664// 1665//
f 1663// 1665// 1671//
f 1671// 1665// 1666//
f 1671// 1666// 1672//
f 1672// 1666// 1667//
f 1672// 1667// 1673//
f 1673// 1667// 1668//
f 1673// 1668// 1674//
f 1674// 1668// 1669//
f 1674// 1669// 1675//
f 1675// 1669// 1670//
f 1675// 1670// 1676//
f 1652// 1663// 1662//
f 1662// 1663// 1671//
f 1662// 1671// 1677//
f 1677// 1671// 1672//
f 1677// 1672// 1678//
f 1678// 1672// 1673//
f 1678// 1673// 1679//
f 1679// 1673// 1674//
f 1679// 1674// 1680//
f 1680// 1674// 1675//
f 1680// 1675// 1681//
f 1681// 1675// 1676//
f 1681// 1676// 1682//
f 1653// 1662// 1661//
f 1661// 1662// 1677//
f 1661// 1677// 1683//
f 1683// 1677// 1678//
f 1683// 1678// 1684//
f 1684// 1678// 1679//
f 1684// 1679// 1685//
f 1685// 1679// 1680//
f 1685// 1680// 1686//
f 1686// 1680// 1681//
f 1686// 1681// 1687//
f 1687// 1681// 1682//
f 1687// 1682// 1688//
f 1654// 1661// 1660//
f 1660// 1661// 1683//
f 1660// 1683// 1689//
f 1689// 1683// 1684//
f 1689// 1684// 1690//
f 1690// 1684// 1685//
f 1690// 1685// 1691//
f 1691// 1685// 1686//
f 1691// 1686// 1692//
f 1692// 1686// 1687//
f 1692// 1687// 1693//
f 1693// 1687// 1688//
f 1693// 1688// 1694//
f 120// 1660// 117//
f 117// 1660// 1689//
f 117// 1689// 118//
f 118// 1689// 1690//
f 118// 1690// 121//
f 121// 1690// 1691//
f 121// 1691// 122//
f 122// 1691// 1692//
f 122// 1692// 123//
f 123// 1692// 1693//
f 123// 1693// 124//
f 124// 1693// 1694//
f 124// 1694// 125//
f 561// 1695// 1696//
f 1695// 1697// 1698//
f 1697// 1699// 1700//
f 1699// 1701// 1702//
f 1701// 1703// 1704//
f 1703// 743// 744//
f 1703// 744// 1704//
f 1704// 744// 745//
f 1704// 745// 1705//
f 1705// 745// 746//
f 1705// 746// 1706//
f 1706// 746// 747//
f 1706// 747// 1707//
f 1707// 747// 748//
f 1707// 748// 1708//
f 1708// 748// 749//
f 1708// 749// 1709//
f 1709// 749// 750//
f 1709// 750// 1655//
f 1701// 1704// 1702//
f 1702// 1704// 1705//
f 1702// 1705// 1710//
f 1710// 1705// 1706//
f 1710// 1706// 1711//
f 1711// 1706// 1707//
f 1711// 1707// 1712//
f 1712// 1707// 1708//
f 1712// 1708// 1713//
f 1713// 1708// 1709//
f 1713// 1709// 1714//
f 1714// 1709// 1655//
f 1714// 1655// 1656//
f 1699// 1702// 1700//
f 1700// 1702// 1710//
f 1700// 1710// 1715//
f 1715// 1710// 1711//
f 1715// 1711// 1716//
f 1716// 1711// 1712//
f 1716// 1712// 1717//
f 1717// 1712// 1713//
f 1717// 1713// 1718//
f 1718// 1713// 1714//
f 1718// 1714// 1719//
f 1719// 1714// 1656//
f 1719// 1656// 1657//
f 1697// 1700// 1698//
f 1698// 1700// 1715//
f 1698// 1715// 1720//
f 1720// 1715// 1716//
f 1720// 1716// 1721//
f 1721// 1716// 1717//
f 1721// 1717// 1722//
f 1722// 1717// 1718//
f 1722// 1718// 1723//
f 1723// 1718// 1719//
f 1723// 1719// 1724//
f 1724// 1719// 1657//
f 1724// 1657// 1658//
f 1695// 1698// 1696//
f 1696// 1698// 1720//
f 1696// 1720// 1725//
f 1725// 1720// 1721//
f 1725// 1721// 1726//
f 1726// 1721// 1722//
f 1726// 1722// 1727//
f 1727// 1722// 1723//
f 1727// 1723// 1728//
f 1728// 1723// 1724//
f 1728// 1724// 1729//
f 1729// 1724// 1658//
f 1729// 1658// 1659//
f 561// 1696// 564//
f 564// 1696// 1725//
f 564// 1725// 565//
f 565// 1725// 1726//
f 565// 1726// 566//
f 566// 1726// 1727//
f 566// 1727// 562//
f 562// 1727// 1728//
f 562// 1728// 563//
f 563// 1728// 1729//
f 563// 1729// 567//
f 567// 1729// 1659//
f 567// 1659// 568//
f 766// 735// 1730//
f 1731// 166// 153//
f 145// 138// 1694//
f 766// 1730// 1670//
f 1670// 1730// 1732//
f 1670// 1732// 1676//
f 1676// 1732// 1733//
f 1676// 1733// 1682//
f 1682// 1733// 1734//
f 1682// 1734// 1688//
f 1688// 1734// 1731//
f 1688// 1731// 1694//
f 1694// 1731// 153//
f 1694// 153// 145//
f 138// 137// 1694//
f 1694// 137// 127//
f 1694// 127// 125//
f 742// 743// 1703//
f 742// 1703// 1735//
f 1735// 1703// 1701//
f 1735// 1701// 1736//
f 1736// 1701// 1699//
f 1736// 1699// 1737//
f 1737// 1699// 1697//
f 1737// 1697// 1738//
f 1738// 1697// 1695//
f 1738// 1695// 1739//
f 1695// 561// 569//
f 569// 95// 1695//
f 1695// 95// 94//
f 1695// 94// 572//
f 572// 573// 1695//
f 1695// 573// 574//
f 1695// 574// 575//
f 575// 576// 1695//
f 1695// 576// 577//
f 1695// 577// 585//
f 585// 158// 1695//
f 1695// 158// 165//
f 1695// 165// 1739//
f 166// 1731// 1740//
f 1731// 1734// 1741//
f 1734// 1733// 1742//
f 1733// 1732// 1743//
f 1732// 1730// 1744//
f 1730// 735// 736//
f 1730// 736// 1744//
f 1744// 736// 737//
f 1744// 737// 1745//
f 1745// 737// 738//
f 1745// 738// 1746//
f 1746// 738// 739//
f 1746// 739// 1747//
f 1747// 739// 740//
f 1747// 740// 1748//
f 1748// 740// 741//
f 1748// 741// 1749//
f 1749// 741// 742//
f 1749// 742// 1735//
f 1732// 1744// 1743//
f 1743// 1744// 1745//
f 1743// 1745// 1750//
f 1750// 1745// 1746//
f 1750// 1746// 1751//
f 1751// 1746// 1747//
f 1751// 1747// 1752//
f 1752// 1747// 1748//
f 1752// 1748// 1753//
f 1753// 1748// 1749//
f 1753// 1749// 1754//
f 1754// 1749// 1735//
f 1754// 1735// 1736//
f 1733// 1743// 1742//
f 1742// 1743// 1750//
f 1742// 1750// 1755//
f 1755// 1750// 1751//
f 1755// 1751// 1756//
f 1756// 1751// 1752//
f 1756// 1752// 1757//
f 1757// 1752// 1753//
f 1757// 1753// 1758//
f 1758// 1753// 1754//
f 1758// 1754// 1759//
f 1759// 1754// 1736//
f 1759// 1736// 1737//
f 1734// 1742// 1741//
f 1741// 1742// 1755//
f 1741// 1755// 1760//
f 1760// 1755// 1756//
f 1760// 1756// 1761//
f 1761// 1756// 1757//
f 1761// 1757// 1762//
f 1762// 1757// 1758//
f 1762// 1758// 1763//
f 1763// 1758// 1759//
f 1763// 1759// 1764//
f 1764// 1759// 1737//
f 1764// 1737// 1738//
f 1731// 1741// 1740//
f 1740// 1741// 1760//
f 1740// 1760// 1765//
f 1765// 1760// 1761//
f 1765// 1761// 1766//
f 1766// 1761// 1762//
f 1766// 1762// 1767//
f 1767// 1762// 1763//
f 1767// 1763// 1768//
f 1768// 1763// 1764//
f 1768// 1764// 1769//
f 1769// 1764// 1738//
f 1769// 1738// 1739//
f 166// 1740// 171//
f 171// 1740// 1765//
f 171// 1765// 170//
f 170// 1765// 1766//
f 170// 1766// 169//
f 169// 1766// 1767//
f 169// 1767// 167//
f 167// 1767// 1768//
f 167// 1768// 168//
f 168// 1768// 1769//
f 168// 1769// 172//
f 172// 1769// 1739//
f 172// 1739// 165//
usemtl 3
f 1770// 1771// 8//
f 8// 1771// 34//
f 8// 34// 660//
f 660// 34// 662//
f 666// 664// 56//
f 56// 664// 30//
f 56// 30// 1772//
f 1772// 30// 1773//
f 1774// 1775// 52//
f 52// 1775// 82//
f 52// 82// 668//
f 668// 82// 670//
f 1776// 1777// 80//
f 80// 1777// 12//
f 80// 12// 672//
f 672// 12// 674//
f 1772// 1773// 1778//
f 1778// 1773// 1779//
f 1780// 1781// 1775//
f 1771// 1770// 1782//
f 1782// 1770// 1783//
f 1774// 1784// 1785//
f 1786// 1771// 1787//
f 1787// 1771// 1782//
f 1787// 1782// 1788//
f 1788// 1782// 1789//
f 1777// 1776// 1790//
f 1790// 1776// 1791//
f 1775// 1774// 1780//
f 1780// 1774// 1785//
f 1780// 1785// 1792//
f 1792// 1785// 1793//
f 1792// 1793// 1794//
f 1795// 1777// 1796//
f 1796// 1777// 1790//
f 1796// 1790// 1789//
f 1789// 1790// 1794//
f 1789// 1794// 1788//
f 1788// 1794// 1793//
f 1788// 1793// 1778//
f 1778// 1793// 1797//
f 1778// 1797// 1772//
f 1772// 1797// 1798//
f 733// 672// 729//
f 668// 670// 732//
f 732// 670// 731//
f 732// 731// 728//
f 728// 731// 664//
f 728// 664// 666//
f 660// 662// 730//
f 730// 662// 729//
f 730// 729// 727//
f 727// 729// 672//
f 727// 672// 674//
f 733// 729// 731//
f 731// 729// 734//
f 731// 734// 664//
usemtl 4
f 72// 69// 1792//
f 1792// 69// 1780//
usemtl 2
f 69// 70// 1780//
f 1780// 70// 1781//
f 70// 82// 1781//
f 1781// 82// 1775//
usemtl 4
f 80// 78// 1776//
f 1776// 78// 1791//
f 78// 76// 1791//
f 1791// 76// 1790//
f 76// 74// 1790//
f 1790// 74// 1794//
f 74// 72// 1794//
f 1794// 72// 1792//
f 78// 80// 1799//
f 70// 69// 78//
f 78// 69// 72//
f 78// 72// 76//
f 76// 72// 74//
f 78// 1799// 70//
f 70// 1799// 1800//
f 70// 1800// 82//
f 50// 47// 1784//
f 1784// 47// 1785//
f 47// 48// 1785//
f 1785// 48// 1793//
f 48// 58// 1793//
f 1793// 58// 1797//
f 58// 55// 1797//
f 1797// 55// 1798//
f 55// 56// 1798//
f 1798// 56// 1772//
usemtl 2
f 52// 50// 1774//
f 1774// 50// 1784//
usemtl 4
f 50// 52// 1801//
f 58// 48// 55//
f 55// 48// 47//
f 55// 47// 50//
f 50// 1801// 55//
f 55// 1801// 1802//
f 55// 1802// 56//
f 28// 25// 1779//
f 1779// 25// 1778//
f 25// 26// 1778//
f 1778// 26// 1788//
f 26// 36// 1788//
f 1788// 36// 1787//
f 36// 33// 1787//
f 1787// 33// 1786//
f 33// 34// 1786//
f 1786// 34// 1771//
usemtl 2
f 30// 28// 1773//
f 1773// 28// 1779//
f 1803// 34// 33//
f 33// 36// 28//
f 28// 36// 26//
f 28// 26// 25//
f 1803// 33// 1804//
f 1804// 33// 28//
f 1804// 28// 30//
usemtl 4
f 6// 3// 1783//
f 1783// 3// 1782//
f 3// 4// 1782//
f 1782// 4// 1789//
f 4// 14// 1789//
f 1789// 14// 1796//
f 14// 11// 1796//
f 1796// 11// 1795//
f 11// 12// 1795//
f 1795// 12// 1777//
f 8// 6// 1770//
f 1770// 6// 1783//
f 6// 8// 1805//
f 14// 4// 11//
f 11// 4// 3//
f 11// 3// 6//
f 6// 1805// 11//
f 11// 1805// 1806//
f 11// 1806// 12//
usemtl 3
f 674// 12// 727//
f 727// 12// 1806//
f 727// 1806// 730//
f 730// 1806// 1805//
f 730// 1805// 660//
f 660// 1805// 8//
f 662// 34// 729//
f 729// 34// 1803//
f 729// 1803// 734//
f 734// 1803// 1804//
f 734// 1804// 664//
f 664// 1804// 30//
f 666// 56// 728//
f 728// 56// 1802//
f 728// 1802// 732//
f 732// 1802// 1801//
f 732// 1801// 668//
f 668// 1801// 52//
f 670// 82// 731//
f 731// 82// 1800//
f 731// 1800// 733//
f 733// 1800// 1799//
f 733// 1799// 672//
f 672// 1799// 80//
