# Assembly coordinates in millimetres, Z-up.
mtllib Battery_Hatch.mtl
o Battery_Hatch
v 7.1316044 -9.6509180 0.2000000 0.29 0.4 0.46
v 7.5072887 -9.3616567 0.2000000 0.29 0.4 0.46
v 7.8712528 -9.0577801 0.2000000 0.29 0.4 0.46
v 8.2229283 -8.7397626 0.2000000 0.29 0.4 0.46
v 8.5617664 -8.4081007 0.2000000 0.29 0.4 0.46
v 8.8872379 -8.0633122 0.2000000 0.29 0.4 0.46
v 9.1988348 -7.7059353 0.2000000 0.29 0.4 0.46
v 9.4960705 -7.3365281 0.2000000 0.29 0.4 0.46
v 9.7784812 -6.9556672 0.2000000 0.29 0.4 0.46
v 10.0456258 -6.5639471 0.2000000 0.29 0.4 0.46
v 10.2970873 -6.1619796 0.2000000 0.29 0.4 0.46
v 10.5324732 -5.7503920 0.2000000 0.29 0.4 0.46
v 10.7514159 -5.3298270 0.2000000 0.29 0.4 0.46
v 10.9535736 -4.9009412 0.2000000 0.29 0.4 0.46
v 11.1386308 -4.4644040 0.2000000 0.29 0.4 0.46
v 11.3062985 -4.0208971 0.2000000 0.29 0.4 0.46
v 11.4563150 -3.5711129 0.2000000 0.29 0.4 0.46
v 11.5884460 -3.1157534 0.2000000 0.29 0.4 0.46
v 11.7024853 -2.6555297 0.2000000 0.29 0.4 0.46
v 11.7982548 -2.1911603 0.2000000 0.29 0.4 0.46
v 11.8756051 -1.7233700 0.2000000 0.29 0.4 0.46
v 11.9344153 -1.2528892 0.2000000 0.29 0.4 0.46
v 11.9745937 -0.7804524 0.2000000 0.29 0.4 0.46
v 11.9960775 -0.3067972 0.2000000 0.29 0.4 0.46
v 11.9988332 0.1673370 0.2000000 0.29 0.4 0.46
v 11.9828565 0.6412100 0.2000000 0.29 0.4 0.46
v 11.9481723 1.1140819 0.2000000 0.29 0.4 0.46
v 11.8948348 1.5852145 0.2000000 0.29 0.4 0.46
v 11.8229272 2.0538723 0.2000000 0.29 0.4 0.46
v 11.7325619 2.5193236 0.2000000 0.29 0.4 0.46
v 11.6238798 2.9808418 0.2000000 0.29 0.4 0.46
v 11.4970507 3.4377063 0.2000000 0.29 0.4 0.46
v 11.3522726 3.8892039 0.2000000 0.29 0.4 0.46
v 11.1897714 4.3346298 0.2000000 0.29 0.4 0.46
v 11.0098010 4.7732885 0.2000000 0.29 0.4 0.46
v 10.8126421 5.2044952 0.2000000 0.29 0.4 0.46
v 10.5986028 5.6275767 0.2000000 0.29 0.4 0.46
v 10.3680170 6.0418725 0.2000000 0.29 0.4 0.46
v 10.1212448 6.4467358 0.2000000 0.29 0.4 0.46
v 9.8586715 6.8415346 0.2000000 0.29 0.4 0.46
v 9.5807070 7.2256525 0.2000000 0.29 0.4 0.46
v 9.2877852 7.5984898 0.2000000 0.29 0.4 0.46
v 8.9803634 7.9594644 0.2000000 0.29 0.4 0.46
v 8.6589216 8.3080128 0.2000000 0.29 0.4 0.46
v 8.3239616 8.6435909 0.2000000 0.29 0.4 0.46
v 7.9760064 8.9656747 0.2000000 0.29 0.4 0.46
v 7.6155991 9.2737614 0.2000000 0.29 0.4 0.46
v 7.2433025 9.5673700 0.2000000 0.29 0.4 0.46
v 6.8596977 9.8460422 0.2000000 0.29 0.4 0.46
v 6.4653837 10.1093429 0.2000000 0.29 0.4 0.46
v 6.0609759 10.3568610 0.2000000 0.29 0.4 0.46
v 5.6471059 10.5882102 0.2000000 0.29 0.4 0.46
v 5.2244197 10.8030291 0.2000000 0.29 0.4 0.46
v 4.7935772 11.0009826 0.2000000 0.29 0.4 0.46
v 4.3552510 11.1817614 0.2000000 0.29 0.4 0.46
v 3.9101255 11.3450834 0.2000000 0.29 0.4 0.46
v 3.4588955 11.4906937 0.2000000 0.29 0.4 0.46
v 3.0022656 11.6183648 0.2000000 0.29 0.4 0.46
v 2.5409486 11.7278975 0.2000000 0.29 0.4 0.46
v 2.0756646 11.8191208 0.2000000 0.29 0.4 0.46
v 1.6071402 11.8918922 0.2000000 0.29 0.4 0.46
v 1.1361067 11.9460982 0.2000000 0.29 0.4 0.46
v 0.6632996 11.9816540 0.2000000 0.29 0.4 0.46
v 0.1894569 11.9985043 0.2000000 0.29 0.4 0.46
v -0.2846816 11.9966227 0.2000000 0.29 0.4 0.46
v -0.7583756 11.9760121 0.2000000 0.29 0.4 0.46
v -1.2308856 11.9367048 0.2000000 0.29 0.4 0.46
v -1.7014741 11.8787620 0.2000000 0.29 0.4 0.46
v -2.1694062 11.8022742 0.2000000 0.29 0.4 0.46
v -2.6339514 11.7073609 0.2000000 0.29 0.4 0.46
v -3.0943846 11.5941703 0.2000000 0.29 0.4 0.46
v -3.5499868 11.4628789 0.2000000 0.29 0.4 0.46
v -4.0000469 11.3136919 0.2000000 0.29 0.4 0.46
v 7.1316044 -9.6509180 0.8000000 0.29 0.4 0.46
v -4.0000469 11.3136919 0.8000000 0.29 0.4 0.46
v -3.5499868 11.4628789 0.8000000 0.29 0.4 0.46
v -3.0943846 11.5941703 0.8000000 0.29 0.4 0.46
v -2.6339514 11.7073609 0.8000000 0.29 0.4 0.46
v -2.1694062 11.8022742 0.8000000 0.29 0.4 0.46
v -1.7014741 11.8787620 0.8000000 0.29 0.4 0.46
v -1.2308856 11.9367048 0.8000000 0.29 0.4 0.46
v -0.7583756 11.9760121 0.8000000 0.29 0.4 0.46
v -0.2846816 11.9966227 0.8000000 0.29 0.4 0.46
v 0.1894569 11.9985043 0.8000000 0.29 0.4 0.46
v 0.6632996 11.9816540 0.8000000 0.29 0.4 0.46
v 1.1361067 11.9460982 0.8000000 0.29 0.4 0.46
v 1.6071402 11.8918922 0.8000000 0.29 0.4 0.46
v 2.0756646 11.8191208 0.8000000 0.29 0.4 0.46
v 2.5409486 11.7278975 0.8000000 0.29 0.4 0.46
v 3.0022656 11.6183648 0.8000000 0.29 0.4 0.46
v 3.4588955 11.4906937 0.8000000 0.29 0.4 0.46
v 3.9101255 11.3450834 0.8000000 0.29 0.4 0.46
v 4.3552510 11.1817614 0.8000000 0.29 0.4 0.46
v 4.7935772 11.0009826 0.8000000 0.29 0.4 0.46
v 5.2244197 10.8030291 0.8000000 0.29 0.4 0.46
v 5.6471059 10.5882102 0.8000000 0.29 0.4 0.46
v 6.0609759 10.3568610 0.8000000 0.29 0.4 0.46
v 6.4653837 10.1093429 0.8000000 0.29 0.4 0.46
v 6.8596977 9.8460422 0.8000000 0.29 0.4 0.46
v 7.2433025 9.5673700 0.8000000 0.29 0.4 0.46
v 7.6155991 9.2737614 0.8000000 0.29 0.4 0.46
v 7.9760064 8.9656747 0.8000000 0.29 0.4 0.46
v 8.3239616 8.6435909 0.8000000 0.29 0.4 0.46
v 8.6589216 8.3080128 0.8000000 0.29 0.4 0.46
v 8.9803634 7.9594644 0.8000000 0.29 0.4 0.46
v 9.2877852 7.5984898 0.8000000 0.29 0.4 0.46
v 9.5807070 7.2256525 0.8000000 0.29 0.4 0.46
v 9.8586715 6.8415346 0.8000000 0.29 0.4 0.46
v 10.1212448 6.4467358 0.8000000 0.29 0.4 0.46
v 10.3680170 6.0418725 0.8000000 0.29 0.4 0.46
v 10.5986028 5.6275767 0.8000000 0.29 0.4 0.46
v 10.8126421 5.2044952 0.8000000 0.29 0.4 0.46
v 11.0098010 4.7732885 0.8000000 0.29 0.4 0.46
v 11.1897714 4.3346298 0.8000000 0.29 0.4 0.46
v 11.3522726 3.8892039 0.8000000 0.29 0.4 0.46
v 11.4970507 3.4377063 0.8000000 0.29 0.4 0.46
v 11.6238798 2.9808418 0.8000000 0.29 0.4 0.46
v 11.7325619 2.5193236 0.8000000 0.29 0.4 0.46
v 11.8229272 2.0538723 0.8000000 0.29 0.4 0.46
v 11.8948348 1.5852145 0.8000000 0.29 0.4 0.46
v 11.9481723 1.1140819 0.8000000 0.29 0.4 0.46
v 11.9828565 0.6412100 0.8000000 0.29 0.4 0.46
v 11.9988332 0.1673370 0.8000000 0.29 0.4 0.46
v 11.9960775 -0.3067972 0.8000000 0.29 0.4 0.46
v 11.9745937 -0.7804524 0.8000000 0.29 0.4 0.46
v 11.9344153 -1.2528892 0.8000000 0.29 0.4 0.46
v 11.8756051 -1.7233700 0.8000000 0.29 0.4 0.46
v 11.7982548 -2.1911603 0.8000000 0.29 0.4 0.46
v 11.7024853 -2.6555297 0.8000000 0.29 0.4 0.46
v 11.5884460 -3.1157534 0.8000000 0.29 0.4 0.46
v 11.4563150 -3.5711129 0.8000000 0.29 0.4 0.46
v 11.3062985 -4.0208971 0.8000000 0.29 0.4 0.46
v 11.1386308 -4.4644040 0.8000000 0.29 0.4 0.46
v 10.9535736 -4.9009412 0.8000000 0.29 0.4 0.46
v 10.7514159 -5.3298270 0.8000000 0.29 0.4 0.46
v 10.5324732 -5.7503920 0.8000000 0.29 0.4 0.46
v 10.2970873 -6.1619796 0.8000000 0.29 0.4 0.46
v 10.0456258 -6.5639471 0.8000000 0.29 0.4 0.46
v 9.7784812 -6.9556672 0.8000000 0.29 0.4 0.46
v 9.4960705 -7.3365281 0.8000000 0.29 0.4 0.46
v 9.1988348 -7.7059353 0.8000000 0.29 0.4 0.46
v 8.8872379 -8.0633122 0.8000000 0.29 0.4 0.46
v 8.5617664 -8.4081007 0.8000000 0.29 0.4 0.46
v 8.2229283 -8.7397626 0.8000000 0.29 0.4 0.46
v 7.8712528 -9.0577801 0.8000000 0.29 0.4 0.46
v 7.5072887 -9.3616567 0.8000000 0.29 0.4 0.46
v -4.0000469 11.3136919 0.8000000 0.29 0.4 0.46
v -4.0000208 11.3091280 0.8000000 0.29 0.4 0.46
v -4.0000052 11.3045640 0.8000000 0.29 0.4 0.46
v -4.0000000 11.3000000 0.8000000 0.29 0.4 0.46
v -4.0000000 11.3000000 2.0000000 0.29 0.4 0.46
v -4.0015812 11.3795130 2.0000000 0.29 0.4 0.46
v -4.0063223 11.4589003 2.0000000 0.29 0.4 0.46
v -4.0142159 11.5380364 2.0000000 0.29 0.4 0.46
v -4.0252493 11.6167960 2.0000000 0.29 0.4 0.46
v -4.0394053 11.6950548 2.0000000 0.29 0.4 0.46
v -4.0566613 11.7726889 2.0000000 0.29 0.4 0.46
v -4.0769902 11.8495755 2.0000000 0.29 0.4 0.46
v -4.1003597 11.9255932 2.0000000 0.29 0.4 0.46
v -4.1267330 12.0006217 2.0000000 0.29 0.4 0.46
v -4.1560683 12.0745423 2.0000000 0.29 0.4 0.46
v -4.1883192 12.1472383 2.0000000 0.29 0.4 0.46
v -4.2234348 12.2185946 2.0000000 0.29 0.4 0.46
v -4.2613595 12.2884984 2.0000000 0.29 0.4 0.46
v -4.3020333 12.3568392 2.0000000 0.29 0.4 0.46
v -4.3453919 12.4235089 2.0000000 0.29 0.4 0.46
v -4.3913669 12.4884021 2.0000000 0.29 0.4 0.46
v -4.4398854 12.5514162 2.0000000 0.29 0.4 0.46
v -4.4908708 12.6124515 2.0000000 0.29 0.4 0.46
v -4.5442424 12.6714116 2.0000000 0.29 0.4 0.46
v -4.5999159 12.7282032 2.0000000 0.29 0.4 0.46
v -4.6578031 12.7827365 2.0000000 0.29 0.4 0.46
v -4.7178127 12.8349253 2.0000000 0.29 0.4 0.46
v -4.7798497 12.8846871 2.0000000 0.29 0.4 0.46
v -4.8438160 12.9319432 2.0000000 0.29 0.4 0.46
v -4.9096105 12.9766188 2.0000000 0.29 0.4 0.46
v -4.9771290 13.0186434 2.0000000 0.29 0.4 0.46
v -5.0462650 13.0579504 2.0000000 0.29 0.4 0.46
v -5.1169090 13.0944777 2.0000000 0.29 0.4 0.46
v -5.1889494 13.1281676 2.0000000 0.29 0.4 0.46
v -5.2622722 13.1589668 2.0000000 0.29 0.4 0.46
v -5.3367614 13.1868266 2.0000000 0.29 0.4 0.46
v -5.4122995 13.2117029 2.0000000 0.29 0.4 0.46
v -5.4887667 13.2335565 2.0000000 0.29 0.4 0.46
v -5.5660424 13.2523526 2.0000000 0.29 0.4 0.46
v -5.6440042 13.2680617 2.0000000 0.29 0.4 0.46
v -5.7225289 13.2806589 2.0000000 0.29 0.4 0.46
v -5.8014924 13.2901243 2.0000000 0.29 0.4 0.46
v -5.8807697 13.2964429 2.0000000 0.29 0.4 0.46
v -5.9602356 13.2996047 2.0000000 0.29 0.4 0.46
v -6.0397644 13.2996047 2.0000000 0.29 0.4 0.46
v -6.1192303 13.2964429 2.0000000 0.29 0.4 0.46
v -6.1985076 13.2901243 2.0000000 0.29 0.4 0.46
v -6.2774711 13.2806589 2.0000000 0.29 0.4 0.46
v -6.3559958 13.2680617 2.0000000 0.29 0.4 0.46
v -6.4339576 13.2523526 2.0000000 0.29 0.4 0.46
v -6.5112333 13.2335565 2.0000000 0.29 0.4 0.46
v -6.5877005 13.2117029 2.0000000 0.29 0.4 0.46
v -6.6632386 13.1868266 2.0000000 0.29 0.4 0.46
v -6.7377278 13.1589668 2.0000000 0.29 0.4 0.46
v -6.8110506 13.1281676 2.0000000 0.29 0.4 0.46
v -6.8830910 13.0944777 2.0000000 0.29 0.4 0.46
v -6.9537350 13.0579504 2.0000000 0.29 0.4 0.46
v -7.0228710 13.0186434 2.0000000 0.29 0.4 0.46
v -7.0903895 12.9766188 2.0000000 0.29 0.4 0.46
v -7.1561840 12.9319432 2.0000000 0.29 0.4 0.46
v -7.2201503 12.8846871 2.0000000 0.29 0.4 0.46
v -7.2821873 12.8349253 2.0000000 0.29 0.4 0.46
v -7.3421969 12.7827365 2.0000000 0.29 0.4 0.46
v -7.4000841 12.7282032 2.0000000 0.29 0.4 0.46
v -7.4557576 12.6714116 2.0000000 0.29 0.4 0.46
v -7.5091292 12.6124515 2.0000000 0.29 0.4 0.46
v -7.5601146 12.5514162 2.0000000 0.29 0.4 0.46
v -7.6086331 12.4884021 2.0000000 0.29 0.4 0.46
v -7.6546081 12.4235089 2.0000000 0.29 0.4 0.46
v -7.6979667 12.3568392 2.0000000 0.29 0.4 0.46
v -7.7386405 12.2884984 2.0000000 0.29 0.4 0.46
v -7.7765652 12.2185946 2.0000000 0.29 0.4 0.46
v -7.8116808 12.1472383 2.0000000 0.29 0.4 0.46
v -7.8439317 12.0745423 2.0000000 0.29 0.4 0.46
v -7.8732670 12.0006217 2.0000000 0.29 0.4 0.46
v -7.8996403 11.9255932 2.0000000 0.29 0.4 0.46
v -7.9230098 11.8495755 2.0000000 0.29 0.4 0.46
v -7.9433387 11.7726889 2.0000000 0.29 0.4 0.46
v -7.9605947 11.6950548 2.0000000 0.29 0.4 0.46
v -7.9747507 11.6167960 2.0000000 0.29 0.4 0.46
v -7.9857841 11.5380364 2.0000000 0.29 0.4 0.46
v -7.9936777 11.4589003 2.0000000 0.29 0.4 0.46
v -7.9984188 11.3795130 2.0000000 0.29 0.4 0.46
v -8.0000000 11.3000000 2.0000000 0.29 0.4 0.46
v -7.9984188 11.2204870 2.0000000 0.29 0.4 0.46
v -7.9936777 11.1410997 2.0000000 0.29 0.4 0.46
v -7.9857841 11.0619636 2.0000000 0.29 0.4 0.46
v -7.9747507 10.9832040 2.0000000 0.29 0.4 0.46
v -7.9605947 10.9049452 2.0000000 0.29 0.4 0.46
v -7.9433387 10.8273111 2.0000000 0.29 0.4 0.46
v -7.9230098 10.7504245 2.0000000 0.29 0.4 0.46
v -7.8996403 10.6744068 2.0000000 0.29 0.4 0.46
v -7.8732670 10.5993783 2.0000000 0.29 0.4 0.46
v -7.8439317 10.5254577 2.0000000 0.29 0.4 0.46
v -7.8116808 10.4527617 2.0000000 0.29 0.4 0.46
v -7.7765652 10.3814054 2.0000000 0.29 0.4 0.46
v -7.7386405 10.3115016 2.0000000 0.29 0.4 0.46
v -7.6979667 10.2431608 2.0000000 0.29 0.4 0.46
v -7.6546081 10.1764911 2.0000000 0.29 0.4 0.46
v -7.6086331 10.1115979 2.0000000 0.29 0.4 0.46
v -7.5601146 10.0485838 2.0000000 0.29 0.4 0.46
v -7.5091292 9.9875485 2.0000000 0.29 0.4 0.46
v -7.4557576 9.9285884 2.0000000 0.29 0.4 0.46
v -7.4000841 9.8717968 2.0000000 0.29 0.4 0.46
v -7.3421969 9.8172635 2.0000000 0.29 0.4 0.46
v -7.2821873 9.7650747 2.0000000 0.29 0.4 0.46
v -7.2201503 9.7153129 2.0000000 0.29 0.4 0.46
v -7.1561840 9.6680568 2.0000000 0.29 0.4 0.46
v -7.0903895 9.6233812 2.0000000 0.29 0.4 0.46
v -7.0228710 9.5813566 2.0000000 0.29 0.4 0.46
v -6.9537350 9.5420496 2.0000000 0.29 0.4 0.46
v -6.8830910 9.5055223 2.0000000 0.29 0.4 0.46
v -6.8110506 9.4718324 2.0000000 0.29 0.4 0.46
v -6.7377278 9.4410332 2.0000000 0.29 0.4 0.46
v -6.6632386 9.4131734 2.0000000 0.29 0.4 0.46
v -6.5877005 9.3882971 2.0000000 0.29 0.4 0.46
v -6.5112333 9.3664435 2.0000000 0.29 0.4 0.46
v -6.4339576 9.3476474 2.0000000 0.29 0.4 0.46
v -6.3559958 9.3319383 2.0000000 0.29 0.4 0.46
v -6.2774711 9.3193411 2.0000000 0.29 0.4 0.46
v -6.1985076 9.3098757 2.0000000 0.29 0.4 0.46
v -6.1192303 9.3035571 2.0000000 0.29 0.4 0.46
v -6.0397644 9.3003953 2.0000000 0.29 0.4 0.46
v -5.9602356 9.3003953 2.0000000 0.29 0.4 0.46
v -5.8807697 9.3035571 2.0000000 0.29 0.4 0.46
v -5.8014924 9.3098757 2.0000000 0.29 0.4 0.46
v -5.7225289 9.3193411 2.0000000 0.29 0.4 0.46
v -5.6440042 9.3319383 2.0000000 0.29 0.4 0.46
v -5.5660424 9.3476474 2.0000000 0.29 0.4 0.46
v -5.4887667 9.3664435 2.0000000 0.29 0.4 0.46
v -5.4122995 9.3882971 2.0000000 0.29 0.4 0.46
v -5.3367614 9.4131734 2.0000000 0.29 0.4 0.46
v -5.2622722 9.4410332 2.0000000 0.29 0.4 0.46
v -5.1889494 9.4718324 2.0000000 0.29 0.4 0.46
v -5.1169090 9.5055223 2.0000000 0.29 0.4 0.46
v -5.0462650 9.5420496 2.0000000 0.29 0.4 0.46
v -4.9771290 9.5813566 2.0000000 0.29 0.4 0.46
v -4.9096105 9.6233812 2.0000000 0.29 0.4 0.46
v -4.8438160 9.6680568 2.0000000 0.29 0.4 0.46
v -4.7798497 9.7153129 2.0000000 0.29 0.4 0.46
v -4.7178127 9.7650747 2.0000000 0.29 0.4 0.46
v -4.6578031 9.8172635 2.0000000 0.29 0.4 0.46
v -4.5999159 9.8717968 2.0000000 0.29 0.4 0.46
v -4.5442424 9.9285884 2.0000000 0.29 0.4 0.46
v -4.4908708 9.9875485 2.0000000 0.29 0.4 0.46
v -4.4398854 10.0485838 2.0000000 0.29 0.4 0.46
v -4.3913669 10.1115979 2.0000000 0.29 0.4 0.46
v -4.3453919 10.1764911 2.0000000 0.29 0.4 0.46
v -4.3020333 10.2431608 2.0000000 0.29 0.4 0.46
v -4.2613595 10.3115016 2.0000000 0.29 0.4 0.46
v -4.2234348 10.3814054 2.0000000 0.29 0.4 0.46
v -4.1883192 10.4527617 2.0000000 0.29 0.4 0.46
v -4.1560683 10.5254577 2.0000000 0.29 0.4 0.46
v -4.1267330 10.5993783 2.0000000 0.29 0.4 0.46
v -4.1003597 10.6744068 2.0000000 0.29 0.4 0.46
v -4.0769902 10.7504245 2.0000000 0.29 0.4 0.46
v -4.0566613 10.8273111 2.0000000 0.29 0.4 0.46
v -4.0394053 10.9049452 2.0000000 0.29 0.4 0.46
v -4.0252493 10.9832040 2.0000000 0.29 0.4 0.46
v -4.0142159 11.0619636 2.0000000 0.29 0.4 0.46
v -4.0063223 11.1410997 2.0000000 0.29 0.4 0.46
v -4.0015812 11.2204870 2.0000000 0.29 0.4 0.46
v -4.0000000 11.3000000 2.0000000 0.29 0.4 0.46
v -4.0000000 11.3000000 0.8000000 0.29 0.4 0.46
v -4.0015596 11.2210314 0.8000000 0.29 0.4 0.46
v -4.0062360 11.1421859 0.8000000 0.29 0.4 0.46
v -4.0140220 11.0635865 0.8000000 0.29 0.4 0.46
v -4.0249053 10.9853559 0.8000000 0.29 0.4 0.46
v -4.0388690 10.9076160 0.8000000 0.29 0.4 0.46
v -4.0558913 10.8304881 0.8000000 0.29 0.4 0.46
v -4.0759457 10.7540924 0.8000000 0.29 0.4 0.46
v -4.0990009 10.6785481 0.8000000 0.29 0.4 0.46
v -4.1250209 10.6039731 0.8000000 0.29 0.4 0.46
v -4.1539652 10.5304836 0.8000000 0.29 0.4 0.46
v -4.1857886 10.4581942 0.8000000 0.29 0.4 0.46
v -4.2204415 10.3872178 0.8000000 0.29 0.4 0.46
v -4.2578698 10.3176649 0.8000000 0.29 0.4 0.46
v -4.2980151 10.2496441 0.8000000 0.29 0.4 0.46
v -4.3408149 10.1832615 0.8000000 0.29 0.4 0.46
v -4.3862024 10.1186205 0.8000000 0.29 0.4 0.46
v -4.4341068 10.0558221 0.8000000 0.29 0.4 0.46
v -4.4844535 9.9949641 0.8000000 0.29 0.4 0.46
v -4.5371638 9.9361415 0.8000000 0.29 0.4 0.46
v -4.5921555 9.8794459 0.8000000 0.29 0.4 0.46
v -4.6493430 9.8249659 0.8000000 0.29 0.4 0.46
v -4.7086369 9.7727864 0.8000000 0.29 0.4 0.46
v -4.7699450 9.7229887 0.8000000 0.29 0.4 0.46
v -4.8331714 9.6756506 0.8000000 0.29 0.4 0.46
v -4.8982176 9.6308459 0.8000000 0.29 0.4 0.46
v -4.9649822 9.5886443 0.8000000 0.29 0.4 0.46
v -5.0333610 9.5491119 0.8000000 0.29 0.4 0.46
v -5.1032475 9.5123102 0.8000000 0.29 0.4 0.46
v -5.1745325 9.4782966 0.8000000 0.29 0.4 0.46
v -5.2471049 9.4471241 0.8000000 0.29 0.4 0.46
v -5.3208515 9.4188415 0.8000000 0.29 0.4 0.46
v -5.3956574 9.3934927 0.8000000 0.29 0.4 0.46
v -5.4714058 9.3711174 0.8000000 0.29 0.4 0.46
v -5.5479786 9.3517504 0.8000000 0.29 0.4 0.46
v -5.6252564 9.3354219 0.8000000 0.29 0.4 0.46
v -5.7031187 9.3221574 0.8000000 0.29 0.4 0.46
v -5.7814440 9.3119775 0.8000000 0.29 0.4 0.46
v -5.8601101 9.3048983 0.8000000 0.29 0.4 0.46
v -5.9389944 9.3009306 0.8000000 0.29 0.4 0.46
v -6.0179739 9.3000808 0.8000000 0.29 0.4 0.46
v -6.0969253 9.3023500 0.8000000 0.29 0.4 0.46
v -6.1757256 9.3077348 0.8000000 0.29 0.4 0.46
v -6.2542518 9.3162268 0.8000000 0.29 0.4 0.46
v -6.3323815 9.3278127 0.8000000 0.29 0.4 0.46
v -6.4099927 9.3424745 0.8000000 0.29 0.4 0.46
v -6.4869646 9.3601893 0.8000000 0.29 0.4 0.46
v -6.5631769 9.3809295 0.8000000 0.29 0.4 0.46
v -6.6385110 9.4046626 0.8000000 0.29 0.4 0.46
v -6.7128492 9.4313518 0.8000000 0.29 0.4 0.46
v -6.7860756 9.4609554 0.8000000 0.29 0.4 0.46
v -6.8580760 9.4934271 0.8000000 0.29 0.4 0.46
v -6.9287382 9.5287164 0.8000000 0.29 0.4 0.46
v -6.9979519 9.5667683 0.8000000 0.29 0.4 0.46
v -7.0656091 9.6075233 0.8000000 0.29 0.4 0.46
v -7.1316044 9.6509180 0.8000000 0.29 0.4 0.46
v -7.1316044 9.6509180 0.2000000 0.29 0.4 0.46
v -4.0000469 11.3136919 0.2000000 0.29 0.4 0.46
v -4.0021797 11.3933501 0.2000000 0.29 0.4 0.46
v -4.0074842 11.4728601 0.2000000 0.29 0.4 0.46
v -4.0159517 11.5520956 0.2000000 0.29 0.4 0.46
v -4.0275688 11.6309310 0.2000000 0.29 0.4 0.46
v -4.0423172 11.7092410 0.2000000 0.29 0.4 0.46
v -4.0601734 11.7869013 0.2000000 0.29 0.4 0.46
v -4.0811091 11.8637887 0.2000000 0.29 0.4 0.46
v -4.1050910 11.9397811 0.2000000 0.29 0.4 0.46
v -4.1320810 12.0147578 0.2000000 0.29 0.4 0.46
v -4.1620364 12.0885998 0.2000000 0.29 0.4 0.46
v -4.1949095 12.1611900 0.2000000 0.29 0.4 0.46
v -4.2306482 12.2324130 0.2000000 0.29 0.4 0.46
v -4.2691957 12.3021559 0.2000000 0.29 0.4 0.46
v -4.3104908 12.3703078 0.2000000 0.29 0.4 0.46
v -4.3544680 12.4367606 0.2000000 0.29 0.4 0.46
v -4.4010575 12.5014088 0.2000000 0.29 0.4 0.46
v -4.4501854 12.5641497 0.2000000 0.29 0.4 0.46
v -4.5017735 12.6248839 0.2000000 0.29 0.4 0.46
v -4.5557400 12.6835148 0.2000000 0.29 0.4 0.46
v -4.6119994 12.7399494 0.2000000 0.29 0.4 0.46
v -4.6704621 12.7940980 0.2000000 0.29 0.4 0.46
v -4.7310355 12.8458749 0.2000000 0.29 0.4 0.46
v -4.7936233 12.8951976 0.2000000 0.29 0.4 0.46
v -4.8581263 12.9419880 0.2000000 0.29 0.4 0.46
v -4.9244420 12.9861717 0.2000000 0.29 0.4 0.46
v -4.9924651 13.0276786 0.2000000 0.29 0.4 0.46
v -5.0620877 13.0664429 0.2000000 0.29 0.4 0.46
v -5.1331992 13.1024029 0.2000000 0.29 0.4 0.46
v -5.2056868 13.1355017 0.2000000 0.29 0.4 0.46
v -5.2794353 13.1656866 0.2000000 0.29 0.4 0.46
v -5.3543277 13.1929097 0.2000000 0.29 0.4 0.46
v -5.4302451 13.2171279 0.2000000 0.29 0.4 0.46
v -5.5070670 13.2383026 0.2000000 0.29 0.4 0.46
v -5.5846714 13.2564003 0.2000000 0.29 0.4 0.46
v -5.6629351 13.2713922 0.2000000 0.29 0.4 0.46
v -5.7417340 13.2832546 0.2000000 0.29 0.4 0.46
v -5.8209428 13.2919685 0.2000000 0.29 0.4 0.46
v -5.9004359 13.2975202 0.2000000 0.29 0.4 0.46
v -5.9800870 13.2999009 0.2000000 0.29 0.4 0.46
v -6.0597698 13.2991067 0.2000000 0.29 0.4 0.46
v -6.1393577 13.2951390 0.2000000 0.29 0.4 0.46
v -6.2187243 13.2880039 0.2000000 0.29 0.4 0.46
v -6.2977437 13.2777130 0.2000000 0.29 0.4 0.46
v -6.3762905 13.2642824 0.2000000 0.29 0.4 0.46
v -6.4542399 13.2477336 0.2000000 0.29 0.4 0.46
v -6.5314682 13.2280927 0.2000000 0.29 0.4 0.46
v -6.6078527 13.2053910 0.2000000 0.29 0.4 0.46
v -6.6832724 13.1796646 0.2000000 0.29 0.4 0.46
v -6.7576073 13.1509541 0.2000000 0.29 0.4 0.46
v -6.8307395 13.1193053 0.2000000 0.29 0.4 0.46
v -6.9025530 13.0847684 0.2000000 0.29 0.4 0.46
v -6.9729336 13.0473981 0.2000000 0.29 0.4 0.46
v -7.0417698 13.0072539 0.2000000 0.29 0.4 0.46
v -7.1089521 12.9643994 0.2000000 0.29 0.4 0.46
v -7.1743739 12.9189027 0.2000000 0.29 0.4 0.46
v -7.2379315 12.8708359 0.2000000 0.29 0.4 0.46
v -7.2995239 12.8202755 0.2000000 0.29 0.4 0.46
v -7.3590532 12.7673017 0.2000000 0.29 0.4 0.46
v -7.4164251 12.7119986 0.2000000 0.29 0.4 0.46
v -7.4715484 12.6544539 0.2000000 0.29 0.4 0.46
v -7.5243357 12.5947590 0.2000000 0.29 0.4 0.46
v -7.5747030 12.5330087 0.2000000 0.29 0.4 0.46
v -7.6225706 12.4693010 0.2000000 0.29 0.4 0.46
v -7.6678623 12.4037370 0.2000000 0.29 0.4 0.46
v -7.7105063 12.3364209 0.2000000 0.29 0.4 0.46
v -7.7504349 12.2674595 0.2000000 0.29 0.4 0.46
v -7.7875846 12.1969622 0.2000000 0.29 0.4 0.46
v -7.8218966 12.1250410 0.2000000 0.29 0.4 0.46
v -7.8533164 12.0518100 0.2000000 0.29 0.4 0.46
v -7.8817940 11.9773856 0.2000000 0.29 0.4 0.46
v -7.9072843 11.9018858 0.2000000 0.29 0.4 0.46
v -7.9297468 11.8254306 0.2000000 0.29 0.4 0.46
v -7.9491458 11.7481412 0.2000000 0.29 0.4 0.46
v -7.9654506 11.6701404 0.2000000 0.29 0.4 0.46
v -7.9786353 11.5915520 0.2000000 0.29 0.4 0.46
v -7.9886788 11.5125007 0.2000000 0.29 0.4 0.46
v -7.9955654 11.4331121 0.2000000 0.29 0.4 0.46
v -7.9992840 11.3535122 0.2000000 0.29 0.4 0.46
v -7.9998287 11.2738274 0.2000000 0.29 0.4 0.46
v -7.9971988 11.1941841 0.2000000 0.29 0.4 0.46
v -7.9913983 11.1147088 0.2000000 0.29 0.4 0.46
v -7.9824365 11.0355276 0.2000000 0.29 0.4 0.46
v -7.9703275 10.9567663 0.2000000 0.29 0.4 0.46
v -7.9550907 10.8785498 0.2000000 0.29 0.4 0.46
v -7.9367502 10.8010024 0.2000000 0.29 0.4 0.46
v -7.9153351 10.7242472 0.2000000 0.29 0.4 0.46
v -7.8908795 10.6484060 0.2000000 0.29 0.4 0.46
v -7.8634221 10.5735991 0.2000000 0.29 0.4 0.46
v -7.8330065 10.4999455 0.2000000 0.29 0.4 0.46
v -7.7996810 10.4275619 0.2000000 0.29 0.4 0.46
v -7.7634985 10.3565633 0.2000000 0.29 0.4 0.46
v -7.7245166 10.2870624 0.2000000 0.29 0.4 0.46
v -7.6827969 10.2191695 0.2000000 0.29 0.4 0.46
v -7.6384058 10.1529924 0.2000000 0.29 0.4 0.46
v -7.5914138 10.0886362 0.2000000 0.29 0.4 0.46
v -7.5418954 10.0262031 0.2000000 0.29 0.4 0.46
v -7.4899292 9.9657920 0.2000000 0.29 0.4 0.46
v -7.4355978 9.9074991 0.2000000 0.29 0.4 0.46
v -7.3789874 9.8514167 0.2000000 0.29 0.4 0.46
v -7.3201879 9.7976339 0.2000000 0.29 0.4 0.46
v -7.2592926 9.7462361 0.2000000 0.29 0.4 0.46
v -7.1963981 9.6973049 0.2000000 0.29 0.4 0.46
v -4.0000000 11.3000000 2.0000000 0.29 0.4 0.46
v -4.0015812 11.3795130 2.0000000 0.29 0.4 0.46
v -4.0063223 11.4589003 2.0000000 0.29 0.4 0.46
v -4.0142159 11.5380364 2.0000000 0.29 0.4 0.46
v -4.0252493 11.6167960 2.0000000 0.29 0.4 0.46
v -4.0394053 11.6950548 2.0000000 0.29 0.4 0.46
v -4.0566613 11.7726889 2.0000000 0.29 0.4 0.46
v -4.0769902 11.8495755 2.0000000 0.29 0.4 0.46
v -4.1003597 11.9255932 2.0000000 0.29 0.4 0.46
v -4.1267330 12.0006217 2.0000000 0.29 0.4 0.46
v -4.1560683 12.0745423 2.0000000 0.29 0.4 0.46
v -4.1883192 12.1472383 2.0000000 0.29 0.4 0.46
v -4.2234348 12.2185946 2.0000000 0.29 0.4 0.46
v -4.2613595 12.2884984 2.0000000 0.29 0.4 0.46
v -4.3020333 12.3568392 2.0000000 0.29 0.4 0.46
v -4.3453919 12.4235089 2.0000000 0.29 0.4 0.46
v -4.3913669 12.4884021 2.0000000 0.29 0.4 0.46
v -4.4398854 12.5514162 2.0000000 0.29 0.4 0.46
v -4.4908708 12.6124515 2.0000000 0.29 0.4 0.46
v -4.5442424 12.6714116 2.0000000 0.29 0.4 0.46
v -4.5999159 12.7282032 2.0000000 0.29 0.4 0.46
v -4.6578031 12.7827365 2.0000000 0.29 0.4 0.46
v -4.7178127 12.8349253 2.0000000 0.29 0.4 0.46
v -4.7798497 12.8846871 2.0000000 0.29 0.4 0.46
v -4.8438160 12.9319432 2.0000000 0.29 0.4 0.46
v -4.9096105 12.9766188 2.0000000 0.29 0.4 0.46
v -4.9771290 13.0186434 2.0000000 0.29 0.4 0.46
v -5.0462650 13.0579504 2.0000000 0.29 0.4 0.46
v -5.1169090 13.0944777 2.0000000 0.29 0.4 0.46
v -5.1889494 13.1281676 2.0000000 0.29 0.4 0.46
v -5.2622722 13.1589668 2.0000000 0.29 0.4 0.46
v -5.3367614 13.1868266 2.0000000 0.29 0.4 0.46
v -5.4122995 13.2117029 2.0000000 0.29 0.4 0.46
v -5.4887667 13.2335565 2.0000000 0.29 0.4 0.46
v -5.5660424 13.2523526 2.0000000 0.29 0.4 0.46
v -5.6440042 13.2680617 2.0000000 0.29 0.4 0.46
v -5.7225289 13.2806589 2.0000000 0.29 0.4 0.46
v -5.8014924 13.2901243 2.0000000 0.29 0.4 0.46
v -5.8807697 13.2964429 2.0000000 0.29 0.4 0.46
v -5.9602356 13.2996047 2.0000000 0.29 0.4 0.46
v -6.0397644 13.2996047 2.0000000 0.29 0.4 0.46
v -6.1192303 13.2964429 2.0000000 0.29 0.4 0.46
v -6.1985076 13.2901243 2.0000000 0.29 0.4 0.46
v -6.2774711 13.2806589 2.0000000 0.29 0.4 0.46
v -6.3559958 13.2680617 2.0000000 0.29 0.4 0.46
v -6.4339576 13.2523526 2.0000000 0.29 0.4 0.46
v -6.5112333 13.2335565 2.0000000 0.29 0.4 0.46
v -6.5877005 13.2117029 2.0000000 0.29 0.4 0.46
v -6.6632386 13.1868266 2.0000000 0.29 0.4 0.46
v -6.7377278 13.1589668 2.0000000 0.29 0.4 0.46
v -6.8110506 13.1281676 2.0000000 0.29 0.4 0.46
v -6.8830910 13.0944777 2.0000000 0.29 0.4 0.46
v -6.9537350 13.0579504 2.0000000 0.29 0.4 0.46
v -7.0228710 13.0186434 2.0000000 0.29 0.4 0.46
v -7.0903895 12.9766188 2.0000000 0.29 0.4 0.46
v -7.1561840 12.9319432 2.0000000 0.29 0.4 0.46
v -7.2201503 12.8846871 2.0000000 0.29 0.4 0.46
v -7.2821873 12.8349253 2.0000000 0.29 0.4 0.46
v -7.3421969 12.7827365 2.0000000 0.29 0.4 0.46
v -7.4000841 12.7282032 2.0000000 0.29 0.4 0.46
v -7.4557576 12.6714116 2.0000000 0.29 0.4 0.46
v -7.5091292 12.6124515 2.0000000 0.29 0.4 0.46
v -7.5601146 12.5514162 2.0000000 0.29 0.4 0.46
v -7.6086331 12.4884021 2.0000000 0.29 0.4 0.46
v -7.6546081 12.4235089 2.0000000 0.29 0.4 0.46
v -7.6979667 12.3568392 2.0000000 0.29 0.4 0.46
v -7.7386405 12.2884984 2.0000000 0.29 0.4 0.46
v -7.7765652 12.2185946 2.0000000 0.29 0.4 0.46
v -7.8116808 12.1472383 2.0000000 0.29 0.4 0.46
v -7.8439317 12.0745423 2.0000000 0.29 0.4 0.46
v -7.8732670 12.0006217 2.0000000 0.29 0.4 0.46
v -7.8996403 11.9255932 2.0000000 0.29 0.4 0.46
v -7.9230098 11.8495755 2.0000000 0.29 0.4 0.46
v -7.9433387 11.7726889 2.0000000 0.29 0.4 0.46
v -7.9605947 11.6950548 2.0000000 0.29 0.4 0.46
v -7.9747507 11.6167960 2.0000000 0.29 0.4 0.46
v -7.9857841 11.5380364 2.0000000 0.29 0.4 0.46
v -7.9936777 11.4589003 2.0000000 0.29 0.4 0.46
v -7.9984188 11.3795130 2.0000000 0.29 0.4 0.46
v -8.0000000 11.3000000 2.0000000 0.29 0.4 0.46
v -7.9984188 11.2204870 2.0000000 0.29 0.4 0.46
v -7.9936777 11.1410997 2.0000000 0.29 0.4 0.46
v -7.9857841 11.0619636 2.0000000 0.29 0.4 0.46
v -7.9747507 10.9832040 2.0000000 0.29 0.4 0.46
v -7.9605947 10.9049452 2.0000000 0.29 0.4 0.46
v -7.9433387 10.8273111 2.0000000 0.29 0.4 0.46
v -7.9230098 10.7504245 2.0000000 0.29 0.4 0.46
v -7.8996403 10.6744068 2.0000000 0.29 0.4 0.46
v -7.8732670 10.5993783 2.0000000 0.29 0.4 0.46
v -7.8439317 10.5254577 2.0000000 0.29 0.4 0.46
v -7.8116808 10.4527617 2.0000000 0.29 0.4 0.46
v -7.7765652 10.3814054 2.0000000 0.29 0.4 0.46
v -7.7386405 10.3115016 2.0000000 0.29 0.4 0.46
v -7.6979667 10.2431608 2.0000000 0.29 0.4 0.46
v -7.6546081 10.1764911 2.0000000 0.29 0.4 0.46
v -7.6086331 10.1115979 2.0000000 0.29 0.4 0.46
v -7.5601146 10.0485838 2.0000000 0.29 0.4 0.46
v -7.5091292 9.9875485 2.0000000 0.29 0.4 0.46
v -7.4557576 9.9285884 2.0000000 0.29 0.4 0.46
v -7.4000841 9.8717968 2.0000000 0.29 0.4 0.46
v -7.3421969 9.8172635 2.0000000 0.29 0.4 0.46
v -7.2821873 9.7650747 2.0000000 0.29 0.4 0.46
v -7.2201503 9.7153129 2.0000000 0.29 0.4 0.46
v -7.1561840 9.6680568 2.0000000 0.29 0.4 0.46
v -7.0903895 9.6233812 2.0000000 0.29 0.4 0.46
v -7.0228710 9.5813566 2.0000000 0.29 0.4 0.46
v -6.9537350 9.5420496 2.0000000 0.29 0.4 0.46
v -6.8830910 9.5055223 2.0000000 0.29 0.4 0.46
v -6.8110506 9.4718324 2.0000000 0.29 0.4 0.46
v -6.7377278 9.4410332 2.0000000 0.29 0.4 0.46
v -6.6632386 9.4131734 2.0000000 0.29 0.4 0.46
v -6.5877005 9.3882971 2.0000000 0.29 0.4 0.46
v -6.5112333 9.3664435 2.0000000 0.29 0.4 0.46
v -6.4339576 9.3476474 2.0000000 0.29 0.4 0.46
v -6.3559958 9.3319383 2.0000000 0.29 0.4 0.46
v -6.2774711 9.3193411 2.0000000 0.29 0.4 0.46
v -6.1985076 9.3098757 2.0000000 0.29 0.4 0.46
v -6.1192303 9.3035571 2.0000000 0.29 0.4 0.46
v -6.0397644 9.3003953 2.0000000 0.29 0.4 0.46
v -5.9602356 9.3003953 2.0000000 0.29 0.4 0.46
v -5.8807697 9.3035571 2.0000000 0.29 0.4 0.46
v -5.8014924 9.3098757 2.0000000 0.29 0.4 0.46
v -5.7225289 9.3193411 2.0000000 0.29 0.4 0.46
v -5.6440042 9.3319383 2.0000000 0.29 0.4 0.46
v -5.5660424 9.3476474 2.0000000 0.29 0.4 0.46
v -5.4887667 9.3664435 2.0000000 0.29 0.4 0.46
v -5.4122995 9.3882971 2.0000000 0.29 0.4 0.46
v -5.3367614 9.4131734 2.0000000 0.29 0.4 0.46
v -5.2622722 9.4410332 2.0000000 0.29 0.4 0.46
v -5.1889494 9.4718324 2.0000000 0.29 0.4 0.46
v -5.1169090 9.5055223 2.0000000 0.29 0.4 0.46
v -5.0462650 9.5420496 2.0000000 0.29 0.4 0.46
v -4.9771290 9.5813566 2.0000000 0.29 0.4 0.46
v -4.9096105 9.6233812 2.0000000 0.29 0.4 0.46
v -4.8438160 9.6680568 2.0000000 0.29 0.4 0.46
v -4.7798497 9.7153129 2.0000000 0.29 0.4 0.46
v -4.7178127 9.7650747 2.0000000 0.29 0.4 0.46
v -4.6578031 9.8172635 2.0000000 0.29 0.4 0.46
v -4.5999159 9.8717968 2.0000000 0.29 0.4 0.46
v -4.5442424 9.9285884 2.0000000 0.29 0.4 0.46
v -4.4908708 9.9875485 2.0000000 0.29 0.4 0.46
v -4.4398854 10.0485838 2.0000000 0.29 0.4 0.46
v -4.3913669 10.1115979 2.0000000 0.29 0.4 0.46
v -4.3453919 10.1764911 2.0000000 0.29 0.4 0.46
v -4.3020333 10.2431608 2.0000000 0.29 0.4 0.46
v -4.2613595 10.3115016 2.0000000 0.29 0.4 0.46
v -4.2234348 10.3814054 2.0000000 0.29 0.4 0.46
v -4.1883192 10.4527617 2.0000000 0.29 0.4 0.46
v -4.1560683 10.5254577 2.0000000 0.29 0.4 0.46
v -4.1267330 10.5993783 2.0000000 0.29 0.4 0.46
v -4.1003597 10.6744068 2.0000000 0.29 0.4 0.46
v -4.0769902 10.7504245 2.0000000 0.29 0.4 0.46
v -4.0566613 10.8273111 2.0000000 0.29 0.4 0.46
v -4.0394053 10.9049452 2.0000000 0.29 0.4 0.46
v -4.0252493 10.9832040 2.0000000 0.29 0.4 0.46
v -4.0142159 11.0619636 2.0000000 0.29 0.4 0.46
v -4.0063223 11.1410997 2.0000000 0.29 0.4 0.46
v -4.0015812 11.2204870 2.0000000 0.29 0.4 0.46
v -4.9000000 11.3000000 2.0000000 0.29 0.4 0.46
v -4.9008697 11.2562678 2.0000000 0.29 0.4 0.46
v -4.9034773 11.2126048 2.0000000 0.29 0.4 0.46
v -4.9078187 11.1690800 2.0000000 0.29 0.4 0.46
v -4.9138871 11.1257622 2.0000000 0.29 0.4 0.46
v -4.9216729 11.0827199 2.0000000 0.29 0.4 0.46
v -4.9311637 11.0400211 2.0000000 0.29 0.4 0.46
v -4.9423446 10.9977335 2.0000000 0.29 0.4 0.46
v -4.9551979 10.9559237 2.0000000 0.29 0.4 0.46
v -4.9697032 10.9146581 2.0000000 0.29 0.4 0.46
v -4.9858376 10.8740017 2.0000000 0.29 0.4 0.46
v -5.0035756 10.8340189 2.0000000 0.29 0.4 0.46
v -5.0228891 10.7947730 2.0000000 0.29 0.4 0.46
v -5.0437477 10.7563259 2.0000000 0.29 0.4 0.46
v -5.0661183 10.7187385 2.0000000 0.29 0.4 0.46
v -5.0899656 10.6820701 2.0000000 0.29 0.4 0.46
v -5.1152518 10.6463789 2.0000000 0.29 0.4 0.46
v -5.1419370 10.6117211 2.0000000 0.29 0.4 0.46
v -5.1699789 10.5781517 2.0000000 0.29 0.4 0.46
v -5.1993333 10.5457236 2.0000000 0.29 0.4 0.46
v -5.2299537 10.5144882 2.0000000 0.29 0.4 0.46
v -5.2617917 10.4844949 2.0000000 0.29 0.4 0.46
v -5.2947970 10.4557911 2.0000000 0.29 0.4 0.46
v -5.3289173 10.4284221 2.0000000 0.29 0.4 0.46
v -5.3640988 10.4024312 2.0000000 0.29 0.4 0.46
v -5.4002858 10.3778597 2.0000000 0.29 0.4 0.46
v -5.4374210 10.3547462 2.0000000 0.29 0.4 0.46
v -5.4754457 10.3331273 2.0000000 0.29 0.4 0.46
v -5.5143000 10.3130373 2.0000000 0.29 0.4 0.46
v -5.5539221 10.2945078 2.0000000 0.29 0.4 0.46
v -5.5942497 10.2775683 2.0000000 0.29 0.4 0.46
v -5.6352188 10.2622454 2.0000000 0.29 0.4 0.46
v -5.6767647 10.2485634 2.0000000 0.29 0.4 0.46
v -5.7188217 10.2365440 2.0000000 0.29 0.4 0.46
v -5.7613233 10.2262061 2.0000000 0.29 0.4 0.46
v -5.8042023 10.2175660 2.0000000 0.29 0.4 0.46
v -5.8473909 10.2106376 2.0000000 0.29 0.4 0.46
v -5.8908208 10.2054316 2.0000000 0.29 0.4 0.46
v -5.9344234 10.2019564 2.0000000 0.29 0.4 0.46
v -5.9781296 10.2002174 2.0000000 0.29 0.4 0.46
v -6.0218704 10.2002174 2.0000000 0.29 0.4 0.46
v -6.0655766 10.2019564 2.0000000 0.29 0.4 0.46
v -6.1091792 10.2054316 2.0000000 0.29 0.4 0.46
v -6.1526091 10.2106376 2.0000000 0.29 0.4 0.46
v -6.1957977 10.2175660 2.0000000 0.29 0.4 0.46
v -6.2386767 10.2262061 2.0000000 0.29 0.4 0.46
v -6.2811783 10.2365440 2.0000000 0.29 0.4 0.46
v -6.3232353 10.2485634 2.0000000 0.29 0.4 0.46
v -6.3647812 10.2622454 2.0000000 0.29 0.4 0.46
v -6.4057503 10.2775683 2.0000000 0.29 0.4 0.46
v -6.4460779 10.2945078 2.0000000 0.29 0.4 0.46
v -6.4857000 10.3130373 2.0000000 0.29 0.4 0.46
v -6.5245543 10.3331273 2.0000000 0.29 0.4 0.46
v -6.5625790 10.3547462 2.0000000 0.29 0.4 0.46
v -6.5997142 10.3778597 2.0000000 0.29 0.4 0.46
v -6.6359012 10.4024312 2.0000000 0.29 0.4 0.46
v -6.6710827 10.4284221 2.0000000 0.29 0.4 0.46
v -6.7052030 10.4557911 2.0000000 0.29 0.4 0.46
v -6.7382083 10.4844949 2.0000000 0.29 0.4 0.46
v -6.7700463 10.5144882 2.0000000 0.29 0.4 0.46
v -6.8006667 10.5457236 2.0000000 0.29 0.4 0.46
v -6.8300211 10.5781517 2.0000000 0.29 0.4 0.46
v -6.8580630 10.6117211 2.0000000 0.29 0.4 0.46
v -6.8847482 10.6463789 2.0000000 0.29 0.4 0.46
v -6.9100344 10.6820701 2.0000000 0.29 0.4 0.46
v -6.9338817 10.7187385 2.0000000 0.29 0.4 0.46
v -6.9562523 10.7563259 2.0000000 0.29 0.4 0.46
v -6.9771109 10.7947730 2.0000000 0.29 0.4 0.46
v -6.9964244 10.8340189 2.0000000 0.29 0.4 0.46
v -7.0141624 10.8740017 2.0000000 0.29 0.4 0.46
v -7.0302968 10.9146581 2.0000000 0.29 0.4 0.46
v -7.0448021 10.9559237 2.0000000 0.29 0.4 0.46
v -7.0576554 10.9977335 2.0000000 0.29 0.4 0.46
v -7.0688363 11.0400211 2.0000000 0.29 0.4 0.46
v -7.0783271 11.0827199 2.0000000 0.29 0.4 0.46
v -7.0861129 11.1257622 2.0000000 0.29 0.4 0.46
v -7.0921813 11.1690800 2.0000000 0.29 0.4 0.46
v -7.0965227 11.2126048 2.0000000 0.29 0.4 0.46
v -7.0991303 11.2562678 2.0000000 0.29 0.4 0.46
v -7.1000000 11.3000000 2.0000000 0.29 0.4 0.46
v -7.0991303 11.3437322 2.0000000 0.29 0.4 0.46
v -7.0965227 11.3873952 2.0000000 0.29 0.4 0.46
v -7.0921813 11.4309200 2.0000000 0.29 0.4 0.46
v -7.0861129 11.4742378 2.0000000 0.29 0.4 0.46
v -7.0783271 11.5172801 2.0000000 0.29 0.4 0.46
v -7.0688363 11.5599789 2.0000000 0.29 0.4 0.46
v -7.0576554 11.6022665 2.0000000 0.29 0.4 0.46
v -7.0448021 11.6440763 2.0000000 0.29 0.4 0.46
v -7.0302968 11.6853419 2.0000000 0.29 0.4 0.46
v -7.0141624 11.7259983 2.0000000 0.29 0.4 0.46
v -6.9964244 11.7659811 2.0000000 0.29 0.4 0.46
v -6.9771109 11.8052270 2.0000000 0.29 0.4 0.46
v -6.9562523 11.8436741 2.0000000 0.29 0.4 0.46
v -6.9338817 11.8812615 2.0000000 0.29 0.4 0.46
v -6.9100344 11.9179299 2.0000000 0.29 0.4 0.46
v -6.8847482 11.9536211 2.0000000 0.29 0.4 0.46
v -6.8580630 11.9882789 2.0000000 0.29 0.4 0.46
v -6.8300211 12.0218483 2.0000000 0.29 0.4 0.46
v -6.8006667 12.0542764 2.0000000 0.29 0.4 0.46
v -6.7700463 12.0855118 2.0000000 0.29 0.4 0.46
v -6.7382083 12.1155051 2.0000000 0.29 0.4 0.46
v -6.7052030 12.1442089 2.0000000 0.29 0.4 0.46
v -6.6710827 12.1715779 2.0000000 0.29 0.4 0.46
v -6.6359012 12.1975688 2.0000000 0.29 0.4 0.46
v -6.5997142 12.2221403 2.0000000 0.29 0.4 0.46
v -6.5625790 12.2452538 2.0000000 0.29 0.4 0.46
v -6.5245543 12.2668727 2.0000000 0.29 0.4 0.46
v -6.4857000 12.2869627 2.0000000 0.29 0.4 0.46
v -6.4460779 12.3054922 2.0000000 0.29 0.4 0.46
v -6.4057503 12.3224317 2.0000000 0.29 0.4 0.46
v -6.3647812 12.3377546 2.0000000 0.29 0.4 0.46
v -6.3232353 12.3514366 2.0000000 0.29 0.4 0.46
v -6.2811783 12.3634560 2.0000000 0.29 0.4 0.46
v -6.2386767 12.3737939 2.0000000 0.29 0.4 0.46
v -6.1957977 12.3824340 2.0000000 0.29 0.4 0.46
v -6.1526091 12.3893624 2.0000000 0.29 0.4 0.46
v -6.1091792 12.3945684 2.0000000 0.29 0.4 0.46
v -6.0655766 12.3980436 2.0000000 0.29 0.4 0.46
v -6.0218704 12.3997826 2.0000000 0.29 0.4 0.46
v -5.9781296 12.3997826 2.0000000 0.29 0.4 0.46
v -5.9344234 12.3980436 2.0000000 0.29 0.4 0.46
v -5.8908208 12.3945684 2.0000000 0.29 0.4 0.46
v -5.8473909 12.3893624 2.0000000 0.29 0.4 0.46
v -5.8042023 12.3824340 2.0000000 0.29 0.4 0.46
v -5.7613233 12.3737939 2.0000000 0.29 0.4 0.46
v -5.7188217 12.3634560 2.0000000 0.29 0.4 0.46
v -5.6767647 12.3514366 2.0000000 0.29 0.4 0.46
v -5.6352188 12.3377546 2.0000000 0.29 0.4 0.46
v -5.5942497 12.3224317 2.0000000 0.29 0.4 0.46
v -5.5539221 12.3054922 2.0000000 0.29 0.4 0.46
v -5.5143000 12.2869627 2.0000000 0.29 0.4 0.46
v -5.4754457 12.2668727 2.0000000 0.29 0.4 0.46
v -5.4374210 12.2452538 2.0000000 0.29 0.4 0.46
v -5.4002858 12.2221403 2.0000000 0.29 0.4 0.46
v -5.3640988 12.1975688 2.0000000 0.29 0.4 0.46
v -5.3289173 12.1715779 2.0000000 0.29 0.4 0.46
v -5.2947970 12.1442089 2.0000000 0.29 0.4 0.46
v -5.2617917 12.1155051 2.0000000 0.29 0.4 0.46
v -5.2299537 12.0855118 2.0000000 0.29 0.4 0.46
v -5.1993333 12.0542764 2.0000000 0.29 0.4 0.46
v -5.1699789 12.0218483 2.0000000 0.29 0.4 0.46
v -5.1419370 11.9882789 2.0000000 0.29 0.4 0.46
v -5.1152518 11.9536211 2.0000000 0.29 0.4 0.46
v -5.0899656 11.9179299 2.0000000 0.29 0.4 0.46
v -5.0661183 11.8812615 2.0000000 0.29 0.4 0.46
v -5.0437477 11.8436741 2.0000000 0.29 0.4 0.46
v -5.0228891 11.8052270 2.0000000 0.29 0.4 0.46
v -5.0035756 11.7659811 2.0000000 0.29 0.4 0.46
v -4.9858376 11.7259983 2.0000000 0.29 0.4 0.46
v -4.9697032 11.6853419 2.0000000 0.29 0.4 0.46
v -4.9551979 11.6440763 2.0000000 0.29 0.4 0.46
v -4.9423446 11.6022665 2.0000000 0.29 0.4 0.46
v -4.9311637 11.5599789 2.0000000 0.29 0.4 0.46
v -4.9216729 11.5172801 2.0000000 0.29 0.4 0.46
v -4.9138871 11.4742378 2.0000000 0.29 0.4 0.46
v -4.9078187 11.4309200 2.0000000 0.29 0.4 0.46
v -4.9034773 11.3873952 2.0000000 0.29 0.4 0.46
v -4.9008697 11.3437322 2.0000000 0.29 0.4 0.46
v -4.9000000 11.3000000 1.2000000 0.29 0.4 0.46
v -4.9008697 11.3437322 1.2000000 0.29 0.4 0.46
v -4.9034773 11.3873952 1.2000000 0.29 0.4 0.46
v -4.9078187 11.4309200 1.2000000 0.29 0.4 0.46
v -4.9138871 11.4742378 1.2000000 0.29 0.4 0.46
v -4.9216729 11.5172801 1.2000000 0.29 0.4 0.46
v -4.9311637 11.5599789 1.2000000 0.29 0.4 0.46
v -4.9423446 11.6022665 1.2000000 0.29 0.4 0.46
v -4.9551979 11.6440763 1.2000000 0.29 0.4 0.46
v -4.9697032 11.6853419 1.2000000 0.29 0.4 0.46
v -4.9858376 11.7259983 1.2000000 0.29 0.4 0.46
v -5.0035756 11.7659811 1.2000000 0.29 0.4 0.46
v -5.0228891 11.8052270 1.2000000 0.29 0.4 0.46
v -5.0437477 11.8436741 1.2000000 0.29 0.4 0.46
v -5.0661183 11.8812615 1.2000000 0.29 0.4 0.46
v -5.0899656 11.9179299 1.2000000 0.29 0.4 0.46
v -5.1152518 11.9536211 1.2000000 0.29 0.4 0.46
v -5.1419370 11.9882789 1.2000000 0.29 0.4 0.46
v -5.1699789 12.0218483 1.2000000 0.29 0.4 0.46
v -5.1993333 12.0542764 1.2000000 0.29 0.4 0.46
v -5.2299537 12.0855118 1.2000000 0.29 0.4 0.46
v -5.2617917 12.1155051 1.2000000 0.29 0.4 0.46
v -5.2947970 12.1442089 1.2000000 0.29 0.4 0.46
v -5.3289173 12.1715779 1.2000000 0.29 0.4 0.46
v -5.3640988 12.1975688 1.2000000 0.29 0.4 0.46
v -5.4002858 12.2221403 1.2000000 0.29 0.4 0.46
v -5.4374210 12.2452538 1.2000000 0.29 0.4 0.46
v -5.4754457 12.2668727 1.2000000 0.29 0.4 0.46
v -5.5143000 12.2869627 1.2000000 0.29 0.4 0.46
v -5.5539221 12.3054922 1.2000000 0.29 0.4 0.46
v -5.5942497 12.3224317 1.2000000 0.29 0.4 0.46
v -5.6352188 12.3377546 1.2000000 0.29 0.4 0.46
v -5.6767647 12.3514366 1.2000000 0.29 0.4 0.46
v -5.7188217 12.3634560 1.2000000 0.29 0.4 0.46
v -5.7613233 12.3737939 1.2000000 0.29 0.4 0.46
v -5.8042023 12.3824340 1.2000000 0.29 0.4 0.46
v -5.8473909 12.3893624 1.2000000 0.29 0.4 0.46
v -5.8908208 12.3945684 1.2000000 0.29 0.4 0.46
v -5.9344234 12.3980436 1.2000000 0.29 0.4 0.46
v -5.9781296 12.3997826 1.2000000 0.29 0.4 0.46
v -6.0218704 12.3997826 1.2000000 0.29 0.4 0.46
v -6.0655766 12.3980436 1.2000000 0.29 0.4 0.46
v -6.1091792 12.3945684 1.2000000 0.29 0.4 0.46
v -6.1526091 12.3893624 1.2000000 0.29 0.4 0.46
v -6.1957977 12.3824340 1.2000000 0.29 0.4 0.46
v -6.2386767 12.3737939 1.2000000 0.29 0.4 0.46
v -6.2811783 12.3634560 1.2000000 0.29 0.4 0.46
v -6.3232353 12.3514366 1.2000000 0.29 0.4 0.46
v -6.3647812 12.3377546 1.2000000 0.29 0.4 0.46
v -6.4057503 12.3224317 1.2000000 0.29 0.4 0.46
v -6.4460779 12.3054922 1.2000000 0.29 0.4 0.46
v -6.4857000 12.2869627 1.2000000 0.29 0.4 0.46
v -6.5245543 12.2668727 1.2000000 0.29 0.4 0.46
v -6.5625790 12.2452538 1.2000000 0.29 0.4 0.46
v -6.5997142 12.2221403 1.2000000 0.29 0.4 0.46
v -6.6359012 12.1975688 1.2000000 0.29 0.4 0.46
v -6.6710827 12.1715779 1.2000000 0.29 0.4 0.46
v -6.7052030 12.1442089 1.2000000 0.29 0.4 0.46
v -6.7382083 12.1155051 1.2000000 0.29 0.4 0.46
v -6.7700463 12.0855118 1.2000000 0.29 0.4 0.46
v -6.8006667 12.0542764 1.2000000 0.29 0.4 0.46
v -6.8300211 12.0218483 1.2000000 0.29 0.4 0.46
v -6.8580630 11.9882789 1.2000000 0.29 0.4 0.46
v -6.8847482 11.9536211 1.2000000 0.29 0.4 0.46
v -6.9100344 11.9179299 1.2000000 0.29 0.4 0.46
v -6.9338817 11.8812615 1.2000000 0.29 0.4 0.46
v -6.9562523 11.8436741 1.2000000 0.29 0.4 0.46
v -6.9771109 11.8052270 1.2000000 0.29 0.4 0.46
v -6.9964244 11.7659811 1.2000000 0.29 0.4 0.46
v -7.0141624 11.7259983 1.2000000 0.29 0.4 0.46
v -7.0302968 11.6853419 1.2000000 0.29 0.4 0.46
v -7.0448021 11.6440763 1.2000000 0.29 0.4 0.46
v -7.0576554 11.6022665 1.2000000 0.29 0.4 0.46
v -7.0688363 11.5599789 1.2000000 0.29 0.4 0.46
v -7.0783271 11.5172801 1.2000000 0.29 0.4 0.46
v -7.0861129 11.4742378 1.2000000 0.29 0.4 0.46
v -7.0921813 11.4309200 1.2000000 0.29 0.4 0.46
v -7.0965227 11.3873952 1.2000000 0.29 0.4 0.46
v -7.0991303 11.3437322 1.2000000 0.29 0.4 0.46
v -7.1000000 11.3000000 1.2000000 0.29 0.4 0.46
v -7.0991303 11.2562678 1.2000000 0.29 0.4 0.46
v -7.0965227 11.2126048 1.2000000 0.29 0.4 0.46
v -7.0921813 11.1690800 1.2000000 0.29 0.4 0.46
v -7.0861129 11.1257622 1.2000000 0.29 0.4 0.46
v -7.0783271 11.0827199 1.2000000 0.29 0.4 0.46
v -7.0688363 11.0400211 1.2000000 0.29 0.4 0.46
v -7.0576554 10.9977335 1.2000000 0.29 0.4 0.46
v -7.0448021 10.9559237 1.2000000 0.29 0.4 0.46
v -7.0302968 10.9146581 1.2000000 0.29 0.4 0.46
v -7.0141624 10.8740017 1.2000000 0.29 0.4 0.46
v -6.9964244 10.8340189 1.2000000 0.29 0.4 0.46
v -6.9771109 10.7947730 1.2000000 0.29 0.4 0.46
v -6.9562523 10.7563259 1.2000000 0.29 0.4 0.46
v -6.9338817 10.7187385 1.2000000 0.29 0.4 0.46
v -6.9100344 10.6820701 1.2000000 0.29 0.4 0.46
v -6.8847482 10.6463789 1.2000000 0.29 0.4 0.46
v -6.8580630 10.6117211 1.2000000 0.29 0.4 0.46
v -6.8300211 10.5781517 1.2000000 0.29 0.4 0.46
v -6.8006667 10.5457236 1.2000000 0.29 0.4 0.46
v -6.7700463 10.5144882 1.2000000 0.29 0.4 0.46
v -6.7382083 10.4844949 1.2000000 0.29 0.4 0.46
v -6.7052030 10.4557911 1.2000000 0.29 0.4 0.46
v -6.6710827 10.4284221 1.2000000 0.29 0.4 0.46
v -6.6359012 10.4024312 1.2000000 0.29 0.4 0.46
v -6.5997142 10.3778597 1.2000000 0.29 0.4 0.46
v -6.5625790 10.3547462 1.2000000 0.29 0.4 0.46
v -6.5245543 10.3331273 1.2000000 0.29 0.4 0.46
v -6.4857000 10.3130373 1.2000000 0.29 0.4 0.46
v -6.4460779 10.2945078 1.2000000 0.29 0.4 0.46
v -6.4057503 10.2775683 1.2000000 0.29 0.4 0.46
v -6.3647812 10.2622454 1.2000000 0.29 0.4 0.46
v -6.3232353 10.2485634 1.2000000 0.29 0.4 0.46
v -6.2811783 10.2365440 1.2000000 0.29 0.4 0.46
v -6.2386767 10.2262061 1.2000000 0.29 0.4 0.46
v -6.1957977 10.2175660 1.2000000 0.29 0.4 0.46
v -6.1526091 10.2106376 1.2000000 0.29 0.4 0.46
v -6.1091792 10.2054316 1.2000000 0.29 0.4 0.46
v -6.0655766 10.2019564 1.2000000 0.29 0.4 0.46
v -6.0218704 10.2002174 1.2000000 0.29 0.4 0.46
v -5.9781296 10.2002174 1.2000000 0.29 0.4 0.46
v -5.9344234 10.2019564 1.2000000 0.29 0.4 0.46
v -5.8908208 10.2054316 1.2000000 0.29 0.4 0.46
v -5.8473909 10.2106376 1.2000000 0.29 0.4 0.46
v -5.8042023 10.2175660 1.2000000 0.29 0.4 0.46
v -5.7613233 10.2262061 1.2000000 0.29 0.4 0.46
v -5.7188217 10.2365440 1.2000000 0.29 0.4 0.46
v -5.6767647 10.2485634 1.2000000 0.29 0.4 0.46
v -5.6352188 10.2622454 1.2000000 0.29 0.4 0.46
v -5.5942497 10.2775683 1.2000000 0.29 0.4 0.46
v -5.5539221 10.2945078 1.2000000 0.29 0.4 0.46
v -5.5143000 10.3130373 1.2000000 0.29 0.4 0.46
v -5.4754457 10.3331273 1.2000000 0.29 0.4 0.46
v -5.4374210 10.3547462 1.2000000 0.29 0.4 0.46
v -5.4002858 10.3778597 1.2000000 0.29 0.4 0.46
v -5.3640988 10.4024312 1.2000000 0.29 0.4 0.46
v -5.3289173 10.4284221 1.2000000 0.29 0.4 0.46
v -5.2947970 10.4557911 1.2000000 0.29 0.4 0.46
v -5.2617917 10.4844949 1.2000000 0.29 0.4 0.46
v -5.2299537 10.5144882 1.2000000 0.29 0.4 0.46
v -5.1993333 10.5457236 1.2000000 0.29 0.4 0.46
v -5.1699789 10.5781517 1.2000000 0.29 0.4 0.46
v -5.1419370 10.6117211 1.2000000 0.29 0.4 0.46
v -5.1152518 10.6463789 1.2000000 0.29 0.4 0.46
v -5.0899656 10.6820701 1.2000000 0.29 0.4 0.46
v -5.0661183 10.7187385 1.2000000 0.29 0.4 0.46
v -5.0437477 10.7563259 1.2000000 0.29 0.4 0.46
v -5.0228891 10.7947730 1.2000000 0.29 0.4 0.46
v -5.0035756 10.8340189 1.2000000 0.29 0.4 0.46
v -4.9858376 10.8740017 1.2000000 0.29 0.4 0.46
v -4.9697032 10.9146581 1.2000000 0.29 0.4 0.46
v -4.9551979 10.9559237 1.2000000 0.29 0.4 0.46
v -4.9423446 10.9977335 1.2000000 0.29 0.4 0.46
v -4.9311637 11.0400211 1.2000000 0.29 0.4 0.46
v -4.9216729 11.0827199 1.2000000 0.29 0.4 0.46
v -4.9138871 11.1257622 1.2000000 0.29 0.4 0.46
v -4.9078187 11.1690800 1.2000000 0.29 0.4 0.46
v -4.9034773 11.2126048 1.2000000 0.29 0.4 0.46
v -4.9008697 11.2562678 1.2000000 0.29 0.4 0.46
v -4.9000000 11.3000000 1.2000000 0.29 0.4 0.46
v -4.9000000 11.3000000 2.0000000 0.29 0.4 0.46
v -4.9000000 11.3000000 2.0000000 0.29 0.4 0.46
v -4.9008697 11.2562678 2.0000000 0.29 0.4 0.46
v -4.9034773 11.2126048 2.0000000 0.29 0.4 0.46
v -4.9078187 11.1690800 2.0000000 0.29 0.4 0.46
v -4.9138871 11.1257622 2.0000000 0.29 0.4 0.46
v -4.9216729 11.0827199 2.0000000 0.29 0.4 0.46
v -4.9311637 11.0400211 2.0000000 0.29 0.4 0.46
v -4.9423446 10.9977335 2.0000000 0.29 0.4 0.46
v -4.9551979 10.9559237 2.0000000 0.29 0.4 0.46
v -4.9697032 10.9146581 2.0000000 0.29 0.4 0.46
v -4.9858376 10.8740017 2.0000000 0.29 0.4 0.46
v -5.0035756 10.8340189 2.0000000 0.29 0.4 0.46
v -5.0228891 10.7947730 2.0000000 0.29 0.4 0.46
v -5.0437477 10.7563259 2.0000000 0.29 0.4 0.46
v -5.0661183 10.7187385 2.0000000 0.29 0.4 0.46
v -5.0899656 10.6820701 2.0000000 0.29 0.4 0.46
v -5.1152518 10.6463789 2.0000000 0.29 0.4 0.46
v -5.1419370 10.6117211 2.0000000 0.29 0.4 0.46
v -5.1699789 10.5781517 2.0000000 0.29 0.4 0.46
v -5.1993333 10.5457236 2.0000000 0.29 0.4 0.46
v -5.2299537 10.5144882 2.0000000 0.29 0.4 0.46
v -5.2617917 10.4844949 2.0000000 0.29 0.4 0.46
v -5.2947970 10.4557911 2.0000000 0.29 0.4 0.46
v -5.3289173 10.4284221 2.0000000 0.29 0.4 0.46
v -5.3640988 10.4024312 2.0000000 0.29 0.4 0.46
v -5.4002858 10.3778597 2.0000000 0.29 0.4 0.46
v -5.4374210 10.3547462 2.0000000 0.29 0.4 0.46
v -5.4754457 10.3331273 2.0000000 0.29 0.4 0.46
v -5.5143000 10.3130373 2.0000000 0.29 0.4 0.46
v -5.5539221 10.2945078 2.0000000 0.29 0.4 0.46
v -5.5942497 10.2775683 2.0000000 0.29 0.4 0.46
v -5.6352188 10.2622454 2.0000000 0.29 0.4 0.46
v -5.6767647 10.2485634 2.0000000 0.29 0.4 0.46
v -5.7188217 10.2365440 2.0000000 0.29 0.4 0.46
v -5.7613233 10.2262061 2.0000000 0.29 0.4 0.46
v -5.8042023 10.2175660 2.0000000 0.29 0.4 0.46
v -5.8473909 10.2106376 2.0000000 0.29 0.4 0.46
v -5.8908208 10.2054316 2.0000000 0.29 0.4 0.46
v -5.9344234 10.2019564 2.0000000 0.29 0.4 0.46
v -5.9781296 10.2002174 2.0000000 0.29 0.4 0.46
v -6.0218704 10.2002174 2.0000000 0.29 0.4 0.46
v -6.0655766 10.2019564 2.0000000 0.29 0.4 0.46
v -6.1091792 10.2054316 2.0000000 0.29 0.4 0.46
v -6.1526091 10.2106376 2.0000000 0.29 0.4 0.46
v -6.1957977 10.2175660 2.0000000 0.29 0.4 0.46
v -6.2386767 10.2262061 2.0000000 0.29 0.4 0.46
v -6.2811783 10.2365440 2.0000000 0.29 0.4 0.46
v -6.3232353 10.2485634 2.0000000 0.29 0.4 0.46
v -6.3647812 10.2622454 2.0000000 0.29 0.4 0.46
v -6.4057503 10.2775683 2.0000000 0.29 0.4 0.46
v -6.4460779 10.2945078 2.0000000 0.29 0.4 0.46
v -6.4857000 10.3130373 2.0000000 0.29 0.4 0.46
v -6.5245543 10.3331273 2.0000000 0.29 0.4 0.46
v -6.5625790 10.3547462 2.0000000 0.29 0.4 0.46
v -6.5997142 10.3778597 2.0000000 0.29 0.4 0.46
v -6.6359012 10.4024312 2.0000000 0.29 0.4 0.46
v -6.6710827 10.4284221 2.0000000 0.29 0.4 0.46
v -6.7052030 10.4557911 2.0000000 0.29 0.4 0.46
v -6.7382083 10.4844949 2.0000000 0.29 0.4 0.46
v -6.7700463 10.5144882 2.0000000 0.29 0.4 0.46
v -6.8006667 10.5457236 2.0000000 0.29 0.4 0.46
v -6.8300211 10.5781517 2.0000000 0.29 0.4 0.46
v -6.8580630 10.6117211 2.0000000 0.29 0.4 0.46
v -6.8847482 10.6463789 2.0000000 0.29 0.4 0.46
v -6.9100344 10.6820701 2.0000000 0.29 0.4 0.46
v -6.9338817 10.7187385 2.0000000 0.29 0.4 0.46
v -6.9562523 10.7563259 2.0000000 0.29 0.4 0.46
v -6.9771109 10.7947730 2.0000000 0.29 0.4 0.46
v -6.9964244 10.8340189 2.0000000 0.29 0.4 0.46
v -7.0141624 10.8740017 2.0000000 0.29 0.4 0.46
v -7.0302968 10.9146581 2.0000000 0.29 0.4 0.46
v -7.0448021 10.9559237 2.0000000 0.29 0.4 0.46
v -7.0576554 10.9977335 2.0000000 0.29 0.4 0.46
v -7.0688363 11.0400211 2.0000000 0.29 0.4 0.46
v -7.0783271 11.0827199 2.0000000 0.29 0.4 0.46
v -7.0861129 11.1257622 2.0000000 0.29 0.4 0.46
v -7.0921813 11.1690800 2.0000000 0.29 0.4 0.46
v -7.0965227 11.2126048 2.0000000 0.29 0.4 0.46
v -7.0991303 11.2562678 2.0000000 0.29 0.4 0.46
v -7.1000000 11.3000000 2.0000000 0.29 0.4 0.46
v -7.0991303 11.3437322 2.0000000 0.29 0.4 0.46
v -7.0965227 11.3873952 2.0000000 0.29 0.4 0.46
v -7.0921813 11.4309200 2.0000000 0.29 0.4 0.46
v -7.0861129 11.4742378 2.0000000 0.29 0.4 0.46
v -7.0783271 11.5172801 2.0000000 0.29 0.4 0.46
v -7.0688363 11.5599789 2.0000000 0.29 0.4 0.46
v -7.0576554 11.6022665 2.0000000 0.29 0.4 0.46
v -7.0448021 11.6440763 2.0000000 0.29 0.4 0.46
v -7.0302968 11.6853419 2.0000000 0.29 0.4 0.46
v -7.0141624 11.7259983 2.0000000 0.29 0.4 0.46
v -6.9964244 11.7659811 2.0000000 0.29 0.4 0.46
v -6.9771109 11.8052270 2.0000000 0.29 0.4 0.46
v -6.9562523 11.8436741 2.0000000 0.29 0.4 0.46
v -6.9338817 11.8812615 2.0000000 0.29 0.4 0.46
v -6.9100344 11.9179299 2.0000000 0.29 0.4 0.46
v -6.8847482 11.9536211 2.0000000 0.29 0.4 0.46
v -6.8580630 11.9882789 2.0000000 0.29 0.4 0.46
v -6.8300211 12.0218483 2.0000000 0.29 0.4 0.46
v -6.8006667 12.0542764 2.0000000 0.29 0.4 0.46
v -6.7700463 12.0855118 2.0000000 0.29 0.4 0.46
v -6.7382083 12.1155051 2.0000000 0.29 0.4 0.46
v -6.7052030 12.1442089 2.0000000 0.29 0.4 0.46
v -6.6710827 12.1715779 2.0000000 0.29 0.4 0.46
v -6.6359012 12.1975688 2.0000000 0.29 0.4 0.46
v -6.5997142 12.2221403 2.0000000 0.29 0.4 0.46
v -6.5625790 12.2452538 2.0000000 0.29 0.4 0.46
v -6.5245543 12.2668727 2.0000000 0.29 0.4 0.46
v -6.4857000 12.2869627 2.0000000 0.29 0.4 0.46
v -6.4460779 12.3054922 2.0000000 0.29 0.4 0.46
v -6.4057503 12.3224317 2.0000000 0.29 0.4 0.46
v -6.3647812 12.3377546 2.0000000 0.29 0.4 0.46
v -6.3232353 12.3514366 2.0000000 0.29 0.4 0.46
v -6.2811783 12.3634560 2.0000000 0.29 0.4 0.46
v -6.2386767 12.3737939 2.0000000 0.29 0.4 0.46
v -6.1957977 12.3824340 2.0000000 0.29 0.4 0.46
v -6.1526091 12.3893624 2.0000000 0.29 0.4 0.46
v -6.1091792 12.3945684 2.0000000 0.29 0.4 0.46
v -6.0655766 12.3980436 2.0000000 0.29 0.4 0.46
v -6.0218704 12.3997826 2.0000000 0.29 0.4 0.46
v -5.9781296 12.3997826 2.0000000 0.29 0.4 0.46
v -5.9344234 12.3980436 2.0000000 0.29 0.4 0.46
v -5.8908208 12.3945684 2.0000000 0.29 0.4 0.46
v -5.8473909 12.3893624 2.0000000 0.29 0.4 0.46
v -5.8042023 12.3824340 2.0000000 0.29 0.4 0.46
v -5.7613233 12.3737939 2.0000000 0.29 0.4 0.46
v -5.7188217 12.3634560 2.0000000 0.29 0.4 0.46
v -5.6767647 12.3514366 2.0000000 0.29 0.4 0.46
v -5.6352188 12.3377546 2.0000000 0.29 0.4 0.46
v -5.5942497 12.3224317 2.0000000 0.29 0.4 0.46
v -5.5539221 12.3054922 2.0000000 0.29 0.4 0.46
v -5.5143000 12.2869627 2.0000000 0.29 0.4 0.46
v -5.4754457 12.2668727 2.0000000 0.29 0.4 0.46
v -5.4374210 12.2452538 2.0000000 0.29 0.4 0.46
v -5.4002858 12.2221403 2.0000000 0.29 0.4 0.46
v -5.3640988 12.1975688 2.0000000 0.29 0.4 0.46
v -5.3289173 12.1715779 2.0000000 0.29 0.4 0.46
v -5.2947970 12.1442089 2.0000000 0.29 0.4 0.46
v -5.2617917 12.1155051 2.0000000 0.29 0.4 0.46
v -5.2299537 12.0855118 2.0000000 0.29 0.4 0.46
v -5.1993333 12.0542764 2.0000000 0.29 0.4 0.46
v -5.1699789 12.0218483 2.0000000 0.29 0.4 0.46
v -5.1419370 11.9882789 2.0000000 0.29 0.4 0.46
v -5.1152518 11.9536211 2.0000000 0.29 0.4 0.46
v -5.0899656 11.9179299 2.0000000 0.29 0.4 0.46
v -5.0661183 11.8812615 2.0000000 0.29 0.4 0.46
v -5.0437477 11.8436741 2.0000000 0.29 0.4 0.46
v -5.0228891 11.8052270 2.0000000 0.29 0.4 0.46
v -5.0035756 11.7659811 2.0000000 0.29 0.4 0.46
v -4.9858376 11.7259983 2.0000000 0.29 0.4 0.46
v -4.9697032 11.6853419 2.0000000 0.29 0.4 0.46
v -4.9551979 11.6440763 2.0000000 0.29 0.4 0.46
v -4.9423446 11.6022665 2.0000000 0.29 0.4 0.46
v -4.9311637 11.5599789 2.0000000 0.29 0.4 0.46
v -4.9216729 11.5172801 2.0000000 0.29 0.4 0.46
v -4.9138871 11.4742378 2.0000000 0.29 0.4 0.46
v -4.9078187 11.4309200 2.0000000 0.29 0.4 0.46
v -4.9034773 11.3873952 2.0000000 0.29 0.4 0.46
v -4.9008697 11.3437322 2.0000000 0.29 0.4 0.46
v -4.0584158 11.3000000 0.2000000 0.29 0.4 0.46
v -4.2267327 11.3000000 0.4000000 0.29 0.4 0.46
v -4.3950495 11.3000000 0.6000000 0.29 0.4 0.46
v -4.5633663 11.3000000 0.8000000 0.29 0.4 0.46
v -4.7316832 11.3000000 1.0000000 0.29 0.4 0.46
v -4.9000000 11.3000000 1.2000000 0.29 0.4 0.46
v -4.9000000 11.3000000 1.2000000 0.29 0.4 0.46
v -4.9008697 11.3437322 1.2000000 0.29 0.4 0.46
v -4.9034773 11.3873952 1.2000000 0.29 0.4 0.46
v -4.9078187 11.4309200 1.2000000 0.29 0.4 0.46
v -4.9138871 11.4742378 1.2000000 0.29 0.4 0.46
v -4.9216729 11.5172801 1.2000000 0.29 0.4 0.46
v -4.9311637 11.5599789 1.2000000 0.29 0.4 0.46
v -4.9423446 11.6022665 1.2000000 0.29 0.4 0.46
v -4.9551979 11.6440763 1.2000000 0.29 0.4 0.46
v -4.9697032 11.6853419 1.2000000 0.29 0.4 0.46
v -4.9858376 11.7259983 1.2000000 0.29 0.4 0.46
v -5.0035756 11.7659811 1.2000000 0.29 0.4 0.46
v -5.0228891 11.8052270 1.2000000 0.29 0.4 0.46
v -5.0437477 11.8436741 1.2000000 0.29 0.4 0.46
v -5.0661183 11.8812615 1.2000000 0.29 0.4 0.46
v -5.0899656 11.9179299 1.2000000 0.29 0.4 0.46
v -5.1152518 11.9536211 1.2000000 0.29 0.4 0.46
v -5.1419370 11.9882789 1.2000000 0.29 0.4 0.46
v -5.1699789 12.0218483 1.2000000 0.29 0.4 0.46
v -5.1993333 12.0542764 1.2000000 0.29 0.4 0.46
v -5.2299537 12.0855118 1.2000000 0.29 0.4 0.46
v -5.2617917 12.1155051 1.2000000 0.29 0.4 0.46
v -5.2947970 12.1442089 1.2000000 0.29 0.4 0.46
v -5.3289173 12.1715779 1.2000000 0.29 0.4 0.46
v -5.3640988 12.1975688 1.2000000 0.29 0.4 0.46
v -5.4002858 12.2221403 1.2000000 0.29 0.4 0.46
v -5.4374210 12.2452538 1.2000000 0.29 0.4 0.46
v -5.4754457 12.2668727 1.2000000 0.29 0.4 0.46
v -5.5143000 12.2869627 1.2000000 0.29 0.4 0.46
v -5.5539221 12.3054922 1.2000000 0.29 0.4 0.46
v -5.5942497 12.3224317 1.2000000 0.29 0.4 0.46
v -5.6352188 12.3377546 1.2000000 0.29 0.4 0.46
v -5.6767647 12.3514366 1.2000000 0.29 0.4 0.46
v -5.7188217 12.3634560 1.2000000 0.29 0.4 0.46
v -5.7613233 12.3737939 1.2000000 0.29 0.4 0.46
v -5.8042023 12.3824340 1.2000000 0.29 0.4 0.46
v -5.8473909 12.3893624 1.2000000 0.29 0.4 0.46
v -5.8908208 12.3945684 1.2000000 0.29 0.4 0.46
v -5.9344234 12.3980436 1.2000000 0.29 0.4 0.46
v -5.9781296 12.3997826 1.2000000 0.29 0.4 0.46
v -6.0218704 12.3997826 1.2000000 0.29 0.4 0.46
v -6.0655766 12.3980436 1.2000000 0.29 0.4 0.46
v -6.1091792 12.3945684 1.2000000 0.29 0.4 0.46
v -6.1526091 12.3893624 1.2000000 0.29 0.4 0.46
v -6.1957977 12.3824340 1.2000000 0.29 0.4 0.46
v -6.2386767 12.3737939 1.2000000 0.29 0.4 0.46
v -6.2811783 12.3634560 1.2000000 0.29 0.4 0.46
v -6.3232353 12.3514366 1.2000000 0.29 0.4 0.46
v -6.3647812 12.3377546 1.2000000 0.29 0.4 0.46
v -6.4057503 12.3224317 1.2000000 0.29 0.4 0.46
v -6.4460779 12.3054922 1.2000000 0.29 0.4 0.46
v -6.4857000 12.2869627 1.2000000 0.29 0.4 0.46
v -6.5245543 12.2668727 1.2000000 0.29 0.4 0.46
v -6.5625790 12.2452538 1.2000000 0.29 0.4 0.46
v -6.5997142 12.2221403 1.2000000 0.29 0.4 0.46
v -6.6359012 12.1975688 1.2000000 0.29 0.4 0.46
v -6.6710827 12.1715779 1.2000000 0.29 0.4 0.46
v -6.7052030 12.1442089 1.2000000 0.29 0.4 0.46
v -6.7382083 12.1155051 1.2000000 0.29 0.4 0.46
v -6.7700463 12.0855118 1.2000000 0.29 0.4 0.46
v -6.8006667 12.0542764 1.2000000 0.29 0.4 0.46
v -6.8300211 12.0218483 1.2000000 0.29 0.4 0.46
v -6.8580630 11.9882789 1.2000000 0.29 0.4 0.46
v -6.8847482 11.9536211 1.2000000 0.29 0.4 0.46
v -6.9100344 11.9179299 1.2000000 0.29 0.4 0.46
v -6.9338817 11.8812615 1.2000000 0.29 0.4 0.46
v -6.9562523 11.8436741 1.2000000 0.29 0.4 0.46
v -6.9771109 11.8052270 1.2000000 0.29 0.4 0.46
v -6.9964244 11.7659811 1.2000000 0.29 0.4 0.46
v -7.0141624 11.7259983 1.2000000 0.29 0.4 0.46
v -7.0302968 11.6853419 1.2000000 0.29 0.4 0.46
v -7.0448021 11.6440763 1.2000000 0.29 0.4 0.46
v -7.0576554 11.6022665 1.2000000 0.29 0.4 0.46
v -7.0688363 11.5599789 1.2000000 0.29 0.4 0.46
v -7.0783271 11.5172801 1.2000000 0.29 0.4 0.46
v -7.0861129 11.4742378 1.2000000 0.29 0.4 0.46
v -7.0921813 11.4309200 1.2000000 0.29 0.4 0.46
v -7.0965227 11.3873952 1.2000000 0.29 0.4 0.46
v -7.0991303 11.3437322 1.2000000 0.29 0.4 0.46
v -7.1000000 11.3000000 1.2000000 0.29 0.4 0.46
v -7.0991303 11.2562678 1.2000000 0.29 0.4 0.46
v -7.0965227 11.2126048 1.2000000 0.29 0.4 0.46
v -7.0921813 11.1690800 1.2000000 0.29 0.4 0.46
v -7.0861129 11.1257622 1.2000000 0.29 0.4 0.46
v -7.0783271 11.0827199 1.2000000 0.29 0.4 0.46
v -7.0688363 11.0400211 1.2000000 0.29 0.4 0.46
v -7.0576554 10.9977335 1.2000000 0.29 0.4 0.46
v -7.0448021 10.9559237 1.2000000 0.29 0.4 0.46
v -7.0302968 10.9146581 1.2000000 0.29 0.4 0.46
v -7.0141624 10.8740017 1.2000000 0.29 0.4 0.46
v -6.9964244 10.8340189 1.2000000 0.29 0.4 0.46
v -6.9771109 10.7947730 1.2000000 0.29 0.4 0.46
v -6.9562523 10.7563259 1.2000000 0.29 0.4 0.46
v -6.9338817 10.7187385 1.2000000 0.29 0.4 0.46
v -6.9100344 10.6820701 1.2000000 0.29 0.4 0.46
v -6.8847482 10.6463789 1.2000000 0.29 0.4 0.46
v -6.8580630 10.6117211 1.2000000 0.29 0.4 0.46
v -6.8300211 10.5781517 1.2000000 0.29 0.4 0.46
v -6.8006667 10.5457236 1.2000000 0.29 0.4 0.46
v -6.7700463 10.5144882 1.2000000 0.29 0.4 0.46
v -6.7382083 10.4844949 1.2000000 0.29 0.4 0.46
v -6.7052030 10.4557911 1.2000000 0.29 0.4 0.46
v -6.6710827 10.4284221 1.2000000 0.29 0.4 0.46
v -6.6359012 10.4024312 1.2000000 0.29 0.4 0.46
v -6.5997142 10.3778597 1.2000000 0.29 0.4 0.46
v -6.5625790 10.3547462 1.2000000 0.29 0.4 0.46
v -6.5245543 10.3331273 1.2000000 0.29 0.4 0.46
v -6.4857000 10.3130373 1.2000000 0.29 0.4 0.46
v -6.4460779 10.2945078 1.2000000 0.29 0.4 0.46
v -6.4057503 10.2775683 1.2000000 0.29 0.4 0.46
v -6.3647812 10.2622454 1.2000000 0.29 0.4 0.46
v -6.3232353 10.2485634 1.2000000 0.29 0.4 0.46
v -6.2811783 10.2365440 1.2000000 0.29 0.4 0.46
v -6.2386767 10.2262061 1.2000000 0.29 0.4 0.46
v -6.1957977 10.2175660 1.2000000 0.29 0.4 0.46
v -6.1526091 10.2106376 1.2000000 0.29 0.4 0.46
v -6.1091792 10.2054316 1.2000000 0.29 0.4 0.46
v -6.0655766 10.2019564 1.2000000 0.29 0.4 0.46
v -6.0218704 10.2002174 1.2000000 0.29 0.4 0.46
v -5.9781296 10.2002174 1.2000000 0.29 0.4 0.46
v -5.9344234 10.2019564 1.2000000 0.29 0.4 0.46
v -5.8908208 10.2054316 1.2000000 0.29 0.4 0.46
v -5.8473909 10.2106376 1.2000000 0.29 0.4 0.46
v -5.8042023 10.2175660 1.2000000 0.29 0.4 0.46
v -5.7613233 10.2262061 1.2000000 0.29 0.4 0.46
v -5.7188217 10.2365440 1.2000000 0.29 0.4 0.46
v -5.6767647 10.2485634 1.2000000 0.29 0.4 0.46
v -5.6352188 10.2622454 1.2000000 0.29 0.4 0.46
v -5.5942497 10.2775683 1.2000000 0.29 0.4 0.46
v -5.5539221 10.2945078 1.2000000 0.29 0.4 0.46
v -5.5143000 10.3130373 1.2000000 0.29 0.4 0.46
v -5.4754457 10.3331273 1.2000000 0.29 0.4 0.46
v -5.4374210 10.3547462 1.2000000 0.29 0.4 0.46
v -5.4002858 10.3778597 1.2000000 0.29 0.4 0.46
v -5.3640988 10.4024312 1.2000000 0.29 0.4 0.46
v -5.3289173 10.4284221 1.2000000 0.29 0.4 0.46
v -5.2947970 10.4557911 1.2000000 0.29 0.4 0.46
v -5.2617917 10.4844949 1.2000000 0.29 0.4 0.46
v -5.2299537 10.5144882 1.2000000 0.29 0.4 0.46
v -5.1993333 10.5457236 1.2000000 0.29 0.4 0.46
v -5.1699789 10.5781517 1.2000000 0.29 0.4 0.46
v -5.1419370 10.6117211 1.2000000 0.29 0.4 0.46
v -5.1152518 10.6463789 1.2000000 0.29 0.4 0.46
v -5.0899656 10.6820701 1.2000000 0.29 0.4 0.46
v -5.0661183 10.7187385 1.2000000 0.29 0.4 0.46
v -5.0437477 10.7563259 1.2000000 0.29 0.4 0.46
v -5.0228891 10.7947730 1.2000000 0.29 0.4 0.46
v -5.0035756 10.8340189 1.2000000 0.29 0.4 0.46
v -4.9858376 10.8740017 1.2000000 0.29 0.4 0.46
v -4.9697032 10.9146581 1.2000000 0.29 0.4 0.46
v -4.9551979 10.9559237 1.2000000 0.29 0.4 0.46
v -4.9423446 10.9977335 1.2000000 0.29 0.4 0.46
v -4.9311637 11.0400211 1.2000000 0.29 0.4 0.46
v -4.9216729 11.0827199 1.2000000 0.29 0.4 0.46
v -4.9138871 11.1257622 1.2000000 0.29 0.4 0.46
v -4.9078187 11.1690800 1.2000000 0.29 0.4 0.46
v -4.9034773 11.2126048 1.2000000 0.29 0.4 0.46
v -4.9008697 11.2562678 1.2000000 0.29 0.4 0.46
v -4.0584158 11.3000000 0.2000000 0.29 0.4 0.46
v -4.2267327 11.3000000 0.4000000 0.29 0.4 0.46
v -4.3950495 11.3000000 0.6000000 0.29 0.4 0.46
v -4.5633663 11.3000000 0.8000000 0.29 0.4 0.46
v -4.7316832 11.3000000 1.0000000 0.29 0.4 0.46
v -4.0599509 11.3771906 0.2000000 0.29 0.4 0.46
v -4.0645535 11.4542592 0.2000000 0.29 0.4 0.46
v -4.0722165 11.5310838 0.2000000 0.29 0.4 0.46
v -4.0829277 11.6075431 0.2000000 0.29 0.4 0.46
v -4.0966702 11.6835161 0.2000000 0.29 0.4 0.46
v -4.1134222 11.7588826 0.2000000 0.29 0.4 0.46
v -4.1331573 11.8335236 0.2000000 0.29 0.4 0.46
v -4.1558443 11.9073209 0.2000000 0.29 0.4 0.46
v -4.1814472 11.9801580 0.2000000 0.29 0.4 0.46
v -4.2099257 12.0519196 0.2000000 0.29 0.4 0.46
v -4.2412346 12.1224922 0.2000000 0.29 0.4 0.46
v -4.2753246 12.1917643 0.2000000 0.29 0.4 0.46
v -4.3121415 12.2596264 0.2000000 0.29 0.4 0.46
v -4.3516274 12.3259711 0.2000000 0.29 0.4 0.46
v -4.3937196 12.3906935 0.2000000 0.29 0.4 0.46
v -4.4383517 12.4536913 0.2000000 0.29 0.4 0.46
v -4.4854531 12.5148649 0.2000000 0.29 0.4 0.46
v -4.5349493 12.5741175 0.2000000 0.29 0.4 0.46
v -4.5867620 12.6313555 0.2000000 0.29 0.4 0.46
v -4.6408094 12.6864884 0.2000000 0.29 0.4 0.46
v -4.6970059 12.7394289 0.2000000 0.29 0.4 0.46
v -4.7552627 12.7900934 0.2000000 0.29 0.4 0.46
v -4.8154878 12.8384017 0.2000000 0.29 0.4 0.46
v -4.8775857 12.8842775 0.2000000 0.29 0.4 0.46
v -4.9414585 12.9276483 0.2000000 0.29 0.4 0.46
v -5.0070050 12.9684454 0.2000000 0.29 0.4 0.46
v -5.0741216 13.0066043 0.2000000 0.29 0.4 0.46
v -5.1427023 13.0420648 0.2000000 0.29 0.4 0.46
v -5.2126385 13.0747706 0.2000000 0.29 0.4 0.46
v -5.2838196 13.1046703 0.2000000 0.29 0.4 0.46
v -5.3561333 13.1317163 0.2000000 0.29 0.4 0.46
v -5.4294650 13.1558661 0.2000000 0.29 0.4 0.46
v -5.5036988 13.1770813 0.2000000 0.29 0.4 0.46
v -5.5787174 13.1953285 0.2000000 0.29 0.4 0.46
v -5.6544021 13.2105787 0.2000000 0.29 0.4 0.46
v -5.7306333 13.2228080 0.2000000 0.29 0.4 0.46
v -5.8072904 13.2319969 0.2000000 0.29 0.4 0.46
v -5.8842522 13.2381309 0.2000000 0.29 0.4 0.46
v -5.9613971 13.2412004 0.2000000 0.29 0.4 0.46
v -6.0386029 13.2412004 0.2000000 0.29 0.4 0.46
v -6.1157478 13.2381309 0.2000000 0.29 0.4 0.46
v -6.1927096 13.2319969 0.2000000 0.29 0.4 0.46
v -6.2693667 13.2228080 0.2000000 0.29 0.4 0.46
v -6.3455979 13.2105787 0.2000000 0.29 0.4 0.46
v -6.4212826 13.1953285 0.2000000 0.29 0.4 0.46
v -6.4963012 13.1770813 0.2000000 0.29 0.4 0.46
v -6.5705350 13.1558661 0.2000000 0.29 0.4 0.46
v -6.6438667 13.1317163 0.2000000 0.29 0.4 0.46
v -6.7161804 13.1046703 0.2000000 0.29 0.4 0.46
v -6.7873615 13.0747706 0.2000000 0.29 0.4 0.46
v -6.8572977 13.0420648 0.2000000 0.29 0.4 0.46
v -6.9258784 13.0066043 0.2000000 0.29 0.4 0.46
v -6.9929950 12.9684454 0.2000000 0.29 0.4 0.46
v -7.0585415 12.9276483 0.2000000 0.29 0.4 0.46
v -7.1224143 12.8842775 0.2000000 0.29 0.4 0.46
v -7.1845122 12.8384017 0.2000000 0.29 0.4 0.46
v -7.2447373 12.7900934 0.2000000 0.29 0.4 0.46
v -7.3029941 12.7394289 0.2000000 0.29 0.4 0.46
v -7.3591906 12.6864884 0.2000000 0.29 0.4 0.46
v -7.4132380 12.6313555 0.2000000 0.29 0.4 0.46
v -7.4650507 12.5741175 0.2000000 0.29 0.4 0.46
v -7.5145469 12.5148649 0.2000000 0.29 0.4 0.46
v -7.5616483 12.4536913 0.2000000 0.29 0.4 0.46
v -7.6062804 12.3906935 0.2000000 0.29 0.4 0.46
v -7.6483726 12.3259711 0.2000000 0.29 0.4 0.46
v -7.6878585 12.2596264 0.2000000 0.29 0.4 0.46
v -7.7246754 12.1917643 0.2000000 0.29 0.4 0.46
v -7.7587654 12.1224922 0.2000000 0.29 0.4 0.46
v -7.7900743 12.0519196 0.2000000 0.29 0.4 0.46
v -7.8185528 11.9801580 0.2000000 0.29 0.4 0.46
v -7.8441557 11.9073209 0.2000000 0.29 0.4 0.46
v -7.8668427 11.8335236 0.2000000 0.29 0.4 0.46
v -7.8865778 11.7588826 0.2000000 0.29 0.4 0.46
v -7.9033298 11.6835161 0.2000000 0.29 0.4 0.46
v -7.9170723 11.6075431 0.2000000 0.29 0.4 0.46
v -7.9277835 11.5310838 0.2000000 0.29 0.4 0.46
v -7.9354465 11.4542592 0.2000000 0.29 0.4 0.46
v -7.9400491 11.3771906 0.2000000 0.29 0.4 0.46
v -7.9415842 11.3000000 0.2000000 0.29 0.4 0.46
v -7.9400491 11.2228094 0.2000000 0.29 0.4 0.46
v -7.9354465 11.1457408 0.2000000 0.29 0.4 0.46
v -7.9277835 11.0689162 0.2000000 0.29 0.4 0.46
v -7.9170723 10.9924569 0.2000000 0.29 0.4 0.46
v -7.9033298 10.9164839 0.2000000 0.29 0.4 0.46
v -7.8865778 10.8411174 0.2000000 0.29 0.4 0.46
v -7.8668427 10.7664764 0.2000000 0.29 0.4 0.46
v -7.8441557 10.6926791 0.2000000 0.29 0.4 0.46
v -7.8185528 10.6198420 0.2000000 0.29 0.4 0.46
v -7.7900743 10.5480804 0.2000000 0.29 0.4 0.46
v -7.7587654 10.4775078 0.2000000 0.29 0.4 0.46
v -7.7246754 10.4082357 0.2000000 0.29 0.4 0.46
v -7.6878585 10.3403736 0.2000000 0.29 0.4 0.46
v -7.6483726 10.2740289 0.2000000 0.29 0.4 0.46
v -7.6062804 10.2093065 0.2000000 0.29 0.4 0.46
v -7.5616483 10.1463087 0.2000000 0.29 0.4 0.46
v -7.5145469 10.0851351 0.2000000 0.29 0.4 0.46
v -7.4650507 10.0258825 0.2000000 0.29 0.4 0.46
v -7.4132380 9.9686445 0.2000000 0.29 0.4 0.46
v -7.3591906 9.9135116 0.2000000 0.29 0.4 0.46
v -7.3029941 9.8605711 0.2000000 0.29 0.4 0.46
v -7.2447373 9.8099066 0.2000000 0.29 0.4 0.46
v -7.1845122 9.7615983 0.2000000 0.29 0.4 0.46
v -7.1224143 9.7157225 0.2000000 0.29 0.4 0.46
v -7.0585415 9.6723517 0.2000000 0.29 0.4 0.46
v -6.9929950 9.6315546 0.2000000 0.29 0.4 0.46
v -6.9258784 9.5933957 0.2000000 0.29 0.4 0.46
v -6.8572977 9.5579352 0.2000000 0.29 0.4 0.46
v -6.7873615 9.5252294 0.2000000 0.29 0.4 0.46
v -6.7161804 9.4953297 0.2000000 0.29 0.4 0.46
v -6.6438667 9.4682837 0.2000000 0.29 0.4 0.46
v -6.5705350 9.4441339 0.2000000 0.29 0.4 0.46
v -6.4963012 9.4229187 0.2000000 0.29 0.4 0.46
v -6.4212826 9.4046715 0.2000000 0.29 0.4 0.46
v -6.3455979 9.3894213 0.2000000 0.29 0.4 0.46
v -6.2693667 9.3771920 0.2000000 0.29 0.4 0.46
v -6.1927096 9.3680031 0.2000000 0.29 0.4 0.46
v -6.1157478 9.3618691 0.2000000 0.29 0.4 0.46
v -6.0386029 9.3587996 0.2000000 0.29 0.4 0.46
v -5.9613971 9.3587996 0.2000000 0.29 0.4 0.46
v -5.8842522 9.3618691 0.2000000 0.29 0.4 0.46
v -5.8072904 9.3680031 0.2000000 0.29 0.4 0.46
v -5.7306333 9.3771920 0.2000000 0.29 0.4 0.46
v -5.6544021 9.3894213 0.2000000 0.29 0.4 0.46
v -5.5787174 9.4046715 0.2000000 0.29 0.4 0.46
v -5.5036988 9.4229187 0.2000000 0.29 0.4 0.46
v -5.4294650 9.4441339 0.2000000 0.29 0.4 0.46
v -5.3561333 9.4682837 0.2000000 0.29 0.4 0.46
v -5.2838196 9.4953297 0.2000000 0.29 0.4 0.46
v -5.2126385 9.5252294 0.2000000 0.29 0.4 0.46
v -5.1427023 9.5579352 0.2000000 0.29 0.4 0.46
v -5.0741216 9.5933957 0.2000000 0.29 0.4 0.46
v -5.0070050 9.6315546 0.2000000 0.29 0.4 0.46
v -4.9414585 9.6723517 0.2000000 0.29 0.4 0.46
v -4.8775857 9.7157225 0.2000000 0.29 0.4 0.46
v -4.8154878 9.7615983 0.2000000 0.29 0.4 0.46
v -4.7552627 9.8099066 0.2000000 0.29 0.4 0.46
v -4.6970059 9.8605711 0.2000000 0.29 0.4 0.46
v -4.6408094 9.9135116 0.2000000 0.29 0.4 0.46
v -4.5867620 9.9686445 0.2000000 0.29 0.4 0.46
v -4.5349493 10.0258825 0.2000000 0.29 0.4 0.46
v -4.4854531 10.0851351 0.2000000 0.29 0.4 0.46
v -4.4383517 10.1463087 0.2000000 0.29 0.4 0.46
v -4.3937196 10.2093065 0.2000000 0.29 0.4 0.46
v -4.3516274 10.2740289 0.2000000 0.29 0.4 0.46
v -4.3121415 10.3403736 0.2000000 0.29 0.4 0.46
v -4.2753246 10.4082357 0.2000000 0.29 0.4 0.46
v -4.2412346 10.4775078 0.2000000 0.29 0.4 0.46
v -4.2099257 10.5480804 0.2000000 0.29 0.4 0.46
v -4.1814472 10.6198420 0.2000000 0.29 0.4 0.46
v -4.1558443 10.6926791 0.2000000 0.29 0.4 0.46
v -4.1331573 10.7664764 0.2000000 0.29 0.4 0.46
v -4.1134222 10.8411174 0.2000000 0.29 0.4 0.46
v -4.0966702 10.9164839 0.2000000 0.29 0.4 0.46
v -4.0829277 10.9924569 0.2000000 0.29 0.4 0.46
v -4.0722165 11.0689162 0.2000000 0.29 0.4 0.46
v -4.0645535 11.1457408 0.2000000 0.29 0.4 0.46
v -4.0599509 11.2228094 0.2000000 0.29 0.4 0.46
v -4.2323383 11.4408864 0.4000000 0.29 0.4 0.46
v -4.2491196 11.5808820 0.4000000 0.29 0.4 0.46
v -4.2769705 11.7191019 0.4000000 0.29 0.4 0.46
v -4.4001230 11.4275136 0.6000000 0.29 0.4 0.46
v -4.3157150 11.8546720 0.4000000 0.29 0.4 0.46
v -4.4153115 11.5542210 0.6000000 0.29 0.4 0.46
v -4.3651081 11.9867353 0.4000000 0.29 0.4 0.46
v -4.4405188 11.6793211 0.6000000 0.29 0.4 0.46
v -4.5679078 11.4141408 0.8000000 0.29 0.4 0.46
v -4.4248375 12.1144569 0.4000000 0.29 0.4 0.46
v -4.4755857 11.8020231 0.6000000 0.29 0.4 0.46
v -4.5815033 11.5275599 0.8000000 0.29 0.4 0.46
v -4.4945255 12.2370292 0.4000000 0.29 0.4 0.46
v -4.5202904 11.9215511 0.6000000 0.29 0.4 0.46
v -4.6040671 11.6395404 0.8000000 0.29 0.4 0.46
v -4.7356925 11.4007680 1.0000000 0.29 0.4 0.46
v -4.5737317 12.3536773 0.4000000 0.29 0.4 0.46
v -4.5743504 12.0371494 0.6000000 0.29 0.4 0.46
v -4.6354564 11.7493741 0.8000000 0.29 0.4 0.46
v -4.7476952 11.5008989 1.0000000 0.29 0.4 0.46
v -4.6619552 12.4636637 0.4000000 0.29 0.4 0.46
v -4.6374237 12.1480873 0.6000000 0.29 0.4 0.46
v -4.6754728 11.8563668 0.8000000 0.29 0.4 0.46
v -4.7676154 11.5997596 1.0000000 0.29 0.4 0.46
v -4.7586383 12.5662930 0.4000000 0.29 0.4 0.46
v -4.7091117 12.2536632 0.6000000 0.29 0.4 0.46
v -4.7238633 11.9598419 0.8000000 0.29 0.4 0.46
v -4.7953271 11.6967252 1.0000000 0.29 0.4 0.46
v -4.8631696 12.6609165 0.4000000 0.29 0.4 0.46
v -4.7889611 12.3532098 0.6000000 0.29 0.4 0.46
v -4.7803219 12.0591454 0.8000000 0.29 0.4 0.46
v -4.8306552 11.7911825 1.0000000 0.29 0.4 0.46
v -4.9748883 12.7469358 0.4000000 0.29 0.4 0.46
v -4.8764671 12.4460977 0.6000000 0.29 0.4 0.46
v -4.8444917 12.1536492 0.8000000 0.29 0.4 0.46
v -4.8733762 11.8825345 1.0000000 0.29 0.4 0.46
v -5.0930882 12.8238071 0.4000000 0.29 0.4 0.46
v -4.9710764 12.5317396 0.6000000 0.29 0.4 0.46
v -4.9159671 12.2427560 0.8000000 0.29 0.4 0.46
v -4.9232201 11.9702034 1.0000000 0.29 0.4 0.46
v -5.2170218 12.8910444 0.4000000 0.29 0.4 0.46
v -5.0721910 12.6095940 0.6000000 0.29 0.4 0.46
v -4.9942960 12.3259024 0.8000000 0.29 0.4 0.46
v -4.9798718 12.0536352 1.0000000 0.29 0.4 0.46
v -5.3459057 12.9482226 0.4000000 0.29 0.4 0.46
v -5.1791714 12.6791688 0.6000000 0.29 0.4 0.46
v -5.0789833 12.4025627 0.8000000 0.29 0.4 0.46
v -5.0429730 12.1323022 1.0000000 0.29 0.4 0.46
v -5.4789249 12.9949802 0.4000000 0.29 0.4 0.46
v -5.2913413 12.7400240 0.6000000 0.29 0.4 0.46
v -5.1694936 12.4722523 0.8000000 0.29 0.4 0.46
v -5.1121249 12.2057071 1.0000000 0.29 0.4 0.46
v -5.6152386 13.0310216 0.4000000 0.29 0.4 0.46
v -5.4079917 12.7917749 0.6000000 0.29 0.4 0.46
v -5.2652546 12.5345305 0.8000000 0.29 0.4 0.46
v -5.1868901 12.2733858 1.0000000 0.29 0.4 0.46
v -5.7539848 13.0561189 0.4000000 0.29 0.4 0.46
v -5.5283849 12.8340943 0.6000000 0.29 0.4 0.46
v -5.3656609 12.5890036 0.8000000 0.29 0.4 0.46
v -5.2667962 12.3349105 1.0000000 0.29 0.4 0.46
v -5.8942864 13.0701135 0.4000000 0.29 0.4 0.46
v -5.6517598 12.8667147 0.6000000 0.29 0.4 0.46
v -5.4700777 12.6353272 0.8000000 0.29 0.4 0.46
v -5.3513378 12.3898922 1.0000000 0.29 0.4 0.46
v -6.0352564 13.0729168 0.4000000 0.29 0.4 0.46
v -5.7773363 12.8894298 0.6000000 0.29 0.4 0.46
v -5.5778448 12.6732084 0.8000000 0.29 0.4 0.46
v -5.4399804 12.4379831 1.0000000 0.29 0.4 0.46
v -6.1760035 13.0645112 0.4000000 0.29 0.4 0.46
v -5.9043207 12.9020960 0.6000000 0.29 0.4 0.46
v -5.6882809 12.7024078 0.8000000 0.29 0.4 0.46
v -5.5321637 12.4788795 1.0000000 0.29 0.4 0.46
v -6.3156379 13.0449498 0.4000000 0.29 0.4 0.46
v -6.0319099 12.9046332 0.6000000 0.29 0.4 0.46
v -5.8006879 12.7227406 0.8000000 0.29 0.4 0.46
v -5.6273048 12.5123225 1.0000000 0.29 0.4 0.46
v -6.4532766 13.0143562 0.4000000 0.29 0.4 0.46
v -6.1592974 12.8970255 0.6000000 0.29 0.4 0.46
v -5.9143549 12.7340785 0.8000000 0.29 0.4 0.46
v -5.7248021 12.5381009 1.0000000 0.29 0.4 0.46
v -6.5880496 12.9729240 0.4000000 0.29 0.4 0.46
v -6.2856778 12.8793208 0.6000000 0.29 0.4 0.46
v -6.0285634 12.7363497 0.8000000 0.29 0.4 0.46
v -5.8240394 12.5560515 1.0000000 0.29 0.4 0.46
v -6.7191048 12.9209150 0.4000000 0.29 0.4 0.46
v -6.4102520 12.8516312 0.6000000 0.29 0.4 0.46
v -6.1425913 12.7295398 0.8000000 0.29 0.4 0.46
v -5.9243891 12.5660611 1.0000000 0.29 0.4 0.46
v -6.8456136 12.8586580 0.4000000 0.29 0.4 0.46
v -6.5322325 12.8141316 0.6000000 0.29 0.4 0.46
v -6.2557178 12.7136919 0.8000000 0.29 0.4 0.46
v -6.0252169 12.5680661 1.0000000 0.29 0.4 0.46
v -6.9667761 12.7865467 0.4000000 0.29 0.4 0.46
v -6.6508481 12.7670593 0.6000000 0.29 0.4 0.46
v -6.3672275 12.6889061 0.8000000 0.29 0.4 0.46
v -6.1258853 12.5620541 1.0000000 0.29 0.4 0.46
v -7.0818263 12.7050369 0.4000000 0.29 0.4 0.46
v -6.7653487 12.7107117 0.6000000 0.29 0.4 0.46
v -6.4764154 12.6553393 0.8000000 0.29 0.4 0.46
v -6.2257577 12.5480629 1.0000000 0.29 0.4 0.46
v -7.1900369 12.6146441 0.4000000 0.29 0.4 0.46
v -6.8750106 12.6454451 0.6000000 0.29 0.4 0.46
v -6.5825913 12.6132036 0.8000000 0.29 0.4 0.46
v -6.3242029 12.5261811 1.0000000 0.29 0.4 0.46
v -7.2907237 12.5159397 0.4000000 0.29 0.4 0.46
v -6.9791404 12.5716722 0.6000000 0.29 0.4 0.46
v -6.6850839 12.5627653 0.8000000 0.29 0.4 0.46
v -6.4205983 12.4965470 1.0000000 0.29 0.4 0.46
v -7.3832501 12.4095477 0.4000000 0.29 0.4 0.46
v -7.0770798 12.4898594 0.6000000 0.29 0.4 0.46
v -6.7832452 12.5043435 0.8000000 0.29 0.4 0.46
v -6.5143346 12.4593479 1.0000000 0.29 0.4 0.46
v -7.4670312 12.2961408 0.4000000 0.29 0.4 0.46
v -7.1682095 12.4005239 0.6000000 0.29 0.4 0.46
v -6.8764545 12.4383074 0.8000000 0.29 0.4 0.46
v -6.6048191 12.4148190 1.0000000 0.29 0.4 0.46
v -7.5415372 12.1764359 0.4000000 0.29 0.4 0.46
v -7.2519534 12.3042305 0.6000000 0.29 0.4 0.46
v -6.9641226 12.3650746 0.8000000 0.29 0.4 0.46
v -6.6914797 12.3632419 1.0000000 0.29 0.4 0.46
v -7.6062972 12.0511900 0.4000000 0.29 0.4 0.46
v -7.3277820 12.2015880 0.6000000 0.29 0.4 0.46
v -7.0456952 12.2851080 0.8000000 0.29 0.4 0.46
v -6.7737686 12.3049427 1.0000000 0.29 0.4 0.46
v -7.6609016 11.9211948 0.4000000 0.29 0.4 0.46
v -7.3952160 12.0932455 0.6000000 0.29 0.4 0.46
v -7.1206566 12.1989133 0.8000000 0.29 0.4 0.46
v -6.8511654 12.2402898 1.0000000 0.29 0.4 0.46
v -7.7050052 11.7872722 0.4000000 0.29 0.4 0.46
v -7.4538290 11.9798878 0.6000000 0.29 0.4 0.46
v -7.1885328 12.1070353 0.8000000 0.29 0.4 0.46
v -6.9231809 12.1696922 1.0000000 0.29 0.4 0.46
v -7.7383293 11.6502689 0.4000000 0.29 0.4 0.46
v -7.5032504 11.8622316 0.6000000 0.29 0.4 0.46
v -7.2488948 12.0100550 0.8000000 0.29 0.4 0.46
v -6.9893598 12.0935961 1.0000000 0.29 0.4 0.46
v -7.7606631 11.5110511 0.4000000 0.29 0.4 0.46
v -7.5431678 11.7410208 0.6000000 0.29 0.4 0.46
v -7.3013608 11.9085855 0.8000000 0.29 0.4 0.46
v -7.0492836 12.0124826 1.0000000 0.29 0.4 0.46
v -7.7718654 11.3704989 0.4000000 0.29 0.4 0.46
v -7.5733287 11.6170217 0.6000000 0.29 0.4 0.46
v -7.3455992 11.8032684 0.8000000 0.29 0.4 0.46
v -7.1025735 11.9268646 1.0000000 0.29 0.4 0.46
v -7.7718654 11.2295011 0.4000000 0.29 0.4 0.46
v -7.5935426 11.4910183 0.6000000 0.29 0.4 0.46
v -7.3813303 11.6947694 0.8000000 0.29 0.4 0.46
v -7.1488926 11.8372833 1.0000000 0.29 0.4 0.46
v -7.7606631 11.0889489 0.4000000 0.29 0.4 0.46
v -7.6036816 11.3638072 0.6000000 0.29 0.4 0.46
v -7.4083282 11.5837745 0.8000000 0.29 0.4 0.46
v -7.1879480 11.7443051 1.0000000 0.29 0.4 0.46
v -7.7383293 10.9497311 0.4000000 0.29 0.4 0.46
v -7.6036816 11.2361928 0.6000000 0.29 0.4 0.46
v -7.4264222 11.4709855 0.8000000 0.29 0.4 0.46
v -7.2194929 11.6485180 1.0000000 0.29 0.4 0.46
v -7.7050052 10.8127278 0.4000000 0.29 0.4 0.46
v -7.5935426 11.1089817 0.6000000 0.29 0.4 0.46
v -7.4354979 11.3571155 0.8000000 0.29 0.4 0.46
v -7.2433277 11.5505273 1.0000000 0.29 0.4 0.46
v -7.6609016 10.6788052 0.4000000 0.29 0.4 0.46
v -7.5733287 10.9829783 0.6000000 0.29 0.4 0.46
v -7.4354979 11.2428845 0.8000000 0.29 0.4 0.46
v -7.2593017 11.4509528 1.0000000 0.29 0.4 0.46
v -7.6062972 10.5488100 0.4000000 0.29 0.4 0.46
v -7.5431678 10.8589792 0.6000000 0.29 0.4 0.46
v -7.4264222 11.1290145 0.8000000 0.29 0.4 0.46
v -7.2673141 11.3504239 1.0000000 0.29 0.4 0.46
v -7.5415372 10.4235641 0.4000000 0.29 0.4 0.46
v -7.5032504 10.7377684 0.6000000 0.29 0.4 0.46
v -7.4083282 11.0162255 0.8000000 0.29 0.4 0.46
v -7.2673141 11.2495761 1.0000000 0.29 0.4 0.46
v -7.4670312 10.3038592 0.4000000 0.29 0.4 0.46
v -7.4538290 10.6201122 0.6000000 0.29 0.4 0.46
v -7.3813303 10.9052306 0.8000000 0.29 0.4 0.46
v -7.2593017 11.1490472 1.0000000 0.29 0.4 0.46
v -7.3832501 10.1904523 0.4000000 0.29 0.4 0.46
v -7.3952160 10.5067545 0.6000000 0.29 0.4 0.46
v -7.3455992 10.7967316 0.8000000 0.29 0.4 0.46
v -7.2433277 11.0494727 1.0000000 0.29 0.4 0.46
v -7.2907237 10.0840603 0.4000000 0.29 0.4 0.46
v -7.3277820 10.3984120 0.6000000 0.29 0.4 0.46
v -7.3013608 10.6914145 0.8000000 0.29 0.4 0.46
v -7.2194929 10.9514820 1.0000000 0.29 0.4 0.46
v -7.1900369 9.9853559 0.4000000 0.29 0.4 0.46
v -7.2519534 10.2957695 0.6000000 0.29 0.4 0.46
v -7.2488948 10.5899450 0.8000000 0.29 0.4 0.46
v -7.1879480 10.8556949 1.0000000 0.29 0.4 0.46
v -7.0818263 9.8949631 0.4000000 0.29 0.4 0.46
v -7.1682095 10.1994761 0.6000000 0.29 0.4 0.46
v -7.1885328 10.4929647 0.8000000 0.29 0.4 0.46
v -7.1488926 10.7627167 1.0000000 0.29 0.4 0.46
v -6.9667761 9.8134533 0.4000000 0.29 0.4 0.46
v -7.0770798 10.1101406 0.6000000 0.29 0.4 0.46
v -7.1206566 10.4010867 0.8000000 0.29 0.4 0.46
v -7.1025735 10.6731354 1.0000000 0.29 0.4 0.46
v -6.8456136 9.7413420 0.4000000 0.29 0.4 0.46
v -6.9791404 10.0283278 0.6000000 0.29 0.4 0.46
v -7.0456952 10.3148920 0.8000000 0.29 0.4 0.46
v -7.0492836 10.5875174 1.0000000 0.29 0.4 0.46
v -6.7191048 9.6790850 0.4000000 0.29 0.4 0.46
v -6.8750106 9.9545549 0.6000000 0.29 0.4 0.46
v -6.9641226 10.2349254 0.8000000 0.29 0.4 0.46
v -6.9893598 10.5064039 1.0000000 0.29 0.4 0.46
v -6.5880496 9.6270760 0.4000000 0.29 0.4 0.46
v -6.7653487 9.8892883 0.6000000 0.29 0.4 0.46
v -6.8764545 10.1616926 0.8000000 0.29 0.4 0.46
v -6.9231809 10.4303078 1.0000000 0.29 0.4 0.46
v -6.4532766 9.5856438 0.4000000 0.29 0.4 0.46
v -6.6508481 9.8329407 0.6000000 0.29 0.4 0.46
v -6.7832452 10.0956565 0.8000000 0.29 0.4 0.46
v -6.8511654 10.3597102 1.0000000 0.29 0.4 0.46
v -6.3156379 9.5550502 0.4000000 0.29 0.4 0.46
v -6.5322325 9.7858684 0.6000000 0.29 0.4 0.46
v -6.6850839 10.0372347 0.8000000 0.29 0.4 0.46
v -6.7737686 10.2950573 1.0000000 0.29 0.4 0.46
v -6.1760035 9.5354888 0.4000000 0.29 0.4 0.46
v -6.4102520 9.7483688 0.6000000 0.29 0.4 0.46
v -6.5825913 9.9867964 0.8000000 0.29 0.4 0.46
v -6.6914797 10.2367581 1.0000000 0.29 0.4 0.46
v -6.0352564 9.5270832 0.4000000 0.29 0.4 0.46
v -6.2856778 9.7206792 0.6000000 0.29 0.4 0.46
v -6.4764154 9.9446607 0.8000000 0.29 0.4 0.46
v -6.6048191 10.1851810 1.0000000 0.29 0.4 0.46
v -5.8942864 9.5298865 0.4000000 0.29 0.4 0.46
v -6.1592974 9.7029745 0.6000000 0.29 0.4 0.46
v -6.3672275 9.9110939 0.8000000 0.29 0.4 0.46
v -6.5143346 10.1406521 1.0000000 0.29 0.4 0.46
v -5.7539848 9.5438811 0.4000000 0.29 0.4 0.46
v -6.0319099 9.6953668 0.6000000 0.29 0.4 0.46
v -6.2557178 9.8863081 0.8000000 0.29 0.4 0.46
v -6.4205983 10.1034530 1.0000000 0.29 0.4 0.46
v -5.6152386 9.5689784 0.4000000 0.29 0.4 0.46
v -5.9043207 9.6979040 0.6000000 0.29 0.4 0.46
v -6.1425913 9.8704602 0.8000000 0.29 0.4 0.46
v -6.3242029 10.0738189 1.0000000 0.29 0.4 0.46
v -5.4789249 9.6050198 0.4000000 0.29 0.4 0.46
v -5.7773363 9.7105702 0.6000000 0.29 0.4 0.46
v -6.0285634 9.8636503 0.8000000 0.29 0.4 0.46
v -6.2257577 10.0519371 1.0000000 0.29 0.4 0.46
v -5.3459057 9.6517774 0.4000000 0.29 0.4 0.46
v -5.6517598 9.7332853 0.6000000 0.29 0.4 0.46
v -5.9143549 9.8659215 0.8000000 0.29 0.4 0.46
v -6.1258853 10.0379459 1.0000000 0.29 0.4 0.46
v -5.2170218 9.7089556 0.4000000 0.29 0.4 0.46
v -5.5283849 9.7659057 0.6000000 0.29 0.4 0.46
v -5.8006879 9.8772594 0.8000000 0.29 0.4 0.46
v -6.0252169 10.0319339 1.0000000 0.29 0.4 0.46
v -5.0930882 9.7761929 0.4000000 0.29 0.4 0.46
v -5.4079917 9.8082251 0.6000000 0.29 0.4 0.46
v -5.6882809 9.8975922 0.8000000 0.29 0.4 0.46
v -5.9243891 10.0339389 1.0000000 0.29 0.4 0.46
v -4.9748883 9.8530642 0.4000000 0.29 0.4 0.46
v -5.2913413 9.8599760 0.6000000 0.29 0.4 0.46
v -5.5778448 9.9267916 0.8000000 0.29 0.4 0.46
v -5.8240394 10.0439485 1.0000000 0.29 0.4 0.46
v -4.8631696 9.9390835 0.4000000 0.29 0.4 0.46
v -5.1791714 9.9208312 0.6000000 0.29 0.4 0.46
v -5.4700777 9.9646728 0.8000000 0.29 0.4 0.46
v -5.7248021 10.0618991 1.0000000 0.29 0.4 0.46
v -4.7586383 10.0337070 0.4000000 0.29 0.4 0.46
v -5.0721910 9.9904060 0.6000000 0.29 0.4 0.46
v -5.3656609 10.0109964 0.8000000 0.29 0.4 0.46
v -5.6273048 10.0876775 1.0000000 0.29 0.4 0.46
v -4.6619552 10.1363363 0.4000000 0.29 0.4 0.46
v -4.9710764 10.0682604 0.6000000 0.29 0.4 0.46
v -5.2652546 10.0654695 0.8000000 0.29 0.4 0.46
v -5.5321637 10.1211205 1.0000000 0.29 0.4 0.46
v -4.5737317 10.2463227 0.4000000 0.29 0.4 0.46
v -4.8764671 10.1539023 0.6000000 0.29 0.4 0.46
v -5.1694936 10.1277477 0.8000000 0.29 0.4 0.46
v -5.4399804 10.1620169 1.0000000 0.29 0.4 0.46
v -4.4945255 10.3629708 0.4000000 0.29 0.4 0.46
v -4.7889611 10.2467902 0.6000000 0.29 0.4 0.46
v -5.0789833 10.1974373 0.8000000 0.29 0.4 0.46
v -5.3513378 10.2101078 1.0000000 0.29 0.4 0.46
v -4.4248375 10.4855431 0.4000000 0.29 0.4 0.46
v -4.7091117 10.3463368 0.6000000 0.29 0.4 0.46
v -4.9942960 10.2740976 0.8000000 0.29 0.4 0.46
v -5.2667962 10.2650895 1.0000000 0.29 0.4 0.46
v -4.3651081 10.6132647 0.4000000 0.29 0.4 0.46
v -4.6374237 10.4519127 0.6000000 0.29 0.4 0.46
v -4.9159671 10.3572440 0.8000000 0.29 0.4 0.46
v -5.1868901 10.3266142 1.0000000 0.29 0.4 0.46
v -4.3157150 10.7453280 0.4000000 0.29 0.4 0.46
v -4.5743504 10.5628506 0.6000000 0.29 0.4 0.46
v -4.8444917 10.4463508 0.8000000 0.29 0.4 0.46
v -5.1121249 10.3942929 1.0000000 0.29 0.4 0.46
v -4.2769705 10.8808981 0.4000000 0.29 0.4 0.46
v -4.5202904 10.6784489 0.6000000 0.29 0.4 0.46
v -4.7803219 10.5408546 0.8000000 0.29 0.4 0.46
v -5.0429730 10.4676978 1.0000000 0.29 0.4 0.46
v -4.2491196 11.0191180 0.4000000 0.29 0.4 0.46
v -4.4755857 10.7979769 0.6000000 0.29 0.4 0.46
v -4.7238633 10.6401581 0.8000000 0.29 0.4 0.46
v -4.9798718 10.5463648 1.0000000 0.29 0.4 0.46
v -4.2323383 11.1591136 0.4000000 0.29 0.4 0.46
v -4.4405188 10.9206789 0.6000000 0.29 0.4 0.46
v -4.6754728 10.7436332 0.8000000 0.29 0.4 0.46
v -4.9232201 10.6297966 1.0000000 0.29 0.4 0.46
v -4.4153115 11.0457790 0.6000000 0.29 0.4 0.46
v -4.6354564 10.8506259 0.8000000 0.29 0.4 0.46
v -4.8733762 10.7174655 1.0000000 0.29 0.4 0.46
v -4.4001230 11.1724864 0.6000000 0.29 0.4 0.46
v -4.6040671 10.9604596 0.8000000 0.29 0.4 0.46
v -4.8306552 10.8088175 1.0000000 0.29 0.4 0.46
v -4.5815033 11.0724401 0.8000000 0.29 0.4 0.46
v -4.7953271 10.9032748 1.0000000 0.29 0.4 0.46
v -4.5679078 11.1858592 0.8000000 0.29 0.4 0.46
v -4.7676154 11.0002404 1.0000000 0.29 0.4 0.46
v -4.7476952 11.0991011 1.0000000 0.29 0.4 0.46
v -4.7356925 11.1992320 1.0000000 0.29 0.4 0.46
v -7.1316044 9.6509180 0.2000000 0.29 0.4 0.46
v -7.5072887 9.3616567 0.2000000 0.29 0.4 0.46
v -7.8712528 9.0577801 0.2000000 0.29 0.4 0.46
v -8.2229283 8.7397626 0.2000000 0.29 0.4 0.46
v -8.5617664 8.4081007 0.2000000 0.29 0.4 0.46
v -8.8872379 8.0633122 0.2000000 0.29 0.4 0.46
v -9.1988348 7.7059353 0.2000000 0.29 0.4 0.46
v -9.4960705 7.3365281 0.2000000 0.29 0.4 0.46
v -9.7784812 6.9556672 0.2000000 0.29 0.4 0.46
v -10.0456258 6.5639471 0.2000000 0.29 0.4 0.46
v -10.2970873 6.1619796 0.2000000 0.29 0.4 0.46
v -10.5324732 5.7503920 0.2000000 0.29 0.4 0.46
v -10.7514159 5.3298270 0.2000000 0.29 0.4 0.46
v -10.9535736 4.9009412 0.2000000 0.29 0.4 0.46
v -11.1386308 4.4644040 0.2000000 0.29 0.4 0.46
v -11.3062985 4.0208971 0.2000000 0.29 0.4 0.46
v -11.4563150 3.5711129 0.2000000 0.29 0.4 0.46
v -11.5884460 3.1157534 0.2000000 0.29 0.4 0.46
v -11.7024853 2.6555297 0.2000000 0.29 0.4 0.46
v -11.7982548 2.1911603 0.2000000 0.29 0.4 0.46
v -11.8756051 1.7233700 0.2000000 0.29 0.4 0.46
v -11.9344153 1.2528892 0.2000000 0.29 0.4 0.46
v -11.9745937 0.7804524 0.2000000 0.29 0.4 0.46
v -11.9960775 0.3067972 0.2000000 0.29 0.4 0.46
v -11.9988332 -0.1673370 0.2000000 0.29 0.4 0.46
v -11.9828565 -0.6412100 0.2000000 0.29 0.4 0.46
v -11.9481723 -1.1140819 0.2000000 0.29 0.4 0.46
v -11.8948348 -1.5852145 0.2000000 0.29 0.4 0.46
v -11.8229272 -2.0538723 0.2000000 0.29 0.4 0.46
v -11.7325619 -2.5193236 0.2000000 0.29 0.4 0.46
v -11.6238798 -2.9808418 0.2000000 0.29 0.4 0.46
v -11.4970507 -3.4377063 0.2000000 0.29 0.4 0.46
v -11.3522726 -3.8892039 0.2000000 0.29 0.4 0.46
v -11.1897714 -4.3346298 0.2000000 0.29 0.4 0.46
v -11.0098010 -4.7732885 0.2000000 0.29 0.4 0.46
v -10.8126421 -5.2044952 0.2000000 0.29 0.4 0.46
v -10.5986028 -5.6275767 0.2000000 0.29 0.4 0.46
v -10.3680170 -6.0418725 0.2000000 0.29 0.4 0.46
v -10.1212448 -6.4467358 0.2000000 0.29 0.4 0.46
v -9.8586715 -6.8415346 0.2000000 0.29 0.4 0.46
v -9.5807070 -7.2256525 0.2000000 0.29 0.4 0.46
v -9.2877852 -7.5984898 0.2000000 0.29 0.4 0.46
v -8.9803634 -7.9594644 0.2000000 0.29 0.4 0.46
v -8.6589216 -8.3080128 0.2000000 0.29 0.4 0.46
v -8.3239616 -8.6435909 0.2000000 0.29 0.4 0.46
v -7.9760064 -8.9656747 0.2000000 0.29 0.4 0.46
v -7.6155991 -9.2737614 0.2000000 0.29 0.4 0.46
v -7.2433025 -9.5673700 0.2000000 0.29 0.4 0.46
v -6.8596977 -9.8460422 0.2000000 0.29 0.4 0.46
v -6.4653837 -10.1093429 0.2000000 0.29 0.4 0.46
v -6.0609759 -10.3568610 0.2000000 0.29 0.4 0.46
v -5.6471059 -10.5882102 0.2000000 0.29 0.4 0.46
v -5.2244197 -10.8030291 0.2000000 0.29 0.4 0.46
v -4.7935772 -11.0009826 0.2000000 0.29 0.4 0.46
v -4.3552510 -11.1817614 0.2000000 0.29 0.4 0.46
v -3.9101255 -11.3450834 0.2000000 0.29 0.4 0.46
v -3.4588955 -11.4906937 0.2000000 0.29 0.4 0.46
v -3.0022656 -11.6183648 0.2000000 0.29 0.4 0.46
v -2.5409486 -11.7278975 0.2000000 0.29 0.4 0.46
v -2.0756646 -11.8191208 0.2000000 0.29 0.4 0.46
v -1.6071402 -11.8918922 0.2000000 0.29 0.4 0.46
v -1.1361067 -11.9460982 0.2000000 0.29 0.4 0.46
v -0.6632996 -11.9816540 0.2000000 0.29 0.4 0.46
v -0.1894569 -11.9985043 0.2000000 0.29 0.4 0.46
v 0.2846816 -11.9966227 0.2000000 0.29 0.4 0.46
v 0.7583756 -11.9760121 0.2000000 0.29 0.4 0.46
v 1.2308856 -11.9367048 0.2000000 0.29 0.4 0.46
v 1.7014741 -11.8787620 0.2000000 0.29 0.4 0.46
v 2.1694062 -11.8022742 0.2000000 0.29 0.4 0.46
v 2.6339514 -11.7073609 0.2000000 0.29 0.4 0.46
v 3.0943846 -11.5941703 0.2000000 0.29 0.4 0.46
v 3.5499868 -11.4628789 0.2000000 0.29 0.4 0.46
v 4.0000469 -11.3136919 0.2000000 0.29 0.4 0.46
v -7.1316044 9.6509180 0.8000000 0.29 0.4 0.46
v -7.5072887 9.3616567 0.8000000 0.29 0.4 0.46
v -7.8712528 9.0577801 0.8000000 0.29 0.4 0.46
v -8.2229283 8.7397626 0.8000000 0.29 0.4 0.46
v -8.5617664 8.4081007 0.8000000 0.29 0.4 0.46
v -8.8872379 8.0633122 0.8000000 0.29 0.4 0.46
v -9.1988348 7.7059353 0.8000000 0.29 0.4 0.46
v -9.4960705 7.3365281 0.8000000 0.29 0.4 0.46
v -9.7784812 6.9556672 0.8000000 0.29 0.4 0.46
v -10.0456258 6.5639471 0.8000000 0.29 0.4 0.46
v -10.2970873 6.1619796 0.8000000 0.29 0.4 0.46
v -10.5324732 5.7503920 0.8000000 0.29 0.4 0.46
v -10.7514159 5.3298270 0.8000000 0.29 0.4 0.46
v -10.9535736 4.9009412 0.8000000 0.29 0.4 0.46
v -11.1386308 4.4644040 0.8000000 0.29 0.4 0.46
v -11.3062985 4.0208971 0.8000000 0.29 0.4 0.46
v -11.4563150 3.5711129 0.8000000 0.29 0.4 0.46
v -11.5884460 3.1157534 0.8000000 0.29 0.4 0.46
v -11.7024853 2.6555297 0.8000000 0.29 0.4 0.46
v -11.7982548 2.1911603 0.8000000 0.29 0.4 0.46
v -11.8756051 1.7233700 0.8000000 0.29 0.4 0.46
v -11.9344153 1.2528892 0.8000000 0.29 0.4 0.46
v -11.9745937 0.7804524 0.8000000 0.29 0.4 0.46
v -11.9960775 0.3067972 0.8000000 0.29 0.4 0.46
v -11.9988332 -0.1673370 0.8000000 0.29 0.4 0.46
v -11.9828565 -0.6412100 0.8000000 0.29 0.4 0.46
v -11.9481723 -1.1140819 0.8000000 0.29 0.4 0.46
v -11.8948348 -1.5852145 0.8000000 0.29 0.4 0.46
v -11.8229272 -2.0538723 0.8000000 0.29 0.4 0.46
v -11.7325619 -2.5193236 0.8000000 0.29 0.4 0.46
v -11.6238798 -2.9808418 0.8000000 0.29 0.4 0.46
v -11.4970507 -3.4377063 0.8000000 0.29 0.4 0.46
v -11.3522726 -3.8892039 0.8000000 0.29 0.4 0.46
v -11.1897714 -4.3346298 0.8000000 0.29 0.4 0.46
v -11.0098010 -4.7732885 0.8000000 0.29 0.4 0.46
v -10.8126421 -5.2044952 0.8000000 0.29 0.4 0.46
v -10.5986028 -5.6275767 0.8000000 0.29 0.4 0.46
v -10.3680170 -6.0418725 0.8000000 0.29 0.4 0.46
v -10.1212448 -6.4467358 0.8000000 0.29 0.4 0.46
v -9.8586715 -6.8415346 0.8000000 0.29 0.4 0.46
v -9.5807070 -7.2256525 0.8000000 0.29 0.4 0.46
v -9.2877852 -7.5984898 0.8000000 0.29 0.4 0.46
v -8.9803634 -7.9594644 0.8000000 0.29 0.4 0.46
v -8.6589216 -8.3080128 0.8000000 0.29 0.4 0.46
v -8.3239616 -8.6435909 0.8000000 0.29 0.4 0.46
v -7.9760064 -8.9656747 0.8000000 0.29 0.4 0.46
v -7.6155991 -9.2737614 0.8000000 0.29 0.4 0.46
v -7.2433025 -9.5673700 0.8000000 0.29 0.4 0.46
v -6.8596977 -9.8460422 0.8000000 0.29 0.4 0.46
v -6.4653837 -10.1093429 0.8000000 0.29 0.4 0.46
v -6.0609759 -10.3568610 0.8000000 0.29 0.4 0.46
v -5.6471059 -10.5882102 0.8000000 0.29 0.4 0.46
v -5.2244197 -10.8030291 0.8000000 0.29 0.4 0.46
v -4.7935772 -11.0009826 0.8000000 0.29 0.4 0.46
v -4.3552510 -11.1817614 0.8000000 0.29 0.4 0.46
v -3.9101255 -11.3450834 0.8000000 0.29 0.4 0.46
v -3.4588955 -11.4906937 0.8000000 0.29 0.4 0.46
v -3.0022656 -11.6183648 0.8000000 0.29 0.4 0.46
v -2.5409486 -11.7278975 0.8000000 0.29 0.4 0.46
v -2.0756646 -11.8191208 0.8000000 0.29 0.4 0.46
v -1.6071402 -11.8918922 0.8000000 0.29 0.4 0.46
v -1.1361067 -11.9460982 0.8000000 0.29 0.4 0.46
v -0.6632996 -11.9816540 0.8000000 0.29 0.4 0.46
v -0.1894569 -11.9985043 0.8000000 0.29 0.4 0.46
v 0.2846816 -11.9966227 0.8000000 0.29 0.4 0.46
v 0.7583756 -11.9760121 0.8000000 0.29 0.4 0.46
v 1.2308856 -11.9367048 0.8000000 0.29 0.4 0.46
v 1.7014741 -11.8787620 0.8000000 0.29 0.4 0.46
v 2.1694062 -11.8022742 0.8000000 0.29 0.4 0.46
v 2.6339514 -11.7073609 0.8000000 0.29 0.4 0.46
v 3.0943846 -11.5941703 0.8000000 0.29 0.4 0.46
v 3.5499868 -11.4628789 0.8000000 0.29 0.4 0.46
v 4.0000469 -11.3136919 0.8000000 0.29 0.4 0.46
v 4.0000469 -11.3136919 0.8000000 0.29 0.4 0.46
v 4.0010740 -11.2344657 0.8000000 0.29 0.4 0.46
v 4.0052383 -11.1553422 0.8000000 0.29 0.4 0.46
v 4.0125334 -11.0764458 0.8000000 0.29 0.4 0.46
v 4.0229477 -10.9979003 0.8000000 0.29 0.4 0.46
v 4.0364649 -10.9198289 0.8000000 0.29 0.4 0.46
v 4.0530639 -10.8423542 0.8000000 0.29 0.4 0.46
v 4.0727184 -10.7655977 0.8000000 0.29 0.4 0.46
v 4.0953978 -10.6896800 0.8000000 0.29 0.4 0.46
v 4.1210664 -10.6147201 0.8000000 0.29 0.4 0.46
v 4.1496839 -10.5408358 0.8000000 0.29 0.4 0.46
v 4.1812054 -10.4681429 0.8000000 0.29 0.4 0.46
v 4.2155814 -10.3967556 0.8000000 0.29 0.4 0.46
v 4.2527581 -10.3267859 0.8000000 0.29 0.4 0.46
v 4.2926769 -10.2583437 0.8000000 0.29 0.4 0.46
v 4.3352754 -10.1915363 0.8000000 0.29 0.4 0.46
v 4.3804865 -10.1264685 0.8000000 0.29 0.4 0.46
v 4.4282395 -10.0632426 0.8000000 0.29 0.4 0.46
v 4.4784592 -10.0019578 0.8000000 0.29 0.4 0.46
v 4.5310670 -9.9427101 0.8000000 0.29 0.4 0.46
v 4.5859802 -9.8855927 0.8000000 0.29 0.4 0.46
v 4.6431126 -9.8306952 0.8000000 0.29 0.4 0.46
v 4.7023747 -9.7781037 0.8000000 0.29 0.4 0.46
v 4.7636733 -9.7279007 0.8000000 0.29 0.4 0.46
v 4.8269123 -9.6801651 0.8000000 0.29 0.4 0.46
v 4.8919924 -9.6349717 0.8000000 0.29 0.4 0.46
v 4.9588115 -9.5923916 0.8000000 0.29 0.4 0.46
v 5.0272646 -9.5524915 0.8000000 0.29 0.4 0.46
v 5.0972445 -9.5153341 0.8000000 0.29 0.4 0.46
v 5.1686412 -9.4809776 0.8000000 0.29 0.4 0.46
v 5.2413427 -9.4494760 0.8000000 0.29 0.4 0.46
v 5.3152349 -9.4208787 0.8000000 0.29 0.4 0.46
v 5.3902018 -9.3952307 0.8000000 0.29 0.4 0.46
v 5.4661257 -9.3725721 0.8000000 0.29 0.4 0.46
v 5.5428876 -9.3529386 0.8000000 0.29 0.4 0.46
v 5.6203669 -9.3363609 0.8000000 0.29 0.4 0.46
v 5.6984420 -9.3228650 0.8000000 0.29 0.4 0.46
v 5.7769903 -9.3124722 0.8000000 0.29 0.4 0.46
v 5.8558887 -9.3051988 0.8000000 0.29 0.4 0.46
v 5.9350133 -9.3010561 0.8000000 0.29 0.4 0.46
v 6.0142398 -9.3000507 0.8000000 0.29 0.4 0.46
v 6.0934440 -9.3021841 0.8000000 0.29 0.4 0.46
v 6.1725016 -9.3074531 0.8000000 0.29 0.4 0.46
v 6.2512884 -9.3158493 0.8000000 0.29 0.4 0.46
v 6.3296808 -9.3273595 0.8000000 0.29 0.4 0.46
v 6.4075558 -9.3419657 0.8000000 0.29 0.4 0.46
v 6.4847912 -9.3596450 0.8000000 0.29 0.4 0.46
v 6.5612657 -9.3803696 0.8000000 0.29 0.4 0.46
v 6.6368593 -9.4041070 0.8000000 0.29 0.4 0.46
v 6.7114534 -9.4308199 0.8000000 0.29 0.4 0.46
v 6.7849309 -9.4604665 0.8000000 0.29 0.4 0.46
v 6.8571764 -9.4930001 0.8000000 0.29 0.4 0.46
v 6.9280767 -9.5283698 0.8000000 0.29 0.4 0.46
v 6.9975203 -9.5665199 0.8000000 0.29 0.4 0.46
v 7.0653984 -9.6073907 0.8000000 0.29 0.4 0.46
v 7.1316044 -9.6509180 0.8000000 0.29 0.4 0.46
v -4.0000469 11.3136919 0.8000000 0.29 0.4 0.46
v -3.5499868 11.4628789 0.8000000 0.29 0.4 0.46
v -3.0943846 11.5941703 0.8000000 0.29 0.4 0.46
v -2.6339514 11.7073609 0.8000000 0.29 0.4 0.46
v -2.1694062 11.8022742 0.8000000 0.29 0.4 0.46
v -1.7014741 11.8787620 0.8000000 0.29 0.4 0.46
v -1.2308856 11.9367048 0.8000000 0.29 0.4 0.46
v -0.7583756 11.9760121 0.8000000 0.29 0.4 0.46
v -0.2846816 11.9966227 0.8000000 0.29 0.4 0.46
v 0.1894569 11.9985043 0.8000000 0.29 0.4 0.46
v 0.6632996 11.9816540 0.8000000 0.29 0.4 0.46
v 1.1361067 11.9460982 0.8000000 0.29 0.4 0.46
v 1.6071402 11.8918922 0.8000000 0.29 0.4 0.46
v 2.0756646 11.8191208 0.8000000 0.29 0.4 0.46
v 2.5409486 11.7278975 0.8000000 0.29 0.4 0.46
v 3.0022656 11.6183648 0.8000000 0.29 0.4 0.46
v 3.4588955 11.4906937 0.8000000 0.29 0.4 0.46
v 3.9101255 11.3450834 0.8000000 0.29 0.4 0.46
v 4.3552510 11.1817614 0.8000000 0.29 0.4 0.46
v 4.7935772 11.0009826 0.8000000 0.29 0.4 0.46
v 5.2244197 10.8030291 0.8000000 0.29 0.4 0.46
v 5.6471059 10.5882102 0.8000000 0.29 0.4 0.46
v 6.0609759 10.3568610 0.8000000 0.29 0.4 0.46
v 6.4653837 10.1093429 0.8000000 0.29 0.4 0.46
v 6.8596977 9.8460422 0.8000000 0.29 0.4 0.46
v 7.2433025 9.5673700 0.8000000 0.29 0.4 0.46
v 7.6155991 9.2737614 0.8000000 0.29 0.4 0.46
v 7.9760064 8.9656747 0.8000000 0.29 0.4 0.46
v 8.3239616 8.6435909 0.8000000 0.29 0.4 0.46
v 8.6589216 8.3080128 0.8000000 0.29 0.4 0.46
v 8.9803634 7.9594644 0.8000000 0.29 0.4 0.46
v 9.2877852 7.5984898 0.8000000 0.29 0.4 0.46
v 9.5807070 7.2256525 0.8000000 0.29 0.4 0.46
v 9.8586715 6.8415346 0.8000000 0.29 0.4 0.46
v 10.1212448 6.4467358 0.8000000 0.29 0.4 0.46
v 10.3680170 6.0418725 0.8000000 0.29 0.4 0.46
v 10.5986028 5.6275767 0.8000000 0.29 0.4 0.46
v 10.8126421 5.2044952 0.8000000 0.29 0.4 0.46
v 11.0098010 4.7732885 0.8000000 0.29 0.4 0.46
v 11.1897714 4.3346298 0.8000000 0.29 0.4 0.46
v 11.3522726 3.8892039 0.8000000 0.29 0.4 0.46
v 11.4970507 3.4377063 0.8000000 0.29 0.4 0.46
v 11.6238798 2.9808418 0.8000000 0.29 0.4 0.46
v 11.7325619 2.5193236 0.8000000 0.29 0.4 0.46
v 11.8229272 2.0538723 0.8000000 0.29 0.4 0.46
v 11.8948348 1.5852145 0.8000000 0.29 0.4 0.46
v 11.9481723 1.1140819 0.8000000 0.29 0.4 0.46
v 11.9828565 0.6412100 0.8000000 0.29 0.4 0.46
v 11.9988332 0.1673370 0.8000000 0.29 0.4 0.46
v 11.9960775 -0.3067972 0.8000000 0.29 0.4 0.46
v 11.9745937 -0.7804524 0.8000000 0.29 0.4 0.46
v 11.9344153 -1.2528892 0.8000000 0.29 0.4 0.46
v 11.8756051 -1.7233700 0.8000000 0.29 0.4 0.46
v 11.7982548 -2.1911603 0.8000000 0.29 0.4 0.46
v 11.7024853 -2.6555297 0.8000000 0.29 0.4 0.46
v 11.5884460 -3.1157534 0.8000000 0.29 0.4 0.46
v 11.4563150 -3.5711129 0.8000000 0.29 0.4 0.46
v 11.3062985 -4.0208971 0.8000000 0.29 0.4 0.46
v 11.1386308 -4.4644040 0.8000000 0.29 0.4 0.46
v 10.9535736 -4.9009412 0.8000000 0.29 0.4 0.46
v 10.7514159 -5.3298270 0.8000000 0.29 0.4 0.46
v 10.5324732 -5.7503920 0.8000000 0.29 0.4 0.46
v 10.2970873 -6.1619796 0.8000000 0.29 0.4 0.46
v 10.0456258 -6.5639471 0.8000000 0.29 0.4 0.46
v 9.7784812 -6.9556672 0.8000000 0.29 0.4 0.46
v 9.4960705 -7.3365281 0.8000000 0.29 0.4 0.46
v 9.1988348 -7.7059353 0.8000000 0.29 0.4 0.46
v 8.8872379 -8.0633122 0.8000000 0.29 0.4 0.46
v 8.5617664 -8.4081007 0.8000000 0.29 0.4 0.46
v 8.2229283 -8.7397626 0.8000000 0.29 0.4 0.46
v 7.8712528 -9.0577801 0.8000000 0.29 0.4 0.46
v 7.5072887 -9.3616567 0.8000000 0.29 0.4 0.46
v -4.0000208 11.3091280 0.8000000 0.29 0.4 0.46
v -4.0000052 11.3045640 0.8000000 0.29 0.4 0.46
v -4.0000000 11.3000000 0.8000000 0.29 0.4 0.46
v -4.0015596 11.2210314 0.8000000 0.29 0.4 0.46
v -4.0062360 11.1421859 0.8000000 0.29 0.4 0.46
v -4.0140220 11.0635865 0.8000000 0.29 0.4 0.46
v -4.0249053 10.9853559 0.8000000 0.29 0.4 0.46
v -4.0388690 10.9076160 0.8000000 0.29 0.4 0.46
v -4.0558913 10.8304881 0.8000000 0.29 0.4 0.46
v -4.0759457 10.7540924 0.8000000 0.29 0.4 0.46
v -4.0990009 10.6785481 0.8000000 0.29 0.4 0.46
v -4.1250209 10.6039731 0.8000000 0.29 0.4 0.46
v -4.1539652 10.5304836 0.8000000 0.29 0.4 0.46
v -4.1857886 10.4581942 0.8000000 0.29 0.4 0.46
v -4.2204415 10.3872178 0.8000000 0.29 0.4 0.46
v -4.2578698 10.3176649 0.8000000 0.29 0.4 0.46
v -4.2980151 10.2496441 0.8000000 0.29 0.4 0.46
v -4.3408149 10.1832615 0.8000000 0.29 0.4 0.46
v -4.3862024 10.1186205 0.8000000 0.29 0.4 0.46
v -4.4341068 10.0558221 0.8000000 0.29 0.4 0.46
v -4.4844535 9.9949641 0.8000000 0.29 0.4 0.46
v -4.5371638 9.9361415 0.8000000 0.29 0.4 0.46
v -4.5921555 9.8794459 0.8000000 0.29 0.4 0.46
v -4.6493430 9.8249659 0.8000000 0.29 0.4 0.46
v -4.7086369 9.7727864 0.8000000 0.29 0.4 0.46
v -4.7699450 9.7229887 0.8000000 0.29 0.4 0.46
v -4.8331714 9.6756506 0.8000000 0.29 0.4 0.46
v -4.8982176 9.6308459 0.8000000 0.29 0.4 0.46
v -4.9649822 9.5886443 0.8000000 0.29 0.4 0.46
v -5.0333610 9.5491119 0.8000000 0.29 0.4 0.46
v -5.1032475 9.5123102 0.8000000 0.29 0.4 0.46
v -5.1745325 9.4782966 0.8000000 0.29 0.4 0.46
v -5.2471049 9.4471241 0.8000000 0.29 0.4 0.46
v -5.3208515 9.4188415 0.8000000 0.29 0.4 0.46
v -5.3956574 9.3934927 0.8000000 0.29 0.4 0.46
v -5.4714058 9.3711174 0.8000000 0.29 0.4 0.46
v -5.5479786 9.3517504 0.8000000 0.29 0.4 0.46
v -5.6252564 9.3354219 0.8000000 0.29 0.4 0.46
v -5.7031187 9.3221574 0.8000000 0.29 0.4 0.46
v -5.7814440 9.3119775 0.8000000 0.29 0.4 0.46
v -5.8601101 9.3048983 0.8000000 0.29 0.4 0.46
v -5.9389944 9.3009306 0.8000000 0.29 0.4 0.46
v -6.0179739 9.3000808 0.8000000 0.29 0.4 0.46
v -6.0969253 9.3023500 0.8000000 0.29 0.4 0.46
v -6.1757256 9.3077348 0.8000000 0.29 0.4 0.46
v -6.2542518 9.3162268 0.8000000 0.29 0.4 0.46
v -6.3323815 9.3278127 0.8000000 0.29 0.4 0.46
v -6.4099927 9.3424745 0.8000000 0.29 0.4 0.46
v -6.4869646 9.3601893 0.8000000 0.29 0.4 0.46
v -6.5631769 9.3809295 0.8000000 0.29 0.4 0.46
v -6.6385110 9.4046626 0.8000000 0.29 0.4 0.46
v -6.7128492 9.4313518 0.8000000 0.29 0.4 0.46
v -6.7860756 9.4609554 0.8000000 0.29 0.4 0.46
v -6.8580760 9.4934271 0.8000000 0.29 0.4 0.46
v -6.9287382 9.5287164 0.8000000 0.29 0.4 0.46
v -6.9979519 9.5667683 0.8000000 0.29 0.4 0.46
v -7.0656091 9.6075233 0.8000000 0.29 0.4 0.46
v -7.1316044 9.6509180 0.8000000 0.29 0.4 0.46
v -7.5072887 9.3616567 0.8000000 0.29 0.4 0.46
v -7.8712528 9.0577801 0.8000000 0.29 0.4 0.46
v -8.2229283 8.7397626 0.8000000 0.29 0.4 0.46
v -8.5617664 8.4081007 0.8000000 0.29 0.4 0.46
v -8.8872379 8.0633122 0.8000000 0.29 0.4 0.46
v -9.1988348 7.7059353 0.8000000 0.29 0.4 0.46
v -9.4960705 7.3365281 0.8000000 0.29 0.4 0.46
v -9.7784812 6.9556672 0.8000000 0.29 0.4 0.46
v -10.0456258 6.5639471 0.8000000 0.29 0.4 0.46
v -10.2970873 6.1619796 0.8000000 0.29 0.4 0.46
v -10.5324732 5.7503920 0.8000000 0.29 0.4 0.46
v -10.7514159 5.3298270 0.8000000 0.29 0.4 0.46
v -10.9535736 4.9009412 0.8000000 0.29 0.4 0.46
v -11.1386308 4.4644040 0.8000000 0.29 0.4 0.46
v -11.3062985 4.0208971 0.8000000 0.29 0.4 0.46
v -11.4563150 3.5711129 0.8000000 0.29 0.4 0.46
v -11.5884460 3.1157534 0.8000000 0.29 0.4 0.46
v -11.7024853 2.6555297 0.8000000 0.29 0.4 0.46
v -11.7982548 2.1911603 0.8000000 0.29 0.4 0.46
v -11.8756051 1.7233700 0.8000000 0.29 0.4 0.46
v -11.9344153 1.2528892 0.8000000 0.29 0.4 0.46
v -11.9745937 0.7804524 0.8000000 0.29 0.4 0.46
v -11.9960775 0.3067972 0.8000000 0.29 0.4 0.46
v -11.9988332 -0.1673370 0.8000000 0.29 0.4 0.46
v -11.9828565 -0.6412100 0.8000000 0.29 0.4 0.46
v -11.9481723 -1.1140819 0.8000000 0.29 0.4 0.46
v -11.8948348 -1.5852145 0.8000000 0.29 0.4 0.46
v -11.8229272 -2.0538723 0.8000000 0.29 0.4 0.46
v -11.7325619 -2.5193236 0.8000000 0.29 0.4 0.46
v -11.6238798 -2.9808418 0.8000000 0.29 0.4 0.46
v -11.4970507 -3.4377063 0.8000000 0.29 0.4 0.46
v -11.3522726 -3.8892039 0.8000000 0.29 0.4 0.46
v -11.1897714 -4.3346298 0.8000000 0.29 0.4 0.46
v -11.0098010 -4.7732885 0.8000000 0.29 0.4 0.46
v -10.8126421 -5.2044952 0.8000000 0.29 0.4 0.46
v -10.5986028 -5.6275767 0.8000000 0.29 0.4 0.46
v -10.3680170 -6.0418725 0.8000000 0.29 0.4 0.46
v -10.1212448 -6.4467358 0.8000000 0.29 0.4 0.46
v -9.8586715 -6.8415346 0.8000000 0.29 0.4 0.46
v -9.5807070 -7.2256525 0.8000000 0.29 0.4 0.46
v -9.2877852 -7.5984898 0.8000000 0.29 0.4 0.46
v -8.9803634 -7.9594644 0.8000000 0.29 0.4 0.46
v -8.6589216 -8.3080128 0.8000000 0.29 0.4 0.46
v -8.3239616 -8.6435909 0.8000000 0.29 0.4 0.46
v -7.9760064 -8.9656747 0.8000000 0.29 0.4 0.46
v -7.6155991 -9.2737614 0.8000000 0.29 0.4 0.46
v -7.2433025 -9.5673700 0.8000000 0.29 0.4 0.46
v -6.8596977 -9.8460422 0.8000000 0.29 0.4 0.46
v -6.4653837 -10.1093429 0.8000000 0.29 0.4 0.46
v -6.0609759 -10.3568610 0.8000000 0.29 0.4 0.46
v -5.6471059 -10.5882102 0.8000000 0.29 0.4 0.46
v -5.2244197 -10.8030291 0.8000000 0.29 0.4 0.46
v -4.7935772 -11.0009826 0.8000000 0.29 0.4 0.46
v -4.3552510 -11.1817614 0.8000000 0.29 0.4 0.46
v -3.9101255 -11.3450834 0.8000000 0.29 0.4 0.46
v -3.4588955 -11.4906937 0.8000000 0.29 0.4 0.46
v -3.0022656 -11.6183648 0.8000000 0.29 0.4 0.46
v -2.5409486 -11.7278975 0.8000000 0.29 0.4 0.46
v -2.0756646 -11.8191208 0.8000000 0.29 0.4 0.46
v -1.6071402 -11.8918922 0.8000000 0.29 0.4 0.46
v -1.1361067 -11.9460982 0.8000000 0.29 0.4 0.46
v -0.6632996 -11.9816540 0.8000000 0.29 0.4 0.46
v -0.1894569 -11.9985043 0.8000000 0.29 0.4 0.46
v 0.2846816 -11.9966227 0.8000000 0.29 0.4 0.46
v 0.7583756 -11.9760121 0.8000000 0.29 0.4 0.46
v 1.2308856 -11.9367048 0.8000000 0.29 0.4 0.46
v 1.7014741 -11.8787620 0.8000000 0.29 0.4 0.46
v 2.1694062 -11.8022742 0.8000000 0.29 0.4 0.46
v 2.6339514 -11.7073609 0.8000000 0.29 0.4 0.46
v 3.0943846 -11.5941703 0.8000000 0.29 0.4 0.46
v 3.5499868 -11.4628789 0.8000000 0.29 0.4 0.46
v 8.0000000 -11.3000000 0.2000000 0.29 0.4 0.46
v 7.9984966 -11.2224682 0.2000000 0.29 0.4 0.46
v 7.9939888 -11.1450529 0.2000000 0.29 0.4 0.46
v 7.9864833 -11.0678706 0.2000000 0.29 0.4 0.46
v 7.9759914 -10.9910373 0.2000000 0.29 0.4 0.46
v 7.9625289 -10.9146685 0.2000000 0.29 0.4 0.46
v 7.9461160 -10.8388789 0.2000000 0.29 0.4 0.46
v 7.9267773 -10.7637826 0.2000000 0.29 0.4 0.46
v 7.9045421 -10.6894924 0.2000000 0.29 0.4 0.46
v 7.8794436 -10.6161200 0.2000000 0.29 0.4 0.46
v 7.8515196 -10.5437757 0.2000000 0.29 0.4 0.46
v 7.8208121 -10.4725683 0.2000000 0.29 0.4 0.46
v 7.7873673 -10.4026049 0.2000000 0.29 0.4 0.46
v 7.7512355 -10.3339905 0.2000000 0.29 0.4 0.46
v 7.7124709 -10.2668284 0.2000000 0.29 0.4 0.46
v 7.6711318 -10.2012196 0.2000000 0.29 0.4 0.46
v 7.6272804 -10.1372625 0.2000000 0.29 0.4 0.46
v 7.5809827 -10.0750536 0.2000000 0.29 0.4 0.46
v 7.5323081 -10.0146861 0.2000000 0.29 0.4 0.46
v 7.4813300 -9.9562509 0.2000000 0.29 0.4 0.46
v 7.4281248 -9.8998359 0.2000000 0.29 0.4 0.46
v 7.3727727 -9.8455258 0.2000000 0.29 0.4 0.46
v 7.3153568 -9.7934024 0.2000000 0.29 0.4 0.46
v 7.2559635 -9.7435439 0.2000000 0.29 0.4 0.46
v 7.1946820 -9.6960253 0.2000000 0.29 0.4 0.46
v 7.1316044 -9.6509180 0.2000000 0.29 0.4 0.46
v 8.0000000 -11.3000000 2.0000000 0.29 0.4 0.46
v 7.9984188 -11.2204870 2.0000000 0.29 0.4 0.46
v 7.9936777 -11.1410997 2.0000000 0.29 0.4 0.46
v 7.9857841 -11.0619636 2.0000000 0.29 0.4 0.46
v 7.9747507 -10.9832040 2.0000000 0.29 0.4 0.46
v 7.9605947 -10.9049452 2.0000000 0.29 0.4 0.46
v 7.9433387 -10.8273111 2.0000000 0.29 0.4 0.46
v 7.9230098 -10.7504245 2.0000000 0.29 0.4 0.46
v 7.8996403 -10.6744068 2.0000000 0.29 0.4 0.46
v 7.8732670 -10.5993783 2.0000000 0.29 0.4 0.46
v 7.8439317 -10.5254577 2.0000000 0.29 0.4 0.46
v 7.8116808 -10.4527617 2.0000000 0.29 0.4 0.46
v 7.7765652 -10.3814054 2.0000000 0.29 0.4 0.46
v 7.7386405 -10.3115016 2.0000000 0.29 0.4 0.46
v 7.6979667 -10.2431608 2.0000000 0.29 0.4 0.46
v 7.6546081 -10.1764911 2.0000000 0.29 0.4 0.46
v 7.6086331 -10.1115979 2.0000000 0.29 0.4 0.46
v 7.5601146 -10.0485838 2.0000000 0.29 0.4 0.46
v 7.5091292 -9.9875485 2.0000000 0.29 0.4 0.46
v 7.4557576 -9.9285884 2.0000000 0.29 0.4 0.46
v 7.4000841 -9.8717968 2.0000000 0.29 0.4 0.46
v 7.3421969 -9.8172635 2.0000000 0.29 0.4 0.46
v 7.2821873 -9.7650747 2.0000000 0.29 0.4 0.46
v 7.2201503 -9.7153129 2.0000000 0.29 0.4 0.46
v 7.1561840 -9.6680568 2.0000000 0.29 0.4 0.46
v 7.0903895 -9.6233812 2.0000000 0.29 0.4 0.46
v 7.0228710 -9.5813566 2.0000000 0.29 0.4 0.46
v 6.9537350 -9.5420496 2.0000000 0.29 0.4 0.46
v 6.8830910 -9.5055223 2.0000000 0.29 0.4 0.46
v 6.8110506 -9.4718324 2.0000000 0.29 0.4 0.46
v 6.7377278 -9.4410332 2.0000000 0.29 0.4 0.46
v 6.6632386 -9.4131734 2.0000000 0.29 0.4 0.46
v 6.5877005 -9.3882971 2.0000000 0.29 0.4 0.46
v 6.5112333 -9.3664435 2.0000000 0.29 0.4 0.46
v 6.4339576 -9.3476474 2.0000000 0.29 0.4 0.46
v 6.3559958 -9.3319383 2.0000000 0.29 0.4 0.46
v 6.2774711 -9.3193411 2.0000000 0.29 0.4 0.46
v 6.1985076 -9.3098757 2.0000000 0.29 0.4 0.46
v 6.1192303 -9.3035571 2.0000000 0.29 0.4 0.46
v 6.0397644 -9.3003953 2.0000000 0.29 0.4 0.46
v 5.9602356 -9.3003953 2.0000000 0.29 0.4 0.46
v 5.8807697 -9.3035571 2.0000000 0.29 0.4 0.46
v 5.8014924 -9.3098757 2.0000000 0.29 0.4 0.46
v 5.7225289 -9.3193411 2.0000000 0.29 0.4 0.46
v 5.6440042 -9.3319383 2.0000000 0.29 0.4 0.46
v 5.5660424 -9.3476474 2.0000000 0.29 0.4 0.46
v 5.4887667 -9.3664435 2.0000000 0.29 0.4 0.46
v 5.4122995 -9.3882971 2.0000000 0.29 0.4 0.46
v 5.3367614 -9.4131734 2.0000000 0.29 0.4 0.46
v 5.2622722 -9.4410332 2.0000000 0.29 0.4 0.46
v 5.1889494 -9.4718324 2.0000000 0.29 0.4 0.46
v 5.1169090 -9.5055223 2.0000000 0.29 0.4 0.46
v 5.0462650 -9.5420496 2.0000000 0.29 0.4 0.46
v 4.9771290 -9.5813566 2.0000000 0.29 0.4 0.46
v 4.9096105 -9.6233812 2.0000000 0.29 0.4 0.46
v 4.8438160 -9.6680568 2.0000000 0.29 0.4 0.46
v 4.7798497 -9.7153129 2.0000000 0.29 0.4 0.46
v 4.7178127 -9.7650747 2.0000000 0.29 0.4 0.46
v 4.6578031 -9.8172635 2.0000000 0.29 0.4 0.46
v 4.5999159 -9.8717968 2.0000000 0.29 0.4 0.46
v 4.5442424 -9.9285884 2.0000000 0.29 0.4 0.46
v 4.4908708 -9.9875485 2.0000000 0.29 0.4 0.46
v 4.4398854 -10.0485838 2.0000000 0.29 0.4 0.46
v 4.3913669 -10.1115979 2.0000000 0.29 0.4 0.46
v 4.3453919 -10.1764911 2.0000000 0.29 0.4 0.46
v 4.3020333 -10.2431608 2.0000000 0.29 0.4 0.46
v 4.2613595 -10.3115016 2.0000000 0.29 0.4 0.46
v 4.2234348 -10.3814054 2.0000000 0.29 0.4 0.46
v 4.1883192 -10.4527617 2.0000000 0.29 0.4 0.46
v 4.1560683 -10.5254577 2.0000000 0.29 0.4 0.46
v 4.1267330 -10.5993783 2.0000000 0.29 0.4 0.46
v 4.1003597 -10.6744068 2.0000000 0.29 0.4 0.46
v 4.0769902 -10.7504245 2.0000000 0.29 0.4 0.46
v 4.0566613 -10.8273111 2.0000000 0.29 0.4 0.46
v 4.0394053 -10.9049452 2.0000000 0.29 0.4 0.46
v 4.0252493 -10.9832040 2.0000000 0.29 0.4 0.46
v 4.0142159 -11.0619636 2.0000000 0.29 0.4 0.46
v 4.0063223 -11.1410997 2.0000000 0.29 0.4 0.46
v 4.0015812 -11.2204870 2.0000000 0.29 0.4 0.46
v 4.0000000 -11.3000000 2.0000000 0.29 0.4 0.46
v 4.0015812 -11.3795130 2.0000000 0.29 0.4 0.46
v 4.0063223 -11.4589003 2.0000000 0.29 0.4 0.46
v 4.0142159 -11.5380364 2.0000000 0.29 0.4 0.46
v 4.0252493 -11.6167960 2.0000000 0.29 0.4 0.46
v 4.0394053 -11.6950548 2.0000000 0.29 0.4 0.46
v 4.0566613 -11.7726889 2.0000000 0.29 0.4 0.46
v 4.0769902 -11.8495755 2.0000000 0.29 0.4 0.46
v 4.1003597 -11.9255932 2.0000000 0.29 0.4 0.46
v 4.1267330 -12.0006217 2.0000000 0.29 0.4 0.46
v 4.1560683 -12.0745423 2.0000000 0.29 0.4 0.46
v 4.1883192 -12.1472383 2.0000000 0.29 0.4 0.46
v 4.2234348 -12.2185946 2.0000000 0.29 0.4 0.46
v 4.2613595 -12.2884984 2.0000000 0.29 0.4 0.46
v 4.3020333 -12.3568392 2.0000000 0.29 0.4 0.46
v 4.3453919 -12.4235089 2.0000000 0.29 0.4 0.46
v 4.3913669 -12.4884021 2.0000000 0.29 0.4 0.46
v 4.4398854 -12.5514162 2.0000000 0.29 0.4 0.46
v 4.4908708 -12.6124515 2.0000000 0.29 0.4 0.46
v 4.5442424 -12.6714116 2.0000000 0.29 0.4 0.46
v 4.5999159 -12.7282032 2.0000000 0.29 0.4 0.46
v 4.6578031 -12.7827365 2.0000000 0.29 0.4 0.46
v 4.7178127 -12.8349253 2.0000000 0.29 0.4 0.46
v 4.7798497 -12.8846871 2.0000000 0.29 0.4 0.46
v 4.8438160 -12.9319432 2.0000000 0.29 0.4 0.46
v 4.9096105 -12.9766188 2.0000000 0.29 0.4 0.46
v 4.9771290 -13.0186434 2.0000000 0.29 0.4 0.46
v 5.0462650 -13.0579504 2.0000000 0.29 0.4 0.46
v 5.1169090 -13.0944777 2.0000000 0.29 0.4 0.46
v 5.1889494 -13.1281676 2.0000000 0.29 0.4 0.46
v 5.2622722 -13.1589668 2.0000000 0.29 0.4 0.46
v 5.3367614 -13.1868266 2.0000000 0.29 0.4 0.46
v 5.4122995 -13.2117029 2.0000000 0.29 0.4 0.46
v 5.4887667 -13.2335565 2.0000000 0.29 0.4 0.46
v 5.5660424 -13.2523526 2.0000000 0.29 0.4 0.46
v 5.6440042 -13.2680617 2.0000000 0.29 0.4 0.46
v 5.7225289 -13.2806589 2.0000000 0.29 0.4 0.46
v 5.8014924 -13.2901243 2.0000000 0.29 0.4 0.46
v 5.8807697 -13.2964429 2.0000000 0.29 0.4 0.46
v 5.9602356 -13.2996047 2.0000000 0.29 0.4 0.46
v 6.0397644 -13.2996047 2.0000000 0.29 0.4 0.46
v 6.1192303 -13.2964429 2.0000000 0.29 0.4 0.46
v 6.1985076 -13.2901243 2.0000000 0.29 0.4 0.46
v 6.2774711 -13.2806589 2.0000000 0.29 0.4 0.46
v 6.3559958 -13.2680617 2.0000000 0.29 0.4 0.46
v 6.4339576 -13.2523526 2.0000000 0.29 0.4 0.46
v 6.5112333 -13.2335565 2.0000000 0.29 0.4 0.46
v 6.5877005 -13.2117029 2.0000000 0.29 0.4 0.46
v 6.6632386 -13.1868266 2.0000000 0.29 0.4 0.46
v 6.7377278 -13.1589668 2.0000000 0.29 0.4 0.46
v 6.8110506 -13.1281676 2.0000000 0.29 0.4 0.46
v 6.8830910 -13.0944777 2.0000000 0.29 0.4 0.46
v 6.9537350 -13.0579504 2.0000000 0.29 0.4 0.46
v 7.0228710 -13.0186434 2.0000000 0.29 0.4 0.46
v 7.0903895 -12.9766188 2.0000000 0.29 0.4 0.46
v 7.1561840 -12.9319432 2.0000000 0.29 0.4 0.46
v 7.2201503 -12.8846871 2.0000000 0.29 0.4 0.46
v 7.2821873 -12.8349253 2.0000000 0.29 0.4 0.46
v 7.3421969 -12.7827365 2.0000000 0.29 0.4 0.46
v 7.4000841 -12.7282032 2.0000000 0.29 0.4 0.46
v 7.4557576 -12.6714116 2.0000000 0.29 0.4 0.46
v 7.5091292 -12.6124515 2.0000000 0.29 0.4 0.46
v 7.5601146 -12.5514162 2.0000000 0.29 0.4 0.46
v 7.6086331 -12.4884021 2.0000000 0.29 0.4 0.46
v 7.6546081 -12.4235089 2.0000000 0.29 0.4 0.46
v 7.6979667 -12.3568392 2.0000000 0.29 0.4 0.46
v 7.7386405 -12.2884984 2.0000000 0.29 0.4 0.46
v 7.7765652 -12.2185946 2.0000000 0.29 0.4 0.46
v 7.8116808 -12.1472383 2.0000000 0.29 0.4 0.46
v 7.8439317 -12.0745423 2.0000000 0.29 0.4 0.46
v 7.8732670 -12.0006217 2.0000000 0.29 0.4 0.46
v 7.8996403 -11.9255932 2.0000000 0.29 0.4 0.46
v 7.9230098 -11.8495755 2.0000000 0.29 0.4 0.46
v 7.9433387 -11.7726889 2.0000000 0.29 0.4 0.46
v 7.9605947 -11.6950548 2.0000000 0.29 0.4 0.46
v 7.9747507 -11.6167960 2.0000000 0.29 0.4 0.46
v 7.9857841 -11.5380364 2.0000000 0.29 0.4 0.46
v 7.9936777 -11.4589003 2.0000000 0.29 0.4 0.46
v 7.9984188 -11.3795130 2.0000000 0.29 0.4 0.46
v 8.0000000 -11.3000000 2.0000000 0.29 0.4 0.46
v 8.0000000 -11.3000000 0.2000000 0.29 0.4 0.46
v 4.0000469 -11.3136919 0.2000000 0.29 0.4 0.46
v 4.0021643 -11.3930191 0.2000000 0.29 0.4 0.46
v 4.0074270 -11.4721999 0.2000000 0.29 0.4 0.46
v 4.0158266 -11.5511096 0.2000000 0.29 0.4 0.46
v 4.0273500 -11.6296239 0.2000000 0.29 0.4 0.46
v 4.0419789 -11.7076193 0.2000000 0.29 0.4 0.46
v 4.0596904 -11.7849730 0.2000000 0.29 0.4 0.46
v 4.0804566 -11.8615632 0.2000000 0.29 0.4 0.46
v 4.1042448 -11.9372693 0.2000000 0.29 0.4 0.46
v 4.1310175 -12.0119721 0.2000000 0.29 0.4 0.46
v 4.1607326 -12.0855541 0.2000000 0.29 0.4 0.46
v 4.1933432 -12.1578993 0.2000000 0.29 0.4 0.46
v 4.2287982 -12.2288940 0.2000000 0.29 0.4 0.46
v 4.2670415 -12.2984262 0.2000000 0.29 0.4 0.46
v 4.3080131 -12.3663866 0.2000000 0.29 0.4 0.46
v 4.3516485 -12.4326682 0.2000000 0.29 0.4 0.46
v 4.3978789 -12.4971666 0.2000000 0.29 0.4 0.46
v 4.4466315 -12.5597803 0.2000000 0.29 0.4 0.46
v 4.4978296 -12.6204106 0.2000000 0.29 0.4 0.46
v 4.5513927 -12.6789622 0.2000000 0.29 0.4 0.46
v 4.6072363 -12.7353429 0.2000000 0.29 0.4 0.46
v 4.6652726 -12.7894639 0.2000000 0.29 0.4 0.46
v 4.7254101 -12.8412400 0.2000000 0.29 0.4 0.46
v 4.7875543 -12.8905897 0.2000000 0.29 0.4 0.46
v 4.8516073 -12.9374352 0.2000000 0.29 0.4 0.46
v 4.9174682 -12.9817030 0.2000000 0.29 0.4 0.46
v 4.9850334 -13.0233232 0.2000000 0.29 0.4 0.46
v 5.0541964 -13.0622303 0.2000000 0.29 0.4 0.46
v 5.1248484 -13.0983631 0.2000000 0.29 0.4 0.46
v 5.1968783 -13.1316647 0.2000000 0.29 0.4 0.46
v 5.2701724 -13.1620826 0.2000000 0.29 0.4 0.46
v 5.3446156 -13.1895691 0.2000000 0.29 0.4 0.46
v 5.4200906 -13.2140807 0.2000000 0.29 0.4 0.46
v 5.4964785 -13.2355790 0.2000000 0.29 0.4 0.46
v 5.5736591 -13.2540301 0.2000000 0.29 0.4 0.46
v 5.6515109 -13.2694048 0.2000000 0.29 0.4 0.46
v 5.7299114 -13.2816791 0.2000000 0.29 0.4 0.46
v 5.8087371 -13.2908336 0.2000000 0.29 0.4 0.46
v 5.8878638 -13.2968539 0.2000000 0.29 0.4 0.46
v 5.9671672 -13.2997305 0.2000000 0.29 0.4 0.46
v 6.0465222 -13.2994588 0.2000000 0.29 0.4 0.46
v 6.1258039 -13.2960394 0.2000000 0.29 0.4 0.46
v 6.2048876 -13.2894776 0.2000000 0.29 0.4 0.46
v 6.2836488 -13.2797837 0.2000000 0.29 0.4 0.46
v 6.3619634 -13.2669729 0.2000000 0.29 0.4 0.46
v 6.4397081 -13.2510655 0.2000000 0.29 0.4 0.46
v 6.5167606 -13.2320866 0.2000000 0.29 0.4 0.46
v 6.5929996 -13.2100658 0.2000000 0.29 0.4 0.46
v 6.6683050 -13.1850381 0.2000000 0.29 0.4 0.46
v 6.7425582 -13.1570426 0.2000000 0.29 0.4 0.46
v 6.8156424 -13.1261236 0.2000000 0.29 0.4 0.46
v 6.8874426 -13.0923297 0.2000000 0.29 0.4 0.46
v 6.9578456 -13.0557140 0.2000000 0.29 0.4 0.46
v 7.0267407 -13.0163343 0.2000000 0.29 0.4 0.46
v 7.0940193 -12.9742526 0.2000000 0.29 0.4 0.46
v 7.1595756 -12.9295350 0.2000000 0.29 0.4 0.46
v 7.2233064 -12.8822520 0.2000000 0.29 0.4 0.46
v 7.2851113 -12.8324781 0.2000000 0.29 0.4 0.46
v 7.3448930 -12.7802915 0.2000000 0.29 0.4 0.46
v 7.4025574 -12.7257745 0.2000000 0.29 0.4 0.46
v 7.4580137 -12.6690128 0.2000000 0.29 0.4 0.46
v 7.5111746 -12.6100959 0.2000000 0.29 0.4 0.46
v 7.5619565 -12.5491164 0.2000000 0.29 0.4 0.46
v 7.6102793 -12.4861705 0.2000000 0.29 0.4 0.46
v 7.6560671 -12.4213571 0.2000000 0.29 0.4 0.46
v 7.6992477 -12.3547784 0.2000000 0.29 0.4 0.46
v 7.7397530 -12.2865391 0.2000000 0.29 0.4 0.46
v 7.7775195 -12.2167466 0.2000000 0.29 0.4 0.46
v 7.8124876 -12.1455109 0.2000000 0.29 0.4 0.46
v 7.8446022 -12.0729441 0.2000000 0.29 0.4 0.46
v 7.8738129 -11.9991605 0.2000000 0.29 0.4 0.46
v 7.9000735 -11.9242761 0.2000000 0.29 0.4 0.46
v 7.9233428 -11.8484089 0.2000000 0.29 0.4 0.46
v 7.9435842 -11.7716784 0.2000000 0.29 0.4 0.46
v 7.9607657 -11.6942052 0.2000000 0.29 0.4 0.46
v 7.9748604 -11.6161115 0.2000000 0.29 0.4 0.46
v 7.9858460 -11.5375201 0.2000000 0.29 0.4 0.46
v 7.9937052 -11.4585548 0.2000000 0.29 0.4 0.46
v 7.9984257 -11.3793399 0.2000000 0.29 0.4 0.46
v 4.0000469 -11.3136919 0.8000000 0.29 0.4 0.46
v 4.0010740 -11.2344657 0.8000000 0.29 0.4 0.46
v 4.0052383 -11.1553422 0.8000000 0.29 0.4 0.46
v 4.0125334 -11.0764458 0.8000000 0.29 0.4 0.46
v 4.0229477 -10.9979003 0.8000000 0.29 0.4 0.46
v 4.0364649 -10.9198289 0.8000000 0.29 0.4 0.46
v 4.0530639 -10.8423542 0.8000000 0.29 0.4 0.46
v 4.0727184 -10.7655977 0.8000000 0.29 0.4 0.46
v 4.0953978 -10.6896800 0.8000000 0.29 0.4 0.46
v 4.1210664 -10.6147201 0.8000000 0.29 0.4 0.46
v 4.1496839 -10.5408358 0.8000000 0.29 0.4 0.46
v 4.1812054 -10.4681429 0.8000000 0.29 0.4 0.46
v 4.2155814 -10.3967556 0.8000000 0.29 0.4 0.46
v 4.2527581 -10.3267859 0.8000000 0.29 0.4 0.46
v 4.2926769 -10.2583437 0.8000000 0.29 0.4 0.46
v 4.3352754 -10.1915363 0.8000000 0.29 0.4 0.46
v 4.3804865 -10.1264685 0.8000000 0.29 0.4 0.46
v 4.4282395 -10.0632426 0.8000000 0.29 0.4 0.46
v 4.4784592 -10.0019578 0.8000000 0.29 0.4 0.46
v 4.5310670 -9.9427101 0.8000000 0.29 0.4 0.46
v 4.5859802 -9.8855927 0.8000000 0.29 0.4 0.46
v 4.6431126 -9.8306952 0.8000000 0.29 0.4 0.46
v 4.7023747 -9.7781037 0.8000000 0.29 0.4 0.46
v 4.7636733 -9.7279007 0.8000000 0.29 0.4 0.46
v 4.8269123 -9.6801651 0.8000000 0.29 0.4 0.46
v 4.8919924 -9.6349717 0.8000000 0.29 0.4 0.46
v 4.9588115 -9.5923916 0.8000000 0.29 0.4 0.46
v 5.0272646 -9.5524915 0.8000000 0.29 0.4 0.46
v 5.0972445 -9.5153341 0.8000000 0.29 0.4 0.46
v 5.1686412 -9.4809776 0.8000000 0.29 0.4 0.46
v 5.2413427 -9.4494760 0.8000000 0.29 0.4 0.46
v 5.3152349 -9.4208787 0.8000000 0.29 0.4 0.46
v 5.3902018 -9.3952307 0.8000000 0.29 0.4 0.46
v 5.4661257 -9.3725721 0.8000000 0.29 0.4 0.46
v 5.5428876 -9.3529386 0.8000000 0.29 0.4 0.46
v 5.6203669 -9.3363609 0.8000000 0.29 0.4 0.46
v 5.6984420 -9.3228650 0.8000000 0.29 0.4 0.46
v 5.7769903 -9.3124722 0.8000000 0.29 0.4 0.46
v 5.8558887 -9.3051988 0.8000000 0.29 0.4 0.46
v 5.9350133 -9.3010561 0.8000000 0.29 0.4 0.46
v 6.0142398 -9.3000507 0.8000000 0.29 0.4 0.46
v 6.0934440 -9.3021841 0.8000000 0.29 0.4 0.46
v 6.1725016 -9.3074531 0.8000000 0.29 0.4 0.46
v 6.2512884 -9.3158493 0.8000000 0.29 0.4 0.46
v 6.3296808 -9.3273595 0.8000000 0.29 0.4 0.46
v 6.4075558 -9.3419657 0.8000000 0.29 0.4 0.46
v 6.4847912 -9.3596450 0.8000000 0.29 0.4 0.46
v 6.5612657 -9.3803696 0.8000000 0.29 0.4 0.46
v 6.6368593 -9.4041070 0.8000000 0.29 0.4 0.46
v 6.7114534 -9.4308199 0.8000000 0.29 0.4 0.46
v 6.7849309 -9.4604665 0.8000000 0.29 0.4 0.46
v 6.8571764 -9.4930001 0.8000000 0.29 0.4 0.46
v 6.9280767 -9.5283698 0.8000000 0.29 0.4 0.46
v 6.9975203 -9.5665199 0.8000000 0.29 0.4 0.46
v 7.0653984 -9.6073907 0.8000000 0.29 0.4 0.46
v 7.1316044 -9.6509180 0.8000000 0.29 0.4 0.46
v 8.0000000 -11.3000000 2.0000000 0.29 0.4 0.46
v 7.9984188 -11.2204870 2.0000000 0.29 0.4 0.46
v 7.9936777 -11.1410997 2.0000000 0.29 0.4 0.46
v 7.9857841 -11.0619636 2.0000000 0.29 0.4 0.46
v 7.9747507 -10.9832040 2.0000000 0.29 0.4 0.46
v 7.9605947 -10.9049452 2.0000000 0.29 0.4 0.46
v 7.9433387 -10.8273111 2.0000000 0.29 0.4 0.46
v 7.9230098 -10.7504245 2.0000000 0.29 0.4 0.46
v 7.8996403 -10.6744068 2.0000000 0.29 0.4 0.46
v 7.8732670 -10.5993783 2.0000000 0.29 0.4 0.46
v 7.8439317 -10.5254577 2.0000000 0.29 0.4 0.46
v 7.8116808 -10.4527617 2.0000000 0.29 0.4 0.46
v 7.7765652 -10.3814054 2.0000000 0.29 0.4 0.46
v 7.7386405 -10.3115016 2.0000000 0.29 0.4 0.46
v 7.6979667 -10.2431608 2.0000000 0.29 0.4 0.46
v 7.6546081 -10.1764911 2.0000000 0.29 0.4 0.46
v 7.6086331 -10.1115979 2.0000000 0.29 0.4 0.46
v 7.5601146 -10.0485838 2.0000000 0.29 0.4 0.46
v 7.5091292 -9.9875485 2.0000000 0.29 0.4 0.46
v 7.4557576 -9.9285884 2.0000000 0.29 0.4 0.46
v 7.4000841 -9.8717968 2.0000000 0.29 0.4 0.46
v 7.3421969 -9.8172635 2.0000000 0.29 0.4 0.46
v 7.2821873 -9.7650747 2.0000000 0.29 0.4 0.46
v 7.2201503 -9.7153129 2.0000000 0.29 0.4 0.46
v 7.1561840 -9.6680568 2.0000000 0.29 0.4 0.46
v 7.0903895 -9.6233812 2.0000000 0.29 0.4 0.46
v 7.0228710 -9.5813566 2.0000000 0.29 0.4 0.46
v 6.9537350 -9.5420496 2.0000000 0.29 0.4 0.46
v 6.8830910 -9.5055223 2.0000000 0.29 0.4 0.46
v 6.8110506 -9.4718324 2.0000000 0.29 0.4 0.46
v 6.7377278 -9.4410332 2.0000000 0.29 0.4 0.46
v 6.6632386 -9.4131734 2.0000000 0.29 0.4 0.46
v 6.5877005 -9.3882971 2.0000000 0.29 0.4 0.46
v 6.5112333 -9.3664435 2.0000000 0.29 0.4 0.46
v 6.4339576 -9.3476474 2.0000000 0.29 0.4 0.46
v 6.3559958 -9.3319383 2.0000000 0.29 0.4 0.46
v 6.2774711 -9.3193411 2.0000000 0.29 0.4 0.46
v 6.1985076 -9.3098757 2.0000000 0.29 0.4 0.46
v 6.1192303 -9.3035571 2.0000000 0.29 0.4 0.46
v 6.0397644 -9.3003953 2.0000000 0.29 0.4 0.46
v 5.9602356 -9.3003953 2.0000000 0.29 0.4 0.46
v 5.8807697 -9.3035571 2.0000000 0.29 0.4 0.46
v 5.8014924 -9.3098757 2.0000000 0.29 0.4 0.46
v 5.7225289 -9.3193411 2.0000000 0.29 0.4 0.46
v 5.6440042 -9.3319383 2.0000000 0.29 0.4 0.46
v 5.5660424 -9.3476474 2.0000000 0.29 0.4 0.46
v 5.4887667 -9.3664435 2.0000000 0.29 0.4 0.46
v 5.4122995 -9.3882971 2.0000000 0.29 0.4 0.46
v 5.3367614 -9.4131734 2.0000000 0.29 0.4 0.46
v 5.2622722 -9.4410332 2.0000000 0.29 0.4 0.46
v 5.1889494 -9.4718324 2.0000000 0.29 0.4 0.46
v 5.1169090 -9.5055223 2.0000000 0.29 0.4 0.46
v 5.0462650 -9.5420496 2.0000000 0.29 0.4 0.46
v 4.9771290 -9.5813566 2.0000000 0.29 0.4 0.46
v 4.9096105 -9.6233812 2.0000000 0.29 0.4 0.46
v 4.8438160 -9.6680568 2.0000000 0.29 0.4 0.46
v 4.7798497 -9.7153129 2.0000000 0.29 0.4 0.46
v 4.7178127 -9.7650747 2.0000000 0.29 0.4 0.46
v 4.6578031 -9.8172635 2.0000000 0.29 0.4 0.46
v 4.5999159 -9.8717968 2.0000000 0.29 0.4 0.46
v 4.5442424 -9.9285884 2.0000000 0.29 0.4 0.46
v 4.4908708 -9.9875485 2.0000000 0.29 0.4 0.46
v 4.4398854 -10.0485838 2.0000000 0.29 0.4 0.46
v 4.3913669 -10.1115979 2.0000000 0.29 0.4 0.46
v 4.3453919 -10.1764911 2.0000000 0.29 0.4 0.46
v 4.3020333 -10.2431608 2.0000000 0.29 0.4 0.46
v 4.2613595 -10.3115016 2.0000000 0.29 0.4 0.46
v 4.2234348 -10.3814054 2.0000000 0.29 0.4 0.46
v 4.1883192 -10.4527617 2.0000000 0.29 0.4 0.46
v 4.1560683 -10.5254577 2.0000000 0.29 0.4 0.46
v 4.1267330 -10.5993783 2.0000000 0.29 0.4 0.46
v 4.1003597 -10.6744068 2.0000000 0.29 0.4 0.46
v 4.0769902 -10.7504245 2.0000000 0.29 0.4 0.46
v 4.0566613 -10.8273111 2.0000000 0.29 0.4 0.46
v 4.0394053 -10.9049452 2.0000000 0.29 0.4 0.46
v 4.0252493 -10.9832040 2.0000000 0.29 0.4 0.46
v 4.0142159 -11.0619636 2.0000000 0.29 0.4 0.46
v 4.0063223 -11.1410997 2.0000000 0.29 0.4 0.46
v 4.0015812 -11.2204870 2.0000000 0.29 0.4 0.46
v 4.0000000 -11.3000000 2.0000000 0.29 0.4 0.46
v 4.0015812 -11.3795130 2.0000000 0.29 0.4 0.46
v 4.0063223 -11.4589003 2.0000000 0.29 0.4 0.46
v 4.0142159 -11.5380364 2.0000000 0.29 0.4 0.46
v 4.0252493 -11.6167960 2.0000000 0.29 0.4 0.46
v 4.0394053 -11.6950548 2.0000000 0.29 0.4 0.46
v 4.0566613 -11.7726889 2.0000000 0.29 0.4 0.46
v 4.0769902 -11.8495755 2.0000000 0.29 0.4 0.46
v 4.1003597 -11.9255932 2.0000000 0.29 0.4 0.46
v 4.1267330 -12.0006217 2.0000000 0.29 0.4 0.46
v 4.1560683 -12.0745423 2.0000000 0.29 0.4 0.46
v 4.1883192 -12.1472383 2.0000000 0.29 0.4 0.46
v 4.2234348 -12.2185946 2.0000000 0.29 0.4 0.46
v 4.2613595 -12.2884984 2.0000000 0.29 0.4 0.46
v 4.3020333 -12.3568392 2.0000000 0.29 0.4 0.46
v 4.3453919 -12.4235089 2.0000000 0.29 0.4 0.46
v 4.3913669 -12.4884021 2.0000000 0.29 0.4 0.46
v 4.4398854 -12.5514162 2.0000000 0.29 0.4 0.46
v 4.4908708 -12.6124515 2.0000000 0.29 0.4 0.46
v 4.5442424 -12.6714116 2.0000000 0.29 0.4 0.46
v 4.5999159 -12.7282032 2.0000000 0.29 0.4 0.46
v 4.6578031 -12.7827365 2.0000000 0.29 0.4 0.46
v 4.7178127 -12.8349253 2.0000000 0.29 0.4 0.46
v 4.7798497 -12.8846871 2.0000000 0.29 0.4 0.46
v 4.8438160 -12.9319432 2.0000000 0.29 0.4 0.46
v 4.9096105 -12.9766188 2.0000000 0.29 0.4 0.46
v 4.9771290 -13.0186434 2.0000000 0.29 0.4 0.46
v 5.0462650 -13.0579504 2.0000000 0.29 0.4 0.46
v 5.1169090 -13.0944777 2.0000000 0.29 0.4 0.46
v 5.1889494 -13.1281676 2.0000000 0.29 0.4 0.46
v 5.2622722 -13.1589668 2.0000000 0.29 0.4 0.46
v 5.3367614 -13.1868266 2.0000000 0.29 0.4 0.46
v 5.4122995 -13.2117029 2.0000000 0.29 0.4 0.46
v 5.4887667 -13.2335565 2.0000000 0.29 0.4 0.46
v 5.5660424 -13.2523526 2.0000000 0.29 0.4 0.46
v 5.6440042 -13.2680617 2.0000000 0.29 0.4 0.46
v 5.7225289 -13.2806589 2.0000000 0.29 0.4 0.46
v 5.8014924 -13.2901243 2.0000000 0.29 0.4 0.46
v 5.8807697 -13.2964429 2.0000000 0.29 0.4 0.46
v 5.9602356 -13.2996047 2.0000000 0.29 0.4 0.46
v 6.0397644 -13.2996047 2.0000000 0.29 0.4 0.46
v 6.1192303 -13.2964429 2.0000000 0.29 0.4 0.46
v 6.1985076 -13.2901243 2.0000000 0.29 0.4 0.46
v 6.2774711 -13.2806589 2.0000000 0.29 0.4 0.46
v 6.3559958 -13.2680617 2.0000000 0.29 0.4 0.46
v 6.4339576 -13.2523526 2.0000000 0.29 0.4 0.46
v 6.5112333 -13.2335565 2.0000000 0.29 0.4 0.46
v 6.5877005 -13.2117029 2.0000000 0.29 0.4 0.46
v 6.6632386 -13.1868266 2.0000000 0.29 0.4 0.46
v 6.7377278 -13.1589668 2.0000000 0.29 0.4 0.46
v 6.8110506 -13.1281676 2.0000000 0.29 0.4 0.46
v 6.8830910 -13.0944777 2.0000000 0.29 0.4 0.46
v 6.9537350 -13.0579504 2.0000000 0.29 0.4 0.46
v 7.0228710 -13.0186434 2.0000000 0.29 0.4 0.46
v 7.0903895 -12.9766188 2.0000000 0.29 0.4 0.46
v 7.1561840 -12.9319432 2.0000000 0.29 0.4 0.46
v 7.2201503 -12.8846871 2.0000000 0.29 0.4 0.46
v 7.2821873 -12.8349253 2.0000000 0.29 0.4 0.46
v 7.3421969 -12.7827365 2.0000000 0.29 0.4 0.46
v 7.4000841 -12.7282032 2.0000000 0.29 0.4 0.46
v 7.4557576 -12.6714116 2.0000000 0.29 0.4 0.46
v 7.5091292 -12.6124515 2.0000000 0.29 0.4 0.46
v 7.5601146 -12.5514162 2.0000000 0.29 0.4 0.46
v 7.6086331 -12.4884021 2.0000000 0.29 0.4 0.46
v 7.6546081 -12.4235089 2.0000000 0.29 0.4 0.46
v 7.6979667 -12.3568392 2.0000000 0.29 0.4 0.46
v 7.7386405 -12.2884984 2.0000000 0.29 0.4 0.46
v 7.7765652 -12.2185946 2.0000000 0.29 0.4 0.46
v 7.8116808 -12.1472383 2.0000000 0.29 0.4 0.46
v 7.8439317 -12.0745423 2.0000000 0.29 0.4 0.46
v 7.8732670 -12.0006217 2.0000000 0.29 0.4 0.46
v 7.8996403 -11.9255932 2.0000000 0.29 0.4 0.46
v 7.9230098 -11.8495755 2.0000000 0.29 0.4 0.46
v 7.9433387 -11.7726889 2.0000000 0.29 0.4 0.46
v 7.9605947 -11.6950548 2.0000000 0.29 0.4 0.46
v 7.9747507 -11.6167960 2.0000000 0.29 0.4 0.46
v 7.9857841 -11.5380364 2.0000000 0.29 0.4 0.46
v 7.9936777 -11.4589003 2.0000000 0.29 0.4 0.46
v 7.9984188 -11.3795130 2.0000000 0.29 0.4 0.46
v 7.1000000 -11.3000000 2.0000000 0.29 0.4 0.46
v 7.0991303 -11.3437322 2.0000000 0.29 0.4 0.46
v 7.0965227 -11.3873952 2.0000000 0.29 0.4 0.46
v 7.0921813 -11.4309200 2.0000000 0.29 0.4 0.46
v 7.0861129 -11.4742378 2.0000000 0.29 0.4 0.46
v 7.0783271 -11.5172801 2.0000000 0.29 0.4 0.46
v 7.0688363 -11.5599789 2.0000000 0.29 0.4 0.46
v 7.0576554 -11.6022665 2.0000000 0.29 0.4 0.46
v 7.0448021 -11.6440763 2.0000000 0.29 0.4 0.46
v 7.0302968 -11.6853419 2.0000000 0.29 0.4 0.46
v 7.0141624 -11.7259983 2.0000000 0.29 0.4 0.46
v 6.9964244 -11.7659811 2.0000000 0.29 0.4 0.46
v 6.9771109 -11.8052270 2.0000000 0.29 0.4 0.46
v 6.9562523 -11.8436741 2.0000000 0.29 0.4 0.46
v 6.9338817 -11.8812615 2.0000000 0.29 0.4 0.46
v 6.9100344 -11.9179299 2.0000000 0.29 0.4 0.46
v 6.8847482 -11.9536211 2.0000000 0.29 0.4 0.46
v 6.8580630 -11.9882789 2.0000000 0.29 0.4 0.46
v 6.8300211 -12.0218483 2.0000000 0.29 0.4 0.46
v 6.8006667 -12.0542764 2.0000000 0.29 0.4 0.46
v 6.7700463 -12.0855118 2.0000000 0.29 0.4 0.46
v 6.7382083 -12.1155051 2.0000000 0.29 0.4 0.46
v 6.7052030 -12.1442089 2.0000000 0.29 0.4 0.46
v 6.6710827 -12.1715779 2.0000000 0.29 0.4 0.46
v 6.6359012 -12.1975688 2.0000000 0.29 0.4 0.46
v 6.5997142 -12.2221403 2.0000000 0.29 0.4 0.46
v 6.5625790 -12.2452538 2.0000000 0.29 0.4 0.46
v 6.5245543 -12.2668727 2.0000000 0.29 0.4 0.46
v 6.4857000 -12.2869627 2.0000000 0.29 0.4 0.46
v 6.4460779 -12.3054922 2.0000000 0.29 0.4 0.46
v 6.4057503 -12.3224317 2.0000000 0.29 0.4 0.46
v 6.3647812 -12.3377546 2.0000000 0.29 0.4 0.46
v 6.3232353 -12.3514366 2.0000000 0.29 0.4 0.46
v 6.2811783 -12.3634560 2.0000000 0.29 0.4 0.46
v 6.2386767 -12.3737939 2.0000000 0.29 0.4 0.46
v 6.1957977 -12.3824340 2.0000000 0.29 0.4 0.46
v 6.1526091 -12.3893624 2.0000000 0.29 0.4 0.46
v 6.1091792 -12.3945684 2.0000000 0.29 0.4 0.46
v 6.0655766 -12.3980436 2.0000000 0.29 0.4 0.46
v 6.0218704 -12.3997826 2.0000000 0.29 0.4 0.46
v 5.9781296 -12.3997826 2.0000000 0.29 0.4 0.46
v 5.9344234 -12.3980436 2.0000000 0.29 0.4 0.46
v 5.8908208 -12.3945684 2.0000000 0.29 0.4 0.46
v 5.8473909 -12.3893624 2.0000000 0.29 0.4 0.46
v 5.8042023 -12.3824340 2.0000000 0.29 0.4 0.46
v 5.7613233 -12.3737939 2.0000000 0.29 0.4 0.46
v 5.7188217 -12.3634560 2.0000000 0.29 0.4 0.46
v 5.6767647 -12.3514366 2.0000000 0.29 0.4 0.46
v 5.6352188 -12.3377546 2.0000000 0.29 0.4 0.46
v 5.5942497 -12.3224317 2.0000000 0.29 0.4 0.46
v 5.5539221 -12.3054922 2.0000000 0.29 0.4 0.46
v 5.5143000 -12.2869627 2.0000000 0.29 0.4 0.46
v 5.4754457 -12.2668727 2.0000000 0.29 0.4 0.46
v 5.4374210 -12.2452538 2.0000000 0.29 0.4 0.46
v 5.4002858 -12.2221403 2.0000000 0.29 0.4 0.46
v 5.3640988 -12.1975688 2.0000000 0.29 0.4 0.46
v 5.3289173 -12.1715779 2.0000000 0.29 0.4 0.46
v 5.2947970 -12.1442089 2.0000000 0.29 0.4 0.46
v 5.2617917 -12.1155051 2.0000000 0.29 0.4 0.46
v 5.2299537 -12.0855118 2.0000000 0.29 0.4 0.46
v 5.1993333 -12.0542764 2.0000000 0.29 0.4 0.46
v 5.1699789 -12.0218483 2.0000000 0.29 0.4 0.46
v 5.1419370 -11.9882789 2.0000000 0.29 0.4 0.46
v 5.1152518 -11.9536211 2.0000000 0.29 0.4 0.46
v 5.0899656 -11.9179299 2.0000000 0.29 0.4 0.46
v 5.0661183 -11.8812615 2.0000000 0.29 0.4 0.46
v 5.0437477 -11.8436741 2.0000000 0.29 0.4 0.46
v 5.0228891 -11.8052270 2.0000000 0.29 0.4 0.46
v 5.0035756 -11.7659811 2.0000000 0.29 0.4 0.46
v 4.9858376 -11.7259983 2.0000000 0.29 0.4 0.46
v 4.9697032 -11.6853419 2.0000000 0.29 0.4 0.46
v 4.9551979 -11.6440763 2.0000000 0.29 0.4 0.46
v 4.9423446 -11.6022665 2.0000000 0.29 0.4 0.46
v 4.9311637 -11.5599789 2.0000000 0.29 0.4 0.46
v 4.9216729 -11.5172801 2.0000000 0.29 0.4 0.46
v 4.9138871 -11.4742378 2.0000000 0.29 0.4 0.46
v 4.9078187 -11.4309200 2.0000000 0.29 0.4 0.46
v 4.9034773 -11.3873952 2.0000000 0.29 0.4 0.46
v 4.9008697 -11.3437322 2.0000000 0.29 0.4 0.46
v 4.9000000 -11.3000000 2.0000000 0.29 0.4 0.46
v 4.9008697 -11.2562678 2.0000000 0.29 0.4 0.46
v 4.9034773 -11.2126048 2.0000000 0.29 0.4 0.46
v 4.9078187 -11.1690800 2.0000000 0.29 0.4 0.46
v 4.9138871 -11.1257622 2.0000000 0.29 0.4 0.46
v 4.9216729 -11.0827199 2.0000000 0.29 0.4 0.46
v 4.9311637 -11.0400211 2.0000000 0.29 0.4 0.46
v 4.9423446 -10.9977335 2.0000000 0.29 0.4 0.46
v 4.9551979 -10.9559237 2.0000000 0.29 0.4 0.46
v 4.9697032 -10.9146581 2.0000000 0.29 0.4 0.46
v 4.9858376 -10.8740017 2.0000000 0.29 0.4 0.46
v 5.0035756 -10.8340189 2.0000000 0.29 0.4 0.46
v 5.0228891 -10.7947730 2.0000000 0.29 0.4 0.46
v 5.0437477 -10.7563259 2.0000000 0.29 0.4 0.46
v 5.0661183 -10.7187385 2.0000000 0.29 0.4 0.46
v 5.0899656 -10.6820701 2.0000000 0.29 0.4 0.46
v 5.1152518 -10.6463789 2.0000000 0.29 0.4 0.46
v 5.1419370 -10.6117211 2.0000000 0.29 0.4 0.46
v 5.1699789 -10.5781517 2.0000000 0.29 0.4 0.46
v 5.1993333 -10.5457236 2.0000000 0.29 0.4 0.46
v 5.2299537 -10.5144882 2.0000000 0.29 0.4 0.46
v 5.2617917 -10.4844949 2.0000000 0.29 0.4 0.46
v 5.2947970 -10.4557911 2.0000000 0.29 0.4 0.46
v 5.3289173 -10.4284221 2.0000000 0.29 0.4 0.46
v 5.3640988 -10.4024312 2.0000000 0.29 0.4 0.46
v 5.4002858 -10.3778597 2.0000000 0.29 0.4 0.46
v 5.4374210 -10.3547462 2.0000000 0.29 0.4 0.46
v 5.4754457 -10.3331273 2.0000000 0.29 0.4 0.46
v 5.5143000 -10.3130373 2.0000000 0.29 0.4 0.46
v 5.5539221 -10.2945078 2.0000000 0.29 0.4 0.46
v 5.5942497 -10.2775683 2.0000000 0.29 0.4 0.46
v 5.6352188 -10.2622454 2.0000000 0.29 0.4 0.46
v 5.6767647 -10.2485634 2.0000000 0.29 0.4 0.46
v 5.7188217 -10.2365440 2.0000000 0.29 0.4 0.46
v 5.7613233 -10.2262061 2.0000000 0.29 0.4 0.46
v 5.8042023 -10.2175660 2.0000000 0.29 0.4 0.46
v 5.8473909 -10.2106376 2.0000000 0.29 0.4 0.46
v 5.8908208 -10.2054316 2.0000000 0.29 0.4 0.46
v 5.9344234 -10.2019564 2.0000000 0.29 0.4 0.46
v 5.9781296 -10.2002174 2.0000000 0.29 0.4 0.46
v 6.0218704 -10.2002174 2.0000000 0.29 0.4 0.46
v 6.0655766 -10.2019564 2.0000000 0.29 0.4 0.46
v 6.1091792 -10.2054316 2.0000000 0.29 0.4 0.46
v 6.1526091 -10.2106376 2.0000000 0.29 0.4 0.46
v 6.1957977 -10.2175660 2.0000000 0.29 0.4 0.46
v 6.2386767 -10.2262061 2.0000000 0.29 0.4 0.46
v 6.2811783 -10.2365440 2.0000000 0.29 0.4 0.46
v 6.3232353 -10.2485634 2.0000000 0.29 0.4 0.46
v 6.3647812 -10.2622454 2.0000000 0.29 0.4 0.46
v 6.4057503 -10.2775683 2.0000000 0.29 0.4 0.46
v 6.4460779 -10.2945078 2.0000000 0.29 0.4 0.46
v 6.4857000 -10.3130373 2.0000000 0.29 0.4 0.46
v 6.5245543 -10.3331273 2.0000000 0.29 0.4 0.46
v 6.5625790 -10.3547462 2.0000000 0.29 0.4 0.46
v 6.5997142 -10.3778597 2.0000000 0.29 0.4 0.46
v 6.6359012 -10.4024312 2.0000000 0.29 0.4 0.46
v 6.6710827 -10.4284221 2.0000000 0.29 0.4 0.46
v 6.7052030 -10.4557911 2.0000000 0.29 0.4 0.46
v 6.7382083 -10.4844949 2.0000000 0.29 0.4 0.46
v 6.7700463 -10.5144882 2.0000000 0.29 0.4 0.46
v 6.8006667 -10.5457236 2.0000000 0.29 0.4 0.46
v 6.8300211 -10.5781517 2.0000000 0.29 0.4 0.46
v 6.8580630 -10.6117211 2.0000000 0.29 0.4 0.46
v 6.8847482 -10.6463789 2.0000000 0.29 0.4 0.46
v 6.9100344 -10.6820701 2.0000000 0.29 0.4 0.46
v 6.9338817 -10.7187385 2.0000000 0.29 0.4 0.46
v 6.9562523 -10.7563259 2.0000000 0.29 0.4 0.46
v 6.9771109 -10.7947730 2.0000000 0.29 0.4 0.46
v 6.9964244 -10.8340189 2.0000000 0.29 0.4 0.46
v 7.0141624 -10.8740017 2.0000000 0.29 0.4 0.46
v 7.0302968 -10.9146581 2.0000000 0.29 0.4 0.46
v 7.0448021 -10.9559237 2.0000000 0.29 0.4 0.46
v 7.0576554 -10.9977335 2.0000000 0.29 0.4 0.46
v 7.0688363 -11.0400211 2.0000000 0.29 0.4 0.46
v 7.0783271 -11.0827199 2.0000000 0.29 0.4 0.46
v 7.0861129 -11.1257622 2.0000000 0.29 0.4 0.46
v 7.0921813 -11.1690800 2.0000000 0.29 0.4 0.46
v 7.0965227 -11.2126048 2.0000000 0.29 0.4 0.46
v 7.0991303 -11.2562678 2.0000000 0.29 0.4 0.46
v 7.1000000 -11.3000000 1.2000000 0.29 0.4 0.46
v 7.0991303 -11.2562678 1.2000000 0.29 0.4 0.46
v 7.0965227 -11.2126048 1.2000000 0.29 0.4 0.46
v 7.0921813 -11.1690800 1.2000000 0.29 0.4 0.46
v 7.0861129 -11.1257622 1.2000000 0.29 0.4 0.46
v 7.0783271 -11.0827199 1.2000000 0.29 0.4 0.46
v 7.0688363 -11.0400211 1.2000000 0.29 0.4 0.46
v 7.0576554 -10.9977335 1.2000000 0.29 0.4 0.46
v 7.0448021 -10.9559237 1.2000000 0.29 0.4 0.46
v 7.0302968 -10.9146581 1.2000000 0.29 0.4 0.46
v 7.0141624 -10.8740017 1.2000000 0.29 0.4 0.46
v 6.9964244 -10.8340189 1.2000000 0.29 0.4 0.46
v 6.9771109 -10.7947730 1.2000000 0.29 0.4 0.46
v 6.9562523 -10.7563259 1.2000000 0.29 0.4 0.46
v 6.9338817 -10.7187385 1.2000000 0.29 0.4 0.46
v 6.9100344 -10.6820701 1.2000000 0.29 0.4 0.46
v 6.8847482 -10.6463789 1.2000000 0.29 0.4 0.46
v 6.8580630 -10.6117211 1.2000000 0.29 0.4 0.46
v 6.8300211 -10.5781517 1.2000000 0.29 0.4 0.46
v 6.8006667 -10.5457236 1.2000000 0.29 0.4 0.46
v 6.7700463 -10.5144882 1.2000000 0.29 0.4 0.46
v 6.7382083 -10.4844949 1.2000000 0.29 0.4 0.46
v 6.7052030 -10.4557911 1.2000000 0.29 0.4 0.46
v 6.6710827 -10.4284221 1.2000000 0.29 0.4 0.46
v 6.6359012 -10.4024312 1.2000000 0.29 0.4 0.46
v 6.5997142 -10.3778597 1.2000000 0.29 0.4 0.46
v 6.5625790 -10.3547462 1.2000000 0.29 0.4 0.46
v 6.5245543 -10.3331273 1.2000000 0.29 0.4 0.46
v 6.4857000 -10.3130373 1.2000000 0.29 0.4 0.46
v 6.4460779 -10.2945078 1.2000000 0.29 0.4 0.46
v 6.4057503 -10.2775683 1.2000000 0.29 0.4 0.46
v 6.3647812 -10.2622454 1.2000000 0.29 0.4 0.46
v 6.3232353 -10.2485634 1.2000000 0.29 0.4 0.46
v 6.2811783 -10.2365440 1.2000000 0.29 0.4 0.46
v 6.2386767 -10.2262061 1.2000000 0.29 0.4 0.46
v 6.1957977 -10.2175660 1.2000000 0.29 0.4 0.46
v 6.1526091 -10.2106376 1.2000000 0.29 0.4 0.46
v 6.1091792 -10.2054316 1.2000000 0.29 0.4 0.46
v 6.0655766 -10.2019564 1.2000000 0.29 0.4 0.46
v 6.0218704 -10.2002174 1.2000000 0.29 0.4 0.46
v 5.9781296 -10.2002174 1.2000000 0.29 0.4 0.46
v 5.9344234 -10.2019564 1.2000000 0.29 0.4 0.46
v 5.8908208 -10.2054316 1.2000000 0.29 0.4 0.46
v 5.8473909 -10.2106376 1.2000000 0.29 0.4 0.46
v 5.8042023 -10.2175660 1.2000000 0.29 0.4 0.46
v 5.7613233 -10.2262061 1.2000000 0.29 0.4 0.46
v 5.7188217 -10.2365440 1.2000000 0.29 0.4 0.46
v 5.6767647 -10.2485634 1.2000000 0.29 0.4 0.46
v 5.6352188 -10.2622454 1.2000000 0.29 0.4 0.46
v 5.5942497 -10.2775683 1.2000000 0.29 0.4 0.46
v 5.5539221 -10.2945078 1.2000000 0.29 0.4 0.46
v 5.5143000 -10.3130373 1.2000000 0.29 0.4 0.46
v 5.4754457 -10.3331273 1.2000000 0.29 0.4 0.46
v 5.4374210 -10.3547462 1.2000000 0.29 0.4 0.46
v 5.4002858 -10.3778597 1.2000000 0.29 0.4 0.46
v 5.3640988 -10.4024312 1.2000000 0.29 0.4 0.46
v 5.3289173 -10.4284221 1.2000000 0.29 0.4 0.46
v 5.2947970 -10.4557911 1.2000000 0.29 0.4 0.46
v 5.2617917 -10.4844949 1.2000000 0.29 0.4 0.46
v 5.2299537 -10.5144882 1.2000000 0.29 0.4 0.46
v 5.1993333 -10.5457236 1.2000000 0.29 0.4 0.46
v 5.1699789 -10.5781517 1.2000000 0.29 0.4 0.46
v 5.1419370 -10.6117211 1.2000000 0.29 0.4 0.46
v 5.1152518 -10.6463789 1.2000000 0.29 0.4 0.46
v 5.0899656 -10.6820701 1.2000000 0.29 0.4 0.46
v 5.0661183 -10.7187385 1.2000000 0.29 0.4 0.46
v 5.0437477 -10.7563259 1.2000000 0.29 0.4 0.46
v 5.0228891 -10.7947730 1.2000000 0.29 0.4 0.46
v 5.0035756 -10.8340189 1.2000000 0.29 0.4 0.46
v 4.9858376 -10.8740017 1.2000000 0.29 0.4 0.46
v 4.9697032 -10.9146581 1.2000000 0.29 0.4 0.46
v 4.9551979 -10.9559237 1.2000000 0.29 0.4 0.46
v 4.9423446 -10.9977335 1.2000000 0.29 0.4 0.46
v 4.9311637 -11.0400211 1.2000000 0.29 0.4 0.46
v 4.9216729 -11.0827199 1.2000000 0.29 0.4 0.46
v 4.9138871 -11.1257622 1.2000000 0.29 0.4 0.46
v 4.9078187 -11.1690800 1.2000000 0.29 0.4 0.46
v 4.9034773 -11.2126048 1.2000000 0.29 0.4 0.46
v 4.9008697 -11.2562678 1.2000000 0.29 0.4 0.46
v 4.9000000 -11.3000000 1.2000000 0.29 0.4 0.46
v 4.9008697 -11.3437322 1.2000000 0.29 0.4 0.46
v 4.9034773 -11.3873952 1.2000000 0.29 0.4 0.46
v 4.9078187 -11.4309200 1.2000000 0.29 0.4 0.46
v 4.9138871 -11.4742378 1.2000000 0.29 0.4 0.46
v 4.9216729 -11.5172801 1.2000000 0.29 0.4 0.46
v 4.9311637 -11.5599789 1.2000000 0.29 0.4 0.46
v 4.9423446 -11.6022665 1.2000000 0.29 0.4 0.46
v 4.9551979 -11.6440763 1.2000000 0.29 0.4 0.46
v 4.9697032 -11.6853419 1.2000000 0.29 0.4 0.46
v 4.9858376 -11.7259983 1.2000000 0.29 0.4 0.46
v 5.0035756 -11.7659811 1.2000000 0.29 0.4 0.46
v 5.0228891 -11.8052270 1.2000000 0.29 0.4 0.46
v 5.0437477 -11.8436741 1.2000000 0.29 0.4 0.46
v 5.0661183 -11.8812615 1.2000000 0.29 0.4 0.46
v 5.0899656 -11.9179299 1.2000000 0.29 0.4 0.46
v 5.1152518 -11.9536211 1.2000000 0.29 0.4 0.46
v 5.1419370 -11.9882789 1.2000000 0.29 0.4 0.46
v 5.1699789 -12.0218483 1.2000000 0.29 0.4 0.46
v 5.1993333 -12.0542764 1.2000000 0.29 0.4 0.46
v 5.2299537 -12.0855118 1.2000000 0.29 0.4 0.46
v 5.2617917 -12.1155051 1.2000000 0.29 0.4 0.46
v 5.2947970 -12.1442089 1.2000000 0.29 0.4 0.46
v 5.3289173 -12.1715779 1.2000000 0.29 0.4 0.46
v 5.3640988 -12.1975688 1.2000000 0.29 0.4 0.46
v 5.4002858 -12.2221403 1.2000000 0.29 0.4 0.46
v 5.4374210 -12.2452538 1.2000000 0.29 0.4 0.46
v 5.4754457 -12.2668727 1.2000000 0.29 0.4 0.46
v 5.5143000 -12.2869627 1.2000000 0.29 0.4 0.46
v 5.5539221 -12.3054922 1.2000000 0.29 0.4 0.46
v 5.5942497 -12.3224317 1.2000000 0.29 0.4 0.46
v 5.6352188 -12.3377546 1.2000000 0.29 0.4 0.46
v 5.6767647 -12.3514366 1.2000000 0.29 0.4 0.46
v 5.7188217 -12.3634560 1.2000000 0.29 0.4 0.46
v 5.7613233 -12.3737939 1.2000000 0.29 0.4 0.46
v 5.8042023 -12.3824340 1.2000000 0.29 0.4 0.46
v 5.8473909 -12.3893624 1.2000000 0.29 0.4 0.46
v 5.8908208 -12.3945684 1.2000000 0.29 0.4 0.46
v 5.9344234 -12.3980436 1.2000000 0.29 0.4 0.46
v 5.9781296 -12.3997826 1.2000000 0.29 0.4 0.46
v 6.0218704 -12.3997826 1.2000000 0.29 0.4 0.46
v 6.0655766 -12.3980436 1.2000000 0.29 0.4 0.46
v 6.1091792 -12.3945684 1.2000000 0.29 0.4 0.46
v 6.1526091 -12.3893624 1.2000000 0.29 0.4 0.46
v 6.1957977 -12.3824340 1.2000000 0.29 0.4 0.46
v 6.2386767 -12.3737939 1.2000000 0.29 0.4 0.46
v 6.2811783 -12.3634560 1.2000000 0.29 0.4 0.46
v 6.3232353 -12.3514366 1.2000000 0.29 0.4 0.46
v 6.3647812 -12.3377546 1.2000000 0.29 0.4 0.46
v 6.4057503 -12.3224317 1.2000000 0.29 0.4 0.46
v 6.4460779 -12.3054922 1.2000000 0.29 0.4 0.46
v 6.4857000 -12.2869627 1.2000000 0.29 0.4 0.46
v 6.5245543 -12.2668727 1.2000000 0.29 0.4 0.46
v 6.5625790 -12.2452538 1.2000000 0.29 0.4 0.46
v 6.5997142 -12.2221403 1.2000000 0.29 0.4 0.46
v 6.6359012 -12.1975688 1.2000000 0.29 0.4 0.46
v 6.6710827 -12.1715779 1.2000000 0.29 0.4 0.46
v 6.7052030 -12.1442089 1.2000000 0.29 0.4 0.46
v 6.7382083 -12.1155051 1.2000000 0.29 0.4 0.46
v 6.7700463 -12.0855118 1.2000000 0.29 0.4 0.46
v 6.8006667 -12.0542764 1.2000000 0.29 0.4 0.46
v 6.8300211 -12.0218483 1.2000000 0.29 0.4 0.46
v 6.8580630 -11.9882789 1.2000000 0.29 0.4 0.46
v 6.8847482 -11.9536211 1.2000000 0.29 0.4 0.46
v 6.9100344 -11.9179299 1.2000000 0.29 0.4 0.46
v 6.9338817 -11.8812615 1.2000000 0.29 0.4 0.46
v 6.9562523 -11.8436741 1.2000000 0.29 0.4 0.46
v 6.9771109 -11.8052270 1.2000000 0.29 0.4 0.46
v 6.9964244 -11.7659811 1.2000000 0.29 0.4 0.46
v 7.0141624 -11.7259983 1.2000000 0.29 0.4 0.46
v 7.0302968 -11.6853419 1.2000000 0.29 0.4 0.46
v 7.0448021 -11.6440763 1.2000000 0.29 0.4 0.46
v 7.0576554 -11.6022665 1.2000000 0.29 0.4 0.46
v 7.0688363 -11.5599789 1.2000000 0.29 0.4 0.46
v 7.0783271 -11.5172801 1.2000000 0.29 0.4 0.46
v 7.0861129 -11.4742378 1.2000000 0.29 0.4 0.46
v 7.0921813 -11.4309200 1.2000000 0.29 0.4 0.46
v 7.0965227 -11.3873952 1.2000000 0.29 0.4 0.46
v 7.0991303 -11.3437322 1.2000000 0.29 0.4 0.46
v 7.1000000 -11.3000000 1.2000000 0.29 0.4 0.46
v 7.1000000 -11.3000000 2.0000000 0.29 0.4 0.46
v 7.1000000 -11.3000000 2.0000000 0.29 0.4 0.46
v 7.0991303 -11.3437322 2.0000000 0.29 0.4 0.46
v 7.0965227 -11.3873952 2.0000000 0.29 0.4 0.46
v 7.0921813 -11.4309200 2.0000000 0.29 0.4 0.46
v 7.0861129 -11.4742378 2.0000000 0.29 0.4 0.46
v 7.0783271 -11.5172801 2.0000000 0.29 0.4 0.46
v 7.0688363 -11.5599789 2.0000000 0.29 0.4 0.46
v 7.0576554 -11.6022665 2.0000000 0.29 0.4 0.46
v 7.0448021 -11.6440763 2.0000000 0.29 0.4 0.46
v 7.0302968 -11.6853419 2.0000000 0.29 0.4 0.46
v 7.0141624 -11.7259983 2.0000000 0.29 0.4 0.46
v 6.9964244 -11.7659811 2.0000000 0.29 0.4 0.46
v 6.9771109 -11.8052270 2.0000000 0.29 0.4 0.46
v 6.9562523 -11.8436741 2.0000000 0.29 0.4 0.46
v 6.9338817 -11.8812615 2.0000000 0.29 0.4 0.46
v 6.9100344 -11.9179299 2.0000000 0.29 0.4 0.46
v 6.8847482 -11.9536211 2.0000000 0.29 0.4 0.46
v 6.8580630 -11.9882789 2.0000000 0.29 0.4 0.46
v 6.8300211 -12.0218483 2.0000000 0.29 0.4 0.46
v 6.8006667 -12.0542764 2.0000000 0.29 0.4 0.46
v 6.7700463 -12.0855118 2.0000000 0.29 0.4 0.46
v 6.7382083 -12.1155051 2.0000000 0.29 0.4 0.46
v 6.7052030 -12.1442089 2.0000000 0.29 0.4 0.46
v 6.6710827 -12.1715779 2.0000000 0.29 0.4 0.46
v 6.6359012 -12.1975688 2.0000000 0.29 0.4 0.46
v 6.5997142 -12.2221403 2.0000000 0.29 0.4 0.46
v 6.5625790 -12.2452538 2.0000000 0.29 0.4 0.46
v 6.5245543 -12.2668727 2.0000000 0.29 0.4 0.46
v 6.4857000 -12.2869627 2.0000000 0.29 0.4 0.46
v 6.4460779 -12.3054922 2.0000000 0.29 0.4 0.46
v 6.4057503 -12.3224317 2.0000000 0.29 0.4 0.46
v 6.3647812 -12.3377546 2.0000000 0.29 0.4 0.46
v 6.3232353 -12.3514366 2.0000000 0.29 0.4 0.46
v 6.2811783 -12.3634560 2.0000000 0.29 0.4 0.46
v 6.2386767 -12.3737939 2.0000000 0.29 0.4 0.46
v 6.1957977 -12.3824340 2.0000000 0.29 0.4 0.46
v 6.1526091 -12.3893624 2.0000000 0.29 0.4 0.46
v 6.1091792 -12.3945684 2.0000000 0.29 0.4 0.46
v 6.0655766 -12.3980436 2.0000000 0.29 0.4 0.46
v 6.0218704 -12.3997826 2.0000000 0.29 0.4 0.46
v 5.9781296 -12.3997826 2.0000000 0.29 0.4 0.46
v 5.9344234 -12.3980436 2.0000000 0.29 0.4 0.46
v 5.8908208 -12.3945684 2.0000000 0.29 0.4 0.46
v 5.8473909 -12.3893624 2.0000000 0.29 0.4 0.46
v 5.8042023 -12.3824340 2.0000000 0.29 0.4 0.46
v 5.7613233 -12.3737939 2.0000000 0.29 0.4 0.46
v 5.7188217 -12.3634560 2.0000000 0.29 0.4 0.46
v 5.6767647 -12.3514366 2.0000000 0.29 0.4 0.46
v 5.6352188 -12.3377546 2.0000000 0.29 0.4 0.46
v 5.5942497 -12.3224317 2.0000000 0.29 0.4 0.46
v 5.5539221 -12.3054922 2.0000000 0.29 0.4 0.46
v 5.5143000 -12.2869627 2.0000000 0.29 0.4 0.46
v 5.4754457 -12.2668727 2.0000000 0.29 0.4 0.46
v 5.4374210 -12.2452538 2.0000000 0.29 0.4 0.46
v 5.4002858 -12.2221403 2.0000000 0.29 0.4 0.46
v 5.3640988 -12.1975688 2.0000000 0.29 0.4 0.46
v 5.3289173 -12.1715779 2.0000000 0.29 0.4 0.46
v 5.2947970 -12.1442089 2.0000000 0.29 0.4 0.46
v 5.2617917 -12.1155051 2.0000000 0.29 0.4 0.46
v 5.2299537 -12.0855118 2.0000000 0.29 0.4 0.46
v 5.1993333 -12.0542764 2.0000000 0.29 0.4 0.46
v 5.1699789 -12.0218483 2.0000000 0.29 0.4 0.46
v 5.1419370 -11.9882789 2.0000000 0.29 0.4 0.46
v 5.1152518 -11.9536211 2.0000000 0.29 0.4 0.46
v 5.0899656 -11.9179299 2.0000000 0.29 0.4 0.46
v 5.0661183 -11.8812615 2.0000000 0.29 0.4 0.46
v 5.0437477 -11.8436741 2.0000000 0.29 0.4 0.46
v 5.0228891 -11.8052270 2.0000000 0.29 0.4 0.46
v 5.0035756 -11.7659811 2.0000000 0.29 0.4 0.46
v 4.9858376 -11.7259983 2.0000000 0.29 0.4 0.46
v 4.9697032 -11.6853419 2.0000000 0.29 0.4 0.46
v 4.9551979 -11.6440763 2.0000000 0.29 0.4 0.46
v 4.9423446 -11.6022665 2.0000000 0.29 0.4 0.46
v 4.9311637 -11.5599789 2.0000000 0.29 0.4 0.46
v 4.9216729 -11.5172801 2.0000000 0.29 0.4 0.46
v 4.9138871 -11.4742378 2.0000000 0.29 0.4 0.46
v 4.9078187 -11.4309200 2.0000000 0.29 0.4 0.46
v 4.9034773 -11.3873952 2.0000000 0.29 0.4 0.46
v 4.9008697 -11.3437322 2.0000000 0.29 0.4 0.46
v 4.9000000 -11.3000000 2.0000000 0.29 0.4 0.46
v 4.9008697 -11.2562678 2.0000000 0.29 0.4 0.46
v 4.9034773 -11.2126048 2.0000000 0.29 0.4 0.46
v 4.9078187 -11.1690800 2.0000000 0.29 0.4 0.46
v 4.9138871 -11.1257622 2.0000000 0.29 0.4 0.46
v 4.9216729 -11.0827199 2.0000000 0.29 0.4 0.46
v 4.9311637 -11.0400211 2.0000000 0.29 0.4 0.46
v 4.9423446 -10.9977335 2.0000000 0.29 0.4 0.46
v 4.9551979 -10.9559237 2.0000000 0.29 0.4 0.46
v 4.9697032 -10.9146581 2.0000000 0.29 0.4 0.46
v 4.9858376 -10.8740017 2.0000000 0.29 0.4 0.46
v 5.0035756 -10.8340189 2.0000000 0.29 0.4 0.46
v 5.0228891 -10.7947730 2.0000000 0.29 0.4 0.46
v 5.0437477 -10.7563259 2.0000000 0.29 0.4 0.46
v 5.0661183 -10.7187385 2.0000000 0.29 0.4 0.46
v 5.0899656 -10.6820701 2.0000000 0.29 0.4 0.46
v 5.1152518 -10.6463789 2.0000000 0.29 0.4 0.46
v 5.1419370 -10.6117211 2.0000000 0.29 0.4 0.46
v 5.1699789 -10.5781517 2.0000000 0.29 0.4 0.46
v 5.1993333 -10.5457236 2.0000000 0.29 0.4 0.46
v 5.2299537 -10.5144882 2.0000000 0.29 0.4 0.46
v 5.2617917 -10.4844949 2.0000000 0.29 0.4 0.46
v 5.2947970 -10.4557911 2.0000000 0.29 0.4 0.46
v 5.3289173 -10.4284221 2.0000000 0.29 0.4 0.46
v 5.3640988 -10.4024312 2.0000000 0.29 0.4 0.46
v 5.4002858 -10.3778597 2.0000000 0.29 0.4 0.46
v 5.4374210 -10.3547462 2.0000000 0.29 0.4 0.46
v 5.4754457 -10.3331273 2.0000000 0.29 0.4 0.46
v 5.5143000 -10.3130373 2.0000000 0.29 0.4 0.46
v 5.5539221 -10.2945078 2.0000000 0.29 0.4 0.46
v 5.5942497 -10.2775683 2.0000000 0.29 0.4 0.46
v 5.6352188 -10.2622454 2.0000000 0.29 0.4 0.46
v 5.6767647 -10.2485634 2.0000000 0.29 0.4 0.46
v 5.7188217 -10.2365440 2.0000000 0.29 0.4 0.46
v 5.7613233 -10.2262061 2.0000000 0.29 0.4 0.46
v 5.8042023 -10.2175660 2.0000000 0.29 0.4 0.46
v 5.8473909 -10.2106376 2.0000000 0.29 0.4 0.46
v 5.8908208 -10.2054316 2.0000000 0.29 0.4 0.46
v 5.9344234 -10.2019564 2.0000000 0.29 0.4 0.46
v 5.9781296 -10.2002174 2.0000000 0.29 0.4 0.46
v 6.0218704 -10.2002174 2.0000000 0.29 0.4 0.46
v 6.0655766 -10.2019564 2.0000000 0.29 0.4 0.46
v 6.1091792 -10.2054316 2.0000000 0.29 0.4 0.46
v 6.1526091 -10.2106376 2.0000000 0.29 0.4 0.46
v 6.1957977 -10.2175660 2.0000000 0.29 0.4 0.46
v 6.2386767 -10.2262061 2.0000000 0.29 0.4 0.46
v 6.2811783 -10.2365440 2.0000000 0.29 0.4 0.46
v 6.3232353 -10.2485634 2.0000000 0.29 0.4 0.46
v 6.3647812 -10.2622454 2.0000000 0.29 0.4 0.46
v 6.4057503 -10.2775683 2.0000000 0.29 0.4 0.46
v 6.4460779 -10.2945078 2.0000000 0.29 0.4 0.46
v 6.4857000 -10.3130373 2.0000000 0.29 0.4 0.46
v 6.5245543 -10.3331273 2.0000000 0.29 0.4 0.46
v 6.5625790 -10.3547462 2.0000000 0.29 0.4 0.46
v 6.5997142 -10.3778597 2.0000000 0.29 0.4 0.46
v 6.6359012 -10.4024312 2.0000000 0.29 0.4 0.46
v 6.6710827 -10.4284221 2.0000000 0.29 0.4 0.46
v 6.7052030 -10.4557911 2.0000000 0.29 0.4 0.46
v 6.7382083 -10.4844949 2.0000000 0.29 0.4 0.46
v 6.7700463 -10.5144882 2.0000000 0.29 0.4 0.46
v 6.8006667 -10.5457236 2.0000000 0.29 0.4 0.46
v 6.8300211 -10.5781517 2.0000000 0.29 0.4 0.46
v 6.8580630 -10.6117211 2.0000000 0.29 0.4 0.46
v 6.8847482 -10.6463789 2.0000000 0.29 0.4 0.46
v 6.9100344 -10.6820701 2.0000000 0.29 0.4 0.46
v 6.9338817 -10.7187385 2.0000000 0.29 0.4 0.46
v 6.9562523 -10.7563259 2.0000000 0.29 0.4 0.46
v 6.9771109 -10.7947730 2.0000000 0.29 0.4 0.46
v 6.9964244 -10.8340189 2.0000000 0.29 0.4 0.46
v 7.0141624 -10.8740017 2.0000000 0.29 0.4 0.46
v 7.0302968 -10.9146581 2.0000000 0.29 0.4 0.46
v 7.0448021 -10.9559237 2.0000000 0.29 0.4 0.46
v 7.0576554 -10.9977335 2.0000000 0.29 0.4 0.46
v 7.0688363 -11.0400211 2.0000000 0.29 0.4 0.46
v 7.0783271 -11.0827199 2.0000000 0.29 0.4 0.46
v 7.0861129 -11.1257622 2.0000000 0.29 0.4 0.46
v 7.0921813 -11.1690800 2.0000000 0.29 0.4 0.46
v 7.0965227 -11.2126048 2.0000000 0.29 0.4 0.46
v 7.0991303 -11.2562678 2.0000000 0.29 0.4 0.46
v 7.9415842 -11.3000000 0.2000000 0.29 0.4 0.46
v 7.7732673 -11.3000000 0.4000000 0.29 0.4 0.46
v 7.6049505 -11.3000000 0.6000000 0.29 0.4 0.46
v 7.4366337 -11.3000000 0.8000000 0.29 0.4 0.46
v 7.2683168 -11.3000000 1.0000000 0.29 0.4 0.46
v 7.1000000 -11.3000000 1.2000000 0.29 0.4 0.46
v 7.1000000 -11.3000000 1.2000000 0.29 0.4 0.46
v 7.0991303 -11.2562678 1.2000000 0.29 0.4 0.46
v 7.0965227 -11.2126048 1.2000000 0.29 0.4 0.46
v 7.0921813 -11.1690800 1.2000000 0.29 0.4 0.46
v 7.0861129 -11.1257622 1.2000000 0.29 0.4 0.46
v 7.0783271 -11.0827199 1.2000000 0.29 0.4 0.46
v 7.0688363 -11.0400211 1.2000000 0.29 0.4 0.46
v 7.0576554 -10.9977335 1.2000000 0.29 0.4 0.46
v 7.0448021 -10.9559237 1.2000000 0.29 0.4 0.46
v 7.0302968 -10.9146581 1.2000000 0.29 0.4 0.46
v 7.0141624 -10.8740017 1.2000000 0.29 0.4 0.46
v 6.9964244 -10.8340189 1.2000000 0.29 0.4 0.46
v 6.9771109 -10.7947730 1.2000000 0.29 0.4 0.46
v 6.9562523 -10.7563259 1.2000000 0.29 0.4 0.46
v 6.9338817 -10.7187385 1.2000000 0.29 0.4 0.46
v 6.9100344 -10.6820701 1.2000000 0.29 0.4 0.46
v 6.8847482 -10.6463789 1.2000000 0.29 0.4 0.46
v 6.8580630 -10.6117211 1.2000000 0.29 0.4 0.46
v 6.8300211 -10.5781517 1.2000000 0.29 0.4 0.46
v 6.8006667 -10.5457236 1.2000000 0.29 0.4 0.46
v 6.7700463 -10.5144882 1.2000000 0.29 0.4 0.46
v 6.7382083 -10.4844949 1.2000000 0.29 0.4 0.46
v 6.7052030 -10.4557911 1.2000000 0.29 0.4 0.46
v 6.6710827 -10.4284221 1.2000000 0.29 0.4 0.46
v 6.6359012 -10.4024312 1.2000000 0.29 0.4 0.46
v 6.5997142 -10.3778597 1.2000000 0.29 0.4 0.46
v 6.5625790 -10.3547462 1.2000000 0.29 0.4 0.46
v 6.5245543 -10.3331273 1.2000000 0.29 0.4 0.46
v 6.4857000 -10.3130373 1.2000000 0.29 0.4 0.46
v 6.4460779 -10.2945078 1.2000000 0.29 0.4 0.46
v 6.4057503 -10.2775683 1.2000000 0.29 0.4 0.46
v 6.3647812 -10.2622454 1.2000000 0.29 0.4 0.46
v 6.3232353 -10.2485634 1.2000000 0.29 0.4 0.46
v 6.2811783 -10.2365440 1.2000000 0.29 0.4 0.46
v 6.2386767 -10.2262061 1.2000000 0.29 0.4 0.46
v 6.1957977 -10.2175660 1.2000000 0.29 0.4 0.46
v 6.1526091 -10.2106376 1.2000000 0.29 0.4 0.46
v 6.1091792 -10.2054316 1.2000000 0.29 0.4 0.46
v 6.0655766 -10.2019564 1.2000000 0.29 0.4 0.46
v 6.0218704 -10.2002174 1.2000000 0.29 0.4 0.46
v 5.9781296 -10.2002174 1.2000000 0.29 0.4 0.46
v 5.9344234 -10.2019564 1.2000000 0.29 0.4 0.46
v 5.8908208 -10.2054316 1.2000000 0.29 0.4 0.46
v 5.8473909 -10.2106376 1.2000000 0.29 0.4 0.46
v 5.8042023 -10.2175660 1.2000000 0.29 0.4 0.46
v 5.7613233 -10.2262061 1.2000000 0.29 0.4 0.46
v 5.7188217 -10.2365440 1.2000000 0.29 0.4 0.46
v 5.6767647 -10.2485634 1.2000000 0.29 0.4 0.46
v 5.6352188 -10.2622454 1.2000000 0.29 0.4 0.46
v 5.5942497 -10.2775683 1.2000000 0.29 0.4 0.46
v 5.5539221 -10.2945078 1.2000000 0.29 0.4 0.46
v 5.5143000 -10.3130373 1.2000000 0.29 0.4 0.46
v 5.4754457 -10.3331273 1.2000000 0.29 0.4 0.46
v 5.4374210 -10.3547462 1.2000000 0.29 0.4 0.46
v 5.4002858 -10.3778597 1.2000000 0.29 0.4 0.46
v 5.3640988 -10.4024312 1.2000000 0.29 0.4 0.46
v 5.3289173 -10.4284221 1.2000000 0.29 0.4 0.46
v 5.2947970 -10.4557911 1.2000000 0.29 0.4 0.46
v 5.2617917 -10.4844949 1.2000000 0.29 0.4 0.46
v 5.2299537 -10.5144882 1.2000000 0.29 0.4 0.46
v 5.1993333 -10.5457236 1.2000000 0.29 0.4 0.46
v 5.1699789 -10.5781517 1.2000000 0.29 0.4 0.46
v 5.1419370 -10.6117211 1.2000000 0.29 0.4 0.46
v 5.1152518 -10.6463789 1.2000000 0.29 0.4 0.46
v 5.0899656 -10.6820701 1.2000000 0.29 0.4 0.46
v 5.0661183 -10.7187385 1.2000000 0.29 0.4 0.46
v 5.0437477 -10.7563259 1.2000000 0.29 0.4 0.46
v 5.0228891 -10.7947730 1.2000000 0.29 0.4 0.46
v 5.0035756 -10.8340189 1.2000000 0.29 0.4 0.46
v 4.9858376 -10.8740017 1.2000000 0.29 0.4 0.46
v 4.9697032 -10.9146581 1.2000000 0.29 0.4 0.46
v 4.9551979 -10.9559237 1.2000000 0.29 0.4 0.46
v 4.9423446 -10.9977335 1.2000000 0.29 0.4 0.46
v 4.9311637 -11.0400211 1.2000000 0.29 0.4 0.46
v 4.9216729 -11.0827199 1.2000000 0.29 0.4 0.46
v 4.9138871 -11.1257622 1.2000000 0.29 0.4 0.46
v 4.9078187 -11.1690800 1.2000000 0.29 0.4 0.46
v 4.9034773 -11.2126048 1.2000000 0.29 0.4 0.46
v 4.9008697 -11.2562678 1.2000000 0.29 0.4 0.46
v 4.9000000 -11.3000000 1.2000000 0.29 0.4 0.46
v 4.9008697 -11.3437322 1.2000000 0.29 0.4 0.46
v 4.9034773 -11.3873952 1.2000000 0.29 0.4 0.46
v 4.9078187 -11.4309200 1.2000000 0.29 0.4 0.46
v 4.9138871 -11.4742378 1.2000000 0.29 0.4 0.46
v 4.9216729 -11.5172801 1.2000000 0.29 0.4 0.46
v 4.9311637 -11.5599789 1.2000000 0.29 0.4 0.46
v 4.9423446 -11.6022665 1.2000000 0.29 0.4 0.46
v 4.9551979 -11.6440763 1.2000000 0.29 0.4 0.46
v 4.9697032 -11.6853419 1.2000000 0.29 0.4 0.46
v 4.9858376 -11.7259983 1.2000000 0.29 0.4 0.46
v 5.0035756 -11.7659811 1.2000000 0.29 0.4 0.46
v 5.0228891 -11.8052270 1.2000000 0.29 0.4 0.46
v 5.0437477 -11.8436741 1.2000000 0.29 0.4 0.46
v 5.0661183 -11.8812615 1.2000000 0.29 0.4 0.46
v 5.0899656 -11.9179299 1.2000000 0.29 0.4 0.46
v 5.1152518 -11.9536211 1.2000000 0.29 0.4 0.46
v 5.1419370 -11.9882789 1.2000000 0.29 0.4 0.46
v 5.1699789 -12.0218483 1.2000000 0.29 0.4 0.46
v 5.1993333 -12.0542764 1.2000000 0.29 0.4 0.46
v 5.2299537 -12.0855118 1.2000000 0.29 0.4 0.46
v 5.2617917 -12.1155051 1.2000000 0.29 0.4 0.46
v 5.2947970 -12.1442089 1.2000000 0.29 0.4 0.46
v 5.3289173 -12.1715779 1.2000000 0.29 0.4 0.46
v 5.3640988 -12.1975688 1.2000000 0.29 0.4 0.46
v 5.4002858 -12.2221403 1.2000000 0.29 0.4 0.46
v 5.4374210 -12.2452538 1.2000000 0.29 0.4 0.46
v 5.4754457 -12.2668727 1.2000000 0.29 0.4 0.46
v 5.5143000 -12.2869627 1.2000000 0.29 0.4 0.46
v 5.5539221 -12.3054922 1.2000000 0.29 0.4 0.46
v 5.5942497 -12.3224317 1.2000000 0.29 0.4 0.46
v 5.6352188 -12.3377546 1.2000000 0.29 0.4 0.46
v 5.6767647 -12.3514366 1.2000000 0.29 0.4 0.46
v 5.7188217 -12.3634560 1.2000000 0.29 0.4 0.46
v 5.7613233 -12.3737939 1.2000000 0.29 0.4 0.46
v 5.8042023 -12.3824340 1.2000000 0.29 0.4 0.46
v 5.8473909 -12.3893624 1.2000000 0.29 0.4 0.46
v 5.8908208 -12.3945684 1.2000000 0.29 0.4 0.46
v 5.9344234 -12.3980436 1.2000000 0.29 0.4 0.46
v 5.9781296 -12.3997826 1.2000000 0.29 0.4 0.46
v 6.0218704 -12.3997826 1.2000000 0.29 0.4 0.46
v 6.0655766 -12.3980436 1.2000000 0.29 0.4 0.46
v 6.1091792 -12.3945684 1.2000000 0.29 0.4 0.46
v 6.1526091 -12.3893624 1.2000000 0.29 0.4 0.46
v 6.1957977 -12.3824340 1.2000000 0.29 0.4 0.46
v 6.2386767 -12.3737939 1.2000000 0.29 0.4 0.46
v 6.2811783 -12.3634560 1.2000000 0.29 0.4 0.46
v 6.3232353 -12.3514366 1.2000000 0.29 0.4 0.46
v 6.3647812 -12.3377546 1.2000000 0.29 0.4 0.46
v 6.4057503 -12.3224317 1.2000000 0.29 0.4 0.46
v 6.4460779 -12.3054922 1.2000000 0.29 0.4 0.46
v 6.4857000 -12.2869627 1.2000000 0.29 0.4 0.46
v 6.5245543 -12.2668727 1.2000000 0.29 0.4 0.46
v 6.5625790 -12.2452538 1.2000000 0.29 0.4 0.46
v 6.5997142 -12.2221403 1.2000000 0.29 0.4 0.46
v 6.6359012 -12.1975688 1.2000000 0.29 0.4 0.46
v 6.6710827 -12.1715779 1.2000000 0.29 0.4 0.46
v 6.7052030 -12.1442089 1.2000000 0.29 0.4 0.46
v 6.7382083 -12.1155051 1.2000000 0.29 0.4 0.46
v 6.7700463 -12.0855118 1.2000000 0.29 0.4 0.46
v 6.8006667 -12.0542764 1.2000000 0.29 0.4 0.46
v 6.8300211 -12.0218483 1.2000000 0.29 0.4 0.46
v 6.8580630 -11.9882789 1.2000000 0.29 0.4 0.46
v 6.8847482 -11.9536211 1.2000000 0.29 0.4 0.46
v 6.9100344 -11.9179299 1.2000000 0.29 0.4 0.46
v 6.9338817 -11.8812615 1.2000000 0.29 0.4 0.46
v 6.9562523 -11.8436741 1.2000000 0.29 0.4 0.46
v 6.9771109 -11.8052270 1.2000000 0.29 0.4 0.46
v 6.9964244 -11.7659811 1.2000000 0.29 0.4 0.46
v 7.0141624 -11.7259983 1.2000000 0.29 0.4 0.46
v 7.0302968 -11.6853419 1.2000000 0.29 0.4 0.46
v 7.0448021 -11.6440763 1.2000000 0.29 0.4 0.46
v 7.0576554 -11.6022665 1.2000000 0.29 0.4 0.46
v 7.0688363 -11.5599789 1.2000000 0.29 0.4 0.46
v 7.0783271 -11.5172801 1.2000000 0.29 0.4 0.46
v 7.0861129 -11.4742378 1.2000000 0.29 0.4 0.46
v 7.0921813 -11.4309200 1.2000000 0.29 0.4 0.46
v 7.0965227 -11.3873952 1.2000000 0.29 0.4 0.46
v 7.0991303 -11.3437322 1.2000000 0.29 0.4 0.46
v 7.9415842 -11.3000000 0.2000000 0.29 0.4 0.46
v 7.7732673 -11.3000000 0.4000000 0.29 0.4 0.46
v 7.6049505 -11.3000000 0.6000000 0.29 0.4 0.46
v 7.4366337 -11.3000000 0.8000000 0.29 0.4 0.46
v 7.2683168 -11.3000000 1.0000000 0.29 0.4 0.46
v 7.9400491 -11.2228094 0.2000000 0.29 0.4 0.46
v 7.9354465 -11.1457408 0.2000000 0.29 0.4 0.46
v 7.9277835 -11.0689162 0.2000000 0.29 0.4 0.46
v 7.9170723 -10.9924569 0.2000000 0.29 0.4 0.46
v 7.9033298 -10.9164839 0.2000000 0.29 0.4 0.46
v 7.8865778 -10.8411174 0.2000000 0.29 0.4 0.46
v 7.8668427 -10.7664764 0.2000000 0.29 0.4 0.46
v 7.8441557 -10.6926791 0.2000000 0.29 0.4 0.46
v 7.8185528 -10.6198420 0.2000000 0.29 0.4 0.46
v 7.7900743 -10.5480804 0.2000000 0.29 0.4 0.46
v 7.7587654 -10.4775078 0.2000000 0.29 0.4 0.46
v 7.7246754 -10.4082357 0.2000000 0.29 0.4 0.46
v 7.6878585 -10.3403736 0.2000000 0.29 0.4 0.46
v 7.6483726 -10.2740289 0.2000000 0.29 0.4 0.46
v 7.6062804 -10.2093065 0.2000000 0.29 0.4 0.46
v 7.5616483 -10.1463087 0.2000000 0.29 0.4 0.46
v 7.5145469 -10.0851351 0.2000000 0.29 0.4 0.46
v 7.4650507 -10.0258825 0.2000000 0.29 0.4 0.46
v 7.4132380 -9.9686445 0.2000000 0.29 0.4 0.46
v 7.3591906 -9.9135116 0.2000000 0.29 0.4 0.46
v 7.3029941 -9.8605711 0.2000000 0.29 0.4 0.46
v 7.2447373 -9.8099066 0.2000000 0.29 0.4 0.46
v 7.1845122 -9.7615983 0.2000000 0.29 0.4 0.46
v 7.1224143 -9.7157225 0.2000000 0.29 0.4 0.46
v 7.0585415 -9.6723517 0.2000000 0.29 0.4 0.46
v 6.9929950 -9.6315546 0.2000000 0.29 0.4 0.46
v 6.9258784 -9.5933957 0.2000000 0.29 0.4 0.46
v 6.8572977 -9.5579352 0.2000000 0.29 0.4 0.46
v 6.7873615 -9.5252294 0.2000000 0.29 0.4 0.46
v 6.7161804 -9.4953297 0.2000000 0.29 0.4 0.46
v 6.6438667 -9.4682837 0.2000000 0.29 0.4 0.46
v 6.5705350 -9.4441339 0.2000000 0.29 0.4 0.46
v 6.4963012 -9.4229187 0.2000000 0.29 0.4 0.46
v 6.4212826 -9.4046715 0.2000000 0.29 0.4 0.46
v 6.3455979 -9.3894213 0.2000000 0.29 0.4 0.46
v 6.2693667 -9.3771920 0.2000000 0.29 0.4 0.46
v 6.1927096 -9.3680031 0.2000000 0.29 0.4 0.46
v 6.1157478 -9.3618691 0.2000000 0.29 0.4 0.46
v 6.0386029 -9.3587996 0.2000000 0.29 0.4 0.46
v 5.9613971 -9.3587996 0.2000000 0.29 0.4 0.46
v 5.8842522 -9.3618691 0.2000000 0.29 0.4 0.46
v 5.8072904 -9.3680031 0.2000000 0.29 0.4 0.46
v 5.7306333 -9.3771920 0.2000000 0.29 0.4 0.46
v 5.6544021 -9.3894213 0.2000000 0.29 0.4 0.46
v 5.5787174 -9.4046715 0.2000000 0.29 0.4 0.46
v 5.5036988 -9.4229187 0.2000000 0.29 0.4 0.46
v 5.4294650 -9.4441339 0.2000000 0.29 0.4 0.46
v 5.3561333 -9.4682837 0.2000000 0.29 0.4 0.46
v 5.2838196 -9.4953297 0.2000000 0.29 0.4 0.46
v 5.2126385 -9.5252294 0.2000000 0.29 0.4 0.46
v 5.1427023 -9.5579352 0.2000000 0.29 0.4 0.46
v 5.0741216 -9.5933957 0.2000000 0.29 0.4 0.46
v 5.0070050 -9.6315546 0.2000000 0.29 0.4 0.46
v 4.9414585 -9.6723517 0.2000000 0.29 0.4 0.46
v 4.8775857 -9.7157225 0.2000000 0.29 0.4 0.46
v 4.8154878 -9.7615983 0.2000000 0.29 0.4 0.46
v 4.7552627 -9.8099066 0.2000000 0.29 0.4 0.46
v 4.6970059 -9.8605711 0.2000000 0.29 0.4 0.46
v 4.6408094 -9.9135116 0.2000000 0.29 0.4 0.46
v 4.5867620 -9.9686445 0.2000000 0.29 0.4 0.46
v 4.5349493 -10.0258825 0.2000000 0.29 0.4 0.46
v 4.4854531 -10.0851351 0.2000000 0.29 0.4 0.46
v 4.4383517 -10.1463087 0.2000000 0.29 0.4 0.46
v 4.3937196 -10.2093065 0.2000000 0.29 0.4 0.46
v 4.3516274 -10.2740289 0.2000000 0.29 0.4 0.46
v 4.3121415 -10.3403736 0.2000000 0.29 0.4 0.46
v 4.2753246 -10.4082357 0.2000000 0.29 0.4 0.46
v 4.2412346 -10.4775078 0.2000000 0.29 0.4 0.46
v 4.2099257 -10.5480804 0.2000000 0.29 0.4 0.46
v 4.1814472 -10.6198420 0.2000000 0.29 0.4 0.46
v 4.1558443 -10.6926791 0.2000000 0.29 0.4 0.46
v 4.1331573 -10.7664764 0.2000000 0.29 0.4 0.46
v 4.1134222 -10.8411174 0.2000000 0.29 0.4 0.46
v 4.0966702 -10.9164839 0.2000000 0.29 0.4 0.46
v 4.0829277 -10.9924569 0.2000000 0.29 0.4 0.46
v 4.0722165 -11.0689162 0.2000000 0.29 0.4 0.46
v 4.0645535 -11.1457408 0.2000000 0.29 0.4 0.46
v 4.0599509 -11.2228094 0.2000000 0.29 0.4 0.46
v 4.0584158 -11.3000000 0.2000000 0.29 0.4 0.46
v 4.0599509 -11.3771906 0.2000000 0.29 0.4 0.46
v 4.0645535 -11.4542592 0.2000000 0.29 0.4 0.46
v 4.0722165 -11.5310838 0.2000000 0.29 0.4 0.46
v 4.0829277 -11.6075431 0.2000000 0.29 0.4 0.46
v 4.0966702 -11.6835161 0.2000000 0.29 0.4 0.46
v 4.1134222 -11.7588826 0.2000000 0.29 0.4 0.46
v 4.1331573 -11.8335236 0.2000000 0.29 0.4 0.46
v 4.1558443 -11.9073209 0.2000000 0.29 0.4 0.46
v 4.1814472 -11.9801580 0.2000000 0.29 0.4 0.46
v 4.2099257 -12.0519196 0.2000000 0.29 0.4 0.46
v 4.2412346 -12.1224922 0.2000000 0.29 0.4 0.46
v 4.2753246 -12.1917643 0.2000000 0.29 0.4 0.46
v 4.3121415 -12.2596264 0.2000000 0.29 0.4 0.46
v 4.3516274 -12.3259711 0.2000000 0.29 0.4 0.46
v 4.3937196 -12.3906935 0.2000000 0.29 0.4 0.46
v 4.4383517 -12.4536913 0.2000000 0.29 0.4 0.46
v 4.4854531 -12.5148649 0.2000000 0.29 0.4 0.46
v 4.5349493 -12.5741175 0.2000000 0.29 0.4 0.46
v 4.5867620 -12.6313555 0.2000000 0.29 0.4 0.46
v 4.6408094 -12.6864884 0.2000000 0.29 0.4 0.46
v 4.6970059 -12.7394289 0.2000000 0.29 0.4 0.46
v 4.7552627 -12.7900934 0.2000000 0.29 0.4 0.46
v 4.8154878 -12.8384017 0.2000000 0.29 0.4 0.46
v 4.8775857 -12.8842775 0.2000000 0.29 0.4 0.46
v 4.9414585 -12.9276483 0.2000000 0.29 0.4 0.46
v 5.0070050 -12.9684454 0.2000000 0.29 0.4 0.46
v 5.0741216 -13.0066043 0.2000000 0.29 0.4 0.46
v 5.1427023 -13.0420648 0.2000000 0.29 0.4 0.46
v 5.2126385 -13.0747706 0.2000000 0.29 0.4 0.46
v 5.2838196 -13.1046703 0.2000000 0.29 0.4 0.46
v 5.3561333 -13.1317163 0.2000000 0.29 0.4 0.46
v 5.4294650 -13.1558661 0.2000000 0.29 0.4 0.46
v 5.5036988 -13.1770813 0.2000000 0.29 0.4 0.46
v 5.5787174 -13.1953285 0.2000000 0.29 0.4 0.46
v 5.6544021 -13.2105787 0.2000000 0.29 0.4 0.46
v 5.7306333 -13.2228080 0.2000000 0.29 0.4 0.46
v 5.8072904 -13.2319969 0.2000000 0.29 0.4 0.46
v 5.8842522 -13.2381309 0.2000000 0.29 0.4 0.46
v 5.9613971 -13.2412004 0.2000000 0.29 0.4 0.46
v 6.0386029 -13.2412004 0.2000000 0.29 0.4 0.46
v 6.1157478 -13.2381309 0.2000000 0.29 0.4 0.46
v 6.1927096 -13.2319969 0.2000000 0.29 0.4 0.46
v 6.2693667 -13.2228080 0.2000000 0.29 0.4 0.46
v 6.3455979 -13.2105787 0.2000000 0.29 0.4 0.46
v 6.4212826 -13.1953285 0.2000000 0.29 0.4 0.46
v 6.4963012 -13.1770813 0.2000000 0.29 0.4 0.46
v 6.5705350 -13.1558661 0.2000000 0.29 0.4 0.46
v 6.6438667 -13.1317163 0.2000000 0.29 0.4 0.46
v 6.7161804 -13.1046703 0.2000000 0.29 0.4 0.46
v 6.7873615 -13.0747706 0.2000000 0.29 0.4 0.46
v 6.8572977 -13.0420648 0.2000000 0.29 0.4 0.46
v 6.9258784 -13.0066043 0.2000000 0.29 0.4 0.46
v 6.9929950 -12.9684454 0.2000000 0.29 0.4 0.46
v 7.0585415 -12.9276483 0.2000000 0.29 0.4 0.46
v 7.1224143 -12.8842775 0.2000000 0.29 0.4 0.46
v 7.1845122 -12.8384017 0.2000000 0.29 0.4 0.46
v 7.2447373 -12.7900934 0.2000000 0.29 0.4 0.46
v 7.3029941 -12.7394289 0.2000000 0.29 0.4 0.46
v 7.3591906 -12.6864884 0.2000000 0.29 0.4 0.46
v 7.4132380 -12.6313555 0.2000000 0.29 0.4 0.46
v 7.4650507 -12.5741175 0.2000000 0.29 0.4 0.46
v 7.5145469 -12.5148649 0.2000000 0.29 0.4 0.46
v 7.5616483 -12.4536913 0.2000000 0.29 0.4 0.46
v 7.6062804 -12.3906935 0.2000000 0.29 0.4 0.46
v 7.6483726 -12.3259711 0.2000000 0.29 0.4 0.46
v 7.6878585 -12.2596264 0.2000000 0.29 0.4 0.46
v 7.7246754 -12.1917643 0.2000000 0.29 0.4 0.46
v 7.7587654 -12.1224922 0.2000000 0.29 0.4 0.46
v 7.7900743 -12.0519196 0.2000000 0.29 0.4 0.46
v 7.8185528 -11.9801580 0.2000000 0.29 0.4 0.46
v 7.8441557 -11.9073209 0.2000000 0.29 0.4 0.46
v 7.8668427 -11.8335236 0.2000000 0.29 0.4 0.46
v 7.8865778 -11.7588826 0.2000000 0.29 0.4 0.46
v 7.9033298 -11.6835161 0.2000000 0.29 0.4 0.46
v 7.9170723 -11.6075431 0.2000000 0.29 0.4 0.46
v 7.9277835 -11.5310838 0.2000000 0.29 0.4 0.46
v 7.9354465 -11.4542592 0.2000000 0.29 0.4 0.46
v 7.9400491 -11.3771906 0.2000000 0.29 0.4 0.46
v 7.7676617 -11.1591136 0.4000000 0.29 0.4 0.46
v 7.7508804 -11.0191180 0.4000000 0.29 0.4 0.46
v 7.7230295 -10.8808981 0.4000000 0.29 0.4 0.46
v 7.5998770 -11.1724864 0.6000000 0.29 0.4 0.46
v 7.6842850 -10.7453280 0.4000000 0.29 0.4 0.46
v 7.5846885 -11.0457790 0.6000000 0.29 0.4 0.46
v 7.6348919 -10.6132647 0.4000000 0.29 0.4 0.46
v 7.5594812 -10.9206789 0.6000000 0.29 0.4 0.46
v 7.4320922 -11.1858592 0.8000000 0.29 0.4 0.46
v 7.5751625 -10.4855431 0.4000000 0.29 0.4 0.46
v 7.5244143 -10.7979769 0.6000000 0.29 0.4 0.46
v 7.4184967 -11.0724401 0.8000000 0.29 0.4 0.46
v 7.5054745 -10.3629708 0.4000000 0.29 0.4 0.46
v 7.4797096 -10.6784489 0.6000000 0.29 0.4 0.46
v 7.3959329 -10.9604596 0.8000000 0.29 0.4 0.46
v 7.2643075 -11.1992320 1.0000000 0.29 0.4 0.46
v 7.4262683 -10.2463227 0.4000000 0.29 0.4 0.46
v 7.4256496 -10.5628506 0.6000000 0.29 0.4 0.46
v 7.3645436 -10.8506259 0.8000000 0.29 0.4 0.46
v 7.2523048 -11.0991011 1.0000000 0.29 0.4 0.46
v 7.3380448 -10.1363363 0.4000000 0.29 0.4 0.46
v 7.3625763 -10.4519127 0.6000000 0.29 0.4 0.46
v 7.3245272 -10.7436332 0.8000000 0.29 0.4 0.46
v 7.2323846 -11.0002404 1.0000000 0.29 0.4 0.46
v 7.2413617 -10.0337070 0.4000000 0.29 0.4 0.46
v 7.2908883 -10.3463368 0.6000000 0.29 0.4 0.46
v 7.2761367 -10.6401581 0.8000000 0.29 0.4 0.46
v 7.2046729 -10.9032748 1.0000000 0.29 0.4 0.46
v 7.1368304 -9.9390835 0.4000000 0.29 0.4 0.46
v 7.2110389 -10.2467902 0.6000000 0.29 0.4 0.46
v 7.2196781 -10.5408546 0.8000000 0.29 0.4 0.46
v 7.1693448 -10.8088175 1.0000000 0.29 0.4 0.46
v 7.0251117 -9.8530642 0.4000000 0.29 0.4 0.46
v 7.1235329 -10.1539023 0.6000000 0.29 0.4 0.46
v 7.1555083 -10.4463508 0.8000000 0.29 0.4 0.46
v 7.1266238 -10.7174655 1.0000000 0.29 0.4 0.46
v 6.9069118 -9.7761929 0.4000000 0.29 0.4 0.46
v 7.0289236 -10.0682604 0.6000000 0.29 0.4 0.46
v 7.0840329 -10.3572440 0.8000000 0.29 0.4 0.46
v 7.0767799 -10.6297966 1.0000000 0.29 0.4 0.46
v 6.7829782 -9.7089556 0.4000000 0.29 0.4 0.46
v 6.9278090 -9.9904060 0.6000000 0.29 0.4 0.46
v 7.0057040 -10.2740976 0.8000000 0.29 0.4 0.46
v 7.0201282 -10.5463648 1.0000000 0.29 0.4 0.46
v 6.6540943 -9.6517774 0.4000000 0.29 0.4 0.46
v 6.8208286 -9.9208312 0.6000000 0.29 0.4 0.46
v 6.9210167 -10.1974373 0.8000000 0.29 0.4 0.46
v 6.9570270 -10.4676978 1.0000000 0.29 0.4 0.46
v 6.5210751 -9.6050198 0.4000000 0.29 0.4 0.46
v 6.7086587 -9.8599760 0.6000000 0.29 0.4 0.46
v 6.8305064 -10.1277477 0.8000000 0.29 0.4 0.46
v 6.8878751 -10.3942929 1.0000000 0.29 0.4 0.46
v 6.3847614 -9.5689784 0.4000000 0.29 0.4 0.46
v 6.5920083 -9.8082251 0.6000000 0.29 0.4 0.46
v 6.7347454 -10.0654695 0.8000000 0.29 0.4 0.46
v 6.8131099 -10.3266142 1.0000000 0.29 0.4 0.46
v 6.2460152 -9.5438811 0.4000000 0.29 0.4 0.46
v 6.4716151 -9.7659057 0.6000000 0.29 0.4 0.46
v 6.6343391 -10.0109964 0.8000000 0.29 0.4 0.46
v 6.7332038 -10.2650895 1.0000000 0.29 0.4 0.46
v 6.1057136 -9.5298865 0.4000000 0.29 0.4 0.46
v 6.3482402 -9.7332853 0.6000000 0.29 0.4 0.46
v 6.5299223 -9.9646728 0.8000000 0.29 0.4 0.46
v 6.6486622 -10.2101078 1.0000000 0.29 0.4 0.46
v 5.9647436 -9.5270832 0.4000000 0.29 0.4 0.46
v 6.2226637 -9.7105702 0.6000000 0.29 0.4 0.46
v 6.4221552 -9.9267916 0.8000000 0.29 0.4 0.46
v 6.5600196 -10.1620169 1.0000000 0.29 0.4 0.46
v 5.8239965 -9.5354888 0.4000000 0.29 0.4 0.46
v 6.0956793 -9.6979040 0.6000000 0.29 0.4 0.46
v 6.3117191 -9.8975922 0.8000000 0.29 0.4 0.46
v 6.4678363 -10.1211205 1.0000000 0.29 0.4 0.46
v 5.6843621 -9.5550502 0.4000000 0.29 0.4 0.46
v 5.9680901 -9.6953668 0.6000000 0.29 0.4 0.46
v 6.1993121 -9.8772594 0.8000000 0.29 0.4 0.46
v 6.3726952 -10.0876775 1.0000000 0.29 0.4 0.46
v 5.5467234 -9.5856438 0.4000000 0.29 0.4 0.46
v 5.8407026 -9.7029745 0.6000000 0.29 0.4 0.46
v 6.0856451 -9.8659215 0.8000000 0.29 0.4 0.46
v 6.2751979 -10.0618991 1.0000000 0.29 0.4 0.46
v 5.4119504 -9.6270760 0.4000000 0.29 0.4 0.46
v 5.7143222 -9.7206792 0.6000000 0.29 0.4 0.46
v 5.9714366 -9.8636503 0.8000000 0.29 0.4 0.46
v 6.1759606 -10.0439485 1.0000000 0.29 0.4 0.46
v 5.2808952 -9.6790850 0.4000000 0.29 0.4 0.46
v 5.5897480 -9.7483688 0.6000000 0.29 0.4 0.46
v 5.8574087 -9.8704602 0.8000000 0.29 0.4 0.46
v 6.0756109 -10.0339389 1.0000000 0.29 0.4 0.46
v 5.1543864 -9.7413420 0.4000000 0.29 0.4 0.46
v 5.4677675 -9.7858684 0.6000000 0.29 0.4 0.46
v 5.7442822 -9.8863081 0.8000000 0.29 0.4 0.46
v 5.9747831 -10.0319339 1.0000000 0.29 0.4 0.46
v 5.0332239 -9.8134533 0.4000000 0.29 0.4 0.46
v 5.3491519 -9.8329407 0.6000000 0.29 0.4 0.46
v 5.6327725 -9.9110939 0.8000000 0.29 0.4 0.46
v 5.8741147 -10.0379459 1.0000000 0.29 0.4 0.46
v 4.9181737 -9.8949631 0.4000000 0.29 0.4 0.46
v 5.2346513 -9.8892883 0.6000000 0.29 0.4 0.46
v 5.5235846 -9.9446607 0.8000000 0.29 0.4 0.46
v 5.7742423 -10.0519371 1.0000000 0.29 0.4 0.46
v 4.8099631 -9.9853559 0.4000000 0.29 0.4 0.46
v 5.1249894 -9.9545549 0.6000000 0.29 0.4 0.46
v 5.4174087 -9.9867964 0.8000000 0.29 0.4 0.46
v 5.6757971 -10.0738189 1.0000000 0.29 0.4 0.46
v 4.7092763 -10.0840603 0.4000000 0.29 0.4 0.46
v 5.0208596 -10.0283278 0.6000000 0.29 0.4 0.46
v 5.3149161 -10.0372347 0.8000000 0.29 0.4 0.46
v 5.5794017 -10.1034530 1.0000000 0.29 0.4 0.46
v 4.6167499 -10.1904523 0.4000000 0.29 0.4 0.46
v 4.9229202 -10.1101406 0.6000000 0.29 0.4 0.46
v 5.2167548 -10.0956565 0.8000000 0.29 0.4 0.46
v 5.4856654 -10.1406521 1.0000000 0.29 0.4 0.46
v 4.5329688 -10.3038592 0.4000000 0.29 0.4 0.46
v 4.8317905 -10.1994761 0.6000000 0.29 0.4 0.46
v 5.1235455 -10.1616926 0.8000000 0.29 0.4 0.46
v 5.3951809 -10.1851810 1.0000000 0.29 0.4 0.46
v 4.4584628 -10.4235641 0.4000000 0.29 0.4 0.46
v 4.7480466 -10.2957695 0.6000000 0.29 0.4 0.46
v 5.0358774 -10.2349254 0.8000000 0.29 0.4 0.46
v 5.3085203 -10.2367581 1.0000000 0.29 0.4 0.46
v 4.3937028 -10.5488100 0.4000000 0.29 0.4 0.46
v 4.6722180 -10.3984120 0.6000000 0.29 0.4 0.46
v 4.9543048 -10.3148920 0.8000000 0.29 0.4 0.46
v 5.2262314 -10.2950573 1.0000000 0.29 0.4 0.46
v 4.3390984 -10.6788052 0.4000000 0.29 0.4 0.46
v 4.6047840 -10.5067545 0.6000000 0.29 0.4 0.46
v 4.8793434 -10.4010867 0.8000000 0.29 0.4 0.46
v 5.1488346 -10.3597102 1.0000000 0.29 0.4 0.46
v 4.2949948 -10.8127278 0.4000000 0.29 0.4 0.46
v 4.5461710 -10.6201122 0.6000000 0.29 0.4 0.46
v 4.8114672 -10.4929647 0.8000000 0.29 0.4 0.46
v 5.0768191 -10.4303078 1.0000000 0.29 0.4 0.46
v 4.2616707 -10.9497311 0.4000000 0.29 0.4 0.46
v 4.4967496 -10.7377684 0.6000000 0.29 0.4 0.46
v 4.7511052 -10.5899450 0.8000000 0.29 0.4 0.46
v 5.0106402 -10.5064039 1.0000000 0.29 0.4 0.46
v 4.2393369 -11.0889489 0.4000000 0.29 0.4 0.46
v 4.4568322 -10.8589792 0.6000000 0.29 0.4 0.46
v 4.6986392 -10.6914145 0.8000000 0.29 0.4 0.46
v 4.9507164 -10.5875174 1.0000000 0.29 0.4 0.46
v 4.2281346 -11.2295011 0.4000000 0.29 0.4 0.46
v 4.4266713 -10.9829783 0.6000000 0.29 0.4 0.46
v 4.6544008 -10.7967316 0.8000000 0.29 0.4 0.46
v 4.8974265 -10.6731354 1.0000000 0.29 0.4 0.46
v 4.2281346 -11.3704989 0.4000000 0.29 0.4 0.46
v 4.4064574 -11.1089817 0.6000000 0.29 0.4 0.46
v 4.6186697 -10.9052306 0.8000000 0.29 0.4 0.46
v 4.8511074 -10.7627167 1.0000000 0.29 0.4 0.46
v 4.2393369 -11.5110511 0.4000000 0.29 0.4 0.46
v 4.3963184 -11.2361928 0.6000000 0.29 0.4 0.46
v 4.5916718 -11.0162255 0.8000000 0.29 0.4 0.46
v 4.8120520 -10.8556949 1.0000000 0.29 0.4 0.46
v 4.2616707 -11.6502689 0.4000000 0.29 0.4 0.46
v 4.3963184 -11.3638072 0.6000000 0.29 0.4 0.46
v 4.5735778 -11.1290145 0.8000000 0.29 0.4 0.46
v 4.7805071 -10.9514820 1.0000000 0.29 0.4 0.46
v 4.2949948 -11.7872722 0.4000000 0.29 0.4 0.46
v 4.4064574 -11.4910183 0.6000000 0.29 0.4 0.46
v 4.5645021 -11.2428845 0.8000000 0.29 0.4 0.46
v 4.7566723 -11.0494727 1.0000000 0.29 0.4 0.46
v 4.3390984 -11.9211948 0.4000000 0.29 0.4 0.46
v 4.4266713 -11.6170217 0.6000000 0.29 0.4 0.46
v 4.5645021 -11.3571155 0.8000000 0.29 0.4 0.46
v 4.7406983 -11.1490472 1.0000000 0.29 0.4 0.46
v 4.3937028 -12.0511900 0.4000000 0.29 0.4 0.46
v 4.4568322 -11.7410208 0.6000000 0.29 0.4 0.46
v 4.5735778 -11.4709855 0.8000000 0.29 0.4 0.46
v 4.7326859 -11.2495761 1.0000000 0.29 0.4 0.46
v 4.4584628 -12.1764359 0.4000000 0.29 0.4 0.46
v 4.4967496 -11.8622316 0.6000000 0.29 0.4 0.46
v 4.5916718 -11.5837745 0.8000000 0.29 0.4 0.46
v 4.7326859 -11.3504239 1.0000000 0.29 0.4 0.46
v 4.5329688 -12.2961408 0.4000000 0.29 0.4 0.46
v 4.5461710 -11.9798878 0.6000000 0.29 0.4 0.46
v 4.6186697 -11.6947694 0.8000000 0.29 0.4 0.46
v 4.7406983 -11.4509528 1.0000000 0.29 0.4 0.46
v 4.6167499 -12.4095477 0.4000000 0.29 0.4 0.46
v 4.6047840 -12.0932455 0.6000000 0.29 0.4 0.46
v 4.6544008 -11.8032684 0.8000000 0.29 0.4 0.46
v 4.7566723 -11.5505273 1.0000000 0.29 0.4 0.46
v 4.7092763 -12.5159397 0.4000000 0.29 0.4 0.46
v 4.6722180 -12.2015880 0.6000000 0.29 0.4 0.46
v 4.6986392 -11.9085855 0.8000000 0.29 0.4 0.46
v 4.7805071 -11.6485180 1.0000000 0.29 0.4 0.46
v 4.8099631 -12.6146441 0.4000000 0.29 0.4 0.46
v 4.7480466 -12.3042305 0.6000000 0.29 0.4 0.46
v 4.7511052 -12.0100550 0.8000000 0.29 0.4 0.46
v 4.8120520 -11.7443051 1.0000000 0.29 0.4 0.46
v 4.9181737 -12.7050369 0.4000000 0.29 0.4 0.46
v 4.8317905 -12.4005239 0.6000000 0.29 0.4 0.46
v 4.8114672 -12.1070353 0.8000000 0.29 0.4 0.46
v 4.8511074 -11.8372833 1.0000000 0.29 0.4 0.46
v 5.0332239 -12.7865467 0.4000000 0.29 0.4 0.46
v 4.9229202 -12.4898594 0.6000000 0.29 0.4 0.46
v 4.8793434 -12.1989133 0.8000000 0.29 0.4 0.46
v 4.8974265 -11.9268646 1.0000000 0.29 0.4 0.46
v 5.1543864 -12.8586580 0.4000000 0.29 0.4 0.46
v 5.0208596 -12.5716722 0.6000000 0.29 0.4 0.46
v 4.9543048 -12.2851080 0.8000000 0.29 0.4 0.46
v 4.9507164 -12.0124826 1.0000000 0.29 0.4 0.46
v 5.2808952 -12.9209150 0.4000000 0.29 0.4 0.46
v 5.1249894 -12.6454451 0.6000000 0.29 0.4 0.46
v 5.0358774 -12.3650746 0.8000000 0.29 0.4 0.46
v 5.0106402 -12.0935961 1.0000000 0.29 0.4 0.46
v 5.4119504 -12.9729240 0.4000000 0.29 0.4 0.46
v 5.2346513 -12.7107117 0.6000000 0.29 0.4 0.46
v 5.1235455 -12.4383074 0.8000000 0.29 0.4 0.46
v 5.0768191 -12.1696922 1.0000000 0.29 0.4 0.46
v 5.5467234 -13.0143562 0.4000000 0.29 0.4 0.46
v 5.3491519 -12.7670593 0.6000000 0.29 0.4 0.46
v 5.2167548 -12.5043435 0.8000000 0.29 0.4 0.46
v 5.1488346 -12.2402898 1.0000000 0.29 0.4 0.46
v 5.6843621 -13.0449498 0.4000000 0.29 0.4 0.46
v 5.4677675 -12.8141316 0.6000000 0.29 0.4 0.46
v 5.3149161 -12.5627653 0.8000000 0.29 0.4 0.46
v 5.2262314 -12.3049427 1.0000000 0.29 0.4 0.46
v 5.8239965 -13.0645112 0.4000000 0.29 0.4 0.46
v 5.5897480 -12.8516312 0.6000000 0.29 0.4 0.46
v 5.4174087 -12.6132036 0.8000000 0.29 0.4 0.46
v 5.3085203 -12.3632419 1.0000000 0.29 0.4 0.46
v 5.9647436 -13.0729168 0.4000000 0.29 0.4 0.46
v 5.7143222 -12.8793208 0.6000000 0.29 0.4 0.46
v 5.5235846 -12.6553393 0.8000000 0.29 0.4 0.46
v 5.3951809 -12.4148190 1.0000000 0.29 0.4 0.46
v 6.1057136 -13.0701135 0.4000000 0.29 0.4 0.46
v 5.8407026 -12.8970255 0.6000000 0.29 0.4 0.46
v 5.6327725 -12.6889061 0.8000000 0.29 0.4 0.46
v 5.4856654 -12.4593479 1.0000000 0.29 0.4 0.46
v 6.2460152 -13.0561189 0.4000000 0.29 0.4 0.46
v 5.9680901 -12.9046332 0.6000000 0.29 0.4 0.46
v 5.7442822 -12.7136919 0.8000000 0.29 0.4 0.46
v 5.5794017 -12.4965470 1.0000000 0.29 0.4 0.46
v 6.3847614 -13.0310216 0.4000000 0.29 0.4 0.46
v 6.0956793 -12.9020960 0.6000000 0.29 0.4 0.46
v 5.8574087 -12.7295398 0.8000000 0.29 0.4 0.46
v 5.6757971 -12.5261811 1.0000000 0.29 0.4 0.46
v 6.5210751 -12.9949802 0.4000000 0.29 0.4 0.46
v 6.2226637 -12.8894298 0.6000000 0.29 0.4 0.46
v 5.9714366 -12.7363497 0.8000000 0.29 0.4 0.46
v 5.7742423 -12.5480629 1.0000000 0.29 0.4 0.46
v 6.6540943 -12.9482226 0.4000000 0.29 0.4 0.46
v 6.3482402 -12.8667147 0.6000000 0.29 0.4 0.46
v 6.0856451 -12.7340785 0.8000000 0.29 0.4 0.46
v 5.8741147 -12.5620541 1.0000000 0.29 0.4 0.46
v 6.7829782 -12.8910444 0.4000000 0.29 0.4 0.46
v 6.4716151 -12.8340943 0.6000000 0.29 0.4 0.46
v 6.1993121 -12.7227406 0.8000000 0.29 0.4 0.46
v 5.9747831 -12.5680661 1.0000000 0.29 0.4 0.46
v 6.9069118 -12.8238071 0.4000000 0.29 0.4 0.46
v 6.5920083 -12.7917749 0.6000000 0.29 0.4 0.46
v 6.3117191 -12.7024078 0.8000000 0.29 0.4 0.46
v 6.0756109 -12.5660611 1.0000000 0.29 0.4 0.46
v 7.0251117 -12.7469358 0.4000000 0.29 0.4 0.46
v 6.7086587 -12.7400240 0.6000000 0.29 0.4 0.46
v 6.4221552 -12.6732084 0.8000000 0.29 0.4 0.46
v 6.1759606 -12.5560515 1.0000000 0.29 0.4 0.46
v 7.1368304 -12.6609165 0.4000000 0.29 0.4 0.46
v 6.8208286 -12.6791688 0.6000000 0.29 0.4 0.46
v 6.5299223 -12.6353272 0.8000000 0.29 0.4 0.46
v 6.2751979 -12.5381009 1.0000000 0.29 0.4 0.46
v 7.2413617 -12.5662930 0.4000000 0.29 0.4 0.46
v 6.9278090 -12.6095940 0.6000000 0.29 0.4 0.46
v 6.6343391 -12.5890036 0.8000000 0.29 0.4 0.46
v 6.3726952 -12.5123225 1.0000000 0.29 0.4 0.46
v 7.3380448 -12.4636637 0.4000000 0.29 0.4 0.46
v 7.0289236 -12.5317396 0.6000000 0.29 0.4 0.46
v 6.7347454 -12.5345305 0.8000000 0.29 0.4 0.46
v 6.4678363 -12.4788795 1.0000000 0.29 0.4 0.46
v 7.4262683 -12.3536773 0.4000000 0.29 0.4 0.46
v 7.1235329 -12.4460977 0.6000000 0.29 0.4 0.46
v 6.8305064 -12.4722523 0.8000000 0.29 0.4 0.46
v 6.5600196 -12.4379831 1.0000000 0.29 0.4 0.46
v 7.5054745 -12.2370292 0.4000000 0.29 0.4 0.46
v 7.2110389 -12.3532098 0.6000000 0.29 0.4 0.46
v 6.9210167 -12.4025627 0.8000000 0.29 0.4 0.46
v 6.6486622 -12.3898922 1.0000000 0.29 0.4 0.46
v 7.5751625 -12.1144569 0.4000000 0.29 0.4 0.46
v 7.2908883 -12.2536632 0.6000000 0.29 0.4 0.46
v 7.0057040 -12.3259024 0.8000000 0.29 0.4 0.46
v 6.7332038 -12.3349105 1.0000000 0.29 0.4 0.46
v 7.6348919 -11.9867353 0.4000000 0.29 0.4 0.46
v 7.3625763 -12.1480873 0.6000000 0.29 0.4 0.46
v 7.0840329 -12.2427560 0.8000000 0.29 0.4 0.46
v 6.8131099 -12.2733858 1.0000000 0.29 0.4 0.46
v 7.6842850 -11.8546720 0.4000000 0.29 0.4 0.46
v 7.4256496 -12.0371494 0.6000000 0.29 0.4 0.46
v 7.1555083 -12.1536492 0.8000000 0.29 0.4 0.46
v 6.8878751 -12.2057071 1.0000000 0.29 0.4 0.46
v 7.7230295 -11.7191019 0.4000000 0.29 0.4 0.46
v 7.4797096 -11.9215511 0.6000000 0.29 0.4 0.46
v 7.2196781 -12.0591454 0.8000000 0.29 0.4 0.46
v 6.9570270 -12.1323022 1.0000000 0.29 0.4 0.46
v 7.7508804 -11.5808820 0.4000000 0.29 0.4 0.46
v 7.5244143 -11.8020231 0.6000000 0.29 0.4 0.46
v 7.2761367 -11.9598419 0.8000000 0.29 0.4 0.46
v 7.0201282 -12.0536352 1.0000000 0.29 0.4 0.46
v 7.7676617 -11.4408864 0.4000000 0.29 0.4 0.46
v 7.5594812 -11.6793211 0.6000000 0.29 0.4 0.46
v 7.3245272 -11.8563668 0.8000000 0.29 0.4 0.46
v 7.0767799 -11.9702034 1.0000000 0.29 0.4 0.46
v 7.5846885 -11.5542210 0.6000000 0.29 0.4 0.46
v 7.3645436 -11.7493741 0.8000000 0.29 0.4 0.46
v 7.1266238 -11.8825345 1.0000000 0.29 0.4 0.46
v 7.5998770 -11.4275136 0.6000000 0.29 0.4 0.46
v 7.3959329 -11.6395404 0.8000000 0.29 0.4 0.46
v 7.1693448 -11.7911825 1.0000000 0.29 0.4 0.46
v 7.4184967 -11.5275599 0.8000000 0.29 0.4 0.46
v 7.2046729 -11.6967252 1.0000000 0.29 0.4 0.46
v 7.4320922 -11.4141408 0.8000000 0.29 0.4 0.46
v 7.2323846 -11.5997596 1.0000000 0.29 0.4 0.46
v 7.2523048 -11.5008989 1.0000000 0.29 0.4 0.46
v 7.2643075 -11.4007680 1.0000000 0.29 0.4 0.46
v -7.1316044 9.6509180 0.2000000 0.29 0.4 0.46
v -7.5072887 9.3616567 0.2000000 0.29 0.4 0.46
v -7.8712528 9.0577801 0.2000000 0.29 0.4 0.46
v -8.2229283 8.7397626 0.2000000 0.29 0.4 0.46
v -8.5617664 8.4081007 0.2000000 0.29 0.4 0.46
v -8.8872379 8.0633122 0.2000000 0.29 0.4 0.46
v -9.1988348 7.7059353 0.2000000 0.29 0.4 0.46
v -9.4960705 7.3365281 0.2000000 0.29 0.4 0.46
v -9.7784812 6.9556672 0.2000000 0.29 0.4 0.46
v -10.0456258 6.5639471 0.2000000 0.29 0.4 0.46
v -10.2970873 6.1619796 0.2000000 0.29 0.4 0.46
v -10.5324732 5.7503920 0.2000000 0.29 0.4 0.46
v -10.7514159 5.3298270 0.2000000 0.29 0.4 0.46
v -10.9535736 4.9009412 0.2000000 0.29 0.4 0.46
v -11.1386308 4.4644040 0.2000000 0.29 0.4 0.46
v -11.3062985 4.0208971 0.2000000 0.29 0.4 0.46
v -11.4563150 3.5711129 0.2000000 0.29 0.4 0.46
v -11.5884460 3.1157534 0.2000000 0.29 0.4 0.46
v -11.7024853 2.6555297 0.2000000 0.29 0.4 0.46
v -11.7982548 2.1911603 0.2000000 0.29 0.4 0.46
v -11.8756051 1.7233700 0.2000000 0.29 0.4 0.46
v -11.9344153 1.2528892 0.2000000 0.29 0.4 0.46
v -11.9745937 0.7804524 0.2000000 0.29 0.4 0.46
v -11.9960775 0.3067972 0.2000000 0.29 0.4 0.46
v -11.9988332 -0.1673370 0.2000000 0.29 0.4 0.46
v -11.9828565 -0.6412100 0.2000000 0.29 0.4 0.46
v -11.9481723 -1.1140819 0.2000000 0.29 0.4 0.46
v -11.8948348 -1.5852145 0.2000000 0.29 0.4 0.46
v -11.8229272 -2.0538723 0.2000000 0.29 0.4 0.46
v -11.7325619 -2.5193236 0.2000000 0.29 0.4 0.46
v -11.6238798 -2.9808418 0.2000000 0.29 0.4 0.46
v -11.4970507 -3.4377063 0.2000000 0.29 0.4 0.46
v -11.3522726 -3.8892039 0.2000000 0.29 0.4 0.46
v -11.1897714 -4.3346298 0.2000000 0.29 0.4 0.46
v -11.0098010 -4.7732885 0.2000000 0.29 0.4 0.46
v -10.8126421 -5.2044952 0.2000000 0.29 0.4 0.46
v -10.5986028 -5.6275767 0.2000000 0.29 0.4 0.46
v -10.3680170 -6.0418725 0.2000000 0.29 0.4 0.46
v -10.1212448 -6.4467358 0.2000000 0.29 0.4 0.46
v -9.8586715 -6.8415346 0.2000000 0.29 0.4 0.46
v -9.5807070 -7.2256525 0.2000000 0.29 0.4 0.46
v -9.2877852 -7.5984898 0.2000000 0.29 0.4 0.46
v -8.9803634 -7.9594644 0.2000000 0.29 0.4 0.46
v -8.6589216 -8.3080128 0.2000000 0.29 0.4 0.46
v -8.3239616 -8.6435909 0.2000000 0.29 0.4 0.46
v -7.9760064 -8.9656747 0.2000000 0.29 0.4 0.46
v -7.6155991 -9.2737614 0.2000000 0.29 0.4 0.46
v -7.2433025 -9.5673700 0.2000000 0.29 0.4 0.46
v -6.8596977 -9.8460422 0.2000000 0.29 0.4 0.46
v -6.4653837 -10.1093429 0.2000000 0.29 0.4 0.46
v -6.0609759 -10.3568610 0.2000000 0.29 0.4 0.46
v -5.6471059 -10.5882102 0.2000000 0.29 0.4 0.46
v -5.2244197 -10.8030291 0.2000000 0.29 0.4 0.46
v -4.7935772 -11.0009826 0.2000000 0.29 0.4 0.46
v -4.3552510 -11.1817614 0.2000000 0.29 0.4 0.46
v -3.9101255 -11.3450834 0.2000000 0.29 0.4 0.46
v -3.4588955 -11.4906937 0.2000000 0.29 0.4 0.46
v -3.0022656 -11.6183648 0.2000000 0.29 0.4 0.46
v -2.5409486 -11.7278975 0.2000000 0.29 0.4 0.46
v -2.0756646 -11.8191208 0.2000000 0.29 0.4 0.46
v -1.6071402 -11.8918922 0.2000000 0.29 0.4 0.46
v -1.1361067 -11.9460982 0.2000000 0.29 0.4 0.46
v -0.6632996 -11.9816540 0.2000000 0.29 0.4 0.46
v -0.1894569 -11.9985043 0.2000000 0.29 0.4 0.46
v 0.2846816 -11.9966227 0.2000000 0.29 0.4 0.46
v 0.7583756 -11.9760121 0.2000000 0.29 0.4 0.46
v 1.2308856 -11.9367048 0.2000000 0.29 0.4 0.46
v 1.7014741 -11.8787620 0.2000000 0.29 0.4 0.46
v 2.1694062 -11.8022742 0.2000000 0.29 0.4 0.46
v 2.6339514 -11.7073609 0.2000000 0.29 0.4 0.46
v 3.0943846 -11.5941703 0.2000000 0.29 0.4 0.46
v 3.5499868 -11.4628789 0.2000000 0.29 0.4 0.46
v 4.0000469 -11.3136919 0.2000000 0.29 0.4 0.46
v 4.0021643 -11.3930191 0.2000000 0.29 0.4 0.46
v 4.0074270 -11.4721999 0.2000000 0.29 0.4 0.46
v 4.0158266 -11.5511096 0.2000000 0.29 0.4 0.46
v 4.0273500 -11.6296239 0.2000000 0.29 0.4 0.46
v 4.0419789 -11.7076193 0.2000000 0.29 0.4 0.46
v 4.0596904 -11.7849730 0.2000000 0.29 0.4 0.46
v 4.0804566 -11.8615632 0.2000000 0.29 0.4 0.46
v 4.1042448 -11.9372693 0.2000000 0.29 0.4 0.46
v 4.1310175 -12.0119721 0.2000000 0.29 0.4 0.46
v 4.1607326 -12.0855541 0.2000000 0.29 0.4 0.46
v 4.1933432 -12.1578993 0.2000000 0.29 0.4 0.46
v 4.2287982 -12.2288940 0.2000000 0.29 0.4 0.46
v 4.2670415 -12.2984262 0.2000000 0.29 0.4 0.46
v 4.3080131 -12.3663866 0.2000000 0.29 0.4 0.46
v 4.3516485 -12.4326682 0.2000000 0.29 0.4 0.46
v 4.3978789 -12.4971666 0.2000000 0.29 0.4 0.46
v 4.4466315 -12.5597803 0.2000000 0.29 0.4 0.46
v 4.4978296 -12.6204106 0.2000000 0.29 0.4 0.46
v 4.5513927 -12.6789622 0.2000000 0.29 0.4 0.46
v 4.6072363 -12.7353429 0.2000000 0.29 0.4 0.46
v 4.6652726 -12.7894639 0.2000000 0.29 0.4 0.46
v 4.7254101 -12.8412400 0.2000000 0.29 0.4 0.46
v 4.7875543 -12.8905897 0.2000000 0.29 0.4 0.46
v 4.8516073 -12.9374352 0.2000000 0.29 0.4 0.46
v 4.9174682 -12.9817030 0.2000000 0.29 0.4 0.46
v 4.9850334 -13.0233232 0.2000000 0.29 0.4 0.46
v 5.0541964 -13.0622303 0.2000000 0.29 0.4 0.46
v 5.1248484 -13.0983631 0.2000000 0.29 0.4 0.46
v 5.1968783 -13.1316647 0.2000000 0.29 0.4 0.46
v 5.2701724 -13.1620826 0.2000000 0.29 0.4 0.46
v 5.3446156 -13.1895691 0.2000000 0.29 0.4 0.46
v 5.4200906 -13.2140807 0.2000000 0.29 0.4 0.46
v 5.4964785 -13.2355790 0.2000000 0.29 0.4 0.46
v 5.5736591 -13.2540301 0.2000000 0.29 0.4 0.46
v 5.6515109 -13.2694048 0.2000000 0.29 0.4 0.46
v 5.7299114 -13.2816791 0.2000000 0.29 0.4 0.46
v 5.8087371 -13.2908336 0.2000000 0.29 0.4 0.46
v 5.8878638 -13.2968539 0.2000000 0.29 0.4 0.46
v 5.9671672 -13.2997305 0.2000000 0.29 0.4 0.46
v 6.0465222 -13.2994588 0.2000000 0.29 0.4 0.46
v 6.1258039 -13.2960394 0.2000000 0.29 0.4 0.46
v 6.2048876 -13.2894776 0.2000000 0.29 0.4 0.46
v 6.2836488 -13.2797837 0.2000000 0.29 0.4 0.46
v 6.3619634 -13.2669729 0.2000000 0.29 0.4 0.46
v 6.4397081 -13.2510655 0.2000000 0.29 0.4 0.46
v 6.5167606 -13.2320866 0.2000000 0.29 0.4 0.46
v 6.5929996 -13.2100658 0.2000000 0.29 0.4 0.46
v 6.6683050 -13.1850381 0.2000000 0.29 0.4 0.46
v 6.7425582 -13.1570426 0.2000000 0.29 0.4 0.46
v 6.8156424 -13.1261236 0.2000000 0.29 0.4 0.46
v 6.8874426 -13.0923297 0.2000000 0.29 0.4 0.46
v 6.9578456 -13.0557140 0.2000000 0.29 0.4 0.46
v 7.0267407 -13.0163343 0.2000000 0.29 0.4 0.46
v 7.0940193 -12.9742526 0.2000000 0.29 0.4 0.46
v 7.1595756 -12.9295350 0.2000000 0.29 0.4 0.46
v 7.2233064 -12.8822520 0.2000000 0.29 0.4 0.46
v 7.2851113 -12.8324781 0.2000000 0.29 0.4 0.46
v 7.3448930 -12.7802915 0.2000000 0.29 0.4 0.46
v 7.4025574 -12.7257745 0.2000000 0.29 0.4 0.46
v 7.4580137 -12.6690128 0.2000000 0.29 0.4 0.46
v 7.5111746 -12.6100959 0.2000000 0.29 0.4 0.46
v 7.5619565 -12.5491164 0.2000000 0.29 0.4 0.46
v 7.6102793 -12.4861705 0.2000000 0.29 0.4 0.46
v 7.6560671 -12.4213571 0.2000000 0.29 0.4 0.46
v 7.6992477 -12.3547784 0.2000000 0.29 0.4 0.46
v 7.7397530 -12.2865391 0.2000000 0.29 0.4 0.46
v 7.7775195 -12.2167466 0.2000000 0.29 0.4 0.46
v 7.8124876 -12.1455109 0.2000000 0.29 0.4 0.46
v 7.8446022 -12.0729441 0.2000000 0.29 0.4 0.46
v 7.8738129 -11.9991605 0.2000000 0.29 0.4 0.46
v 7.9000735 -11.9242761 0.2000000 0.29 0.4 0.46
v 7.9233428 -11.8484089 0.2000000 0.29 0.4 0.46
v 7.9435842 -11.7716784 0.2000000 0.29 0.4 0.46
v 7.9607657 -11.6942052 0.2000000 0.29 0.4 0.46
v 7.9748604 -11.6161115 0.2000000 0.29 0.4 0.46
v 7.9858460 -11.5375201 0.2000000 0.29 0.4 0.46
v 7.9937052 -11.4585548 0.2000000 0.29 0.4 0.46
v 7.9984257 -11.3793399 0.2000000 0.29 0.4 0.46
v 8.0000000 -11.3000000 0.2000000 0.29 0.4 0.46
v 7.9984966 -11.2224682 0.2000000 0.29 0.4 0.46
v 7.9939888 -11.1450529 0.2000000 0.29 0.4 0.46
v 7.9864833 -11.0678706 0.2000000 0.29 0.4 0.46
v 7.9759914 -10.9910373 0.2000000 0.29 0.4 0.46
v 7.9625289 -10.9146685 0.2000000 0.29 0.4 0.46
v 7.9461160 -10.8388789 0.2000000 0.29 0.4 0.46
v 7.9267773 -10.7637826 0.2000000 0.29 0.4 0.46
v 7.9045421 -10.6894924 0.2000000 0.29 0.4 0.46
v 7.8794436 -10.6161200 0.2000000 0.29 0.4 0.46
v 7.8515196 -10.5437757 0.2000000 0.29 0.4 0.46
v 7.8208121 -10.4725683 0.2000000 0.29 0.4 0.46
v 7.7873673 -10.4026049 0.2000000 0.29 0.4 0.46
v 7.7512355 -10.3339905 0.2000000 0.29 0.4 0.46
v 7.7124709 -10.2668284 0.2000000 0.29 0.4 0.46
v 7.6711318 -10.2012196 0.2000000 0.29 0.4 0.46
v 7.6272804 -10.1372625 0.2000000 0.29 0.4 0.46
v 7.5809827 -10.0750536 0.2000000 0.29 0.4 0.46
v 7.5323081 -10.0146861 0.2000000 0.29 0.4 0.46
v 7.4813300 -9.9562509 0.2000000 0.29 0.4 0.46
v 7.4281248 -9.8998359 0.2000000 0.29 0.4 0.46
v 7.3727727 -9.8455258 0.2000000 0.29 0.4 0.46
v 7.3153568 -9.7934024 0.2000000 0.29 0.4 0.46
v 7.2559635 -9.7435439 0.2000000 0.29 0.4 0.46
v 7.1946820 -9.6960253 0.2000000 0.29 0.4 0.46
v 7.1316044 -9.6509180 0.2000000 0.29 0.4 0.46
v 7.5072887 -9.3616567 0.2000000 0.29 0.4 0.46
v 7.8712528 -9.0577801 0.2000000 0.29 0.4 0.46
v 8.2229283 -8.7397626 0.2000000 0.29 0.4 0.46
v 8.5617664 -8.4081007 0.2000000 0.29 0.4 0.46
v 8.8872379 -8.0633122 0.2000000 0.29 0.4 0.46
v 9.1988348 -7.7059353 0.2000000 0.29 0.4 0.46
v 9.4960705 -7.3365281 0.2000000 0.29 0.4 0.46
v 9.7784812 -6.9556672 0.2000000 0.29 0.4 0.46
v 10.0456258 -6.5639471 0.2000000 0.29 0.4 0.46
v 10.2970873 -6.1619796 0.2000000 0.29 0.4 0.46
v 10.5324732 -5.7503920 0.2000000 0.29 0.4 0.46
v 10.7514159 -5.3298270 0.2000000 0.29 0.4 0.46
v 10.9535736 -4.9009412 0.2000000 0.29 0.4 0.46
v 11.1386308 -4.4644040 0.2000000 0.29 0.4 0.46
v 11.3062985 -4.0208971 0.2000000 0.29 0.4 0.46
v 11.4563150 -3.5711129 0.2000000 0.29 0.4 0.46
v 11.5884460 -3.1157534 0.2000000 0.29 0.4 0.46
v 11.7024853 -2.6555297 0.2000000 0.29 0.4 0.46
v 11.7982548 -2.1911603 0.2000000 0.29 0.4 0.46
v 11.8756051 -1.7233700 0.2000000 0.29 0.4 0.46
v 11.9344153 -1.2528892 0.2000000 0.29 0.4 0.46
v 11.9745937 -0.7804524 0.2000000 0.29 0.4 0.46
v 11.9960775 -0.3067972 0.2000000 0.29 0.4 0.46
v 11.9988332 0.1673370 0.2000000 0.29 0.4 0.46
v 11.9828565 0.6412100 0.2000000 0.29 0.4 0.46
v 11.9481723 1.1140819 0.2000000 0.29 0.4 0.46
v 11.8948348 1.5852145 0.2000000 0.29 0.4 0.46
v 11.8229272 2.0538723 0.2000000 0.29 0.4 0.46
v 11.7325619 2.5193236 0.2000000 0.29 0.4 0.46
v 11.6238798 2.9808418 0.2000000 0.29 0.4 0.46
v 11.4970507 3.4377063 0.2000000 0.29 0.4 0.46
v 11.3522726 3.8892039 0.2000000 0.29 0.4 0.46
v 11.1897714 4.3346298 0.2000000 0.29 0.4 0.46
v 11.0098010 4.7732885 0.2000000 0.29 0.4 0.46
v 10.8126421 5.2044952 0.2000000 0.29 0.4 0.46
v 10.5986028 5.6275767 0.2000000 0.29 0.4 0.46
v 10.3680170 6.0418725 0.2000000 0.29 0.4 0.46
v 10.1212448 6.4467358 0.2000000 0.29 0.4 0.46
v 9.8586715 6.8415346 0.2000000 0.29 0.4 0.46
v 9.5807070 7.2256525 0.2000000 0.29 0.4 0.46
v 9.2877852 7.5984898 0.2000000 0.29 0.4 0.46
v 8.9803634 7.9594644 0.2000000 0.29 0.4 0.46
v 8.6589216 8.3080128 0.2000000 0.29 0.4 0.46
v 8.3239616 8.6435909 0.2000000 0.29 0.4 0.46
v 7.9760064 8.9656747 0.2000000 0.29 0.4 0.46
v 7.6155991 9.2737614 0.2000000 0.29 0.4 0.46
v 7.2433025 9.5673700 0.2000000 0.29 0.4 0.46
v 6.8596977 9.8460422 0.2000000 0.29 0.4 0.46
v 6.4653837 10.1093429 0.2000000 0.29 0.4 0.46
v 6.0609759 10.3568610 0.2000000 0.29 0.4 0.46
v 5.6471059 10.5882102 0.2000000 0.29 0.4 0.46
v 5.2244197 10.8030291 0.2000000 0.29 0.4 0.46
v 4.7935772 11.0009826 0.2000000 0.29 0.4 0.46
v 4.3552510 11.1817614 0.2000000 0.29 0.4 0.46
v 3.9101255 11.3450834 0.2000000 0.29 0.4 0.46
v 3.4588955 11.4906937 0.2000000 0.29 0.4 0.46
v 3.0022656 11.6183648 0.2000000 0.29 0.4 0.46
v 2.5409486 11.7278975 0.2000000 0.29 0.4 0.46
v 2.0756646 11.8191208 0.2000000 0.29 0.4 0.46
v 1.6071402 11.8918922 0.2000000 0.29 0.4 0.46
v 1.1361067 11.9460982 0.2000000 0.29 0.4 0.46
v 0.6632996 11.9816540 0.2000000 0.29 0.4 0.46
v 0.1894569 11.9985043 0.2000000 0.29 0.4 0.46
v -0.2846816 11.9966227 0.2000000 0.29 0.4 0.46
v -0.7583756 11.9760121 0.2000000 0.29 0.4 0.46
v -1.2308856 11.9367048 0.2000000 0.29 0.4 0.46
v -1.7014741 11.8787620 0.2000000 0.29 0.4 0.46
v -2.1694062 11.8022742 0.2000000 0.29 0.4 0.46
v -2.6339514 11.7073609 0.2000000 0.29 0.4 0.46
v -3.0943846 11.5941703 0.2000000 0.29 0.4 0.46
v -3.5499868 11.4628789 0.2000000 0.29 0.4 0.46
v -4.0000469 11.3136919 0.2000000 0.29 0.4 0.46
v -4.0021797 11.3933501 0.2000000 0.29 0.4 0.46
v -4.0074842 11.4728601 0.2000000 0.29 0.4 0.46
v -4.0159517 11.5520956 0.2000000 0.29 0.4 0.46
v -4.0275688 11.6309310 0.2000000 0.29 0.4 0.46
v -4.0423172 11.7092410 0.2000000 0.29 0.4 0.46
v -4.0601734 11.7869013 0.2000000 0.29 0.4 0.46
v -4.0811091 11.8637887 0.2000000 0.29 0.4 0.46
v -4.1050910 11.9397811 0.2000000 0.29 0.4 0.46
v -4.1320810 12.0147578 0.2000000 0.29 0.4 0.46
v -4.1620364 12.0885998 0.2000000 0.29 0.4 0.46
v -4.1949095 12.1611900 0.2000000 0.29 0.4 0.46
v -4.2306482 12.2324130 0.2000000 0.29 0.4 0.46
v -4.2691957 12.3021559 0.2000000 0.29 0.4 0.46
v -4.3104908 12.3703078 0.2000000 0.29 0.4 0.46
v -4.3544680 12.4367606 0.2000000 0.29 0.4 0.46
v -4.4010575 12.5014088 0.2000000 0.29 0.4 0.46
v -4.4501854 12.5641497 0.2000000 0.29 0.4 0.46
v -4.5017735 12.6248839 0.2000000 0.29 0.4 0.46
v -4.5557400 12.6835148 0.2000000 0.29 0.4 0.46
v -4.6119994 12.7399494 0.2000000 0.29 0.4 0.46
v -4.6704621 12.7940980 0.2000000 0.29 0.4 0.46
v -4.7310355 12.8458749 0.2000000 0.29 0.4 0.46
v -4.7936233 12.8951976 0.2000000 0.29 0.4 0.46
v -4.8581263 12.9419880 0.2000000 0.29 0.4 0.46
v -4.9244420 12.9861717 0.2000000 0.29 0.4 0.46
v -4.9924651 13.0276786 0.2000000 0.29 0.4 0.46
v -5.0620877 13.0664429 0.2000000 0.29 0.4 0.46
v -5.1331992 13.1024029 0.2000000 0.29 0.4 0.46
v -5.2056868 13.1355017 0.2000000 0.29 0.4 0.46
v -5.2794353 13.1656866 0.2000000 0.29 0.4 0.46
v -5.3543277 13.1929097 0.2000000 0.29 0.4 0.46
v -5.4302451 13.2171279 0.2000000 0.29 0.4 0.46
v -5.5070670 13.2383026 0.2000000 0.29 0.4 0.46
v -5.5846714 13.2564003 0.2000000 0.29 0.4 0.46
v -5.6629351 13.2713922 0.2000000 0.29 0.4 0.46
v -5.7417340 13.2832546 0.2000000 0.29 0.4 0.46
v -5.8209428 13.2919685 0.2000000 0.29 0.4 0.46
v -5.9004359 13.2975202 0.2000000 0.29 0.4 0.46
v -5.9800870 13.2999009 0.2000000 0.29 0.4 0.46
v -6.0597698 13.2991067 0.2000000 0.29 0.4 0.46
v -6.1393577 13.2951390 0.2000000 0.29 0.4 0.46
v -6.2187243 13.2880039 0.2000000 0.29 0.4 0.46
v -6.2977437 13.2777130 0.2000000 0.29 0.4 0.46
v -6.3762905 13.2642824 0.2000000 0.29 0.4 0.46
v -6.4542399 13.2477336 0.2000000 0.29 0.4 0.46
v -6.5314682 13.2280927 0.2000000 0.29 0.4 0.46
v -6.6078527 13.2053910 0.2000000 0.29 0.4 0.46
v -6.6832724 13.1796646 0.2000000 0.29 0.4 0.46
v -6.7576073 13.1509541 0.2000000 0.29 0.4 0.46
v -6.8307395 13.1193053 0.2000000 0.29 0.4 0.46
v -6.9025530 13.0847684 0.2000000 0.29 0.4 0.46
v -6.9729336 13.0473981 0.2000000 0.29 0.4 0.46
v -7.0417698 13.0072539 0.2000000 0.29 0.4 0.46
v -7.1089521 12.9643994 0.2000000 0.29 0.4 0.46
v -7.1743739 12.9189027 0.2000000 0.29 0.4 0.46
v -7.2379315 12.8708359 0.2000000 0.29 0.4 0.46
v -7.2995239 12.8202755 0.2000000 0.29 0.4 0.46
v -7.3590532 12.7673017 0.2000000 0.29 0.4 0.46
v -7.4164251 12.7119986 0.2000000 0.29 0.4 0.46
v -7.4715484 12.6544539 0.2000000 0.29 0.4 0.46
v -7.5243357 12.5947590 0.2000000 0.29 0.4 0.46
v -7.5747030 12.5330087 0.2000000 0.29 0.4 0.46
v -7.6225706 12.4693010 0.2000000 0.29 0.4 0.46
v -7.6678623 12.4037370 0.2000000 0.29 0.4 0.46
v -7.7105063 12.3364209 0.2000000 0.29 0.4 0.46
v -7.7504349 12.2674595 0.2000000 0.29 0.4 0.46
v -7.7875846 12.1969622 0.2000000 0.29 0.4 0.46
v -7.8218966 12.1250410 0.2000000 0.29 0.4 0.46
v -7.8533164 12.0518100 0.2000000 0.29 0.4 0.46
v -7.8817940 11.9773856 0.2000000 0.29 0.4 0.46
v -7.9072843 11.9018858 0.2000000 0.29 0.4 0.46
v -7.9297468 11.8254306 0.2000000 0.29 0.4 0.46
v -7.9491458 11.7481412 0.2000000 0.29 0.4 0.46
v -7.9654506 11.6701404 0.2000000 0.29 0.4 0.46
v -7.9786353 11.5915520 0.2000000 0.29 0.4 0.46
v -7.9886788 11.5125007 0.2000000 0.29 0.4 0.46
v -7.9955654 11.4331121 0.2000000 0.29 0.4 0.46
v -7.9992840 11.3535122 0.2000000 0.29 0.4 0.46
v -7.9998287 11.2738274 0.2000000 0.29 0.4 0.46
v -7.9971988 11.1941841 0.2000000 0.29 0.4 0.46
v -7.9913983 11.1147088 0.2000000 0.29 0.4 0.46
v -7.9824365 11.0355276 0.2000000 0.29 0.4 0.46
v -7.9703275 10.9567663 0.2000000 0.29 0.4 0.46
v -7.9550907 10.8785498 0.2000000 0.29 0.4 0.46
v -7.9367502 10.8010024 0.2000000 0.29 0.4 0.46
v -7.9153351 10.7242472 0.2000000 0.29 0.4 0.46
v -7.8908795 10.6484060 0.2000000 0.29 0.4 0.46
v -7.8634221 10.5735991 0.2000000 0.29 0.4 0.46
v -7.8330065 10.4999455 0.2000000 0.29 0.4 0.46
v -7.7996810 10.4275619 0.2000000 0.29 0.4 0.46
v -7.7634985 10.3565633 0.2000000 0.29 0.4 0.46
v -7.7245166 10.2870624 0.2000000 0.29 0.4 0.46
v -7.6827969 10.2191695 0.2000000 0.29 0.4 0.46
v -7.6384058 10.1529924 0.2000000 0.29 0.4 0.46
v -7.5914138 10.0886362 0.2000000 0.29 0.4 0.46
v -7.5418954 10.0262031 0.2000000 0.29 0.4 0.46
v -7.4899292 9.9657920 0.2000000 0.29 0.4 0.46
v -7.4355978 9.9074991 0.2000000 0.29 0.4 0.46
v -7.3789874 9.8514167 0.2000000 0.29 0.4 0.46
v -7.3201879 9.7976339 0.2000000 0.29 0.4 0.46
v -7.2592926 9.7462361 0.2000000 0.29 0.4 0.46
v -7.1963981 9.6973049 0.2000000 0.29 0.4 0.46
v 7.9415842 -11.3000000 0.2000000 0.29 0.4 0.46
v 7.9400491 -11.2228094 0.2000000 0.29 0.4 0.46
v 7.9354465 -11.1457408 0.2000000 0.29 0.4 0.46
v 7.9277835 -11.0689162 0.2000000 0.29 0.4 0.46
v 7.9170723 -10.9924569 0.2000000 0.29 0.4 0.46
v 7.9033298 -10.9164839 0.2000000 0.29 0.4 0.46
v 7.8865778 -10.8411174 0.2000000 0.29 0.4 0.46
v 7.8668427 -10.7664764 0.2000000 0.29 0.4 0.46
v 7.8441557 -10.6926791 0.2000000 0.29 0.4 0.46
v 7.8185528 -10.6198420 0.2000000 0.29 0.4 0.46
v 7.7900743 -10.5480804 0.2000000 0.29 0.4 0.46
v 7.7587654 -10.4775078 0.2000000 0.29 0.4 0.46
v 7.7246754 -10.4082357 0.2000000 0.29 0.4 0.46
v 7.6878585 -10.3403736 0.2000000 0.29 0.4 0.46
v 7.6483726 -10.2740289 0.2000000 0.29 0.4 0.46
v 7.6062804 -10.2093065 0.2000000 0.29 0.4 0.46
v 7.5616483 -10.1463087 0.2000000 0.29 0.4 0.46
v 7.5145469 -10.0851351 0.2000000 0.29 0.4 0.46
v 7.4650507 -10.0258825 0.2000000 0.29 0.4 0.46
v 7.4132380 -9.9686445 0.2000000 0.29 0.4 0.46
v 7.3591906 -9.9135116 0.2000000 0.29 0.4 0.46
v 7.3029941 -9.8605711 0.2000000 0.29 0.4 0.46
v 7.2447373 -9.8099066 0.2000000 0.29 0.4 0.46
v 7.1845122 -9.7615983 0.2000000 0.29 0.4 0.46
v 7.1224143 -9.7157225 0.2000000 0.29 0.4 0.46
v 7.0585415 -9.6723517 0.2000000 0.29 0.4 0.46
v 6.9929950 -9.6315546 0.2000000 0.29 0.4 0.46
v 6.9258784 -9.5933957 0.2000000 0.29 0.4 0.46
v 6.8572977 -9.5579352 0.2000000 0.29 0.4 0.46
v 6.7873615 -9.5252294 0.2000000 0.29 0.4 0.46
v 6.7161804 -9.4953297 0.2000000 0.29 0.4 0.46
v 6.6438667 -9.4682837 0.2000000 0.29 0.4 0.46
v 6.5705350 -9.4441339 0.2000000 0.29 0.4 0.46
v 6.4963012 -9.4229187 0.2000000 0.29 0.4 0.46
v 6.4212826 -9.4046715 0.2000000 0.29 0.4 0.46
v 6.3455979 -9.3894213 0.2000000 0.29 0.4 0.46
v 6.2693667 -9.3771920 0.2000000 0.29 0.4 0.46
v 6.1927096 -9.3680031 0.2000000 0.29 0.4 0.46
v 6.1157478 -9.3618691 0.2000000 0.29 0.4 0.46
v 6.0386029 -9.3587996 0.2000000 0.29 0.4 0.46
v 5.9613971 -9.3587996 0.2000000 0.29 0.4 0.46
v 5.8842522 -9.3618691 0.2000000 0.29 0.4 0.46
v 5.8072904 -9.3680031 0.2000000 0.29 0.4 0.46
v 5.7306333 -9.3771920 0.2000000 0.29 0.4 0.46
v 5.6544021 -9.3894213 0.2000000 0.29 0.4 0.46
v 5.5787174 -9.4046715 0.2000000 0.29 0.4 0.46
v 5.5036988 -9.4229187 0.2000000 0.29 0.4 0.46
v 5.4294650 -9.4441339 0.2000000 0.29 0.4 0.46
v 5.3561333 -9.4682837 0.2000000 0.29 0.4 0.46
v 5.2838196 -9.4953297 0.2000000 0.29 0.4 0.46
v 5.2126385 -9.5252294 0.2000000 0.29 0.4 0.46
v 5.1427023 -9.5579352 0.2000000 0.29 0.4 0.46
v 5.0741216 -9.5933957 0.2000000 0.29 0.4 0.46
v 5.0070050 -9.6315546 0.2000000 0.29 0.4 0.46
v 4.9414585 -9.6723517 0.2000000 0.29 0.4 0.46
v 4.8775857 -9.7157225 0.2000000 0.29 0.4 0.46
v 4.8154878 -9.7615983 0.2000000 0.29 0.4 0.46
v 4.7552627 -9.8099066 0.2000000 0.29 0.4 0.46
v 4.6970059 -9.8605711 0.2000000 0.29 0.4 0.46
v 4.6408094 -9.9135116 0.2000000 0.29 0.4 0.46
v 4.5867620 -9.9686445 0.2000000 0.29 0.4 0.46
v 4.5349493 -10.0258825 0.2000000 0.29 0.4 0.46
v 4.4854531 -10.0851351 0.2000000 0.29 0.4 0.46
v 4.4383517 -10.1463087 0.2000000 0.29 0.4 0.46
v 4.3937196 -10.2093065 0.2000000 0.29 0.4 0.46
v 4.3516274 -10.2740289 0.2000000 0.29 0.4 0.46
v 4.3121415 -10.3403736 0.2000000 0.29 0.4 0.46
v 4.2753246 -10.4082357 0.2000000 0.29 0.4 0.46
v 4.2412346 -10.4775078 0.2000000 0.29 0.4 0.46
v 4.2099257 -10.5480804 0.2000000 0.29 0.4 0.46
v 4.1814472 -10.6198420 0.2000000 0.29 0.4 0.46
v 4.1558443 -10.6926791 0.2000000 0.29 0.4 0.46
v 4.1331573 -10.7664764 0.2000000 0.29 0.4 0.46
v 4.1134222 -10.8411174 0.2000000 0.29 0.4 0.46
v 4.0966702 -10.9164839 0.2000000 0.29 0.4 0.46
v 4.0829277 -10.9924569 0.2000000 0.29 0.4 0.46
v 4.0722165 -11.0689162 0.2000000 0.29 0.4 0.46
v 4.0645535 -11.1457408 0.2000000 0.29 0.4 0.46
v 4.0599509 -11.2228094 0.2000000 0.29 0.4 0.46
v 4.0584158 -11.3000000 0.2000000 0.29 0.4 0.46
v 4.0599509 -11.3771906 0.2000000 0.29 0.4 0.46
v 4.0645535 -11.4542592 0.2000000 0.29 0.4 0.46
v 4.0722165 -11.5310838 0.2000000 0.29 0.4 0.46
v 4.0829277 -11.6075431 0.2000000 0.29 0.4 0.46
v 4.0966702 -11.6835161 0.2000000 0.29 0.4 0.46
v 4.1134222 -11.7588826 0.2000000 0.29 0.4 0.46
v 4.1331573 -11.8335236 0.2000000 0.29 0.4 0.46
v 4.1558443 -11.9073209 0.2000000 0.29 0.4 0.46
v 4.1814472 -11.9801580 0.2000000 0.29 0.4 0.46
v 4.2099257 -12.0519196 0.2000000 0.29 0.4 0.46
v 4.2412346 -12.1224922 0.2000000 0.29 0.4 0.46
v 4.2753246 -12.1917643 0.2000000 0.29 0.4 0.46
v 4.3121415 -12.2596264 0.2000000 0.29 0.4 0.46
v 4.3516274 -12.3259711 0.2000000 0.29 0.4 0.46
v 4.3937196 -12.3906935 0.2000000 0.29 0.4 0.46
v 4.4383517 -12.4536913 0.2000000 0.29 0.4 0.46
v 4.4854531 -12.5148649 0.2000000 0.29 0.4 0.46
v 4.5349493 -12.5741175 0.2000000 0.29 0.4 0.46
v 4.5867620 -12.6313555 0.2000000 0.29 0.4 0.46
v 4.6408094 -12.6864884 0.2000000 0.29 0.4 0.46
v 4.6970059 -12.7394289 0.2000000 0.29 0.4 0.46
v 4.7552627 -12.7900934 0.2000000 0.29 0.4 0.46
v 4.8154878 -12.8384017 0.2000000 0.29 0.4 0.46
v 4.8775857 -12.8842775 0.2000000 0.29 0.4 0.46
v 4.9414585 -12.9276483 0.2000000 0.29 0.4 0.46
v 5.0070050 -12.9684454 0.2000000 0.29 0.4 0.46
v 5.0741216 -13.0066043 0.2000000 0.29 0.4 0.46
v 5.1427023 -13.0420648 0.2000000 0.29 0.4 0.46
v 5.2126385 -13.0747706 0.2000000 0.29 0.4 0.46
v 5.2838196 -13.1046703 0.2000000 0.29 0.4 0.46
v 5.3561333 -13.1317163 0.2000000 0.29 0.4 0.46
v 5.4294650 -13.1558661 0.2000000 0.29 0.4 0.46
v 5.5036988 -13.1770813 0.2000000 0.29 0.4 0.46
v 5.5787174 -13.1953285 0.2000000 0.29 0.4 0.46
v 5.6544021 -13.2105787 0.2000000 0.29 0.4 0.46
v 5.7306333 -13.2228080 0.2000000 0.29 0.4 0.46
v 5.8072904 -13.2319969 0.2000000 0.29 0.4 0.46
v 5.8842522 -13.2381309 0.2000000 0.29 0.4 0.46
v 5.9613971 -13.2412004 0.2000000 0.29 0.4 0.46
v 6.0386029 -13.2412004 0.2000000 0.29 0.4 0.46
v 6.1157478 -13.2381309 0.2000000 0.29 0.4 0.46
v 6.1927096 -13.2319969 0.2000000 0.29 0.4 0.46
v 6.2693667 -13.2228080 0.2000000 0.29 0.4 0.46
v 6.3455979 -13.2105787 0.2000000 0.29 0.4 0.46
v 6.4212826 -13.1953285 0.2000000 0.29 0.4 0.46
v 6.4963012 -13.1770813 0.2000000 0.29 0.4 0.46
v 6.5705350 -13.1558661 0.2000000 0.29 0.4 0.46
v 6.6438667 -13.1317163 0.2000000 0.29 0.4 0.46
v 6.7161804 -13.1046703 0.2000000 0.29 0.4 0.46
v 6.7873615 -13.0747706 0.2000000 0.29 0.4 0.46
v 6.8572977 -13.0420648 0.2000000 0.29 0.4 0.46
v 6.9258784 -13.0066043 0.2000000 0.29 0.4 0.46
v 6.9929950 -12.9684454 0.2000000 0.29 0.4 0.46
v 7.0585415 -12.9276483 0.2000000 0.29 0.4 0.46
v 7.1224143 -12.8842775 0.2000000 0.29 0.4 0.46
v 7.1845122 -12.8384017 0.2000000 0.29 0.4 0.46
v 7.2447373 -12.7900934 0.2000000 0.29 0.4 0.46
v 7.3029941 -12.7394289 0.2000000 0.29 0.4 0.46
v 7.3591906 -12.6864884 0.2000000 0.29 0.4 0.46
v 7.4132380 -12.6313555 0.2000000 0.29 0.4 0.46
v 7.4650507 -12.5741175 0.2000000 0.29 0.4 0.46
v 7.5145469 -12.5148649 0.2000000 0.29 0.4 0.46
v 7.5616483 -12.4536913 0.2000000 0.29 0.4 0.46
v 7.6062804 -12.3906935 0.2000000 0.29 0.4 0.46
v 7.6483726 -12.3259711 0.2000000 0.29 0.4 0.46
v 7.6878585 -12.2596264 0.2000000 0.29 0.4 0.46
v 7.7246754 -12.1917643 0.2000000 0.29 0.4 0.46
v 7.7587654 -12.1224922 0.2000000 0.29 0.4 0.46
v 7.7900743 -12.0519196 0.2000000 0.29 0.4 0.46
v 7.8185528 -11.9801580 0.2000000 0.29 0.4 0.46
v 7.8441557 -11.9073209 0.2000000 0.29 0.4 0.46
v 7.8668427 -11.8335236 0.2000000 0.29 0.4 0.46
v 7.8865778 -11.7588826 0.2000000 0.29 0.4 0.46
v 7.9033298 -11.6835161 0.2000000 0.29 0.4 0.46
v 7.9170723 -11.6075431 0.2000000 0.29 0.4 0.46
v 7.9277835 -11.5310838 0.2000000 0.29 0.4 0.46
v 7.9354465 -11.4542592 0.2000000 0.29 0.4 0.46
v 7.9400491 -11.3771906 0.2000000 0.29 0.4 0.46
v -4.0584158 11.3000000 0.2000000 0.29 0.4 0.46
v -4.0599509 11.3771906 0.2000000 0.29 0.4 0.46
v -4.0645535 11.4542592 0.2000000 0.29 0.4 0.46
v -4.0722165 11.5310838 0.2000000 0.29 0.4 0.46
v -4.0829277 11.6075431 0.2000000 0.29 0.4 0.46
v -4.0966702 11.6835161 0.2000000 0.29 0.4 0.46
v -4.1134222 11.7588826 0.2000000 0.29 0.4 0.46
v -4.1331573 11.8335236 0.2000000 0.29 0.4 0.46
v -4.1558443 11.9073209 0.2000000 0.29 0.4 0.46
v -4.1814472 11.9801580 0.2000000 0.29 0.4 0.46
v -4.2099257 12.0519196 0.2000000 0.29 0.4 0.46
v -4.2412346 12.1224922 0.2000000 0.29 0.4 0.46
v -4.2753246 12.1917643 0.2000000 0.29 0.4 0.46
v -4.3121415 12.2596264 0.2000000 0.29 0.4 0.46
v -4.3516274 12.3259711 0.2000000 0.29 0.4 0.46
v -4.3937196 12.3906935 0.2000000 0.29 0.4 0.46
v -4.4383517 12.4536913 0.2000000 0.29 0.4 0.46
v -4.4854531 12.5148649 0.2000000 0.29 0.4 0.46
v -4.5349493 12.5741175 0.2000000 0.29 0.4 0.46
v -4.5867620 12.6313555 0.2000000 0.29 0.4 0.46
v -4.6408094 12.6864884 0.2000000 0.29 0.4 0.46
v -4.6970059 12.7394289 0.2000000 0.29 0.4 0.46
v -4.7552627 12.7900934 0.2000000 0.29 0.4 0.46
v -4.8154878 12.8384017 0.2000000 0.29 0.4 0.46
v -4.8775857 12.8842775 0.2000000 0.29 0.4 0.46
v -4.9414585 12.9276483 0.2000000 0.29 0.4 0.46
v -5.0070050 12.9684454 0.2000000 0.29 0.4 0.46
v -5.0741216 13.0066043 0.2000000 0.29 0.4 0.46
v -5.1427023 13.0420648 0.2000000 0.29 0.4 0.46
v -5.2126385 13.0747706 0.2000000 0.29 0.4 0.46
v -5.2838196 13.1046703 0.2000000 0.29 0.4 0.46
v -5.3561333 13.1317163 0.2000000 0.29 0.4 0.46
v -5.4294650 13.1558661 0.2000000 0.29 0.4 0.46
v -5.5036988 13.1770813 0.2000000 0.29 0.4 0.46
v -5.5787174 13.1953285 0.2000000 0.29 0.4 0.46
v -5.6544021 13.2105787 0.2000000 0.29 0.4 0.46
v -5.7306333 13.2228080 0.2000000 0.29 0.4 0.46
v -5.8072904 13.2319969 0.2000000 0.29 0.4 0.46
v -5.8842522 13.2381309 0.2000000 0.29 0.4 0.46
v -5.9613971 13.2412004 0.2000000 0.29 0.4 0.46
v -6.0386029 13.2412004 0.2000000 0.29 0.4 0.46
v -6.1157478 13.2381309 0.2000000 0.29 0.4 0.46
v -6.1927096 13.2319969 0.2000000 0.29 0.4 0.46
v -6.2693667 13.2228080 0.2000000 0.29 0.4 0.46
v -6.3455979 13.2105787 0.2000000 0.29 0.4 0.46
v -6.4212826 13.1953285 0.2000000 0.29 0.4 0.46
v -6.4963012 13.1770813 0.2000000 0.29 0.4 0.46
v -6.5705350 13.1558661 0.2000000 0.29 0.4 0.46
v -6.6438667 13.1317163 0.2000000 0.29 0.4 0.46
v -6.7161804 13.1046703 0.2000000 0.29 0.4 0.46
v -6.7873615 13.0747706 0.2000000 0.29 0.4 0.46
v -6.8572977 13.0420648 0.2000000 0.29 0.4 0.46
v -6.9258784 13.0066043 0.2000000 0.29 0.4 0.46
v -6.9929950 12.9684454 0.2000000 0.29 0.4 0.46
v -7.0585415 12.9276483 0.2000000 0.29 0.4 0.46
v -7.1224143 12.8842775 0.2000000 0.29 0.4 0.46
v -7.1845122 12.8384017 0.2000000 0.29 0.4 0.46
v -7.2447373 12.7900934 0.2000000 0.29 0.4 0.46
v -7.3029941 12.7394289 0.2000000 0.29 0.4 0.46
v -7.3591906 12.6864884 0.2000000 0.29 0.4 0.46
v -7.4132380 12.6313555 0.2000000 0.29 0.4 0.46
v -7.4650507 12.5741175 0.2000000 0.29 0.4 0.46
v -7.5145469 12.5148649 0.2000000 0.29 0.4 0.46
v -7.5616483 12.4536913 0.2000000 0.29 0.4 0.46
v -7.6062804 12.3906935 0.2000000 0.29 0.4 0.46
v -7.6483726 12.3259711 0.2000000 0.29 0.4 0.46
v -7.6878585 12.2596264 0.2000000 0.29 0.4 0.46
v -7.7246754 12.1917643 0.2000000 0.29 0.4 0.46
v -7.7587654 12.1224922 0.2000000 0.29 0.4 0.46
v -7.7900743 12.0519196 0.2000000 0.29 0.4 0.46
v -7.8185528 11.9801580 0.2000000 0.29 0.4 0.46
v -7.8441557 11.9073209 0.2000000 0.29 0.4 0.46
v -7.8668427 11.8335236 0.2000000 0.29 0.4 0.46
v -7.8865778 11.7588826 0.2000000 0.29 0.4 0.46
v -7.9033298 11.6835161 0.2000000 0.29 0.4 0.46
v -7.9170723 11.6075431 0.2000000 0.29 0.4 0.46
v -7.9277835 11.5310838 0.2000000 0.29 0.4 0.46
v -7.9354465 11.4542592 0.2000000 0.29 0.4 0.46
v -7.9400491 11.3771906 0.2000000 0.29 0.4 0.46
v -7.9415842 11.3000000 0.2000000 0.29 0.4 0.46
v -7.9400491 11.2228094 0.2000000 0.29 0.4 0.46
v -7.9354465 11.1457408 0.2000000 0.29 0.4 0.46
v -7.9277835 11.0689162 0.2000000 0.29 0.4 0.46
v -7.9170723 10.9924569 0.2000000 0.29 0.4 0.46
v -7.9033298 10.9164839 0.2000000 0.29 0.4 0.46
v -7.8865778 10.8411174 0.2000000 0.29 0.4 0.46
v -7.8668427 10.7664764 0.2000000 0.29 0.4 0.46
v -7.8441557 10.6926791 0.2000000 0.29 0.4 0.46
v -7.8185528 10.6198420 0.2000000 0.29 0.4 0.46
v -7.7900743 10.5480804 0.2000000 0.29 0.4 0.46
v -7.7587654 10.4775078 0.2000000 0.29 0.4 0.46
v -7.7246754 10.4082357 0.2000000 0.29 0.4 0.46
v -7.6878585 10.3403736 0.2000000 0.29 0.4 0.46
v -7.6483726 10.2740289 0.2000000 0.29 0.4 0.46
v -7.6062804 10.2093065 0.2000000 0.29 0.4 0.46
v -7.5616483 10.1463087 0.2000000 0.29 0.4 0.46
v -7.5145469 10.0851351 0.2000000 0.29 0.4 0.46
v -7.4650507 10.0258825 0.2000000 0.29 0.4 0.46
v -7.4132380 9.9686445 0.2000000 0.29 0.4 0.46
v -7.3591906 9.9135116 0.2000000 0.29 0.4 0.46
v -7.3029941 9.8605711 0.2000000 0.29 0.4 0.46
v -7.2447373 9.8099066 0.2000000 0.29 0.4 0.46
v -7.1845122 9.7615983 0.2000000 0.29 0.4 0.46
v -7.1224143 9.7157225 0.2000000 0.29 0.4 0.46
v -7.0585415 9.6723517 0.2000000 0.29 0.4 0.46
v -6.9929950 9.6315546 0.2000000 0.29 0.4 0.46
v -6.9258784 9.5933957 0.2000000 0.29 0.4 0.46
v -6.8572977 9.5579352 0.2000000 0.29 0.4 0.46
v -6.7873615 9.5252294 0.2000000 0.29 0.4 0.46
v -6.7161804 9.4953297 0.2000000 0.29 0.4 0.46
v -6.6438667 9.4682837 0.2000000 0.29 0.4 0.46
v -6.5705350 9.4441339 0.2000000 0.29 0.4 0.46
v -6.4963012 9.4229187 0.2000000 0.29 0.4 0.46
v -6.4212826 9.4046715 0.2000000 0.29 0.4 0.46
v -6.3455979 9.3894213 0.2000000 0.29 0.4 0.46
v -6.2693667 9.3771920 0.2000000 0.29 0.4 0.46
v -6.1927096 9.3680031 0.2000000 0.29 0.4 0.46
v -6.1157478 9.3618691 0.2000000 0.29 0.4 0.46
v -6.0386029 9.3587996 0.2000000 0.29 0.4 0.46
v -5.9613971 9.3587996 0.2000000 0.29 0.4 0.46
v -5.8842522 9.3618691 0.2000000 0.29 0.4 0.46
v -5.8072904 9.3680031 0.2000000 0.29 0.4 0.46
v -5.7306333 9.3771920 0.2000000 0.29 0.4 0.46
v -5.6544021 9.3894213 0.2000000 0.29 0.4 0.46
v -5.5787174 9.4046715 0.2000000 0.29 0.4 0.46
v -5.5036988 9.4229187 0.2000000 0.29 0.4 0.46
v -5.4294650 9.4441339 0.2000000 0.29 0.4 0.46
v -5.3561333 9.4682837 0.2000000 0.29 0.4 0.46
v -5.2838196 9.4953297 0.2000000 0.29 0.4 0.46
v -5.2126385 9.5252294 0.2000000 0.29 0.4 0.46
v -5.1427023 9.5579352 0.2000000 0.29 0.4 0.46
v -5.0741216 9.5933957 0.2000000 0.29 0.4 0.46
v -5.0070050 9.6315546 0.2000000 0.29 0.4 0.46
v -4.9414585 9.6723517 0.2000000 0.29 0.4 0.46
v -4.8775857 9.7157225 0.2000000 0.29 0.4 0.46
v -4.8154878 9.7615983 0.2000000 0.29 0.4 0.46
v -4.7552627 9.8099066 0.2000000 0.29 0.4 0.46
v -4.6970059 9.8605711 0.2000000 0.29 0.4 0.46
v -4.6408094 9.9135116 0.2000000 0.29 0.4 0.46
v -4.5867620 9.9686445 0.2000000 0.29 0.4 0.46
v -4.5349493 10.0258825 0.2000000 0.29 0.4 0.46
v -4.4854531 10.0851351 0.2000000 0.29 0.4 0.46
v -4.4383517 10.1463087 0.2000000 0.29 0.4 0.46
v -4.3937196 10.2093065 0.2000000 0.29 0.4 0.46
v -4.3516274 10.2740289 0.2000000 0.29 0.4 0.46
v -4.3121415 10.3403736 0.2000000 0.29 0.4 0.46
v -4.2753246 10.4082357 0.2000000 0.29 0.4 0.46
v -4.2412346 10.4775078 0.2000000 0.29 0.4 0.46
v -4.2099257 10.5480804 0.2000000 0.29 0.4 0.46
v -4.1814472 10.6198420 0.2000000 0.29 0.4 0.46
v -4.1558443 10.6926791 0.2000000 0.29 0.4 0.46
v -4.1331573 10.7664764 0.2000000 0.29 0.4 0.46
v -4.1134222 10.8411174 0.2000000 0.29 0.4 0.46
v -4.0966702 10.9164839 0.2000000 0.29 0.4 0.46
v -4.0829277 10.9924569 0.2000000 0.29 0.4 0.46
v -4.0722165 11.0689162 0.2000000 0.29 0.4 0.46
v -4.0645535 11.1457408 0.2000000 0.29 0.4 0.46
v -4.0599509 11.2228094 0.2000000 0.29 0.4 0.46
usemtl Battery_Hatch
s off
f 2 146 74
f 2 74 1
f 3 145 146
f 3 146 2
f 4 144 145
f 4 145 3
f 5 143 144
f 5 144 4
f 6 142 143
f 6 143 5
f 7 141 142
f 7 142 6
f 8 140 141
f 8 141 7
f 9 139 140
f 9 140 8
f 10 138 139
f 10 139 9
f 11 137 138
f 11 138 10
f 12 136 137
f 12 137 11
f 13 135 136
f 13 136 12
f 14 135 13
f 14 134 135
f 15 134 14
f 15 133 134
f 16 133 15
f 16 132 133
f 17 132 16
f 17 131 132
f 18 131 17
f 18 130 131
f 19 130 18
f 19 129 130
f 20 128 129
f 20 129 19
f 21 127 128
f 21 128 20
f 22 126 127
f 22 127 21
f 23 125 126
f 23 126 22
f 24 124 125
f 24 125 23
f 25 123 124
f 25 124 24
f 26 122 123
f 26 123 25
f 27 121 122
f 27 122 26
f 28 120 121
f 28 121 27
f 29 119 120
f 29 120 28
f 30 118 119
f 30 119 29
f 31 117 118
f 31 118 30
f 32 116 117
f 32 117 31
f 33 115 116
f 33 116 32
f 34 114 115
f 34 115 33
f 35 113 114
f 35 114 34
f 36 112 113
f 36 113 35
f 37 111 112
f 37 112 36
f 38 110 111
f 38 111 37
f 39 110 38
f 39 109 110
f 40 108 109
f 40 109 39
f 41 107 108
f 41 108 40
f 42 106 107
f 42 107 41
f 43 105 106
f 43 106 42
f 44 104 105
f 44 105 43
f 45 103 104
f 45 104 44
f 46 102 103
f 46 103 45
f 47 102 46
f 47 101 102
f 48 101 47
f 48 100 101
f 49 100 48
f 49 99 100
f 50 99 49
f 50 98 99
f 51 98 50
f 51 97 98
f 52 97 51
f 52 96 97
f 53 96 52
f 53 95 96
f 54 95 53
f 54 94 95
f 55 94 54
f 55 93 94
f 56 93 55
f 56 91 92
f 56 92 93
f 57 91 56
f 58 91 57
f 58 90 91
f 59 90 58
f 59 89 90
f 60 88 89
f 60 89 59
f 61 87 88
f 61 88 60
f 62 86 87
f 62 87 61
f 63 85 86
f 63 86 62
f 64 85 63
f 64 84 85
f 65 84 64
f 65 83 84
f 66 83 65
f 66 81 82
f 66 82 83
f 67 81 66
f 68 81 67
f 68 80 81
f 69 80 68
f 69 79 80
f 70 79 69
f 70 78 79
f 71 78 70
f 71 76 77
f 71 77 78
f 72 76 71
f 73 76 72
f 73 75 76
f 149 151 150
f 148 151 149
f 147 152 151
f 147 151 148
f 368 153 152
f 368 147 367
f 368 152 147
f 369 154 153
f 369 153 368
f 370 155 154
f 370 154 369
f 371 156 155
f 371 155 370
f 372 157 156
f 372 156 371
f 373 158 157
f 373 157 372
f 374 159 158
f 374 158 373
f 375 160 159
f 375 159 374
f 376 161 160
f 376 160 375
f 377 162 161
f 377 161 376
f 378 163 162
f 378 162 377
f 379 164 163
f 379 163 378
f 380 165 164
f 380 164 379
f 381 166 165
f 381 165 380
f 382 167 166
f 382 166 381
f 383 168 167
f 383 167 382
f 384 168 383
f 384 169 168
f 385 169 384
f 385 170 169
f 386 170 385
f 386 171 170
f 387 171 386
f 387 172 171
f 388 172 387
f 388 173 172
f 389 173 388
f 389 174 173
f 390 174 389
f 390 175 174
f 391 176 175
f 391 175 390
f 392 177 176
f 392 176 391
f 393 178 177
f 393 177 392
f 394 179 178
f 394 178 393
f 395 180 179
f 395 179 394
f 396 181 180
f 396 180 395
f 397 182 181
f 397 181 396
f 398 183 182
f 398 182 397
f 399 184 183
f 399 183 398
f 400 185 184
f 400 184 399
f 401 186 185
f 401 185 400
f 402 187 186
f 402 186 401
f 403 188 187
f 403 187 402
f 404 189 188
f 404 188 403
f 405 190 189
f 405 189 404
f 406 191 190
f 406 190 405
f 407 192 191
f 407 191 406
f 408 193 192
f 408 192 407
f 409 194 193
f 409 193 408
f 410 194 409
f 410 195 194
f 411 195 410
f 411 196 195
f 412 196 411
f 412 197 196
f 413 197 412
f 413 198 197
f 414 198 413
f 414 199 198
f 415 199 414
f 415 200 199
f 416 200 415
f 416 201 200
f 417 201 416
f 417 202 201
f 418 202 417
f 418 203 202
f 419 203 418
f 419 204 203
f 420 204 419
f 420 205 204
f 421 205 420
f 421 206 205
f 422 206 421
f 422 207 206
f 423 207 422
f 423 208 207
f 424 209 208
f 424 208 423
f 425 210 209
f 425 209 424
f 426 211 210
f 426 210 425
f 427 212 211
f 427 211 426
f 428 213 212
f 428 212 427
f 429 214 213
f 429 213 428
f 430 215 214
f 430 214 429
f 431 216 215
f 431 215 430
f 432 217 216
f 432 216 431
f 433 218 217
f 433 217 432
f 434 219 218
f 434 218 433
f 435 219 434
f 435 220 219
f 436 220 435
f 436 221 220
f 437 221 436
f 437 222 221
f 438 222 437
f 438 223 222
f 439 223 438
f 439 224 223
f 440 224 439
f 440 225 224
f 441 225 440
f 441 226 225
f 442 226 441
f 442 227 226
f 443 227 442
f 443 228 227
f 444 228 443
f 444 229 228
f 445 229 444
f 445 230 229
f 446 230 445
f 446 231 230
f 447 231 446
f 447 232 231
f 448 232 447
f 448 233 232
f 449 233 448
f 449 234 233
f 450 234 449
f 450 235 234
f 451 235 450
f 451 236 235
f 452 236 451
f 452 237 236
f 453 237 452
f 453 238 237
f 454 238 453
f 454 239 238
f 455 239 454
f 455 240 239
f 456 240 455
f 456 241 240
f 457 241 456
f 457 242 241
f 458 243 242
f 458 242 457
f 459 244 243
f 459 243 458
f 460 244 459
f 460 245 244
f 461 245 460
f 461 246 245
f 462 246 461
f 462 247 246
f 463 248 247
f 463 247 462
f 464 249 248
f 464 248 463
f 465 250 249
f 465 249 464
f 466 251 250
f 466 250 465
f 467 252 251
f 467 251 466
f 468 253 252
f 468 252 467
f 469 253 468
f 365 254 253
f 365 255 254
f 365 253 469
f 366 365 469
f 364 256 255
f 364 255 365
f 363 257 256
f 363 256 364
f 362 258 257
f 362 257 363
f 361 259 258
f 361 258 362
f 360 260 259
f 360 259 361
f 359 261 260
f 359 260 360
f 358 262 261
f 358 261 359
f 357 263 262
f 357 262 358
f 356 264 263
f 356 263 357
f 355 265 264
f 355 264 356
f 354 266 265
f 354 265 355
f 353 267 266
f 353 266 354
f 352 268 267
f 352 267 353
f 351 269 268
f 351 268 352
f 350 269 351
f 350 270 269
f 349 270 350
f 349 271 270
f 348 271 349
f 348 272 271
f 347 272 348
f 347 273 272
f 346 273 347
f 346 274 273
f 345 274 346
f 345 275 274
f 344 275 345
f 344 276 275
f 343 277 276
f 343 276 344
f 342 278 277
f 342 277 343
f 341 279 278
f 341 278 342
f 340 280 279
f 340 279 341
f 339 281 280
f 339 280 340
f 338 282 281
f 338 281 339
f 337 283 282
f 337 282 338
f 336 284 283
f 336 283 337
f 335 285 284
f 335 284 336
f 334 286 285
f 334 285 335
f 333 287 286
f 333 286 334
f 332 288 287
f 332 287 333
f 331 289 288
f 331 288 332
f 330 290 289
f 330 289 331
f 329 291 290
f 329 290 330
f 328 292 291
f 328 291 329
f 327 293 292
f 327 292 328
f 326 294 293
f 326 293 327
f 325 294 326
f 325 295 294
f 324 295 325
f 324 296 295
f 323 296 324
f 323 297 296
f 322 297 323
f 322 298 297
f 321 298 322
f 321 299 298
f 320 299 321
f 320 300 299
f 319 300 320
f 319 301 300
f 318 301 319
f 318 302 301
f 317 302 318
f 317 303 302
f 316 303 317
f 316 304 303
f 315 304 316
f 315 305 304
f 314 305 315
f 314 306 305
f 313 306 314
f 313 307 306
f 312 307 313
f 312 308 307
f 311 308 312
f 311 309 308
f 310 309 311
f 688 569 687
f 688 567 568
f 688 568 569
f 686 687 569
f 686 569 570
f 689 567 688
f 689 566 567
f 685 570 571
f 685 686 570
f 690 566 689
f 684 571 572
f 684 685 571
f 691 566 690
f 691 564 565
f 691 565 566
f 683 572 573
f 683 684 572
f 692 564 691
f 692 563 564
f 682 573 574
f 682 683 573
f 693 563 692
f 681 574 575
f 681 682 574
f 694 563 693
f 694 561 562
f 694 562 563
f 680 575 576
f 680 681 575
f 695 561 694
f 695 560 561
f 679 576 577
f 679 680 576
f 696 560 695
f 678 577 578
f 678 679 577
f 697 560 696
f 697 558 559
f 697 559 560
f 677 578 579
f 677 678 578
f 698 558 697
f 698 557 558
f 676 579 580
f 676 677 579
f 699 557 698
f 699 556 557
f 675 580 581
f 675 676 580
f 700 556 699
f 674 581 582
f 674 675 581
f 701 556 700
f 701 555 556
f 673 582 583
f 673 674 582
f 702 555 701
f 702 553 554
f 702 554 555
f 672 583 584
f 672 673 583
f 703 553 702
f 671 584 585
f 671 672 584
f 704 552 553
f 704 553 703
f 670 585 586
f 670 671 585
f 705 551 552
f 705 552 704
f 669 586 587
f 669 670 586
f 706 551 705
f 706 550 551
f 668 587 588
f 668 669 587
f 707 550 706
f 707 549 550
f 667 588 589
f 667 668 588
f 708 549 707
f 708 547 548
f 708 548 549
f 666 667 589
f 666 589 590
f 709 547 708
f 665 590 591
f 665 666 590
f 710 547 709
f 710 546 547
f 664 591 592
f 664 665 591
f 711 546 710
f 711 545 546
f 663 592 593
f 663 664 592
f 712 545 711
f 712 544 545
f 662 663 593
f 662 593 594
f 713 544 712
f 713 543 544
f 661 662 594
f 661 594 595
f 714 543 713
f 714 542 543
f 660 595 596
f 660 661 595
f 715 542 714
f 715 540 541
f 715 541 542
f 659 660 596
f 659 596 597
f 716 540 715
f 658 597 598
f 658 659 597
f 717 540 716
f 717 539 540
f 657 598 599
f 657 658 598
f 718 538 539
f 718 539 717
f 656 599 600
f 656 657 599
f 719 538 718
f 719 537 538
f 655 600 601
f 655 656 600
f 720 536 537
f 720 537 719
f 654 601 602
f 654 655 601
f 721 534 535
f 721 535 536
f 721 536 720
f 653 602 603
f 653 654 602
f 722 534 721
f 652 603 604
f 652 653 603
f 723 533 534
f 723 534 722
f 651 652 604
f 651 604 605
f 724 533 723
f 724 532 533
f 650 605 606
f 650 651 605
f 725 532 724
f 725 531 532
f 649 650 606
f 649 606 607
f 726 530 531
f 726 531 725
f 648 649 607
f 648 607 608
f 529 530 726
f 529 726 727
f 647 648 608
f 609 647 608
f 528 529 727
f 528 727 728
f 610 647 609
f 610 645 646
f 610 646 647
f 527 528 728
f 527 728 729
f 611 645 610
f 526 527 729
f 526 729 730
f 612 645 611
f 612 643 644
f 612 644 645
f 525 730 731
f 525 526 730
f 613 642 643
f 613 643 612
f 524 731 732
f 524 525 731
f 614 641 642
f 614 642 613
f 523 732 733
f 523 733 734
f 523 524 732
f 615 641 614
f 522 523 734
f 616 641 615
f 616 639 640
f 616 640 641
f 521 522 734
f 521 734 735
f 617 639 616
f 520 521 735
f 520 735 736
f 618 639 617
f 618 637 638
f 618 638 639
f 519 520 736
f 519 736 737
f 519 737 738
f 619 637 618
f 518 519 738
f 518 738 739
f 620 637 619
f 620 635 636
f 620 636 637
f 517 518 739
f 621 635 620
f 516 517 739
f 516 739 740
f 622 634 635
f 622 635 621
f 515 740 741
f 515 516 740
f 623 634 622
f 623 633 634
f 514 741 742
f 514 515 741
f 624 632 633
f 624 633 623
f 513 514 742
f 513 742 743
f 625 632 624
f 625 630 631
f 625 631 632
f 512 513 743
f 512 743 744
f 512 744 745
f 626 630 625
f 511 512 745
f 627 630 626
f 627 628 629
f 627 629 630
f 510 511 745
f 510 745 746
f 470 785 628
f 470 628 627
f 509 510 746
f 509 746 747
f 471 785 470
f 508 509 747
f 508 747 748
f 472 783 784
f 472 784 785
f 472 785 471
f 507 748 749
f 507 508 748
f 473 782 783
f 473 783 472
f 506 749 750
f 506 507 749
f 474 782 473
f 505 750 751
f 505 506 750
f 475 781 782
f 475 782 474
f 504 505 751
f 504 751 752
f 476 780 781
f 476 781 475
f 503 504 752
f 503 752 753
f 477 779 780
f 477 780 476
f 502 753 754
f 502 503 753
f 478 777 778
f 478 778 779
f 478 779 477
f 501 502 754
f 501 754 755
f 479 776 777
f 479 777 478
f 500 755 756
f 500 756 757
f 500 501 755
f 480 776 479
f 499 500 757
f 481 775 776
f 481 776 480
f 498 757 758
f 498 499 757
f 482 773 774
f 482 774 775
f 482 775 481
f 497 498 758
f 497 758 759
f 483 772 773
f 483 773 482
f 496 497 759
f 496 759 760
f 484 772 483
f 484 771 772
f 495 496 760
f 495 760 761
f 485 771 484
f 485 770 771
f 494 495 761
f 494 761 762
f 486 770 485
f 486 769 770
f 493 762 763
f 493 494 762
f 487 769 486
f 492 493 763
f 492 763 764
f 488 769 487
f 488 768 769
f 491 492 764
f 491 764 765
f 489 768 488
f 489 767 768
f 490 491 765
f 490 767 489
f 490 765 766
f 490 766 767
f 786 945 1103
f 787 1103 1102
f 787 786 1103
f 788 1102 1101
f 788 787 1102
f 789 1101 1100
f 789 788 1101
f 790 1100 1099
f 790 789 1100
f 791 1099 1098
f 791 790 1099
f 792 1098 1097
f 792 791 1098
f 793 1097 1096
f 793 792 1097
f 794 1096 1095
f 794 793 1096
f 795 1095 1094
f 795 794 1095
f 796 1094 1093
f 796 795 1094
f 797 1093 1092
f 797 796 1093
f 798 1092 1091
f 798 797 1092
f 799 1091 1090
f 799 798 1091
f 800 1090 1089
f 800 799 1090
f 801 800 1089
f 801 1089 1088
f 802 801 1088
f 802 1088 1087
f 803 802 1087
f 803 1087 1086
f 804 803 1086
f 804 1086 1085
f 805 1085 1084
f 805 804 1085
f 806 805 1084
f 806 1084 1083
f 807 806 1083
f 807 1083 1082
f 808 807 1082
f 808 1082 1081
f 809 808 1081
f 809 1081 1080
f 810 809 1080
f 810 1080 1079
f 811 810 1079
f 811 1079 1078
f 812 811 1078
f 812 1078 1077
f 813 812 1077
f 813 1077 1076
f 814 813 1076
f 814 1076 1075
f 815 814 1075
f 815 1075 1074
f 816 815 1074
f 816 1074 1073
f 817 816 1073
f 817 1073 1072
f 818 817 1072
f 818 1072 1071
f 819 818 1071
f 819 1071 1070
f 820 819 1070
f 820 1070 1069
f 821 820 1069
f 821 1069 1068
f 822 821 1068
f 822 1068 1067
f 823 822 1067
f 823 1067 1066
f 824 823 1066
f 824 1066 1065
f 825 1065 1064
f 825 824 1065
f 826 1064 1063
f 826 825 1064
f 827 1063 1062
f 827 826 1063
f 828 827 1062
f 829 1061 1060
f 829 1062 1061
f 829 828 1062
f 830 1060 1059
f 830 829 1060
f 831 1059 1058
f 831 830 1059
f 832 831 1058
f 833 832 1058
f 833 1058 1057
f 834 833 1057
f 834 1056 1055
f 834 1057 1056
f 835 834 1055
f 835 1055 1054
f 836 835 1054
f 836 1054 1053
f 837 836 1053
f 837 1053 1052
f 838 837 1052
f 839 838 1052
f 839 1051 1050
f 839 1052 1051
f 840 839 1050
f 840 1050 1049
f 841 840 1049
f 841 1049 1048
f 842 841 1048
f 843 842 1048
f 843 1047 1046
f 843 1048 1047
f 844 843 1046
f 844 1046 1045
f 845 1045 1044
f 845 844 1045
f 846 1044 1043
f 846 845 1044
f 847 1043 1042
f 847 846 1043
f 848 847 1042
f 849 1041 1040
f 849 1042 1041
f 849 848 1042
f 850 849 1040
f 851 1040 1039
f 851 850 1040
f 852 1039 1038
f 852 851 1039
f 853 1037 1036
f 853 1038 1037
f 853 852 1038
f 854 1036 1035
f 854 853 1036
f 855 854 1035
f 856 1035 1034
f 856 855 1035
f 857 856 1034
f 857 1034 1033
f 858 857 1033
f 858 1032 1031
f 858 1033 1032
f 859 858 1031
f 860 859 1031
f 860 1030 1029
f 860 1031 1030
f 861 860 1029
f 861 1029 1028
f 862 861 1028
f 863 862 1028
f 863 1027 1026
f 863 1028 1027
f 864 863 1026
f 865 864 1026
f 865 1025 1024
f 865 1026 1025
f 866 1024 1023
f 866 865 1024
f 867 866 1023
f 868 1023 1022
f 868 867 1023
f 869 1022 1021
f 869 868 1022
f 870 1020 1019
f 870 1021 1020
f 870 869 1021
f 871 870 1019
f 872 1019 1018
f 872 871 1019
f 873 1017 1016
f 873 1018 1017
f 873 872 1018
f 874 873 1016
f 875 1016 1015
f 875 874 1016
f 876 1015 1014
f 876 875 1015
f 877 1013 1012
f 877 1014 1013
f 877 876 1014
f 878 877 1012
f 879 1012 1011
f 879 878 1012
f 880 1011 1010
f 880 879 1011
f 881 1010 1009
f 881 880 1010
f 882 881 1009
f 882 1008 1007
f 882 1009 1008
f 883 882 1007
f 884 883 1007
f 884 1007 1006
f 885 884 1006
f 885 1006 1005
f 886 1005 1004
f 886 885 1005
f 887 1004 1003
f 887 886 1004
f 888 887 1003
f 888 1002 1001
f 888 1003 1002
f 889 888 1001
f 890 1000 999
f 890 1001 1000
f 890 889 1001
f 891 890 999
f 892 999 998
f 892 891 999
f 893 998 997
f 893 892 998
f 894 997 996
f 894 893 997
f 895 995 994
f 895 996 995
f 895 894 996
f 896 895 994
f 897 994 993
f 897 896 994
f 898 993 992
f 898 897 993
f 899 991 990
f 899 992 991
f 899 898 992
f 900 990 989
f 900 899 990
f 901 900 989
f 902 989 988
f 902 901 989
f 903 902 988
f 903 988 987
f 904 903 987
f 904 986 985
f 904 987 986
f 905 904 985
f 906 984 983
f 906 985 984
f 906 905 985
f 907 906 983
f 908 907 983
f 908 982 981
f 908 983 982
f 909 908 981
f 910 909 981
f 910 980 979
f 910 981 980
f 911 910 979
f 911 979 978
f 912 911 978
f 913 912 978
f 913 977 976
f 913 978 977
f 914 913 976
f 915 914 976
f 915 975 974
f 915 976 975
f 916 915 974
f 917 916 974
f 917 974 973
f 918 917 973
f 918 973 972
f 919 918 972
f 919 972 971
f 920 919 971
f 920 971 970
f 921 920 970
f 921 970 969
f 922 921 969
f 922 968 967
f 922 969 968
f 923 922 967
f 924 923 967
f 924 967 966
f 925 924 966
f 925 965 964
f 925 966 965
f 926 925 964
f 927 963 962
f 927 964 963
f 927 926 964
f 928 927 962
f 929 962 961
f 929 928 962
f 930 961 960
f 930 929 961
f 931 959 958
f 931 960 959
f 931 930 960
f 932 931 958
f 933 932 958
f 933 958 957
f 934 933 957
f 934 956 955
f 934 957 956
f 935 934 955
f 936 935 955
f 936 954 953
f 936 955 954
f 937 936 953
f 938 937 953
f 938 952 951
f 938 953 952
f 939 938 951
f 940 939 951
f 940 951 950
f 941 940 950
f 941 950 949
f 942 941 949
f 942 949 948
f 943 942 948
f 943 948 947
f 944 943 947
f 944 947 946
f 1269 1273 1268
f 1111 1272 1110
f 1105 1104 1429
f 1109 1108 1267
f 1430 1273 1269
f 1430 1274 1273
f 1430 1275 1274
f 1431 1275 1430
f 1431 1276 1275
f 1431 1277 1276
f 1432 1277 1431
f 1432 1278 1277
f 1432 1279 1278
f 1433 1430 1269
f 1433 1269 1270
f 1434 1279 1432
f 1434 1280 1279
f 1434 1281 1280
f 1435 1430 1433
f 1435 1431 1430
f 1436 1281 1434
f 1436 1282 1281
f 1436 1283 1282
f 1437 1432 1431
f 1437 1431 1435
f 1438 1433 1270
f 1438 1270 1271
f 1439 1284 1283
f 1439 1285 1284
f 1439 1283 1436
f 1440 1434 1432
f 1440 1432 1437
f 1441 1435 1433
f 1441 1433 1438
f 1442 1285 1439
f 1442 1286 1285
f 1442 1287 1286
f 1443 1434 1440
f 1443 1436 1434
f 1444 1435 1441
f 1444 1437 1435
f 1445 1111 1112
f 1445 1112 1113
f 1445 1438 1271
f 1445 1271 1272
f 1445 1272 1111
f 1446 1287 1442
f 1446 1288 1287
f 1446 1289 1288
f 1447 1442 1439
f 1447 1436 1443
f 1447 1439 1436
f 1448 1440 1437
f 1448 1437 1444
f 1449 1113 1114
f 1449 1114 1115
f 1449 1445 1113
f 1449 1438 1445
f 1449 1441 1438
f 1450 1290 1289
f 1450 1291 1290
f 1450 1289 1446
f 1451 1442 1447
f 1452 1440 1448
f 1452 1443 1440
f 1453 1115 1116
f 1453 1116 1117
f 1453 1449 1115
f 1453 1441 1449
f 1453 1444 1441
f 1454 1291 1450
f 1454 1292 1291
f 1454 1293 1292
f 1455 1446 1442
f 1455 1442 1451
f 1456 1447 1443
f 1456 1443 1452
f 1457 1117 1118
f 1457 1118 1119
f 1457 1448 1444
f 1457 1444 1453
f 1457 1453 1117
f 1458 1293 1454
f 1458 1294 1293
f 1458 1295 1294
f 1459 1450 1446
f 1459 1454 1450
f 1459 1446 1455
f 1460 1447 1456
f 1460 1451 1447
f 1461 1119 1120
f 1461 1120 1121
f 1461 1452 1448
f 1461 1448 1457
f 1461 1457 1119
f 1462 1295 1458
f 1462 1296 1295
f 1462 1297 1296
f 1463 1454 1459
f 1463 1458 1454
f 1464 1451 1460
f 1464 1455 1451
f 1465 1461 1121
f 1465 1456 1452
f 1465 1121 1122
f 1465 1122 1123
f 1465 1452 1461
f 1466 1298 1297
f 1466 1297 1462
f 1466 1299 1298
f 1467 1458 1463
f 1468 1459 1455
f 1468 1455 1464
f 1468 1463 1459
f 1469 1123 1124
f 1469 1124 1125
f 1469 1465 1123
f 1469 1460 1456
f 1469 1456 1465
f 1470 1299 1466
f 1470 1300 1299
f 1470 1301 1300
f 1471 1458 1467
f 1471 1462 1458
f 1472 1463 1468
f 1473 1125 1126
f 1473 1126 1127
f 1473 1460 1469
f 1473 1464 1460
f 1473 1469 1125
f 1474 1301 1470
f 1474 1302 1301
f 1474 1303 1302
f 1475 1462 1471
f 1475 1466 1462
f 1476 1463 1472
f 1476 1467 1463
f 1477 1127 1128
f 1477 1464 1473
f 1477 1128 1129
f 1477 1473 1127
f 1477 1468 1464
f 1478 1303 1474
f 1478 1304 1303
f 1478 1305 1304
f 1479 1466 1475
f 1479 1474 1470
f 1479 1470 1466
f 1480 1467 1476
f 1480 1471 1467
f 1481 1129 1130
f 1481 1130 1131
f 1481 1468 1477
f 1481 1477 1129
f 1481 1472 1468
f 1482 1306 1305
f 1482 1307 1306
f 1482 1305 1478
f 1483 1478 1474
f 1483 1474 1479
f 1484 1475 1471
f 1484 1479 1475
f 1484 1471 1480
f 1485 1481 1131
f 1485 1131 1132
f 1485 1132 1133
f 1485 1472 1481
f 1485 1476 1472
f 1486 1308 1307
f 1486 1309 1308
f 1486 1307 1482
f 1487 1478 1483
f 1488 1479 1484
f 1489 1476 1485
f 1489 1485 1133
f 1489 1133 1134
f 1489 1134 1135
f 1489 1480 1476
f 1490 1310 1309
f 1490 1311 1310
f 1490 1309 1486
f 1491 1478 1487
f 1491 1482 1478
f 1492 1479 1488
f 1492 1483 1479
f 1493 1135 1136
f 1493 1136 1137
f 1493 1480 1489
f 1493 1488 1484
f 1493 1484 1480
f 1493 1489 1135
f 1494 1312 1311
f 1494 1313 1312
f 1494 1311 1490
f 1495 1482 1491
f 1495 1486 1482
f 1496 1487 1483
f 1496 1483 1492
f 1497 1137 1138
f 1497 1138 1139
f 1497 1488 1493
f 1497 1493 1137
f 1498 1314 1313
f 1498 1315 1314
f 1498 1313 1494
f 1499 1486 1495
f 1499 1490 1486
f 1500 1487 1496
f 1500 1491 1487
f 1501 1139 1140
f 1501 1140 1141
f 1501 1497 1139
f 1501 1488 1497
f 1501 1492 1488
f 1502 1316 1315
f 1502 1317 1316
f 1502 1315 1498
f 1503 1494 1490
f 1503 1490 1499
f 1504 1491 1500
f 1504 1495 1491
f 1505 1501 1141
f 1505 1141 1142
f 1505 1142 1143
f 1505 1492 1501
f 1505 1496 1492
f 1506 1317 1502
f 1506 1318 1317
f 1506 1319 1318
f 1507 1498 1494
f 1507 1494 1503
f 1508 1499 1495
f 1508 1503 1499
f 1508 1495 1504
f 1509 1505 1143
f 1509 1143 1144
f 1509 1144 1145
f 1509 1504 1500
f 1509 1500 1496
f 1509 1496 1505
f 1510 1320 1319
f 1510 1321 1320
f 1510 1319 1506
f 1511 1502 1498
f 1511 1498 1507
f 1512 1503 1508
f 1513 1509 1145
f 1513 1145 1146
f 1513 1146 1147
f 1513 1504 1509
f 1514 1321 1510
f 1514 1322 1321
f 1514 1323 1322
f 1515 1510 1506
f 1515 1506 1502
f 1515 1502 1511
f 1516 1503 1512
f 1516 1507 1503
f 1517 1512 1508
f 1517 1513 1147
f 1517 1147 1148
f 1517 1508 1504
f 1517 1148 1149
f 1517 1504 1513
f 1518 1324 1323
f 1518 1325 1324
f 1518 1323 1514
f 1519 1510 1515
f 1520 1511 1507
f 1520 1507 1516
f 1521 1512 1517
f 1521 1517 1149
f 1521 1149 1150
f 1521 1150 1151
f 1522 1326 1325
f 1522 1327 1326
f 1522 1325 1518
f 1523 1510 1519
f 1523 1514 1510
f 1524 1511 1520
f 1524 1515 1511
f 1525 1516 1512
f 1525 1151 1152
f 1525 1152 1153
f 1525 1512 1521
f 1525 1521 1151
f 1526 1328 1327
f 1526 1329 1328
f 1526 1327 1522
f 1527 1518 1514
f 1527 1514 1523
f 1528 1515 1524
f 1528 1519 1515
f 1529 1525 1153
f 1529 1153 1154
f 1529 1154 1155
f 1529 1516 1525
f 1529 1520 1516
f 1530 1330 1329
f 1530 1329 1526
f 1530 1331 1330
f 1531 1522 1518
f 1531 1518 1527
f 1532 1519 1528
f 1532 1523 1519
f 1533 1528 1524
f 1533 1520 1529
f 1533 1524 1520
f 1533 1529 1155
f 1533 1155 1156
f 1533 1156 1157
f 1534 1332 1331
f 1534 1333 1332
f 1534 1331 1530
f 1535 1526 1522
f 1535 1522 1531
f 1536 1523 1532
f 1536 1527 1523
f 1537 1528 1533
f 1537 1533 1157
f 1537 1157 1158
f 1537 1158 1159
f 1538 1334 1333
f 1538 1335 1334
f 1538 1333 1534
f 1539 1526 1535
f 1539 1530 1526
f 1540 1527 1536
f 1540 1531 1527
f 1540 1535 1531
f 1541 1532 1528
f 1541 1537 1159
f 1541 1159 1160
f 1541 1160 1161
f 1541 1528 1537
f 1542 1335 1538
f 1542 1336 1335
f 1542 1337 1336
f 1543 1534 1530
f 1543 1530 1539
f 1544 1535 1540
f 1545 1532 1541
f 1545 1536 1532
f 1545 1161 1162
f 1545 1162 1163
f 1545 1541 1161
f 1546 1338 1337
f 1546 1339 1338
f 1546 1337 1542
f 1547 1538 1534
f 1547 1534 1543
f 1548 1539 1535
f 1548 1535 1544
f 1549 1540 1536
f 1549 1544 1540
f 1549 1163 1164
f 1549 1164 1165
f 1549 1536 1545
f 1549 1545 1163
f 1550 1340 1339
f 1550 1341 1340
f 1550 1339 1546
f 1551 1538 1547
f 1551 1542 1538
f 1552 1547 1543
f 1552 1543 1539
f 1552 1539 1548
f 1553 1549 1165
f 1553 1165 1166
f 1553 1166 1167
f 1553 1544 1549
f 1554 1342 1341
f 1554 1343 1342
f 1554 1341 1550
f 1555 1546 1542
f 1555 1542 1551
f 1556 1547 1552
f 1557 1544 1553
f 1557 1553 1167
f 1557 1167 1168
f 1557 1168 1169
f 1557 1548 1544
f 1558 1344 1343
f 1558 1345 1344
f 1558 1343 1554
f 1559 1550 1546
f 1559 1546 1555
f 1560 1547 1556
f 1560 1551 1547
f 1561 1557 1169
f 1561 1556 1552
f 1561 1548 1557
f 1561 1169 1170
f 1561 1170 1171
f 1561 1552 1548
f 1562 1346 1345
f 1562 1347 1346
f 1562 1345 1558
f 1563 1550 1559
f 1563 1554 1550
f 1564 1555 1551
f 1564 1551 1560
f 1564 1559 1555
f 1565 1556 1561
f 1565 1561 1171
f 1565 1171 1172
f 1565 1172 1173
f 1566 1348 1347
f 1566 1349 1348
f 1566 1347 1562
f 1567 1558 1554
f 1567 1554 1563
f 1568 1559 1564
f 1569 1560 1556
f 1569 1565 1173
f 1569 1556 1565
f 1569 1173 1174
f 1569 1174 1175
f 1570 1350 1349
f 1570 1351 1350
f 1570 1349 1566
f 1571 1558 1567
f 1571 1566 1562
f 1571 1562 1558
f 1572 1559 1568
f 1572 1563 1559
f 1573 1564 1560
f 1573 1560 1569
f 1573 1569 1175
f 1573 1175 1176
f 1573 1176 1177
f 1573 1568 1564
f 1574 1351 1570
f 1574 1352 1351
f 1574 1353 1352
f 1575 1566 1571
f 1576 1567 1563
f 1576 1563 1572
f 1577 1573 1177
f 1577 1568 1573
f 1577 1177 1178
f 1577 1178 1179
f 1577 1572 1568
f 1578 1353 1574
f 1578 1354 1353
f 1578 1355 1354
f 1579 1570 1566
f 1579 1574 1570
f 1579 1566 1575
f 1580 1571 1567
f 1580 1567 1576
f 1581 1179 1180
f 1581 1180 1181
f 1581 1572 1577
f 1581 1577 1179
f 1582 1355 1578
f 1582 1356 1355
f 1582 1357 1356
f 1583 1574 1579
f 1584 1575 1571
f 1584 1571 1580
f 1585 1576 1572
f 1585 1181 1182
f 1585 1581 1181
f 1585 1182 1183
f 1585 1572 1581
f 1586 1357 1582
f 1586 1358 1357
f 1586 1359 1358
f 1587 1578 1574
f 1587 1574 1583
f 1588 1575 1584
f 1588 1579 1575
f 1589 1183 1184
f 1589 1580 1576
f 1589 1184 1185
f 1589 1585 1183
f 1589 1576 1585
f 1590 1360 1359
f 1590 1361 1360
f 1590 1359 1586
f 1591 1586 1582
f 1591 1578 1587
f 1591 1582 1578
f 1592 1579 1588
f 1592 1583 1579
f 1593 1580 1589
f 1593 1589 1185
f 1593 1185 1186
f 1593 1186 1187
f 1593 1584 1580
f 1593 1588 1584
f 1594 1362 1361
f 1594 1363 1362
f 1594 1361 1590
f 1595 1586 1591
f 1595 1590 1586
f 1596 1587 1583
f 1596 1583 1592
f 1597 1593 1187
f 1597 1592 1588
f 1597 1588 1593
f 1597 1187 1188
f 1597 1188 1189
f 1598 1363 1594
f 1598 1364 1363
f 1598 1365 1364
f 1599 1590 1595
f 1600 1591 1587
f 1600 1587 1596
f 1601 1597 1189
f 1601 1592 1597
f 1601 1189 1190
f 1601 1190 1191
f 1602 1365 1598
f 1602 1366 1365
f 1602 1367 1366
f 1603 1590 1599
f 1603 1594 1590
f 1604 1591 1600
f 1604 1595 1591
f 1605 1596 1592
f 1605 1592 1601
f 1605 1601 1191
f 1605 1191 1192
f 1605 1192 1193
f 1605 1600 1596
f 1606 1368 1367
f 1606 1369 1368
f 1606 1367 1602
f 1607 1598 1594
f 1607 1594 1603
f 1608 1595 1604
f 1608 1599 1595
f 1609 1600 1605
f 1609 1605 1193
f 1609 1193 1194
f 1609 1194 1195
f 1610 1369 1606
f 1610 1370 1369
f 1610 1371 1370
f 1611 1602 1598
f 1611 1598 1607
f 1612 1603 1599
f 1612 1599 1608
f 1613 1600 1609
f 1613 1604 1600
f 1613 1608 1604
f 1613 1609 1195
f 1613 1195 1196
f 1613 1196 1197
f 1614 1372 1371
f 1614 1373 1372
f 1614 1371 1610
f 1615 1602 1611
f 1615 1606 1602
f 1615 1610 1606
f 1616 1607 1603
f 1616 1603 1612
f 1617 1608 1613
f 1617 1613 1197
f 1617 1197 1198
f 1617 1198 1199
f 1618 1374 1373
f 1618 1375 1374
f 1618 1373 1614
f 1619 1610 1615
f 1620 1607 1616
f 1620 1611 1607
f 1621 1612 1608
f 1621 1617 1199
f 1621 1608 1617
f 1621 1199 1200
f 1621 1200 1201
f 1622 1376 1375
f 1622 1377 1376
f 1622 1375 1618
f 1623 1610 1619
f 1623 1614 1610
f 1624 1619 1615
f 1624 1611 1620
f 1624 1615 1611
f 1625 1621 1201
f 1625 1612 1621
f 1625 1620 1616
f 1625 1616 1612
f 1625 1201 1202
f 1625 1202 1203
f 1626 1378 1377
f 1626 1379 1378
f 1626 1377 1622
f 1627 1618 1614
f 1627 1614 1623
f 1627 1622 1618
f 1628 1619 1624
f 1629 1625 1203
f 1629 1620 1625
f 1629 1203 1204
f 1629 1204 1205
f 1630 1379 1626
f 1630 1380 1379
f 1630 1381 1380
f 1631 1626 1622
f 1631 1622 1627
f 1632 1619 1628
f 1632 1623 1619
f 1633 1629 1205
f 1633 1205 1206
f 1633 1206 1207
f 1633 1620 1629
f 1633 1624 1620
f 1634 1381 1630
f 1634 1382 1381
f 1634 1383 1382
f 1635 1626 1631
f 1636 1623 1632
f 1636 1627 1623
f 1637 1207 1208
f 1637 1208 1209
f 1637 1633 1207
f 1637 1628 1624
f 1637 1624 1633
f 1638 1383 1634
f 1638 1384 1383
f 1638 1385 1384
f 1639 1630 1626
f 1639 1634 1630
f 1639 1626 1635
f 1640 1631 1627
f 1640 1627 1636
f 1641 1209 1210
f 1641 1210 1211
f 1641 1632 1628
f 1641 1637 1209
f 1641 1628 1637
f 1642 1385 1638
f 1642 1386 1385
f 1642 1387 1386
f 1643 1634 1639
f 1644 1631 1640
f 1644 1635 1631
f 1645 1211 1212
f 1645 1212 1213
f 1645 1641 1211
f 1645 1640 1636
f 1645 1632 1641
f 1645 1636 1632
f 1646 1387 1642
f 1646 1388 1387
f 1646 1389 1388
f 1647 1638 1634
f 1647 1634 1643
f 1648 1639 1635
f 1648 1635 1644
f 1649 1213 1214
f 1649 1214 1215
f 1649 1640 1645
f 1649 1645 1213
f 1650 1389 1646
f 1650 1390 1389
f 1650 1391 1390
f 1651 1642 1638
f 1651 1638 1647
f 1652 1643 1639
f 1652 1639 1648
f 1653 1215 1216
f 1653 1216 1217
f 1653 1644 1640
f 1653 1649 1215
f 1653 1640 1649
f 1653 1648 1644
f 1654 1391 1650
f 1654 1392 1391
f 1654 1393 1392
f 1655 1646 1642
f 1655 1642 1651
f 1655 1650 1646
f 1656 1643 1652
f 1656 1647 1643
f 1657 1652 1648
f 1657 1217 1218
f 1657 1218 1219
f 1657 1653 1217
f 1657 1648 1653
f 1658 1393 1654
f 1658 1394 1393
f 1658 1395 1394
f 1659 1650 1655
f 1659 1654 1650
f 1660 1651 1647
f 1660 1655 1651
f 1660 1647 1656
f 1661 1219 1220
f 1661 1220 1221
f 1661 1652 1657
f 1661 1657 1219
f 1662 1395 1658
f 1662 1396 1395
f 1662 1397 1396
f 1663 1654 1659
f 1664 1655 1660
f 1665 1221 1222
f 1665 1222 1223
f 1665 1660 1656
f 1665 1652 1661
f 1665 1661 1221
f 1665 1656 1652
f 1666 1397 1662
f 1666 1398 1397
f 1666 1399 1398
f 1667 1658 1654
f 1667 1654 1663
f 1667 1662 1658
f 1668 1659 1655
f 1668 1655 1664
f 1669 1660 1665
f 1669 1223 1224
f 1669 1224 1225
f 1669 1664 1660
f 1669 1665 1223
f 1670 1399 1666
f 1670 1400 1399
f 1670 1401 1400
f 1671 1666 1662
f 1671 1662 1667
f 1672 1659 1668
f 1672 1663 1659
f 1673 1225 1226
f 1673 1226 1227
f 1673 1664 1669
f 1673 1669 1225
f 1674 1401 1670
f 1674 1402 1401
f 1674 1403 1402
f 1675 1666 1671
f 1676 1667 1663
f 1676 1663 1672
f 1677 1227 1228
f 1677 1228 1229
f 1677 1673 1227
f 1677 1668 1664
f 1677 1672 1668
f 1677 1664 1673
f 1678 1403 1674
f 1678 1404 1403
f 1678 1405 1404
f 1679 1670 1666
f 1679 1666 1675
f 1679 1674 1670
f 1680 1671 1667
f 1680 1667 1676
f 1681 1229 1230
f 1681 1230 1231
f 1681 1677 1229
f 1681 1676 1672
f 1681 1672 1677
f 1682 1407 1406
f 1682 1405 1678
f 1682 1406 1405
f 1683 1674 1679
f 1684 1671 1680
f 1684 1675 1671
f 1685 1231 1232
f 1685 1232 1233
f 1685 1681 1231
f 1685 1676 1681
f 1686 1408 1407
f 1686 1409 1408
f 1686 1407 1682
f 1687 1678 1674
f 1687 1674 1683
f 1687 1682 1678
f 1688 1679 1675
f 1688 1675 1684
f 1689 1676 1685
f 1689 1233 1234
f 1689 1234 1235
f 1689 1685 1233
f 1689 1680 1676
f 1690 1410 1409
f 1690 1411 1410
f 1690 1409 1686
f 1691 1682 1687
f 1692 1679 1688
f 1692 1683 1679
f 1693 1680 1689
f 1693 1235 1236
f 1693 1236 1237
f 1693 1684 1680
f 1693 1689 1235
f 1694 1412 1411
f 1694 1411 1690
f 1694 1413 1412
f 1695 1686 1682
f 1695 1682 1691
f 1696 1683 1692
f 1696 1687 1683
f 1697 1688 1684
f 1697 1684 1693
f 1697 1693 1237
f 1697 1692 1688
f 1697 1237 1238
f 1697 1238 1239
f 1698 1414 1413
f 1698 1415 1414
f 1698 1413 1694
f 1699 1686 1695
f 1699 1690 1686
f 1700 1691 1687
f 1700 1687 1696
f 1701 1239 1240
f 1701 1240 1241
f 1701 1697 1239
f 1701 1692 1697
f 1702 1416 1415
f 1702 1417 1416
f 1702 1415 1698
f 1703 1694 1690
f 1703 1690 1699
f 1704 1695 1691
f 1704 1691 1700
f 1705 1701 1241
f 1705 1241 1242
f 1705 1242 1243
f 1705 1692 1701
f 1705 1696 1692
f 1706 1418 1417
f 1706 1419 1418
f 1706 1417 1702
f 1707 1694 1703
f 1707 1698 1694
f 1708 1703 1699
f 1708 1695 1704
f 1708 1699 1695
f 1709 1705 1243
f 1709 1243 1244
f 1709 1244 1245
f 1709 1696 1705
f 1709 1700 1696
f 1710 1420 1419
f 1710 1421 1420
f 1710 1419 1706
f 1711 1702 1698
f 1711 1698 1707
f 1712 1703 1708
f 1713 1245 1246
f 1713 1246 1247
f 1713 1704 1700
f 1713 1700 1709
f 1713 1709 1245
f 1714 1422 1421
f 1714 1423 1422
f 1714 1421 1710
f 1715 1702 1711
f 1715 1706 1702
f 1716 1707 1703
f 1716 1703 1712
f 1717 1704 1713
f 1717 1247 1248
f 1717 1248 1249
f 1717 1708 1704
f 1717 1713 1247
f 1717 1712 1708
f 1718 1424 1423
f 1718 1425 1424
f 1718 1423 1714
f 1719 1710 1706
f 1719 1706 1715
f 1720 1715 1711
f 1720 1711 1707
f 1720 1707 1716
f 1721 1717 1249
f 1721 1249 1250
f 1721 1250 1251
f 1721 1712 1717
f 1722 1426 1425
f 1722 1427 1426
f 1722 1425 1718
f 1723 1710 1719
f 1723 1714 1710
f 1724 1715 1720
f 1725 1712 1721
f 1725 1251 1252
f 1725 1252 1253
f 1725 1721 1251
f 1725 1716 1712
f 1726 1106 1105
f 1726 1427 1722
f 1726 1428 1427
f 1726 1429 1428
f 1726 1105 1429
f 1727 1718 1714
f 1727 1714 1723
f 1728 1719 1715
f 1728 1715 1724
f 1729 1720 1716
f 1729 1724 1720
f 1729 1725 1253
f 1729 1253 1254
f 1729 1254 1255
f 1729 1716 1725
f 1730 1722 1718
f 1730 1718 1727
f 1731 1719 1728
f 1731 1727 1723
f 1731 1723 1719
f 1732 1724 1729
f 1732 1729 1255
f 1732 1255 1256
f 1732 1256 1257
f 1733 1107 1106
f 1733 1106 1726
f 1733 1726 1722
f 1733 1722 1730
f 1734 1727 1731
f 1735 1728 1724
f 1735 1257 1258
f 1735 1258 1259
f 1735 1732 1257
f 1735 1724 1732
f 1736 1730 1727
f 1736 1727 1734
f 1737 1728 1735
f 1737 1734 1731
f 1737 1259 1260
f 1737 1260 1261
f 1737 1735 1259
f 1737 1731 1728
f 1738 1107 1733
f 1738 1733 1730
f 1738 1730 1736
f 1739 1734 1737
f 1739 1737 1261
f 1739 1261 1262
f 1739 1262 1263
f 1740 1734 1739
f 1740 1736 1734
f 1740 1263 1264
f 1740 1264 1265
f 1740 1739 1263
f 1741 1108 1107
f 1741 1736 1740
f 1741 1107 1738
f 1741 1738 1736
f 1741 1265 1266
f 1741 1266 1267
f 1741 1740 1265
f 1741 1267 1108
f 1743 1815 1742
f 1743 1816 1815
f 1744 1816 1743
f 1744 1817 1816
f 1745 1817 1744
f 1745 1818 1817
f 1746 1818 1745
f 1746 1819 1818
f 1747 1819 1746
f 1747 1820 1819
f 1748 1820 1747
f 1748 1821 1820
f 1749 1822 1821
f 1749 1821 1748
f 1750 1823 1822
f 1750 1822 1749
f 1751 1824 1823
f 1751 1823 1750
f 1752 1825 1824
f 1752 1824 1751
f 1753 1826 1825
f 1753 1825 1752
f 1754 1827 1826
f 1754 1826 1753
f 1755 1827 1754
f 1755 1828 1827
f 1756 1828 1755
f 1756 1829 1828
f 1757 1829 1756
f 1757 1830 1829
f 1758 1830 1757
f 1758 1831 1830
f 1759 1831 1758
f 1759 1832 1831
f 1760 1832 1759
f 1760 1833 1832
f 1761 1833 1760
f 1761 1834 1833
f 1762 1834 1761
f 1762 1835 1834
f 1763 1835 1762
f 1763 1836 1835
f 1764 1836 1763
f 1764 1837 1836
f 1765 1837 1764
f 1765 1838 1837
f 1766 1838 1765
f 1766 1839 1838
f 1767 1839 1766
f 1767 1840 1839
f 1768 1840 1767
f 1768 1841 1840
f 1769 1841 1768
f 1769 1842 1841
f 1770 1843 1842
f 1770 1842 1769
f 1771 1844 1843
f 1771 1843 1770
f 1772 1845 1844
f 1772 1844 1771
f 1773 1846 1845
f 1773 1845 1772
f 1774 1847 1846
f 1774 1846 1773
f 1775 1848 1847
f 1775 1847 1774
f 1776 1849 1848
f 1776 1848 1775
f 1777 1850 1849
f 1777 1849 1776
f 1778 1851 1850
f 1778 1850 1777
f 1779 1852 1851
f 1779 1851 1778
f 1780 1852 1779
f 1780 1853 1852
f 1781 1853 1780
f 1781 1854 1853
f 1782 1854 1781
f 1782 1855 1854
f 1783 1856 1855
f 1783 1855 1782
f 1784 1857 1856
f 1784 1856 1783
f 1785 1858 1857
f 1785 1857 1784
f 1786 1859 1858
f 1786 1858 1785
f 1787 1860 1859
f 1787 1859 1786
f 1788 1861 1860
f 1788 1860 1787
f 1789 1862 1861
f 1789 1861 1788
f 1790 1863 1862
f 1790 1862 1789
f 1791 1864 1863
f 1791 1863 1790
f 1792 1865 1864
f 1792 1864 1791
f 1793 1866 1865
f 1793 1865 1792
f 1794 1867 1866
f 1794 1866 1793
f 1795 1868 1867
f 1795 1867 1794
f 1796 1869 1868
f 1796 1868 1795
f 1797 1870 1869
f 1797 1869 1796
f 1798 1871 1870
f 1798 1870 1797
f 1799 1872 1871
f 1799 1871 1798
f 1800 1873 1872
f 1800 1872 1799
f 1801 1874 1873
f 1801 1873 1800
f 1802 1875 1874
f 1802 1874 1801
f 1803 1876 1875
f 1803 1875 1802
f 1804 1877 1876
f 1804 1876 1803
f 1805 1878 1877
f 1805 1877 1804
f 1806 1878 1805
f 1806 1879 1878
f 1807 1879 1806
f 1807 1880 1879
f 1808 1880 1807
f 1808 1881 1880
f 1809 1881 1808
f 1809 1882 1881
f 1810 1882 1809
f 1810 1883 1882
f 1811 1883 1810
f 1811 1884 1883
f 1812 1884 1811
f 1812 1885 1884
f 1813 1885 1812
f 1813 1886 1885
f 1814 1886 1813
f 1814 1887 1886
f 1889 2144 1888
f 1890 2144 1889
f 1891 2144 1890
f 1892 2144 1891
f 1893 2144 1892
f 1894 2144 1893
f 1895 2144 1894
f 1895 2143 2144
f 1896 2143 1895
f 1897 2143 1896
f 1898 2143 1897
f 1898 2142 2143
f 1899 2142 1898
f 1900 2141 2142
f 1900 2142 1899
f 1901 2141 1900
f 1902 2140 2141
f 1902 2141 1901
f 1903 2140 1902
f 1903 2139 2140
f 1904 2139 1903
f 1905 2138 2139
f 1905 2139 1904
f 1906 2136 2137
f 1906 2137 2138
f 1906 2138 1905
f 1907 2135 2136
f 1907 2136 1906
f 1908 2133 2134
f 1908 2134 2135
f 1908 2135 1907
f 1909 2131 2132
f 1909 2132 2133
f 1909 2133 1908
f 1910 2131 1909
f 1910 2127 2128
f 1910 2128 2129
f 1910 2129 2130
f 1910 2130 2131
f 1911 2127 1910
f 1911 2123 2124
f 1911 2124 2125
f 1911 2125 2126
f 1911 2126 2127
f 1912 2123 1911
f 1912 2116 2117
f 1912 2117 2118
f 1912 2118 2119
f 1912 2119 2120
f 1912 2120 2121
f 1912 2121 2122
f 1912 2122 2123
f 1913 2109 2110
f 1913 2110 2111
f 1913 2111 2112
f 1913 2112 2113
f 1913 2113 2114
f 1913 2114 2115
f 1913 2115 2116
f 1913 2116 1912
f 2015 1936 1937
f 2015 1937 1938
f 2015 1938 1939
f 2015 1939 1940
f 2015 1940 1941
f 2015 1941 1942
f 2015 1942 1943
f 2014 1933 1934
f 2014 1934 1935
f 2014 1935 1936
f 2014 1936 2015
f 2013 1931 1932
f 2013 1932 1933
f 2013 1933 2014
f 2012 1929 1930
f 2012 1930 1931
f 2012 1931 2013
f 2011 1928 1929
f 2011 1929 2012
f 2010 1928 2011
f 2010 1926 1927
f 2010 1927 1928
f 2009 1926 2010
f 2009 1925 1926
f 2072 2073 2074
f 2071 2072 2074
f 2070 2071 2074
f 2069 2070 2074
f 2068 2069 2074
f 2067 2068 2074
f 2066 2067 2074
f 2066 2074 2075
f 2065 2066 2075
f 2008 1925 2009
f 2064 2065 2075
f 2063 2064 2075
f 2063 2075 2076
f 2062 2063 2076
f 2061 2062 2076
f 2061 2076 2077
f 2060 2061 2077
f 2059 2060 2077
f 2059 2077 2078
f 2058 2059 2078
f 2058 2078 2079
f 2057 2058 2079
f 2056 2057 2079
f 2056 2079 2080
f 2007 1925 2008
f 2007 1924 1925
f 2055 2056 2080
f 2055 2080 2081
f 2055 2081 2082
f 2054 2055 2082
f 2054 2082 2083
f 2053 2054 2083
f 2053 2083 2084
f 2053 2084 2085
f 2052 2053 2085
f 2052 2085 2086
f 2052 2086 2087
f 2051 2089 2090
f 2051 2090 2091
f 2051 2052 2087
f 2051 2087 2088
f 2051 2088 2089
f 2050 2091 2092
f 2050 2092 2093
f 2050 2093 2094
f 2050 2094 2095
f 2050 2051 2091
f 2049 2095 2096
f 2049 2096 2097
f 2049 2097 2098
f 2049 2098 2099
f 2049 2099 2100
f 2049 2100 2101
f 2049 2050 2095
f 2006 1923 1924
f 2006 1924 2007
f 2048 2101 2102
f 2048 2102 2103
f 2048 2103 2104
f 2048 2104 2105
f 2048 2105 2106
f 2048 2106 2107
f 2048 2107 2108
f 2048 2108 2109
f 2048 2049 2101
f 2048 2109 1913
f 2047 2048 1913
f 2047 1913 1914
f 2046 1914 1915
f 2046 2047 1914
f 2045 1915 1916
f 2045 2046 1915
f 2044 1916 1917
f 2044 2045 1916
f 2043 2044 1917
f 2043 1917 1918
f 2005 1923 2006
f 2004 1922 1923
f 2004 1923 2005
f 2003 1922 2004
f 2002 1922 2003
f 2002 1921 1922
f 2001 1921 2002
f 2000 1921 2001
f 1945 1944 2016
f 1945 2016 2017
f 1945 2017 2018
f 1945 2018 2019
f 1945 2019 2020
f 1945 2020 2021
f 1945 2021 2022
f 1945 2022 2023
f 1945 2023 2024
f 1999 1921 2000
f 1946 2024 2025
f 1946 2025 2026
f 1946 2026 2027
f 1946 2027 2028
f 1946 1945 2024
f 1998 1920 1921
f 1998 1921 1999
f 1947 1946 2028
f 1947 2028 2029
f 1947 2029 2030
f 1997 1920 1998
f 1948 2030 2031
f 1948 2031 2032
f 1948 1947 2030
f 1996 1920 1997
f 1949 2032 2033
f 1949 1948 2032
f 1995 1920 1996
f 1950 2033 2034
f 1950 1949 2033
f 1994 1920 1995
f 1994 1919 1920
f 1951 1950 2034
f 1951 2034 2035
f 1993 1919 1994
f 1952 1951 2035
f 1952 2035 2036
f 1992 1919 1993
f 1953 2036 2037
f 1953 1952 2036
f 1991 1919 1992
f 1954 2037 2038
f 1954 1953 2037
f 1990 1919 1991
f 1955 1954 2038
f 1989 1919 1990
f 1956 2038 2039
f 1956 1955 2038
f 1988 1919 1989
f 1957 1956 2039
f 1987 1918 1919
f 1987 1919 1988
f 1958 1957 2039
f 1986 1918 1987
f 1959 1958 2039
f 1959 2039 2040
f 1985 1918 1986
f 1960 1959 2040
f 1984 1918 1985
f 1961 1960 2040
f 1983 1918 1984
f 1962 1961 2040
f 1962 2040 2041
f 1982 1918 1983
f 1963 1962 2041
f 1981 1918 1982
f 1964 1963 2041
f 1980 1918 1981
f 1980 2043 1918
f 1965 1964 2041
f 1979 2043 1980
f 1966 1965 2041
f 1978 2043 1979
f 1967 1966 2041
f 1967 2041 2042
f 1977 2043 1978
f 1968 1967 2042
f 1976 2043 1977
f 1969 1968 2042
f 1975 2043 1976
f 1970 1969 2042
f 1974 2042 2043
f 1974 2043 1975
f 1971 1970 2042
f 1973 2042 1974
f 1972 1971 2042
f 1972 2042 1973
f 2146 2171 2145
f 2146 2172 2171
f 2147 2173 2172
f 2147 2172 2146
f 2148 2174 2173
f 2148 2173 2147
f 2149 2175 2174
f 2149 2174 2148
f 2150 2176 2175
f 2150 2175 2149
f 2151 2177 2176
f 2151 2176 2150
f 2152 2178 2177
f 2152 2177 2151
f 2153 2179 2178
f 2153 2178 2152
f 2154 2180 2179
f 2154 2179 2153
f 2155 2181 2180
f 2155 2180 2154
f 2156 2182 2181
f 2156 2181 2155
f 2157 2183 2182
f 2157 2182 2156
f 2158 2184 2183
f 2158 2183 2157
f 2159 2185 2184
f 2159 2184 2158
f 2160 2186 2185
f 2160 2185 2159
f 2161 2187 2186
f 2161 2186 2160
f 2162 2188 2187
f 2162 2187 2161
f 2163 2189 2188
f 2163 2188 2162
f 2164 2190 2189
f 2164 2189 2163
f 2165 2190 2164
f 2165 2191 2190
f 2166 2191 2165
f 2166 2192 2191
f 2167 2192 2166
f 2167 2193 2192
f 2168 2193 2167
f 2168 2194 2193
f 2169 2194 2168
f 2465 2194 2169
f 2465 2195 2194
f 2465 2196 2195
f 2170 2465 2169
f 2464 2196 2465
f 2464 2197 2196
f 2463 2197 2464
f 2463 2198 2197
f 2462 2198 2463
f 2462 2199 2198
f 2461 2199 2462
f 2461 2200 2199
f 2460 2200 2461
f 2460 2201 2200
f 2459 2201 2460
f 2459 2202 2201
f 2458 2202 2459
f 2458 2203 2202
f 2457 2203 2458
f 2457 2204 2203
f 2456 2204 2457
f 2456 2205 2204
f 2455 2206 2205
f 2455 2205 2456
f 2454 2207 2206
f 2454 2206 2455
f 2453 2208 2207
f 2453 2207 2454
f 2452 2209 2208
f 2452 2208 2453
f 2451 2210 2209
f 2451 2209 2452
f 2450 2211 2210
f 2450 2210 2451
f 2449 2212 2211
f 2449 2211 2450
f 2448 2213 2212
f 2448 2212 2449
f 2447 2214 2213
f 2447 2213 2448
f 2446 2215 2214
f 2446 2214 2447
f 2445 2215 2446
f 2445 2216 2215
f 2444 2216 2445
f 2444 2217 2216
f 2443 2217 2444
f 2443 2218 2217
f 2442 2218 2443
f 2442 2219 2218
f 2441 2219 2442
f 2441 2220 2219
f 2440 2220 2441
f 2440 2221 2220
f 2439 2221 2440
f 2439 2222 2221
f 2438 2222 2439
f 2438 2223 2222
f 2437 2223 2438
f 2437 2224 2223
f 2436 2224 2437
f 2436 2225 2224
f 2435 2225 2436
f 2435 2226 2225
f 2434 2226 2435
f 2434 2227 2226
f 2433 2227 2434
f 2433 2228 2227
f 2432 2228 2433
f 2432 2229 2228
f 2431 2229 2432
f 2431 2230 2229
f 2430 2230 2431
f 2430 2231 2230
f 2429 2231 2430
f 2429 2232 2231
f 2428 2232 2429
f 2428 2233 2232
f 2427 2233 2428
f 2427 2234 2233
f 2426 2234 2427
f 2426 2235 2234
f 2425 2235 2426
f 2425 2236 2235
f 2424 2236 2425
f 2424 2237 2236
f 2423 2237 2424
f 2423 2238 2237
f 2422 2239 2238
f 2422 2238 2423
f 2421 2240 2239
f 2421 2239 2422
f 2420 2240 2421
f 2420 2241 2240
f 2419 2241 2420
f 2419 2242 2241
f 2418 2242 2419
f 2418 2243 2242
f 2417 2243 2418
f 2417 2244 2243
f 2416 2244 2417
f 2416 2245 2244
f 2415 2246 2245
f 2415 2245 2416
f 2414 2247 2246
f 2414 2246 2415
f 2413 2248 2247
f 2413 2247 2414
f 2412 2249 2248
f 2412 2248 2413
f 2411 2250 2249
f 2411 2249 2412
f 2410 2251 2250
f 2410 2250 2411
f 2332 2252 2251
f 2332 2251 2410
f 2332 2410 2331
f 2333 2253 2252
f 2333 2252 2332
f 2334 2254 2253
f 2334 2253 2333
f 2335 2255 2254
f 2335 2254 2334
f 2336 2256 2255
f 2336 2255 2335
f 2337 2257 2256
f 2337 2256 2336
f 2338 2258 2257
f 2338 2257 2337
f 2339 2259 2258
f 2339 2258 2338
f 2340 2260 2259
f 2340 2259 2339
f 2341 2261 2260
f 2341 2260 2340
f 2342 2262 2261
f 2342 2261 2341
f 2343 2263 2262
f 2343 2262 2342
f 2344 2264 2263
f 2344 2263 2343
f 2345 2265 2264
f 2345 2264 2344
f 2346 2265 2345
f 2346 2266 2265
f 2347 2266 2346
f 2347 2267 2266
f 2348 2267 2347
f 2348 2268 2267
f 2349 2268 2348
f 2349 2269 2268
f 2350 2269 2349
f 2350 2270 2269
f 2351 2270 2350
f 2351 2271 2270
f 2352 2272 2271
f 2352 2271 2351
f 2353 2273 2272
f 2353 2272 2352
f 2354 2274 2273
f 2354 2273 2353
f 2355 2275 2274
f 2355 2274 2354
f 2356 2276 2275
f 2356 2275 2355
f 2357 2277 2276
f 2357 2276 2356
f 2358 2278 2277
f 2358 2277 2357
f 2359 2279 2278
f 2359 2278 2358
f 2360 2280 2279
f 2360 2279 2359
f 2361 2281 2280
f 2361 2280 2360
f 2362 2282 2281
f 2362 2281 2361
f 2363 2283 2282
f 2363 2282 2362
f 2364 2284 2283
f 2364 2283 2363
f 2365 2285 2284
f 2365 2284 2364
f 2366 2286 2285
f 2366 2285 2365
f 2367 2287 2286
f 2367 2286 2366
f 2368 2288 2287
f 2368 2287 2367
f 2369 2289 2288
f 2369 2288 2368
f 2370 2290 2289
f 2370 2289 2369
f 2371 2290 2370
f 2371 2291 2290
f 2372 2291 2371
f 2372 2292 2291
f 2373 2292 2372
f 2373 2293 2292
f 2374 2293 2373
f 2374 2294 2293
f 2375 2294 2374
f 2375 2295 2294
f 2376 2295 2375
f 2376 2296 2295
f 2377 2296 2376
f 2377 2297 2296
f 2378 2297 2377
f 2378 2298 2297
f 2379 2298 2378
f 2379 2299 2298
f 2380 2299 2379
f 2380 2300 2299
f 2381 2300 2380
f 2381 2301 2300
f 2382 2301 2381
f 2382 2302 2301
f 2383 2302 2382
f 2383 2303 2302
f 2384 2303 2383
f 2384 2304 2303
f 2385 2305 2304
f 2385 2304 2384
f 2386 2306 2305
f 2386 2305 2385
f 2387 2307 2306
f 2387 2306 2386
f 2388 2308 2307
f 2388 2307 2387
f 2389 2309 2308
f 2389 2308 2388
f 2390 2310 2309
f 2390 2309 2389
f 2391 2311 2310
f 2391 2310 2390
f 2392 2312 2311
f 2392 2311 2391
f 2393 2313 2312
f 2393 2312 2392
f 2394 2314 2313
f 2394 2313 2393
f 2395 2315 2314
f 2395 2314 2394
f 2396 2315 2395
f 2396 2316 2315
f 2397 2316 2396
f 2397 2317 2316
f 2398 2317 2397
f 2398 2318 2317
f 2399 2318 2398
f 2399 2319 2318
f 2400 2319 2399
f 2400 2320 2319
f 2401 2320 2400
f 2401 2321 2320
f 2402 2321 2401
f 2402 2322 2321
f 2403 2322 2402
f 2403 2323 2322
f 2404 2323 2403
f 2404 2324 2323
f 2405 2324 2404
f 2405 2325 2324
f 2406 2325 2405
f 2406 2326 2325
f 2407 2326 2406
f 2407 2327 2326
f 2408 2327 2407
f 2408 2328 2327
f 2409 2328 2408
f 2409 2329 2328
f 2330 2329 2409
f 2684 2565 2683
f 2684 2563 2564
f 2684 2564 2565
f 2682 2683 2565
f 2682 2565 2566
f 2685 2563 2684
f 2685 2562 2563
f 2681 2566 2567
f 2681 2682 2566
f 2686 2562 2685
f 2680 2567 2568
f 2680 2681 2567
f 2687 2562 2686
f 2687 2560 2561
f 2687 2561 2562
f 2679 2568 2569
f 2679 2680 2568
f 2688 2560 2687
f 2688 2559 2560
f 2678 2569 2570
f 2678 2679 2569
f 2689 2559 2688
f 2677 2570 2571
f 2677 2678 2570
f 2690 2559 2689
f 2690 2557 2558
f 2690 2558 2559
f 2676 2571 2572
f 2676 2677 2571
f 2691 2557 2690
f 2691 2556 2557
f 2675 2572 2573
f 2675 2676 2572
f 2692 2556 2691
f 2674 2573 2574
f 2674 2675 2573
f 2693 2556 2692
f 2693 2554 2555
f 2693 2555 2556
f 2673 2574 2575
f 2673 2674 2574
f 2694 2554 2693
f 2694 2553 2554
f 2672 2575 2576
f 2672 2673 2575
f 2695 2553 2694
f 2695 2552 2553
f 2671 2576 2577
f 2671 2672 2576
f 2696 2552 2695
f 2670 2577 2578
f 2670 2671 2577
f 2697 2552 2696
f 2697 2551 2552
f 2669 2578 2579
f 2669 2670 2578
f 2698 2551 2697
f 2698 2549 2550
f 2698 2550 2551
f 2668 2579 2580
f 2668 2669 2579
f 2699 2549 2698
f 2667 2580 2581
f 2667 2668 2580
f 2700 2548 2549
f 2700 2549 2699
f 2666 2581 2582
f 2666 2667 2581
f 2701 2547 2548
f 2701 2548 2700
f 2665 2582 2583
f 2665 2666 2582
f 2702 2547 2701
f 2702 2546 2547
f 2664 2583 2584
f 2664 2665 2583
f 2703 2546 2702
f 2703 2545 2546
f 2663 2584 2585
f 2663 2664 2584
f 2704 2545 2703
f 2704 2543 2544
f 2704 2544 2545
f 2662 2663 2585
f 2662 2585 2586
f 2705 2543 2704
f 2661 2586 2587
f 2661 2662 2586
f 2706 2543 2705
f 2706 2542 2543
f 2660 2587 2588
f 2660 2661 2587
f 2707 2542 2706
f 2707 2541 2542
f 2659 2588 2589
f 2659 2660 2588
f 2708 2541 2707
f 2708 2540 2541
f 2658 2659 2589
f 2658 2589 2590
f 2709 2540 2708
f 2709 2539 2540
f 2657 2658 2590
f 2657 2590 2591
f 2710 2539 2709
f 2710 2538 2539
f 2656 2591 2592
f 2656 2657 2591
f 2711 2538 2710
f 2711 2536 2537
f 2711 2537 2538
f 2655 2656 2592
f 2655 2592 2593
f 2712 2536 2711
f 2654 2593 2594
f 2654 2655 2593
f 2713 2536 2712
f 2713 2535 2536
f 2653 2594 2595
f 2653 2654 2594
f 2714 2534 2535
f 2714 2535 2713
f 2652 2595 2596
f 2652 2653 2595
f 2715 2534 2714
f 2715 2533 2534
f 2651 2596 2597
f 2651 2652 2596
f 2716 2532 2533
f 2716 2533 2715
f 2650 2597 2598
f 2650 2651 2597
f 2717 2530 2531
f 2717 2531 2532
f 2717 2532 2716
f 2649 2598 2599
f 2649 2650 2598
f 2718 2530 2717
f 2648 2599 2600
f 2648 2649 2599
f 2719 2529 2530
f 2719 2530 2718
f 2647 2648 2600
f 2647 2600 2601
f 2720 2529 2719
f 2720 2528 2529
f 2646 2601 2602
f 2646 2647 2601
f 2721 2528 2720
f 2721 2527 2528
f 2645 2646 2602
f 2645 2602 2603
f 2722 2526 2527
f 2722 2527 2721
f 2644 2645 2603
f 2644 2603 2604
f 2525 2526 2722
f 2525 2722 2723
f 2643 2644 2604
f 2605 2643 2604
f 2524 2525 2723
f 2524 2723 2724
f 2606 2643 2605
f 2606 2641 2642
f 2606 2642 2643
f 2523 2524 2724
f 2523 2724 2725
f 2607 2641 2606
f 2522 2523 2725
f 2522 2725 2726
f 2608 2641 2607
f 2608 2639 2640
f 2608 2640 2641
f 2521 2726 2727
f 2521 2522 2726
f 2609 2638 2639
f 2609 2639 2608
f 2520 2727 2728
f 2520 2521 2727
f 2610 2637 2638
f 2610 2638 2609
f 2519 2728 2729
f 2519 2729 2730
f 2519 2520 2728
f 2611 2637 2610
f 2518 2519 2730
f 2612 2637 2611
f 2612 2635 2636
f 2612 2636 2637
f 2517 2518 2730
f 2517 2730 2731
f 2613 2635 2612
f 2516 2517 2731
f 2516 2731 2732
f 2614 2635 2613
f 2614 2633 2634
f 2614 2634 2635
f 2515 2516 2732
f 2515 2732 2733
f 2515 2733 2734
f 2615 2633 2614
f 2514 2515 2734
f 2514 2734 2735
f 2616 2633 2615
f 2616 2631 2632
f 2616 2632 2633
f 2513 2514 2735
f 2617 2631 2616
f 2512 2513 2735
f 2512 2735 2736
f 2618 2630 2631
f 2618 2631 2617
f 2511 2736 2737
f 2511 2512 2736
f 2619 2630 2618
f 2619 2629 2630
f 2510 2737 2738
f 2510 2511 2737
f 2620 2628 2629
f 2620 2629 2619
f 2509 2510 2738
f 2509 2738 2739
f 2621 2628 2620
f 2621 2626 2627
f 2621 2627 2628
f 2508 2509 2739
f 2508 2739 2740
f 2508 2740 2741
f 2622 2626 2621
f 2507 2508 2741
f 2623 2626 2622
f 2623 2624 2625
f 2623 2625 2626
f 2506 2507 2741
f 2506 2741 2742
f 2466 2781 2624
f 2466 2624 2623
f 2505 2506 2742
f 2505 2742 2743
f 2467 2781 2466
f 2504 2505 2743
f 2504 2743 2744
f 2468 2779 2780
f 2468 2780 2781
f 2468 2781 2467
f 2503 2744 2745
f 2503 2504 2744
f 2469 2778 2779
f 2469 2779 2468
f 2502 2745 2746
f 2502 2503 2745
f 2470 2778 2469
f 2501 2746 2747
f 2501 2502 2746
f 2471 2777 2778
f 2471 2778 2470
f 2500 2501 2747
f 2500 2747 2748
f 2472 2776 2777
f 2472 2777 2471
f 2499 2500 2748
f 2499 2748 2749
f 2473 2775 2776
f 2473 2776 2472
f 2498 2749 2750
f 2498 2499 2749
f 2474 2773 2774
f 2474 2774 2775
f 2474 2775 2473
f 2497 2498 2750
f 2497 2750 2751
f 2475 2772 2773
f 2475 2773 2474
f 2496 2751 2752
f 2496 2752 2753
f 2496 2497 2751
f 2476 2772 2475
f 2495 2496 2753
f 2477 2771 2772
f 2477 2772 2476
f 2494 2753 2754
f 2494 2495 2753
f 2478 2769 2770
f 2478 2770 2771
f 2478 2771 2477
f 2493 2494 2754
f 2493 2754 2755
f 2479 2768 2769
f 2479 2769 2478
f 2492 2493 2755
f 2492 2755 2756
f 2480 2768 2479
f 2480 2767 2768
f 2491 2492 2756
f 2491 2756 2757
f 2481 2767 2480
f 2481 2766 2767
f 2490 2491 2757
f 2490 2757 2758
f 2482 2766 2481
f 2482 2765 2766
f 2489 2758 2759
f 2489 2490 2758
f 2483 2765 2482
f 2488 2489 2759
f 2488 2759 2760
f 2484 2765 2483
f 2484 2764 2765
f 2487 2488 2760
f 2487 2760 2761
f 2485 2764 2484
f 2485 2763 2764
f 2486 2487 2761
f 2486 2763 2485
f 2486 2761 2762
f 2486 2762 2763
f 2782 2941 3099
f 2783 3099 3098
f 2783 2782 3099
f 2784 3098 3097
f 2784 2783 3098
f 2785 3097 3096
f 2785 2784 3097
f 2786 3096 3095
f 2786 2785 3096
f 2787 3095 3094
f 2787 2786 3095
f 2788 3094 3093
f 2788 2787 3094
f 2789 3093 3092
f 2789 2788 3093
f 2790 3092 3091
f 2790 2789 3092
f 2791 3091 3090
f 2791 2790 3091
f 2792 3090 3089
f 2792 2791 3090
f 2793 3089 3088
f 2793 2792 3089
f 2794 3088 3087
f 2794 2793 3088
f 2795 3087 3086
f 2795 2794 3087
f 2796 3086 3085
f 2796 2795 3086
f 2797 2796 3085
f 2797 3085 3084
f 2798 2797 3084
f 2798 3084 3083
f 2799 2798 3083
f 2799 3083 3082
f 2800 2799 3082
f 2800 3082 3081
f 2801 3081 3080
f 2801 2800 3081
f 2802 2801 3080
f 2802 3080 3079
f 2803 2802 3079
f 2803 3079 3078
f 2804 2803 3078
f 2804 3078 3077
f 2805 2804 3077
f 2805 3077 3076
f 2806 2805 3076
f 2806 3076 3075
f 2807 2806 3075
f 2807 3075 3074
f 2808 2807 3074
f 2808 3074 3073
f 2809 2808 3073
f 2809 3073 3072
f 2810 2809 3072
f 2810 3072 3071
f 2811 2810 3071
f 2811 3071 3070
f 2812 2811 3070
f 2812 3070 3069
f 2813 2812 3069
f 2813 3069 3068
f 2814 2813 3068
f 2814 3068 3067
f 2815 2814 3067
f 2815 3067 3066
f 2816 2815 3066
f 2816 3066 3065
f 2817 2816 3065
f 2817 3065 3064
f 2818 2817 3064
f 2818 3064 3063
f 2819 2818 3063
f 2819 3063 3062
f 2820 2819 3062
f 2820 3062 3061
f 2821 3061 3060
f 2821 2820 3061
f 2822 3060 3059
f 2822 2821 3060
f 2823 3059 3058
f 2823 2822 3059
f 2824 2823 3058
f 2825 3057 3056
f 2825 3058 3057
f 2825 2824 3058
f 2826 3056 3055
f 2826 2825 3056
f 2827 3055 3054
f 2827 2826 3055
f 2828 2827 3054
f 2829 2828 3054
f 2829 3054 3053
f 2830 2829 3053
f 2830 3052 3051
f 2830 3053 3052
f 2831 2830 3051
f 2831 3051 3050
f 2832 2831 3050
f 2832 3050 3049
f 2833 2832 3049
f 2833 3049 3048
f 2834 2833 3048
f 2835 2834 3048
f 2835 3047 3046
f 2835 3048 3047
f 2836 2835 3046
f 2836 3046 3045
f 2837 2836 3045
f 2837 3045 3044
f 2838 2837 3044
f 2839 2838 3044
f 2839 3043 3042
f 2839 3044 3043
f 2840 2839 3042
f 2840 3042 3041
f 2841 3041 3040
f 2841 2840 3041
f 2842 3040 3039
f 2842 2841 3040
f 2843 3039 3038
f 2843 2842 3039
f 2844 2843 3038
f 2845 3037 3036
f 2845 3038 3037
f 2845 2844 3038
f 2846 2845 3036
f 2847 3036 3035
f 2847 2846 3036
f 2848 3035 3034
f 2848 2847 3035
f 2849 3033 3032
f 2849 3034 3033
f 2849 2848 3034
f 2850 3032 3031
f 2850 2849 3032
f 2851 2850 3031
f 2852 3031 3030
f 2852 2851 3031
f 2853 2852 3030
f 2853 3030 3029
f 2854 2853 3029
f 2854 3028 3027
f 2854 3029 3028
f 2855 2854 3027
f 2856 2855 3027
f 2856 3026 3025
f 2856 3027 3026
f 2857 2856 3025
f 2857 3025 3024
f 2858 2857 3024
f 2859 2858 3024
f 2859 3023 3022
f 2859 3024 3023
f 2860 2859 3022
f 2861 2860 3022
f 2861 3021 3020
f 2861 3022 3021
f 2862 3020 3019
f 2862 2861 3020
f 2863 2862 3019
f 2864 3019 3018
f 2864 2863 3019
f 2865 3018 3017
f 2865 2864 3018
f 2866 3016 3015
f 2866 3017 3016
f 2866 2865 3017
f 2867 2866 3015
f 2868 3015 3014
f 2868 2867 3015
f 2869 3013 3012
f 2869 3014 3013
f 2869 2868 3014
f 2870 2869 3012
f 2871 3012 3011
f 2871 2870 3012
f 2872 3011 3010
f 2872 2871 3011
f 2873 3009 3008
f 2873 3010 3009
f 2873 2872 3010
f 2874 2873 3008
f 2875 3008 3007
f 2875 2874 3008
f 2876 3007 3006
f 2876 2875 3007
f 2877 3006 3005
f 2877 2876 3006
f 2878 2877 3005
f 2878 3004 3003
f 2878 3005 3004
f 2879 2878 3003
f 2880 2879 3003
f 2880 3003 3002
f 2881 2880 3002
f 2881 3002 3001
f 2882 3001 3000
f 2882 2881 3001
f 2883 3000 2999
f 2883 2882 3000
f 2884 2883 2999
f 2884 2998 2997
f 2884 2999 2998
f 2885 2884 2997
f 2886 2996 2995
f 2886 2997 2996
f 2886 2885 2997
f 2887 2886 2995
f 2888 2995 2994
f 2888 2887 2995
f 2889 2994 2993
f 2889 2888 2994
f 2890 2993 2992
f 2890 2889 2993
f 2891 2991 2990
f 2891 2992 2991
f 2891 2890 2992
f 2892 2891 2990
f 2893 2990 2989
f 2893 2892 2990
f 2894 2989 2988
f 2894 2893 2989
f 2895 2987 2986
f 2895 2988 2987
f 2895 2894 2988
f 2896 2986 2985
f 2896 2895 2986
f 2897 2896 2985
f 2898 2985 2984
f 2898 2897 2985
f 2899 2898 2984
f 2899 2984 2983
f 2900 2899 2983
f 2900 2982 2981
f 2900 2983 2982
f 2901 2900 2981
f 2902 2980 2979
f 2902 2981 2980
f 2902 2901 2981
f 2903 2902 2979
f 2904 2903 2979
f 2904 2978 2977
f 2904 2979 2978
f 2905 2904 2977
f 2906 2905 2977
f 2906 2976 2975
f 2906 2977 2976
f 2907 2906 2975
f 2907 2975 2974
f 2908 2907 2974
f 2909 2908 2974
f 2909 2973 2972
f 2909 2974 2973
f 2910 2909 2972
f 2911 2910 2972
f 2911 2971 2970
f 2911 2972 2971
f 2912 2911 2970
f 2913 2912 2970
f 2913 2970 2969
f 2914 2913 2969
f 2914 2969 2968
f 2915 2914 2968
f 2915 2968 2967
f 2916 2915 2967
f 2916 2967 2966
f 2917 2916 2966
f 2917 2966 2965
f 2918 2917 2965
f 2918 2964 2963
f 2918 2965 2964
f 2919 2918 2963
f 2920 2919 2963
f 2920 2963 2962
f 2921 2920 2962
f 2921 2961 2960
f 2921 2962 2961
f 2922 2921 2960
f 2923 2959 2958
f 2923 2960 2959
f 2923 2922 2960
f 2924 2923 2958
f 2925 2958 2957
f 2925 2924 2958
f 2926 2957 2956
f 2926 2925 2957
f 2927 2955 2954
f 2927 2956 2955
f 2927 2926 2956
f 2928 2927 2954
f 2929 2928 2954
f 2929 2954 2953
f 2930 2929 2953
f 2930 2952 2951
f 2930 2953 2952
f 2931 2930 2951
f 2932 2931 2951
f 2932 2950 2949
f 2932 2951 2950
f 2933 2932 2949
f 2934 2933 2949
f 2934 2948 2947
f 2934 2949 2948
f 2935 2934 2947
f 2936 2935 2947
f 2936 2947 2946
f 2937 2936 2946
f 2937 2946 2945
f 2938 2937 2945
f 2938 2945 2944
f 2939 2938 2944
f 2939 2944 2943
f 2940 2939 2943
f 2940 2943 2942
f 3265 3269 3264
f 3107 3268 3106
f 3101 3100 3425
f 3105 3104 3263
f 3426 3269 3265
f 3426 3270 3269
f 3426 3271 3270
f 3427 3271 3426
f 3427 3272 3271
f 3427 3273 3272
f 3428 3273 3427
f 3428 3274 3273
f 3428 3275 3274
f 3429 3426 3265
f 3429 3265 3266
f 3430 3275 3428
f 3430 3276 3275
f 3430 3277 3276
f 3431 3426 3429
f 3431 3427 3426
f 3432 3277 3430
f 3432 3278 3277
f 3432 3279 3278
f 3433 3428 3427
f 3433 3427 3431
f 3434 3429 3266
f 3434 3266 3267
f 3435 3280 3279
f 3435 3281 3280
f 3435 3279 3432
f 3436 3430 3428
f 3436 3428 3433
f 3437 3431 3429
f 3437 3429 3434
f 3438 3281 3435
f 3438 3282 3281
f 3438 3283 3282
f 3439 3430 3436
f 3439 3432 3430
f 3440 3431 3437
f 3440 3433 3431
f 3441 3107 3108
f 3441 3108 3109
f 3441 3434 3267
f 3441 3267 3268
f 3441 3268 3107
f 3442 3283 3438
f 3442 3284 3283
f 3442 3285 3284
f 3443 3438 3435
f 3443 3432 3439
f 3443 3435 3432
f 3444 3436 3433
f 3444 3433 3440
f 3445 3109 3110
f 3445 3110 3111
f 3445 3441 3109
f 3445 3434 3441
f 3445 3437 3434
f 3446 3286 3285
f 3446 3287 3286
f 3446 3285 3442
f 3447 3438 3443
f 3448 3436 3444
f 3448 3439 3436
f 3449 3111 3112
f 3449 3112 3113
f 3449 3445 3111
f 3449 3437 3445
f 3449 3440 3437
f 3450 3287 3446
f 3450 3288 3287
f 3450 3289 3288
f 3451 3442 3438
f 3451 3438 3447
f 3452 3443 3439
f 3452 3439 3448
f 3453 3113 3114
f 3453 3114 3115
f 3453 3444 3440
f 3453 3440 3449
f 3453 3449 3113
f 3454 3289 3450
f 3454 3290 3289
f 3454 3291 3290
f 3455 3446 3442
f 3455 3450 3446
f 3455 3442 3451
f 3456 3443 3452
f 3456 3447 3443
f 3457 3115 3116
f 3457 3116 3117
f 3457 3448 3444
f 3457 3444 3453
f 3457 3453 3115
f 3458 3291 3454
f 3458 3292 3291
f 3458 3293 3292
f 3459 3450 3455
f 3459 3454 3450
f 3460 3447 3456
f 3460 3451 3447
f 3461 3457 3117
f 3461 3452 3448
f 3461 3117 3118
f 3461 3118 3119
f 3461 3448 3457
f 3462 3294 3293
f 3462 3293 3458
f 3462 3295 3294
f 3463 3454 3459
f 3464 3455 3451
f 3464 3451 3460
f 3464 3459 3455
f 3465 3119 3120
f 3465 3120 3121
f 3465 3461 3119
f 3465 3456 3452
f 3465 3452 3461
f 3466 3295 3462
f 3466 3296 3295
f 3466 3297 3296
f 3467 3454 3463
f 3467 3458 3454
f 3468 3459 3464
f 3469 3121 3122
f 3469 3122 3123
f 3469 3456 3465
f 3469 3460 3456
f 3469 3465 3121
f 3470 3297 3466
f 3470 3298 3297
f 3470 3299 3298
f 3471 3458 3467
f 3471 3462 3458
f 3472 3459 3468
f 3472 3463 3459
f 3473 3123 3124
f 3473 3460 3469
f 3473 3124 3125
f 3473 3469 3123
f 3473 3464 3460
f 3474 3299 3470
f 3474 3300 3299
f 3474 3301 3300
f 3475 3462 3471
f 3475 3470 3466
f 3475 3466 3462
f 3476 3463 3472
f 3476 3467 3463
f 3477 3125 3126
f 3477 3126 3127
f 3477 3464 3473
f 3477 3473 3125
f 3477 3468 3464
f 3478 3302 3301
f 3478 3303 3302
f 3478 3301 3474
f 3479 3474 3470
f 3479 3470 3475
f 3480 3471 3467
f 3480 3475 3471
f 3480 3467 3476
f 3481 3477 3127
f 3481 3127 3128
f 3481 3128 3129
f 3481 3468 3477
f 3481 3472 3468
f 3482 3304 3303
f 3482 3305 3304
f 3482 3303 3478
f 3483 3474 3479
f 3484 3475 3480
f 3485 3472 3481
f 3485 3481 3129
f 3485 3129 3130
f 3485 3130 3131
f 3485 3476 3472
f 3486 3306 3305
f 3486 3307 3306
f 3486 3305 3482
f 3487 3474 3483
f 3487 3478 3474
f 3488 3475 3484
f 3488 3479 3475
f 3489 3131 3132
f 3489 3132 3133
f 3489 3476 3485
f 3489 3484 3480
f 3489 3480 3476
f 3489 3485 3131
f 3490 3308 3307
f 3490 3309 3308
f 3490 3307 3486
f 3491 3478 3487
f 3491 3482 3478
f 3492 3483 3479
f 3492 3479 3488
f 3493 3133 3134
f 3493 3134 3135
f 3493 3484 3489
f 3493 3489 3133
f 3494 3310 3309
f 3494 3311 3310
f 3494 3309 3490
f 3495 3482 3491
f 3495 3486 3482
f 3496 3483 3492
f 3496 3487 3483
f 3497 3135 3136
f 3497 3136 3137
f 3497 3493 3135
f 3497 3484 3493
f 3497 3488 3484
f 3498 3312 3311
f 3498 3313 3312
f 3498 3311 3494
f 3499 3490 3486
f 3499 3486 3495
f 3500 3487 3496
f 3500 3491 3487
f 3501 3497 3137
f 3501 3137 3138
f 3501 3138 3139
f 3501 3488 3497
f 3501 3492 3488
f 3502 3313 3498
f 3502 3314 3313
f 3502 3315 3314
f 3503 3494 3490
f 3503 3490 3499
f 3504 3495 3491
f 3504 3499 3495
f 3504 3491 3500
f 3505 3501 3139
f 3505 3139 3140
f 3505 3140 3141
f 3505 3500 3496
f 3505 3496 3492
f 3505 3492 3501
f 3506 3316 3315
f 3506 3317 3316
f 3506 3315 3502
f 3507 3498 3494
f 3507 3494 3503
f 3508 3499 3504
f 3509 3505 3141
f 3509 3141 3142
f 3509 3142 3143
f 3509 3500 3505
f 3510 3317 3506
f 3510 3318 3317
f 3510 3319 3318
f 3511 3506 3502
f 3511 3502 3498
f 3511 3498 3507
f 3512 3499 3508
f 3512 3503 3499
f 3513 3508 3504
f 3513 3509 3143
f 3513 3143 3144
f 3513 3504 3500
f 3513 3144 3145
f 3513 3500 3509
f 3514 3320 3319
f 3514 3321 3320
f 3514 3319 3510
f 3515 3506 3511
f 3516 3507 3503
f 3516 3503 3512
f 3517 3508 3513
f 3517 3513 3145
f 3517 3145 3146
f 3517 3146 3147
f 3518 3322 3321
f 3518 3323 3322
f 3518 3321 3514
f 3519 3506 3515
f 3519 3510 3506
f 3520 3507 3516
f 3520 3511 3507
f 3521 3512 3508
f 3521 3147 3148
f 3521 3148 3149
f 3521 3508 3517
f 3521 3517 3147
f 3522 3324 3323
f 3522 3325 3324
f 3522 3323 3518
f 3523 3514 3510
f 3523 3510 3519
f 3524 3511 3520
f 3524 3515 3511
f 3525 3521 3149
f 3525 3149 3150
f 3525 3150 3151
f 3525 3512 3521
f 3525 3516 3512
f 3526 3326 3325
f 3526 3325 3522
f 3526 3327 3326
f 3527 3518 3514
f 3527 3514 3523
f 3528 3515 3524
f 3528 3519 3515
f 3529 3524 3520
f 3529 3516 3525
f 3529 3520 3516
f 3529 3525 3151
f 3529 3151 3152
f 3529 3152 3153
f 3530 3328 3327
f 3530 3329 3328
f 3530 3327 3526
f 3531 3522 3518
f 3531 3518 3527
f 3532 3519 3528
f 3532 3523 3519
f 3533 3524 3529
f 3533 3529 3153
f 3533 3153 3154
f 3533 3154 3155
f 3534 3330 3329
f 3534 3331 3330
f 3534 3329 3530
f 3535 3522 3531
f 3535 3526 3522
f 3536 3523 3532
f 3536 3527 3523
f 3536 3531 3527
f 3537 3528 3524
f 3537 3533 3155
f 3537 3155 3156
f 3537 3156 3157
f 3537 3524 3533
f 3538 3331 3534
f 3538 3332 3331
f 3538 3333 3332
f 3539 3530 3526
f 3539 3526 3535
f 3540 3531 3536
f 3541 3528 3537
f 3541 3532 3528
f 3541 3157 3158
f 3541 3158 3159
f 3541 3537 3157
f 3542 3334 3333
f 3542 3335 3334
f 3542 3333 3538
f 3543 3534 3530
f 3543 3530 3539
f 3544 3535 3531
f 3544 3531 3540
f 3545 3536 3532
f 3545 3540 3536
f 3545 3159 3160
f 3545 3160 3161
f 3545 3532 3541
f 3545 3541 3159
f 3546 3336 3335
f 3546 3337 3336
f 3546 3335 3542
f 3547 3534 3543
f 3547 3538 3534
f 3548 3543 3539
f 3548 3539 3535
f 3548 3535 3544
f 3549 3545 3161
f 3549 3161 3162
f 3549 3162 3163
f 3549 3540 3545
f 3550 3338 3337
f 3550 3339 3338
f 3550 3337 3546
f 3551 3542 3538
f 3551 3538 3547
f 3552 3543 3548
f 3553 3540 3549
f 3553 3549 3163
f 3553 3163 3164
f 3553 3164 3165
f 3553 3544 3540
f 3554 3340 3339
f 3554 3341 3340
f 3554 3339 3550
f 3555 3546 3542
f 3555 3542 3551
f 3556 3543 3552
f 3556 3547 3543
f 3557 3553 3165
f 3557 3552 3548
f 3557 3544 3553
f 3557 3165 3166
f 3557 3166 3167
f 3557 3548 3544
f 3558 3342 3341
f 3558 3343 3342
f 3558 3341 3554
f 3559 3546 3555
f 3559 3550 3546
f 3560 3551 3547
f 3560 3547 3556
f 3560 3555 3551
f 3561 3552 3557
f 3561 3557 3167
f 3561 3167 3168
f 3561 3168 3169
f 3562 3344 3343
f 3562 3345 3344
f 3562 3343 3558
f 3563 3554 3550
f 3563 3550 3559
f 3564 3555 3560
f 3565 3556 3552
f 3565 3561 3169
f 3565 3552 3561
f 3565 3169 3170
f 3565 3170 3171
f 3566 3346 3345
f 3566 3347 3346
f 3566 3345 3562
f 3567 3554 3563
f 3567 3562 3558
f 3567 3558 3554
f 3568 3555 3564
f 3568 3559 3555
f 3569 3560 3556
f 3569 3556 3565
f 3569 3565 3171
f 3569 3171 3172
f 3569 3172 3173
f 3569 3564 3560
f 3570 3347 3566
f 3570 3348 3347
f 3570 3349 3348
f 3571 3562 3567
f 3572 3563 3559
f 3572 3559 3568
f 3573 3569 3173
f 3573 3564 3569
f 3573 3173 3174
f 3573 3174 3175
f 3573 3568 3564
f 3574 3349 3570
f 3574 3350 3349
f 3574 3351 3350
f 3575 3566 3562
f 3575 3570 3566
f 3575 3562 3571
f 3576 3567 3563
f 3576 3563 3572
f 3577 3175 3176
f 3577 3176 3177
f 3577 3568 3573
f 3577 3573 3175
f 3578 3351 3574
f 3578 3352 3351
f 3578 3353 3352
f 3579 3570 3575
f 3580 3571 3567
f 3580 3567 3576
f 3581 3572 3568
f 3581 3177 3178
f 3581 3577 3177
f 3581 3178 3179
f 3581 3568 3577
f 3582 3353 3578
f 3582 3354 3353
f 3582 3355 3354
f 3583 3574 3570
f 3583 3570 3579
f 3584 3571 3580
f 3584 3575 3571
f 3585 3179 3180
f 3585 3576 3572
f 3585 3180 3181
f 3585 3581 3179
f 3585 3572 3581
f 3586 3356 3355
f 3586 3357 3356
f 3586 3355 3582
f 3587 3582 3578
f 3587 3574 3583
f 3587 3578 3574
f 3588 3575 3584
f 3588 3579 3575
f 3589 3576 3585
f 3589 3585 3181
f 3589 3181 3182
f 3589 3182 3183
f 3589 3580 3576
f 3589 3584 3580
f 3590 3358 3357
f 3590 3359 3358
f 3590 3357 3586
f 3591 3582 3587
f 3591 3586 3582
f 3592 3583 3579
f 3592 3579 3588
f 3593 3589 3183
f 3593 3588 3584
f 3593 3584 3589
f 3593 3183 3184
f 3593 3184 3185
f 3594 3359 3590
f 3594 3360 3359
f 3594 3361 3360
f 3595 3586 3591
f 3596 3587 3583
f 3596 3583 3592
f 3597 3593 3185
f 3597 3588 3593
f 3597 3185 3186
f 3597 3186 3187
f 3598 3361 3594
f 3598 3362 3361
f 3598 3363 3362
f 3599 3586 3595
f 3599 3590 3586
f 3600 3587 3596
f 3600 3591 3587
f 3601 3592 3588
f 3601 3588 3597
f 3601 3597 3187
f 3601 3187 3188
f 3601 3188 3189
f 3601 3596 3592
f 3602 3364 3363
f 3602 3365 3364
f 3602 3363 3598
f 3603 3594 3590
f 3603 3590 3599
f 3604 3591 3600
f 3604 3595 3591
f 3605 3596 3601
f 3605 3601 3189
f 3605 3189 3190
f 3605 3190 3191
f 3606 3365 3602
f 3606 3366 3365
f 3606 3367 3366
f 3607 3598 3594
f 3607 3594 3603
f 3608 3599 3595
f 3608 3595 3604
f 3609 3596 3605
f 3609 3600 3596
f 3609 3604 3600
f 3609 3605 3191
f 3609 3191 3192
f 3609 3192 3193
f 3610 3368 3367
f 3610 3369 3368
f 3610 3367 3606
f 3611 3598 3607
f 3611 3602 3598
f 3611 3606 3602
f 3612 3603 3599
f 3612 3599 3608
f 3613 3604 3609
f 3613 3609 3193
f 3613 3193 3194
f 3613 3194 3195
f 3614 3370 3369
f 3614 3371 3370
f 3614 3369 3610
f 3615 3606 3611
f 3616 3603 3612
f 3616 3607 3603
f 3617 3608 3604
f 3617 3613 3195
f 3617 3604 3613
f 3617 3195 3196
f 3617 3196 3197
f 3618 3372 3371
f 3618 3373 3372
f 3618 3371 3614
f 3619 3606 3615
f 3619 3610 3606
f 3620 3615 3611
f 3620 3607 3616
f 3620 3611 3607
f 3621 3617 3197
f 3621 3608 3617
f 3621 3616 3612
f 3621 3612 3608
f 3621 3197 3198
f 3621 3198 3199
f 3622 3374 3373
f 3622 3375 3374
f 3622 3373 3618
f 3623 3614 3610
f 3623 3610 3619
f 3623 3618 3614
f 3624 3615 3620
f 3625 3621 3199
f 3625 3616 3621
f 3625 3199 3200
f 3625 3200 3201
f 3626 3375 3622
f 3626 3376 3375
f 3626 3377 3376
f 3627 3622 3618
f 3627 3618 3623
f 3628 3615 3624
f 3628 3619 3615
f 3629 3625 3201
f 3629 3201 3202
f 3629 3202 3203
f 3629 3616 3625
f 3629 3620 3616
f 3630 3377 3626
f 3630 3378 3377
f 3630 3379 3378
f 3631 3622 3627
f 3632 3619 3628
f 3632 3623 3619
f 3633 3203 3204
f 3633 3204 3205
f 3633 3629 3203
f 3633 3624 3620
f 3633 3620 3629
f 3634 3379 3630
f 3634 3380 3379
f 3634 3381 3380
f 3635 3626 3622
f 3635 3630 3626
f 3635 3622 3631
f 3636 3627 3623
f 3636 3623 3632
f 3637 3205 3206
f 3637 3206 3207
f 3637 3628 3624
f 3637 3633 3205
f 3637 3624 3633
f 3638 3381 3634
f 3638 3382 3381
f 3638 3383 3382
f 3639 3630 3635
f 3640 3627 3636
f 3640 3631 3627
f 3641 3207 3208
f 3641 3208 3209
f 3641 3637 3207
f 3641 3636 3632
f 3641 3628 3637
f 3641 3632 3628
f 3642 3383 3638
f 3642 3384 3383
f 3642 3385 3384
f 3643 3634 3630
f 3643 3630 3639
f 3644 3635 3631
f 3644 3631 3640
f 3645 3209 3210
f 3645 3210 3211
f 3645 3636 3641
f 3645 3641 3209
f 3646 3385 3642
f 3646 3386 3385
f 3646 3387 3386
f 3647 3638 3634
f 3647 3634 3643
f 3648 3639 3635
f 3648 3635 3644
f 3649 3211 3212
f 3649 3212 3213
f 3649 3640 3636
f 3649 3645 3211
f 3649 3636 3645
f 3649 3644 3640
f 3650 3387 3646
f 3650 3388 3387
f 3650 3389 3388
f 3651 3642 3638
f 3651 3638 3647
f 3651 3646 3642
f 3652 3639 3648
f 3652 3643 3639
f 3653 3648 3644
f 3653 3213 3214
f 3653 3214 3215
f 3653 3649 3213
f 3653 3644 3649
f 3654 3389 3650
f 3654 3390 3389
f 3654 3391 3390
f 3655 3646 3651
f 3655 3650 3646
f 3656 3647 3643
f 3656 3651 3647
f 3656 3643 3652
f 3657 3215 3216
f 3657 3216 3217
f 3657 3648 3653
f 3657 3653 3215
f 3658 3391 3654
f 3658 3392 3391
f 3658 3393 3392
f 3659 3650 3655
f 3660 3651 3656
f 3661 3217 3218
f 3661 3218 3219
f 3661 3656 3652
f 3661 3648 3657
f 3661 3657 3217
f 3661 3652 3648
f 3662 3393 3658
f 3662 3394 3393
f 3662 3395 3394
f 3663 3654 3650
f 3663 3650 3659
f 3663 3658 3654
f 3664 3655 3651
f 3664 3651 3660
f 3665 3656 3661
f 3665 3219 3220
f 3665 3220 3221
f 3665 3660 3656
f 3665 3661 3219
f 3666 3395 3662
f 3666 3396 3395
f 3666 3397 3396
f 3667 3662 3658
f 3667 3658 3663
f 3668 3655 3664
f 3668 3659 3655
f 3669 3221 3222
f 3669 3222 3223
f 3669 3660 3665
f 3669 3665 3221
f 3670 3397 3666
f 3670 3398 3397
f 3670 3399 3398
f 3671 3662 3667
f 3672 3663 3659
f 3672 3659 3668
f 3673 3223 3224
f 3673 3224 3225
f 3673 3669 3223
f 3673 3664 3660
f 3673 3668 3664
f 3673 3660 3669
f 3674 3399 3670
f 3674 3400 3399
f 3674 3401 3400
f 3675 3666 3662
f 3675 3662 3671
f 3675 3670 3666
f 3676 3667 3663
f 3676 3663 3672
f 3677 3225 3226
f 3677 3226 3227
f 3677 3673 3225
f 3677 3672 3668
f 3677 3668 3673
f 3678 3403 3402
f 3678 3401 3674
f 3678 3402 3401
f 3679 3670 3675
f 3680 3667 3676
f 3680 3671 3667
f 3681 3227 3228
f 3681 3228 3229
f 3681 3677 3227
f 3681 3672 3677
f 3682 3404 3403
f 3682 3405 3404
f 3682 3403 3678
f 3683 3674 3670
f 3683 3670 3679
f 3683 3678 3674
f 3684 3675 3671
f 3684 3671 3680
f 3685 3672 3681
f 3685 3229 3230
f 3685 3230 3231
f 3685 3681 3229
f 3685 3676 3672
f 3686 3406 3405
f 3686 3407 3406
f 3686 3405 3682
f 3687 3678 3683
f 3688 3675 3684
f 3688 3679 3675
f 3689 3676 3685
f 3689 3231 3232
f 3689 3232 3233
f 3689 3680 3676
f 3689 3685 3231
f 3690 3408 3407
f 3690 3407 3686
f 3690 3409 3408
f 3691 3682 3678
f 3691 3678 3687
f 3692 3679 3688
f 3692 3683 3679
f 3693 3684 3680
f 3693 3680 3689
f 3693 3689 3233
f 3693 3688 3684
f 3693 3233 3234
f 3693 3234 3235
f 3694 3410 3409
f 3694 3411 3410
f 3694 3409 3690
f 3695 3682 3691
f 3695 3686 3682
f 3696 3687 3683
f 3696 3683 3692
f 3697 3235 3236
f 3697 3236 3237
f 3697 3693 3235
f 3697 3688 3693
f 3698 3412 3411
f 3698 3413 3412
f 3698 3411 3694
f 3699 3690 3686
f 3699 3686 3695
f 3700 3691 3687
f 3700 3687 3696
f 3701 3697 3237
f 3701 3237 3238
f 3701 3238 3239
f 3701 3688 3697
f 3701 3692 3688
f 3702 3414 3413
f 3702 3415 3414
f 3702 3413 3698
f 3703 3690 3699
f 3703 3694 3690
f 3704 3699 3695
f 3704 3691 3700
f 3704 3695 3691
f 3705 3701 3239
f 3705 3239 3240
f 3705 3240 3241
f 3705 3692 3701
f 3705 3696 3692
f 3706 3416 3415
f 3706 3417 3416
f 3706 3415 3702
f 3707 3698 3694
f 3707 3694 3703
f 3708 3699 3704
f 3709 3241 3242
f 3709 3242 3243
f 3709 3700 3696
f 3709 3696 3705
f 3709 3705 3241
f 3710 3418 3417
f 3710 3419 3418
f 3710 3417 3706
f 3711 3698 3707
f 3711 3702 3698
f 3712 3703 3699
f 3712 3699 3708
f 3713 3700 3709
f 3713 3243 3244
f 3713 3244 3245
f 3713 3704 3700
f 3713 3709 3243
f 3713 3708 3704
f 3714 3420 3419
f 3714 3421 3420
f 3714 3419 3710
f 3715 3706 3702
f 3715 3702 3711
f 3716 3711 3707
f 3716 3707 3703
f 3716 3703 3712
f 3717 3713 3245
f 3717 3245 3246
f 3717 3246 3247
f 3717 3708 3713
f 3718 3422 3421
f 3718 3423 3422
f 3718 3421 3714
f 3719 3706 3715
f 3719 3710 3706
f 3720 3711 3716
f 3721 3708 3717
f 3721 3247 3248
f 3721 3248 3249
f 3721 3717 3247
f 3721 3712 3708
f 3722 3102 3101
f 3722 3423 3718
f 3722 3424 3423
f 3722 3425 3424
f 3722 3101 3425
f 3723 3714 3710
f 3723 3710 3719
f 3724 3715 3711
f 3724 3711 3720
f 3725 3716 3712
f 3725 3720 3716
f 3725 3721 3249
f 3725 3249 3250
f 3725 3250 3251
f 3725 3712 3721
f 3726 3718 3714
f 3726 3714 3723
f 3727 3715 3724
f 3727 3723 3719
f 3727 3719 3715
f 3728 3720 3725
f 3728 3725 3251
f 3728 3251 3252
f 3728 3252 3253
f 3729 3103 3102
f 3729 3102 3722
f 3729 3722 3718
f 3729 3718 3726
f 3730 3723 3727
f 3731 3724 3720
f 3731 3253 3254
f 3731 3254 3255
f 3731 3728 3253
f 3731 3720 3728
f 3732 3726 3723
f 3732 3723 3730
f 3733 3724 3731
f 3733 3730 3727
f 3733 3255 3256
f 3733 3256 3257
f 3733 3731 3255
f 3733 3727 3724
f 3734 3103 3729
f 3734 3729 3726
f 3734 3726 3732
f 3735 3730 3733
f 3735 3733 3257
f 3735 3257 3258
f 3735 3258 3259
f 3736 3730 3735
f 3736 3732 3730
f 3736 3259 3260
f 3736 3260 3261
f 3736 3735 3259
f 3737 3104 3103
f 3737 3732 3736
f 3737 3103 3734
f 3737 3734 3732
f 3737 3261 3262
f 3737 3262 3263
f 3737 3736 3261
f 3737 3263 3104
f 4188 3830 3829
f 4187 4188 3829
f 4187 3829 3828
f 4189 3830 4188
f 4189 3831 3830
f 4186 4187 3828
f 4186 3828 3827
f 4190 3832 3831
f 4190 3831 4189
f 4185 4186 3827
f 4185 3827 3826
f 4191 3832 4190
f 4191 3833 3832
f 4184 4185 3826
f 4184 3826 3825
f 4192 3833 4191
f 4192 3834 3833
f 4183 4184 3825
f 4183 3825 3824
f 4193 3834 4192
f 4193 3835 3834
f 4182 4183 3824
f 4182 3824 3823
f 4194 3835 4193
f 4194 3836 3835
f 4181 4182 3823
f 4181 3823 3822
f 4195 3836 4194
f 4195 3837 3836
f 4180 4181 3822
f 4180 3822 3821
f 4196 3837 4195
f 4196 3838 3837
f 4179 4180 3821
f 4179 3821 3820
f 4197 3839 3838
f 4197 3838 4196
f 4178 4179 3820
f 4178 3820 3819
f 4198 3840 3839
f 4198 3839 4197
f 4177 4178 3819
f 4177 3819 3818
f 4199 3841 3840
f 4199 3840 4198
f 4176 4177 3818
f 4176 3818 3817
f 4200 3842 3841
f 4200 3841 4199
f 4175 4176 3817
f 4175 3817 3816
f 4201 3843 3842
f 4201 3842 4200
f 4174 3816 3815
f 4174 4175 3816
f 4202 3844 3843
f 4202 3843 4201
f 4173 4174 3815
f 4173 3815 3814
f 4203 3845 3844
f 4203 3844 4202
f 4172 3814 3813
f 4172 4173 3814
f 4204 3846 3845
f 4204 3845 4203
f 4171 4172 3813
f 4171 3813 3812
f 4205 3846 4204
f 4205 3847 3846
f 4170 4171 3812
f 4170 3812 3811
f 4206 3848 3847
f 4206 3847 4205
f 4169 4170 3811
f 3810 4169 3811
f 4207 3849 3848
f 4207 3848 4206
f 4168 4169 3810
f 4208 3850 3849
f 4208 3849 4207
f 4167 4168 3810
f 4209 3851 3850
f 4209 3850 4208
f 4166 4167 3810
f 4166 3810 3809
f 4210 3852 3851
f 4210 3851 4209
f 4165 4166 3809
f 4211 3853 3852
f 4211 3852 4210
f 4164 4165 3809
f 4212 3853 4211
f 4212 3854 3853
f 4163 4164 3809
f 4213 3855 3854
f 4213 3854 4212
f 4162 4163 3809
f 4214 3856 3855
f 4214 3855 4213
f 4161 3809 3808
f 4161 4162 3809
f 4215 3857 3856
f 4215 3856 4214
f 4160 4161 3808
f 4216 3858 3857
f 4216 3857 4215
f 4159 4160 3808
f 4217 3859 3858
f 4217 3858 4216
f 4158 4159 3808
f 4158 3808 3807
f 4218 3860 3859
f 4218 3859 4217
f 4157 4158 3807
f 4219 3861 3860
f 4219 3860 4218
f 4156 4157 3807
f 4220 3862 3861
f 4220 3861 4219
f 4155 4156 3807
f 4155 3807 3806
f 4221 3862 4220
f 4221 3863 3862
f 4154 4155 3806
f 4154 3806 3805
f 4222 3863 4221
f 4222 3864 3863
f 4153 4154 3805
f 4223 3864 4222
f 4223 3865 3864
f 4152 4153 3805
f 4152 3805 3804
f 4224 3866 3865
f 4224 3865 4223
f 4151 4152 3804
f 4151 3804 3803
f 4225 3867 3866
f 4225 3866 4224
f 4150 4151 3803
f 4150 3803 3802
f 4226 3867 4225
f 3868 3867 4226
f 4149 4150 3802
f 4149 3801 3800
f 4149 3802 3801
f 4227 3868 4226
f 3869 3868 4227
f 4148 4149 3800
f 4148 3799 3798
f 4148 3800 3799
f 4228 3869 4227
f 3870 3869 4228
f 4147 3797 3796
f 4147 3798 3797
f 4147 4148 3798
f 4229 3870 4228
f 3871 3870 4229
f 4146 4147 3796
f 4146 3793 3792
f 4146 3794 3793
f 4146 3795 3794
f 4146 3796 3795
f 4230 3871 4229
f 3872 3871 4230
f 4145 3788 3787
f 4145 3789 3788
f 4145 3790 3789
f 4145 3791 3790
f 4145 3792 3791
f 4145 4146 3792
f 4231 3872 4230
f 3873 3872 4231
f 4144 3781 3780
f 4144 3782 3781
f 4144 3783 3782
f 4144 3784 3783
f 4144 3785 3784
f 4144 3786 3785
f 4144 3787 3786
f 4144 4145 3787
f 4232 3873 4231
f 3874 3873 4232
f 4143 3775 3774
f 4143 3776 3775
f 4143 3777 3776
f 4143 3778 3777
f 4143 3779 3778
f 4143 3780 3779
f 4143 4144 3780
f 4233 3874 4232
f 3875 3874 4233
f 4234 3875 4233
f 3876 3875 4234
f 4235 3876 4234
f 3877 3876 4235
f 4236 3877 4235
f 3878 3877 4236
f 4237 3878 4236
f 3879 3878 4237
f 4238 3879 4237
f 3880 3879 4238
f 4239 3880 4238
f 3881 3880 4239
f 4240 3881 4239
f 3882 3881 4240
f 4241 3882 4240
f 3883 3882 4241
f 4242 3883 4241
f 3884 3883 4242
f 4243 3884 4242
f 3885 3884 4243
f 4244 3885 4243
f 3886 3885 4244
f 4245 3886 4244
f 3887 3886 4245
f 4246 3887 4245
f 3888 3887 4246
f 4089 3888 4246
f 3889 3888 4089
f 3890 4089 4090
f 3890 3889 4089
f 3891 4090 4091
f 3891 3890 4090
f 3892 4091 4092
f 3892 3891 4091
f 3893 4092 4093
f 3893 3892 4092
f 3894 3893 4093
f 3894 4093 4094
f 3895 3894 4094
f 3895 4094 4095
f 3896 3895 4095
f 3896 4095 4096
f 3897 3896 4096
f 3897 4096 4097
f 3898 3897 4097
f 3898 4097 4098
f 3899 3898 4098
f 3899 4098 4099
f 3900 3899 4099
f 3900 4099 4100
f 3901 3900 4100
f 3901 4100 4101
f 3902 3901 4101
f 3902 4101 4102
f 3903 3902 4102
f 3903 4102 4103
f 3904 4103 4104
f 3904 3903 4103
f 3914 4113 4114
f 3914 4114 4115
f 3914 4115 4116
f 3905 4104 4105
f 3905 3904 4104
f 3913 4113 3914
f 3913 4112 4113
f 3906 4105 4106
f 3906 3905 4105
f 3912 4111 4112
f 3912 4112 3913
f 3907 4106 4107
f 3907 3906 4106
f 3911 4111 3912
f 3911 4110 4111
f 3908 4107 4108
f 3908 3907 4107
f 3910 4110 3911
f 3910 4109 4110
f 3909 3908 4108
f 3909 4109 3910
f 3909 4108 4109
f 3915 3914 4116
f 3915 4116 4117
f 3915 4117 4118
f 3915 4118 4119
f 3915 4119 4120
f 3915 4120 4121
f 3916 3915 4121
f 3916 4121 4122
f 3916 4122 4123
f 3916 4123 4124
f 3917 3916 4124
f 3917 4124 4125
f 3917 4125 4126
f 3918 4126 4127
f 3918 4127 4128
f 3918 3917 4126
f 3919 3918 4128
f 3919 4128 4129
f 3920 3919 4129
f 3920 4129 4130
f 3921 3920 4130
f 3921 4130 4131
f 4346 4085 4084
f 4345 4346 4084
f 4345 4084 4083
f 4347 4086 4085
f 4347 4085 4346
f 4344 4083 4082
f 4344 4345 4083
f 4348 4087 4086
f 4348 4086 4347
f 4343 4082 4081
f 4343 4344 4082
f 4349 4088 4087
f 4349 4087 4348
f 4342 4081 4080
f 4342 4343 4081
f 4350 3738 4088
f 4350 4088 4349
f 4341 4080 4079
f 4341 4342 4080
f 4351 3738 4350
f 4340 4079 4078
f 4340 4341 4079
f 4352 3738 4351
f 4339 4078 4077
f 4339 4340 4078
f 4353 3739 3738
f 4353 3738 4352
f 4338 4077 4076
f 4338 4339 4077
f 4354 3739 4353
f 4337 4076 4075
f 4337 4338 4076
f 4355 3739 4354
f 4336 4337 4075
f 4336 4075 4074
f 4356 3739 4355
f 4335 4336 4074
f 4335 4074 4073
f 3922 3921 4131
f 3922 4131 4132
f 4357 3739 4356
f 4334 4335 4073
f 4334 4073 4072
f 4358 3740 3739
f 4358 3739 4357
f 4333 4334 4072
f 4333 4072 4071
f 4359 3740 4358
f 4332 4071 4070
f 4332 4333 4071
f 4360 3740 4359
f 4331 4070 4069
f 4331 4332 4070
f 4361 3741 3740
f 4361 3740 4360
f 4330 4331 4069
f 4330 4069 4068
f 4362 3741 4361
f 4329 4330 4068
f 4329 4068 4067
f 4363 3742 3741
f 4363 3741 4362
f 4328 4067 4066
f 4328 4329 4067
f 4364 3742 4363
f 4327 4066 4065
f 4327 4328 4066
f 4365 3743 3742
f 4365 3742 4364
f 4326 4065 4064
f 4326 4327 4065
f 4366 3744 3743
f 4366 3743 4365
f 4325 4326 4064
f 4063 4325 4064
f 4367 3745 3744
f 4367 3744 4366
f 3923 3922 4132
f 3923 4132 4133
f 4324 4325 4063
f 4062 4324 4063
f 4368 3746 3745
f 4368 3745 4367
f 4323 4324 4062
f 4061 4323 4062
f 4369 3747 3746
f 4369 3746 4368
f 4322 4323 4061
f 4060 4322 4061
f 4370 3748 3747
f 4370 3749 3748
f 4370 3747 4369
f 4321 4322 4060
f 4059 4321 4060
f 4371 3750 3749
f 4371 3751 3750
f 4371 3749 4370
f 4320 4321 4059
f 4058 4320 4059
f 4372 3752 3751
f 4372 3753 3752
f 4372 3754 3753
f 4372 3751 4371
f 4319 4320 4058
f 4057 4319 4058
f 4373 3754 4372
f 4373 3755 3754
f 4373 3756 3755
f 4373 3757 3756
f 4373 3758 3757
f 4318 4319 4057
f 4056 4318 4057
f 4374 3758 4373
f 4374 3759 3758
f 4374 3760 3759
f 4374 3761 3760
f 4374 3762 3761
f 4374 3763 3762
f 4374 3764 3763
f 3924 3923 4133
f 4317 4318 4056
f 4055 4317 4056
f 4375 3764 4374
f 4375 3765 3764
f 4375 3766 3765
f 4375 3767 3766
f 4375 3768 3767
f 4375 3769 3768
f 4375 3770 3769
f 4375 3771 3770
f 4375 3772 3771
f 4375 3773 3772
f 4316 4317 4055
f 4054 4316 4055
f 4376 4142 4143
f 4376 3773 4375
f 4376 3774 3773
f 4376 4143 3774
f 4315 4316 4054
f 4053 4315 4054
f 4377 4141 4142
f 4377 4142 4376
f 4314 4315 4053
f 4052 4314 4053
f 4378 4141 4377
f 4378 4140 4141
f 4313 4314 4052
f 4379 4140 4378
f 4379 4139 4140
f 4051 4313 4052
f 4312 4313 4051
f 4380 4139 4379
f 4050 4312 4051
f 3925 3924 4133
f 3925 4133 4134
f 4311 4312 4050
f 4049 4311 4050
f 4310 4311 4049
f 4048 4310 4049
f 4309 4310 4048
f 4047 4309 4048
f 4308 4309 4047
f 4046 4308 4047
f 4307 4308 4046
f 4045 4307 4046
f 4306 4307 4045
f 4044 4306 4045
f 3926 3925 4134
f 4305 4306 4044
f 4043 4305 4044
f 4304 4305 4043
f 4042 4304 4043
f 4303 4304 4042
f 4041 4303 4042
f 4302 4303 4041
f 4040 4302 4041
f 4301 4302 4040
f 4039 4301 4040
f 4300 4301 4039
f 3927 3926 4134
f 3927 4134 4135
f 4038 4300 4039
f 4299 4300 4038
f 4037 4299 4038
f 4298 4299 4037
f 4036 4298 4037
f 4036 4297 4298
f 4035 4297 4036
f 4035 4296 4297
f 4034 4296 4035
f 4034 4295 4296
f 4033 4294 4295
f 4033 4295 4034
f 3928 3927 4135
f 4032 4293 4294
f 4032 4294 4033
f 4031 4292 4293
f 4031 4293 4032
f 4030 4291 4292
f 4030 4292 4031
f 4029 4290 4291
f 4029 4291 4030
f 4028 4289 4290
f 4028 4290 4029
f 4027 4289 4028
f 4027 4288 4289
f 4026 4288 4027
f 4026 4287 4288
f 3929 3928 4135
f 3986 4403 4404
f 3986 4404 4247
f 4248 3986 4247
f 4025 4287 4026
f 4025 4286 4287
f 3987 4248 4249
f 3987 3986 4248
f 4024 4286 4025
f 4024 4285 4286
f 3988 4249 4250
f 3988 3987 4249
f 4023 4285 4024
f 4023 4284 4285
f 3989 4250 4251
f 3989 3988 4250
f 4022 4283 4284
f 4022 4284 4023
f 3990 4251 4252
f 3990 3989 4251
f 4021 4283 4022
f 4021 4282 4283
f 3991 4252 4253
f 3991 3990 4252
f 4020 4281 4282
f 4020 4282 4021
f 3992 4253 4254
f 3992 3991 4253
f 4019 4280 4281
f 4019 4281 4020
f 3993 4254 4255
f 3993 3992 4254
f 4018 4279 4280
f 4018 4280 4019
f 3994 4255 4256
f 3994 3993 4255
f 4017 4278 4279
f 4017 4279 4018
f 3995 4256 4257
f 3995 3994 4256
f 3930 4135 4136
f 3930 3929 4135
f 4016 4277 4278
f 4016 4278 4017
f 3985 4403 3986
f 3985 4398 4399
f 3985 4399 4400
f 3985 4400 4401
f 3985 4401 4402
f 3985 4402 4403
f 3996 4257 4258
f 3996 3995 4257
f 4015 4276 4277
f 4015 4277 4016
f 3997 3996 4258
f 3997 4258 4259
f 4014 4275 4276
f 4014 4276 4015
f 3998 4259 4260
f 3998 3997 4259
f 4013 4275 4014
f 4013 4274 4275
f 3999 3998 4260
f 3999 4260 4261
f 4012 4273 4274
f 4012 4274 4013
f 4000 4261 4262
f 4000 3999 4261
f 4011 4272 4273
f 4011 4273 4012
f 4001 4262 4263
f 4001 4000 4262
f 4010 4271 4272
f 4010 4272 4011
f 4002 4263 4264
f 4002 4001 4263
f 4009 4270 4271
f 4009 4271 4010
f 4003 4002 4264
f 4003 4264 4265
f 4008 4269 4270
f 4008 4270 4009
f 4004 4265 4266
f 4004 4003 4265
f 4007 4268 4269
f 4007 4269 4008
f 4005 4266 4267
f 4005 4004 4266
f 4006 4267 4268
f 4006 4268 4007
f 4006 4005 4267
f 3931 3930 4136
f 3984 4398 3985
f 3984 4395 4396
f 3984 4396 4397
f 3984 4397 4398
f 3932 3931 4136
f 3983 4392 4393
f 3983 4393 4394
f 3983 4394 4395
f 3983 4395 3984
f 3933 3932 4136
f 3982 4392 3983
f 3982 4391 4392
f 3934 3933 4136
f 3934 4136 4137
f 3981 4389 4390
f 3981 4390 4391
f 3981 4391 3982
f 3935 3934 4137
f 3980 4388 4389
f 3980 4389 3981
f 3936 3935 4137
f 3979 4388 3980
f 3979 4387 4388
f 3937 3936 4137
f 3978 4386 4387
f 3978 4387 3979
f 3938 3937 4137
f 3977 4386 3978
f 3939 3938 4137
f 3976 4386 3977
f 3976 4385 4386
f 3940 3939 4137
f 3940 4137 4138
f 3975 4385 3976
f 3941 3940 4138
f 3974 4384 4385
f 3974 4385 3975
f 3942 3941 4138
f 3973 4384 3974
f 3943 3942 4138
f 3972 4384 3973
f 3972 4383 4384
f 3944 3943 4138
f 3971 4383 3972
f 3945 3944 4138
f 3970 4383 3971
f 3946 3945 4138
f 3969 4383 3970
f 3947 3946 4138
f 3968 4382 4383
f 3968 4383 3969
f 3948 3947 4138
f 3967 4382 3968
f 3949 3948 4138
f 3949 4138 4139
f 3966 4382 3967
f 3950 3949 4139
f 3950 4139 4380
f 3965 4382 3966
f 3951 3950 4380
f 3964 4382 3965
f 3952 3951 4380
f 3963 4381 4382
f 3963 4382 3964
f 3953 3952 4380
f 3962 4381 3963
f 3954 3953 4380
f 3961 4381 3962
f 3955 3954 4380
f 3960 4381 3961
f 3956 4380 4381
f 3956 3955 4380
f 3959 4381 3960
f 3957 3956 4381
f 3958 4381 3959
f 3958 3957 4381
