# Assembly coordinates in millimetres, Z-up.
mtllib Battery_Fasteners.mtl
o Battery_Fasteners
v 7.0000000 -11.3000000 1.0800000 0.44 0.48 0.52
v 6.9992094 -11.2602435 1.0800000 0.44 0.48 0.52
v 6.9968388 -11.2205498 1.0800000 0.44 0.48 0.52
v 6.9928921 -11.1809818 1.0800000 0.44 0.48 0.52
v 6.9873753 -11.1416020 1.0800000 0.44 0.48 0.52
v 6.9802974 -11.1024726 1.0800000 0.44 0.48 0.52
v 6.9716693 -11.0636556 1.0800000 0.44 0.48 0.52
v 6.9615049 -11.0252122 1.0800000 0.44 0.48 0.52
v 6.9498201 -10.9872034 1.0800000 0.44 0.48 0.52
v 6.9366335 -10.9496892 1.0800000 0.44 0.48 0.52
v 6.9219659 -10.9127288 1.0800000 0.44 0.48 0.52
v 6.9058404 -10.8763809 1.0800000 0.44 0.48 0.52
v 6.8882826 -10.8407027 1.0800000 0.44 0.48 0.52
v 6.8693203 -10.8057508 1.0800000 0.44 0.48 0.52
v 6.8489834 -10.7715804 1.0800000 0.44 0.48 0.52
v 6.8273040 -10.7382456 1.0800000 0.44 0.48 0.52
v 6.8043166 -10.7057990 1.0800000 0.44 0.48 0.52
v 6.7800573 -10.6742919 1.0800000 0.44 0.48 0.52
v 6.7545646 -10.6437743 1.0800000 0.44 0.48 0.52
v 6.7278788 -10.6142942 1.0800000 0.44 0.48 0.52
v 6.7000421 -10.5858984 1.0800000 0.44 0.48 0.52
v 6.6710984 -10.5586317 1.0800000 0.44 0.48 0.52
v 6.6410936 -10.5325373 1.0800000 0.44 0.48 0.52
v 6.6100751 -10.5076564 1.0800000 0.44 0.48 0.52
v 6.5780920 -10.4840284 1.0800000 0.44 0.48 0.52
v 6.5451948 -10.4616906 1.0800000 0.44 0.48 0.52
v 6.5114355 -10.4406783 1.0800000 0.44 0.48 0.52
v 6.4768675 -10.4210248 1.0800000 0.44 0.48 0.52
v 6.4415455 -10.4027611 1.0800000 0.44 0.48 0.52
v 6.4055253 -10.3859162 1.0800000 0.44 0.48 0.52
v 6.3688639 -10.3705166 1.0800000 0.44 0.48 0.52
v 6.3316193 -10.3565867 1.0800000 0.44 0.48 0.52
v 6.2938503 -10.3441485 1.0800000 0.44 0.48 0.52
v 6.2556166 -10.3332218 1.0800000 0.44 0.48 0.52
v 6.2169788 -10.3238237 1.0800000 0.44 0.48 0.52
v 6.1779979 -10.3159691 1.0800000 0.44 0.48 0.52
v 6.1387355 -10.3096705 1.0800000 0.44 0.48 0.52
v 6.0992538 -10.3049378 1.0800000 0.44 0.48 0.52
v 6.0596151 -10.3017786 1.0800000 0.44 0.48 0.52
v 6.0198822 -10.3001977 1.0800000 0.44 0.48 0.52
v 5.9801178 -10.3001977 1.0800000 0.44 0.48 0.52
v 5.9403849 -10.3017786 1.0800000 0.44 0.48 0.52
v 5.9007462 -10.3049378 1.0800000 0.44 0.48 0.52
v 5.8612645 -10.3096705 1.0800000 0.44 0.48 0.52
v 5.8220021 -10.3159691 1.0800000 0.44 0.48 0.52
v 5.7830212 -10.3238237 1.0800000 0.44 0.48 0.52
v 5.7443834 -10.3332218 1.0800000 0.44 0.48 0.52
v 5.7061497 -10.3441485 1.0800000 0.44 0.48 0.52
v 5.6683807 -10.3565867 1.0800000 0.44 0.48 0.52
v 5.6311361 -10.3705166 1.0800000 0.44 0.48 0.52
v 5.5944747 -10.3859162 1.0800000 0.44 0.48 0.52
v 5.5584545 -10.4027611 1.0800000 0.44 0.48 0.52
v 5.5231325 -10.4210248 1.0800000 0.44 0.48 0.52
v 5.4885645 -10.4406783 1.0800000 0.44 0.48 0.52
v 5.4548052 -10.4616906 1.0800000 0.44 0.48 0.52
v 5.4219080 -10.4840284 1.0800000 0.44 0.48 0.52
v 5.3899249 -10.5076564 1.0800000 0.44 0.48 0.52
v 5.3589064 -10.5325373 1.0800000 0.44 0.48 0.52
v 5.3289016 -10.5586317 1.0800000 0.44 0.48 0.52
v 5.2999579 -10.5858984 1.0800000 0.44 0.48 0.52
v 5.2721212 -10.6142942 1.0800000 0.44 0.48 0.52
v 5.2454354 -10.6437743 1.0800000 0.44 0.48 0.52
v 5.2199427 -10.6742919 1.0800000 0.44 0.48 0.52
v 5.1956834 -10.7057990 1.0800000 0.44 0.48 0.52
v 5.1726960 -10.7382456 1.0800000 0.44 0.48 0.52
v 5.1510166 -10.7715804 1.0800000 0.44 0.48 0.52
v 5.1306797 -10.8057508 1.0800000 0.44 0.48 0.52
v 5.1117174 -10.8407027 1.0800000 0.44 0.48 0.52
v 5.0941596 -10.8763809 1.0800000 0.44 0.48 0.52
v 5.0780341 -10.9127288 1.0800000 0.44 0.48 0.52
v 5.0633665 -10.9496892 1.0800000 0.44 0.48 0.52
v 5.0501799 -10.9872034 1.0800000 0.44 0.48 0.52
v 5.0384951 -11.0252122 1.0800000 0.44 0.48 0.52
v 5.0283307 -11.0636556 1.0800000 0.44 0.48 0.52
v 5.0197026 -11.1024726 1.0800000 0.44 0.48 0.52
v 5.0126247 -11.1416020 1.0800000 0.44 0.48 0.52
v 5.0071079 -11.1809818 1.0800000 0.44 0.48 0.52
v 5.0031612 -11.2205498 1.0800000 0.44 0.48 0.52
v 5.0007906 -11.2602435 1.0800000 0.44 0.48 0.52
v 5.0000000 -11.3000000 1.0800000 0.44 0.48 0.52
v 5.0007906 -11.3397565 1.0800000 0.44 0.48 0.52
v 5.0031612 -11.3794502 1.0800000 0.44 0.48 0.52
v 5.0071079 -11.4190182 1.0800000 0.44 0.48 0.52
v 5.0126247 -11.4583980 1.0800000 0.44 0.48 0.52
v 5.0197026 -11.4975274 1.0800000 0.44 0.48 0.52
v 5.0283307 -11.5363444 1.0800000 0.44 0.48 0.52
v 5.0384951 -11.5747878 1.0800000 0.44 0.48 0.52
v 5.0501799 -11.6127966 1.0800000 0.44 0.48 0.52
v 5.0633665 -11.6503108 1.0800000 0.44 0.48 0.52
v 5.0780341 -11.6872712 1.0800000 0.44 0.48 0.52
v 5.0941596 -11.7236191 1.0800000 0.44 0.48 0.52
v 5.1117174 -11.7592973 1.0800000 0.44 0.48 0.52
v 5.1306797 -11.7942492 1.0800000 0.44 0.48 0.52
v 5.1510166 -11.8284196 1.0800000 0.44 0.48 0.52
v 5.1726960 -11.8617544 1.0800000 0.44 0.48 0.52
v 5.1956834 -11.8942010 1.0800000 0.44 0.48 0.52
v 5.2199427 -11.9257081 1.0800000 0.44 0.48 0.52
v 5.2454354 -11.9562257 1.0800000 0.44 0.48 0.52
v 5.2721212 -11.9857058 1.0800000 0.44 0.48 0.52
v 5.2999579 -12.0141016 1.0800000 0.44 0.48 0.52
v 5.3289016 -12.0413683 1.0800000 0.44 0.48 0.52
v 5.3589064 -12.0674627 1.0800000 0.44 0.48 0.52
v 5.3899249 -12.0923436 1.0800000 0.44 0.48 0.52
v 5.4219080 -12.1159716 1.0800000 0.44 0.48 0.52
v 5.4548052 -12.1383094 1.0800000 0.44 0.48 0.52
v 5.4885645 -12.1593217 1.0800000 0.44 0.48 0.52
v 5.5231325 -12.1789752 1.0800000 0.44 0.48 0.52
v 5.5584545 -12.1972389 1.0800000 0.44 0.48 0.52
v 5.5944747 -12.2140838 1.0800000 0.44 0.48 0.52
v 5.6311361 -12.2294834 1.0800000 0.44 0.48 0.52
v 5.6683807 -12.2434133 1.0800000 0.44 0.48 0.52
v 5.7061497 -12.2558515 1.0800000 0.44 0.48 0.52
v 5.7443834 -12.2667782 1.0800000 0.44 0.48 0.52
v 5.7830212 -12.2761763 1.0800000 0.44 0.48 0.52
v 5.8220021 -12.2840309 1.0800000 0.44 0.48 0.52
v 5.8612645 -12.2903295 1.0800000 0.44 0.48 0.52
v 5.9007462 -12.2950622 1.0800000 0.44 0.48 0.52
v 5.9403849 -12.2982214 1.0800000 0.44 0.48 0.52
v 5.9801178 -12.2998023 1.0800000 0.44 0.48 0.52
v 6.0198822 -12.2998023 1.0800000 0.44 0.48 0.52
v 6.0596151 -12.2982214 1.0800000 0.44 0.48 0.52
v 6.0992538 -12.2950622 1.0800000 0.44 0.48 0.52
v 6.1387355 -12.2903295 1.0800000 0.44 0.48 0.52
v 6.1779979 -12.2840309 1.0800000 0.44 0.48 0.52
v 6.2169788 -12.2761763 1.0800000 0.44 0.48 0.52
v 6.2556166 -12.2667782 1.0800000 0.44 0.48 0.52
v 6.2938503 -12.2558515 1.0800000 0.44 0.48 0.52
v 6.3316193 -12.2434133 1.0800000 0.44 0.48 0.52
v 6.3688639 -12.2294834 1.0800000 0.44 0.48 0.52
v 6.4055253 -12.2140838 1.0800000 0.44 0.48 0.52
v 6.4415455 -12.1972389 1.0800000 0.44 0.48 0.52
v 6.4768675 -12.1789752 1.0800000 0.44 0.48 0.52
v 6.5114355 -12.1593217 1.0800000 0.44 0.48 0.52
v 6.5451948 -12.1383094 1.0800000 0.44 0.48 0.52
v 6.5780920 -12.1159716 1.0800000 0.44 0.48 0.52
v 6.6100751 -12.0923436 1.0800000 0.44 0.48 0.52
v 6.6410936 -12.0674627 1.0800000 0.44 0.48 0.52
v 6.6710984 -12.0413683 1.0800000 0.44 0.48 0.52
v 6.7000421 -12.0141016 1.0800000 0.44 0.48 0.52
v 6.7278788 -11.9857058 1.0800000 0.44 0.48 0.52
v 6.7545646 -11.9562257 1.0800000 0.44 0.48 0.52
v 6.7800573 -11.9257081 1.0800000 0.44 0.48 0.52
v 6.8043166 -11.8942010 1.0800000 0.44 0.48 0.52
v 6.8273040 -11.8617544 1.0800000 0.44 0.48 0.52
v 6.8489834 -11.8284196 1.0800000 0.44 0.48 0.52
v 6.8693203 -11.7942492 1.0800000 0.44 0.48 0.52
v 6.8882826 -11.7592973 1.0800000 0.44 0.48 0.52
v 6.9058404 -11.7236191 1.0800000 0.44 0.48 0.52
v 6.9219659 -11.6872712 1.0800000 0.44 0.48 0.52
v 6.9366335 -11.6503108 1.0800000 0.44 0.48 0.52
v 6.9498201 -11.6127966 1.0800000 0.44 0.48 0.52
v 6.9615049 -11.5747878 1.0800000 0.44 0.48 0.52
v 6.9716693 -11.5363444 1.0800000 0.44 0.48 0.52
v 6.9802974 -11.4975274 1.0800000 0.44 0.48 0.52
v 6.9873753 -11.4583980 1.0800000 0.44 0.48 0.52
v 6.9928921 -11.4190182 1.0800000 0.44 0.48 0.52
v 6.9968388 -11.3794502 1.0800000 0.44 0.48 0.52
v 6.9992094 -11.3397565 1.0800000 0.44 0.48 0.52
v 7.0000000 -11.3000000 1.0800000 0.44 0.48 0.52
v 7.8500000 -11.3000000 0.2300000 0.44 0.48 0.52
v 7.6800000 -11.3000000 0.4000000 0.44 0.48 0.52
v 7.5100000 -11.3000000 0.5700000 0.44 0.48 0.52
v 7.3400000 -11.3000000 0.7400000 0.44 0.48 0.52
v 7.1700000 -11.3000000 0.9100000 0.44 0.48 0.52
v 7.8485374 -11.2264504 0.2300000 0.44 0.48 0.52
v 7.8441519 -11.1530172 0.2300000 0.44 0.48 0.52
v 7.8368503 -11.0798163 0.2300000 0.44 0.48 0.52
v 7.8266444 -11.0069637 0.2300000 0.44 0.48 0.52
v 7.8135501 -10.9345743 0.2300000 0.44 0.48 0.52
v 7.7975883 -10.8627628 0.2300000 0.44 0.48 0.52
v 7.7787841 -10.7916426 0.2300000 0.44 0.48 0.52
v 7.7571672 -10.7213263 0.2300000 0.44 0.48 0.52
v 7.7327720 -10.6519249 0.2300000 0.44 0.48 0.52
v 7.7056368 -10.5835483 0.2300000 0.44 0.48 0.52
v 7.6758047 -10.5163046 0.2300000 0.44 0.48 0.52
v 7.6433228 -10.4503000 0.2300000 0.44 0.48 0.52
v 7.6082425 -10.3856390 0.2300000 0.44 0.48 0.52
v 7.5706192 -10.3224238 0.2300000 0.44 0.48 0.52
v 7.5305125 -10.2607543 0.2300000 0.44 0.48 0.52
v 7.4879856 -10.2007281 0.2300000 0.44 0.48 0.52
v 7.4431060 -10.1424401 0.2300000 0.44 0.48 0.52
v 7.3959445 -10.0859824 0.2300000 0.44 0.48 0.52
v 7.3465758 -10.0314443 0.2300000 0.44 0.48 0.52
v 7.2950778 -9.9789120 0.2300000 0.44 0.48 0.52
v 7.2415321 -9.9284687 0.2300000 0.44 0.48 0.52
v 7.1860232 -9.8801941 0.2300000 0.44 0.48 0.52
v 7.1286390 -9.8341644 0.2300000 0.44 0.48 0.52
v 7.0694702 -9.7904526 0.2300000 0.44 0.48 0.52
v 7.0086103 -9.7491276 0.2300000 0.44 0.48 0.52
v 6.9461556 -9.7102549 0.2300000 0.44 0.48 0.52
v 6.8822049 -9.6738959 0.2300000 0.44 0.48 0.52
v 6.8168592 -9.6401081 0.2300000 0.44 0.48 0.52
v 6.7502218 -9.6089449 0.2300000 0.44 0.48 0.52
v 6.6823983 -9.5804557 0.2300000 0.44 0.48 0.52
v 6.6134957 -9.5546854 0.2300000 0.44 0.48 0.52
v 6.5436230 -9.5316748 0.2300000 0.44 0.48 0.52
v 6.4728908 -9.5114603 0.2300000 0.44 0.48 0.52
v 6.4014108 -9.4940738 0.2300000 0.44 0.48 0.52
v 6.3292961 -9.4795429 0.2300000 0.44 0.48 0.52
v 6.2566607 -9.4678905 0.2300000 0.44 0.48 0.52
v 6.1836195 -9.4591350 0.2300000 0.44 0.48 0.52
v 6.1102880 -9.4532903 0.2300000 0.44 0.48 0.52
v 6.0367820 -9.4503657 0.2300000 0.44 0.48 0.52
v 5.9632180 -9.4503657 0.2300000 0.44 0.48 0.52
v 5.8897120 -9.4532903 0.2300000 0.44 0.48 0.52
v 5.8163805 -9.4591350 0.2300000 0.44 0.48 0.52
v 5.7433393 -9.4678905 0.2300000 0.44 0.48 0.52
v 5.6707039 -9.4795429 0.2300000 0.44 0.48 0.52
v 5.5985892 -9.4940738 0.2300000 0.44 0.48 0.52
v 5.5271092 -9.5114603 0.2300000 0.44 0.48 0.52
v 5.4563770 -9.5316748 0.2300000 0.44 0.48 0.52
v 5.3865043 -9.5546854 0.2300000 0.44 0.48 0.52
v 5.3176017 -9.5804557 0.2300000 0.44 0.48 0.52
v 5.2497782 -9.6089449 0.2300000 0.44 0.48 0.52
v 5.1831408 -9.6401081 0.2300000 0.44 0.48 0.52
v 5.1177951 -9.6738959 0.2300000 0.44 0.48 0.52
v 5.0538444 -9.7102549 0.2300000 0.44 0.48 0.52
v 4.9913897 -9.7491276 0.2300000 0.44 0.48 0.52
v 4.9305298 -9.7904526 0.2300000 0.44 0.48 0.52
v 4.8713610 -9.8341644 0.2300000 0.44 0.48 0.52
v 4.8139768 -9.8801941 0.2300000 0.44 0.48 0.52
v 4.7584679 -9.9284687 0.2300000 0.44 0.48 0.52
v 4.7049222 -9.9789120 0.2300000 0.44 0.48 0.52
v 4.6534242 -10.0314443 0.2300000 0.44 0.48 0.52
v 4.6040555 -10.0859824 0.2300000 0.44 0.48 0.52
v 4.5568940 -10.1424401 0.2300000 0.44 0.48 0.52
v 4.5120144 -10.2007281 0.2300000 0.44 0.48 0.52
v 4.4694875 -10.2607543 0.2300000 0.44 0.48 0.52
v 4.4293808 -10.3224238 0.2300000 0.44 0.48 0.52
v 4.3917575 -10.3856390 0.2300000 0.44 0.48 0.52
v 4.3566772 -10.4503000 0.2300000 0.44 0.48 0.52
v 4.3241953 -10.5163046 0.2300000 0.44 0.48 0.52
v 4.2943632 -10.5835483 0.2300000 0.44 0.48 0.52
v 4.2672280 -10.6519249 0.2300000 0.44 0.48 0.52
v 4.2428328 -10.7213263 0.2300000 0.44 0.48 0.52
v 4.2212159 -10.7916426 0.2300000 0.44 0.48 0.52
v 4.2024117 -10.8627628 0.2300000 0.44 0.48 0.52
v 4.1864499 -10.9345743 0.2300000 0.44 0.48 0.52
v 4.1733556 -11.0069637 0.2300000 0.44 0.48 0.52
v 4.1631497 -11.0798163 0.2300000 0.44 0.48 0.52
v 4.1558481 -11.1530172 0.2300000 0.44 0.48 0.52
v 4.1514626 -11.2264504 0.2300000 0.44 0.48 0.52
v 4.1500000 -11.3000000 0.2300000 0.44 0.48 0.52
v 4.1514626 -11.3735496 0.2300000 0.44 0.48 0.52
v 4.1558481 -11.4469828 0.2300000 0.44 0.48 0.52
v 4.1631497 -11.5201837 0.2300000 0.44 0.48 0.52
v 4.1733556 -11.5930363 0.2300000 0.44 0.48 0.52
v 4.1864499 -11.6654257 0.2300000 0.44 0.48 0.52
v 4.2024117 -11.7372372 0.2300000 0.44 0.48 0.52
v 4.2212159 -11.8083574 0.2300000 0.44 0.48 0.52
v 4.2428328 -11.8786737 0.2300000 0.44 0.48 0.52
v 4.2672280 -11.9480751 0.2300000 0.44 0.48 0.52
v 4.2943632 -12.0164517 0.2300000 0.44 0.48 0.52
v 4.3241953 -12.0836954 0.2300000 0.44 0.48 0.52
v 4.3566772 -12.1497000 0.2300000 0.44 0.48 0.52
v 4.3917575 -12.2143610 0.2300000 0.44 0.48 0.52
v 4.4293808 -12.2775762 0.2300000 0.44 0.48 0.52
v 4.4694875 -12.3392457 0.2300000 0.44 0.48 0.52
v 4.5120144 -12.3992719 0.2300000 0.44 0.48 0.52
v 4.5568940 -12.4575599 0.2300000 0.44 0.48 0.52
v 4.6040555 -12.5140176 0.2300000 0.44 0.48 0.52
v 4.6534242 -12.5685557 0.2300000 0.44 0.48 0.52
v 4.7049222 -12.6210880 0.2300000 0.44 0.48 0.52
v 4.7584679 -12.6715313 0.2300000 0.44 0.48 0.52
v 4.8139768 -12.7198059 0.2300000 0.44 0.48 0.52
v 4.8713610 -12.7658356 0.2300000 0.44 0.48 0.52
v 4.9305298 -12.8095474 0.2300000 0.44 0.48 0.52
v 4.9913897 -12.8508724 0.2300000 0.44 0.48 0.52
v 5.0538444 -12.8897451 0.2300000 0.44 0.48 0.52
v 5.1177951 -12.9261041 0.2300000 0.44 0.48 0.52
v 5.1831408 -12.9598919 0.2300000 0.44 0.48 0.52
v 5.2497782 -12.9910551 0.2300000 0.44 0.48 0.52
v 5.3176017 -13.0195443 0.2300000 0.44 0.48 0.52
v 5.3865043 -13.0453146 0.2300000 0.44 0.48 0.52
v 5.4563770 -13.0683252 0.2300000 0.44 0.48 0.52
v 5.5271092 -13.0885397 0.2300000 0.44 0.48 0.52
v 5.5985892 -13.1059262 0.2300000 0.44 0.48 0.52
v 5.6707039 -13.1204571 0.2300000 0.44 0.48 0.52
v 5.7433393 -13.1321095 0.2300000 0.44 0.48 0.52
v 5.8163805 -13.1408650 0.2300000 0.44 0.48 0.52
v 5.8897120 -13.1467097 0.2300000 0.44 0.48 0.52
v 5.9632180 -13.1496343 0.2300000 0.44 0.48 0.52
v 6.0367820 -13.1496343 0.2300000 0.44 0.48 0.52
v 6.1102880 -13.1467097 0.2300000 0.44 0.48 0.52
v 6.1836195 -13.1408650 0.2300000 0.44 0.48 0.52
v 6.2566607 -13.1321095 0.2300000 0.44 0.48 0.52
v 6.3292961 -13.1204571 0.2300000 0.44 0.48 0.52
v 6.4014108 -13.1059262 0.2300000 0.44 0.48 0.52
v 6.4728908 -13.0885397 0.2300000 0.44 0.48 0.52
v 6.5436230 -13.0683252 0.2300000 0.44 0.48 0.52
v 6.6134957 -13.0453146 0.2300000 0.44 0.48 0.52
v 6.6823983 -13.0195443 0.2300000 0.44 0.48 0.52
v 6.7502218 -12.9910551 0.2300000 0.44 0.48 0.52
v 6.8168592 -12.9598919 0.2300000 0.44 0.48 0.52
v 6.8822049 -12.9261041 0.2300000 0.44 0.48 0.52
v 6.9461556 -12.8897451 0.2300000 0.44 0.48 0.52
v 7.0086103 -12.8508724 0.2300000 0.44 0.48 0.52
v 7.0694702 -12.8095474 0.2300000 0.44 0.48 0.52
v 7.1286390 -12.7658356 0.2300000 0.44 0.48 0.52
v 7.1860232 -12.7198059 0.2300000 0.44 0.48 0.52
v 7.2415321 -12.6715313 0.2300000 0.44 0.48 0.52
v 7.2950778 -12.6210880 0.2300000 0.44 0.48 0.52
v 7.3465758 -12.5685557 0.2300000 0.44 0.48 0.52
v 7.3959445 -12.5140176 0.2300000 0.44 0.48 0.52
v 7.4431060 -12.4575599 0.2300000 0.44 0.48 0.52
v 7.4879856 -12.3992719 0.2300000 0.44 0.48 0.52
v 7.5305125 -12.3392457 0.2300000 0.44 0.48 0.52
v 7.5706192 -12.2775762 0.2300000 0.44 0.48 0.52
v 7.6082425 -12.2143610 0.2300000 0.44 0.48 0.52
v 7.6433228 -12.1497000 0.2300000 0.44 0.48 0.52
v 7.6758047 -12.0836954 0.2300000 0.44 0.48 0.52
v 7.7056368 -12.0164517 0.2300000 0.44 0.48 0.52
v 7.7327720 -11.9480751 0.2300000 0.44 0.48 0.52
v 7.7571672 -11.8786737 0.2300000 0.44 0.48 0.52
v 7.7787841 -11.8083574 0.2300000 0.44 0.48 0.52
v 7.7975883 -11.7372372 0.2300000 0.44 0.48 0.52
v 7.8135501 -11.6654257 0.2300000 0.44 0.48 0.52
v 7.8266444 -11.5930363 0.2300000 0.44 0.48 0.52
v 7.8368503 -11.5201837 0.2300000 0.44 0.48 0.52
v 7.8441519 -11.4469828 0.2300000 0.44 0.48 0.52
v 7.8485374 -11.3735496 0.2300000 0.44 0.48 0.52
v 7.8500000 -11.3000000 0.2300000 0.44 0.48 0.52
v 7.6800000 -11.3000000 0.4000000 0.44 0.48 0.52
v 7.5100000 -11.3000000 0.5700000 0.44 0.48 0.52
v 7.3400000 -11.3000000 0.7400000 0.44 0.48 0.52
v 7.1700000 -11.3000000 0.9100000 0.44 0.48 0.52
v 7.6746892 -11.1665237 0.4000000 0.44 0.48 0.52
v 7.6587906 -11.0338913 0.4000000 0.44 0.48 0.52
v 7.6324045 -10.9029413 0.4000000 0.44 0.48 0.52
v 7.5052266 -11.1800302 0.5700000 0.44 0.48 0.52
v 7.5956978 -10.7745017 0.4000000 0.44 0.48 0.52
v 7.4909368 -11.0608190 0.5700000 0.44 0.48 0.52
v 7.5489026 -10.6493844 0.4000000 0.44 0.48 0.52
v 7.4672207 -10.9431199 0.5700000 0.44 0.48 0.52
v 7.3357640 -11.1935368 0.7400000 0.44 0.48 0.52
v 7.4923148 -10.5283806 0.4000000 0.44 0.48 0.52
v 7.4342284 -10.8276771 0.5700000 0.44 0.48 0.52
v 7.3230830 -11.0877466 0.7400000 0.44 0.48 0.52
v 7.4262920 -10.4122551 0.4000000 0.44 0.48 0.52
v 7.3921684 -10.7152205 0.5700000 0.44 0.48 0.52
v 7.3020369 -10.9832985 0.7400000 0.44 0.48 0.52
v 7.1663014 -11.2070433 0.9100000 0.44 0.48 0.52
v 7.3512518 -10.3017423 0.4000000 0.44 0.48 0.52
v 7.3413067 -10.6064611 0.5700000 0.44 0.48 0.52
v 7.2727590 -10.8808525 0.7400000 0.44 0.48 0.52
v 7.1552292 -11.1146743 0.9100000 0.44 0.48 0.52
v 7.2676686 -10.1975407 0.4000000 0.44 0.48 0.52
v 7.2819649 -10.5020864 0.5700000 0.44 0.48 0.52
v 7.2354342 -10.7810566 0.7400000 0.44 0.48 0.52
v 7.1368531 -11.0234770 0.9100000 0.44 0.48 0.52
v 7.1760707 -10.1003093 0.4000000 0.44 0.48 0.52
v 7.2145180 -10.4027564 0.5700000 0.44 0.48 0.52
v 7.1902987 -10.6845416 0.7400000 0.44 0.48 0.52
v 7.1112896 -10.9340280 0.9100000 0.44 0.48 0.52
v 7.0770373 -10.0106627 0.4000000 0.44 0.48 0.52
v 7.1393926 -10.3090991 0.5700000 0.44 0.48 0.52
v 7.1376377 -10.5919178 0.7400000 0.44 0.48 0.52
v 7.0787001 -10.8468927 0.9100000 0.44 0.48 0.52
v 6.9711946 -9.9291677 0.4000000 0.44 0.48 0.52
v 7.0570635 -10.2217066 0.5700000 0.44 0.48 0.52
v 7.0777842 -10.5037706 0.7400000 0.44 0.48 0.52
v 7.0392907 -10.7626222 0.9100000 0.44 0.48 0.52
v 6.8592116 -9.8563396 0.4000000 0.44 0.48 0.52
v 6.9680514 -10.1411314 0.5700000 0.44 0.48 0.52
v 7.0111166 -10.4206575 0.7400000 0.44 0.48 0.52
v 6.9933105 -10.6817491 0.9100000 0.44 0.48 0.52
v 6.7417964 -9.7926387 0.4000000 0.44 0.48 0.52
v 6.8729189 -10.0678829 0.5700000 0.44 0.48 0.52
v 6.9380564 -10.3431039 0.7400000 0.44 0.48 0.52
v 6.9410504 -10.6047848 0.9100000 0.44 0.48 0.52
v 6.6196914 -9.7384679 0.4000000 0.44 0.48 0.52
v 6.7722676 -10.0024243 0.5700000 0.44 0.48 0.52
v 6.8590655 -10.2716000 0.7400000 0.44 0.48 0.52
v 6.8828406 -10.5322159 0.9100000 0.44 0.48 0.52
v 6.4936685 -9.6941695 0.4000000 0.44 0.48 0.52
v 6.6667337 -9.9451693 0.5700000 0.44 0.48 0.52
v 6.7746433 -10.2065981 0.7400000 0.44 0.48 0.52
v 6.8190492 -10.4645011 0.9100000 0.44 0.48 0.52
v 6.3645244 -9.6600238 0.4000000 0.44 0.48 0.52
v 6.5569845 -9.8964801 0.5700000 0.44 0.48 0.52
v 6.6853235 -10.1485089 0.7400000 0.44 0.48 0.52
v 6.7500796 -10.4020687 0.9100000 0.44 0.48 0.52
v 6.2330757 -9.6362465 0.4000000 0.44 0.48 0.52
v 6.4437139 -9.8566643 0.5700000 0.44 0.48 0.52
v 6.5916710 -10.0976999 0.7400000 0.44 0.48 0.52
v 6.6763676 -10.3453132 0.9100000 0.44 0.48 0.52
v 6.1001534 -9.6229880 0.4000000 0.44 0.48 0.52
v 6.3276380 -9.8259738 0.5700000 0.44 0.48 0.52
v 6.4942777 -10.0544922 0.7400000 0.44 0.48 0.52
v 6.5983795 -10.2945936 0.9100000 0.44 0.48 0.52
v 5.9665979 -9.6203321 0.4000000 0.44 0.48 0.52
v 6.2094907 -9.8046025 0.5700000 0.44 0.48 0.52
v 6.3937594 -10.0191590 0.7400000 0.44 0.48 0.52
v 6.5166082 -10.2502305 0.9100000 0.44 0.48 0.52
v 5.8332536 -9.6282956 0.4000000 0.44 0.48 0.52
v 6.0900188 -9.7926856 0.5700000 0.44 0.48 0.52
v 6.2907516 -9.9919237 0.7400000 0.44 0.48 0.52
v 6.4315708 -10.2125044 0.9100000 0.44 0.48 0.52
v 5.7009635 -9.6468281 0.4000000 0.44 0.48 0.52
v 5.9699779 -9.7902985 0.5700000 0.44 0.48 0.52
v 6.1859056 -9.9729585 0.7400000 0.44 0.48 0.52
v 6.3438048 -10.1816538 0.9100000 0.44 0.48 0.52
v 5.5705641 -9.6758126 0.4000000 0.44 0.48 0.52
v 5.8501268 -9.7974562 0.5700000 0.44 0.48 0.52
v 6.0798843 -9.9623833 0.7400000 0.44 0.48 0.52
v 6.2538652 -10.1578737 0.9100000 0.44 0.48 0.52
v 5.4428796 -9.7150657 0.4000000 0.44 0.48 0.52
v 5.7312232 -9.8141134 0.5700000 0.44 0.48 0.52
v 5.9733579 -9.9602649 0.7400000 0.44 0.48 0.52
v 6.1623206 -10.1413145 0.9100000 0.44 0.48 0.52
v 5.3187175 -9.7643392 0.4000000 0.44 0.48 0.52
v 5.6140189 -9.8401649 0.5700000 0.44 0.48 0.52
v 5.8669999 -9.9666167 0.7400000 0.44 0.48 0.52
v 6.0697497 -10.1320809 0.9100000 0.44 0.48 0.52
v 5.1988626 -9.8233217 0.4000000 0.44 0.48 0.52
v 5.4992549 -9.8754459 0.5700000 0.44 0.48 0.52
v 5.7614828 -9.9813986 0.7400000 0.44 0.48 0.52
v 5.9767378 -10.1302313 0.9100000 0.44 0.48 0.52
v 5.0840728 -9.8916402 0.4000000 0.44 0.48 0.52
v 5.3876568 -9.9197334 0.5700000 0.44 0.48 0.52
v 5.6574737 -10.0045172 0.7400000 0.44 0.48 0.52
v 5.8838731 -10.1357773 0.9100000 0.44 0.48 0.52
v 4.9750738 -9.9688628 0.4000000 0.44 0.48 0.52
v 5.2799301 -9.9727475 0.5700000 0.44 0.48 0.52
v 5.5556302 -10.0358262 0.7400000 0.44 0.48 0.52
v 5.7917425 -10.1486839 0.9100000 0.44 0.48 0.52
v 4.8725546 -10.0545013 0.4000000 0.44 0.48 0.52
v 5.1767559 -10.0341528 0.5700000 0.44 0.48 0.52
v 5.4565961 -10.0751277 0.7400000 0.44 0.48 0.52
v 5.7009285 -10.1688695 0.9100000 0.44 0.48 0.52
v 4.7771636 -10.1480143 0.4000000 0.44 0.48 0.52
v 5.0787865 -10.1035612 0.5700000 0.44 0.48 0.52
v 5.3609975 -10.1221732 0.7400000 0.44 0.48 0.52
v 5.6120054 -10.1962064 0.9100000 0.44 0.48 0.52
v 4.6895037 -10.2488104 0.4000000 0.44 0.48 0.52
v 4.9866414 -10.1805339 0.5700000 0.44 0.48 0.52
v 5.2694390 -10.1766654 0.7400000 0.44 0.48 0.52
v 5.5255354 -10.2305219 0.9100000 0.44 0.48 0.52
v 4.6101292 -10.3562526 0.4000000 0.44 0.48 0.52
v 4.9009030 -10.2645842 0.5700000 0.44 0.48 0.52
v 5.1824993 -10.2382596 0.7400000 0.44 0.48 0.52
v 5.4420650 -10.2715990 0.9100000 0.44 0.48 0.52
v 4.5395419 -10.4696614 0.4000000 0.44 0.48 0.52
v 4.8221135 -10.3551808 0.5700000 0.44 0.48 0.52
v 5.1007281 -10.3065665 0.7400000 0.44 0.48 0.52
v 5.3621221 -10.3191780 0.9100000 0.44 0.48 0.52
v 4.4781881 -10.5883198 0.4000000 0.44 0.48 0.52
v 4.7507709 -10.4517508 0.5700000 0.44 0.48 0.52
v 5.0246424 -10.3811542 0.7400000 0.44 0.48 0.52
v 5.2862121 -10.3729580 0.9100000 0.44 0.48 0.52
v 4.4264557 -10.7114778 0.4000000 0.44 0.48 0.52
v 4.6873264 -10.5536837 0.5700000 0.44 0.48 0.52
v 4.9547232 -10.4615512 0.7400000 0.44 0.48 0.52
v 5.2148148 -10.4325991 0.9100000 0.44 0.48 0.52
v 4.3846718 -10.8383565 0.4000000 0.44 0.48 0.52
v 4.6321810 -10.6603351 0.5700000 0.44 0.48 0.52
v 4.8914126 -10.5472491 0.7400000 0.44 0.48 0.52
v 5.1483818 -10.4977242 0.9100000 0.44 0.48 0.52
v 4.3531004 -10.9681540 0.4000000 0.44 0.48 0.52
v 4.5856834 -10.7710306 0.5700000 0.44 0.48 0.52
v 4.8351108 -10.6377061 0.7400000 0.44 0.48 0.52
v 5.0873329 -10.5679216 0.9100000 0.44 0.48 0.52
v 4.3319413 -11.1000494 0.4000000 0.44 0.48 0.52
v 4.5481276 -10.8850705 0.5700000 0.44 0.48 0.52
v 4.7861739 -10.7323503 0.7400000 0.44 0.48 0.52
v 5.0320543 -10.6427473 0.9100000 0.44 0.48 0.52
v 4.3213282 -11.2332091 0.4000000 0.44 0.48 0.52
v 4.5197510 -11.0017336 0.5700000 0.44 0.48 0.52
v 4.7449111 -10.8305835 0.7400000 0.44 0.48 0.52
v 4.9828953 -10.7217284 0.9100000 0.44 0.48 0.52
v 4.3213282 -11.3667909 0.4000000 0.44 0.48 0.52
v 4.5007330 -11.1202825 0.5700000 0.44 0.48 0.52
v 4.7115834 -10.9317844 0.7400000 0.44 0.48 0.52
v 4.9401667 -10.8043656 0.9100000 0.44 0.48 0.52
v 4.3319413 -11.4999506 0.4000000 0.44 0.48 0.52
v 4.4911938 -11.2399677 0.5700000 0.44 0.48 0.52
v 4.6864015 -11.0353133 0.7400000 0.44 0.48 0.52
v 4.9041388 -10.8901363 0.9100000 0.44 0.48 0.52
v 4.3531004 -11.6318460 0.4000000 0.44 0.48 0.52
v 4.4911938 -11.3600323 0.5700000 0.44 0.48 0.52
v 4.6695246 -11.1405156 0.7400000 0.44 0.48 0.52
v 4.8750393 -10.9784983 0.9100000 0.44 0.48 0.52
v 4.3846718 -11.7616435 0.4000000 0.44 0.48 0.52
v 4.5007330 -11.4797175 0.5700000 0.44 0.48 0.52
v 4.6610594 -11.2467263 0.7400000 0.44 0.48 0.52
v 4.8530521 -11.0688929 0.9100000 0.44 0.48 0.52
v 4.4264557 -11.8885222 0.4000000 0.44 0.48 0.52
v 4.5197510 -11.5982664 0.5700000 0.44 0.48 0.52
v 4.6610594 -11.3532737 0.7400000 0.44 0.48 0.52
v 4.8383163 -11.1607487 0.9100000 0.44 0.48 0.52
v 4.4781881 -12.0116802 0.4000000 0.44 0.48 0.52
v 4.5481276 -11.7149295 0.5700000 0.44 0.48 0.52
v 4.6695246 -11.4594844 0.7400000 0.44 0.48 0.52
v 4.8309250 -11.2534849 0.9100000 0.44 0.48 0.52
v 4.5395419 -12.1303386 0.4000000 0.44 0.48 0.52
v 4.5856834 -11.8289694 0.5700000 0.44 0.48 0.52
v 4.6864015 -11.5646867 0.7400000 0.44 0.48 0.52
v 4.8309250 -11.3465151 0.9100000 0.44 0.48 0.52
v 4.6101292 -12.2437474 0.4000000 0.44 0.48 0.52
v 4.6321810 -11.9396649 0.5700000 0.44 0.48 0.52
v 4.7115834 -11.6682156 0.7400000 0.44 0.48 0.52
v 4.8383163 -11.4392513 0.9100000 0.44 0.48 0.52
v 4.6895037 -12.3511896 0.4000000 0.44 0.48 0.52
v 4.6873264 -12.0463163 0.5700000 0.44 0.48 0.52
v 4.7449111 -11.7694165 0.7400000 0.44 0.48 0.52
v 4.8530521 -11.5311071 0.9100000 0.44 0.48 0.52
v 4.7771636 -12.4519857 0.4000000 0.44 0.48 0.52
v 4.7507709 -12.1482492 0.5700000 0.44 0.48 0.52
v 4.7861739 -11.8676497 0.7400000 0.44 0.48 0.52
v 4.8750393 -11.6215017 0.9100000 0.44 0.48 0.52
v 4.8725546 -12.5454987 0.4000000 0.44 0.48 0.52
v 4.8221135 -12.2448192 0.5700000 0.44 0.48 0.52
v 4.8351108 -11.9622939 0.7400000 0.44 0.48 0.52
v 4.9041388 -11.7098637 0.9100000 0.44 0.48 0.52
v 4.9750738 -12.6311372 0.4000000 0.44 0.48 0.52
v 4.9009030 -12.3354158 0.5700000 0.44 0.48 0.52
v 4.8914126 -12.0527509 0.7400000 0.44 0.48 0.52
v 4.9401667 -11.7956344 0.9100000 0.44 0.48 0.52
v 5.0840728 -12.7083598 0.4000000 0.44 0.48 0.52
v 4.9866414 -12.4194661 0.5700000 0.44 0.48 0.52
v 4.9547232 -12.1384488 0.7400000 0.44 0.48 0.52
v 4.9828953 -11.8782716 0.9100000 0.44 0.48 0.52
v 5.1988626 -12.7766783 0.4000000 0.44 0.48 0.52
v 5.0787865 -12.4964388 0.5700000 0.44 0.48 0.52
v 5.0246424 -12.2188458 0.7400000 0.44 0.48 0.52
v 5.0320543 -11.9572527 0.9100000 0.44 0.48 0.52
v 5.3187175 -12.8356608 0.4000000 0.44 0.48 0.52
v 5.1767559 -12.5658472 0.5700000 0.44 0.48 0.52
v 5.1007281 -12.2934335 0.7400000 0.44 0.48 0.52
v 5.0873329 -12.0320784 0.9100000 0.44 0.48 0.52
v 5.4428796 -12.8849343 0.4000000 0.44 0.48 0.52
v 5.2799301 -12.6272525 0.5700000 0.44 0.48 0.52
v 5.1824993 -12.3617404 0.7400000 0.44 0.48 0.52
v 5.1483818 -12.1022758 0.9100000 0.44 0.48 0.52
v 5.5705641 -12.9241874 0.4000000 0.44 0.48 0.52
v 5.3876568 -12.6802666 0.5700000 0.44 0.48 0.52
v 5.2694390 -12.4233346 0.7400000 0.44 0.48 0.52
v 5.2148148 -12.1674009 0.9100000 0.44 0.48 0.52
v 5.7009635 -12.9531719 0.4000000 0.44 0.48 0.52
v 5.4992549 -12.7245541 0.5700000 0.44 0.48 0.52
v 5.3609975 -12.4778268 0.7400000 0.44 0.48 0.52
v 5.2862121 -12.2270420 0.9100000 0.44 0.48 0.52
v 5.8332536 -12.9717044 0.4000000 0.44 0.48 0.52
v 5.6140189 -12.7598351 0.5700000 0.44 0.48 0.52
v 5.4565961 -12.5248723 0.7400000 0.44 0.48 0.52
v 5.3621221 -12.2808220 0.9100000 0.44 0.48 0.52
v 5.9665979 -12.9796679 0.4000000 0.44 0.48 0.52
v 5.7312232 -12.7858866 0.5700000 0.44 0.48 0.52
v 5.5556302 -12.5641738 0.7400000 0.44 0.48 0.52
v 5.4420650 -12.3284010 0.9100000 0.44 0.48 0.52
v 6.1001534 -12.9770120 0.4000000 0.44 0.48 0.52
v 5.8501268 -12.8025438 0.5700000 0.44 0.48 0.52
v 5.6574737 -12.5954828 0.7400000 0.44 0.48 0.52
v 5.5255354 -12.3694781 0.9100000 0.44 0.48 0.52
v 6.2330757 -12.9637535 0.4000000 0.44 0.48 0.52
v 5.9699779 -12.8097015 0.5700000 0.44 0.48 0.52
v 5.7614828 -12.6186014 0.7400000 0.44 0.48 0.52
v 5.6120054 -12.4037936 0.9100000 0.44 0.48 0.52
v 6.3645244 -12.9399762 0.4000000 0.44 0.48 0.52
v 6.0900188 -12.8073144 0.5700000 0.44 0.48 0.52
v 5.8669999 -12.6333833 0.7400000 0.44 0.48 0.52
v 5.7009285 -12.4311305 0.9100000 0.44 0.48 0.52
v 6.4936685 -12.9058305 0.4000000 0.44 0.48 0.52
v 6.2094907 -12.7953975 0.5700000 0.44 0.48 0.52
v 5.9733579 -12.6397351 0.7400000 0.44 0.48 0.52
v 5.7917425 -12.4513161 0.9100000 0.44 0.48 0.52
v 6.6196914 -12.8615321 0.4000000 0.44 0.48 0.52
v 6.3276380 -12.7740262 0.5700000 0.44 0.48 0.52
v 6.0798843 -12.6376167 0.7400000 0.44 0.48 0.52
v 5.8838731 -12.4642227 0.9100000 0.44 0.48 0.52
v 6.7417964 -12.8073613 0.4000000 0.44 0.48 0.52
v 6.4437139 -12.7433357 0.5700000 0.44 0.48 0.52
v 6.1859056 -12.6270415 0.7400000 0.44 0.48 0.52
v 5.9767378 -12.4697687 0.9100000 0.44 0.48 0.52
v 6.8592116 -12.7436604 0.4000000 0.44 0.48 0.52
v 6.5569845 -12.7035199 0.5700000 0.44 0.48 0.52
v 6.2907516 -12.6080763 0.7400000 0.44 0.48 0.52
v 6.0697497 -12.4679191 0.9100000 0.44 0.48 0.52
v 6.9711946 -12.6708323 0.4000000 0.44 0.48 0.52
v 6.6667337 -12.6548307 0.5700000 0.44 0.48 0.52
v 6.3937594 -12.5808410 0.7400000 0.44 0.48 0.52
v 6.1623206 -12.4586855 0.9100000 0.44 0.48 0.52
v 7.0770373 -12.5893373 0.4000000 0.44 0.48 0.52
v 6.7722676 -12.5975757 0.5700000 0.44 0.48 0.52
v 6.4942777 -12.5455078 0.7400000 0.44 0.48 0.52
v 6.2538652 -12.4421263 0.9100000 0.44 0.48 0.52
v 7.1760707 -12.4996907 0.4000000 0.44 0.48 0.52
v 6.8729189 -12.5321171 0.5700000 0.44 0.48 0.52
v 6.5916710 -12.5023001 0.7400000 0.44 0.48 0.52
v 6.3438048 -12.4183462 0.9100000 0.44 0.48 0.52
v 7.2676686 -12.4024593 0.4000000 0.44 0.48 0.52
v 6.9680514 -12.4588686 0.5700000 0.44 0.48 0.52
v 6.6853235 -12.4514911 0.7400000 0.44 0.48 0.52
v 6.4315708 -12.3874956 0.9100000 0.44 0.48 0.52
v 7.3512518 -12.2982577 0.4000000 0.44 0.48 0.52
v 7.0570635 -12.3782934 0.5700000 0.44 0.48 0.52
v 6.7746433 -12.3934019 0.7400000 0.44 0.48 0.52
v 6.5166082 -12.3497695 0.9100000 0.44 0.48 0.52
v 7.4262920 -12.1877449 0.4000000 0.44 0.48 0.52
v 7.1393926 -12.2909009 0.5700000 0.44 0.48 0.52
v 6.8590655 -12.3284000 0.7400000 0.44 0.48 0.52
v 6.5983795 -12.3054064 0.9100000 0.44 0.48 0.52
v 7.4923148 -12.0716194 0.4000000 0.44 0.48 0.52
v 7.2145180 -12.1972436 0.5700000 0.44 0.48 0.52
v 6.9380564 -12.2568961 0.7400000 0.44 0.48 0.52
v 6.6763676 -12.2546868 0.9100000 0.44 0.48 0.52
v 7.5489026 -11.9506156 0.4000000 0.44 0.48 0.52
v 7.2819649 -12.0979136 0.5700000 0.44 0.48 0.52
v 7.0111166 -12.1793425 0.7400000 0.44 0.48 0.52
v 6.7500796 -12.1979313 0.9100000 0.44 0.48 0.52
v 7.5956978 -11.8254983 0.4000000 0.44 0.48 0.52
v 7.3413067 -11.9935389 0.5700000 0.44 0.48 0.52
v 7.0777842 -12.0962294 0.7400000 0.44 0.48 0.52
v 6.8190492 -12.1354989 0.9100000 0.44 0.48 0.52
v 7.6324045 -11.6970587 0.4000000 0.44 0.48 0.52
v 7.3921684 -11.8847795 0.5700000 0.44 0.48 0.52
v 7.1376377 -12.0080822 0.7400000 0.44 0.48 0.52
v 6.8828406 -12.0677841 0.9100000 0.44 0.48 0.52
v 7.6587906 -11.5661087 0.4000000 0.44 0.48 0.52
v 7.4342284 -11.7723229 0.5700000 0.44 0.48 0.52
v 7.1902987 -11.9154584 0.7400000 0.44 0.48 0.52
v 6.9410504 -11.9952152 0.9100000 0.44 0.48 0.52
v 7.6746892 -11.4334763 0.4000000 0.44 0.48 0.52
v 7.4672207 -11.6568801 0.5700000 0.44 0.48 0.52
v 7.2354342 -11.8189434 0.7400000 0.44 0.48 0.52
v 6.9933105 -11.9182509 0.9100000 0.44 0.48 0.52
v 7.4909368 -11.5391810 0.5700000 0.44 0.48 0.52
v 7.2727590 -11.7191475 0.7400000 0.44 0.48 0.52
v 7.0392907 -11.8373778 0.9100000 0.44 0.48 0.52
v 7.5052266 -11.4199698 0.5700000 0.44 0.48 0.52
v 7.3020369 -11.6167015 0.7400000 0.44 0.48 0.52
v 7.0787001 -11.7531073 0.9100000 0.44 0.48 0.52
v 7.3230830 -11.5122534 0.7400000 0.44 0.48 0.52
v 7.1112896 -11.6659720 0.9100000 0.44 0.48 0.52
v 7.3357640 -11.4064632 0.7400000 0.44 0.48 0.52
v 7.1368531 -11.5765230 0.9100000 0.44 0.48 0.52
v 7.1552292 -11.4853257 0.9100000 0.44 0.48 0.52
v 7.1663014 -11.3929567 0.9100000 0.44 0.48 0.52
v 7.0000000 -11.3000000 1.0800000 0.44 0.48 0.52
v 7.0000000 -11.3000000 5.0800000 0.44 0.48 0.52
v 6.9992094 -11.2602435 5.0800000 0.44 0.48 0.52
v 6.9968388 -11.2205498 5.0800000 0.44 0.48 0.52
v 6.9928921 -11.1809818 5.0800000 0.44 0.48 0.52
v 6.9873753 -11.1416020 5.0800000 0.44 0.48 0.52
v 6.9802974 -11.1024726 5.0800000 0.44 0.48 0.52
v 6.9716693 -11.0636556 5.0800000 0.44 0.48 0.52
v 6.9615049 -11.0252122 5.0800000 0.44 0.48 0.52
v 6.9498201 -10.9872034 5.0800000 0.44 0.48 0.52
v 6.9366335 -10.9496892 5.0800000 0.44 0.48 0.52
v 6.9219659 -10.9127288 5.0800000 0.44 0.48 0.52
v 6.9058404 -10.8763809 5.0800000 0.44 0.48 0.52
v 6.8882826 -10.8407027 5.0800000 0.44 0.48 0.52
v 6.8693203 -10.8057508 5.0800000 0.44 0.48 0.52
v 6.8489834 -10.7715804 5.0800000 0.44 0.48 0.52
v 6.8273040 -10.7382456 5.0800000 0.44 0.48 0.52
v 6.8043166 -10.7057990 5.0800000 0.44 0.48 0.52
v 6.7800573 -10.6742919 5.0800000 0.44 0.48 0.52
v 6.7545646 -10.6437743 5.0800000 0.44 0.48 0.52
v 6.7278788 -10.6142942 5.0800000 0.44 0.48 0.52
v 6.7000421 -10.5858984 5.0800000 0.44 0.48 0.52
v 6.6710984 -10.5586317 5.0800000 0.44 0.48 0.52
v 6.6410936 -10.5325373 5.0800000 0.44 0.48 0.52
v 6.6100751 -10.5076564 5.0800000 0.44 0.48 0.52
v 6.5780920 -10.4840284 5.0800000 0.44 0.48 0.52
v 6.5451948 -10.4616906 5.0800000 0.44 0.48 0.52
v 6.5114355 -10.4406783 5.0800000 0.44 0.48 0.52
v 6.4768675 -10.4210248 5.0800000 0.44 0.48 0.52
v 6.4415455 -10.4027611 5.0800000 0.44 0.48 0.52
v 6.4055253 -10.3859162 5.0800000 0.44 0.48 0.52
v 6.3688639 -10.3705166 5.0800000 0.44 0.48 0.52
v 6.3316193 -10.3565867 5.0800000 0.44 0.48 0.52
v 6.2938503 -10.3441485 5.0800000 0.44 0.48 0.52
v 6.2556166 -10.3332218 5.0800000 0.44 0.48 0.52
v 6.2169788 -10.3238237 5.0800000 0.44 0.48 0.52
v 6.1779979 -10.3159691 5.0800000 0.44 0.48 0.52
v 6.1387355 -10.3096705 5.0800000 0.44 0.48 0.52
v 6.0992538 -10.3049378 5.0800000 0.44 0.48 0.52
v 6.0596151 -10.3017786 5.0800000 0.44 0.48 0.52
v 6.0198822 -10.3001977 5.0800000 0.44 0.48 0.52
v 5.9801178 -10.3001977 5.0800000 0.44 0.48 0.52
v 5.9403849 -10.3017786 5.0800000 0.44 0.48 0.52
v 5.9007462 -10.3049378 5.0800000 0.44 0.48 0.52
v 5.8612645 -10.3096705 5.0800000 0.44 0.48 0.52
v 5.8220021 -10.3159691 5.0800000 0.44 0.48 0.52
v 5.7830212 -10.3238237 5.0800000 0.44 0.48 0.52
v 5.7443834 -10.3332218 5.0800000 0.44 0.48 0.52
v 5.7061497 -10.3441485 5.0800000 0.44 0.48 0.52
v 5.6683807 -10.3565867 5.0800000 0.44 0.48 0.52
v 5.6311361 -10.3705166 5.0800000 0.44 0.48 0.52
v 5.5944747 -10.3859162 5.0800000 0.44 0.48 0.52
v 5.5584545 -10.4027611 5.0800000 0.44 0.48 0.52
v 5.5231325 -10.4210248 5.0800000 0.44 0.48 0.52
v 5.4885645 -10.4406783 5.0800000 0.44 0.48 0.52
v 5.4548052 -10.4616906 5.0800000 0.44 0.48 0.52
v 5.4219080 -10.4840284 5.0800000 0.44 0.48 0.52
v 5.3899249 -10.5076564 5.0800000 0.44 0.48 0.52
v 5.3589064 -10.5325373 5.0800000 0.44 0.48 0.52
v 5.3289016 -10.5586317 5.0800000 0.44 0.48 0.52
v 5.2999579 -10.5858984 5.0800000 0.44 0.48 0.52
v 5.2721212 -10.6142942 5.0800000 0.44 0.48 0.52
v 5.2454354 -10.6437743 5.0800000 0.44 0.48 0.52
v 5.2199427 -10.6742919 5.0800000 0.44 0.48 0.52
v 5.1956834 -10.7057990 5.0800000 0.44 0.48 0.52
v 5.1726960 -10.7382456 5.0800000 0.44 0.48 0.52
v 5.1510166 -10.7715804 5.0800000 0.44 0.48 0.52
v 5.1306797 -10.8057508 5.0800000 0.44 0.48 0.52
v 5.1117174 -10.8407027 5.0800000 0.44 0.48 0.52
v 5.0941596 -10.8763809 5.0800000 0.44 0.48 0.52
v 5.0780341 -10.9127288 5.0800000 0.44 0.48 0.52
v 5.0633665 -10.9496892 5.0800000 0.44 0.48 0.52
v 5.0501799 -10.9872034 5.0800000 0.44 0.48 0.52
v 5.0384951 -11.0252122 5.0800000 0.44 0.48 0.52
v 5.0283307 -11.0636556 5.0800000 0.44 0.48 0.52
v 5.0197026 -11.1024726 5.0800000 0.44 0.48 0.52
v 5.0126247 -11.1416020 5.0800000 0.44 0.48 0.52
v 5.0071079 -11.1809818 5.0800000 0.44 0.48 0.52
v 5.0031612 -11.2205498 5.0800000 0.44 0.48 0.52
v 5.0007906 -11.2602435 5.0800000 0.44 0.48 0.52
v 5.0000000 -11.3000000 5.0800000 0.44 0.48 0.52
v 5.0007906 -11.3397565 5.0800000 0.44 0.48 0.52
v 5.0031612 -11.3794502 5.0800000 0.44 0.48 0.52
v 5.0071079 -11.4190182 5.0800000 0.44 0.48 0.52
v 5.0126247 -11.4583980 5.0800000 0.44 0.48 0.52
v 5.0197026 -11.4975274 5.0800000 0.44 0.48 0.52
v 5.0283307 -11.5363444 5.0800000 0.44 0.48 0.52
v 5.0384951 -11.5747878 5.0800000 0.44 0.48 0.52
v 5.0501799 -11.6127966 5.0800000 0.44 0.48 0.52
v 5.0633665 -11.6503108 5.0800000 0.44 0.48 0.52
v 5.0780341 -11.6872712 5.0800000 0.44 0.48 0.52
v 5.0941596 -11.7236191 5.0800000 0.44 0.48 0.52
v 5.1117174 -11.7592973 5.0800000 0.44 0.48 0.52
v 5.1306797 -11.7942492 5.0800000 0.44 0.48 0.52
v 5.1510166 -11.8284196 5.0800000 0.44 0.48 0.52
v 5.1726960 -11.8617544 5.0800000 0.44 0.48 0.52
v 5.1956834 -11.8942010 5.0800000 0.44 0.48 0.52
v 5.2199427 -11.9257081 5.0800000 0.44 0.48 0.52
v 5.2454354 -11.9562257 5.0800000 0.44 0.48 0.52
v 5.2721212 -11.9857058 5.0800000 0.44 0.48 0.52
v 5.2999579 -12.0141016 5.0800000 0.44 0.48 0.52
v 5.3289016 -12.0413683 5.0800000 0.44 0.48 0.52
v 5.3589064 -12.0674627 5.0800000 0.44 0.48 0.52
v 5.3899249 -12.0923436 5.0800000 0.44 0.48 0.52
v 5.4219080 -12.1159716 5.0800000 0.44 0.48 0.52
v 5.4548052 -12.1383094 5.0800000 0.44 0.48 0.52
v 5.4885645 -12.1593217 5.0800000 0.44 0.48 0.52
v 5.5231325 -12.1789752 5.0800000 0.44 0.48 0.52
v 5.5584545 -12.1972389 5.0800000 0.44 0.48 0.52
v 5.5944747 -12.2140838 5.0800000 0.44 0.48 0.52
v 5.6311361 -12.2294834 5.0800000 0.44 0.48 0.52
v 5.6683807 -12.2434133 5.0800000 0.44 0.48 0.52
v 5.7061497 -12.2558515 5.0800000 0.44 0.48 0.52
v 5.7443834 -12.2667782 5.0800000 0.44 0.48 0.52
v 5.7830212 -12.2761763 5.0800000 0.44 0.48 0.52
v 5.8220021 -12.2840309 5.0800000 0.44 0.48 0.52
v 5.8612645 -12.2903295 5.0800000 0.44 0.48 0.52
v 5.9007462 -12.2950622 5.0800000 0.44 0.48 0.52
v 5.9403849 -12.2982214 5.0800000 0.44 0.48 0.52
v 5.9801178 -12.2998023 5.0800000 0.44 0.48 0.52
v 6.0198822 -12.2998023 5.0800000 0.44 0.48 0.52
v 6.0596151 -12.2982214 5.0800000 0.44 0.48 0.52
v 6.0992538 -12.2950622 5.0800000 0.44 0.48 0.52
v 6.1387355 -12.2903295 5.0800000 0.44 0.48 0.52
v 6.1779979 -12.2840309 5.0800000 0.44 0.48 0.52
v 6.2169788 -12.2761763 5.0800000 0.44 0.48 0.52
v 6.2556166 -12.2667782 5.0800000 0.44 0.48 0.52
v 6.2938503 -12.2558515 5.0800000 0.44 0.48 0.52
v 6.3316193 -12.2434133 5.0800000 0.44 0.48 0.52
v 6.3688639 -12.2294834 5.0800000 0.44 0.48 0.52
v 6.4055253 -12.2140838 5.0800000 0.44 0.48 0.52
v 6.4415455 -12.1972389 5.0800000 0.44 0.48 0.52
v 6.4768675 -12.1789752 5.0800000 0.44 0.48 0.52
v 6.5114355 -12.1593217 5.0800000 0.44 0.48 0.52
v 6.5451948 -12.1383094 5.0800000 0.44 0.48 0.52
v 6.5780920 -12.1159716 5.0800000 0.44 0.48 0.52
v 6.6100751 -12.0923436 5.0800000 0.44 0.48 0.52
v 6.6410936 -12.0674627 5.0800000 0.44 0.48 0.52
v 6.6710984 -12.0413683 5.0800000 0.44 0.48 0.52
v 6.7000421 -12.0141016 5.0800000 0.44 0.48 0.52
v 6.7278788 -11.9857058 5.0800000 0.44 0.48 0.52
v 6.7545646 -11.9562257 5.0800000 0.44 0.48 0.52
v 6.7800573 -11.9257081 5.0800000 0.44 0.48 0.52
v 6.8043166 -11.8942010 5.0800000 0.44 0.48 0.52
v 6.8273040 -11.8617544 5.0800000 0.44 0.48 0.52
v 6.8489834 -11.8284196 5.0800000 0.44 0.48 0.52
v 6.8693203 -11.7942492 5.0800000 0.44 0.48 0.52
v 6.8882826 -11.7592973 5.0800000 0.44 0.48 0.52
v 6.9058404 -11.7236191 5.0800000 0.44 0.48 0.52
v 6.9219659 -11.6872712 5.0800000 0.44 0.48 0.52
v 6.9366335 -11.6503108 5.0800000 0.44 0.48 0.52
v 6.9498201 -11.6127966 5.0800000 0.44 0.48 0.52
v 6.9615049 -11.5747878 5.0800000 0.44 0.48 0.52
v 6.9716693 -11.5363444 5.0800000 0.44 0.48 0.52
v 6.9802974 -11.4975274 5.0800000 0.44 0.48 0.52
v 6.9873753 -11.4583980 5.0800000 0.44 0.48 0.52
v 6.9928921 -11.4190182 5.0800000 0.44 0.48 0.52
v 6.9968388 -11.3794502 5.0800000 0.44 0.48 0.52
v 6.9992094 -11.3397565 5.0800000 0.44 0.48 0.52
v 7.0000000 -11.3000000 5.0800000 0.44 0.48 0.52
v 7.0000000 -11.3000000 1.0800000 0.44 0.48 0.52
v 6.9992094 -11.2602435 1.0800000 0.44 0.48 0.52
v 6.9968388 -11.2205498 1.0800000 0.44 0.48 0.52
v 6.9928921 -11.1809818 1.0800000 0.44 0.48 0.52
v 6.9873753 -11.1416020 1.0800000 0.44 0.48 0.52
v 6.9802974 -11.1024726 1.0800000 0.44 0.48 0.52
v 6.9716693 -11.0636556 1.0800000 0.44 0.48 0.52
v 6.9615049 -11.0252122 1.0800000 0.44 0.48 0.52
v 6.9498201 -10.9872034 1.0800000 0.44 0.48 0.52
v 6.9366335 -10.9496892 1.0800000 0.44 0.48 0.52
v 6.9219659 -10.9127288 1.0800000 0.44 0.48 0.52
v 6.9058404 -10.8763809 1.0800000 0.44 0.48 0.52
v 6.8882826 -10.8407027 1.0800000 0.44 0.48 0.52
v 6.8693203 -10.8057508 1.0800000 0.44 0.48 0.52
v 6.8489834 -10.7715804 1.0800000 0.44 0.48 0.52
v 6.8273040 -10.7382456 1.0800000 0.44 0.48 0.52
v 6.8043166 -10.7057990 1.0800000 0.44 0.48 0.52
v 6.7800573 -10.6742919 1.0800000 0.44 0.48 0.52
v 6.7545646 -10.6437743 1.0800000 0.44 0.48 0.52
v 6.7278788 -10.6142942 1.0800000 0.44 0.48 0.52
v 6.7000421 -10.5858984 1.0800000 0.44 0.48 0.52
v 6.6710984 -10.5586317 1.0800000 0.44 0.48 0.52
v 6.6410936 -10.5325373 1.0800000 0.44 0.48 0.52
v 6.6100751 -10.5076564 1.0800000 0.44 0.48 0.52
v 6.5780920 -10.4840284 1.0800000 0.44 0.48 0.52
v 6.5451948 -10.4616906 1.0800000 0.44 0.48 0.52
v 6.5114355 -10.4406783 1.0800000 0.44 0.48 0.52
v 6.4768675 -10.4210248 1.0800000 0.44 0.48 0.52
v 6.4415455 -10.4027611 1.0800000 0.44 0.48 0.52
v 6.4055253 -10.3859162 1.0800000 0.44 0.48 0.52
v 6.3688639 -10.3705166 1.0800000 0.44 0.48 0.52
v 6.3316193 -10.3565867 1.0800000 0.44 0.48 0.52
v 6.2938503 -10.3441485 1.0800000 0.44 0.48 0.52
v 6.2556166 -10.3332218 1.0800000 0.44 0.48 0.52
v 6.2169788 -10.3238237 1.0800000 0.44 0.48 0.52
v 6.1779979 -10.3159691 1.0800000 0.44 0.48 0.52
v 6.1387355 -10.3096705 1.0800000 0.44 0.48 0.52
v 6.0992538 -10.3049378 1.0800000 0.44 0.48 0.52
v 6.0596151 -10.3017786 1.0800000 0.44 0.48 0.52
v 6.0198822 -10.3001977 1.0800000 0.44 0.48 0.52
v 5.9801178 -10.3001977 1.0800000 0.44 0.48 0.52
v 5.9403849 -10.3017786 1.0800000 0.44 0.48 0.52
v 5.9007462 -10.3049378 1.0800000 0.44 0.48 0.52
v 5.8612645 -10.3096705 1.0800000 0.44 0.48 0.52
v 5.8220021 -10.3159691 1.0800000 0.44 0.48 0.52
v 5.7830212 -10.3238237 1.0800000 0.44 0.48 0.52
v 5.7443834 -10.3332218 1.0800000 0.44 0.48 0.52
v 5.7061497 -10.3441485 1.0800000 0.44 0.48 0.52
v 5.6683807 -10.3565867 1.0800000 0.44 0.48 0.52
v 5.6311361 -10.3705166 1.0800000 0.44 0.48 0.52
v 5.5944747 -10.3859162 1.0800000 0.44 0.48 0.52
v 5.5584545 -10.4027611 1.0800000 0.44 0.48 0.52
v 5.5231325 -10.4210248 1.0800000 0.44 0.48 0.52
v 5.4885645 -10.4406783 1.0800000 0.44 0.48 0.52
v 5.4548052 -10.4616906 1.0800000 0.44 0.48 0.52
v 5.4219080 -10.4840284 1.0800000 0.44 0.48 0.52
v 5.3899249 -10.5076564 1.0800000 0.44 0.48 0.52
v 5.3589064 -10.5325373 1.0800000 0.44 0.48 0.52
v 5.3289016 -10.5586317 1.0800000 0.44 0.48 0.52
v 5.2999579 -10.5858984 1.0800000 0.44 0.48 0.52
v 5.2721212 -10.6142942 1.0800000 0.44 0.48 0.52
v 5.2454354 -10.6437743 1.0800000 0.44 0.48 0.52
v 5.2199427 -10.6742919 1.0800000 0.44 0.48 0.52
v 5.1956834 -10.7057990 1.0800000 0.44 0.48 0.52
v 5.1726960 -10.7382456 1.0800000 0.44 0.48 0.52
v 5.1510166 -10.7715804 1.0800000 0.44 0.48 0.52
v 5.1306797 -10.8057508 1.0800000 0.44 0.48 0.52
v 5.1117174 -10.8407027 1.0800000 0.44 0.48 0.52
v 5.0941596 -10.8763809 1.0800000 0.44 0.48 0.52
v 5.0780341 -10.9127288 1.0800000 0.44 0.48 0.52
v 5.0633665 -10.9496892 1.0800000 0.44 0.48 0.52
v 5.0501799 -10.9872034 1.0800000 0.44 0.48 0.52
v 5.0384951 -11.0252122 1.0800000 0.44 0.48 0.52
v 5.0283307 -11.0636556 1.0800000 0.44 0.48 0.52
v 5.0197026 -11.1024726 1.0800000 0.44 0.48 0.52
v 5.0126247 -11.1416020 1.0800000 0.44 0.48 0.52
v 5.0071079 -11.1809818 1.0800000 0.44 0.48 0.52
v 5.0031612 -11.2205498 1.0800000 0.44 0.48 0.52
v 5.0007906 -11.2602435 1.0800000 0.44 0.48 0.52
v 5.0000000 -11.3000000 1.0800000 0.44 0.48 0.52
v 5.0007906 -11.3397565 1.0800000 0.44 0.48 0.52
v 5.0031612 -11.3794502 1.0800000 0.44 0.48 0.52
v 5.0071079 -11.4190182 1.0800000 0.44 0.48 0.52
v 5.0126247 -11.4583980 1.0800000 0.44 0.48 0.52
v 5.0197026 -11.4975274 1.0800000 0.44 0.48 0.52
v 5.0283307 -11.5363444 1.0800000 0.44 0.48 0.52
v 5.0384951 -11.5747878 1.0800000 0.44 0.48 0.52
v 5.0501799 -11.6127966 1.0800000 0.44 0.48 0.52
v 5.0633665 -11.6503108 1.0800000 0.44 0.48 0.52
v 5.0780341 -11.6872712 1.0800000 0.44 0.48 0.52
v 5.0941596 -11.7236191 1.0800000 0.44 0.48 0.52
v 5.1117174 -11.7592973 1.0800000 0.44 0.48 0.52
v 5.1306797 -11.7942492 1.0800000 0.44 0.48 0.52
v 5.1510166 -11.8284196 1.0800000 0.44 0.48 0.52
v 5.1726960 -11.8617544 1.0800000 0.44 0.48 0.52
v 5.1956834 -11.8942010 1.0800000 0.44 0.48 0.52
v 5.2199427 -11.9257081 1.0800000 0.44 0.48 0.52
v 5.2454354 -11.9562257 1.0800000 0.44 0.48 0.52
v 5.2721212 -11.9857058 1.0800000 0.44 0.48 0.52
v 5.2999579 -12.0141016 1.0800000 0.44 0.48 0.52
v 5.3289016 -12.0413683 1.0800000 0.44 0.48 0.52
v 5.3589064 -12.0674627 1.0800000 0.44 0.48 0.52
v 5.3899249 -12.0923436 1.0800000 0.44 0.48 0.52
v 5.4219080 -12.1159716 1.0800000 0.44 0.48 0.52
v 5.4548052 -12.1383094 1.0800000 0.44 0.48 0.52
v 5.4885645 -12.1593217 1.0800000 0.44 0.48 0.52
v 5.5231325 -12.1789752 1.0800000 0.44 0.48 0.52
v 5.5584545 -12.1972389 1.0800000 0.44 0.48 0.52
v 5.5944747 -12.2140838 1.0800000 0.44 0.48 0.52
v 5.6311361 -12.2294834 1.0800000 0.44 0.48 0.52
v 5.6683807 -12.2434133 1.0800000 0.44 0.48 0.52
v 5.7061497 -12.2558515 1.0800000 0.44 0.48 0.52
v 5.7443834 -12.2667782 1.0800000 0.44 0.48 0.52
v 5.7830212 -12.2761763 1.0800000 0.44 0.48 0.52
v 5.8220021 -12.2840309 1.0800000 0.44 0.48 0.52
v 5.8612645 -12.2903295 1.0800000 0.44 0.48 0.52
v 5.9007462 -12.2950622 1.0800000 0.44 0.48 0.52
v 5.9403849 -12.2982214 1.0800000 0.44 0.48 0.52
v 5.9801178 -12.2998023 1.0800000 0.44 0.48 0.52
v 6.0198822 -12.2998023 1.0800000 0.44 0.48 0.52
v 6.0596151 -12.2982214 1.0800000 0.44 0.48 0.52
v 6.0992538 -12.2950622 1.0800000 0.44 0.48 0.52
v 6.1387355 -12.2903295 1.0800000 0.44 0.48 0.52
v 6.1779979 -12.2840309 1.0800000 0.44 0.48 0.52
v 6.2169788 -12.2761763 1.0800000 0.44 0.48 0.52
v 6.2556166 -12.2667782 1.0800000 0.44 0.48 0.52
v 6.2938503 -12.2558515 1.0800000 0.44 0.48 0.52
v 6.3316193 -12.2434133 1.0800000 0.44 0.48 0.52
v 6.3688639 -12.2294834 1.0800000 0.44 0.48 0.52
v 6.4055253 -12.2140838 1.0800000 0.44 0.48 0.52
v 6.4415455 -12.1972389 1.0800000 0.44 0.48 0.52
v 6.4768675 -12.1789752 1.0800000 0.44 0.48 0.52
v 6.5114355 -12.1593217 1.0800000 0.44 0.48 0.52
v 6.5451948 -12.1383094 1.0800000 0.44 0.48 0.52
v 6.5780920 -12.1159716 1.0800000 0.44 0.48 0.52
v 6.6100751 -12.0923436 1.0800000 0.44 0.48 0.52
v 6.6410936 -12.0674627 1.0800000 0.44 0.48 0.52
v 6.6710984 -12.0413683 1.0800000 0.44 0.48 0.52
v 6.7000421 -12.0141016 1.0800000 0.44 0.48 0.52
v 6.7278788 -11.9857058 1.0800000 0.44 0.48 0.52
v 6.7545646 -11.9562257 1.0800000 0.44 0.48 0.52
v 6.7800573 -11.9257081 1.0800000 0.44 0.48 0.52
v 6.8043166 -11.8942010 1.0800000 0.44 0.48 0.52
v 6.8273040 -11.8617544 1.0800000 0.44 0.48 0.52
v 6.8489834 -11.8284196 1.0800000 0.44 0.48 0.52
v 6.8693203 -11.7942492 1.0800000 0.44 0.48 0.52
v 6.8882826 -11.7592973 1.0800000 0.44 0.48 0.52
v 6.9058404 -11.7236191 1.0800000 0.44 0.48 0.52
v 6.9219659 -11.6872712 1.0800000 0.44 0.48 0.52
v 6.9366335 -11.6503108 1.0800000 0.44 0.48 0.52
v 6.9498201 -11.6127966 1.0800000 0.44 0.48 0.52
v 6.9615049 -11.5747878 1.0800000 0.44 0.48 0.52
v 6.9716693 -11.5363444 1.0800000 0.44 0.48 0.52
v 6.9802974 -11.4975274 1.0800000 0.44 0.48 0.52
v 6.9873753 -11.4583980 1.0800000 0.44 0.48 0.52
v 6.9928921 -11.4190182 1.0800000 0.44 0.48 0.52
v 6.9968388 -11.3794502 1.0800000 0.44 0.48 0.52
v 6.9992094 -11.3397565 1.0800000 0.44 0.48 0.52
v 7.8500000 -11.3000000 0.2300000 0.44 0.48 0.52
v 7.8485374 -11.2264504 0.2300000 0.44 0.48 0.52
v 7.8441519 -11.1530172 0.2300000 0.44 0.48 0.52
v 7.8368503 -11.0798163 0.2300000 0.44 0.48 0.52
v 7.8266444 -11.0069637 0.2300000 0.44 0.48 0.52
v 7.8135501 -10.9345743 0.2300000 0.44 0.48 0.52
v 7.7975883 -10.8627628 0.2300000 0.44 0.48 0.52
v 7.7787841 -10.7916426 0.2300000 0.44 0.48 0.52
v 7.7571672 -10.7213263 0.2300000 0.44 0.48 0.52
v 7.7327720 -10.6519249 0.2300000 0.44 0.48 0.52
v 7.7056368 -10.5835483 0.2300000 0.44 0.48 0.52
v 7.6758047 -10.5163046 0.2300000 0.44 0.48 0.52
v 7.6433228 -10.4503000 0.2300000 0.44 0.48 0.52
v 7.6082425 -10.3856390 0.2300000 0.44 0.48 0.52
v 7.5706192 -10.3224238 0.2300000 0.44 0.48 0.52
v 7.5305125 -10.2607543 0.2300000 0.44 0.48 0.52
v 7.4879856 -10.2007281 0.2300000 0.44 0.48 0.52
v 7.4431060 -10.1424401 0.2300000 0.44 0.48 0.52
v 7.3959445 -10.0859824 0.2300000 0.44 0.48 0.52
v 7.3465758 -10.0314443 0.2300000 0.44 0.48 0.52
v 7.2950778 -9.9789120 0.2300000 0.44 0.48 0.52
v 7.2415321 -9.9284687 0.2300000 0.44 0.48 0.52
v 7.1860232 -9.8801941 0.2300000 0.44 0.48 0.52
v 7.1286390 -9.8341644 0.2300000 0.44 0.48 0.52
v 7.0694702 -9.7904526 0.2300000 0.44 0.48 0.52
v 7.0086103 -9.7491276 0.2300000 0.44 0.48 0.52
v 6.9461556 -9.7102549 0.2300000 0.44 0.48 0.52
v 6.8822049 -9.6738959 0.2300000 0.44 0.48 0.52
v 6.8168592 -9.6401081 0.2300000 0.44 0.48 0.52
v 6.7502218 -9.6089449 0.2300000 0.44 0.48 0.52
v 6.6823983 -9.5804557 0.2300000 0.44 0.48 0.52
v 6.6134957 -9.5546854 0.2300000 0.44 0.48 0.52
v 6.5436230 -9.5316748 0.2300000 0.44 0.48 0.52
v 6.4728908 -9.5114603 0.2300000 0.44 0.48 0.52
v 6.4014108 -9.4940738 0.2300000 0.44 0.48 0.52
v 6.3292961 -9.4795429 0.2300000 0.44 0.48 0.52
v 6.2566607 -9.4678905 0.2300000 0.44 0.48 0.52
v 6.1836195 -9.4591350 0.2300000 0.44 0.48 0.52
v 6.1102880 -9.4532903 0.2300000 0.44 0.48 0.52
v 6.0367820 -9.4503657 0.2300000 0.44 0.48 0.52
v 5.9632180 -9.4503657 0.2300000 0.44 0.48 0.52
v 5.8897120 -9.4532903 0.2300000 0.44 0.48 0.52
v 5.8163805 -9.4591350 0.2300000 0.44 0.48 0.52
v 5.7433393 -9.4678905 0.2300000 0.44 0.48 0.52
v 5.6707039 -9.4795429 0.2300000 0.44 0.48 0.52
v 5.5985892 -9.4940738 0.2300000 0.44 0.48 0.52
v 5.5271092 -9.5114603 0.2300000 0.44 0.48 0.52
v 5.4563770 -9.5316748 0.2300000 0.44 0.48 0.52
v 5.3865043 -9.5546854 0.2300000 0.44 0.48 0.52
v 5.3176017 -9.5804557 0.2300000 0.44 0.48 0.52
v 5.2497782 -9.6089449 0.2300000 0.44 0.48 0.52
v 5.1831408 -9.6401081 0.2300000 0.44 0.48 0.52
v 5.1177951 -9.6738959 0.2300000 0.44 0.48 0.52
v 5.0538444 -9.7102549 0.2300000 0.44 0.48 0.52
v 4.9913897 -9.7491276 0.2300000 0.44 0.48 0.52
v 4.9305298 -9.7904526 0.2300000 0.44 0.48 0.52
v 4.8713610 -9.8341644 0.2300000 0.44 0.48 0.52
v 4.8139768 -9.8801941 0.2300000 0.44 0.48 0.52
v 4.7584679 -9.9284687 0.2300000 0.44 0.48 0.52
v 4.7049222 -9.9789120 0.2300000 0.44 0.48 0.52
v 4.6534242 -10.0314443 0.2300000 0.44 0.48 0.52
v 4.6040555 -10.0859824 0.2300000 0.44 0.48 0.52
v 4.5568940 -10.1424401 0.2300000 0.44 0.48 0.52
v 4.5120144 -10.2007281 0.2300000 0.44 0.48 0.52
v 4.4694875 -10.2607543 0.2300000 0.44 0.48 0.52
v 4.4293808 -10.3224238 0.2300000 0.44 0.48 0.52
v 4.3917575 -10.3856390 0.2300000 0.44 0.48 0.52
v 4.3566772 -10.4503000 0.2300000 0.44 0.48 0.52
v 4.3241953 -10.5163046 0.2300000 0.44 0.48 0.52
v 4.2943632 -10.5835483 0.2300000 0.44 0.48 0.52
v 4.2672280 -10.6519249 0.2300000 0.44 0.48 0.52
v 4.2428328 -10.7213263 0.2300000 0.44 0.48 0.52
v 4.2212159 -10.7916426 0.2300000 0.44 0.48 0.52
v 4.2024117 -10.8627628 0.2300000 0.44 0.48 0.52
v 4.1864499 -10.9345743 0.2300000 0.44 0.48 0.52
v 4.1733556 -11.0069637 0.2300000 0.44 0.48 0.52
v 4.1631497 -11.0798163 0.2300000 0.44 0.48 0.52
v 4.1558481 -11.1530172 0.2300000 0.44 0.48 0.52
v 4.1514626 -11.2264504 0.2300000 0.44 0.48 0.52
v 4.1500000 -11.3000000 0.2300000 0.44 0.48 0.52
v 4.1514626 -11.3735496 0.2300000 0.44 0.48 0.52
v 4.1558481 -11.4469828 0.2300000 0.44 0.48 0.52
v 4.1631497 -11.5201837 0.2300000 0.44 0.48 0.52
v 4.1733556 -11.5930363 0.2300000 0.44 0.48 0.52
v 4.1864499 -11.6654257 0.2300000 0.44 0.48 0.52
v 4.2024117 -11.7372372 0.2300000 0.44 0.48 0.52
v 4.2212159 -11.8083574 0.2300000 0.44 0.48 0.52
v 4.2428328 -11.8786737 0.2300000 0.44 0.48 0.52
v 4.2672280 -11.9480751 0.2300000 0.44 0.48 0.52
v 4.2943632 -12.0164517 0.2300000 0.44 0.48 0.52
v 4.3241953 -12.0836954 0.2300000 0.44 0.48 0.52
v 4.3566772 -12.1497000 0.2300000 0.44 0.48 0.52
v 4.3917575 -12.2143610 0.2300000 0.44 0.48 0.52
v 4.4293808 -12.2775762 0.2300000 0.44 0.48 0.52
v 4.4694875 -12.3392457 0.2300000 0.44 0.48 0.52
v 4.5120144 -12.3992719 0.2300000 0.44 0.48 0.52
v 4.5568940 -12.4575599 0.2300000 0.44 0.48 0.52
v 4.6040555 -12.5140176 0.2300000 0.44 0.48 0.52
v 4.6534242 -12.5685557 0.2300000 0.44 0.48 0.52
v 4.7049222 -12.6210880 0.2300000 0.44 0.48 0.52
v 4.7584679 -12.6715313 0.2300000 0.44 0.48 0.52
v 4.8139768 -12.7198059 0.2300000 0.44 0.48 0.52
v 4.8713610 -12.7658356 0.2300000 0.44 0.48 0.52
v 4.9305298 -12.8095474 0.2300000 0.44 0.48 0.52
v 4.9913897 -12.8508724 0.2300000 0.44 0.48 0.52
v 5.0538444 -12.8897451 0.2300000 0.44 0.48 0.52
v 5.1177951 -12.9261041 0.2300000 0.44 0.48 0.52
v 5.1831408 -12.9598919 0.2300000 0.44 0.48 0.52
v 5.2497782 -12.9910551 0.2300000 0.44 0.48 0.52
v 5.3176017 -13.0195443 0.2300000 0.44 0.48 0.52
v 5.3865043 -13.0453146 0.2300000 0.44 0.48 0.52
v 5.4563770 -13.0683252 0.2300000 0.44 0.48 0.52
v 5.5271092 -13.0885397 0.2300000 0.44 0.48 0.52
v 5.5985892 -13.1059262 0.2300000 0.44 0.48 0.52
v 5.6707039 -13.1204571 0.2300000 0.44 0.48 0.52
v 5.7433393 -13.1321095 0.2300000 0.44 0.48 0.52
v 5.8163805 -13.1408650 0.2300000 0.44 0.48 0.52
v 5.8897120 -13.1467097 0.2300000 0.44 0.48 0.52
v 5.9632180 -13.1496343 0.2300000 0.44 0.48 0.52
v 6.0367820 -13.1496343 0.2300000 0.44 0.48 0.52
v 6.1102880 -13.1467097 0.2300000 0.44 0.48 0.52
v 6.1836195 -13.1408650 0.2300000 0.44 0.48 0.52
v 6.2566607 -13.1321095 0.2300000 0.44 0.48 0.52
v 6.3292961 -13.1204571 0.2300000 0.44 0.48 0.52
v 6.4014108 -13.1059262 0.2300000 0.44 0.48 0.52
v 6.4728908 -13.0885397 0.2300000 0.44 0.48 0.52
v 6.5436230 -13.0683252 0.2300000 0.44 0.48 0.52
v 6.6134957 -13.0453146 0.2300000 0.44 0.48 0.52
v 6.6823983 -13.0195443 0.2300000 0.44 0.48 0.52
v 6.7502218 -12.9910551 0.2300000 0.44 0.48 0.52
v 6.8168592 -12.9598919 0.2300000 0.44 0.48 0.52
v 6.8822049 -12.9261041 0.2300000 0.44 0.48 0.52
v 6.9461556 -12.8897451 0.2300000 0.44 0.48 0.52
v 7.0086103 -12.8508724 0.2300000 0.44 0.48 0.52
v 7.0694702 -12.8095474 0.2300000 0.44 0.48 0.52
v 7.1286390 -12.7658356 0.2300000 0.44 0.48 0.52
v 7.1860232 -12.7198059 0.2300000 0.44 0.48 0.52
v 7.2415321 -12.6715313 0.2300000 0.44 0.48 0.52
v 7.2950778 -12.6210880 0.2300000 0.44 0.48 0.52
v 7.3465758 -12.5685557 0.2300000 0.44 0.48 0.52
v 7.3959445 -12.5140176 0.2300000 0.44 0.48 0.52
v 7.4431060 -12.4575599 0.2300000 0.44 0.48 0.52
v 7.4879856 -12.3992719 0.2300000 0.44 0.48 0.52
v 7.5305125 -12.3392457 0.2300000 0.44 0.48 0.52
v 7.5706192 -12.2775762 0.2300000 0.44 0.48 0.52
v 7.6082425 -12.2143610 0.2300000 0.44 0.48 0.52
v 7.6433228 -12.1497000 0.2300000 0.44 0.48 0.52
v 7.6758047 -12.0836954 0.2300000 0.44 0.48 0.52
v 7.7056368 -12.0164517 0.2300000 0.44 0.48 0.52
v 7.7327720 -11.9480751 0.2300000 0.44 0.48 0.52
v 7.7571672 -11.8786737 0.2300000 0.44 0.48 0.52
v 7.7787841 -11.8083574 0.2300000 0.44 0.48 0.52
v 7.7975883 -11.7372372 0.2300000 0.44 0.48 0.52
v 7.8135501 -11.6654257 0.2300000 0.44 0.48 0.52
v 7.8266444 -11.5930363 0.2300000 0.44 0.48 0.52
v 7.8368503 -11.5201837 0.2300000 0.44 0.48 0.52
v 7.8441519 -11.4469828 0.2300000 0.44 0.48 0.52
v 7.8485374 -11.3735496 0.2300000 0.44 0.48 0.52
v 7.0000000 -11.3000000 5.0800000 0.44 0.48 0.52
v 6.9992094 -11.2602435 5.0800000 0.44 0.48 0.52
v 6.9968388 -11.2205498 5.0800000 0.44 0.48 0.52
v 6.9928921 -11.1809818 5.0800000 0.44 0.48 0.52
v 6.9873753 -11.1416020 5.0800000 0.44 0.48 0.52
v 6.9802974 -11.1024726 5.0800000 0.44 0.48 0.52
v 6.9716693 -11.0636556 5.0800000 0.44 0.48 0.52
v 6.9615049 -11.0252122 5.0800000 0.44 0.48 0.52
v 6.9498201 -10.9872034 5.0800000 0.44 0.48 0.52
v 6.9366335 -10.9496892 5.0800000 0.44 0.48 0.52
v 6.9219659 -10.9127288 5.0800000 0.44 0.48 0.52
v 6.9058404 -10.8763809 5.0800000 0.44 0.48 0.52
v 6.8882826 -10.8407027 5.0800000 0.44 0.48 0.52
v 6.8693203 -10.8057508 5.0800000 0.44 0.48 0.52
v 6.8489834 -10.7715804 5.0800000 0.44 0.48 0.52
v 6.8273040 -10.7382456 5.0800000 0.44 0.48 0.52
v 6.8043166 -10.7057990 5.0800000 0.44 0.48 0.52
v 6.7800573 -10.6742919 5.0800000 0.44 0.48 0.52
v 6.7545646 -10.6437743 5.0800000 0.44 0.48 0.52
v 6.7278788 -10.6142942 5.0800000 0.44 0.48 0.52
v 6.7000421 -10.5858984 5.0800000 0.44 0.48 0.52
v 6.6710984 -10.5586317 5.0800000 0.44 0.48 0.52
v 6.6410936 -10.5325373 5.0800000 0.44 0.48 0.52
v 6.6100751 -10.5076564 5.0800000 0.44 0.48 0.52
v 6.5780920 -10.4840284 5.0800000 0.44 0.48 0.52
v 6.5451948 -10.4616906 5.0800000 0.44 0.48 0.52
v 6.5114355 -10.4406783 5.0800000 0.44 0.48 0.52
v 6.4768675 -10.4210248 5.0800000 0.44 0.48 0.52
v 6.4415455 -10.4027611 5.0800000 0.44 0.48 0.52
v 6.4055253 -10.3859162 5.0800000 0.44 0.48 0.52
v 6.3688639 -10.3705166 5.0800000 0.44 0.48 0.52
v 6.3316193 -10.3565867 5.0800000 0.44 0.48 0.52
v 6.2938503 -10.3441485 5.0800000 0.44 0.48 0.52
v 6.2556166 -10.3332218 5.0800000 0.44 0.48 0.52
v 6.2169788 -10.3238237 5.0800000 0.44 0.48 0.52
v 6.1779979 -10.3159691 5.0800000 0.44 0.48 0.52
v 6.1387355 -10.3096705 5.0800000 0.44 0.48 0.52
v 6.0992538 -10.3049378 5.0800000 0.44 0.48 0.52
v 6.0596151 -10.3017786 5.0800000 0.44 0.48 0.52
v 6.0198822 -10.3001977 5.0800000 0.44 0.48 0.52
v 5.9801178 -10.3001977 5.0800000 0.44 0.48 0.52
v 5.9403849 -10.3017786 5.0800000 0.44 0.48 0.52
v 5.9007462 -10.3049378 5.0800000 0.44 0.48 0.52
v 5.8612645 -10.3096705 5.0800000 0.44 0.48 0.52
v 5.8220021 -10.3159691 5.0800000 0.44 0.48 0.52
v 5.7830212 -10.3238237 5.0800000 0.44 0.48 0.52
v 5.7443834 -10.3332218 5.0800000 0.44 0.48 0.52
v 5.7061497 -10.3441485 5.0800000 0.44 0.48 0.52
v 5.6683807 -10.3565867 5.0800000 0.44 0.48 0.52
v 5.6311361 -10.3705166 5.0800000 0.44 0.48 0.52
v 5.5944747 -10.3859162 5.0800000 0.44 0.48 0.52
v 5.5584545 -10.4027611 5.0800000 0.44 0.48 0.52
v 5.5231325 -10.4210248 5.0800000 0.44 0.48 0.52
v 5.4885645 -10.4406783 5.0800000 0.44 0.48 0.52
v 5.4548052 -10.4616906 5.0800000 0.44 0.48 0.52
v 5.4219080 -10.4840284 5.0800000 0.44 0.48 0.52
v 5.3899249 -10.5076564 5.0800000 0.44 0.48 0.52
v 5.3589064 -10.5325373 5.0800000 0.44 0.48 0.52
v 5.3289016 -10.5586317 5.0800000 0.44 0.48 0.52
v 5.2999579 -10.5858984 5.0800000 0.44 0.48 0.52
v 5.2721212 -10.6142942 5.0800000 0.44 0.48 0.52
v 5.2454354 -10.6437743 5.0800000 0.44 0.48 0.52
v 5.2199427 -10.6742919 5.0800000 0.44 0.48 0.52
v 5.1956834 -10.7057990 5.0800000 0.44 0.48 0.52
v 5.1726960 -10.7382456 5.0800000 0.44 0.48 0.52
v 5.1510166 -10.7715804 5.0800000 0.44 0.48 0.52
v 5.1306797 -10.8057508 5.0800000 0.44 0.48 0.52
v 5.1117174 -10.8407027 5.0800000 0.44 0.48 0.52
v 5.0941596 -10.8763809 5.0800000 0.44 0.48 0.52
v 5.0780341 -10.9127288 5.0800000 0.44 0.48 0.52
v 5.0633665 -10.9496892 5.0800000 0.44 0.48 0.52
v 5.0501799 -10.9872034 5.0800000 0.44 0.48 0.52
v 5.0384951 -11.0252122 5.0800000 0.44 0.48 0.52
v 5.0283307 -11.0636556 5.0800000 0.44 0.48 0.52
v 5.0197026 -11.1024726 5.0800000 0.44 0.48 0.52
v 5.0126247 -11.1416020 5.0800000 0.44 0.48 0.52
v 5.0071079 -11.1809818 5.0800000 0.44 0.48 0.52
v 5.0031612 -11.2205498 5.0800000 0.44 0.48 0.52
v 5.0007906 -11.2602435 5.0800000 0.44 0.48 0.52
v 5.0000000 -11.3000000 5.0800000 0.44 0.48 0.52
v 5.0007906 -11.3397565 5.0800000 0.44 0.48 0.52
v 5.0031612 -11.3794502 5.0800000 0.44 0.48 0.52
v 5.0071079 -11.4190182 5.0800000 0.44 0.48 0.52
v 5.0126247 -11.4583980 5.0800000 0.44 0.48 0.52
v 5.0197026 -11.4975274 5.0800000 0.44 0.48 0.52
v 5.0283307 -11.5363444 5.0800000 0.44 0.48 0.52
v 5.0384951 -11.5747878 5.0800000 0.44 0.48 0.52
v 5.0501799 -11.6127966 5.0800000 0.44 0.48 0.52
v 5.0633665 -11.6503108 5.0800000 0.44 0.48 0.52
v 5.0780341 -11.6872712 5.0800000 0.44 0.48 0.52
v 5.0941596 -11.7236191 5.0800000 0.44 0.48 0.52
v 5.1117174 -11.7592973 5.0800000 0.44 0.48 0.52
v 5.1306797 -11.7942492 5.0800000 0.44 0.48 0.52
v 5.1510166 -11.8284196 5.0800000 0.44 0.48 0.52
v 5.1726960 -11.8617544 5.0800000 0.44 0.48 0.52
v 5.1956834 -11.8942010 5.0800000 0.44 0.48 0.52
v 5.2199427 -11.9257081 5.0800000 0.44 0.48 0.52
v 5.2454354 -11.9562257 5.0800000 0.44 0.48 0.52
v 5.2721212 -11.9857058 5.0800000 0.44 0.48 0.52
v 5.2999579 -12.0141016 5.0800000 0.44 0.48 0.52
v 5.3289016 -12.0413683 5.0800000 0.44 0.48 0.52
v 5.3589064 -12.0674627 5.0800000 0.44 0.48 0.52
v 5.3899249 -12.0923436 5.0800000 0.44 0.48 0.52
v 5.4219080 -12.1159716 5.0800000 0.44 0.48 0.52
v 5.4548052 -12.1383094 5.0800000 0.44 0.48 0.52
v 5.4885645 -12.1593217 5.0800000 0.44 0.48 0.52
v 5.5231325 -12.1789752 5.0800000 0.44 0.48 0.52
v 5.5584545 -12.1972389 5.0800000 0.44 0.48 0.52
v 5.5944747 -12.2140838 5.0800000 0.44 0.48 0.52
v 5.6311361 -12.2294834 5.0800000 0.44 0.48 0.52
v 5.6683807 -12.2434133 5.0800000 0.44 0.48 0.52
v 5.7061497 -12.2558515 5.0800000 0.44 0.48 0.52
v 5.7443834 -12.2667782 5.0800000 0.44 0.48 0.52
v 5.7830212 -12.2761763 5.0800000 0.44 0.48 0.52
v 5.8220021 -12.2840309 5.0800000 0.44 0.48 0.52
v 5.8612645 -12.2903295 5.0800000 0.44 0.48 0.52
v 5.9007462 -12.2950622 5.0800000 0.44 0.48 0.52
v 5.9403849 -12.2982214 5.0800000 0.44 0.48 0.52
v 5.9801178 -12.2998023 5.0800000 0.44 0.48 0.52
v 6.0198822 -12.2998023 5.0800000 0.44 0.48 0.52
v 6.0596151 -12.2982214 5.0800000 0.44 0.48 0.52
v 6.0992538 -12.2950622 5.0800000 0.44 0.48 0.52
v 6.1387355 -12.2903295 5.0800000 0.44 0.48 0.52
v 6.1779979 -12.2840309 5.0800000 0.44 0.48 0.52
v 6.2169788 -12.2761763 5.0800000 0.44 0.48 0.52
v 6.2556166 -12.2667782 5.0800000 0.44 0.48 0.52
v 6.2938503 -12.2558515 5.0800000 0.44 0.48 0.52
v 6.3316193 -12.2434133 5.0800000 0.44 0.48 0.52
v 6.3688639 -12.2294834 5.0800000 0.44 0.48 0.52
v 6.4055253 -12.2140838 5.0800000 0.44 0.48 0.52
v 6.4415455 -12.1972389 5.0800000 0.44 0.48 0.52
v 6.4768675 -12.1789752 5.0800000 0.44 0.48 0.52
v 6.5114355 -12.1593217 5.0800000 0.44 0.48 0.52
v 6.5451948 -12.1383094 5.0800000 0.44 0.48 0.52
v 6.5780920 -12.1159716 5.0800000 0.44 0.48 0.52
v 6.6100751 -12.0923436 5.0800000 0.44 0.48 0.52
v 6.6410936 -12.0674627 5.0800000 0.44 0.48 0.52
v 6.6710984 -12.0413683 5.0800000 0.44 0.48 0.52
v 6.7000421 -12.0141016 5.0800000 0.44 0.48 0.52
v 6.7278788 -11.9857058 5.0800000 0.44 0.48 0.52
v 6.7545646 -11.9562257 5.0800000 0.44 0.48 0.52
v 6.7800573 -11.9257081 5.0800000 0.44 0.48 0.52
v 6.8043166 -11.8942010 5.0800000 0.44 0.48 0.52
v 6.8273040 -11.8617544 5.0800000 0.44 0.48 0.52
v 6.8489834 -11.8284196 5.0800000 0.44 0.48 0.52
v 6.8693203 -11.7942492 5.0800000 0.44 0.48 0.52
v 6.8882826 -11.7592973 5.0800000 0.44 0.48 0.52
v 6.9058404 -11.7236191 5.0800000 0.44 0.48 0.52
v 6.9219659 -11.6872712 5.0800000 0.44 0.48 0.52
v 6.9366335 -11.6503108 5.0800000 0.44 0.48 0.52
v 6.9498201 -11.6127966 5.0800000 0.44 0.48 0.52
v 6.9615049 -11.5747878 5.0800000 0.44 0.48 0.52
v 6.9716693 -11.5363444 5.0800000 0.44 0.48 0.52
v 6.9802974 -11.4975274 5.0800000 0.44 0.48 0.52
v 6.9873753 -11.4583980 5.0800000 0.44 0.48 0.52
v 6.9928921 -11.4190182 5.0800000 0.44 0.48 0.52
v 6.9968388 -11.3794502 5.0800000 0.44 0.48 0.52
v 6.9992094 -11.3397565 5.0800000 0.44 0.48 0.52
v -5.0000000 11.3000000 1.0800000 0.44 0.48 0.52
v -5.0007906 11.3397565 1.0800000 0.44 0.48 0.52
v -5.0031612 11.3794502 1.0800000 0.44 0.48 0.52
v -5.0071079 11.4190182 1.0800000 0.44 0.48 0.52
v -5.0126247 11.4583980 1.0800000 0.44 0.48 0.52
v -5.0197026 11.4975274 1.0800000 0.44 0.48 0.52
v -5.0283307 11.5363444 1.0800000 0.44 0.48 0.52
v -5.0384951 11.5747878 1.0800000 0.44 0.48 0.52
v -5.0501799 11.6127966 1.0800000 0.44 0.48 0.52
v -5.0633665 11.6503108 1.0800000 0.44 0.48 0.52
v -5.0780341 11.6872712 1.0800000 0.44 0.48 0.52
v -5.0941596 11.7236191 1.0800000 0.44 0.48 0.52
v -5.1117174 11.7592973 1.0800000 0.44 0.48 0.52
v -5.1306797 11.7942492 1.0800000 0.44 0.48 0.52
v -5.1510166 11.8284196 1.0800000 0.44 0.48 0.52
v -5.1726960 11.8617544 1.0800000 0.44 0.48 0.52
v -5.1956834 11.8942010 1.0800000 0.44 0.48 0.52
v -5.2199427 11.9257081 1.0800000 0.44 0.48 0.52
v -5.2454354 11.9562257 1.0800000 0.44 0.48 0.52
v -5.2721212 11.9857058 1.0800000 0.44 0.48 0.52
v -5.2999579 12.0141016 1.0800000 0.44 0.48 0.52
v -5.3289016 12.0413683 1.0800000 0.44 0.48 0.52
v -5.3589064 12.0674627 1.0800000 0.44 0.48 0.52
v -5.3899249 12.0923436 1.0800000 0.44 0.48 0.52
v -5.4219080 12.1159716 1.0800000 0.44 0.48 0.52
v -5.4548052 12.1383094 1.0800000 0.44 0.48 0.52
v -5.4885645 12.1593217 1.0800000 0.44 0.48 0.52
v -5.5231325 12.1789752 1.0800000 0.44 0.48 0.52
v -5.5584545 12.1972389 1.0800000 0.44 0.48 0.52
v -5.5944747 12.2140838 1.0800000 0.44 0.48 0.52
v -5.6311361 12.2294834 1.0800000 0.44 0.48 0.52
v -5.6683807 12.2434133 1.0800000 0.44 0.48 0.52
v -5.7061497 12.2558515 1.0800000 0.44 0.48 0.52
v -5.7443834 12.2667782 1.0800000 0.44 0.48 0.52
v -5.7830212 12.2761763 1.0800000 0.44 0.48 0.52
v -5.8220021 12.2840309 1.0800000 0.44 0.48 0.52
v -5.8612645 12.2903295 1.0800000 0.44 0.48 0.52
v -5.9007462 12.2950622 1.0800000 0.44 0.48 0.52
v -5.9403849 12.2982214 1.0800000 0.44 0.48 0.52
v -5.9801178 12.2998023 1.0800000 0.44 0.48 0.52
v -6.0198822 12.2998023 1.0800000 0.44 0.48 0.52
v -6.0596151 12.2982214 1.0800000 0.44 0.48 0.52
v -6.0992538 12.2950622 1.0800000 0.44 0.48 0.52
v -6.1387355 12.2903295 1.0800000 0.44 0.48 0.52
v -6.1779979 12.2840309 1.0800000 0.44 0.48 0.52
v -6.2169788 12.2761763 1.0800000 0.44 0.48 0.52
v -6.2556166 12.2667782 1.0800000 0.44 0.48 0.52
v -6.2938503 12.2558515 1.0800000 0.44 0.48 0.52
v -6.3316193 12.2434133 1.0800000 0.44 0.48 0.52
v -6.3688639 12.2294834 1.0800000 0.44 0.48 0.52
v -6.4055253 12.2140838 1.0800000 0.44 0.48 0.52
v -6.4415455 12.1972389 1.0800000 0.44 0.48 0.52
v -6.4768675 12.1789752 1.0800000 0.44 0.48 0.52
v -6.5114355 12.1593217 1.0800000 0.44 0.48 0.52
v -6.5451948 12.1383094 1.0800000 0.44 0.48 0.52
v -6.5780920 12.1159716 1.0800000 0.44 0.48 0.52
v -6.6100751 12.0923436 1.0800000 0.44 0.48 0.52
v -6.6410936 12.0674627 1.0800000 0.44 0.48 0.52
v -6.6710984 12.0413683 1.0800000 0.44 0.48 0.52
v -6.7000421 12.0141016 1.0800000 0.44 0.48 0.52
v -6.7278788 11.9857058 1.0800000 0.44 0.48 0.52
v -6.7545646 11.9562257 1.0800000 0.44 0.48 0.52
v -6.7800573 11.9257081 1.0800000 0.44 0.48 0.52
v -6.8043166 11.8942010 1.0800000 0.44 0.48 0.52
v -6.8273040 11.8617544 1.0800000 0.44 0.48 0.52
v -6.8489834 11.8284196 1.0800000 0.44 0.48 0.52
v -6.8693203 11.7942492 1.0800000 0.44 0.48 0.52
v -6.8882826 11.7592973 1.0800000 0.44 0.48 0.52
v -6.9058404 11.7236191 1.0800000 0.44 0.48 0.52
v -6.9219659 11.6872712 1.0800000 0.44 0.48 0.52
v -6.9366335 11.6503108 1.0800000 0.44 0.48 0.52
v -6.9498201 11.6127966 1.0800000 0.44 0.48 0.52
v -6.9615049 11.5747878 1.0800000 0.44 0.48 0.52
v -6.9716693 11.5363444 1.0800000 0.44 0.48 0.52
v -6.9802974 11.4975274 1.0800000 0.44 0.48 0.52
v -6.9873753 11.4583980 1.0800000 0.44 0.48 0.52
v -6.9928921 11.4190182 1.0800000 0.44 0.48 0.52
v -6.9968388 11.3794502 1.0800000 0.44 0.48 0.52
v -6.9992094 11.3397565 1.0800000 0.44 0.48 0.52
v -7.0000000 11.3000000 1.0800000 0.44 0.48 0.52
v -6.9992094 11.2602435 1.0800000 0.44 0.48 0.52
v -6.9968388 11.2205498 1.0800000 0.44 0.48 0.52
v -6.9928921 11.1809818 1.0800000 0.44 0.48 0.52
v -6.9873753 11.1416020 1.0800000 0.44 0.48 0.52
v -6.9802974 11.1024726 1.0800000 0.44 0.48 0.52
v -6.9716693 11.0636556 1.0800000 0.44 0.48 0.52
v -6.9615049 11.0252122 1.0800000 0.44 0.48 0.52
v -6.9498201 10.9872034 1.0800000 0.44 0.48 0.52
v -6.9366335 10.9496892 1.0800000 0.44 0.48 0.52
v -6.9219659 10.9127288 1.0800000 0.44 0.48 0.52
v -6.9058404 10.8763809 1.0800000 0.44 0.48 0.52
v -6.8882826 10.8407027 1.0800000 0.44 0.48 0.52
v -6.8693203 10.8057508 1.0800000 0.44 0.48 0.52
v -6.8489834 10.7715804 1.0800000 0.44 0.48 0.52
v -6.8273040 10.7382456 1.0800000 0.44 0.48 0.52
v -6.8043166 10.7057990 1.0800000 0.44 0.48 0.52
v -6.7800573 10.6742919 1.0800000 0.44 0.48 0.52
v -6.7545646 10.6437743 1.0800000 0.44 0.48 0.52
v -6.7278788 10.6142942 1.0800000 0.44 0.48 0.52
v -6.7000421 10.5858984 1.0800000 0.44 0.48 0.52
v -6.6710984 10.5586317 1.0800000 0.44 0.48 0.52
v -6.6410936 10.5325373 1.0800000 0.44 0.48 0.52
v -6.6100751 10.5076564 1.0800000 0.44 0.48 0.52
v -6.5780920 10.4840284 1.0800000 0.44 0.48 0.52
v -6.5451948 10.4616906 1.0800000 0.44 0.48 0.52
v -6.5114355 10.4406783 1.0800000 0.44 0.48 0.52
v -6.4768675 10.4210248 1.0800000 0.44 0.48 0.52
v -6.4415455 10.4027611 1.0800000 0.44 0.48 0.52
v -6.4055253 10.3859162 1.0800000 0.44 0.48 0.52
v -6.3688639 10.3705166 1.0800000 0.44 0.48 0.52
v -6.3316193 10.3565867 1.0800000 0.44 0.48 0.52
v -6.2938503 10.3441485 1.0800000 0.44 0.48 0.52
v -6.2556166 10.3332218 1.0800000 0.44 0.48 0.52
v -6.2169788 10.3238237 1.0800000 0.44 0.48 0.52
v -6.1779979 10.3159691 1.0800000 0.44 0.48 0.52
v -6.1387355 10.3096705 1.0800000 0.44 0.48 0.52
v -6.0992538 10.3049378 1.0800000 0.44 0.48 0.52
v -6.0596151 10.3017786 1.0800000 0.44 0.48 0.52
v -6.0198822 10.3001977 1.0800000 0.44 0.48 0.52
v -5.9801178 10.3001977 1.0800000 0.44 0.48 0.52
v -5.9403849 10.3017786 1.0800000 0.44 0.48 0.52
v -5.9007462 10.3049378 1.0800000 0.44 0.48 0.52
v -5.8612645 10.3096705 1.0800000 0.44 0.48 0.52
v -5.8220021 10.3159691 1.0800000 0.44 0.48 0.52
v -5.7830212 10.3238237 1.0800000 0.44 0.48 0.52
v -5.7443834 10.3332218 1.0800000 0.44 0.48 0.52
v -5.7061497 10.3441485 1.0800000 0.44 0.48 0.52
v -5.6683807 10.3565867 1.0800000 0.44 0.48 0.52
v -5.6311361 10.3705166 1.0800000 0.44 0.48 0.52
v -5.5944747 10.3859162 1.0800000 0.44 0.48 0.52
v -5.5584545 10.4027611 1.0800000 0.44 0.48 0.52
v -5.5231325 10.4210248 1.0800000 0.44 0.48 0.52
v -5.4885645 10.4406783 1.0800000 0.44 0.48 0.52
v -5.4548052 10.4616906 1.0800000 0.44 0.48 0.52
v -5.4219080 10.4840284 1.0800000 0.44 0.48 0.52
v -5.3899249 10.5076564 1.0800000 0.44 0.48 0.52
v -5.3589064 10.5325373 1.0800000 0.44 0.48 0.52
v -5.3289016 10.5586317 1.0800000 0.44 0.48 0.52
v -5.2999579 10.5858984 1.0800000 0.44 0.48 0.52
v -5.2721212 10.6142942 1.0800000 0.44 0.48 0.52
v -5.2454354 10.6437743 1.0800000 0.44 0.48 0.52
v -5.2199427 10.6742919 1.0800000 0.44 0.48 0.52
v -5.1956834 10.7057990 1.0800000 0.44 0.48 0.52
v -5.1726960 10.7382456 1.0800000 0.44 0.48 0.52
v -5.1510166 10.7715804 1.0800000 0.44 0.48 0.52
v -5.1306797 10.8057508 1.0800000 0.44 0.48 0.52
v -5.1117174 10.8407027 1.0800000 0.44 0.48 0.52
v -5.0941596 10.8763809 1.0800000 0.44 0.48 0.52
v -5.0780341 10.9127288 1.0800000 0.44 0.48 0.52
v -5.0633665 10.9496892 1.0800000 0.44 0.48 0.52
v -5.0501799 10.9872034 1.0800000 0.44 0.48 0.52
v -5.0384951 11.0252122 1.0800000 0.44 0.48 0.52
v -5.0283307 11.0636556 1.0800000 0.44 0.48 0.52
v -5.0197026 11.1024726 1.0800000 0.44 0.48 0.52
v -5.0126247 11.1416020 1.0800000 0.44 0.48 0.52
v -5.0071079 11.1809818 1.0800000 0.44 0.48 0.52
v -5.0031612 11.2205498 1.0800000 0.44 0.48 0.52
v -5.0007906 11.2602435 1.0800000 0.44 0.48 0.52
v -5.0000000 11.3000000 1.0800000 0.44 0.48 0.52
v -4.1500000 11.3000000 0.2300000 0.44 0.48 0.52
v -4.3200000 11.3000000 0.4000000 0.44 0.48 0.52
v -4.4900000 11.3000000 0.5700000 0.44 0.48 0.52
v -4.6600000 11.3000000 0.7400000 0.44 0.48 0.52
v -4.8300000 11.3000000 0.9100000 0.44 0.48 0.52
v -4.1514626 11.3735496 0.2300000 0.44 0.48 0.52
v -4.1558481 11.4469828 0.2300000 0.44 0.48 0.52
v -4.1631497 11.5201837 0.2300000 0.44 0.48 0.52
v -4.1733556 11.5930363 0.2300000 0.44 0.48 0.52
v -4.1864499 11.6654257 0.2300000 0.44 0.48 0.52
v -4.2024117 11.7372372 0.2300000 0.44 0.48 0.52
v -4.2212159 11.8083574 0.2300000 0.44 0.48 0.52
v -4.2428328 11.8786737 0.2300000 0.44 0.48 0.52
v -4.2672280 11.9480751 0.2300000 0.44 0.48 0.52
v -4.2943632 12.0164517 0.2300000 0.44 0.48 0.52
v -4.3241953 12.0836954 0.2300000 0.44 0.48 0.52
v -4.3566772 12.1497000 0.2300000 0.44 0.48 0.52
v -4.3917575 12.2143610 0.2300000 0.44 0.48 0.52
v -4.4293808 12.2775762 0.2300000 0.44 0.48 0.52
v -4.4694875 12.3392457 0.2300000 0.44 0.48 0.52
v -4.5120144 12.3992719 0.2300000 0.44 0.48 0.52
v -4.5568940 12.4575599 0.2300000 0.44 0.48 0.52
v -4.6040555 12.5140176 0.2300000 0.44 0.48 0.52
v -4.6534242 12.5685557 0.2300000 0.44 0.48 0.52
v -4.7049222 12.6210880 0.2300000 0.44 0.48 0.52
v -4.7584679 12.6715313 0.2300000 0.44 0.48 0.52
v -4.8139768 12.7198059 0.2300000 0.44 0.48 0.52
v -4.8713610 12.7658356 0.2300000 0.44 0.48 0.52
v -4.9305298 12.8095474 0.2300000 0.44 0.48 0.52
v -4.9913897 12.8508724 0.2300000 0.44 0.48 0.52
v -5.0538444 12.8897451 0.2300000 0.44 0.48 0.52
v -5.1177951 12.9261041 0.2300000 0.44 0.48 0.52
v -5.1831408 12.9598919 0.2300000 0.44 0.48 0.52
v -5.2497782 12.9910551 0.2300000 0.44 0.48 0.52
v -5.3176017 13.0195443 0.2300000 0.44 0.48 0.52
v -5.3865043 13.0453146 0.2300000 0.44 0.48 0.52
v -5.4563770 13.0683252 0.2300000 0.44 0.48 0.52
v -5.5271092 13.0885397 0.2300000 0.44 0.48 0.52
v -5.5985892 13.1059262 0.2300000 0.44 0.48 0.52
v -5.6707039 13.1204571 0.2300000 0.44 0.48 0.52
v -5.7433393 13.1321095 0.2300000 0.44 0.48 0.52
v -5.8163805 13.1408650 0.2300000 0.44 0.48 0.52
v -5.8897120 13.1467097 0.2300000 0.44 0.48 0.52
v -5.9632180 13.1496343 0.2300000 0.44 0.48 0.52
v -6.0367820 13.1496343 0.2300000 0.44 0.48 0.52
v -6.1102880 13.1467097 0.2300000 0.44 0.48 0.52
v -6.1836195 13.1408650 0.2300000 0.44 0.48 0.52
v -6.2566607 13.1321095 0.2300000 0.44 0.48 0.52
v -6.3292961 13.1204571 0.2300000 0.44 0.48 0.52
v -6.4014108 13.1059262 0.2300000 0.44 0.48 0.52
v -6.4728908 13.0885397 0.2300000 0.44 0.48 0.52
v -6.5436230 13.0683252 0.2300000 0.44 0.48 0.52
v -6.6134957 13.0453146 0.2300000 0.44 0.48 0.52
v -6.6823983 13.0195443 0.2300000 0.44 0.48 0.52
v -6.7502218 12.9910551 0.2300000 0.44 0.48 0.52
v -6.8168592 12.9598919 0.2300000 0.44 0.48 0.52
v -6.8822049 12.9261041 0.2300000 0.44 0.48 0.52
v -6.9461556 12.8897451 0.2300000 0.44 0.48 0.52
v -7.0086103 12.8508724 0.2300000 0.44 0.48 0.52
v -7.0694702 12.8095474 0.2300000 0.44 0.48 0.52
v -7.1286390 12.7658356 0.2300000 0.44 0.48 0.52
v -7.1860232 12.7198059 0.2300000 0.44 0.48 0.52
v -7.2415321 12.6715313 0.2300000 0.44 0.48 0.52
v -7.2950778 12.6210880 0.2300000 0.44 0.48 0.52
v -7.3465758 12.5685557 0.2300000 0.44 0.48 0.52
v -7.3959445 12.5140176 0.2300000 0.44 0.48 0.52
v -7.4431060 12.4575599 0.2300000 0.44 0.48 0.52
v -7.4879856 12.3992719 0.2300000 0.44 0.48 0.52
v -7.5305125 12.3392457 0.2300000 0.44 0.48 0.52
v -7.5706192 12.2775762 0.2300000 0.44 0.48 0.52
v -7.6082425 12.2143610 0.2300000 0.44 0.48 0.52
v -7.6433228 12.1497000 0.2300000 0.44 0.48 0.52
v -7.6758047 12.0836954 0.2300000 0.44 0.48 0.52
v -7.7056368 12.0164517 0.2300000 0.44 0.48 0.52
v -7.7327720 11.9480751 0.2300000 0.44 0.48 0.52
v -7.7571672 11.8786737 0.2300000 0.44 0.48 0.52
v -7.7787841 11.8083574 0.2300000 0.44 0.48 0.52
v -7.7975883 11.7372372 0.2300000 0.44 0.48 0.52
v -7.8135501 11.6654257 0.2300000 0.44 0.48 0.52
v -7.8266444 11.5930363 0.2300000 0.44 0.48 0.52
v -7.8368503 11.5201837 0.2300000 0.44 0.48 0.52
v -7.8441519 11.4469828 0.2300000 0.44 0.48 0.52
v -7.8485374 11.3735496 0.2300000 0.44 0.48 0.52
v -7.8500000 11.3000000 0.2300000 0.44 0.48 0.52
v -7.8485374 11.2264504 0.2300000 0.44 0.48 0.52
v -7.8441519 11.1530172 0.2300000 0.44 0.48 0.52
v -7.8368503 11.0798163 0.2300000 0.44 0.48 0.52
v -7.8266444 11.0069637 0.2300000 0.44 0.48 0.52
v -7.8135501 10.9345743 0.2300000 0.44 0.48 0.52
v -7.7975883 10.8627628 0.2300000 0.44 0.48 0.52
v -7.7787841 10.7916426 0.2300000 0.44 0.48 0.52
v -7.7571672 10.7213263 0.2300000 0.44 0.48 0.52
v -7.7327720 10.6519249 0.2300000 0.44 0.48 0.52
v -7.7056368 10.5835483 0.2300000 0.44 0.48 0.52
v -7.6758047 10.5163046 0.2300000 0.44 0.48 0.52
v -7.6433228 10.4503000 0.2300000 0.44 0.48 0.52
v -7.6082425 10.3856390 0.2300000 0.44 0.48 0.52
v -7.5706192 10.3224238 0.2300000 0.44 0.48 0.52
v -7.5305125 10.2607543 0.2300000 0.44 0.48 0.52
v -7.4879856 10.2007281 0.2300000 0.44 0.48 0.52
v -7.4431060 10.1424401 0.2300000 0.44 0.48 0.52
v -7.3959445 10.0859824 0.2300000 0.44 0.48 0.52
v -7.3465758 10.0314443 0.2300000 0.44 0.48 0.52
v -7.2950778 9.9789120 0.2300000 0.44 0.48 0.52
v -7.2415321 9.9284687 0.2300000 0.44 0.48 0.52
v -7.1860232 9.8801941 0.2300000 0.44 0.48 0.52
v -7.1286390 9.8341644 0.2300000 0.44 0.48 0.52
v -7.0694702 9.7904526 0.2300000 0.44 0.48 0.52
v -7.0086103 9.7491276 0.2300000 0.44 0.48 0.52
v -6.9461556 9.7102549 0.2300000 0.44 0.48 0.52
v -6.8822049 9.6738959 0.2300000 0.44 0.48 0.52
v -6.8168592 9.6401081 0.2300000 0.44 0.48 0.52
v -6.7502218 9.6089449 0.2300000 0.44 0.48 0.52
v -6.6823983 9.5804557 0.2300000 0.44 0.48 0.52
v -6.6134957 9.5546854 0.2300000 0.44 0.48 0.52
v -6.5436230 9.5316748 0.2300000 0.44 0.48 0.52
v -6.4728908 9.5114603 0.2300000 0.44 0.48 0.52
v -6.4014108 9.4940738 0.2300000 0.44 0.48 0.52
v -6.3292961 9.4795429 0.2300000 0.44 0.48 0.52
v -6.2566607 9.4678905 0.2300000 0.44 0.48 0.52
v -6.1836195 9.4591350 0.2300000 0.44 0.48 0.52
v -6.1102880 9.4532903 0.2300000 0.44 0.48 0.52
v -6.0367820 9.4503657 0.2300000 0.44 0.48 0.52
v -5.9632180 9.4503657 0.2300000 0.44 0.48 0.52
v -5.8897120 9.4532903 0.2300000 0.44 0.48 0.52
v -5.8163805 9.4591350 0.2300000 0.44 0.48 0.52
v -5.7433393 9.4678905 0.2300000 0.44 0.48 0.52
v -5.6707039 9.4795429 0.2300000 0.44 0.48 0.52
v -5.5985892 9.4940738 0.2300000 0.44 0.48 0.52
v -5.5271092 9.5114603 0.2300000 0.44 0.48 0.52
v -5.4563770 9.5316748 0.2300000 0.44 0.48 0.52
v -5.3865043 9.5546854 0.2300000 0.44 0.48 0.52
v -5.3176017 9.5804557 0.2300000 0.44 0.48 0.52
v -5.2497782 9.6089449 0.2300000 0.44 0.48 0.52
v -5.1831408 9.6401081 0.2300000 0.44 0.48 0.52
v -5.1177951 9.6738959 0.2300000 0.44 0.48 0.52
v -5.0538444 9.7102549 0.2300000 0.44 0.48 0.52
v -4.9913897 9.7491276 0.2300000 0.44 0.48 0.52
v -4.9305298 9.7904526 0.2300000 0.44 0.48 0.52
v -4.8713610 9.8341644 0.2300000 0.44 0.48 0.52
v -4.8139768 9.8801941 0.2300000 0.44 0.48 0.52
v -4.7584679 9.9284687 0.2300000 0.44 0.48 0.52
v -4.7049222 9.9789120 0.2300000 0.44 0.48 0.52
v -4.6534242 10.0314443 0.2300000 0.44 0.48 0.52
v -4.6040555 10.0859824 0.2300000 0.44 0.48 0.52
v -4.5568940 10.1424401 0.2300000 0.44 0.48 0.52
v -4.5120144 10.2007281 0.2300000 0.44 0.48 0.52
v -4.4694875 10.2607543 0.2300000 0.44 0.48 0.52
v -4.4293808 10.3224238 0.2300000 0.44 0.48 0.52
v -4.3917575 10.3856390 0.2300000 0.44 0.48 0.52
v -4.3566772 10.4503000 0.2300000 0.44 0.48 0.52
v -4.3241953 10.5163046 0.2300000 0.44 0.48 0.52
v -4.2943632 10.5835483 0.2300000 0.44 0.48 0.52
v -4.2672280 10.6519249 0.2300000 0.44 0.48 0.52
v -4.2428328 10.7213263 0.2300000 0.44 0.48 0.52
v -4.2212159 10.7916426 0.2300000 0.44 0.48 0.52
v -4.2024117 10.8627628 0.2300000 0.44 0.48 0.52
v -4.1864499 10.9345743 0.2300000 0.44 0.48 0.52
v -4.1733556 11.0069637 0.2300000 0.44 0.48 0.52
v -4.1631497 11.0798163 0.2300000 0.44 0.48 0.52
v -4.1558481 11.1530172 0.2300000 0.44 0.48 0.52
v -4.1514626 11.2264504 0.2300000 0.44 0.48 0.52
v -4.1500000 11.3000000 0.2300000 0.44 0.48 0.52
v -4.3200000 11.3000000 0.4000000 0.44 0.48 0.52
v -4.4900000 11.3000000 0.5700000 0.44 0.48 0.52
v -4.6600000 11.3000000 0.7400000 0.44 0.48 0.52
v -4.8300000 11.3000000 0.9100000 0.44 0.48 0.52
v -4.3253108 11.4334763 0.4000000 0.44 0.48 0.52
v -4.3412094 11.5661087 0.4000000 0.44 0.48 0.52
v -4.3675955 11.6970587 0.4000000 0.44 0.48 0.52
v -4.4947734 11.4199698 0.5700000 0.44 0.48 0.52
v -4.4043022 11.8254983 0.4000000 0.44 0.48 0.52
v -4.5090632 11.5391810 0.5700000 0.44 0.48 0.52
v -4.4510974 11.9506156 0.4000000 0.44 0.48 0.52
v -4.5327793 11.6568801 0.5700000 0.44 0.48 0.52
v -4.6642360 11.4064632 0.7400000 0.44 0.48 0.52
v -4.5076852 12.0716194 0.4000000 0.44 0.48 0.52
v -4.5657716 11.7723229 0.5700000 0.44 0.48 0.52
v -4.6769170 11.5122534 0.7400000 0.44 0.48 0.52
v -4.5737080 12.1877449 0.4000000 0.44 0.48 0.52
v -4.6078316 11.8847795 0.5700000 0.44 0.48 0.52
v -4.6979631 11.6167015 0.7400000 0.44 0.48 0.52
v -4.8336986 11.3929567 0.9100000 0.44 0.48 0.52
v -4.6487482 12.2982577 0.4000000 0.44 0.48 0.52
v -4.6586933 11.9935389 0.5700000 0.44 0.48 0.52
v -4.7272410 11.7191475 0.7400000 0.44 0.48 0.52
v -4.8447708 11.4853257 0.9100000 0.44 0.48 0.52
v -4.7323314 12.4024593 0.4000000 0.44 0.48 0.52
v -4.7180351 12.0979136 0.5700000 0.44 0.48 0.52
v -4.7645658 11.8189434 0.7400000 0.44 0.48 0.52
v -4.8631469 11.5765230 0.9100000 0.44 0.48 0.52
v -4.8239293 12.4996907 0.4000000 0.44 0.48 0.52
v -4.7854820 12.1972436 0.5700000 0.44 0.48 0.52
v -4.8097013 11.9154584 0.7400000 0.44 0.48 0.52
v -4.8887104 11.6659720 0.9100000 0.44 0.48 0.52
v -4.9229627 12.5893373 0.4000000 0.44 0.48 0.52
v -4.8606074 12.2909009 0.5700000 0.44 0.48 0.52
v -4.8623623 12.0080822 0.7400000 0.44 0.48 0.52
v -4.9212999 11.7531073 0.9100000 0.44 0.48 0.52
v -5.0288054 12.6708323 0.4000000 0.44 0.48 0.52
v -4.9429365 12.3782934 0.5700000 0.44 0.48 0.52
v -4.9222158 12.0962294 0.7400000 0.44 0.48 0.52
v -4.9607093 11.8373778 0.9100000 0.44 0.48 0.52
v -5.1407884 12.7436604 0.4000000 0.44 0.48 0.52
v -5.0319486 12.4588686 0.5700000 0.44 0.48 0.52
v -4.9888834 12.1793425 0.7400000 0.44 0.48 0.52
v -5.0066895 11.9182509 0.9100000 0.44 0.48 0.52
v -5.2582036 12.8073613 0.4000000 0.44 0.48 0.52
v -5.1270811 12.5321171 0.5700000 0.44 0.48 0.52
v -5.0619436 12.2568961 0.7400000 0.44 0.48 0.52
v -5.0589496 11.9952152 0.9100000 0.44 0.48 0.52
v -5.3803086 12.8615321 0.4000000 0.44 0.48 0.52
v -5.2277324 12.5975757 0.5700000 0.44 0.48 0.52
v -5.1409345 12.3284000 0.7400000 0.44 0.48 0.52
v -5.1171594 12.0677841 0.9100000 0.44 0.48 0.52
v -5.5063315 12.9058305 0.4000000 0.44 0.48 0.52
v -5.3332663 12.6548307 0.5700000 0.44 0.48 0.52
v -5.2253567 12.3934019 0.7400000 0.44 0.48 0.52
v -5.1809508 12.1354989 0.9100000 0.44 0.48 0.52
v -5.6354756 12.9399762 0.4000000 0.44 0.48 0.52
v -5.4430155 12.7035199 0.5700000 0.44 0.48 0.52
v -5.3146765 12.4514911 0.7400000 0.44 0.48 0.52
v -5.2499204 12.1979313 0.9100000 0.44 0.48 0.52
v -5.7669243 12.9637535 0.4000000 0.44 0.48 0.52
v -5.5562861 12.7433357 0.5700000 0.44 0.48 0.52
v -5.4083290 12.5023001 0.7400000 0.44 0.48 0.52
v -5.3236324 12.2546868 0.9100000 0.44 0.48 0.52
v -5.8998466 12.9770120 0.4000000 0.44 0.48 0.52
v -5.6723620 12.7740262 0.5700000 0.44 0.48 0.52
v -5.5057223 12.5455078 0.7400000 0.44 0.48 0.52
v -5.4016205 12.3054064 0.9100000 0.44 0.48 0.52
v -6.0334021 12.9796679 0.4000000 0.44 0.48 0.52
v -5.7905093 12.7953975 0.5700000 0.44 0.48 0.52
v -5.6062406 12.5808410 0.7400000 0.44 0.48 0.52
v -5.4833918 12.3497695 0.9100000 0.44 0.48 0.52
v -6.1667464 12.9717044 0.4000000 0.44 0.48 0.52
v -5.9099812 12.8073144 0.5700000 0.44 0.48 0.52
v -5.7092484 12.6080763 0.7400000 0.44 0.48 0.52
v -5.5684292 12.3874956 0.9100000 0.44 0.48 0.52
v -6.2990365 12.9531719 0.4000000 0.44 0.48 0.52
v -6.0300221 12.8097015 0.5700000 0.44 0.48 0.52
v -5.8140944 12.6270415 0.7400000 0.44 0.48 0.52
v -5.6561952 12.4183462 0.9100000 0.44 0.48 0.52
v -6.4294359 12.9241874 0.4000000 0.44 0.48 0.52
v -6.1498732 12.8025438 0.5700000 0.44 0.48 0.52
v -5.9201157 12.6376167 0.7400000 0.44 0.48 0.52
v -5.7461348 12.4421263 0.9100000 0.44 0.48 0.52
v -6.5571204 12.8849343 0.4000000 0.44 0.48 0.52
v -6.2687768 12.7858866 0.5700000 0.44 0.48 0.52
v -6.0266421 12.6397351 0.7400000 0.44 0.48 0.52
v -5.8376794 12.4586855 0.9100000 0.44 0.48 0.52
v -6.6812825 12.8356608 0.4000000 0.44 0.48 0.52
v -6.3859811 12.7598351 0.5700000 0.44 0.48 0.52
v -6.1330001 12.6333833 0.7400000 0.44 0.48 0.52
v -5.9302503 12.4679191 0.9100000 0.44 0.48 0.52
v -6.8011374 12.7766783 0.4000000 0.44 0.48 0.52
v -6.5007451 12.7245541 0.5700000 0.44 0.48 0.52
v -6.2385172 12.6186014 0.7400000 0.44 0.48 0.52
v -6.0232622 12.4697687 0.9100000 0.44 0.48 0.52
v -6.9159272 12.7083598 0.4000000 0.44 0.48 0.52
v -6.6123432 12.6802666 0.5700000 0.44 0.48 0.52
v -6.3425263 12.5954828 0.7400000 0.44 0.48 0.52
v -6.1161269 12.4642227 0.9100000 0.44 0.48 0.52
v -7.0249262 12.6311372 0.4000000 0.44 0.48 0.52
v -6.7200699 12.6272525 0.5700000 0.44 0.48 0.52
v -6.4443698 12.5641738 0.7400000 0.44 0.48 0.52
v -6.2082575 12.4513161 0.9100000 0.44 0.48 0.52
v -7.1274454 12.5454987 0.4000000 0.44 0.48 0.52
v -6.8232441 12.5658472 0.5700000 0.44 0.48 0.52
v -6.5434039 12.5248723 0.7400000 0.44 0.48 0.52
v -6.2990715 12.4311305 0.9100000 0.44 0.48 0.52
v -7.2228364 12.4519857 0.4000000 0.44 0.48 0.52
v -6.9212135 12.4964388 0.5700000 0.44 0.48 0.52
v -6.6390025 12.4778268 0.7400000 0.44 0.48 0.52
v -6.3879946 12.4037936 0.9100000 0.44 0.48 0.52
v -7.3104963 12.3511896 0.4000000 0.44 0.48 0.52
v -7.0133586 12.4194661 0.5700000 0.44 0.48 0.52
v -6.7305610 12.4233346 0.7400000 0.44 0.48 0.52
v -6.4744646 12.3694781 0.9100000 0.44 0.48 0.52
v -7.3898708 12.2437474 0.4000000 0.44 0.48 0.52
v -7.0990970 12.3354158 0.5700000 0.44 0.48 0.52
v -6.8175007 12.3617404 0.7400000 0.44 0.48 0.52
v -6.5579350 12.3284010 0.9100000 0.44 0.48 0.52
v -7.4604581 12.1303386 0.4000000 0.44 0.48 0.52
v -7.1778865 12.2448192 0.5700000 0.44 0.48 0.52
v -6.8992719 12.2934335 0.7400000 0.44 0.48 0.52
v -6.6378779 12.2808220 0.9100000 0.44 0.48 0.52
v -7.5218119 12.0116802 0.4000000 0.44 0.48 0.52
v -7.2492291 12.1482492 0.5700000 0.44 0.48 0.52
v -6.9753576 12.2188458 0.7400000 0.44 0.48 0.52
v -6.7137879 12.2270420 0.9100000 0.44 0.48 0.52
v -7.5735443 11.8885222 0.4000000 0.44 0.48 0.52
v -7.3126736 12.0463163 0.5700000 0.44 0.48 0.52
v -7.0452768 12.1384488 0.7400000 0.44 0.48 0.52
v -6.7851852 12.1674009 0.9100000 0.44 0.48 0.52
v -7.6153282 11.7616435 0.4000000 0.44 0.48 0.52
v -7.3678190 11.9396649 0.5700000 0.44 0.48 0.52
v -7.1085874 12.0527509 0.7400000 0.44 0.48 0.52
v -6.8516182 12.1022758 0.9100000 0.44 0.48 0.52
v -7.6468996 11.6318460 0.4000000 0.44 0.48 0.52
v -7.4143166 11.8289694 0.5700000 0.44 0.48 0.52
v -7.1648892 11.9622939 0.7400000 0.44 0.48 0.52
v -6.9126671 12.0320784 0.9100000 0.44 0.48 0.52
v -7.6680587 11.4999506 0.4000000 0.44 0.48 0.52
v -7.4518724 11.7149295 0.5700000 0.44 0.48 0.52
v -7.2138261 11.8676497 0.7400000 0.44 0.48 0.52
v -6.9679457 11.9572527 0.9100000 0.44 0.48 0.52
v -7.6786718 11.3667909 0.4000000 0.44 0.48 0.52
v -7.4802490 11.5982664 0.5700000 0.44 0.48 0.52
v -7.2550889 11.7694165 0.7400000 0.44 0.48 0.52
v -7.0171047 11.8782716 0.9100000 0.44 0.48 0.52
v -7.6786718 11.2332091 0.4000000 0.44 0.48 0.52
v -7.4992670 11.4797175 0.5700000 0.44 0.48 0.52
v -7.2884166 11.6682156 0.7400000 0.44 0.48 0.52
v -7.0598333 11.7956344 0.9100000 0.44 0.48 0.52
v -7.6680587 11.1000494 0.4000000 0.44 0.48 0.52
v -7.5088062 11.3600323 0.5700000 0.44 0.48 0.52
v -7.3135985 11.5646867 0.7400000 0.44 0.48 0.52
v -7.0958612 11.7098637 0.9100000 0.44 0.48 0.52
v -7.6468996 10.9681540 0.4000000 0.44 0.48 0.52
v -7.5088062 11.2399677 0.5700000 0.44 0.48 0.52
v -7.3304754 11.4594844 0.7400000 0.44 0.48 0.52
v -7.1249607 11.6215017 0.9100000 0.44 0.48 0.52
v -7.6153282 10.8383565 0.4000000 0.44 0.48 0.52
v -7.4992670 11.1202825 0.5700000 0.44 0.48 0.52
v -7.3389406 11.3532737 0.7400000 0.44 0.48 0.52
v -7.1469479 11.5311071 0.9100000 0.44 0.48 0.52
v -7.5735443 10.7114778 0.4000000 0.44 0.48 0.52
v -7.4802490 11.0017336 0.5700000 0.44 0.48 0.52
v -7.3389406 11.2467263 0.7400000 0.44 0.48 0.52
v -7.1616837 11.4392513 0.9100000 0.44 0.48 0.52
v -7.5218119 10.5883198 0.4000000 0.44 0.48 0.52
v -7.4518724 10.8850705 0.5700000 0.44 0.48 0.52
v -7.3304754 11.1405156 0.7400000 0.44 0.48 0.52
v -7.1690750 11.3465151 0.9100000 0.44 0.48 0.52
v -7.4604581 10.4696614 0.4000000 0.44 0.48 0.52
v -7.4143166 10.7710306 0.5700000 0.44 0.48 0.52
v -7.3135985 11.0353133 0.7400000 0.44 0.48 0.52
v -7.1690750 11.2534849 0.9100000 0.44 0.48 0.52
v -7.3898708 10.3562526 0.4000000 0.44 0.48 0.52
v -7.3678190 10.6603351 0.5700000 0.44 0.48 0.52
v -7.2884166 10.9317844 0.7400000 0.44 0.48 0.52
v -7.1616837 11.1607487 0.9100000 0.44 0.48 0.52
v -7.3104963 10.2488104 0.4000000 0.44 0.48 0.52
v -7.3126736 10.5536837 0.5700000 0.44 0.48 0.52
v -7.2550889 10.8305835 0.7400000 0.44 0.48 0.52
v -7.1469479 11.0688929 0.9100000 0.44 0.48 0.52
v -7.2228364 10.1480143 0.4000000 0.44 0.48 0.52
v -7.2492291 10.4517508 0.5700000 0.44 0.48 0.52
v -7.2138261 10.7323503 0.7400000 0.44 0.48 0.52
v -7.1249607 10.9784983 0.9100000 0.44 0.48 0.52
v -7.1274454 10.0545013 0.4000000 0.44 0.48 0.52
v -7.1778865 10.3551808 0.5700000 0.44 0.48 0.52
v -7.1648892 10.6377061 0.7400000 0.44 0.48 0.52
v -7.0958612 10.8901363 0.9100000 0.44 0.48 0.52
v -7.0249262 9.9688628 0.4000000 0.44 0.48 0.52
v -7.0990970 10.2645842 0.5700000 0.44 0.48 0.52
v -7.1085874 10.5472491 0.7400000 0.44 0.48 0.52
v -7.0598333 10.8043656 0.9100000 0.44 0.48 0.52
v -6.9159272 9.8916402 0.4000000 0.44 0.48 0.52
v -7.0133586 10.1805339 0.5700000 0.44 0.48 0.52
v -7.0452768 10.4615512 0.7400000 0.44 0.48 0.52
v -7.0171047 10.7217284 0.9100000 0.44 0.48 0.52
v -6.8011374 9.8233217 0.4000000 0.44 0.48 0.52
v -6.9212135 10.1035612 0.5700000 0.44 0.48 0.52
v -6.9753576 10.3811542 0.7400000 0.44 0.48 0.52
v -6.9679457 10.6427473 0.9100000 0.44 0.48 0.52
v -6.6812825 9.7643392 0.4000000 0.44 0.48 0.52
v -6.8232441 10.0341528 0.5700000 0.44 0.48 0.52
v -6.8992719 10.3065665 0.7400000 0.44 0.48 0.52
v -6.9126671 10.5679216 0.9100000 0.44 0.48 0.52
v -6.5571204 9.7150657 0.4000000 0.44 0.48 0.52
v -6.7200699 9.9727475 0.5700000 0.44 0.48 0.52
v -6.8175007 10.2382596 0.7400000 0.44 0.48 0.52
v -6.8516182 10.4977242 0.9100000 0.44 0.48 0.52
v -6.4294359 9.6758126 0.4000000 0.44 0.48 0.52
v -6.6123432 9.9197334 0.5700000 0.44 0.48 0.52
v -6.7305610 10.1766654 0.7400000 0.44 0.48 0.52
v -6.7851852 10.4325991 0.9100000 0.44 0.48 0.52
v -6.2990365 9.6468281 0.4000000 0.44 0.48 0.52
v -6.5007451 9.8754459 0.5700000 0.44 0.48 0.52
v -6.6390025 10.1221732 0.7400000 0.44 0.48 0.52
v -6.7137879 10.3729580 0.9100000 0.44 0.48 0.52
v -6.1667464 9.6282956 0.4000000 0.44 0.48 0.52
v -6.3859811 9.8401649 0.5700000 0.44 0.48 0.52
v -6.5434039 10.0751277 0.7400000 0.44 0.48 0.52
v -6.6378779 10.3191780 0.9100000 0.44 0.48 0.52
v -6.0334021 9.6203321 0.4000000 0.44 0.48 0.52
v -6.2687768 9.8141134 0.5700000 0.44 0.48 0.52
v -6.4443698 10.0358262 0.7400000 0.44 0.48 0.52
v -6.5579350 10.2715990 0.9100000 0.44 0.48 0.52
v -5.8998466 9.6229880 0.4000000 0.44 0.48 0.52
v -6.1498732 9.7974562 0.5700000 0.44 0.48 0.52
v -6.3425263 10.0045172 0.7400000 0.44 0.48 0.52
v -6.4744646 10.2305219 0.9100000 0.44 0.48 0.52
v -5.7669243 9.6362465 0.4000000 0.44 0.48 0.52
v -6.0300221 9.7902985 0.5700000 0.44 0.48 0.52
v -6.2385172 9.9813986 0.7400000 0.44 0.48 0.52
v -6.3879946 10.1962064 0.9100000 0.44 0.48 0.52
v -5.6354756 9.6600238 0.4000000 0.44 0.48 0.52
v -5.9099812 9.7926856 0.5700000 0.44 0.48 0.52
v -6.1330001 9.9666167 0.7400000 0.44 0.48 0.52
v -6.2990715 10.1688695 0.9100000 0.44 0.48 0.52
v -5.5063315 9.6941695 0.4000000 0.44 0.48 0.52
v -5.7905093 9.8046025 0.5700000 0.44 0.48 0.52
v -6.0266421 9.9602649 0.7400000 0.44 0.48 0.52
v -6.2082575 10.1486839 0.9100000 0.44 0.48 0.52
v -5.3803086 9.7384679 0.4000000 0.44 0.48 0.52
v -5.6723620 9.8259738 0.5700000 0.44 0.48 0.52
v -5.9201157 9.9623833 0.7400000 0.44 0.48 0.52
v -6.1161269 10.1357773 0.9100000 0.44 0.48 0.52
v -5.2582036 9.7926387 0.4000000 0.44 0.48 0.52
v -5.5562861 9.8566643 0.5700000 0.44 0.48 0.52
v -5.8140944 9.9729585 0.7400000 0.44 0.48 0.52
v -6.0232622 10.1302313 0.9100000 0.44 0.48 0.52
v -5.1407884 9.8563396 0.4000000 0.44 0.48 0.52
v -5.4430155 9.8964801 0.5700000 0.44 0.48 0.52
v -5.7092484 9.9919237 0.7400000 0.44 0.48 0.52
v -5.9302503 10.1320809 0.9100000 0.44 0.48 0.52
v -5.0288054 9.9291677 0.4000000 0.44 0.48 0.52
v -5.3332663 9.9451693 0.5700000 0.44 0.48 0.52
v -5.6062406 10.0191590 0.7400000 0.44 0.48 0.52
v -5.8376794 10.1413145 0.9100000 0.44 0.48 0.52
v -4.9229627 10.0106627 0.4000000 0.44 0.48 0.52
v -5.2277324 10.0024243 0.5700000 0.44 0.48 0.52
v -5.5057223 10.0544922 0.7400000 0.44 0.48 0.52
v -5.7461348 10.1578737 0.9100000 0.44 0.48 0.52
v -4.8239293 10.1003093 0.4000000 0.44 0.48 0.52
v -5.1270811 10.0678829 0.5700000 0.44 0.48 0.52
v -5.4083290 10.0976999 0.7400000 0.44 0.48 0.52
v -5.6561952 10.1816538 0.9100000 0.44 0.48 0.52
v -4.7323314 10.1975407 0.4000000 0.44 0.48 0.52
v -5.0319486 10.1411314 0.5700000 0.44 0.48 0.52
v -5.3146765 10.1485089 0.7400000 0.44 0.48 0.52
v -5.5684292 10.2125044 0.9100000 0.44 0.48 0.52
v -4.6487482 10.3017423 0.4000000 0.44 0.48 0.52
v -4.9429365 10.2217066 0.5700000 0.44 0.48 0.52
v -5.2253567 10.2065981 0.7400000 0.44 0.48 0.52
v -5.4833918 10.2502305 0.9100000 0.44 0.48 0.52
v -4.5737080 10.4122551 0.4000000 0.44 0.48 0.52
v -4.8606074 10.3090991 0.5700000 0.44 0.48 0.52
v -5.1409345 10.2716000 0.7400000 0.44 0.48 0.52
v -5.4016205 10.2945936 0.9100000 0.44 0.48 0.52
v -4.5076852 10.5283806 0.4000000 0.44 0.48 0.52
v -4.7854820 10.4027564 0.5700000 0.44 0.48 0.52
v -5.0619436 10.3431039 0.7400000 0.44 0.48 0.52
v -5.3236324 10.3453132 0.9100000 0.44 0.48 0.52
v -4.4510974 10.6493844 0.4000000 0.44 0.48 0.52
v -4.7180351 10.5020864 0.5700000 0.44 0.48 0.52
v -4.9888834 10.4206575 0.7400000 0.44 0.48 0.52
v -5.2499204 10.4020687 0.9100000 0.44 0.48 0.52
v -4.4043022 10.7745017 0.4000000 0.44 0.48 0.52
v -4.6586933 10.6064611 0.5700000 0.44 0.48 0.52
v -4.9222158 10.5037706 0.7400000 0.44 0.48 0.52
v -5.1809508 10.4645011 0.9100000 0.44 0.48 0.52
v -4.3675955 10.9029413 0.4000000 0.44 0.48 0.52
v -4.6078316 10.7152205 0.5700000 0.44 0.48 0.52
v -4.8623623 10.5919178 0.7400000 0.44 0.48 0.52
v -5.1171594 10.5322159 0.9100000 0.44 0.48 0.52
v -4.3412094 11.0338913 0.4000000 0.44 0.48 0.52
v -4.5657716 10.8276771 0.5700000 0.44 0.48 0.52
v -4.8097013 10.6845416 0.7400000 0.44 0.48 0.52
v -5.0589496 10.6047848 0.9100000 0.44 0.48 0.52
v -4.3253108 11.1665237 0.4000000 0.44 0.48 0.52
v -4.5327793 10.9431199 0.5700000 0.44 0.48 0.52
v -4.7645658 10.7810566 0.7400000 0.44 0.48 0.52
v -5.0066895 10.6817491 0.9100000 0.44 0.48 0.52
v -4.5090632 11.0608190 0.5700000 0.44 0.48 0.52
v -4.7272410 10.8808525 0.7400000 0.44 0.48 0.52
v -4.9607093 10.7626222 0.9100000 0.44 0.48 0.52
v -4.4947734 11.1800302 0.5700000 0.44 0.48 0.52
v -4.6979631 10.9832985 0.7400000 0.44 0.48 0.52
v -4.9212999 10.8468927 0.9100000 0.44 0.48 0.52
v -4.6769170 11.0877466 0.7400000 0.44 0.48 0.52
v -4.8887104 10.9340280 0.9100000 0.44 0.48 0.52
v -4.6642360 11.1935368 0.7400000 0.44 0.48 0.52
v -4.8631469 11.0234770 0.9100000 0.44 0.48 0.52
v -4.8447708 11.1146743 0.9100000 0.44 0.48 0.52
v -4.8336986 11.2070433 0.9100000 0.44 0.48 0.52
v -5.0000000 11.3000000 1.0800000 0.44 0.48 0.52
v -5.0000000 11.3000000 5.0800000 0.44 0.48 0.52
v -5.0007906 11.3397565 5.0800000 0.44 0.48 0.52
v -5.0031612 11.3794502 5.0800000 0.44 0.48 0.52
v -5.0071079 11.4190182 5.0800000 0.44 0.48 0.52
v -5.0126247 11.4583980 5.0800000 0.44 0.48 0.52
v -5.0197026 11.4975274 5.0800000 0.44 0.48 0.52
v -5.0283307 11.5363444 5.0800000 0.44 0.48 0.52
v -5.0384951 11.5747878 5.0800000 0.44 0.48 0.52
v -5.0501799 11.6127966 5.0800000 0.44 0.48 0.52
v -5.0633665 11.6503108 5.0800000 0.44 0.48 0.52
v -5.0780341 11.6872712 5.0800000 0.44 0.48 0.52
v -5.0941596 11.7236191 5.0800000 0.44 0.48 0.52
v -5.1117174 11.7592973 5.0800000 0.44 0.48 0.52
v -5.1306797 11.7942492 5.0800000 0.44 0.48 0.52
v -5.1510166 11.8284196 5.0800000 0.44 0.48 0.52
v -5.1726960 11.8617544 5.0800000 0.44 0.48 0.52
v -5.1956834 11.8942010 5.0800000 0.44 0.48 0.52
v -5.2199427 11.9257081 5.0800000 0.44 0.48 0.52
v -5.2454354 11.9562257 5.0800000 0.44 0.48 0.52
v -5.2721212 11.9857058 5.0800000 0.44 0.48 0.52
v -5.2999579 12.0141016 5.0800000 0.44 0.48 0.52
v -5.3289016 12.0413683 5.0800000 0.44 0.48 0.52
v -5.3589064 12.0674627 5.0800000 0.44 0.48 0.52
v -5.3899249 12.0923436 5.0800000 0.44 0.48 0.52
v -5.4219080 12.1159716 5.0800000 0.44 0.48 0.52
v -5.4548052 12.1383094 5.0800000 0.44 0.48 0.52
v -5.4885645 12.1593217 5.0800000 0.44 0.48 0.52
v -5.5231325 12.1789752 5.0800000 0.44 0.48 0.52
v -5.5584545 12.1972389 5.0800000 0.44 0.48 0.52
v -5.5944747 12.2140838 5.0800000 0.44 0.48 0.52
v -5.6311361 12.2294834 5.0800000 0.44 0.48 0.52
v -5.6683807 12.2434133 5.0800000 0.44 0.48 0.52
v -5.7061497 12.2558515 5.0800000 0.44 0.48 0.52
v -5.7443834 12.2667782 5.0800000 0.44 0.48 0.52
v -5.7830212 12.2761763 5.0800000 0.44 0.48 0.52
v -5.8220021 12.2840309 5.0800000 0.44 0.48 0.52
v -5.8612645 12.2903295 5.0800000 0.44 0.48 0.52
v -5.9007462 12.2950622 5.0800000 0.44 0.48 0.52
v -5.9403849 12.2982214 5.0800000 0.44 0.48 0.52
v -5.9801178 12.2998023 5.0800000 0.44 0.48 0.52
v -6.0198822 12.2998023 5.0800000 0.44 0.48 0.52
v -6.0596151 12.2982214 5.0800000 0.44 0.48 0.52
v -6.0992538 12.2950622 5.0800000 0.44 0.48 0.52
v -6.1387355 12.2903295 5.0800000 0.44 0.48 0.52
v -6.1779979 12.2840309 5.0800000 0.44 0.48 0.52
v -6.2169788 12.2761763 5.0800000 0.44 0.48 0.52
v -6.2556166 12.2667782 5.0800000 0.44 0.48 0.52
v -6.2938503 12.2558515 5.0800000 0.44 0.48 0.52
v -6.3316193 12.2434133 5.0800000 0.44 0.48 0.52
v -6.3688639 12.2294834 5.0800000 0.44 0.48 0.52
v -6.4055253 12.2140838 5.0800000 0.44 0.48 0.52
v -6.4415455 12.1972389 5.0800000 0.44 0.48 0.52
v -6.4768675 12.1789752 5.0800000 0.44 0.48 0.52
v -6.5114355 12.1593217 5.0800000 0.44 0.48 0.52
v -6.5451948 12.1383094 5.0800000 0.44 0.48 0.52
v -6.5780920 12.1159716 5.0800000 0.44 0.48 0.52
v -6.6100751 12.0923436 5.0800000 0.44 0.48 0.52
v -6.6410936 12.0674627 5.0800000 0.44 0.48 0.52
v -6.6710984 12.0413683 5.0800000 0.44 0.48 0.52
v -6.7000421 12.0141016 5.0800000 0.44 0.48 0.52
v -6.7278788 11.9857058 5.0800000 0.44 0.48 0.52
v -6.7545646 11.9562257 5.0800000 0.44 0.48 0.52
v -6.7800573 11.9257081 5.0800000 0.44 0.48 0.52
v -6.8043166 11.8942010 5.0800000 0.44 0.48 0.52
v -6.8273040 11.8617544 5.0800000 0.44 0.48 0.52
v -6.8489834 11.8284196 5.0800000 0.44 0.48 0.52
v -6.8693203 11.7942492 5.0800000 0.44 0.48 0.52
v -6.8882826 11.7592973 5.0800000 0.44 0.48 0.52
v -6.9058404 11.7236191 5.0800000 0.44 0.48 0.52
v -6.9219659 11.6872712 5.0800000 0.44 0.48 0.52
v -6.9366335 11.6503108 5.0800000 0.44 0.48 0.52
v -6.9498201 11.6127966 5.0800000 0.44 0.48 0.52
v -6.9615049 11.5747878 5.0800000 0.44 0.48 0.52
v -6.9716693 11.5363444 5.0800000 0.44 0.48 0.52
v -6.9802974 11.4975274 5.0800000 0.44 0.48 0.52
v -6.9873753 11.4583980 5.0800000 0.44 0.48 0.52
v -6.9928921 11.4190182 5.0800000 0.44 0.48 0.52
v -6.9968388 11.3794502 5.0800000 0.44 0.48 0.52
v -6.9992094 11.3397565 5.0800000 0.44 0.48 0.52
v -7.0000000 11.3000000 5.0800000 0.44 0.48 0.52
v -6.9992094 11.2602435 5.0800000 0.44 0.48 0.52
v -6.9968388 11.2205498 5.0800000 0.44 0.48 0.52
v -6.9928921 11.1809818 5.0800000 0.44 0.48 0.52
v -6.9873753 11.1416020 5.0800000 0.44 0.48 0.52
v -6.9802974 11.1024726 5.0800000 0.44 0.48 0.52
v -6.9716693 11.0636556 5.0800000 0.44 0.48 0.52
v -6.9615049 11.0252122 5.0800000 0.44 0.48 0.52
v -6.9498201 10.9872034 5.0800000 0.44 0.48 0.52
v -6.9366335 10.9496892 5.0800000 0.44 0.48 0.52
v -6.9219659 10.9127288 5.0800000 0.44 0.48 0.52
v -6.9058404 10.8763809 5.0800000 0.44 0.48 0.52
v -6.8882826 10.8407027 5.0800000 0.44 0.48 0.52
v -6.8693203 10.8057508 5.0800000 0.44 0.48 0.52
v -6.8489834 10.7715804 5.0800000 0.44 0.48 0.52
v -6.8273040 10.7382456 5.0800000 0.44 0.48 0.52
v -6.8043166 10.7057990 5.0800000 0.44 0.48 0.52
v -6.7800573 10.6742919 5.0800000 0.44 0.48 0.52
v -6.7545646 10.6437743 5.0800000 0.44 0.48 0.52
v -6.7278788 10.6142942 5.0800000 0.44 0.48 0.52
v -6.7000421 10.5858984 5.0800000 0.44 0.48 0.52
v -6.6710984 10.5586317 5.0800000 0.44 0.48 0.52
v -6.6410936 10.5325373 5.0800000 0.44 0.48 0.52
v -6.6100751 10.5076564 5.0800000 0.44 0.48 0.52
v -6.5780920 10.4840284 5.0800000 0.44 0.48 0.52
v -6.5451948 10.4616906 5.0800000 0.44 0.48 0.52
v -6.5114355 10.4406783 5.0800000 0.44 0.48 0.52
v -6.4768675 10.4210248 5.0800000 0.44 0.48 0.52
v -6.4415455 10.4027611 5.0800000 0.44 0.48 0.52
v -6.4055253 10.3859162 5.0800000 0.44 0.48 0.52
v -6.3688639 10.3705166 5.0800000 0.44 0.48 0.52
v -6.3316193 10.3565867 5.0800000 0.44 0.48 0.52
v -6.2938503 10.3441485 5.0800000 0.44 0.48 0.52
v -6.2556166 10.3332218 5.0800000 0.44 0.48 0.52
v -6.2169788 10.3238237 5.0800000 0.44 0.48 0.52
v -6.1779979 10.3159691 5.0800000 0.44 0.48 0.52
v -6.1387355 10.3096705 5.0800000 0.44 0.48 0.52
v -6.0992538 10.3049378 5.0800000 0.44 0.48 0.52
v -6.0596151 10.3017786 5.0800000 0.44 0.48 0.52
v -6.0198822 10.3001977 5.0800000 0.44 0.48 0.52
v -5.9801178 10.3001977 5.0800000 0.44 0.48 0.52
v -5.9403849 10.3017786 5.0800000 0.44 0.48 0.52
v -5.9007462 10.3049378 5.0800000 0.44 0.48 0.52
v -5.8612645 10.3096705 5.0800000 0.44 0.48 0.52
v -5.8220021 10.3159691 5.0800000 0.44 0.48 0.52
v -5.7830212 10.3238237 5.0800000 0.44 0.48 0.52
v -5.7443834 10.3332218 5.0800000 0.44 0.48 0.52
v -5.7061497 10.3441485 5.0800000 0.44 0.48 0.52
v -5.6683807 10.3565867 5.0800000 0.44 0.48 0.52
v -5.6311361 10.3705166 5.0800000 0.44 0.48 0.52
v -5.5944747 10.3859162 5.0800000 0.44 0.48 0.52
v -5.5584545 10.4027611 5.0800000 0.44 0.48 0.52
v -5.5231325 10.4210248 5.0800000 0.44 0.48 0.52
v -5.4885645 10.4406783 5.0800000 0.44 0.48 0.52
v -5.4548052 10.4616906 5.0800000 0.44 0.48 0.52
v -5.4219080 10.4840284 5.0800000 0.44 0.48 0.52
v -5.3899249 10.5076564 5.0800000 0.44 0.48 0.52
v -5.3589064 10.5325373 5.0800000 0.44 0.48 0.52
v -5.3289016 10.5586317 5.0800000 0.44 0.48 0.52
v -5.2999579 10.5858984 5.0800000 0.44 0.48 0.52
v -5.2721212 10.6142942 5.0800000 0.44 0.48 0.52
v -5.2454354 10.6437743 5.0800000 0.44 0.48 0.52
v -5.2199427 10.6742919 5.0800000 0.44 0.48 0.52
v -5.1956834 10.7057990 5.0800000 0.44 0.48 0.52
v -5.1726960 10.7382456 5.0800000 0.44 0.48 0.52
v -5.1510166 10.7715804 5.0800000 0.44 0.48 0.52
v -5.1306797 10.8057508 5.0800000 0.44 0.48 0.52
v -5.1117174 10.8407027 5.0800000 0.44 0.48 0.52
v -5.0941596 10.8763809 5.0800000 0.44 0.48 0.52
v -5.0780341 10.9127288 5.0800000 0.44 0.48 0.52
v -5.0633665 10.9496892 5.0800000 0.44 0.48 0.52
v -5.0501799 10.9872034 5.0800000 0.44 0.48 0.52
v -5.0384951 11.0252122 5.0800000 0.44 0.48 0.52
v -5.0283307 11.0636556 5.0800000 0.44 0.48 0.52
v -5.0197026 11.1024726 5.0800000 0.44 0.48 0.52
v -5.0126247 11.1416020 5.0800000 0.44 0.48 0.52
v -5.0071079 11.1809818 5.0800000 0.44 0.48 0.52
v -5.0031612 11.2205498 5.0800000 0.44 0.48 0.52
v -5.0007906 11.2602435 5.0800000 0.44 0.48 0.52
v -5.0000000 11.3000000 5.0800000 0.44 0.48 0.52
v -5.0000000 11.3000000 1.0800000 0.44 0.48 0.52
v -5.0007906 11.3397565 1.0800000 0.44 0.48 0.52
v -5.0031612 11.3794502 1.0800000 0.44 0.48 0.52
v -5.0071079 11.4190182 1.0800000 0.44 0.48 0.52
v -5.0126247 11.4583980 1.0800000 0.44 0.48 0.52
v -5.0197026 11.4975274 1.0800000 0.44 0.48 0.52
v -5.0283307 11.5363444 1.0800000 0.44 0.48 0.52
v -5.0384951 11.5747878 1.0800000 0.44 0.48 0.52
v -5.0501799 11.6127966 1.0800000 0.44 0.48 0.52
v -5.0633665 11.6503108 1.0800000 0.44 0.48 0.52
v -5.0780341 11.6872712 1.0800000 0.44 0.48 0.52
v -5.0941596 11.7236191 1.0800000 0.44 0.48 0.52
v -5.1117174 11.7592973 1.0800000 0.44 0.48 0.52
v -5.1306797 11.7942492 1.0800000 0.44 0.48 0.52
v -5.1510166 11.8284196 1.0800000 0.44 0.48 0.52
v -5.1726960 11.8617544 1.0800000 0.44 0.48 0.52
v -5.1956834 11.8942010 1.0800000 0.44 0.48 0.52
v -5.2199427 11.9257081 1.0800000 0.44 0.48 0.52
v -5.2454354 11.9562257 1.0800000 0.44 0.48 0.52
v -5.2721212 11.9857058 1.0800000 0.44 0.48 0.52
v -5.2999579 12.0141016 1.0800000 0.44 0.48 0.52
v -5.3289016 12.0413683 1.0800000 0.44 0.48 0.52
v -5.3589064 12.0674627 1.0800000 0.44 0.48 0.52
v -5.3899249 12.0923436 1.0800000 0.44 0.48 0.52
v -5.4219080 12.1159716 1.0800000 0.44 0.48 0.52
v -5.4548052 12.1383094 1.0800000 0.44 0.48 0.52
v -5.4885645 12.1593217 1.0800000 0.44 0.48 0.52
v -5.5231325 12.1789752 1.0800000 0.44 0.48 0.52
v -5.5584545 12.1972389 1.0800000 0.44 0.48 0.52
v -5.5944747 12.2140838 1.0800000 0.44 0.48 0.52
v -5.6311361 12.2294834 1.0800000 0.44 0.48 0.52
v -5.6683807 12.2434133 1.0800000 0.44 0.48 0.52
v -5.7061497 12.2558515 1.0800000 0.44 0.48 0.52
v -5.7443834 12.2667782 1.0800000 0.44 0.48 0.52
v -5.7830212 12.2761763 1.0800000 0.44 0.48 0.52
v -5.8220021 12.2840309 1.0800000 0.44 0.48 0.52
v -5.8612645 12.2903295 1.0800000 0.44 0.48 0.52
v -5.9007462 12.2950622 1.0800000 0.44 0.48 0.52
v -5.9403849 12.2982214 1.0800000 0.44 0.48 0.52
v -5.9801178 12.2998023 1.0800000 0.44 0.48 0.52
v -6.0198822 12.2998023 1.0800000 0.44 0.48 0.52
v -6.0596151 12.2982214 1.0800000 0.44 0.48 0.52
v -6.0992538 12.2950622 1.0800000 0.44 0.48 0.52
v -6.1387355 12.2903295 1.0800000 0.44 0.48 0.52
v -6.1779979 12.2840309 1.0800000 0.44 0.48 0.52
v -6.2169788 12.2761763 1.0800000 0.44 0.48 0.52
v -6.2556166 12.2667782 1.0800000 0.44 0.48 0.52
v -6.2938503 12.2558515 1.0800000 0.44 0.48 0.52
v -6.3316193 12.2434133 1.0800000 0.44 0.48 0.52
v -6.3688639 12.2294834 1.0800000 0.44 0.48 0.52
v -6.4055253 12.2140838 1.0800000 0.44 0.48 0.52
v -6.4415455 12.1972389 1.0800000 0.44 0.48 0.52
v -6.4768675 12.1789752 1.0800000 0.44 0.48 0.52
v -6.5114355 12.1593217 1.0800000 0.44 0.48 0.52
v -6.5451948 12.1383094 1.0800000 0.44 0.48 0.52
v -6.5780920 12.1159716 1.0800000 0.44 0.48 0.52
v -6.6100751 12.0923436 1.0800000 0.44 0.48 0.52
v -6.6410936 12.0674627 1.0800000 0.44 0.48 0.52
v -6.6710984 12.0413683 1.0800000 0.44 0.48 0.52
v -6.7000421 12.0141016 1.0800000 0.44 0.48 0.52
v -6.7278788 11.9857058 1.0800000 0.44 0.48 0.52
v -6.7545646 11.9562257 1.0800000 0.44 0.48 0.52
v -6.7800573 11.9257081 1.0800000 0.44 0.48 0.52
v -6.8043166 11.8942010 1.0800000 0.44 0.48 0.52
v -6.8273040 11.8617544 1.0800000 0.44 0.48 0.52
v -6.8489834 11.8284196 1.0800000 0.44 0.48 0.52
v -6.8693203 11.7942492 1.0800000 0.44 0.48 0.52
v -6.8882826 11.7592973 1.0800000 0.44 0.48 0.52
v -6.9058404 11.7236191 1.0800000 0.44 0.48 0.52
v -6.9219659 11.6872712 1.0800000 0.44 0.48 0.52
v -6.9366335 11.6503108 1.0800000 0.44 0.48 0.52
v -6.9498201 11.6127966 1.0800000 0.44 0.48 0.52
v -6.9615049 11.5747878 1.0800000 0.44 0.48 0.52
v -6.9716693 11.5363444 1.0800000 0.44 0.48 0.52
v -6.9802974 11.4975274 1.0800000 0.44 0.48 0.52
v -6.9873753 11.4583980 1.0800000 0.44 0.48 0.52
v -6.9928921 11.4190182 1.0800000 0.44 0.48 0.52
v -6.9968388 11.3794502 1.0800000 0.44 0.48 0.52
v -6.9992094 11.3397565 1.0800000 0.44 0.48 0.52
v -7.0000000 11.3000000 1.0800000 0.44 0.48 0.52
v -6.9992094 11.2602435 1.0800000 0.44 0.48 0.52
v -6.9968388 11.2205498 1.0800000 0.44 0.48 0.52
v -6.9928921 11.1809818 1.0800000 0.44 0.48 0.52
v -6.9873753 11.1416020 1.0800000 0.44 0.48 0.52
v -6.9802974 11.1024726 1.0800000 0.44 0.48 0.52
v -6.9716693 11.0636556 1.0800000 0.44 0.48 0.52
v -6.9615049 11.0252122 1.0800000 0.44 0.48 0.52
v -6.9498201 10.9872034 1.0800000 0.44 0.48 0.52
v -6.9366335 10.9496892 1.0800000 0.44 0.48 0.52
v -6.9219659 10.9127288 1.0800000 0.44 0.48 0.52
v -6.9058404 10.8763809 1.0800000 0.44 0.48 0.52
v -6.8882826 10.8407027 1.0800000 0.44 0.48 0.52
v -6.8693203 10.8057508 1.0800000 0.44 0.48 0.52
v -6.8489834 10.7715804 1.0800000 0.44 0.48 0.52
v -6.8273040 10.7382456 1.0800000 0.44 0.48 0.52
v -6.8043166 10.7057990 1.0800000 0.44 0.48 0.52
v -6.7800573 10.6742919 1.0800000 0.44 0.48 0.52
v -6.7545646 10.6437743 1.0800000 0.44 0.48 0.52
v -6.7278788 10.6142942 1.0800000 0.44 0.48 0.52
v -6.7000421 10.5858984 1.0800000 0.44 0.48 0.52
v -6.6710984 10.5586317 1.0800000 0.44 0.48 0.52
v -6.6410936 10.5325373 1.0800000 0.44 0.48 0.52
v -6.6100751 10.5076564 1.0800000 0.44 0.48 0.52
v -6.5780920 10.4840284 1.0800000 0.44 0.48 0.52
v -6.5451948 10.4616906 1.0800000 0.44 0.48 0.52
v -6.5114355 10.4406783 1.0800000 0.44 0.48 0.52
v -6.4768675 10.4210248 1.0800000 0.44 0.48 0.52
v -6.4415455 10.4027611 1.0800000 0.44 0.48 0.52
v -6.4055253 10.3859162 1.0800000 0.44 0.48 0.52
v -6.3688639 10.3705166 1.0800000 0.44 0.48 0.52
v -6.3316193 10.3565867 1.0800000 0.44 0.48 0.52
v -6.2938503 10.3441485 1.0800000 0.44 0.48 0.52
v -6.2556166 10.3332218 1.0800000 0.44 0.48 0.52
v -6.2169788 10.3238237 1.0800000 0.44 0.48 0.52
v -6.1779979 10.3159691 1.0800000 0.44 0.48 0.52
v -6.1387355 10.3096705 1.0800000 0.44 0.48 0.52
v -6.0992538 10.3049378 1.0800000 0.44 0.48 0.52
v -6.0596151 10.3017786 1.0800000 0.44 0.48 0.52
v -6.0198822 10.3001977 1.0800000 0.44 0.48 0.52
v -5.9801178 10.3001977 1.0800000 0.44 0.48 0.52
v -5.9403849 10.3017786 1.0800000 0.44 0.48 0.52
v -5.9007462 10.3049378 1.0800000 0.44 0.48 0.52
v -5.8612645 10.3096705 1.0800000 0.44 0.48 0.52
v -5.8220021 10.3159691 1.0800000 0.44 0.48 0.52
v -5.7830212 10.3238237 1.0800000 0.44 0.48 0.52
v -5.7443834 10.3332218 1.0800000 0.44 0.48 0.52
v -5.7061497 10.3441485 1.0800000 0.44 0.48 0.52
v -5.6683807 10.3565867 1.0800000 0.44 0.48 0.52
v -5.6311361 10.3705166 1.0800000 0.44 0.48 0.52
v -5.5944747 10.3859162 1.0800000 0.44 0.48 0.52
v -5.5584545 10.4027611 1.0800000 0.44 0.48 0.52
v -5.5231325 10.4210248 1.0800000 0.44 0.48 0.52
v -5.4885645 10.4406783 1.0800000 0.44 0.48 0.52
v -5.4548052 10.4616906 1.0800000 0.44 0.48 0.52
v -5.4219080 10.4840284 1.0800000 0.44 0.48 0.52
v -5.3899249 10.5076564 1.0800000 0.44 0.48 0.52
v -5.3589064 10.5325373 1.0800000 0.44 0.48 0.52
v -5.3289016 10.5586317 1.0800000 0.44 0.48 0.52
v -5.2999579 10.5858984 1.0800000 0.44 0.48 0.52
v -5.2721212 10.6142942 1.0800000 0.44 0.48 0.52
v -5.2454354 10.6437743 1.0800000 0.44 0.48 0.52
v -5.2199427 10.6742919 1.0800000 0.44 0.48 0.52
v -5.1956834 10.7057990 1.0800000 0.44 0.48 0.52
v -5.1726960 10.7382456 1.0800000 0.44 0.48 0.52
v -5.1510166 10.7715804 1.0800000 0.44 0.48 0.52
v -5.1306797 10.8057508 1.0800000 0.44 0.48 0.52
v -5.1117174 10.8407027 1.0800000 0.44 0.48 0.52
v -5.0941596 10.8763809 1.0800000 0.44 0.48 0.52
v -5.0780341 10.9127288 1.0800000 0.44 0.48 0.52
v -5.0633665 10.9496892 1.0800000 0.44 0.48 0.52
v -5.0501799 10.9872034 1.0800000 0.44 0.48 0.52
v -5.0384951 11.0252122 1.0800000 0.44 0.48 0.52
v -5.0283307 11.0636556 1.0800000 0.44 0.48 0.52
v -5.0197026 11.1024726 1.0800000 0.44 0.48 0.52
v -5.0126247 11.1416020 1.0800000 0.44 0.48 0.52
v -5.0071079 11.1809818 1.0800000 0.44 0.48 0.52
v -5.0031612 11.2205498 1.0800000 0.44 0.48 0.52
v -5.0007906 11.2602435 1.0800000 0.44 0.48 0.52
v -4.1500000 11.3000000 0.2300000 0.44 0.48 0.52
v -4.1514626 11.3735496 0.2300000 0.44 0.48 0.52
v -4.1558481 11.4469828 0.2300000 0.44 0.48 0.52
v -4.1631497 11.5201837 0.2300000 0.44 0.48 0.52
v -4.1733556 11.5930363 0.2300000 0.44 0.48 0.52
v -4.1864499 11.6654257 0.2300000 0.44 0.48 0.52
v -4.2024117 11.7372372 0.2300000 0.44 0.48 0.52
v -4.2212159 11.8083574 0.2300000 0.44 0.48 0.52
v -4.2428328 11.8786737 0.2300000 0.44 0.48 0.52
v -4.2672280 11.9480751 0.2300000 0.44 0.48 0.52
v -4.2943632 12.0164517 0.2300000 0.44 0.48 0.52
v -4.3241953 12.0836954 0.2300000 0.44 0.48 0.52
v -4.3566772 12.1497000 0.2300000 0.44 0.48 0.52
v -4.3917575 12.2143610 0.2300000 0.44 0.48 0.52
v -4.4293808 12.2775762 0.2300000 0.44 0.48 0.52
v -4.4694875 12.3392457 0.2300000 0.44 0.48 0.52
v -4.5120144 12.3992719 0.2300000 0.44 0.48 0.52
v -4.5568940 12.4575599 0.2300000 0.44 0.48 0.52
v -4.6040555 12.5140176 0.2300000 0.44 0.48 0.52
v -4.6534242 12.5685557 0.2300000 0.44 0.48 0.52
v -4.7049222 12.6210880 0.2300000 0.44 0.48 0.52
v -4.7584679 12.6715313 0.2300000 0.44 0.48 0.52
v -4.8139768 12.7198059 0.2300000 0.44 0.48 0.52
v -4.8713610 12.7658356 0.2300000 0.44 0.48 0.52
v -4.9305298 12.8095474 0.2300000 0.44 0.48 0.52
v -4.9913897 12.8508724 0.2300000 0.44 0.48 0.52
v -5.0538444 12.8897451 0.2300000 0.44 0.48 0.52
v -5.1177951 12.9261041 0.2300000 0.44 0.48 0.52
v -5.1831408 12.9598919 0.2300000 0.44 0.48 0.52
v -5.2497782 12.9910551 0.2300000 0.44 0.48 0.52
v -5.3176017 13.0195443 0.2300000 0.44 0.48 0.52
v -5.3865043 13.0453146 0.2300000 0.44 0.48 0.52
v -5.4563770 13.0683252 0.2300000 0.44 0.48 0.52
v -5.5271092 13.0885397 0.2300000 0.44 0.48 0.52
v -5.5985892 13.1059262 0.2300000 0.44 0.48 0.52
v -5.6707039 13.1204571 0.2300000 0.44 0.48 0.52
v -5.7433393 13.1321095 0.2300000 0.44 0.48 0.52
v -5.8163805 13.1408650 0.2300000 0.44 0.48 0.52
v -5.8897120 13.1467097 0.2300000 0.44 0.48 0.52
v -5.9632180 13.1496343 0.2300000 0.44 0.48 0.52
v -6.0367820 13.1496343 0.2300000 0.44 0.48 0.52
v -6.1102880 13.1467097 0.2300000 0.44 0.48 0.52
v -6.1836195 13.1408650 0.2300000 0.44 0.48 0.52
v -6.2566607 13.1321095 0.2300000 0.44 0.48 0.52
v -6.3292961 13.1204571 0.2300000 0.44 0.48 0.52
v -6.4014108 13.1059262 0.2300000 0.44 0.48 0.52
v -6.4728908 13.0885397 0.2300000 0.44 0.48 0.52
v -6.5436230 13.0683252 0.2300000 0.44 0.48 0.52
v -6.6134957 13.0453146 0.2300000 0.44 0.48 0.52
v -6.6823983 13.0195443 0.2300000 0.44 0.48 0.52
v -6.7502218 12.9910551 0.2300000 0.44 0.48 0.52
v -6.8168592 12.9598919 0.2300000 0.44 0.48 0.52
v -6.8822049 12.9261041 0.2300000 0.44 0.48 0.52
v -6.9461556 12.8897451 0.2300000 0.44 0.48 0.52
v -7.0086103 12.8508724 0.2300000 0.44 0.48 0.52
v -7.0694702 12.8095474 0.2300000 0.44 0.48 0.52
v -7.1286390 12.7658356 0.2300000 0.44 0.48 0.52
v -7.1860232 12.7198059 0.2300000 0.44 0.48 0.52
v -7.2415321 12.6715313 0.2300000 0.44 0.48 0.52
v -7.2950778 12.6210880 0.2300000 0.44 0.48 0.52
v -7.3465758 12.5685557 0.2300000 0.44 0.48 0.52
v -7.3959445 12.5140176 0.2300000 0.44 0.48 0.52
v -7.4431060 12.4575599 0.2300000 0.44 0.48 0.52
v -7.4879856 12.3992719 0.2300000 0.44 0.48 0.52
v -7.5305125 12.3392457 0.2300000 0.44 0.48 0.52
v -7.5706192 12.2775762 0.2300000 0.44 0.48 0.52
v -7.6082425 12.2143610 0.2300000 0.44 0.48 0.52
v -7.6433228 12.1497000 0.2300000 0.44 0.48 0.52
v -7.6758047 12.0836954 0.2300000 0.44 0.48 0.52
v -7.7056368 12.0164517 0.2300000 0.44 0.48 0.52
v -7.7327720 11.9480751 0.2300000 0.44 0.48 0.52
v -7.7571672 11.8786737 0.2300000 0.44 0.48 0.52
v -7.7787841 11.8083574 0.2300000 0.44 0.48 0.52
v -7.7975883 11.7372372 0.2300000 0.44 0.48 0.52
v -7.8135501 11.6654257 0.2300000 0.44 0.48 0.52
v -7.8266444 11.5930363 0.2300000 0.44 0.48 0.52
v -7.8368503 11.5201837 0.2300000 0.44 0.48 0.52
v -7.8441519 11.4469828 0.2300000 0.44 0.48 0.52
v -7.8485374 11.3735496 0.2300000 0.44 0.48 0.52
v -7.8500000 11.3000000 0.2300000 0.44 0.48 0.52
v -7.8485374 11.2264504 0.2300000 0.44 0.48 0.52
v -7.8441519 11.1530172 0.2300000 0.44 0.48 0.52
v -7.8368503 11.0798163 0.2300000 0.44 0.48 0.52
v -7.8266444 11.0069637 0.2300000 0.44 0.48 0.52
v -7.8135501 10.9345743 0.2300000 0.44 0.48 0.52
v -7.7975883 10.8627628 0.2300000 0.44 0.48 0.52
v -7.7787841 10.7916426 0.2300000 0.44 0.48 0.52
v -7.7571672 10.7213263 0.2300000 0.44 0.48 0.52
v -7.7327720 10.6519249 0.2300000 0.44 0.48 0.52
v -7.7056368 10.5835483 0.2300000 0.44 0.48 0.52
v -7.6758047 10.5163046 0.2300000 0.44 0.48 0.52
v -7.6433228 10.4503000 0.2300000 0.44 0.48 0.52
v -7.6082425 10.3856390 0.2300000 0.44 0.48 0.52
v -7.5706192 10.3224238 0.2300000 0.44 0.48 0.52
v -7.5305125 10.2607543 0.2300000 0.44 0.48 0.52
v -7.4879856 10.2007281 0.2300000 0.44 0.48 0.52
v -7.4431060 10.1424401 0.2300000 0.44 0.48 0.52
v -7.3959445 10.0859824 0.2300000 0.44 0.48 0.52
v -7.3465758 10.0314443 0.2300000 0.44 0.48 0.52
v -7.2950778 9.9789120 0.2300000 0.44 0.48 0.52
v -7.2415321 9.9284687 0.2300000 0.44 0.48 0.52
v -7.1860232 9.8801941 0.2300000 0.44 0.48 0.52
v -7.1286390 9.8341644 0.2300000 0.44 0.48 0.52
v -7.0694702 9.7904526 0.2300000 0.44 0.48 0.52
v -7.0086103 9.7491276 0.2300000 0.44 0.48 0.52
v -6.9461556 9.7102549 0.2300000 0.44 0.48 0.52
v -6.8822049 9.6738959 0.2300000 0.44 0.48 0.52
v -6.8168592 9.6401081 0.2300000 0.44 0.48 0.52
v -6.7502218 9.6089449 0.2300000 0.44 0.48 0.52
v -6.6823983 9.5804557 0.2300000 0.44 0.48 0.52
v -6.6134957 9.5546854 0.2300000 0.44 0.48 0.52
v -6.5436230 9.5316748 0.2300000 0.44 0.48 0.52
v -6.4728908 9.5114603 0.2300000 0.44 0.48 0.52
v -6.4014108 9.4940738 0.2300000 0.44 0.48 0.52
v -6.3292961 9.4795429 0.2300000 0.44 0.48 0.52
v -6.2566607 9.4678905 0.2300000 0.44 0.48 0.52
v -6.1836195 9.4591350 0.2300000 0.44 0.48 0.52
v -6.1102880 9.4532903 0.2300000 0.44 0.48 0.52
v -6.0367820 9.4503657 0.2300000 0.44 0.48 0.52
v -5.9632180 9.4503657 0.2300000 0.44 0.48 0.52
v -5.8897120 9.4532903 0.2300000 0.44 0.48 0.52
v -5.8163805 9.4591350 0.2300000 0.44 0.48 0.52
v -5.7433393 9.4678905 0.2300000 0.44 0.48 0.52
v -5.6707039 9.4795429 0.2300000 0.44 0.48 0.52
v -5.5985892 9.4940738 0.2300000 0.44 0.48 0.52
v -5.5271092 9.5114603 0.2300000 0.44 0.48 0.52
v -5.4563770 9.5316748 0.2300000 0.44 0.48 0.52
v -5.3865043 9.5546854 0.2300000 0.44 0.48 0.52
v -5.3176017 9.5804557 0.2300000 0.44 0.48 0.52
v -5.2497782 9.6089449 0.2300000 0.44 0.48 0.52
v -5.1831408 9.6401081 0.2300000 0.44 0.48 0.52
v -5.1177951 9.6738959 0.2300000 0.44 0.48 0.52
v -5.0538444 9.7102549 0.2300000 0.44 0.48 0.52
v -4.9913897 9.7491276 0.2300000 0.44 0.48 0.52
v -4.9305298 9.7904526 0.2300000 0.44 0.48 0.52
v -4.8713610 9.8341644 0.2300000 0.44 0.48 0.52
v -4.8139768 9.8801941 0.2300000 0.44 0.48 0.52
v -4.7584679 9.9284687 0.2300000 0.44 0.48 0.52
v -4.7049222 9.9789120 0.2300000 0.44 0.48 0.52
v -4.6534242 10.0314443 0.2300000 0.44 0.48 0.52
v -4.6040555 10.0859824 0.2300000 0.44 0.48 0.52
v -4.5568940 10.1424401 0.2300000 0.44 0.48 0.52
v -4.5120144 10.2007281 0.2300000 0.44 0.48 0.52
v -4.4694875 10.2607543 0.2300000 0.44 0.48 0.52
v -4.4293808 10.3224238 0.2300000 0.44 0.48 0.52
v -4.3917575 10.3856390 0.2300000 0.44 0.48 0.52
v -4.3566772 10.4503000 0.2300000 0.44 0.48 0.52
v -4.3241953 10.5163046 0.2300000 0.44 0.48 0.52
v -4.2943632 10.5835483 0.2300000 0.44 0.48 0.52
v -4.2672280 10.6519249 0.2300000 0.44 0.48 0.52
v -4.2428328 10.7213263 0.2300000 0.44 0.48 0.52
v -4.2212159 10.7916426 0.2300000 0.44 0.48 0.52
v -4.2024117 10.8627628 0.2300000 0.44 0.48 0.52
v -4.1864499 10.9345743 0.2300000 0.44 0.48 0.52
v -4.1733556 11.0069637 0.2300000 0.44 0.48 0.52
v -4.1631497 11.0798163 0.2300000 0.44 0.48 0.52
v -4.1558481 11.1530172 0.2300000 0.44 0.48 0.52
v -4.1514626 11.2264504 0.2300000 0.44 0.48 0.52
v -5.0000000 11.3000000 5.0800000 0.44 0.48 0.52
v -5.0007906 11.3397565 5.0800000 0.44 0.48 0.52
v -5.0031612 11.3794502 5.0800000 0.44 0.48 0.52
v -5.0071079 11.4190182 5.0800000 0.44 0.48 0.52
v -5.0126247 11.4583980 5.0800000 0.44 0.48 0.52
v -5.0197026 11.4975274 5.0800000 0.44 0.48 0.52
v -5.0283307 11.5363444 5.0800000 0.44 0.48 0.52
v -5.0384951 11.5747878 5.0800000 0.44 0.48 0.52
v -5.0501799 11.6127966 5.0800000 0.44 0.48 0.52
v -5.0633665 11.6503108 5.0800000 0.44 0.48 0.52
v -5.0780341 11.6872712 5.0800000 0.44 0.48 0.52
v -5.0941596 11.7236191 5.0800000 0.44 0.48 0.52
v -5.1117174 11.7592973 5.0800000 0.44 0.48 0.52
v -5.1306797 11.7942492 5.0800000 0.44 0.48 0.52
v -5.1510166 11.8284196 5.0800000 0.44 0.48 0.52
v -5.1726960 11.8617544 5.0800000 0.44 0.48 0.52
v -5.1956834 11.8942010 5.0800000 0.44 0.48 0.52
v -5.2199427 11.9257081 5.0800000 0.44 0.48 0.52
v -5.2454354 11.9562257 5.0800000 0.44 0.48 0.52
v -5.2721212 11.9857058 5.0800000 0.44 0.48 0.52
v -5.2999579 12.0141016 5.0800000 0.44 0.48 0.52
v -5.3289016 12.0413683 5.0800000 0.44 0.48 0.52
v -5.3589064 12.0674627 5.0800000 0.44 0.48 0.52
v -5.3899249 12.0923436 5.0800000 0.44 0.48 0.52
v -5.4219080 12.1159716 5.0800000 0.44 0.48 0.52
v -5.4548052 12.1383094 5.0800000 0.44 0.48 0.52
v -5.4885645 12.1593217 5.0800000 0.44 0.48 0.52
v -5.5231325 12.1789752 5.0800000 0.44 0.48 0.52
v -5.5584545 12.1972389 5.0800000 0.44 0.48 0.52
v -5.5944747 12.2140838 5.0800000 0.44 0.48 0.52
v -5.6311361 12.2294834 5.0800000 0.44 0.48 0.52
v -5.6683807 12.2434133 5.0800000 0.44 0.48 0.52
v -5.7061497 12.2558515 5.0800000 0.44 0.48 0.52
v -5.7443834 12.2667782 5.0800000 0.44 0.48 0.52
v -5.7830212 12.2761763 5.0800000 0.44 0.48 0.52
v -5.8220021 12.2840309 5.0800000 0.44 0.48 0.52
v -5.8612645 12.2903295 5.0800000 0.44 0.48 0.52
v -5.9007462 12.2950622 5.0800000 0.44 0.48 0.52
v -5.9403849 12.2982214 5.0800000 0.44 0.48 0.52
v -5.9801178 12.2998023 5.0800000 0.44 0.48 0.52
v -6.0198822 12.2998023 5.0800000 0.44 0.48 0.52
v -6.0596151 12.2982214 5.0800000 0.44 0.48 0.52
v -6.0992538 12.2950622 5.0800000 0.44 0.48 0.52
v -6.1387355 12.2903295 5.0800000 0.44 0.48 0.52
v -6.1779979 12.2840309 5.0800000 0.44 0.48 0.52
v -6.2169788 12.2761763 5.0800000 0.44 0.48 0.52
v -6.2556166 12.2667782 5.0800000 0.44 0.48 0.52
v -6.2938503 12.2558515 5.0800000 0.44 0.48 0.52
v -6.3316193 12.2434133 5.0800000 0.44 0.48 0.52
v -6.3688639 12.2294834 5.0800000 0.44 0.48 0.52
v -6.4055253 12.2140838 5.0800000 0.44 0.48 0.52
v -6.4415455 12.1972389 5.0800000 0.44 0.48 0.52
v -6.4768675 12.1789752 5.0800000 0.44 0.48 0.52
v -6.5114355 12.1593217 5.0800000 0.44 0.48 0.52
v -6.5451948 12.1383094 5.0800000 0.44 0.48 0.52
v -6.5780920 12.1159716 5.0800000 0.44 0.48 0.52
v -6.6100751 12.0923436 5.0800000 0.44 0.48 0.52
v -6.6410936 12.0674627 5.0800000 0.44 0.48 0.52
v -6.6710984 12.0413683 5.0800000 0.44 0.48 0.52
v -6.7000421 12.0141016 5.0800000 0.44 0.48 0.52
v -6.7278788 11.9857058 5.0800000 0.44 0.48 0.52
v -6.7545646 11.9562257 5.0800000 0.44 0.48 0.52
v -6.7800573 11.9257081 5.0800000 0.44 0.48 0.52
v -6.8043166 11.8942010 5.0800000 0.44 0.48 0.52
v -6.8273040 11.8617544 5.0800000 0.44 0.48 0.52
v -6.8489834 11.8284196 5.0800000 0.44 0.48 0.52
v -6.8693203 11.7942492 5.0800000 0.44 0.48 0.52
v -6.8882826 11.7592973 5.0800000 0.44 0.48 0.52
v -6.9058404 11.7236191 5.0800000 0.44 0.48 0.52
v -6.9219659 11.6872712 5.0800000 0.44 0.48 0.52
v -6.9366335 11.6503108 5.0800000 0.44 0.48 0.52
v -6.9498201 11.6127966 5.0800000 0.44 0.48 0.52
v -6.9615049 11.5747878 5.0800000 0.44 0.48 0.52
v -6.9716693 11.5363444 5.0800000 0.44 0.48 0.52
v -6.9802974 11.4975274 5.0800000 0.44 0.48 0.52
v -6.9873753 11.4583980 5.0800000 0.44 0.48 0.52
v -6.9928921 11.4190182 5.0800000 0.44 0.48 0.52
v -6.9968388 11.3794502 5.0800000 0.44 0.48 0.52
v -6.9992094 11.3397565 5.0800000 0.44 0.48 0.52
v -7.0000000 11.3000000 5.0800000 0.44 0.48 0.52
v -6.9992094 11.2602435 5.0800000 0.44 0.48 0.52
v -6.9968388 11.2205498 5.0800000 0.44 0.48 0.52
v -6.9928921 11.1809818 5.0800000 0.44 0.48 0.52
v -6.9873753 11.1416020 5.0800000 0.44 0.48 0.52
v -6.9802974 11.1024726 5.0800000 0.44 0.48 0.52
v -6.9716693 11.0636556 5.0800000 0.44 0.48 0.52
v -6.9615049 11.0252122 5.0800000 0.44 0.48 0.52
v -6.9498201 10.9872034 5.0800000 0.44 0.48 0.52
v -6.9366335 10.9496892 5.0800000 0.44 0.48 0.52
v -6.9219659 10.9127288 5.0800000 0.44 0.48 0.52
v -6.9058404 10.8763809 5.0800000 0.44 0.48 0.52
v -6.8882826 10.8407027 5.0800000 0.44 0.48 0.52
v -6.8693203 10.8057508 5.0800000 0.44 0.48 0.52
v -6.8489834 10.7715804 5.0800000 0.44 0.48 0.52
v -6.8273040 10.7382456 5.0800000 0.44 0.48 0.52
v -6.8043166 10.7057990 5.0800000 0.44 0.48 0.52
v -6.7800573 10.6742919 5.0800000 0.44 0.48 0.52
v -6.7545646 10.6437743 5.0800000 0.44 0.48 0.52
v -6.7278788 10.6142942 5.0800000 0.44 0.48 0.52
v -6.7000421 10.5858984 5.0800000 0.44 0.48 0.52
v -6.6710984 10.5586317 5.0800000 0.44 0.48 0.52
v -6.6410936 10.5325373 5.0800000 0.44 0.48 0.52
v -6.6100751 10.5076564 5.0800000 0.44 0.48 0.52
v -6.5780920 10.4840284 5.0800000 0.44 0.48 0.52
v -6.5451948 10.4616906 5.0800000 0.44 0.48 0.52
v -6.5114355 10.4406783 5.0800000 0.44 0.48 0.52
v -6.4768675 10.4210248 5.0800000 0.44 0.48 0.52
v -6.4415455 10.4027611 5.0800000 0.44 0.48 0.52
v -6.4055253 10.3859162 5.0800000 0.44 0.48 0.52
v -6.3688639 10.3705166 5.0800000 0.44 0.48 0.52
v -6.3316193 10.3565867 5.0800000 0.44 0.48 0.52
v -6.2938503 10.3441485 5.0800000 0.44 0.48 0.52
v -6.2556166 10.3332218 5.0800000 0.44 0.48 0.52
v -6.2169788 10.3238237 5.0800000 0.44 0.48 0.52
v -6.1779979 10.3159691 5.0800000 0.44 0.48 0.52
v -6.1387355 10.3096705 5.0800000 0.44 0.48 0.52
v -6.0992538 10.3049378 5.0800000 0.44 0.48 0.52
v -6.0596151 10.3017786 5.0800000 0.44 0.48 0.52
v -6.0198822 10.3001977 5.0800000 0.44 0.48 0.52
v -5.9801178 10.3001977 5.0800000 0.44 0.48 0.52
v -5.9403849 10.3017786 5.0800000 0.44 0.48 0.52
v -5.9007462 10.3049378 5.0800000 0.44 0.48 0.52
v -5.8612645 10.3096705 5.0800000 0.44 0.48 0.52
v -5.8220021 10.3159691 5.0800000 0.44 0.48 0.52
v -5.7830212 10.3238237 5.0800000 0.44 0.48 0.52
v -5.7443834 10.3332218 5.0800000 0.44 0.48 0.52
v -5.7061497 10.3441485 5.0800000 0.44 0.48 0.52
v -5.6683807 10.3565867 5.0800000 0.44 0.48 0.52
v -5.6311361 10.3705166 5.0800000 0.44 0.48 0.52
v -5.5944747 10.3859162 5.0800000 0.44 0.48 0.52
v -5.5584545 10.4027611 5.0800000 0.44 0.48 0.52
v -5.5231325 10.4210248 5.0800000 0.44 0.48 0.52
v -5.4885645 10.4406783 5.0800000 0.44 0.48 0.52
v -5.4548052 10.4616906 5.0800000 0.44 0.48 0.52
v -5.4219080 10.4840284 5.0800000 0.44 0.48 0.52
v -5.3899249 10.5076564 5.0800000 0.44 0.48 0.52
v -5.3589064 10.5325373 5.0800000 0.44 0.48 0.52
v -5.3289016 10.5586317 5.0800000 0.44 0.48 0.52
v -5.2999579 10.5858984 5.0800000 0.44 0.48 0.52
v -5.2721212 10.6142942 5.0800000 0.44 0.48 0.52
v -5.2454354 10.6437743 5.0800000 0.44 0.48 0.52
v -5.2199427 10.6742919 5.0800000 0.44 0.48 0.52
v -5.1956834 10.7057990 5.0800000 0.44 0.48 0.52
v -5.1726960 10.7382456 5.0800000 0.44 0.48 0.52
v -5.1510166 10.7715804 5.0800000 0.44 0.48 0.52
v -5.1306797 10.8057508 5.0800000 0.44 0.48 0.52
v -5.1117174 10.8407027 5.0800000 0.44 0.48 0.52
v -5.0941596 10.8763809 5.0800000 0.44 0.48 0.52
v -5.0780341 10.9127288 5.0800000 0.44 0.48 0.52
v -5.0633665 10.9496892 5.0800000 0.44 0.48 0.52
v -5.0501799 10.9872034 5.0800000 0.44 0.48 0.52
v -5.0384951 11.0252122 5.0800000 0.44 0.48 0.52
v -5.0283307 11.0636556 5.0800000 0.44 0.48 0.52
v -5.0197026 11.1024726 5.0800000 0.44 0.48 0.52
v -5.0126247 11.1416020 5.0800000 0.44 0.48 0.52
v -5.0071079 11.1809818 5.0800000 0.44 0.48 0.52
v -5.0031612 11.2205498 5.0800000 0.44 0.48 0.52
v -5.0007906 11.2602435 5.0800000 0.44 0.48 0.52
usemtl Battery_Fasteners
s off
f 161 160 165
f 2 1 164
f 323 321 322
f 159 158 326
f 327 161 165
f 327 165 166
f 327 166 167
f 328 167 168
f 328 168 169
f 328 327 167
f 329 169 170
f 329 170 171
f 329 328 169
f 330 162 161
f 330 161 327
f 331 171 172
f 331 172 173
f 331 329 171
f 332 330 327
f 332 327 328
f 333 173 174
f 333 174 175
f 333 331 173
f 334 328 329
f 334 332 328
f 335 162 330
f 335 163 162
f 336 333 175
f 336 175 176
f 336 176 177
f 337 334 329
f 337 329 331
f 338 335 330
f 338 330 332
f 339 336 177
f 339 177 178
f 339 178 179
f 340 331 333
f 340 337 331
f 341 332 334
f 341 338 332
f 342 3 2
f 342 4 3
f 342 163 335
f 342 164 163
f 342 2 164
f 343 179 180
f 343 180 181
f 343 339 179
f 344 340 333
f 344 333 336
f 345 341 334
f 345 334 337
f 346 5 4
f 346 6 5
f 346 335 338
f 346 4 342
f 346 342 335
f 347 343 181
f 347 181 182
f 347 182 183
f 348 344 336
f 348 336 339
f 349 337 340
f 349 345 337
f 350 7 6
f 350 8 7
f 350 346 338
f 350 338 341
f 350 6 346
f 351 347 183
f 351 183 184
f 351 184 185
f 352 339 343
f 352 348 339
f 353 340 344
f 353 349 340
f 354 9 8
f 354 10 9
f 354 8 350
f 354 350 341
f 354 341 345
f 355 351 185
f 355 185 186
f 355 186 187
f 356 343 347
f 356 352 343
f 357 344 348
f 357 353 344
f 358 11 10
f 358 12 11
f 358 10 354
f 358 354 345
f 358 345 349
f 359 355 187
f 359 187 188
f 359 188 189
f 360 347 351
f 360 356 347
f 361 348 352
f 361 357 348
f 362 13 12
f 362 14 13
f 362 358 349
f 362 349 353
f 362 12 358
f 363 359 189
f 363 189 190
f 363 190 191
f 364 360 351
f 364 351 355
f 365 352 356
f 365 361 352
f 366 15 14
f 366 16 15
f 366 14 362
f 366 357 361
f 366 353 357
f 366 362 353
f 367 363 191
f 367 191 192
f 367 192 193
f 368 359 363
f 368 364 355
f 368 355 359
f 369 356 360
f 369 365 356
f 370 16 366
f 370 366 361
f 370 17 16
f 370 18 17
f 371 367 193
f 371 193 194
f 371 194 195
f 372 368 363
f 373 360 364
f 373 369 360
f 373 364 368
f 374 361 365
f 374 19 18
f 374 20 19
f 374 18 370
f 374 370 361
f 375 371 195
f 375 195 196
f 375 196 197
f 376 367 371
f 376 363 367
f 376 372 363
f 377 373 368
f 378 21 20
f 378 22 21
f 378 365 369
f 378 20 374
f 378 369 373
f 378 374 365
f 379 375 197
f 379 197 198
f 379 198 199
f 380 376 371
f 381 368 372
f 381 377 368
f 382 23 22
f 382 24 23
f 382 378 373
f 382 22 378
f 383 379 199
f 383 199 200
f 383 200 201
f 384 371 375
f 384 380 371
f 385 381 372
f 385 372 376
f 385 376 380
f 386 25 24
f 386 26 25
f 386 373 377
f 386 382 373
f 386 24 382
f 387 202 203
f 387 383 201
f 387 201 202
f 388 384 375
f 388 375 379
f 389 385 380
f 390 27 26
f 390 28 27
f 390 26 386
f 390 386 377
f 390 377 381
f 391 203 204
f 391 204 205
f 391 387 203
f 392 388 379
f 392 383 387
f 392 379 383
f 393 380 384
f 393 389 380
f 394 28 390
f 394 29 28
f 394 30 29
f 394 381 385
f 394 390 381
f 395 205 206
f 395 206 207
f 395 391 205
f 396 392 387
f 397 388 392
f 397 384 388
f 397 393 384
f 398 389 393
f 398 31 30
f 398 32 31
f 398 394 385
f 398 30 394
f 398 385 389
f 399 207 208
f 399 208 209
f 399 395 207
f 400 387 391
f 400 396 387
f 401 397 392
f 402 33 32
f 402 34 33
f 402 32 398
f 402 398 393
f 403 209 210
f 403 210 211
f 403 399 209
f 404 400 391
f 404 391 395
f 405 401 392
f 405 392 396
f 406 393 397
f 406 35 34
f 406 36 35
f 406 34 402
f 406 397 401
f 406 402 393
f 407 403 211
f 407 211 212
f 407 212 213
f 408 395 399
f 408 404 395
f 409 405 396
f 409 396 400
f 410 406 401
f 410 37 36
f 410 38 37
f 410 36 406
f 411 213 214
f 411 214 215
f 411 407 213
f 412 408 399
f 412 399 403
f 413 400 404
f 413 409 400
f 414 410 401
f 414 38 410
f 414 39 38
f 414 40 39
f 414 401 405
f 415 411 215
f 415 215 216
f 415 216 217
f 416 403 407
f 416 407 411
f 416 412 403
f 417 404 408
f 417 408 412
f 417 413 404
f 418 41 40
f 418 42 41
f 418 40 414
f 418 414 405
f 418 405 409
f 419 217 218
f 419 218 219
f 419 415 217
f 420 416 411
f 421 417 412
f 422 413 417
f 422 42 418
f 422 43 42
f 422 44 43
f 422 409 413
f 422 418 409
f 423 219 220
f 423 220 221
f 423 419 219
f 424 411 415
f 424 420 411
f 425 412 416
f 425 421 412
f 426 422 417
f 426 45 44
f 426 46 45
f 426 44 422
f 427 221 222
f 427 222 223
f 427 423 221
f 428 424 415
f 428 419 423
f 428 415 419
f 429 425 416
f 429 416 420
f 430 426 417
f 430 47 46
f 430 48 47
f 430 417 421
f 430 46 426
f 431 223 224
f 431 224 225
f 431 427 223
f 432 428 423
f 433 420 424
f 433 429 420
f 434 421 425
f 434 430 421
f 434 49 48
f 434 50 49
f 434 48 430
f 435 225 226
f 435 226 227
f 435 431 225
f 436 423 427
f 436 432 423
f 436 427 431
f 437 433 424
f 437 424 428
f 438 425 429
f 438 429 433
f 438 51 50
f 438 52 51
f 438 434 425
f 438 50 434
f 439 435 227
f 439 227 228
f 439 228 229
f 440 436 431
f 441 437 428
f 441 428 432
f 442 52 438
f 442 53 52
f 442 54 53
f 442 438 433
f 443 229 230
f 443 230 231
f 443 439 229
f 444 431 435
f 444 440 431
f 444 435 439
f 445 432 436
f 445 441 432
f 446 433 437
f 446 437 441
f 446 55 54
f 446 56 55
f 446 442 433
f 446 54 442
f 447 231 232
f 447 232 233
f 447 443 231
f 448 444 439
f 449 445 436
f 449 436 440
f 450 56 446
f 450 57 56
f 450 58 57
f 450 441 445
f 450 446 441
f 451 233 234
f 451 234 235
f 451 447 233
f 452 439 443
f 452 448 439
f 453 440 444
f 453 449 440
f 454 450 445
f 454 59 58
f 454 60 59
f 454 58 450
f 455 235 236
f 455 236 237
f 455 451 235
f 456 447 451
f 456 452 443
f 456 443 447
f 457 444 448
f 457 453 444
f 458 454 445
f 458 449 453
f 458 61 60
f 458 62 61
f 458 60 454
f 458 445 449
f 459 237 238
f 459 238 239
f 459 455 237
f 460 456 451
f 461 457 448
f 461 448 452
f 461 452 456
f 462 62 458
f 462 63 62
f 462 64 63
f 462 453 457
f 462 458 453
f 463 239 240
f 463 240 241
f 463 459 239
f 464 451 455
f 464 460 451
f 464 455 459
f 465 461 456
f 466 462 457
f 466 457 461
f 466 65 64
f 466 66 65
f 466 64 462
f 467 463 241
f 467 241 242
f 467 242 243
f 468 464 459
f 469 465 456
f 469 456 460
f 470 66 466
f 470 466 461
f 470 67 66
f 470 68 67
f 471 467 243
f 471 243 244
f 471 244 245
f 472 468 459
f 472 459 463
f 473 460 464
f 473 469 460
f 474 465 469
f 474 461 465
f 474 470 461
f 474 69 68
f 474 68 470
f 474 70 69
f 475 471 245
f 475 245 246
f 475 246 247
f 476 463 467
f 476 472 463
f 477 468 472
f 477 473 464
f 477 464 468
f 478 71 70
f 478 72 71
f 478 70 474
f 478 474 469
f 479 475 247
f 479 247 248
f 479 248 249
f 480 467 471
f 480 476 467
f 481 477 472
f 482 478 469
f 482 469 473
f 482 73 72
f 482 74 73
f 482 72 478
f 483 479 249
f 483 249 250
f 483 250 251
f 484 480 471
f 484 471 475
f 485 472 476
f 485 481 472
f 486 473 477
f 486 75 74
f 486 76 75
f 486 482 473
f 486 74 482
f 487 483 251
f 487 251 252
f 487 252 253
f 488 475 479
f 488 484 475
f 489 485 476
f 489 476 480
f 490 76 486
f 490 477 481
f 490 486 477
f 490 77 76
f 490 78 77
f 491 487 253
f 491 253 254
f 491 254 255
f 492 488 479
f 492 479 483
f 493 489 480
f 493 480 484
f 494 490 481
f 494 78 490
f 494 481 485
f 494 79 78
f 494 80 79
f 495 255 256
f 495 256 257
f 495 491 255
f 496 483 487
f 496 492 483
f 497 488 492
f 497 484 488
f 497 493 484
f 498 489 493
f 498 80 494
f 498 485 489
f 498 81 80
f 498 82 81
f 498 494 485
f 499 495 257
f 499 257 258
f 499 258 259
f 500 487 491
f 500 496 487
f 501 497 492
f 502 498 493
f 502 82 498
f 502 83 82
f 502 84 83
f 503 499 259
f 503 259 260
f 503 260 261
f 504 491 495
f 504 495 499
f 504 500 491
f 505 492 496
f 505 501 492
f 506 493 497
f 506 502 493
f 506 84 502
f 506 85 84
f 506 86 85
f 507 261 262
f 507 262 263
f 507 503 261
f 508 504 499
f 509 505 496
f 509 496 500
f 510 497 501
f 510 506 497
f 510 86 506
f 510 87 86
f 510 88 87
f 511 263 264
f 511 264 265
f 511 507 263
f 512 499 503
f 512 508 499
f 513 504 508
f 513 500 504
f 513 509 500
f 514 501 505
f 514 510 501
f 514 88 510
f 514 89 88
f 514 90 89
f 515 265 266
f 515 266 267
f 515 511 265
f 516 503 507
f 516 512 503
f 517 513 508
f 518 505 509
f 518 514 505
f 518 91 90
f 518 92 91
f 518 90 514
f 519 515 267
f 519 267 268
f 519 268 269
f 520 516 507
f 520 507 511
f 521 517 508
f 521 508 512
f 521 512 516
f 522 518 509
f 522 92 518
f 522 509 513
f 522 93 92
f 522 94 93
f 523 269 270
f 523 270 271
f 523 519 269
f 524 520 511
f 524 511 515
f 525 516 520
f 525 521 516
f 526 522 513
f 526 94 522
f 526 95 94
f 526 96 95
f 526 513 517
f 527 523 271
f 527 271 272
f 527 272 273
f 528 515 519
f 528 519 523
f 528 524 515
f 529 525 520
f 530 96 526
f 530 526 517
f 530 97 96
f 530 98 97
f 530 517 521
f 531 527 273
f 531 273 274
f 531 274 275
f 532 528 523
f 533 520 524
f 533 529 520
f 534 521 525
f 534 530 521
f 534 525 529
f 534 98 530
f 534 99 98
f 534 100 99
f 535 531 275
f 535 275 276
f 535 276 277
f 536 532 523
f 536 523 527
f 537 524 528
f 537 533 524
f 538 102 101
f 538 534 529
f 538 100 534
f 538 101 100
f 539 535 277
f 539 277 278
f 539 278 279
f 540 531 535
f 540 536 527
f 540 527 531
f 541 532 536
f 541 528 532
f 541 537 528
f 542 103 102
f 542 104 103
f 542 538 529
f 542 529 533
f 542 102 538
f 542 533 537
f 543 279 280
f 543 280 281
f 543 539 279
f 544 540 535
f 545 541 536
f 546 105 104
f 546 106 105
f 546 537 541
f 546 542 537
f 546 104 542
f 547 543 281
f 547 281 282
f 547 282 283
f 548 535 539
f 548 539 543
f 548 544 535
f 549 536 540
f 549 545 536
f 550 107 106
f 550 108 107
f 550 106 546
f 550 546 541
f 551 547 283
f 551 283 284
f 551 284 285
f 552 548 543
f 553 549 540
f 553 540 544
f 554 545 549
f 554 109 108
f 554 550 541
f 554 110 109
f 554 108 550
f 554 541 545
f 555 551 285
f 555 285 286
f 555 286 287
f 556 543 547
f 556 552 543
f 557 544 548
f 557 553 544
f 558 111 110
f 558 112 111
f 558 554 549
f 558 549 553
f 558 110 554
f 559 555 287
f 559 287 288
f 559 288 289
f 560 551 555
f 560 556 547
f 560 547 551
f 561 552 556
f 561 557 548
f 561 548 552
f 562 113 112
f 562 114 113
f 562 558 553
f 562 112 558
f 563 559 289
f 563 289 290
f 563 290 291
f 564 560 555
f 565 561 556
f 565 556 560
f 566 115 114
f 566 116 115
f 566 553 557
f 566 562 553
f 566 114 562
f 567 563 291
f 567 291 292
f 567 292 293
f 568 564 555
f 568 555 559
f 569 565 560
f 570 117 116
f 570 118 117
f 570 557 561
f 570 116 566
f 570 566 557
f 571 567 293
f 571 293 294
f 571 294 295
f 572 559 563
f 572 568 559
f 573 569 560
f 573 560 564
f 574 119 118
f 574 120 119
f 574 118 570
f 574 570 561
f 574 565 569
f 574 561 565
f 575 571 295
f 575 295 296
f 575 296 297
f 576 572 563
f 576 563 567
f 577 564 568
f 577 573 564
f 578 121 120
f 578 122 121
f 578 120 574
f 578 574 569
f 579 575 297
f 579 297 298
f 579 298 299
f 580 567 571
f 580 576 567
f 581 568 572
f 581 577 568
f 582 123 122
f 582 124 123
f 582 569 573
f 582 122 578
f 582 573 577
f 582 578 569
f 583 579 299
f 583 299 300
f 583 300 301
f 584 580 571
f 584 571 575
f 585 572 576
f 585 581 572
f 586 582 577
f 586 124 582
f 586 125 124
f 586 126 125
f 587 583 301
f 587 301 302
f 587 302 303
f 588 584 575
f 588 575 579
f 589 576 580
f 589 585 576
f 590 127 126
f 590 128 127
f 590 577 581
f 590 586 577
f 590 126 586
f 591 303 304
f 591 304 305
f 591 587 303
f 592 579 583
f 592 588 579
f 593 580 584
f 593 584 588
f 593 589 580
f 594 581 585
f 594 590 581
f 594 129 128
f 594 130 129
f 594 128 590
f 595 305 306
f 595 306 307
f 595 591 305
f 596 583 587
f 596 587 591
f 596 592 583
f 597 593 588
f 597 588 592
f 598 585 589
f 598 131 130
f 598 132 131
f 598 130 594
f 598 594 585
f 599 307 308
f 599 308 309
f 599 595 307
f 600 591 595
f 600 596 591
f 601 597 592
f 602 598 589
f 602 133 132
f 602 134 133
f 602 589 593
f 602 593 597
f 602 132 598
f 603 309 310
f 603 310 311
f 603 599 309
f 604 600 595
f 605 601 592
f 605 592 596
f 606 134 602
f 606 135 134
f 606 136 135
f 606 597 601
f 606 602 597
f 607 311 312
f 607 312 313
f 607 603 311
f 608 595 599
f 608 604 595
f 609 600 604
f 609 596 600
f 609 605 596
f 610 136 606
f 610 137 136
f 610 138 137
f 610 601 605
f 610 606 601
f 611 313 314
f 611 314 315
f 611 607 313
f 612 599 603
f 612 608 599
f 613 609 604
f 614 139 138
f 614 140 139
f 614 138 610
f 614 610 605
f 615 611 315
f 615 315 316
f 615 316 317
f 616 612 603
f 616 603 607
f 616 607 611
f 617 604 608
f 617 608 612
f 617 613 604
f 618 141 140
f 618 142 141
f 618 609 613
f 618 140 614
f 618 605 609
f 618 614 605
f 619 317 318
f 619 318 319
f 619 615 317
f 620 616 611
f 621 617 612
f 622 618 613
f 622 143 142
f 622 144 143
f 622 142 618
f 623 619 319
f 623 319 320
f 623 320 321
f 623 323 324
f 623 321 323
f 624 615 619
f 624 611 615
f 624 620 611
f 625 621 612
f 625 612 616
f 626 145 144
f 626 146 145
f 626 613 617
f 626 622 613
f 626 144 622
f 627 619 623
f 627 624 619
f 628 625 616
f 628 616 620
f 629 617 621
f 629 626 617
f 629 147 146
f 629 148 147
f 629 146 626
f 630 623 324
f 630 627 623
f 631 620 624
f 631 628 620
f 632 621 625
f 632 629 621
f 632 148 629
f 632 149 148
f 632 150 149
f 633 631 624
f 633 624 627
f 633 627 630
f 634 625 628
f 634 632 625
f 634 628 631
f 634 151 150
f 634 150 632
f 634 152 151
f 635 324 325
f 635 630 324
f 635 633 630
f 636 634 631
f 636 631 633
f 636 153 152
f 636 154 153
f 636 152 634
f 637 155 154
f 637 156 155
f 637 636 633
f 637 154 636
f 638 325 326
f 638 635 325
f 638 156 637
f 638 157 156
f 638 158 157
f 638 633 635
f 638 637 633
f 638 326 158
f 800 640 639
f 800 641 640
f 801 642 641
f 801 641 800
f 802 643 642
f 802 642 801
f 803 644 643
f 803 643 802
f 804 645 644
f 804 644 803
f 805 646 645
f 805 645 804
f 806 647 646
f 806 646 805
f 807 648 647
f 807 647 806
f 808 649 648
f 808 648 807
f 809 650 649
f 809 649 808
f 810 651 650
f 810 650 809
f 811 652 651
f 811 653 652
f 811 651 810
f 812 653 811
f 813 654 653
f 813 653 812
f 814 655 654
f 814 654 813
f 815 656 655
f 815 655 814
f 816 657 656
f 816 656 815
f 817 658 657
f 817 657 816
f 818 659 658
f 818 658 817
f 819 660 659
f 819 661 660
f 819 659 818
f 820 661 819
f 821 661 820
f 821 662 661
f 822 662 821
f 822 663 662
f 822 664 663
f 823 664 822
f 824 664 823
f 824 665 664
f 825 665 824
f 825 666 665
f 826 667 666
f 826 666 825
f 827 668 667
f 827 667 826
f 828 669 668
f 828 668 827
f 829 670 669
f 829 671 670
f 829 669 828
f 830 671 829
f 831 672 671
f 831 671 830
f 832 673 672
f 832 672 831
f 833 674 673
f 833 673 832
f 834 675 674
f 834 674 833
f 835 676 675
f 835 675 834
f 836 677 676
f 836 676 835
f 837 678 677
f 837 677 836
f 838 679 678
f 838 678 837
f 839 680 679
f 839 679 838
f 840 681 680
f 840 680 839
f 841 682 681
f 841 681 840
f 842 683 682
f 842 682 841
f 843 684 683
f 843 683 842
f 844 685 684
f 844 684 843
f 845 685 844
f 845 686 685
f 846 686 845
f 846 687 686
f 846 688 687
f 847 688 846
f 848 688 847
f 848 689 688
f 849 689 848
f 849 690 689
f 849 691 690
f 850 691 849
f 850 692 691
f 851 692 850
f 851 693 692
f 852 693 851
f 853 693 852
f 853 694 693
f 854 694 853
f 854 695 694
f 855 695 854
f 855 696 695
f 855 697 696
f 856 697 855
f 857 697 856
f 857 698 697
f 858 698 857
f 858 699 698
f 858 700 699
f 859 700 858
f 860 700 859
f 860 701 700
f 860 702 701
f 861 703 702
f 861 702 860
f 862 703 861
f 863 704 703
f 863 705 704
f 863 703 862
f 864 705 863
f 865 706 705
f 865 707 706
f 865 705 864
f 866 708 707
f 866 707 865
f 867 708 866
f 868 709 708
f 868 710 709
f 868 708 867
f 869 710 868
f 870 711 710
f 870 710 869
f 871 711 870
f 871 712 711
f 872 712 871
f 872 713 712
f 873 713 872
f 873 714 713
f 874 714 873
f 874 715 714
f 874 716 715
f 875 716 874
f 876 716 875
f 876 717 716
f 877 717 876
f 877 718 717
f 878 718 877
f 878 719 718
f 879 719 878
f 879 720 719
f 879 721 720
f 880 721 879
f 881 721 880
f 881 722 721
f 881 723 722
f 882 723 881
f 883 723 882
f 883 724 723
f 884 724 883
f 884 725 724
f 885 725 884
f 885 726 725
f 886 726 885
f 886 727 726
f 887 727 886
f 887 728 727
f 888 728 887
f 888 729 728
f 889 729 888
f 889 730 729
f 890 730 889
f 890 731 730
f 891 731 890
f 891 732 731
f 892 732 891
f 892 733 732
f 893 734 733
f 893 733 892
f 894 735 734
f 894 734 893
f 895 735 894
f 895 736 735
f 896 736 895
f 896 737 736
f 897 737 896
f 897 738 737
f 898 738 897
f 898 739 738
f 899 740 739
f 899 739 898
f 900 741 740
f 900 740 899
f 901 742 741
f 901 741 900
f 902 743 742
f 902 742 901
f 903 744 743
f 903 745 744
f 903 743 902
f 904 745 903
f 905 746 745
f 905 745 904
f 906 747 746
f 906 748 747
f 906 746 905
f 907 748 906
f 908 749 748
f 908 748 907
f 909 750 749
f 909 749 908
f 910 751 750
f 910 750 909
f 911 752 751
f 911 751 910
f 912 753 752
f 912 752 911
f 913 754 753
f 913 753 912
f 914 755 754
f 914 756 755
f 914 754 913
f 915 756 914
f 916 757 756
f 916 756 915
f 917 758 757
f 917 757 916
f 918 759 758
f 918 758 917
f 919 760 759
f 919 759 918
f 920 761 760
f 920 760 919
f 921 761 920
f 921 762 761
f 922 762 921
f 922 763 762
f 922 764 763
f 923 764 922
f 924 764 923
f 924 765 764
f 924 766 765
f 925 766 924
f 926 766 925
f 926 767 766
f 927 768 767
f 927 767 926
f 928 769 768
f 928 768 927
f 929 770 769
f 929 769 928
f 930 771 770
f 930 770 929
f 931 772 771
f 931 771 930
f 932 773 772
f 932 772 931
f 933 774 773
f 933 773 932
f 934 775 774
f 934 774 933
f 935 776 775
f 935 775 934
f 936 777 776
f 936 776 935
f 937 778 777
f 937 777 936
f 938 779 778
f 938 778 937
f 939 780 779
f 939 779 938
f 940 781 780
f 940 780 939
f 941 782 781
f 941 781 940
f 942 783 782
f 942 782 941
f 943 784 783
f 943 783 942
f 944 785 784
f 944 784 943
f 945 786 785
f 945 785 944
f 946 786 945
f 946 787 786
f 947 787 946
f 947 788 787
f 948 788 947
f 948 789 788
f 949 789 948
f 949 790 789
f 949 791 790
f 950 791 949
f 951 791 950
f 951 792 791
f 952 792 951
f 952 793 792
f 953 793 952
f 953 794 793
f 954 794 953
f 954 795 794
f 955 795 954
f 955 796 795
f 956 796 955
f 956 797 796
f 956 798 797
f 799 798 956
f 1057 1056 1055
f 1051 1053 1052
f 1051 1054 1053
f 1051 1055 1054
f 1064 1063 1062
f 1065 1064 1062
f 1068 1059 1058
f 1068 1060 1059
f 1068 1061 1060
f 1068 1062 1061
f 1068 1066 1065
f 1068 1067 1066
f 1068 1065 1062
f 1071 1069 1068
f 1071 1070 1069
f 1039 1041 1040
f 1033 1035 1034
f 1079 1078 1077
f 1031 1033 1032
f 1081 1077 1076
f 1081 1080 1079
f 1081 1079 1077
f 1029 1033 1031
f 1029 1031 1030
f 1083 1082 1081
f 1084 1072 1071
f 1084 1073 1072
f 1084 1074 1073
f 1084 1075 1074
f 1084 1076 1075
f 1084 1081 1076
f 1084 1083 1081
f 1027 1029 1028
f 1026 1035 1033
f 1026 1033 1029
f 1026 1041 1039
f 1026 1029 1027
f 1026 1036 1035
f 1026 1037 1036
f 1026 1038 1037
f 1026 1039 1038
f 1026 1042 1041
f 1026 1043 1042
f 1026 1044 1043
f 1026 1045 1044
f 1026 1046 1045
f 1086 1085 1084
f 1089 1088 1087
f 1022 1024 1023
f 1022 1025 1024
f 1022 1026 1025
f 1090 1089 1087
f 1021 1026 1022
f 1091 1087 1086
f 1091 1090 1087
f 1091 1086 1084
f 1020 1026 1021
f 1093 1092 1091
f 1093 1091 1084
f 1018 1020 1019
f 1018 1026 1020
f 1095 1093 1084
f 1095 1094 1093
f 1015 1017 1016
f 1015 1018 1017
f 1014 1026 1018
f 1014 1018 1015
f 1099 1098 1097
f 1012 1014 1013
f 1100 1099 1097
f 1100 1096 1095
f 1100 1097 1096
f 1102 1101 1100
f 1009 1011 1010
f 1009 1012 1011
f 1104 1095 1084
f 1104 1071 1068
f 1104 1084 1071
f 1104 1100 1095
f 1104 1102 1100
f 1104 1103 1102
f 1005 1007 1006
f 1005 1008 1007
f 1005 1009 1008
f 1107 1105 1104
f 1107 1106 1105
f 1108 1058 1057
f 1108 1068 1058
f 1108 1104 1068
f 1108 1107 1104
f 1108 1057 1055
f 1002 1004 1003
f 1002 1005 1004
f 1002 1009 1005
f 1110 1109 1108
f 1111 1110 1108
f 1000 1002 1001
f 1000 1009 1002
f 1113 1112 1111
f 1114 1113 1111
f 996 998 997
f 959 958 957
f 959 957 1114
f 959 1111 1108
f 959 1114 1111
f 994 996 995
f 960 959 1108
f 993 999 998
f 993 998 996
f 993 996 994
f 962 961 960
f 990 992 991
f 990 993 992
f 990 1000 999
f 990 999 993
f 964 963 962
f 964 962 960
f 966 965 964
f 966 964 960
f 987 989 988
f 987 990 989
f 986 990 987
f 968 967 966
f 968 966 960
f 969 968 960
f 984 1000 990
f 984 986 985
f 984 990 986
f 970 969 960
f 972 971 970
f 981 983 982
f 981 984 983
f 973 972 970
f 980 1012 1009
f 980 1000 984
f 980 984 981
f 980 1009 1000
f 974 960 1108
f 974 973 970
f 974 970 960
f 974 1108 1055
f 974 1055 1051
f 974 1050 1049
f 974 1051 1050
f 978 980 979
f 976 975 974
f 977 980 978
f 977 1014 1012
f 977 1012 980
f 977 1046 1026
f 977 974 1049
f 977 976 974
f 977 1026 1014
f 977 1047 1046
f 977 1048 1047
f 977 1049 1048
f 1218 1216 1217
f 1221 1219 1220
f 1204 1205 1206
f 1226 1223 1224
f 1226 1224 1225
f 1237 1235 1236
f 1238 1235 1237
f 1188 1189 1190
f 1188 1190 1191
f 1241 1239 1240
f 1242 1238 1239
f 1242 1239 1241
f 1185 1186 1187
f 1184 1185 1187
f 1244 1242 1243
f 1245 1242 1244
f 1246 1242 1245
f 1248 1246 1247
f 1179 1180 1181
f 1179 1181 1182
f 1179 1182 1183
f 1179 1183 1184
f 1249 1246 1248
f 1178 1179 1184
f 1250 1246 1249
f 1251 1246 1250
f 1252 1246 1251
f 1253 1246 1252
f 1174 1175 1176
f 1174 1176 1177
f 1173 1174 1177
f 1255 1253 1254
f 1255 1246 1253
f 1256 1246 1255
f 1171 1172 1173
f 1170 1171 1173
f 1170 1173 1177
f 1170 1177 1178
f 1258 1256 1257
f 1259 1256 1258
f 1168 1169 1170
f 1167 1168 1170
f 1261 1256 1259
f 1261 1259 1260
f 1262 1256 1261
f 1165 1167 1170
f 1165 1166 1167
f 1264 1262 1263
f 1265 1262 1264
f 1266 1262 1265
f 1160 1161 1162
f 1268 1262 1266
f 1268 1266 1267
f 1269 1262 1268
f 1270 1262 1269
f 1157 1158 1159
f 1272 1246 1256
f 1272 1238 1242
f 1272 1234 1235
f 1272 1262 1270
f 1272 1270 1271
f 1272 1242 1246
f 1272 1235 1238
f 1272 1256 1262
f 1155 1156 1157
f 1155 1159 1160
f 1155 1157 1159
f 1116 1272 1115
f 1118 1116 1117
f 1118 1272 1116
f 1150 1151 1152
f 1150 1152 1153
f 1150 1153 1154
f 1120 1118 1119
f 1120 1272 1118
f 1149 1150 1154
f 1122 1120 1121
f 1122 1272 1120
f 1124 1122 1123
f 1145 1146 1147
f 1145 1147 1148
f 1145 1148 1149
f 1126 1124 1125
f 1127 1122 1124
f 1127 1124 1126
f 1141 1142 1143
f 1141 1143 1144
f 1141 1144 1145
f 1141 1154 1155
f 1141 1145 1149
f 1141 1149 1154
f 1130 1128 1129
f 1139 1140 1141
f 1132 1127 1128
f 1132 1130 1131
f 1132 1128 1130
f 1137 1138 1139
f 1133 1127 1132
f 1133 1122 1127
f 1135 1215 1216
f 1135 1218 1219
f 1135 1221 1222
f 1135 1170 1178
f 1135 1222 1223
f 1135 1122 1133
f 1135 1226 1227
f 1135 1227 1228
f 1135 1228 1229
f 1135 1229 1230
f 1135 1230 1231
f 1135 1231 1232
f 1135 1232 1233
f 1135 1233 1234
f 1135 1133 1134
f 1135 1136 1137
f 1135 1165 1170
f 1135 1184 1187
f 1135 1234 1272
f 1135 1141 1155
f 1135 1137 1139
f 1135 1162 1163
f 1135 1163 1164
f 1135 1164 1165
f 1135 1188 1191
f 1135 1160 1162
f 1135 1139 1141
f 1135 1272 1122
f 1135 1216 1218
f 1135 1155 1160
f 1135 1187 1188
f 1135 1191 1192
f 1135 1192 1193
f 1135 1193 1194
f 1135 1194 1195
f 1135 1195 1196
f 1135 1196 1197
f 1135 1197 1198
f 1135 1198 1199
f 1135 1223 1226
f 1135 1199 1200
f 1135 1219 1221
f 1135 1200 1201
f 1135 1201 1202
f 1135 1202 1203
f 1135 1203 1204
f 1135 1206 1207
f 1135 1207 1208
f 1135 1208 1209
f 1135 1209 1210
f 1135 1210 1211
f 1135 1211 1212
f 1135 1204 1206
f 1135 1212 1213
f 1135 1213 1214
f 1135 1214 1215
f 1135 1178 1184
f 1433 1432 1437
f 1274 1273 1436
f 1595 1593 1594
f 1431 1430 1598
f 1599 1433 1437
f 1599 1437 1438
f 1599 1438 1439
f 1600 1439 1440
f 1600 1440 1441
f 1600 1599 1439
f 1601 1441 1442
f 1601 1442 1443
f 1601 1600 1441
f 1602 1434 1433
f 1602 1433 1599
f 1603 1443 1444
f 1603 1444 1445
f 1603 1601 1443
f 1604 1602 1599
f 1604 1599 1600
f 1605 1445 1446
f 1605 1446 1447
f 1605 1603 1445
f 1606 1600 1601
f 1606 1604 1600
f 1607 1434 1602
f 1607 1435 1434
f 1608 1605 1447
f 1608 1447 1448
f 1608 1448 1449
f 1609 1606 1601
f 1609 1601 1603
f 1610 1607 1602
f 1610 1602 1604
f 1611 1608 1449
f 1611 1449 1450
f 1611 1450 1451
f 1612 1603 1605
f 1612 1609 1603
f 1613 1604 1606
f 1613 1610 1604
f 1614 1275 1274
f 1614 1276 1275
f 1614 1435 1607
f 1614 1436 1435
f 1614 1274 1436
f 1615 1451 1452
f 1615 1452 1453
f 1615 1611 1451
f 1616 1612 1605
f 1616 1605 1608
f 1617 1613 1606
f 1617 1606 1609
f 1618 1277 1276
f 1618 1278 1277
f 1618 1607 1610
f 1618 1276 1614
f 1618 1614 1607
f 1619 1615 1453
f 1619 1453 1454
f 1619 1454 1455
f 1620 1616 1608
f 1620 1608 1611
f 1621 1609 1612
f 1621 1617 1609
f 1622 1279 1278
f 1622 1280 1279
f 1622 1618 1610
f 1622 1610 1613
f 1622 1278 1618
f 1623 1619 1455
f 1623 1455 1456
f 1623 1456 1457
f 1624 1611 1615
f 1624 1620 1611
f 1625 1612 1616
f 1625 1621 1612
f 1626 1281 1280
f 1626 1282 1281
f 1626 1280 1622
f 1626 1622 1613
f 1626 1613 1617
f 1627 1623 1457
f 1627 1457 1458
f 1627 1458 1459
f 1628 1615 1619
f 1628 1624 1615
f 1629 1616 1620
f 1629 1625 1616
f 1630 1283 1282
f 1630 1284 1283
f 1630 1282 1626
f 1630 1626 1617
f 1630 1617 1621
f 1631 1627 1459
f 1631 1459 1460
f 1631 1460 1461
f 1632 1619 1623
f 1632 1628 1619
f 1633 1620 1624
f 1633 1629 1620
f 1634 1285 1284
f 1634 1286 1285
f 1634 1630 1621
f 1634 1621 1625
f 1634 1284 1630
f 1635 1631 1461
f 1635 1461 1462
f 1635 1462 1463
f 1636 1632 1623
f 1636 1623 1627
f 1637 1624 1628
f 1637 1633 1624
f 1638 1287 1286
f 1638 1288 1287
f 1638 1286 1634
f 1638 1629 1633
f 1638 1625 1629
f 1638 1634 1625
f 1639 1635 1463
f 1639 1463 1464
f 1639 1464 1465
f 1640 1631 1635
f 1640 1636 1627
f 1640 1627 1631
f 1641 1628 1632
f 1641 1637 1628
f 1642 1288 1638
f 1642 1638 1633
f 1642 1289 1288
f 1642 1290 1289
f 1643 1639 1465
f 1643 1465 1466
f 1643 1466 1467
f 1644 1640 1635
f 1645 1632 1636
f 1645 1641 1632
f 1645 1636 1640
f 1646 1633 1637
f 1646 1291 1290
f 1646 1292 1291
f 1646 1290 1642
f 1646 1642 1633
f 1647 1643 1467
f 1647 1467 1468
f 1647 1468 1469
f 1648 1639 1643
f 1648 1635 1639
f 1648 1644 1635
f 1649 1645 1640
f 1650 1293 1292
f 1650 1294 1293
f 1650 1637 1641
f 1650 1292 1646
f 1650 1641 1645
f 1650 1646 1637
f 1651 1647 1469
f 1651 1469 1470
f 1651 1470 1471
f 1652 1648 1643
f 1653 1640 1644
f 1653 1649 1640
f 1654 1295 1294
f 1654 1296 1295
f 1654 1650 1645
f 1654 1294 1650
f 1655 1651 1471
f 1655 1471 1472
f 1655 1472 1473
f 1656 1643 1647
f 1656 1652 1643
f 1657 1653 1644
f 1657 1644 1648
f 1657 1648 1652
f 1658 1297 1296
f 1658 1298 1297
f 1658 1645 1649
f 1658 1654 1645
f 1658 1296 1654
f 1659 1474 1475
f 1659 1655 1473
f 1659 1473 1474
f 1660 1656 1647
f 1660 1647 1651
f 1661 1657 1652
f 1662 1299 1298
f 1662 1300 1299
f 1662 1298 1658
f 1662 1658 1649
f 1662 1649 1653
f 1663 1475 1476
f 1663 1476 1477
f 1663 1659 1475
f 1664 1660 1651
f 1664 1655 1659
f 1664 1651 1655
f 1665 1652 1656
f 1665 1661 1652
f 1666 1300 1662
f 1666 1301 1300
f 1666 1302 1301
f 1666 1653 1657
f 1666 1662 1653
f 1667 1477 1478
f 1667 1478 1479
f 1667 1663 1477
f 1668 1664 1659
f 1669 1660 1664
f 1669 1656 1660
f 1669 1665 1656
f 1670 1661 1665
f 1670 1303 1302
f 1670 1304 1303
f 1670 1666 1657
f 1670 1302 1666
f 1670 1657 1661
f 1671 1479 1480
f 1671 1480 1481
f 1671 1667 1479
f 1672 1659 1663
f 1672 1668 1659
f 1673 1669 1664
f 1674 1305 1304
f 1674 1306 1305
f 1674 1304 1670
f 1674 1670 1665
f 1675 1481 1482
f 1675 1482 1483
f 1675 1671 1481
f 1676 1672 1663
f 1676 1663 1667
f 1677 1673 1664
f 1677 1664 1668
f 1678 1665 1669
f 1678 1307 1306
f 1678 1308 1307
f 1678 1306 1674
f 1678 1669 1673
f 1678 1674 1665
f 1679 1675 1483
f 1679 1483 1484
f 1679 1484 1485
f 1680 1667 1671
f 1680 1676 1667
f 1681 1677 1668
f 1681 1668 1672
f 1682 1678 1673
f 1682 1309 1308
f 1682 1310 1309
f 1682 1308 1678
f 1683 1485 1486
f 1683 1486 1487
f 1683 1679 1485
f 1684 1680 1671
f 1684 1671 1675
f 1685 1672 1676
f 1685 1681 1672
f 1686 1682 1673
f 1686 1310 1682
f 1686 1311 1310
f 1686 1312 1311
f 1686 1673 1677
f 1687 1683 1487
f 1687 1487 1488
f 1687 1488 1489
f 1688 1675 1679
f 1688 1679 1683
f 1688 1684 1675
f 1689 1676 1680
f 1689 1680 1684
f 1689 1685 1676
f 1690 1313 1312
f 1690 1314 1313
f 1690 1312 1686
f 1690 1686 1677
f 1690 1677 1681
f 1691 1489 1490
f 1691 1490 1491
f 1691 1687 1489
f 1692 1688 1683
f 1693 1689 1684
f 1694 1685 1689
f 1694 1314 1690
f 1694 1315 1314
f 1694 1316 1315
f 1694 1681 1685
f 1694 1690 1681
f 1695 1491 1492
f 1695 1492 1493
f 1695 1691 1491
f 1696 1683 1687
f 1696 1692 1683
f 1697 1684 1688
f 1697 1693 1684
f 1698 1694 1689
f 1698 1317 1316
f 1698 1318 1317
f 1698 1316 1694
f 1699 1493 1494
f 1699 1494 1495
f 1699 1695 1493
f 1700 1696 1687
f 1700 1691 1695
f 1700 1687 1691
f 1701 1697 1688
f 1701 1688 1692
f 1702 1698 1689
f 1702 1319 1318
f 1702 1320 1319
f 1702 1689 1693
f 1702 1318 1698
f 1703 1495 1496
f 1703 1496 1497
f 1703 1699 1495
f 1704 1700 1695
f 1705 1692 1696
f 1705 1701 1692
f 1706 1693 1697
f 1706 1702 1693
f 1706 1321 1320
f 1706 1322 1321
f 1706 1320 1702
f 1707 1497 1498
f 1707 1498 1499
f 1707 1703 1497
f 1708 1695 1699
f 1708 1704 1695
f 1708 1699 1703
f 1709 1705 1696
f 1709 1696 1700
f 1710 1697 1701
f 1710 1701 1705
f 1710 1323 1322
f 1710 1324 1323
f 1710 1706 1697
f 1710 1322 1706
f 1711 1707 1499
f 1711 1499 1500
f 1711 1500 1501
f 1712 1708 1703
f 1713 1709 1700
f 1713 1700 1704
f 1714 1324 1710
f 1714 1325 1324
f 1714 1326 1325
f 1714 1710 1705
f 1715 1501 1502
f 1715 1502 1503
f 1715 1711 1501
f 1716 1703 1707
f 1716 1712 1703
f 1716 1707 1711
f 1717 1704 1708
f 1717 1713 1704
f 1718 1705 1709
f 1718 1709 1713
f 1718 1327 1326
f 1718 1328 1327
f 1718 1714 1705
f 1718 1326 1714
f 1719 1503 1504
f 1719 1504 1505
f 1719 1715 1503
f 1720 1716 1711
f 1721 1717 1708
f 1721 1708 1712
f 1722 1328 1718
f 1722 1329 1328
f 1722 1330 1329
f 1722 1713 1717
f 1722 1718 1713
f 1723 1505 1506
f 1723 1506 1507
f 1723 1719 1505
f 1724 1711 1715
f 1724 1720 1711
f 1725 1712 1716
f 1725 1721 1712
f 1726 1722 1717
f 1726 1331 1330
f 1726 1332 1331
f 1726 1330 1722
f 1727 1507 1508
f 1727 1508 1509
f 1727 1723 1507
f 1728 1719 1723
f 1728 1724 1715
f 1728 1715 1719
f 1729 1716 1720
f 1729 1725 1716
f 1730 1726 1717
f 1730 1721 1725
f 1730 1333 1332
f 1730 1334 1333
f 1730 1332 1726
f 1730 1717 1721
f 1731 1509 1510
f 1731 1510 1511
f 1731 1727 1509
f 1732 1728 1723
f 1733 1729 1720
f 1733 1720 1724
f 1733 1724 1728
f 1734 1334 1730
f 1734 1335 1334
f 1734 1336 1335
f 1734 1725 1729
f 1734 1730 1725
f 1735 1511 1512
f 1735 1512 1513
f 1735 1731 1511
f 1736 1723 1727
f 1736 1732 1723
f 1736 1727 1731
f 1737 1733 1728
f 1738 1734 1729
f 1738 1729 1733
f 1738 1337 1336
f 1738 1338 1337
f 1738 1336 1734
f 1739 1735 1513
f 1739 1513 1514
f 1739 1514 1515
f 1740 1736 1731
f 1741 1737 1728
f 1741 1728 1732
f 1742 1338 1738
f 1742 1738 1733
f 1742 1339 1338
f 1742 1340 1339
f 1743 1739 1515
f 1743 1515 1516
f 1743 1516 1517
f 1744 1740 1731
f 1744 1731 1735
f 1745 1732 1736
f 1745 1741 1732
f 1746 1737 1741
f 1746 1733 1737
f 1746 1742 1733
f 1746 1341 1340
f 1746 1340 1742
f 1746 1342 1341
f 1747 1743 1517
f 1747 1517 1518
f 1747 1518 1519
f 1748 1735 1739
f 1748 1744 1735
f 1749 1740 1744
f 1749 1745 1736
f 1749 1736 1740
f 1750 1343 1342
f 1750 1344 1343
f 1750 1342 1746
f 1750 1746 1741
f 1751 1747 1519
f 1751 1519 1520
f 1751 1520 1521
f 1752 1739 1743
f 1752 1748 1739
f 1753 1749 1744
f 1754 1750 1741
f 1754 1741 1745
f 1754 1345 1344
f 1754 1346 1345
f 1754 1344 1750
f 1755 1751 1521
f 1755 1521 1522
f 1755 1522 1523
f 1756 1752 1743
f 1756 1743 1747
f 1757 1744 1748
f 1757 1753 1744
f 1758 1745 1749
f 1758 1347 1346
f 1758 1348 1347
f 1758 1754 1745
f 1758 1346 1754
f 1759 1755 1523
f 1759 1523 1524
f 1759 1524 1525
f 1760 1747 1751
f 1760 1756 1747
f 1761 1757 1748
f 1761 1748 1752
f 1762 1348 1758
f 1762 1749 1753
f 1762 1758 1749
f 1762 1349 1348
f 1762 1350 1349
f 1763 1759 1525
f 1763 1525 1526
f 1763 1526 1527
f 1764 1760 1751
f 1764 1751 1755
f 1765 1761 1752
f 1765 1752 1756
f 1766 1762 1753
f 1766 1350 1762
f 1766 1753 1757
f 1766 1351 1350
f 1766 1352 1351
f 1767 1527 1528
f 1767 1528 1529
f 1767 1763 1527
f 1768 1755 1759
f 1768 1764 1755
f 1769 1760 1764
f 1769 1756 1760
f 1769 1765 1756
f 1770 1761 1765
f 1770 1352 1766
f 1770 1757 1761
f 1770 1353 1352
f 1770 1354 1353
f 1770 1766 1757
f 1771 1767 1529
f 1771 1529 1530
f 1771 1530 1531
f 1772 1759 1763
f 1772 1768 1759
f 1773 1769 1764
f 1774 1770 1765
f 1774 1354 1770
f 1774 1355 1354
f 1774 1356 1355
f 1775 1771 1531
f 1775 1531 1532
f 1775 1532 1533
f 1776 1763 1767
f 1776 1767 1771
f 1776 1772 1763
f 1777 1764 1768
f 1777 1773 1764
f 1778 1765 1769
f 1778 1774 1765
f 1778 1356 1774
f 1778 1357 1356
f 1778 1358 1357
f 1779 1533 1534
f 1779 1534 1535
f 1779 1775 1533
f 1780 1776 1771
f 1781 1777 1768
f 1781 1768 1772
f 1782 1769 1773
f 1782 1778 1769
f 1782 1358 1778
f 1782 1359 1358
f 1782 1360 1359
f 1783 1535 1536
f 1783 1536 1537
f 1783 1779 1535
f 1784 1771 1775
f 1784 1780 1771
f 1785 1776 1780
f 1785 1772 1776
f 1785 1781 1772
f 1786 1773 1777
f 1786 1782 1773
f 1786 1360 1782
f 1786 1361 1360
f 1786 1362 1361
f 1787 1537 1538
f 1787 1538 1539
f 1787 1783 1537
f 1788 1775 1779
f 1788 1784 1775
f 1789 1785 1780
f 1790 1777 1781
f 1790 1786 1777
f 1790 1363 1362
f 1790 1364 1363
f 1790 1362 1786
f 1791 1787 1539
f 1791 1539 1540
f 1791 1540 1541
f 1792 1788 1779
f 1792 1779 1783
f 1793 1789 1780
f 1793 1780 1784
f 1793 1784 1788
f 1794 1790 1781
f 1794 1364 1790
f 1794 1781 1785
f 1794 1365 1364
f 1794 1366 1365
f 1795 1541 1542
f 1795 1542 1543
f 1795 1791 1541
f 1796 1792 1783
f 1796 1783 1787
f 1797 1788 1792
f 1797 1793 1788
f 1798 1794 1785
f 1798 1366 1794
f 1798 1367 1366
f 1798 1368 1367
f 1798 1785 1789
f 1799 1795 1543
f 1799 1543 1544
f 1799 1544 1545
f 1800 1787 1791
f 1800 1791 1795
f 1800 1796 1787
f 1801 1797 1792
f 1802 1368 1798
f 1802 1798 1789
f 1802 1369 1368
f 1802 1370 1369
f 1802 1789 1793
f 1803 1799 1545
f 1803 1545 1546
f 1803 1546 1547
f 1804 1800 1795
f 1805 1792 1796
f 1805 1801 1792
f 1806 1793 1797
f 1806 1802 1793
f 1806 1797 1801
f 1806 1370 1802
f 1806 1371 1370
f 1806 1372 1371
f 1807 1803 1547
f 1807 1547 1548
f 1807 1548 1549
f 1808 1804 1795
f 1808 1795 1799
f 1809 1796 1800
f 1809 1805 1796
f 1810 1374 1373
f 1810 1806 1801
f 1810 1372 1806
f 1810 1373 1372
f 1811 1807 1549
f 1811 1549 1550
f 1811 1550 1551
f 1812 1803 1807
f 1812 1808 1799
f 1812 1799 1803
f 1813 1804 1808
f 1813 1800 1804
f 1813 1809 1800
f 1814 1375 1374
f 1814 1376 1375
f 1814 1810 1801
f 1814 1801 1805
f 1814 1374 1810
f 1814 1805 1809
f 1815 1551 1552
f 1815 1552 1553
f 1815 1811 1551
f 1816 1812 1807
f 1817 1813 1808
f 1818 1377 1376
f 1818 1378 1377
f 1818 1809 1813
f 1818 1814 1809
f 1818 1376 1814
f 1819 1815 1553
f 1819 1553 1554
f 1819 1554 1555
f 1820 1807 1811
f 1820 1811 1815
f 1820 1816 1807
f 1821 1808 1812
f 1821 1817 1808
f 1822 1379 1378
f 1822 1380 1379
f 1822 1378 1818
f 1822 1818 1813
f 1823 1819 1555
f 1823 1555 1556
f 1823 1556 1557
f 1824 1820 1815
f 1825 1821 1812
f 1825 1812 1816
f 1826 1817 1821
f 1826 1381 1380
f 1826 1822 1813
f 1826 1382 1381
f 1826 1380 1822
f 1826 1813 1817
f 1827 1823 1557
f 1827 1557 1558
f 1827 1558 1559
f 1828 1815 1819
f 1828 1824 1815
f 1829 1816 1820
f 1829 1825 1816
f 1830 1383 1382
f 1830 1384 1383
f 1830 1826 1821
f 1830 1821 1825
f 1830 1382 1826
f 1831 1827 1559
f 1831 1559 1560
f 1831 1560 1561
f 1832 1823 1827
f 1832 1828 1819
f 1832 1819 1823
f 1833 1824 1828
f 1833 1829 1820
f 1833 1820 1824
f 1834 1385 1384
f 1834 1386 1385
f 1834 1830 1825
f 1834 1384 1830
f 1835 1831 1561
f 1835 1561 1562
f 1835 1562 1563
f 1836 1832 1827
f 1837 1833 1828
f 1837 1828 1832
f 1838 1387 1386
f 1838 1388 1387
f 1838 1825 1829
f 1838 1834 1825
f 1838 1386 1834
f 1839 1835 1563
f 1839 1563 1564
f 1839 1564 1565
f 1840 1836 1827
f 1840 1827 1831
f 1841 1837 1832
f 1842 1389 1388
f 1842 1390 1389
f 1842 1829 1833
f 1842 1388 1838
f 1842 1838 1829
f 1843 1839 1565
f 1843 1565 1566
f 1843 1566 1567
f 1844 1831 1835
f 1844 1840 1831
f 1845 1841 1832
f 1845 1832 1836
f 1846 1391 1390
f 1846 1392 1391
f 1846 1390 1842
f 1846 1842 1833
f 1846 1837 1841
f 1846 1833 1837
f 1847 1843 1567
f 1847 1567 1568
f 1847 1568 1569
f 1848 1844 1835
f 1848 1835 1839
f 1849 1836 1840
f 1849 1845 1836
f 1850 1393 1392
f 1850 1394 1393
f 1850 1392 1846
f 1850 1846 1841
f 1851 1847 1569
f 1851 1569 1570
f 1851 1570 1571
f 1852 1839 1843
f 1852 1848 1839
f 1853 1840 1844
f 1853 1849 1840
f 1854 1395 1394
f 1854 1396 1395
f 1854 1841 1845
f 1854 1394 1850
f 1854 1845 1849
f 1854 1850 1841
f 1855 1851 1571
f 1855 1571 1572
f 1855 1572 1573
f 1856 1852 1843
f 1856 1843 1847
f 1857 1844 1848
f 1857 1853 1844
f 1858 1854 1849
f 1858 1396 1854
f 1858 1397 1396
f 1858 1398 1397
f 1859 1855 1573
f 1859 1573 1574
f 1859 1574 1575
f 1860 1856 1847
f 1860 1847 1851
f 1861 1848 1852
f 1861 1857 1848
f 1862 1399 1398
f 1862 1400 1399
f 1862 1849 1853
f 1862 1858 1849
f 1862 1398 1858
f 1863 1575 1576
f 1863 1576 1577
f 1863 1859 1575
f 1864 1851 1855
f 1864 1860 1851
f 1865 1852 1856
f 1865 1856 1860
f 1865 1861 1852
f 1866 1853 1857
f 1866 1862 1853
f 1866 1401 1400
f 1866 1402 1401
f 1866 1400 1862
f 1867 1577 1578
f 1867 1578 1579
f 1867 1863 1577
f 1868 1855 1859
f 1868 1859 1863
f 1868 1864 1855
f 1869 1865 1860
f 1869 1860 1864
f 1870 1857 1861
f 1870 1403 1402
f 1870 1404 1403
f 1870 1402 1866
f 1870 1866 1857
f 1871 1579 1580
f 1871 1580 1581
f 1871 1867 1579
f 1872 1863 1867
f 1872 1868 1863
f 1873 1869 1864
f 1874 1870 1861
f 1874 1405 1404
f 1874 1406 1405
f 1874 1861 1865
f 1874 1865 1869
f 1874 1404 1870
f 1875 1581 1582
f 1875 1582 1583
f 1875 1871 1581
f 1876 1872 1867
f 1877 1873 1864
f 1877 1864 1868
f 1878 1406 1874
f 1878 1407 1406
f 1878 1408 1407
f 1878 1869 1873
f 1878 1874 1869
f 1879 1583 1584
f 1879 1584 1585
f 1879 1875 1583
f 1880 1867 1871
f 1880 1876 1867
f 1881 1872 1876
f 1881 1868 1872
f 1881 1877 1868
f 1882 1408 1878
f 1882 1409 1408
f 1882 1410 1409
f 1882 1873 1877
f 1882 1878 1873
f 1883 1585 1586
f 1883 1586 1587
f 1883 1879 1585
f 1884 1871 1875
f 1884 1880 1871
f 1885 1881 1876
f 1886 1411 1410
f 1886 1412 1411
f 1886 1410 1882
f 1886 1882 1877
f 1887 1883 1587
f 1887 1587 1588
f 1887 1588 1589
f 1888 1884 1875
f 1888 1875 1879
f 1888 1879 1883
f 1889 1876 1880
f 1889 1880 1884
f 1889 1885 1876
f 1890 1413 1412
f 1890 1414 1413
f 1890 1881 1885
f 1890 1412 1886
f 1890 1877 1881
f 1890 1886 1877
f 1891 1589 1590
f 1891 1590 1591
f 1891 1887 1589
f 1892 1888 1883
f 1893 1889 1884
f 1894 1890 1885
f 1894 1415 1414
f 1894 1416 1415
f 1894 1414 1890
f 1895 1891 1591
f 1895 1591 1592
f 1895 1592 1593
f 1895 1595 1596
f 1895 1593 1595
f 1896 1887 1891
f 1896 1883 1887
f 1896 1892 1883
f 1897 1893 1884
f 1897 1884 1888
f 1898 1417 1416
f 1898 1418 1417
f 1898 1885 1889
f 1898 1894 1885
f 1898 1416 1894
f 1899 1891 1895
f 1899 1896 1891
f 1900 1897 1888
f 1900 1888 1892
f 1901 1889 1893
f 1901 1898 1889
f 1901 1419 1418
f 1901 1420 1419
f 1901 1418 1898
f 1902 1895 1596
f 1902 1899 1895
f 1903 1892 1896
f 1903 1900 1892
f 1904 1893 1897
f 1904 1901 1893
f 1904 1420 1901
f 1904 1421 1420
f 1904 1422 1421
f 1905 1903 1896
f 1905 1896 1899
f 1905 1899 1902
f 1906 1897 1900
f 1906 1904 1897
f 1906 1900 1903
f 1906 1423 1422
f 1906 1422 1904
f 1906 1424 1423
f 1907 1596 1597
f 1907 1902 1596
f 1907 1905 1902
f 1908 1906 1903
f 1908 1903 1905
f 1908 1425 1424
f 1908 1426 1425
f 1908 1424 1906
f 1909 1427 1426
f 1909 1428 1427
f 1909 1908 1905
f 1909 1426 1908
f 1910 1597 1598
f 1910 1907 1597
f 1910 1428 1909
f 1910 1429 1428
f 1910 1430 1429
f 1910 1905 1907
f 1910 1909 1905
f 1910 1598 1430
f 2072 1912 1911
f 2072 1913 1912
f 2073 1914 1913
f 2073 1913 2072
f 2074 1915 1914
f 2074 1914 2073
f 2075 1916 1915
f 2075 1915 2074
f 2076 1917 1916
f 2076 1916 2075
f 2077 1918 1917
f 2077 1917 2076
f 2078 1919 1918
f 2078 1918 2077
f 2079 1920 1919
f 2079 1919 2078
f 2080 1921 1920
f 2080 1920 2079
f 2081 1922 1921
f 2081 1921 2080
f 2082 1923 1922
f 2082 1922 2081
f 2083 1924 1923
f 2083 1925 1924
f 2083 1923 2082
f 2084 1925 2083
f 2085 1926 1925
f 2085 1925 2084
f 2086 1927 1926
f 2086 1926 2085
f 2087 1928 1927
f 2087 1927 2086
f 2088 1929 1928
f 2088 1928 2087
f 2089 1930 1929
f 2089 1929 2088
f 2090 1931 1930
f 2090 1930 2089
f 2091 1932 1931
f 2091 1933 1932
f 2091 1931 2090
f 2092 1933 2091
f 2093 1933 2092
f 2093 1934 1933
f 2094 1934 2093
f 2094 1935 1934
f 2094 1936 1935
f 2095 1936 2094
f 2096 1936 2095
f 2096 1937 1936
f 2097 1937 2096
f 2097 1938 1937
f 2098 1939 1938
f 2098 1938 2097
f 2099 1940 1939
f 2099 1939 2098
f 2100 1941 1940
f 2100 1940 2099
f 2101 1942 1941
f 2101 1943 1942
f 2101 1941 2100
f 2102 1943 2101
f 2103 1944 1943
f 2103 1943 2102
f 2104 1945 1944
f 2104 1944 2103
f 2105 1946 1945
f 2105 1945 2104
f 2106 1947 1946
f 2106 1946 2105
f 2107 1948 1947
f 2107 1947 2106
f 2108 1949 1948
f 2108 1948 2107
f 2109 1950 1949
f 2109 1949 2108
f 2110 1951 1950
f 2110 1950 2109
f 2111 1952 1951
f 2111 1951 2110
f 2112 1953 1952
f 2112 1952 2111
f 2113 1954 1953
f 2113 1953 2112
f 2114 1955 1954
f 2114 1954 2113
f 2115 1956 1955
f 2115 1955 2114
f 2116 1957 1956
f 2116 1956 2115
f 2117 1957 2116
f 2117 1958 1957
f 2118 1958 2117
f 2118 1959 1958
f 2118 1960 1959
f 2119 1960 2118
f 2120 1960 2119
f 2120 1961 1960
f 2121 1961 2120
f 2121 1962 1961
f 2121 1963 1962
f 2122 1963 2121
f 2122 1964 1963
f 2123 1964 2122
f 2123 1965 1964
f 2124 1965 2123
f 2125 1965 2124
f 2125 1966 1965
f 2126 1966 2125
f 2126 1967 1966
f 2127 1967 2126
f 2127 1968 1967
f 2127 1969 1968
f 2128 1969 2127
f 2129 1969 2128
f 2129 1970 1969
f 2130 1970 2129
f 2130 1971 1970
f 2130 1972 1971
f 2131 1972 2130
f 2132 1972 2131
f 2132 1973 1972
f 2132 1974 1973
f 2133 1975 1974
f 2133 1974 2132
f 2134 1975 2133
f 2135 1976 1975
f 2135 1977 1976
f 2135 1975 2134
f 2136 1977 2135
f 2137 1978 1977
f 2137 1979 1978
f 2137 1977 2136
f 2138 1980 1979
f 2138 1979 2137
f 2139 1980 2138
f 2140 1981 1980
f 2140 1982 1981
f 2140 1980 2139
f 2141 1982 2140
f 2142 1983 1982
f 2142 1982 2141
f 2143 1983 2142
f 2143 1984 1983
f 2144 1984 2143
f 2144 1985 1984
f 2145 1985 2144
f 2145 1986 1985
f 2146 1986 2145
f 2146 1987 1986
f 2146 1988 1987
f 2147 1988 2146
f 2148 1988 2147
f 2148 1989 1988
f 2149 1989 2148
f 2149 1990 1989
f 2150 1990 2149
f 2150 1991 1990
f 2151 1991 2150
f 2151 1992 1991
f 2151 1993 1992
f 2152 1993 2151
f 2153 1993 2152
f 2153 1994 1993
f 2153 1995 1994
f 2154 1995 2153
f 2155 1995 2154
f 2155 1996 1995
f 2156 1996 2155
f 2156 1997 1996
f 2157 1997 2156
f 2157 1998 1997
f 2158 1998 2157
f 2158 1999 1998
f 2159 1999 2158
f 2159 2000 1999
f 2160 2000 2159
f 2160 2001 2000
f 2161 2001 2160
f 2161 2002 2001
f 2162 2002 2161
f 2162 2003 2002
f 2163 2003 2162
f 2163 2004 2003
f 2164 2004 2163
f 2164 2005 2004
f 2165 2006 2005
f 2165 2005 2164
f 2166 2007 2006
f 2166 2006 2165
f 2167 2007 2166
f 2167 2008 2007
f 2168 2008 2167
f 2168 2009 2008
f 2169 2009 2168
f 2169 2010 2009
f 2170 2010 2169
f 2170 2011 2010
f 2171 2012 2011
f 2171 2011 2170
f 2172 2013 2012
f 2172 2012 2171
f 2173 2014 2013
f 2173 2013 2172
f 2174 2015 2014
f 2174 2014 2173
f 2175 2016 2015
f 2175 2017 2016
f 2175 2015 2174
f 2176 2017 2175
f 2177 2018 2017
f 2177 2017 2176
f 2178 2019 2018
f 2178 2020 2019
f 2178 2018 2177
f 2179 2020 2178
f 2180 2021 2020
f 2180 2020 2179
f 2181 2022 2021
f 2181 2021 2180
f 2182 2023 2022
f 2182 2022 2181
f 2183 2024 2023
f 2183 2023 2182
f 2184 2025 2024
f 2184 2024 2183
f 2185 2026 2025
f 2185 2025 2184
f 2186 2027 2026
f 2186 2028 2027
f 2186 2026 2185
f 2187 2028 2186
f 2188 2029 2028
f 2188 2028 2187
f 2189 2030 2029
f 2189 2029 2188
f 2190 2031 2030
f 2190 2030 2189
f 2191 2032 2031
f 2191 2031 2190
f 2192 2033 2032
f 2192 2032 2191
f 2193 2033 2192
f 2193 2034 2033
f 2194 2034 2193
f 2194 2035 2034
f 2194 2036 2035
f 2195 2036 2194
f 2196 2036 2195
f 2196 2037 2036
f 2196 2038 2037
f 2197 2038 2196
f 2198 2038 2197
f 2198 2039 2038
f 2199 2040 2039
f 2199 2039 2198
f 2200 2041 2040
f 2200 2040 2199
f 2201 2042 2041
f 2201 2041 2200
f 2202 2043 2042
f 2202 2042 2201
f 2203 2044 2043
f 2203 2043 2202
f 2204 2045 2044
f 2204 2044 2203
f 2205 2046 2045
f 2205 2045 2204
f 2206 2047 2046
f 2206 2046 2205
f 2207 2048 2047
f 2207 2047 2206
f 2208 2049 2048
f 2208 2048 2207
f 2209 2050 2049
f 2209 2049 2208
f 2210 2051 2050
f 2210 2050 2209
f 2211 2052 2051
f 2211 2051 2210
f 2212 2053 2052
f 2212 2052 2211
f 2213 2054 2053
f 2213 2053 2212
f 2214 2055 2054
f 2214 2054 2213
f 2215 2056 2055
f 2215 2055 2214
f 2216 2057 2056
f 2216 2056 2215
f 2217 2058 2057
f 2217 2057 2216
f 2218 2058 2217
f 2218 2059 2058
f 2219 2059 2218
f 2219 2060 2059
f 2220 2060 2219
f 2220 2061 2060
f 2221 2061 2220
f 2221 2062 2061
f 2221 2063 2062
f 2222 2063 2221
f 2223 2063 2222
f 2223 2064 2063
f 2224 2064 2223
f 2224 2065 2064
f 2225 2065 2224
f 2225 2066 2065
f 2226 2066 2225
f 2226 2067 2066
f 2227 2067 2226
f 2227 2068 2067
f 2228 2068 2227
f 2228 2069 2068
f 2228 2070 2069
f 2071 2070 2228
f 2329 2328 2327
f 2323 2325 2324
f 2323 2326 2325
f 2323 2327 2326
f 2336 2335 2334
f 2337 2336 2334
f 2340 2331 2330
f 2340 2332 2331
f 2340 2333 2332
f 2340 2334 2333
f 2340 2338 2337
f 2340 2339 2338
f 2340 2337 2334
f 2343 2341 2340
f 2343 2342 2341
f 2311 2313 2312
f 2305 2307 2306
f 2351 2350 2349
f 2303 2305 2304
f 2353 2349 2348
f 2353 2352 2351
f 2353 2351 2349
f 2301 2305 2303
f 2301 2303 2302
f 2355 2354 2353
f 2356 2344 2343
f 2356 2345 2344
f 2356 2346 2345
f 2356 2347 2346
f 2356 2348 2347
f 2356 2353 2348
f 2356 2355 2353
f 2299 2301 2300
f 2298 2307 2305
f 2298 2305 2301
f 2298 2313 2311
f 2298 2301 2299
f 2298 2308 2307
f 2298 2309 2308
f 2298 2310 2309
f 2298 2311 2310
f 2298 2314 2313
f 2298 2315 2314
f 2298 2316 2315
f 2298 2317 2316
f 2298 2318 2317
f 2358 2357 2356
f 2361 2360 2359
f 2294 2296 2295
f 2294 2297 2296
f 2294 2298 2297
f 2362 2361 2359
f 2293 2298 2294
f 2363 2359 2358
f 2363 2362 2359
f 2363 2358 2356
f 2292 2298 2293
f 2365 2364 2363
f 2365 2363 2356
f 2290 2292 2291
f 2290 2298 2292
f 2367 2365 2356
f 2367 2366 2365
f 2287 2289 2288
f 2287 2290 2289
f 2286 2298 2290
f 2286 2290 2287
f 2371 2370 2369
f 2284 2286 2285
f 2372 2371 2369
f 2372 2368 2367
f 2372 2369 2368
f 2374 2373 2372
f 2281 2283 2282
f 2281 2284 2283
f 2376 2367 2356
f 2376 2343 2340
f 2376 2356 2343
f 2376 2372 2367
f 2376 2374 2372
f 2376 2375 2374
f 2277 2279 2278
f 2277 2280 2279
f 2277 2281 2280
f 2379 2377 2376
f 2379 2378 2377
f 2380 2330 2329
f 2380 2340 2330
f 2380 2376 2340
f 2380 2379 2376
f 2380 2329 2327
f 2274 2276 2275
f 2274 2277 2276
f 2274 2281 2277
f 2382 2381 2380
f 2383 2382 2380
f 2272 2274 2273
f 2272 2281 2274
f 2385 2384 2383
f 2386 2385 2383
f 2268 2270 2269
f 2231 2230 2229
f 2231 2229 2386
f 2231 2383 2380
f 2231 2386 2383
f 2266 2268 2267
f 2232 2231 2380
f 2265 2271 2270
f 2265 2270 2268
f 2265 2268 2266
f 2234 2233 2232
f 2262 2264 2263
f 2262 2265 2264
f 2262 2272 2271
f 2262 2271 2265
f 2236 2235 2234
f 2236 2234 2232
f 2238 2237 2236
f 2238 2236 2232
f 2259 2261 2260
f 2259 2262 2261
f 2258 2262 2259
f 2240 2239 2238
f 2240 2238 2232
f 2241 2240 2232
f 2256 2272 2262
f 2256 2258 2257
f 2256 2262 2258
f 2242 2241 2232
f 2244 2243 2242
f 2253 2255 2254
f 2253 2256 2255
f 2245 2244 2242
f 2252 2284 2281
f 2252 2272 2256
f 2252 2256 2253
f 2252 2281 2272
f 2246 2232 2380
f 2246 2245 2242
f 2246 2242 2232
f 2246 2380 2327
f 2246 2327 2323
f 2246 2322 2321
f 2246 2323 2322
f 2250 2252 2251
f 2248 2247 2246
f 2249 2252 2250
f 2249 2286 2284
f 2249 2284 2252
f 2249 2318 2298
f 2249 2246 2321
f 2249 2248 2246
f 2249 2298 2286
f 2249 2319 2318
f 2249 2320 2319
f 2249 2321 2320
f 2490 2488 2489
f 2493 2491 2492
f 2476 2477 2478
f 2498 2495 2496
f 2498 2496 2497
f 2509 2507 2508
f 2510 2507 2509
f 2460 2461 2462
f 2460 2462 2463
f 2513 2511 2512
f 2514 2510 2511
f 2514 2511 2513
f 2457 2458 2459
f 2456 2457 2459
f 2516 2514 2515
f 2517 2514 2516
f 2518 2514 2517
f 2520 2518 2519
f 2451 2452 2453
f 2451 2453 2454
f 2451 2454 2455
f 2451 2455 2456
f 2521 2518 2520
f 2450 2451 2456
f 2522 2518 2521
f 2523 2518 2522
f 2524 2518 2523
f 2525 2518 2524
f 2446 2447 2448
f 2446 2448 2449
f 2445 2446 2449
f 2527 2525 2526
f 2527 2518 2525
f 2528 2518 2527
f 2443 2444 2445
f 2442 2443 2445
f 2442 2445 2449
f 2442 2449 2450
f 2530 2528 2529
f 2531 2528 2530
f 2440 2441 2442
f 2439 2440 2442
f 2533 2528 2531
f 2533 2531 2532
f 2534 2528 2533
f 2437 2439 2442
f 2437 2438 2439
f 2536 2534 2535
f 2537 2534 2536
f 2538 2534 2537
f 2432 2433 2434
f 2540 2534 2538
f 2540 2538 2539
f 2541 2534 2540
f 2542 2534 2541
f 2429 2430 2431
f 2544 2518 2528
f 2544 2510 2514
f 2544 2506 2507
f 2544 2534 2542
f 2544 2542 2543
f 2544 2514 2518
f 2544 2507 2510
f 2544 2528 2534
f 2427 2428 2429
f 2427 2431 2432
f 2427 2429 2431
f 2388 2544 2387
f 2390 2388 2389
f 2390 2544 2388
f 2422 2423 2424
f 2422 2424 2425
f 2422 2425 2426
f 2392 2390 2391
f 2392 2544 2390
f 2421 2422 2426
f 2394 2392 2393
f 2394 2544 2392
f 2396 2394 2395
f 2417 2418 2419
f 2417 2419 2420
f 2417 2420 2421
f 2398 2396 2397
f 2399 2394 2396
f 2399 2396 2398
f 2413 2414 2415
f 2413 2415 2416
f 2413 2416 2417
f 2413 2426 2427
f 2413 2417 2421
f 2413 2421 2426
f 2402 2400 2401
f 2411 2412 2413
f 2404 2399 2400
f 2404 2402 2403
f 2404 2400 2402
f 2409 2410 2411
f 2405 2399 2404
f 2405 2394 2399
f 2407 2487 2488
f 2407 2490 2491
f 2407 2493 2494
f 2407 2442 2450
f 2407 2494 2495
f 2407 2394 2405
f 2407 2498 2499
f 2407 2499 2500
f 2407 2500 2501
f 2407 2501 2502
f 2407 2502 2503
f 2407 2503 2504
f 2407 2504 2505
f 2407 2505 2506
f 2407 2405 2406
f 2407 2408 2409
f 2407 2437 2442
f 2407 2456 2459
f 2407 2506 2544
f 2407 2413 2427
f 2407 2409 2411
f 2407 2434 2435
f 2407 2435 2436
f 2407 2436 2437
f 2407 2460 2463
f 2407 2432 2434
f 2407 2411 2413
f 2407 2544 2394
f 2407 2488 2490
f 2407 2427 2432
f 2407 2459 2460
f 2407 2463 2464
f 2407 2464 2465
f 2407 2465 2466
f 2407 2466 2467
f 2407 2467 2468
f 2407 2468 2469
f 2407 2469 2470
f 2407 2470 2471
f 2407 2495 2498
f 2407 2471 2472
f 2407 2491 2493
f 2407 2472 2473
f 2407 2473 2474
f 2407 2474 2475
f 2407 2475 2476
f 2407 2478 2479
f 2407 2479 2480
f 2407 2480 2481
f 2407 2481 2482
f 2407 2482 2483
f 2407 2483 2484
f 2407 2476 2478
f 2407 2484 2485
f 2407 2485 2486
f 2407 2486 2487
f 2407 2450 2456
