# Assembly coordinates in millimetres, Z-up.
mtllib Bottom_Cover.mtl
o Bottom_Cover
v 29.0000000 0.0000000 0.2000000 0.46 0.55 0.6
v 29.0000000 0.0000000 0.8000000 0.46 0.55 0.6
v 28.9770725 1.1529389 0.8000000 0.46 0.55 0.6
v 28.9083263 2.3040548 0.8000000 0.46 0.55 0.6
v 28.7938701 3.4515276 0.8000000 0.46 0.55 0.6
v 28.6338849 4.5935427 0.8000000 0.46 0.55 0.6
v 28.4286236 5.7282945 0.8000000 0.46 0.55 0.6
v 28.1784109 6.8539887 0.8000000 0.46 0.55 0.6
v 27.8836422 7.9688454 0.8000000 0.46 0.55 0.6
v 27.5447838 9.0711016 0.8000000 0.46 0.55 0.6
v 27.1623714 10.1590146 0.8000000 0.46 0.55 0.6
v 26.7370098 11.2308641 0.8000000 0.46 0.55 0.6
v 26.2693714 12.2849552 0.8000000 0.46 0.55 0.6
v 25.7601958 13.3196214 0.8000000 0.46 0.55 0.6
v 25.2102880 14.3332265 0.8000000 0.46 0.55 0.6
v 24.6205175 15.3241678 0.8000000 0.46 0.55 0.6
v 23.9918169 16.2908784 0.8000000 0.46 0.55 0.6
v 23.3251804 17.2318298 0.8000000 0.46 0.55 0.6
v 22.6216619 18.1455342 0.8000000 0.46 0.55 0.6
v 21.8823740 19.0305467 0.8000000 0.46 0.55 0.6
v 21.1084855 19.8854681 0.8000000 0.46 0.55 0.6
v 20.3012202 20.7089464 0.8000000 0.46 0.55 0.6
v 19.4618544 21.4996796 0.8000000 0.46 0.55 0.6
v 18.5917155 22.2564174 0.8000000 0.46 0.55 0.6
v 17.6921792 22.9779632 0.8000000 0.46 0.55 0.6
v 16.7646680 23.6631762 0.8000000 0.46 0.55 0.6
v 15.8106484 24.3109728 0.8000000 0.46 0.55 0.6
v 14.8316289 24.9203287 0.8000000 0.46 0.55 0.6
v 13.8291575 25.4902805 0.8000000 0.46 0.55 0.6
v 12.8048194 26.0199270 0.8000000 0.46 0.55 0.6
v 11.7602343 26.5084305 0.8000000 0.46 0.55 0.6
v 10.6970538 26.9550188 0.8000000 0.46 0.55 0.6
v 9.6169591 27.3589857 0.8000000 0.46 0.55 0.6
v 8.5216580 27.7196924 0.8000000 0.46 0.55 0.6
v 7.4128823 28.0365685 0.8000000 0.46 0.55 0.6
v 6.2923854 28.3091131 0.8000000 0.46 0.55 0.6
v 5.1619390 28.5368952 0.8000000 0.46 0.55 0.6
v 4.0233304 28.7195545 0.8000000 0.46 0.55 0.6
v 2.8783602 28.8568024 0.8000000 0.46 0.55 0.6
v 1.7288386 28.9484217 0.8000000 0.46 0.55 0.6
v 0.5765834 28.9942676 0.8000000 0.46 0.55 0.6
v -0.5765834 28.9942676 0.8000000 0.46 0.55 0.6
v -1.7288386 28.9484217 0.8000000 0.46 0.55 0.6
v -2.8783602 28.8568024 0.8000000 0.46 0.55 0.6
v -4.0233304 28.7195545 0.8000000 0.46 0.55 0.6
v -5.1619390 28.5368952 0.8000000 0.46 0.55 0.6
v -6.2923854 28.3091131 0.8000000 0.46 0.55 0.6
v -7.4128823 28.0365685 0.8000000 0.46 0.55 0.6
v -8.5216580 27.7196924 0.8000000 0.46 0.55 0.6
v -9.6169591 27.3589857 0.8000000 0.46 0.55 0.6
v -10.6970538 26.9550188 0.8000000 0.46 0.55 0.6
v -11.7602343 26.5084305 0.8000000 0.46 0.55 0.6
v -12.8048194 26.0199270 0.8000000 0.46 0.55 0.6
v -13.8291575 25.4902805 0.8000000 0.46 0.55 0.6
v -14.8316289 24.9203287 0.8000000 0.46 0.55 0.6
v -15.8106484 24.3109728 0.8000000 0.46 0.55 0.6
v -16.7646680 23.6631762 0.8000000 0.46 0.55 0.6
v -17.6921792 22.9779632 0.8000000 0.46 0.55 0.6
v -18.5917155 22.2564174 0.8000000 0.46 0.55 0.6
v -19.4618544 21.4996796 0.8000000 0.46 0.55 0.6
v -20.3012202 20.7089464 0.8000000 0.46 0.55 0.6
v -21.1084855 19.8854681 0.8000000 0.46 0.55 0.6
v -21.8823740 19.0305467 0.8000000 0.46 0.55 0.6
v -22.6216619 18.1455342 0.8000000 0.46 0.55 0.6
v -23.3251804 17.2318298 0.8000000 0.46 0.55 0.6
v -23.9918169 16.2908784 0.8000000 0.46 0.55 0.6
v -24.6205175 15.3241678 0.8000000 0.46 0.55 0.6
v -25.2102880 14.3332265 0.8000000 0.46 0.55 0.6
v -25.7601958 13.3196214 0.8000000 0.46 0.55 0.6
v -26.2693714 12.2849552 0.8000000 0.46 0.55 0.6
v -26.7370098 11.2308641 0.8000000 0.46 0.55 0.6
v -27.1623714 10.1590146 0.8000000 0.46 0.55 0.6
v -27.5447838 9.0711016 0.8000000 0.46 0.55 0.6
v -27.8836422 7.9688454 0.8000000 0.46 0.55 0.6
v -28.1784109 6.8539887 0.8000000 0.46 0.55 0.6
v -28.4286236 5.7282945 0.8000000 0.46 0.55 0.6
v -28.6338849 4.5935427 0.8000000 0.46 0.55 0.6
v -28.7938701 3.4515276 0.8000000 0.46 0.55 0.6
v -28.9083263 2.3040548 0.8000000 0.46 0.55 0.6
v -28.9770725 1.1529389 0.8000000 0.46 0.55 0.6
v -29.0000000 -0.0000000 0.8000000 0.46 0.55 0.6
v -28.9770725 -1.1529389 0.8000000 0.46 0.55 0.6
v -28.9083263 -2.3040548 0.8000000 0.46 0.55 0.6
v -28.7938701 -3.4515276 0.8000000 0.46 0.55 0.6
v -28.6338849 -4.5935427 0.8000000 0.46 0.55 0.6
v -28.4286236 -5.7282945 0.8000000 0.46 0.55 0.6
v -28.1784109 -6.8539887 0.8000000 0.46 0.55 0.6
v -27.8836422 -7.9688454 0.8000000 0.46 0.55 0.6
v -27.5447838 -9.0711016 0.8000000 0.46 0.55 0.6
v -27.1623714 -10.1590146 0.8000000 0.46 0.55 0.6
v -26.7370098 -11.2308641 0.8000000 0.46 0.55 0.6
v -26.2693714 -12.2849552 0.8000000 0.46 0.55 0.6
v -25.7601958 -13.3196214 0.8000000 0.46 0.55 0.6
v -25.2102880 -14.3332265 0.8000000 0.46 0.55 0.6
v -24.6205175 -15.3241678 0.8000000 0.46 0.55 0.6
v -23.9918169 -16.2908784 0.8000000 0.46 0.55 0.6
v -23.3251804 -17.2318298 0.8000000 0.46 0.55 0.6
v -22.6216619 -18.1455342 0.8000000 0.46 0.55 0.6
v -21.8823740 -19.0305467 0.8000000 0.46 0.55 0.6
v -21.1084855 -19.8854681 0.8000000 0.46 0.55 0.6
v -20.3012202 -20.7089464 0.8000000 0.46 0.55 0.6
v -19.4618544 -21.4996796 0.8000000 0.46 0.55 0.6
v -18.5917155 -22.2564174 0.8000000 0.46 0.55 0.6
v -17.6921792 -22.9779632 0.8000000 0.46 0.55 0.6
v -16.7646680 -23.6631762 0.8000000 0.46 0.55 0.6
v -15.8106484 -24.3109728 0.8000000 0.46 0.55 0.6
v -14.8316289 -24.9203287 0.8000000 0.46 0.55 0.6
v -13.8291575 -25.4902805 0.8000000 0.46 0.55 0.6
v -12.8048194 -26.0199270 0.8000000 0.46 0.55 0.6
v -11.7602343 -26.5084305 0.8000000 0.46 0.55 0.6
v -10.6970538 -26.9550188 0.8000000 0.46 0.55 0.6
v -9.6169591 -27.3589857 0.8000000 0.46 0.55 0.6
v -8.5216580 -27.7196924 0.8000000 0.46 0.55 0.6
v -7.4128823 -28.0365685 0.8000000 0.46 0.55 0.6
v -6.2923854 -28.3091131 0.8000000 0.46 0.55 0.6
v -5.1619390 -28.5368952 0.8000000 0.46 0.55 0.6
v -4.0233304 -28.7195545 0.8000000 0.46 0.55 0.6
v -2.8783602 -28.8568024 0.8000000 0.46 0.55 0.6
v -1.7288386 -28.9484217 0.8000000 0.46 0.55 0.6
v -0.5765834 -28.9942676 0.8000000 0.46 0.55 0.6
v 0.5765834 -28.9942676 0.8000000 0.46 0.55 0.6
v 1.7288386 -28.9484217 0.8000000 0.46 0.55 0.6
v 2.8783602 -28.8568024 0.8000000 0.46 0.55 0.6
v 4.0233304 -28.7195545 0.8000000 0.46 0.55 0.6
v 5.1619390 -28.5368952 0.8000000 0.46 0.55 0.6
v 6.2923854 -28.3091131 0.8000000 0.46 0.55 0.6
v 7.4128823 -28.0365685 0.8000000 0.46 0.55 0.6
v 8.5216580 -27.7196924 0.8000000 0.46 0.55 0.6
v 9.6169591 -27.3589857 0.8000000 0.46 0.55 0.6
v 10.6970538 -26.9550188 0.8000000 0.46 0.55 0.6
v 11.7602343 -26.5084305 0.8000000 0.46 0.55 0.6
v 12.8048194 -26.0199270 0.8000000 0.46 0.55 0.6
v 13.8291575 -25.4902805 0.8000000 0.46 0.55 0.6
v 14.8316289 -24.9203287 0.8000000 0.46 0.55 0.6
v 15.8106484 -24.3109728 0.8000000 0.46 0.55 0.6
v 16.7646680 -23.6631762 0.8000000 0.46 0.55 0.6
v 17.6921792 -22.9779632 0.8000000 0.46 0.55 0.6
v 18.5917155 -22.2564174 0.8000000 0.46 0.55 0.6
v 19.4618544 -21.4996796 0.8000000 0.46 0.55 0.6
v 20.3012202 -20.7089464 0.8000000 0.46 0.55 0.6
v 21.1084855 -19.8854681 0.8000000 0.46 0.55 0.6
v 21.8823740 -19.0305467 0.8000000 0.46 0.55 0.6
v 22.6216619 -18.1455342 0.8000000 0.46 0.55 0.6
v 23.3251804 -17.2318298 0.8000000 0.46 0.55 0.6
v 23.9918169 -16.2908784 0.8000000 0.46 0.55 0.6
v 24.6205175 -15.3241678 0.8000000 0.46 0.55 0.6
v 25.2102880 -14.3332265 0.8000000 0.46 0.55 0.6
v 25.7601958 -13.3196214 0.8000000 0.46 0.55 0.6
v 26.2693714 -12.2849552 0.8000000 0.46 0.55 0.6
v 26.7370098 -11.2308641 0.8000000 0.46 0.55 0.6
v 27.1623714 -10.1590146 0.8000000 0.46 0.55 0.6
v 27.5447838 -9.0711016 0.8000000 0.46 0.55 0.6
v 27.8836422 -7.9688454 0.8000000 0.46 0.55 0.6
v 28.1784109 -6.8539887 0.8000000 0.46 0.55 0.6
v 28.4286236 -5.7282945 0.8000000 0.46 0.55 0.6
v 28.6338849 -4.5935427 0.8000000 0.46 0.55 0.6
v 28.7938701 -3.4515276 0.8000000 0.46 0.55 0.6
v 28.9083263 -2.3040548 0.8000000 0.46 0.55 0.6
v 28.9770725 -1.1529389 0.8000000 0.46 0.55 0.6
v 29.0000000 0.0000000 0.8000000 0.46 0.55 0.6
v 29.0000000 0.0000000 0.2000000 0.46 0.55 0.6
v 28.9770725 1.1529389 0.2000000 0.46 0.55 0.6
v 28.9083263 2.3040548 0.2000000 0.46 0.55 0.6
v 28.7938701 3.4515276 0.2000000 0.46 0.55 0.6
v 28.6338849 4.5935427 0.2000000 0.46 0.55 0.6
v 28.4286236 5.7282945 0.2000000 0.46 0.55 0.6
v 28.1784109 6.8539887 0.2000000 0.46 0.55 0.6
v 27.8836422 7.9688454 0.2000000 0.46 0.55 0.6
v 27.5447838 9.0711016 0.2000000 0.46 0.55 0.6
v 27.1623714 10.1590146 0.2000000 0.46 0.55 0.6
v 26.7370098 11.2308641 0.2000000 0.46 0.55 0.6
v 26.2693714 12.2849552 0.2000000 0.46 0.55 0.6
v 25.7601958 13.3196214 0.2000000 0.46 0.55 0.6
v 25.2102880 14.3332265 0.2000000 0.46 0.55 0.6
v 24.6205175 15.3241678 0.2000000 0.46 0.55 0.6
v 23.9918169 16.2908784 0.2000000 0.46 0.55 0.6
v 23.3251804 17.2318298 0.2000000 0.46 0.55 0.6
v 22.6216619 18.1455342 0.2000000 0.46 0.55 0.6
v 21.8823740 19.0305467 0.2000000 0.46 0.55 0.6
v 21.1084855 19.8854681 0.2000000 0.46 0.55 0.6
v 20.3012202 20.7089464 0.2000000 0.46 0.55 0.6
v 19.4618544 21.4996796 0.2000000 0.46 0.55 0.6
v 18.5917155 22.2564174 0.2000000 0.46 0.55 0.6
v 17.6921792 22.9779632 0.2000000 0.46 0.55 0.6
v 16.7646680 23.6631762 0.2000000 0.46 0.55 0.6
v 15.8106484 24.3109728 0.2000000 0.46 0.55 0.6
v 14.8316289 24.9203287 0.2000000 0.46 0.55 0.6
v 13.8291575 25.4902805 0.2000000 0.46 0.55 0.6
v 12.8048194 26.0199270 0.2000000 0.46 0.55 0.6
v 11.7602343 26.5084305 0.2000000 0.46 0.55 0.6
v 10.6970538 26.9550188 0.2000000 0.46 0.55 0.6
v 9.6169591 27.3589857 0.2000000 0.46 0.55 0.6
v 8.5216580 27.7196924 0.2000000 0.46 0.55 0.6
v 7.4128823 28.0365685 0.2000000 0.46 0.55 0.6
v 6.2923854 28.3091131 0.2000000 0.46 0.55 0.6
v 5.1619390 28.5368952 0.2000000 0.46 0.55 0.6
v 4.0233304 28.7195545 0.2000000 0.46 0.55 0.6
v 2.8783602 28.8568024 0.2000000 0.46 0.55 0.6
v 1.7288386 28.9484217 0.2000000 0.46 0.55 0.6
v 0.5765834 28.9942676 0.2000000 0.46 0.55 0.6
v -0.5765834 28.9942676 0.2000000 0.46 0.55 0.6
v -1.7288386 28.9484217 0.2000000 0.46 0.55 0.6
v -2.8783602 28.8568024 0.2000000 0.46 0.55 0.6
v -4.0233304 28.7195545 0.2000000 0.46 0.55 0.6
v -5.1619390 28.5368952 0.2000000 0.46 0.55 0.6
v -6.2923854 28.3091131 0.2000000 0.46 0.55 0.6
v -7.4128823 28.0365685 0.2000000 0.46 0.55 0.6
v -8.5216580 27.7196924 0.2000000 0.46 0.55 0.6
v -9.6169591 27.3589857 0.2000000 0.46 0.55 0.6
v -10.6970538 26.9550188 0.2000000 0.46 0.55 0.6
v -11.7602343 26.5084305 0.2000000 0.46 0.55 0.6
v -12.8048194 26.0199270 0.2000000 0.46 0.55 0.6
v -13.8291575 25.4902805 0.2000000 0.46 0.55 0.6
v -14.8316289 24.9203287 0.2000000 0.46 0.55 0.6
v -15.8106484 24.3109728 0.2000000 0.46 0.55 0.6
v -16.7646680 23.6631762 0.2000000 0.46 0.55 0.6
v -17.6921792 22.9779632 0.2000000 0.46 0.55 0.6
v -18.5917155 22.2564174 0.2000000 0.46 0.55 0.6
v -19.4618544 21.4996796 0.2000000 0.46 0.55 0.6
v -20.3012202 20.7089464 0.2000000 0.46 0.55 0.6
v -21.1084855 19.8854681 0.2000000 0.46 0.55 0.6
v -21.8823740 19.0305467 0.2000000 0.46 0.55 0.6
v -22.6216619 18.1455342 0.2000000 0.46 0.55 0.6
v -23.3251804 17.2318298 0.2000000 0.46 0.55 0.6
v -23.9918169 16.2908784 0.2000000 0.46 0.55 0.6
v -24.6205175 15.3241678 0.2000000 0.46 0.55 0.6
v -25.2102880 14.3332265 0.2000000 0.46 0.55 0.6
v -25.7601958 13.3196214 0.2000000 0.46 0.55 0.6
v -26.2693714 12.2849552 0.2000000 0.46 0.55 0.6
v -26.7370098 11.2308641 0.2000000 0.46 0.55 0.6
v -27.1623714 10.1590146 0.2000000 0.46 0.55 0.6
v -27.5447838 9.0711016 0.2000000 0.46 0.55 0.6
v -27.8836422 7.9688454 0.2000000 0.46 0.55 0.6
v -28.1784109 6.8539887 0.2000000 0.46 0.55 0.6
v -28.4286236 5.7282945 0.2000000 0.46 0.55 0.6
v -28.6338849 4.5935427 0.2000000 0.46 0.55 0.6
v -28.7938701 3.4515276 0.2000000 0.46 0.55 0.6
v -28.9083263 2.3040548 0.2000000 0.46 0.55 0.6
v -28.9770725 1.1529389 0.2000000 0.46 0.55 0.6
v -29.0000000 -0.0000000 0.2000000 0.46 0.55 0.6
v -28.9770725 -1.1529389 0.2000000 0.46 0.55 0.6
v -28.9083263 -2.3040548 0.2000000 0.46 0.55 0.6
v -28.7938701 -3.4515276 0.2000000 0.46 0.55 0.6
v -28.6338849 -4.5935427 0.2000000 0.46 0.55 0.6
v -28.4286236 -5.7282945 0.2000000 0.46 0.55 0.6
v -28.1784109 -6.8539887 0.2000000 0.46 0.55 0.6
v -27.8836422 -7.9688454 0.2000000 0.46 0.55 0.6
v -27.5447838 -9.0711016 0.2000000 0.46 0.55 0.6
v -27.1623714 -10.1590146 0.2000000 0.46 0.55 0.6
v -26.7370098 -11.2308641 0.2000000 0.46 0.55 0.6
v -26.2693714 -12.2849552 0.2000000 0.46 0.55 0.6
v -25.7601958 -13.3196214 0.2000000 0.46 0.55 0.6
v -25.2102880 -14.3332265 0.2000000 0.46 0.55 0.6
v -24.6205175 -15.3241678 0.2000000 0.46 0.55 0.6
v -23.9918169 -16.2908784 0.2000000 0.46 0.55 0.6
v -23.3251804 -17.2318298 0.2000000 0.46 0.55 0.6
v -22.6216619 -18.1455342 0.2000000 0.46 0.55 0.6
v -21.8823740 -19.0305467 0.2000000 0.46 0.55 0.6
v -21.1084855 -19.8854681 0.2000000 0.46 0.55 0.6
v -20.3012202 -20.7089464 0.2000000 0.46 0.55 0.6
v -19.4618544 -21.4996796 0.2000000 0.46 0.55 0.6
v -18.5917155 -22.2564174 0.2000000 0.46 0.55 0.6
v -17.6921792 -22.9779632 0.2000000 0.46 0.55 0.6
v -16.7646680 -23.6631762 0.2000000 0.46 0.55 0.6
v -15.8106484 -24.3109728 0.2000000 0.46 0.55 0.6
v -14.8316289 -24.9203287 0.2000000 0.46 0.55 0.6
v -13.8291575 -25.4902805 0.2000000 0.46 0.55 0.6
v -12.8048194 -26.0199270 0.2000000 0.46 0.55 0.6
v -11.7602343 -26.5084305 0.2000000 0.46 0.55 0.6
v -10.6970538 -26.9550188 0.2000000 0.46 0.55 0.6
v -9.6169591 -27.3589857 0.2000000 0.46 0.55 0.6
v -8.5216580 -27.7196924 0.2000000 0.46 0.55 0.6
v -7.4128823 -28.0365685 0.2000000 0.46 0.55 0.6
v -6.2923854 -28.3091131 0.2000000 0.46 0.55 0.6
v -5.1619390 -28.5368952 0.2000000 0.46 0.55 0.6
v -4.0233304 -28.7195545 0.2000000 0.46 0.55 0.6
v -2.8783602 -28.8568024 0.2000000 0.46 0.55 0.6
v -1.7288386 -28.9484217 0.2000000 0.46 0.55 0.6
v -0.5765834 -28.9942676 0.2000000 0.46 0.55 0.6
v 0.5765834 -28.9942676 0.2000000 0.46 0.55 0.6
v 1.7288386 -28.9484217 0.2000000 0.46 0.55 0.6
v 2.8783602 -28.8568024 0.2000000 0.46 0.55 0.6
v 4.0233304 -28.7195545 0.2000000 0.46 0.55 0.6
v 5.1619390 -28.5368952 0.2000000 0.46 0.55 0.6
v 6.2923854 -28.3091131 0.2000000 0.46 0.55 0.6
v 7.4128823 -28.0365685 0.2000000 0.46 0.55 0.6
v 8.5216580 -27.7196924 0.2000000 0.46 0.55 0.6
v 9.6169591 -27.3589857 0.2000000 0.46 0.55 0.6
v 10.6970538 -26.9550188 0.2000000 0.46 0.55 0.6
v 11.7602343 -26.5084305 0.2000000 0.46 0.55 0.6
v 12.8048194 -26.0199270 0.2000000 0.46 0.55 0.6
v 13.8291575 -25.4902805 0.2000000 0.46 0.55 0.6
v 14.8316289 -24.9203287 0.2000000 0.46 0.55 0.6
v 15.8106484 -24.3109728 0.2000000 0.46 0.55 0.6
v 16.7646680 -23.6631762 0.2000000 0.46 0.55 0.6
v 17.6921792 -22.9779632 0.2000000 0.46 0.55 0.6
v 18.5917155 -22.2564174 0.2000000 0.46 0.55 0.6
v 19.4618544 -21.4996796 0.2000000 0.46 0.55 0.6
v 20.3012202 -20.7089464 0.2000000 0.46 0.55 0.6
v 21.1084855 -19.8854681 0.2000000 0.46 0.55 0.6
v 21.8823740 -19.0305467 0.2000000 0.46 0.55 0.6
v 22.6216619 -18.1455342 0.2000000 0.46 0.55 0.6
v 23.3251804 -17.2318298 0.2000000 0.46 0.55 0.6
v 23.9918169 -16.2908784 0.2000000 0.46 0.55 0.6
v 24.6205175 -15.3241678 0.2000000 0.46 0.55 0.6
v 25.2102880 -14.3332265 0.2000000 0.46 0.55 0.6
v 25.7601958 -13.3196214 0.2000000 0.46 0.55 0.6
v 26.2693714 -12.2849552 0.2000000 0.46 0.55 0.6
v 26.7370098 -11.2308641 0.2000000 0.46 0.55 0.6
v 27.1623714 -10.1590146 0.2000000 0.46 0.55 0.6
v 27.5447838 -9.0711016 0.2000000 0.46 0.55 0.6
v 27.8836422 -7.9688454 0.2000000 0.46 0.55 0.6
v 28.1784109 -6.8539887 0.2000000 0.46 0.55 0.6
v 28.4286236 -5.7282945 0.2000000 0.46 0.55 0.6
v 28.6338849 -4.5935427 0.2000000 0.46 0.55 0.6
v 28.7938701 -3.4515276 0.2000000 0.46 0.55 0.6
v 28.9083263 -2.3040548 0.2000000 0.46 0.55 0.6
v 28.9770725 -1.1529389 0.2000000 0.46 0.55 0.6
v 29.0000000 0.0000000 0.8000000 0.46 0.55 0.6
v 28.9770725 1.1529389 0.8000000 0.46 0.55 0.6
v 28.9083263 2.3040548 0.8000000 0.46 0.55 0.6
v 28.7938701 3.4515276 0.8000000 0.46 0.55 0.6
v 28.6338849 4.5935427 0.8000000 0.46 0.55 0.6
v 28.4286236 5.7282945 0.8000000 0.46 0.55 0.6
v 28.1784109 6.8539887 0.8000000 0.46 0.55 0.6
v 27.8836422 7.9688454 0.8000000 0.46 0.55 0.6
v 27.5447838 9.0711016 0.8000000 0.46 0.55 0.6
v 27.1623714 10.1590146 0.8000000 0.46 0.55 0.6
v 26.7370098 11.2308641 0.8000000 0.46 0.55 0.6
v 26.2693714 12.2849552 0.8000000 0.46 0.55 0.6
v 25.7601958 13.3196214 0.8000000 0.46 0.55 0.6
v 25.2102880 14.3332265 0.8000000 0.46 0.55 0.6
v 24.6205175 15.3241678 0.8000000 0.46 0.55 0.6
v 23.9918169 16.2908784 0.8000000 0.46 0.55 0.6
v 23.3251804 17.2318298 0.8000000 0.46 0.55 0.6
v 22.6216619 18.1455342 0.8000000 0.46 0.55 0.6
v 21.8823740 19.0305467 0.8000000 0.46 0.55 0.6
v 21.1084855 19.8854681 0.8000000 0.46 0.55 0.6
v 20.3012202 20.7089464 0.8000000 0.46 0.55 0.6
v 19.4618544 21.4996796 0.8000000 0.46 0.55 0.6
v 18.5917155 22.2564174 0.8000000 0.46 0.55 0.6
v 17.6921792 22.9779632 0.8000000 0.46 0.55 0.6
v 16.7646680 23.6631762 0.8000000 0.46 0.55 0.6
v 15.8106484 24.3109728 0.8000000 0.46 0.55 0.6
v 14.8316289 24.9203287 0.8000000 0.46 0.55 0.6
v 13.8291575 25.4902805 0.8000000 0.46 0.55 0.6
v 12.8048194 26.0199270 0.8000000 0.46 0.55 0.6
v 11.7602343 26.5084305 0.8000000 0.46 0.55 0.6
v 10.6970538 26.9550188 0.8000000 0.46 0.55 0.6
v 9.6169591 27.3589857 0.8000000 0.46 0.55 0.6
v 8.5216580 27.7196924 0.8000000 0.46 0.55 0.6
v 7.4128823 28.0365685 0.8000000 0.46 0.55 0.6
v 6.2923854 28.3091131 0.8000000 0.46 0.55 0.6
v 5.1619390 28.5368952 0.8000000 0.46 0.55 0.6
v 4.0233304 28.7195545 0.8000000 0.46 0.55 0.6
v 2.8783602 28.8568024 0.8000000 0.46 0.55 0.6
v 1.7288386 28.9484217 0.8000000 0.46 0.55 0.6
v 0.5765834 28.9942676 0.8000000 0.46 0.55 0.6
v -0.5765834 28.9942676 0.8000000 0.46 0.55 0.6
v -1.7288386 28.9484217 0.8000000 0.46 0.55 0.6
v -2.8783602 28.8568024 0.8000000 0.46 0.55 0.6
v -4.0233304 28.7195545 0.8000000 0.46 0.55 0.6
v -5.1619390 28.5368952 0.8000000 0.46 0.55 0.6
v -6.2923854 28.3091131 0.8000000 0.46 0.55 0.6
v -7.4128823 28.0365685 0.8000000 0.46 0.55 0.6
v -8.5216580 27.7196924 0.8000000 0.46 0.55 0.6
v -9.6169591 27.3589857 0.8000000 0.46 0.55 0.6
v -10.6970538 26.9550188 0.8000000 0.46 0.55 0.6
v -11.7602343 26.5084305 0.8000000 0.46 0.55 0.6
v -12.8048194 26.0199270 0.8000000 0.46 0.55 0.6
v -13.8291575 25.4902805 0.8000000 0.46 0.55 0.6
v -14.8316289 24.9203287 0.8000000 0.46 0.55 0.6
v -15.8106484 24.3109728 0.8000000 0.46 0.55 0.6
v -16.7646680 23.6631762 0.8000000 0.46 0.55 0.6
v -17.6921792 22.9779632 0.8000000 0.46 0.55 0.6
v -18.5917155 22.2564174 0.8000000 0.46 0.55 0.6
v -19.4618544 21.4996796 0.8000000 0.46 0.55 0.6
v -20.3012202 20.7089464 0.8000000 0.46 0.55 0.6
v -21.1084855 19.8854681 0.8000000 0.46 0.55 0.6
v -21.8823740 19.0305467 0.8000000 0.46 0.55 0.6
v -22.6216619 18.1455342 0.8000000 0.46 0.55 0.6
v -23.3251804 17.2318298 0.8000000 0.46 0.55 0.6
v -23.9918169 16.2908784 0.8000000 0.46 0.55 0.6
v -24.6205175 15.3241678 0.8000000 0.46 0.55 0.6
v -25.2102880 14.3332265 0.8000000 0.46 0.55 0.6
v -25.7601958 13.3196214 0.8000000 0.46 0.55 0.6
v -26.2693714 12.2849552 0.8000000 0.46 0.55 0.6
v -26.7370098 11.2308641 0.8000000 0.46 0.55 0.6
v -27.1623714 10.1590146 0.8000000 0.46 0.55 0.6
v -27.5447838 9.0711016 0.8000000 0.46 0.55 0.6
v -27.8836422 7.9688454 0.8000000 0.46 0.55 0.6
v -28.1784109 6.8539887 0.8000000 0.46 0.55 0.6
v -28.4286236 5.7282945 0.8000000 0.46 0.55 0.6
v -28.6338849 4.5935427 0.8000000 0.46 0.55 0.6
v -28.7938701 3.4515276 0.8000000 0.46 0.55 0.6
v -28.9083263 2.3040548 0.8000000 0.46 0.55 0.6
v -28.9770725 1.1529389 0.8000000 0.46 0.55 0.6
v -29.0000000 -0.0000000 0.8000000 0.46 0.55 0.6
v -28.9770725 -1.1529389 0.8000000 0.46 0.55 0.6
v -28.9083263 -2.3040548 0.8000000 0.46 0.55 0.6
v -28.7938701 -3.4515276 0.8000000 0.46 0.55 0.6
v -28.6338849 -4.5935427 0.8000000 0.46 0.55 0.6
v -28.4286236 -5.7282945 0.8000000 0.46 0.55 0.6
v -28.1784109 -6.8539887 0.8000000 0.46 0.55 0.6
v -27.8836422 -7.9688454 0.8000000 0.46 0.55 0.6
v -27.5447838 -9.0711016 0.8000000 0.46 0.55 0.6
v -27.1623714 -10.1590146 0.8000000 0.46 0.55 0.6
v -26.7370098 -11.2308641 0.8000000 0.46 0.55 0.6
v -26.2693714 -12.2849552 0.8000000 0.46 0.55 0.6
v -25.7601958 -13.3196214 0.8000000 0.46 0.55 0.6
v -25.2102880 -14.3332265 0.8000000 0.46 0.55 0.6
v -24.6205175 -15.3241678 0.8000000 0.46 0.55 0.6
v -23.9918169 -16.2908784 0.8000000 0.46 0.55 0.6
v -23.3251804 -17.2318298 0.8000000 0.46 0.55 0.6
v -22.6216619 -18.1455342 0.8000000 0.46 0.55 0.6
v -21.8823740 -19.0305467 0.8000000 0.46 0.55 0.6
v -21.1084855 -19.8854681 0.8000000 0.46 0.55 0.6
v -20.3012202 -20.7089464 0.8000000 0.46 0.55 0.6
v -19.4618544 -21.4996796 0.8000000 0.46 0.55 0.6
v -18.5917155 -22.2564174 0.8000000 0.46 0.55 0.6
v -17.6921792 -22.9779632 0.8000000 0.46 0.55 0.6
v -16.7646680 -23.6631762 0.8000000 0.46 0.55 0.6
v -15.8106484 -24.3109728 0.8000000 0.46 0.55 0.6
v -14.8316289 -24.9203287 0.8000000 0.46 0.55 0.6
v -13.8291575 -25.4902805 0.8000000 0.46 0.55 0.6
v -12.8048194 -26.0199270 0.8000000 0.46 0.55 0.6
v -11.7602343 -26.5084305 0.8000000 0.46 0.55 0.6
v -10.6970538 -26.9550188 0.8000000 0.46 0.55 0.6
v -9.6169591 -27.3589857 0.8000000 0.46 0.55 0.6
v -8.5216580 -27.7196924 0.8000000 0.46 0.55 0.6
v -7.4128823 -28.0365685 0.8000000 0.46 0.55 0.6
v -6.2923854 -28.3091131 0.8000000 0.46 0.55 0.6
v -5.1619390 -28.5368952 0.8000000 0.46 0.55 0.6
v -4.0233304 -28.7195545 0.8000000 0.46 0.55 0.6
v -2.8783602 -28.8568024 0.8000000 0.46 0.55 0.6
v -1.7288386 -28.9484217 0.8000000 0.46 0.55 0.6
v -0.5765834 -28.9942676 0.8000000 0.46 0.55 0.6
v 0.5765834 -28.9942676 0.8000000 0.46 0.55 0.6
v 1.7288386 -28.9484217 0.8000000 0.46 0.55 0.6
v 2.8783602 -28.8568024 0.8000000 0.46 0.55 0.6
v 4.0233304 -28.7195545 0.8000000 0.46 0.55 0.6
v 5.1619390 -28.5368952 0.8000000 0.46 0.55 0.6
v 6.2923854 -28.3091131 0.8000000 0.46 0.55 0.6
v 7.4128823 -28.0365685 0.8000000 0.46 0.55 0.6
v 8.5216580 -27.7196924 0.8000000 0.46 0.55 0.6
v 9.6169591 -27.3589857 0.8000000 0.46 0.55 0.6
v 10.6970538 -26.9550188 0.8000000 0.46 0.55 0.6
v 11.7602343 -26.5084305 0.8000000 0.46 0.55 0.6
v 12.8048194 -26.0199270 0.8000000 0.46 0.55 0.6
v 13.8291575 -25.4902805 0.8000000 0.46 0.55 0.6
v 14.8316289 -24.9203287 0.8000000 0.46 0.55 0.6
v 15.8106484 -24.3109728 0.8000000 0.46 0.55 0.6
v 16.7646680 -23.6631762 0.8000000 0.46 0.55 0.6
v 17.6921792 -22.9779632 0.8000000 0.46 0.55 0.6
v 18.5917155 -22.2564174 0.8000000 0.46 0.55 0.6
v 19.4618544 -21.4996796 0.8000000 0.46 0.55 0.6
v 20.3012202 -20.7089464 0.8000000 0.46 0.55 0.6
v 21.1084855 -19.8854681 0.8000000 0.46 0.55 0.6
v 21.8823740 -19.0305467 0.8000000 0.46 0.55 0.6
v 22.6216619 -18.1455342 0.8000000 0.46 0.55 0.6
v 23.3251804 -17.2318298 0.8000000 0.46 0.55 0.6
v 23.9918169 -16.2908784 0.8000000 0.46 0.55 0.6
v 24.6205175 -15.3241678 0.8000000 0.46 0.55 0.6
v 25.2102880 -14.3332265 0.8000000 0.46 0.55 0.6
v 25.7601958 -13.3196214 0.8000000 0.46 0.55 0.6
v 26.2693714 -12.2849552 0.8000000 0.46 0.55 0.6
v 26.7370098 -11.2308641 0.8000000 0.46 0.55 0.6
v 27.1623714 -10.1590146 0.8000000 0.46 0.55 0.6
v 27.5447838 -9.0711016 0.8000000 0.46 0.55 0.6
v 27.8836422 -7.9688454 0.8000000 0.46 0.55 0.6
v 28.1784109 -6.8539887 0.8000000 0.46 0.55 0.6
v 28.4286236 -5.7282945 0.8000000 0.46 0.55 0.6
v 28.6338849 -4.5935427 0.8000000 0.46 0.55 0.6
v 28.7938701 -3.4515276 0.8000000 0.46 0.55 0.6
v 28.9083263 -2.3040548 0.8000000 0.46 0.55 0.6
v 28.9770725 -1.1529389 0.8000000 0.46 0.55 0.6
v -7.5370751 9.6568628 0.8000000 0.46 0.55 0.6
v -7.6009416 9.7190237 0.8000000 0.46 0.55 0.6
v -7.6622962 9.7836652 0.8000000 0.46 0.55 0.6
v -7.7210427 9.8506857 0.8000000 0.46 0.55 0.6
v -7.7770890 9.9199801 0.8000000 0.46 0.55 0.6
v -7.8303470 9.9914398 0.8000000 0.46 0.55 0.6
v -7.8807333 10.0649526 0.8000000 0.46 0.55 0.6
v -7.9281688 10.1404031 0.8000000 0.46 0.55 0.6
v -7.9725791 10.2176730 0.8000000 0.46 0.55 0.6
v -8.0138944 10.2966410 0.8000000 0.46 0.55 0.6
v -8.0520500 10.3771832 0.8000000 0.46 0.55 0.6
v -8.0869860 10.4591734 0.8000000 0.46 0.55 0.6
v -8.1186476 10.5424827 0.8000000 0.46 0.55 0.6
v -8.1469851 10.6269806 0.8000000 0.46 0.55 0.6
v -8.1719540 10.7125344 0.8000000 0.46 0.55 0.6
v -8.1935152 10.7990100 0.8000000 0.46 0.55 0.6
v -8.2116349 10.8862716 0.8000000 0.46 0.55 0.6
v -8.2262845 10.9741823 0.8000000 0.46 0.55 0.6
v -8.2374412 11.0626042 0.8000000 0.46 0.55 0.6
v -8.2450874 11.1513986 0.8000000 0.46 0.55 0.6
v -8.2492112 11.2404261 0.8000000 0.46 0.55 0.6
v -8.2498060 11.3295471 0.8000000 0.46 0.55 0.6
v -8.2468709 11.4186217 0.8000000 0.46 0.55 0.6
v -8.2404106 11.5075102 0.8000000 0.46 0.55 0.6
v -8.2304351 11.5960732 0.8000000 0.46 0.55 0.6
v -8.2169601 11.6841716 0.8000000 0.46 0.55 0.6
v -8.2000068 11.7716673 0.8000000 0.46 0.55 0.6
v -8.1796018 11.8584229 0.8000000 0.46 0.55 0.6
v -8.1557770 11.9443024 0.8000000 0.46 0.55 0.6
v -8.1285699 12.0291710 0.8000000 0.46 0.55 0.6
v -8.0980231 12.1128955 0.8000000 0.46 0.55 0.6
v -8.0641846 12.1953446 0.8000000 0.46 0.55 0.6
v -8.0271074 12.2763890 0.8000000 0.46 0.55 0.6
v -7.9868498 12.3559015 0.8000000 0.46 0.55 0.6
v -7.9434749 12.4337572 0.8000000 0.46 0.55 0.6
v -7.8970507 12.5098342 0.8000000 0.46 0.55 0.6
v -7.8476501 12.5840129 0.8000000 0.46 0.55 0.6
v -7.7953506 12.6561771 0.8000000 0.46 0.55 0.6
v -7.7402342 12.7262134 0.8000000 0.46 0.55 0.6
v -7.6823875 12.7940121 0.8000000 0.46 0.55 0.6
v -7.6219012 12.8594668 0.8000000 0.46 0.55 0.6
v -7.5588701 12.9224746 0.8000000 0.46 0.55 0.6
v -7.4933933 12.9829369 0.8000000 0.46 0.55 0.6
v -7.4255733 13.0407587 0.8000000 0.46 0.55 0.6
v -7.3555167 13.0958493 0.8000000 0.46 0.55 0.6
v -7.2833333 13.1481222 0.8000000 0.46 0.55 0.6
v -7.2091364 13.1974955 0.8000000 0.46 0.55 0.6
v -7.1330423 13.2438917 0.8000000 0.46 0.55 0.6
v -7.0551706 13.2872380 0.8000000 0.46 0.55 0.6
v -6.9756434 13.3274664 0.8000000 0.46 0.55 0.6
v -6.8945854 13.3645137 0.8000000 0.46 0.55 0.6
v -6.8121238 13.3983219 0.8000000 0.46 0.55 0.6
v -6.7283880 13.4288379 0.8000000 0.46 0.55 0.6
v -6.6435094 13.4560138 0.8000000 0.46 0.55 0.6
v -6.5576212 13.4798070 0.8000000 0.46 0.55 0.6
v -6.4708581 13.5001801 0.8000000 0.46 0.55 0.6
v -6.3833562 13.5171013 0.8000000 0.46 0.55 0.6
v -6.2952528 13.5305438 0.8000000 0.46 0.55 0.6
v -6.2066862 13.5404867 0.8000000 0.46 0.55 0.6
v -6.1177953 13.5469144 0.8000000 0.46 0.55 0.6
v -6.0287196 13.5498167 0.8000000 0.46 0.55 0.6
v -5.9395988 13.5491891 0.8000000 0.46 0.55 0.6
v -5.8505728 13.5450326 0.8000000 0.46 0.55 0.6
v -5.7617813 13.5373538 0.8000000 0.46 0.55 0.6
v -5.6733635 13.5261645 0.8000000 0.46 0.55 0.6
v -5.5854582 13.5114826 0.8000000 0.46 0.55 0.6
v -5.4982033 13.4933308 0.8000000 0.46 0.55 0.6
v -5.4117357 13.4717378 0.8000000 0.46 0.55 0.6
v -5.3261910 13.4467374 0.8000000 0.46 0.55 0.6
v -5.2417036 13.4183688 0.8000000 0.46 0.55 0.6
v -5.1584059 13.3866766 0.8000000 0.46 0.55 0.6
v -5.0764286 13.3517105 0.8000000 0.46 0.55 0.6
v -4.9959004 13.3135252 0.8000000 0.46 0.55 0.6
v -4.9169475 13.2721809 0.8000000 0.46 0.55 0.6
v -4.8396940 13.2277422 0.8000000 0.46 0.55 0.6
v -4.7642609 13.1802790 0.8000000 0.46 0.55 0.6
v -4.6907667 13.1298656 0.8000000 0.46 0.55 0.6
v -4.6193266 13.0765813 0.8000000 0.46 0.55 0.6
v -4.5500528 13.0205095 0.8000000 0.46 0.55 0.6
v -4.4830539 12.9617384 0.8000000 0.46 0.55 0.6
v -4.4184350 12.9003600 0.8000000 0.46 0.55 0.6
v -4.3562975 12.8364707 0.8000000 0.46 0.55 0.6
v -4.2967390 12.7701707 0.8000000 0.46 0.55 0.6
v -4.2398528 12.7015641 0.8000000 0.46 0.55 0.6
v -4.1857283 12.6307585 0.8000000 0.46 0.55 0.6
v -4.1344503 12.5578649 0.8000000 0.46 0.55 0.6
v -4.0860992 12.4829978 0.8000000 0.46 0.55 0.6
v -4.0407511 12.4062746 0.8000000 0.46 0.55 0.6
v -3.9984769 12.3278157 0.8000000 0.46 0.55 0.6
v -3.9593430 12.2477442 0.8000000 0.46 0.55 0.6
v -3.9234109 12.1661857 0.8000000 0.46 0.55 0.6
v -3.8907369 12.0832682 0.8000000 0.46 0.55 0.6
v -3.8613722 11.9991218 0.8000000 0.46 0.55 0.6
v -3.8353630 11.9138784 0.8000000 0.46 0.55 0.6
v -3.8127501 11.8276719 0.8000000 0.46 0.55 0.6
v -3.7935688 11.7406376 0.8000000 0.46 0.55 0.6
v -3.7778494 11.6529118 0.8000000 0.46 0.55 0.6
v -3.3101212 11.7943036 0.8000000 0.46 0.55 0.6
v -2.8371263 11.9169297 0.8000000 0.46 0.55 0.6
v -2.3596173 12.0205951 0.8000000 0.46 0.55 0.6
v -1.8783539 12.1051347 0.8000000 0.46 0.55 0.6
v -1.3941020 12.1704141 0.8000000 0.46 0.55 0.6
v -0.9076319 12.2163294 0.8000000 0.46 0.55 0.6
v -0.4197178 12.2428076 0.8000000 0.46 0.55 0.6
v 0.0688642 12.2498064 0.8000000 0.46 0.55 0.6
v 0.5573367 12.2373149 0.8000000 0.46 0.55 0.6
v 1.0449223 12.2053528 0.8000000 0.46 0.55 0.6
v 1.5308454 12.1539711 0.8000000 0.46 0.55 0.6
v 2.0143328 12.0832514 0.8000000 0.46 0.55 0.6
v 2.4946152 11.9933062 0.8000000 0.46 0.55 0.6
v 2.9709286 11.8842788 0.8000000 0.46 0.55 0.6
v 3.4425149 11.7563426 0.8000000 0.46 0.55 0.6
v 3.9086239 11.6097011 0.8000000 0.46 0.55 0.6
v 4.3685140 11.4445876 0.8000000 0.46 0.55 0.6
v 4.8214534 11.2612649 0.8000000 0.46 0.55 0.6
v 5.2667215 11.0600246 0.8000000 0.46 0.55 0.6
v 5.7036098 10.8411870 0.8000000 0.46 0.55 0.6
v 6.1314233 10.6051001 0.8000000 0.46 0.55 0.6
v 6.5494812 10.3521397 0.8000000 0.46 0.55 0.6
v 6.9571183 10.0827082 0.8000000 0.46 0.55 0.6
v 7.3536861 9.7972344 0.8000000 0.46 0.55 0.6
v 7.7385536 9.4961723 0.8000000 0.46 0.55 0.6
v 8.1111084 9.1800011 0.8000000 0.46 0.55 0.6
v 8.4707578 8.8492238 0.8000000 0.46 0.55 0.6
v 8.8169296 8.5043667 0.8000000 0.46 0.55 0.6
v 9.1490729 8.1459784 0.8000000 0.46 0.55 0.6
v 9.4666594 7.7746293 0.8000000 0.46 0.55 0.6
v 9.7691836 7.3909100 0.8000000 0.46 0.55 0.6
v 10.0561643 6.9954313 0.8000000 0.46 0.55 0.6
v 10.3271449 6.5888223 0.8000000 0.46 0.55 0.6
v 10.5816941 6.1717299 0.8000000 0.46 0.55 0.6
v 10.8194070 5.7448179 0.8000000 0.46 0.55 0.6
v 11.0399054 5.3087653 0.8000000 0.46 0.55 0.6
v 11.2428384 4.8642661 0.8000000 0.46 0.55 0.6
v 11.4278831 4.4120275 0.8000000 0.46 0.55 0.6
v 11.5947452 3.9527690 0.8000000 0.46 0.55 0.6
v 11.7431592 3.4872213 0.8000000 0.46 0.55 0.6
v 11.8728888 3.0161252 0.8000000 0.46 0.55 0.6
v 11.9837277 2.5402302 0.8000000 0.46 0.55 0.6
v 12.0754996 2.0602934 0.8000000 0.46 0.55 0.6
v 12.1480584 1.5770786 0.8000000 0.46 0.55 0.6
v 12.2012887 1.0913545 0.8000000 0.46 0.55 0.6
v 12.2351057 0.6038940 0.8000000 0.46 0.55 0.6
v 12.2494557 0.1154727 0.8000000 0.46 0.55 0.6
v 12.2443159 -0.3731324 0.8000000 0.46 0.55 0.6
v 12.2196944 -0.8611438 0.8000000 0.46 0.55 0.6
v 12.1756304 -1.3477851 0.8000000 0.46 0.55 0.6
v 12.1121940 -1.8322819 0.8000000 0.46 0.55 0.6
v 12.0294861 -2.3138634 0.8000000 0.46 0.55 0.6
v 11.9276384 -2.7917634 0.8000000 0.46 0.55 0.6
v 11.8068128 -3.2652214 0.8000000 0.46 0.55 0.6
v 11.6672017 -3.7334842 0.8000000 0.46 0.55 0.6
v 11.5090271 -4.1958068 0.8000000 0.46 0.55 0.6
v 11.3325408 -4.6514535 0.8000000 0.46 0.55 0.6
v 11.1380235 -5.0996994 0.8000000 0.46 0.55 0.6
v 10.9257847 -5.5398312 0.8000000 0.46 0.55 0.6
v 10.6961621 -5.9711487 0.8000000 0.46 0.55 0.6
v 10.4495210 -6.3929657 0.8000000 0.46 0.55 0.6
v 10.1862540 -6.8046109 0.8000000 0.46 0.55 0.6
v 9.9067798 -7.2054295 0.8000000 0.46 0.55 0.6
v 9.6115431 -7.5947836 0.8000000 0.46 0.55 0.6
v 9.3010137 -7.9720539 0.8000000 0.46 0.55 0.6
v 8.9756857 -8.3366400 0.8000000 0.46 0.55 0.6
v 8.6360766 -8.6879618 0.8000000 0.46 0.55 0.6
v 8.2827269 -9.0254604 0.8000000 0.46 0.55 0.6
v 7.9161987 -9.3485988 0.8000000 0.46 0.55 0.6
v 7.5370751 -9.6568628 0.8000000 0.46 0.55 0.6
v 7.6009416 -9.7190237 0.8000000 0.46 0.55 0.6
v 7.6622962 -9.7836652 0.8000000 0.46 0.55 0.6
v 7.7210427 -9.8506857 0.8000000 0.46 0.55 0.6
v 7.7770890 -9.9199801 0.8000000 0.46 0.55 0.6
v 7.8303470 -9.9914398 0.8000000 0.46 0.55 0.6
v 7.8807333 -10.0649526 0.8000000 0.46 0.55 0.6
v 7.9281688 -10.1404031 0.8000000 0.46 0.55 0.6
v 7.9725791 -10.2176730 0.8000000 0.46 0.55 0.6
v 8.0138944 -10.2966410 0.8000000 0.46 0.55 0.6
v 8.0520500 -10.3771832 0.8000000 0.46 0.55 0.6
v 8.0869860 -10.4591734 0.8000000 0.46 0.55 0.6
v 8.1186476 -10.5424827 0.8000000 0.46 0.55 0.6
v 8.1469851 -10.6269806 0.8000000 0.46 0.55 0.6
v 8.1719540 -10.7125344 0.8000000 0.46 0.55 0.6
v 8.1935152 -10.7990100 0.8000000 0.46 0.55 0.6
v 8.2116349 -10.8862716 0.8000000 0.46 0.55 0.6
v 8.2262845 -10.9741823 0.8000000 0.46 0.55 0.6
v 8.2374412 -11.0626042 0.8000000 0.46 0.55 0.6
v 8.2450874 -11.1513986 0.8000000 0.46 0.55 0.6
v 8.2492112 -11.2404261 0.8000000 0.46 0.55 0.6
v 8.2498060 -11.3295471 0.8000000 0.46 0.55 0.6
v 8.2468709 -11.4186217 0.8000000 0.46 0.55 0.6
v 8.2404106 -11.5075102 0.8000000 0.46 0.55 0.6
v 8.2304351 -11.5960732 0.8000000 0.46 0.55 0.6
v 8.2169601 -11.6841716 0.8000000 0.46 0.55 0.6
v 8.2000068 -11.7716673 0.8000000 0.46 0.55 0.6
v 8.1796018 -11.8584229 0.8000000 0.46 0.55 0.6
v 8.1557770 -11.9443024 0.8000000 0.46 0.55 0.6
v 8.1285699 -12.0291710 0.8000000 0.46 0.55 0.6
v 8.0980231 -12.1128955 0.8000000 0.46 0.55 0.6
v 8.0641846 -12.1953446 0.8000000 0.46 0.55 0.6
v 8.0271074 -12.2763890 0.8000000 0.46 0.55 0.6
v 7.9868498 -12.3559015 0.8000000 0.46 0.55 0.6
v 7.9434749 -12.4337572 0.8000000 0.46 0.55 0.6
v 7.8970507 -12.5098342 0.8000000 0.46 0.55 0.6
v 7.8476501 -12.5840129 0.8000000 0.46 0.55 0.6
v 7.7953506 -12.6561771 0.8000000 0.46 0.55 0.6
v 7.7402342 -12.7262134 0.8000000 0.46 0.55 0.6
v 7.6823875 -12.7940121 0.8000000 0.46 0.55 0.6
v 7.6219012 -12.8594668 0.8000000 0.46 0.55 0.6
v 7.5588701 -12.9224746 0.8000000 0.46 0.55 0.6
v 7.4933933 -12.9829369 0.8000000 0.46 0.55 0.6
v 7.4255733 -13.0407587 0.8000000 0.46 0.55 0.6
v 7.3555167 -13.0958493 0.8000000 0.46 0.55 0.6
v 7.2833333 -13.1481222 0.8000000 0.46 0.55 0.6
v 7.2091364 -13.1974955 0.8000000 0.46 0.55 0.6
v 7.1330423 -13.2438917 0.8000000 0.46 0.55 0.6
v 7.0551706 -13.2872380 0.8000000 0.46 0.55 0.6
v 6.9756434 -13.3274664 0.8000000 0.46 0.55 0.6
v 6.8945854 -13.3645137 0.8000000 0.46 0.55 0.6
v 6.8121238 -13.3983219 0.8000000 0.46 0.55 0.6
v 6.7283880 -13.4288379 0.8000000 0.46 0.55 0.6
v 6.6435094 -13.4560138 0.8000000 0.46 0.55 0.6
v 6.5576212 -13.4798070 0.8000000 0.46 0.55 0.6
v 6.4708581 -13.5001801 0.8000000 0.46 0.55 0.6
v 6.3833562 -13.5171013 0.8000000 0.46 0.55 0.6
v 6.2952528 -13.5305438 0.8000000 0.46 0.55 0.6
v 6.2066862 -13.5404867 0.8000000 0.46 0.55 0.6
v 6.1177953 -13.5469144 0.8000000 0.46 0.55 0.6
v 6.0287196 -13.5498167 0.8000000 0.46 0.55 0.6
v 5.9395988 -13.5491891 0.8000000 0.46 0.55 0.6
v 5.8505728 -13.5450326 0.8000000 0.46 0.55 0.6
v 5.7617813 -13.5373538 0.8000000 0.46 0.55 0.6
v 5.6733635 -13.5261645 0.8000000 0.46 0.55 0.6
v 5.5854582 -13.5114826 0.8000000 0.46 0.55 0.6
v 5.4982033 -13.4933308 0.8000000 0.46 0.55 0.6
v 5.4117357 -13.4717378 0.8000000 0.46 0.55 0.6
v 5.3261910 -13.4467374 0.8000000 0.46 0.55 0.6
v 5.2417036 -13.4183688 0.8000000 0.46 0.55 0.6
v 5.1584059 -13.3866766 0.8000000 0.46 0.55 0.6
v 5.0764286 -13.3517105 0.8000000 0.46 0.55 0.6
v 4.9959004 -13.3135252 0.8000000 0.46 0.55 0.6
v 4.9169475 -13.2721809 0.8000000 0.46 0.55 0.6
v 4.8396940 -13.2277422 0.8000000 0.46 0.55 0.6
v 4.7642609 -13.1802790 0.8000000 0.46 0.55 0.6
v 4.6907667 -13.1298656 0.8000000 0.46 0.55 0.6
v 4.6193266 -13.0765813 0.8000000 0.46 0.55 0.6
v 4.5500528 -13.0205095 0.8000000 0.46 0.55 0.6
v 4.4830539 -12.9617384 0.8000000 0.46 0.55 0.6
v 4.4184350 -12.9003600 0.8000000 0.46 0.55 0.6
v 4.3562975 -12.8364707 0.8000000 0.46 0.55 0.6
v 4.2967390 -12.7701707 0.8000000 0.46 0.55 0.6
v 4.2398528 -12.7015641 0.8000000 0.46 0.55 0.6
v 4.1857283 -12.6307585 0.8000000 0.46 0.55 0.6
v 4.1344503 -12.5578649 0.8000000 0.46 0.55 0.6
v 4.0860992 -12.4829978 0.8000000 0.46 0.55 0.6
v 4.0407511 -12.4062746 0.8000000 0.46 0.55 0.6
v 3.9984769 -12.3278157 0.8000000 0.46 0.55 0.6
v 3.9593430 -12.2477442 0.8000000 0.46 0.55 0.6
v 3.9234109 -12.1661857 0.8000000 0.46 0.55 0.6
v 3.8907369 -12.0832682 0.8000000 0.46 0.55 0.6
v 3.8613722 -11.9991218 0.8000000 0.46 0.55 0.6
v 3.8353630 -11.9138784 0.8000000 0.46 0.55 0.6
v 3.8127501 -11.8276719 0.8000000 0.46 0.55 0.6
v 3.7935688 -11.7406376 0.8000000 0.46 0.55 0.6
v 3.7778494 -11.6529118 0.8000000 0.46 0.55 0.6
v 3.3101212 -11.7943036 0.8000000 0.46 0.55 0.6
v 2.8371263 -11.9169297 0.8000000 0.46 0.55 0.6
v 2.3596173 -12.0205951 0.8000000 0.46 0.55 0.6
v 1.8783539 -12.1051347 0.8000000 0.46 0.55 0.6
v 1.3941020 -12.1704141 0.8000000 0.46 0.55 0.6
v 0.9076319 -12.2163294 0.8000000 0.46 0.55 0.6
v 0.4197178 -12.2428076 0.8000000 0.46 0.55 0.6
v -0.0688642 -12.2498064 0.8000000 0.46 0.55 0.6
v -0.5573367 -12.2373149 0.8000000 0.46 0.55 0.6
v -1.0449223 -12.2053528 0.8000000 0.46 0.55 0.6
v -1.5308454 -12.1539711 0.8000000 0.46 0.55 0.6
v -2.0143328 -12.0832514 0.8000000 0.46 0.55 0.6
v -2.4946152 -11.9933062 0.8000000 0.46 0.55 0.6
v -2.9709286 -11.8842788 0.8000000 0.46 0.55 0.6
v -3.4425149 -11.7563426 0.8000000 0.46 0.55 0.6
v -3.9086239 -11.6097011 0.8000000 0.46 0.55 0.6
v -4.3685140 -11.4445876 0.8000000 0.46 0.55 0.6
v -4.8214534 -11.2612649 0.8000000 0.46 0.55 0.6
v -5.2667215 -11.0600246 0.8000000 0.46 0.55 0.6
v -5.7036098 -10.8411870 0.8000000 0.46 0.55 0.6
v -6.1314233 -10.6051001 0.8000000 0.46 0.55 0.6
v -6.5494812 -10.3521397 0.8000000 0.46 0.55 0.6
v -6.9571183 -10.0827082 0.8000000 0.46 0.55 0.6
v -7.3536861 -9.7972344 0.8000000 0.46 0.55 0.6
v -7.7385536 -9.4961723 0.8000000 0.46 0.55 0.6
v -8.1111084 -9.1800011 0.8000000 0.46 0.55 0.6
v -8.4707578 -8.8492238 0.8000000 0.46 0.55 0.6
v -8.8169296 -8.5043667 0.8000000 0.46 0.55 0.6
v -9.1490729 -8.1459784 0.8000000 0.46 0.55 0.6
v -9.4666594 -7.7746293 0.8000000 0.46 0.55 0.6
v -9.7691836 -7.3909100 0.8000000 0.46 0.55 0.6
v -10.0561643 -6.9954313 0.8000000 0.46 0.55 0.6
v -10.3271449 -6.5888223 0.8000000 0.46 0.55 0.6
v -10.5816941 -6.1717299 0.8000000 0.46 0.55 0.6
v -10.8194070 -5.7448179 0.8000000 0.46 0.55 0.6
v -11.0399054 -5.3087653 0.8000000 0.46 0.55 0.6
v -11.2428384 -4.8642661 0.8000000 0.46 0.55 0.6
v -11.4278831 -4.4120275 0.8000000 0.46 0.55 0.6
v -11.5947452 -3.9527690 0.8000000 0.46 0.55 0.6
v -11.7431592 -3.4872213 0.8000000 0.46 0.55 0.6
v -11.8728888 -3.0161252 0.8000000 0.46 0.55 0.6
v -11.9837277 -2.5402302 0.8000000 0.46 0.55 0.6
v -12.0754996 -2.0602934 0.8000000 0.46 0.55 0.6
v -12.1480584 -1.5770786 0.8000000 0.46 0.55 0.6
v -12.2012887 -1.0913545 0.8000000 0.46 0.55 0.6
v -12.2351057 -0.6038940 0.8000000 0.46 0.55 0.6
v -12.2494557 -0.1154727 0.8000000 0.46 0.55 0.6
v -12.2443159 0.3731324 0.8000000 0.46 0.55 0.6
v -12.2196944 0.8611438 0.8000000 0.46 0.55 0.6
v -12.1756304 1.3477851 0.8000000 0.46 0.55 0.6
v -12.1121940 1.8322819 0.8000000 0.46 0.55 0.6
v -12.0294861 2.3138634 0.8000000 0.46 0.55 0.6
v -11.9276384 2.7917634 0.8000000 0.46 0.55 0.6
v -11.8068128 3.2652214 0.8000000 0.46 0.55 0.6
v -11.6672017 3.7334842 0.8000000 0.46 0.55 0.6
v -11.5090271 4.1958068 0.8000000 0.46 0.55 0.6
v -11.3325408 4.6514535 0.8000000 0.46 0.55 0.6
v -11.1380235 5.0996994 0.8000000 0.46 0.55 0.6
v -10.9257847 5.5398312 0.8000000 0.46 0.55 0.6
v -10.6961621 5.9711487 0.8000000 0.46 0.55 0.6
v -10.4495210 6.3929657 0.8000000 0.46 0.55 0.6
v -10.1862540 6.8046109 0.8000000 0.46 0.55 0.6
v -9.9067798 7.2054295 0.8000000 0.46 0.55 0.6
v -9.6115431 7.5947836 0.8000000 0.46 0.55 0.6
v -9.3010137 7.9720539 0.8000000 0.46 0.55 0.6
v -8.9756857 8.3366400 0.8000000 0.46 0.55 0.6
v -8.6360766 8.6879618 0.8000000 0.46 0.55 0.6
v -8.2827269 9.0254604 0.8000000 0.46 0.55 0.6
v -7.9161987 9.3485988 0.8000000 0.46 0.55 0.6
v 3.7778494 -11.6529118 0.2000000 0.46 0.55 0.6
v 3.3101212 -11.7943036 0.2000000 0.46 0.55 0.6
v 2.8371263 -11.9169297 0.2000000 0.46 0.55 0.6
v 2.3596173 -12.0205951 0.2000000 0.46 0.55 0.6
v 1.8783539 -12.1051347 0.2000000 0.46 0.55 0.6
v 1.3941020 -12.1704141 0.2000000 0.46 0.55 0.6
v 0.9076319 -12.2163294 0.2000000 0.46 0.55 0.6
v 0.4197178 -12.2428076 0.2000000 0.46 0.55 0.6
v -0.0688642 -12.2498064 0.2000000 0.46 0.55 0.6
v -0.5573367 -12.2373149 0.2000000 0.46 0.55 0.6
v -1.0449223 -12.2053528 0.2000000 0.46 0.55 0.6
v -1.5308454 -12.1539711 0.2000000 0.46 0.55 0.6
v -2.0143328 -12.0832514 0.2000000 0.46 0.55 0.6
v -2.4946152 -11.9933062 0.2000000 0.46 0.55 0.6
v -2.9709286 -11.8842788 0.2000000 0.46 0.55 0.6
v -3.4425149 -11.7563426 0.2000000 0.46 0.55 0.6
v -3.9086239 -11.6097011 0.2000000 0.46 0.55 0.6
v -4.3685140 -11.4445876 0.2000000 0.46 0.55 0.6
v -4.8214534 -11.2612649 0.2000000 0.46 0.55 0.6
v -5.2667215 -11.0600246 0.2000000 0.46 0.55 0.6
v -5.7036098 -10.8411870 0.2000000 0.46 0.55 0.6
v -6.1314233 -10.6051001 0.2000000 0.46 0.55 0.6
v -6.5494812 -10.3521397 0.2000000 0.46 0.55 0.6
v -6.9571183 -10.0827082 0.2000000 0.46 0.55 0.6
v -7.3536861 -9.7972344 0.2000000 0.46 0.55 0.6
v -7.7385536 -9.4961723 0.2000000 0.46 0.55 0.6
v -8.1111084 -9.1800011 0.2000000 0.46 0.55 0.6
v -8.4707578 -8.8492238 0.2000000 0.46 0.55 0.6
v -8.8169296 -8.5043667 0.2000000 0.46 0.55 0.6
v -9.1490729 -8.1459784 0.2000000 0.46 0.55 0.6
v -9.4666594 -7.7746293 0.2000000 0.46 0.55 0.6
v -9.7691836 -7.3909100 0.2000000 0.46 0.55 0.6
v -10.0561643 -6.9954313 0.2000000 0.46 0.55 0.6
v -10.3271449 -6.5888223 0.2000000 0.46 0.55 0.6
v -10.5816941 -6.1717299 0.2000000 0.46 0.55 0.6
v -10.8194070 -5.7448179 0.2000000 0.46 0.55 0.6
v -11.0399054 -5.3087653 0.2000000 0.46 0.55 0.6
v -11.2428384 -4.8642661 0.2000000 0.46 0.55 0.6
v -11.4278831 -4.4120275 0.2000000 0.46 0.55 0.6
v -11.5947452 -3.9527690 0.2000000 0.46 0.55 0.6
v -11.7431592 -3.4872213 0.2000000 0.46 0.55 0.6
v -11.8728888 -3.0161252 0.2000000 0.46 0.55 0.6
v -11.9837277 -2.5402302 0.2000000 0.46 0.55 0.6
v -12.0754996 -2.0602934 0.2000000 0.46 0.55 0.6
v -12.1480584 -1.5770786 0.2000000 0.46 0.55 0.6
v -12.2012887 -1.0913545 0.2000000 0.46 0.55 0.6
v -12.2351057 -0.6038940 0.2000000 0.46 0.55 0.6
v -12.2494557 -0.1154727 0.2000000 0.46 0.55 0.6
v -12.2443159 0.3731324 0.2000000 0.46 0.55 0.6
v -12.2196944 0.8611438 0.2000000 0.46 0.55 0.6
v -12.1756304 1.3477851 0.2000000 0.46 0.55 0.6
v -12.1121940 1.8322819 0.2000000 0.46 0.55 0.6
v -12.0294861 2.3138634 0.2000000 0.46 0.55 0.6
v -11.9276384 2.7917634 0.2000000 0.46 0.55 0.6
v -11.8068128 3.2652214 0.2000000 0.46 0.55 0.6
v -11.6672017 3.7334842 0.2000000 0.46 0.55 0.6
v -11.5090271 4.1958068 0.2000000 0.46 0.55 0.6
v -11.3325408 4.6514535 0.2000000 0.46 0.55 0.6
v -11.1380235 5.0996994 0.2000000 0.46 0.55 0.6
v -10.9257847 5.5398312 0.2000000 0.46 0.55 0.6
v -10.6961621 5.9711487 0.2000000 0.46 0.55 0.6
v -10.4495210 6.3929657 0.2000000 0.46 0.55 0.6
v -10.1862540 6.8046109 0.2000000 0.46 0.55 0.6
v -9.9067798 7.2054295 0.2000000 0.46 0.55 0.6
v -9.6115431 7.5947836 0.2000000 0.46 0.55 0.6
v -9.3010137 7.9720539 0.2000000 0.46 0.55 0.6
v -8.9756857 8.3366400 0.2000000 0.46 0.55 0.6
v -8.6360766 8.6879618 0.2000000 0.46 0.55 0.6
v -8.2827269 9.0254604 0.2000000 0.46 0.55 0.6
v -7.9161987 9.3485988 0.2000000 0.46 0.55 0.6
v -7.5370751 9.6568628 0.2000000 0.46 0.55 0.6
v -7.5370751 9.6568628 0.8000000 0.46 0.55 0.6
v 3.7778494 -11.6529118 0.8000000 0.46 0.55 0.6
v 3.3101212 -11.7943036 0.8000000 0.46 0.55 0.6
v 2.8371263 -11.9169297 0.8000000 0.46 0.55 0.6
v 2.3596173 -12.0205951 0.8000000 0.46 0.55 0.6
v 1.8783539 -12.1051347 0.8000000 0.46 0.55 0.6
v 1.3941020 -12.1704141 0.8000000 0.46 0.55 0.6
v 0.9076319 -12.2163294 0.8000000 0.46 0.55 0.6
v 0.4197178 -12.2428076 0.8000000 0.46 0.55 0.6
v -0.0688642 -12.2498064 0.8000000 0.46 0.55 0.6
v -0.5573367 -12.2373149 0.8000000 0.46 0.55 0.6
v -1.0449223 -12.2053528 0.8000000 0.46 0.55 0.6
v -1.5308454 -12.1539711 0.8000000 0.46 0.55 0.6
v -2.0143328 -12.0832514 0.8000000 0.46 0.55 0.6
v -2.4946152 -11.9933062 0.8000000 0.46 0.55 0.6
v -2.9709286 -11.8842788 0.8000000 0.46 0.55 0.6
v -3.4425149 -11.7563426 0.8000000 0.46 0.55 0.6
v -3.9086239 -11.6097011 0.8000000 0.46 0.55 0.6
v -4.3685140 -11.4445876 0.8000000 0.46 0.55 0.6
v -4.8214534 -11.2612649 0.8000000 0.46 0.55 0.6
v -5.2667215 -11.0600246 0.8000000 0.46 0.55 0.6
v -5.7036098 -10.8411870 0.8000000 0.46 0.55 0.6
v -6.1314233 -10.6051001 0.8000000 0.46 0.55 0.6
v -6.5494812 -10.3521397 0.8000000 0.46 0.55 0.6
v -6.9571183 -10.0827082 0.8000000 0.46 0.55 0.6
v -7.3536861 -9.7972344 0.8000000 0.46 0.55 0.6
v -7.7385536 -9.4961723 0.8000000 0.46 0.55 0.6
v -8.1111084 -9.1800011 0.8000000 0.46 0.55 0.6
v -8.4707578 -8.8492238 0.8000000 0.46 0.55 0.6
v -8.8169296 -8.5043667 0.8000000 0.46 0.55 0.6
v -9.1490729 -8.1459784 0.8000000 0.46 0.55 0.6
v -9.4666594 -7.7746293 0.8000000 0.46 0.55 0.6
v -9.7691836 -7.3909100 0.8000000 0.46 0.55 0.6
v -10.0561643 -6.9954313 0.8000000 0.46 0.55 0.6
v -10.3271449 -6.5888223 0.8000000 0.46 0.55 0.6
v -10.5816941 -6.1717299 0.8000000 0.46 0.55 0.6
v -10.8194070 -5.7448179 0.8000000 0.46 0.55 0.6
v -11.0399054 -5.3087653 0.8000000 0.46 0.55 0.6
v -11.2428384 -4.8642661 0.8000000 0.46 0.55 0.6
v -11.4278831 -4.4120275 0.8000000 0.46 0.55 0.6
v -11.5947452 -3.9527690 0.8000000 0.46 0.55 0.6
v -11.7431592 -3.4872213 0.8000000 0.46 0.55 0.6
v -11.8728888 -3.0161252 0.8000000 0.46 0.55 0.6
v -11.9837277 -2.5402302 0.8000000 0.46 0.55 0.6
v -12.0754996 -2.0602934 0.8000000 0.46 0.55 0.6
v -12.1480584 -1.5770786 0.8000000 0.46 0.55 0.6
v -12.2012887 -1.0913545 0.8000000 0.46 0.55 0.6
v -12.2351057 -0.6038940 0.8000000 0.46 0.55 0.6
v -12.2494557 -0.1154727 0.8000000 0.46 0.55 0.6
v -12.2443159 0.3731324 0.8000000 0.46 0.55 0.6
v -12.2196944 0.8611438 0.8000000 0.46 0.55 0.6
v -12.1756304 1.3477851 0.8000000 0.46 0.55 0.6
v -12.1121940 1.8322819 0.8000000 0.46 0.55 0.6
v -12.0294861 2.3138634 0.8000000 0.46 0.55 0.6
v -11.9276384 2.7917634 0.8000000 0.46 0.55 0.6
v -11.8068128 3.2652214 0.8000000 0.46 0.55 0.6
v -11.6672017 3.7334842 0.8000000 0.46 0.55 0.6
v -11.5090271 4.1958068 0.8000000 0.46 0.55 0.6
v -11.3325408 4.6514535 0.8000000 0.46 0.55 0.6
v -11.1380235 5.0996994 0.8000000 0.46 0.55 0.6
v -10.9257847 5.5398312 0.8000000 0.46 0.55 0.6
v -10.6961621 5.9711487 0.8000000 0.46 0.55 0.6
v -10.4495210 6.3929657 0.8000000 0.46 0.55 0.6
v -10.1862540 6.8046109 0.8000000 0.46 0.55 0.6
v -9.9067798 7.2054295 0.8000000 0.46 0.55 0.6
v -9.6115431 7.5947836 0.8000000 0.46 0.55 0.6
v -9.3010137 7.9720539 0.8000000 0.46 0.55 0.6
v -8.9756857 8.3366400 0.8000000 0.46 0.55 0.6
v -8.6360766 8.6879618 0.8000000 0.46 0.55 0.6
v -8.2827269 9.0254604 0.8000000 0.46 0.55 0.6
v -7.9161987 9.3485988 0.8000000 0.46 0.55 0.6
v 7.5370751 -9.6568628 0.8000000 0.46 0.55 0.6
v 7.6009416 -9.7190237 0.8000000 0.46 0.55 0.6
v 7.6622962 -9.7836652 0.8000000 0.46 0.55 0.6
v 7.7210427 -9.8506857 0.8000000 0.46 0.55 0.6
v 7.7770890 -9.9199801 0.8000000 0.46 0.55 0.6
v 7.8303470 -9.9914398 0.8000000 0.46 0.55 0.6
v 7.8807333 -10.0649526 0.8000000 0.46 0.55 0.6
v 7.9281688 -10.1404031 0.8000000 0.46 0.55 0.6
v 7.9725791 -10.2176730 0.8000000 0.46 0.55 0.6
v 8.0138944 -10.2966410 0.8000000 0.46 0.55 0.6
v 8.0520500 -10.3771832 0.8000000 0.46 0.55 0.6
v 8.0869860 -10.4591734 0.8000000 0.46 0.55 0.6
v 8.1186476 -10.5424827 0.8000000 0.46 0.55 0.6
v 8.1469851 -10.6269806 0.8000000 0.46 0.55 0.6
v 8.1719540 -10.7125344 0.8000000 0.46 0.55 0.6
v 8.1935152 -10.7990100 0.8000000 0.46 0.55 0.6
v 8.2116349 -10.8862716 0.8000000 0.46 0.55 0.6
v 8.2262845 -10.9741823 0.8000000 0.46 0.55 0.6
v 8.2374412 -11.0626042 0.8000000 0.46 0.55 0.6
v 8.2450874 -11.1513986 0.8000000 0.46 0.55 0.6
v 8.2492112 -11.2404261 0.8000000 0.46 0.55 0.6
v 8.2498060 -11.3295471 0.8000000 0.46 0.55 0.6
v 8.2468709 -11.4186217 0.8000000 0.46 0.55 0.6
v 8.2404106 -11.5075102 0.8000000 0.46 0.55 0.6
v 8.2304351 -11.5960732 0.8000000 0.46 0.55 0.6
v 8.2169601 -11.6841716 0.8000000 0.46 0.55 0.6
v 8.2000068 -11.7716673 0.8000000 0.46 0.55 0.6
v 8.1796018 -11.8584229 0.8000000 0.46 0.55 0.6
v 8.1557770 -11.9443024 0.8000000 0.46 0.55 0.6
v 8.1285699 -12.0291710 0.8000000 0.46 0.55 0.6
v 8.0980231 -12.1128955 0.8000000 0.46 0.55 0.6
v 8.0641846 -12.1953446 0.8000000 0.46 0.55 0.6
v 8.0271074 -12.2763890 0.8000000 0.46 0.55 0.6
v 7.9868498 -12.3559015 0.8000000 0.46 0.55 0.6
v 7.9434749 -12.4337572 0.8000000 0.46 0.55 0.6
v 7.8970507 -12.5098342 0.8000000 0.46 0.55 0.6
v 7.8476501 -12.5840129 0.8000000 0.46 0.55 0.6
v 7.7953506 -12.6561771 0.8000000 0.46 0.55 0.6
v 7.7402342 -12.7262134 0.8000000 0.46 0.55 0.6
v 7.6823875 -12.7940121 0.8000000 0.46 0.55 0.6
v 7.6219012 -12.8594668 0.8000000 0.46 0.55 0.6
v 7.5588701 -12.9224746 0.8000000 0.46 0.55 0.6
v 7.4933933 -12.9829369 0.8000000 0.46 0.55 0.6
v 7.4255733 -13.0407587 0.8000000 0.46 0.55 0.6
v 7.3555167 -13.0958493 0.8000000 0.46 0.55 0.6
v 7.2833333 -13.1481222 0.8000000 0.46 0.55 0.6
v 7.2091364 -13.1974955 0.8000000 0.46 0.55 0.6
v 7.1330423 -13.2438917 0.8000000 0.46 0.55 0.6
v 7.0551706 -13.2872380 0.8000000 0.46 0.55 0.6
v 6.9756434 -13.3274664 0.8000000 0.46 0.55 0.6
v 6.8945854 -13.3645137 0.8000000 0.46 0.55 0.6
v 6.8121238 -13.3983219 0.8000000 0.46 0.55 0.6
v 6.7283880 -13.4288379 0.8000000 0.46 0.55 0.6
v 6.6435094 -13.4560138 0.8000000 0.46 0.55 0.6
v 6.5576212 -13.4798070 0.8000000 0.46 0.55 0.6
v 6.4708581 -13.5001801 0.8000000 0.46 0.55 0.6
v 6.3833562 -13.5171013 0.8000000 0.46 0.55 0.6
v 6.2952528 -13.5305438 0.8000000 0.46 0.55 0.6
v 6.2066862 -13.5404867 0.8000000 0.46 0.55 0.6
v 6.1177953 -13.5469144 0.8000000 0.46 0.55 0.6
v 6.0287196 -13.5498167 0.8000000 0.46 0.55 0.6
v 5.9395988 -13.5491891 0.8000000 0.46 0.55 0.6
v 5.8505728 -13.5450326 0.8000000 0.46 0.55 0.6
v 5.7617813 -13.5373538 0.8000000 0.46 0.55 0.6
v 5.6733635 -13.5261645 0.8000000 0.46 0.55 0.6
v 5.5854582 -13.5114826 0.8000000 0.46 0.55 0.6
v 5.4982033 -13.4933308 0.8000000 0.46 0.55 0.6
v 5.4117357 -13.4717378 0.8000000 0.46 0.55 0.6
v 5.3261910 -13.4467374 0.8000000 0.46 0.55 0.6
v 5.2417036 -13.4183688 0.8000000 0.46 0.55 0.6
v 5.1584059 -13.3866766 0.8000000 0.46 0.55 0.6
v 5.0764286 -13.3517105 0.8000000 0.46 0.55 0.6
v 4.9959004 -13.3135252 0.8000000 0.46 0.55 0.6
v 4.9169475 -13.2721809 0.8000000 0.46 0.55 0.6
v 4.8396940 -13.2277422 0.8000000 0.46 0.55 0.6
v 4.7642609 -13.1802790 0.8000000 0.46 0.55 0.6
v 4.6907667 -13.1298656 0.8000000 0.46 0.55 0.6
v 4.6193266 -13.0765813 0.8000000 0.46 0.55 0.6
v 4.5500528 -13.0205095 0.8000000 0.46 0.55 0.6
v 4.4830539 -12.9617384 0.8000000 0.46 0.55 0.6
v 4.4184350 -12.9003600 0.8000000 0.46 0.55 0.6
v 4.3562975 -12.8364707 0.8000000 0.46 0.55 0.6
v 4.2967390 -12.7701707 0.8000000 0.46 0.55 0.6
v 4.2398528 -12.7015641 0.8000000 0.46 0.55 0.6
v 4.1857283 -12.6307585 0.8000000 0.46 0.55 0.6
v 4.1344503 -12.5578649 0.8000000 0.46 0.55 0.6
v 4.0860992 -12.4829978 0.8000000 0.46 0.55 0.6
v 4.0407511 -12.4062746 0.8000000 0.46 0.55 0.6
v 3.9984769 -12.3278157 0.8000000 0.46 0.55 0.6
v 3.9593430 -12.2477442 0.8000000 0.46 0.55 0.6
v 3.9234109 -12.1661857 0.8000000 0.46 0.55 0.6
v 3.8907369 -12.0832682 0.8000000 0.46 0.55 0.6
v 3.8613722 -11.9991218 0.8000000 0.46 0.55 0.6
v 3.8353630 -11.9138784 0.8000000 0.46 0.55 0.6
v 3.8127501 -11.8276719 0.8000000 0.46 0.55 0.6
v 3.7935688 -11.7406376 0.8000000 0.46 0.55 0.6
v 3.7778494 -11.6529118 0.8000000 0.46 0.55 0.6
v 7.5370751 -9.6568628 0.2000000 0.46 0.55 0.6
v 3.7778494 -11.6529118 0.2000000 0.46 0.55 0.6
v 3.7935688 -11.7406376 0.2000000 0.46 0.55 0.6
v 3.8127501 -11.8276719 0.2000000 0.46 0.55 0.6
v 3.8353630 -11.9138784 0.2000000 0.46 0.55 0.6
v 3.8613722 -11.9991218 0.2000000 0.46 0.55 0.6
v 3.8907369 -12.0832682 0.2000000 0.46 0.55 0.6
v 3.9234109 -12.1661857 0.2000000 0.46 0.55 0.6
v 3.9593430 -12.2477442 0.2000000 0.46 0.55 0.6
v 3.9984769 -12.3278157 0.2000000 0.46 0.55 0.6
v 4.0407511 -12.4062746 0.2000000 0.46 0.55 0.6
v 4.0860992 -12.4829978 0.2000000 0.46 0.55 0.6
v 4.1344503 -12.5578649 0.2000000 0.46 0.55 0.6
v 4.1857283 -12.6307585 0.2000000 0.46 0.55 0.6
v 4.2398528 -12.7015641 0.2000000 0.46 0.55 0.6
v 4.2967390 -12.7701707 0.2000000 0.46 0.55 0.6
v 4.3562975 -12.8364707 0.2000000 0.46 0.55 0.6
v 4.4184350 -12.9003600 0.2000000 0.46 0.55 0.6
v 4.4830539 -12.9617384 0.2000000 0.46 0.55 0.6
v 4.5500528 -13.0205095 0.2000000 0.46 0.55 0.6
v 4.6193266 -13.0765813 0.2000000 0.46 0.55 0.6
v 4.6907667 -13.1298656 0.2000000 0.46 0.55 0.6
v 4.7642609 -13.1802790 0.2000000 0.46 0.55 0.6
v 4.8396940 -13.2277422 0.2000000 0.46 0.55 0.6
v 4.9169475 -13.2721809 0.2000000 0.46 0.55 0.6
v 4.9959004 -13.3135252 0.2000000 0.46 0.55 0.6
v 5.0764286 -13.3517105 0.2000000 0.46 0.55 0.6
v 5.1584059 -13.3866766 0.2000000 0.46 0.55 0.6
v 5.2417036 -13.4183688 0.2000000 0.46 0.55 0.6
v 5.3261910 -13.4467374 0.2000000 0.46 0.55 0.6
v 5.4117357 -13.4717378 0.2000000 0.46 0.55 0.6
v 5.4982033 -13.4933308 0.2000000 0.46 0.55 0.6
v 5.5854582 -13.5114826 0.2000000 0.46 0.55 0.6
v 5.6733635 -13.5261645 0.2000000 0.46 0.55 0.6
v 5.7617813 -13.5373538 0.2000000 0.46 0.55 0.6
v 5.8505728 -13.5450326 0.2000000 0.46 0.55 0.6
v 5.9395988 -13.5491891 0.2000000 0.46 0.55 0.6
v 6.0287196 -13.5498167 0.2000000 0.46 0.55 0.6
v 6.1177953 -13.5469144 0.2000000 0.46 0.55 0.6
v 6.2066862 -13.5404867 0.2000000 0.46 0.55 0.6
v 6.2952528 -13.5305438 0.2000000 0.46 0.55 0.6
v 6.3833562 -13.5171013 0.2000000 0.46 0.55 0.6
v 6.4708581 -13.5001801 0.2000000 0.46 0.55 0.6
v 6.5576212 -13.4798070 0.2000000 0.46 0.55 0.6
v 6.6435094 -13.4560138 0.2000000 0.46 0.55 0.6
v 6.7283880 -13.4288379 0.2000000 0.46 0.55 0.6
v 6.8121238 -13.3983219 0.2000000 0.46 0.55 0.6
v 6.8945854 -13.3645137 0.2000000 0.46 0.55 0.6
v 6.9756434 -13.3274664 0.2000000 0.46 0.55 0.6
v 7.0551706 -13.2872380 0.2000000 0.46 0.55 0.6
v 7.1330423 -13.2438917 0.2000000 0.46 0.55 0.6
v 7.2091364 -13.1974955 0.2000000 0.46 0.55 0.6
v 7.2833333 -13.1481222 0.2000000 0.46 0.55 0.6
v 7.3555167 -13.0958493 0.2000000 0.46 0.55 0.6
v 7.4255733 -13.0407587 0.2000000 0.46 0.55 0.6
v 7.4933933 -12.9829369 0.2000000 0.46 0.55 0.6
v 7.5588701 -12.9224746 0.2000000 0.46 0.55 0.6
v 7.6219012 -12.8594668 0.2000000 0.46 0.55 0.6
v 7.6823875 -12.7940121 0.2000000 0.46 0.55 0.6
v 7.7402342 -12.7262134 0.2000000 0.46 0.55 0.6
v 7.7953506 -12.6561771 0.2000000 0.46 0.55 0.6
v 7.8476501 -12.5840129 0.2000000 0.46 0.55 0.6
v 7.8970507 -12.5098342 0.2000000 0.46 0.55 0.6
v 7.9434749 -12.4337572 0.2000000 0.46 0.55 0.6
v 7.9868498 -12.3559015 0.2000000 0.46 0.55 0.6
v 8.0271074 -12.2763890 0.2000000 0.46 0.55 0.6
v 8.0641846 -12.1953446 0.2000000 0.46 0.55 0.6
v 8.0980231 -12.1128955 0.2000000 0.46 0.55 0.6
v 8.1285699 -12.0291710 0.2000000 0.46 0.55 0.6
v 8.1557770 -11.9443024 0.2000000 0.46 0.55 0.6
v 8.1796018 -11.8584229 0.2000000 0.46 0.55 0.6
v 8.2000068 -11.7716673 0.2000000 0.46 0.55 0.6
v 8.2169601 -11.6841716 0.2000000 0.46 0.55 0.6
v 8.2304351 -11.5960732 0.2000000 0.46 0.55 0.6
v 8.2404106 -11.5075102 0.2000000 0.46 0.55 0.6
v 8.2468709 -11.4186217 0.2000000 0.46 0.55 0.6
v 8.2498060 -11.3295471 0.2000000 0.46 0.55 0.6
v 8.2492112 -11.2404261 0.2000000 0.46 0.55 0.6
v 8.2450874 -11.1513986 0.2000000 0.46 0.55 0.6
v 8.2374412 -11.0626042 0.2000000 0.46 0.55 0.6
v 8.2262845 -10.9741823 0.2000000 0.46 0.55 0.6
v 8.2116349 -10.8862716 0.2000000 0.46 0.55 0.6
v 8.1935152 -10.7990100 0.2000000 0.46 0.55 0.6
v 8.1719540 -10.7125344 0.2000000 0.46 0.55 0.6
v 8.1469851 -10.6269806 0.2000000 0.46 0.55 0.6
v 8.1186476 -10.5424827 0.2000000 0.46 0.55 0.6
v 8.0869860 -10.4591734 0.2000000 0.46 0.55 0.6
v 8.0520500 -10.3771832 0.2000000 0.46 0.55 0.6
v 8.0138944 -10.2966410 0.2000000 0.46 0.55 0.6
v 7.9725791 -10.2176730 0.2000000 0.46 0.55 0.6
v 7.9281688 -10.1404031 0.2000000 0.46 0.55 0.6
v 7.8807333 -10.0649526 0.2000000 0.46 0.55 0.6
v 7.8303470 -9.9914398 0.2000000 0.46 0.55 0.6
v 7.7770890 -9.9199801 0.2000000 0.46 0.55 0.6
v 7.7210427 -9.8506857 0.2000000 0.46 0.55 0.6
v 7.6622962 -9.7836652 0.2000000 0.46 0.55 0.6
v 7.6009416 -9.7190237 0.2000000 0.46 0.55 0.6
v -3.7778494 11.6529118 0.8000000 0.46 0.55 0.6
v -3.3101212 11.7943036 0.8000000 0.46 0.55 0.6
v -2.8371263 11.9169297 0.8000000 0.46 0.55 0.6
v -2.3596173 12.0205951 0.8000000 0.46 0.55 0.6
v -1.8783539 12.1051347 0.8000000 0.46 0.55 0.6
v -1.3941020 12.1704141 0.8000000 0.46 0.55 0.6
v -0.9076319 12.2163294 0.8000000 0.46 0.55 0.6
v -0.4197178 12.2428076 0.8000000 0.46 0.55 0.6
v 0.0688642 12.2498064 0.8000000 0.46 0.55 0.6
v 0.5573367 12.2373149 0.8000000 0.46 0.55 0.6
v 1.0449223 12.2053528 0.8000000 0.46 0.55 0.6
v 1.5308454 12.1539711 0.8000000 0.46 0.55 0.6
v 2.0143328 12.0832514 0.8000000 0.46 0.55 0.6
v 2.4946152 11.9933062 0.8000000 0.46 0.55 0.6
v 2.9709286 11.8842788 0.8000000 0.46 0.55 0.6
v 3.4425149 11.7563426 0.8000000 0.46 0.55 0.6
v 3.9086239 11.6097011 0.8000000 0.46 0.55 0.6
v 4.3685140 11.4445876 0.8000000 0.46 0.55 0.6
v 4.8214534 11.2612649 0.8000000 0.46 0.55 0.6
v 5.2667215 11.0600246 0.8000000 0.46 0.55 0.6
v 5.7036098 10.8411870 0.8000000 0.46 0.55 0.6
v 6.1314233 10.6051001 0.8000000 0.46 0.55 0.6
v 6.5494812 10.3521397 0.8000000 0.46 0.55 0.6
v 6.9571183 10.0827082 0.8000000 0.46 0.55 0.6
v 7.3536861 9.7972344 0.8000000 0.46 0.55 0.6
v 7.7385536 9.4961723 0.8000000 0.46 0.55 0.6
v 8.1111084 9.1800011 0.8000000 0.46 0.55 0.6
v 8.4707578 8.8492238 0.8000000 0.46 0.55 0.6
v 8.8169296 8.5043667 0.8000000 0.46 0.55 0.6
v 9.1490729 8.1459784 0.8000000 0.46 0.55 0.6
v 9.4666594 7.7746293 0.8000000 0.46 0.55 0.6
v 9.7691836 7.3909100 0.8000000 0.46 0.55 0.6
v 10.0561643 6.9954313 0.8000000 0.46 0.55 0.6
v 10.3271449 6.5888223 0.8000000 0.46 0.55 0.6
v 10.5816941 6.1717299 0.8000000 0.46 0.55 0.6
v 10.8194070 5.7448179 0.8000000 0.46 0.55 0.6
v 11.0399054 5.3087653 0.8000000 0.46 0.55 0.6
v 11.2428384 4.8642661 0.8000000 0.46 0.55 0.6
v 11.4278831 4.4120275 0.8000000 0.46 0.55 0.6
v 11.5947452 3.9527690 0.8000000 0.46 0.55 0.6
v 11.7431592 3.4872213 0.8000000 0.46 0.55 0.6
v 11.8728888 3.0161252 0.8000000 0.46 0.55 0.6
v 11.9837277 2.5402302 0.8000000 0.46 0.55 0.6
v 12.0754996 2.0602934 0.8000000 0.46 0.55 0.6
v 12.1480584 1.5770786 0.8000000 0.46 0.55 0.6
v 12.2012887 1.0913545 0.8000000 0.46 0.55 0.6
v 12.2351057 0.6038940 0.8000000 0.46 0.55 0.6
v 12.2494557 0.1154727 0.8000000 0.46 0.55 0.6
v 12.2443159 -0.3731324 0.8000000 0.46 0.55 0.6
v 12.2196944 -0.8611438 0.8000000 0.46 0.55 0.6
v 12.1756304 -1.3477851 0.8000000 0.46 0.55 0.6
v 12.1121940 -1.8322819 0.8000000 0.46 0.55 0.6
v 12.0294861 -2.3138634 0.8000000 0.46 0.55 0.6
v 11.9276384 -2.7917634 0.8000000 0.46 0.55 0.6
v 11.8068128 -3.2652214 0.8000000 0.46 0.55 0.6
v 11.6672017 -3.7334842 0.8000000 0.46 0.55 0.6
v 11.5090271 -4.1958068 0.8000000 0.46 0.55 0.6
v 11.3325408 -4.6514535 0.8000000 0.46 0.55 0.6
v 11.1380235 -5.0996994 0.8000000 0.46 0.55 0.6
v 10.9257847 -5.5398312 0.8000000 0.46 0.55 0.6
v 10.6961621 -5.9711487 0.8000000 0.46 0.55 0.6
v 10.4495210 -6.3929657 0.8000000 0.46 0.55 0.6
v 10.1862540 -6.8046109 0.8000000 0.46 0.55 0.6
v 9.9067798 -7.2054295 0.8000000 0.46 0.55 0.6
v 9.6115431 -7.5947836 0.8000000 0.46 0.55 0.6
v 9.3010137 -7.9720539 0.8000000 0.46 0.55 0.6
v 8.9756857 -8.3366400 0.8000000 0.46 0.55 0.6
v 8.6360766 -8.6879618 0.8000000 0.46 0.55 0.6
v 8.2827269 -9.0254604 0.8000000 0.46 0.55 0.6
v 7.9161987 -9.3485988 0.8000000 0.46 0.55 0.6
v 7.5370751 -9.6568628 0.8000000 0.46 0.55 0.6
v -3.7778494 11.6529118 0.2000000 0.46 0.55 0.6
v 7.5370751 -9.6568628 0.2000000 0.46 0.55 0.6
v 7.9161987 -9.3485988 0.2000000 0.46 0.55 0.6
v 8.2827269 -9.0254604 0.2000000 0.46 0.55 0.6
v 8.6360766 -8.6879618 0.2000000 0.46 0.55 0.6
v 8.9756857 -8.3366400 0.2000000 0.46 0.55 0.6
v 9.3010137 -7.9720539 0.2000000 0.46 0.55 0.6
v 9.6115431 -7.5947836 0.2000000 0.46 0.55 0.6
v 9.9067798 -7.2054295 0.2000000 0.46 0.55 0.6
v 10.1862540 -6.8046109 0.2000000 0.46 0.55 0.6
v 10.4495210 -6.3929657 0.2000000 0.46 0.55 0.6
v 10.6961621 -5.9711487 0.2000000 0.46 0.55 0.6
v 10.9257847 -5.5398312 0.2000000 0.46 0.55 0.6
v 11.1380235 -5.0996994 0.2000000 0.46 0.55 0.6
v 11.3325408 -4.6514535 0.2000000 0.46 0.55 0.6
v 11.5090271 -4.1958068 0.2000000 0.46 0.55 0.6
v 11.6672017 -3.7334842 0.2000000 0.46 0.55 0.6
v 11.8068128 -3.2652214 0.2000000 0.46 0.55 0.6
v 11.9276384 -2.7917634 0.2000000 0.46 0.55 0.6
v 12.0294861 -2.3138634 0.2000000 0.46 0.55 0.6
v 12.1121940 -1.8322819 0.2000000 0.46 0.55 0.6
v 12.1756304 -1.3477851 0.2000000 0.46 0.55 0.6
v 12.2196944 -0.8611438 0.2000000 0.46 0.55 0.6
v 12.2443159 -0.3731324 0.2000000 0.46 0.55 0.6
v 12.2494557 0.1154727 0.2000000 0.46 0.55 0.6
v 12.2351057 0.6038940 0.2000000 0.46 0.55 0.6
v 12.2012887 1.0913545 0.2000000 0.46 0.55 0.6
v 12.1480584 1.5770786 0.2000000 0.46 0.55 0.6
v 12.0754996 2.0602934 0.2000000 0.46 0.55 0.6
v 11.9837277 2.5402302 0.2000000 0.46 0.55 0.6
v 11.8728888 3.0161252 0.2000000 0.46 0.55 0.6
v 11.7431592 3.4872213 0.2000000 0.46 0.55 0.6
v 11.5947452 3.9527690 0.2000000 0.46 0.55 0.6
v 11.4278831 4.4120275 0.2000000 0.46 0.55 0.6
v 11.2428384 4.8642661 0.2000000 0.46 0.55 0.6
v 11.0399054 5.3087653 0.2000000 0.46 0.55 0.6
v 10.8194070 5.7448179 0.2000000 0.46 0.55 0.6
v 10.5816941 6.1717299 0.2000000 0.46 0.55 0.6
v 10.3271449 6.5888223 0.2000000 0.46 0.55 0.6
v 10.0561643 6.9954313 0.2000000 0.46 0.55 0.6
v 9.7691836 7.3909100 0.2000000 0.46 0.55 0.6
v 9.4666594 7.7746293 0.2000000 0.46 0.55 0.6
v 9.1490729 8.1459784 0.2000000 0.46 0.55 0.6
v 8.8169296 8.5043667 0.2000000 0.46 0.55 0.6
v 8.4707578 8.8492238 0.2000000 0.46 0.55 0.6
v 8.1111084 9.1800011 0.2000000 0.46 0.55 0.6
v 7.7385536 9.4961723 0.2000000 0.46 0.55 0.6
v 7.3536861 9.7972344 0.2000000 0.46 0.55 0.6
v 6.9571183 10.0827082 0.2000000 0.46 0.55 0.6
v 6.5494812 10.3521397 0.2000000 0.46 0.55 0.6
v 6.1314233 10.6051001 0.2000000 0.46 0.55 0.6
v 5.7036098 10.8411870 0.2000000 0.46 0.55 0.6
v 5.2667215 11.0600246 0.2000000 0.46 0.55 0.6
v 4.8214534 11.2612649 0.2000000 0.46 0.55 0.6
v 4.3685140 11.4445876 0.2000000 0.46 0.55 0.6
v 3.9086239 11.6097011 0.2000000 0.46 0.55 0.6
v 3.4425149 11.7563426 0.2000000 0.46 0.55 0.6
v 2.9709286 11.8842788 0.2000000 0.46 0.55 0.6
v 2.4946152 11.9933062 0.2000000 0.46 0.55 0.6
v 2.0143328 12.0832514 0.2000000 0.46 0.55 0.6
v 1.5308454 12.1539711 0.2000000 0.46 0.55 0.6
v 1.0449223 12.2053528 0.2000000 0.46 0.55 0.6
v 0.5573367 12.2373149 0.2000000 0.46 0.55 0.6
v 0.0688642 12.2498064 0.2000000 0.46 0.55 0.6
v -0.4197178 12.2428076 0.2000000 0.46 0.55 0.6
v -0.9076319 12.2163294 0.2000000 0.46 0.55 0.6
v -1.3941020 12.1704141 0.2000000 0.46 0.55 0.6
v -1.8783539 12.1051347 0.2000000 0.46 0.55 0.6
v -2.3596173 12.0205951 0.2000000 0.46 0.55 0.6
v -2.8371263 11.9169297 0.2000000 0.46 0.55 0.6
v -3.3101212 11.7943036 0.2000000 0.46 0.55 0.6
v -7.5370751 9.6568628 0.2000000 0.46 0.55 0.6
v -7.6009416 9.7190237 0.2000000 0.46 0.55 0.6
v -7.6622962 9.7836652 0.2000000 0.46 0.55 0.6
v -7.7210427 9.8506857 0.2000000 0.46 0.55 0.6
v -7.7770890 9.9199801 0.2000000 0.46 0.55 0.6
v -7.8303470 9.9914398 0.2000000 0.46 0.55 0.6
v -7.8807333 10.0649526 0.2000000 0.46 0.55 0.6
v -7.9281688 10.1404031 0.2000000 0.46 0.55 0.6
v -7.9725791 10.2176730 0.2000000 0.46 0.55 0.6
v -8.0138944 10.2966410 0.2000000 0.46 0.55 0.6
v -8.0520500 10.3771832 0.2000000 0.46 0.55 0.6
v -8.0869860 10.4591734 0.2000000 0.46 0.55 0.6
v -8.1186476 10.5424827 0.2000000 0.46 0.55 0.6
v -8.1469851 10.6269806 0.2000000 0.46 0.55 0.6
v -8.1719540 10.7125344 0.2000000 0.46 0.55 0.6
v -8.1935152 10.7990100 0.2000000 0.46 0.55 0.6
v -8.2116349 10.8862716 0.2000000 0.46 0.55 0.6
v -8.2262845 10.9741823 0.2000000 0.46 0.55 0.6
v -8.2374412 11.0626042 0.2000000 0.46 0.55 0.6
v -8.2450874 11.1513986 0.2000000 0.46 0.55 0.6
v -8.2492112 11.2404261 0.2000000 0.46 0.55 0.6
v -8.2498060 11.3295471 0.2000000 0.46 0.55 0.6
v -8.2468709 11.4186217 0.2000000 0.46 0.55 0.6
v -8.2404106 11.5075102 0.2000000 0.46 0.55 0.6
v -8.2304351 11.5960732 0.2000000 0.46 0.55 0.6
v -8.2169601 11.6841716 0.2000000 0.46 0.55 0.6
v -8.2000068 11.7716673 0.2000000 0.46 0.55 0.6
v -8.1796018 11.8584229 0.2000000 0.46 0.55 0.6
v -8.1557770 11.9443024 0.2000000 0.46 0.55 0.6
v -8.1285699 12.0291710 0.2000000 0.46 0.55 0.6
v -8.0980231 12.1128955 0.2000000 0.46 0.55 0.6
v -8.0641846 12.1953446 0.2000000 0.46 0.55 0.6
v -8.0271074 12.2763890 0.2000000 0.46 0.55 0.6
v -7.9868498 12.3559015 0.2000000 0.46 0.55 0.6
v -7.9434749 12.4337572 0.2000000 0.46 0.55 0.6
v -7.8970507 12.5098342 0.2000000 0.46 0.55 0.6
v -7.8476501 12.5840129 0.2000000 0.46 0.55 0.6
v -7.7953506 12.6561771 0.2000000 0.46 0.55 0.6
v -7.7402342 12.7262134 0.2000000 0.46 0.55 0.6
v -7.6823875 12.7940121 0.2000000 0.46 0.55 0.6
v -7.6219012 12.8594668 0.2000000 0.46 0.55 0.6
v -7.5588701 12.9224746 0.2000000 0.46 0.55 0.6
v -7.4933933 12.9829369 0.2000000 0.46 0.55 0.6
v -7.4255733 13.0407587 0.2000000 0.46 0.55 0.6
v -7.3555167 13.0958493 0.2000000 0.46 0.55 0.6
v -7.2833333 13.1481222 0.2000000 0.46 0.55 0.6
v -7.2091364 13.1974955 0.2000000 0.46 0.55 0.6
v -7.1330423 13.2438917 0.2000000 0.46 0.55 0.6
v -7.0551706 13.2872380 0.2000000 0.46 0.55 0.6
v -6.9756434 13.3274664 0.2000000 0.46 0.55 0.6
v -6.8945854 13.3645137 0.2000000 0.46 0.55 0.6
v -6.8121238 13.3983219 0.2000000 0.46 0.55 0.6
v -6.7283880 13.4288379 0.2000000 0.46 0.55 0.6
v -6.6435094 13.4560138 0.2000000 0.46 0.55 0.6
v -6.5576212 13.4798070 0.2000000 0.46 0.55 0.6
v -6.4708581 13.5001801 0.2000000 0.46 0.55 0.6
v -6.3833562 13.5171013 0.2000000 0.46 0.55 0.6
v -6.2952528 13.5305438 0.2000000 0.46 0.55 0.6
v -6.2066862 13.5404867 0.2000000 0.46 0.55 0.6
v -6.1177953 13.5469144 0.2000000 0.46 0.55 0.6
v -6.0287196 13.5498167 0.2000000 0.46 0.55 0.6
v -5.9395988 13.5491891 0.2000000 0.46 0.55 0.6
v -5.8505728 13.5450326 0.2000000 0.46 0.55 0.6
v -5.7617813 13.5373538 0.2000000 0.46 0.55 0.6
v -5.6733635 13.5261645 0.2000000 0.46 0.55 0.6
v -5.5854582 13.5114826 0.2000000 0.46 0.55 0.6
v -5.4982033 13.4933308 0.2000000 0.46 0.55 0.6
v -5.4117357 13.4717378 0.2000000 0.46 0.55 0.6
v -5.3261910 13.4467374 0.2000000 0.46 0.55 0.6
v -5.2417036 13.4183688 0.2000000 0.46 0.55 0.6
v -5.1584059 13.3866766 0.2000000 0.46 0.55 0.6
v -5.0764286 13.3517105 0.2000000 0.46 0.55 0.6
v -4.9959004 13.3135252 0.2000000 0.46 0.55 0.6
v -4.9169475 13.2721809 0.2000000 0.46 0.55 0.6
v -4.8396940 13.2277422 0.2000000 0.46 0.55 0.6
v -4.7642609 13.1802790 0.2000000 0.46 0.55 0.6
v -4.6907667 13.1298656 0.2000000 0.46 0.55 0.6
v -4.6193266 13.0765813 0.2000000 0.46 0.55 0.6
v -4.5500528 13.0205095 0.2000000 0.46 0.55 0.6
v -4.4830539 12.9617384 0.2000000 0.46 0.55 0.6
v -4.4184350 12.9003600 0.2000000 0.46 0.55 0.6
v -4.3562975 12.8364707 0.2000000 0.46 0.55 0.6
v -4.2967390 12.7701707 0.2000000 0.46 0.55 0.6
v -4.2398528 12.7015641 0.2000000 0.46 0.55 0.6
v -4.1857283 12.6307585 0.2000000 0.46 0.55 0.6
v -4.1344503 12.5578649 0.2000000 0.46 0.55 0.6
v -4.0860992 12.4829978 0.2000000 0.46 0.55 0.6
v -4.0407511 12.4062746 0.2000000 0.46 0.55 0.6
v -3.9984769 12.3278157 0.2000000 0.46 0.55 0.6
v -3.9593430 12.2477442 0.2000000 0.46 0.55 0.6
v -3.9234109 12.1661857 0.2000000 0.46 0.55 0.6
v -3.8907369 12.0832682 0.2000000 0.46 0.55 0.6
v -3.8613722 11.9991218 0.2000000 0.46 0.55 0.6
v -3.8353630 11.9138784 0.2000000 0.46 0.55 0.6
v -3.8127501 11.8276719 0.2000000 0.46 0.55 0.6
v -3.7935688 11.7406376 0.2000000 0.46 0.55 0.6
v -3.7778494 11.6529118 0.2000000 0.46 0.55 0.6
v -3.7778494 11.6529118 0.8000000 0.46 0.55 0.6
v -7.5370751 9.6568628 0.8000000 0.46 0.55 0.6
v -7.6009416 9.7190237 0.8000000 0.46 0.55 0.6
v -7.6622962 9.7836652 0.8000000 0.46 0.55 0.6
v -7.7210427 9.8506857 0.8000000 0.46 0.55 0.6
v -7.7770890 9.9199801 0.8000000 0.46 0.55 0.6
v -7.8303470 9.9914398 0.8000000 0.46 0.55 0.6
v -7.8807333 10.0649526 0.8000000 0.46 0.55 0.6
v -7.9281688 10.1404031 0.8000000 0.46 0.55 0.6
v -7.9725791 10.2176730 0.8000000 0.46 0.55 0.6
v -8.0138944 10.2966410 0.8000000 0.46 0.55 0.6
v -8.0520500 10.3771832 0.8000000 0.46 0.55 0.6
v -8.0869860 10.4591734 0.8000000 0.46 0.55 0.6
v -8.1186476 10.5424827 0.8000000 0.46 0.55 0.6
v -8.1469851 10.6269806 0.8000000 0.46 0.55 0.6
v -8.1719540 10.7125344 0.8000000 0.46 0.55 0.6
v -8.1935152 10.7990100 0.8000000 0.46 0.55 0.6
v -8.2116349 10.8862716 0.8000000 0.46 0.55 0.6
v -8.2262845 10.9741823 0.8000000 0.46 0.55 0.6
v -8.2374412 11.0626042 0.8000000 0.46 0.55 0.6
v -8.2450874 11.1513986 0.8000000 0.46 0.55 0.6
v -8.2492112 11.2404261 0.8000000 0.46 0.55 0.6
v -8.2498060 11.3295471 0.8000000 0.46 0.55 0.6
v -8.2468709 11.4186217 0.8000000 0.46 0.55 0.6
v -8.2404106 11.5075102 0.8000000 0.46 0.55 0.6
v -8.2304351 11.5960732 0.8000000 0.46 0.55 0.6
v -8.2169601 11.6841716 0.8000000 0.46 0.55 0.6
v -8.2000068 11.7716673 0.8000000 0.46 0.55 0.6
v -8.1796018 11.8584229 0.8000000 0.46 0.55 0.6
v -8.1557770 11.9443024 0.8000000 0.46 0.55 0.6
v -8.1285699 12.0291710 0.8000000 0.46 0.55 0.6
v -8.0980231 12.1128955 0.8000000 0.46 0.55 0.6
v -8.0641846 12.1953446 0.8000000 0.46 0.55 0.6
v -8.0271074 12.2763890 0.8000000 0.46 0.55 0.6
v -7.9868498 12.3559015 0.8000000 0.46 0.55 0.6
v -7.9434749 12.4337572 0.8000000 0.46 0.55 0.6
v -7.8970507 12.5098342 0.8000000 0.46 0.55 0.6
v -7.8476501 12.5840129 0.8000000 0.46 0.55 0.6
v -7.7953506 12.6561771 0.8000000 0.46 0.55 0.6
v -7.7402342 12.7262134 0.8000000 0.46 0.55 0.6
v -7.6823875 12.7940121 0.8000000 0.46 0.55 0.6
v -7.6219012 12.8594668 0.8000000 0.46 0.55 0.6
v -7.5588701 12.9224746 0.8000000 0.46 0.55 0.6
v -7.4933933 12.9829369 0.8000000 0.46 0.55 0.6
v -7.4255733 13.0407587 0.8000000 0.46 0.55 0.6
v -7.3555167 13.0958493 0.8000000 0.46 0.55 0.6
v -7.2833333 13.1481222 0.8000000 0.46 0.55 0.6
v -7.2091364 13.1974955 0.8000000 0.46 0.55 0.6
v -7.1330423 13.2438917 0.8000000 0.46 0.55 0.6
v -7.0551706 13.2872380 0.8000000 0.46 0.55 0.6
v -6.9756434 13.3274664 0.8000000 0.46 0.55 0.6
v -6.8945854 13.3645137 0.8000000 0.46 0.55 0.6
v -6.8121238 13.3983219 0.8000000 0.46 0.55 0.6
v -6.7283880 13.4288379 0.8000000 0.46 0.55 0.6
v -6.6435094 13.4560138 0.8000000 0.46 0.55 0.6
v -6.5576212 13.4798070 0.8000000 0.46 0.55 0.6
v -6.4708581 13.5001801 0.8000000 0.46 0.55 0.6
v -6.3833562 13.5171013 0.8000000 0.46 0.55 0.6
v -6.2952528 13.5305438 0.8000000 0.46 0.55 0.6
v -6.2066862 13.5404867 0.8000000 0.46 0.55 0.6
v -6.1177953 13.5469144 0.8000000 0.46 0.55 0.6
v -6.0287196 13.5498167 0.8000000 0.46 0.55 0.6
v -5.9395988 13.5491891 0.8000000 0.46 0.55 0.6
v -5.8505728 13.5450326 0.8000000 0.46 0.55 0.6
v -5.7617813 13.5373538 0.8000000 0.46 0.55 0.6
v -5.6733635 13.5261645 0.8000000 0.46 0.55 0.6
v -5.5854582 13.5114826 0.8000000 0.46 0.55 0.6
v -5.4982033 13.4933308 0.8000000 0.46 0.55 0.6
v -5.4117357 13.4717378 0.8000000 0.46 0.55 0.6
v -5.3261910 13.4467374 0.8000000 0.46 0.55 0.6
v -5.2417036 13.4183688 0.8000000 0.46 0.55 0.6
v -5.1584059 13.3866766 0.8000000 0.46 0.55 0.6
v -5.0764286 13.3517105 0.8000000 0.46 0.55 0.6
v -4.9959004 13.3135252 0.8000000 0.46 0.55 0.6
v -4.9169475 13.2721809 0.8000000 0.46 0.55 0.6
v -4.8396940 13.2277422 0.8000000 0.46 0.55 0.6
v -4.7642609 13.1802790 0.8000000 0.46 0.55 0.6
v -4.6907667 13.1298656 0.8000000 0.46 0.55 0.6
v -4.6193266 13.0765813 0.8000000 0.46 0.55 0.6
v -4.5500528 13.0205095 0.8000000 0.46 0.55 0.6
v -4.4830539 12.9617384 0.8000000 0.46 0.55 0.6
v -4.4184350 12.9003600 0.8000000 0.46 0.55 0.6
v -4.3562975 12.8364707 0.8000000 0.46 0.55 0.6
v -4.2967390 12.7701707 0.8000000 0.46 0.55 0.6
v -4.2398528 12.7015641 0.8000000 0.46 0.55 0.6
v -4.1857283 12.6307585 0.8000000 0.46 0.55 0.6
v -4.1344503 12.5578649 0.8000000 0.46 0.55 0.6
v -4.0860992 12.4829978 0.8000000 0.46 0.55 0.6
v -4.0407511 12.4062746 0.8000000 0.46 0.55 0.6
v -3.9984769 12.3278157 0.8000000 0.46 0.55 0.6
v -3.9593430 12.2477442 0.8000000 0.46 0.55 0.6
v -3.9234109 12.1661857 0.8000000 0.46 0.55 0.6
v -3.8907369 12.0832682 0.8000000 0.46 0.55 0.6
v -3.8613722 11.9991218 0.8000000 0.46 0.55 0.6
v -3.8353630 11.9138784 0.8000000 0.46 0.55 0.6
v -3.8127501 11.8276719 0.8000000 0.46 0.55 0.6
v -3.7935688 11.7406376 0.8000000 0.46 0.55 0.6
v 29.0000000 0.0000000 0.2000000 0.46 0.55 0.6
v 28.9770725 1.1529389 0.2000000 0.46 0.55 0.6
v 28.9083263 2.3040548 0.2000000 0.46 0.55 0.6
v 28.7938701 3.4515276 0.2000000 0.46 0.55 0.6
v 28.6338849 4.5935427 0.2000000 0.46 0.55 0.6
v 28.4286236 5.7282945 0.2000000 0.46 0.55 0.6
v 28.1784109 6.8539887 0.2000000 0.46 0.55 0.6
v 27.8836422 7.9688454 0.2000000 0.46 0.55 0.6
v 27.5447838 9.0711016 0.2000000 0.46 0.55 0.6
v 27.1623714 10.1590146 0.2000000 0.46 0.55 0.6
v 26.7370098 11.2308641 0.2000000 0.46 0.55 0.6
v 26.2693714 12.2849552 0.2000000 0.46 0.55 0.6
v 25.7601958 13.3196214 0.2000000 0.46 0.55 0.6
v 25.2102880 14.3332265 0.2000000 0.46 0.55 0.6
v 24.6205175 15.3241678 0.2000000 0.46 0.55 0.6
v 23.9918169 16.2908784 0.2000000 0.46 0.55 0.6
v 23.3251804 17.2318298 0.2000000 0.46 0.55 0.6
v 22.6216619 18.1455342 0.2000000 0.46 0.55 0.6
v 21.8823740 19.0305467 0.2000000 0.46 0.55 0.6
v 21.1084855 19.8854681 0.2000000 0.46 0.55 0.6
v 20.3012202 20.7089464 0.2000000 0.46 0.55 0.6
v 19.4618544 21.4996796 0.2000000 0.46 0.55 0.6
v 18.5917155 22.2564174 0.2000000 0.46 0.55 0.6
v 17.6921792 22.9779632 0.2000000 0.46 0.55 0.6
v 16.7646680 23.6631762 0.2000000 0.46 0.55 0.6
v 15.8106484 24.3109728 0.2000000 0.46 0.55 0.6
v 14.8316289 24.9203287 0.2000000 0.46 0.55 0.6
v 13.8291575 25.4902805 0.2000000 0.46 0.55 0.6
v 12.8048194 26.0199270 0.2000000 0.46 0.55 0.6
v 11.7602343 26.5084305 0.2000000 0.46 0.55 0.6
v 10.6970538 26.9550188 0.2000000 0.46 0.55 0.6
v 9.6169591 27.3589857 0.2000000 0.46 0.55 0.6
v 8.5216580 27.7196924 0.2000000 0.46 0.55 0.6
v 7.4128823 28.0365685 0.2000000 0.46 0.55 0.6
v 6.2923854 28.3091131 0.2000000 0.46 0.55 0.6
v 5.1619390 28.5368952 0.2000000 0.46 0.55 0.6
v 4.0233304 28.7195545 0.2000000 0.46 0.55 0.6
v 2.8783602 28.8568024 0.2000000 0.46 0.55 0.6
v 1.7288386 28.9484217 0.2000000 0.46 0.55 0.6
v 0.5765834 28.9942676 0.2000000 0.46 0.55 0.6
v -0.5765834 28.9942676 0.2000000 0.46 0.55 0.6
v -1.7288386 28.9484217 0.2000000 0.46 0.55 0.6
v -2.8783602 28.8568024 0.2000000 0.46 0.55 0.6
v -4.0233304 28.7195545 0.2000000 0.46 0.55 0.6
v -5.1619390 28.5368952 0.2000000 0.46 0.55 0.6
v -6.2923854 28.3091131 0.2000000 0.46 0.55 0.6
v -7.4128823 28.0365685 0.2000000 0.46 0.55 0.6
v -8.5216580 27.7196924 0.2000000 0.46 0.55 0.6
v -9.6169591 27.3589857 0.2000000 0.46 0.55 0.6
v -10.6970538 26.9550188 0.2000000 0.46 0.55 0.6
v -11.7602343 26.5084305 0.2000000 0.46 0.55 0.6
v -12.8048194 26.0199270 0.2000000 0.46 0.55 0.6
v -13.8291575 25.4902805 0.2000000 0.46 0.55 0.6
v -14.8316289 24.9203287 0.2000000 0.46 0.55 0.6
v -15.8106484 24.3109728 0.2000000 0.46 0.55 0.6
v -16.7646680 23.6631762 0.2000000 0.46 0.55 0.6
v -17.6921792 22.9779632 0.2000000 0.46 0.55 0.6
v -18.5917155 22.2564174 0.2000000 0.46 0.55 0.6
v -19.4618544 21.4996796 0.2000000 0.46 0.55 0.6
v -20.3012202 20.7089464 0.2000000 0.46 0.55 0.6
v -21.1084855 19.8854681 0.2000000 0.46 0.55 0.6
v -21.8823740 19.0305467 0.2000000 0.46 0.55 0.6
v -22.6216619 18.1455342 0.2000000 0.46 0.55 0.6
v -23.3251804 17.2318298 0.2000000 0.46 0.55 0.6
v -23.9918169 16.2908784 0.2000000 0.46 0.55 0.6
v -24.6205175 15.3241678 0.2000000 0.46 0.55 0.6
v -25.2102880 14.3332265 0.2000000 0.46 0.55 0.6
v -25.7601958 13.3196214 0.2000000 0.46 0.55 0.6
v -26.2693714 12.2849552 0.2000000 0.46 0.55 0.6
v -26.7370098 11.2308641 0.2000000 0.46 0.55 0.6
v -27.1623714 10.1590146 0.2000000 0.46 0.55 0.6
v -27.5447838 9.0711016 0.2000000 0.46 0.55 0.6
v -27.8836422 7.9688454 0.2000000 0.46 0.55 0.6
v -28.1784109 6.8539887 0.2000000 0.46 0.55 0.6
v -28.4286236 5.7282945 0.2000000 0.46 0.55 0.6
v -28.6338849 4.5935427 0.2000000 0.46 0.55 0.6
v -28.7938701 3.4515276 0.2000000 0.46 0.55 0.6
v -28.9083263 2.3040548 0.2000000 0.46 0.55 0.6
v -28.9770725 1.1529389 0.2000000 0.46 0.55 0.6
v -29.0000000 -0.0000000 0.2000000 0.46 0.55 0.6
v -28.9770725 -1.1529389 0.2000000 0.46 0.55 0.6
v -28.9083263 -2.3040548 0.2000000 0.46 0.55 0.6
v -28.7938701 -3.4515276 0.2000000 0.46 0.55 0.6
v -28.6338849 -4.5935427 0.2000000 0.46 0.55 0.6
v -28.4286236 -5.7282945 0.2000000 0.46 0.55 0.6
v -28.1784109 -6.8539887 0.2000000 0.46 0.55 0.6
v -27.8836422 -7.9688454 0.2000000 0.46 0.55 0.6
v -27.5447838 -9.0711016 0.2000000 0.46 0.55 0.6
v -27.1623714 -10.1590146 0.2000000 0.46 0.55 0.6
v -26.7370098 -11.2308641 0.2000000 0.46 0.55 0.6
v -26.2693714 -12.2849552 0.2000000 0.46 0.55 0.6
v -25.7601958 -13.3196214 0.2000000 0.46 0.55 0.6
v -25.2102880 -14.3332265 0.2000000 0.46 0.55 0.6
v -24.6205175 -15.3241678 0.2000000 0.46 0.55 0.6
v -23.9918169 -16.2908784 0.2000000 0.46 0.55 0.6
v -23.3251804 -17.2318298 0.2000000 0.46 0.55 0.6
v -22.6216619 -18.1455342 0.2000000 0.46 0.55 0.6
v -21.8823740 -19.0305467 0.2000000 0.46 0.55 0.6
v -21.1084855 -19.8854681 0.2000000 0.46 0.55 0.6
v -20.3012202 -20.7089464 0.2000000 0.46 0.55 0.6
v -19.4618544 -21.4996796 0.2000000 0.46 0.55 0.6
v -18.5917155 -22.2564174 0.2000000 0.46 0.55 0.6
v -17.6921792 -22.9779632 0.2000000 0.46 0.55 0.6
v -16.7646680 -23.6631762 0.2000000 0.46 0.55 0.6
v -15.8106484 -24.3109728 0.2000000 0.46 0.55 0.6
v -14.8316289 -24.9203287 0.2000000 0.46 0.55 0.6
v -13.8291575 -25.4902805 0.2000000 0.46 0.55 0.6
v -12.8048194 -26.0199270 0.2000000 0.46 0.55 0.6
v -11.7602343 -26.5084305 0.2000000 0.46 0.55 0.6
v -10.6970538 -26.9550188 0.2000000 0.46 0.55 0.6
v -9.6169591 -27.3589857 0.2000000 0.46 0.55 0.6
v -8.5216580 -27.7196924 0.2000000 0.46 0.55 0.6
v -7.4128823 -28.0365685 0.2000000 0.46 0.55 0.6
v -6.2923854 -28.3091131 0.2000000 0.46 0.55 0.6
v -5.1619390 -28.5368952 0.2000000 0.46 0.55 0.6
v -4.0233304 -28.7195545 0.2000000 0.46 0.55 0.6
v -2.8783602 -28.8568024 0.2000000 0.46 0.55 0.6
v -1.7288386 -28.9484217 0.2000000 0.46 0.55 0.6
v -0.5765834 -28.9942676 0.2000000 0.46 0.55 0.6
v 0.5765834 -28.9942676 0.2000000 0.46 0.55 0.6
v 1.7288386 -28.9484217 0.2000000 0.46 0.55 0.6
v 2.8783602 -28.8568024 0.2000000 0.46 0.55 0.6
v 4.0233304 -28.7195545 0.2000000 0.46 0.55 0.6
v 5.1619390 -28.5368952 0.2000000 0.46 0.55 0.6
v 6.2923854 -28.3091131 0.2000000 0.46 0.55 0.6
v 7.4128823 -28.0365685 0.2000000 0.46 0.55 0.6
v 8.5216580 -27.7196924 0.2000000 0.46 0.55 0.6
v 9.6169591 -27.3589857 0.2000000 0.46 0.55 0.6
v 10.6970538 -26.9550188 0.2000000 0.46 0.55 0.6
v 11.7602343 -26.5084305 0.2000000 0.46 0.55 0.6
v 12.8048194 -26.0199270 0.2000000 0.46 0.55 0.6
v 13.8291575 -25.4902805 0.2000000 0.46 0.55 0.6
v 14.8316289 -24.9203287 0.2000000 0.46 0.55 0.6
v 15.8106484 -24.3109728 0.2000000 0.46 0.55 0.6
v 16.7646680 -23.6631762 0.2000000 0.46 0.55 0.6
v 17.6921792 -22.9779632 0.2000000 0.46 0.55 0.6
v 18.5917155 -22.2564174 0.2000000 0.46 0.55 0.6
v 19.4618544 -21.4996796 0.2000000 0.46 0.55 0.6
v 20.3012202 -20.7089464 0.2000000 0.46 0.55 0.6
v 21.1084855 -19.8854681 0.2000000 0.46 0.55 0.6
v 21.8823740 -19.0305467 0.2000000 0.46 0.55 0.6
v 22.6216619 -18.1455342 0.2000000 0.46 0.55 0.6
v 23.3251804 -17.2318298 0.2000000 0.46 0.55 0.6
v 23.9918169 -16.2908784 0.2000000 0.46 0.55 0.6
v 24.6205175 -15.3241678 0.2000000 0.46 0.55 0.6
v 25.2102880 -14.3332265 0.2000000 0.46 0.55 0.6
v 25.7601958 -13.3196214 0.2000000 0.46 0.55 0.6
v 26.2693714 -12.2849552 0.2000000 0.46 0.55 0.6
v 26.7370098 -11.2308641 0.2000000 0.46 0.55 0.6
v 27.1623714 -10.1590146 0.2000000 0.46 0.55 0.6
v 27.5447838 -9.0711016 0.2000000 0.46 0.55 0.6
v 27.8836422 -7.9688454 0.2000000 0.46 0.55 0.6
v 28.1784109 -6.8539887 0.2000000 0.46 0.55 0.6
v 28.4286236 -5.7282945 0.2000000 0.46 0.55 0.6
v 28.6338849 -4.5935427 0.2000000 0.46 0.55 0.6
v 28.7938701 -3.4515276 0.2000000 0.46 0.55 0.6
v 28.9083263 -2.3040548 0.2000000 0.46 0.55 0.6
v 28.9770725 -1.1529389 0.2000000 0.46 0.55 0.6
v -7.5370751 9.6568628 0.2000000 0.46 0.55 0.6
v -7.6009416 9.7190237 0.2000000 0.46 0.55 0.6
v -7.6622962 9.7836652 0.2000000 0.46 0.55 0.6
v -7.7210427 9.8506857 0.2000000 0.46 0.55 0.6
v -7.7770890 9.9199801 0.2000000 0.46 0.55 0.6
v -7.8303470 9.9914398 0.2000000 0.46 0.55 0.6
v -7.8807333 10.0649526 0.2000000 0.46 0.55 0.6
v -7.9281688 10.1404031 0.2000000 0.46 0.55 0.6
v -7.9725791 10.2176730 0.2000000 0.46 0.55 0.6
v -8.0138944 10.2966410 0.2000000 0.46 0.55 0.6
v -8.0520500 10.3771832 0.2000000 0.46 0.55 0.6
v -8.0869860 10.4591734 0.2000000 0.46 0.55 0.6
v -8.1186476 10.5424827 0.2000000 0.46 0.55 0.6
v -8.1469851 10.6269806 0.2000000 0.46 0.55 0.6
v -8.1719540 10.7125344 0.2000000 0.46 0.55 0.6
v -8.1935152 10.7990100 0.2000000 0.46 0.55 0.6
v -8.2116349 10.8862716 0.2000000 0.46 0.55 0.6
v -8.2262845 10.9741823 0.2000000 0.46 0.55 0.6
v -8.2374412 11.0626042 0.2000000 0.46 0.55 0.6
v -8.2450874 11.1513986 0.2000000 0.46 0.55 0.6
v -8.2492112 11.2404261 0.2000000 0.46 0.55 0.6
v -8.2498060 11.3295471 0.2000000 0.46 0.55 0.6
v -8.2468709 11.4186217 0.2000000 0.46 0.55 0.6
v -8.2404106 11.5075102 0.2000000 0.46 0.55 0.6
v -8.2304351 11.5960732 0.2000000 0.46 0.55 0.6
v -8.2169601 11.6841716 0.2000000 0.46 0.55 0.6
v -8.2000068 11.7716673 0.2000000 0.46 0.55 0.6
v -8.1796018 11.8584229 0.2000000 0.46 0.55 0.6
v -8.1557770 11.9443024 0.2000000 0.46 0.55 0.6
v -8.1285699 12.0291710 0.2000000 0.46 0.55 0.6
v -8.0980231 12.1128955 0.2000000 0.46 0.55 0.6
v -8.0641846 12.1953446 0.2000000 0.46 0.55 0.6
v -8.0271074 12.2763890 0.2000000 0.46 0.55 0.6
v -7.9868498 12.3559015 0.2000000 0.46 0.55 0.6
v -7.9434749 12.4337572 0.2000000 0.46 0.55 0.6
v -7.8970507 12.5098342 0.2000000 0.46 0.55 0.6
v -7.8476501 12.5840129 0.2000000 0.46 0.55 0.6
v -7.7953506 12.6561771 0.2000000 0.46 0.55 0.6
v -7.7402342 12.7262134 0.2000000 0.46 0.55 0.6
v -7.6823875 12.7940121 0.2000000 0.46 0.55 0.6
v -7.6219012 12.8594668 0.2000000 0.46 0.55 0.6
v -7.5588701 12.9224746 0.2000000 0.46 0.55 0.6
v -7.4933933 12.9829369 0.2000000 0.46 0.55 0.6
v -7.4255733 13.0407587 0.2000000 0.46 0.55 0.6
v -7.3555167 13.0958493 0.2000000 0.46 0.55 0.6
v -7.2833333 13.1481222 0.2000000 0.46 0.55 0.6
v -7.2091364 13.1974955 0.2000000 0.46 0.55 0.6
v -7.1330423 13.2438917 0.2000000 0.46 0.55 0.6
v -7.0551706 13.2872380 0.2000000 0.46 0.55 0.6
v -6.9756434 13.3274664 0.2000000 0.46 0.55 0.6
v -6.8945854 13.3645137 0.2000000 0.46 0.55 0.6
v -6.8121238 13.3983219 0.2000000 0.46 0.55 0.6
v -6.7283880 13.4288379 0.2000000 0.46 0.55 0.6
v -6.6435094 13.4560138 0.2000000 0.46 0.55 0.6
v -6.5576212 13.4798070 0.2000000 0.46 0.55 0.6
v -6.4708581 13.5001801 0.2000000 0.46 0.55 0.6
v -6.3833562 13.5171013 0.2000000 0.46 0.55 0.6
v -6.2952528 13.5305438 0.2000000 0.46 0.55 0.6
v -6.2066862 13.5404867 0.2000000 0.46 0.55 0.6
v -6.1177953 13.5469144 0.2000000 0.46 0.55 0.6
v -6.0287196 13.5498167 0.2000000 0.46 0.55 0.6
v -5.9395988 13.5491891 0.2000000 0.46 0.55 0.6
v -5.8505728 13.5450326 0.2000000 0.46 0.55 0.6
v -5.7617813 13.5373538 0.2000000 0.46 0.55 0.6
v -5.6733635 13.5261645 0.2000000 0.46 0.55 0.6
v -5.5854582 13.5114826 0.2000000 0.46 0.55 0.6
v -5.4982033 13.4933308 0.2000000 0.46 0.55 0.6
v -5.4117357 13.4717378 0.2000000 0.46 0.55 0.6
v -5.3261910 13.4467374 0.2000000 0.46 0.55 0.6
v -5.2417036 13.4183688 0.2000000 0.46 0.55 0.6
v -5.1584059 13.3866766 0.2000000 0.46 0.55 0.6
v -5.0764286 13.3517105 0.2000000 0.46 0.55 0.6
v -4.9959004 13.3135252 0.2000000 0.46 0.55 0.6
v -4.9169475 13.2721809 0.2000000 0.46 0.55 0.6
v -4.8396940 13.2277422 0.2000000 0.46 0.55 0.6
v -4.7642609 13.1802790 0.2000000 0.46 0.55 0.6
v -4.6907667 13.1298656 0.2000000 0.46 0.55 0.6
v -4.6193266 13.0765813 0.2000000 0.46 0.55 0.6
v -4.5500528 13.0205095 0.2000000 0.46 0.55 0.6
v -4.4830539 12.9617384 0.2000000 0.46 0.55 0.6
v -4.4184350 12.9003600 0.2000000 0.46 0.55 0.6
v -4.3562975 12.8364707 0.2000000 0.46 0.55 0.6
v -4.2967390 12.7701707 0.2000000 0.46 0.55 0.6
v -4.2398528 12.7015641 0.2000000 0.46 0.55 0.6
v -4.1857283 12.6307585 0.2000000 0.46 0.55 0.6
v -4.1344503 12.5578649 0.2000000 0.46 0.55 0.6
v -4.0860992 12.4829978 0.2000000 0.46 0.55 0.6
v -4.0407511 12.4062746 0.2000000 0.46 0.55 0.6
v -3.9984769 12.3278157 0.2000000 0.46 0.55 0.6
v -3.9593430 12.2477442 0.2000000 0.46 0.55 0.6
v -3.9234109 12.1661857 0.2000000 0.46 0.55 0.6
v -3.8907369 12.0832682 0.2000000 0.46 0.55 0.6
v -3.8613722 11.9991218 0.2000000 0.46 0.55 0.6
v -3.8353630 11.9138784 0.2000000 0.46 0.55 0.6
v -3.8127501 11.8276719 0.2000000 0.46 0.55 0.6
v -3.7935688 11.7406376 0.2000000 0.46 0.55 0.6
v -3.7778494 11.6529118 0.2000000 0.46 0.55 0.6
v 7.5370751 -9.6568628 0.2000000 0.46 0.55 0.6
v 7.9161987 -9.3485988 0.2000000 0.46 0.55 0.6
v 8.2827269 -9.0254604 0.2000000 0.46 0.55 0.6
v 8.6360766 -8.6879618 0.2000000 0.46 0.55 0.6
v 8.9756857 -8.3366400 0.2000000 0.46 0.55 0.6
v 9.3010137 -7.9720539 0.2000000 0.46 0.55 0.6
v 9.6115431 -7.5947836 0.2000000 0.46 0.55 0.6
v 9.9067798 -7.2054295 0.2000000 0.46 0.55 0.6
v 10.1862540 -6.8046109 0.2000000 0.46 0.55 0.6
v 10.4495210 -6.3929657 0.2000000 0.46 0.55 0.6
v 10.6961621 -5.9711487 0.2000000 0.46 0.55 0.6
v 10.9257847 -5.5398312 0.2000000 0.46 0.55 0.6
v 11.1380235 -5.0996994 0.2000000 0.46 0.55 0.6
v 11.3325408 -4.6514535 0.2000000 0.46 0.55 0.6
v 11.5090271 -4.1958068 0.2000000 0.46 0.55 0.6
v 11.6672017 -3.7334842 0.2000000 0.46 0.55 0.6
v 11.8068128 -3.2652214 0.2000000 0.46 0.55 0.6
v 11.9276384 -2.7917634 0.2000000 0.46 0.55 0.6
v 12.0294861 -2.3138634 0.2000000 0.46 0.55 0.6
v 12.1121940 -1.8322819 0.2000000 0.46 0.55 0.6
v 12.1756304 -1.3477851 0.2000000 0.46 0.55 0.6
v 12.2196944 -0.8611438 0.2000000 0.46 0.55 0.6
v 12.2443159 -0.3731324 0.2000000 0.46 0.55 0.6
v 12.2494557 0.1154727 0.2000000 0.46 0.55 0.6
v 12.2351057 0.6038940 0.2000000 0.46 0.55 0.6
v 12.2012887 1.0913545 0.2000000 0.46 0.55 0.6
v 12.1480584 1.5770786 0.2000000 0.46 0.55 0.6
v 12.0754996 2.0602934 0.2000000 0.46 0.55 0.6
v 11.9837277 2.5402302 0.2000000 0.46 0.55 0.6
v 11.8728888 3.0161252 0.2000000 0.46 0.55 0.6
v 11.7431592 3.4872213 0.2000000 0.46 0.55 0.6
v 11.5947452 3.9527690 0.2000000 0.46 0.55 0.6
v 11.4278831 4.4120275 0.2000000 0.46 0.55 0.6
v 11.2428384 4.8642661 0.2000000 0.46 0.55 0.6
v 11.0399054 5.3087653 0.2000000 0.46 0.55 0.6
v 10.8194070 5.7448179 0.2000000 0.46 0.55 0.6
v 10.5816941 6.1717299 0.2000000 0.46 0.55 0.6
v 10.3271449 6.5888223 0.2000000 0.46 0.55 0.6
v 10.0561643 6.9954313 0.2000000 0.46 0.55 0.6
v 9.7691836 7.3909100 0.2000000 0.46 0.55 0.6
v 9.4666594 7.7746293 0.2000000 0.46 0.55 0.6
v 9.1490729 8.1459784 0.2000000 0.46 0.55 0.6
v 8.8169296 8.5043667 0.2000000 0.46 0.55 0.6
v 8.4707578 8.8492238 0.2000000 0.46 0.55 0.6
v 8.1111084 9.1800011 0.2000000 0.46 0.55 0.6
v 7.7385536 9.4961723 0.2000000 0.46 0.55 0.6
v 7.3536861 9.7972344 0.2000000 0.46 0.55 0.6
v 6.9571183 10.0827082 0.2000000 0.46 0.55 0.6
v 6.5494812 10.3521397 0.2000000 0.46 0.55 0.6
v 6.1314233 10.6051001 0.2000000 0.46 0.55 0.6
v 5.7036098 10.8411870 0.2000000 0.46 0.55 0.6
v 5.2667215 11.0600246 0.2000000 0.46 0.55 0.6
v 4.8214534 11.2612649 0.2000000 0.46 0.55 0.6
v 4.3685140 11.4445876 0.2000000 0.46 0.55 0.6
v 3.9086239 11.6097011 0.2000000 0.46 0.55 0.6
v 3.4425149 11.7563426 0.2000000 0.46 0.55 0.6
v 2.9709286 11.8842788 0.2000000 0.46 0.55 0.6
v 2.4946152 11.9933062 0.2000000 0.46 0.55 0.6
v 2.0143328 12.0832514 0.2000000 0.46 0.55 0.6
v 1.5308454 12.1539711 0.2000000 0.46 0.55 0.6
v 1.0449223 12.2053528 0.2000000 0.46 0.55 0.6
v 0.5573367 12.2373149 0.2000000 0.46 0.55 0.6
v 0.0688642 12.2498064 0.2000000 0.46 0.55 0.6
v -0.4197178 12.2428076 0.2000000 0.46 0.55 0.6
v -0.9076319 12.2163294 0.2000000 0.46 0.55 0.6
v -1.3941020 12.1704141 0.2000000 0.46 0.55 0.6
v -1.8783539 12.1051347 0.2000000 0.46 0.55 0.6
v -2.3596173 12.0205951 0.2000000 0.46 0.55 0.6
v -2.8371263 11.9169297 0.2000000 0.46 0.55 0.6
v -3.3101212 11.7943036 0.2000000 0.46 0.55 0.6
v 3.7778494 -11.6529118 0.2000000 0.46 0.55 0.6
v 3.7935688 -11.7406376 0.2000000 0.46 0.55 0.6
v 3.8127501 -11.8276719 0.2000000 0.46 0.55 0.6
v 3.8353630 -11.9138784 0.2000000 0.46 0.55 0.6
v 3.8613722 -11.9991218 0.2000000 0.46 0.55 0.6
v 3.8907369 -12.0832682 0.2000000 0.46 0.55 0.6
v 3.9234109 -12.1661857 0.2000000 0.46 0.55 0.6
v 3.9593430 -12.2477442 0.2000000 0.46 0.55 0.6
v 3.9984769 -12.3278157 0.2000000 0.46 0.55 0.6
v 4.0407511 -12.4062746 0.2000000 0.46 0.55 0.6
v 4.0860992 -12.4829978 0.2000000 0.46 0.55 0.6
v 4.1344503 -12.5578649 0.2000000 0.46 0.55 0.6
v 4.1857283 -12.6307585 0.2000000 0.46 0.55 0.6
v 4.2398528 -12.7015641 0.2000000 0.46 0.55 0.6
v 4.2967390 -12.7701707 0.2000000 0.46 0.55 0.6
v 4.3562975 -12.8364707 0.2000000 0.46 0.55 0.6
v 4.4184350 -12.9003600 0.2000000 0.46 0.55 0.6
v 4.4830539 -12.9617384 0.2000000 0.46 0.55 0.6
v 4.5500528 -13.0205095 0.2000000 0.46 0.55 0.6
v 4.6193266 -13.0765813 0.2000000 0.46 0.55 0.6
v 4.6907667 -13.1298656 0.2000000 0.46 0.55 0.6
v 4.7642609 -13.1802790 0.2000000 0.46 0.55 0.6
v 4.8396940 -13.2277422 0.2000000 0.46 0.55 0.6
v 4.9169475 -13.2721809 0.2000000 0.46 0.55 0.6
v 4.9959004 -13.3135252 0.2000000 0.46 0.55 0.6
v 5.0764286 -13.3517105 0.2000000 0.46 0.55 0.6
v 5.1584059 -13.3866766 0.2000000 0.46 0.55 0.6
v 5.2417036 -13.4183688 0.2000000 0.46 0.55 0.6
v 5.3261910 -13.4467374 0.2000000 0.46 0.55 0.6
v 5.4117357 -13.4717378 0.2000000 0.46 0.55 0.6
v 5.4982033 -13.4933308 0.2000000 0.46 0.55 0.6
v 5.5854582 -13.5114826 0.2000000 0.46 0.55 0.6
v 5.6733635 -13.5261645 0.2000000 0.46 0.55 0.6
v 5.7617813 -13.5373538 0.2000000 0.46 0.55 0.6
v 5.8505728 -13.5450326 0.2000000 0.46 0.55 0.6
v 5.9395988 -13.5491891 0.2000000 0.46 0.55 0.6
v 6.0287196 -13.5498167 0.2000000 0.46 0.55 0.6
v 6.1177953 -13.5469144 0.2000000 0.46 0.55 0.6
v 6.2066862 -13.5404867 0.2000000 0.46 0.55 0.6
v 6.2952528 -13.5305438 0.2000000 0.46 0.55 0.6
v 6.3833562 -13.5171013 0.2000000 0.46 0.55 0.6
v 6.4708581 -13.5001801 0.2000000 0.46 0.55 0.6
v 6.5576212 -13.4798070 0.2000000 0.46 0.55 0.6
v 6.6435094 -13.4560138 0.2000000 0.46 0.55 0.6
v 6.7283880 -13.4288379 0.2000000 0.46 0.55 0.6
v 6.8121238 -13.3983219 0.2000000 0.46 0.55 0.6
v 6.8945854 -13.3645137 0.2000000 0.46 0.55 0.6
v 6.9756434 -13.3274664 0.2000000 0.46 0.55 0.6
v 7.0551706 -13.2872380 0.2000000 0.46 0.55 0.6
v 7.1330423 -13.2438917 0.2000000 0.46 0.55 0.6
v 7.2091364 -13.1974955 0.2000000 0.46 0.55 0.6
v 7.2833333 -13.1481222 0.2000000 0.46 0.55 0.6
v 7.3555167 -13.0958493 0.2000000 0.46 0.55 0.6
v 7.4255733 -13.0407587 0.2000000 0.46 0.55 0.6
v 7.4933933 -12.9829369 0.2000000 0.46 0.55 0.6
v 7.5588701 -12.9224746 0.2000000 0.46 0.55 0.6
v 7.6219012 -12.8594668 0.2000000 0.46 0.55 0.6
v 7.6823875 -12.7940121 0.2000000 0.46 0.55 0.6
v 7.7402342 -12.7262134 0.2000000 0.46 0.55 0.6
v 7.7953506 -12.6561771 0.2000000 0.46 0.55 0.6
v 7.8476501 -12.5840129 0.2000000 0.46 0.55 0.6
v 7.8970507 -12.5098342 0.2000000 0.46 0.55 0.6
v 7.9434749 -12.4337572 0.2000000 0.46 0.55 0.6
v 7.9868498 -12.3559015 0.2000000 0.46 0.55 0.6
v 8.0271074 -12.2763890 0.2000000 0.46 0.55 0.6
v 8.0641846 -12.1953446 0.2000000 0.46 0.55 0.6
v 8.0980231 -12.1128955 0.2000000 0.46 0.55 0.6
v 8.1285699 -12.0291710 0.2000000 0.46 0.55 0.6
v 8.1557770 -11.9443024 0.2000000 0.46 0.55 0.6
v 8.1796018 -11.8584229 0.2000000 0.46 0.55 0.6
v 8.2000068 -11.7716673 0.2000000 0.46 0.55 0.6
v 8.2169601 -11.6841716 0.2000000 0.46 0.55 0.6
v 8.2304351 -11.5960732 0.2000000 0.46 0.55 0.6
v 8.2404106 -11.5075102 0.2000000 0.46 0.55 0.6
v 8.2468709 -11.4186217 0.2000000 0.46 0.55 0.6
v 8.2498060 -11.3295471 0.2000000 0.46 0.55 0.6
v 8.2492112 -11.2404261 0.2000000 0.46 0.55 0.6
v 8.2450874 -11.1513986 0.2000000 0.46 0.55 0.6
v 8.2374412 -11.0626042 0.2000000 0.46 0.55 0.6
v 8.2262845 -10.9741823 0.2000000 0.46 0.55 0.6
v 8.2116349 -10.8862716 0.2000000 0.46 0.55 0.6
v 8.1935152 -10.7990100 0.2000000 0.46 0.55 0.6
v 8.1719540 -10.7125344 0.2000000 0.46 0.55 0.6
v 8.1469851 -10.6269806 0.2000000 0.46 0.55 0.6
v 8.1186476 -10.5424827 0.2000000 0.46 0.55 0.6
v 8.0869860 -10.4591734 0.2000000 0.46 0.55 0.6
v 8.0520500 -10.3771832 0.2000000 0.46 0.55 0.6
v 8.0138944 -10.2966410 0.2000000 0.46 0.55 0.6
v 7.9725791 -10.2176730 0.2000000 0.46 0.55 0.6
v 7.9281688 -10.1404031 0.2000000 0.46 0.55 0.6
v 7.8807333 -10.0649526 0.2000000 0.46 0.55 0.6
v 7.8303470 -9.9914398 0.2000000 0.46 0.55 0.6
v 7.7770890 -9.9199801 0.2000000 0.46 0.55 0.6
v 7.7210427 -9.8506857 0.2000000 0.46 0.55 0.6
v 7.6622962 -9.7836652 0.2000000 0.46 0.55 0.6
v 7.6009416 -9.7190237 0.2000000 0.46 0.55 0.6
v 3.3101212 -11.7943036 0.2000000 0.46 0.55 0.6
v 2.8371263 -11.9169297 0.2000000 0.46 0.55 0.6
v 2.3596173 -12.0205951 0.2000000 0.46 0.55 0.6
v 1.8783539 -12.1051347 0.2000000 0.46 0.55 0.6
v 1.3941020 -12.1704141 0.2000000 0.46 0.55 0.6
v 0.9076319 -12.2163294 0.2000000 0.46 0.55 0.6
v 0.4197178 -12.2428076 0.2000000 0.46 0.55 0.6
v -0.0688642 -12.2498064 0.2000000 0.46 0.55 0.6
v -0.5573367 -12.2373149 0.2000000 0.46 0.55 0.6
v -1.0449223 -12.2053528 0.2000000 0.46 0.55 0.6
v -1.5308454 -12.1539711 0.2000000 0.46 0.55 0.6
v -2.0143328 -12.0832514 0.2000000 0.46 0.55 0.6
v -2.4946152 -11.9933062 0.2000000 0.46 0.55 0.6
v -2.9709286 -11.8842788 0.2000000 0.46 0.55 0.6
v -3.4425149 -11.7563426 0.2000000 0.46 0.55 0.6
v -3.9086239 -11.6097011 0.2000000 0.46 0.55 0.6
v -4.3685140 -11.4445876 0.2000000 0.46 0.55 0.6
v -4.8214534 -11.2612649 0.2000000 0.46 0.55 0.6
v -5.2667215 -11.0600246 0.2000000 0.46 0.55 0.6
v -5.7036098 -10.8411870 0.2000000 0.46 0.55 0.6
v -6.1314233 -10.6051001 0.2000000 0.46 0.55 0.6
v -6.5494812 -10.3521397 0.2000000 0.46 0.55 0.6
v -6.9571183 -10.0827082 0.2000000 0.46 0.55 0.6
v -7.3536861 -9.7972344 0.2000000 0.46 0.55 0.6
v -7.7385536 -9.4961723 0.2000000 0.46 0.55 0.6
v -8.1111084 -9.1800011 0.2000000 0.46 0.55 0.6
v -8.4707578 -8.8492238 0.2000000 0.46 0.55 0.6
v -8.8169296 -8.5043667 0.2000000 0.46 0.55 0.6
v -9.1490729 -8.1459784 0.2000000 0.46 0.55 0.6
v -9.4666594 -7.7746293 0.2000000 0.46 0.55 0.6
v -9.7691836 -7.3909100 0.2000000 0.46 0.55 0.6
v -10.0561643 -6.9954313 0.2000000 0.46 0.55 0.6
v -10.3271449 -6.5888223 0.2000000 0.46 0.55 0.6
v -10.5816941 -6.1717299 0.2000000 0.46 0.55 0.6
v -10.8194070 -5.7448179 0.2000000 0.46 0.55 0.6
v -11.0399054 -5.3087653 0.2000000 0.46 0.55 0.6
v -11.2428384 -4.8642661 0.2000000 0.46 0.55 0.6
v -11.4278831 -4.4120275 0.2000000 0.46 0.55 0.6
v -11.5947452 -3.9527690 0.2000000 0.46 0.55 0.6
v -11.7431592 -3.4872213 0.2000000 0.46 0.55 0.6
v -11.8728888 -3.0161252 0.2000000 0.46 0.55 0.6
v -11.9837277 -2.5402302 0.2000000 0.46 0.55 0.6
v -12.0754996 -2.0602934 0.2000000 0.46 0.55 0.6
v -12.1480584 -1.5770786 0.2000000 0.46 0.55 0.6
v -12.2012887 -1.0913545 0.2000000 0.46 0.55 0.6
v -12.2351057 -0.6038940 0.2000000 0.46 0.55 0.6
v -12.2494557 -0.1154727 0.2000000 0.46 0.55 0.6
v -12.2443159 0.3731324 0.2000000 0.46 0.55 0.6
v -12.2196944 0.8611438 0.2000000 0.46 0.55 0.6
v -12.1756304 1.3477851 0.2000000 0.46 0.55 0.6
v -12.1121940 1.8322819 0.2000000 0.46 0.55 0.6
v -12.0294861 2.3138634 0.2000000 0.46 0.55 0.6
v -11.9276384 2.7917634 0.2000000 0.46 0.55 0.6
v -11.8068128 3.2652214 0.2000000 0.46 0.55 0.6
v -11.6672017 3.7334842 0.2000000 0.46 0.55 0.6
v -11.5090271 4.1958068 0.2000000 0.46 0.55 0.6
v -11.3325408 4.6514535 0.2000000 0.46 0.55 0.6
v -11.1380235 5.0996994 0.2000000 0.46 0.55 0.6
v -10.9257847 5.5398312 0.2000000 0.46 0.55 0.6
v -10.6961621 5.9711487 0.2000000 0.46 0.55 0.6
v -10.4495210 6.3929657 0.2000000 0.46 0.55 0.6
v -10.1862540 6.8046109 0.2000000 0.46 0.55 0.6
v -9.9067798 7.2054295 0.2000000 0.46 0.55 0.6
v -9.6115431 7.5947836 0.2000000 0.46 0.55 0.6
v -9.3010137 7.9720539 0.2000000 0.46 0.55 0.6
v -8.9756857 8.3366400 0.2000000 0.46 0.55 0.6
v -8.6360766 8.6879618 0.2000000 0.46 0.55 0.6
v -8.2827269 9.0254604 0.2000000 0.46 0.55 0.6
v -7.9161987 9.3485988 0.2000000 0.46 0.55 0.6
usemtl Bottom_Cover
s off
f 162 2 1
f 162 3 2
f 163 4 3
f 163 3 162
f 164 5 4
f 164 4 163
f 165 6 5
f 165 5 164
f 166 7 6
f 166 6 165
f 167 8 7
f 167 9 8
f 167 7 166
f 168 9 167
f 169 10 9
f 169 9 168
f 170 11 10
f 170 10 169
f 171 12 11
f 171 11 170
f 172 13 12
f 172 14 13
f 172 12 171
f 173 14 172
f 174 15 14
f 174 16 15
f 174 14 173
f 175 17 16
f 175 16 174
f 176 18 17
f 176 17 175
f 177 19 18
f 177 18 176
f 178 20 19
f 178 19 177
f 179 20 178
f 180 21 20
f 180 22 21
f 180 20 179
f 181 23 22
f 181 22 180
f 182 23 181
f 183 23 182
f 183 24 23
f 183 25 24
f 184 25 183
f 185 25 184
f 185 26 25
f 186 26 185
f 186 27 26
f 186 28 27
f 187 28 186
f 188 29 28
f 188 28 187
f 189 30 29
f 189 29 188
f 190 31 30
f 190 32 31
f 190 30 189
f 191 32 190
f 192 33 32
f 192 34 33
f 192 32 191
f 193 34 192
f 194 35 34
f 194 36 35
f 194 34 193
f 195 36 194
f 196 37 36
f 196 36 195
f 197 38 37
f 197 39 38
f 197 37 196
f 198 39 197
f 199 40 39
f 199 39 198
f 200 41 40
f 200 40 199
f 201 42 41
f 201 41 200
f 202 43 42
f 202 42 201
f 203 44 43
f 203 43 202
f 204 45 44
f 204 44 203
f 205 46 45
f 205 45 204
f 206 47 46
f 206 46 205
f 207 47 206
f 207 48 47
f 208 48 207
f 208 49 48
f 209 49 208
f 209 50 49
f 210 50 209
f 210 51 50
f 211 51 210
f 211 52 51
f 211 53 52
f 212 53 211
f 213 53 212
f 213 54 53
f 213 55 54
f 214 55 213
f 215 55 214
f 215 56 55
f 216 56 215
f 216 57 56
f 217 57 216
f 217 58 57
f 217 59 58
f 218 59 217
f 219 59 218
f 219 60 59
f 220 60 219
f 220 61 60
f 221 61 220
f 221 62 61
f 222 62 221
f 222 63 62
f 223 64 63
f 223 63 222
f 224 65 64
f 224 64 223
f 225 66 65
f 225 65 224
f 226 67 66
f 226 66 225
f 227 68 67
f 227 67 226
f 228 69 68
f 228 70 69
f 228 68 227
f 229 70 228
f 230 71 70
f 230 70 229
f 231 72 71
f 231 73 72
f 231 71 230
f 232 73 231
f 233 73 232
f 233 74 73
f 234 74 233
f 234 75 74
f 234 76 75
f 235 76 234
f 236 76 235
f 236 77 76
f 237 77 236
f 237 78 77
f 238 78 237
f 238 79 78
f 238 80 79
f 239 80 238
f 240 80 239
f 240 81 80
f 241 81 240
f 241 82 81
f 242 82 241
f 242 83 82
f 242 84 83
f 243 84 242
f 244 84 243
f 244 85 84
f 245 85 244
f 245 86 85
f 246 86 245
f 246 87 86
f 246 88 87
f 247 88 246
f 248 88 247
f 248 89 88
f 249 89 248
f 249 90 89
f 250 90 249
f 250 91 90
f 251 91 250
f 251 92 91
f 252 92 251
f 252 93 92
f 253 93 252
f 253 94 93
f 254 94 253
f 254 95 94
f 254 96 95
f 255 96 254
f 256 96 255
f 256 97 96
f 257 97 256
f 257 98 97
f 258 98 257
f 258 99 98
f 258 100 99
f 259 100 258
f 260 100 259
f 260 101 100
f 261 102 101
f 261 101 260
f 262 103 102
f 262 102 261
f 263 104 103
f 263 103 262
f 264 105 104
f 264 104 263
f 265 106 105
f 265 105 264
f 266 107 106
f 266 106 265
f 267 108 107
f 267 107 266
f 268 109 108
f 268 108 267
f 269 110 109
f 269 111 110
f 269 109 268
f 270 111 269
f 271 112 111
f 271 113 112
f 271 111 270
f 272 113 271
f 273 114 113
f 273 115 114
f 273 113 272
f 274 115 273
f 275 116 115
f 275 117 116
f 275 115 274
f 276 117 275
f 277 118 117
f 277 119 118
f 277 117 276
f 278 119 277
f 279 120 119
f 279 121 120
f 279 119 278
f 280 121 279
f 281 122 121
f 281 123 122
f 281 121 280
f 282 123 281
f 283 123 282
f 283 124 123
f 283 125 124
f 284 125 283
f 285 125 284
f 285 126 125
f 285 127 126
f 286 127 285
f 287 127 286
f 287 128 127
f 287 129 128
f 288 129 287
f 289 130 129
f 289 129 288
f 289 131 130
f 290 131 289
f 291 132 131
f 291 133 132
f 291 131 290
f 292 133 291
f 293 134 133
f 293 135 134
f 293 133 292
f 294 135 293
f 295 136 135
f 295 137 136
f 295 135 294
f 296 137 295
f 297 138 137
f 297 139 138
f 297 137 296
f 298 139 297
f 299 140 139
f 299 141 140
f 299 139 298
f 300 141 299
f 301 142 141
f 301 143 142
f 301 141 300
f 302 143 301
f 303 144 143
f 303 145 144
f 303 143 302
f 304 145 303
f 305 146 145
f 305 147 146
f 305 145 304
f 306 147 305
f 307 148 147
f 307 149 148
f 307 147 306
f 308 149 307
f 309 149 308
f 309 150 149
f 309 151 150
f 310 151 309
f 311 151 310
f 311 152 151
f 311 153 152
f 312 153 311
f 313 153 312
f 313 154 153
f 313 155 154
f 314 155 313
f 315 155 314
f 315 156 155
f 316 156 315
f 316 157 156
f 317 157 316
f 317 158 157
f 318 158 317
f 318 159 158
f 161 159 318
f 161 160 159
f 767 417 418
f 766 767 418
f 766 418 419
f 768 417 767
f 768 416 417
f 765 419 420
f 765 766 419
f 769 416 768
f 769 415 416
f 764 420 421
f 764 765 420
f 770 415 769
f 770 414 415
f 763 421 422
f 763 764 421
f 771 414 770
f 771 413 414
f 762 422 423
f 762 763 422
f 772 413 771
f 772 412 413
f 761 423 424
f 761 762 423
f 773 412 772
f 773 411 412
f 760 424 425
f 760 761 424
f 774 411 773
f 774 410 411
f 759 425 426
f 759 760 425
f 775 410 774
f 775 409 410
f 758 426 427
f 758 759 426
f 776 409 775
f 776 408 409
f 757 427 428
f 757 758 427
f 777 408 776
f 777 407 408
f 756 757 428
f 756 428 429
f 778 407 777
f 778 406 407
f 755 429 430
f 755 756 429
f 779 406 778
f 779 405 406
f 754 430 431
f 754 755 430
f 780 405 779
f 780 404 405
f 753 431 432
f 753 754 431
f 781 404 780
f 781 403 404
f 752 432 433
f 752 753 432
f 782 403 781
f 782 402 403
f 751 752 433
f 751 433 434
f 783 402 782
f 783 401 402
f 750 434 435
f 750 751 434
f 784 401 783
f 784 400 401
f 749 435 436
f 749 750 435
f 785 399 400
f 785 400 784
f 748 436 437
f 748 749 436
f 786 399 785
f 786 398 399
f 747 437 438
f 747 748 437
f 787 397 398
f 787 398 786
f 746 438 439
f 746 747 438
f 788 397 787
f 788 396 397
f 789 396 788
f 789 395 396
f 790 395 789
f 790 394 395
f 791 394 790
f 791 393 394
f 792 393 791
f 792 392 393
f 793 392 792
f 793 391 392
f 724 742 743
f 724 743 723
f 722 723 743
f 725 742 724
f 721 722 743
f 721 743 744
f 726 742 725
f 720 721 744
f 727 742 726
f 719 744 745
f 719 720 744
f 728 741 742
f 728 742 727
f 718 719 745
f 729 741 728
f 717 745 746
f 717 718 745
f 730 741 729
f 716 717 746
f 716 746 439
f 731 741 730
f 715 716 439
f 732 740 741
f 732 741 731
f 714 439 440
f 714 715 439
f 733 740 732
f 713 714 440
f 734 740 733
f 712 440 441
f 712 713 440
f 735 740 734
f 711 712 441
f 736 740 735
f 710 441 442
f 710 711 441
f 737 740 736
f 709 710 442
f 738 740 737
f 794 391 793
f 794 390 391
f 708 442 443
f 708 709 442
f 739 740 738
f 707 708 443
f 706 443 444
f 706 707 443
f 705 706 444
f 704 705 444
f 703 704 444
f 703 444 445
f 702 703 445
f 701 702 445
f 701 445 446
f 795 389 390
f 795 390 794
f 700 701 446
f 699 446 447
f 699 700 446
f 698 699 447
f 697 698 447
f 696 697 447
f 696 447 448
f 695 696 448
f 796 389 795
f 796 388 389
f 694 695 448
f 694 448 449
f 693 694 449
f 692 693 449
f 692 449 450
f 691 692 450
f 690 691 450
f 797 388 796
f 797 387 388
f 689 450 451
f 689 690 450
f 688 689 451
f 687 451 452
f 687 688 451
f 686 687 452
f 685 452 453
f 685 686 452
f 798 387 797
f 798 386 387
f 684 685 453
f 683 684 453
f 682 453 454
f 682 683 453
f 681 682 454
f 680 681 454
f 799 386 798
f 799 385 386
f 800 384 385
f 800 385 799
f 455 678 679
f 455 679 680
f 455 680 454
f 801 384 800
f 801 383 384
f 802 382 383
f 802 383 801
f 456 675 676
f 456 676 677
f 456 677 678
f 456 678 455
f 642 643 644
f 642 644 645
f 642 645 646
f 642 646 647
f 642 647 648
f 642 648 649
f 642 649 650
f 641 650 651
f 641 651 652
f 641 652 653
f 641 653 654
f 641 642 650
f 457 673 674
f 457 674 675
f 457 675 456
f 640 654 655
f 640 655 656
f 640 656 657
f 640 657 658
f 640 641 654
f 639 640 658
f 639 658 659
f 639 659 660
f 639 660 661
f 458 671 672
f 458 672 673
f 458 673 457
f 638 639 661
f 638 661 662
f 638 662 663
f 637 663 664
f 637 664 665
f 637 638 663
f 477 478 808
f 479 808 478
f 480 808 479
f 481 808 480
f 482 808 481
f 483 808 482
f 484 808 483
f 484 807 808
f 485 807 484
f 486 807 485
f 487 807 486
f 488 807 487
f 488 806 807
f 489 806 488
f 490 806 489
f 491 806 490
f 492 806 491
f 492 805 806
f 493 805 492
f 636 665 666
f 636 637 665
f 494 805 493
f 495 805 494
f 495 804 805
f 459 671 458
f 459 669 670
f 459 670 671
f 496 804 495
f 497 804 496
f 497 803 804
f 498 803 497
f 499 803 498
f 499 802 803
f 500 802 499
f 500 382 802
f 501 382 500
f 501 381 382
f 502 381 501
f 503 380 381
f 503 381 502
f 504 380 503
f 505 380 504
f 505 379 380
f 506 379 505
f 507 379 506
f 507 378 379
f 508 378 507
f 509 377 378
f 509 378 508
f 510 377 509
f 460 669 459
f 460 667 668
f 460 668 669
f 511 377 510
f 512 376 377
f 512 377 511
f 513 376 512
f 514 376 513
f 375 376 514
f 375 514 515
f 375 515 516
f 461 666 667
f 461 667 460
f 461 636 666
f 374 375 516
f 374 516 517
f 374 517 518
f 374 518 519
f 462 635 636
f 462 636 461
f 574 566 567
f 574 567 568
f 574 568 569
f 574 569 570
f 574 570 571
f 574 571 572
f 574 572 573
f 373 520 521
f 373 374 519
f 373 519 520
f 575 562 563
f 575 563 564
f 575 564 565
f 575 565 566
f 575 566 574
f 463 634 635
f 463 635 462
f 576 562 575
f 576 558 559
f 576 559 560
f 576 560 561
f 576 561 562
f 372 521 522
f 372 522 523
f 372 373 521
f 577 558 576
f 577 555 556
f 577 556 557
f 577 557 558
f 578 555 577
f 578 553 554
f 578 554 555
f 464 633 634
f 464 634 463
f 579 551 552
f 579 552 553
f 579 553 578
f 371 523 524
f 371 524 525
f 371 525 526
f 371 372 523
f 580 550 551
f 580 551 579
f 465 632 633
f 465 633 464
f 370 526 527
f 370 527 528
f 370 371 526
f 466 631 632
f 466 632 465
f 369 528 529
f 369 529 530
f 369 370 528
f 467 630 631
f 467 631 466
f 368 530 531
f 368 531 532
f 368 532 533
f 368 369 530
f 468 629 630
f 468 630 467
f 367 533 534
f 367 534 535
f 367 368 533
f 469 628 629
f 469 629 468
f 366 535 536
f 366 536 537
f 366 367 535
f 470 627 628
f 470 628 469
f 365 537 538
f 365 538 539
f 365 539 540
f 365 366 537
f 471 626 627
f 471 627 470
f 364 540 541
f 364 365 540
f 364 541 542
f 472 625 626
f 472 626 471
f 363 542 543
f 363 543 544
f 363 364 542
f 473 624 625
f 473 625 472
f 362 544 545
f 362 545 546
f 362 363 544
f 474 623 624
f 474 624 473
f 361 546 547
f 361 547 548
f 361 362 546
f 475 622 623
f 475 623 474
f 360 548 549
f 360 549 550
f 360 550 580
f 360 361 548
f 476 621 622
f 476 622 475
f 359 360 580
f 359 580 581
f 319 621 476
f 319 620 621
f 358 581 582
f 358 359 581
f 320 620 319
f 320 619 620
f 357 582 583
f 357 358 582
f 321 619 320
f 321 618 619
f 356 583 584
f 356 357 583
f 322 618 321
f 322 617 618
f 355 584 585
f 355 356 584
f 323 617 322
f 323 616 617
f 354 355 585
f 354 585 586
f 324 615 616
f 324 616 323
f 353 586 587
f 353 354 586
f 325 615 324
f 325 614 615
f 352 353 587
f 352 587 588
f 326 614 325
f 326 613 614
f 351 352 588
f 351 588 589
f 327 613 326
f 327 612 613
f 350 351 589
f 350 589 590
f 328 612 327
f 328 611 612
f 349 590 591
f 349 350 590
f 329 611 328
f 329 610 611
f 348 349 591
f 348 591 592
f 330 610 329
f 330 609 610
f 347 348 592
f 347 592 593
f 331 609 330
f 331 608 609
f 346 347 593
f 346 593 594
f 332 608 331
f 332 607 608
f 345 346 594
f 345 594 595
f 333 607 332
f 333 606 607
f 344 345 595
f 344 595 596
f 334 606 333
f 334 605 606
f 343 344 596
f 343 596 597
f 335 605 334
f 335 604 605
f 342 597 598
f 342 343 597
f 336 604 335
f 336 603 604
f 341 342 598
f 341 598 599
f 337 603 336
f 337 602 603
f 340 341 599
f 340 599 600
f 338 602 337
f 338 601 602
f 339 340 600
f 339 601 338
f 339 600 601
f 878 880 950
f 878 879 880
f 877 950 949
f 877 878 950
f 876 949 948
f 876 877 949
f 875 948 947
f 875 876 948
f 874 946 945
f 874 947 946
f 874 875 947
f 873 874 945
f 872 945 944
f 872 873 945
f 871 944 943
f 871 872 944
f 870 943 942
f 870 871 943
f 869 942 941
f 869 870 942
f 868 941 940
f 868 869 941
f 867 940 939
f 867 868 940
f 866 938 937
f 866 939 938
f 866 867 939
f 865 937 936
f 865 866 937
f 864 865 936
f 864 936 935
f 863 864 935
f 862 863 935
f 862 935 934
f 861 862 934
f 861 934 933
f 860 932 931
f 860 933 932
f 860 861 933
f 859 860 931
f 858 930 929
f 858 931 930
f 858 859 931
f 857 929 928
f 857 858 929
f 856 857 928
f 855 928 927
f 855 856 928
f 854 926 925
f 854 927 926
f 854 855 927
f 853 854 925
f 852 924 923
f 852 925 924
f 852 853 925
f 851 852 923
f 850 922 921
f 850 923 922
f 850 851 923
f 849 850 921
f 848 920 919
f 848 921 920
f 848 849 921
f 847 848 919
f 846 918 917
f 846 919 918
f 846 847 919
f 845 846 917
f 844 917 916
f 844 845 917
f 843 916 915
f 843 844 916
f 842 915 914
f 842 843 915
f 841 914 913
f 841 842 914
f 840 913 912
f 840 841 913
f 839 912 911
f 839 840 912
f 838 911 910
f 838 839 911
f 837 838 910
f 837 910 909
f 836 837 909
f 836 909 908
f 835 836 908
f 835 908 907
f 834 835 907
f 834 907 906
f 833 834 906
f 833 906 905
f 832 833 905
f 832 905 904
f 831 832 904
f 831 904 903
f 830 831 903
f 830 903 902
f 829 830 902
f 829 902 901
f 828 829 901
f 828 900 899
f 828 901 900
f 827 828 899
f 826 827 899
f 826 899 898
f 825 826 898
f 825 898 897
f 824 825 897
f 824 896 895
f 824 897 896
f 823 824 895
f 822 823 895
f 822 895 894
f 821 822 894
f 821 894 893
f 820 893 892
f 820 821 893
f 819 892 891
f 819 820 892
f 818 890 889
f 818 891 890
f 818 819 891
f 817 818 889
f 816 889 888
f 816 817 889
f 815 816 888
f 815 888 887
f 814 815 887
f 814 886 885
f 814 887 886
f 813 814 885
f 812 813 885
f 812 885 884
f 811 812 884
f 811 884 883
f 810 811 883
f 810 882 881
f 810 883 882
f 809 810 881
f 1050 1049 1047
f 1050 1047 1046
f 1051 1050 1046
f 1051 1046 1045
f 1052 1051 1045
f 1052 1045 1044
f 1053 1052 1044
f 1053 1044 1043
f 1054 1053 1043
f 1054 1043 1042
f 1055 1054 1042
f 1055 1042 1041
f 1056 1055 1041
f 1056 1041 1040
f 1057 1056 1040
f 1057 1040 1039
f 1058 1057 1039
f 1058 1039 1038
f 1059 1058 1038
f 1059 1038 1037
f 1060 1059 1037
f 1060 1037 1036
f 1061 1060 1036
f 1061 1036 1035
f 1062 1061 1035
f 1062 1035 1034
f 1063 1062 1034
f 1063 1034 1033
f 1064 1063 1033
f 1064 1033 1032
f 1065 1064 1032
f 1065 1032 1031
f 1066 1065 1031
f 1066 1031 1030
f 1067 1066 1030
f 1067 1030 1029
f 1068 1067 1029
f 1068 1029 1028
f 1069 1028 1027
f 1069 1068 1028
f 1070 1027 1026
f 1070 1069 1027
f 1071 1026 1025
f 1071 1070 1026
f 1072 1025 1024
f 1072 1071 1025
f 1073 1024 1023
f 1073 1072 1024
f 1074 1023 1022
f 1074 1073 1023
f 1075 1074 1022
f 1075 1022 1021
f 1076 1075 1021
f 1076 1021 1020
f 1077 1076 1020
f 1077 1020 1019
f 1078 1077 1019
f 1078 1019 1018
f 1079 1078 1018
f 1079 1018 1017
f 1080 1079 1017
f 1080 1017 1016
f 1081 1080 1016
f 1081 1016 1015
f 1082 1081 1015
f 1082 1015 1014
f 1083 1082 1014
f 1083 1014 1013
f 1084 1083 1013
f 1084 1013 1012
f 1085 1084 1012
f 1085 1012 1011
f 1086 1085 1011
f 1086 1011 1010
f 1087 1086 1010
f 1087 1010 1009
f 1088 1087 1009
f 1088 1009 1008
f 1089 1008 1007
f 1089 1088 1008
f 1090 1007 1006
f 1090 1089 1007
f 1091 1006 1005
f 1091 1090 1006
f 1092 1005 1004
f 1092 1091 1005
f 1093 1004 1003
f 1093 1092 1004
f 1094 1003 1002
f 1094 1093 1003
f 1095 1002 1001
f 1095 1094 1002
f 1096 1001 1000
f 1096 1095 1001
f 1097 1000 999
f 1097 1096 1000
f 1098 999 998
f 1098 1097 999
f 1099 998 997
f 1099 1098 998
f 1100 1099 997
f 1100 997 996
f 1101 1100 996
f 1101 996 995
f 1102 1101 995
f 1102 995 994
f 1103 1102 994
f 1103 994 993
f 1104 1103 993
f 1104 993 992
f 1105 1104 992
f 1105 992 991
f 1106 1105 991
f 1106 991 990
f 1107 1106 990
f 1107 990 989
f 1108 1107 989
f 1108 989 988
f 1109 988 987
f 1109 1108 988
f 1110 987 986
f 1110 1109 987
f 1111 1110 986
f 1111 986 985
f 1112 985 984
f 1112 1111 985
f 1113 984 983
f 1113 1112 984
f 1114 983 982
f 1114 1113 983
f 1115 982 981
f 1115 1114 982
f 1116 981 980
f 1116 1115 981
f 1117 980 979
f 1117 1116 980
f 1118 979 978
f 1118 1117 979
f 1119 978 977
f 1119 1118 978
f 1120 977 976
f 1120 1119 977
f 1121 976 975
f 1121 1120 976
f 1122 975 974
f 1122 1121 975
f 1123 974 973
f 1123 1122 974
f 1124 973 972
f 1124 1123 973
f 1125 972 971
f 1125 1124 972
f 1126 1125 971
f 1126 971 970
f 1127 1126 970
f 1127 970 969
f 1128 1127 969
f 1128 969 968
f 1129 968 967
f 1129 1128 968
f 1130 967 966
f 1130 1129 967
f 1131 1130 966
f 1131 966 965
f 1132 965 964
f 1132 1131 965
f 1133 964 963
f 1133 1132 964
f 1134 963 962
f 1134 1133 963
f 1135 962 961
f 1135 1134 962
f 1136 961 960
f 1136 1135 961
f 1137 960 959
f 1137 1136 960
f 1138 959 958
f 1138 1137 959
f 1139 958 957
f 1139 1138 958
f 1140 957 956
f 1140 1139 957
f 1141 956 955
f 1141 1140 956
f 1142 955 954
f 1142 1141 955
f 1143 954 953
f 1143 1142 954
f 1144 953 952
f 1144 1143 953
f 1048 952 951
f 1048 1144 952
f 1218 1217 1215
f 1218 1215 1214
f 1219 1218 1214
f 1219 1214 1213
f 1220 1219 1213
f 1220 1213 1212
f 1221 1220 1212
f 1221 1212 1211
f 1222 1211 1210
f 1222 1221 1211
f 1223 1222 1210
f 1223 1210 1209
f 1224 1209 1208
f 1224 1223 1209
f 1225 1208 1207
f 1225 1224 1208
f 1226 1207 1206
f 1226 1225 1207
f 1227 1206 1205
f 1227 1226 1206
f 1228 1205 1204
f 1228 1227 1205
f 1229 1204 1203
f 1229 1228 1204
f 1230 1203 1202
f 1230 1229 1203
f 1231 1230 1202
f 1231 1202 1201
f 1232 1231 1201
f 1232 1201 1200
f 1233 1232 1200
f 1233 1200 1199
f 1234 1233 1199
f 1234 1199 1198
f 1235 1234 1198
f 1235 1198 1197
f 1236 1235 1197
f 1236 1197 1196
f 1237 1236 1196
f 1237 1196 1195
f 1238 1237 1195
f 1238 1195 1194
f 1239 1238 1194
f 1239 1194 1193
f 1240 1239 1193
f 1240 1193 1192
f 1241 1240 1192
f 1241 1192 1191
f 1242 1191 1190
f 1242 1241 1191
f 1243 1190 1189
f 1243 1242 1190
f 1244 1189 1188
f 1244 1243 1189
f 1245 1188 1187
f 1245 1244 1188
f 1246 1187 1186
f 1246 1245 1187
f 1247 1186 1185
f 1247 1246 1186
f 1248 1185 1184
f 1248 1247 1185
f 1249 1184 1183
f 1249 1248 1184
f 1250 1183 1182
f 1250 1249 1183
f 1251 1182 1181
f 1251 1250 1182
f 1252 1181 1180
f 1252 1251 1181
f 1253 1180 1179
f 1253 1252 1180
f 1254 1179 1178
f 1254 1253 1179
f 1255 1178 1177
f 1255 1254 1178
f 1256 1255 1177
f 1256 1177 1176
f 1257 1256 1176
f 1257 1176 1175
f 1258 1257 1175
f 1258 1175 1174
f 1259 1258 1174
f 1259 1174 1173
f 1260 1259 1173
f 1260 1173 1172
f 1261 1260 1172
f 1261 1172 1171
f 1262 1171 1170
f 1262 1261 1171
f 1263 1170 1169
f 1263 1262 1170
f 1264 1169 1168
f 1264 1263 1169
f 1265 1168 1167
f 1265 1264 1168
f 1266 1167 1166
f 1266 1265 1167
f 1267 1166 1165
f 1267 1266 1166
f 1268 1165 1164
f 1268 1267 1165
f 1269 1164 1163
f 1269 1268 1164
f 1270 1163 1162
f 1270 1269 1163
f 1271 1162 1161
f 1271 1270 1162
f 1272 1161 1160
f 1272 1271 1161
f 1273 1160 1159
f 1273 1272 1160
f 1274 1159 1158
f 1274 1273 1159
f 1275 1158 1157
f 1275 1274 1158
f 1276 1157 1156
f 1276 1275 1157
f 1277 1156 1155
f 1277 1276 1156
f 1278 1155 1154
f 1278 1277 1155
f 1279 1154 1153
f 1279 1278 1154
f 1280 1153 1152
f 1280 1279 1153
f 1281 1152 1151
f 1281 1280 1152
f 1282 1281 1151
f 1282 1151 1150
f 1283 1150 1149
f 1283 1282 1150
f 1284 1283 1149
f 1284 1149 1148
f 1285 1148 1147
f 1285 1284 1148
f 1286 1147 1146
f 1286 1285 1147
f 1216 1146 1145
f 1216 1286 1146
f 1383 1384 1480
f 1382 1383 1480
f 1381 1382 1480
f 1381 1480 1479
f 1380 1381 1479
f 1380 1479 1478
f 1379 1380 1478
f 1379 1478 1477
f 1378 1379 1477
f 1378 1476 1475
f 1378 1477 1476
f 1377 1378 1475
f 1376 1377 1475
f 1376 1475 1474
f 1375 1376 1474
f 1375 1474 1473
f 1374 1375 1473
f 1374 1473 1472
f 1373 1374 1472
f 1373 1472 1471
f 1372 1373 1471
f 1372 1471 1470
f 1371 1372 1470
f 1371 1470 1469
f 1370 1371 1469
f 1370 1468 1467
f 1370 1469 1468
f 1369 1370 1467
f 1368 1369 1467
f 1368 1467 1466
f 1367 1368 1466
f 1367 1466 1465
f 1366 1367 1465
f 1366 1465 1464
f 1365 1366 1464
f 1365 1464 1463
f 1364 1463 1462
f 1364 1365 1463
f 1363 1462 1461
f 1363 1364 1462
f 1362 1461 1460
f 1362 1363 1461
f 1361 1460 1459
f 1361 1362 1460
f 1360 1459 1458
f 1360 1361 1459
f 1359 1457 1456
f 1359 1458 1457
f 1359 1360 1458
f 1358 1359 1456
f 1357 1358 1456
f 1357 1456 1455
f 1356 1357 1455
f 1356 1454 1453
f 1356 1455 1454
f 1355 1356 1453
f 1354 1355 1453
f 1354 1453 1452
f 1353 1354 1452
f 1353 1452 1451
f 1352 1353 1451
f 1352 1450 1449
f 1352 1451 1450
f 1351 1352 1449
f 1350 1351 1449
f 1350 1449 1448
f 1349 1350 1448
f 1349 1448 1447
f 1348 1349 1447
f 1348 1447 1446
f 1347 1348 1446
f 1347 1446 1445
f 1346 1347 1445
f 1346 1445 1444
f 1345 1346 1444
f 1345 1444 1443
f 1344 1443 1442
f 1344 1345 1443
f 1343 1442 1441
f 1343 1344 1442
f 1342 1441 1440
f 1342 1343 1441
f 1341 1440 1439
f 1341 1342 1440
f 1340 1439 1438
f 1340 1341 1439
f 1339 1438 1437
f 1339 1340 1438
f 1338 1437 1436
f 1338 1339 1437
f 1337 1436 1435
f 1337 1338 1436
f 1336 1435 1434
f 1336 1337 1435
f 1335 1434 1433
f 1335 1336 1434
f 1334 1433 1432
f 1334 1335 1433
f 1333 1431 1430
f 1333 1432 1431
f 1333 1334 1432
f 1332 1430 1429
f 1332 1333 1430
f 1331 1332 1429
f 1330 1331 1429
f 1330 1429 1428
f 1329 1330 1428
f 1329 1428 1427
f 1328 1329 1427
f 1328 1427 1426
f 1327 1328 1426
f 1327 1426 1425
f 1326 1327 1425
f 1326 1424 1423
f 1326 1425 1424
f 1325 1326 1423
f 1324 1325 1423
f 1324 1423 1422
f 1323 1422 1421
f 1323 1324 1422
f 1322 1421 1420
f 1322 1323 1421
f 1321 1420 1419
f 1321 1322 1420
f 1320 1418 1417
f 1320 1419 1418
f 1320 1321 1419
f 1319 1320 1417
f 1318 1417 1416
f 1318 1319 1417
f 1317 1416 1415
f 1317 1318 1416
f 1316 1414 1413
f 1316 1415 1414
f 1316 1317 1415
f 1315 1316 1413
f 1314 1413 1412
f 1314 1315 1413
f 1313 1412 1411
f 1313 1314 1412
f 1312 1411 1410
f 1312 1313 1411
f 1311 1410 1409
f 1311 1312 1410
f 1310 1408 1407
f 1310 1409 1408
f 1310 1311 1409
f 1309 1310 1407
f 1308 1407 1406
f 1308 1309 1407
f 1307 1405 1404
f 1307 1406 1405
f 1307 1308 1406
f 1306 1404 1403
f 1306 1307 1404
f 1305 1306 1403
f 1304 1305 1403
f 1304 1403 1402
f 1303 1402 1401
f 1303 1304 1402
f 1302 1401 1400
f 1302 1303 1401
f 1301 1400 1399
f 1301 1302 1400
f 1300 1399 1398
f 1300 1301 1399
f 1299 1398 1397
f 1299 1300 1398
f 1298 1396 1395
f 1298 1397 1396
f 1298 1299 1397
f 1297 1298 1395
f 1296 1395 1394
f 1296 1297 1395
f 1295 1394 1393
f 1295 1296 1394
f 1294 1393 1392
f 1294 1295 1393
f 1293 1391 1390
f 1293 1392 1391
f 1293 1294 1392
f 1292 1293 1390
f 1291 1390 1389
f 1291 1292 1390
f 1290 1389 1388
f 1290 1291 1389
f 1290 1388 1387
f 1289 1290 1387
f 1288 1289 1387
f 1288 1387 1386
f 1287 1288 1386
f 1287 1386 1385
f 1929 1580 1579
f 1928 1580 1929
f 1928 1581 1580
f 1930 1929 1579
f 1930 1579 1578
f 1927 1582 1581
f 1927 1581 1928
f 1931 1930 1578
f 1931 1578 1577
f 1926 1583 1582
f 1926 1582 1927
f 1932 1931 1577
f 1932 1577 1576
f 1925 1584 1583
f 1925 1583 1926
f 1933 1932 1576
f 1933 1576 1575
f 1924 1585 1584
f 1924 1584 1925
f 1934 1933 1575
f 1934 1575 1574
f 1923 1586 1585
f 1923 1585 1924
f 1935 1934 1574
f 1935 1574 1573
f 1922 1587 1586
f 1922 1586 1923
f 1936 1935 1573
f 1936 1573 1572
f 1921 1588 1587
f 1921 1587 1922
f 1937 1936 1572
f 1937 1572 1571
f 1920 1589 1588
f 1920 1588 1921
f 1938 1937 1571
f 1938 1571 1570
f 1919 1590 1589
f 1919 1589 1920
f 1939 1938 1570
f 1939 1570 1569
f 1918 1590 1919
f 1918 1591 1590
f 1940 1939 1569
f 1940 1569 1568
f 1917 1592 1591
f 1917 1591 1918
f 1941 1940 1568
f 1941 1568 1567
f 1916 1593 1592
f 1916 1592 1917
f 1942 1941 1567
f 1942 1567 1566
f 1915 1594 1593
f 1915 1593 1916
f 1943 1942 1566
f 1943 1566 1565
f 1914 1595 1594
f 1914 1594 1915
f 1944 1943 1565
f 1944 1565 1564
f 1913 1595 1914
f 1913 1596 1595
f 1945 1944 1564
f 1945 1564 1563
f 1912 1597 1596
f 1912 1596 1913
f 1946 1945 1563
f 1946 1563 1562
f 1911 1598 1597
f 1911 1597 1912
f 1947 1562 1561
f 1947 1946 1562
f 1910 1599 1598
f 1910 1598 1911
f 1948 1947 1561
f 1948 1561 1560
f 1909 1600 1599
f 1909 1599 1910
f 1949 1560 1559
f 1949 1948 1560
f 1908 1601 1600
f 1908 1600 1909
f 1950 1949 1559
f 1950 1559 1558
f 1951 1950 1558
f 1951 1558 1557
f 1952 1951 1557
f 1952 1557 1556
f 1953 1952 1556
f 1953 1556 1555
f 1954 1953 1555
f 1954 1555 1554
f 1955 1954 1554
f 1955 1554 1553
f 1821 1905 1904
f 1821 1822 1905
f 1823 1905 1822
f 1820 1821 1904
f 1824 1906 1905
f 1824 1905 1823
f 1819 1820 1904
f 1825 1906 1824
f 1818 1819 1904
f 1826 1907 1906
f 1826 1906 1825
f 1817 1904 1903
f 1817 1818 1904
f 1827 1907 1826
f 1816 1817 1903
f 1828 1907 1827
f 1828 1908 1907
f 1815 1816 1903
f 1829 1908 1828
f 1829 1601 1908
f 1814 1815 1903
f 1830 1601 1829
f 1813 1903 1902
f 1813 1814 1903
f 1831 1602 1601
f 1831 1601 1830
f 1812 1813 1902
f 1832 1602 1831
f 1811 1812 1902
f 1833 1603 1602
f 1833 1602 1832
f 1810 1811 1902
f 1834 1603 1833
f 1809 1810 1902
f 1835 1604 1603
f 1835 1603 1834
f 1808 1809 1902
f 1836 1604 1835
f 1807 1808 1902
f 1956 1955 1553
f 1956 1553 1552
f 1837 1605 1604
f 1837 1604 1836
f 1806 1807 1902
f 1838 1605 1837
f 1839 1606 1605
f 1839 1605 1838
f 1840 1606 1839
f 1841 1606 1840
f 1842 1606 1841
f 1842 1607 1606
f 1843 1607 1842
f 1844 1607 1843
f 1844 1608 1607
f 1957 1552 1551
f 1957 1956 1552
f 1845 1608 1844
f 1846 1608 1845
f 1846 1609 1608
f 1847 1609 1846
f 1848 1609 1847
f 1849 1609 1848
f 1849 1610 1609
f 1850 1610 1849
f 1958 1957 1551
f 1958 1551 1550
f 1851 1610 1850
f 1851 1611 1610
f 1852 1611 1851
f 1853 1611 1852
f 1853 1612 1611
f 1854 1612 1853
f 1855 1612 1854
f 1959 1958 1550
f 1959 1550 1549
f 1856 1613 1612
f 1856 1612 1855
f 1857 1613 1856
f 1858 1614 1613
f 1858 1613 1857
f 1859 1614 1858
f 1860 1615 1614
f 1860 1614 1859
f 1960 1959 1549
f 1960 1549 1548
f 1861 1615 1860
f 1862 1615 1861
f 1863 1616 1615
f 1863 1615 1862
f 1864 1616 1863
f 1865 1616 1864
f 1961 1960 1548
f 1961 1548 1547
f 1962 1547 1546
f 1962 1961 1547
f 1617 1616 1865
f 1617 1865 1866
f 1617 1866 1867
f 1963 1962 1546
f 1963 1546 1545
f 1964 1545 1544
f 1964 1963 1545
f 1618 1617 1867
f 1618 1867 1868
f 1618 1868 1869
f 1618 1869 1870
f 1737 1895 1896
f 1737 1896 1897
f 1737 1897 1898
f 1737 1898 1899
f 1737 1899 1900
f 1737 1900 1901
f 1737 1901 1736
f 1738 1891 1892
f 1738 1892 1893
f 1738 1893 1894
f 1738 1894 1895
f 1738 1895 1737
f 1619 1618 1870
f 1619 1870 1871
f 1619 1871 1872
f 1739 1887 1888
f 1739 1888 1889
f 1739 1889 1890
f 1739 1890 1891
f 1739 1891 1738
f 1740 1885 1886
f 1740 1886 1887
f 1740 1887 1739
f 1740 1884 1885
f 1620 1619 1872
f 1620 1872 1873
f 1620 1873 1874
f 1741 1884 1740
f 1741 1882 1883
f 1741 1883 1884
f 1742 1882 1741
f 1742 1880 1881
f 1742 1881 1882
f 1639 1970 1640
f 1641 1640 1970
f 1642 1641 1970
f 1643 1642 1970
f 1644 1643 1970
f 1645 1644 1970
f 1646 1645 1970
f 1646 1970 1969
f 1647 1646 1969
f 1648 1647 1969
f 1649 1648 1969
f 1650 1649 1969
f 1650 1969 1968
f 1651 1650 1968
f 1652 1651 1968
f 1653 1652 1968
f 1654 1968 1967
f 1654 1653 1968
f 1655 1654 1967
f 1743 1880 1742
f 1743 1879 1880
f 1656 1655 1967
f 1657 1656 1967
f 1657 1967 1966
f 1621 1620 1874
f 1621 1874 1875
f 1621 1875 1876
f 1658 1657 1966
f 1659 1658 1966
f 1659 1966 1965
f 1660 1659 1965
f 1661 1965 1964
f 1661 1660 1965
f 1662 1661 1964
f 1662 1964 1544
f 1663 1662 1544
f 1663 1544 1543
f 1664 1663 1543
f 1665 1543 1542
f 1665 1664 1543
f 1666 1665 1542
f 1667 1666 1542
f 1667 1542 1541
f 1668 1667 1541
f 1669 1668 1541
f 1669 1541 1540
f 1670 1669 1540
f 1671 1540 1539
f 1671 1670 1540
f 1672 1671 1539
f 1622 1621 1876
f 1622 1876 1877
f 1622 1877 1878
f 1673 1672 1539
f 1674 1539 1538
f 1674 1673 1539
f 1675 1674 1538
f 1676 1675 1538
f 1537 1676 1538
f 1537 1677 1676
f 1537 1678 1677
f 1623 1879 1743
f 1623 1622 1878
f 1623 1878 1879
f 1536 1678 1537
f 1536 1679 1678
f 1536 1680 1679
f 1536 1681 1680
f 1624 1623 1743
f 1624 1743 1744
f 1805 1729 1728
f 1805 1730 1729
f 1805 1731 1730
f 1805 1732 1731
f 1805 1733 1732
f 1805 1734 1733
f 1805 1735 1734
f 1535 1683 1682
f 1535 1681 1536
f 1535 1682 1681
f 1804 1725 1724
f 1804 1726 1725
f 1804 1727 1726
f 1804 1728 1727
f 1804 1805 1728
f 1625 1744 1745
f 1625 1624 1744
f 1803 1804 1724
f 1803 1721 1720
f 1803 1722 1721
f 1803 1723 1722
f 1803 1724 1723
f 1534 1684 1683
f 1534 1685 1684
f 1534 1683 1535
f 1802 1718 1717
f 1802 1719 1718
f 1802 1720 1719
f 1802 1803 1720
f 1801 1716 1715
f 1801 1717 1716
f 1801 1802 1717
f 1626 1625 1745
f 1626 1745 1746
f 1800 1714 1713
f 1800 1715 1714
f 1800 1801 1715
f 1533 1686 1685
f 1533 1687 1686
f 1533 1688 1687
f 1533 1685 1534
f 1799 1713 1712
f 1799 1800 1713
f 1627 1626 1746
f 1627 1746 1747
f 1532 1689 1688
f 1532 1690 1689
f 1532 1688 1533
f 1628 1627 1747
f 1628 1747 1748
f 1531 1691 1690
f 1531 1692 1691
f 1531 1690 1532
f 1629 1628 1748
f 1629 1748 1749
f 1530 1693 1692
f 1530 1694 1693
f 1530 1695 1694
f 1530 1692 1531
f 1630 1749 1750
f 1630 1629 1749
f 1529 1695 1530
f 1529 1696 1695
f 1529 1697 1696
f 1631 1630 1750
f 1631 1750 1751
f 1528 1698 1697
f 1528 1699 1698
f 1528 1697 1529
f 1632 1631 1751
f 1632 1751 1752
f 1527 1699 1528
f 1527 1700 1699
f 1527 1701 1700
f 1527 1702 1701
f 1633 1632 1752
f 1633 1752 1753
f 1526 1703 1702
f 1526 1704 1703
f 1526 1702 1527
f 1634 1633 1753
f 1634 1753 1754
f 1525 1704 1526
f 1525 1705 1704
f 1525 1706 1705
f 1635 1634 1754
f 1635 1754 1755
f 1524 1706 1525
f 1524 1707 1706
f 1524 1708 1707
f 1636 1635 1755
f 1636 1755 1756
f 1523 1709 1708
f 1523 1710 1709
f 1523 1708 1524
f 1637 1636 1756
f 1637 1756 1757
f 1522 1799 1712
f 1522 1711 1710
f 1522 1712 1711
f 1522 1710 1523
f 1638 1637 1757
f 1638 1757 1758
f 1521 1798 1799
f 1521 1799 1522
f 1481 1638 1758
f 1481 1758 1759
f 1520 1797 1798
f 1520 1798 1521
f 1482 1759 1760
f 1482 1481 1759
f 1519 1796 1797
f 1519 1797 1520
f 1483 1760 1761
f 1483 1482 1760
f 1518 1795 1796
f 1518 1796 1519
f 1484 1483 1761
f 1484 1761 1762
f 1517 1794 1795
f 1517 1795 1518
f 1485 1762 1763
f 1485 1484 1762
f 1516 1793 1794
f 1516 1794 1517
f 1486 1763 1764
f 1486 1485 1763
f 1515 1792 1793
f 1515 1793 1516
f 1487 1486 1764
f 1487 1764 1765
f 1514 1791 1792
f 1514 1792 1515
f 1488 1765 1766
f 1488 1487 1765
f 1513 1791 1514
f 1513 1790 1791
f 1489 1488 1766
f 1489 1766 1767
f 1512 1789 1790
f 1512 1790 1513
f 1490 1489 1767
f 1490 1767 1768
f 1511 1788 1789
f 1511 1789 1512
f 1491 1768 1769
f 1491 1490 1768
f 1510 1787 1788
f 1510 1788 1511
f 1492 1491 1769
f 1492 1769 1770
f 1509 1786 1787
f 1509 1787 1510
f 1493 1770 1771
f 1493 1492 1770
f 1508 1785 1786
f 1508 1786 1509
f 1494 1493 1771
f 1494 1771 1772
f 1507 1784 1785
f 1507 1785 1508
f 1495 1494 1772
f 1495 1772 1773
f 1506 1784 1507
f 1506 1783 1784
f 1496 1495 1773
f 1496 1773 1774
f 1505 1783 1506
f 1505 1782 1783
f 1497 1774 1775
f 1497 1496 1774
f 1504 1782 1505
f 1504 1781 1782
f 1498 1497 1775
f 1498 1775 1776
f 1503 1781 1504
f 1503 1780 1781
f 1499 1498 1776
f 1499 1776 1777
f 1502 1780 1503
f 1502 1779 1780
f 1500 1499 1777
f 1500 1777 1778
f 1501 1779 1502
f 1501 1500 1778
f 1501 1778 1779
