# Assembly coordinates in millimetres, Z-up.
mtllib Flexure_Retention_System.mtl
o Flexure_Retention_System
v 18.3000000 0.0000000 11.0000000 0.96 0.64 0.18
v 18.3000000 0.0000000 12.1000000 0.96 0.64 0.18
v 13.7276511 -12.1013055 11.0000000 0.96 0.64 0.18
v 14.1777936 -11.5706598 11.0000000 0.96 0.64 0.18
v 14.6074367 -11.0232842 11.0000000 0.96 0.64 0.18
v 15.0159590 -10.4599701 11.0000000 0.96 0.64 0.18
v 15.4027699 -9.8815322 11.0000000 0.96 0.64 0.18
v 15.7673102 -9.2888066 11.0000000 0.96 0.64 0.18
v 16.1090527 -8.6826505 11.0000000 0.96 0.64 0.18
v 16.4275034 -8.0639402 11.0000000 0.96 0.64 0.18
v 16.7222017 -7.4335704 11.0000000 0.96 0.64 0.18
v 16.9927216 -6.7924525 11.0000000 0.96 0.64 0.18
v 17.2386720 -6.1415135 11.0000000 0.96 0.64 0.18
v 17.4596972 -5.4816946 11.0000000 0.96 0.64 0.18
v 17.6554776 -4.8139497 11.0000000 0.96 0.64 0.18
v 17.8257302 -4.1392444 11.0000000 0.96 0.64 0.18
v 17.9702088 -3.4585542 11.0000000 0.96 0.64 0.18
v 18.0887045 -2.7728633 11.0000000 0.96 0.64 0.18
v 18.1810459 -2.0831632 11.0000000 0.96 0.64 0.18
v 18.2470997 -1.3904511 11.0000000 0.96 0.64 0.18
v 18.2867701 -0.6957285 11.0000000 0.96 0.64 0.18
v 13.7276511 -12.1013055 12.0000000 0.96 0.64 0.18
v 13.4709988 -12.3863712 12.0000000 0.96 0.64 0.18
v 13.2084280 -12.6659950 12.0000000 0.96 0.64 0.18
v 12.9400541 -12.9400541 12.0000000 0.96 0.64 0.18
v 12.6659950 -13.2084280 12.0000000 0.96 0.64 0.18
v 12.3863712 -13.4709988 12.0000000 0.96 0.64 0.18
v 12.1013055 -13.7276511 12.0000000 0.96 0.64 0.18
v 12.1013055 -13.7276511 11.0000000 0.96 0.64 0.18
v -12.1013055 -13.7276511 11.0000000 0.96 0.64 0.18
v -11.5560823 -14.1896780 11.0000000 0.96 0.64 0.18
v -10.9932350 -14.6300644 11.0000000 0.96 0.64 0.18
v -10.4136221 -15.0481386 11.0000000 0.96 0.64 0.18
v -9.8181274 -15.4432630 11.0000000 0.96 0.64 0.18
v -9.2076593 -15.8148351 11.0000000 0.96 0.64 0.18
v -8.5831486 -16.1622882 11.0000000 0.96 0.64 0.18
v -7.9455479 -16.4850923 11.0000000 0.96 0.64 0.18
v -7.2958295 -16.7827552 11.0000000 0.96 0.64 0.18
v -6.6349843 -17.0548229 11.0000000 0.96 0.64 0.18
v -5.9640201 -17.3008804 11.0000000 0.96 0.64 0.18
v -5.2839603 -17.5205526 11.0000000 0.96 0.64 0.18
v -4.5958420 -17.7135044 11.0000000 0.96 0.64 0.18
v -3.9007146 -17.8794414 11.0000000 0.96 0.64 0.18
v -3.1996383 -18.0181107 11.0000000 0.96 0.64 0.18
v -2.4936822 -18.1293008 11.0000000 0.96 0.64 0.18
v -1.7839230 -18.2128421 11.0000000 0.96 0.64 0.18
v -1.0714432 -18.2686072 11.0000000 0.96 0.64 0.18
v -0.3573294 -18.2965110 11.0000000 0.96 0.64 0.18
v 0.3573294 -18.2965110 11.0000000 0.96 0.64 0.18
v 1.0714432 -18.2686072 11.0000000 0.96 0.64 0.18
v 1.7839230 -18.2128421 11.0000000 0.96 0.64 0.18
v 2.4936822 -18.1293008 11.0000000 0.96 0.64 0.18
v 3.1996383 -18.0181107 11.0000000 0.96 0.64 0.18
v 3.9007146 -17.8794414 11.0000000 0.96 0.64 0.18
v 4.5958420 -17.7135044 11.0000000 0.96 0.64 0.18
v 5.2839603 -17.5205526 11.0000000 0.96 0.64 0.18
v 5.9640201 -17.3008804 11.0000000 0.96 0.64 0.18
v 6.6349843 -17.0548229 11.0000000 0.96 0.64 0.18
v 7.2958295 -16.7827552 11.0000000 0.96 0.64 0.18
v 7.9455479 -16.4850923 11.0000000 0.96 0.64 0.18
v 8.5831486 -16.1622882 11.0000000 0.96 0.64 0.18
v 9.2076593 -15.8148351 11.0000000 0.96 0.64 0.18
v 9.8181274 -15.4432630 11.0000000 0.96 0.64 0.18
v 10.4136221 -15.0481386 11.0000000 0.96 0.64 0.18
v 10.9932350 -14.6300644 11.0000000 0.96 0.64 0.18
v 11.5560823 -14.1896780 11.0000000 0.96 0.64 0.18
v -12.1013055 -13.7276511 12.0000000 0.96 0.64 0.18
v -12.3863712 -13.4709988 12.0000000 0.96 0.64 0.18
v -12.6659950 -13.2084280 12.0000000 0.96 0.64 0.18
v -12.9400541 -12.9400541 12.0000000 0.96 0.64 0.18
v -13.2084280 -12.6659950 12.0000000 0.96 0.64 0.18
v -13.4709988 -12.3863712 12.0000000 0.96 0.64 0.18
v -13.7276511 -12.1013055 12.0000000 0.96 0.64 0.18
v -13.7276511 -12.1013055 11.0000000 0.96 0.64 0.18
v -13.7276511 12.1013055 11.0000000 0.96 0.64 0.18
v -14.1896780 11.5560823 11.0000000 0.96 0.64 0.18
v -14.6300644 10.9932350 11.0000000 0.96 0.64 0.18
v -15.0481386 10.4136221 11.0000000 0.96 0.64 0.18
v -15.4432630 9.8181274 11.0000000 0.96 0.64 0.18
v -15.8148351 9.2076593 11.0000000 0.96 0.64 0.18
v -16.1622882 8.5831486 11.0000000 0.96 0.64 0.18
v -16.4850923 7.9455479 11.0000000 0.96 0.64 0.18
v -16.7827552 7.2958295 11.0000000 0.96 0.64 0.18
v -17.0548229 6.6349843 11.0000000 0.96 0.64 0.18
v -17.3008804 5.9640201 11.0000000 0.96 0.64 0.18
v -17.5205526 5.2839603 11.0000000 0.96 0.64 0.18
v -17.7135044 4.5958420 11.0000000 0.96 0.64 0.18
v -17.8794414 3.9007146 11.0000000 0.96 0.64 0.18
v -18.0181107 3.1996383 11.0000000 0.96 0.64 0.18
v -18.1293008 2.4936822 11.0000000 0.96 0.64 0.18
v -18.2128421 1.7839230 11.0000000 0.96 0.64 0.18
v -18.2686072 1.0714432 11.0000000 0.96 0.64 0.18
v -18.2965110 0.3573294 11.0000000 0.96 0.64 0.18
v -18.2965110 -0.3573294 11.0000000 0.96 0.64 0.18
v -18.2686072 -1.0714432 11.0000000 0.96 0.64 0.18
v -18.2128421 -1.7839230 11.0000000 0.96 0.64 0.18
v -18.1293008 -2.4936822 11.0000000 0.96 0.64 0.18
v -18.0181107 -3.1996383 11.0000000 0.96 0.64 0.18
v -17.8794414 -3.9007146 11.0000000 0.96 0.64 0.18
v -17.7135044 -4.5958420 11.0000000 0.96 0.64 0.18
v -17.5205526 -5.2839603 11.0000000 0.96 0.64 0.18
v -17.3008804 -5.9640201 11.0000000 0.96 0.64 0.18
v -17.0548229 -6.6349843 11.0000000 0.96 0.64 0.18
v -16.7827552 -7.2958295 11.0000000 0.96 0.64 0.18
v -16.4850923 -7.9455479 11.0000000 0.96 0.64 0.18
v -16.1622882 -8.5831486 11.0000000 0.96 0.64 0.18
v -15.8148351 -9.2076593 11.0000000 0.96 0.64 0.18
v -15.4432630 -9.8181274 11.0000000 0.96 0.64 0.18
v -15.0481386 -10.4136221 11.0000000 0.96 0.64 0.18
v -14.6300644 -10.9932350 11.0000000 0.96 0.64 0.18
v -14.1896780 -11.5560823 11.0000000 0.96 0.64 0.18
v -13.7276511 12.1013055 12.0000000 0.96 0.64 0.18
v -13.4709988 12.3863712 12.0000000 0.96 0.64 0.18
v -13.2084280 12.6659950 12.0000000 0.96 0.64 0.18
v -12.9400541 12.9400541 12.0000000 0.96 0.64 0.18
v -12.6659950 13.2084280 12.0000000 0.96 0.64 0.18
v -12.3863712 13.4709988 12.0000000 0.96 0.64 0.18
v -12.1013055 13.7276511 12.0000000 0.96 0.64 0.18
v -12.1013055 13.7276511 11.0000000 0.96 0.64 0.18
v 12.1013055 13.7276511 11.0000000 0.96 0.64 0.18
v 11.5560823 14.1896780 11.0000000 0.96 0.64 0.18
v 10.9932350 14.6300644 11.0000000 0.96 0.64 0.18
v 10.4136221 15.0481386 11.0000000 0.96 0.64 0.18
v 9.8181274 15.4432630 11.0000000 0.96 0.64 0.18
v 9.2076593 15.8148351 11.0000000 0.96 0.64 0.18
v 8.5831486 16.1622882 11.0000000 0.96 0.64 0.18
v 7.9455479 16.4850923 11.0000000 0.96 0.64 0.18
v 7.2958295 16.7827552 11.0000000 0.96 0.64 0.18
v 6.6349843 17.0548229 11.0000000 0.96 0.64 0.18
v 5.9640201 17.3008804 11.0000000 0.96 0.64 0.18
v 5.2839603 17.5205526 11.0000000 0.96 0.64 0.18
v 4.5958420 17.7135044 11.0000000 0.96 0.64 0.18
v 3.9007146 17.8794414 11.0000000 0.96 0.64 0.18
v 3.1996383 18.0181107 11.0000000 0.96 0.64 0.18
v 2.4936822 18.1293008 11.0000000 0.96 0.64 0.18
v 1.7839230 18.2128421 11.0000000 0.96 0.64 0.18
v 1.0714432 18.2686072 11.0000000 0.96 0.64 0.18
v 0.3573294 18.2965110 11.0000000 0.96 0.64 0.18
v -0.3573294 18.2965110 11.0000000 0.96 0.64 0.18
v -1.0714432 18.2686072 11.0000000 0.96 0.64 0.18
v -1.7839230 18.2128421 11.0000000 0.96 0.64 0.18
v -2.4936822 18.1293008 11.0000000 0.96 0.64 0.18
v -3.1996383 18.0181107 11.0000000 0.96 0.64 0.18
v -3.9007146 17.8794414 11.0000000 0.96 0.64 0.18
v -4.5958420 17.7135044 11.0000000 0.96 0.64 0.18
v -5.2839603 17.5205526 11.0000000 0.96 0.64 0.18
v -5.9640201 17.3008804 11.0000000 0.96 0.64 0.18
v -6.6349843 17.0548229 11.0000000 0.96 0.64 0.18
v -7.2958295 16.7827552 11.0000000 0.96 0.64 0.18
v -7.9455479 16.4850923 11.0000000 0.96 0.64 0.18
v -8.5831486 16.1622882 11.0000000 0.96 0.64 0.18
v -9.2076593 15.8148351 11.0000000 0.96 0.64 0.18
v -9.8181274 15.4432630 11.0000000 0.96 0.64 0.18
v -10.4136221 15.0481386 11.0000000 0.96 0.64 0.18
v -10.9932350 14.6300644 11.0000000 0.96 0.64 0.18
v -11.5560823 14.1896780 11.0000000 0.96 0.64 0.18
v 12.1013055 13.7276511 12.0000000 0.96 0.64 0.18
v 12.3863712 13.4709988 12.0000000 0.96 0.64 0.18
v 12.6659950 13.2084280 12.0000000 0.96 0.64 0.18
v 12.9400541 12.9400541 12.0000000 0.96 0.64 0.18
v 13.2084280 12.6659950 12.0000000 0.96 0.64 0.18
v 13.4709988 12.3863712 12.0000000 0.96 0.64 0.18
v 13.7276511 12.1013055 12.0000000 0.96 0.64 0.18
v 13.7276511 12.1013055 11.0000000 0.96 0.64 0.18
v 18.3000000 0.0000000 11.0000000 0.96 0.64 0.18
v 18.2867701 0.6957285 11.0000000 0.96 0.64 0.18
v 18.2470997 1.3904511 11.0000000 0.96 0.64 0.18
v 18.1810459 2.0831632 11.0000000 0.96 0.64 0.18
v 18.0887045 2.7728633 11.0000000 0.96 0.64 0.18
v 17.9702088 3.4585542 11.0000000 0.96 0.64 0.18
v 17.8257302 4.1392444 11.0000000 0.96 0.64 0.18
v 17.6554776 4.8139497 11.0000000 0.96 0.64 0.18
v 17.4596972 5.4816946 11.0000000 0.96 0.64 0.18
v 17.2386720 6.1415135 11.0000000 0.96 0.64 0.18
v 16.9927216 6.7924525 11.0000000 0.96 0.64 0.18
v 16.7222017 7.4335704 11.0000000 0.96 0.64 0.18
v 16.4275034 8.0639402 11.0000000 0.96 0.64 0.18
v 16.1090527 8.6826505 11.0000000 0.96 0.64 0.18
v 15.7673102 9.2888066 11.0000000 0.96 0.64 0.18
v 15.4027699 9.8815322 11.0000000 0.96 0.64 0.18
v 15.0159590 10.4599701 11.0000000 0.96 0.64 0.18
v 14.6074367 11.0232842 11.0000000 0.96 0.64 0.18
v 14.1777936 11.5706598 11.0000000 0.96 0.64 0.18
v 18.3000000 0.0000000 12.1000000 0.96 0.64 0.18
v 18.2855320 0.7275442 12.1000000 0.96 0.64 0.18
v 18.2421508 1.4539381 12.1000000 0.96 0.64 0.18
v 18.1699249 2.1780329 12.1000000 0.96 0.64 0.18
v 18.0689688 2.8986838 12.1000000 0.96 0.64 0.18
v 17.9394418 3.6147514 12.1000000 0.96 0.64 0.18
v 17.7815489 4.3251032 12.1000000 0.96 0.64 0.18
v 17.5955397 5.0286162 12.1000000 0.96 0.64 0.18
v 17.3817084 5.7241779 12.1000000 0.96 0.64 0.18
v 17.1403930 6.4106885 12.1000000 0.96 0.64 0.18
v 16.8719751 7.0870625 12.1000000 0.96 0.64 0.18
v 16.5768792 7.7522304 12.1000000 0.96 0.64 0.18
v 16.2555718 8.4051404 12.1000000 0.96 0.64 0.18
v 15.9085610 9.0447602 12.1000000 0.96 0.64 0.18
v 15.5363955 9.6700783 12.1000000 0.96 0.64 0.18
v 15.1396638 10.2801060 12.1000000 0.96 0.64 0.18
v 14.7189931 10.8738788 12.1000000 0.96 0.64 0.18
v 14.2750487 11.4504578 12.1000000 0.96 0.64 0.18
v 13.8085325 12.0089312 12.1000000 0.96 0.64 0.18
v 13.3201822 12.5484161 12.1000000 0.96 0.64 0.18
v 12.8107700 13.0680593 12.1000000 0.96 0.64 0.18
v 12.2811012 13.5670392 12.1000000 0.96 0.64 0.18
v 11.7320136 14.0445668 12.1000000 0.96 0.64 0.18
v 11.1643752 14.4998871 12.1000000 0.96 0.64 0.18
v 10.5790836 14.9322801 12.1000000 0.96 0.64 0.18
v 9.9770643 15.3410621 12.1000000 0.96 0.64 0.18
v 9.3592693 15.7255868 12.1000000 0.96 0.64 0.18
v 8.7266753 16.0852460 12.1000000 0.96 0.64 0.18
v 8.0802826 16.4194711 12.1000000 0.96 0.64 0.18
v 7.4211134 16.7277337 12.1000000 0.96 0.64 0.18
v 6.7502098 17.0095464 12.1000000 0.96 0.64 0.18
v 6.0686328 17.2644634 12.1000000 0.96 0.64 0.18
v 5.3774600 17.4920817 12.1000000 0.96 0.64 0.18
v 4.6777844 17.6920415 12.1000000 0.96 0.64 0.18
v 3.9707122 17.8640266 12.1000000 0.96 0.64 0.18
v 3.2573615 18.0077649 12.1000000 0.96 0.64 0.18
v 2.5388602 18.1230292 12.1000000 0.96 0.64 0.18
v 1.8163445 18.2096374 12.1000000 0.96 0.64 0.18
v 1.0909568 18.2674523 12.1000000 0.96 0.64 0.18
v 0.3638440 18.2963826 12.1000000 0.96 0.64 0.18
v -0.3638440 18.2963826 12.1000000 0.96 0.64 0.18
v -1.0909568 18.2674523 12.1000000 0.96 0.64 0.18
v -1.8163445 18.2096374 12.1000000 0.96 0.64 0.18
v -2.5388602 18.1230292 12.1000000 0.96 0.64 0.18
v -3.2573615 18.0077649 12.1000000 0.96 0.64 0.18
v -3.9707122 17.8640266 12.1000000 0.96 0.64 0.18
v -4.6777844 17.6920415 12.1000000 0.96 0.64 0.18
v -5.3774600 17.4920817 12.1000000 0.96 0.64 0.18
v -6.0686328 17.2644634 12.1000000 0.96 0.64 0.18
v -6.7502098 17.0095464 12.1000000 0.96 0.64 0.18
v -7.4211134 16.7277337 12.1000000 0.96 0.64 0.18
v -8.0802826 16.4194711 12.1000000 0.96 0.64 0.18
v -8.7266753 16.0852460 12.1000000 0.96 0.64 0.18
v -9.3592693 15.7255868 12.1000000 0.96 0.64 0.18
v -9.9770643 15.3410621 12.1000000 0.96 0.64 0.18
v -10.5790836 14.9322801 12.1000000 0.96 0.64 0.18
v -11.1643752 14.4998871 12.1000000 0.96 0.64 0.18
v -11.7320136 14.0445668 12.1000000 0.96 0.64 0.18
v -12.2811012 13.5670392 12.1000000 0.96 0.64 0.18
v -12.8107700 13.0680593 12.1000000 0.96 0.64 0.18
v -13.3201822 12.5484161 12.1000000 0.96 0.64 0.18
v -13.8085325 12.0089312 12.1000000 0.96 0.64 0.18
v -14.2750487 11.4504578 12.1000000 0.96 0.64 0.18
v -14.7189931 10.8738788 12.1000000 0.96 0.64 0.18
v -15.1396638 10.2801060 12.1000000 0.96 0.64 0.18
v -15.5363955 9.6700783 12.1000000 0.96 0.64 0.18
v -15.9085610 9.0447602 12.1000000 0.96 0.64 0.18
v -16.2555718 8.4051404 12.1000000 0.96 0.64 0.18
v -16.5768792 7.7522304 12.1000000 0.96 0.64 0.18
v -16.8719751 7.0870625 12.1000000 0.96 0.64 0.18
v -17.1403930 6.4106885 12.1000000 0.96 0.64 0.18
v -17.3817084 5.7241779 12.1000000 0.96 0.64 0.18
v -17.5955397 5.0286162 12.1000000 0.96 0.64 0.18
v -17.7815489 4.3251032 12.1000000 0.96 0.64 0.18
v -17.9394418 3.6147514 12.1000000 0.96 0.64 0.18
v -18.0689688 2.8986838 12.1000000 0.96 0.64 0.18
v -18.1699249 2.1780329 12.1000000 0.96 0.64 0.18
v -18.2421508 1.4539381 12.1000000 0.96 0.64 0.18
v -18.2855320 0.7275442 12.1000000 0.96 0.64 0.18
v -18.3000000 -0.0000000 12.1000000 0.96 0.64 0.18
v -18.2855320 -0.7275442 12.1000000 0.96 0.64 0.18
v -18.2421508 -1.4539381 12.1000000 0.96 0.64 0.18
v -18.1699249 -2.1780329 12.1000000 0.96 0.64 0.18
v -18.0689688 -2.8986838 12.1000000 0.96 0.64 0.18
v -17.9394418 -3.6147514 12.1000000 0.96 0.64 0.18
v -17.7815489 -4.3251032 12.1000000 0.96 0.64 0.18
v -17.5955397 -5.0286162 12.1000000 0.96 0.64 0.18
v -17.3817084 -5.7241779 12.1000000 0.96 0.64 0.18
v -17.1403930 -6.4106885 12.1000000 0.96 0.64 0.18
v -16.8719751 -7.0870625 12.1000000 0.96 0.64 0.18
v -16.5768792 -7.7522304 12.1000000 0.96 0.64 0.18
v -16.2555718 -8.4051404 12.1000000 0.96 0.64 0.18
v -15.9085610 -9.0447602 12.1000000 0.96 0.64 0.18
v -15.5363955 -9.6700783 12.1000000 0.96 0.64 0.18
v -15.1396638 -10.2801060 12.1000000 0.96 0.64 0.18
v -14.7189931 -10.8738788 12.1000000 0.96 0.64 0.18
v -14.2750487 -11.4504578 12.1000000 0.96 0.64 0.18
v -13.8085325 -12.0089312 12.1000000 0.96 0.64 0.18
v -13.3201822 -12.5484161 12.1000000 0.96 0.64 0.18
v -12.8107700 -13.0680593 12.1000000 0.96 0.64 0.18
v -12.2811012 -13.5670392 12.1000000 0.96 0.64 0.18
v -11.7320136 -14.0445668 12.1000000 0.96 0.64 0.18
v -11.1643752 -14.4998871 12.1000000 0.96 0.64 0.18
v -10.5790836 -14.9322801 12.1000000 0.96 0.64 0.18
v -9.9770643 -15.3410621 12.1000000 0.96 0.64 0.18
v -9.3592693 -15.7255868 12.1000000 0.96 0.64 0.18
v -8.7266753 -16.0852460 12.1000000 0.96 0.64 0.18
v -8.0802826 -16.4194711 12.1000000 0.96 0.64 0.18
v -7.4211134 -16.7277337 12.1000000 0.96 0.64 0.18
v -6.7502098 -17.0095464 12.1000000 0.96 0.64 0.18
v -6.0686328 -17.2644634 12.1000000 0.96 0.64 0.18
v -5.3774600 -17.4920817 12.1000000 0.96 0.64 0.18
v -4.6777844 -17.6920415 12.1000000 0.96 0.64 0.18
v -3.9707122 -17.8640266 12.1000000 0.96 0.64 0.18
v -3.2573615 -18.0077649 12.1000000 0.96 0.64 0.18
v -2.5388602 -18.1230292 12.1000000 0.96 0.64 0.18
v -1.8163445 -18.2096374 12.1000000 0.96 0.64 0.18
v -1.0909568 -18.2674523 12.1000000 0.96 0.64 0.18
v -0.3638440 -18.2963826 12.1000000 0.96 0.64 0.18
v 0.3638440 -18.2963826 12.1000000 0.96 0.64 0.18
v 1.0909568 -18.2674523 12.1000000 0.96 0.64 0.18
v 1.8163445 -18.2096374 12.1000000 0.96 0.64 0.18
v 2.5388602 -18.1230292 12.1000000 0.96 0.64 0.18
v 3.2573615 -18.0077649 12.1000000 0.96 0.64 0.18
v 3.9707122 -17.8640266 12.1000000 0.96 0.64 0.18
v 4.6777844 -17.6920415 12.1000000 0.96 0.64 0.18
v 5.3774600 -17.4920817 12.1000000 0.96 0.64 0.18
v 6.0686328 -17.2644634 12.1000000 0.96 0.64 0.18
v 6.7502098 -17.0095464 12.1000000 0.96 0.64 0.18
v 7.4211134 -16.7277337 12.1000000 0.96 0.64 0.18
v 8.0802826 -16.4194711 12.1000000 0.96 0.64 0.18
v 8.7266753 -16.0852460 12.1000000 0.96 0.64 0.18
v 9.3592693 -15.7255868 12.1000000 0.96 0.64 0.18
v 9.9770643 -15.3410621 12.1000000 0.96 0.64 0.18
v 10.5790836 -14.9322801 12.1000000 0.96 0.64 0.18
v 11.1643752 -14.4998871 12.1000000 0.96 0.64 0.18
v 11.7320136 -14.0445668 12.1000000 0.96 0.64 0.18
v 12.2811012 -13.5670392 12.1000000 0.96 0.64 0.18
v 12.8107700 -13.0680593 12.1000000 0.96 0.64 0.18
v 13.3201822 -12.5484161 12.1000000 0.96 0.64 0.18
v 13.8085325 -12.0089312 12.1000000 0.96 0.64 0.18
v 14.2750487 -11.4504578 12.1000000 0.96 0.64 0.18
v 14.7189931 -10.8738788 12.1000000 0.96 0.64 0.18
v 15.1396638 -10.2801060 12.1000000 0.96 0.64 0.18
v 15.5363955 -9.6700783 12.1000000 0.96 0.64 0.18
v 15.9085610 -9.0447602 12.1000000 0.96 0.64 0.18
v 16.2555718 -8.4051404 12.1000000 0.96 0.64 0.18
v 16.5768792 -7.7522304 12.1000000 0.96 0.64 0.18
v 16.8719751 -7.0870625 12.1000000 0.96 0.64 0.18
v 17.1403930 -6.4106885 12.1000000 0.96 0.64 0.18
v 17.3817084 -5.7241779 12.1000000 0.96 0.64 0.18
v 17.5955397 -5.0286162 12.1000000 0.96 0.64 0.18
v 17.7815489 -4.3251032 12.1000000 0.96 0.64 0.18
v 17.9394418 -3.6147514 12.1000000 0.96 0.64 0.18
v 18.0689688 -2.8986838 12.1000000 0.96 0.64 0.18
v 18.1699249 -2.1780329 12.1000000 0.96 0.64 0.18
v 18.2421508 -1.4539381 12.1000000 0.96 0.64 0.18
v 18.2855320 -0.7275442 12.1000000 0.96 0.64 0.18
v 18.3000000 0.0000000 12.1000000 0.96 0.64 0.18
v 18.2855320 0.7275442 12.1000000 0.96 0.64 0.18
v 18.2421508 1.4539381 12.1000000 0.96 0.64 0.18
v 18.1699249 2.1780329 12.1000000 0.96 0.64 0.18
v 18.0689688 2.8986838 12.1000000 0.96 0.64 0.18
v 17.9394418 3.6147514 12.1000000 0.96 0.64 0.18
v 17.7815489 4.3251032 12.1000000 0.96 0.64 0.18
v 17.5955397 5.0286162 12.1000000 0.96 0.64 0.18
v 17.3817084 5.7241779 12.1000000 0.96 0.64 0.18
v 17.1403930 6.4106885 12.1000000 0.96 0.64 0.18
v 16.8719751 7.0870625 12.1000000 0.96 0.64 0.18
v 16.5768792 7.7522304 12.1000000 0.96 0.64 0.18
v 16.2555718 8.4051404 12.1000000 0.96 0.64 0.18
v 15.9085610 9.0447602 12.1000000 0.96 0.64 0.18
v 15.5363955 9.6700783 12.1000000 0.96 0.64 0.18
v 15.1396638 10.2801060 12.1000000 0.96 0.64 0.18
v 14.7189931 10.8738788 12.1000000 0.96 0.64 0.18
v 14.2750487 11.4504578 12.1000000 0.96 0.64 0.18
v 13.8085325 12.0089312 12.1000000 0.96 0.64 0.18
v 13.3201822 12.5484161 12.1000000 0.96 0.64 0.18
v 12.8107700 13.0680593 12.1000000 0.96 0.64 0.18
v 12.2811012 13.5670392 12.1000000 0.96 0.64 0.18
v 11.7320136 14.0445668 12.1000000 0.96 0.64 0.18
v 11.1643752 14.4998871 12.1000000 0.96 0.64 0.18
v 10.5790836 14.9322801 12.1000000 0.96 0.64 0.18
v 9.9770643 15.3410621 12.1000000 0.96 0.64 0.18
v 9.3592693 15.7255868 12.1000000 0.96 0.64 0.18
v 8.7266753 16.0852460 12.1000000 0.96 0.64 0.18
v 8.0802826 16.4194711 12.1000000 0.96 0.64 0.18
v 7.4211134 16.7277337 12.1000000 0.96 0.64 0.18
v 6.7502098 17.0095464 12.1000000 0.96 0.64 0.18
v 6.0686328 17.2644634 12.1000000 0.96 0.64 0.18
v 5.3774600 17.4920817 12.1000000 0.96 0.64 0.18
v 4.6777844 17.6920415 12.1000000 0.96 0.64 0.18
v 3.9707122 17.8640266 12.1000000 0.96 0.64 0.18
v 3.2573615 18.0077649 12.1000000 0.96 0.64 0.18
v 2.5388602 18.1230292 12.1000000 0.96 0.64 0.18
v 1.8163445 18.2096374 12.1000000 0.96 0.64 0.18
v 1.0909568 18.2674523 12.1000000 0.96 0.64 0.18
v 0.3638440 18.2963826 12.1000000 0.96 0.64 0.18
v -0.3638440 18.2963826 12.1000000 0.96 0.64 0.18
v -1.0909568 18.2674523 12.1000000 0.96 0.64 0.18
v -1.8163445 18.2096374 12.1000000 0.96 0.64 0.18
v -2.5388602 18.1230292 12.1000000 0.96 0.64 0.18
v -3.2573615 18.0077649 12.1000000 0.96 0.64 0.18
v -3.9707122 17.8640266 12.1000000 0.96 0.64 0.18
v -4.6777844 17.6920415 12.1000000 0.96 0.64 0.18
v -5.3774600 17.4920817 12.1000000 0.96 0.64 0.18
v -6.0686328 17.2644634 12.1000000 0.96 0.64 0.18
v -6.7502098 17.0095464 12.1000000 0.96 0.64 0.18
v -7.4211134 16.7277337 12.1000000 0.96 0.64 0.18
v -8.0802826 16.4194711 12.1000000 0.96 0.64 0.18
v -8.7266753 16.0852460 12.1000000 0.96 0.64 0.18
v -9.3592693 15.7255868 12.1000000 0.96 0.64 0.18
v -9.9770643 15.3410621 12.1000000 0.96 0.64 0.18
v -10.5790836 14.9322801 12.1000000 0.96 0.64 0.18
v -11.1643752 14.4998871 12.1000000 0.96 0.64 0.18
v -11.7320136 14.0445668 12.1000000 0.96 0.64 0.18
v -12.2811012 13.5670392 12.1000000 0.96 0.64 0.18
v -12.8107700 13.0680593 12.1000000 0.96 0.64 0.18
v -13.3201822 12.5484161 12.1000000 0.96 0.64 0.18
v -13.8085325 12.0089312 12.1000000 0.96 0.64 0.18
v -14.2750487 11.4504578 12.1000000 0.96 0.64 0.18
v -14.7189931 10.8738788 12.1000000 0.96 0.64 0.18
v -15.1396638 10.2801060 12.1000000 0.96 0.64 0.18
v -15.5363955 9.6700783 12.1000000 0.96 0.64 0.18
v -15.9085610 9.0447602 12.1000000 0.96 0.64 0.18
v -16.2555718 8.4051404 12.1000000 0.96 0.64 0.18
v -16.5768792 7.7522304 12.1000000 0.96 0.64 0.18
v -16.8719751 7.0870625 12.1000000 0.96 0.64 0.18
v -17.1403930 6.4106885 12.1000000 0.96 0.64 0.18
v -17.3817084 5.7241779 12.1000000 0.96 0.64 0.18
v -17.5955397 5.0286162 12.1000000 0.96 0.64 0.18
v -17.7815489 4.3251032 12.1000000 0.96 0.64 0.18
v -17.9394418 3.6147514 12.1000000 0.96 0.64 0.18
v -18.0689688 2.8986838 12.1000000 0.96 0.64 0.18
v -18.1699249 2.1780329 12.1000000 0.96 0.64 0.18
v -18.2421508 1.4539381 12.1000000 0.96 0.64 0.18
v -18.2855320 0.7275442 12.1000000 0.96 0.64 0.18
v -18.3000000 -0.0000000 12.1000000 0.96 0.64 0.18
v -18.2855320 -0.7275442 12.1000000 0.96 0.64 0.18
v -18.2421508 -1.4539381 12.1000000 0.96 0.64 0.18
v -18.1699249 -2.1780329 12.1000000 0.96 0.64 0.18
v -18.0689688 -2.8986838 12.1000000 0.96 0.64 0.18
v -17.9394418 -3.6147514 12.1000000 0.96 0.64 0.18
v -17.7815489 -4.3251032 12.1000000 0.96 0.64 0.18
v -17.5955397 -5.0286162 12.1000000 0.96 0.64 0.18
v -17.3817084 -5.7241779 12.1000000 0.96 0.64 0.18
v -17.1403930 -6.4106885 12.1000000 0.96 0.64 0.18
v -16.8719751 -7.0870625 12.1000000 0.96 0.64 0.18
v -16.5768792 -7.7522304 12.1000000 0.96 0.64 0.18
v -16.2555718 -8.4051404 12.1000000 0.96 0.64 0.18
v -15.9085610 -9.0447602 12.1000000 0.96 0.64 0.18
v -15.5363955 -9.6700783 12.1000000 0.96 0.64 0.18
v -15.1396638 -10.2801060 12.1000000 0.96 0.64 0.18
v -14.7189931 -10.8738788 12.1000000 0.96 0.64 0.18
v -14.2750487 -11.4504578 12.1000000 0.96 0.64 0.18
v -13.8085325 -12.0089312 12.1000000 0.96 0.64 0.18
v -13.3201822 -12.5484161 12.1000000 0.96 0.64 0.18
v -12.8107700 -13.0680593 12.1000000 0.96 0.64 0.18
v -12.2811012 -13.5670392 12.1000000 0.96 0.64 0.18
v -11.7320136 -14.0445668 12.1000000 0.96 0.64 0.18
v -11.1643752 -14.4998871 12.1000000 0.96 0.64 0.18
v -10.5790836 -14.9322801 12.1000000 0.96 0.64 0.18
v -9.9770643 -15.3410621 12.1000000 0.96 0.64 0.18
v -9.3592693 -15.7255868 12.1000000 0.96 0.64 0.18
v -8.7266753 -16.0852460 12.1000000 0.96 0.64 0.18
v -8.0802826 -16.4194711 12.1000000 0.96 0.64 0.18
v -7.4211134 -16.7277337 12.1000000 0.96 0.64 0.18
v -6.7502098 -17.0095464 12.1000000 0.96 0.64 0.18
v -6.0686328 -17.2644634 12.1000000 0.96 0.64 0.18
v -5.3774600 -17.4920817 12.1000000 0.96 0.64 0.18
v -4.6777844 -17.6920415 12.1000000 0.96 0.64 0.18
v -3.9707122 -17.8640266 12.1000000 0.96 0.64 0.18
v -3.2573615 -18.0077649 12.1000000 0.96 0.64 0.18
v -2.5388602 -18.1230292 12.1000000 0.96 0.64 0.18
v -1.8163445 -18.2096374 12.1000000 0.96 0.64 0.18
v -1.0909568 -18.2674523 12.1000000 0.96 0.64 0.18
v -0.3638440 -18.2963826 12.1000000 0.96 0.64 0.18
v 0.3638440 -18.2963826 12.1000000 0.96 0.64 0.18
v 1.0909568 -18.2674523 12.1000000 0.96 0.64 0.18
v 1.8163445 -18.2096374 12.1000000 0.96 0.64 0.18
v 2.5388602 -18.1230292 12.1000000 0.96 0.64 0.18
v 3.2573615 -18.0077649 12.1000000 0.96 0.64 0.18
v 3.9707122 -17.8640266 12.1000000 0.96 0.64 0.18
v 4.6777844 -17.6920415 12.1000000 0.96 0.64 0.18
v 5.3774600 -17.4920817 12.1000000 0.96 0.64 0.18
v 6.0686328 -17.2644634 12.1000000 0.96 0.64 0.18
v 6.7502098 -17.0095464 12.1000000 0.96 0.64 0.18
v 7.4211134 -16.7277337 12.1000000 0.96 0.64 0.18
v 8.0802826 -16.4194711 12.1000000 0.96 0.64 0.18
v 8.7266753 -16.0852460 12.1000000 0.96 0.64 0.18
v 9.3592693 -15.7255868 12.1000000 0.96 0.64 0.18
v 9.9770643 -15.3410621 12.1000000 0.96 0.64 0.18
v 10.5790836 -14.9322801 12.1000000 0.96 0.64 0.18
v 11.1643752 -14.4998871 12.1000000 0.96 0.64 0.18
v 11.7320136 -14.0445668 12.1000000 0.96 0.64 0.18
v 12.2811012 -13.5670392 12.1000000 0.96 0.64 0.18
v 12.8107700 -13.0680593 12.1000000 0.96 0.64 0.18
v 13.3201822 -12.5484161 12.1000000 0.96 0.64 0.18
v 13.8085325 -12.0089312 12.1000000 0.96 0.64 0.18
v 14.2750487 -11.4504578 12.1000000 0.96 0.64 0.18
v 14.7189931 -10.8738788 12.1000000 0.96 0.64 0.18
v 15.1396638 -10.2801060 12.1000000 0.96 0.64 0.18
v 15.5363955 -9.6700783 12.1000000 0.96 0.64 0.18
v 15.9085610 -9.0447602 12.1000000 0.96 0.64 0.18
v 16.2555718 -8.4051404 12.1000000 0.96 0.64 0.18
v 16.5768792 -7.7522304 12.1000000 0.96 0.64 0.18
v 16.8719751 -7.0870625 12.1000000 0.96 0.64 0.18
v 17.1403930 -6.4106885 12.1000000 0.96 0.64 0.18
v 17.3817084 -5.7241779 12.1000000 0.96 0.64 0.18
v 17.5955397 -5.0286162 12.1000000 0.96 0.64 0.18
v 17.7815489 -4.3251032 12.1000000 0.96 0.64 0.18
v 17.9394418 -3.6147514 12.1000000 0.96 0.64 0.18
v 18.0689688 -2.8986838 12.1000000 0.96 0.64 0.18
v 18.1699249 -2.1780329 12.1000000 0.96 0.64 0.18
v 18.2421508 -1.4539381 12.1000000 0.96 0.64 0.18
v 18.2855320 -0.7275442 12.1000000 0.96 0.64 0.18
v -9.9551299 -11.4551299 12.1000000 0.96 0.64 0.18
v -9.9563158 -11.3954951 12.1000000 0.96 0.64 0.18
v -9.9598716 -11.3359546 12.1000000 0.96 0.64 0.18
v -9.9657917 -11.2766026 12.1000000 0.96 0.64 0.18
v -9.9740668 -11.2175328 12.1000000 0.96 0.64 0.18
v -9.9846838 -11.1588388 12.1000000 0.96 0.64 0.18
v -9.9976258 -11.1006132 12.1000000 0.96 0.64 0.18
v -10.0128725 -11.0429482 12.1000000 0.96 0.64 0.18
v -10.0303997 -10.9859349 12.1000000 0.96 0.64 0.18
v -10.0501796 -10.9296636 12.1000000 0.96 0.64 0.18
v -10.0721811 -10.8742231 12.1000000 0.96 0.64 0.18
v -10.0963693 -10.8197011 12.1000000 0.96 0.64 0.18
v -10.1227059 -10.7661839 12.1000000 0.96 0.64 0.18
v -10.1511494 -10.7137561 12.1000000 0.96 0.64 0.18
v -10.1816548 -10.6625005 12.1000000 0.96 0.64 0.18
v -10.2141738 -10.6124982 12.1000000 0.96 0.64 0.18
v -10.2486550 -10.5638283 12.1000000 0.96 0.64 0.18
v -10.2850439 -10.5165677 12.1000000 0.96 0.64 0.18
v -10.3232829 -10.4707912 12.1000000 0.96 0.64 0.18
v -10.3633116 -10.4265712 12.1000000 0.96 0.64 0.18
v -10.4050667 -10.3839775 12.1000000 0.96 0.64 0.18
v -10.4484822 -10.3430775 12.1000000 0.96 0.64 0.18
v -10.4934894 -10.3039359 12.1000000 0.96 0.64 0.18
v -10.5400171 -10.2666145 12.1000000 0.96 0.64 0.18
v -10.5879919 -10.2311725 12.1000000 0.96 0.64 0.18
v -10.6373377 -10.1976657 12.1000000 0.96 0.64 0.18
v -10.6879766 -10.1661473 12.1000000 0.96 0.64 0.18
v -10.7398286 -10.1366671 12.1000000 0.96 0.64 0.18
v -10.7928116 -10.1092716 12.1000000 0.96 0.64 0.18
v -10.8468419 -10.0840041 12.1000000 0.96 0.64 0.18
v -10.9018340 -10.0609047 12.1000000 0.96 0.64 0.18
v -10.9577009 -10.0400099 12.1000000 0.96 0.64 0.18
v -11.0143544 -10.0213527 12.1000000 0.96 0.64 0.18
v -11.0717049 -10.0049625 12.1000000 0.96 0.64 0.18
v -11.1296616 -9.9908654 12.1000000 0.96 0.64 0.18
v -11.1881330 -9.9790836 12.1000000 0.96 0.64 0.18
v -11.2470266 -9.9696357 12.1000000 0.96 0.64 0.18
v -11.3062492 -9.9625366 12.1000000 0.96 0.64 0.18
v -11.3657072 -9.9577977 12.1000000 0.96 0.64 0.18
v -11.4253066 -9.9554264 12.1000000 0.96 0.64 0.18
v -11.4849531 -9.9554264 12.1000000 0.96 0.64 0.18
v -11.5445525 -9.9577977 12.1000000 0.96 0.64 0.18
v -11.6040106 -9.9625366 12.1000000 0.96 0.64 0.18
v -11.6632332 -9.9696357 12.1000000 0.96 0.64 0.18
v -11.7221267 -9.9790836 12.1000000 0.96 0.64 0.18
v -11.7805981 -9.9908654 12.1000000 0.96 0.64 0.18
v -11.8385548 -10.0049625 12.1000000 0.96 0.64 0.18
v -11.8959053 -10.0213527 12.1000000 0.96 0.64 0.18
v -11.9525588 -10.0400099 12.1000000 0.96 0.64 0.18
v -12.0084257 -10.0609047 12.1000000 0.96 0.64 0.18
v -12.0634178 -10.0840041 12.1000000 0.96 0.64 0.18
v -12.1174481 -10.1092716 12.1000000 0.96 0.64 0.18
v -12.1704311 -10.1366671 12.1000000 0.96 0.64 0.18
v -12.2222831 -10.1661473 12.1000000 0.96 0.64 0.18
v -12.2729220 -10.1976657 12.1000000 0.96 0.64 0.18
v -12.3222679 -10.2311725 12.1000000 0.96 0.64 0.18
v -12.3702426 -10.2666145 12.1000000 0.96 0.64 0.18
v -12.4167703 -10.3039359 12.1000000 0.96 0.64 0.18
v -12.4617775 -10.3430775 12.1000000 0.96 0.64 0.18
v -12.5051930 -10.3839775 12.1000000 0.96 0.64 0.18
v -12.5469481 -10.4265712 12.1000000 0.96 0.64 0.18
v -12.5869768 -10.4707912 12.1000000 0.96 0.64 0.18
v -12.6252158 -10.5165677 12.1000000 0.96 0.64 0.18
v -12.6616047 -10.5638283 12.1000000 0.96 0.64 0.18
v -12.6960859 -10.6124982 12.1000000 0.96 0.64 0.18
v -12.7286049 -10.6625005 12.1000000 0.96 0.64 0.18
v -12.7591103 -10.7137561 12.1000000 0.96 0.64 0.18
v -12.7875538 -10.7661839 12.1000000 0.96 0.64 0.18
v -12.8138904 -10.8197011 12.1000000 0.96 0.64 0.18
v -12.8380786 -10.8742231 12.1000000 0.96 0.64 0.18
v -12.8600801 -10.9296636 12.1000000 0.96 0.64 0.18
v -12.8798601 -10.9859349 12.1000000 0.96 0.64 0.18
v -12.8973872 -11.0429482 12.1000000 0.96 0.64 0.18
v -12.9126339 -11.1006132 12.1000000 0.96 0.64 0.18
v -12.9255759 -11.1588388 12.1000000 0.96 0.64 0.18
v -12.9361929 -11.2175328 12.1000000 0.96 0.64 0.18
v -12.9444680 -11.2766026 12.1000000 0.96 0.64 0.18
v -12.9503881 -11.3359546 12.1000000 0.96 0.64 0.18
v -12.9539440 -11.3954951 12.1000000 0.96 0.64 0.18
v -12.9551299 -11.4551299 12.1000000 0.96 0.64 0.18
v -12.9539440 -11.5147646 12.1000000 0.96 0.64 0.18
v -12.9503881 -11.5743051 12.1000000 0.96 0.64 0.18
v -12.9444680 -11.6336571 12.1000000 0.96 0.64 0.18
v -12.9361929 -11.6927269 12.1000000 0.96 0.64 0.18
v -12.9255759 -11.7514210 12.1000000 0.96 0.64 0.18
v -12.9126339 -11.8096465 12.1000000 0.96 0.64 0.18
v -12.8973872 -11.8673115 12.1000000 0.96 0.64 0.18
v -12.8798601 -11.9243248 12.1000000 0.96 0.64 0.18
v -12.8600801 -11.9805961 12.1000000 0.96 0.64 0.18
v -12.8380786 -12.0360366 12.1000000 0.96 0.64 0.18
v -12.8138904 -12.0905586 12.1000000 0.96 0.64 0.18
v -12.7875538 -12.1440758 12.1000000 0.96 0.64 0.18
v -12.7591103 -12.1965036 12.1000000 0.96 0.64 0.18
v -12.7286049 -12.2477592 12.1000000 0.96 0.64 0.18
v -12.6960859 -12.2977615 12.1000000 0.96 0.64 0.18
v -12.6616047 -12.3464314 12.1000000 0.96 0.64 0.18
v -12.6252158 -12.3936920 12.1000000 0.96 0.64 0.18
v -12.5869768 -12.4394685 12.1000000 0.96 0.64 0.18
v -12.5469481 -12.4836885 12.1000000 0.96 0.64 0.18
v -12.5051930 -12.5262823 12.1000000 0.96 0.64 0.18
v -12.4617775 -12.5671822 12.1000000 0.96 0.64 0.18
v -12.4167703 -12.6063239 12.1000000 0.96 0.64 0.18
v -12.3702426 -12.6436452 12.1000000 0.96 0.64 0.18
v -12.3222679 -12.6790872 12.1000000 0.96 0.64 0.18
v -12.2729220 -12.7125940 12.1000000 0.96 0.64 0.18
v -12.2222831 -12.7441124 12.1000000 0.96 0.64 0.18
v -12.1704311 -12.7735926 12.1000000 0.96 0.64 0.18
v -12.1174481 -12.8009881 12.1000000 0.96 0.64 0.18
v -12.0634178 -12.8262556 12.1000000 0.96 0.64 0.18
v -12.0084257 -12.8493550 12.1000000 0.96 0.64 0.18
v -11.9525588 -12.8702498 12.1000000 0.96 0.64 0.18
v -11.8959053 -12.8889070 12.1000000 0.96 0.64 0.18
v -11.8385548 -12.9052972 12.1000000 0.96 0.64 0.18
v -11.7805981 -12.9193943 12.1000000 0.96 0.64 0.18
v -11.7221267 -12.9311762 12.1000000 0.96 0.64 0.18
v -11.6632332 -12.9406241 12.1000000 0.96 0.64 0.18
v -11.6040106 -12.9477231 12.1000000 0.96 0.64 0.18
v -11.5445525 -12.9524620 12.1000000 0.96 0.64 0.18
v -11.4849531 -12.9548333 12.1000000 0.96 0.64 0.18
v -11.4253066 -12.9548333 12.1000000 0.96 0.64 0.18
v -11.3657072 -12.9524620 12.1000000 0.96 0.64 0.18
v -11.3062492 -12.9477231 12.1000000 0.96 0.64 0.18
v -11.2470266 -12.9406241 12.1000000 0.96 0.64 0.18
v -11.1881330 -12.9311762 12.1000000 0.96 0.64 0.18
v -11.1296616 -12.9193943 12.1000000 0.96 0.64 0.18
v -11.0717049 -12.9052972 12.1000000 0.96 0.64 0.18
v -11.0143544 -12.8889070 12.1000000 0.96 0.64 0.18
v -10.9577009 -12.8702498 12.1000000 0.96 0.64 0.18
v -10.9018340 -12.8493550 12.1000000 0.96 0.64 0.18
v -10.8468419 -12.8262556 12.1000000 0.96 0.64 0.18
v -10.7928116 -12.8009881 12.1000000 0.96 0.64 0.18
v -10.7398286 -12.7735926 12.1000000 0.96 0.64 0.18
v -10.6879766 -12.7441124 12.1000000 0.96 0.64 0.18
v -10.6373377 -12.7125940 12.1000000 0.96 0.64 0.18
v -10.5879919 -12.6790872 12.1000000 0.96 0.64 0.18
v -10.5400171 -12.6436452 12.1000000 0.96 0.64 0.18
v -10.4934894 -12.6063239 12.1000000 0.96 0.64 0.18
v -10.4484822 -12.5671822 12.1000000 0.96 0.64 0.18
v -10.4050667 -12.5262823 12.1000000 0.96 0.64 0.18
v -10.3633116 -12.4836885 12.1000000 0.96 0.64 0.18
v -10.3232829 -12.4394685 12.1000000 0.96 0.64 0.18
v -10.2850439 -12.3936920 12.1000000 0.96 0.64 0.18
v -10.2486550 -12.3464314 12.1000000 0.96 0.64 0.18
v -10.2141738 -12.2977615 12.1000000 0.96 0.64 0.18
v -10.1816548 -12.2477592 12.1000000 0.96 0.64 0.18
v -10.1511494 -12.1965036 12.1000000 0.96 0.64 0.18
v -10.1227059 -12.1440758 12.1000000 0.96 0.64 0.18
v -10.0963693 -12.0905586 12.1000000 0.96 0.64 0.18
v -10.0721811 -12.0360366 12.1000000 0.96 0.64 0.18
v -10.0501796 -11.9805961 12.1000000 0.96 0.64 0.18
v -10.0303997 -11.9243248 12.1000000 0.96 0.64 0.18
v -10.0128725 -11.8673115 12.1000000 0.96 0.64 0.18
v -9.9976258 -11.8096465 12.1000000 0.96 0.64 0.18
v -9.9846838 -11.7514210 12.1000000 0.96 0.64 0.18
v -9.9740668 -11.6927269 12.1000000 0.96 0.64 0.18
v -9.9657917 -11.6336571 12.1000000 0.96 0.64 0.18
v -9.9598716 -11.5743051 12.1000000 0.96 0.64 0.18
v -9.9563158 -11.5147646 12.1000000 0.96 0.64 0.18
v 12.9551299 -11.4551299 12.1000000 0.96 0.64 0.18
v 12.9539440 -11.3954951 12.1000000 0.96 0.64 0.18
v 12.9503881 -11.3359546 12.1000000 0.96 0.64 0.18
v 12.9444680 -11.2766026 12.1000000 0.96 0.64 0.18
v 12.9361929 -11.2175328 12.1000000 0.96 0.64 0.18
v 12.9255759 -11.1588388 12.1000000 0.96 0.64 0.18
v 12.9126339 -11.1006132 12.1000000 0.96 0.64 0.18
v 12.8973872 -11.0429482 12.1000000 0.96 0.64 0.18
v 12.8798601 -10.9859349 12.1000000 0.96 0.64 0.18
v 12.8600801 -10.9296636 12.1000000 0.96 0.64 0.18
v 12.8380786 -10.8742231 12.1000000 0.96 0.64 0.18
v 12.8138904 -10.8197011 12.1000000 0.96 0.64 0.18
v 12.7875538 -10.7661839 12.1000000 0.96 0.64 0.18
v 12.7591103 -10.7137561 12.1000000 0.96 0.64 0.18
v 12.7286049 -10.6625005 12.1000000 0.96 0.64 0.18
v 12.6960859 -10.6124982 12.1000000 0.96 0.64 0.18
v 12.6616047 -10.5638283 12.1000000 0.96 0.64 0.18
v 12.6252158 -10.5165677 12.1000000 0.96 0.64 0.18
v 12.5869768 -10.4707912 12.1000000 0.96 0.64 0.18
v 12.5469481 -10.4265712 12.1000000 0.96 0.64 0.18
v 12.5051930 -10.3839775 12.1000000 0.96 0.64 0.18
v 12.4617775 -10.3430775 12.1000000 0.96 0.64 0.18
v 12.4167703 -10.3039359 12.1000000 0.96 0.64 0.18
v 12.3702426 -10.2666145 12.1000000 0.96 0.64 0.18
v 12.3222679 -10.2311725 12.1000000 0.96 0.64 0.18
v 12.2729220 -10.1976657 12.1000000 0.96 0.64 0.18
v 12.2222831 -10.1661473 12.1000000 0.96 0.64 0.18
v 12.1704311 -10.1366671 12.1000000 0.96 0.64 0.18
v 12.1174481 -10.1092716 12.1000000 0.96 0.64 0.18
v 12.0634178 -10.0840041 12.1000000 0.96 0.64 0.18
v 12.0084257 -10.0609047 12.1000000 0.96 0.64 0.18
v 11.9525588 -10.0400099 12.1000000 0.96 0.64 0.18
v 11.8959053 -10.0213527 12.1000000 0.96 0.64 0.18
v 11.8385548 -10.0049625 12.1000000 0.96 0.64 0.18
v 11.7805981 -9.9908654 12.1000000 0.96 0.64 0.18
v 11.7221267 -9.9790836 12.1000000 0.96 0.64 0.18
v 11.6632332 -9.9696357 12.1000000 0.96 0.64 0.18
v 11.6040106 -9.9625366 12.1000000 0.96 0.64 0.18
v 11.5445525 -9.9577977 12.1000000 0.96 0.64 0.18
v 11.4849531 -9.9554264 12.1000000 0.96 0.64 0.18
v 11.4253066 -9.9554264 12.1000000 0.96 0.64 0.18
v 11.3657072 -9.9577977 12.1000000 0.96 0.64 0.18
v 11.3062492 -9.9625366 12.1000000 0.96 0.64 0.18
v 11.2470266 -9.9696357 12.1000000 0.96 0.64 0.18
v 11.1881330 -9.9790836 12.1000000 0.96 0.64 0.18
v 11.1296616 -9.9908654 12.1000000 0.96 0.64 0.18
v 11.0717049 -10.0049625 12.1000000 0.96 0.64 0.18
v 11.0143544 -10.0213527 12.1000000 0.96 0.64 0.18
v 10.9577009 -10.0400099 12.1000000 0.96 0.64 0.18
v 10.9018340 -10.0609047 12.1000000 0.96 0.64 0.18
v 10.8468419 -10.0840041 12.1000000 0.96 0.64 0.18
v 10.7928116 -10.1092716 12.1000000 0.96 0.64 0.18
v 10.7398286 -10.1366671 12.1000000 0.96 0.64 0.18
v 10.6879766 -10.1661473 12.1000000 0.96 0.64 0.18
v 10.6373377 -10.1976657 12.1000000 0.96 0.64 0.18
v 10.5879919 -10.2311725 12.1000000 0.96 0.64 0.18
v 10.5400171 -10.2666145 12.1000000 0.96 0.64 0.18
v 10.4934894 -10.3039359 12.1000000 0.96 0.64 0.18
v 10.4484822 -10.3430775 12.1000000 0.96 0.64 0.18
v 10.4050667 -10.3839775 12.1000000 0.96 0.64 0.18
v 10.3633116 -10.4265712 12.1000000 0.96 0.64 0.18
v 10.3232829 -10.4707912 12.1000000 0.96 0.64 0.18
v 10.2850439 -10.5165677 12.1000000 0.96 0.64 0.18
v 10.2486550 -10.5638283 12.1000000 0.96 0.64 0.18
v 10.2141738 -10.6124982 12.1000000 0.96 0.64 0.18
v 10.1816548 -10.6625005 12.1000000 0.96 0.64 0.18
v 10.1511494 -10.7137561 12.1000000 0.96 0.64 0.18
v 10.1227059 -10.7661839 12.1000000 0.96 0.64 0.18
v 10.0963693 -10.8197011 12.1000000 0.96 0.64 0.18
v 10.0721811 -10.8742231 12.1000000 0.96 0.64 0.18
v 10.0501796 -10.9296636 12.1000000 0.96 0.64 0.18
v 10.0303997 -10.9859349 12.1000000 0.96 0.64 0.18
v 10.0128725 -11.0429482 12.1000000 0.96 0.64 0.18
v 9.9976258 -11.1006132 12.1000000 0.96 0.64 0.18
v 9.9846838 -11.1588388 12.1000000 0.96 0.64 0.18
v 9.9740668 -11.2175328 12.1000000 0.96 0.64 0.18
v 9.9657917 -11.2766026 12.1000000 0.96 0.64 0.18
v 9.9598716 -11.3359546 12.1000000 0.96 0.64 0.18
v 9.9563158 -11.3954951 12.1000000 0.96 0.64 0.18
v 9.9551299 -11.4551299 12.1000000 0.96 0.64 0.18
v 9.9563158 -11.5147646 12.1000000 0.96 0.64 0.18
v 9.9598716 -11.5743051 12.1000000 0.96 0.64 0.18
v 9.9657917 -11.6336571 12.1000000 0.96 0.64 0.18
v 9.9740668 -11.6927269 12.1000000 0.96 0.64 0.18
v 9.9846838 -11.7514210 12.1000000 0.96 0.64 0.18
v 9.9976258 -11.8096465 12.1000000 0.96 0.64 0.18
v 10.0128725 -11.8673115 12.1000000 0.96 0.64 0.18
v 10.0303997 -11.9243248 12.1000000 0.96 0.64 0.18
v 10.0501796 -11.9805961 12.1000000 0.96 0.64 0.18
v 10.0721811 -12.0360366 12.1000000 0.96 0.64 0.18
v 10.0963693 -12.0905586 12.1000000 0.96 0.64 0.18
v 10.1227059 -12.1440758 12.1000000 0.96 0.64 0.18
v 10.1511494 -12.1965036 12.1000000 0.96 0.64 0.18
v 10.1816548 -12.2477592 12.1000000 0.96 0.64 0.18
v 10.2141738 -12.2977615 12.1000000 0.96 0.64 0.18
v 10.2486550 -12.3464314 12.1000000 0.96 0.64 0.18
v 10.2850439 -12.3936920 12.1000000 0.96 0.64 0.18
v 10.3232829 -12.4394685 12.1000000 0.96 0.64 0.18
v 10.3633116 -12.4836885 12.1000000 0.96 0.64 0.18
v 10.4050667 -12.5262823 12.1000000 0.96 0.64 0.18
v 10.4484822 -12.5671822 12.1000000 0.96 0.64 0.18
v 10.4934894 -12.6063239 12.1000000 0.96 0.64 0.18
v 10.5400171 -12.6436452 12.1000000 0.96 0.64 0.18
v 10.5879919 -12.6790872 12.1000000 0.96 0.64 0.18
v 10.6373377 -12.7125940 12.1000000 0.96 0.64 0.18
v 10.6879766 -12.7441124 12.1000000 0.96 0.64 0.18
v 10.7398286 -12.7735926 12.1000000 0.96 0.64 0.18
v 10.7928116 -12.8009881 12.1000000 0.96 0.64 0.18
v 10.8468419 -12.8262556 12.1000000 0.96 0.64 0.18
v 10.9018340 -12.8493550 12.1000000 0.96 0.64 0.18
v 10.9577009 -12.8702498 12.1000000 0.96 0.64 0.18
v 11.0143544 -12.8889070 12.1000000 0.96 0.64 0.18
v 11.0717049 -12.9052972 12.1000000 0.96 0.64 0.18
v 11.1296616 -12.9193943 12.1000000 0.96 0.64 0.18
v 11.1881330 -12.9311762 12.1000000 0.96 0.64 0.18
v 11.2470266 -12.9406241 12.1000000 0.96 0.64 0.18
v 11.3062492 -12.9477231 12.1000000 0.96 0.64 0.18
v 11.3657072 -12.9524620 12.1000000 0.96 0.64 0.18
v 11.4253066 -12.9548333 12.1000000 0.96 0.64 0.18
v 11.4849531 -12.9548333 12.1000000 0.96 0.64 0.18
v 11.5445525 -12.9524620 12.1000000 0.96 0.64 0.18
v 11.6040106 -12.9477231 12.1000000 0.96 0.64 0.18
v 11.6632332 -12.9406241 12.1000000 0.96 0.64 0.18
v 11.7221267 -12.9311762 12.1000000 0.96 0.64 0.18
v 11.7805981 -12.9193943 12.1000000 0.96 0.64 0.18
v 11.8385548 -12.9052972 12.1000000 0.96 0.64 0.18
v 11.8959053 -12.8889070 12.1000000 0.96 0.64 0.18
v 11.9525588 -12.8702498 12.1000000 0.96 0.64 0.18
v 12.0084257 -12.8493550 12.1000000 0.96 0.64 0.18
v 12.0634178 -12.8262556 12.1000000 0.96 0.64 0.18
v 12.1174481 -12.8009881 12.1000000 0.96 0.64 0.18
v 12.1704311 -12.7735926 12.1000000 0.96 0.64 0.18
v 12.2222831 -12.7441124 12.1000000 0.96 0.64 0.18
v 12.2729220 -12.7125940 12.1000000 0.96 0.64 0.18
v 12.3222679 -12.6790872 12.1000000 0.96 0.64 0.18
v 12.3702426 -12.6436452 12.1000000 0.96 0.64 0.18
v 12.4167703 -12.6063239 12.1000000 0.96 0.64 0.18
v 12.4617775 -12.5671822 12.1000000 0.96 0.64 0.18
v 12.5051930 -12.5262823 12.1000000 0.96 0.64 0.18
v 12.5469481 -12.4836885 12.1000000 0.96 0.64 0.18
v 12.5869768 -12.4394685 12.1000000 0.96 0.64 0.18
v 12.6252158 -12.3936920 12.1000000 0.96 0.64 0.18
v 12.6616047 -12.3464314 12.1000000 0.96 0.64 0.18
v 12.6960859 -12.2977615 12.1000000 0.96 0.64 0.18
v 12.7286049 -12.2477592 12.1000000 0.96 0.64 0.18
v 12.7591103 -12.1965036 12.1000000 0.96 0.64 0.18
v 12.7875538 -12.1440758 12.1000000 0.96 0.64 0.18
v 12.8138904 -12.0905586 12.1000000 0.96 0.64 0.18
v 12.8380786 -12.0360366 12.1000000 0.96 0.64 0.18
v 12.8600801 -11.9805961 12.1000000 0.96 0.64 0.18
v 12.8798601 -11.9243248 12.1000000 0.96 0.64 0.18
v 12.8973872 -11.8673115 12.1000000 0.96 0.64 0.18
v 12.9126339 -11.8096465 12.1000000 0.96 0.64 0.18
v 12.9255759 -11.7514210 12.1000000 0.96 0.64 0.18
v 12.9361929 -11.6927269 12.1000000 0.96 0.64 0.18
v 12.9444680 -11.6336571 12.1000000 0.96 0.64 0.18
v 12.9503881 -11.5743051 12.1000000 0.96 0.64 0.18
v 12.9539440 -11.5147646 12.1000000 0.96 0.64 0.18
v -9.9551299 11.4551299 12.1000000 0.96 0.64 0.18
v -9.9563158 11.5147646 12.1000000 0.96 0.64 0.18
v -9.9598716 11.5743051 12.1000000 0.96 0.64 0.18
v -9.9657917 11.6336571 12.1000000 0.96 0.64 0.18
v -9.9740668 11.6927269 12.1000000 0.96 0.64 0.18
v -9.9846838 11.7514210 12.1000000 0.96 0.64 0.18
v -9.9976258 11.8096465 12.1000000 0.96 0.64 0.18
v -10.0128725 11.8673115 12.1000000 0.96 0.64 0.18
v -10.0303997 11.9243248 12.1000000 0.96 0.64 0.18
v -10.0501796 11.9805961 12.1000000 0.96 0.64 0.18
v -10.0721811 12.0360366 12.1000000 0.96 0.64 0.18
v -10.0963693 12.0905586 12.1000000 0.96 0.64 0.18
v -10.1227059 12.1440758 12.1000000 0.96 0.64 0.18
v -10.1511494 12.1965036 12.1000000 0.96 0.64 0.18
v -10.1816548 12.2477592 12.1000000 0.96 0.64 0.18
v -10.2141738 12.2977615 12.1000000 0.96 0.64 0.18
v -10.2486550 12.3464314 12.1000000 0.96 0.64 0.18
v -10.2850439 12.3936920 12.1000000 0.96 0.64 0.18
v -10.3232829 12.4394685 12.1000000 0.96 0.64 0.18
v -10.3633116 12.4836885 12.1000000 0.96 0.64 0.18
v -10.4050667 12.5262823 12.1000000 0.96 0.64 0.18
v -10.4484822 12.5671822 12.1000000 0.96 0.64 0.18
v -10.4934894 12.6063239 12.1000000 0.96 0.64 0.18
v -10.5400171 12.6436452 12.1000000 0.96 0.64 0.18
v -10.5879919 12.6790872 12.1000000 0.96 0.64 0.18
v -10.6373377 12.7125940 12.1000000 0.96 0.64 0.18
v -10.6879766 12.7441124 12.1000000 0.96 0.64 0.18
v -10.7398286 12.7735926 12.1000000 0.96 0.64 0.18
v -10.7928116 12.8009881 12.1000000 0.96 0.64 0.18
v -10.8468419 12.8262556 12.1000000 0.96 0.64 0.18
v -10.9018340 12.8493550 12.1000000 0.96 0.64 0.18
v -10.9577009 12.8702498 12.1000000 0.96 0.64 0.18
v -11.0143544 12.8889070 12.1000000 0.96 0.64 0.18
v -11.0717049 12.9052972 12.1000000 0.96 0.64 0.18
v -11.1296616 12.9193943 12.1000000 0.96 0.64 0.18
v -11.1881330 12.9311762 12.1000000 0.96 0.64 0.18
v -11.2470266 12.9406241 12.1000000 0.96 0.64 0.18
v -11.3062492 12.9477231 12.1000000 0.96 0.64 0.18
v -11.3657072 12.9524620 12.1000000 0.96 0.64 0.18
v -11.4253066 12.9548333 12.1000000 0.96 0.64 0.18
v -11.4849531 12.9548333 12.1000000 0.96 0.64 0.18
v -11.5445525 12.9524620 12.1000000 0.96 0.64 0.18
v -11.6040106 12.9477231 12.1000000 0.96 0.64 0.18
v -11.6632332 12.9406241 12.1000000 0.96 0.64 0.18
v -11.7221267 12.9311762 12.1000000 0.96 0.64 0.18
v -11.7805981 12.9193943 12.1000000 0.96 0.64 0.18
v -11.8385548 12.9052972 12.1000000 0.96 0.64 0.18
v -11.8959053 12.8889070 12.1000000 0.96 0.64 0.18
v -11.9525588 12.8702498 12.1000000 0.96 0.64 0.18
v -12.0084257 12.8493550 12.1000000 0.96 0.64 0.18
v -12.0634178 12.8262556 12.1000000 0.96 0.64 0.18
v -12.1174481 12.8009881 12.1000000 0.96 0.64 0.18
v -12.1704311 12.7735926 12.1000000 0.96 0.64 0.18
v -12.2222831 12.7441124 12.1000000 0.96 0.64 0.18
v -12.2729220 12.7125940 12.1000000 0.96 0.64 0.18
v -12.3222679 12.6790872 12.1000000 0.96 0.64 0.18
v -12.3702426 12.6436452 12.1000000 0.96 0.64 0.18
v -12.4167703 12.6063239 12.1000000 0.96 0.64 0.18
v -12.4617775 12.5671822 12.1000000 0.96 0.64 0.18
v -12.5051930 12.5262823 12.1000000 0.96 0.64 0.18
v -12.5469481 12.4836885 12.1000000 0.96 0.64 0.18
v -12.5869768 12.4394685 12.1000000 0.96 0.64 0.18
v -12.6252158 12.3936920 12.1000000 0.96 0.64 0.18
v -12.6616047 12.3464314 12.1000000 0.96 0.64 0.18
v -12.6960859 12.2977615 12.1000000 0.96 0.64 0.18
v -12.7286049 12.2477592 12.1000000 0.96 0.64 0.18
v -12.7591103 12.1965036 12.1000000 0.96 0.64 0.18
v -12.7875538 12.1440758 12.1000000 0.96 0.64 0.18
v -12.8138904 12.0905586 12.1000000 0.96 0.64 0.18
v -12.8380786 12.0360366 12.1000000 0.96 0.64 0.18
v -12.8600801 11.9805961 12.1000000 0.96 0.64 0.18
v -12.8798601 11.9243248 12.1000000 0.96 0.64 0.18
v -12.8973872 11.8673115 12.1000000 0.96 0.64 0.18
v -12.9126339 11.8096465 12.1000000 0.96 0.64 0.18
v -12.9255759 11.7514210 12.1000000 0.96 0.64 0.18
v -12.9361929 11.6927269 12.1000000 0.96 0.64 0.18
v -12.9444680 11.6336571 12.1000000 0.96 0.64 0.18
v -12.9503881 11.5743051 12.1000000 0.96 0.64 0.18
v -12.9539440 11.5147646 12.1000000 0.96 0.64 0.18
v -12.9551299 11.4551299 12.1000000 0.96 0.64 0.18
v -12.9539440 11.3954951 12.1000000 0.96 0.64 0.18
v -12.9503881 11.3359546 12.1000000 0.96 0.64 0.18
v -12.9444680 11.2766026 12.1000000 0.96 0.64 0.18
v -12.9361929 11.2175328 12.1000000 0.96 0.64 0.18
v -12.9255759 11.1588388 12.1000000 0.96 0.64 0.18
v -12.9126339 11.1006132 12.1000000 0.96 0.64 0.18
v -12.8973872 11.0429482 12.1000000 0.96 0.64 0.18
v -12.8798601 10.9859349 12.1000000 0.96 0.64 0.18
v -12.8600801 10.9296636 12.1000000 0.96 0.64 0.18
v -12.8380786 10.8742231 12.1000000 0.96 0.64 0.18
v -12.8138904 10.8197011 12.1000000 0.96 0.64 0.18
v -12.7875538 10.7661839 12.1000000 0.96 0.64 0.18
v -12.7591103 10.7137561 12.1000000 0.96 0.64 0.18
v -12.7286049 10.6625005 12.1000000 0.96 0.64 0.18
v -12.6960859 10.6124982 12.1000000 0.96 0.64 0.18
v -12.6616047 10.5638283 12.1000000 0.96 0.64 0.18
v -12.6252158 10.5165677 12.1000000 0.96 0.64 0.18
v -12.5869768 10.4707912 12.1000000 0.96 0.64 0.18
v -12.5469481 10.4265712 12.1000000 0.96 0.64 0.18
v -12.5051930 10.3839775 12.1000000 0.96 0.64 0.18
v -12.4617775 10.3430775 12.1000000 0.96 0.64 0.18
v -12.4167703 10.3039359 12.1000000 0.96 0.64 0.18
v -12.3702426 10.2666145 12.1000000 0.96 0.64 0.18
v -12.3222679 10.2311725 12.1000000 0.96 0.64 0.18
v -12.2729220 10.1976657 12.1000000 0.96 0.64 0.18
v -12.2222831 10.1661473 12.1000000 0.96 0.64 0.18
v -12.1704311 10.1366671 12.1000000 0.96 0.64 0.18
v -12.1174481 10.1092716 12.1000000 0.96 0.64 0.18
v -12.0634178 10.0840041 12.1000000 0.96 0.64 0.18
v -12.0084257 10.0609047 12.1000000 0.96 0.64 0.18
v -11.9525588 10.0400099 12.1000000 0.96 0.64 0.18
v -11.8959053 10.0213527 12.1000000 0.96 0.64 0.18
v -11.8385548 10.0049625 12.1000000 0.96 0.64 0.18
v -11.7805981 9.9908654 12.1000000 0.96 0.64 0.18
v -11.7221267 9.9790836 12.1000000 0.96 0.64 0.18
v -11.6632332 9.9696357 12.1000000 0.96 0.64 0.18
v -11.6040106 9.9625366 12.1000000 0.96 0.64 0.18
v -11.5445525 9.9577977 12.1000000 0.96 0.64 0.18
v -11.4849531 9.9554264 12.1000000 0.96 0.64 0.18
v -11.4253066 9.9554264 12.1000000 0.96 0.64 0.18
v -11.3657072 9.9577977 12.1000000 0.96 0.64 0.18
v -11.3062492 9.9625366 12.1000000 0.96 0.64 0.18
v -11.2470266 9.9696357 12.1000000 0.96 0.64 0.18
v -11.1881330 9.9790836 12.1000000 0.96 0.64 0.18
v -11.1296616 9.9908654 12.1000000 0.96 0.64 0.18
v -11.0717049 10.0049625 12.1000000 0.96 0.64 0.18
v -11.0143544 10.0213527 12.1000000 0.96 0.64 0.18
v -10.9577009 10.0400099 12.1000000 0.96 0.64 0.18
v -10.9018340 10.0609047 12.1000000 0.96 0.64 0.18
v -10.8468419 10.0840041 12.1000000 0.96 0.64 0.18
v -10.7928116 10.1092716 12.1000000 0.96 0.64 0.18
v -10.7398286 10.1366671 12.1000000 0.96 0.64 0.18
v -10.6879766 10.1661473 12.1000000 0.96 0.64 0.18
v -10.6373377 10.1976657 12.1000000 0.96 0.64 0.18
v -10.5879919 10.2311725 12.1000000 0.96 0.64 0.18
v -10.5400171 10.2666145 12.1000000 0.96 0.64 0.18
v -10.4934894 10.3039359 12.1000000 0.96 0.64 0.18
v -10.4484822 10.3430775 12.1000000 0.96 0.64 0.18
v -10.4050667 10.3839775 12.1000000 0.96 0.64 0.18
v -10.3633116 10.4265712 12.1000000 0.96 0.64 0.18
v -10.3232829 10.4707912 12.1000000 0.96 0.64 0.18
v -10.2850439 10.5165677 12.1000000 0.96 0.64 0.18
v -10.2486550 10.5638283 12.1000000 0.96 0.64 0.18
v -10.2141738 10.6124982 12.1000000 0.96 0.64 0.18
v -10.1816548 10.6625005 12.1000000 0.96 0.64 0.18
v -10.1511494 10.7137561 12.1000000 0.96 0.64 0.18
v -10.1227059 10.7661839 12.1000000 0.96 0.64 0.18
v -10.0963693 10.8197011 12.1000000 0.96 0.64 0.18
v -10.0721811 10.8742231 12.1000000 0.96 0.64 0.18
v -10.0501796 10.9296636 12.1000000 0.96 0.64 0.18
v -10.0303997 10.9859349 12.1000000 0.96 0.64 0.18
v -10.0128725 11.0429482 12.1000000 0.96 0.64 0.18
v -9.9976258 11.1006132 12.1000000 0.96 0.64 0.18
v -9.9846838 11.1588388 12.1000000 0.96 0.64 0.18
v -9.9740668 11.2175328 12.1000000 0.96 0.64 0.18
v -9.9657917 11.2766026 12.1000000 0.96 0.64 0.18
v -9.9598716 11.3359546 12.1000000 0.96 0.64 0.18
v -9.9563158 11.3954951 12.1000000 0.96 0.64 0.18
v 13.0928965 10.9993664 12.1000000 0.96 0.64 0.18
v 13.5215150 10.4679812 12.1000000 0.96 0.64 0.18
v 13.9285811 9.9199108 12.1000000 0.96 0.64 0.18
v 14.3134458 9.3560285 12.1000000 0.96 0.64 0.18
v 14.6754957 8.7772334 12.1000000 0.96 0.64 0.18
v 15.0141538 8.1844478 12.1000000 0.96 0.64 0.18
v 15.3288802 7.5786168 12.1000000 0.96 0.64 0.18
v 15.6191733 6.9607058 12.1000000 0.96 0.64 0.18
v 15.8845704 6.3317000 12.1000000 0.96 0.64 0.18
v 16.1246484 5.6926018 12.1000000 0.96 0.64 0.18
v 16.3390247 5.0444299 12.1000000 0.96 0.64 0.18
v 16.5273575 4.3882175 12.1000000 0.96 0.64 0.18
v 16.6893468 3.7250105 12.1000000 0.96 0.64 0.18
v 16.8247342 3.0558661 12.1000000 0.96 0.64 0.18
v 16.9333041 2.3818508 12.1000000 0.96 0.64 0.18
v 17.0148832 1.7040390 12.1000000 0.96 0.64 0.18
v 17.0693417 1.0235111 12.1000000 0.96 0.64 0.18
v 17.0965926 0.3413517 12.1000000 0.96 0.64 0.18
v 17.0965926 -0.3413517 12.1000000 0.96 0.64 0.18
v 17.0693417 -1.0235111 12.1000000 0.96 0.64 0.18
v 17.0148832 -1.7040390 12.1000000 0.96 0.64 0.18
v 16.9333041 -2.3818508 12.1000000 0.96 0.64 0.18
v 16.8247342 -3.0558661 12.1000000 0.96 0.64 0.18
v 16.6893468 -3.7250105 12.1000000 0.96 0.64 0.18
v 16.5273575 -4.3882175 12.1000000 0.96 0.64 0.18
v 16.3390247 -5.0444299 12.1000000 0.96 0.64 0.18
v 16.1246484 -5.6926018 12.1000000 0.96 0.64 0.18
v 15.8845704 -6.3317000 12.1000000 0.96 0.64 0.18
v 15.6191733 -6.9607058 12.1000000 0.96 0.64 0.18
v 15.3288802 -7.5786168 12.1000000 0.96 0.64 0.18
v 15.0141538 -8.1844478 12.1000000 0.96 0.64 0.18
v 14.6754957 -8.7772334 12.1000000 0.96 0.64 0.18
v 14.3134458 -9.3560285 12.1000000 0.96 0.64 0.18
v 13.9285811 -9.9199108 12.1000000 0.96 0.64 0.18
v 13.5215150 -10.4679812 12.1000000 0.96 0.64 0.18
v 13.0928965 -10.9993664 12.1000000 0.96 0.64 0.18
v 13.0735118 -10.9347070 12.1000000 0.96 0.64 0.18
v 13.0515753 -10.8708681 12.1000000 0.96 0.64 0.18
v 13.0271218 -10.8079504 12.1000000 0.96 0.64 0.18
v 13.0001898 -10.7460531 12.1000000 0.96 0.64 0.18
v 12.9708217 -10.6852738 12.1000000 0.96 0.64 0.18
v 12.9390638 -10.6257083 12.1000000 0.96 0.64 0.18
v 12.9049662 -10.5674505 12.1000000 0.96 0.64 0.18
v 12.8685827 -10.5105924 12.1000000 0.96 0.64 0.18
v 12.8299706 -10.4552234 12.1000000 0.96 0.64 0.18
v 12.7891909 -10.4014310 12.1000000 0.96 0.64 0.18
v 12.7463077 -10.3493000 12.1000000 0.96 0.64 0.18
v 12.7013888 -10.2989125 12.1000000 0.96 0.64 0.18
v 12.6545049 -10.2503480 12.1000000 0.96 0.64 0.18
v 12.6057300 -10.2036830 12.1000000 0.96 0.64 0.18
v 12.5551410 -10.1589912 12.1000000 0.96 0.64 0.18
v 12.5028176 -10.1163429 12.1000000 0.96 0.64 0.18
v 12.4488423 -10.0758056 12.1000000 0.96 0.64 0.18
v 12.3933003 -10.0374429 12.1000000 0.96 0.64 0.18
v 12.3362790 -10.0013155 12.1000000 0.96 0.64 0.18
v 12.2778685 -9.9674803 12.1000000 0.96 0.64 0.18
v 12.2181608 -9.9359907 12.1000000 0.96 0.64 0.18
v 12.1572500 -9.9068963 12.1000000 0.96 0.64 0.18
v 12.0952322 -9.8802429 12.1000000 0.96 0.64 0.18
v 12.0322052 -9.8560726 12.1000000 0.96 0.64 0.18
v 11.9682683 -9.8344235 12.1000000 0.96 0.64 0.18
v 11.9035223 -9.8153298 12.1000000 0.96 0.64 0.18
v 11.8380694 -9.7988215 12.1000000 0.96 0.64 0.18
v 11.7720127 -9.7849247 12.1000000 0.96 0.64 0.18
v 11.7054563 -9.7736613 12.1000000 0.96 0.64 0.18
v 11.6385053 -9.7650490 12.1000000 0.96 0.64 0.18
v 11.5712652 -9.7591014 12.1000000 0.96 0.64 0.18
v 11.5038419 -9.7558279 12.1000000 0.96 0.64 0.18
v 11.4363419 -9.7552337 12.1000000 0.96 0.64 0.18
v 11.3688714 -9.7573197 12.1000000 0.96 0.64 0.18
v 11.3015370 -9.7620825 12.1000000 0.96 0.64 0.18
v 11.2344448 -9.7695148 12.1000000 0.96 0.64 0.18
v 11.1677004 -9.7796048 12.1000000 0.96 0.64 0.18
v 11.1014093 -9.7923365 12.1000000 0.96 0.64 0.18
v 11.0356759 -9.8076899 12.1000000 0.96 0.64 0.18
v 10.9706038 -9.8256408 12.1000000 0.96 0.64 0.18
v 10.9062957 -9.8461609 12.1000000 0.96 0.64 0.18
v 10.8428529 -9.8692178 12.1000000 0.96 0.64 0.18
v 10.7803755 -9.8947752 12.1000000 0.96 0.64 0.18
v 10.7189619 -9.9227928 12.1000000 0.96 0.64 0.18
v 10.6587091 -9.9532264 12.1000000 0.96 0.64 0.18
v 10.5997119 -9.9860280 12.1000000 0.96 0.64 0.18
v 10.5420635 -10.0211460 12.1000000 0.96 0.64 0.18
v 10.4858547 -10.0585248 12.1000000 0.96 0.64 0.18
v 10.4311741 -10.0981057 12.1000000 0.96 0.64 0.18
v 10.3781080 -10.1398262 12.1000000 0.96 0.64 0.18
v 10.3267400 -10.1836204 12.1000000 0.96 0.64 0.18
v 10.2771511 -10.2294195 12.1000000 0.96 0.64 0.18
v 10.2294195 -10.2771511 12.1000000 0.96 0.64 0.18
v 10.1836204 -10.3267400 12.1000000 0.96 0.64 0.18
v 10.1398262 -10.3781080 12.1000000 0.96 0.64 0.18
v 10.0981057 -10.4311741 12.1000000 0.96 0.64 0.18
v 10.0585248 -10.4858547 12.1000000 0.96 0.64 0.18
v 10.0211460 -10.5420635 12.1000000 0.96 0.64 0.18
v 9.9860280 -10.5997119 12.1000000 0.96 0.64 0.18
v 9.9532264 -10.6587091 12.1000000 0.96 0.64 0.18
v 9.9227928 -10.7189619 12.1000000 0.96 0.64 0.18
v 9.8947752 -10.7803755 12.1000000 0.96 0.64 0.18
v 9.8692178 -10.8428529 12.1000000 0.96 0.64 0.18
v 9.8461609 -10.9062957 12.1000000 0.96 0.64 0.18
v 9.8256408 -10.9706038 12.1000000 0.96 0.64 0.18
v 9.8076899 -11.0356759 12.1000000 0.96 0.64 0.18
v 9.7923365 -11.1014093 12.1000000 0.96 0.64 0.18
v 9.7796048 -11.1677004 12.1000000 0.96 0.64 0.18
v 9.7695148 -11.2344448 12.1000000 0.96 0.64 0.18
v 9.7620825 -11.3015370 12.1000000 0.96 0.64 0.18
v 9.7573197 -11.3688714 12.1000000 0.96 0.64 0.18
v 9.7552337 -11.4363419 12.1000000 0.96 0.64 0.18
v 9.7558279 -11.5038419 12.1000000 0.96 0.64 0.18
v 9.7591014 -11.5712652 12.1000000 0.96 0.64 0.18
v 9.7650490 -11.6385053 12.1000000 0.96 0.64 0.18
v 9.7736613 -11.7054563 12.1000000 0.96 0.64 0.18
v 9.7849247 -11.7720127 12.1000000 0.96 0.64 0.18
v 9.7988215 -11.8380694 12.1000000 0.96 0.64 0.18
v 9.8153298 -11.9035223 12.1000000 0.96 0.64 0.18
v 9.8344235 -11.9682683 12.1000000 0.96 0.64 0.18
v 9.8560726 -12.0322052 12.1000000 0.96 0.64 0.18
v 9.8802429 -12.0952322 12.1000000 0.96 0.64 0.18
v 9.9068963 -12.1572500 12.1000000 0.96 0.64 0.18
v 9.9359907 -12.2181608 12.1000000 0.96 0.64 0.18
v 9.9674803 -12.2778685 12.1000000 0.96 0.64 0.18
v 10.0013155 -12.3362790 12.1000000 0.96 0.64 0.18
v 10.0374429 -12.3933003 12.1000000 0.96 0.64 0.18
v 10.0758056 -12.4488423 12.1000000 0.96 0.64 0.18
v 10.1163429 -12.5028176 12.1000000 0.96 0.64 0.18
v 10.1589912 -12.5551410 12.1000000 0.96 0.64 0.18
v 10.2036830 -12.6057300 12.1000000 0.96 0.64 0.18
v 10.2503480 -12.6545049 12.1000000 0.96 0.64 0.18
v 10.2989125 -12.7013888 12.1000000 0.96 0.64 0.18
v 10.3493000 -12.7463077 12.1000000 0.96 0.64 0.18
v 10.4014310 -12.7891909 12.1000000 0.96 0.64 0.18
v 10.4552234 -12.8299706 12.1000000 0.96 0.64 0.18
v 10.5105924 -12.8685827 12.1000000 0.96 0.64 0.18
v 10.5674505 -12.9049662 12.1000000 0.96 0.64 0.18
v 10.6257083 -12.9390638 12.1000000 0.96 0.64 0.18
v 10.6852738 -12.9708217 12.1000000 0.96 0.64 0.18
v 10.7460531 -13.0001898 12.1000000 0.96 0.64 0.18
v 10.8079504 -13.0271218 12.1000000 0.96 0.64 0.18
v 10.8708681 -13.0515753 12.1000000 0.96 0.64 0.18
v 10.9347070 -13.0735118 12.1000000 0.96 0.64 0.18
v 10.9993664 -13.0928965 12.1000000 0.96 0.64 0.18
v -10.9993664 -13.0928965 12.1000000 0.96 0.64 0.18
v -10.4679812 -13.5215150 12.1000000 0.96 0.64 0.18
v -9.9199108 -13.9285811 12.1000000 0.96 0.64 0.18
v -9.3560285 -14.3134458 12.1000000 0.96 0.64 0.18
v -8.7772334 -14.6754957 12.1000000 0.96 0.64 0.18
v -8.1844478 -15.0141538 12.1000000 0.96 0.64 0.18
v -7.5786168 -15.3288802 12.1000000 0.96 0.64 0.18
v -6.9607058 -15.6191733 12.1000000 0.96 0.64 0.18
v -6.3317000 -15.8845704 12.1000000 0.96 0.64 0.18
v -5.6926018 -16.1246484 12.1000000 0.96 0.64 0.18
v -5.0444299 -16.3390247 12.1000000 0.96 0.64 0.18
v -4.3882175 -16.5273575 12.1000000 0.96 0.64 0.18
v -3.7250105 -16.6893468 12.1000000 0.96 0.64 0.18
v -3.0558661 -16.8247342 12.1000000 0.96 0.64 0.18
v -2.3818508 -16.9333041 12.1000000 0.96 0.64 0.18
v -1.7040390 -17.0148832 12.1000000 0.96 0.64 0.18
v -1.0235111 -17.0693417 12.1000000 0.96 0.64 0.18
v -0.3413517 -17.0965926 12.1000000 0.96 0.64 0.18
v 0.3413517 -17.0965926 12.1000000 0.96 0.64 0.18
v 1.0235111 -17.0693417 12.1000000 0.96 0.64 0.18
v 1.7040390 -17.0148832 12.1000000 0.96 0.64 0.18
v 2.3818508 -16.9333041 12.1000000 0.96 0.64 0.18
v 3.0558661 -16.8247342 12.1000000 0.96 0.64 0.18
v 3.7250105 -16.6893468 12.1000000 0.96 0.64 0.18
v 4.3882175 -16.5273575 12.1000000 0.96 0.64 0.18
v 5.0444299 -16.3390247 12.1000000 0.96 0.64 0.18
v 5.6926018 -16.1246484 12.1000000 0.96 0.64 0.18
v 6.3317000 -15.8845704 12.1000000 0.96 0.64 0.18
v 6.9607058 -15.6191733 12.1000000 0.96 0.64 0.18
v 7.5786168 -15.3288802 12.1000000 0.96 0.64 0.18
v 8.1844478 -15.0141538 12.1000000 0.96 0.64 0.18
v 8.7772334 -14.6754957 12.1000000 0.96 0.64 0.18
v 9.3560285 -14.3134458 12.1000000 0.96 0.64 0.18
v 9.9199108 -13.9285811 12.1000000 0.96 0.64 0.18
v 10.4679812 -13.5215150 12.1000000 0.96 0.64 0.18
v -10.9347070 -13.0735118 12.1000000 0.96 0.64 0.18
v -10.8708681 -13.0515753 12.1000000 0.96 0.64 0.18
v -10.8079504 -13.0271218 12.1000000 0.96 0.64 0.18
v -10.7460531 -13.0001898 12.1000000 0.96 0.64 0.18
v -10.6852738 -12.9708217 12.1000000 0.96 0.64 0.18
v -10.6257083 -12.9390638 12.1000000 0.96 0.64 0.18
v -10.5674505 -12.9049662 12.1000000 0.96 0.64 0.18
v -10.5105924 -12.8685827 12.1000000 0.96 0.64 0.18
v -10.4552234 -12.8299706 12.1000000 0.96 0.64 0.18
v -10.4014310 -12.7891909 12.1000000 0.96 0.64 0.18
v -10.3493000 -12.7463077 12.1000000 0.96 0.64 0.18
v -10.2989125 -12.7013888 12.1000000 0.96 0.64 0.18
v -10.2503480 -12.6545049 12.1000000 0.96 0.64 0.18
v -10.2036830 -12.6057300 12.1000000 0.96 0.64 0.18
v -10.1589912 -12.5551410 12.1000000 0.96 0.64 0.18
v -10.1163429 -12.5028176 12.1000000 0.96 0.64 0.18
v -10.0758056 -12.4488423 12.1000000 0.96 0.64 0.18
v -10.0374429 -12.3933003 12.1000000 0.96 0.64 0.18
v -10.0013155 -12.3362790 12.1000000 0.96 0.64 0.18
v -9.9674803 -12.2778685 12.1000000 0.96 0.64 0.18
v -9.9359907 -12.2181608 12.1000000 0.96 0.64 0.18
v -9.9068963 -12.1572500 12.1000000 0.96 0.64 0.18
v -9.8802429 -12.0952322 12.1000000 0.96 0.64 0.18
v -9.8560726 -12.0322052 12.1000000 0.96 0.64 0.18
v -9.8344235 -11.9682683 12.1000000 0.96 0.64 0.18
v -9.8153298 -11.9035223 12.1000000 0.96 0.64 0.18
v -9.7988215 -11.8380694 12.1000000 0.96 0.64 0.18
v -9.7849247 -11.7720127 12.1000000 0.96 0.64 0.18
v -9.7736613 -11.7054563 12.1000000 0.96 0.64 0.18
v -9.7650490 -11.6385053 12.1000000 0.96 0.64 0.18
v -9.7591014 -11.5712652 12.1000000 0.96 0.64 0.18
v -9.7558279 -11.5038419 12.1000000 0.96 0.64 0.18
v -9.7552337 -11.4363419 12.1000000 0.96 0.64 0.18
v -9.7573197 -11.3688714 12.1000000 0.96 0.64 0.18
v -9.7620825 -11.3015370 12.1000000 0.96 0.64 0.18
v -9.7695148 -11.2344448 12.1000000 0.96 0.64 0.18
v -9.7796048 -11.1677004 12.1000000 0.96 0.64 0.18
v -9.7923365 -11.1014093 12.1000000 0.96 0.64 0.18
v -9.8076899 -11.0356759 12.1000000 0.96 0.64 0.18
v -9.8256408 -10.9706038 12.1000000 0.96 0.64 0.18
v -9.8461609 -10.9062957 12.1000000 0.96 0.64 0.18
v -9.8692178 -10.8428529 12.1000000 0.96 0.64 0.18
v -9.8947752 -10.7803755 12.1000000 0.96 0.64 0.18
v -9.9227928 -10.7189619 12.1000000 0.96 0.64 0.18
v -9.9532264 -10.6587091 12.1000000 0.96 0.64 0.18
v -9.9860280 -10.5997119 12.1000000 0.96 0.64 0.18
v -10.0211460 -10.5420635 12.1000000 0.96 0.64 0.18
v -10.0585248 -10.4858547 12.1000000 0.96 0.64 0.18
v -10.0981057 -10.4311741 12.1000000 0.96 0.64 0.18
v -10.1398262 -10.3781080 12.1000000 0.96 0.64 0.18
v -10.1836204 -10.3267400 12.1000000 0.96 0.64 0.18
v -10.2294195 -10.2771511 12.1000000 0.96 0.64 0.18
v -10.2771511 -10.2294195 12.1000000 0.96 0.64 0.18
v -10.3267400 -10.1836204 12.1000000 0.96 0.64 0.18
v -10.3781080 -10.1398262 12.1000000 0.96 0.64 0.18
v -10.4311741 -10.0981057 12.1000000 0.96 0.64 0.18
v -10.4858547 -10.0585248 12.1000000 0.96 0.64 0.18
v -10.5420635 -10.0211460 12.1000000 0.96 0.64 0.18
v -10.5997119 -9.9860280 12.1000000 0.96 0.64 0.18
v -10.6587091 -9.9532264 12.1000000 0.96 0.64 0.18
v -10.7189619 -9.9227928 12.1000000 0.96 0.64 0.18
v -10.7803755 -9.8947752 12.1000000 0.96 0.64 0.18
v -10.8428529 -9.8692178 12.1000000 0.96 0.64 0.18
v -10.9062957 -9.8461609 12.1000000 0.96 0.64 0.18
v -10.9706038 -9.8256408 12.1000000 0.96 0.64 0.18
v -11.0356759 -9.8076899 12.1000000 0.96 0.64 0.18
v -11.1014093 -9.7923365 12.1000000 0.96 0.64 0.18
v -11.1677004 -9.7796048 12.1000000 0.96 0.64 0.18
v -11.2344448 -9.7695148 12.1000000 0.96 0.64 0.18
v -11.3015370 -9.7620825 12.1000000 0.96 0.64 0.18
v -11.3688714 -9.7573197 12.1000000 0.96 0.64 0.18
v -11.4363419 -9.7552337 12.1000000 0.96 0.64 0.18
v -11.5038419 -9.7558279 12.1000000 0.96 0.64 0.18
v -11.5712652 -9.7591014 12.1000000 0.96 0.64 0.18
v -11.6385053 -9.7650490 12.1000000 0.96 0.64 0.18
v -11.7054563 -9.7736613 12.1000000 0.96 0.64 0.18
v -11.7720127 -9.7849247 12.1000000 0.96 0.64 0.18
v -11.8380694 -9.7988215 12.1000000 0.96 0.64 0.18
v -11.9035223 -9.8153298 12.1000000 0.96 0.64 0.18
v -11.9682683 -9.8344235 12.1000000 0.96 0.64 0.18
v -12.0322052 -9.8560726 12.1000000 0.96 0.64 0.18
v -12.0952322 -9.8802429 12.1000000 0.96 0.64 0.18
v -12.1572500 -9.9068963 12.1000000 0.96 0.64 0.18
v -12.2181608 -9.9359907 12.1000000 0.96 0.64 0.18
v -12.2778685 -9.9674803 12.1000000 0.96 0.64 0.18
v -12.3362790 -10.0013155 12.1000000 0.96 0.64 0.18
v -12.3933003 -10.0374429 12.1000000 0.96 0.64 0.18
v -12.4488423 -10.0758056 12.1000000 0.96 0.64 0.18
v -12.5028176 -10.1163429 12.1000000 0.96 0.64 0.18
v -12.5551410 -10.1589912 12.1000000 0.96 0.64 0.18
v -12.6057300 -10.2036830 12.1000000 0.96 0.64 0.18
v -12.6545049 -10.2503480 12.1000000 0.96 0.64 0.18
v -12.7013888 -10.2989125 12.1000000 0.96 0.64 0.18
v -12.7463077 -10.3493000 12.1000000 0.96 0.64 0.18
v -12.7891909 -10.4014310 12.1000000 0.96 0.64 0.18
v -12.8299706 -10.4552234 12.1000000 0.96 0.64 0.18
v -12.8685827 -10.5105924 12.1000000 0.96 0.64 0.18
v -12.9049662 -10.5674505 12.1000000 0.96 0.64 0.18
v -12.9390638 -10.6257083 12.1000000 0.96 0.64 0.18
v -12.9708217 -10.6852738 12.1000000 0.96 0.64 0.18
v -13.0001898 -10.7460531 12.1000000 0.96 0.64 0.18
v -13.0271218 -10.8079504 12.1000000 0.96 0.64 0.18
v -13.0515753 -10.8708681 12.1000000 0.96 0.64 0.18
v -13.0735118 -10.9347070 12.1000000 0.96 0.64 0.18
v -13.0928965 -10.9993664 12.1000000 0.96 0.64 0.18
v -13.0928965 10.9993664 12.1000000 0.96 0.64 0.18
v -13.5215150 10.4679812 12.1000000 0.96 0.64 0.18
v -13.9285811 9.9199108 12.1000000 0.96 0.64 0.18
v -14.3134458 9.3560285 12.1000000 0.96 0.64 0.18
v -14.6754957 8.7772334 12.1000000 0.96 0.64 0.18
v -15.0141538 8.1844478 12.1000000 0.96 0.64 0.18
v -15.3288802 7.5786168 12.1000000 0.96 0.64 0.18
v -15.6191733 6.9607058 12.1000000 0.96 0.64 0.18
v -15.8845704 6.3317000 12.1000000 0.96 0.64 0.18
v -16.1246484 5.6926018 12.1000000 0.96 0.64 0.18
v -16.3390247 5.0444299 12.1000000 0.96 0.64 0.18
v -16.5273575 4.3882175 12.1000000 0.96 0.64 0.18
v -16.6893468 3.7250105 12.1000000 0.96 0.64 0.18
v -16.8247342 3.0558661 12.1000000 0.96 0.64 0.18
v -16.9333041 2.3818508 12.1000000 0.96 0.64 0.18
v -17.0148832 1.7040390 12.1000000 0.96 0.64 0.18
v -17.0693417 1.0235111 12.1000000 0.96 0.64 0.18
v -17.0965926 0.3413517 12.1000000 0.96 0.64 0.18
v -17.0965926 -0.3413517 12.1000000 0.96 0.64 0.18
v -17.0693417 -1.0235111 12.1000000 0.96 0.64 0.18
v -17.0148832 -1.7040390 12.1000000 0.96 0.64 0.18
v -16.9333041 -2.3818508 12.1000000 0.96 0.64 0.18
v -16.8247342 -3.0558661 12.1000000 0.96 0.64 0.18
v -16.6893468 -3.7250105 12.1000000 0.96 0.64 0.18
v -16.5273575 -4.3882175 12.1000000 0.96 0.64 0.18
v -16.3390247 -5.0444299 12.1000000 0.96 0.64 0.18
v -16.1246484 -5.6926018 12.1000000 0.96 0.64 0.18
v -15.8845704 -6.3317000 12.1000000 0.96 0.64 0.18
v -15.6191733 -6.9607058 12.1000000 0.96 0.64 0.18
v -15.3288802 -7.5786168 12.1000000 0.96 0.64 0.18
v -15.0141538 -8.1844478 12.1000000 0.96 0.64 0.18
v -14.6754957 -8.7772334 12.1000000 0.96 0.64 0.18
v -14.3134458 -9.3560285 12.1000000 0.96 0.64 0.18
v -13.9285811 -9.9199108 12.1000000 0.96 0.64 0.18
v -13.5215150 -10.4679812 12.1000000 0.96 0.64 0.18
v -13.0735118 10.9347070 12.1000000 0.96 0.64 0.18
v -13.0515753 10.8708681 12.1000000 0.96 0.64 0.18
v -13.0271218 10.8079504 12.1000000 0.96 0.64 0.18
v -13.0001898 10.7460531 12.1000000 0.96 0.64 0.18
v -12.9708217 10.6852738 12.1000000 0.96 0.64 0.18
v -12.9390638 10.6257083 12.1000000 0.96 0.64 0.18
v -12.9049662 10.5674505 12.1000000 0.96 0.64 0.18
v -12.8685827 10.5105924 12.1000000 0.96 0.64 0.18
v -12.8299706 10.4552234 12.1000000 0.96 0.64 0.18
v -12.7891909 10.4014310 12.1000000 0.96 0.64 0.18
v -12.7463077 10.3493000 12.1000000 0.96 0.64 0.18
v -12.7013888 10.2989125 12.1000000 0.96 0.64 0.18
v -12.6545049 10.2503480 12.1000000 0.96 0.64 0.18
v -12.6057300 10.2036830 12.1000000 0.96 0.64 0.18
v -12.5551410 10.1589912 12.1000000 0.96 0.64 0.18
v -12.5028176 10.1163429 12.1000000 0.96 0.64 0.18
v -12.4488423 10.0758056 12.1000000 0.96 0.64 0.18
v -12.3933003 10.0374429 12.1000000 0.96 0.64 0.18
v -12.3362790 10.0013155 12.1000000 0.96 0.64 0.18
v -12.2778685 9.9674803 12.1000000 0.96 0.64 0.18
v -12.2181608 9.9359907 12.1000000 0.96 0.64 0.18
v -12.1572500 9.9068963 12.1000000 0.96 0.64 0.18
v -12.0952322 9.8802429 12.1000000 0.96 0.64 0.18
v -12.0322052 9.8560726 12.1000000 0.96 0.64 0.18
v -11.9682683 9.8344235 12.1000000 0.96 0.64 0.18
v -11.9035223 9.8153298 12.1000000 0.96 0.64 0.18
v -11.8380694 9.7988215 12.1000000 0.96 0.64 0.18
v -11.7720127 9.7849247 12.1000000 0.96 0.64 0.18
v -11.7054563 9.7736613 12.1000000 0.96 0.64 0.18
v -11.6385053 9.7650490 12.1000000 0.96 0.64 0.18
v -11.5712652 9.7591014 12.1000000 0.96 0.64 0.18
v -11.5038419 9.7558279 12.1000000 0.96 0.64 0.18
v -11.4363419 9.7552337 12.1000000 0.96 0.64 0.18
v -11.3688714 9.7573197 12.1000000 0.96 0.64 0.18
v -11.3015370 9.7620825 12.1000000 0.96 0.64 0.18
v -11.2344448 9.7695148 12.1000000 0.96 0.64 0.18
v -11.1677004 9.7796048 12.1000000 0.96 0.64 0.18
v -11.1014093 9.7923365 12.1000000 0.96 0.64 0.18
v -11.0356759 9.8076899 12.1000000 0.96 0.64 0.18
v -10.9706038 9.8256408 12.1000000 0.96 0.64 0.18
v -10.9062957 9.8461609 12.1000000 0.96 0.64 0.18
v -10.8428529 9.8692178 12.1000000 0.96 0.64 0.18
v -10.7803755 9.8947752 12.1000000 0.96 0.64 0.18
v -10.7189619 9.9227928 12.1000000 0.96 0.64 0.18
v -10.6587091 9.9532264 12.1000000 0.96 0.64 0.18
v -10.5997119 9.9860280 12.1000000 0.96 0.64 0.18
v -10.5420635 10.0211460 12.1000000 0.96 0.64 0.18
v -10.4858547 10.0585248 12.1000000 0.96 0.64 0.18
v -10.4311741 10.0981057 12.1000000 0.96 0.64 0.18
v -10.3781080 10.1398262 12.1000000 0.96 0.64 0.18
v -10.3267400 10.1836204 12.1000000 0.96 0.64 0.18
v -10.2771511 10.2294195 12.1000000 0.96 0.64 0.18
v -10.2294195 10.2771511 12.1000000 0.96 0.64 0.18
v -10.1836204 10.3267400 12.1000000 0.96 0.64 0.18
v -10.1398262 10.3781080 12.1000000 0.96 0.64 0.18
v -10.0981057 10.4311741 12.1000000 0.96 0.64 0.18
v -10.0585248 10.4858547 12.1000000 0.96 0.64 0.18
v -10.0211460 10.5420635 12.1000000 0.96 0.64 0.18
v -9.9860280 10.5997119 12.1000000 0.96 0.64 0.18
v -9.9532264 10.6587091 12.1000000 0.96 0.64 0.18
v -9.9227928 10.7189619 12.1000000 0.96 0.64 0.18
v -9.8947752 10.7803755 12.1000000 0.96 0.64 0.18
v -9.8692178 10.8428529 12.1000000 0.96 0.64 0.18
v -9.8461609 10.9062957 12.1000000 0.96 0.64 0.18
v -9.8256408 10.9706038 12.1000000 0.96 0.64 0.18
v -9.8076899 11.0356759 12.1000000 0.96 0.64 0.18
v -9.7923365 11.1014093 12.1000000 0.96 0.64 0.18
v -9.7796048 11.1677004 12.1000000 0.96 0.64 0.18
v -9.7695148 11.2344448 12.1000000 0.96 0.64 0.18
v -9.7620825 11.3015370 12.1000000 0.96 0.64 0.18
v -9.7573197 11.3688714 12.1000000 0.96 0.64 0.18
v -9.7552337 11.4363419 12.1000000 0.96 0.64 0.18
v -9.7558279 11.5038419 12.1000000 0.96 0.64 0.18
v -9.7591014 11.5712652 12.1000000 0.96 0.64 0.18
v -9.7650490 11.6385053 12.1000000 0.96 0.64 0.18
v -9.7736613 11.7054563 12.1000000 0.96 0.64 0.18
v -9.7849247 11.7720127 12.1000000 0.96 0.64 0.18
v -9.7988215 11.8380694 12.1000000 0.96 0.64 0.18
v -9.8153298 11.9035223 12.1000000 0.96 0.64 0.18
v -9.8344235 11.9682683 12.1000000 0.96 0.64 0.18
v -9.8560726 12.0322052 12.1000000 0.96 0.64 0.18
v -9.8802429 12.0952322 12.1000000 0.96 0.64 0.18
v -9.9068963 12.1572500 12.1000000 0.96 0.64 0.18
v -9.9359907 12.2181608 12.1000000 0.96 0.64 0.18
v -9.9674803 12.2778685 12.1000000 0.96 0.64 0.18
v -10.0013155 12.3362790 12.1000000 0.96 0.64 0.18
v -10.0374429 12.3933003 12.1000000 0.96 0.64 0.18
v -10.0758056 12.4488423 12.1000000 0.96 0.64 0.18
v -10.1163429 12.5028176 12.1000000 0.96 0.64 0.18
v -10.1589912 12.5551410 12.1000000 0.96 0.64 0.18
v -10.2036830 12.6057300 12.1000000 0.96 0.64 0.18
v -10.2503480 12.6545049 12.1000000 0.96 0.64 0.18
v -10.2989125 12.7013888 12.1000000 0.96 0.64 0.18
v -10.3493000 12.7463077 12.1000000 0.96 0.64 0.18
v -10.4014310 12.7891909 12.1000000 0.96 0.64 0.18
v -10.4552234 12.8299706 12.1000000 0.96 0.64 0.18
v -10.5105924 12.8685827 12.1000000 0.96 0.64 0.18
v -10.5674505 12.9049662 12.1000000 0.96 0.64 0.18
v -10.6257083 12.9390638 12.1000000 0.96 0.64 0.18
v -10.6852738 12.9708217 12.1000000 0.96 0.64 0.18
v -10.7460531 13.0001898 12.1000000 0.96 0.64 0.18
v -10.8079504 13.0271218 12.1000000 0.96 0.64 0.18
v -10.8708681 13.0515753 12.1000000 0.96 0.64 0.18
v -10.9347070 13.0735118 12.1000000 0.96 0.64 0.18
v -10.9993664 13.0928965 12.1000000 0.96 0.64 0.18
v 10.9993664 13.0928965 12.1000000 0.96 0.64 0.18
v 10.4679812 13.5215150 12.1000000 0.96 0.64 0.18
v 9.9199108 13.9285811 12.1000000 0.96 0.64 0.18
v 9.3560285 14.3134458 12.1000000 0.96 0.64 0.18
v 8.7772334 14.6754957 12.1000000 0.96 0.64 0.18
v 8.1844478 15.0141538 12.1000000 0.96 0.64 0.18
v 7.5786168 15.3288802 12.1000000 0.96 0.64 0.18
v 6.9607058 15.6191733 12.1000000 0.96 0.64 0.18
v 6.3317000 15.8845704 12.1000000 0.96 0.64 0.18
v 5.6926018 16.1246484 12.1000000 0.96 0.64 0.18
v 5.0444299 16.3390247 12.1000000 0.96 0.64 0.18
v 4.3882175 16.5273575 12.1000000 0.96 0.64 0.18
v 3.7250105 16.6893468 12.1000000 0.96 0.64 0.18
v 3.0558661 16.8247342 12.1000000 0.96 0.64 0.18
v 2.3818508 16.9333041 12.1000000 0.96 0.64 0.18
v 1.7040390 17.0148832 12.1000000 0.96 0.64 0.18
v 1.0235111 17.0693417 12.1000000 0.96 0.64 0.18
v 0.3413517 17.0965926 12.1000000 0.96 0.64 0.18
v -0.3413517 17.0965926 12.1000000 0.96 0.64 0.18
v -1.0235111 17.0693417 12.1000000 0.96 0.64 0.18
v -1.7040390 17.0148832 12.1000000 0.96 0.64 0.18
v -2.3818508 16.9333041 12.1000000 0.96 0.64 0.18
v -3.0558661 16.8247342 12.1000000 0.96 0.64 0.18
v -3.7250105 16.6893468 12.1000000 0.96 0.64 0.18
v -4.3882175 16.5273575 12.1000000 0.96 0.64 0.18
v -5.0444299 16.3390247 12.1000000 0.96 0.64 0.18
v -5.6926018 16.1246484 12.1000000 0.96 0.64 0.18
v -6.3317000 15.8845704 12.1000000 0.96 0.64 0.18
v -6.9607058 15.6191733 12.1000000 0.96 0.64 0.18
v -7.5786168 15.3288802 12.1000000 0.96 0.64 0.18
v -8.1844478 15.0141538 12.1000000 0.96 0.64 0.18
v -8.7772334 14.6754957 12.1000000 0.96 0.64 0.18
v -9.3560285 14.3134458 12.1000000 0.96 0.64 0.18
v -9.9199108 13.9285811 12.1000000 0.96 0.64 0.18
v -10.4679812 13.5215150 12.1000000 0.96 0.64 0.18
v 10.9347070 13.0735118 12.1000000 0.96 0.64 0.18
v 10.8708681 13.0515753 12.1000000 0.96 0.64 0.18
v 10.8079504 13.0271218 12.1000000 0.96 0.64 0.18
v 10.7460531 13.0001898 12.1000000 0.96 0.64 0.18
v 10.6852738 12.9708217 12.1000000 0.96 0.64 0.18
v 10.6257083 12.9390638 12.1000000 0.96 0.64 0.18
v 10.5674505 12.9049662 12.1000000 0.96 0.64 0.18
v 10.5105924 12.8685827 12.1000000 0.96 0.64 0.18
v 10.4552234 12.8299706 12.1000000 0.96 0.64 0.18
v 10.4014310 12.7891909 12.1000000 0.96 0.64 0.18
v 10.3493000 12.7463077 12.1000000 0.96 0.64 0.18
v 10.2989125 12.7013888 12.1000000 0.96 0.64 0.18
v 10.2503480 12.6545049 12.1000000 0.96 0.64 0.18
v 10.2036830 12.6057300 12.1000000 0.96 0.64 0.18
v 10.1589912 12.5551410 12.1000000 0.96 0.64 0.18
v 10.1163429 12.5028176 12.1000000 0.96 0.64 0.18
v 10.0758056 12.4488423 12.1000000 0.96 0.64 0.18
v 10.0374429 12.3933003 12.1000000 0.96 0.64 0.18
v 10.0013155 12.3362790 12.1000000 0.96 0.64 0.18
v 9.9674803 12.2778685 12.1000000 0.96 0.64 0.18
v 9.9359907 12.2181608 12.1000000 0.96 0.64 0.18
v 9.9068963 12.1572500 12.1000000 0.96 0.64 0.18
v 9.8802429 12.0952322 12.1000000 0.96 0.64 0.18
v 9.8560726 12.0322052 12.1000000 0.96 0.64 0.18
v 9.8344235 11.9682683 12.1000000 0.96 0.64 0.18
v 9.8153298 11.9035223 12.1000000 0.96 0.64 0.18
v 9.7988215 11.8380694 12.1000000 0.96 0.64 0.18
v 9.7849247 11.7720127 12.1000000 0.96 0.64 0.18
v 9.7736613 11.7054563 12.1000000 0.96 0.64 0.18
v 9.7650490 11.6385053 12.1000000 0.96 0.64 0.18
v 9.7591014 11.5712652 12.1000000 0.96 0.64 0.18
v 9.7558279 11.5038419 12.1000000 0.96 0.64 0.18
v 9.7552337 11.4363419 12.1000000 0.96 0.64 0.18
v 9.7573197 11.3688714 12.1000000 0.96 0.64 0.18
v 9.7620825 11.3015370 12.1000000 0.96 0.64 0.18
v 9.7695148 11.2344448 12.1000000 0.96 0.64 0.18
v 9.7796048 11.1677004 12.1000000 0.96 0.64 0.18
v 9.7923365 11.1014093 12.1000000 0.96 0.64 0.18
v 9.8076899 11.0356759 12.1000000 0.96 0.64 0.18
v 9.8256408 10.9706038 12.1000000 0.96 0.64 0.18
v 9.8461609 10.9062957 12.1000000 0.96 0.64 0.18
v 9.8692178 10.8428529 12.1000000 0.96 0.64 0.18
v 9.8947752 10.7803755 12.1000000 0.96 0.64 0.18
v 9.9227928 10.7189619 12.1000000 0.96 0.64 0.18
v 9.9532264 10.6587091 12.1000000 0.96 0.64 0.18
v 9.9860280 10.5997119 12.1000000 0.96 0.64 0.18
v 10.0211460 10.5420635 12.1000000 0.96 0.64 0.18
v 10.0585248 10.4858547 12.1000000 0.96 0.64 0.18
v 10.0981057 10.4311741 12.1000000 0.96 0.64 0.18
v 10.1398262 10.3781080 12.1000000 0.96 0.64 0.18
v 10.1836204 10.3267400 12.1000000 0.96 0.64 0.18
v 10.2294195 10.2771511 12.1000000 0.96 0.64 0.18
v 10.2771511 10.2294195 12.1000000 0.96 0.64 0.18
v 10.3267400 10.1836204 12.1000000 0.96 0.64 0.18
v 10.3781080 10.1398262 12.1000000 0.96 0.64 0.18
v 10.4311741 10.0981057 12.1000000 0.96 0.64 0.18
v 10.4858547 10.0585248 12.1000000 0.96 0.64 0.18
v 10.5420635 10.0211460 12.1000000 0.96 0.64 0.18
v 10.5997119 9.9860280 12.1000000 0.96 0.64 0.18
v 10.6587091 9.9532264 12.1000000 0.96 0.64 0.18
v 10.7189619 9.9227928 12.1000000 0.96 0.64 0.18
v 10.7803755 9.8947752 12.1000000 0.96 0.64 0.18
v 10.8428529 9.8692178 12.1000000 0.96 0.64 0.18
v 10.9062957 9.8461609 12.1000000 0.96 0.64 0.18
v 10.9706038 9.8256408 12.1000000 0.96 0.64 0.18
v 11.0356759 9.8076899 12.1000000 0.96 0.64 0.18
v 11.1014093 9.7923365 12.1000000 0.96 0.64 0.18
v 11.1677004 9.7796048 12.1000000 0.96 0.64 0.18
v 11.2344448 9.7695148 12.1000000 0.96 0.64 0.18
v 11.3015370 9.7620825 12.1000000 0.96 0.64 0.18
v 11.3688714 9.7573197 12.1000000 0.96 0.64 0.18
v 11.4363419 9.7552337 12.1000000 0.96 0.64 0.18
v 11.5038419 9.7558279 12.1000000 0.96 0.64 0.18
v 11.5712652 9.7591014 12.1000000 0.96 0.64 0.18
v 11.6385053 9.7650490 12.1000000 0.96 0.64 0.18
v 11.7054563 9.7736613 12.1000000 0.96 0.64 0.18
v 11.7720127 9.7849247 12.1000000 0.96 0.64 0.18
v 11.8380694 9.7988215 12.1000000 0.96 0.64 0.18
v 11.9035223 9.8153298 12.1000000 0.96 0.64 0.18
v 11.9682683 9.8344235 12.1000000 0.96 0.64 0.18
v 12.0322052 9.8560726 12.1000000 0.96 0.64 0.18
v 12.0952322 9.8802429 12.1000000 0.96 0.64 0.18
v 12.1572500 9.9068963 12.1000000 0.96 0.64 0.18
v 12.2181608 9.9359907 12.1000000 0.96 0.64 0.18
v 12.2778685 9.9674803 12.1000000 0.96 0.64 0.18
v 12.3362790 10.0013155 12.1000000 0.96 0.64 0.18
v 12.3933003 10.0374429 12.1000000 0.96 0.64 0.18
v 12.4488423 10.0758056 12.1000000 0.96 0.64 0.18
v 12.5028176 10.1163429 12.1000000 0.96 0.64 0.18
v 12.5551410 10.1589912 12.1000000 0.96 0.64 0.18
v 12.6057300 10.2036830 12.1000000 0.96 0.64 0.18
v 12.6545049 10.2503480 12.1000000 0.96 0.64 0.18
v 12.7013888 10.2989125 12.1000000 0.96 0.64 0.18
v 12.7463077 10.3493000 12.1000000 0.96 0.64 0.18
v 12.7891909 10.4014310 12.1000000 0.96 0.64 0.18
v 12.8299706 10.4552234 12.1000000 0.96 0.64 0.18
v 12.8685827 10.5105924 12.1000000 0.96 0.64 0.18
v 12.9049662 10.5674505 12.1000000 0.96 0.64 0.18
v 12.9390638 10.6257083 12.1000000 0.96 0.64 0.18
v 12.9708217 10.6852738 12.1000000 0.96 0.64 0.18
v 13.0001898 10.7460531 12.1000000 0.96 0.64 0.18
v 13.0271218 10.8079504 12.1000000 0.96 0.64 0.18
v 13.0515753 10.8708681 12.1000000 0.96 0.64 0.18
v 13.0735118 10.9347070 12.1000000 0.96 0.64 0.18
v 12.9551299 11.4551299 12.1000000 0.96 0.64 0.18
v 12.9539440 11.5147646 12.1000000 0.96 0.64 0.18
v 12.9503881 11.5743051 12.1000000 0.96 0.64 0.18
v 12.9444680 11.6336571 12.1000000 0.96 0.64 0.18
v 12.9361929 11.6927269 12.1000000 0.96 0.64 0.18
v 12.9255759 11.7514210 12.1000000 0.96 0.64 0.18
v 12.9126339 11.8096465 12.1000000 0.96 0.64 0.18
v 12.8973872 11.8673115 12.1000000 0.96 0.64 0.18
v 12.8798601 11.9243248 12.1000000 0.96 0.64 0.18
v 12.8600801 11.9805961 12.1000000 0.96 0.64 0.18
v 12.8380786 12.0360366 12.1000000 0.96 0.64 0.18
v 12.8138904 12.0905586 12.1000000 0.96 0.64 0.18
v 12.7875538 12.1440758 12.1000000 0.96 0.64 0.18
v 12.7591103 12.1965036 12.1000000 0.96 0.64 0.18
v 12.7286049 12.2477592 12.1000000 0.96 0.64 0.18
v 12.6960859 12.2977615 12.1000000 0.96 0.64 0.18
v 12.6616047 12.3464314 12.1000000 0.96 0.64 0.18
v 12.6252158 12.3936920 12.1000000 0.96 0.64 0.18
v 12.5869768 12.4394685 12.1000000 0.96 0.64 0.18
v 12.5469481 12.4836885 12.1000000 0.96 0.64 0.18
v 12.5051930 12.5262823 12.1000000 0.96 0.64 0.18
v 12.4617775 12.5671822 12.1000000 0.96 0.64 0.18
v 12.4167703 12.6063239 12.1000000 0.96 0.64 0.18
v 12.3702426 12.6436452 12.1000000 0.96 0.64 0.18
v 12.3222679 12.6790872 12.1000000 0.96 0.64 0.18
v 12.2729220 12.7125940 12.1000000 0.96 0.64 0.18
v 12.2222831 12.7441124 12.1000000 0.96 0.64 0.18
v 12.1704311 12.7735926 12.1000000 0.96 0.64 0.18
v 12.1174481 12.8009881 12.1000000 0.96 0.64 0.18
v 12.0634178 12.8262556 12.1000000 0.96 0.64 0.18
v 12.0084257 12.8493550 12.1000000 0.96 0.64 0.18
v 11.9525588 12.8702498 12.1000000 0.96 0.64 0.18
v 11.8959053 12.8889070 12.1000000 0.96 0.64 0.18
v 11.8385548 12.9052972 12.1000000 0.96 0.64 0.18
v 11.7805981 12.9193943 12.1000000 0.96 0.64 0.18
v 11.7221267 12.9311762 12.1000000 0.96 0.64 0.18
v 11.6632332 12.9406241 12.1000000 0.96 0.64 0.18
v 11.6040106 12.9477231 12.1000000 0.96 0.64 0.18
v 11.5445525 12.9524620 12.1000000 0.96 0.64 0.18
v 11.4849531 12.9548333 12.1000000 0.96 0.64 0.18
v 11.4253066 12.9548333 12.1000000 0.96 0.64 0.18
v 11.3657072 12.9524620 12.1000000 0.96 0.64 0.18
v 11.3062492 12.9477231 12.1000000 0.96 0.64 0.18
v 11.2470266 12.9406241 12.1000000 0.96 0.64 0.18
v 11.1881330 12.9311762 12.1000000 0.96 0.64 0.18
v 11.1296616 12.9193943 12.1000000 0.96 0.64 0.18
v 11.0717049 12.9052972 12.1000000 0.96 0.64 0.18
v 11.0143544 12.8889070 12.1000000 0.96 0.64 0.18
v 10.9577009 12.8702498 12.1000000 0.96 0.64 0.18
v 10.9018340 12.8493550 12.1000000 0.96 0.64 0.18
v 10.8468419 12.8262556 12.1000000 0.96 0.64 0.18
v 10.7928116 12.8009881 12.1000000 0.96 0.64 0.18
v 10.7398286 12.7735926 12.1000000 0.96 0.64 0.18
v 10.6879766 12.7441124 12.1000000 0.96 0.64 0.18
v 10.6373377 12.7125940 12.1000000 0.96 0.64 0.18
v 10.5879919 12.6790872 12.1000000 0.96 0.64 0.18
v 10.5400171 12.6436452 12.1000000 0.96 0.64 0.18
v 10.4934894 12.6063239 12.1000000 0.96 0.64 0.18
v 10.4484822 12.5671822 12.1000000 0.96 0.64 0.18
v 10.4050667 12.5262823 12.1000000 0.96 0.64 0.18
v 10.3633116 12.4836885 12.1000000 0.96 0.64 0.18
v 10.3232829 12.4394685 12.1000000 0.96 0.64 0.18
v 10.2850439 12.3936920 12.1000000 0.96 0.64 0.18
v 10.2486550 12.3464314 12.1000000 0.96 0.64 0.18
v 10.2141738 12.2977615 12.1000000 0.96 0.64 0.18
v 10.1816548 12.2477592 12.1000000 0.96 0.64 0.18
v 10.1511494 12.1965036 12.1000000 0.96 0.64 0.18
v 10.1227059 12.1440758 12.1000000 0.96 0.64 0.18
v 10.0963693 12.0905586 12.1000000 0.96 0.64 0.18
v 10.0721811 12.0360366 12.1000000 0.96 0.64 0.18
v 10.0501796 11.9805961 12.1000000 0.96 0.64 0.18
v 10.0303997 11.9243248 12.1000000 0.96 0.64 0.18
v 10.0128725 11.8673115 12.1000000 0.96 0.64 0.18
v 9.9976258 11.8096465 12.1000000 0.96 0.64 0.18
v 9.9846838 11.7514210 12.1000000 0.96 0.64 0.18
v 9.9740668 11.6927269 12.1000000 0.96 0.64 0.18
v 9.9657917 11.6336571 12.1000000 0.96 0.64 0.18
v 9.9598716 11.5743051 12.1000000 0.96 0.64 0.18
v 9.9563158 11.5147646 12.1000000 0.96 0.64 0.18
v 9.9551299 11.4551299 12.1000000 0.96 0.64 0.18
v 9.9563158 11.3954951 12.1000000 0.96 0.64 0.18
v 9.9598716 11.3359546 12.1000000 0.96 0.64 0.18
v 9.9657917 11.2766026 12.1000000 0.96 0.64 0.18
v 9.9740668 11.2175328 12.1000000 0.96 0.64 0.18
v 9.9846838 11.1588388 12.1000000 0.96 0.64 0.18
v 9.9976258 11.1006132 12.1000000 0.96 0.64 0.18
v 10.0128725 11.0429482 12.1000000 0.96 0.64 0.18
v 10.0303997 10.9859349 12.1000000 0.96 0.64 0.18
v 10.0501796 10.9296636 12.1000000 0.96 0.64 0.18
v 10.0721811 10.8742231 12.1000000 0.96 0.64 0.18
v 10.0963693 10.8197011 12.1000000 0.96 0.64 0.18
v 10.1227059 10.7661839 12.1000000 0.96 0.64 0.18
v 10.1511494 10.7137561 12.1000000 0.96 0.64 0.18
v 10.1816548 10.6625005 12.1000000 0.96 0.64 0.18
v 10.2141738 10.6124982 12.1000000 0.96 0.64 0.18
v 10.2486550 10.5638283 12.1000000 0.96 0.64 0.18
v 10.2850439 10.5165677 12.1000000 0.96 0.64 0.18
v 10.3232829 10.4707912 12.1000000 0.96 0.64 0.18
v 10.3633116 10.4265712 12.1000000 0.96 0.64 0.18
v 10.4050667 10.3839775 12.1000000 0.96 0.64 0.18
v 10.4484822 10.3430775 12.1000000 0.96 0.64 0.18
v 10.4934894 10.3039359 12.1000000 0.96 0.64 0.18
v 10.5400171 10.2666145 12.1000000 0.96 0.64 0.18
v 10.5879919 10.2311725 12.1000000 0.96 0.64 0.18
v 10.6373377 10.1976657 12.1000000 0.96 0.64 0.18
v 10.6879766 10.1661473 12.1000000 0.96 0.64 0.18
v 10.7398286 10.1366671 12.1000000 0.96 0.64 0.18
v 10.7928116 10.1092716 12.1000000 0.96 0.64 0.18
v 10.8468419 10.0840041 12.1000000 0.96 0.64 0.18
v 10.9018340 10.0609047 12.1000000 0.96 0.64 0.18
v 10.9577009 10.0400099 12.1000000 0.96 0.64 0.18
v 11.0143544 10.0213527 12.1000000 0.96 0.64 0.18
v 11.0717049 10.0049625 12.1000000 0.96 0.64 0.18
v 11.1296616 9.9908654 12.1000000 0.96 0.64 0.18
v 11.1881330 9.9790836 12.1000000 0.96 0.64 0.18
v 11.2470266 9.9696357 12.1000000 0.96 0.64 0.18
v 11.3062492 9.9625366 12.1000000 0.96 0.64 0.18
v 11.3657072 9.9577977 12.1000000 0.96 0.64 0.18
v 11.4253066 9.9554264 12.1000000 0.96 0.64 0.18
v 11.4849531 9.9554264 12.1000000 0.96 0.64 0.18
v 11.5445525 9.9577977 12.1000000 0.96 0.64 0.18
v 11.6040106 9.9625366 12.1000000 0.96 0.64 0.18
v 11.6632332 9.9696357 12.1000000 0.96 0.64 0.18
v 11.7221267 9.9790836 12.1000000 0.96 0.64 0.18
v 11.7805981 9.9908654 12.1000000 0.96 0.64 0.18
v 11.8385548 10.0049625 12.1000000 0.96 0.64 0.18
v 11.8959053 10.0213527 12.1000000 0.96 0.64 0.18
v 11.9525588 10.0400099 12.1000000 0.96 0.64 0.18
v 12.0084257 10.0609047 12.1000000 0.96 0.64 0.18
v 12.0634178 10.0840041 12.1000000 0.96 0.64 0.18
v 12.1174481 10.1092716 12.1000000 0.96 0.64 0.18
v 12.1704311 10.1366671 12.1000000 0.96 0.64 0.18
v 12.2222831 10.1661473 12.1000000 0.96 0.64 0.18
v 12.2729220 10.1976657 12.1000000 0.96 0.64 0.18
v 12.3222679 10.2311725 12.1000000 0.96 0.64 0.18
v 12.3702426 10.2666145 12.1000000 0.96 0.64 0.18
v 12.4167703 10.3039359 12.1000000 0.96 0.64 0.18
v 12.4617775 10.3430775 12.1000000 0.96 0.64 0.18
v 12.5051930 10.3839775 12.1000000 0.96 0.64 0.18
v 12.5469481 10.4265712 12.1000000 0.96 0.64 0.18
v 12.5869768 10.4707912 12.1000000 0.96 0.64 0.18
v 12.6252158 10.5165677 12.1000000 0.96 0.64 0.18
v 12.6616047 10.5638283 12.1000000 0.96 0.64 0.18
v 12.6960859 10.6124982 12.1000000 0.96 0.64 0.18
v 12.7286049 10.6625005 12.1000000 0.96 0.64 0.18
v 12.7591103 10.7137561 12.1000000 0.96 0.64 0.18
v 12.7875538 10.7661839 12.1000000 0.96 0.64 0.18
v 12.8138904 10.8197011 12.1000000 0.96 0.64 0.18
v 12.8380786 10.8742231 12.1000000 0.96 0.64 0.18
v 12.8600801 10.9296636 12.1000000 0.96 0.64 0.18
v 12.8798601 10.9859349 12.1000000 0.96 0.64 0.18
v 12.8973872 11.0429482 12.1000000 0.96 0.64 0.18
v 12.9126339 11.1006132 12.1000000 0.96 0.64 0.18
v 12.9255759 11.1588388 12.1000000 0.96 0.64 0.18
v 12.9361929 11.2175328 12.1000000 0.96 0.64 0.18
v 12.9444680 11.2766026 12.1000000 0.96 0.64 0.18
v 12.9503881 11.3359546 12.1000000 0.96 0.64 0.18
v 12.9539440 11.3954951 12.1000000 0.96 0.64 0.18
v 18.3000000 0.0000000 11.0000000 0.96 0.64 0.18
v 18.2867701 0.6957285 11.0000000 0.96 0.64 0.18
v 18.2470997 1.3904511 11.0000000 0.96 0.64 0.18
v 18.1810459 2.0831632 11.0000000 0.96 0.64 0.18
v 18.0887045 2.7728633 11.0000000 0.96 0.64 0.18
v 17.9702088 3.4585542 11.0000000 0.96 0.64 0.18
v 17.8257302 4.1392444 11.0000000 0.96 0.64 0.18
v 17.6554776 4.8139497 11.0000000 0.96 0.64 0.18
v 17.4596972 5.4816946 11.0000000 0.96 0.64 0.18
v 17.2386720 6.1415135 11.0000000 0.96 0.64 0.18
v 16.9927216 6.7924525 11.0000000 0.96 0.64 0.18
v 16.7222017 7.4335704 11.0000000 0.96 0.64 0.18
v 16.4275034 8.0639402 11.0000000 0.96 0.64 0.18
v 16.1090527 8.6826505 11.0000000 0.96 0.64 0.18
v 15.7673102 9.2888066 11.0000000 0.96 0.64 0.18
v 15.4027699 9.8815322 11.0000000 0.96 0.64 0.18
v 15.0159590 10.4599701 11.0000000 0.96 0.64 0.18
v 14.6074367 11.0232842 11.0000000 0.96 0.64 0.18
v 14.1777936 11.5706598 11.0000000 0.96 0.64 0.18
v 13.7276511 12.1013055 11.0000000 0.96 0.64 0.18
v 13.7532269 12.1268813 11.0000000 0.96 0.64 0.18
v 12.1268813 13.7532269 11.0000000 0.96 0.64 0.18
v 12.1013055 13.7276511 11.0000000 0.96 0.64 0.18
v 11.5560823 14.1896780 11.0000000 0.96 0.64 0.18
v 10.9932350 14.6300644 11.0000000 0.96 0.64 0.18
v 10.4136221 15.0481386 11.0000000 0.96 0.64 0.18
v 9.8181274 15.4432630 11.0000000 0.96 0.64 0.18
v 9.2076593 15.8148351 11.0000000 0.96 0.64 0.18
v 8.5831486 16.1622882 11.0000000 0.96 0.64 0.18
v 7.9455479 16.4850923 11.0000000 0.96 0.64 0.18
v 7.2958295 16.7827552 11.0000000 0.96 0.64 0.18
v 6.6349843 17.0548229 11.0000000 0.96 0.64 0.18
v 5.9640201 17.3008804 11.0000000 0.96 0.64 0.18
v 5.2839603 17.5205526 11.0000000 0.96 0.64 0.18
v 4.5958420 17.7135044 11.0000000 0.96 0.64 0.18
v 3.9007146 17.8794414 11.0000000 0.96 0.64 0.18
v 3.1996383 18.0181107 11.0000000 0.96 0.64 0.18
v 2.4936822 18.1293008 11.0000000 0.96 0.64 0.18
v 1.7839230 18.2128421 11.0000000 0.96 0.64 0.18
v 1.0714432 18.2686072 11.0000000 0.96 0.64 0.18
v 0.3573294 18.2965110 11.0000000 0.96 0.64 0.18
v -0.3573294 18.2965110 11.0000000 0.96 0.64 0.18
v -1.0714432 18.2686072 11.0000000 0.96 0.64 0.18
v -1.7839230 18.2128421 11.0000000 0.96 0.64 0.18
v -2.4936822 18.1293008 11.0000000 0.96 0.64 0.18
v -3.1996383 18.0181107 11.0000000 0.96 0.64 0.18
v -3.9007146 17.8794414 11.0000000 0.96 0.64 0.18
v -4.5958420 17.7135044 11.0000000 0.96 0.64 0.18
v -5.2839603 17.5205526 11.0000000 0.96 0.64 0.18
v -5.9640201 17.3008804 11.0000000 0.96 0.64 0.18
v -6.6349843 17.0548229 11.0000000 0.96 0.64 0.18
v -7.2958295 16.7827552 11.0000000 0.96 0.64 0.18
v -7.9455479 16.4850923 11.0000000 0.96 0.64 0.18
v -8.5831486 16.1622882 11.0000000 0.96 0.64 0.18
v -9.2076593 15.8148351 11.0000000 0.96 0.64 0.18
v -9.8181274 15.4432630 11.0000000 0.96 0.64 0.18
v -10.4136221 15.0481386 11.0000000 0.96 0.64 0.18
v -10.9932350 14.6300644 11.0000000 0.96 0.64 0.18
v -11.5560823 14.1896780 11.0000000 0.96 0.64 0.18
v -12.1013055 13.7276511 11.0000000 0.96 0.64 0.18
v -12.1268813 13.7532269 11.0000000 0.96 0.64 0.18
v -13.7532269 12.1268813 11.0000000 0.96 0.64 0.18
v -13.7276511 12.1013055 11.0000000 0.96 0.64 0.18
v -14.1896780 11.5560823 11.0000000 0.96 0.64 0.18
v -14.6300644 10.9932350 11.0000000 0.96 0.64 0.18
v -15.0481386 10.4136221 11.0000000 0.96 0.64 0.18
v -15.4432630 9.8181274 11.0000000 0.96 0.64 0.18
v -15.8148351 9.2076593 11.0000000 0.96 0.64 0.18
v -16.1622882 8.5831486 11.0000000 0.96 0.64 0.18
v -16.4850923 7.9455479 11.0000000 0.96 0.64 0.18
v -16.7827552 7.2958295 11.0000000 0.96 0.64 0.18
v -17.0548229 6.6349843 11.0000000 0.96 0.64 0.18
v -17.3008804 5.9640201 11.0000000 0.96 0.64 0.18
v -17.5205526 5.2839603 11.0000000 0.96 0.64 0.18
v -17.7135044 4.5958420 11.0000000 0.96 0.64 0.18
v -17.8794414 3.9007146 11.0000000 0.96 0.64 0.18
v -18.0181107 3.1996383 11.0000000 0.96 0.64 0.18
v -18.1293008 2.4936822 11.0000000 0.96 0.64 0.18
v -18.2128421 1.7839230 11.0000000 0.96 0.64 0.18
v -18.2686072 1.0714432 11.0000000 0.96 0.64 0.18
v -18.2965110 0.3573294 11.0000000 0.96 0.64 0.18
v -18.2965110 -0.3573294 11.0000000 0.96 0.64 0.18
v -18.2686072 -1.0714432 11.0000000 0.96 0.64 0.18
v -18.2128421 -1.7839230 11.0000000 0.96 0.64 0.18
v -18.1293008 -2.4936822 11.0000000 0.96 0.64 0.18
v -18.0181107 -3.1996383 11.0000000 0.96 0.64 0.18
v -17.8794414 -3.9007146 11.0000000 0.96 0.64 0.18
v -17.7135044 -4.5958420 11.0000000 0.96 0.64 0.18
v -17.5205526 -5.2839603 11.0000000 0.96 0.64 0.18
v -17.3008804 -5.9640201 11.0000000 0.96 0.64 0.18
v -17.0548229 -6.6349843 11.0000000 0.96 0.64 0.18
v -16.7827552 -7.2958295 11.0000000 0.96 0.64 0.18
v -16.4850923 -7.9455479 11.0000000 0.96 0.64 0.18
v -16.1622882 -8.5831486 11.0000000 0.96 0.64 0.18
v -15.8148351 -9.2076593 11.0000000 0.96 0.64 0.18
v -15.4432630 -9.8181274 11.0000000 0.96 0.64 0.18
v -15.0481386 -10.4136221 11.0000000 0.96 0.64 0.18
v -14.6300644 -10.9932350 11.0000000 0.96 0.64 0.18
v -14.1896780 -11.5560823 11.0000000 0.96 0.64 0.18
v -13.7276511 -12.1013055 11.0000000 0.96 0.64 0.18
v -13.7532269 -12.1268813 11.0000000 0.96 0.64 0.18
v -12.1268813 -13.7532269 11.0000000 0.96 0.64 0.18
v -12.1013055 -13.7276511 11.0000000 0.96 0.64 0.18
v -11.5560823 -14.1896780 11.0000000 0.96 0.64 0.18
v -10.9932350 -14.6300644 11.0000000 0.96 0.64 0.18
v -10.4136221 -15.0481386 11.0000000 0.96 0.64 0.18
v -9.8181274 -15.4432630 11.0000000 0.96 0.64 0.18
v -9.2076593 -15.8148351 11.0000000 0.96 0.64 0.18
v -8.5831486 -16.1622882 11.0000000 0.96 0.64 0.18
v -7.9455479 -16.4850923 11.0000000 0.96 0.64 0.18
v -7.2958295 -16.7827552 11.0000000 0.96 0.64 0.18
v -6.6349843 -17.0548229 11.0000000 0.96 0.64 0.18
v -5.9640201 -17.3008804 11.0000000 0.96 0.64 0.18
v -5.2839603 -17.5205526 11.0000000 0.96 0.64 0.18
v -4.5958420 -17.7135044 11.0000000 0.96 0.64 0.18
v -3.9007146 -17.8794414 11.0000000 0.96 0.64 0.18
v -3.1996383 -18.0181107 11.0000000 0.96 0.64 0.18
v -2.4936822 -18.1293008 11.0000000 0.96 0.64 0.18
v -1.7839230 -18.2128421 11.0000000 0.96 0.64 0.18
v -1.0714432 -18.2686072 11.0000000 0.96 0.64 0.18
v -0.3573294 -18.2965110 11.0000000 0.96 0.64 0.18
v 0.3573294 -18.2965110 11.0000000 0.96 0.64 0.18
v 1.0714432 -18.2686072 11.0000000 0.96 0.64 0.18
v 1.7839230 -18.2128421 11.0000000 0.96 0.64 0.18
v 2.4936822 -18.1293008 11.0000000 0.96 0.64 0.18
v 3.1996383 -18.0181107 11.0000000 0.96 0.64 0.18
v 3.9007146 -17.8794414 11.0000000 0.96 0.64 0.18
v 4.5958420 -17.7135044 11.0000000 0.96 0.64 0.18
v 5.2839603 -17.5205526 11.0000000 0.96 0.64 0.18
v 5.9640201 -17.3008804 11.0000000 0.96 0.64 0.18
v 6.6349843 -17.0548229 11.0000000 0.96 0.64 0.18
v 7.2958295 -16.7827552 11.0000000 0.96 0.64 0.18
v 7.9455479 -16.4850923 11.0000000 0.96 0.64 0.18
v 8.5831486 -16.1622882 11.0000000 0.96 0.64 0.18
v 9.2076593 -15.8148351 11.0000000 0.96 0.64 0.18
v 9.8181274 -15.4432630 11.0000000 0.96 0.64 0.18
v 10.4136221 -15.0481386 11.0000000 0.96 0.64 0.18
v 10.9932350 -14.6300644 11.0000000 0.96 0.64 0.18
v 11.5560823 -14.1896780 11.0000000 0.96 0.64 0.18
v 12.1013055 -13.7276511 11.0000000 0.96 0.64 0.18
v 12.1268813 -13.7532269 11.0000000 0.96 0.64 0.18
v 13.7532269 -12.1268813 11.0000000 0.96 0.64 0.18
v 13.7276511 -12.1013055 11.0000000 0.96 0.64 0.18
v 14.1777936 -11.5706598 11.0000000 0.96 0.64 0.18
v 14.6074367 -11.0232842 11.0000000 0.96 0.64 0.18
v 15.0159590 -10.4599701 11.0000000 0.96 0.64 0.18
v 15.4027699 -9.8815322 11.0000000 0.96 0.64 0.18
v 15.7673102 -9.2888066 11.0000000 0.96 0.64 0.18
v 16.1090527 -8.6826505 11.0000000 0.96 0.64 0.18
v 16.4275034 -8.0639402 11.0000000 0.96 0.64 0.18
v 16.7222017 -7.4335704 11.0000000 0.96 0.64 0.18
v 16.9927216 -6.7924525 11.0000000 0.96 0.64 0.18
v 17.2386720 -6.1415135 11.0000000 0.96 0.64 0.18
v 17.4596972 -5.4816946 11.0000000 0.96 0.64 0.18
v 17.6554776 -4.8139497 11.0000000 0.96 0.64 0.18
v 17.8257302 -4.1392444 11.0000000 0.96 0.64 0.18
v 17.9702088 -3.4585542 11.0000000 0.96 0.64 0.18
v 18.0887045 -2.7728633 11.0000000 0.96 0.64 0.18
v 18.1810459 -2.0831632 11.0000000 0.96 0.64 0.18
v 18.2470997 -1.3904511 11.0000000 0.96 0.64 0.18
v 18.2867701 -0.6957285 11.0000000 0.96 0.64 0.18
v -10.6051299 -11.4551299 11.0000000 0.96 0.64 0.18
v -10.6058019 -11.4889229 11.0000000 0.96 0.64 0.18
v -10.6078168 -11.5226625 11.0000000 0.96 0.64 0.18
v -10.6111716 -11.5562953 11.0000000 0.96 0.64 0.18
v -10.6158608 -11.5897682 11.0000000 0.96 0.64 0.18
v -10.6218771 -11.6230281 11.0000000 0.96 0.64 0.18
v -10.6292109 -11.6560226 11.0000000 0.96 0.64 0.18
v -10.6378507 -11.6886995 11.0000000 0.96 0.64 0.18
v -10.6477827 -11.7210070 11.0000000 0.96 0.64 0.18
v -10.6589914 -11.7528941 11.0000000 0.96 0.64 0.18
v -10.6714589 -11.7843104 11.0000000 0.96 0.64 0.18
v -10.6851655 -11.8152061 11.0000000 0.96 0.64 0.18
v -10.7000896 -11.8455326 11.0000000 0.96 0.64 0.18
v -10.7162076 -11.8752417 11.0000000 0.96 0.64 0.18
v -10.7334940 -11.9042865 11.0000000 0.96 0.64 0.18
v -10.7519214 -11.9326211 11.0000000 0.96 0.64 0.18
v -10.7714608 -11.9602007 11.0000000 0.96 0.64 0.18
v -10.7920811 -11.9869817 11.0000000 0.96 0.64 0.18
v -10.8137499 -12.0129217 11.0000000 0.96 0.64 0.18
v -10.8364329 -12.0379798 11.0000000 0.96 0.64 0.18
v -10.8600941 -12.0621162 11.0000000 0.96 0.64 0.18
v -10.8846962 -12.0852929 11.0000000 0.96 0.64 0.18
v -10.9102003 -12.1074731 11.0000000 0.96 0.64 0.18
v -10.9365660 -12.1286219 11.0000000 0.96 0.64 0.18
v -10.9637517 -12.1487057 11.0000000 0.96 0.64 0.18
v -10.9917143 -12.1676929 11.0000000 0.96 0.64 0.18
v -11.0204097 -12.1855533 11.0000000 0.96 0.64 0.18
v -11.0497925 -12.2022588 11.0000000 0.96 0.64 0.18
v -11.0798162 -12.2177829 11.0000000 0.96 0.64 0.18
v -11.1104333 -12.2321011 11.0000000 0.96 0.64 0.18
v -11.1415955 -12.2451908 11.0000000 0.96 0.64 0.18
v -11.1732535 -12.2570312 11.0000000 0.96 0.64 0.18
v -11.2053571 -12.2676036 11.0000000 0.96 0.64 0.18
v -11.2378557 -12.2768913 11.0000000 0.96 0.64 0.18
v -11.2706979 -12.2848797 11.0000000 0.96 0.64 0.18
v -11.3038316 -12.2915561 11.0000000 0.96 0.64 0.18
v -11.3372047 -12.2969099 11.0000000 0.96 0.64 0.18
v -11.3707641 -12.3009327 11.0000000 0.96 0.64 0.18
v -11.4044570 -12.3036181 11.0000000 0.96 0.64 0.18
v -11.4382300 -12.3049618 11.0000000 0.96 0.64 0.18
v -11.4720297 -12.3049618 11.0000000 0.96 0.64 0.18
v -11.5058027 -12.3036181 11.0000000 0.96 0.64 0.18
v -11.5394956 -12.3009327 11.0000000 0.96 0.64 0.18
v -11.5730551 -12.2969099 11.0000000 0.96 0.64 0.18
v -11.6064281 -12.2915561 11.0000000 0.96 0.64 0.18
v -11.6395618 -12.2848797 11.0000000 0.96 0.64 0.18
v -11.6724040 -12.2768913 11.0000000 0.96 0.64 0.18
v -11.7049026 -12.2676036 11.0000000 0.96 0.64 0.18
v -11.7370062 -12.2570312 11.0000000 0.96 0.64 0.18
v -11.7686642 -12.2451908 11.0000000 0.96 0.64 0.18
v -11.7998264 -12.2321011 11.0000000 0.96 0.64 0.18
v -11.8304435 -12.2177829 11.0000000 0.96 0.64 0.18
v -11.8604672 -12.2022588 11.0000000 0.96 0.64 0.18
v -11.8898500 -12.1855533 11.0000000 0.96 0.64 0.18
v -11.9185454 -12.1676929 11.0000000 0.96 0.64 0.18
v -11.9465081 -12.1487057 11.0000000 0.96 0.64 0.18
v -11.9736937 -12.1286219 11.0000000 0.96 0.64 0.18
v -12.0000594 -12.1074731 11.0000000 0.96 0.64 0.18
v -12.0255635 -12.0852929 11.0000000 0.96 0.64 0.18
v -12.0501656 -12.0621162 11.0000000 0.96 0.64 0.18
v -12.0738268 -12.0379798 11.0000000 0.96 0.64 0.18
v -12.0965098 -12.0129217 11.0000000 0.96 0.64 0.18
v -12.1181786 -11.9869817 11.0000000 0.96 0.64 0.18
v -12.1387989 -11.9602007 11.0000000 0.96 0.64 0.18
v -12.1583383 -11.9326211 11.0000000 0.96 0.64 0.18
v -12.1767657 -11.9042865 11.0000000 0.96 0.64 0.18
v -12.1940521 -11.8752417 11.0000000 0.96 0.64 0.18
v -12.2101701 -11.8455326 11.0000000 0.96 0.64 0.18
v -12.2250942 -11.8152061 11.0000000 0.96 0.64 0.18
v -12.2388008 -11.7843104 11.0000000 0.96 0.64 0.18
v -12.2512683 -11.7528941 11.0000000 0.96 0.64 0.18
v -12.2624770 -11.7210070 11.0000000 0.96 0.64 0.18
v -12.2724090 -11.6886995 11.0000000 0.96 0.64 0.18
v -12.2810488 -11.6560226 11.0000000 0.96 0.64 0.18
v -12.2883826 -11.6230281 11.0000000 0.96 0.64 0.18
v -12.2943989 -11.5897682 11.0000000 0.96 0.64 0.18
v -12.2990881 -11.5562953 11.0000000 0.96 0.64 0.18
v -12.3024429 -11.5226625 11.0000000 0.96 0.64 0.18
v -12.3044578 -11.4889229 11.0000000 0.96 0.64 0.18
v -12.3051299 -11.4551299 11.0000000 0.96 0.64 0.18
v -12.3044578 -11.4213368 11.0000000 0.96 0.64 0.18
v -12.3024429 -11.3875972 11.0000000 0.96 0.64 0.18
v -12.2990881 -11.3539644 11.0000000 0.96 0.64 0.18
v -12.2943989 -11.3204915 11.0000000 0.96 0.64 0.18
v -12.2883826 -11.2872316 11.0000000 0.96 0.64 0.18
v -12.2810488 -11.2542371 11.0000000 0.96 0.64 0.18
v -12.2724090 -11.2215603 11.0000000 0.96 0.64 0.18
v -12.2624770 -11.1892527 11.0000000 0.96 0.64 0.18
v -12.2512683 -11.1573656 11.0000000 0.96 0.64 0.18
v -12.2388008 -11.1259494 11.0000000 0.96 0.64 0.18
v -12.2250942 -11.0950536 11.0000000 0.96 0.64 0.18
v -12.2101701 -11.0647272 11.0000000 0.96 0.64 0.18
v -12.1940521 -11.0350180 11.0000000 0.96 0.64 0.18
v -12.1767657 -11.0059732 11.0000000 0.96 0.64 0.18
v -12.1583383 -10.9776386 11.0000000 0.96 0.64 0.18
v -12.1387989 -10.9500590 11.0000000 0.96 0.64 0.18
v -12.1181786 -10.9232780 11.0000000 0.96 0.64 0.18
v -12.0965098 -10.8973380 11.0000000 0.96 0.64 0.18
v -12.0738268 -10.8722799 11.0000000 0.96 0.64 0.18
v -12.0501656 -10.8481435 11.0000000 0.96 0.64 0.18
v -12.0255635 -10.8249668 11.0000000 0.96 0.64 0.18
v -12.0000594 -10.8027866 11.0000000 0.96 0.64 0.18
v -11.9736937 -10.7816378 11.0000000 0.96 0.64 0.18
v -11.9465081 -10.7615540 11.0000000 0.96 0.64 0.18
v -11.9185454 -10.7425669 11.0000000 0.96 0.64 0.18
v -11.8898500 -10.7247064 11.0000000 0.96 0.64 0.18
v -11.8604672 -10.7080009 11.0000000 0.96 0.64 0.18
v -11.8304435 -10.6924768 11.0000000 0.96 0.64 0.18
v -11.7998264 -10.6781586 11.0000000 0.96 0.64 0.18
v -11.7686642 -10.6650690 11.0000000 0.96 0.64 0.18
v -11.7370062 -10.6532286 11.0000000 0.96 0.64 0.18
v -11.7049026 -10.6426561 11.0000000 0.96 0.64 0.18
v -11.6724040 -10.6333684 11.0000000 0.96 0.64 0.18
v -11.6395618 -10.6253800 11.0000000 0.96 0.64 0.18
v -11.6064281 -10.6187036 11.0000000 0.96 0.64 0.18
v -11.5730551 -10.6133498 11.0000000 0.96 0.64 0.18
v -11.5394956 -10.6093270 11.0000000 0.96 0.64 0.18
v -11.5058027 -10.6066416 11.0000000 0.96 0.64 0.18
v -11.4720297 -10.6052979 11.0000000 0.96 0.64 0.18
v -11.4382300 -10.6052979 11.0000000 0.96 0.64 0.18
v -11.4044570 -10.6066416 11.0000000 0.96 0.64 0.18
v -11.3707641 -10.6093270 11.0000000 0.96 0.64 0.18
v -11.3372047 -10.6133498 11.0000000 0.96 0.64 0.18
v -11.3038316 -10.6187036 11.0000000 0.96 0.64 0.18
v -11.2706979 -10.6253800 11.0000000 0.96 0.64 0.18
v -11.2378557 -10.6333684 11.0000000 0.96 0.64 0.18
v -11.2053571 -10.6426561 11.0000000 0.96 0.64 0.18
v -11.1732535 -10.6532286 11.0000000 0.96 0.64 0.18
v -11.1415955 -10.6650690 11.0000000 0.96 0.64 0.18
v -11.1104333 -10.6781586 11.0000000 0.96 0.64 0.18
v -11.0798162 -10.6924768 11.0000000 0.96 0.64 0.18
v -11.0497925 -10.7080009 11.0000000 0.96 0.64 0.18
v -11.0204097 -10.7247064 11.0000000 0.96 0.64 0.18
v -10.9917143 -10.7425669 11.0000000 0.96 0.64 0.18
v -10.9637517 -10.7615540 11.0000000 0.96 0.64 0.18
v -10.9365660 -10.7816378 11.0000000 0.96 0.64 0.18
v -10.9102003 -10.8027866 11.0000000 0.96 0.64 0.18
v -10.8846962 -10.8249668 11.0000000 0.96 0.64 0.18
v -10.8600941 -10.8481435 11.0000000 0.96 0.64 0.18
v -10.8364329 -10.8722799 11.0000000 0.96 0.64 0.18
v -10.8137499 -10.8973380 11.0000000 0.96 0.64 0.18
v -10.7920811 -10.9232780 11.0000000 0.96 0.64 0.18
v -10.7714608 -10.9500590 11.0000000 0.96 0.64 0.18
v -10.7519214 -10.9776386 11.0000000 0.96 0.64 0.18
v -10.7334940 -11.0059732 11.0000000 0.96 0.64 0.18
v -10.7162076 -11.0350180 11.0000000 0.96 0.64 0.18
v -10.7000896 -11.0647272 11.0000000 0.96 0.64 0.18
v -10.6851655 -11.0950536 11.0000000 0.96 0.64 0.18
v -10.6714589 -11.1259494 11.0000000 0.96 0.64 0.18
v -10.6589914 -11.1573656 11.0000000 0.96 0.64 0.18
v -10.6477827 -11.1892527 11.0000000 0.96 0.64 0.18
v -10.6378507 -11.2215603 11.0000000 0.96 0.64 0.18
v -10.6292109 -11.2542371 11.0000000 0.96 0.64 0.18
v -10.6218771 -11.2872316 11.0000000 0.96 0.64 0.18
v -10.6158608 -11.3204915 11.0000000 0.96 0.64 0.18
v -10.6111716 -11.3539644 11.0000000 0.96 0.64 0.18
v -10.6078168 -11.3875972 11.0000000 0.96 0.64 0.18
v -10.6058019 -11.4213368 11.0000000 0.96 0.64 0.18
v 12.3051299 -11.4551299 11.0000000 0.96 0.64 0.18
v 12.3044578 -11.4889229 11.0000000 0.96 0.64 0.18
v 12.3024429 -11.5226625 11.0000000 0.96 0.64 0.18
v 12.2990881 -11.5562953 11.0000000 0.96 0.64 0.18
v 12.2943989 -11.5897682 11.0000000 0.96 0.64 0.18
v 12.2883826 -11.6230281 11.0000000 0.96 0.64 0.18
v 12.2810488 -11.6560226 11.0000000 0.96 0.64 0.18
v 12.2724090 -11.6886995 11.0000000 0.96 0.64 0.18
v 12.2624770 -11.7210070 11.0000000 0.96 0.64 0.18
v 12.2512683 -11.7528941 11.0000000 0.96 0.64 0.18
v 12.2388008 -11.7843104 11.0000000 0.96 0.64 0.18
v 12.2250942 -11.8152061 11.0000000 0.96 0.64 0.18
v 12.2101701 -11.8455326 11.0000000 0.96 0.64 0.18
v 12.1940521 -11.8752417 11.0000000 0.96 0.64 0.18
v 12.1767657 -11.9042865 11.0000000 0.96 0.64 0.18
v 12.1583383 -11.9326211 11.0000000 0.96 0.64 0.18
v 12.1387989 -11.9602007 11.0000000 0.96 0.64 0.18
v 12.1181786 -11.9869817 11.0000000 0.96 0.64 0.18
v 12.0965098 -12.0129217 11.0000000 0.96 0.64 0.18
v 12.0738268 -12.0379798 11.0000000 0.96 0.64 0.18
v 12.0501656 -12.0621162 11.0000000 0.96 0.64 0.18
v 12.0255635 -12.0852929 11.0000000 0.96 0.64 0.18
v 12.0000594 -12.1074731 11.0000000 0.96 0.64 0.18
v 11.9736937 -12.1286219 11.0000000 0.96 0.64 0.18
v 11.9465081 -12.1487057 11.0000000 0.96 0.64 0.18
v 11.9185454 -12.1676929 11.0000000 0.96 0.64 0.18
v 11.8898500 -12.1855533 11.0000000 0.96 0.64 0.18
v 11.8604672 -12.2022588 11.0000000 0.96 0.64 0.18
v 11.8304435 -12.2177829 11.0000000 0.96 0.64 0.18
v 11.7998264 -12.2321011 11.0000000 0.96 0.64 0.18
v 11.7686642 -12.2451908 11.0000000 0.96 0.64 0.18
v 11.7370062 -12.2570312 11.0000000 0.96 0.64 0.18
v 11.7049026 -12.2676036 11.0000000 0.96 0.64 0.18
v 11.6724040 -12.2768913 11.0000000 0.96 0.64 0.18
v 11.6395618 -12.2848797 11.0000000 0.96 0.64 0.18
v 11.6064281 -12.2915561 11.0000000 0.96 0.64 0.18
v 11.5730551 -12.2969099 11.0000000 0.96 0.64 0.18
v 11.5394956 -12.3009327 11.0000000 0.96 0.64 0.18
v 11.5058027 -12.3036181 11.0000000 0.96 0.64 0.18
v 11.4720297 -12.3049618 11.0000000 0.96 0.64 0.18
v 11.4382300 -12.3049618 11.0000000 0.96 0.64 0.18
v 11.4044570 -12.3036181 11.0000000 0.96 0.64 0.18
v 11.3707641 -12.3009327 11.0000000 0.96 0.64 0.18
v 11.3372047 -12.2969099 11.0000000 0.96 0.64 0.18
v 11.3038316 -12.2915561 11.0000000 0.96 0.64 0.18
v 11.2706979 -12.2848797 11.0000000 0.96 0.64 0.18
v 11.2378557 -12.2768913 11.0000000 0.96 0.64 0.18
v 11.2053571 -12.2676036 11.0000000 0.96 0.64 0.18
v 11.1732535 -12.2570312 11.0000000 0.96 0.64 0.18
v 11.1415955 -12.2451908 11.0000000 0.96 0.64 0.18
v 11.1104333 -12.2321011 11.0000000 0.96 0.64 0.18
v 11.0798162 -12.2177829 11.0000000 0.96 0.64 0.18
v 11.0497925 -12.2022588 11.0000000 0.96 0.64 0.18
v 11.0204097 -12.1855533 11.0000000 0.96 0.64 0.18
v 10.9917143 -12.1676929 11.0000000 0.96 0.64 0.18
v 10.9637517 -12.1487057 11.0000000 0.96 0.64 0.18
v 10.9365660 -12.1286219 11.0000000 0.96 0.64 0.18
v 10.9102003 -12.1074731 11.0000000 0.96 0.64 0.18
v 10.8846962 -12.0852929 11.0000000 0.96 0.64 0.18
v 10.8600941 -12.0621162 11.0000000 0.96 0.64 0.18
v 10.8364329 -12.0379798 11.0000000 0.96 0.64 0.18
v 10.8137499 -12.0129217 11.0000000 0.96 0.64 0.18
v 10.7920811 -11.9869817 11.0000000 0.96 0.64 0.18
v 10.7714608 -11.9602007 11.0000000 0.96 0.64 0.18
v 10.7519214 -11.9326211 11.0000000 0.96 0.64 0.18
v 10.7334940 -11.9042865 11.0000000 0.96 0.64 0.18
v 10.7162076 -11.8752417 11.0000000 0.96 0.64 0.18
v 10.7000896 -11.8455326 11.0000000 0.96 0.64 0.18
v 10.6851655 -11.8152061 11.0000000 0.96 0.64 0.18
v 10.6714589 -11.7843104 11.0000000 0.96 0.64 0.18
v 10.6589914 -11.7528941 11.0000000 0.96 0.64 0.18
v 10.6477827 -11.7210070 11.0000000 0.96 0.64 0.18
v 10.6378507 -11.6886995 11.0000000 0.96 0.64 0.18
v 10.6292109 -11.6560226 11.0000000 0.96 0.64 0.18
v 10.6218771 -11.6230281 11.0000000 0.96 0.64 0.18
v 10.6158608 -11.5897682 11.0000000 0.96 0.64 0.18
v 10.6111716 -11.5562953 11.0000000 0.96 0.64 0.18
v 10.6078168 -11.5226625 11.0000000 0.96 0.64 0.18
v 10.6058019 -11.4889229 11.0000000 0.96 0.64 0.18
v 10.6051299 -11.4551299 11.0000000 0.96 0.64 0.18
v 10.6058019 -11.4213368 11.0000000 0.96 0.64 0.18
v 10.6078168 -11.3875972 11.0000000 0.96 0.64 0.18
v 10.6111716 -11.3539644 11.0000000 0.96 0.64 0.18
v 10.6158608 -11.3204915 11.0000000 0.96 0.64 0.18
v 10.6218771 -11.2872316 11.0000000 0.96 0.64 0.18
v 10.6292109 -11.2542371 11.0000000 0.96 0.64 0.18
v 10.6378507 -11.2215603 11.0000000 0.96 0.64 0.18
v 10.6477827 -11.1892527 11.0000000 0.96 0.64 0.18
v 10.6589914 -11.1573656 11.0000000 0.96 0.64 0.18
v 10.6714589 -11.1259494 11.0000000 0.96 0.64 0.18
v 10.6851655 -11.0950536 11.0000000 0.96 0.64 0.18
v 10.7000896 -11.0647272 11.0000000 0.96 0.64 0.18
v 10.7162076 -11.0350180 11.0000000 0.96 0.64 0.18
v 10.7334940 -11.0059732 11.0000000 0.96 0.64 0.18
v 10.7519214 -10.9776386 11.0000000 0.96 0.64 0.18
v 10.7714608 -10.9500590 11.0000000 0.96 0.64 0.18
v 10.7920811 -10.9232780 11.0000000 0.96 0.64 0.18
v 10.8137499 -10.8973380 11.0000000 0.96 0.64 0.18
v 10.8364329 -10.8722799 11.0000000 0.96 0.64 0.18
v 10.8600941 -10.8481435 11.0000000 0.96 0.64 0.18
v 10.8846962 -10.8249668 11.0000000 0.96 0.64 0.18
v 10.9102003 -10.8027866 11.0000000 0.96 0.64 0.18
v 10.9365660 -10.7816378 11.0000000 0.96 0.64 0.18
v 10.9637517 -10.7615540 11.0000000 0.96 0.64 0.18
v 10.9917143 -10.7425669 11.0000000 0.96 0.64 0.18
v 11.0204097 -10.7247064 11.0000000 0.96 0.64 0.18
v 11.0497925 -10.7080009 11.0000000 0.96 0.64 0.18
v 11.0798162 -10.6924768 11.0000000 0.96 0.64 0.18
v 11.1104333 -10.6781586 11.0000000 0.96 0.64 0.18
v 11.1415955 -10.6650690 11.0000000 0.96 0.64 0.18
v 11.1732535 -10.6532286 11.0000000 0.96 0.64 0.18
v 11.2053571 -10.6426561 11.0000000 0.96 0.64 0.18
v 11.2378557 -10.6333684 11.0000000 0.96 0.64 0.18
v 11.2706979 -10.6253800 11.0000000 0.96 0.64 0.18
v 11.3038316 -10.6187036 11.0000000 0.96 0.64 0.18
v 11.3372047 -10.6133498 11.0000000 0.96 0.64 0.18
v 11.3707641 -10.6093270 11.0000000 0.96 0.64 0.18
v 11.4044570 -10.6066416 11.0000000 0.96 0.64 0.18
v 11.4382300 -10.6052979 11.0000000 0.96 0.64 0.18
v 11.4720297 -10.6052979 11.0000000 0.96 0.64 0.18
v 11.5058027 -10.6066416 11.0000000 0.96 0.64 0.18
v 11.5394956 -10.6093270 11.0000000 0.96 0.64 0.18
v 11.5730551 -10.6133498 11.0000000 0.96 0.64 0.18
v 11.6064281 -10.6187036 11.0000000 0.96 0.64 0.18
v 11.6395618 -10.6253800 11.0000000 0.96 0.64 0.18
v 11.6724040 -10.6333684 11.0000000 0.96 0.64 0.18
v 11.7049026 -10.6426561 11.0000000 0.96 0.64 0.18
v 11.7370062 -10.6532286 11.0000000 0.96 0.64 0.18
v 11.7686642 -10.6650690 11.0000000 0.96 0.64 0.18
v 11.7998264 -10.6781586 11.0000000 0.96 0.64 0.18
v 11.8304435 -10.6924768 11.0000000 0.96 0.64 0.18
v 11.8604672 -10.7080009 11.0000000 0.96 0.64 0.18
v 11.8898500 -10.7247064 11.0000000 0.96 0.64 0.18
v 11.9185454 -10.7425669 11.0000000 0.96 0.64 0.18
v 11.9465081 -10.7615540 11.0000000 0.96 0.64 0.18
v 11.9736937 -10.7816378 11.0000000 0.96 0.64 0.18
v 12.0000594 -10.8027866 11.0000000 0.96 0.64 0.18
v 12.0255635 -10.8249668 11.0000000 0.96 0.64 0.18
v 12.0501656 -10.8481435 11.0000000 0.96 0.64 0.18
v 12.0738268 -10.8722799 11.0000000 0.96 0.64 0.18
v 12.0965098 -10.8973380 11.0000000 0.96 0.64 0.18
v 12.1181786 -10.9232780 11.0000000 0.96 0.64 0.18
v 12.1387989 -10.9500590 11.0000000 0.96 0.64 0.18
v 12.1583383 -10.9776386 11.0000000 0.96 0.64 0.18
v 12.1767657 -11.0059732 11.0000000 0.96 0.64 0.18
v 12.1940521 -11.0350180 11.0000000 0.96 0.64 0.18
v 12.2101701 -11.0647272 11.0000000 0.96 0.64 0.18
v 12.2250942 -11.0950536 11.0000000 0.96 0.64 0.18
v 12.2388008 -11.1259494 11.0000000 0.96 0.64 0.18
v 12.2512683 -11.1573656 11.0000000 0.96 0.64 0.18
v 12.2624770 -11.1892527 11.0000000 0.96 0.64 0.18
v 12.2724090 -11.2215603 11.0000000 0.96 0.64 0.18
v 12.2810488 -11.2542371 11.0000000 0.96 0.64 0.18
v 12.2883826 -11.2872316 11.0000000 0.96 0.64 0.18
v 12.2943989 -11.3204915 11.0000000 0.96 0.64 0.18
v 12.2990881 -11.3539644 11.0000000 0.96 0.64 0.18
v 12.3024429 -11.3875972 11.0000000 0.96 0.64 0.18
v 12.3044578 -11.4213368 11.0000000 0.96 0.64 0.18
v -10.6051299 11.4551299 11.0000000 0.96 0.64 0.18
v -10.6058019 11.4213368 11.0000000 0.96 0.64 0.18
v -10.6078168 11.3875972 11.0000000 0.96 0.64 0.18
v -10.6111716 11.3539644 11.0000000 0.96 0.64 0.18
v -10.6158608 11.3204915 11.0000000 0.96 0.64 0.18
v -10.6218771 11.2872316 11.0000000 0.96 0.64 0.18
v -10.6292109 11.2542371 11.0000000 0.96 0.64 0.18
v -10.6378507 11.2215603 11.0000000 0.96 0.64 0.18
v -10.6477827 11.1892527 11.0000000 0.96 0.64 0.18
v -10.6589914 11.1573656 11.0000000 0.96 0.64 0.18
v -10.6714589 11.1259494 11.0000000 0.96 0.64 0.18
v -10.6851655 11.0950536 11.0000000 0.96 0.64 0.18
v -10.7000896 11.0647272 11.0000000 0.96 0.64 0.18
v -10.7162076 11.0350180 11.0000000 0.96 0.64 0.18
v -10.7334940 11.0059732 11.0000000 0.96 0.64 0.18
v -10.7519214 10.9776386 11.0000000 0.96 0.64 0.18
v -10.7714608 10.9500590 11.0000000 0.96 0.64 0.18
v -10.7920811 10.9232780 11.0000000 0.96 0.64 0.18
v -10.8137499 10.8973380 11.0000000 0.96 0.64 0.18
v -10.8364329 10.8722799 11.0000000 0.96 0.64 0.18
v -10.8600941 10.8481435 11.0000000 0.96 0.64 0.18
v -10.8846962 10.8249668 11.0000000 0.96 0.64 0.18
v -10.9102003 10.8027866 11.0000000 0.96 0.64 0.18
v -10.9365660 10.7816378 11.0000000 0.96 0.64 0.18
v -10.9637517 10.7615540 11.0000000 0.96 0.64 0.18
v -10.9917143 10.7425669 11.0000000 0.96 0.64 0.18
v -11.0204097 10.7247064 11.0000000 0.96 0.64 0.18
v -11.0497925 10.7080009 11.0000000 0.96 0.64 0.18
v -11.0798162 10.6924768 11.0000000 0.96 0.64 0.18
v -11.1104333 10.6781586 11.0000000 0.96 0.64 0.18
v -11.1415955 10.6650690 11.0000000 0.96 0.64 0.18
v -11.1732535 10.6532286 11.0000000 0.96 0.64 0.18
v -11.2053571 10.6426561 11.0000000 0.96 0.64 0.18
v -11.2378557 10.6333684 11.0000000 0.96 0.64 0.18
v -11.2706979 10.6253800 11.0000000 0.96 0.64 0.18
v -11.3038316 10.6187036 11.0000000 0.96 0.64 0.18
v -11.3372047 10.6133498 11.0000000 0.96 0.64 0.18
v -11.3707641 10.6093270 11.0000000 0.96 0.64 0.18
v -11.4044570 10.6066416 11.0000000 0.96 0.64 0.18
v -11.4382300 10.6052979 11.0000000 0.96 0.64 0.18
v -11.4720297 10.6052979 11.0000000 0.96 0.64 0.18
v -11.5058027 10.6066416 11.0000000 0.96 0.64 0.18
v -11.5394956 10.6093270 11.0000000 0.96 0.64 0.18
v -11.5730551 10.6133498 11.0000000 0.96 0.64 0.18
v -11.6064281 10.6187036 11.0000000 0.96 0.64 0.18
v -11.6395618 10.6253800 11.0000000 0.96 0.64 0.18
v -11.6724040 10.6333684 11.0000000 0.96 0.64 0.18
v -11.7049026 10.6426561 11.0000000 0.96 0.64 0.18
v -11.7370062 10.6532286 11.0000000 0.96 0.64 0.18
v -11.7686642 10.6650690 11.0000000 0.96 0.64 0.18
v -11.7998264 10.6781586 11.0000000 0.96 0.64 0.18
v -11.8304435 10.6924768 11.0000000 0.96 0.64 0.18
v -11.8604672 10.7080009 11.0000000 0.96 0.64 0.18
v -11.8898500 10.7247064 11.0000000 0.96 0.64 0.18
v -11.9185454 10.7425669 11.0000000 0.96 0.64 0.18
v -11.9465081 10.7615540 11.0000000 0.96 0.64 0.18
v -11.9736937 10.7816378 11.0000000 0.96 0.64 0.18
v -12.0000594 10.8027866 11.0000000 0.96 0.64 0.18
v -12.0255635 10.8249668 11.0000000 0.96 0.64 0.18
v -12.0501656 10.8481435 11.0000000 0.96 0.64 0.18
v -12.0738268 10.8722799 11.0000000 0.96 0.64 0.18
v -12.0965098 10.8973380 11.0000000 0.96 0.64 0.18
v -12.1181786 10.9232780 11.0000000 0.96 0.64 0.18
v -12.1387989 10.9500590 11.0000000 0.96 0.64 0.18
v -12.1583383 10.9776386 11.0000000 0.96 0.64 0.18
v -12.1767657 11.0059732 11.0000000 0.96 0.64 0.18
v -12.1940521 11.0350180 11.0000000 0.96 0.64 0.18
v -12.2101701 11.0647272 11.0000000 0.96 0.64 0.18
v -12.2250942 11.0950536 11.0000000 0.96 0.64 0.18
v -12.2388008 11.1259494 11.0000000 0.96 0.64 0.18
v -12.2512683 11.1573656 11.0000000 0.96 0.64 0.18
v -12.2624770 11.1892527 11.0000000 0.96 0.64 0.18
v -12.2724090 11.2215603 11.0000000 0.96 0.64 0.18
v -12.2810488 11.2542371 11.0000000 0.96 0.64 0.18
v -12.2883826 11.2872316 11.0000000 0.96 0.64 0.18
v -12.2943989 11.3204915 11.0000000 0.96 0.64 0.18
v -12.2990881 11.3539644 11.0000000 0.96 0.64 0.18
v -12.3024429 11.3875972 11.0000000 0.96 0.64 0.18
v -12.3044578 11.4213368 11.0000000 0.96 0.64 0.18
v -12.3051299 11.4551299 11.0000000 0.96 0.64 0.18
v -12.3044578 11.4889229 11.0000000 0.96 0.64 0.18
v -12.3024429 11.5226625 11.0000000 0.96 0.64 0.18
v -12.2990881 11.5562953 11.0000000 0.96 0.64 0.18
v -12.2943989 11.5897682 11.0000000 0.96 0.64 0.18
v -12.2883826 11.6230281 11.0000000 0.96 0.64 0.18
v -12.2810488 11.6560226 11.0000000 0.96 0.64 0.18
v -12.2724090 11.6886995 11.0000000 0.96 0.64 0.18
v -12.2624770 11.7210070 11.0000000 0.96 0.64 0.18
v -12.2512683 11.7528941 11.0000000 0.96 0.64 0.18
v -12.2388008 11.7843104 11.0000000 0.96 0.64 0.18
v -12.2250942 11.8152061 11.0000000 0.96 0.64 0.18
v -12.2101701 11.8455326 11.0000000 0.96 0.64 0.18
v -12.1940521 11.8752417 11.0000000 0.96 0.64 0.18
v -12.1767657 11.9042865 11.0000000 0.96 0.64 0.18
v -12.1583383 11.9326211 11.0000000 0.96 0.64 0.18
v -12.1387989 11.9602007 11.0000000 0.96 0.64 0.18
v -12.1181786 11.9869817 11.0000000 0.96 0.64 0.18
v -12.0965098 12.0129217 11.0000000 0.96 0.64 0.18
v -12.0738268 12.0379798 11.0000000 0.96 0.64 0.18
v -12.0501656 12.0621162 11.0000000 0.96 0.64 0.18
v -12.0255635 12.0852929 11.0000000 0.96 0.64 0.18
v -12.0000594 12.1074731 11.0000000 0.96 0.64 0.18
v -11.9736937 12.1286219 11.0000000 0.96 0.64 0.18
v -11.9465081 12.1487057 11.0000000 0.96 0.64 0.18
v -11.9185454 12.1676929 11.0000000 0.96 0.64 0.18
v -11.8898500 12.1855533 11.0000000 0.96 0.64 0.18
v -11.8604672 12.2022588 11.0000000 0.96 0.64 0.18
v -11.8304435 12.2177829 11.0000000 0.96 0.64 0.18
v -11.7998264 12.2321011 11.0000000 0.96 0.64 0.18
v -11.7686642 12.2451908 11.0000000 0.96 0.64 0.18
v -11.7370062 12.2570312 11.0000000 0.96 0.64 0.18
v -11.7049026 12.2676036 11.0000000 0.96 0.64 0.18
v -11.6724040 12.2768913 11.0000000 0.96 0.64 0.18
v -11.6395618 12.2848797 11.0000000 0.96 0.64 0.18
v -11.6064281 12.2915561 11.0000000 0.96 0.64 0.18
v -11.5730551 12.2969099 11.0000000 0.96 0.64 0.18
v -11.5394956 12.3009327 11.0000000 0.96 0.64 0.18
v -11.5058027 12.3036181 11.0000000 0.96 0.64 0.18
v -11.4720297 12.3049618 11.0000000 0.96 0.64 0.18
v -11.4382300 12.3049618 11.0000000 0.96 0.64 0.18
v -11.4044570 12.3036181 11.0000000 0.96 0.64 0.18
v -11.3707641 12.3009327 11.0000000 0.96 0.64 0.18
v -11.3372047 12.2969099 11.0000000 0.96 0.64 0.18
v -11.3038316 12.2915561 11.0000000 0.96 0.64 0.18
v -11.2706979 12.2848797 11.0000000 0.96 0.64 0.18
v -11.2378557 12.2768913 11.0000000 0.96 0.64 0.18
v -11.2053571 12.2676036 11.0000000 0.96 0.64 0.18
v -11.1732535 12.2570312 11.0000000 0.96 0.64 0.18
v -11.1415955 12.2451908 11.0000000 0.96 0.64 0.18
v -11.1104333 12.2321011 11.0000000 0.96 0.64 0.18
v -11.0798162 12.2177829 11.0000000 0.96 0.64 0.18
v -11.0497925 12.2022588 11.0000000 0.96 0.64 0.18
v -11.0204097 12.1855533 11.0000000 0.96 0.64 0.18
v -10.9917143 12.1676929 11.0000000 0.96 0.64 0.18
v -10.9637517 12.1487057 11.0000000 0.96 0.64 0.18
v -10.9365660 12.1286219 11.0000000 0.96 0.64 0.18
v -10.9102003 12.1074731 11.0000000 0.96 0.64 0.18
v -10.8846962 12.0852929 11.0000000 0.96 0.64 0.18
v -10.8600941 12.0621162 11.0000000 0.96 0.64 0.18
v -10.8364329 12.0379798 11.0000000 0.96 0.64 0.18
v -10.8137499 12.0129217 11.0000000 0.96 0.64 0.18
v -10.7920811 11.9869817 11.0000000 0.96 0.64 0.18
v -10.7714608 11.9602007 11.0000000 0.96 0.64 0.18
v -10.7519214 11.9326211 11.0000000 0.96 0.64 0.18
v -10.7334940 11.9042865 11.0000000 0.96 0.64 0.18
v -10.7162076 11.8752417 11.0000000 0.96 0.64 0.18
v -10.7000896 11.8455326 11.0000000 0.96 0.64 0.18
v -10.6851655 11.8152061 11.0000000 0.96 0.64 0.18
v -10.6714589 11.7843104 11.0000000 0.96 0.64 0.18
v -10.6589914 11.7528941 11.0000000 0.96 0.64 0.18
v -10.6477827 11.7210070 11.0000000 0.96 0.64 0.18
v -10.6378507 11.6886995 11.0000000 0.96 0.64 0.18
v -10.6292109 11.6560226 11.0000000 0.96 0.64 0.18
v -10.6218771 11.6230281 11.0000000 0.96 0.64 0.18
v -10.6158608 11.5897682 11.0000000 0.96 0.64 0.18
v -10.6111716 11.5562953 11.0000000 0.96 0.64 0.18
v -10.6078168 11.5226625 11.0000000 0.96 0.64 0.18
v -10.6058019 11.4889229 11.0000000 0.96 0.64 0.18
v 13.0928965 -10.9993664 11.0000000 0.96 0.64 0.18
v 13.5215150 -10.4679812 11.0000000 0.96 0.64 0.18
v 13.9285811 -9.9199108 11.0000000 0.96 0.64 0.18
v 14.3134458 -9.3560285 11.0000000 0.96 0.64 0.18
v 14.6754957 -8.7772334 11.0000000 0.96 0.64 0.18
v 15.0141538 -8.1844478 11.0000000 0.96 0.64 0.18
v 15.3288802 -7.5786168 11.0000000 0.96 0.64 0.18
v 15.6191733 -6.9607058 11.0000000 0.96 0.64 0.18
v 15.8845704 -6.3317000 11.0000000 0.96 0.64 0.18
v 16.1246484 -5.6926018 11.0000000 0.96 0.64 0.18
v 16.3390247 -5.0444299 11.0000000 0.96 0.64 0.18
v 16.5273575 -4.3882175 11.0000000 0.96 0.64 0.18
v 16.6893468 -3.7250105 11.0000000 0.96 0.64 0.18
v 16.8247342 -3.0558661 11.0000000 0.96 0.64 0.18
v 16.9333041 -2.3818508 11.0000000 0.96 0.64 0.18
v 17.0148832 -1.7040390 11.0000000 0.96 0.64 0.18
v 17.0693417 -1.0235111 11.0000000 0.96 0.64 0.18
v 17.0965926 -0.3413517 11.0000000 0.96 0.64 0.18
v 17.0965926 0.3413517 11.0000000 0.96 0.64 0.18
v 17.0693417 1.0235111 11.0000000 0.96 0.64 0.18
v 17.0148832 1.7040390 11.0000000 0.96 0.64 0.18
v 16.9333041 2.3818508 11.0000000 0.96 0.64 0.18
v 16.8247342 3.0558661 11.0000000 0.96 0.64 0.18
v 16.6893468 3.7250105 11.0000000 0.96 0.64 0.18
v 16.5273575 4.3882175 11.0000000 0.96 0.64 0.18
v 16.3390247 5.0444299 11.0000000 0.96 0.64 0.18
v 16.1246484 5.6926018 11.0000000 0.96 0.64 0.18
v 15.8845704 6.3317000 11.0000000 0.96 0.64 0.18
v 15.6191733 6.9607058 11.0000000 0.96 0.64 0.18
v 15.3288802 7.5786168 11.0000000 0.96 0.64 0.18
v 15.0141538 8.1844478 11.0000000 0.96 0.64 0.18
v 14.6754957 8.7772334 11.0000000 0.96 0.64 0.18
v 14.3134458 9.3560285 11.0000000 0.96 0.64 0.18
v 13.9285811 9.9199108 11.0000000 0.96 0.64 0.18
v 13.5215150 10.4679812 11.0000000 0.96 0.64 0.18
v 13.0928965 10.9993664 11.0000000 0.96 0.64 0.18
v 13.0735157 -10.9347191 11.0000000 0.96 0.64 0.18
v 13.0515841 -10.8708920 11.0000000 0.96 0.64 0.18
v 13.0271364 -10.8079857 11.0000000 0.96 0.64 0.18
v 13.0002110 -10.7460994 11.0000000 0.96 0.64 0.18
v 12.9708505 -10.6853305 11.0000000 0.96 0.64 0.18
v 12.9391010 -10.6257750 11.0000000 0.96 0.64 0.18
v 13.1766507 -10.3411013 11.0000000 0.96 0.64 0.18
v 11.6033193 -9.1063429 11.0000000 0.96 0.64 0.18
v 11.0364289 -9.7856904 11.0000000 0.96 0.64 0.18
v 11.0091311 -9.8146771 11.0000000 0.96 0.64 0.18
v 10.9445393 -9.8336190 11.0000000 0.96 0.64 0.18
v 10.8807480 -9.8551031 11.0000000 0.96 0.64 0.18
v 10.8178572 -9.8790957 11.0000000 0.96 0.64 0.18
v 10.7559656 -9.9055592 11.0000000 0.96 0.64 0.18
v 10.6951700 -9.9344520 11.0000000 0.96 0.64 0.18
v 10.6355659 -9.9657290 11.0000000 0.96 0.64 0.18
v 10.5772468 -9.9993410 11.0000000 0.96 0.64 0.18
v 10.5203039 -10.0352353 11.0000000 0.96 0.64 0.18
v 10.4648266 -10.0733558 11.0000000 0.96 0.64 0.18
v 10.4109020 -10.1136426 11.0000000 0.96 0.64 0.18
v 10.3586144 -10.1560325 11.0000000 0.96 0.64 0.18
v 10.3080460 -10.2004592 11.0000000 0.96 0.64 0.18
v 10.2592759 -10.2468528 11.0000000 0.96 0.64 0.18
v 10.2123807 -10.2951409 11.0000000 0.96 0.64 0.18
v 10.1674338 -10.3452475 11.0000000 0.96 0.64 0.18
v 10.1245058 -10.3970942 11.0000000 0.96 0.64 0.18
v 10.0836639 -10.4505996 11.0000000 0.96 0.64 0.18
v 10.0449721 -10.5056799 11.0000000 0.96 0.64 0.18
v 10.0084912 -10.5622488 11.0000000 0.96 0.64 0.18
v 9.9742783 -10.6202175 11.0000000 0.96 0.64 0.18
v 9.9423870 -10.6794952 11.0000000 0.96 0.64 0.18
v 9.9128674 -10.7399889 11.0000000 0.96 0.64 0.18
v 9.8857658 -10.8016038 11.0000000 0.96 0.64 0.18
v 9.8611245 -10.8642433 11.0000000 0.96 0.64 0.18
v 9.8389823 -10.9278091 11.0000000 0.96 0.64 0.18
v 9.8193739 -10.9922017 11.0000000 0.96 0.64 0.18
v 9.8023300 -11.0573200 11.0000000 0.96 0.64 0.18
v 9.6166522 -11.2429978 11.0000000 0.96 0.64 0.18
v 9.7566605 -11.3830061 11.0000000 0.96 0.64 0.18
v 9.7551374 -11.4500754 11.0000000 0.96 0.64 0.18
v 9.7562616 -11.5171525 11.0000000 0.96 0.64 0.18
v 9.7600316 -11.5841331 11.0000000 0.96 0.64 0.18
v 9.7664413 -11.6509127 11.0000000 0.96 0.64 0.18
v 9.7754808 -11.7173875 11.0000000 0.96 0.64 0.18
v 9.7871360 -11.7834539 11.0000000 0.96 0.64 0.18
v 9.8013889 -11.8490089 11.0000000 0.96 0.64 0.18
v 9.8182171 -11.9139506 11.0000000 0.96 0.64 0.18
v 9.8375944 -11.9781777 11.0000000 0.96 0.64 0.18
v 9.8594908 -12.0415903 11.0000000 0.96 0.64 0.18
v 9.8838720 -12.1040896 11.0000000 0.96 0.64 0.18
v 9.9107002 -12.1655783 11.0000000 0.96 0.64 0.18
v 9.9399335 -12.2259606 11.0000000 0.96 0.64 0.18
v 9.9715265 -12.2851425 11.0000000 0.96 0.64 0.18
v 10.0054298 -12.3430318 11.0000000 0.96 0.64 0.18
v 10.0415908 -12.3995383 11.0000000 0.96 0.64 0.18
v 10.0799531 -12.4545742 11.0000000 0.96 0.64 0.18
v 10.1204570 -12.5080535 11.0000000 0.96 0.64 0.18
v 10.1630393 -12.5598932 11.0000000 0.96 0.64 0.18
v 10.2076339 -12.6100124 11.0000000 0.96 0.64 0.18
v 10.2541711 -12.6583331 11.0000000 0.96 0.64 0.18
v 10.3025786 -12.7047801 11.0000000 0.96 0.64 0.18
v 10.3527810 -12.7492810 11.0000000 0.96 0.64 0.18
v 10.4047001 -12.7917664 11.0000000 0.96 0.64 0.18
v 10.4582550 -12.8321704 11.0000000 0.96 0.64 0.18
v 10.5133624 -12.8704299 11.0000000 0.96 0.64 0.18
v 10.5699364 -12.9064853 11.0000000 0.96 0.64 0.18
v 10.6278889 -12.9402805 11.0000000 0.96 0.64 0.18
v 10.6871296 -12.9717629 11.0000000 0.96 0.64 0.18
v 10.7475664 -13.0008834 11.0000000 0.96 0.64 0.18
v 10.8091051 -13.0275967 11.0000000 0.96 0.64 0.18
v 10.8716498 -13.0518612 11.0000000 0.96 0.64 0.18
v 10.9351032 -13.0736391 11.0000000 0.96 0.64 0.18
v 10.9993664 -13.0928965 11.0000000 0.96 0.64 0.18
v -10.9993664 -13.0928965 11.0000000 0.96 0.64 0.18
v -10.4679812 -13.5215150 11.0000000 0.96 0.64 0.18
v -9.9199108 -13.9285811 11.0000000 0.96 0.64 0.18
v -9.3560285 -14.3134458 11.0000000 0.96 0.64 0.18
v -8.7772334 -14.6754957 11.0000000 0.96 0.64 0.18
v -8.1844478 -15.0141538 11.0000000 0.96 0.64 0.18
v -7.5786168 -15.3288802 11.0000000 0.96 0.64 0.18
v -6.9607058 -15.6191733 11.0000000 0.96 0.64 0.18
v -6.3317000 -15.8845704 11.0000000 0.96 0.64 0.18
v -5.6926018 -16.1246484 11.0000000 0.96 0.64 0.18
v -5.0444299 -16.3390247 11.0000000 0.96 0.64 0.18
v -4.3882175 -16.5273575 11.0000000 0.96 0.64 0.18
v -3.7250105 -16.6893468 11.0000000 0.96 0.64 0.18
v -3.0558661 -16.8247342 11.0000000 0.96 0.64 0.18
v -2.3818508 -16.9333041 11.0000000 0.96 0.64 0.18
v -1.7040390 -17.0148832 11.0000000 0.96 0.64 0.18
v -1.0235111 -17.0693417 11.0000000 0.96 0.64 0.18
v -0.3413517 -17.0965926 11.0000000 0.96 0.64 0.18
v 0.3413517 -17.0965926 11.0000000 0.96 0.64 0.18
v 1.0235111 -17.0693417 11.0000000 0.96 0.64 0.18
v 1.7040390 -17.0148832 11.0000000 0.96 0.64 0.18
v 2.3818508 -16.9333041 11.0000000 0.96 0.64 0.18
v 3.0558661 -16.8247342 11.0000000 0.96 0.64 0.18
v 3.7250105 -16.6893468 11.0000000 0.96 0.64 0.18
v 4.3882175 -16.5273575 11.0000000 0.96 0.64 0.18
v 5.0444299 -16.3390247 11.0000000 0.96 0.64 0.18
v 5.6926018 -16.1246484 11.0000000 0.96 0.64 0.18
v 6.3317000 -15.8845704 11.0000000 0.96 0.64 0.18
v 6.9607058 -15.6191733 11.0000000 0.96 0.64 0.18
v 7.5786168 -15.3288802 11.0000000 0.96 0.64 0.18
v 8.1844478 -15.0141538 11.0000000 0.96 0.64 0.18
v 8.7772334 -14.6754957 11.0000000 0.96 0.64 0.18
v 9.3560285 -14.3134458 11.0000000 0.96 0.64 0.18
v 9.9199108 -13.9285811 11.0000000 0.96 0.64 0.18
v 10.4679812 -13.5215150 11.0000000 0.96 0.64 0.18
v -10.9347191 -13.0735157 11.0000000 0.96 0.64 0.18
v -10.8708920 -13.0515841 11.0000000 0.96 0.64 0.18
v -10.8079857 -13.0271364 11.0000000 0.96 0.64 0.18
v -10.7460994 -13.0002110 11.0000000 0.96 0.64 0.18
v -10.6853305 -12.9708505 11.0000000 0.96 0.64 0.18
v -10.6257750 -12.9391010 11.0000000 0.96 0.64 0.18
v -10.3411013 -13.1766507 11.0000000 0.96 0.64 0.18
v -9.1063429 -11.6033193 11.0000000 0.96 0.64 0.18
v -9.7856904 -11.0364289 11.0000000 0.96 0.64 0.18
v -9.8146771 -11.0091311 11.0000000 0.96 0.64 0.18
v -9.8336190 -10.9445393 11.0000000 0.96 0.64 0.18
v -9.8551031 -10.8807480 11.0000000 0.96 0.64 0.18
v -9.8790957 -10.8178572 11.0000000 0.96 0.64 0.18
v -9.9055592 -10.7559656 11.0000000 0.96 0.64 0.18
v -9.9344520 -10.6951700 11.0000000 0.96 0.64 0.18
v -9.9657290 -10.6355659 11.0000000 0.96 0.64 0.18
v -9.9993410 -10.5772468 11.0000000 0.96 0.64 0.18
v -10.0352353 -10.5203039 11.0000000 0.96 0.64 0.18
v -10.0733558 -10.4648266 11.0000000 0.96 0.64 0.18
v -10.1136426 -10.4109020 11.0000000 0.96 0.64 0.18
v -10.1560325 -10.3586144 11.0000000 0.96 0.64 0.18
v -10.2004592 -10.3080460 11.0000000 0.96 0.64 0.18
v -10.2468528 -10.2592759 11.0000000 0.96 0.64 0.18
v -10.2951409 -10.2123807 11.0000000 0.96 0.64 0.18
v -10.3452475 -10.1674338 11.0000000 0.96 0.64 0.18
v -10.3970942 -10.1245058 11.0000000 0.96 0.64 0.18
v -10.4505996 -10.0836639 11.0000000 0.96 0.64 0.18
v -10.5056799 -10.0449721 11.0000000 0.96 0.64 0.18
v -10.5622488 -10.0084912 11.0000000 0.96 0.64 0.18
v -10.6202175 -9.9742783 11.0000000 0.96 0.64 0.18
v -10.6794952 -9.9423870 11.0000000 0.96 0.64 0.18
v -10.7399889 -9.9128674 11.0000000 0.96 0.64 0.18
v -10.8016038 -9.8857658 11.0000000 0.96 0.64 0.18
v -10.8642433 -9.8611245 11.0000000 0.96 0.64 0.18
v -10.9278091 -9.8389823 11.0000000 0.96 0.64 0.18
v -10.9922017 -9.8193739 11.0000000 0.96 0.64 0.18
v -11.0573200 -9.8023300 11.0000000 0.96 0.64 0.18
v -11.2429978 -9.6166522 11.0000000 0.96 0.64 0.18
v -11.3830061 -9.7566605 11.0000000 0.96 0.64 0.18
v -11.4500754 -9.7551374 11.0000000 0.96 0.64 0.18
v -11.5171525 -9.7562616 11.0000000 0.96 0.64 0.18
v -11.5841331 -9.7600316 11.0000000 0.96 0.64 0.18
v -11.6509127 -9.7664413 11.0000000 0.96 0.64 0.18
v -11.7173875 -9.7754808 11.0000000 0.96 0.64 0.18
v -11.7834539 -9.7871360 11.0000000 0.96 0.64 0.18
v -11.8490089 -9.8013889 11.0000000 0.96 0.64 0.18
v -11.9139506 -9.8182171 11.0000000 0.96 0.64 0.18
v -11.9781777 -9.8375944 11.0000000 0.96 0.64 0.18
v -12.0415903 -9.8594908 11.0000000 0.96 0.64 0.18
v -12.1040896 -9.8838720 11.0000000 0.96 0.64 0.18
v -12.1655783 -9.9107002 11.0000000 0.96 0.64 0.18
v -12.2259606 -9.9399335 11.0000000 0.96 0.64 0.18
v -12.2851425 -9.9715265 11.0000000 0.96 0.64 0.18
v -12.3430318 -10.0054298 11.0000000 0.96 0.64 0.18
v -12.3995383 -10.0415908 11.0000000 0.96 0.64 0.18
v -12.4545742 -10.0799531 11.0000000 0.96 0.64 0.18
v -12.5080535 -10.1204570 11.0000000 0.96 0.64 0.18
v -12.5598932 -10.1630393 11.0000000 0.96 0.64 0.18
v -12.6100124 -10.2076339 11.0000000 0.96 0.64 0.18
v -12.6583331 -10.2541711 11.0000000 0.96 0.64 0.18
v -12.7047801 -10.3025786 11.0000000 0.96 0.64 0.18
v -12.7492810 -10.3527810 11.0000000 0.96 0.64 0.18
v -12.7917664 -10.4047001 11.0000000 0.96 0.64 0.18
v -12.8321704 -10.4582550 11.0000000 0.96 0.64 0.18
v -12.8704299 -10.5133624 11.0000000 0.96 0.64 0.18
v -12.9064853 -10.5699364 11.0000000 0.96 0.64 0.18
v -12.9402805 -10.6278889 11.0000000 0.96 0.64 0.18
v -12.9717629 -10.6871296 11.0000000 0.96 0.64 0.18
v -13.0008834 -10.7475664 11.0000000 0.96 0.64 0.18
v -13.0275967 -10.8091051 11.0000000 0.96 0.64 0.18
v -13.0518612 -10.8716498 11.0000000 0.96 0.64 0.18
v -13.0736391 -10.9351032 11.0000000 0.96 0.64 0.18
v -13.0928965 -10.9993664 11.0000000 0.96 0.64 0.18
v -13.0928965 10.9993664 11.0000000 0.96 0.64 0.18
v -13.5215150 10.4679812 11.0000000 0.96 0.64 0.18
v -13.9285811 9.9199108 11.0000000 0.96 0.64 0.18
v -14.3134458 9.3560285 11.0000000 0.96 0.64 0.18
v -14.6754957 8.7772334 11.0000000 0.96 0.64 0.18
v -15.0141538 8.1844478 11.0000000 0.96 0.64 0.18
v -15.3288802 7.5786168 11.0000000 0.96 0.64 0.18
v -15.6191733 6.9607058 11.0000000 0.96 0.64 0.18
v -15.8845704 6.3317000 11.0000000 0.96 0.64 0.18
v -16.1246484 5.6926018 11.0000000 0.96 0.64 0.18
v -16.3390247 5.0444299 11.0000000 0.96 0.64 0.18
v -16.5273575 4.3882175 11.0000000 0.96 0.64 0.18
v -16.6893468 3.7250105 11.0000000 0.96 0.64 0.18
v -16.8247342 3.0558661 11.0000000 0.96 0.64 0.18
v -16.9333041 2.3818508 11.0000000 0.96 0.64 0.18
v -17.0148832 1.7040390 11.0000000 0.96 0.64 0.18
v -17.0693417 1.0235111 11.0000000 0.96 0.64 0.18
v -17.0965926 0.3413517 11.0000000 0.96 0.64 0.18
v -17.0965926 -0.3413517 11.0000000 0.96 0.64 0.18
v -17.0693417 -1.0235111 11.0000000 0.96 0.64 0.18
v -17.0148832 -1.7040390 11.0000000 0.96 0.64 0.18
v -16.9333041 -2.3818508 11.0000000 0.96 0.64 0.18
v -16.8247342 -3.0558661 11.0000000 0.96 0.64 0.18
v -16.6893468 -3.7250105 11.0000000 0.96 0.64 0.18
v -16.5273575 -4.3882175 11.0000000 0.96 0.64 0.18
v -16.3390247 -5.0444299 11.0000000 0.96 0.64 0.18
v -16.1246484 -5.6926018 11.0000000 0.96 0.64 0.18
v -15.8845704 -6.3317000 11.0000000 0.96 0.64 0.18
v -15.6191733 -6.9607058 11.0000000 0.96 0.64 0.18
v -15.3288802 -7.5786168 11.0000000 0.96 0.64 0.18
v -15.0141538 -8.1844478 11.0000000 0.96 0.64 0.18
v -14.6754957 -8.7772334 11.0000000 0.96 0.64 0.18
v -14.3134458 -9.3560285 11.0000000 0.96 0.64 0.18
v -13.9285811 -9.9199108 11.0000000 0.96 0.64 0.18
v -13.5215150 -10.4679812 11.0000000 0.96 0.64 0.18
v -13.0735157 10.9347191 11.0000000 0.96 0.64 0.18
v -13.0515841 10.8708920 11.0000000 0.96 0.64 0.18
v -13.0271364 10.8079857 11.0000000 0.96 0.64 0.18
v -13.0002110 10.7460994 11.0000000 0.96 0.64 0.18
v -12.9708505 10.6853305 11.0000000 0.96 0.64 0.18
v -12.9391010 10.6257750 11.0000000 0.96 0.64 0.18
v -13.1766507 10.3411013 11.0000000 0.96 0.64 0.18
v -11.6033193 9.1063429 11.0000000 0.96 0.64 0.18
v -11.0364289 9.7856904 11.0000000 0.96 0.64 0.18
v -11.0091311 9.8146771 11.0000000 0.96 0.64 0.18
v -10.9445393 9.8336190 11.0000000 0.96 0.64 0.18
v -10.8807480 9.8551031 11.0000000 0.96 0.64 0.18
v -10.8178572 9.8790957 11.0000000 0.96 0.64 0.18
v -10.7559656 9.9055592 11.0000000 0.96 0.64 0.18
v -10.6951700 9.9344520 11.0000000 0.96 0.64 0.18
v -10.6355659 9.9657290 11.0000000 0.96 0.64 0.18
v -10.5772468 9.9993410 11.0000000 0.96 0.64 0.18
v -10.5203039 10.0352353 11.0000000 0.96 0.64 0.18
v -10.4648266 10.0733558 11.0000000 0.96 0.64 0.18
v -10.4109020 10.1136426 11.0000000 0.96 0.64 0.18
v -10.3586144 10.1560325 11.0000000 0.96 0.64 0.18
v -10.3080460 10.2004592 11.0000000 0.96 0.64 0.18
v -10.2592759 10.2468528 11.0000000 0.96 0.64 0.18
v -10.2123807 10.2951409 11.0000000 0.96 0.64 0.18
v -10.1674338 10.3452475 11.0000000 0.96 0.64 0.18
v -10.1245058 10.3970942 11.0000000 0.96 0.64 0.18
v -10.0836639 10.4505996 11.0000000 0.96 0.64 0.18
v -10.0449721 10.5056799 11.0000000 0.96 0.64 0.18
v -10.0084912 10.5622488 11.0000000 0.96 0.64 0.18
v -9.9742783 10.6202175 11.0000000 0.96 0.64 0.18
v -9.9423870 10.6794952 11.0000000 0.96 0.64 0.18
v -9.9128674 10.7399889 11.0000000 0.96 0.64 0.18
v -9.8857658 10.8016038 11.0000000 0.96 0.64 0.18
v -9.8611245 10.8642433 11.0000000 0.96 0.64 0.18
v -9.8389823 10.9278091 11.0000000 0.96 0.64 0.18
v -9.8193739 10.9922017 11.0000000 0.96 0.64 0.18
v -9.8023300 11.0573200 11.0000000 0.96 0.64 0.18
v -9.6166522 11.2429978 11.0000000 0.96 0.64 0.18
v -9.7566605 11.3830061 11.0000000 0.96 0.64 0.18
v -10.9993664 13.0928965 11.0000000 0.96 0.64 0.18
v -10.9351032 13.0736391 11.0000000 0.96 0.64 0.18
v -10.8716498 13.0518612 11.0000000 0.96 0.64 0.18
v -10.8091051 13.0275967 11.0000000 0.96 0.64 0.18
v -10.7475664 13.0008834 11.0000000 0.96 0.64 0.18
v -10.6871296 12.9717629 11.0000000 0.96 0.64 0.18
v -10.6278889 12.9402805 11.0000000 0.96 0.64 0.18
v -10.5699364 12.9064853 11.0000000 0.96 0.64 0.18
v -10.5133624 12.8704299 11.0000000 0.96 0.64 0.18
v -10.4582550 12.8321704 11.0000000 0.96 0.64 0.18
v -10.4047001 12.7917664 11.0000000 0.96 0.64 0.18
v -10.3527810 12.7492810 11.0000000 0.96 0.64 0.18
v -10.3025786 12.7047801 11.0000000 0.96 0.64 0.18
v -10.2541711 12.6583331 11.0000000 0.96 0.64 0.18
v -10.2076339 12.6100124 11.0000000 0.96 0.64 0.18
v -10.1630393 12.5598932 11.0000000 0.96 0.64 0.18
v -10.1204570 12.5080535 11.0000000 0.96 0.64 0.18
v -10.0799531 12.4545742 11.0000000 0.96 0.64 0.18
v -10.0415908 12.3995383 11.0000000 0.96 0.64 0.18
v -10.0054298 12.3430318 11.0000000 0.96 0.64 0.18
v -9.9715265 12.2851425 11.0000000 0.96 0.64 0.18
v -9.9399335 12.2259606 11.0000000 0.96 0.64 0.18
v -9.9107002 12.1655783 11.0000000 0.96 0.64 0.18
v -9.8838720 12.1040896 11.0000000 0.96 0.64 0.18
v -9.8594908 12.0415903 11.0000000 0.96 0.64 0.18
v -9.8375944 11.9781777 11.0000000 0.96 0.64 0.18
v -9.8182171 11.9139506 11.0000000 0.96 0.64 0.18
v -9.8013889 11.8490089 11.0000000 0.96 0.64 0.18
v -9.7871360 11.7834539 11.0000000 0.96 0.64 0.18
v -9.7754808 11.7173875 11.0000000 0.96 0.64 0.18
v -9.7664413 11.6509127 11.0000000 0.96 0.64 0.18
v -9.7600316 11.5841331 11.0000000 0.96 0.64 0.18
v -9.7562616 11.5171525 11.0000000 0.96 0.64 0.18
v -9.7551374 11.4500754 11.0000000 0.96 0.64 0.18
v 10.9993664 13.0928965 11.0000000 0.96 0.64 0.18
v 10.4679812 13.5215150 11.0000000 0.96 0.64 0.18
v 9.9199108 13.9285811 11.0000000 0.96 0.64 0.18
v 9.3560285 14.3134458 11.0000000 0.96 0.64 0.18
v 8.7772334 14.6754957 11.0000000 0.96 0.64 0.18
v 8.1844478 15.0141538 11.0000000 0.96 0.64 0.18
v 7.5786168 15.3288802 11.0000000 0.96 0.64 0.18
v 6.9607058 15.6191733 11.0000000 0.96 0.64 0.18
v 6.3317000 15.8845704 11.0000000 0.96 0.64 0.18
v 5.6926018 16.1246484 11.0000000 0.96 0.64 0.18
v 5.0444299 16.3390247 11.0000000 0.96 0.64 0.18
v 4.3882175 16.5273575 11.0000000 0.96 0.64 0.18
v 3.7250105 16.6893468 11.0000000 0.96 0.64 0.18
v 3.0558661 16.8247342 11.0000000 0.96 0.64 0.18
v 2.3818508 16.9333041 11.0000000 0.96 0.64 0.18
v 1.7040390 17.0148832 11.0000000 0.96 0.64 0.18
v 1.0235111 17.0693417 11.0000000 0.96 0.64 0.18
v 0.3413517 17.0965926 11.0000000 0.96 0.64 0.18
v -0.3413517 17.0965926 11.0000000 0.96 0.64 0.18
v -1.0235111 17.0693417 11.0000000 0.96 0.64 0.18
v -1.7040390 17.0148832 11.0000000 0.96 0.64 0.18
v -2.3818508 16.9333041 11.0000000 0.96 0.64 0.18
v -3.0558661 16.8247342 11.0000000 0.96 0.64 0.18
v -3.7250105 16.6893468 11.0000000 0.96 0.64 0.18
v -4.3882175 16.5273575 11.0000000 0.96 0.64 0.18
v -5.0444299 16.3390247 11.0000000 0.96 0.64 0.18
v -5.6926018 16.1246484 11.0000000 0.96 0.64 0.18
v -6.3317000 15.8845704 11.0000000 0.96 0.64 0.18
v -6.9607058 15.6191733 11.0000000 0.96 0.64 0.18
v -7.5786168 15.3288802 11.0000000 0.96 0.64 0.18
v -8.1844478 15.0141538 11.0000000 0.96 0.64 0.18
v -8.7772334 14.6754957 11.0000000 0.96 0.64 0.18
v -9.3560285 14.3134458 11.0000000 0.96 0.64 0.18
v -9.9199108 13.9285811 11.0000000 0.96 0.64 0.18
v -10.4679812 13.5215150 11.0000000 0.96 0.64 0.18
v 10.9347191 13.0735157 11.0000000 0.96 0.64 0.18
v 10.8708920 13.0515841 11.0000000 0.96 0.64 0.18
v 10.8079857 13.0271364 11.0000000 0.96 0.64 0.18
v 10.7460994 13.0002110 11.0000000 0.96 0.64 0.18
v 10.6853305 12.9708505 11.0000000 0.96 0.64 0.18
v 10.6257750 12.9391010 11.0000000 0.96 0.64 0.18
v 10.3411013 13.1766507 11.0000000 0.96 0.64 0.18
v 9.1063429 11.6033193 11.0000000 0.96 0.64 0.18
v 9.7856904 11.0364289 11.0000000 0.96 0.64 0.18
v 9.8146771 11.0091311 11.0000000 0.96 0.64 0.18
v 9.8336190 10.9445393 11.0000000 0.96 0.64 0.18
v 9.8551031 10.8807480 11.0000000 0.96 0.64 0.18
v 9.8790957 10.8178572 11.0000000 0.96 0.64 0.18
v 9.9055592 10.7559656 11.0000000 0.96 0.64 0.18
v 9.9344520 10.6951700 11.0000000 0.96 0.64 0.18
v 9.9657290 10.6355659 11.0000000 0.96 0.64 0.18
v 9.9993410 10.5772468 11.0000000 0.96 0.64 0.18
v 10.0352353 10.5203039 11.0000000 0.96 0.64 0.18
v 10.0733558 10.4648266 11.0000000 0.96 0.64 0.18
v 10.1136426 10.4109020 11.0000000 0.96 0.64 0.18
v 10.1560325 10.3586144 11.0000000 0.96 0.64 0.18
v 10.2004592 10.3080460 11.0000000 0.96 0.64 0.18
v 10.2468528 10.2592759 11.0000000 0.96 0.64 0.18
v 10.2951409 10.2123807 11.0000000 0.96 0.64 0.18
v 10.3452475 10.1674338 11.0000000 0.96 0.64 0.18
v 10.3970942 10.1245058 11.0000000 0.96 0.64 0.18
v 10.4505996 10.0836639 11.0000000 0.96 0.64 0.18
v 10.5056799 10.0449721 11.0000000 0.96 0.64 0.18
v 10.5622488 10.0084912 11.0000000 0.96 0.64 0.18
v 10.6202175 9.9742783 11.0000000 0.96 0.64 0.18
v 10.6794952 9.9423870 11.0000000 0.96 0.64 0.18
v 10.7399889 9.9128674 11.0000000 0.96 0.64 0.18
v 10.8016038 9.8857658 11.0000000 0.96 0.64 0.18
v 10.8642433 9.8611245 11.0000000 0.96 0.64 0.18
v 10.9278091 9.8389823 11.0000000 0.96 0.64 0.18
v 10.9922017 9.8193739 11.0000000 0.96 0.64 0.18
v 11.0573200 9.8023300 11.0000000 0.96 0.64 0.18
v 11.2429978 9.6166522 11.0000000 0.96 0.64 0.18
v 11.3830061 9.7566605 11.0000000 0.96 0.64 0.18
v 11.4500754 9.7551374 11.0000000 0.96 0.64 0.18
v 11.5171525 9.7562616 11.0000000 0.96 0.64 0.18
v 11.5841331 9.7600316 11.0000000 0.96 0.64 0.18
v 11.6509127 9.7664413 11.0000000 0.96 0.64 0.18
v 11.7173875 9.7754808 11.0000000 0.96 0.64 0.18
v 11.7834539 9.7871360 11.0000000 0.96 0.64 0.18
v 11.8490089 9.8013889 11.0000000 0.96 0.64 0.18
v 11.9139506 9.8182171 11.0000000 0.96 0.64 0.18
v 11.9781777 9.8375944 11.0000000 0.96 0.64 0.18
v 12.0415903 9.8594908 11.0000000 0.96 0.64 0.18
v 12.1040896 9.8838720 11.0000000 0.96 0.64 0.18
v 12.1655783 9.9107002 11.0000000 0.96 0.64 0.18
v 12.2259606 9.9399335 11.0000000 0.96 0.64 0.18
v 12.2851425 9.9715265 11.0000000 0.96 0.64 0.18
v 12.3430318 10.0054298 11.0000000 0.96 0.64 0.18
v 12.3995383 10.0415908 11.0000000 0.96 0.64 0.18
v 12.4545742 10.0799531 11.0000000 0.96 0.64 0.18
v 12.5080535 10.1204570 11.0000000 0.96 0.64 0.18
v 12.5598932 10.1630393 11.0000000 0.96 0.64 0.18
v 12.6100124 10.2076339 11.0000000 0.96 0.64 0.18
v 12.6583331 10.2541711 11.0000000 0.96 0.64 0.18
v 12.7047801 10.3025786 11.0000000 0.96 0.64 0.18
v 12.7492810 10.3527810 11.0000000 0.96 0.64 0.18
v 12.7917664 10.4047001 11.0000000 0.96 0.64 0.18
v 12.8321704 10.4582550 11.0000000 0.96 0.64 0.18
v 12.8704299 10.5133624 11.0000000 0.96 0.64 0.18
v 12.9064853 10.5699364 11.0000000 0.96 0.64 0.18
v 12.9402805 10.6278889 11.0000000 0.96 0.64 0.18
v 12.9717629 10.6871296 11.0000000 0.96 0.64 0.18
v 13.0008834 10.7475664 11.0000000 0.96 0.64 0.18
v 13.0275967 10.8091051 11.0000000 0.96 0.64 0.18
v 13.0518612 10.8716498 11.0000000 0.96 0.64 0.18
v 13.0736391 10.9351032 11.0000000 0.96 0.64 0.18
v 12.3051299 11.4551299 11.0000000 0.96 0.64 0.18
v 12.3044578 11.4213368 11.0000000 0.96 0.64 0.18
v 12.3024429 11.3875972 11.0000000 0.96 0.64 0.18
v 12.2990881 11.3539644 11.0000000 0.96 0.64 0.18
v 12.2943989 11.3204915 11.0000000 0.96 0.64 0.18
v 12.2883826 11.2872316 11.0000000 0.96 0.64 0.18
v 12.2810488 11.2542371 11.0000000 0.96 0.64 0.18
v 12.2724090 11.2215603 11.0000000 0.96 0.64 0.18
v 12.2624770 11.1892527 11.0000000 0.96 0.64 0.18
v 12.2512683 11.1573656 11.0000000 0.96 0.64 0.18
v 12.2388008 11.1259494 11.0000000 0.96 0.64 0.18
v 12.2250942 11.0950536 11.0000000 0.96 0.64 0.18
v 12.2101701 11.0647272 11.0000000 0.96 0.64 0.18
v 12.1940521 11.0350180 11.0000000 0.96 0.64 0.18
v 12.1767657 11.0059732 11.0000000 0.96 0.64 0.18
v 12.1583383 10.9776386 11.0000000 0.96 0.64 0.18
v 12.1387989 10.9500590 11.0000000 0.96 0.64 0.18
v 12.1181786 10.9232780 11.0000000 0.96 0.64 0.18
v 12.0965098 10.8973380 11.0000000 0.96 0.64 0.18
v 12.0738268 10.8722799 11.0000000 0.96 0.64 0.18
v 12.0501656 10.8481435 11.0000000 0.96 0.64 0.18
v 12.0255635 10.8249668 11.0000000 0.96 0.64 0.18
v 12.0000594 10.8027866 11.0000000 0.96 0.64 0.18
v 11.9736937 10.7816378 11.0000000 0.96 0.64 0.18
v 11.9465081 10.7615540 11.0000000 0.96 0.64 0.18
v 11.9185454 10.7425669 11.0000000 0.96 0.64 0.18
v 11.8898500 10.7247064 11.0000000 0.96 0.64 0.18
v 11.8604672 10.7080009 11.0000000 0.96 0.64 0.18
v 11.8304435 10.6924768 11.0000000 0.96 0.64 0.18
v 11.7998264 10.6781586 11.0000000 0.96 0.64 0.18
v 11.7686642 10.6650690 11.0000000 0.96 0.64 0.18
v 11.7370062 10.6532286 11.0000000 0.96 0.64 0.18
v 11.7049026 10.6426561 11.0000000 0.96 0.64 0.18
v 11.6724040 10.6333684 11.0000000 0.96 0.64 0.18
v 11.6395618 10.6253800 11.0000000 0.96 0.64 0.18
v 11.6064281 10.6187036 11.0000000 0.96 0.64 0.18
v 11.5730551 10.6133498 11.0000000 0.96 0.64 0.18
v 11.5394956 10.6093270 11.0000000 0.96 0.64 0.18
v 11.5058027 10.6066416 11.0000000 0.96 0.64 0.18
v 11.4720297 10.6052979 11.0000000 0.96 0.64 0.18
v 11.4382300 10.6052979 11.0000000 0.96 0.64 0.18
v 11.4044570 10.6066416 11.0000000 0.96 0.64 0.18
v 11.3707641 10.6093270 11.0000000 0.96 0.64 0.18
v 11.3372047 10.6133498 11.0000000 0.96 0.64 0.18
v 11.3038316 10.6187036 11.0000000 0.96 0.64 0.18
v 11.2706979 10.6253800 11.0000000 0.96 0.64 0.18
v 11.2378557 10.6333684 11.0000000 0.96 0.64 0.18
v 11.2053571 10.6426561 11.0000000 0.96 0.64 0.18
v 11.1732535 10.6532286 11.0000000 0.96 0.64 0.18
v 11.1415955 10.6650690 11.0000000 0.96 0.64 0.18
v 11.1104333 10.6781586 11.0000000 0.96 0.64 0.18
v 11.0798162 10.6924768 11.0000000 0.96 0.64 0.18
v 11.0497925 10.7080009 11.0000000 0.96 0.64 0.18
v 11.0204097 10.7247064 11.0000000 0.96 0.64 0.18
v 10.9917143 10.7425669 11.0000000 0.96 0.64 0.18
v 10.9637517 10.7615540 11.0000000 0.96 0.64 0.18
v 10.9365660 10.7816378 11.0000000 0.96 0.64 0.18
v 10.9102003 10.8027866 11.0000000 0.96 0.64 0.18
v 10.8846962 10.8249668 11.0000000 0.96 0.64 0.18
v 10.8600941 10.8481435 11.0000000 0.96 0.64 0.18
v 10.8364329 10.8722799 11.0000000 0.96 0.64 0.18
v 10.8137499 10.8973380 11.0000000 0.96 0.64 0.18
v 10.7920811 10.9232780 11.0000000 0.96 0.64 0.18
v 10.7714608 10.9500590 11.0000000 0.96 0.64 0.18
v 10.7519214 10.9776386 11.0000000 0.96 0.64 0.18
v 10.7334940 11.0059732 11.0000000 0.96 0.64 0.18
v 10.7162076 11.0350180 11.0000000 0.96 0.64 0.18
v 10.7000896 11.0647272 11.0000000 0.96 0.64 0.18
v 10.6851655 11.0950536 11.0000000 0.96 0.64 0.18
v 10.6714589 11.1259494 11.0000000 0.96 0.64 0.18
v 10.6589914 11.1573656 11.0000000 0.96 0.64 0.18
v 10.6477827 11.1892527 11.0000000 0.96 0.64 0.18
v 10.6378507 11.2215603 11.0000000 0.96 0.64 0.18
v 10.6292109 11.2542371 11.0000000 0.96 0.64 0.18
v 10.6218771 11.2872316 11.0000000 0.96 0.64 0.18
v 10.6158608 11.3204915 11.0000000 0.96 0.64 0.18
v 10.6111716 11.3539644 11.0000000 0.96 0.64 0.18
v 10.6078168 11.3875972 11.0000000 0.96 0.64 0.18
v 10.6058019 11.4213368 11.0000000 0.96 0.64 0.18
v 10.6051299 11.4551299 11.0000000 0.96 0.64 0.18
v 10.6058019 11.4889229 11.0000000 0.96 0.64 0.18
v 10.6078168 11.5226625 11.0000000 0.96 0.64 0.18
v 10.6111716 11.5562953 11.0000000 0.96 0.64 0.18
v 10.6158608 11.5897682 11.0000000 0.96 0.64 0.18
v 10.6218771 11.6230281 11.0000000 0.96 0.64 0.18
v 10.6292109 11.6560226 11.0000000 0.96 0.64 0.18
v 10.6378507 11.6886995 11.0000000 0.96 0.64 0.18
v 10.6477827 11.7210070 11.0000000 0.96 0.64 0.18
v 10.6589914 11.7528941 11.0000000 0.96 0.64 0.18
v 10.6714589 11.7843104 11.0000000 0.96 0.64 0.18
v 10.6851655 11.8152061 11.0000000 0.96 0.64 0.18
v 10.7000896 11.8455326 11.0000000 0.96 0.64 0.18
v 10.7162076 11.8752417 11.0000000 0.96 0.64 0.18
v 10.7334940 11.9042865 11.0000000 0.96 0.64 0.18
v 10.7519214 11.9326211 11.0000000 0.96 0.64 0.18
v 10.7714608 11.9602007 11.0000000 0.96 0.64 0.18
v 10.7920811 11.9869817 11.0000000 0.96 0.64 0.18
v 10.8137499 12.0129217 11.0000000 0.96 0.64 0.18
v 10.8364329 12.0379798 11.0000000 0.96 0.64 0.18
v 10.8600941 12.0621162 11.0000000 0.96 0.64 0.18
v 10.8846962 12.0852929 11.0000000 0.96 0.64 0.18
v 10.9102003 12.1074731 11.0000000 0.96 0.64 0.18
v 10.9365660 12.1286219 11.0000000 0.96 0.64 0.18
v 10.9637517 12.1487057 11.0000000 0.96 0.64 0.18
v 10.9917143 12.1676929 11.0000000 0.96 0.64 0.18
v 11.0204097 12.1855533 11.0000000 0.96 0.64 0.18
v 11.0497925 12.2022588 11.0000000 0.96 0.64 0.18
v 11.0798162 12.2177829 11.0000000 0.96 0.64 0.18
v 11.1104333 12.2321011 11.0000000 0.96 0.64 0.18
v 11.1415955 12.2451908 11.0000000 0.96 0.64 0.18
v 11.1732535 12.2570312 11.0000000 0.96 0.64 0.18
v 11.2053571 12.2676036 11.0000000 0.96 0.64 0.18
v 11.2378557 12.2768913 11.0000000 0.96 0.64 0.18
v 11.2706979 12.2848797 11.0000000 0.96 0.64 0.18
v 11.3038316 12.2915561 11.0000000 0.96 0.64 0.18
v 11.3372047 12.2969099 11.0000000 0.96 0.64 0.18
v 11.3707641 12.3009327 11.0000000 0.96 0.64 0.18
v 11.4044570 12.3036181 11.0000000 0.96 0.64 0.18
v 11.4382300 12.3049618 11.0000000 0.96 0.64 0.18
v 11.4720297 12.3049618 11.0000000 0.96 0.64 0.18
v 11.5058027 12.3036181 11.0000000 0.96 0.64 0.18
v 11.5394956 12.3009327 11.0000000 0.96 0.64 0.18
v 11.5730551 12.2969099 11.0000000 0.96 0.64 0.18
v 11.6064281 12.2915561 11.0000000 0.96 0.64 0.18
v 11.6395618 12.2848797 11.0000000 0.96 0.64 0.18
v 11.6724040 12.2768913 11.0000000 0.96 0.64 0.18
v 11.7049026 12.2676036 11.0000000 0.96 0.64 0.18
v 11.7370062 12.2570312 11.0000000 0.96 0.64 0.18
v 11.7686642 12.2451908 11.0000000 0.96 0.64 0.18
v 11.7998264 12.2321011 11.0000000 0.96 0.64 0.18
v 11.8304435 12.2177829 11.0000000 0.96 0.64 0.18
v 11.8604672 12.2022588 11.0000000 0.96 0.64 0.18
v 11.8898500 12.1855533 11.0000000 0.96 0.64 0.18
v 11.9185454 12.1676929 11.0000000 0.96 0.64 0.18
v 11.9465081 12.1487057 11.0000000 0.96 0.64 0.18
v 11.9736937 12.1286219 11.0000000 0.96 0.64 0.18
v 12.0000594 12.1074731 11.0000000 0.96 0.64 0.18
v 12.0255635 12.0852929 11.0000000 0.96 0.64 0.18
v 12.0501656 12.0621162 11.0000000 0.96 0.64 0.18
v 12.0738268 12.0379798 11.0000000 0.96 0.64 0.18
v 12.0965098 12.0129217 11.0000000 0.96 0.64 0.18
v 12.1181786 11.9869817 11.0000000 0.96 0.64 0.18
v 12.1387989 11.9602007 11.0000000 0.96 0.64 0.18
v 12.1583383 11.9326211 11.0000000 0.96 0.64 0.18
v 12.1767657 11.9042865 11.0000000 0.96 0.64 0.18
v 12.1940521 11.8752417 11.0000000 0.96 0.64 0.18
v 12.2101701 11.8455326 11.0000000 0.96 0.64 0.18
v 12.2250942 11.8152061 11.0000000 0.96 0.64 0.18
v 12.2388008 11.7843104 11.0000000 0.96 0.64 0.18
v 12.2512683 11.7528941 11.0000000 0.96 0.64 0.18
v 12.2624770 11.7210070 11.0000000 0.96 0.64 0.18
v 12.2724090 11.6886995 11.0000000 0.96 0.64 0.18
v 12.2810488 11.6560226 11.0000000 0.96 0.64 0.18
v 12.2883826 11.6230281 11.0000000 0.96 0.64 0.18
v 12.2943989 11.5897682 11.0000000 0.96 0.64 0.18
v 12.2990881 11.5562953 11.0000000 0.96 0.64 0.18
v 12.3024429 11.5226625 11.0000000 0.96 0.64 0.18
v 12.3044578 11.4889229 11.0000000 0.96 0.64 0.18
v 13.7276511 12.1013055 12.0000000 0.96 0.64 0.18
v 13.7276511 12.1013055 11.0000000 0.96 0.64 0.18
v 13.7532269 12.1268813 12.0000000 0.96 0.64 0.18
v 13.7532269 12.1268813 11.0000000 0.96 0.64 0.18
v 12.9400541 12.9400541 12.0000000 0.96 0.64 0.18
v 13.2084280 12.6659950 12.0000000 0.96 0.64 0.18
v 13.4709988 12.3863712 12.0000000 0.96 0.64 0.18
v 13.7276511 12.1013055 12.0000000 0.96 0.64 0.18
v 13.7532269 12.1268813 12.0000000 0.96 0.64 0.18
v 12.1013055 13.7276511 12.0000000 0.96 0.64 0.18
v 12.3863712 13.4709988 12.0000000 0.96 0.64 0.18
v 12.6659950 13.2084280 12.0000000 0.96 0.64 0.18
v 12.9400541 12.9400541 12.0000000 0.96 0.64 0.18
v 12.1268813 13.7532269 12.0000000 0.96 0.64 0.18
v 12.1013055 13.7276511 12.0000000 0.96 0.64 0.18
v 12.1013055 13.7276511 11.0000000 0.96 0.64 0.18
v 12.1268813 13.7532269 12.0000000 0.96 0.64 0.18
v 12.1268813 13.7532269 11.0000000 0.96 0.64 0.18
v -12.1013055 13.7276511 12.0000000 0.96 0.64 0.18
v -12.1013055 13.7276511 11.0000000 0.96 0.64 0.18
v -12.1268813 13.7532269 12.0000000 0.96 0.64 0.18
v -12.1268813 13.7532269 11.0000000 0.96 0.64 0.18
v -12.9400541 12.9400541 12.0000000 0.96 0.64 0.18
v -12.6659950 13.2084280 12.0000000 0.96 0.64 0.18
v -12.3863712 13.4709988 12.0000000 0.96 0.64 0.18
v -12.1013055 13.7276511 12.0000000 0.96 0.64 0.18
v -12.1268813 13.7532269 12.0000000 0.96 0.64 0.18
v -13.7276511 12.1013055 12.0000000 0.96 0.64 0.18
v -13.4709988 12.3863712 12.0000000 0.96 0.64 0.18
v -13.2084280 12.6659950 12.0000000 0.96 0.64 0.18
v -12.9400541 12.9400541 12.0000000 0.96 0.64 0.18
v -13.7532269 12.1268813 12.0000000 0.96 0.64 0.18
v -13.7276511 12.1013055 12.0000000 0.96 0.64 0.18
v -13.7276511 12.1013055 11.0000000 0.96 0.64 0.18
v -13.7532269 12.1268813 12.0000000 0.96 0.64 0.18
v -13.7532269 12.1268813 11.0000000 0.96 0.64 0.18
v -13.7276511 -12.1013055 12.0000000 0.96 0.64 0.18
v -13.7276511 -12.1013055 11.0000000 0.96 0.64 0.18
v -13.7532269 -12.1268813 12.0000000 0.96 0.64 0.18
v -13.7532269 -12.1268813 11.0000000 0.96 0.64 0.18
v -12.9400541 -12.9400541 12.0000000 0.96 0.64 0.18
v -13.2084280 -12.6659950 12.0000000 0.96 0.64 0.18
v -13.4709988 -12.3863712 12.0000000 0.96 0.64 0.18
v -13.7276511 -12.1013055 12.0000000 0.96 0.64 0.18
v -13.7532269 -12.1268813 12.0000000 0.96 0.64 0.18
v -12.1013055 -13.7276511 12.0000000 0.96 0.64 0.18
v -12.3863712 -13.4709988 12.0000000 0.96 0.64 0.18
v -12.6659950 -13.2084280 12.0000000 0.96 0.64 0.18
v -12.9400541 -12.9400541 12.0000000 0.96 0.64 0.18
v -12.1268813 -13.7532269 12.0000000 0.96 0.64 0.18
v -12.1013055 -13.7276511 12.0000000 0.96 0.64 0.18
v -12.1013055 -13.7276511 11.0000000 0.96 0.64 0.18
v -12.1268813 -13.7532269 12.0000000 0.96 0.64 0.18
v -12.1268813 -13.7532269 11.0000000 0.96 0.64 0.18
v 12.1013055 -13.7276511 12.0000000 0.96 0.64 0.18
v 12.1013055 -13.7276511 11.0000000 0.96 0.64 0.18
v 12.1268813 -13.7532269 12.0000000 0.96 0.64 0.18
v 12.1268813 -13.7532269 11.0000000 0.96 0.64 0.18
v 12.9400541 -12.9400541 12.0000000 0.96 0.64 0.18
v 12.6659950 -13.2084280 12.0000000 0.96 0.64 0.18
v 12.3863712 -13.4709988 12.0000000 0.96 0.64 0.18
v 12.1013055 -13.7276511 12.0000000 0.96 0.64 0.18
v 12.1268813 -13.7532269 12.0000000 0.96 0.64 0.18
v 13.7276511 -12.1013055 12.0000000 0.96 0.64 0.18
v 13.4709988 -12.3863712 12.0000000 0.96 0.64 0.18
v 13.2084280 -12.6659950 12.0000000 0.96 0.64 0.18
v 12.9400541 -12.9400541 12.0000000 0.96 0.64 0.18
v 13.7532269 -12.1268813 12.0000000 0.96 0.64 0.18
v 13.7276511 -12.1013055 12.0000000 0.96 0.64 0.18
v 13.7276511 -12.1013055 11.0000000 0.96 0.64 0.18
v 13.7532269 -12.1268813 12.0000000 0.96 0.64 0.18
v 13.7532269 -12.1268813 11.0000000 0.96 0.64 0.18
v -9.9551299 -11.4551299 12.1000000 0.96 0.64 0.18
v -9.9563158 -11.3954951 12.1000000 0.96 0.64 0.18
v -9.9598716 -11.3359546 12.1000000 0.96 0.64 0.18
v -9.9657917 -11.2766026 12.1000000 0.96 0.64 0.18
v -9.9740668 -11.2175328 12.1000000 0.96 0.64 0.18
v -9.9846838 -11.1588388 12.1000000 0.96 0.64 0.18
v -9.9976258 -11.1006132 12.1000000 0.96 0.64 0.18
v -10.0128725 -11.0429482 12.1000000 0.96 0.64 0.18
v -10.0303997 -10.9859349 12.1000000 0.96 0.64 0.18
v -10.0501796 -10.9296636 12.1000000 0.96 0.64 0.18
v -10.0721811 -10.8742231 12.1000000 0.96 0.64 0.18
v -10.0963693 -10.8197011 12.1000000 0.96 0.64 0.18
v -10.1227059 -10.7661839 12.1000000 0.96 0.64 0.18
v -10.1511494 -10.7137561 12.1000000 0.96 0.64 0.18
v -10.1816548 -10.6625005 12.1000000 0.96 0.64 0.18
v -10.2141738 -10.6124982 12.1000000 0.96 0.64 0.18
v -10.2486550 -10.5638283 12.1000000 0.96 0.64 0.18
v -10.2850439 -10.5165677 12.1000000 0.96 0.64 0.18
v -10.3232829 -10.4707912 12.1000000 0.96 0.64 0.18
v -10.3633116 -10.4265712 12.1000000 0.96 0.64 0.18
v -10.4050667 -10.3839775 12.1000000 0.96 0.64 0.18
v -10.4484822 -10.3430775 12.1000000 0.96 0.64 0.18
v -10.4934894 -10.3039359 12.1000000 0.96 0.64 0.18
v -10.5400171 -10.2666145 12.1000000 0.96 0.64 0.18
v -10.5879919 -10.2311725 12.1000000 0.96 0.64 0.18
v -10.6373377 -10.1976657 12.1000000 0.96 0.64 0.18
v -10.6879766 -10.1661473 12.1000000 0.96 0.64 0.18
v -10.7398286 -10.1366671 12.1000000 0.96 0.64 0.18
v -10.7928116 -10.1092716 12.1000000 0.96 0.64 0.18
v -10.8468419 -10.0840041 12.1000000 0.96 0.64 0.18
v -10.9018340 -10.0609047 12.1000000 0.96 0.64 0.18
v -10.9577009 -10.0400099 12.1000000 0.96 0.64 0.18
v -11.0143544 -10.0213527 12.1000000 0.96 0.64 0.18
v -11.0717049 -10.0049625 12.1000000 0.96 0.64 0.18
v -11.1296616 -9.9908654 12.1000000 0.96 0.64 0.18
v -11.1881330 -9.9790836 12.1000000 0.96 0.64 0.18
v -11.2470266 -9.9696357 12.1000000 0.96 0.64 0.18
v -11.3062492 -9.9625366 12.1000000 0.96 0.64 0.18
v -11.3657072 -9.9577977 12.1000000 0.96 0.64 0.18
v -11.4253066 -9.9554264 12.1000000 0.96 0.64 0.18
v -11.4849531 -9.9554264 12.1000000 0.96 0.64 0.18
v -11.5445525 -9.9577977 12.1000000 0.96 0.64 0.18
v -11.6040106 -9.9625366 12.1000000 0.96 0.64 0.18
v -11.6632332 -9.9696357 12.1000000 0.96 0.64 0.18
v -11.7221267 -9.9790836 12.1000000 0.96 0.64 0.18
v -11.7805981 -9.9908654 12.1000000 0.96 0.64 0.18
v -11.8385548 -10.0049625 12.1000000 0.96 0.64 0.18
v -11.8959053 -10.0213527 12.1000000 0.96 0.64 0.18
v -11.9525588 -10.0400099 12.1000000 0.96 0.64 0.18
v -12.0084257 -10.0609047 12.1000000 0.96 0.64 0.18
v -12.0634178 -10.0840041 12.1000000 0.96 0.64 0.18
v -12.1174481 -10.1092716 12.1000000 0.96 0.64 0.18
v -12.1704311 -10.1366671 12.1000000 0.96 0.64 0.18
v -12.2222831 -10.1661473 12.1000000 0.96 0.64 0.18
v -12.2729220 -10.1976657 12.1000000 0.96 0.64 0.18
v -12.3222679 -10.2311725 12.1000000 0.96 0.64 0.18
v -12.3702426 -10.2666145 12.1000000 0.96 0.64 0.18
v -12.4167703 -10.3039359 12.1000000 0.96 0.64 0.18
v -12.4617775 -10.3430775 12.1000000 0.96 0.64 0.18
v -12.5051930 -10.3839775 12.1000000 0.96 0.64 0.18
v -12.5469481 -10.4265712 12.1000000 0.96 0.64 0.18
v -12.5869768 -10.4707912 12.1000000 0.96 0.64 0.18
v -12.6252158 -10.5165677 12.1000000 0.96 0.64 0.18
v -12.6616047 -10.5638283 12.1000000 0.96 0.64 0.18
v -12.6960859 -10.6124982 12.1000000 0.96 0.64 0.18
v -12.7286049 -10.6625005 12.1000000 0.96 0.64 0.18
v -12.7591103 -10.7137561 12.1000000 0.96 0.64 0.18
v -12.7875538 -10.7661839 12.1000000 0.96 0.64 0.18
v -12.8138904 -10.8197011 12.1000000 0.96 0.64 0.18
v -12.8380786 -10.8742231 12.1000000 0.96 0.64 0.18
v -12.8600801 -10.9296636 12.1000000 0.96 0.64 0.18
v -12.8798601 -10.9859349 12.1000000 0.96 0.64 0.18
v -12.8973872 -11.0429482 12.1000000 0.96 0.64 0.18
v -12.9126339 -11.1006132 12.1000000 0.96 0.64 0.18
v -12.9255759 -11.1588388 12.1000000 0.96 0.64 0.18
v -12.9361929 -11.2175328 12.1000000 0.96 0.64 0.18
v -12.9444680 -11.2766026 12.1000000 0.96 0.64 0.18
v -12.9503881 -11.3359546 12.1000000 0.96 0.64 0.18
v -12.9539440 -11.3954951 12.1000000 0.96 0.64 0.18
v -12.9551299 -11.4551299 12.1000000 0.96 0.64 0.18
v -12.9539440 -11.5147646 12.1000000 0.96 0.64 0.18
v -12.9503881 -11.5743051 12.1000000 0.96 0.64 0.18
v -12.9444680 -11.6336571 12.1000000 0.96 0.64 0.18
v -12.9361929 -11.6927269 12.1000000 0.96 0.64 0.18
v -12.9255759 -11.7514210 12.1000000 0.96 0.64 0.18
v -12.9126339 -11.8096465 12.1000000 0.96 0.64 0.18
v -12.8973872 -11.8673115 12.1000000 0.96 0.64 0.18
v -12.8798601 -11.9243248 12.1000000 0.96 0.64 0.18
v -12.8600801 -11.9805961 12.1000000 0.96 0.64 0.18
v -12.8380786 -12.0360366 12.1000000 0.96 0.64 0.18
v -12.8138904 -12.0905586 12.1000000 0.96 0.64 0.18
v -12.7875538 -12.1440758 12.1000000 0.96 0.64 0.18
v -12.7591103 -12.1965036 12.1000000 0.96 0.64 0.18
v -12.7286049 -12.2477592 12.1000000 0.96 0.64 0.18
v -12.6960859 -12.2977615 12.1000000 0.96 0.64 0.18
v -12.6616047 -12.3464314 12.1000000 0.96 0.64 0.18
v -12.6252158 -12.3936920 12.1000000 0.96 0.64 0.18
v -12.5869768 -12.4394685 12.1000000 0.96 0.64 0.18
v -12.5469481 -12.4836885 12.1000000 0.96 0.64 0.18
v -12.5051930 -12.5262823 12.1000000 0.96 0.64 0.18
v -12.4617775 -12.5671822 12.1000000 0.96 0.64 0.18
v -12.4167703 -12.6063239 12.1000000 0.96 0.64 0.18
v -12.3702426 -12.6436452 12.1000000 0.96 0.64 0.18
v -12.3222679 -12.6790872 12.1000000 0.96 0.64 0.18
v -12.2729220 -12.7125940 12.1000000 0.96 0.64 0.18
v -12.2222831 -12.7441124 12.1000000 0.96 0.64 0.18
v -12.1704311 -12.7735926 12.1000000 0.96 0.64 0.18
v -12.1174481 -12.8009881 12.1000000 0.96 0.64 0.18
v -12.0634178 -12.8262556 12.1000000 0.96 0.64 0.18
v -12.0084257 -12.8493550 12.1000000 0.96 0.64 0.18
v -11.9525588 -12.8702498 12.1000000 0.96 0.64 0.18
v -11.8959053 -12.8889070 12.1000000 0.96 0.64 0.18
v -11.8385548 -12.9052972 12.1000000 0.96 0.64 0.18
v -11.7805981 -12.9193943 12.1000000 0.96 0.64 0.18
v -11.7221267 -12.9311762 12.1000000 0.96 0.64 0.18
v -11.6632332 -12.9406241 12.1000000 0.96 0.64 0.18
v -11.6040106 -12.9477231 12.1000000 0.96 0.64 0.18
v -11.5445525 -12.9524620 12.1000000 0.96 0.64 0.18
v -11.4849531 -12.9548333 12.1000000 0.96 0.64 0.18
v -11.4253066 -12.9548333 12.1000000 0.96 0.64 0.18
v -11.3657072 -12.9524620 12.1000000 0.96 0.64 0.18
v -11.3062492 -12.9477231 12.1000000 0.96 0.64 0.18
v -11.2470266 -12.9406241 12.1000000 0.96 0.64 0.18
v -11.1881330 -12.9311762 12.1000000 0.96 0.64 0.18
v -11.1296616 -12.9193943 12.1000000 0.96 0.64 0.18
v -11.0717049 -12.9052972 12.1000000 0.96 0.64 0.18
v -11.0143544 -12.8889070 12.1000000 0.96 0.64 0.18
v -10.9577009 -12.8702498 12.1000000 0.96 0.64 0.18
v -10.9018340 -12.8493550 12.1000000 0.96 0.64 0.18
v -10.8468419 -12.8262556 12.1000000 0.96 0.64 0.18
v -10.7928116 -12.8009881 12.1000000 0.96 0.64 0.18
v -10.7398286 -12.7735926 12.1000000 0.96 0.64 0.18
v -10.6879766 -12.7441124 12.1000000 0.96 0.64 0.18
v -10.6373377 -12.7125940 12.1000000 0.96 0.64 0.18
v -10.5879919 -12.6790872 12.1000000 0.96 0.64 0.18
v -10.5400171 -12.6436452 12.1000000 0.96 0.64 0.18
v -10.4934894 -12.6063239 12.1000000 0.96 0.64 0.18
v -10.4484822 -12.5671822 12.1000000 0.96 0.64 0.18
v -10.4050667 -12.5262823 12.1000000 0.96 0.64 0.18
v -10.3633116 -12.4836885 12.1000000 0.96 0.64 0.18
v -10.3232829 -12.4394685 12.1000000 0.96 0.64 0.18
v -10.2850439 -12.3936920 12.1000000 0.96 0.64 0.18
v -10.2486550 -12.3464314 12.1000000 0.96 0.64 0.18
v -10.2141738 -12.2977615 12.1000000 0.96 0.64 0.18
v -10.1816548 -12.2477592 12.1000000 0.96 0.64 0.18
v -10.1511494 -12.1965036 12.1000000 0.96 0.64 0.18
v -10.1227059 -12.1440758 12.1000000 0.96 0.64 0.18
v -10.0963693 -12.0905586 12.1000000 0.96 0.64 0.18
v -10.0721811 -12.0360366 12.1000000 0.96 0.64 0.18
v -10.0501796 -11.9805961 12.1000000 0.96 0.64 0.18
v -10.0303997 -11.9243248 12.1000000 0.96 0.64 0.18
v -10.0128725 -11.8673115 12.1000000 0.96 0.64 0.18
v -9.9976258 -11.8096465 12.1000000 0.96 0.64 0.18
v -9.9846838 -11.7514210 12.1000000 0.96 0.64 0.18
v -9.9740668 -11.6927269 12.1000000 0.96 0.64 0.18
v -9.9657917 -11.6336571 12.1000000 0.96 0.64 0.18
v -9.9598716 -11.5743051 12.1000000 0.96 0.64 0.18
v -9.9563158 -11.5147646 12.1000000 0.96 0.64 0.18
v -9.9551299 -11.4551299 12.1000000 0.96 0.64 0.18
v -10.6051299 -11.4551299 11.4500000 0.96 0.64 0.18
v -10.4751299 -11.4551299 11.5800000 0.96 0.64 0.18
v -10.3451299 -11.4551299 11.7100000 0.96 0.64 0.18
v -10.2151299 -11.4551299 11.8400000 0.96 0.64 0.18
v -10.0851299 -11.4551299 11.9700000 0.96 0.64 0.18
v -10.6058019 -11.4213368 11.4500000 0.96 0.64 0.18
v -10.6078168 -11.3875972 11.4500000 0.96 0.64 0.18
v -10.6111716 -11.3539644 11.4500000 0.96 0.64 0.18
v -10.6158608 -11.3204915 11.4500000 0.96 0.64 0.18
v -10.6218771 -11.2872316 11.4500000 0.96 0.64 0.18
v -10.6292109 -11.2542371 11.4500000 0.96 0.64 0.18
v -10.6378507 -11.2215603 11.4500000 0.96 0.64 0.18
v -10.6477827 -11.1892527 11.4500000 0.96 0.64 0.18
v -10.6589914 -11.1573656 11.4500000 0.96 0.64 0.18
v -10.6714589 -11.1259494 11.4500000 0.96 0.64 0.18
v -10.6851655 -11.0950536 11.4500000 0.96 0.64 0.18
v -10.7000896 -11.0647272 11.4500000 0.96 0.64 0.18
v -10.7162076 -11.0350180 11.4500000 0.96 0.64 0.18
v -10.7334940 -11.0059732 11.4500000 0.96 0.64 0.18
v -10.7519214 -10.9776386 11.4500000 0.96 0.64 0.18
v -10.7714608 -10.9500590 11.4500000 0.96 0.64 0.18
v -10.7920811 -10.9232780 11.4500000 0.96 0.64 0.18
v -10.8137499 -10.8973380 11.4500000 0.96 0.64 0.18
v -10.8364329 -10.8722799 11.4500000 0.96 0.64 0.18
v -10.8600941 -10.8481435 11.4500000 0.96 0.64 0.18
v -10.8846962 -10.8249668 11.4500000 0.96 0.64 0.18
v -10.9102003 -10.8027866 11.4500000 0.96 0.64 0.18
v -10.9365660 -10.7816378 11.4500000 0.96 0.64 0.18
v -10.9637517 -10.7615540 11.4500000 0.96 0.64 0.18
v -10.9917143 -10.7425669 11.4500000 0.96 0.64 0.18
v -11.0204097 -10.7247064 11.4500000 0.96 0.64 0.18
v -11.0497925 -10.7080009 11.4500000 0.96 0.64 0.18
v -11.0798162 -10.6924768 11.4500000 0.96 0.64 0.18
v -11.1104333 -10.6781586 11.4500000 0.96 0.64 0.18
v -11.1415955 -10.6650690 11.4500000 0.96 0.64 0.18
v -11.1732535 -10.6532286 11.4500000 0.96 0.64 0.18
v -11.2053571 -10.6426561 11.4500000 0.96 0.64 0.18
v -11.2378557 -10.6333684 11.4500000 0.96 0.64 0.18
v -11.2706979 -10.6253800 11.4500000 0.96 0.64 0.18
v -11.3038316 -10.6187036 11.4500000 0.96 0.64 0.18
v -11.3372047 -10.6133498 11.4500000 0.96 0.64 0.18
v -11.3707641 -10.6093270 11.4500000 0.96 0.64 0.18
v -11.4044570 -10.6066416 11.4500000 0.96 0.64 0.18
v -11.4382300 -10.6052979 11.4500000 0.96 0.64 0.18
v -11.4720297 -10.6052979 11.4500000 0.96 0.64 0.18
v -11.5058027 -10.6066416 11.4500000 0.96 0.64 0.18
v -11.5394956 -10.6093270 11.4500000 0.96 0.64 0.18
v -11.5730551 -10.6133498 11.4500000 0.96 0.64 0.18
v -11.6064281 -10.6187036 11.4500000 0.96 0.64 0.18
v -11.6395618 -10.6253800 11.4500000 0.96 0.64 0.18
v -11.6724040 -10.6333684 11.4500000 0.96 0.64 0.18
v -11.7049026 -10.6426561 11.4500000 0.96 0.64 0.18
v -11.7370062 -10.6532286 11.4500000 0.96 0.64 0.18
v -11.7686642 -10.6650690 11.4500000 0.96 0.64 0.18
v -11.7998264 -10.6781586 11.4500000 0.96 0.64 0.18
v -11.8304435 -10.6924768 11.4500000 0.96 0.64 0.18
v -11.8604672 -10.7080009 11.4500000 0.96 0.64 0.18
v -11.8898500 -10.7247064 11.4500000 0.96 0.64 0.18
v -11.9185454 -10.7425669 11.4500000 0.96 0.64 0.18
v -11.9465081 -10.7615540 11.4500000 0.96 0.64 0.18
v -11.9736937 -10.7816378 11.4500000 0.96 0.64 0.18
v -12.0000594 -10.8027866 11.4500000 0.96 0.64 0.18
v -12.0255635 -10.8249668 11.4500000 0.96 0.64 0.18
v -12.0501656 -10.8481435 11.4500000 0.96 0.64 0.18
v -12.0738268 -10.8722799 11.4500000 0.96 0.64 0.18
v -12.0965098 -10.8973380 11.4500000 0.96 0.64 0.18
v -12.1181786 -10.9232780 11.4500000 0.96 0.64 0.18
v -12.1387989 -10.9500590 11.4500000 0.96 0.64 0.18
v -12.1583383 -10.9776386 11.4500000 0.96 0.64 0.18
v -12.1767657 -11.0059732 11.4500000 0.96 0.64 0.18
v -12.1940521 -11.0350180 11.4500000 0.96 0.64 0.18
v -12.2101701 -11.0647272 11.4500000 0.96 0.64 0.18
v -12.2250942 -11.0950536 11.4500000 0.96 0.64 0.18
v -12.2388008 -11.1259494 11.4500000 0.96 0.64 0.18
v -12.2512683 -11.1573656 11.4500000 0.96 0.64 0.18
v -12.2624770 -11.1892527 11.4500000 0.96 0.64 0.18
v -12.2724090 -11.2215603 11.4500000 0.96 0.64 0.18
v -12.2810488 -11.2542371 11.4500000 0.96 0.64 0.18
v -12.2883826 -11.2872316 11.4500000 0.96 0.64 0.18
v -12.2943989 -11.3204915 11.4500000 0.96 0.64 0.18
v -12.2990881 -11.3539644 11.4500000 0.96 0.64 0.18
v -12.3024429 -11.3875972 11.4500000 0.96 0.64 0.18
v -12.3044578 -11.4213368 11.4500000 0.96 0.64 0.18
v -12.3051299 -11.4551299 11.4500000 0.96 0.64 0.18
v -12.3044578 -11.4889229 11.4500000 0.96 0.64 0.18
v -12.3024429 -11.5226625 11.4500000 0.96 0.64 0.18
v -12.2990881 -11.5562953 11.4500000 0.96 0.64 0.18
v -12.2943989 -11.5897682 11.4500000 0.96 0.64 0.18
v -12.2883826 -11.6230281 11.4500000 0.96 0.64 0.18
v -12.2810488 -11.6560226 11.4500000 0.96 0.64 0.18
v -12.2724090 -11.6886995 11.4500000 0.96 0.64 0.18
v -12.2624770 -11.7210070 11.4500000 0.96 0.64 0.18
v -12.2512683 -11.7528941 11.4500000 0.96 0.64 0.18
v -12.2388008 -11.7843104 11.4500000 0.96 0.64 0.18
v -12.2250942 -11.8152061 11.4500000 0.96 0.64 0.18
v -12.2101701 -11.8455326 11.4500000 0.96 0.64 0.18
v -12.1940521 -11.8752417 11.4500000 0.96 0.64 0.18
v -12.1767657 -11.9042865 11.4500000 0.96 0.64 0.18
v -12.1583383 -11.9326211 11.4500000 0.96 0.64 0.18
v -12.1387989 -11.9602007 11.4500000 0.96 0.64 0.18
v -12.1181786 -11.9869817 11.4500000 0.96 0.64 0.18
v -12.0965098 -12.0129217 11.4500000 0.96 0.64 0.18
v -12.0738268 -12.0379798 11.4500000 0.96 0.64 0.18
v -12.0501656 -12.0621162 11.4500000 0.96 0.64 0.18
v -12.0255635 -12.0852929 11.4500000 0.96 0.64 0.18
v -12.0000594 -12.1074731 11.4500000 0.96 0.64 0.18
v -11.9736937 -12.1286219 11.4500000 0.96 0.64 0.18
v -11.9465081 -12.1487057 11.4500000 0.96 0.64 0.18
v -11.9185454 -12.1676929 11.4500000 0.96 0.64 0.18
v -11.8898500 -12.1855533 11.4500000 0.96 0.64 0.18
v -11.8604672 -12.2022588 11.4500000 0.96 0.64 0.18
v -11.8304435 -12.2177829 11.4500000 0.96 0.64 0.18
v -11.7998264 -12.2321011 11.4500000 0.96 0.64 0.18
v -11.7686642 -12.2451908 11.4500000 0.96 0.64 0.18
v -11.7370062 -12.2570312 11.4500000 0.96 0.64 0.18
v -11.7049026 -12.2676036 11.4500000 0.96 0.64 0.18
v -11.6724040 -12.2768913 11.4500000 0.96 0.64 0.18
v -11.6395618 -12.2848797 11.4500000 0.96 0.64 0.18
v -11.6064281 -12.2915561 11.4500000 0.96 0.64 0.18
v -11.5730551 -12.2969099 11.4500000 0.96 0.64 0.18
v -11.5394956 -12.3009327 11.4500000 0.96 0.64 0.18
v -11.5058027 -12.3036181 11.4500000 0.96 0.64 0.18
v -11.4720297 -12.3049618 11.4500000 0.96 0.64 0.18
v -11.4382300 -12.3049618 11.4500000 0.96 0.64 0.18
v -11.4044570 -12.3036181 11.4500000 0.96 0.64 0.18
v -11.3707641 -12.3009327 11.4500000 0.96 0.64 0.18
v -11.3372047 -12.2969099 11.4500000 0.96 0.64 0.18
v -11.3038316 -12.2915561 11.4500000 0.96 0.64 0.18
v -11.2706979 -12.2848797 11.4500000 0.96 0.64 0.18
v -11.2378557 -12.2768913 11.4500000 0.96 0.64 0.18
v -11.2053571 -12.2676036 11.4500000 0.96 0.64 0.18
v -11.1732535 -12.2570312 11.4500000 0.96 0.64 0.18
v -11.1415955 -12.2451908 11.4500000 0.96 0.64 0.18
v -11.1104333 -12.2321011 11.4500000 0.96 0.64 0.18
v -11.0798162 -12.2177829 11.4500000 0.96 0.64 0.18
v -11.0497925 -12.2022588 11.4500000 0.96 0.64 0.18
v -11.0204097 -12.1855533 11.4500000 0.96 0.64 0.18
v -10.9917143 -12.1676929 11.4500000 0.96 0.64 0.18
v -10.9637517 -12.1487057 11.4500000 0.96 0.64 0.18
v -10.9365660 -12.1286219 11.4500000 0.96 0.64 0.18
v -10.9102003 -12.1074731 11.4500000 0.96 0.64 0.18
v -10.8846962 -12.0852929 11.4500000 0.96 0.64 0.18
v -10.8600941 -12.0621162 11.4500000 0.96 0.64 0.18
v -10.8364329 -12.0379798 11.4500000 0.96 0.64 0.18
v -10.8137499 -12.0129217 11.4500000 0.96 0.64 0.18
v -10.7920811 -11.9869817 11.4500000 0.96 0.64 0.18
v -10.7714608 -11.9602007 11.4500000 0.96 0.64 0.18
v -10.7519214 -11.9326211 11.4500000 0.96 0.64 0.18
v -10.7334940 -11.9042865 11.4500000 0.96 0.64 0.18
v -10.7162076 -11.8752417 11.4500000 0.96 0.64 0.18
v -10.7000896 -11.8455326 11.4500000 0.96 0.64 0.18
v -10.6851655 -11.8152061 11.4500000 0.96 0.64 0.18
v -10.6714589 -11.7843104 11.4500000 0.96 0.64 0.18
v -10.6589914 -11.7528941 11.4500000 0.96 0.64 0.18
v -10.6477827 -11.7210070 11.4500000 0.96 0.64 0.18
v -10.6378507 -11.6886995 11.4500000 0.96 0.64 0.18
v -10.6292109 -11.6560226 11.4500000 0.96 0.64 0.18
v -10.6218771 -11.6230281 11.4500000 0.96 0.64 0.18
v -10.6158608 -11.5897682 11.4500000 0.96 0.64 0.18
v -10.6111716 -11.5562953 11.4500000 0.96 0.64 0.18
v -10.6078168 -11.5226625 11.4500000 0.96 0.64 0.18
v -10.6058019 -11.4889229 11.4500000 0.96 0.64 0.18
v -10.6051299 -11.4551299 11.4500000 0.96 0.64 0.18
v -10.4751299 -11.4551299 11.5800000 0.96 0.64 0.18
v -10.3451299 -11.4551299 11.7100000 0.96 0.64 0.18
v -10.2151299 -11.4551299 11.8400000 0.96 0.64 0.18
v -10.0851299 -11.4551299 11.9700000 0.96 0.64 0.18
v -10.4782278 -11.3772687 11.5800000 0.96 0.64 0.18
v -10.4875020 -11.2998998 11.5800000 0.96 0.64 0.18
v -10.3486387 -11.3669402 11.7100000 0.96 0.64 0.18
v -10.5028939 -11.2235123 11.5800000 0.96 0.64 0.18
v -10.3591432 -11.2793080 11.7100000 0.96 0.64 0.18
v -10.5243061 -11.1485892 11.5800000 0.96 0.64 0.18
v -10.2190497 -11.3566116 11.8400000 0.96 0.64 0.18
v -10.3765769 -11.1927875 11.7100000 0.96 0.64 0.18
v -10.5516033 -11.0756041 11.5800000 0.96 0.64 0.18
v -10.2307844 -11.2587163 11.8400000 0.96 0.64 0.18
v -10.4008295 -11.1079256 11.7100000 0.96 0.64 0.18
v -10.5846129 -11.0050185 11.5800000 0.96 0.64 0.18
v -10.0894606 -11.3462831 11.9700000 0.96 0.64 0.18
v -10.2502599 -11.1620628 11.8400000 0.96 0.64 0.18
v -10.4317478 -11.0252589 11.7100000 0.96 0.64 0.18
v -10.6231262 -10.9372787 11.5800000 0.96 0.64 0.18
v -10.1024256 -11.2381246 11.9700000 0.96 0.64 0.18
v -10.2773529 -11.0672621 11.8400000 0.96 0.64 0.18
v -10.4691362 -10.9453099 11.7100000 0.96 0.64 0.18
v -10.6668996 -10.8728128 11.5800000 0.96 0.64 0.18
v -10.1239429 -11.1313380 11.9700000 0.96 0.64 0.18
v -10.3118922 -10.9749136 11.8400000 0.96 0.64 0.18
v -10.5127583 -10.8685841 11.7100000 0.96 0.64 0.18
v -10.7156565 -10.8120286 11.5800000 0.96 0.64 0.18
v -10.1538763 -11.0265985 11.9700000 0.96 0.64 0.18
v -10.3536594 -10.8856012 11.8400000 0.96 0.64 0.18
v -10.5623385 -10.7955667 11.7100000 0.96 0.64 0.18
v -10.7690886 -10.7553103 11.5800000 0.96 0.64 0.18
v -10.1920366 -10.9245683 11.9700000 0.96 0.64 0.18
v -10.4023905 -10.7998896 11.8400000 0.96 0.64 0.18
v -10.6175631 -10.7267193 11.7100000 0.96 0.64 0.18
v -10.8268581 -10.7030164 11.5800000 0.96 0.64 0.18
v -10.2381827 -10.8258926 11.9700000 0.96 0.64 0.18
v -10.4577773 -10.7183206 11.8400000 0.96 0.64 0.18
v -10.6780832 -10.6624771 11.7100000 0.96 0.64 0.18
v -10.8885997 -10.6554777 11.5800000 0.96 0.64 0.18
v -10.2920226 -10.7311950 11.9700000 0.96 0.64 0.18
v -10.5194697 -10.6414099 11.8400000 0.96 0.64 0.18
v -10.7435159 -10.6032463 11.7100000 0.96 0.64 0.18
v -10.9539231 -10.6129946 11.5800000 0.96 0.64 0.18
v -10.3532162 -10.6410744 11.9700000 0.96 0.64 0.18
v -10.5870777 -10.5696439 11.8400000 0.96 0.64 0.18
v -10.8134477 -10.5494014 11.7100000 0.96 0.64 0.18
v -11.0224153 -10.5758358 11.5800000 0.96 0.64 0.18
v -10.4213763 -10.5561006 11.9700000 0.96 0.64 0.18
v -10.6601737 -10.5034761 11.8400000 0.96 0.64 0.18
v -10.8874365 -10.5012828 11.7100000 0.96 0.64 0.18
v -11.0936432 -10.5442361 11.5800000 0.96 0.64 0.18
v -10.4960722 -10.4768107 11.9700000 0.96 0.64 0.18
v -10.7382958 -10.4433251 11.8400000 0.96 0.64 0.18
v -10.9650144 -10.4591947 11.7100000 0.96 0.64 0.18
v -11.1671566 -10.5183954 11.5800000 0.96 0.64 0.18
v -10.5768316 -10.4037060 11.9700000 0.96 0.64 0.18
v -10.8209499 -10.3895710 11.8400000 0.96 0.64 0.18
v -11.0456909 -10.4234033 11.7100000 0.96 0.64 0.18
v -11.2424906 -10.4984771 11.5800000 0.96 0.64 0.18
v -10.6631438 -10.3372488 11.9700000 0.96 0.64 0.18
v -10.9076134 -10.3425537 11.8400000 0.96 0.64 0.18
v -11.1289561 -10.3941347 11.7100000 0.96 0.64 0.18
v -11.3191690 -10.4846070 11.5800000 0.96 0.64 0.18
v -10.7544632 -10.2778592 11.9700000 0.96 0.64 0.18
v -10.9977386 -10.3025704 11.8400000 0.96 0.64 0.18
v -11.2142834 -10.3715741 11.7100000 0.96 0.64 0.18
v -11.3967070 -10.4768728 11.5800000 0.96 0.64 0.18
v -10.8502125 -10.2259126 11.9700000 0.96 0.64 0.18
v -11.0907555 -10.2698740 11.8400000 0.96 0.64 0.18
v -11.3011334 -10.3558641 11.7100000 0.96 0.64 0.18
v -11.4746144 -10.4753236 11.5800000 0.96 0.64 0.18
v -10.9497863 -10.1817376 11.9700000 0.96 0.64 0.18
v -11.1860761 -10.2446712 11.8400000 0.96 0.64 0.18
v -11.3889571 -10.3471041 11.7100000 0.96 0.64 0.18
v -11.5523986 -10.4799689 11.5800000 0.96 0.64 0.18
v -11.0525550 -10.1456134 11.9700000 0.96 0.64 0.18
v -11.2830978 -10.2271213 11.8400000 0.96 0.64 0.18
v -11.4771991 -10.3453493 11.7100000 0.96 0.64 0.18
v -11.6295678 -10.4907796 11.5800000 0.96 0.64 0.18
v -11.1578689 -10.1177683 11.9700000 0.96 0.64 0.18
v -11.3812071 -10.2173353 11.8400000 0.96 0.64 0.18
v -11.5653016 -10.3506109 11.7100000 0.96 0.64 0.18
v -11.7056342 -10.5076872 11.5800000 0.96 0.64 0.18
v -11.2650622 -10.0983785 11.9700000 0.96 0.64 0.18
v -11.4797838 -10.2153750 11.8400000 0.96 0.64 0.18
v -11.6527075 -10.3628556 11.7100000 0.96 0.64 0.18
v -11.7801167 -10.5305848 11.5800000 0.96 0.64 0.18
v -11.3734571 -10.0875665 11.9700000 0.96 0.64 0.18
v -11.5782046 -10.2212528 11.8400000 0.96 0.64 0.18
v -11.7388643 -10.3820060 11.7100000 0.96 0.64 0.18
v -11.8525447 -10.5593277 11.5800000 0.96 0.64 0.18
v -11.4823685 -10.0854007 11.9700000 0.96 0.64 0.18
v -11.6758472 -10.2349316 11.8400000 0.96 0.64 0.18
v -11.8232273 -10.4079411 11.7100000 0.96 0.64 0.18
v -11.9224600 -10.5937342 11.5800000 0.96 0.64 0.18
v -11.5911076 -10.0918947 11.9700000 0.96 0.64 0.18
v -11.7720945 -10.2563249 11.8400000 0.96 0.64 0.18
v -11.9052630 -10.4404968 11.7100000 0.96 0.64 0.18
v -11.9894207 -10.6335866 11.5800000 0.96 0.64 0.18
v -11.6989870 -10.1070076 11.9700000 0.96 0.64 0.18
v -11.8663378 -10.2852974 11.8400000 0.96 0.64 0.18
v -11.9844528 -10.4794674 11.7100000 0.96 0.64 0.18
v -12.0530035 -10.6786332 11.5800000 0.96 0.64 0.18
v -11.8053246 -10.1306437 11.9700000 0.96 0.64 0.18
v -11.9579813 -10.3216659 11.8400000 0.96 0.64 0.18
v -12.0602961 -10.5246064 11.7100000 0.96 0.64 0.18
v -12.1128063 -10.7285890 11.5800000 0.96 0.64 0.18
v -11.9094483 -10.1626536 11.9700000 0.96 0.64 0.18
v -12.0464456 -10.3652006 11.8400000 0.96 0.64 0.18
v -12.1323133 -10.5756285 11.7100000 0.96 0.64 0.18
v -12.1684511 -10.7831382 11.5800000 0.96 0.64 0.18
v -12.0106995 -10.2028350 11.9700000 0.96 0.64 0.18
v -12.1311714 -10.4156262 11.8400000 0.96 0.64 0.18
v -12.2000491 -10.6322111 11.7100000 0.96 0.64 0.18
v -12.2195860 -10.8419359 11.5800000 0.96 0.64 0.18
v -12.1084383 -10.2509338 11.9700000 0.96 0.64 0.18
v -12.2116230 -10.4726238 11.8400000 0.96 0.64 0.18
v -12.2630753 -10.6939964 11.7100000 0.96 0.64 0.18
v -12.2658878 -10.9046105 11.5800000 0.96 0.64 0.18
v -12.2020467 -10.3066460 11.9700000 0.96 0.64 0.18
v -12.2872919 -10.5358332 11.8400000 0.96 0.64 0.18
v -12.3209935 -10.7605939 11.7100000 0.96 0.64 0.18
v -12.3070637 -10.9707657 11.5800000 0.96 0.64 0.18
v -12.2909328 -10.3696192 11.9700000 0.96 0.64 0.18
v -12.3576996 -10.6048547 11.8400000 0.96 0.64 0.18
v -12.3734373 -10.8315824 11.7100000 0.96 0.64 0.18
v -12.3428534 -11.0399831 11.5800000 0.96 0.64 0.18
v -12.3745347 -10.4394553 11.9700000 0.96 0.64 0.18
v -12.4224009 -10.6792518 11.8400000 0.96 0.64 0.18
v -12.4200754 -10.9065133 11.7100000 0.96 0.64 0.18
v -12.3730307 -11.1118252 11.5800000 0.96 0.64 0.18
v -12.4523238 -10.5157129 11.9700000 0.96 0.64 0.18
v -12.4809869 -10.7585544 11.8400000 0.96 0.64 0.18
v -12.4606127 -10.9849126 11.7100000 0.96 0.64 0.18
v -12.3974047 -11.1858378 11.5800000 0.96 0.64 0.18
v -12.5238084 -10.5979098 11.9700000 0.96 0.64 0.18
v -12.5330870 -10.8422609 11.8400000 0.96 0.64 0.18
v -12.4947930 -11.0662848 11.7100000 0.96 0.64 0.18
v -12.4158213 -11.2615530 11.5800000 0.96 0.64 0.18
v -12.5885364 -10.6855263 11.9700000 0.96 0.64 0.18
v -12.5783719 -10.9298421 11.8400000 0.96 0.64 0.18
v -12.5224003 -11.1501154 11.7100000 0.96 0.64 0.18
v -12.4281641 -11.3384920 11.5800000 0.96 0.64 0.18
v -12.6460986 -10.7780085 11.9700000 0.96 0.64 0.18
v -12.6165554 -11.0207444 11.8400000 0.96 0.64 0.18
v -12.5432599 -11.2358744 11.7100000 0.96 0.64 0.18
v -12.4343551 -11.4161685 11.5800000 0.96 0.64 0.18
v -12.6961312 -10.8747716 11.9700000 0.96 0.64 0.18
v -12.6473959 -11.1143930 11.8400000 0.96 0.64 0.18
v -12.5572401 -11.3230197 11.7100000 0.96 0.64 0.18
v -12.4343551 -11.4940912 11.5800000 0.96 0.64 0.18
v -12.7383177 -10.9752040 11.9700000 0.96 0.64 0.18
v -12.6706986 -11.2101959 11.8400000 0.96 0.64 0.18
v -12.5642523 -11.4110001 11.7100000 0.96 0.64 0.18
v -12.4281641 -11.5717677 11.5800000 0.96 0.64 0.18
v -12.7723916 -11.0786706 11.9700000 0.96 0.64 0.18
v -12.6863160 -11.3075473 11.8400000 0.96 0.64 0.18
v -12.5642523 -11.4992596 11.7100000 0.96 0.64 0.18
v -12.4158213 -11.6487067 11.5800000 0.96 0.64 0.18
v -12.7981372 -11.1845173 11.9700000 0.96 0.64 0.18
v -12.6941495 -11.4058318 11.8400000 0.96 0.64 0.18
v -12.5572401 -11.5872400 11.7100000 0.96 0.64 0.18
v -12.3974047 -11.7244219 11.5800000 0.96 0.64 0.18
v -12.8153920 -11.2920749 11.9700000 0.96 0.64 0.18
v -12.6941495 -11.5044279 11.8400000 0.96 0.64 0.18
v -12.5432599 -11.6743853 11.7100000 0.96 0.64 0.18
v -12.3730307 -11.7984345 11.5800000 0.96 0.64 0.18
v -12.8240467 -11.4006634 11.9700000 0.96 0.64 0.18
v -12.6863160 -11.6027124 11.8400000 0.96 0.64 0.18
v -12.5224003 -11.7601443 11.7100000 0.96 0.64 0.18
v -12.3428534 -11.8702766 11.5800000 0.96 0.64 0.18
v -12.8240467 -11.5095963 11.9700000 0.96 0.64 0.18
v -12.6706986 -11.7000638 11.8400000 0.96 0.64 0.18
v -12.4947930 -11.8439749 11.7100000 0.96 0.64 0.18
v -12.3070637 -11.9394941 11.5800000 0.96 0.64 0.18
v -12.8153920 -11.6181848 11.9700000 0.96 0.64 0.18
v -12.6473959 -11.7958667 11.8400000 0.96 0.64 0.18
v -12.4606127 -11.9253471 11.7100000 0.96 0.64 0.18
v -12.2658878 -12.0056492 11.5800000 0.96 0.64 0.18
v -12.7981372 -11.7257424 11.9700000 0.96 0.64 0.18
v -12.6165554 -11.8895153 11.8400000 0.96 0.64 0.18
v -12.4200754 -12.0037465 11.7100000 0.96 0.64 0.18
v -12.2195860 -12.0683238 11.5800000 0.96 0.64 0.18
v -12.7723916 -11.8315891 11.9700000 0.96 0.64 0.18
v -12.5783719 -11.9804176 11.8400000 0.96 0.64 0.18
v -12.3734373 -12.0786773 11.7100000 0.96 0.64 0.18
v -12.1684511 -12.1271215 11.5800000 0.96 0.64 0.18
v -12.7383177 -11.9350557 11.9700000 0.96 0.64 0.18
v -12.5330870 -12.0679988 11.8400000 0.96 0.64 0.18
v -12.3209935 -12.1496658 11.7100000 0.96 0.64 0.18
v -12.1128063 -12.1816708 11.5800000 0.96 0.64 0.18
v -12.6961312 -12.0354881 11.9700000 0.96 0.64 0.18
v -12.4809869 -12.1517053 11.8400000 0.96 0.64 0.18
v -12.2630753 -12.2162633 11.7100000 0.96 0.64 0.18
v -12.0530035 -12.2316265 11.5800000 0.96 0.64 0.18
v -12.6460986 -12.1322512 11.9700000 0.96 0.64 0.18
v -12.4224009 -12.2310079 11.8400000 0.96 0.64 0.18
v -12.2000491 -12.2780486 11.7100000 0.96 0.64 0.18
v -11.9894207 -12.2766731 11.5800000 0.96 0.64 0.18
v -12.5885364 -12.2247334 11.9700000 0.96 0.64 0.18
v -12.3576996 -12.3054050 11.8400000 0.96 0.64 0.18
v -12.1323133 -12.3346312 11.7100000 0.96 0.64 0.18
v -11.9224600 -12.3165255 11.5800000 0.96 0.64 0.18
v -12.5238084 -12.3123499 11.9700000 0.96 0.64 0.18
v -12.2872919 -12.3744265 11.8400000 0.96 0.64 0.18
v -12.0602961 -12.3856533 11.7100000 0.96 0.64 0.18
v -11.8525447 -12.3509320 11.5800000 0.96 0.64 0.18
v -12.4523238 -12.3945468 11.9700000 0.96 0.64 0.18
v -12.2116230 -12.4376359 11.8400000 0.96 0.64 0.18
v -11.9844528 -12.4307923 11.7100000 0.96 0.64 0.18
v -11.7801167 -12.3796749 11.5800000 0.96 0.64 0.18
v -12.3745347 -12.4708044 11.9700000 0.96 0.64 0.18
v -12.1311714 -12.4946335 11.8400000 0.96 0.64 0.18
v -11.9052630 -12.4697629 11.7100000 0.96 0.64 0.18
v -11.7056342 -12.4025725 11.5800000 0.96 0.64 0.18
v -12.2909328 -12.5406405 11.9700000 0.96 0.64 0.18
v -12.0464456 -12.5450591 11.8400000 0.96 0.64 0.18
v -11.8232273 -12.5023186 11.7100000 0.96 0.64 0.18
v -11.6295678 -12.4194801 11.5800000 0.96 0.64 0.18
v -12.2020467 -12.6036137 11.9700000 0.96 0.64 0.18
v -11.9579813 -12.5885938 11.8400000 0.96 0.64 0.18
v -11.7388643 -12.5282537 11.7100000 0.96 0.64 0.18
v -11.5523986 -12.4302908 11.5800000 0.96 0.64 0.18
v -12.1084383 -12.6593259 11.9700000 0.96 0.64 0.18
v -11.8663378 -12.6249623 11.8400000 0.96 0.64 0.18
v -11.6527075 -12.5474041 11.7100000 0.96 0.64 0.18
v -11.4746144 -12.4349361 11.5800000 0.96 0.64 0.18
v -12.0106995 -12.7074247 11.9700000 0.96 0.64 0.18
v -11.7720945 -12.6539349 11.8400000 0.96 0.64 0.18
v -11.5653016 -12.5596488 11.7100000 0.96 0.64 0.18
v -11.3967070 -12.4333869 11.5800000 0.96 0.64 0.18
v -11.9094483 -12.7476061 11.9700000 0.96 0.64 0.18
v -11.6758472 -12.6753281 11.8400000 0.96 0.64 0.18
v -11.4771991 -12.5649104 11.7100000 0.96 0.64 0.18
v -11.3191690 -12.4256527 11.5800000 0.96 0.64 0.18
v -11.8053246 -12.7796160 11.9700000 0.96 0.64 0.18
v -11.5782046 -12.6890069 11.8400000 0.96 0.64 0.18
v -11.3889571 -12.5631557 11.7100000 0.96 0.64 0.18
v -11.2424906 -12.4117826 11.5800000 0.96 0.64 0.18
v -11.6989870 -12.8032521 11.9700000 0.96 0.64 0.18
v -11.4797838 -12.6948847 11.8400000 0.96 0.64 0.18
v -11.3011334 -12.5543956 11.7100000 0.96 0.64 0.18
v -11.1671566 -12.3918643 11.5800000 0.96 0.64 0.18
v -11.5911076 -12.8183650 11.9700000 0.96 0.64 0.18
v -11.3812071 -12.6929244 11.8400000 0.96 0.64 0.18
v -11.2142834 -12.5386856 11.7100000 0.96 0.64 0.18
v -11.0936432 -12.3660236 11.5800000 0.96 0.64 0.18
v -11.4823685 -12.8248590 11.9700000 0.96 0.64 0.18
v -11.2830978 -12.6831384 11.8400000 0.96 0.64 0.18
v -11.1289561 -12.5161250 11.7100000 0.96 0.64 0.18
v -11.0224153 -12.3344239 11.5800000 0.96 0.64 0.18
v -11.3734571 -12.8226932 11.9700000 0.96 0.64 0.18
v -11.1860761 -12.6655885 11.8400000 0.96 0.64 0.18
v -11.0456909 -12.4868564 11.7100000 0.96 0.64 0.18
v -10.9539231 -12.2972651 11.5800000 0.96 0.64 0.18
v -11.2650622 -12.8118812 11.9700000 0.96 0.64 0.18
v -11.0907555 -12.6403857 11.8400000 0.96 0.64 0.18
v -10.9650144 -12.4510650 11.7100000 0.96 0.64 0.18
v -10.8885997 -12.2547820 11.5800000 0.96 0.64 0.18
v -11.1578689 -12.7924914 11.9700000 0.96 0.64 0.18
v -10.9977386 -12.6076893 11.8400000 0.96 0.64 0.18
v -10.8874365 -12.4089769 11.7100000 0.96 0.64 0.18
v -10.8268581 -12.2072433 11.5800000 0.96 0.64 0.18
v -11.0525550 -12.7646464 11.9700000 0.96 0.64 0.18
v -10.9076134 -12.5677060 11.8400000 0.96 0.64 0.18
v -10.8134477 -12.3608583 11.7100000 0.96 0.64 0.18
v -10.7690886 -12.1549494 11.5800000 0.96 0.64 0.18
v -10.9497863 -12.7285221 11.9700000 0.96 0.64 0.18
v -10.8209499 -12.5206887 11.8400000 0.96 0.64 0.18
v -10.7435159 -12.3070134 11.7100000 0.96 0.64 0.18
v -10.7156565 -12.0982311 11.5800000 0.96 0.64 0.18
v -10.8502125 -12.6843471 11.9700000 0.96 0.64 0.18
v -10.7382958 -12.4669346 11.8400000 0.96 0.64 0.18
v -10.6780832 -12.2477826 11.7100000 0.96 0.64 0.18
v -10.6668996 -12.0374469 11.5800000 0.96 0.64 0.18
v -10.7544632 -12.6324006 11.9700000 0.96 0.64 0.18
v -10.6601737 -12.4067836 11.8400000 0.96 0.64 0.18
v -10.6175631 -12.1835404 11.7100000 0.96 0.64 0.18
v -10.6231262 -11.9729810 11.5800000 0.96 0.64 0.18
v -10.6631438 -12.5730109 11.9700000 0.96 0.64 0.18
v -10.5870777 -12.3406158 11.8400000 0.96 0.64 0.18
v -10.5623385 -12.1146930 11.7100000 0.96 0.64 0.18
v -10.5846129 -11.9052412 11.5800000 0.96 0.64 0.18
v -10.5768316 -12.5065537 11.9700000 0.96 0.64 0.18
v -10.5194697 -12.2688498 11.8400000 0.96 0.64 0.18
v -10.5127583 -12.0416756 11.7100000 0.96 0.64 0.18
v -10.5516033 -11.8346556 11.5800000 0.96 0.64 0.18
v -10.4960722 -12.4334490 11.9700000 0.96 0.64 0.18
v -10.4577773 -12.1919391 11.8400000 0.96 0.64 0.18
v -10.4691362 -11.9649498 11.7100000 0.96 0.64 0.18
v -10.5243061 -11.7616705 11.5800000 0.96 0.64 0.18
v -10.4213763 -12.3541591 11.9700000 0.96 0.64 0.18
v -10.4023905 -12.1103701 11.8400000 0.96 0.64 0.18
v -10.4317478 -11.8850009 11.7100000 0.96 0.64 0.18
v -10.5028939 -11.6867474 11.5800000 0.96 0.64 0.18
v -10.3532162 -12.2691853 11.9700000 0.96 0.64 0.18
v -10.3536594 -12.0246585 11.8400000 0.96 0.64 0.18
v -10.4008295 -11.8023341 11.7100000 0.96 0.64 0.18
v -10.4875020 -11.6103599 11.5800000 0.96 0.64 0.18
v -10.2920226 -12.1790647 11.9700000 0.96 0.64 0.18
v -10.3118922 -11.9353461 11.8400000 0.96 0.64 0.18
v -10.3765769 -11.7174722 11.7100000 0.96 0.64 0.18
v -10.4782278 -11.5329910 11.5800000 0.96 0.64 0.18
v -10.2381827 -12.0843671 11.9700000 0.96 0.64 0.18
v -10.2773529 -11.8429976 11.8400000 0.96 0.64 0.18
v -10.3591432 -11.6309517 11.7100000 0.96 0.64 0.18
v -10.1920366 -11.9856914 11.9700000 0.96 0.64 0.18
v -10.2502599 -11.7481970 11.8400000 0.96 0.64 0.18
v -10.3486387 -11.5433195 11.7100000 0.96 0.64 0.18
v -10.1538763 -11.8836612 11.9700000 0.96 0.64 0.18
v -10.2307844 -11.6515434 11.8400000 0.96 0.64 0.18
v -10.1239429 -11.7789217 11.9700000 0.96 0.64 0.18
v -10.2190497 -11.5536481 11.8400000 0.96 0.64 0.18
v -10.1024256 -11.6721351 11.9700000 0.96 0.64 0.18
v -10.0894606 -11.5639766 11.9700000 0.96 0.64 0.18
v 12.9551299 -11.4551299 12.1000000 0.96 0.64 0.18
v 12.9539440 -11.3954951 12.1000000 0.96 0.64 0.18
v 12.9503881 -11.3359546 12.1000000 0.96 0.64 0.18
v 12.9444680 -11.2766026 12.1000000 0.96 0.64 0.18
v 12.9361929 -11.2175328 12.1000000 0.96 0.64 0.18
v 12.9255759 -11.1588388 12.1000000 0.96 0.64 0.18
v 12.9126339 -11.1006132 12.1000000 0.96 0.64 0.18
v 12.8973872 -11.0429482 12.1000000 0.96 0.64 0.18
v 12.8798601 -10.9859349 12.1000000 0.96 0.64 0.18
v 12.8600801 -10.9296636 12.1000000 0.96 0.64 0.18
v 12.8380786 -10.8742231 12.1000000 0.96 0.64 0.18
v 12.8138904 -10.8197011 12.1000000 0.96 0.64 0.18
v 12.7875538 -10.7661839 12.1000000 0.96 0.64 0.18
v 12.7591103 -10.7137561 12.1000000 0.96 0.64 0.18
v 12.7286049 -10.6625005 12.1000000 0.96 0.64 0.18
v 12.6960859 -10.6124982 12.1000000 0.96 0.64 0.18
v 12.6616047 -10.5638283 12.1000000 0.96 0.64 0.18
v 12.6252158 -10.5165677 12.1000000 0.96 0.64 0.18
v 12.5869768 -10.4707912 12.1000000 0.96 0.64 0.18
v 12.5469481 -10.4265712 12.1000000 0.96 0.64 0.18
v 12.5051930 -10.3839775 12.1000000 0.96 0.64 0.18
v 12.4617775 -10.3430775 12.1000000 0.96 0.64 0.18
v 12.4167703 -10.3039359 12.1000000 0.96 0.64 0.18
v 12.3702426 -10.2666145 12.1000000 0.96 0.64 0.18
v 12.3222679 -10.2311725 12.1000000 0.96 0.64 0.18
v 12.2729220 -10.1976657 12.1000000 0.96 0.64 0.18
v 12.2222831 -10.1661473 12.1000000 0.96 0.64 0.18
v 12.1704311 -10.1366671 12.1000000 0.96 0.64 0.18
v 12.1174481 -10.1092716 12.1000000 0.96 0.64 0.18
v 12.0634178 -10.0840041 12.1000000 0.96 0.64 0.18
v 12.0084257 -10.0609047 12.1000000 0.96 0.64 0.18
v 11.9525588 -10.0400099 12.1000000 0.96 0.64 0.18
v 11.8959053 -10.0213527 12.1000000 0.96 0.64 0.18
v 11.8385548 -10.0049625 12.1000000 0.96 0.64 0.18
v 11.7805981 -9.9908654 12.1000000 0.96 0.64 0.18
v 11.7221267 -9.9790836 12.1000000 0.96 0.64 0.18
v 11.6632332 -9.9696357 12.1000000 0.96 0.64 0.18
v 11.6040106 -9.9625366 12.1000000 0.96 0.64 0.18
v 11.5445525 -9.9577977 12.1000000 0.96 0.64 0.18
v 11.4849531 -9.9554264 12.1000000 0.96 0.64 0.18
v 11.4253066 -9.9554264 12.1000000 0.96 0.64 0.18
v 11.3657072 -9.9577977 12.1000000 0.96 0.64 0.18
v 11.3062492 -9.9625366 12.1000000 0.96 0.64 0.18
v 11.2470266 -9.9696357 12.1000000 0.96 0.64 0.18
v 11.1881330 -9.9790836 12.1000000 0.96 0.64 0.18
v 11.1296616 -9.9908654 12.1000000 0.96 0.64 0.18
v 11.0717049 -10.0049625 12.1000000 0.96 0.64 0.18
v 11.0143544 -10.0213527 12.1000000 0.96 0.64 0.18
v 10.9577009 -10.0400099 12.1000000 0.96 0.64 0.18
v 10.9018340 -10.0609047 12.1000000 0.96 0.64 0.18
v 10.8468419 -10.0840041 12.1000000 0.96 0.64 0.18
v 10.7928116 -10.1092716 12.1000000 0.96 0.64 0.18
v 10.7398286 -10.1366671 12.1000000 0.96 0.64 0.18
v 10.6879766 -10.1661473 12.1000000 0.96 0.64 0.18
v 10.6373377 -10.1976657 12.1000000 0.96 0.64 0.18
v 10.5879919 -10.2311725 12.1000000 0.96 0.64 0.18
v 10.5400171 -10.2666145 12.1000000 0.96 0.64 0.18
v 10.4934894 -10.3039359 12.1000000 0.96 0.64 0.18
v 10.4484822 -10.3430775 12.1000000 0.96 0.64 0.18
v 10.4050667 -10.3839775 12.1000000 0.96 0.64 0.18
v 10.3633116 -10.4265712 12.1000000 0.96 0.64 0.18
v 10.3232829 -10.4707912 12.1000000 0.96 0.64 0.18
v 10.2850439 -10.5165677 12.1000000 0.96 0.64 0.18
v 10.2486550 -10.5638283 12.1000000 0.96 0.64 0.18
v 10.2141738 -10.6124982 12.1000000 0.96 0.64 0.18
v 10.1816548 -10.6625005 12.1000000 0.96 0.64 0.18
v 10.1511494 -10.7137561 12.1000000 0.96 0.64 0.18
v 10.1227059 -10.7661839 12.1000000 0.96 0.64 0.18
v 10.0963693 -10.8197011 12.1000000 0.96 0.64 0.18
v 10.0721811 -10.8742231 12.1000000 0.96 0.64 0.18
v 10.0501796 -10.9296636 12.1000000 0.96 0.64 0.18
v 10.0303997 -10.9859349 12.1000000 0.96 0.64 0.18
v 10.0128725 -11.0429482 12.1000000 0.96 0.64 0.18
v 9.9976258 -11.1006132 12.1000000 0.96 0.64 0.18
v 9.9846838 -11.1588388 12.1000000 0.96 0.64 0.18
v 9.9740668 -11.2175328 12.1000000 0.96 0.64 0.18
v 9.9657917 -11.2766026 12.1000000 0.96 0.64 0.18
v 9.9598716 -11.3359546 12.1000000 0.96 0.64 0.18
v 9.9563158 -11.3954951 12.1000000 0.96 0.64 0.18
v 9.9551299 -11.4551299 12.1000000 0.96 0.64 0.18
v 9.9563158 -11.5147646 12.1000000 0.96 0.64 0.18
v 9.9598716 -11.5743051 12.1000000 0.96 0.64 0.18
v 9.9657917 -11.6336571 12.1000000 0.96 0.64 0.18
v 9.9740668 -11.6927269 12.1000000 0.96 0.64 0.18
v 9.9846838 -11.7514210 12.1000000 0.96 0.64 0.18
v 9.9976258 -11.8096465 12.1000000 0.96 0.64 0.18
v 10.0128725 -11.8673115 12.1000000 0.96 0.64 0.18
v 10.0303997 -11.9243248 12.1000000 0.96 0.64 0.18
v 10.0501796 -11.9805961 12.1000000 0.96 0.64 0.18
v 10.0721811 -12.0360366 12.1000000 0.96 0.64 0.18
v 10.0963693 -12.0905586 12.1000000 0.96 0.64 0.18
v 10.1227059 -12.1440758 12.1000000 0.96 0.64 0.18
v 10.1511494 -12.1965036 12.1000000 0.96 0.64 0.18
v 10.1816548 -12.2477592 12.1000000 0.96 0.64 0.18
v 10.2141738 -12.2977615 12.1000000 0.96 0.64 0.18
v 10.2486550 -12.3464314 12.1000000 0.96 0.64 0.18
v 10.2850439 -12.3936920 12.1000000 0.96 0.64 0.18
v 10.3232829 -12.4394685 12.1000000 0.96 0.64 0.18
v 10.3633116 -12.4836885 12.1000000 0.96 0.64 0.18
v 10.4050667 -12.5262823 12.1000000 0.96 0.64 0.18
v 10.4484822 -12.5671822 12.1000000 0.96 0.64 0.18
v 10.4934894 -12.6063239 12.1000000 0.96 0.64 0.18
v 10.5400171 -12.6436452 12.1000000 0.96 0.64 0.18
v 10.5879919 -12.6790872 12.1000000 0.96 0.64 0.18
v 10.6373377 -12.7125940 12.1000000 0.96 0.64 0.18
v 10.6879766 -12.7441124 12.1000000 0.96 0.64 0.18
v 10.7398286 -12.7735926 12.1000000 0.96 0.64 0.18
v 10.7928116 -12.8009881 12.1000000 0.96 0.64 0.18
v 10.8468419 -12.8262556 12.1000000 0.96 0.64 0.18
v 10.9018340 -12.8493550 12.1000000 0.96 0.64 0.18
v 10.9577009 -12.8702498 12.1000000 0.96 0.64 0.18
v 11.0143544 -12.8889070 12.1000000 0.96 0.64 0.18
v 11.0717049 -12.9052972 12.1000000 0.96 0.64 0.18
v 11.1296616 -12.9193943 12.1000000 0.96 0.64 0.18
v 11.1881330 -12.9311762 12.1000000 0.96 0.64 0.18
v 11.2470266 -12.9406241 12.1000000 0.96 0.64 0.18
v 11.3062492 -12.9477231 12.1000000 0.96 0.64 0.18
v 11.3657072 -12.9524620 12.1000000 0.96 0.64 0.18
v 11.4253066 -12.9548333 12.1000000 0.96 0.64 0.18
v 11.4849531 -12.9548333 12.1000000 0.96 0.64 0.18
v 11.5445525 -12.9524620 12.1000000 0.96 0.64 0.18
v 11.6040106 -12.9477231 12.1000000 0.96 0.64 0.18
v 11.6632332 -12.9406241 12.1000000 0.96 0.64 0.18
v 11.7221267 -12.9311762 12.1000000 0.96 0.64 0.18
v 11.7805981 -12.9193943 12.1000000 0.96 0.64 0.18
v 11.8385548 -12.9052972 12.1000000 0.96 0.64 0.18
v 11.8959053 -12.8889070 12.1000000 0.96 0.64 0.18
v 11.9525588 -12.8702498 12.1000000 0.96 0.64 0.18
v 12.0084257 -12.8493550 12.1000000 0.96 0.64 0.18
v 12.0634178 -12.8262556 12.1000000 0.96 0.64 0.18
v 12.1174481 -12.8009881 12.1000000 0.96 0.64 0.18
v 12.1704311 -12.7735926 12.1000000 0.96 0.64 0.18
v 12.2222831 -12.7441124 12.1000000 0.96 0.64 0.18
v 12.2729220 -12.7125940 12.1000000 0.96 0.64 0.18
v 12.3222679 -12.6790872 12.1000000 0.96 0.64 0.18
v 12.3702426 -12.6436452 12.1000000 0.96 0.64 0.18
v 12.4167703 -12.6063239 12.1000000 0.96 0.64 0.18
v 12.4617775 -12.5671822 12.1000000 0.96 0.64 0.18
v 12.5051930 -12.5262823 12.1000000 0.96 0.64 0.18
v 12.5469481 -12.4836885 12.1000000 0.96 0.64 0.18
v 12.5869768 -12.4394685 12.1000000 0.96 0.64 0.18
v 12.6252158 -12.3936920 12.1000000 0.96 0.64 0.18
v 12.6616047 -12.3464314 12.1000000 0.96 0.64 0.18
v 12.6960859 -12.2977615 12.1000000 0.96 0.64 0.18
v 12.7286049 -12.2477592 12.1000000 0.96 0.64 0.18
v 12.7591103 -12.1965036 12.1000000 0.96 0.64 0.18
v 12.7875538 -12.1440758 12.1000000 0.96 0.64 0.18
v 12.8138904 -12.0905586 12.1000000 0.96 0.64 0.18
v 12.8380786 -12.0360366 12.1000000 0.96 0.64 0.18
v 12.8600801 -11.9805961 12.1000000 0.96 0.64 0.18
v 12.8798601 -11.9243248 12.1000000 0.96 0.64 0.18
v 12.8973872 -11.8673115 12.1000000 0.96 0.64 0.18
v 12.9126339 -11.8096465 12.1000000 0.96 0.64 0.18
v 12.9255759 -11.7514210 12.1000000 0.96 0.64 0.18
v 12.9361929 -11.6927269 12.1000000 0.96 0.64 0.18
v 12.9444680 -11.6336571 12.1000000 0.96 0.64 0.18
v 12.9503881 -11.5743051 12.1000000 0.96 0.64 0.18
v 12.9539440 -11.5147646 12.1000000 0.96 0.64 0.18
v 12.9551299 -11.4551299 12.1000000 0.96 0.64 0.18
v 12.3051299 -11.4551299 11.4500000 0.96 0.64 0.18
v 12.4351299 -11.4551299 11.5800000 0.96 0.64 0.18
v 12.5651299 -11.4551299 11.7100000 0.96 0.64 0.18
v 12.6951299 -11.4551299 11.8400000 0.96 0.64 0.18
v 12.8251299 -11.4551299 11.9700000 0.96 0.64 0.18
v 12.3044578 -11.4213368 11.4500000 0.96 0.64 0.18
v 12.3024429 -11.3875972 11.4500000 0.96 0.64 0.18
v 12.2990881 -11.3539644 11.4500000 0.96 0.64 0.18
v 12.2943989 -11.3204915 11.4500000 0.96 0.64 0.18
v 12.2883826 -11.2872316 11.4500000 0.96 0.64 0.18
v 12.2810488 -11.2542371 11.4500000 0.96 0.64 0.18
v 12.2724090 -11.2215603 11.4500000 0.96 0.64 0.18
v 12.2624770 -11.1892527 11.4500000 0.96 0.64 0.18
v 12.2512683 -11.1573656 11.4500000 0.96 0.64 0.18
v 12.2388008 -11.1259494 11.4500000 0.96 0.64 0.18
v 12.2250942 -11.0950536 11.4500000 0.96 0.64 0.18
v 12.2101701 -11.0647272 11.4500000 0.96 0.64 0.18
v 12.1940521 -11.0350180 11.4500000 0.96 0.64 0.18
v 12.1767657 -11.0059732 11.4500000 0.96 0.64 0.18
v 12.1583383 -10.9776386 11.4500000 0.96 0.64 0.18
v 12.1387989 -10.9500590 11.4500000 0.96 0.64 0.18
v 12.1181786 -10.9232780 11.4500000 0.96 0.64 0.18
v 12.0965098 -10.8973380 11.4500000 0.96 0.64 0.18
v 12.0738268 -10.8722799 11.4500000 0.96 0.64 0.18
v 12.0501656 -10.8481435 11.4500000 0.96 0.64 0.18
v 12.0255635 -10.8249668 11.4500000 0.96 0.64 0.18
v 12.0000594 -10.8027866 11.4500000 0.96 0.64 0.18
v 11.9736937 -10.7816378 11.4500000 0.96 0.64 0.18
v 11.9465081 -10.7615540 11.4500000 0.96 0.64 0.18
v 11.9185454 -10.7425669 11.4500000 0.96 0.64 0.18
v 11.8898500 -10.7247064 11.4500000 0.96 0.64 0.18
v 11.8604672 -10.7080009 11.4500000 0.96 0.64 0.18
v 11.8304435 -10.6924768 11.4500000 0.96 0.64 0.18
v 11.7998264 -10.6781586 11.4500000 0.96 0.64 0.18
v 11.7686642 -10.6650690 11.4500000 0.96 0.64 0.18
v 11.7370062 -10.6532286 11.4500000 0.96 0.64 0.18
v 11.7049026 -10.6426561 11.4500000 0.96 0.64 0.18
v 11.6724040 -10.6333684 11.4500000 0.96 0.64 0.18
v 11.6395618 -10.6253800 11.4500000 0.96 0.64 0.18
v 11.6064281 -10.6187036 11.4500000 0.96 0.64 0.18
v 11.5730551 -10.6133498 11.4500000 0.96 0.64 0.18
v 11.5394956 -10.6093270 11.4500000 0.96 0.64 0.18
v 11.5058027 -10.6066416 11.4500000 0.96 0.64 0.18
v 11.4720297 -10.6052979 11.4500000 0.96 0.64 0.18
v 11.4382300 -10.6052979 11.4500000 0.96 0.64 0.18
v 11.4044570 -10.6066416 11.4500000 0.96 0.64 0.18
v 11.3707641 -10.6093270 11.4500000 0.96 0.64 0.18
v 11.3372047 -10.6133498 11.4500000 0.96 0.64 0.18
v 11.3038316 -10.6187036 11.4500000 0.96 0.64 0.18
v 11.2706979 -10.6253800 11.4500000 0.96 0.64 0.18
v 11.2378557 -10.6333684 11.4500000 0.96 0.64 0.18
v 11.2053571 -10.6426561 11.4500000 0.96 0.64 0.18
v 11.1732535 -10.6532286 11.4500000 0.96 0.64 0.18
v 11.1415955 -10.6650690 11.4500000 0.96 0.64 0.18
v 11.1104333 -10.6781586 11.4500000 0.96 0.64 0.18
v 11.0798162 -10.6924768 11.4500000 0.96 0.64 0.18
v 11.0497925 -10.7080009 11.4500000 0.96 0.64 0.18
v 11.0204097 -10.7247064 11.4500000 0.96 0.64 0.18
v 10.9917143 -10.7425669 11.4500000 0.96 0.64 0.18
v 10.9637517 -10.7615540 11.4500000 0.96 0.64 0.18
v 10.9365660 -10.7816378 11.4500000 0.96 0.64 0.18
v 10.9102003 -10.8027866 11.4500000 0.96 0.64 0.18
v 10.8846962 -10.8249668 11.4500000 0.96 0.64 0.18
v 10.8600941 -10.8481435 11.4500000 0.96 0.64 0.18
v 10.8364329 -10.8722799 11.4500000 0.96 0.64 0.18
v 10.8137499 -10.8973380 11.4500000 0.96 0.64 0.18
v 10.7920811 -10.9232780 11.4500000 0.96 0.64 0.18
v 10.7714608 -10.9500590 11.4500000 0.96 0.64 0.18
v 10.7519214 -10.9776386 11.4500000 0.96 0.64 0.18
v 10.7334940 -11.0059732 11.4500000 0.96 0.64 0.18
v 10.7162076 -11.0350180 11.4500000 0.96 0.64 0.18
v 10.7000896 -11.0647272 11.4500000 0.96 0.64 0.18
v 10.6851655 -11.0950536 11.4500000 0.96 0.64 0.18
v 10.6714589 -11.1259494 11.4500000 0.96 0.64 0.18
v 10.6589914 -11.1573656 11.4500000 0.96 0.64 0.18
v 10.6477827 -11.1892527 11.4500000 0.96 0.64 0.18
v 10.6378507 -11.2215603 11.4500000 0.96 0.64 0.18
v 10.6292109 -11.2542371 11.4500000 0.96 0.64 0.18
v 10.6218771 -11.2872316 11.4500000 0.96 0.64 0.18
v 10.6158608 -11.3204915 11.4500000 0.96 0.64 0.18
v 10.6111716 -11.3539644 11.4500000 0.96 0.64 0.18
v 10.6078168 -11.3875972 11.4500000 0.96 0.64 0.18
v 10.6058019 -11.4213368 11.4500000 0.96 0.64 0.18
v 10.6051299 -11.4551299 11.4500000 0.96 0.64 0.18
v 10.6058019 -11.4889229 11.4500000 0.96 0.64 0.18
v 10.6078168 -11.5226625 11.4500000 0.96 0.64 0.18
v 10.6111716 -11.5562953 11.4500000 0.96 0.64 0.18
v 10.6158608 -11.5897682 11.4500000 0.96 0.64 0.18
v 10.6218771 -11.6230281 11.4500000 0.96 0.64 0.18
v 10.6292109 -11.6560226 11.4500000 0.96 0.64 0.18
v 10.6378507 -11.6886995 11.4500000 0.96 0.64 0.18
v 10.6477827 -11.7210070 11.4500000 0.96 0.64 0.18
v 10.6589914 -11.7528941 11.4500000 0.96 0.64 0.18
v 10.6714589 -11.7843104 11.4500000 0.96 0.64 0.18
v 10.6851655 -11.8152061 11.4500000 0.96 0.64 0.18
v 10.7000896 -11.8455326 11.4500000 0.96 0.64 0.18
v 10.7162076 -11.8752417 11.4500000 0.96 0.64 0.18
v 10.7334940 -11.9042865 11.4500000 0.96 0.64 0.18
v 10.7519214 -11.9326211 11.4500000 0.96 0.64 0.18
v 10.7714608 -11.9602007 11.4500000 0.96 0.64 0.18
v 10.7920811 -11.9869817 11.4500000 0.96 0.64 0.18
v 10.8137499 -12.0129217 11.4500000 0.96 0.64 0.18
v 10.8364329 -12.0379798 11.4500000 0.96 0.64 0.18
v 10.8600941 -12.0621162 11.4500000 0.96 0.64 0.18
v 10.8846962 -12.0852929 11.4500000 0.96 0.64 0.18
v 10.9102003 -12.1074731 11.4500000 0.96 0.64 0.18
v 10.9365660 -12.1286219 11.4500000 0.96 0.64 0.18
v 10.9637517 -12.1487057 11.4500000 0.96 0.64 0.18
v 10.9917143 -12.1676929 11.4500000 0.96 0.64 0.18
v 11.0204097 -12.1855533 11.4500000 0.96 0.64 0.18
v 11.0497925 -12.2022588 11.4500000 0.96 0.64 0.18
v 11.0798162 -12.2177829 11.4500000 0.96 0.64 0.18
v 11.1104333 -12.2321011 11.4500000 0.96 0.64 0.18
v 11.1415955 -12.2451908 11.4500000 0.96 0.64 0.18
v 11.1732535 -12.2570312 11.4500000 0.96 0.64 0.18
v 11.2053571 -12.2676036 11.4500000 0.96 0.64 0.18
v 11.2378557 -12.2768913 11.4500000 0.96 0.64 0.18
v 11.2706979 -12.2848797 11.4500000 0.96 0.64 0.18
v 11.3038316 -12.2915561 11.4500000 0.96 0.64 0.18
v 11.3372047 -12.2969099 11.4500000 0.96 0.64 0.18
v 11.3707641 -12.3009327 11.4500000 0.96 0.64 0.18
v 11.4044570 -12.3036181 11.4500000 0.96 0.64 0.18
v 11.4382300 -12.3049618 11.4500000 0.96 0.64 0.18
v 11.4720297 -12.3049618 11.4500000 0.96 0.64 0.18
v 11.5058027 -12.3036181 11.4500000 0.96 0.64 0.18
v 11.5394956 -12.3009327 11.4500000 0.96 0.64 0.18
v 11.5730551 -12.2969099 11.4500000 0.96 0.64 0.18
v 11.6064281 -12.2915561 11.4500000 0.96 0.64 0.18
v 11.6395618 -12.2848797 11.4500000 0.96 0.64 0.18
v 11.6724040 -12.2768913 11.4500000 0.96 0.64 0.18
v 11.7049026 -12.2676036 11.4500000 0.96 0.64 0.18
v 11.7370062 -12.2570312 11.4500000 0.96 0.64 0.18
v 11.7686642 -12.2451908 11.4500000 0.96 0.64 0.18
v 11.7998264 -12.2321011 11.4500000 0.96 0.64 0.18
v 11.8304435 -12.2177829 11.4500000 0.96 0.64 0.18
v 11.8604672 -12.2022588 11.4500000 0.96 0.64 0.18
v 11.8898500 -12.1855533 11.4500000 0.96 0.64 0.18
v 11.9185454 -12.1676929 11.4500000 0.96 0.64 0.18
v 11.9465081 -12.1487057 11.4500000 0.96 0.64 0.18
v 11.9736937 -12.1286219 11.4500000 0.96 0.64 0.18
v 12.0000594 -12.1074731 11.4500000 0.96 0.64 0.18
v 12.0255635 -12.0852929 11.4500000 0.96 0.64 0.18
v 12.0501656 -12.0621162 11.4500000 0.96 0.64 0.18
v 12.0738268 -12.0379798 11.4500000 0.96 0.64 0.18
v 12.0965098 -12.0129217 11.4500000 0.96 0.64 0.18
v 12.1181786 -11.9869817 11.4500000 0.96 0.64 0.18
v 12.1387989 -11.9602007 11.4500000 0.96 0.64 0.18
v 12.1583383 -11.9326211 11.4500000 0.96 0.64 0.18
v 12.1767657 -11.9042865 11.4500000 0.96 0.64 0.18
v 12.1940521 -11.8752417 11.4500000 0.96 0.64 0.18
v 12.2101701 -11.8455326 11.4500000 0.96 0.64 0.18
v 12.2250942 -11.8152061 11.4500000 0.96 0.64 0.18
v 12.2388008 -11.7843104 11.4500000 0.96 0.64 0.18
v 12.2512683 -11.7528941 11.4500000 0.96 0.64 0.18
v 12.2624770 -11.7210070 11.4500000 0.96 0.64 0.18
v 12.2724090 -11.6886995 11.4500000 0.96 0.64 0.18
v 12.2810488 -11.6560226 11.4500000 0.96 0.64 0.18
v 12.2883826 -11.6230281 11.4500000 0.96 0.64 0.18
v 12.2943989 -11.5897682 11.4500000 0.96 0.64 0.18
v 12.2990881 -11.5562953 11.4500000 0.96 0.64 0.18
v 12.3024429 -11.5226625 11.4500000 0.96 0.64 0.18
v 12.3044578 -11.4889229 11.4500000 0.96 0.64 0.18
v 12.3051299 -11.4551299 11.4500000 0.96 0.64 0.18
v 12.4351299 -11.4551299 11.5800000 0.96 0.64 0.18
v 12.5651299 -11.4551299 11.7100000 0.96 0.64 0.18
v 12.6951299 -11.4551299 11.8400000 0.96 0.64 0.18
v 12.8251299 -11.4551299 11.9700000 0.96 0.64 0.18
v 12.4320319 -11.3772687 11.5800000 0.96 0.64 0.18
v 12.4227577 -11.2998998 11.5800000 0.96 0.64 0.18
v 12.5616210 -11.3669402 11.7100000 0.96 0.64 0.18
v 12.4073658 -11.2235123 11.5800000 0.96 0.64 0.18
v 12.5511165 -11.2793080 11.7100000 0.96 0.64 0.18
v 12.3859536 -11.1485892 11.5800000 0.96 0.64 0.18
v 12.6912100 -11.3566116 11.8400000 0.96 0.64 0.18
v 12.5336828 -11.1927875 11.7100000 0.96 0.64 0.18
v 12.3586564 -11.0756041 11.5800000 0.96 0.64 0.18
v 12.6794753 -11.2587163 11.8400000 0.96 0.64 0.18
v 12.5094302 -11.1079256 11.7100000 0.96 0.64 0.18
v 12.3256468 -11.0050185 11.5800000 0.96 0.64 0.18
v 12.8207991 -11.3462831 11.9700000 0.96 0.64 0.18
v 12.6599998 -11.1620628 11.8400000 0.96 0.64 0.18
v 12.4785120 -11.0252589 11.7100000 0.96 0.64 0.18
v 12.2871336 -10.9372787 11.5800000 0.96 0.64 0.18
v 12.8078341 -11.2381246 11.9700000 0.96 0.64 0.18
v 12.6329068 -11.0672621 11.8400000 0.96 0.64 0.18
v 12.4411236 -10.9453099 11.7100000 0.96 0.64 0.18
v 12.2433601 -10.8728128 11.5800000 0.96 0.64 0.18
v 12.7863169 -11.1313380 11.9700000 0.96 0.64 0.18
v 12.5983675 -10.9749136 11.8400000 0.96 0.64 0.18
v 12.3975014 -10.8685841 11.7100000 0.96 0.64 0.18
v 12.1946032 -10.8120286 11.5800000 0.96 0.64 0.18
v 12.7563834 -11.0265985 11.9700000 0.96 0.64 0.18
v 12.5566003 -10.8856012 11.8400000 0.96 0.64 0.18
v 12.3479212 -10.7955667 11.7100000 0.96 0.64 0.18
v 12.1411711 -10.7553103 11.5800000 0.96 0.64 0.18
v 12.7182231 -10.9245683 11.9700000 0.96 0.64 0.18
v 12.5078692 -10.7998896 11.8400000 0.96 0.64 0.18
v 12.2926966 -10.7267193 11.7100000 0.96 0.64 0.18
v 12.0834016 -10.7030164 11.5800000 0.96 0.64 0.18
v 12.6720770 -10.8258926 11.9700000 0.96 0.64 0.18
v 12.4524824 -10.7183206 11.8400000 0.96 0.64 0.18
v 12.2321766 -10.6624771 11.7100000 0.96 0.64 0.18
v 12.0216600 -10.6554777 11.5800000 0.96 0.64 0.18
v 12.6182371 -10.7311950 11.9700000 0.96 0.64 0.18
v 12.3907900 -10.6414099 11.8400000 0.96 0.64 0.18
v 12.1667438 -10.6032463 11.7100000 0.96 0.64 0.18
v 11.9563366 -10.6129946 11.5800000 0.96 0.64 0.18
v 12.5570435 -10.6410744 11.9700000 0.96 0.64 0.18
v 12.3231820 -10.5696439 11.8400000 0.96 0.64 0.18
v 12.0968120 -10.5494014 11.7100000 0.96 0.64 0.18
v 11.8878444 -10.5758358 11.5800000 0.96 0.64 0.18
v 12.4888834 -10.5561006 11.9700000 0.96 0.64 0.18
v 12.2500860 -10.5034761 11.8400000 0.96 0.64 0.18
v 12.0228232 -10.5012828 11.7100000 0.96 0.64 0.18
v 11.8166165 -10.5442361 11.5800000 0.96 0.64 0.18
v 12.4141875 -10.4768107 11.9700000 0.96 0.64 0.18
v 12.1719639 -10.4433251 11.8400000 0.96 0.64 0.18
v 11.9452454 -10.4591947 11.7100000 0.96 0.64 0.18
v 11.7431031 -10.5183954 11.5800000 0.96 0.64 0.18
v 12.3334281 -10.4037060 11.9700000 0.96 0.64 0.18
v 12.0893098 -10.3895710 11.8400000 0.96 0.64 0.18
v 11.8645688 -10.4234033 11.7100000 0.96 0.64 0.18
v 11.6677691 -10.4984771 11.5800000 0.96 0.64 0.18
v 12.2471159 -10.3372488 11.9700000 0.96 0.64 0.18
v 12.0026463 -10.3425537 11.8400000 0.96 0.64 0.18
v 11.7813037 -10.3941347 11.7100000 0.96 0.64 0.18
v 11.5910907 -10.4846070 11.5800000 0.96 0.64 0.18
v 12.1557965 -10.2778592 11.9700000 0.96 0.64 0.18
v 11.9125211 -10.3025704 11.8400000 0.96 0.64 0.18
v 11.6959763 -10.3715741 11.7100000 0.96 0.64 0.18
v 11.5135527 -10.4768728 11.5800000 0.96 0.64 0.18
v 12.0600472 -10.2259126 11.9700000 0.96 0.64 0.18
v 11.8195042 -10.2698740 11.8400000 0.96 0.64 0.18
v 11.6091263 -10.3558641 11.7100000 0.96 0.64 0.18
v 11.4356453 -10.4753236 11.5800000 0.96 0.64 0.18
v 11.9604734 -10.1817376 11.9700000 0.96 0.64 0.18
v 11.7241836 -10.2446712 11.8400000 0.96 0.64 0.18
v 11.5213026 -10.3471041 11.7100000 0.96 0.64 0.18
v 11.3578611 -10.4799689 11.5800000 0.96 0.64 0.18
v 11.8577047 -10.1456134 11.9700000 0.96 0.64 0.18
v 11.6271619 -10.2271213 11.8400000 0.96 0.64 0.18
v 11.4330606 -10.3453493 11.7100000 0.96 0.64 0.18
v 11.2806919 -10.4907796 11.5800000 0.96 0.64 0.18
v 11.7523908 -10.1177683 11.9700000 0.96 0.64 0.18
v 11.5290526 -10.2173353 11.8400000 0.96 0.64 0.18
v 11.3449581 -10.3506109 11.7100000 0.96 0.64 0.18
v 11.2046256 -10.5076872 11.5800000 0.96 0.64 0.18
v 11.6451975 -10.0983785 11.9700000 0.96 0.64 0.18
v 11.4304759 -10.2153750 11.8400000 0.96 0.64 0.18
v 11.2575522 -10.3628556 11.7100000 0.96 0.64 0.18
v 11.1301430 -10.5305848 11.5800000 0.96 0.64 0.18
v 11.5368026 -10.0875665 11.9700000 0.96 0.64 0.18
v 11.3320551 -10.2212528 11.8400000 0.96 0.64 0.18
v 11.1713954 -10.3820060 11.7100000 0.96 0.64 0.18
v 11.0577150 -10.5593277 11.5800000 0.96 0.64 0.18
v 11.4278913 -10.0854007 11.9700000 0.96 0.64 0.18
v 11.2344125 -10.2349316 11.8400000 0.96 0.64 0.18
v 11.0870325 -10.4079411 11.7100000 0.96 0.64 0.18
v 10.9877997 -10.5937342 11.5800000 0.96 0.64 0.18
v 11.3191522 -10.0918947 11.9700000 0.96 0.64 0.18
v 11.1381652 -10.2563249 11.8400000 0.96 0.64 0.18
v 11.0049967 -10.4404968 11.7100000 0.96 0.64 0.18
v 10.9208390 -10.6335866 11.5800000 0.96 0.64 0.18
v 11.2112727 -10.1070076 11.9700000 0.96 0.64 0.18
v 11.0439219 -10.2852974 11.8400000 0.96 0.64 0.18
v 10.9258069 -10.4794674 11.7100000 0.96 0.64 0.18
v 10.8572562 -10.6786332 11.5800000 0.96 0.64 0.18
v 11.1049351 -10.1306437 11.9700000 0.96 0.64 0.18
v 10.9522785 -10.3216659 11.8400000 0.96 0.64 0.18
v 10.8499637 -10.5246064 11.7100000 0.96 0.64 0.18
v 10.7974534 -10.7285890 11.5800000 0.96 0.64 0.18
v 11.0008114 -10.1626536 11.9700000 0.96 0.64 0.18
v 10.8638142 -10.3652006 11.8400000 0.96 0.64 0.18
v 10.7779464 -10.5756285 11.7100000 0.96 0.64 0.18
v 10.7418086 -10.7831382 11.5800000 0.96 0.64 0.18
v 10.8995602 -10.2028350 11.9700000 0.96 0.64 0.18
v 10.7790883 -10.4156262 11.8400000 0.96 0.64 0.18
v 10.7102106 -10.6322111 11.7100000 0.96 0.64 0.18
v 10.6906737 -10.8419359 11.5800000 0.96 0.64 0.18
v 10.8018214 -10.2509338 11.9700000 0.96 0.64 0.18
v 10.6986367 -10.4726238 11.8400000 0.96 0.64 0.18
v 10.6471844 -10.6939964 11.7100000 0.96 0.64 0.18
v 10.6443719 -10.9046105 11.5800000 0.96 0.64 0.18
v 10.7082130 -10.3066460 11.9700000 0.96 0.64 0.18
v 10.6229678 -10.5358332 11.8400000 0.96 0.64 0.18
v 10.5892662 -10.7605939 11.7100000 0.96 0.64 0.18
v 10.6031960 -10.9707657 11.5800000 0.96 0.64 0.18
v 10.6193269 -10.3696192 11.9700000 0.96 0.64 0.18
v 10.5525601 -10.6048547 11.8400000 0.96 0.64 0.18
v 10.5368224 -10.8315824 11.7100000 0.96 0.64 0.18
v 10.5674063 -11.0399831 11.5800000 0.96 0.64 0.18
v 10.5357250 -10.4394553 11.9700000 0.96 0.64 0.18
v 10.4878588 -10.6792518 11.8400000 0.96 0.64 0.18
v 10.4901844 -10.9065133 11.7100000 0.96 0.64 0.18
v 10.5372290 -11.1118252 11.5800000 0.96 0.64 0.18
v 10.4579359 -10.5157129 11.9700000 0.96 0.64 0.18
v 10.4292729 -10.7585544 11.8400000 0.96 0.64 0.18
v 10.4496470 -10.9849126 11.7100000 0.96 0.64 0.18
v 10.5128550 -11.1858378 11.5800000 0.96 0.64 0.18
v 10.3864513 -10.5979098 11.9700000 0.96 0.64 0.18
v 10.3771727 -10.8422609 11.8400000 0.96 0.64 0.18
v 10.4154667 -11.0662848 11.7100000 0.96 0.64 0.18
v 10.4944384 -11.2615530 11.5800000 0.96 0.64 0.18
v 10.3217233 -10.6855263 11.9700000 0.96 0.64 0.18
v 10.3318878 -10.9298421 11.8400000 0.96 0.64 0.18
v 10.3878594 -11.1501154 11.7100000 0.96 0.64 0.18
v 10.4820956 -11.3384920 11.5800000 0.96 0.64 0.18
v 10.2641611 -10.7780085 11.9700000 0.96 0.64 0.18
v 10.2937043 -11.0207444 11.8400000 0.96 0.64 0.18
v 10.3669998 -11.2358744 11.7100000 0.96 0.64 0.18
v 10.4759046 -11.4161685 11.5800000 0.96 0.64 0.18
v 10.2141285 -10.8747716 11.9700000 0.96 0.64 0.18
v 10.2628638 -11.1143930 11.8400000 0.96 0.64 0.18
v 10.3530197 -11.3230197 11.7100000 0.96 0.64 0.18
v 10.4759046 -11.4940912 11.5800000 0.96 0.64 0.18
v 10.1719420 -10.9752040 11.9700000 0.96 0.64 0.18
v 10.2395611 -11.2101959 11.8400000 0.96 0.64 0.18
v 10.3460074 -11.4110001 11.7100000 0.96 0.64 0.18
v 10.4820956 -11.5717677 11.5800000 0.96 0.64 0.18
v 10.1378681 -11.0786706 11.9700000 0.96 0.64 0.18
v 10.2239437 -11.3075473 11.8400000 0.96 0.64 0.18
v 10.3460074 -11.4992596 11.7100000 0.96 0.64 0.18
v 10.4944384 -11.6487067 11.5800000 0.96 0.64 0.18
v 10.1121225 -11.1845173 11.9700000 0.96 0.64 0.18
v 10.2161102 -11.4058318 11.8400000 0.96 0.64 0.18
v 10.3530197 -11.5872400 11.7100000 0.96 0.64 0.18
v 10.5128550 -11.7244219 11.5800000 0.96 0.64 0.18
v 10.0948677 -11.2920749 11.9700000 0.96 0.64 0.18
v 10.2161102 -11.5044279 11.8400000 0.96 0.64 0.18
v 10.3669998 -11.6743853 11.7100000 0.96 0.64 0.18
v 10.5372290 -11.7984345 11.5800000 0.96 0.64 0.18
v 10.0862130 -11.4006634 11.9700000 0.96 0.64 0.18
v 10.2239437 -11.6027124 11.8400000 0.96 0.64 0.18
v 10.3878594 -11.7601443 11.7100000 0.96 0.64 0.18
v 10.5674063 -11.8702766 11.5800000 0.96 0.64 0.18
v 10.0862130 -11.5095963 11.9700000 0.96 0.64 0.18
v 10.2395611 -11.7000638 11.8400000 0.96 0.64 0.18
v 10.4154667 -11.8439749 11.7100000 0.96 0.64 0.18
v 10.6031960 -11.9394941 11.5800000 0.96 0.64 0.18
v 10.0948677 -11.6181848 11.9700000 0.96 0.64 0.18
v 10.2628638 -11.7958667 11.8400000 0.96 0.64 0.18
v 10.4496470 -11.9253471 11.7100000 0.96 0.64 0.18
v 10.6443719 -12.0056492 11.5800000 0.96 0.64 0.18
v 10.1121225 -11.7257424 11.9700000 0.96 0.64 0.18
v 10.2937043 -11.8895153 11.8400000 0.96 0.64 0.18
v 10.4901844 -12.0037465 11.7100000 0.96 0.64 0.18
v 10.6906737 -12.0683238 11.5800000 0.96 0.64 0.18
v 10.1378681 -11.8315891 11.9700000 0.96 0.64 0.18
v 10.3318878 -11.9804176 11.8400000 0.96 0.64 0.18
v 10.5368224 -12.0786773 11.7100000 0.96 0.64 0.18
v 10.7418086 -12.1271215 11.5800000 0.96 0.64 0.18
v 10.1719420 -11.9350557 11.9700000 0.96 0.64 0.18
v 10.3771727 -12.0679988 11.8400000 0.96 0.64 0.18
v 10.5892662 -12.1496658 11.7100000 0.96 0.64 0.18
v 10.7974534 -12.1816708 11.5800000 0.96 0.64 0.18
v 10.2141285 -12.0354881 11.9700000 0.96 0.64 0.18
v 10.4292729 -12.1517053 11.8400000 0.96 0.64 0.18
v 10.6471844 -12.2162633 11.7100000 0.96 0.64 0.18
v 10.8572562 -12.2316265 11.5800000 0.96 0.64 0.18
v 10.2641611 -12.1322512 11.9700000 0.96 0.64 0.18
v 10.4878588 -12.2310079 11.8400000 0.96 0.64 0.18
v 10.7102106 -12.2780486 11.7100000 0.96 0.64 0.18
v 10.9208390 -12.2766731 11.5800000 0.96 0.64 0.18
v 10.3217233 -12.2247334 11.9700000 0.96 0.64 0.18
v 10.5525601 -12.3054050 11.8400000 0.96 0.64 0.18
v 10.7779464 -12.3346312 11.7100000 0.96 0.64 0.18
v 10.9877997 -12.3165255 11.5800000 0.96 0.64 0.18
v 10.3864513 -12.3123499 11.9700000 0.96 0.64 0.18
v 10.6229678 -12.3744265 11.8400000 0.96 0.64 0.18
v 10.8499637 -12.3856533 11.7100000 0.96 0.64 0.18
v 11.0577150 -12.3509320 11.5800000 0.96 0.64 0.18
v 10.4579359 -12.3945468 11.9700000 0.96 0.64 0.18
v 10.6986367 -12.4376359 11.8400000 0.96 0.64 0.18
v 10.9258069 -12.4307923 11.7100000 0.96 0.64 0.18
v 11.1301430 -12.3796749 11.5800000 0.96 0.64 0.18
v 10.5357250 -12.4708044 11.9700000 0.96 0.64 0.18
v 10.7790883 -12.4946335 11.8400000 0.96 0.64 0.18
v 11.0049967 -12.4697629 11.7100000 0.96 0.64 0.18
v 11.2046256 -12.4025725 11.5800000 0.96 0.64 0.18
v 10.6193269 -12.5406405 11.9700000 0.96 0.64 0.18
v 10.8638142 -12.5450591 11.8400000 0.96 0.64 0.18
v 11.0870325 -12.5023186 11.7100000 0.96 0.64 0.18
v 11.2806919 -12.4194801 11.5800000 0.96 0.64 0.18
v 10.7082130 -12.6036137 11.9700000 0.96 0.64 0.18
v 10.9522785 -12.5885938 11.8400000 0.96 0.64 0.18
v 11.1713954 -12.5282537 11.7100000 0.96 0.64 0.18
v 11.3578611 -12.4302908 11.5800000 0.96 0.64 0.18
v 10.8018214 -12.6593259 11.9700000 0.96 0.64 0.18
v 11.0439219 -12.6249623 11.8400000 0.96 0.64 0.18
v 11.2575522 -12.5474041 11.7100000 0.96 0.64 0.18
v 11.4356453 -12.4349361 11.5800000 0.96 0.64 0.18
v 10.8995602 -12.7074247 11.9700000 0.96 0.64 0.18
v 11.1381652 -12.6539349 11.8400000 0.96 0.64 0.18
v 11.3449581 -12.5596488 11.7100000 0.96 0.64 0.18
v 11.5135527 -12.4333869 11.5800000 0.96 0.64 0.18
v 11.0008114 -12.7476061 11.9700000 0.96 0.64 0.18
v 11.2344125 -12.6753281 11.8400000 0.96 0.64 0.18
v 11.4330606 -12.5649104 11.7100000 0.96 0.64 0.18
v 11.5910907 -12.4256527 11.5800000 0.96 0.64 0.18
v 11.1049351 -12.7796160 11.9700000 0.96 0.64 0.18
v 11.3320551 -12.6890069 11.8400000 0.96 0.64 0.18
v 11.5213026 -12.5631557 11.7100000 0.96 0.64 0.18
v 11.6677691 -12.4117826 11.5800000 0.96 0.64 0.18
v 11.2112727 -12.8032521 11.9700000 0.96 0.64 0.18
v 11.4304759 -12.6948847 11.8400000 0.96 0.64 0.18
v 11.6091263 -12.5543956 11.7100000 0.96 0.64 0.18
v 11.7431031 -12.3918643 11.5800000 0.96 0.64 0.18
v 11.3191522 -12.8183650 11.9700000 0.96 0.64 0.18
v 11.5290526 -12.6929244 11.8400000 0.96 0.64 0.18
v 11.6959763 -12.5386856 11.7100000 0.96 0.64 0.18
v 11.8166165 -12.3660236 11.5800000 0.96 0.64 0.18
v 11.4278913 -12.8248590 11.9700000 0.96 0.64 0.18
v 11.6271619 -12.6831384 11.8400000 0.96 0.64 0.18
v 11.7813037 -12.5161250 11.7100000 0.96 0.64 0.18
v 11.8878444 -12.3344239 11.5800000 0.96 0.64 0.18
v 11.5368026 -12.8226932 11.9700000 0.96 0.64 0.18
v 11.7241836 -12.6655885 11.8400000 0.96 0.64 0.18
v 11.8645688 -12.4868564 11.7100000 0.96 0.64 0.18
v 11.9563366 -12.2972651 11.5800000 0.96 0.64 0.18
v 11.6451975 -12.8118812 11.9700000 0.96 0.64 0.18
v 11.8195042 -12.6403857 11.8400000 0.96 0.64 0.18
v 11.9452454 -12.4510650 11.7100000 0.96 0.64 0.18
v 12.0216600 -12.2547820 11.5800000 0.96 0.64 0.18
v 11.7523908 -12.7924914 11.9700000 0.96 0.64 0.18
v 11.9125211 -12.6076893 11.8400000 0.96 0.64 0.18
v 12.0228232 -12.4089769 11.7100000 0.96 0.64 0.18
v 12.0834016 -12.2072433 11.5800000 0.96 0.64 0.18
v 11.8577047 -12.7646464 11.9700000 0.96 0.64 0.18
v 12.0026463 -12.5677060 11.8400000 0.96 0.64 0.18
v 12.0968120 -12.3608583 11.7100000 0.96 0.64 0.18
v 12.1411711 -12.1549494 11.5800000 0.96 0.64 0.18
v 11.9604734 -12.7285221 11.9700000 0.96 0.64 0.18
v 12.0893098 -12.5206887 11.8400000 0.96 0.64 0.18
v 12.1667438 -12.3070134 11.7100000 0.96 0.64 0.18
v 12.1946032 -12.0982311 11.5800000 0.96 0.64 0.18
v 12.0600472 -12.6843471 11.9700000 0.96 0.64 0.18
v 12.1719639 -12.4669346 11.8400000 0.96 0.64 0.18
v 12.2321766 -12.2477826 11.7100000 0.96 0.64 0.18
v 12.2433601 -12.0374469 11.5800000 0.96 0.64 0.18
v 12.1557965 -12.6324006 11.9700000 0.96 0.64 0.18
v 12.2500860 -12.4067836 11.8400000 0.96 0.64 0.18
v 12.2926966 -12.1835404 11.7100000 0.96 0.64 0.18
v 12.2871336 -11.9729810 11.5800000 0.96 0.64 0.18
v 12.2471159 -12.5730109 11.9700000 0.96 0.64 0.18
v 12.3231820 -12.3406158 11.8400000 0.96 0.64 0.18
v 12.3479212 -12.1146930 11.7100000 0.96 0.64 0.18
v 12.3256468 -11.9052412 11.5800000 0.96 0.64 0.18
v 12.3334281 -12.5065537 11.9700000 0.96 0.64 0.18
v 12.3907900 -12.2688498 11.8400000 0.96 0.64 0.18
v 12.3975014 -12.0416756 11.7100000 0.96 0.64 0.18
v 12.3586564 -11.8346556 11.5800000 0.96 0.64 0.18
v 12.4141875 -12.4334490 11.9700000 0.96 0.64 0.18
v 12.4524824 -12.1919391 11.8400000 0.96 0.64 0.18
v 12.4411236 -11.9649498 11.7100000 0.96 0.64 0.18
v 12.3859536 -11.7616705 11.5800000 0.96 0.64 0.18
v 12.4888834 -12.3541591 11.9700000 0.96 0.64 0.18
v 12.5078692 -12.1103701 11.8400000 0.96 0.64 0.18
v 12.4785120 -11.8850009 11.7100000 0.96 0.64 0.18
v 12.4073658 -11.6867474 11.5800000 0.96 0.64 0.18
v 12.5570435 -12.2691853 11.9700000 0.96 0.64 0.18
v 12.5566003 -12.0246585 11.8400000 0.96 0.64 0.18
v 12.5094302 -11.8023341 11.7100000 0.96 0.64 0.18
v 12.4227577 -11.6103599 11.5800000 0.96 0.64 0.18
v 12.6182371 -12.1790647 11.9700000 0.96 0.64 0.18
v 12.5983675 -11.9353461 11.8400000 0.96 0.64 0.18
v 12.5336828 -11.7174722 11.7100000 0.96 0.64 0.18
v 12.4320319 -11.5329910 11.5800000 0.96 0.64 0.18
v 12.6720770 -12.0843671 11.9700000 0.96 0.64 0.18
v 12.6329068 -11.8429976 11.8400000 0.96 0.64 0.18
v 12.5511165 -11.6309517 11.7100000 0.96 0.64 0.18
v 12.7182231 -11.9856914 11.9700000 0.96 0.64 0.18
v 12.6599998 -11.7481970 11.8400000 0.96 0.64 0.18
v 12.5616210 -11.5433195 11.7100000 0.96 0.64 0.18
v 12.7563834 -11.8836612 11.9700000 0.96 0.64 0.18
v 12.6794753 -11.6515434 11.8400000 0.96 0.64 0.18
v 12.7863169 -11.7789217 11.9700000 0.96 0.64 0.18
v 12.6912100 -11.5536481 11.8400000 0.96 0.64 0.18
v 12.8078341 -11.6721351 11.9700000 0.96 0.64 0.18
v 12.8207991 -11.5639766 11.9700000 0.96 0.64 0.18
v -9.9551299 11.4551299 12.1000000 0.96 0.64 0.18
v -9.9563158 11.5147646 12.1000000 0.96 0.64 0.18
v -9.9598716 11.5743051 12.1000000 0.96 0.64 0.18
v -9.9657917 11.6336571 12.1000000 0.96 0.64 0.18
v -9.9740668 11.6927269 12.1000000 0.96 0.64 0.18
v -9.9846838 11.7514210 12.1000000 0.96 0.64 0.18
v -9.9976258 11.8096465 12.1000000 0.96 0.64 0.18
v -10.0128725 11.8673115 12.1000000 0.96 0.64 0.18
v -10.0303997 11.9243248 12.1000000 0.96 0.64 0.18
v -10.0501796 11.9805961 12.1000000 0.96 0.64 0.18
v -10.0721811 12.0360366 12.1000000 0.96 0.64 0.18
v -10.0963693 12.0905586 12.1000000 0.96 0.64 0.18
v -10.1227059 12.1440758 12.1000000 0.96 0.64 0.18
v -10.1511494 12.1965036 12.1000000 0.96 0.64 0.18
v -10.1816548 12.2477592 12.1000000 0.96 0.64 0.18
v -10.2141738 12.2977615 12.1000000 0.96 0.64 0.18
v -10.2486550 12.3464314 12.1000000 0.96 0.64 0.18
v -10.2850439 12.3936920 12.1000000 0.96 0.64 0.18
v -10.3232829 12.4394685 12.1000000 0.96 0.64 0.18
v -10.3633116 12.4836885 12.1000000 0.96 0.64 0.18
v -10.4050667 12.5262823 12.1000000 0.96 0.64 0.18
v -10.4484822 12.5671822 12.1000000 0.96 0.64 0.18
v -10.4934894 12.6063239 12.1000000 0.96 0.64 0.18
v -10.5400171 12.6436452 12.1000000 0.96 0.64 0.18
v -10.5879919 12.6790872 12.1000000 0.96 0.64 0.18
v -10.6373377 12.7125940 12.1000000 0.96 0.64 0.18
v -10.6879766 12.7441124 12.1000000 0.96 0.64 0.18
v -10.7398286 12.7735926 12.1000000 0.96 0.64 0.18
v -10.7928116 12.8009881 12.1000000 0.96 0.64 0.18
v -10.8468419 12.8262556 12.1000000 0.96 0.64 0.18
v -10.9018340 12.8493550 12.1000000 0.96 0.64 0.18
v -10.9577009 12.8702498 12.1000000 0.96 0.64 0.18
v -11.0143544 12.8889070 12.1000000 0.96 0.64 0.18
v -11.0717049 12.9052972 12.1000000 0.96 0.64 0.18
v -11.1296616 12.9193943 12.1000000 0.96 0.64 0.18
v -11.1881330 12.9311762 12.1000000 0.96 0.64 0.18
v -11.2470266 12.9406241 12.1000000 0.96 0.64 0.18
v -11.3062492 12.9477231 12.1000000 0.96 0.64 0.18
v -11.3657072 12.9524620 12.1000000 0.96 0.64 0.18
v -11.4253066 12.9548333 12.1000000 0.96 0.64 0.18
v -11.4849531 12.9548333 12.1000000 0.96 0.64 0.18
v -11.5445525 12.9524620 12.1000000 0.96 0.64 0.18
v -11.6040106 12.9477231 12.1000000 0.96 0.64 0.18
v -11.6632332 12.9406241 12.1000000 0.96 0.64 0.18
v -11.7221267 12.9311762 12.1000000 0.96 0.64 0.18
v -11.7805981 12.9193943 12.1000000 0.96 0.64 0.18
v -11.8385548 12.9052972 12.1000000 0.96 0.64 0.18
v -11.8959053 12.8889070 12.1000000 0.96 0.64 0.18
v -11.9525588 12.8702498 12.1000000 0.96 0.64 0.18
v -12.0084257 12.8493550 12.1000000 0.96 0.64 0.18
v -12.0634178 12.8262556 12.1000000 0.96 0.64 0.18
v -12.1174481 12.8009881 12.1000000 0.96 0.64 0.18
v -12.1704311 12.7735926 12.1000000 0.96 0.64 0.18
v -12.2222831 12.7441124 12.1000000 0.96 0.64 0.18
v -12.2729220 12.7125940 12.1000000 0.96 0.64 0.18
v -12.3222679 12.6790872 12.1000000 0.96 0.64 0.18
v -12.3702426 12.6436452 12.1000000 0.96 0.64 0.18
v -12.4167703 12.6063239 12.1000000 0.96 0.64 0.18
v -12.4617775 12.5671822 12.1000000 0.96 0.64 0.18
v -12.5051930 12.5262823 12.1000000 0.96 0.64 0.18
v -12.5469481 12.4836885 12.1000000 0.96 0.64 0.18
v -12.5869768 12.4394685 12.1000000 0.96 0.64 0.18
v -12.6252158 12.3936920 12.1000000 0.96 0.64 0.18
v -12.6616047 12.3464314 12.1000000 0.96 0.64 0.18
v -12.6960859 12.2977615 12.1000000 0.96 0.64 0.18
v -12.7286049 12.2477592 12.1000000 0.96 0.64 0.18
v -12.7591103 12.1965036 12.1000000 0.96 0.64 0.18
v -12.7875538 12.1440758 12.1000000 0.96 0.64 0.18
v -12.8138904 12.0905586 12.1000000 0.96 0.64 0.18
v -12.8380786 12.0360366 12.1000000 0.96 0.64 0.18
v -12.8600801 11.9805961 12.1000000 0.96 0.64 0.18
v -12.8798601 11.9243248 12.1000000 0.96 0.64 0.18
v -12.8973872 11.8673115 12.1000000 0.96 0.64 0.18
v -12.9126339 11.8096465 12.1000000 0.96 0.64 0.18
v -12.9255759 11.7514210 12.1000000 0.96 0.64 0.18
v -12.9361929 11.6927269 12.1000000 0.96 0.64 0.18
v -12.9444680 11.6336571 12.1000000 0.96 0.64 0.18
v -12.9503881 11.5743051 12.1000000 0.96 0.64 0.18
v -12.9539440 11.5147646 12.1000000 0.96 0.64 0.18
v -12.9551299 11.4551299 12.1000000 0.96 0.64 0.18
v -12.9539440 11.3954951 12.1000000 0.96 0.64 0.18
v -12.9503881 11.3359546 12.1000000 0.96 0.64 0.18
v -12.9444680 11.2766026 12.1000000 0.96 0.64 0.18
v -12.9361929 11.2175328 12.1000000 0.96 0.64 0.18
v -12.9255759 11.1588388 12.1000000 0.96 0.64 0.18
v -12.9126339 11.1006132 12.1000000 0.96 0.64 0.18
v -12.8973872 11.0429482 12.1000000 0.96 0.64 0.18
v -12.8798601 10.9859349 12.1000000 0.96 0.64 0.18
v -12.8600801 10.9296636 12.1000000 0.96 0.64 0.18
v -12.8380786 10.8742231 12.1000000 0.96 0.64 0.18
v -12.8138904 10.8197011 12.1000000 0.96 0.64 0.18
v -12.7875538 10.7661839 12.1000000 0.96 0.64 0.18
v -12.7591103 10.7137561 12.1000000 0.96 0.64 0.18
v -12.7286049 10.6625005 12.1000000 0.96 0.64 0.18
v -12.6960859 10.6124982 12.1000000 0.96 0.64 0.18
v -12.6616047 10.5638283 12.1000000 0.96 0.64 0.18
v -12.6252158 10.5165677 12.1000000 0.96 0.64 0.18
v -12.5869768 10.4707912 12.1000000 0.96 0.64 0.18
v -12.5469481 10.4265712 12.1000000 0.96 0.64 0.18
v -12.5051930 10.3839775 12.1000000 0.96 0.64 0.18
v -12.4617775 10.3430775 12.1000000 0.96 0.64 0.18
v -12.4167703 10.3039359 12.1000000 0.96 0.64 0.18
v -12.3702426 10.2666145 12.1000000 0.96 0.64 0.18
v -12.3222679 10.2311725 12.1000000 0.96 0.64 0.18
v -12.2729220 10.1976657 12.1000000 0.96 0.64 0.18
v -12.2222831 10.1661473 12.1000000 0.96 0.64 0.18
v -12.1704311 10.1366671 12.1000000 0.96 0.64 0.18
v -12.1174481 10.1092716 12.1000000 0.96 0.64 0.18
v -12.0634178 10.0840041 12.1000000 0.96 0.64 0.18
v -12.0084257 10.0609047 12.1000000 0.96 0.64 0.18
v -11.9525588 10.0400099 12.1000000 0.96 0.64 0.18
v -11.8959053 10.0213527 12.1000000 0.96 0.64 0.18
v -11.8385548 10.0049625 12.1000000 0.96 0.64 0.18
v -11.7805981 9.9908654 12.1000000 0.96 0.64 0.18
v -11.7221267 9.9790836 12.1000000 0.96 0.64 0.18
v -11.6632332 9.9696357 12.1000000 0.96 0.64 0.18
v -11.6040106 9.9625366 12.1000000 0.96 0.64 0.18
v -11.5445525 9.9577977 12.1000000 0.96 0.64 0.18
v -11.4849531 9.9554264 12.1000000 0.96 0.64 0.18
v -11.4253066 9.9554264 12.1000000 0.96 0.64 0.18
v -11.3657072 9.9577977 12.1000000 0.96 0.64 0.18
v -11.3062492 9.9625366 12.1000000 0.96 0.64 0.18
v -11.2470266 9.9696357 12.1000000 0.96 0.64 0.18
v -11.1881330 9.9790836 12.1000000 0.96 0.64 0.18
v -11.1296616 9.9908654 12.1000000 0.96 0.64 0.18
v -11.0717049 10.0049625 12.1000000 0.96 0.64 0.18
v -11.0143544 10.0213527 12.1000000 0.96 0.64 0.18
v -10.9577009 10.0400099 12.1000000 0.96 0.64 0.18
v -10.9018340 10.0609047 12.1000000 0.96 0.64 0.18
v -10.8468419 10.0840041 12.1000000 0.96 0.64 0.18
v -10.7928116 10.1092716 12.1000000 0.96 0.64 0.18
v -10.7398286 10.1366671 12.1000000 0.96 0.64 0.18
v -10.6879766 10.1661473 12.1000000 0.96 0.64 0.18
v -10.6373377 10.1976657 12.1000000 0.96 0.64 0.18
v -10.5879919 10.2311725 12.1000000 0.96 0.64 0.18
v -10.5400171 10.2666145 12.1000000 0.96 0.64 0.18
v -10.4934894 10.3039359 12.1000000 0.96 0.64 0.18
v -10.4484822 10.3430775 12.1000000 0.96 0.64 0.18
v -10.4050667 10.3839775 12.1000000 0.96 0.64 0.18
v -10.3633116 10.4265712 12.1000000 0.96 0.64 0.18
v -10.3232829 10.4707912 12.1000000 0.96 0.64 0.18
v -10.2850439 10.5165677 12.1000000 0.96 0.64 0.18
v -10.2486550 10.5638283 12.1000000 0.96 0.64 0.18
v -10.2141738 10.6124982 12.1000000 0.96 0.64 0.18
v -10.1816548 10.6625005 12.1000000 0.96 0.64 0.18
v -10.1511494 10.7137561 12.1000000 0.96 0.64 0.18
v -10.1227059 10.7661839 12.1000000 0.96 0.64 0.18
v -10.0963693 10.8197011 12.1000000 0.96 0.64 0.18
v -10.0721811 10.8742231 12.1000000 0.96 0.64 0.18
v -10.0501796 10.9296636 12.1000000 0.96 0.64 0.18
v -10.0303997 10.9859349 12.1000000 0.96 0.64 0.18
v -10.0128725 11.0429482 12.1000000 0.96 0.64 0.18
v -9.9976258 11.1006132 12.1000000 0.96 0.64 0.18
v -9.9846838 11.1588388 12.1000000 0.96 0.64 0.18
v -9.9740668 11.2175328 12.1000000 0.96 0.64 0.18
v -9.9657917 11.2766026 12.1000000 0.96 0.64 0.18
v -9.9598716 11.3359546 12.1000000 0.96 0.64 0.18
v -9.9563158 11.3954951 12.1000000 0.96 0.64 0.18
v -9.9551299 11.4551299 12.1000000 0.96 0.64 0.18
v -10.6051299 11.4551299 11.4500000 0.96 0.64 0.18
v -10.4751299 11.4551299 11.5800000 0.96 0.64 0.18
v -10.3451299 11.4551299 11.7100000 0.96 0.64 0.18
v -10.2151299 11.4551299 11.8400000 0.96 0.64 0.18
v -10.0851299 11.4551299 11.9700000 0.96 0.64 0.18
v -10.6058019 11.4889229 11.4500000 0.96 0.64 0.18
v -10.6078168 11.5226625 11.4500000 0.96 0.64 0.18
v -10.6111716 11.5562953 11.4500000 0.96 0.64 0.18
v -10.6158608 11.5897682 11.4500000 0.96 0.64 0.18
v -10.6218771 11.6230281 11.4500000 0.96 0.64 0.18
v -10.6292109 11.6560226 11.4500000 0.96 0.64 0.18
v -10.6378507 11.6886995 11.4500000 0.96 0.64 0.18
v -10.6477827 11.7210070 11.4500000 0.96 0.64 0.18
v -10.6589914 11.7528941 11.4500000 0.96 0.64 0.18
v -10.6714589 11.7843104 11.4500000 0.96 0.64 0.18
v -10.6851655 11.8152061 11.4500000 0.96 0.64 0.18
v -10.7000896 11.8455326 11.4500000 0.96 0.64 0.18
v -10.7162076 11.8752417 11.4500000 0.96 0.64 0.18
v -10.7334940 11.9042865 11.4500000 0.96 0.64 0.18
v -10.7519214 11.9326211 11.4500000 0.96 0.64 0.18
v -10.7714608 11.9602007 11.4500000 0.96 0.64 0.18
v -10.7920811 11.9869817 11.4500000 0.96 0.64 0.18
v -10.8137499 12.0129217 11.4500000 0.96 0.64 0.18
v -10.8364329 12.0379798 11.4500000 0.96 0.64 0.18
v -10.8600941 12.0621162 11.4500000 0.96 0.64 0.18
v -10.8846962 12.0852929 11.4500000 0.96 0.64 0.18
v -10.9102003 12.1074731 11.4500000 0.96 0.64 0.18
v -10.9365660 12.1286219 11.4500000 0.96 0.64 0.18
v -10.9637517 12.1487057 11.4500000 0.96 0.64 0.18
v -10.9917143 12.1676929 11.4500000 0.96 0.64 0.18
v -11.0204097 12.1855533 11.4500000 0.96 0.64 0.18
v -11.0497925 12.2022588 11.4500000 0.96 0.64 0.18
v -11.0798162 12.2177829 11.4500000 0.96 0.64 0.18
v -11.1104333 12.2321011 11.4500000 0.96 0.64 0.18
v -11.1415955 12.2451908 11.4500000 0.96 0.64 0.18
v -11.1732535 12.2570312 11.4500000 0.96 0.64 0.18
v -11.2053571 12.2676036 11.4500000 0.96 0.64 0.18
v -11.2378557 12.2768913 11.4500000 0.96 0.64 0.18
v -11.2706979 12.2848797 11.4500000 0.96 0.64 0.18
v -11.3038316 12.2915561 11.4500000 0.96 0.64 0.18
v -11.3372047 12.2969099 11.4500000 0.96 0.64 0.18
v -11.3707641 12.3009327 11.4500000 0.96 0.64 0.18
v -11.4044570 12.3036181 11.4500000 0.96 0.64 0.18
v -11.4382300 12.3049618 11.4500000 0.96 0.64 0.18
v -11.4720297 12.3049618 11.4500000 0.96 0.64 0.18
v -11.5058027 12.3036181 11.4500000 0.96 0.64 0.18
v -11.5394956 12.3009327 11.4500000 0.96 0.64 0.18
v -11.5730551 12.2969099 11.4500000 0.96 0.64 0.18
v -11.6064281 12.2915561 11.4500000 0.96 0.64 0.18
v -11.6395618 12.2848797 11.4500000 0.96 0.64 0.18
v -11.6724040 12.2768913 11.4500000 0.96 0.64 0.18
v -11.7049026 12.2676036 11.4500000 0.96 0.64 0.18
v -11.7370062 12.2570312 11.4500000 0.96 0.64 0.18
v -11.7686642 12.2451908 11.4500000 0.96 0.64 0.18
v -11.7998264 12.2321011 11.4500000 0.96 0.64 0.18
v -11.8304435 12.2177829 11.4500000 0.96 0.64 0.18
v -11.8604672 12.2022588 11.4500000 0.96 0.64 0.18
v -11.8898500 12.1855533 11.4500000 0.96 0.64 0.18
v -11.9185454 12.1676929 11.4500000 0.96 0.64 0.18
v -11.9465081 12.1487057 11.4500000 0.96 0.64 0.18
v -11.9736937 12.1286219 11.4500000 0.96 0.64 0.18
v -12.0000594 12.1074731 11.4500000 0.96 0.64 0.18
v -12.0255635 12.0852929 11.4500000 0.96 0.64 0.18
v -12.0501656 12.0621162 11.4500000 0.96 0.64 0.18
v -12.0738268 12.0379798 11.4500000 0.96 0.64 0.18
v -12.0965098 12.0129217 11.4500000 0.96 0.64 0.18
v -12.1181786 11.9869817 11.4500000 0.96 0.64 0.18
v -12.1387989 11.9602007 11.4500000 0.96 0.64 0.18
v -12.1583383 11.9326211 11.4500000 0.96 0.64 0.18
v -12.1767657 11.9042865 11.4500000 0.96 0.64 0.18
v -12.1940521 11.8752417 11.4500000 0.96 0.64 0.18
v -12.2101701 11.8455326 11.4500000 0.96 0.64 0.18
v -12.2250942 11.8152061 11.4500000 0.96 0.64 0.18
v -12.2388008 11.7843104 11.4500000 0.96 0.64 0.18
v -12.2512683 11.7528941 11.4500000 0.96 0.64 0.18
v -12.2624770 11.7210070 11.4500000 0.96 0.64 0.18
v -12.2724090 11.6886995 11.4500000 0.96 0.64 0.18
v -12.2810488 11.6560226 11.4500000 0.96 0.64 0.18
v -12.2883826 11.6230281 11.4500000 0.96 0.64 0.18
v -12.2943989 11.5897682 11.4500000 0.96 0.64 0.18
v -12.2990881 11.5562953 11.4500000 0.96 0.64 0.18
v -12.3024429 11.5226625 11.4500000 0.96 0.64 0.18
v -12.3044578 11.4889229 11.4500000 0.96 0.64 0.18
v -12.3051299 11.4551299 11.4500000 0.96 0.64 0.18
v -12.3044578 11.4213368 11.4500000 0.96 0.64 0.18
v -12.3024429 11.3875972 11.4500000 0.96 0.64 0.18
v -12.2990881 11.3539644 11.4500000 0.96 0.64 0.18
v -12.2943989 11.3204915 11.4500000 0.96 0.64 0.18
v -12.2883826 11.2872316 11.4500000 0.96 0.64 0.18
v -12.2810488 11.2542371 11.4500000 0.96 0.64 0.18
v -12.2724090 11.2215603 11.4500000 0.96 0.64 0.18
v -12.2624770 11.1892527 11.4500000 0.96 0.64 0.18
v -12.2512683 11.1573656 11.4500000 0.96 0.64 0.18
v -12.2388008 11.1259494 11.4500000 0.96 0.64 0.18
v -12.2250942 11.0950536 11.4500000 0.96 0.64 0.18
v -12.2101701 11.0647272 11.4500000 0.96 0.64 0.18
v -12.1940521 11.0350180 11.4500000 0.96 0.64 0.18
v -12.1767657 11.0059732 11.4500000 0.96 0.64 0.18
v -12.1583383 10.9776386 11.4500000 0.96 0.64 0.18
v -12.1387989 10.9500590 11.4500000 0.96 0.64 0.18
v -12.1181786 10.9232780 11.4500000 0.96 0.64 0.18
v -12.0965098 10.8973380 11.4500000 0.96 0.64 0.18
v -12.0738268 10.8722799 11.4500000 0.96 0.64 0.18
v -12.0501656 10.8481435 11.4500000 0.96 0.64 0.18
v -12.0255635 10.8249668 11.4500000 0.96 0.64 0.18
v -12.0000594 10.8027866 11.4500000 0.96 0.64 0.18
v -11.9736937 10.7816378 11.4500000 0.96 0.64 0.18
v -11.9465081 10.7615540 11.4500000 0.96 0.64 0.18
v -11.9185454 10.7425669 11.4500000 0.96 0.64 0.18
v -11.8898500 10.7247064 11.4500000 0.96 0.64 0.18
v -11.8604672 10.7080009 11.4500000 0.96 0.64 0.18
v -11.8304435 10.6924768 11.4500000 0.96 0.64 0.18
v -11.7998264 10.6781586 11.4500000 0.96 0.64 0.18
v -11.7686642 10.6650690 11.4500000 0.96 0.64 0.18
v -11.7370062 10.6532286 11.4500000 0.96 0.64 0.18
v -11.7049026 10.6426561 11.4500000 0.96 0.64 0.18
v -11.6724040 10.6333684 11.4500000 0.96 0.64 0.18
v -11.6395618 10.6253800 11.4500000 0.96 0.64 0.18
v -11.6064281 10.6187036 11.4500000 0.96 0.64 0.18
v -11.5730551 10.6133498 11.4500000 0.96 0.64 0.18
v -11.5394956 10.6093270 11.4500000 0.96 0.64 0.18
v -11.5058027 10.6066416 11.4500000 0.96 0.64 0.18
v -11.4720297 10.6052979 11.4500000 0.96 0.64 0.18
v -11.4382300 10.6052979 11.4500000 0.96 0.64 0.18
v -11.4044570 10.6066416 11.4500000 0.96 0.64 0.18
v -11.3707641 10.6093270 11.4500000 0.96 0.64 0.18
v -11.3372047 10.6133498 11.4500000 0.96 0.64 0.18
v -11.3038316 10.6187036 11.4500000 0.96 0.64 0.18
v -11.2706979 10.6253800 11.4500000 0.96 0.64 0.18
v -11.2378557 10.6333684 11.4500000 0.96 0.64 0.18
v -11.2053571 10.6426561 11.4500000 0.96 0.64 0.18
v -11.1732535 10.6532286 11.4500000 0.96 0.64 0.18
v -11.1415955 10.6650690 11.4500000 0.96 0.64 0.18
v -11.1104333 10.6781586 11.4500000 0.96 0.64 0.18
v -11.0798162 10.6924768 11.4500000 0.96 0.64 0.18
v -11.0497925 10.7080009 11.4500000 0.96 0.64 0.18
v -11.0204097 10.7247064 11.4500000 0.96 0.64 0.18
v -10.9917143 10.7425669 11.4500000 0.96 0.64 0.18
v -10.9637517 10.7615540 11.4500000 0.96 0.64 0.18
v -10.9365660 10.7816378 11.4500000 0.96 0.64 0.18
v -10.9102003 10.8027866 11.4500000 0.96 0.64 0.18
v -10.8846962 10.8249668 11.4500000 0.96 0.64 0.18
v -10.8600941 10.8481435 11.4500000 0.96 0.64 0.18
v -10.8364329 10.8722799 11.4500000 0.96 0.64 0.18
v -10.8137499 10.8973380 11.4500000 0.96 0.64 0.18
v -10.7920811 10.9232780 11.4500000 0.96 0.64 0.18
v -10.7714608 10.9500590 11.4500000 0.96 0.64 0.18
v -10.7519214 10.9776386 11.4500000 0.96 0.64 0.18
v -10.7334940 11.0059732 11.4500000 0.96 0.64 0.18
v -10.7162076 11.0350180 11.4500000 0.96 0.64 0.18
v -10.7000896 11.0647272 11.4500000 0.96 0.64 0.18
v -10.6851655 11.0950536 11.4500000 0.96 0.64 0.18
v -10.6714589 11.1259494 11.4500000 0.96 0.64 0.18
v -10.6589914 11.1573656 11.4500000 0.96 0.64 0.18
v -10.6477827 11.1892527 11.4500000 0.96 0.64 0.18
v -10.6378507 11.2215603 11.4500000 0.96 0.64 0.18
v -10.6292109 11.2542371 11.4500000 0.96 0.64 0.18
v -10.6218771 11.2872316 11.4500000 0.96 0.64 0.18
v -10.6158608 11.3204915 11.4500000 0.96 0.64 0.18
v -10.6111716 11.3539644 11.4500000 0.96 0.64 0.18
v -10.6078168 11.3875972 11.4500000 0.96 0.64 0.18
v -10.6058019 11.4213368 11.4500000 0.96 0.64 0.18
v -10.6051299 11.4551299 11.4500000 0.96 0.64 0.18
v -10.4751299 11.4551299 11.5800000 0.96 0.64 0.18
v -10.3451299 11.4551299 11.7100000 0.96 0.64 0.18
v -10.2151299 11.4551299 11.8400000 0.96 0.64 0.18
v -10.0851299 11.4551299 11.9700000 0.96 0.64 0.18
v -10.4782278 11.5329910 11.5800000 0.96 0.64 0.18
v -10.4875020 11.6103599 11.5800000 0.96 0.64 0.18
v -10.3486387 11.5433195 11.7100000 0.96 0.64 0.18
v -10.5028939 11.6867474 11.5800000 0.96 0.64 0.18
v -10.3591432 11.6309517 11.7100000 0.96 0.64 0.18
v -10.5243061 11.7616705 11.5800000 0.96 0.64 0.18
v -10.2190497 11.5536481 11.8400000 0.96 0.64 0.18
v -10.3765769 11.7174722 11.7100000 0.96 0.64 0.18
v -10.5516033 11.8346556 11.5800000 0.96 0.64 0.18
v -10.2307844 11.6515434 11.8400000 0.96 0.64 0.18
v -10.4008295 11.8023341 11.7100000 0.96 0.64 0.18
v -10.5846129 11.9052412 11.5800000 0.96 0.64 0.18
v -10.0894606 11.5639766 11.9700000 0.96 0.64 0.18
v -10.2502599 11.7481970 11.8400000 0.96 0.64 0.18
v -10.4317478 11.8850009 11.7100000 0.96 0.64 0.18
v -10.6231262 11.9729810 11.5800000 0.96 0.64 0.18
v -10.1024256 11.6721351 11.9700000 0.96 0.64 0.18
v -10.2773529 11.8429976 11.8400000 0.96 0.64 0.18
v -10.4691362 11.9649498 11.7100000 0.96 0.64 0.18
v -10.6668996 12.0374469 11.5800000 0.96 0.64 0.18
v -10.1239429 11.7789217 11.9700000 0.96 0.64 0.18
v -10.3118922 11.9353461 11.8400000 0.96 0.64 0.18
v -10.5127583 12.0416756 11.7100000 0.96 0.64 0.18
v -10.7156565 12.0982311 11.5800000 0.96 0.64 0.18
v -10.1538763 11.8836612 11.9700000 0.96 0.64 0.18
v -10.3536594 12.0246585 11.8400000 0.96 0.64 0.18
v -10.5623385 12.1146930 11.7100000 0.96 0.64 0.18
v -10.7690886 12.1549494 11.5800000 0.96 0.64 0.18
v -10.1920366 11.9856914 11.9700000 0.96 0.64 0.18
v -10.4023905 12.1103701 11.8400000 0.96 0.64 0.18
v -10.6175631 12.1835404 11.7100000 0.96 0.64 0.18
v -10.8268581 12.2072433 11.5800000 0.96 0.64 0.18
v -10.2381827 12.0843671 11.9700000 0.96 0.64 0.18
v -10.4577773 12.1919391 11.8400000 0.96 0.64 0.18
v -10.6780832 12.2477826 11.7100000 0.96 0.64 0.18
v -10.8885997 12.2547820 11.5800000 0.96 0.64 0.18
v -10.2920226 12.1790647 11.9700000 0.96 0.64 0.18
v -10.5194697 12.2688498 11.8400000 0.96 0.64 0.18
v -10.7435159 12.3070134 11.7100000 0.96 0.64 0.18
v -10.9539231 12.2972651 11.5800000 0.96 0.64 0.18
v -10.3532162 12.2691853 11.9700000 0.96 0.64 0.18
v -10.5870777 12.3406158 11.8400000 0.96 0.64 0.18
v -10.8134477 12.3608583 11.7100000 0.96 0.64 0.18
v -11.0224153 12.3344239 11.5800000 0.96 0.64 0.18
v -10.4213763 12.3541591 11.9700000 0.96 0.64 0.18
v -10.6601737 12.4067836 11.8400000 0.96 0.64 0.18
v -10.8874365 12.4089769 11.7100000 0.96 0.64 0.18
v -11.0936432 12.3660236 11.5800000 0.96 0.64 0.18
v -10.4960722 12.4334490 11.9700000 0.96 0.64 0.18
v -10.7382958 12.4669346 11.8400000 0.96 0.64 0.18
v -10.9650144 12.4510650 11.7100000 0.96 0.64 0.18
v -11.1671566 12.3918643 11.5800000 0.96 0.64 0.18
v -10.5768316 12.5065537 11.9700000 0.96 0.64 0.18
v -10.8209499 12.5206887 11.8400000 0.96 0.64 0.18
v -11.0456909 12.4868564 11.7100000 0.96 0.64 0.18
v -11.2424906 12.4117826 11.5800000 0.96 0.64 0.18
v -10.6631438 12.5730109 11.9700000 0.96 0.64 0.18
v -10.9076134 12.5677060 11.8400000 0.96 0.64 0.18
v -11.1289561 12.5161250 11.7100000 0.96 0.64 0.18
v -11.3191690 12.4256527 11.5800000 0.96 0.64 0.18
v -10.7544632 12.6324006 11.9700000 0.96 0.64 0.18
v -10.9977386 12.6076893 11.8400000 0.96 0.64 0.18
v -11.2142834 12.5386856 11.7100000 0.96 0.64 0.18
v -11.3967070 12.4333869 11.5800000 0.96 0.64 0.18
v -10.8502125 12.6843471 11.9700000 0.96 0.64 0.18
v -11.0907555 12.6403857 11.8400000 0.96 0.64 0.18
v -11.3011334 12.5543956 11.7100000 0.96 0.64 0.18
v -11.4746144 12.4349361 11.5800000 0.96 0.64 0.18
v -10.9497863 12.7285221 11.9700000 0.96 0.64 0.18
v -11.1860761 12.6655885 11.8400000 0.96 0.64 0.18
v -11.3889571 12.5631557 11.7100000 0.96 0.64 0.18
v -11.5523986 12.4302908 11.5800000 0.96 0.64 0.18
v -11.0525550 12.7646464 11.9700000 0.96 0.64 0.18
v -11.2830978 12.6831384 11.8400000 0.96 0.64 0.18
v -11.4771991 12.5649104 11.7100000 0.96 0.64 0.18
v -11.6295678 12.4194801 11.5800000 0.96 0.64 0.18
v -11.1578689 12.7924914 11.9700000 0.96 0.64 0.18
v -11.3812071 12.6929244 11.8400000 0.96 0.64 0.18
v -11.5653016 12.5596488 11.7100000 0.96 0.64 0.18
v -11.7056342 12.4025725 11.5800000 0.96 0.64 0.18
v -11.2650622 12.8118812 11.9700000 0.96 0.64 0.18
v -11.4797838 12.6948847 11.8400000 0.96 0.64 0.18
v -11.6527075 12.5474041 11.7100000 0.96 0.64 0.18
v -11.7801167 12.3796749 11.5800000 0.96 0.64 0.18
v -11.3734571 12.8226932 11.9700000 0.96 0.64 0.18
v -11.5782046 12.6890069 11.8400000 0.96 0.64 0.18
v -11.7388643 12.5282537 11.7100000 0.96 0.64 0.18
v -11.8525447 12.3509320 11.5800000 0.96 0.64 0.18
v -11.4823685 12.8248590 11.9700000 0.96 0.64 0.18
v -11.6758472 12.6753281 11.8400000 0.96 0.64 0.18
v -11.8232273 12.5023186 11.7100000 0.96 0.64 0.18
v -11.9224600 12.3165255 11.5800000 0.96 0.64 0.18
v -11.5911076 12.8183650 11.9700000 0.96 0.64 0.18
v -11.7720945 12.6539349 11.8400000 0.96 0.64 0.18
v -11.9052630 12.4697629 11.7100000 0.96 0.64 0.18
v -11.9894207 12.2766731 11.5800000 0.96 0.64 0.18
v -11.6989870 12.8032521 11.9700000 0.96 0.64 0.18
v -11.8663378 12.6249623 11.8400000 0.96 0.64 0.18
v -11.9844528 12.4307923 11.7100000 0.96 0.64 0.18
v -12.0530035 12.2316265 11.5800000 0.96 0.64 0.18
v -11.8053246 12.7796160 11.9700000 0.96 0.64 0.18
v -11.9579813 12.5885938 11.8400000 0.96 0.64 0.18
v -12.0602961 12.3856533 11.7100000 0.96 0.64 0.18
v -12.1128063 12.1816708 11.5800000 0.96 0.64 0.18
v -11.9094483 12.7476061 11.9700000 0.96 0.64 0.18
v -12.0464456 12.5450591 11.8400000 0.96 0.64 0.18
v -12.1323133 12.3346312 11.7100000 0.96 0.64 0.18
v -12.1684511 12.1271215 11.5800000 0.96 0.64 0.18
v -12.0106995 12.7074247 11.9700000 0.96 0.64 0.18
v -12.1311714 12.4946335 11.8400000 0.96 0.64 0.18
v -12.2000491 12.2780486 11.7100000 0.96 0.64 0.18
v -12.2195860 12.0683238 11.5800000 0.96 0.64 0.18
v -12.1084383 12.6593259 11.9700000 0.96 0.64 0.18
v -12.2116230 12.4376359 11.8400000 0.96 0.64 0.18
v -12.2630753 12.2162633 11.7100000 0.96 0.64 0.18
v -12.2658878 12.0056492 11.5800000 0.96 0.64 0.18
v -12.2020467 12.6036137 11.9700000 0.96 0.64 0.18
v -12.2872919 12.3744265 11.8400000 0.96 0.64 0.18
v -12.3209935 12.1496658 11.7100000 0.96 0.64 0.18
v -12.3070637 11.9394941 11.5800000 0.96 0.64 0.18
v -12.2909328 12.5406405 11.9700000 0.96 0.64 0.18
v -12.3576996 12.3054050 11.8400000 0.96 0.64 0.18
v -12.3734373 12.0786773 11.7100000 0.96 0.64 0.18
v -12.3428534 11.8702766 11.5800000 0.96 0.64 0.18
v -12.3745347 12.4708044 11.9700000 0.96 0.64 0.18
v -12.4224009 12.2310079 11.8400000 0.96 0.64 0.18
v -12.4200754 12.0037465 11.7100000 0.96 0.64 0.18
v -12.3730307 11.7984345 11.5800000 0.96 0.64 0.18
v -12.4523238 12.3945468 11.9700000 0.96 0.64 0.18
v -12.4809869 12.1517053 11.8400000 0.96 0.64 0.18
v -12.4606127 11.9253471 11.7100000 0.96 0.64 0.18
v -12.3974047 11.7244219 11.5800000 0.96 0.64 0.18
v -12.5238084 12.3123499 11.9700000 0.96 0.64 0.18
v -12.5330870 12.0679988 11.8400000 0.96 0.64 0.18
v -12.4947930 11.8439749 11.7100000 0.96 0.64 0.18
v -12.4158213 11.6487067 11.5800000 0.96 0.64 0.18
v -12.5885364 12.2247334 11.9700000 0.96 0.64 0.18
v -12.5783719 11.9804176 11.8400000 0.96 0.64 0.18
v -12.5224003 11.7601443 11.7100000 0.96 0.64 0.18
v -12.4281641 11.5717677 11.5800000 0.96 0.64 0.18
v -12.6460986 12.1322512 11.9700000 0.96 0.64 0.18
v -12.6165554 11.8895153 11.8400000 0.96 0.64 0.18
v -12.5432599 11.6743853 11.7100000 0.96 0.64 0.18
v -12.4343551 11.4940912 11.5800000 0.96 0.64 0.18
v -12.6961312 12.0354881 11.9700000 0.96 0.64 0.18
v -12.6473959 11.7958667 11.8400000 0.96 0.64 0.18
v -12.5572401 11.5872400 11.7100000 0.96 0.64 0.18
v -12.4343551 11.4161685 11.5800000 0.96 0.64 0.18
v -12.7383177 11.9350557 11.9700000 0.96 0.64 0.18
v -12.6706986 11.7000638 11.8400000 0.96 0.64 0.18
v -12.5642523 11.4992596 11.7100000 0.96 0.64 0.18
v -12.4281641 11.3384920 11.5800000 0.96 0.64 0.18
v -12.7723916 11.8315891 11.9700000 0.96 0.64 0.18
v -12.6863160 11.6027124 11.8400000 0.96 0.64 0.18
v -12.5642523 11.4110001 11.7100000 0.96 0.64 0.18
v -12.4158213 11.2615530 11.5800000 0.96 0.64 0.18
v -12.7981372 11.7257424 11.9700000 0.96 0.64 0.18
v -12.6941495 11.5044279 11.8400000 0.96 0.64 0.18
v -12.5572401 11.3230197 11.7100000 0.96 0.64 0.18
v -12.3974047 11.1858378 11.5800000 0.96 0.64 0.18
v -12.8153920 11.6181848 11.9700000 0.96 0.64 0.18
v -12.6941495 11.4058318 11.8400000 0.96 0.64 0.18
v -12.5432599 11.2358744 11.7100000 0.96 0.64 0.18
v -12.3730307 11.1118252 11.5800000 0.96 0.64 0.18
v -12.8240467 11.5095963 11.9700000 0.96 0.64 0.18
v -12.6863160 11.3075473 11.8400000 0.96 0.64 0.18
v -12.5224003 11.1501154 11.7100000 0.96 0.64 0.18
v -12.3428534 11.0399831 11.5800000 0.96 0.64 0.18
v -12.8240467 11.4006634 11.9700000 0.96 0.64 0.18
v -12.6706986 11.2101959 11.8400000 0.96 0.64 0.18
v -12.4947930 11.0662848 11.7100000 0.96 0.64 0.18
v -12.3070637 10.9707657 11.5800000 0.96 0.64 0.18
v -12.8153920 11.2920749 11.9700000 0.96 0.64 0.18
v -12.6473959 11.1143930 11.8400000 0.96 0.64 0.18
v -12.4606127 10.9849126 11.7100000 0.96 0.64 0.18
v -12.2658878 10.9046105 11.5800000 0.96 0.64 0.18
v -12.7981372 11.1845173 11.9700000 0.96 0.64 0.18
v -12.6165554 11.0207444 11.8400000 0.96 0.64 0.18
v -12.4200754 10.9065133 11.7100000 0.96 0.64 0.18
v -12.2195860 10.8419359 11.5800000 0.96 0.64 0.18
v -12.7723916 11.0786706 11.9700000 0.96 0.64 0.18
v -12.5783719 10.9298421 11.8400000 0.96 0.64 0.18
v -12.3734373 10.8315824 11.7100000 0.96 0.64 0.18
v -12.1684511 10.7831382 11.5800000 0.96 0.64 0.18
v -12.7383177 10.9752040 11.9700000 0.96 0.64 0.18
v -12.5330870 10.8422609 11.8400000 0.96 0.64 0.18
v -12.3209935 10.7605939 11.7100000 0.96 0.64 0.18
v -12.1128063 10.7285890 11.5800000 0.96 0.64 0.18
v -12.6961312 10.8747716 11.9700000 0.96 0.64 0.18
v -12.4809869 10.7585544 11.8400000 0.96 0.64 0.18
v -12.2630753 10.6939964 11.7100000 0.96 0.64 0.18
v -12.0530035 10.6786332 11.5800000 0.96 0.64 0.18
v -12.6460986 10.7780085 11.9700000 0.96 0.64 0.18
v -12.4224009 10.6792518 11.8400000 0.96 0.64 0.18
v -12.2000491 10.6322111 11.7100000 0.96 0.64 0.18
v -11.9894207 10.6335866 11.5800000 0.96 0.64 0.18
v -12.5885364 10.6855263 11.9700000 0.96 0.64 0.18
v -12.3576996 10.6048547 11.8400000 0.96 0.64 0.18
v -12.1323133 10.5756285 11.7100000 0.96 0.64 0.18
v -11.9224600 10.5937342 11.5800000 0.96 0.64 0.18
v -12.5238084 10.5979098 11.9700000 0.96 0.64 0.18
v -12.2872919 10.5358332 11.8400000 0.96 0.64 0.18
v -12.0602961 10.5246064 11.7100000 0.96 0.64 0.18
v -11.8525447 10.5593277 11.5800000 0.96 0.64 0.18
v -12.4523238 10.5157129 11.9700000 0.96 0.64 0.18
v -12.2116230 10.4726238 11.8400000 0.96 0.64 0.18
v -11.9844528 10.4794674 11.7100000 0.96 0.64 0.18
v -11.7801167 10.5305848 11.5800000 0.96 0.64 0.18
v -12.3745347 10.4394553 11.9700000 0.96 0.64 0.18
v -12.1311714 10.4156262 11.8400000 0.96 0.64 0.18
v -11.9052630 10.4404968 11.7100000 0.96 0.64 0.18
v -11.7056342 10.5076872 11.5800000 0.96 0.64 0.18
v -12.2909328 10.3696192 11.9700000 0.96 0.64 0.18
v -12.0464456 10.3652006 11.8400000 0.96 0.64 0.18
v -11.8232273 10.4079411 11.7100000 0.96 0.64 0.18
v -11.6295678 10.4907796 11.5800000 0.96 0.64 0.18
v -12.2020467 10.3066460 11.9700000 0.96 0.64 0.18
v -11.9579813 10.3216659 11.8400000 0.96 0.64 0.18
v -11.7388643 10.3820060 11.7100000 0.96 0.64 0.18
v -11.5523986 10.4799689 11.5800000 0.96 0.64 0.18
v -12.1084383 10.2509338 11.9700000 0.96 0.64 0.18
v -11.8663378 10.2852974 11.8400000 0.96 0.64 0.18
v -11.6527075 10.3628556 11.7100000 0.96 0.64 0.18
v -11.4746144 10.4753236 11.5800000 0.96 0.64 0.18
v -12.0106995 10.2028350 11.9700000 0.96 0.64 0.18
v -11.7720945 10.2563249 11.8400000 0.96 0.64 0.18
v -11.5653016 10.3506109 11.7100000 0.96 0.64 0.18
v -11.3967070 10.4768728 11.5800000 0.96 0.64 0.18
v -11.9094483 10.1626536 11.9700000 0.96 0.64 0.18
v -11.6758472 10.2349316 11.8400000 0.96 0.64 0.18
v -11.4771991 10.3453493 11.7100000 0.96 0.64 0.18
v -11.3191690 10.4846070 11.5800000 0.96 0.64 0.18
v -11.8053246 10.1306437 11.9700000 0.96 0.64 0.18
v -11.5782046 10.2212528 11.8400000 0.96 0.64 0.18
v -11.3889571 10.3471041 11.7100000 0.96 0.64 0.18
v -11.2424906 10.4984771 11.5800000 0.96 0.64 0.18
v -11.6989870 10.1070076 11.9700000 0.96 0.64 0.18
v -11.4797838 10.2153750 11.8400000 0.96 0.64 0.18
v -11.3011334 10.3558641 11.7100000 0.96 0.64 0.18
v -11.1671566 10.5183954 11.5800000 0.96 0.64 0.18
v -11.5911076 10.0918947 11.9700000 0.96 0.64 0.18
v -11.3812071 10.2173353 11.8400000 0.96 0.64 0.18
v -11.2142834 10.3715741 11.7100000 0.96 0.64 0.18
v -11.0936432 10.5442361 11.5800000 0.96 0.64 0.18
v -11.4823685 10.0854007 11.9700000 0.96 0.64 0.18
v -11.2830978 10.2271213 11.8400000 0.96 0.64 0.18
v -11.1289561 10.3941347 11.7100000 0.96 0.64 0.18
v -11.0224153 10.5758358 11.5800000 0.96 0.64 0.18
v -11.3734571 10.0875665 11.9700000 0.96 0.64 0.18
v -11.1860761 10.2446712 11.8400000 0.96 0.64 0.18
v -11.0456909 10.4234033 11.7100000 0.96 0.64 0.18
v -10.9539231 10.6129946 11.5800000 0.96 0.64 0.18
v -11.2650622 10.0983785 11.9700000 0.96 0.64 0.18
v -11.0907555 10.2698740 11.8400000 0.96 0.64 0.18
v -10.9650144 10.4591947 11.7100000 0.96 0.64 0.18
v -10.8885997 10.6554777 11.5800000 0.96 0.64 0.18
v -11.1578689 10.1177683 11.9700000 0.96 0.64 0.18
v -10.9977386 10.3025704 11.8400000 0.96 0.64 0.18
v -10.8874365 10.5012828 11.7100000 0.96 0.64 0.18
v -10.8268581 10.7030164 11.5800000 0.96 0.64 0.18
v -11.0525550 10.1456134 11.9700000 0.96 0.64 0.18
v -10.9076134 10.3425537 11.8400000 0.96 0.64 0.18
v -10.8134477 10.5494014 11.7100000 0.96 0.64 0.18
v -10.7690886 10.7553103 11.5800000 0.96 0.64 0.18
v -10.9497863 10.1817376 11.9700000 0.96 0.64 0.18
v -10.8209499 10.3895710 11.8400000 0.96 0.64 0.18
v -10.7435159 10.6032463 11.7100000 0.96 0.64 0.18
v -10.7156565 10.8120286 11.5800000 0.96 0.64 0.18
v -10.8502125 10.2259126 11.9700000 0.96 0.64 0.18
v -10.7382958 10.4433251 11.8400000 0.96 0.64 0.18
v -10.6780832 10.6624771 11.7100000 0.96 0.64 0.18
v -10.6668996 10.8728128 11.5800000 0.96 0.64 0.18
v -10.7544632 10.2778592 11.9700000 0.96 0.64 0.18
v -10.6601737 10.5034761 11.8400000 0.96 0.64 0.18
v -10.6175631 10.7267193 11.7100000 0.96 0.64 0.18
v -10.6231262 10.9372787 11.5800000 0.96 0.64 0.18
v -10.6631438 10.3372488 11.9700000 0.96 0.64 0.18
v -10.5870777 10.5696439 11.8400000 0.96 0.64 0.18
v -10.5623385 10.7955667 11.7100000 0.96 0.64 0.18
v -10.5846129 11.0050185 11.5800000 0.96 0.64 0.18
v -10.5768316 10.4037060 11.9700000 0.96 0.64 0.18
v -10.5194697 10.6414099 11.8400000 0.96 0.64 0.18
v -10.5127583 10.8685841 11.7100000 0.96 0.64 0.18
v -10.5516033 11.0756041 11.5800000 0.96 0.64 0.18
v -10.4960722 10.4768107 11.9700000 0.96 0.64 0.18
v -10.4577773 10.7183206 11.8400000 0.96 0.64 0.18
v -10.4691362 10.9453099 11.7100000 0.96 0.64 0.18
v -10.5243061 11.1485892 11.5800000 0.96 0.64 0.18
v -10.4213763 10.5561006 11.9700000 0.96 0.64 0.18
v -10.4023905 10.7998896 11.8400000 0.96 0.64 0.18
v -10.4317478 11.0252589 11.7100000 0.96 0.64 0.18
v -10.5028939 11.2235123 11.5800000 0.96 0.64 0.18
v -10.3532162 10.6410744 11.9700000 0.96 0.64 0.18
v -10.3536594 10.8856012 11.8400000 0.96 0.64 0.18
v -10.4008295 11.1079256 11.7100000 0.96 0.64 0.18
v -10.4875020 11.2998998 11.5800000 0.96 0.64 0.18
v -10.2920226 10.7311950 11.9700000 0.96 0.64 0.18
v -10.3118922 10.9749136 11.8400000 0.96 0.64 0.18
v -10.3765769 11.1927875 11.7100000 0.96 0.64 0.18
v -10.4782278 11.3772687 11.5800000 0.96 0.64 0.18
v -10.2381827 10.8258926 11.9700000 0.96 0.64 0.18
v -10.2773529 11.0672621 11.8400000 0.96 0.64 0.18
v -10.3591432 11.2793080 11.7100000 0.96 0.64 0.18
v -10.1920366 10.9245683 11.9700000 0.96 0.64 0.18
v -10.2502599 11.1620628 11.8400000 0.96 0.64 0.18
v -10.3486387 11.3669402 11.7100000 0.96 0.64 0.18
v -10.1538763 11.0265985 11.9700000 0.96 0.64 0.18
v -10.2307844 11.2587163 11.8400000 0.96 0.64 0.18
v -10.1239429 11.1313380 11.9700000 0.96 0.64 0.18
v -10.2190497 11.3566116 11.8400000 0.96 0.64 0.18
v -10.1024256 11.2381246 11.9700000 0.96 0.64 0.18
v -10.0894606 11.3462831 11.9700000 0.96 0.64 0.18
v 13.0928965 -10.9993664 11.0000000 0.96 0.64 0.18
v 13.5215150 -10.4679812 11.0000000 0.96 0.64 0.18
v 13.9285811 -9.9199108 11.0000000 0.96 0.64 0.18
v 14.3134458 -9.3560285 11.0000000 0.96 0.64 0.18
v 14.6754957 -8.7772334 11.0000000 0.96 0.64 0.18
v 15.0141538 -8.1844478 11.0000000 0.96 0.64 0.18
v 15.3288802 -7.5786168 11.0000000 0.96 0.64 0.18
v 15.6191733 -6.9607058 11.0000000 0.96 0.64 0.18
v 15.8845704 -6.3317000 11.0000000 0.96 0.64 0.18
v 16.1246484 -5.6926018 11.0000000 0.96 0.64 0.18
v 16.3390247 -5.0444299 11.0000000 0.96 0.64 0.18
v 16.5273575 -4.3882175 11.0000000 0.96 0.64 0.18
v 16.6893468 -3.7250105 11.0000000 0.96 0.64 0.18
v 16.8247342 -3.0558661 11.0000000 0.96 0.64 0.18
v 16.9333041 -2.3818508 11.0000000 0.96 0.64 0.18
v 17.0148832 -1.7040390 11.0000000 0.96 0.64 0.18
v 17.0693417 -1.0235111 11.0000000 0.96 0.64 0.18
v 17.0965926 -0.3413517 11.0000000 0.96 0.64 0.18
v 17.0965926 0.3413517 11.0000000 0.96 0.64 0.18
v 17.0693417 1.0235111 11.0000000 0.96 0.64 0.18
v 17.0148832 1.7040390 11.0000000 0.96 0.64 0.18
v 16.9333041 2.3818508 11.0000000 0.96 0.64 0.18
v 16.8247342 3.0558661 11.0000000 0.96 0.64 0.18
v 16.6893468 3.7250105 11.0000000 0.96 0.64 0.18
v 16.5273575 4.3882175 11.0000000 0.96 0.64 0.18
v 16.3390247 5.0444299 11.0000000 0.96 0.64 0.18
v 16.1246484 5.6926018 11.0000000 0.96 0.64 0.18
v 15.8845704 6.3317000 11.0000000 0.96 0.64 0.18
v 15.6191733 6.9607058 11.0000000 0.96 0.64 0.18
v 15.3288802 7.5786168 11.0000000 0.96 0.64 0.18
v 15.0141538 8.1844478 11.0000000 0.96 0.64 0.18
v 14.6754957 8.7772334 11.0000000 0.96 0.64 0.18
v 14.3134458 9.3560285 11.0000000 0.96 0.64 0.18
v 13.9285811 9.9199108 11.0000000 0.96 0.64 0.18
v 13.5215150 10.4679812 11.0000000 0.96 0.64 0.18
v 13.0928965 10.9993664 11.0000000 0.96 0.64 0.18
v 13.0928965 -10.9993664 12.1000000 0.96 0.64 0.18
v 13.0928965 10.9993664 12.1000000 0.96 0.64 0.18
v 13.5215150 10.4679812 12.1000000 0.96 0.64 0.18
v 13.9285811 9.9199108 12.1000000 0.96 0.64 0.18
v 14.3134458 9.3560285 12.1000000 0.96 0.64 0.18
v 14.6754957 8.7772334 12.1000000 0.96 0.64 0.18
v 15.0141538 8.1844478 12.1000000 0.96 0.64 0.18
v 15.3288802 7.5786168 12.1000000 0.96 0.64 0.18
v 15.6191733 6.9607058 12.1000000 0.96 0.64 0.18
v 15.8845704 6.3317000 12.1000000 0.96 0.64 0.18
v 16.1246484 5.6926018 12.1000000 0.96 0.64 0.18
v 16.3390247 5.0444299 12.1000000 0.96 0.64 0.18
v 16.5273575 4.3882175 12.1000000 0.96 0.64 0.18
v 16.6893468 3.7250105 12.1000000 0.96 0.64 0.18
v 16.8247342 3.0558661 12.1000000 0.96 0.64 0.18
v 16.9333041 2.3818508 12.1000000 0.96 0.64 0.18
v 17.0148832 1.7040390 12.1000000 0.96 0.64 0.18
v 17.0693417 1.0235111 12.1000000 0.96 0.64 0.18
v 17.0965926 0.3413517 12.1000000 0.96 0.64 0.18
v 17.0965926 -0.3413517 12.1000000 0.96 0.64 0.18
v 17.0693417 -1.0235111 12.1000000 0.96 0.64 0.18
v 17.0148832 -1.7040390 12.1000000 0.96 0.64 0.18
v 16.9333041 -2.3818508 12.1000000 0.96 0.64 0.18
v 16.8247342 -3.0558661 12.1000000 0.96 0.64 0.18
v 16.6893468 -3.7250105 12.1000000 0.96 0.64 0.18
v 16.5273575 -4.3882175 12.1000000 0.96 0.64 0.18
v 16.3390247 -5.0444299 12.1000000 0.96 0.64 0.18
v 16.1246484 -5.6926018 12.1000000 0.96 0.64 0.18
v 15.8845704 -6.3317000 12.1000000 0.96 0.64 0.18
v 15.6191733 -6.9607058 12.1000000 0.96 0.64 0.18
v 15.3288802 -7.5786168 12.1000000 0.96 0.64 0.18
v 15.0141538 -8.1844478 12.1000000 0.96 0.64 0.18
v 14.6754957 -8.7772334 12.1000000 0.96 0.64 0.18
v 14.3134458 -9.3560285 12.1000000 0.96 0.64 0.18
v 13.9285811 -9.9199108 12.1000000 0.96 0.64 0.18
v 13.5215150 -10.4679812 12.1000000 0.96 0.64 0.18
v 10.9993664 13.0928965 11.0000000 0.96 0.64 0.18
v 10.9347191 13.0735157 11.0000000 0.96 0.64 0.18
v 10.8708920 13.0515841 11.0000000 0.96 0.64 0.18
v 10.8079857 13.0271364 11.0000000 0.96 0.64 0.18
v 10.7460994 13.0002110 11.0000000 0.96 0.64 0.18
v 10.6853305 12.9708505 11.0000000 0.96 0.64 0.18
v 10.6257750 12.9391010 11.0000000 0.96 0.64 0.18
v 10.9993664 13.0928965 12.1000000 0.96 0.64 0.18
v 10.9347070 13.0735118 12.1000000 0.96 0.64 0.18
v 10.8708681 13.0515753 12.1000000 0.96 0.64 0.18
v 10.8079504 13.0271218 12.1000000 0.96 0.64 0.18
v 10.7460531 13.0001898 12.1000000 0.96 0.64 0.18
v 10.6852738 12.9708217 12.1000000 0.96 0.64 0.18
v 10.6257083 12.9390638 12.1000000 0.96 0.64 0.18
v 10.5674505 12.9049662 12.1000000 0.96 0.64 0.18
v 10.5105924 12.8685827 12.1000000 0.96 0.64 0.18
v 10.4552234 12.8299706 12.1000000 0.96 0.64 0.18
v 10.4014310 12.7891909 12.1000000 0.96 0.64 0.18
v 10.3493000 12.7463077 12.1000000 0.96 0.64 0.18
v 10.2989125 12.7013888 12.1000000 0.96 0.64 0.18
v 10.2503480 12.6545049 12.1000000 0.96 0.64 0.18
v 10.2036830 12.6057300 12.1000000 0.96 0.64 0.18
v 10.1589912 12.5551410 12.1000000 0.96 0.64 0.18
v 10.1163429 12.5028176 12.1000000 0.96 0.64 0.18
v 10.0758056 12.4488423 12.1000000 0.96 0.64 0.18
v 10.0374429 12.3933003 12.1000000 0.96 0.64 0.18
v 10.0013155 12.3362790 12.1000000 0.96 0.64 0.18
v 9.9674803 12.2778685 12.1000000 0.96 0.64 0.18
v 9.9359907 12.2181608 12.1000000 0.96 0.64 0.18
v 9.9068963 12.1572500 12.1000000 0.96 0.64 0.18
v 9.8802429 12.0952322 12.1000000 0.96 0.64 0.18
v 9.8560726 12.0322052 12.1000000 0.96 0.64 0.18
v 9.8344235 11.9682683 12.1000000 0.96 0.64 0.18
v 9.8153298 11.9035223 12.1000000 0.96 0.64 0.18
v 9.7988215 11.8380694 12.1000000 0.96 0.64 0.18
v 9.7849247 11.7720127 12.1000000 0.96 0.64 0.18
v 9.7736613 11.7054563 12.1000000 0.96 0.64 0.18
v 9.7650490 11.6385053 12.1000000 0.96 0.64 0.18
v 9.7591014 11.5712652 12.1000000 0.96 0.64 0.18
v 9.7558279 11.5038419 12.1000000 0.96 0.64 0.18
v 9.7552337 11.4363419 12.1000000 0.96 0.64 0.18
v 9.7573197 11.3688714 12.1000000 0.96 0.64 0.18
v 9.7620825 11.3015370 12.1000000 0.96 0.64 0.18
v 9.7695148 11.2344448 12.1000000 0.96 0.64 0.18
v 9.7796048 11.1677004 12.1000000 0.96 0.64 0.18
v 9.7923365 11.1014093 12.1000000 0.96 0.64 0.18
v 9.8076899 11.0356759 12.1000000 0.96 0.64 0.18
v 9.8256408 10.9706038 12.1000000 0.96 0.64 0.18
v 9.8461609 10.9062957 12.1000000 0.96 0.64 0.18
v 9.8692178 10.8428529 12.1000000 0.96 0.64 0.18
v 9.8947752 10.7803755 12.1000000 0.96 0.64 0.18
v 9.9227928 10.7189619 12.1000000 0.96 0.64 0.18
v 9.9532264 10.6587091 12.1000000 0.96 0.64 0.18
v 9.9860280 10.5997119 12.1000000 0.96 0.64 0.18
v 10.0211460 10.5420635 12.1000000 0.96 0.64 0.18
v 10.0585248 10.4858547 12.1000000 0.96 0.64 0.18
v 10.0981057 10.4311741 12.1000000 0.96 0.64 0.18
v 10.1398262 10.3781080 12.1000000 0.96 0.64 0.18
v 10.1836204 10.3267400 12.1000000 0.96 0.64 0.18
v 10.2294195 10.2771511 12.1000000 0.96 0.64 0.18
v 10.2771511 10.2294195 12.1000000 0.96 0.64 0.18
v 10.3267400 10.1836204 12.1000000 0.96 0.64 0.18
v 10.3781080 10.1398262 12.1000000 0.96 0.64 0.18
v 10.4311741 10.0981057 12.1000000 0.96 0.64 0.18
v 10.4858547 10.0585248 12.1000000 0.96 0.64 0.18
v 10.5420635 10.0211460 12.1000000 0.96 0.64 0.18
v 10.5997119 9.9860280 12.1000000 0.96 0.64 0.18
v 10.6587091 9.9532264 12.1000000 0.96 0.64 0.18
v 10.7189619 9.9227928 12.1000000 0.96 0.64 0.18
v 10.7803755 9.8947752 12.1000000 0.96 0.64 0.18
v 10.8428529 9.8692178 12.1000000 0.96 0.64 0.18
v 10.9062957 9.8461609 12.1000000 0.96 0.64 0.18
v 10.9706038 9.8256408 12.1000000 0.96 0.64 0.18
v 11.0356759 9.8076899 12.1000000 0.96 0.64 0.18
v 11.1014093 9.7923365 12.1000000 0.96 0.64 0.18
v 11.1677004 9.7796048 12.1000000 0.96 0.64 0.18
v 11.2344448 9.7695148 12.1000000 0.96 0.64 0.18
v 11.3015370 9.7620825 12.1000000 0.96 0.64 0.18
v 11.3688714 9.7573197 12.1000000 0.96 0.64 0.18
v 11.4363419 9.7552337 12.1000000 0.96 0.64 0.18
v 11.5038419 9.7558279 12.1000000 0.96 0.64 0.18
v 11.5712652 9.7591014 12.1000000 0.96 0.64 0.18
v 11.6385053 9.7650490 12.1000000 0.96 0.64 0.18
v 11.7054563 9.7736613 12.1000000 0.96 0.64 0.18
v 11.7720127 9.7849247 12.1000000 0.96 0.64 0.18
v 11.8380694 9.7988215 12.1000000 0.96 0.64 0.18
v 11.9035223 9.8153298 12.1000000 0.96 0.64 0.18
v 11.9682683 9.8344235 12.1000000 0.96 0.64 0.18
v 12.0322052 9.8560726 12.1000000 0.96 0.64 0.18
v 12.0952322 9.8802429 12.1000000 0.96 0.64 0.18
v 12.1572500 9.9068963 12.1000000 0.96 0.64 0.18
v 12.2181608 9.9359907 12.1000000 0.96 0.64 0.18
v 12.2778685 9.9674803 12.1000000 0.96 0.64 0.18
v 12.3362790 10.0013155 12.1000000 0.96 0.64 0.18
v 12.3933003 10.0374429 12.1000000 0.96 0.64 0.18
v 12.4488423 10.0758056 12.1000000 0.96 0.64 0.18
v 12.5028176 10.1163429 12.1000000 0.96 0.64 0.18
v 12.5551410 10.1589912 12.1000000 0.96 0.64 0.18
v 12.6057300 10.2036830 12.1000000 0.96 0.64 0.18
v 12.6545049 10.2503480 12.1000000 0.96 0.64 0.18
v 12.7013888 10.2989125 12.1000000 0.96 0.64 0.18
v 12.7463077 10.3493000 12.1000000 0.96 0.64 0.18
v 12.7891909 10.4014310 12.1000000 0.96 0.64 0.18
v 12.8299706 10.4552234 12.1000000 0.96 0.64 0.18
v 12.8685827 10.5105924 12.1000000 0.96 0.64 0.18
v 12.9049662 10.5674505 12.1000000 0.96 0.64 0.18
v 12.9390638 10.6257083 12.1000000 0.96 0.64 0.18
v 12.9708217 10.6852738 12.1000000 0.96 0.64 0.18
v 13.0001898 10.7460531 12.1000000 0.96 0.64 0.18
v 13.0271218 10.8079504 12.1000000 0.96 0.64 0.18
v 13.0515753 10.8708681 12.1000000 0.96 0.64 0.18
v 13.0735118 10.9347070 12.1000000 0.96 0.64 0.18
v 13.0928965 10.9993664 12.1000000 0.96 0.64 0.18
v 13.0928965 10.9993664 11.0000000 0.96 0.64 0.18
v 11.3830061 9.7566605 11.0000000 0.96 0.64 0.18
v 11.4500754 9.7551374 11.0000000 0.96 0.64 0.18
v 11.5171525 9.7562616 11.0000000 0.96 0.64 0.18
v 11.5841331 9.7600316 11.0000000 0.96 0.64 0.18
v 11.6509127 9.7664413 11.0000000 0.96 0.64 0.18
v 11.7173875 9.7754808 11.0000000 0.96 0.64 0.18
v 11.7834539 9.7871360 11.0000000 0.96 0.64 0.18
v 11.8490089 9.8013889 11.0000000 0.96 0.64 0.18
v 11.9139506 9.8182171 11.0000000 0.96 0.64 0.18
v 11.9781777 9.8375944 11.0000000 0.96 0.64 0.18
v 12.0415903 9.8594908 11.0000000 0.96 0.64 0.18
v 12.1040896 9.8838720 11.0000000 0.96 0.64 0.18
v 12.1655783 9.9107002 11.0000000 0.96 0.64 0.18
v 12.2259606 9.9399335 11.0000000 0.96 0.64 0.18
v 12.2851425 9.9715265 11.0000000 0.96 0.64 0.18
v 12.3430318 10.0054298 11.0000000 0.96 0.64 0.18
v 12.3995383 10.0415908 11.0000000 0.96 0.64 0.18
v 12.4545742 10.0799531 11.0000000 0.96 0.64 0.18
v 12.5080535 10.1204570 11.0000000 0.96 0.64 0.18
v 12.5598932 10.1630393 11.0000000 0.96 0.64 0.18
v 12.6100124 10.2076339 11.0000000 0.96 0.64 0.18
v 12.6583331 10.2541711 11.0000000 0.96 0.64 0.18
v 12.7047801 10.3025786 11.0000000 0.96 0.64 0.18
v 12.7492810 10.3527810 11.0000000 0.96 0.64 0.18
v 12.7917664 10.4047001 11.0000000 0.96 0.64 0.18
v 12.8321704 10.4582550 11.0000000 0.96 0.64 0.18
v 12.8704299 10.5133624 11.0000000 0.96 0.64 0.18
v 12.9064853 10.5699364 11.0000000 0.96 0.64 0.18
v 12.9402805 10.6278889 11.0000000 0.96 0.64 0.18
v 12.9717629 10.6871296 11.0000000 0.96 0.64 0.18
v 13.0008834 10.7475664 11.0000000 0.96 0.64 0.18
v 13.0275967 10.8091051 11.0000000 0.96 0.64 0.18
v 13.0518612 10.8716498 11.0000000 0.96 0.64 0.18
v 13.0736391 10.9351032 11.0000000 0.96 0.64 0.18
v 11.3830061 9.7566605 12.0000000 0.96 0.64 0.18
v 11.3172585 9.7607298 12.0000000 0.96 0.64 0.18
v 11.2517180 9.7673433 12.0000000 0.96 0.64 0.18
v 11.1864828 9.7764909 12.0000000 0.96 0.64 0.18
v 11.1216511 9.7881590 12.0000000 0.96 0.64 0.18
v 11.0573200 9.8023300 12.0000000 0.96 0.64 0.18
v 11.0573200 9.8023300 11.0000000 0.96 0.64 0.18
v 9.8146771 11.0091311 11.0000000 0.96 0.64 0.18
v 9.8336190 10.9445393 11.0000000 0.96 0.64 0.18
v 9.8551031 10.8807480 11.0000000 0.96 0.64 0.18
v 9.8790957 10.8178572 11.0000000 0.96 0.64 0.18
v 9.9055592 10.7559656 11.0000000 0.96 0.64 0.18
v 9.9344520 10.6951700 11.0000000 0.96 0.64 0.18
v 9.9657290 10.6355659 11.0000000 0.96 0.64 0.18
v 9.9993410 10.5772468 11.0000000 0.96 0.64 0.18
v 10.0352353 10.5203039 11.0000000 0.96 0.64 0.18
v 10.0733558 10.4648266 11.0000000 0.96 0.64 0.18
v 10.1136426 10.4109020 11.0000000 0.96 0.64 0.18
v 10.1560325 10.3586144 11.0000000 0.96 0.64 0.18
v 10.2004592 10.3080460 11.0000000 0.96 0.64 0.18
v 10.2468528 10.2592759 11.0000000 0.96 0.64 0.18
v 10.2951409 10.2123807 11.0000000 0.96 0.64 0.18
v 10.3452475 10.1674338 11.0000000 0.96 0.64 0.18
v 10.3970942 10.1245058 11.0000000 0.96 0.64 0.18
v 10.4505996 10.0836639 11.0000000 0.96 0.64 0.18
v 10.5056799 10.0449721 11.0000000 0.96 0.64 0.18
v 10.5622488 10.0084912 11.0000000 0.96 0.64 0.18
v 10.6202175 9.9742783 11.0000000 0.96 0.64 0.18
v 10.6794952 9.9423870 11.0000000 0.96 0.64 0.18
v 10.7399889 9.9128674 11.0000000 0.96 0.64 0.18
v 10.8016038 9.8857658 11.0000000 0.96 0.64 0.18
v 10.8642433 9.8611245 11.0000000 0.96 0.64 0.18
v 10.9278091 9.8389823 11.0000000 0.96 0.64 0.18
v 10.9922017 9.8193739 11.0000000 0.96 0.64 0.18
v 9.8146771 11.0091311 12.0000000 0.96 0.64 0.18
v 9.8023300 11.0573200 12.0000000 0.96 0.64 0.18
v 9.7881590 11.1216511 12.0000000 0.96 0.64 0.18
v 9.7764909 11.1864828 12.0000000 0.96 0.64 0.18
v 9.7673433 11.2517180 12.0000000 0.96 0.64 0.18
v 9.7607298 11.3172585 12.0000000 0.96 0.64 0.18
v 9.7566605 11.3830061 12.0000000 0.96 0.64 0.18
v 9.7551595 11.4450946 12.0000000 0.96 0.64 0.18
v 9.7559332 11.5073863 12.0000000 0.96 0.64 0.18
v 9.7590008 11.5697874 12.0000000 0.96 0.64 0.18
v 9.7643769 11.6322024 12.0000000 0.96 0.64 0.18
v 9.7720713 11.6945335 12.0000000 0.96 0.64 0.18
v 9.7820888 11.7566815 12.0000000 0.96 0.64 0.18
v 9.7944285 11.8185455 12.0000000 0.96 0.64 0.18
v 9.8090843 11.8800228 12.0000000 0.96 0.64 0.18
v 9.8260439 11.9410095 12.0000000 0.96 0.64 0.18
v 9.8452904 12.0014053 12.0000000 0.96 0.64 0.18
v 9.8668011 12.0611100 12.0000000 0.96 0.64 0.18
v 9.8905483 12.1200243 12.0000000 0.96 0.64 0.18
v 9.9164992 12.1780515 12.0000000 0.96 0.64 0.18
v 9.9446166 12.2350976 12.0000000 0.96 0.64 0.18
v 9.9748589 12.2910712 12.0000000 0.96 0.64 0.18
v 10.0071803 12.3458834 12.0000000 0.96 0.64 0.18
v 10.0415316 12.3994496 12.0000000 0.96 0.64 0.18
v 10.0778611 12.4516893 12.0000000 0.96 0.64 0.18
v 10.1161141 12.5025251 12.0000000 0.96 0.64 0.18
v 10.1562334 12.5518833 12.0000000 0.96 0.64 0.18
v 10.1981595 12.5996933 12.0000000 0.96 0.64 0.18
v 10.2418316 12.6458890 12.0000000 0.96 0.64 0.18
v 10.2871878 12.6904077 12.0000000 0.96 0.64 0.18
v 10.3341650 12.7331900 12.0000000 0.96 0.64 0.18
v 10.3826988 12.7741794 12.0000000 0.96 0.64 0.18
v 10.4327239 12.8133221 12.0000000 0.96 0.64 0.18
v 10.4841741 12.8505670 12.0000000 0.96 0.64 0.18
v 10.5369825 12.8858658 12.0000000 0.96 0.64 0.18
v 10.5809687 12.9131567 12.0000000 0.96 0.64 0.18
v 10.6257750 12.9391010 12.0000000 0.96 0.64 0.18
v 13.0928965 -10.9993664 11.0000000 0.96 0.64 0.18
v 13.0735157 -10.9347191 11.0000000 0.96 0.64 0.18
v 13.0515841 -10.8708920 11.0000000 0.96 0.64 0.18
v 13.0271364 -10.8079857 11.0000000 0.96 0.64 0.18
v 13.0002110 -10.7460994 11.0000000 0.96 0.64 0.18
v 12.9708505 -10.6853305 11.0000000 0.96 0.64 0.18
v 12.9391010 -10.6257750 11.0000000 0.96 0.64 0.18
v 13.0928965 -10.9993664 12.1000000 0.96 0.64 0.18
v 13.0735118 -10.9347070 12.1000000 0.96 0.64 0.18
v 13.0515753 -10.8708681 12.1000000 0.96 0.64 0.18
v 13.0271218 -10.8079504 12.1000000 0.96 0.64 0.18
v 13.0001898 -10.7460531 12.1000000 0.96 0.64 0.18
v 12.9708217 -10.6852738 12.1000000 0.96 0.64 0.18
v 12.9390638 -10.6257083 12.1000000 0.96 0.64 0.18
v 12.9049662 -10.5674505 12.1000000 0.96 0.64 0.18
v 12.8685827 -10.5105924 12.1000000 0.96 0.64 0.18
v 12.8299706 -10.4552234 12.1000000 0.96 0.64 0.18
v 12.7891909 -10.4014310 12.1000000 0.96 0.64 0.18
v 12.7463077 -10.3493000 12.1000000 0.96 0.64 0.18
v 12.7013888 -10.2989125 12.1000000 0.96 0.64 0.18
v 12.6545049 -10.2503480 12.1000000 0.96 0.64 0.18
v 12.6057300 -10.2036830 12.1000000 0.96 0.64 0.18
v 12.5551410 -10.1589912 12.1000000 0.96 0.64 0.18
v 12.5028176 -10.1163429 12.1000000 0.96 0.64 0.18
v 12.4488423 -10.0758056 12.1000000 0.96 0.64 0.18
v 12.3933003 -10.0374429 12.1000000 0.96 0.64 0.18
v 12.3362790 -10.0013155 12.1000000 0.96 0.64 0.18
v 12.2778685 -9.9674803 12.1000000 0.96 0.64 0.18
v 12.2181608 -9.9359907 12.1000000 0.96 0.64 0.18
v 12.1572500 -9.9068963 12.1000000 0.96 0.64 0.18
v 12.0952322 -9.8802429 12.1000000 0.96 0.64 0.18
v 12.0322052 -9.8560726 12.1000000 0.96 0.64 0.18
v 11.9682683 -9.8344235 12.1000000 0.96 0.64 0.18
v 11.9035223 -9.8153298 12.1000000 0.96 0.64 0.18
v 11.8380694 -9.7988215 12.1000000 0.96 0.64 0.18
v 11.7720127 -9.7849247 12.1000000 0.96 0.64 0.18
v 11.7054563 -9.7736613 12.1000000 0.96 0.64 0.18
v 11.6385053 -9.7650490 12.1000000 0.96 0.64 0.18
v 11.5712652 -9.7591014 12.1000000 0.96 0.64 0.18
v 11.5038419 -9.7558279 12.1000000 0.96 0.64 0.18
v 11.4363419 -9.7552337 12.1000000 0.96 0.64 0.18
v 11.3688714 -9.7573197 12.1000000 0.96 0.64 0.18
v 11.3015370 -9.7620825 12.1000000 0.96 0.64 0.18
v 11.2344448 -9.7695148 12.1000000 0.96 0.64 0.18
v 11.1677004 -9.7796048 12.1000000 0.96 0.64 0.18
v 11.1014093 -9.7923365 12.1000000 0.96 0.64 0.18
v 11.0356759 -9.8076899 12.1000000 0.96 0.64 0.18
v 10.9706038 -9.8256408 12.1000000 0.96 0.64 0.18
v 10.9062957 -9.8461609 12.1000000 0.96 0.64 0.18
v 10.8428529 -9.8692178 12.1000000 0.96 0.64 0.18
v 10.7803755 -9.8947752 12.1000000 0.96 0.64 0.18
v 10.7189619 -9.9227928 12.1000000 0.96 0.64 0.18
v 10.6587091 -9.9532264 12.1000000 0.96 0.64 0.18
v 10.5997119 -9.9860280 12.1000000 0.96 0.64 0.18
v 10.5420635 -10.0211460 12.1000000 0.96 0.64 0.18
v 10.4858547 -10.0585248 12.1000000 0.96 0.64 0.18
v 10.4311741 -10.0981057 12.1000000 0.96 0.64 0.18
v 10.3781080 -10.1398262 12.1000000 0.96 0.64 0.18
v 10.3267400 -10.1836204 12.1000000 0.96 0.64 0.18
v 10.2771511 -10.2294195 12.1000000 0.96 0.64 0.18
v 10.2294195 -10.2771511 12.1000000 0.96 0.64 0.18
v 10.1836204 -10.3267400 12.1000000 0.96 0.64 0.18
v 10.1398262 -10.3781080 12.1000000 0.96 0.64 0.18
v 10.0981057 -10.4311741 12.1000000 0.96 0.64 0.18
v 10.0585248 -10.4858547 12.1000000 0.96 0.64 0.18
v 10.0211460 -10.5420635 12.1000000 0.96 0.64 0.18
v 9.9860280 -10.5997119 12.1000000 0.96 0.64 0.18
v 9.9532264 -10.6587091 12.1000000 0.96 0.64 0.18
v 9.9227928 -10.7189619 12.1000000 0.96 0.64 0.18
v 9.8947752 -10.7803755 12.1000000 0.96 0.64 0.18
v 9.8692178 -10.8428529 12.1000000 0.96 0.64 0.18
v 9.8461609 -10.9062957 12.1000000 0.96 0.64 0.18
v 9.8256408 -10.9706038 12.1000000 0.96 0.64 0.18
v 9.8076899 -11.0356759 12.1000000 0.96 0.64 0.18
v 9.7923365 -11.1014093 12.1000000 0.96 0.64 0.18
v 9.7796048 -11.1677004 12.1000000 0.96 0.64 0.18
v 9.7695148 -11.2344448 12.1000000 0.96 0.64 0.18
v 9.7620825 -11.3015370 12.1000000 0.96 0.64 0.18
v 9.7573197 -11.3688714 12.1000000 0.96 0.64 0.18
v 9.7552337 -11.4363419 12.1000000 0.96 0.64 0.18
v 9.7558279 -11.5038419 12.1000000 0.96 0.64 0.18
v 9.7591014 -11.5712652 12.1000000 0.96 0.64 0.18
v 9.7650490 -11.6385053 12.1000000 0.96 0.64 0.18
v 9.7736613 -11.7054563 12.1000000 0.96 0.64 0.18
v 9.7849247 -11.7720127 12.1000000 0.96 0.64 0.18
v 9.7988215 -11.8380694 12.1000000 0.96 0.64 0.18
v 9.8153298 -11.9035223 12.1000000 0.96 0.64 0.18
v 9.8344235 -11.9682683 12.1000000 0.96 0.64 0.18
v 9.8560726 -12.0322052 12.1000000 0.96 0.64 0.18
v 9.8802429 -12.0952322 12.1000000 0.96 0.64 0.18
v 9.9068963 -12.1572500 12.1000000 0.96 0.64 0.18
v 9.9359907 -12.2181608 12.1000000 0.96 0.64 0.18
v 9.9674803 -12.2778685 12.1000000 0.96 0.64 0.18
v 10.0013155 -12.3362790 12.1000000 0.96 0.64 0.18
v 10.0374429 -12.3933003 12.1000000 0.96 0.64 0.18
v 10.0758056 -12.4488423 12.1000000 0.96 0.64 0.18
v 10.1163429 -12.5028176 12.1000000 0.96 0.64 0.18
v 10.1589912 -12.5551410 12.1000000 0.96 0.64 0.18
v 10.2036830 -12.6057300 12.1000000 0.96 0.64 0.18
v 10.2503480 -12.6545049 12.1000000 0.96 0.64 0.18
v 10.2989125 -12.7013888 12.1000000 0.96 0.64 0.18
v 10.3493000 -12.7463077 12.1000000 0.96 0.64 0.18
v 10.4014310 -12.7891909 12.1000000 0.96 0.64 0.18
v 10.4552234 -12.8299706 12.1000000 0.96 0.64 0.18
v 10.5105924 -12.8685827 12.1000000 0.96 0.64 0.18
v 10.5674505 -12.9049662 12.1000000 0.96 0.64 0.18
v 10.6257083 -12.9390638 12.1000000 0.96 0.64 0.18
v 10.6852738 -12.9708217 12.1000000 0.96 0.64 0.18
v 10.7460531 -13.0001898 12.1000000 0.96 0.64 0.18
v 10.8079504 -13.0271218 12.1000000 0.96 0.64 0.18
v 10.8708681 -13.0515753 12.1000000 0.96 0.64 0.18
v 10.9347070 -13.0735118 12.1000000 0.96 0.64 0.18
v 10.9993664 -13.0928965 12.1000000 0.96 0.64 0.18
v 10.9993664 -13.0928965 11.0000000 0.96 0.64 0.18
v 9.7566605 -11.3830061 11.0000000 0.96 0.64 0.18
v 9.7551374 -11.4500754 11.0000000 0.96 0.64 0.18
v 9.7562616 -11.5171525 11.0000000 0.96 0.64 0.18
v 9.7600316 -11.5841331 11.0000000 0.96 0.64 0.18
v 9.7664413 -11.6509127 11.0000000 0.96 0.64 0.18
v 9.7754808 -11.7173875 11.0000000 0.96 0.64 0.18
v 9.7871360 -11.7834539 11.0000000 0.96 0.64 0.18
v 9.8013889 -11.8490089 11.0000000 0.96 0.64 0.18
v 9.8182171 -11.9139506 11.0000000 0.96 0.64 0.18
v 9.8375944 -11.9781777 11.0000000 0.96 0.64 0.18
v 9.8594908 -12.0415903 11.0000000 0.96 0.64 0.18
v 9.8838720 -12.1040896 11.0000000 0.96 0.64 0.18
v 9.9107002 -12.1655783 11.0000000 0.96 0.64 0.18
v 9.9399335 -12.2259606 11.0000000 0.96 0.64 0.18
v 9.9715265 -12.2851425 11.0000000 0.96 0.64 0.18
v 10.0054298 -12.3430318 11.0000000 0.96 0.64 0.18
v 10.0415908 -12.3995383 11.0000000 0.96 0.64 0.18
v 10.0799531 -12.4545742 11.0000000 0.96 0.64 0.18
v 10.1204570 -12.5080535 11.0000000 0.96 0.64 0.18
v 10.1630393 -12.5598932 11.0000000 0.96 0.64 0.18
v 10.2076339 -12.6100124 11.0000000 0.96 0.64 0.18
v 10.2541711 -12.6583331 11.0000000 0.96 0.64 0.18
v 10.3025786 -12.7047801 11.0000000 0.96 0.64 0.18
v 10.3527810 -12.7492810 11.0000000 0.96 0.64 0.18
v 10.4047001 -12.7917664 11.0000000 0.96 0.64 0.18
v 10.4582550 -12.8321704 11.0000000 0.96 0.64 0.18
v 10.5133624 -12.8704299 11.0000000 0.96 0.64 0.18
v 10.5699364 -12.9064853 11.0000000 0.96 0.64 0.18
v 10.6278889 -12.9402805 11.0000000 0.96 0.64 0.18
v 10.6871296 -12.9717629 11.0000000 0.96 0.64 0.18
v 10.7475664 -13.0008834 11.0000000 0.96 0.64 0.18
v 10.8091051 -13.0275967 11.0000000 0.96 0.64 0.18
v 10.8716498 -13.0518612 11.0000000 0.96 0.64 0.18
v 10.9351032 -13.0736391 11.0000000 0.96 0.64 0.18
v 9.7566605 -11.3830061 12.0000000 0.96 0.64 0.18
v 9.7607298 -11.3172585 12.0000000 0.96 0.64 0.18
v 9.7673433 -11.2517180 12.0000000 0.96 0.64 0.18
v 9.7764909 -11.1864828 12.0000000 0.96 0.64 0.18
v 9.7881590 -11.1216511 12.0000000 0.96 0.64 0.18
v 9.8023300 -11.0573200 12.0000000 0.96 0.64 0.18
v 9.8023300 -11.0573200 11.0000000 0.96 0.64 0.18
v 11.0091311 -9.8146771 11.0000000 0.96 0.64 0.18
v 10.9445393 -9.8336190 11.0000000 0.96 0.64 0.18
v 10.8807480 -9.8551031 11.0000000 0.96 0.64 0.18
v 10.8178572 -9.8790957 11.0000000 0.96 0.64 0.18
v 10.7559656 -9.9055592 11.0000000 0.96 0.64 0.18
v 10.6951700 -9.9344520 11.0000000 0.96 0.64 0.18
v 10.6355659 -9.9657290 11.0000000 0.96 0.64 0.18
v 10.5772468 -9.9993410 11.0000000 0.96 0.64 0.18
v 10.5203039 -10.0352353 11.0000000 0.96 0.64 0.18
v 10.4648266 -10.0733558 11.0000000 0.96 0.64 0.18
v 10.4109020 -10.1136426 11.0000000 0.96 0.64 0.18
v 10.3586144 -10.1560325 11.0000000 0.96 0.64 0.18
v 10.3080460 -10.2004592 11.0000000 0.96 0.64 0.18
v 10.2592759 -10.2468528 11.0000000 0.96 0.64 0.18
v 10.2123807 -10.2951409 11.0000000 0.96 0.64 0.18
v 10.1674338 -10.3452475 11.0000000 0.96 0.64 0.18
v 10.1245058 -10.3970942 11.0000000 0.96 0.64 0.18
v 10.0836639 -10.4505996 11.0000000 0.96 0.64 0.18
v 10.0449721 -10.5056799 11.0000000 0.96 0.64 0.18
v 10.0084912 -10.5622488 11.0000000 0.96 0.64 0.18
v 9.9742783 -10.6202175 11.0000000 0.96 0.64 0.18
v 9.9423870 -10.6794952 11.0000000 0.96 0.64 0.18
v 9.9128674 -10.7399889 11.0000000 0.96 0.64 0.18
v 9.8857658 -10.8016038 11.0000000 0.96 0.64 0.18
v 9.8611245 -10.8642433 11.0000000 0.96 0.64 0.18
v 9.8389823 -10.9278091 11.0000000 0.96 0.64 0.18
v 9.8193739 -10.9922017 11.0000000 0.96 0.64 0.18
v 11.0091311 -9.8146771 12.0000000 0.96 0.64 0.18
v 11.0573200 -9.8023300 12.0000000 0.96 0.64 0.18
v 11.1216511 -9.7881590 12.0000000 0.96 0.64 0.18
v 11.1864828 -9.7764909 12.0000000 0.96 0.64 0.18
v 11.2517180 -9.7673433 12.0000000 0.96 0.64 0.18
v 11.3172585 -9.7607298 12.0000000 0.96 0.64 0.18
v 11.3830061 -9.7566605 12.0000000 0.96 0.64 0.18
v 11.4450946 -9.7551595 12.0000000 0.96 0.64 0.18
v 11.5073863 -9.7559332 12.0000000 0.96 0.64 0.18
v 11.5697874 -9.7590008 12.0000000 0.96 0.64 0.18
v 11.6322024 -9.7643769 12.0000000 0.96 0.64 0.18
v 11.6945335 -9.7720713 12.0000000 0.96 0.64 0.18
v 11.7566815 -9.7820888 12.0000000 0.96 0.64 0.18
v 11.8185455 -9.7944285 12.0000000 0.96 0.64 0.18
v 11.8800228 -9.8090843 12.0000000 0.96 0.64 0.18
v 11.9410095 -9.8260439 12.0000000 0.96 0.64 0.18
v 12.0014053 -9.8452904 12.0000000 0.96 0.64 0.18
v 12.0611100 -9.8668011 12.0000000 0.96 0.64 0.18
v 12.1200243 -9.8905483 12.0000000 0.96 0.64 0.18
v 12.1780515 -9.9164992 12.0000000 0.96 0.64 0.18
v 12.2350976 -9.9446166 12.0000000 0.96 0.64 0.18
v 12.2910712 -9.9748589 12.0000000 0.96 0.64 0.18
v 12.3458834 -10.0071803 12.0000000 0.96 0.64 0.18
v 12.3994496 -10.0415316 12.0000000 0.96 0.64 0.18
v 12.4516893 -10.0778611 12.0000000 0.96 0.64 0.18
v 12.5025251 -10.1161141 12.0000000 0.96 0.64 0.18
v 12.5518833 -10.1562334 12.0000000 0.96 0.64 0.18
v 12.5996933 -10.1981595 12.0000000 0.96 0.64 0.18
v 12.6458890 -10.2418316 12.0000000 0.96 0.64 0.18
v 12.6904077 -10.2871878 12.0000000 0.96 0.64 0.18
v 12.7331900 -10.3341650 12.0000000 0.96 0.64 0.18
v 12.7741794 -10.3826988 12.0000000 0.96 0.64 0.18
v 12.8133221 -10.4327239 12.0000000 0.96 0.64 0.18
v 12.8505670 -10.4841741 12.0000000 0.96 0.64 0.18
v 12.8858658 -10.5369825 12.0000000 0.96 0.64 0.18
v 12.9131567 -10.5809687 12.0000000 0.96 0.64 0.18
v 12.9391010 -10.6257750 12.0000000 0.96 0.64 0.18
v -10.9993664 13.0928965 12.1000000 0.96 0.64 0.18
v -10.9993664 13.0928965 11.0000000 0.96 0.64 0.18
v 10.9993664 13.0928965 11.0000000 0.96 0.64 0.18
v 10.4679812 13.5215150 11.0000000 0.96 0.64 0.18
v 9.9199108 13.9285811 11.0000000 0.96 0.64 0.18
v 9.3560285 14.3134458 11.0000000 0.96 0.64 0.18
v 8.7772334 14.6754957 11.0000000 0.96 0.64 0.18
v 8.1844478 15.0141538 11.0000000 0.96 0.64 0.18
v 7.5786168 15.3288802 11.0000000 0.96 0.64 0.18
v 6.9607058 15.6191733 11.0000000 0.96 0.64 0.18
v 6.3317000 15.8845704 11.0000000 0.96 0.64 0.18
v 5.6926018 16.1246484 11.0000000 0.96 0.64 0.18
v 5.0444299 16.3390247 11.0000000 0.96 0.64 0.18
v 4.3882175 16.5273575 11.0000000 0.96 0.64 0.18
v 3.7250105 16.6893468 11.0000000 0.96 0.64 0.18
v 3.0558661 16.8247342 11.0000000 0.96 0.64 0.18
v 2.3818508 16.9333041 11.0000000 0.96 0.64 0.18
v 1.7040390 17.0148832 11.0000000 0.96 0.64 0.18
v 1.0235111 17.0693417 11.0000000 0.96 0.64 0.18
v 0.3413517 17.0965926 11.0000000 0.96 0.64 0.18
v -0.3413517 17.0965926 11.0000000 0.96 0.64 0.18
v -1.0235111 17.0693417 11.0000000 0.96 0.64 0.18
v -1.7040390 17.0148832 11.0000000 0.96 0.64 0.18
v -2.3818508 16.9333041 11.0000000 0.96 0.64 0.18
v -3.0558661 16.8247342 11.0000000 0.96 0.64 0.18
v -3.7250105 16.6893468 11.0000000 0.96 0.64 0.18
v -4.3882175 16.5273575 11.0000000 0.96 0.64 0.18
v -5.0444299 16.3390247 11.0000000 0.96 0.64 0.18
v -5.6926018 16.1246484 11.0000000 0.96 0.64 0.18
v -6.3317000 15.8845704 11.0000000 0.96 0.64 0.18
v -6.9607058 15.6191733 11.0000000 0.96 0.64 0.18
v -7.5786168 15.3288802 11.0000000 0.96 0.64 0.18
v -8.1844478 15.0141538 11.0000000 0.96 0.64 0.18
v -8.7772334 14.6754957 11.0000000 0.96 0.64 0.18
v -9.3560285 14.3134458 11.0000000 0.96 0.64 0.18
v -9.9199108 13.9285811 11.0000000 0.96 0.64 0.18
v -10.4679812 13.5215150 11.0000000 0.96 0.64 0.18
v 10.9993664 13.0928965 12.1000000 0.96 0.64 0.18
v 10.4679812 13.5215150 12.1000000 0.96 0.64 0.18
v 9.9199108 13.9285811 12.1000000 0.96 0.64 0.18
v 9.3560285 14.3134458 12.1000000 0.96 0.64 0.18
v 8.7772334 14.6754957 12.1000000 0.96 0.64 0.18
v 8.1844478 15.0141538 12.1000000 0.96 0.64 0.18
v 7.5786168 15.3288802 12.1000000 0.96 0.64 0.18
v 6.9607058 15.6191733 12.1000000 0.96 0.64 0.18
v 6.3317000 15.8845704 12.1000000 0.96 0.64 0.18
v 5.6926018 16.1246484 12.1000000 0.96 0.64 0.18
v 5.0444299 16.3390247 12.1000000 0.96 0.64 0.18
v 4.3882175 16.5273575 12.1000000 0.96 0.64 0.18
v 3.7250105 16.6893468 12.1000000 0.96 0.64 0.18
v 3.0558661 16.8247342 12.1000000 0.96 0.64 0.18
v 2.3818508 16.9333041 12.1000000 0.96 0.64 0.18
v 1.7040390 17.0148832 12.1000000 0.96 0.64 0.18
v 1.0235111 17.0693417 12.1000000 0.96 0.64 0.18
v 0.3413517 17.0965926 12.1000000 0.96 0.64 0.18
v -0.3413517 17.0965926 12.1000000 0.96 0.64 0.18
v -1.0235111 17.0693417 12.1000000 0.96 0.64 0.18
v -1.7040390 17.0148832 12.1000000 0.96 0.64 0.18
v -2.3818508 16.9333041 12.1000000 0.96 0.64 0.18
v -3.0558661 16.8247342 12.1000000 0.96 0.64 0.18
v -3.7250105 16.6893468 12.1000000 0.96 0.64 0.18
v -4.3882175 16.5273575 12.1000000 0.96 0.64 0.18
v -5.0444299 16.3390247 12.1000000 0.96 0.64 0.18
v -5.6926018 16.1246484 12.1000000 0.96 0.64 0.18
v -6.3317000 15.8845704 12.1000000 0.96 0.64 0.18
v -6.9607058 15.6191733 12.1000000 0.96 0.64 0.18
v -7.5786168 15.3288802 12.1000000 0.96 0.64 0.18
v -8.1844478 15.0141538 12.1000000 0.96 0.64 0.18
v -8.7772334 14.6754957 12.1000000 0.96 0.64 0.18
v -9.3560285 14.3134458 12.1000000 0.96 0.64 0.18
v -9.9199108 13.9285811 12.1000000 0.96 0.64 0.18
v -10.4679812 13.5215150 12.1000000 0.96 0.64 0.18
v 10.9993664 -13.0928965 12.1000000 0.96 0.64 0.18
v 10.9993664 -13.0928965 11.0000000 0.96 0.64 0.18
v -10.9993664 -13.0928965 11.0000000 0.96 0.64 0.18
v -10.4679812 -13.5215150 11.0000000 0.96 0.64 0.18
v -9.9199108 -13.9285811 11.0000000 0.96 0.64 0.18
v -9.3560285 -14.3134458 11.0000000 0.96 0.64 0.18
v -8.7772334 -14.6754957 11.0000000 0.96 0.64 0.18
v -8.1844478 -15.0141538 11.0000000 0.96 0.64 0.18
v -7.5786168 -15.3288802 11.0000000 0.96 0.64 0.18
v -6.9607058 -15.6191733 11.0000000 0.96 0.64 0.18
v -6.3317000 -15.8845704 11.0000000 0.96 0.64 0.18
v -5.6926018 -16.1246484 11.0000000 0.96 0.64 0.18
v -5.0444299 -16.3390247 11.0000000 0.96 0.64 0.18
v -4.3882175 -16.5273575 11.0000000 0.96 0.64 0.18
v -3.7250105 -16.6893468 11.0000000 0.96 0.64 0.18
v -3.0558661 -16.8247342 11.0000000 0.96 0.64 0.18
v -2.3818508 -16.9333041 11.0000000 0.96 0.64 0.18
v -1.7040390 -17.0148832 11.0000000 0.96 0.64 0.18
v -1.0235111 -17.0693417 11.0000000 0.96 0.64 0.18
v -0.3413517 -17.0965926 11.0000000 0.96 0.64 0.18
v 0.3413517 -17.0965926 11.0000000 0.96 0.64 0.18
v 1.0235111 -17.0693417 11.0000000 0.96 0.64 0.18
v 1.7040390 -17.0148832 11.0000000 0.96 0.64 0.18
v 2.3818508 -16.9333041 11.0000000 0.96 0.64 0.18
v 3.0558661 -16.8247342 11.0000000 0.96 0.64 0.18
v 3.7250105 -16.6893468 11.0000000 0.96 0.64 0.18
v 4.3882175 -16.5273575 11.0000000 0.96 0.64 0.18
v 5.0444299 -16.3390247 11.0000000 0.96 0.64 0.18
v 5.6926018 -16.1246484 11.0000000 0.96 0.64 0.18
v 6.3317000 -15.8845704 11.0000000 0.96 0.64 0.18
v 6.9607058 -15.6191733 11.0000000 0.96 0.64 0.18
v 7.5786168 -15.3288802 11.0000000 0.96 0.64 0.18
v 8.1844478 -15.0141538 11.0000000 0.96 0.64 0.18
v 8.7772334 -14.6754957 11.0000000 0.96 0.64 0.18
v 9.3560285 -14.3134458 11.0000000 0.96 0.64 0.18
v 9.9199108 -13.9285811 11.0000000 0.96 0.64 0.18
v 10.4679812 -13.5215150 11.0000000 0.96 0.64 0.18
v -10.9993664 -13.0928965 12.1000000 0.96 0.64 0.18
v -10.4679812 -13.5215150 12.1000000 0.96 0.64 0.18
v -9.9199108 -13.9285811 12.1000000 0.96 0.64 0.18
v -9.3560285 -14.3134458 12.1000000 0.96 0.64 0.18
v -8.7772334 -14.6754957 12.1000000 0.96 0.64 0.18
v -8.1844478 -15.0141538 12.1000000 0.96 0.64 0.18
v -7.5786168 -15.3288802 12.1000000 0.96 0.64 0.18
v -6.9607058 -15.6191733 12.1000000 0.96 0.64 0.18
v -6.3317000 -15.8845704 12.1000000 0.96 0.64 0.18
v -5.6926018 -16.1246484 12.1000000 0.96 0.64 0.18
v -5.0444299 -16.3390247 12.1000000 0.96 0.64 0.18
v -4.3882175 -16.5273575 12.1000000 0.96 0.64 0.18
v -3.7250105 -16.6893468 12.1000000 0.96 0.64 0.18
v -3.0558661 -16.8247342 12.1000000 0.96 0.64 0.18
v -2.3818508 -16.9333041 12.1000000 0.96 0.64 0.18
v -1.7040390 -17.0148832 12.1000000 0.96 0.64 0.18
v -1.0235111 -17.0693417 12.1000000 0.96 0.64 0.18
v -0.3413517 -17.0965926 12.1000000 0.96 0.64 0.18
v 0.3413517 -17.0965926 12.1000000 0.96 0.64 0.18
v 1.0235111 -17.0693417 12.1000000 0.96 0.64 0.18
v 1.7040390 -17.0148832 12.1000000 0.96 0.64 0.18
v 2.3818508 -16.9333041 12.1000000 0.96 0.64 0.18
v 3.0558661 -16.8247342 12.1000000 0.96 0.64 0.18
v 3.7250105 -16.6893468 12.1000000 0.96 0.64 0.18
v 4.3882175 -16.5273575 12.1000000 0.96 0.64 0.18
v 5.0444299 -16.3390247 12.1000000 0.96 0.64 0.18
v 5.6926018 -16.1246484 12.1000000 0.96 0.64 0.18
v 6.3317000 -15.8845704 12.1000000 0.96 0.64 0.18
v 6.9607058 -15.6191733 12.1000000 0.96 0.64 0.18
v 7.5786168 -15.3288802 12.1000000 0.96 0.64 0.18
v 8.1844478 -15.0141538 12.1000000 0.96 0.64 0.18
v 8.7772334 -14.6754957 12.1000000 0.96 0.64 0.18
v 9.3560285 -14.3134458 12.1000000 0.96 0.64 0.18
v 9.9199108 -13.9285811 12.1000000 0.96 0.64 0.18
v 10.4679812 -13.5215150 12.1000000 0.96 0.64 0.18
v -10.9993664 13.0928965 11.0000000 0.96 0.64 0.18
v -10.9351032 13.0736391 11.0000000 0.96 0.64 0.18
v -10.8716498 13.0518612 11.0000000 0.96 0.64 0.18
v -10.8091051 13.0275967 11.0000000 0.96 0.64 0.18
v -10.7475664 13.0008834 11.0000000 0.96 0.64 0.18
v -10.6871296 12.9717629 11.0000000 0.96 0.64 0.18
v -10.6278889 12.9402805 11.0000000 0.96 0.64 0.18
v -10.5699364 12.9064853 11.0000000 0.96 0.64 0.18
v -10.5133624 12.8704299 11.0000000 0.96 0.64 0.18
v -10.4582550 12.8321704 11.0000000 0.96 0.64 0.18
v -10.4047001 12.7917664 11.0000000 0.96 0.64 0.18
v -10.3527810 12.7492810 11.0000000 0.96 0.64 0.18
v -10.3025786 12.7047801 11.0000000 0.96 0.64 0.18
v -10.2541711 12.6583331 11.0000000 0.96 0.64 0.18
v -10.2076339 12.6100124 11.0000000 0.96 0.64 0.18
v -10.1630393 12.5598932 11.0000000 0.96 0.64 0.18
v -10.1204570 12.5080535 11.0000000 0.96 0.64 0.18
v -10.0799531 12.4545742 11.0000000 0.96 0.64 0.18
v -10.0415908 12.3995383 11.0000000 0.96 0.64 0.18
v -10.0054298 12.3430318 11.0000000 0.96 0.64 0.18
v -9.9715265 12.2851425 11.0000000 0.96 0.64 0.18
v -9.9399335 12.2259606 11.0000000 0.96 0.64 0.18
v -9.9107002 12.1655783 11.0000000 0.96 0.64 0.18
v -9.8838720 12.1040896 11.0000000 0.96 0.64 0.18
v -9.8594908 12.0415903 11.0000000 0.96 0.64 0.18
v -9.8375944 11.9781777 11.0000000 0.96 0.64 0.18
v -9.8182171 11.9139506 11.0000000 0.96 0.64 0.18
v -9.8013889 11.8490089 11.0000000 0.96 0.64 0.18
v -9.7871360 11.7834539 11.0000000 0.96 0.64 0.18
v -9.7754808 11.7173875 11.0000000 0.96 0.64 0.18
v -9.7664413 11.6509127 11.0000000 0.96 0.64 0.18
v -9.7600316 11.5841331 11.0000000 0.96 0.64 0.18
v -9.7562616 11.5171525 11.0000000 0.96 0.64 0.18
v -9.7551374 11.4500754 11.0000000 0.96 0.64 0.18
v -9.7566605 11.3830061 11.0000000 0.96 0.64 0.18
v -9.7566605 11.3830061 12.0000000 0.96 0.64 0.18
v -9.7607298 11.3172585 12.0000000 0.96 0.64 0.18
v -9.7673433 11.2517180 12.0000000 0.96 0.64 0.18
v -9.7764909 11.1864828 12.0000000 0.96 0.64 0.18
v -9.7881590 11.1216511 12.0000000 0.96 0.64 0.18
v -9.8023300 11.0573200 12.0000000 0.96 0.64 0.18
v -9.8023300 11.0573200 11.0000000 0.96 0.64 0.18
v -11.0091311 9.8146771 11.0000000 0.96 0.64 0.18
v -10.9445393 9.8336190 11.0000000 0.96 0.64 0.18
v -10.8807480 9.8551031 11.0000000 0.96 0.64 0.18
v -10.8178572 9.8790957 11.0000000 0.96 0.64 0.18
v -10.7559656 9.9055592 11.0000000 0.96 0.64 0.18
v -10.6951700 9.9344520 11.0000000 0.96 0.64 0.18
v -10.6355659 9.9657290 11.0000000 0.96 0.64 0.18
v -10.5772468 9.9993410 11.0000000 0.96 0.64 0.18
v -10.5203039 10.0352353 11.0000000 0.96 0.64 0.18
v -10.4648266 10.0733558 11.0000000 0.96 0.64 0.18
v -10.4109020 10.1136426 11.0000000 0.96 0.64 0.18
v -10.3586144 10.1560325 11.0000000 0.96 0.64 0.18
v -10.3080460 10.2004592 11.0000000 0.96 0.64 0.18
v -10.2592759 10.2468528 11.0000000 0.96 0.64 0.18
v -10.2123807 10.2951409 11.0000000 0.96 0.64 0.18
v -10.1674338 10.3452475 11.0000000 0.96 0.64 0.18
v -10.1245058 10.3970942 11.0000000 0.96 0.64 0.18
v -10.0836639 10.4505996 11.0000000 0.96 0.64 0.18
v -10.0449721 10.5056799 11.0000000 0.96 0.64 0.18
v -10.0084912 10.5622488 11.0000000 0.96 0.64 0.18
v -9.9742783 10.6202175 11.0000000 0.96 0.64 0.18
v -9.9423870 10.6794952 11.0000000 0.96 0.64 0.18
v -9.9128674 10.7399889 11.0000000 0.96 0.64 0.18
v -9.8857658 10.8016038 11.0000000 0.96 0.64 0.18
v -9.8611245 10.8642433 11.0000000 0.96 0.64 0.18
v -9.8389823 10.9278091 11.0000000 0.96 0.64 0.18
v -9.8193739 10.9922017 11.0000000 0.96 0.64 0.18
v -11.0091311 9.8146771 12.0000000 0.96 0.64 0.18
v -11.0573200 9.8023300 12.0000000 0.96 0.64 0.18
v -11.1216511 9.7881590 12.0000000 0.96 0.64 0.18
v -11.1864828 9.7764909 12.0000000 0.96 0.64 0.18
v -11.2517180 9.7673433 12.0000000 0.96 0.64 0.18
v -11.3172585 9.7607298 12.0000000 0.96 0.64 0.18
v -11.3830061 9.7566605 12.0000000 0.96 0.64 0.18
v -11.4450946 9.7551595 12.0000000 0.96 0.64 0.18
v -11.5073863 9.7559332 12.0000000 0.96 0.64 0.18
v -11.5697874 9.7590008 12.0000000 0.96 0.64 0.18
v -11.6322024 9.7643769 12.0000000 0.96 0.64 0.18
v -11.6945335 9.7720713 12.0000000 0.96 0.64 0.18
v -11.7566815 9.7820888 12.0000000 0.96 0.64 0.18
v -11.8185455 9.7944285 12.0000000 0.96 0.64 0.18
v -11.8800228 9.8090843 12.0000000 0.96 0.64 0.18
v -11.9410095 9.8260439 12.0000000 0.96 0.64 0.18
v -12.0014053 9.8452904 12.0000000 0.96 0.64 0.18
v -12.0611100 9.8668011 12.0000000 0.96 0.64 0.18
v -12.1200243 9.8905483 12.0000000 0.96 0.64 0.18
v -12.1780515 9.9164992 12.0000000 0.96 0.64 0.18
v -12.2350976 9.9446166 12.0000000 0.96 0.64 0.18
v -12.2910712 9.9748589 12.0000000 0.96 0.64 0.18
v -12.3458834 10.0071803 12.0000000 0.96 0.64 0.18
v -12.3994496 10.0415316 12.0000000 0.96 0.64 0.18
v -12.4516893 10.0778611 12.0000000 0.96 0.64 0.18
v -12.5025251 10.1161141 12.0000000 0.96 0.64 0.18
v -12.5518833 10.1562334 12.0000000 0.96 0.64 0.18
v -12.5996933 10.1981595 12.0000000 0.96 0.64 0.18
v -12.6458890 10.2418316 12.0000000 0.96 0.64 0.18
v -12.6904077 10.2871878 12.0000000 0.96 0.64 0.18
v -12.7331900 10.3341650 12.0000000 0.96 0.64 0.18
v -12.7741794 10.3826988 12.0000000 0.96 0.64 0.18
v -12.8133221 10.4327239 12.0000000 0.96 0.64 0.18
v -12.8505670 10.4841741 12.0000000 0.96 0.64 0.18
v -12.8858658 10.5369825 12.0000000 0.96 0.64 0.18
v -12.9131567 10.5809687 12.0000000 0.96 0.64 0.18
v -12.9391010 10.6257750 12.0000000 0.96 0.64 0.18
v -12.9391010 10.6257750 11.0000000 0.96 0.64 0.18
v -13.0928965 10.9993664 11.0000000 0.96 0.64 0.18
v -13.0735157 10.9347191 11.0000000 0.96 0.64 0.18
v -13.0515841 10.8708920 11.0000000 0.96 0.64 0.18
v -13.0271364 10.8079857 11.0000000 0.96 0.64 0.18
v -13.0002110 10.7460994 11.0000000 0.96 0.64 0.18
v -12.9708505 10.6853305 11.0000000 0.96 0.64 0.18
v -13.0928965 10.9993664 12.1000000 0.96 0.64 0.18
v -13.0735118 10.9347070 12.1000000 0.96 0.64 0.18
v -13.0515753 10.8708681 12.1000000 0.96 0.64 0.18
v -13.0271218 10.8079504 12.1000000 0.96 0.64 0.18
v -13.0001898 10.7460531 12.1000000 0.96 0.64 0.18
v -12.9708217 10.6852738 12.1000000 0.96 0.64 0.18
v -12.9390638 10.6257083 12.1000000 0.96 0.64 0.18
v -12.9049662 10.5674505 12.1000000 0.96 0.64 0.18
v -12.8685827 10.5105924 12.1000000 0.96 0.64 0.18
v -12.8299706 10.4552234 12.1000000 0.96 0.64 0.18
v -12.7891909 10.4014310 12.1000000 0.96 0.64 0.18
v -12.7463077 10.3493000 12.1000000 0.96 0.64 0.18
v -12.7013888 10.2989125 12.1000000 0.96 0.64 0.18
v -12.6545049 10.2503480 12.1000000 0.96 0.64 0.18
v -12.6057300 10.2036830 12.1000000 0.96 0.64 0.18
v -12.5551410 10.1589912 12.1000000 0.96 0.64 0.18
v -12.5028176 10.1163429 12.1000000 0.96 0.64 0.18
v -12.4488423 10.0758056 12.1000000 0.96 0.64 0.18
v -12.3933003 10.0374429 12.1000000 0.96 0.64 0.18
v -12.3362790 10.0013155 12.1000000 0.96 0.64 0.18
v -12.2778685 9.9674803 12.1000000 0.96 0.64 0.18
v -12.2181608 9.9359907 12.1000000 0.96 0.64 0.18
v -12.1572500 9.9068963 12.1000000 0.96 0.64 0.18
v -12.0952322 9.8802429 12.1000000 0.96 0.64 0.18
v -12.0322052 9.8560726 12.1000000 0.96 0.64 0.18
v -11.9682683 9.8344235 12.1000000 0.96 0.64 0.18
v -11.9035223 9.8153298 12.1000000 0.96 0.64 0.18
v -11.8380694 9.7988215 12.1000000 0.96 0.64 0.18
v -11.7720127 9.7849247 12.1000000 0.96 0.64 0.18
v -11.7054563 9.7736613 12.1000000 0.96 0.64 0.18
v -11.6385053 9.7650490 12.1000000 0.96 0.64 0.18
v -11.5712652 9.7591014 12.1000000 0.96 0.64 0.18
v -11.5038419 9.7558279 12.1000000 0.96 0.64 0.18
v -11.4363419 9.7552337 12.1000000 0.96 0.64 0.18
v -11.3688714 9.7573197 12.1000000 0.96 0.64 0.18
v -11.3015370 9.7620825 12.1000000 0.96 0.64 0.18
v -11.2344448 9.7695148 12.1000000 0.96 0.64 0.18
v -11.1677004 9.7796048 12.1000000 0.96 0.64 0.18
v -11.1014093 9.7923365 12.1000000 0.96 0.64 0.18
v -11.0356759 9.8076899 12.1000000 0.96 0.64 0.18
v -10.9706038 9.8256408 12.1000000 0.96 0.64 0.18
v -10.9062957 9.8461609 12.1000000 0.96 0.64 0.18
v -10.8428529 9.8692178 12.1000000 0.96 0.64 0.18
v -10.7803755 9.8947752 12.1000000 0.96 0.64 0.18
v -10.7189619 9.9227928 12.1000000 0.96 0.64 0.18
v -10.6587091 9.9532264 12.1000000 0.96 0.64 0.18
v -10.5997119 9.9860280 12.1000000 0.96 0.64 0.18
v -10.5420635 10.0211460 12.1000000 0.96 0.64 0.18
v -10.4858547 10.0585248 12.1000000 0.96 0.64 0.18
v -10.4311741 10.0981057 12.1000000 0.96 0.64 0.18
v -10.3781080 10.1398262 12.1000000 0.96 0.64 0.18
v -10.3267400 10.1836204 12.1000000 0.96 0.64 0.18
v -10.2771511 10.2294195 12.1000000 0.96 0.64 0.18
v -10.2294195 10.2771511 12.1000000 0.96 0.64 0.18
v -10.1836204 10.3267400 12.1000000 0.96 0.64 0.18
v -10.1398262 10.3781080 12.1000000 0.96 0.64 0.18
v -10.0981057 10.4311741 12.1000000 0.96 0.64 0.18
v -10.0585248 10.4858547 12.1000000 0.96 0.64 0.18
v -10.0211460 10.5420635 12.1000000 0.96 0.64 0.18
v -9.9860280 10.5997119 12.1000000 0.96 0.64 0.18
v -9.9532264 10.6587091 12.1000000 0.96 0.64 0.18
v -9.9227928 10.7189619 12.1000000 0.96 0.64 0.18
v -9.8947752 10.7803755 12.1000000 0.96 0.64 0.18
v -9.8692178 10.8428529 12.1000000 0.96 0.64 0.18
v -9.8461609 10.9062957 12.1000000 0.96 0.64 0.18
v -9.8256408 10.9706038 12.1000000 0.96 0.64 0.18
v -9.8076899 11.0356759 12.1000000 0.96 0.64 0.18
v -9.7923365 11.1014093 12.1000000 0.96 0.64 0.18
v -9.7796048 11.1677004 12.1000000 0.96 0.64 0.18
v -9.7695148 11.2344448 12.1000000 0.96 0.64 0.18
v -9.7620825 11.3015370 12.1000000 0.96 0.64 0.18
v -9.7573197 11.3688714 12.1000000 0.96 0.64 0.18
v -9.7552337 11.4363419 12.1000000 0.96 0.64 0.18
v -9.7558279 11.5038419 12.1000000 0.96 0.64 0.18
v -9.7591014 11.5712652 12.1000000 0.96 0.64 0.18
v -9.7650490 11.6385053 12.1000000 0.96 0.64 0.18
v -9.7736613 11.7054563 12.1000000 0.96 0.64 0.18
v -9.7849247 11.7720127 12.1000000 0.96 0.64 0.18
v -9.7988215 11.8380694 12.1000000 0.96 0.64 0.18
v -9.8153298 11.9035223 12.1000000 0.96 0.64 0.18
v -9.8344235 11.9682683 12.1000000 0.96 0.64 0.18
v -9.8560726 12.0322052 12.1000000 0.96 0.64 0.18
v -9.8802429 12.0952322 12.1000000 0.96 0.64 0.18
v -9.9068963 12.1572500 12.1000000 0.96 0.64 0.18
v -9.9359907 12.2181608 12.1000000 0.96 0.64 0.18
v -9.9674803 12.2778685 12.1000000 0.96 0.64 0.18
v -10.0013155 12.3362790 12.1000000 0.96 0.64 0.18
v -10.0374429 12.3933003 12.1000000 0.96 0.64 0.18
v -10.0758056 12.4488423 12.1000000 0.96 0.64 0.18
v -10.1163429 12.5028176 12.1000000 0.96 0.64 0.18
v -10.1589912 12.5551410 12.1000000 0.96 0.64 0.18
v -10.2036830 12.6057300 12.1000000 0.96 0.64 0.18
v -10.2503480 12.6545049 12.1000000 0.96 0.64 0.18
v -10.2989125 12.7013888 12.1000000 0.96 0.64 0.18
v -10.3493000 12.7463077 12.1000000 0.96 0.64 0.18
v -10.4014310 12.7891909 12.1000000 0.96 0.64 0.18
v -10.4552234 12.8299706 12.1000000 0.96 0.64 0.18
v -10.5105924 12.8685827 12.1000000 0.96 0.64 0.18
v -10.5674505 12.9049662 12.1000000 0.96 0.64 0.18
v -10.6257083 12.9390638 12.1000000 0.96 0.64 0.18
v -10.6852738 12.9708217 12.1000000 0.96 0.64 0.18
v -10.7460531 13.0001898 12.1000000 0.96 0.64 0.18
v -10.8079504 13.0271218 12.1000000 0.96 0.64 0.18
v -10.8708681 13.0515753 12.1000000 0.96 0.64 0.18
v -10.9347070 13.0735118 12.1000000 0.96 0.64 0.18
v -10.9993664 13.0928965 12.1000000 0.96 0.64 0.18
v -9.7566605 -11.3830061 12.0000000 0.96 0.64 0.18
v -9.7555132 -11.4190274 12.0000000 0.96 0.64 0.18
v -9.7551299 -11.4551299 12.0000000 0.96 0.64 0.18
v -9.7564321 -11.5216584 12.0000000 0.96 0.64 0.18
v -9.7603529 -11.5882883 12.0000000 0.96 0.64 0.18
v -9.7669085 -11.6549015 12.0000000 0.96 0.64 0.18
v -9.7761087 -11.7213778 12.0000000 0.96 0.64 0.18
v -9.7879566 -11.7875956 12.0000000 0.96 0.64 0.18
v -9.8024484 -11.8534311 12.0000000 0.96 0.64 0.18
v -9.8195726 -11.9187596 12.0000000 0.96 0.64 0.18
v -9.8393110 -11.9834568 12.0000000 0.96 0.64 0.18
v -9.8616383 -12.0474006 12.0000000 0.96 0.64 0.18
v -9.8865222 -12.1104694 12.0000000 0.96 0.64 0.18
v -9.9139240 -12.1725450 12.0000000 0.96 0.64 0.18
v -9.9437993 -12.2335127 12.0000000 0.96 0.64 0.18
v -9.9760976 -12.2932608 12.0000000 0.96 0.64 0.18
v -10.0107632 -12.3516816 12.0000000 0.96 0.64 0.18
v -10.0477362 -12.4086723 12.0000000 0.96 0.64 0.18
v -10.0869531 -12.4641355 12.0000000 0.96 0.64 0.18
v -10.1283465 -12.5179779 12.0000000 0.96 0.64 0.18
v -10.1718463 -12.5701111 12.0000000 0.96 0.64 0.18
v -10.2173791 -12.6204508 12.0000000 0.96 0.64 0.18
v -10.2648707 -12.6689186 12.0000000 0.96 0.64 0.18
v -10.3142449 -12.7154400 12.0000000 0.96 0.64 0.18
v -10.3654242 -12.7599446 12.0000000 0.96 0.64 0.18
v -10.4183294 -12.8023659 12.0000000 0.96 0.64 0.18
v -10.4728804 -12.8426406 12.0000000 0.96 0.64 0.18
v -10.5289959 -12.8807090 12.0000000 0.96 0.64 0.18
v -10.5768947 -12.9107064 12.0000000 0.96 0.64 0.18
v -10.6257750 -12.9391010 12.0000000 0.96 0.64 0.18
v -10.6257750 -12.9391010 11.0000000 0.96 0.64 0.18
v -10.9993664 -13.0928965 11.0000000 0.96 0.64 0.18
v -10.9347191 -13.0735157 11.0000000 0.96 0.64 0.18
v -10.8708920 -13.0515841 11.0000000 0.96 0.64 0.18
v -10.8079857 -13.0271364 11.0000000 0.96 0.64 0.18
v -10.7460994 -13.0002110 11.0000000 0.96 0.64 0.18
v -10.6853305 -12.9708505 11.0000000 0.96 0.64 0.18
v -10.9993664 -13.0928965 12.1000000 0.96 0.64 0.18
v -10.9347070 -13.0735118 12.1000000 0.96 0.64 0.18
v -10.8708681 -13.0515753 12.1000000 0.96 0.64 0.18
v -10.8079504 -13.0271218 12.1000000 0.96 0.64 0.18
v -10.7460531 -13.0001898 12.1000000 0.96 0.64 0.18
v -10.6852738 -12.9708217 12.1000000 0.96 0.64 0.18
v -10.6257083 -12.9390638 12.1000000 0.96 0.64 0.18
v -10.5674505 -12.9049662 12.1000000 0.96 0.64 0.18
v -10.5105924 -12.8685827 12.1000000 0.96 0.64 0.18
v -10.4552234 -12.8299706 12.1000000 0.96 0.64 0.18
v -10.4014310 -12.7891909 12.1000000 0.96 0.64 0.18
v -10.3493000 -12.7463077 12.1000000 0.96 0.64 0.18
v -10.2989125 -12.7013888 12.1000000 0.96 0.64 0.18
v -10.2503480 -12.6545049 12.1000000 0.96 0.64 0.18
v -10.2036830 -12.6057300 12.1000000 0.96 0.64 0.18
v -10.1589912 -12.5551410 12.1000000 0.96 0.64 0.18
v -10.1163429 -12.5028176 12.1000000 0.96 0.64 0.18
v -10.0758056 -12.4488423 12.1000000 0.96 0.64 0.18
v -10.0374429 -12.3933003 12.1000000 0.96 0.64 0.18
v -10.0013155 -12.3362790 12.1000000 0.96 0.64 0.18
v -9.9674803 -12.2778685 12.1000000 0.96 0.64 0.18
v -9.9359907 -12.2181608 12.1000000 0.96 0.64 0.18
v -9.9068963 -12.1572500 12.1000000 0.96 0.64 0.18
v -9.8802429 -12.0952322 12.1000000 0.96 0.64 0.18
v -9.8560726 -12.0322052 12.1000000 0.96 0.64 0.18
v -9.8344235 -11.9682683 12.1000000 0.96 0.64 0.18
v -9.8153298 -11.9035223 12.1000000 0.96 0.64 0.18
v -9.7988215 -11.8380694 12.1000000 0.96 0.64 0.18
v -9.7849247 -11.7720127 12.1000000 0.96 0.64 0.18
v -9.7736613 -11.7054563 12.1000000 0.96 0.64 0.18
v -9.7650490 -11.6385053 12.1000000 0.96 0.64 0.18
v -9.7591014 -11.5712652 12.1000000 0.96 0.64 0.18
v -9.7558279 -11.5038419 12.1000000 0.96 0.64 0.18
v -9.7552337 -11.4363419 12.1000000 0.96 0.64 0.18
v -9.7573197 -11.3688714 12.1000000 0.96 0.64 0.18
v -9.7620825 -11.3015370 12.1000000 0.96 0.64 0.18
v -9.7695148 -11.2344448 12.1000000 0.96 0.64 0.18
v -9.7796048 -11.1677004 12.1000000 0.96 0.64 0.18
v -9.7923365 -11.1014093 12.1000000 0.96 0.64 0.18
v -9.8076899 -11.0356759 12.1000000 0.96 0.64 0.18
v -9.8256408 -10.9706038 12.1000000 0.96 0.64 0.18
v -9.8461609 -10.9062957 12.1000000 0.96 0.64 0.18
v -9.8692178 -10.8428529 12.1000000 0.96 0.64 0.18
v -9.8947752 -10.7803755 12.1000000 0.96 0.64 0.18
v -9.9227928 -10.7189619 12.1000000 0.96 0.64 0.18
v -9.9532264 -10.6587091 12.1000000 0.96 0.64 0.18
v -9.9860280 -10.5997119 12.1000000 0.96 0.64 0.18
v -10.0211460 -10.5420635 12.1000000 0.96 0.64 0.18
v -10.0585248 -10.4858547 12.1000000 0.96 0.64 0.18
v -10.0981057 -10.4311741 12.1000000 0.96 0.64 0.18
v -10.1398262 -10.3781080 12.1000000 0.96 0.64 0.18
v -10.1836204 -10.3267400 12.1000000 0.96 0.64 0.18
v -10.2294195 -10.2771511 12.1000000 0.96 0.64 0.18
v -10.2771511 -10.2294195 12.1000000 0.96 0.64 0.18
v -10.3267400 -10.1836204 12.1000000 0.96 0.64 0.18
v -10.3781080 -10.1398262 12.1000000 0.96 0.64 0.18
v -10.4311741 -10.0981057 12.1000000 0.96 0.64 0.18
v -10.4858547 -10.0585248 12.1000000 0.96 0.64 0.18
v -10.5420635 -10.0211460 12.1000000 0.96 0.64 0.18
v -10.5997119 -9.9860280 12.1000000 0.96 0.64 0.18
v -10.6587091 -9.9532264 12.1000000 0.96 0.64 0.18
v -10.7189619 -9.9227928 12.1000000 0.96 0.64 0.18
v -10.7803755 -9.8947752 12.1000000 0.96 0.64 0.18
v -10.8428529 -9.8692178 12.1000000 0.96 0.64 0.18
v -10.9062957 -9.8461609 12.1000000 0.96 0.64 0.18
v -10.9706038 -9.8256408 12.1000000 0.96 0.64 0.18
v -11.0356759 -9.8076899 12.1000000 0.96 0.64 0.18
v -11.1014093 -9.7923365 12.1000000 0.96 0.64 0.18
v -11.1677004 -9.7796048 12.1000000 0.96 0.64 0.18
v -11.2344448 -9.7695148 12.1000000 0.96 0.64 0.18
v -11.3015370 -9.7620825 12.1000000 0.96 0.64 0.18
v -11.3688714 -9.7573197 12.1000000 0.96 0.64 0.18
v -11.4363419 -9.7552337 12.1000000 0.96 0.64 0.18
v -11.5038419 -9.7558279 12.1000000 0.96 0.64 0.18
v -11.5712652 -9.7591014 12.1000000 0.96 0.64 0.18
v -11.6385053 -9.7650490 12.1000000 0.96 0.64 0.18
v -11.7054563 -9.7736613 12.1000000 0.96 0.64 0.18
v -11.7720127 -9.7849247 12.1000000 0.96 0.64 0.18
v -11.8380694 -9.7988215 12.1000000 0.96 0.64 0.18
v -11.9035223 -9.8153298 12.1000000 0.96 0.64 0.18
v -11.9682683 -9.8344235 12.1000000 0.96 0.64 0.18
v -12.0322052 -9.8560726 12.1000000 0.96 0.64 0.18
v -12.0952322 -9.8802429 12.1000000 0.96 0.64 0.18
v -12.1572500 -9.9068963 12.1000000 0.96 0.64 0.18
v -12.2181608 -9.9359907 12.1000000 0.96 0.64 0.18
v -12.2778685 -9.9674803 12.1000000 0.96 0.64 0.18
v -12.3362790 -10.0013155 12.1000000 0.96 0.64 0.18
v -12.3933003 -10.0374429 12.1000000 0.96 0.64 0.18
v -12.4488423 -10.0758056 12.1000000 0.96 0.64 0.18
v -12.5028176 -10.1163429 12.1000000 0.96 0.64 0.18
v -12.5551410 -10.1589912 12.1000000 0.96 0.64 0.18
v -12.6057300 -10.2036830 12.1000000 0.96 0.64 0.18
v -12.6545049 -10.2503480 12.1000000 0.96 0.64 0.18
v -12.7013888 -10.2989125 12.1000000 0.96 0.64 0.18
v -12.7463077 -10.3493000 12.1000000 0.96 0.64 0.18
v -12.7891909 -10.4014310 12.1000000 0.96 0.64 0.18
v -12.8299706 -10.4552234 12.1000000 0.96 0.64 0.18
v -12.8685827 -10.5105924 12.1000000 0.96 0.64 0.18
v -12.9049662 -10.5674505 12.1000000 0.96 0.64 0.18
v -12.9390638 -10.6257083 12.1000000 0.96 0.64 0.18
v -12.9708217 -10.6852738 12.1000000 0.96 0.64 0.18
v -13.0001898 -10.7460531 12.1000000 0.96 0.64 0.18
v -13.0271218 -10.8079504 12.1000000 0.96 0.64 0.18
v -13.0515753 -10.8708681 12.1000000 0.96 0.64 0.18
v -13.0735118 -10.9347070 12.1000000 0.96 0.64 0.18
v -13.0928965 -10.9993664 12.1000000 0.96 0.64 0.18
v -13.0928965 -10.9993664 11.0000000 0.96 0.64 0.18
v -11.3830061 -9.7566605 11.0000000 0.96 0.64 0.18
v -11.4500754 -9.7551374 11.0000000 0.96 0.64 0.18
v -11.5171525 -9.7562616 11.0000000 0.96 0.64 0.18
v -11.5841331 -9.7600316 11.0000000 0.96 0.64 0.18
v -11.6509127 -9.7664413 11.0000000 0.96 0.64 0.18
v -11.7173875 -9.7754808 11.0000000 0.96 0.64 0.18
v -11.7834539 -9.7871360 11.0000000 0.96 0.64 0.18
v -11.8490089 -9.8013889 11.0000000 0.96 0.64 0.18
v -11.9139506 -9.8182171 11.0000000 0.96 0.64 0.18
v -11.9781777 -9.8375944 11.0000000 0.96 0.64 0.18
v -12.0415903 -9.8594908 11.0000000 0.96 0.64 0.18
v -12.1040896 -9.8838720 11.0000000 0.96 0.64 0.18
v -12.1655783 -9.9107002 11.0000000 0.96 0.64 0.18
v -12.2259606 -9.9399335 11.0000000 0.96 0.64 0.18
v -12.2851425 -9.9715265 11.0000000 0.96 0.64 0.18
v -12.3430318 -10.0054298 11.0000000 0.96 0.64 0.18
v -12.3995383 -10.0415908 11.0000000 0.96 0.64 0.18
v -12.4545742 -10.0799531 11.0000000 0.96 0.64 0.18
v -12.5080535 -10.1204570 11.0000000 0.96 0.64 0.18
v -12.5598932 -10.1630393 11.0000000 0.96 0.64 0.18
v -12.6100124 -10.2076339 11.0000000 0.96 0.64 0.18
v -12.6583331 -10.2541711 11.0000000 0.96 0.64 0.18
v -12.7047801 -10.3025786 11.0000000 0.96 0.64 0.18
v -12.7492810 -10.3527810 11.0000000 0.96 0.64 0.18
v -12.7917664 -10.4047001 11.0000000 0.96 0.64 0.18
v -12.8321704 -10.4582550 11.0000000 0.96 0.64 0.18
v -12.8704299 -10.5133624 11.0000000 0.96 0.64 0.18
v -12.9064853 -10.5699364 11.0000000 0.96 0.64 0.18
v -12.9402805 -10.6278889 11.0000000 0.96 0.64 0.18
v -12.9717629 -10.6871296 11.0000000 0.96 0.64 0.18
v -13.0008834 -10.7475664 11.0000000 0.96 0.64 0.18
v -13.0275967 -10.8091051 11.0000000 0.96 0.64 0.18
v -13.0518612 -10.8716498 11.0000000 0.96 0.64 0.18
v -13.0736391 -10.9351032 11.0000000 0.96 0.64 0.18
v -11.3830061 -9.7566605 12.0000000 0.96 0.64 0.18
v -11.3172585 -9.7607298 12.0000000 0.96 0.64 0.18
v -11.2517180 -9.7673433 12.0000000 0.96 0.64 0.18
v -11.1864828 -9.7764909 12.0000000 0.96 0.64 0.18
v -11.1216511 -9.7881590 12.0000000 0.96 0.64 0.18
v -11.0573200 -9.8023300 12.0000000 0.96 0.64 0.18
v -11.0573200 -9.8023300 11.0000000 0.96 0.64 0.18
v -9.8146771 -11.0091311 11.0000000 0.96 0.64 0.18
v -9.8336190 -10.9445393 11.0000000 0.96 0.64 0.18
v -9.8551031 -10.8807480 11.0000000 0.96 0.64 0.18
v -9.8790957 -10.8178572 11.0000000 0.96 0.64 0.18
v -9.9055592 -10.7559656 11.0000000 0.96 0.64 0.18
v -9.9344520 -10.6951700 11.0000000 0.96 0.64 0.18
v -9.9657290 -10.6355659 11.0000000 0.96 0.64 0.18
v -9.9993410 -10.5772468 11.0000000 0.96 0.64 0.18
v -10.0352353 -10.5203039 11.0000000 0.96 0.64 0.18
v -10.0733558 -10.4648266 11.0000000 0.96 0.64 0.18
v -10.1136426 -10.4109020 11.0000000 0.96 0.64 0.18
v -10.1560325 -10.3586144 11.0000000 0.96 0.64 0.18
v -10.2004592 -10.3080460 11.0000000 0.96 0.64 0.18
v -10.2468528 -10.2592759 11.0000000 0.96 0.64 0.18
v -10.2951409 -10.2123807 11.0000000 0.96 0.64 0.18
v -10.3452475 -10.1674338 11.0000000 0.96 0.64 0.18
v -10.3970942 -10.1245058 11.0000000 0.96 0.64 0.18
v -10.4505996 -10.0836639 11.0000000 0.96 0.64 0.18
v -10.5056799 -10.0449721 11.0000000 0.96 0.64 0.18
v -10.5622488 -10.0084912 11.0000000 0.96 0.64 0.18
v -10.6202175 -9.9742783 11.0000000 0.96 0.64 0.18
v -10.6794952 -9.9423870 11.0000000 0.96 0.64 0.18
v -10.7399889 -9.9128674 11.0000000 0.96 0.64 0.18
v -10.8016038 -9.8857658 11.0000000 0.96 0.64 0.18
v -10.8642433 -9.8611245 11.0000000 0.96 0.64 0.18
v -10.9278091 -9.8389823 11.0000000 0.96 0.64 0.18
v -10.9922017 -9.8193739 11.0000000 0.96 0.64 0.18
v -9.8146771 -11.0091311 12.0000000 0.96 0.64 0.18
v -9.8023300 -11.0573200 12.0000000 0.96 0.64 0.18
v -9.7881590 -11.1216511 12.0000000 0.96 0.64 0.18
v -9.7764909 -11.1864828 12.0000000 0.96 0.64 0.18
v -9.7673433 -11.2517180 12.0000000 0.96 0.64 0.18
v -9.7607298 -11.3172585 12.0000000 0.96 0.64 0.18
v -13.0928965 -10.9993664 12.1000000 0.96 0.64 0.18
v -13.0928965 -10.9993664 11.0000000 0.96 0.64 0.18
v -13.0928965 10.9993664 11.0000000 0.96 0.64 0.18
v -13.5215150 10.4679812 11.0000000 0.96 0.64 0.18
v -13.9285811 9.9199108 11.0000000 0.96 0.64 0.18
v -14.3134458 9.3560285 11.0000000 0.96 0.64 0.18
v -14.6754957 8.7772334 11.0000000 0.96 0.64 0.18
v -15.0141538 8.1844478 11.0000000 0.96 0.64 0.18
v -15.3288802 7.5786168 11.0000000 0.96 0.64 0.18
v -15.6191733 6.9607058 11.0000000 0.96 0.64 0.18
v -15.8845704 6.3317000 11.0000000 0.96 0.64 0.18
v -16.1246484 5.6926018 11.0000000 0.96 0.64 0.18
v -16.3390247 5.0444299 11.0000000 0.96 0.64 0.18
v -16.5273575 4.3882175 11.0000000 0.96 0.64 0.18
v -16.6893468 3.7250105 11.0000000 0.96 0.64 0.18
v -16.8247342 3.0558661 11.0000000 0.96 0.64 0.18
v -16.9333041 2.3818508 11.0000000 0.96 0.64 0.18
v -17.0148832 1.7040390 11.0000000 0.96 0.64 0.18
v -17.0693417 1.0235111 11.0000000 0.96 0.64 0.18
v -17.0965926 0.3413517 11.0000000 0.96 0.64 0.18
v -17.0965926 -0.3413517 11.0000000 0.96 0.64 0.18
v -17.0693417 -1.0235111 11.0000000 0.96 0.64 0.18
v -17.0148832 -1.7040390 11.0000000 0.96 0.64 0.18
v -16.9333041 -2.3818508 11.0000000 0.96 0.64 0.18
v -16.8247342 -3.0558661 11.0000000 0.96 0.64 0.18
v -16.6893468 -3.7250105 11.0000000 0.96 0.64 0.18
v -16.5273575 -4.3882175 11.0000000 0.96 0.64 0.18
v -16.3390247 -5.0444299 11.0000000 0.96 0.64 0.18
v -16.1246484 -5.6926018 11.0000000 0.96 0.64 0.18
v -15.8845704 -6.3317000 11.0000000 0.96 0.64 0.18
v -15.6191733 -6.9607058 11.0000000 0.96 0.64 0.18
v -15.3288802 -7.5786168 11.0000000 0.96 0.64 0.18
v -15.0141538 -8.1844478 11.0000000 0.96 0.64 0.18
v -14.6754957 -8.7772334 11.0000000 0.96 0.64 0.18
v -14.3134458 -9.3560285 11.0000000 0.96 0.64 0.18
v -13.9285811 -9.9199108 11.0000000 0.96 0.64 0.18
v -13.5215150 -10.4679812 11.0000000 0.96 0.64 0.18
v -13.0928965 10.9993664 12.1000000 0.96 0.64 0.18
v -13.5215150 10.4679812 12.1000000 0.96 0.64 0.18
v -13.9285811 9.9199108 12.1000000 0.96 0.64 0.18
v -14.3134458 9.3560285 12.1000000 0.96 0.64 0.18
v -14.6754957 8.7772334 12.1000000 0.96 0.64 0.18
v -15.0141538 8.1844478 12.1000000 0.96 0.64 0.18
v -15.3288802 7.5786168 12.1000000 0.96 0.64 0.18
v -15.6191733 6.9607058 12.1000000 0.96 0.64 0.18
v -15.8845704 6.3317000 12.1000000 0.96 0.64 0.18
v -16.1246484 5.6926018 12.1000000 0.96 0.64 0.18
v -16.3390247 5.0444299 12.1000000 0.96 0.64 0.18
v -16.5273575 4.3882175 12.1000000 0.96 0.64 0.18
v -16.6893468 3.7250105 12.1000000 0.96 0.64 0.18
v -16.8247342 3.0558661 12.1000000 0.96 0.64 0.18
v -16.9333041 2.3818508 12.1000000 0.96 0.64 0.18
v -17.0148832 1.7040390 12.1000000 0.96 0.64 0.18
v -17.0693417 1.0235111 12.1000000 0.96 0.64 0.18
v -17.0965926 0.3413517 12.1000000 0.96 0.64 0.18
v -17.0965926 -0.3413517 12.1000000 0.96 0.64 0.18
v -17.0693417 -1.0235111 12.1000000 0.96 0.64 0.18
v -17.0148832 -1.7040390 12.1000000 0.96 0.64 0.18
v -16.9333041 -2.3818508 12.1000000 0.96 0.64 0.18
v -16.8247342 -3.0558661 12.1000000 0.96 0.64 0.18
v -16.6893468 -3.7250105 12.1000000 0.96 0.64 0.18
v -16.5273575 -4.3882175 12.1000000 0.96 0.64 0.18
v -16.3390247 -5.0444299 12.1000000 0.96 0.64 0.18
v -16.1246484 -5.6926018 12.1000000 0.96 0.64 0.18
v -15.8845704 -6.3317000 12.1000000 0.96 0.64 0.18
v -15.6191733 -6.9607058 12.1000000 0.96 0.64 0.18
v -15.3288802 -7.5786168 12.1000000 0.96 0.64 0.18
v -15.0141538 -8.1844478 12.1000000 0.96 0.64 0.18
v -14.6754957 -8.7772334 12.1000000 0.96 0.64 0.18
v -14.3134458 -9.3560285 12.1000000 0.96 0.64 0.18
v -13.9285811 -9.9199108 12.1000000 0.96 0.64 0.18
v -13.5215150 -10.4679812 12.1000000 0.96 0.64 0.18
v 12.9551299 11.4551299 12.1000000 0.96 0.64 0.18
v 12.9539440 11.5147646 12.1000000 0.96 0.64 0.18
v 12.9503881 11.5743051 12.1000000 0.96 0.64 0.18
v 12.9444680 11.6336571 12.1000000 0.96 0.64 0.18
v 12.9361929 11.6927269 12.1000000 0.96 0.64 0.18
v 12.9255759 11.7514210 12.1000000 0.96 0.64 0.18
v 12.9126339 11.8096465 12.1000000 0.96 0.64 0.18
v 12.8973872 11.8673115 12.1000000 0.96 0.64 0.18
v 12.8798601 11.9243248 12.1000000 0.96 0.64 0.18
v 12.8600801 11.9805961 12.1000000 0.96 0.64 0.18
v 12.8380786 12.0360366 12.1000000 0.96 0.64 0.18
v 12.8138904 12.0905586 12.1000000 0.96 0.64 0.18
v 12.7875538 12.1440758 12.1000000 0.96 0.64 0.18
v 12.7591103 12.1965036 12.1000000 0.96 0.64 0.18
v 12.7286049 12.2477592 12.1000000 0.96 0.64 0.18
v 12.6960859 12.2977615 12.1000000 0.96 0.64 0.18
v 12.6616047 12.3464314 12.1000000 0.96 0.64 0.18
v 12.6252158 12.3936920 12.1000000 0.96 0.64 0.18
v 12.5869768 12.4394685 12.1000000 0.96 0.64 0.18
v 12.5469481 12.4836885 12.1000000 0.96 0.64 0.18
v 12.5051930 12.5262823 12.1000000 0.96 0.64 0.18
v 12.4617775 12.5671822 12.1000000 0.96 0.64 0.18
v 12.4167703 12.6063239 12.1000000 0.96 0.64 0.18
v 12.3702426 12.6436452 12.1000000 0.96 0.64 0.18
v 12.3222679 12.6790872 12.1000000 0.96 0.64 0.18
v 12.2729220 12.7125940 12.1000000 0.96 0.64 0.18
v 12.2222831 12.7441124 12.1000000 0.96 0.64 0.18
v 12.1704311 12.7735926 12.1000000 0.96 0.64 0.18
v 12.1174481 12.8009881 12.1000000 0.96 0.64 0.18
v 12.0634178 12.8262556 12.1000000 0.96 0.64 0.18
v 12.0084257 12.8493550 12.1000000 0.96 0.64 0.18
v 11.9525588 12.8702498 12.1000000 0.96 0.64 0.18
v 11.8959053 12.8889070 12.1000000 0.96 0.64 0.18
v 11.8385548 12.9052972 12.1000000 0.96 0.64 0.18
v 11.7805981 12.9193943 12.1000000 0.96 0.64 0.18
v 11.7221267 12.9311762 12.1000000 0.96 0.64 0.18
v 11.6632332 12.9406241 12.1000000 0.96 0.64 0.18
v 11.6040106 12.9477231 12.1000000 0.96 0.64 0.18
v 11.5445525 12.9524620 12.1000000 0.96 0.64 0.18
v 11.4849531 12.9548333 12.1000000 0.96 0.64 0.18
v 11.4253066 12.9548333 12.1000000 0.96 0.64 0.18
v 11.3657072 12.9524620 12.1000000 0.96 0.64 0.18
v 11.3062492 12.9477231 12.1000000 0.96 0.64 0.18
v 11.2470266 12.9406241 12.1000000 0.96 0.64 0.18
v 11.1881330 12.9311762 12.1000000 0.96 0.64 0.18
v 11.1296616 12.9193943 12.1000000 0.96 0.64 0.18
v 11.0717049 12.9052972 12.1000000 0.96 0.64 0.18
v 11.0143544 12.8889070 12.1000000 0.96 0.64 0.18
v 10.9577009 12.8702498 12.1000000 0.96 0.64 0.18
v 10.9018340 12.8493550 12.1000000 0.96 0.64 0.18
v 10.8468419 12.8262556 12.1000000 0.96 0.64 0.18
v 10.7928116 12.8009881 12.1000000 0.96 0.64 0.18
v 10.7398286 12.7735926 12.1000000 0.96 0.64 0.18
v 10.6879766 12.7441124 12.1000000 0.96 0.64 0.18
v 10.6373377 12.7125940 12.1000000 0.96 0.64 0.18
v 10.5879919 12.6790872 12.1000000 0.96 0.64 0.18
v 10.5400171 12.6436452 12.1000000 0.96 0.64 0.18
v 10.4934894 12.6063239 12.1000000 0.96 0.64 0.18
v 10.4484822 12.5671822 12.1000000 0.96 0.64 0.18
v 10.4050667 12.5262823 12.1000000 0.96 0.64 0.18
v 10.3633116 12.4836885 12.1000000 0.96 0.64 0.18
v 10.3232829 12.4394685 12.1000000 0.96 0.64 0.18
v 10.2850439 12.3936920 12.1000000 0.96 0.64 0.18
v 10.2486550 12.3464314 12.1000000 0.96 0.64 0.18
v 10.2141738 12.2977615 12.1000000 0.96 0.64 0.18
v 10.1816548 12.2477592 12.1000000 0.96 0.64 0.18
v 10.1511494 12.1965036 12.1000000 0.96 0.64 0.18
v 10.1227059 12.1440758 12.1000000 0.96 0.64 0.18
v 10.0963693 12.0905586 12.1000000 0.96 0.64 0.18
v 10.0721811 12.0360366 12.1000000 0.96 0.64 0.18
v 10.0501796 11.9805961 12.1000000 0.96 0.64 0.18
v 10.0303997 11.9243248 12.1000000 0.96 0.64 0.18
v 10.0128725 11.8673115 12.1000000 0.96 0.64 0.18
v 9.9976258 11.8096465 12.1000000 0.96 0.64 0.18
v 9.9846838 11.7514210 12.1000000 0.96 0.64 0.18
v 9.9740668 11.6927269 12.1000000 0.96 0.64 0.18
v 9.9657917 11.6336571 12.1000000 0.96 0.64 0.18
v 9.9598716 11.5743051 12.1000000 0.96 0.64 0.18
v 9.9563158 11.5147646 12.1000000 0.96 0.64 0.18
v 9.9551299 11.4551299 12.1000000 0.96 0.64 0.18
v 9.9563158 11.3954951 12.1000000 0.96 0.64 0.18
v 9.9598716 11.3359546 12.1000000 0.96 0.64 0.18
v 9.9657917 11.2766026 12.1000000 0.96 0.64 0.18
v 9.9740668 11.2175328 12.1000000 0.96 0.64 0.18
v 9.9846838 11.1588388 12.1000000 0.96 0.64 0.18
v 9.9976258 11.1006132 12.1000000 0.96 0.64 0.18
v 10.0128725 11.0429482 12.1000000 0.96 0.64 0.18
v 10.0303997 10.9859349 12.1000000 0.96 0.64 0.18
v 10.0501796 10.9296636 12.1000000 0.96 0.64 0.18
v 10.0721811 10.8742231 12.1000000 0.96 0.64 0.18
v 10.0963693 10.8197011 12.1000000 0.96 0.64 0.18
v 10.1227059 10.7661839 12.1000000 0.96 0.64 0.18
v 10.1511494 10.7137561 12.1000000 0.96 0.64 0.18
v 10.1816548 10.6625005 12.1000000 0.96 0.64 0.18
v 10.2141738 10.6124982 12.1000000 0.96 0.64 0.18
v 10.2486550 10.5638283 12.1000000 0.96 0.64 0.18
v 10.2850439 10.5165677 12.1000000 0.96 0.64 0.18
v 10.3232829 10.4707912 12.1000000 0.96 0.64 0.18
v 10.3633116 10.4265712 12.1000000 0.96 0.64 0.18
v 10.4050667 10.3839775 12.1000000 0.96 0.64 0.18
v 10.4484822 10.3430775 12.1000000 0.96 0.64 0.18
v 10.4934894 10.3039359 12.1000000 0.96 0.64 0.18
v 10.5400171 10.2666145 12.1000000 0.96 0.64 0.18
v 10.5879919 10.2311725 12.1000000 0.96 0.64 0.18
v 10.6373377 10.1976657 12.1000000 0.96 0.64 0.18
v 10.6879766 10.1661473 12.1000000 0.96 0.64 0.18
v 10.7398286 10.1366671 12.1000000 0.96 0.64 0.18
v 10.7928116 10.1092716 12.1000000 0.96 0.64 0.18
v 10.8468419 10.0840041 12.1000000 0.96 0.64 0.18
v 10.9018340 10.0609047 12.1000000 0.96 0.64 0.18
v 10.9577009 10.0400099 12.1000000 0.96 0.64 0.18
v 11.0143544 10.0213527 12.1000000 0.96 0.64 0.18
v 11.0717049 10.0049625 12.1000000 0.96 0.64 0.18
v 11.1296616 9.9908654 12.1000000 0.96 0.64 0.18
v 11.1881330 9.9790836 12.1000000 0.96 0.64 0.18
v 11.2470266 9.9696357 12.1000000 0.96 0.64 0.18
v 11.3062492 9.9625366 12.1000000 0.96 0.64 0.18
v 11.3657072 9.9577977 12.1000000 0.96 0.64 0.18
v 11.4253066 9.9554264 12.1000000 0.96 0.64 0.18
v 11.4849531 9.9554264 12.1000000 0.96 0.64 0.18
v 11.5445525 9.9577977 12.1000000 0.96 0.64 0.18
v 11.6040106 9.9625366 12.1000000 0.96 0.64 0.18
v 11.6632332 9.9696357 12.1000000 0.96 0.64 0.18
v 11.7221267 9.9790836 12.1000000 0.96 0.64 0.18
v 11.7805981 9.9908654 12.1000000 0.96 0.64 0.18
v 11.8385548 10.0049625 12.1000000 0.96 0.64 0.18
v 11.8959053 10.0213527 12.1000000 0.96 0.64 0.18
v 11.9525588 10.0400099 12.1000000 0.96 0.64 0.18
v 12.0084257 10.0609047 12.1000000 0.96 0.64 0.18
v 12.0634178 10.0840041 12.1000000 0.96 0.64 0.18
v 12.1174481 10.1092716 12.1000000 0.96 0.64 0.18
v 12.1704311 10.1366671 12.1000000 0.96 0.64 0.18
v 12.2222831 10.1661473 12.1000000 0.96 0.64 0.18
v 12.2729220 10.1976657 12.1000000 0.96 0.64 0.18
v 12.3222679 10.2311725 12.1000000 0.96 0.64 0.18
v 12.3702426 10.2666145 12.1000000 0.96 0.64 0.18
v 12.4167703 10.3039359 12.1000000 0.96 0.64 0.18
v 12.4617775 10.3430775 12.1000000 0.96 0.64 0.18
v 12.5051930 10.3839775 12.1000000 0.96 0.64 0.18
v 12.5469481 10.4265712 12.1000000 0.96 0.64 0.18
v 12.5869768 10.4707912 12.1000000 0.96 0.64 0.18
v 12.6252158 10.5165677 12.1000000 0.96 0.64 0.18
v 12.6616047 10.5638283 12.1000000 0.96 0.64 0.18
v 12.6960859 10.6124982 12.1000000 0.96 0.64 0.18
v 12.7286049 10.6625005 12.1000000 0.96 0.64 0.18
v 12.7591103 10.7137561 12.1000000 0.96 0.64 0.18
v 12.7875538 10.7661839 12.1000000 0.96 0.64 0.18
v 12.8138904 10.8197011 12.1000000 0.96 0.64 0.18
v 12.8380786 10.8742231 12.1000000 0.96 0.64 0.18
v 12.8600801 10.9296636 12.1000000 0.96 0.64 0.18
v 12.8798601 10.9859349 12.1000000 0.96 0.64 0.18
v 12.8973872 11.0429482 12.1000000 0.96 0.64 0.18
v 12.9126339 11.1006132 12.1000000 0.96 0.64 0.18
v 12.9255759 11.1588388 12.1000000 0.96 0.64 0.18
v 12.9361929 11.2175328 12.1000000 0.96 0.64 0.18
v 12.9444680 11.2766026 12.1000000 0.96 0.64 0.18
v 12.9503881 11.3359546 12.1000000 0.96 0.64 0.18
v 12.9539440 11.3954951 12.1000000 0.96 0.64 0.18
v 12.9551299 11.4551299 12.1000000 0.96 0.64 0.18
v 12.3051299 11.4551299 11.4500000 0.96 0.64 0.18
v 12.4351299 11.4551299 11.5800000 0.96 0.64 0.18
v 12.5651299 11.4551299 11.7100000 0.96 0.64 0.18
v 12.6951299 11.4551299 11.8400000 0.96 0.64 0.18
v 12.8251299 11.4551299 11.9700000 0.96 0.64 0.18
v 12.3044578 11.4889229 11.4500000 0.96 0.64 0.18
v 12.3024429 11.5226625 11.4500000 0.96 0.64 0.18
v 12.2990881 11.5562953 11.4500000 0.96 0.64 0.18
v 12.2943989 11.5897682 11.4500000 0.96 0.64 0.18
v 12.2883826 11.6230281 11.4500000 0.96 0.64 0.18
v 12.2810488 11.6560226 11.4500000 0.96 0.64 0.18
v 12.2724090 11.6886995 11.4500000 0.96 0.64 0.18
v 12.2624770 11.7210070 11.4500000 0.96 0.64 0.18
v 12.2512683 11.7528941 11.4500000 0.96 0.64 0.18
v 12.2388008 11.7843104 11.4500000 0.96 0.64 0.18
v 12.2250942 11.8152061 11.4500000 0.96 0.64 0.18
v 12.2101701 11.8455326 11.4500000 0.96 0.64 0.18
v 12.1940521 11.8752417 11.4500000 0.96 0.64 0.18
v 12.1767657 11.9042865 11.4500000 0.96 0.64 0.18
v 12.1583383 11.9326211 11.4500000 0.96 0.64 0.18
v 12.1387989 11.9602007 11.4500000 0.96 0.64 0.18
v 12.1181786 11.9869817 11.4500000 0.96 0.64 0.18
v 12.0965098 12.0129217 11.4500000 0.96 0.64 0.18
v 12.0738268 12.0379798 11.4500000 0.96 0.64 0.18
v 12.0501656 12.0621162 11.4500000 0.96 0.64 0.18
v 12.0255635 12.0852929 11.4500000 0.96 0.64 0.18
v 12.0000594 12.1074731 11.4500000 0.96 0.64 0.18
v 11.9736937 12.1286219 11.4500000 0.96 0.64 0.18
v 11.9465081 12.1487057 11.4500000 0.96 0.64 0.18
v 11.9185454 12.1676929 11.4500000 0.96 0.64 0.18
v 11.8898500 12.1855533 11.4500000 0.96 0.64 0.18
v 11.8604672 12.2022588 11.4500000 0.96 0.64 0.18
v 11.8304435 12.2177829 11.4500000 0.96 0.64 0.18
v 11.7998264 12.2321011 11.4500000 0.96 0.64 0.18
v 11.7686642 12.2451908 11.4500000 0.96 0.64 0.18
v 11.7370062 12.2570312 11.4500000 0.96 0.64 0.18
v 11.7049026 12.2676036 11.4500000 0.96 0.64 0.18
v 11.6724040 12.2768913 11.4500000 0.96 0.64 0.18
v 11.6395618 12.2848797 11.4500000 0.96 0.64 0.18
v 11.6064281 12.2915561 11.4500000 0.96 0.64 0.18
v 11.5730551 12.2969099 11.4500000 0.96 0.64 0.18
v 11.5394956 12.3009327 11.4500000 0.96 0.64 0.18
v 11.5058027 12.3036181 11.4500000 0.96 0.64 0.18
v 11.4720297 12.3049618 11.4500000 0.96 0.64 0.18
v 11.4382300 12.3049618 11.4500000 0.96 0.64 0.18
v 11.4044570 12.3036181 11.4500000 0.96 0.64 0.18
v 11.3707641 12.3009327 11.4500000 0.96 0.64 0.18
v 11.3372047 12.2969099 11.4500000 0.96 0.64 0.18
v 11.3038316 12.2915561 11.4500000 0.96 0.64 0.18
v 11.2706979 12.2848797 11.4500000 0.96 0.64 0.18
v 11.2378557 12.2768913 11.4500000 0.96 0.64 0.18
v 11.2053571 12.2676036 11.4500000 0.96 0.64 0.18
v 11.1732535 12.2570312 11.4500000 0.96 0.64 0.18
v 11.1415955 12.2451908 11.4500000 0.96 0.64 0.18
v 11.1104333 12.2321011 11.4500000 0.96 0.64 0.18
v 11.0798162 12.2177829 11.4500000 0.96 0.64 0.18
v 11.0497925 12.2022588 11.4500000 0.96 0.64 0.18
v 11.0204097 12.1855533 11.4500000 0.96 0.64 0.18
v 10.9917143 12.1676929 11.4500000 0.96 0.64 0.18
v 10.9637517 12.1487057 11.4500000 0.96 0.64 0.18
v 10.9365660 12.1286219 11.4500000 0.96 0.64 0.18
v 10.9102003 12.1074731 11.4500000 0.96 0.64 0.18
v 10.8846962 12.0852929 11.4500000 0.96 0.64 0.18
v 10.8600941 12.0621162 11.4500000 0.96 0.64 0.18
v 10.8364329 12.0379798 11.4500000 0.96 0.64 0.18
v 10.8137499 12.0129217 11.4500000 0.96 0.64 0.18
v 10.7920811 11.9869817 11.4500000 0.96 0.64 0.18
v 10.7714608 11.9602007 11.4500000 0.96 0.64 0.18
v 10.7519214 11.9326211 11.4500000 0.96 0.64 0.18
v 10.7334940 11.9042865 11.4500000 0.96 0.64 0.18
v 10.7162076 11.8752417 11.4500000 0.96 0.64 0.18
v 10.7000896 11.8455326 11.4500000 0.96 0.64 0.18
v 10.6851655 11.8152061 11.4500000 0.96 0.64 0.18
v 10.6714589 11.7843104 11.4500000 0.96 0.64 0.18
v 10.6589914 11.7528941 11.4500000 0.96 0.64 0.18
v 10.6477827 11.7210070 11.4500000 0.96 0.64 0.18
v 10.6378507 11.6886995 11.4500000 0.96 0.64 0.18
v 10.6292109 11.6560226 11.4500000 0.96 0.64 0.18
v 10.6218771 11.6230281 11.4500000 0.96 0.64 0.18
v 10.6158608 11.5897682 11.4500000 0.96 0.64 0.18
v 10.6111716 11.5562953 11.4500000 0.96 0.64 0.18
v 10.6078168 11.5226625 11.4500000 0.96 0.64 0.18
v 10.6058019 11.4889229 11.4500000 0.96 0.64 0.18
v 10.6051299 11.4551299 11.4500000 0.96 0.64 0.18
v 10.6058019 11.4213368 11.4500000 0.96 0.64 0.18
v 10.6078168 11.3875972 11.4500000 0.96 0.64 0.18
v 10.6111716 11.3539644 11.4500000 0.96 0.64 0.18
v 10.6158608 11.3204915 11.4500000 0.96 0.64 0.18
v 10.6218771 11.2872316 11.4500000 0.96 0.64 0.18
v 10.6292109 11.2542371 11.4500000 0.96 0.64 0.18
v 10.6378507 11.2215603 11.4500000 0.96 0.64 0.18
v 10.6477827 11.1892527 11.4500000 0.96 0.64 0.18
v 10.6589914 11.1573656 11.4500000 0.96 0.64 0.18
v 10.6714589 11.1259494 11.4500000 0.96 0.64 0.18
v 10.6851655 11.0950536 11.4500000 0.96 0.64 0.18
v 10.7000896 11.0647272 11.4500000 0.96 0.64 0.18
v 10.7162076 11.0350180 11.4500000 0.96 0.64 0.18
v 10.7334940 11.0059732 11.4500000 0.96 0.64 0.18
v 10.7519214 10.9776386 11.4500000 0.96 0.64 0.18
v 10.7714608 10.9500590 11.4500000 0.96 0.64 0.18
v 10.7920811 10.9232780 11.4500000 0.96 0.64 0.18
v 10.8137499 10.8973380 11.4500000 0.96 0.64 0.18
v 10.8364329 10.8722799 11.4500000 0.96 0.64 0.18
v 10.8600941 10.8481435 11.4500000 0.96 0.64 0.18
v 10.8846962 10.8249668 11.4500000 0.96 0.64 0.18
v 10.9102003 10.8027866 11.4500000 0.96 0.64 0.18
v 10.9365660 10.7816378 11.4500000 0.96 0.64 0.18
v 10.9637517 10.7615540 11.4500000 0.96 0.64 0.18
v 10.9917143 10.7425669 11.4500000 0.96 0.64 0.18
v 11.0204097 10.7247064 11.4500000 0.96 0.64 0.18
v 11.0497925 10.7080009 11.4500000 0.96 0.64 0.18
v 11.0798162 10.6924768 11.4500000 0.96 0.64 0.18
v 11.1104333 10.6781586 11.4500000 0.96 0.64 0.18
v 11.1415955 10.6650690 11.4500000 0.96 0.64 0.18
v 11.1732535 10.6532286 11.4500000 0.96 0.64 0.18
v 11.2053571 10.6426561 11.4500000 0.96 0.64 0.18
v 11.2378557 10.6333684 11.4500000 0.96 0.64 0.18
v 11.2706979 10.6253800 11.4500000 0.96 0.64 0.18
v 11.3038316 10.6187036 11.4500000 0.96 0.64 0.18
v 11.3372047 10.6133498 11.4500000 0.96 0.64 0.18
v 11.3707641 10.6093270 11.4500000 0.96 0.64 0.18
v 11.4044570 10.6066416 11.4500000 0.96 0.64 0.18
v 11.4382300 10.6052979 11.4500000 0.96 0.64 0.18
v 11.4720297 10.6052979 11.4500000 0.96 0.64 0.18
v 11.5058027 10.6066416 11.4500000 0.96 0.64 0.18
v 11.5394956 10.6093270 11.4500000 0.96 0.64 0.18
v 11.5730551 10.6133498 11.4500000 0.96 0.64 0.18
v 11.6064281 10.6187036 11.4500000 0.96 0.64 0.18
v 11.6395618 10.6253800 11.4500000 0.96 0.64 0.18
v 11.6724040 10.6333684 11.4500000 0.96 0.64 0.18
v 11.7049026 10.6426561 11.4500000 0.96 0.64 0.18
v 11.7370062 10.6532286 11.4500000 0.96 0.64 0.18
v 11.7686642 10.6650690 11.4500000 0.96 0.64 0.18
v 11.7998264 10.6781586 11.4500000 0.96 0.64 0.18
v 11.8304435 10.6924768 11.4500000 0.96 0.64 0.18
v 11.8604672 10.7080009 11.4500000 0.96 0.64 0.18
v 11.8898500 10.7247064 11.4500000 0.96 0.64 0.18
v 11.9185454 10.7425669 11.4500000 0.96 0.64 0.18
v 11.9465081 10.7615540 11.4500000 0.96 0.64 0.18
v 11.9736937 10.7816378 11.4500000 0.96 0.64 0.18
v 12.0000594 10.8027866 11.4500000 0.96 0.64 0.18
v 12.0255635 10.8249668 11.4500000 0.96 0.64 0.18
v 12.0501656 10.8481435 11.4500000 0.96 0.64 0.18
v 12.0738268 10.8722799 11.4500000 0.96 0.64 0.18
v 12.0965098 10.8973380 11.4500000 0.96 0.64 0.18
v 12.1181786 10.9232780 11.4500000 0.96 0.64 0.18
v 12.1387989 10.9500590 11.4500000 0.96 0.64 0.18
v 12.1583383 10.9776386 11.4500000 0.96 0.64 0.18
v 12.1767657 11.0059732 11.4500000 0.96 0.64 0.18
v 12.1940521 11.0350180 11.4500000 0.96 0.64 0.18
v 12.2101701 11.0647272 11.4500000 0.96 0.64 0.18
v 12.2250942 11.0950536 11.4500000 0.96 0.64 0.18
v 12.2388008 11.1259494 11.4500000 0.96 0.64 0.18
v 12.2512683 11.1573656 11.4500000 0.96 0.64 0.18
v 12.2624770 11.1892527 11.4500000 0.96 0.64 0.18
v 12.2724090 11.2215603 11.4500000 0.96 0.64 0.18
v 12.2810488 11.2542371 11.4500000 0.96 0.64 0.18
v 12.2883826 11.2872316 11.4500000 0.96 0.64 0.18
v 12.2943989 11.3204915 11.4500000 0.96 0.64 0.18
v 12.2990881 11.3539644 11.4500000 0.96 0.64 0.18
v 12.3024429 11.3875972 11.4500000 0.96 0.64 0.18
v 12.3044578 11.4213368 11.4500000 0.96 0.64 0.18
v 12.3051299 11.4551299 11.4500000 0.96 0.64 0.18
v 12.4351299 11.4551299 11.5800000 0.96 0.64 0.18
v 12.5651299 11.4551299 11.7100000 0.96 0.64 0.18
v 12.6951299 11.4551299 11.8400000 0.96 0.64 0.18
v 12.8251299 11.4551299 11.9700000 0.96 0.64 0.18
v 12.4320319 11.5329910 11.5800000 0.96 0.64 0.18
v 12.4227577 11.6103599 11.5800000 0.96 0.64 0.18
v 12.5616210 11.5433195 11.7100000 0.96 0.64 0.18
v 12.4073658 11.6867474 11.5800000 0.96 0.64 0.18
v 12.5511165 11.6309517 11.7100000 0.96 0.64 0.18
v 12.3859536 11.7616705 11.5800000 0.96 0.64 0.18
v 12.6912100 11.5536481 11.8400000 0.96 0.64 0.18
v 12.5336828 11.7174722 11.7100000 0.96 0.64 0.18
v 12.3586564 11.8346556 11.5800000 0.96 0.64 0.18
v 12.6794753 11.6515434 11.8400000 0.96 0.64 0.18
v 12.5094302 11.8023341 11.7100000 0.96 0.64 0.18
v 12.3256468 11.9052412 11.5800000 0.96 0.64 0.18
v 12.8207991 11.5639766 11.9700000 0.96 0.64 0.18
v 12.6599998 11.7481970 11.8400000 0.96 0.64 0.18
v 12.4785120 11.8850009 11.7100000 0.96 0.64 0.18
v 12.2871336 11.9729810 11.5800000 0.96 0.64 0.18
v 12.8078341 11.6721351 11.9700000 0.96 0.64 0.18
v 12.6329068 11.8429976 11.8400000 0.96 0.64 0.18
v 12.4411236 11.9649498 11.7100000 0.96 0.64 0.18
v 12.2433601 12.0374469 11.5800000 0.96 0.64 0.18
v 12.7863169 11.7789217 11.9700000 0.96 0.64 0.18
v 12.5983675 11.9353461 11.8400000 0.96 0.64 0.18
v 12.3975014 12.0416756 11.7100000 0.96 0.64 0.18
v 12.1946032 12.0982311 11.5800000 0.96 0.64 0.18
v 12.7563834 11.8836612 11.9700000 0.96 0.64 0.18
v 12.5566003 12.0246585 11.8400000 0.96 0.64 0.18
v 12.3479212 12.1146930 11.7100000 0.96 0.64 0.18
v 12.1411711 12.1549494 11.5800000 0.96 0.64 0.18
v 12.7182231 11.9856914 11.9700000 0.96 0.64 0.18
v 12.5078692 12.1103701 11.8400000 0.96 0.64 0.18
v 12.2926966 12.1835404 11.7100000 0.96 0.64 0.18
v 12.0834016 12.2072433 11.5800000 0.96 0.64 0.18
v 12.6720770 12.0843671 11.9700000 0.96 0.64 0.18
v 12.4524824 12.1919391 11.8400000 0.96 0.64 0.18
v 12.2321766 12.2477826 11.7100000 0.96 0.64 0.18
v 12.0216600 12.2547820 11.5800000 0.96 0.64 0.18
v 12.6182371 12.1790647 11.9700000 0.96 0.64 0.18
v 12.3907900 12.2688498 11.8400000 0.96 0.64 0.18
v 12.1667438 12.3070134 11.7100000 0.96 0.64 0.18
v 11.9563366 12.2972651 11.5800000 0.96 0.64 0.18
v 12.5570435 12.2691853 11.9700000 0.96 0.64 0.18
v 12.3231820 12.3406158 11.8400000 0.96 0.64 0.18
v 12.0968120 12.3608583 11.7100000 0.96 0.64 0.18
v 11.8878444 12.3344239 11.5800000 0.96 0.64 0.18
v 12.4888834 12.3541591 11.9700000 0.96 0.64 0.18
v 12.2500860 12.4067836 11.8400000 0.96 0.64 0.18
v 12.0228232 12.4089769 11.7100000 0.96 0.64 0.18
v 11.8166165 12.3660236 11.5800000 0.96 0.64 0.18
v 12.4141875 12.4334490 11.9700000 0.96 0.64 0.18
v 12.1719639 12.4669346 11.8400000 0.96 0.64 0.18
v 11.9452454 12.4510650 11.7100000 0.96 0.64 0.18
v 11.7431031 12.3918643 11.5800000 0.96 0.64 0.18
v 12.3334281 12.5065537 11.9700000 0.96 0.64 0.18
v 12.0893098 12.5206887 11.8400000 0.96 0.64 0.18
v 11.8645688 12.4868564 11.7100000 0.96 0.64 0.18
v 11.6677691 12.4117826 11.5800000 0.96 0.64 0.18
v 12.2471159 12.5730109 11.9700000 0.96 0.64 0.18
v 12.0026463 12.5677060 11.8400000 0.96 0.64 0.18
v 11.7813037 12.5161250 11.7100000 0.96 0.64 0.18
v 11.5910907 12.4256527 11.5800000 0.96 0.64 0.18
v 12.1557965 12.6324006 11.9700000 0.96 0.64 0.18
v 11.9125211 12.6076893 11.8400000 0.96 0.64 0.18
v 11.6959763 12.5386856 11.7100000 0.96 0.64 0.18
v 11.5135527 12.4333869 11.5800000 0.96 0.64 0.18
v 12.0600472 12.6843471 11.9700000 0.96 0.64 0.18
v 11.8195042 12.6403857 11.8400000 0.96 0.64 0.18
v 11.6091263 12.5543956 11.7100000 0.96 0.64 0.18
v 11.4356453 12.4349361 11.5800000 0.96 0.64 0.18
v 11.9604734 12.7285221 11.9700000 0.96 0.64 0.18
v 11.7241836 12.6655885 11.8400000 0.96 0.64 0.18
v 11.5213026 12.5631557 11.7100000 0.96 0.64 0.18
v 11.3578611 12.4302908 11.5800000 0.96 0.64 0.18
v 11.8577047 12.7646464 11.9700000 0.96 0.64 0.18
v 11.6271619 12.6831384 11.8400000 0.96 0.64 0.18
v 11.4330606 12.5649104 11.7100000 0.96 0.64 0.18
v 11.2806919 12.4194801 11.5800000 0.96 0.64 0.18
v 11.7523908 12.7924914 11.9700000 0.96 0.64 0.18
v 11.5290526 12.6929244 11.8400000 0.96 0.64 0.18
v 11.3449581 12.5596488 11.7100000 0.96 0.64 0.18
v 11.2046256 12.4025725 11.5800000 0.96 0.64 0.18
v 11.6451975 12.8118812 11.9700000 0.96 0.64 0.18
v 11.4304759 12.6948847 11.8400000 0.96 0.64 0.18
v 11.2575522 12.5474041 11.7100000 0.96 0.64 0.18
v 11.1301430 12.3796749 11.5800000 0.96 0.64 0.18
v 11.5368026 12.8226932 11.9700000 0.96 0.64 0.18
v 11.3320551 12.6890069 11.8400000 0.96 0.64 0.18
v 11.1713954 12.5282537 11.7100000 0.96 0.64 0.18
v 11.0577150 12.3509320 11.5800000 0.96 0.64 0.18
v 11.4278913 12.8248590 11.9700000 0.96 0.64 0.18
v 11.2344125 12.6753281 11.8400000 0.96 0.64 0.18
v 11.0870325 12.5023186 11.7100000 0.96 0.64 0.18
v 10.9877997 12.3165255 11.5800000 0.96 0.64 0.18
v 11.3191522 12.8183650 11.9700000 0.96 0.64 0.18
v 11.1381652 12.6539349 11.8400000 0.96 0.64 0.18
v 11.0049967 12.4697629 11.7100000 0.96 0.64 0.18
v 10.9208390 12.2766731 11.5800000 0.96 0.64 0.18
v 11.2112727 12.8032521 11.9700000 0.96 0.64 0.18
v 11.0439219 12.6249623 11.8400000 0.96 0.64 0.18
v 10.9258069 12.4307923 11.7100000 0.96 0.64 0.18
v 10.8572562 12.2316265 11.5800000 0.96 0.64 0.18
v 11.1049351 12.7796160 11.9700000 0.96 0.64 0.18
v 10.9522785 12.5885938 11.8400000 0.96 0.64 0.18
v 10.8499637 12.3856533 11.7100000 0.96 0.64 0.18
v 10.7974534 12.1816708 11.5800000 0.96 0.64 0.18
v 11.0008114 12.7476061 11.9700000 0.96 0.64 0.18
v 10.8638142 12.5450591 11.8400000 0.96 0.64 0.18
v 10.7779464 12.3346312 11.7100000 0.96 0.64 0.18
v 10.7418086 12.1271215 11.5800000 0.96 0.64 0.18
v 10.8995602 12.7074247 11.9700000 0.96 0.64 0.18
v 10.7790883 12.4946335 11.8400000 0.96 0.64 0.18
v 10.7102106 12.2780486 11.7100000 0.96 0.64 0.18
v 10.6906737 12.0683238 11.5800000 0.96 0.64 0.18
v 10.8018214 12.6593259 11.9700000 0.96 0.64 0.18
v 10.6986367 12.4376359 11.8400000 0.96 0.64 0.18
v 10.6471844 12.2162633 11.7100000 0.96 0.64 0.18
v 10.6443719 12.0056492 11.5800000 0.96 0.64 0.18
v 10.7082130 12.6036137 11.9700000 0.96 0.64 0.18
v 10.6229678 12.3744265 11.8400000 0.96 0.64 0.18
v 10.5892662 12.1496658 11.7100000 0.96 0.64 0.18
v 10.6031960 11.9394941 11.5800000 0.96 0.64 0.18
v 10.6193269 12.5406405 11.9700000 0.96 0.64 0.18
v 10.5525601 12.3054050 11.8400000 0.96 0.64 0.18
v 10.5368224 12.0786773 11.7100000 0.96 0.64 0.18
v 10.5674063 11.8702766 11.5800000 0.96 0.64 0.18
v 10.5357250 12.4708044 11.9700000 0.96 0.64 0.18
v 10.4878588 12.2310079 11.8400000 0.96 0.64 0.18
v 10.4901844 12.0037465 11.7100000 0.96 0.64 0.18
v 10.5372290 11.7984345 11.5800000 0.96 0.64 0.18
v 10.4579359 12.3945468 11.9700000 0.96 0.64 0.18
v 10.4292729 12.1517053 11.8400000 0.96 0.64 0.18
v 10.4496470 11.9253471 11.7100000 0.96 0.64 0.18
v 10.5128550 11.7244219 11.5800000 0.96 0.64 0.18
v 10.3864513 12.3123499 11.9700000 0.96 0.64 0.18
v 10.3771727 12.0679988 11.8400000 0.96 0.64 0.18
v 10.4154667 11.8439749 11.7100000 0.96 0.64 0.18
v 10.4944384 11.6487067 11.5800000 0.96 0.64 0.18
v 10.3217233 12.2247334 11.9700000 0.96 0.64 0.18
v 10.3318878 11.9804176 11.8400000 0.96 0.64 0.18
v 10.3878594 11.7601443 11.7100000 0.96 0.64 0.18
v 10.4820956 11.5717677 11.5800000 0.96 0.64 0.18
v 10.2641611 12.1322512 11.9700000 0.96 0.64 0.18
v 10.2937043 11.8895153 11.8400000 0.96 0.64 0.18
v 10.3669998 11.6743853 11.7100000 0.96 0.64 0.18
v 10.4759046 11.4940912 11.5800000 0.96 0.64 0.18
v 10.2141285 12.0354881 11.9700000 0.96 0.64 0.18
v 10.2628638 11.7958667 11.8400000 0.96 0.64 0.18
v 10.3530197 11.5872400 11.7100000 0.96 0.64 0.18
v 10.4759046 11.4161685 11.5800000 0.96 0.64 0.18
v 10.1719420 11.9350557 11.9700000 0.96 0.64 0.18
v 10.2395611 11.7000638 11.8400000 0.96 0.64 0.18
v 10.3460074 11.4992596 11.7100000 0.96 0.64 0.18
v 10.4820956 11.3384920 11.5800000 0.96 0.64 0.18
v 10.1378681 11.8315891 11.9700000 0.96 0.64 0.18
v 10.2239437 11.6027124 11.8400000 0.96 0.64 0.18
v 10.3460074 11.4110001 11.7100000 0.96 0.64 0.18
v 10.4944384 11.2615530 11.5800000 0.96 0.64 0.18
v 10.1121225 11.7257424 11.9700000 0.96 0.64 0.18
v 10.2161102 11.5044279 11.8400000 0.96 0.64 0.18
v 10.3530197 11.3230197 11.7100000 0.96 0.64 0.18
v 10.5128550 11.1858378 11.5800000 0.96 0.64 0.18
v 10.0948677 11.6181848 11.9700000 0.96 0.64 0.18
v 10.2161102 11.4058318 11.8400000 0.96 0.64 0.18
v 10.3669998 11.2358744 11.7100000 0.96 0.64 0.18
v 10.5372290 11.1118252 11.5800000 0.96 0.64 0.18
v 10.0862130 11.5095963 11.9700000 0.96 0.64 0.18
v 10.2239437 11.3075473 11.8400000 0.96 0.64 0.18
v 10.3878594 11.1501154 11.7100000 0.96 0.64 0.18
v 10.5674063 11.0399831 11.5800000 0.96 0.64 0.18
v 10.0862130 11.4006634 11.9700000 0.96 0.64 0.18
v 10.2395611 11.2101959 11.8400000 0.96 0.64 0.18
v 10.4154667 11.0662848 11.7100000 0.96 0.64 0.18
v 10.6031960 10.9707657 11.5800000 0.96 0.64 0.18
v 10.0948677 11.2920749 11.9700000 0.96 0.64 0.18
v 10.2628638 11.1143930 11.8400000 0.96 0.64 0.18
v 10.4496470 10.9849126 11.7100000 0.96 0.64 0.18
v 10.6443719 10.9046105 11.5800000 0.96 0.64 0.18
v 10.1121225 11.1845173 11.9700000 0.96 0.64 0.18
v 10.2937043 11.0207444 11.8400000 0.96 0.64 0.18
v 10.4901844 10.9065133 11.7100000 0.96 0.64 0.18
v 10.6906737 10.8419359 11.5800000 0.96 0.64 0.18
v 10.1378681 11.0786706 11.9700000 0.96 0.64 0.18
v 10.3318878 10.9298421 11.8400000 0.96 0.64 0.18
v 10.5368224 10.8315824 11.7100000 0.96 0.64 0.18
v 10.7418086 10.7831382 11.5800000 0.96 0.64 0.18
v 10.1719420 10.9752040 11.9700000 0.96 0.64 0.18
v 10.3771727 10.8422609 11.8400000 0.96 0.64 0.18
v 10.5892662 10.7605939 11.7100000 0.96 0.64 0.18
v 10.7974534 10.7285890 11.5800000 0.96 0.64 0.18
v 10.2141285 10.8747716 11.9700000 0.96 0.64 0.18
v 10.4292729 10.7585544 11.8400000 0.96 0.64 0.18
v 10.6471844 10.6939964 11.7100000 0.96 0.64 0.18
v 10.8572562 10.6786332 11.5800000 0.96 0.64 0.18
v 10.2641611 10.7780085 11.9700000 0.96 0.64 0.18
v 10.4878588 10.6792518 11.8400000 0.96 0.64 0.18
v 10.7102106 10.6322111 11.7100000 0.96 0.64 0.18
v 10.9208390 10.6335866 11.5800000 0.96 0.64 0.18
v 10.3217233 10.6855263 11.9700000 0.96 0.64 0.18
v 10.5525601 10.6048547 11.8400000 0.96 0.64 0.18
v 10.7779464 10.5756285 11.7100000 0.96 0.64 0.18
v 10.9877997 10.5937342 11.5800000 0.96 0.64 0.18
v 10.3864513 10.5979098 11.9700000 0.96 0.64 0.18
v 10.6229678 10.5358332 11.8400000 0.96 0.64 0.18
v 10.8499637 10.5246064 11.7100000 0.96 0.64 0.18
v 11.0577150 10.5593277 11.5800000 0.96 0.64 0.18
v 10.4579359 10.5157129 11.9700000 0.96 0.64 0.18
v 10.6986367 10.4726238 11.8400000 0.96 0.64 0.18
v 10.9258069 10.4794674 11.7100000 0.96 0.64 0.18
v 11.1301430 10.5305848 11.5800000 0.96 0.64 0.18
v 10.5357250 10.4394553 11.9700000 0.96 0.64 0.18
v 10.7790883 10.4156262 11.8400000 0.96 0.64 0.18
v 11.0049967 10.4404968 11.7100000 0.96 0.64 0.18
v 11.2046256 10.5076872 11.5800000 0.96 0.64 0.18
v 10.6193269 10.3696192 11.9700000 0.96 0.64 0.18
v 10.8638142 10.3652006 11.8400000 0.96 0.64 0.18
v 11.0870325 10.4079411 11.7100000 0.96 0.64 0.18
v 11.2806919 10.4907796 11.5800000 0.96 0.64 0.18
v 10.7082130 10.3066460 11.9700000 0.96 0.64 0.18
v 10.9522785 10.3216659 11.8400000 0.96 0.64 0.18
v 11.1713954 10.3820060 11.7100000 0.96 0.64 0.18
v 11.3578611 10.4799689 11.5800000 0.96 0.64 0.18
v 10.8018214 10.2509338 11.9700000 0.96 0.64 0.18
v 11.0439219 10.2852974 11.8400000 0.96 0.64 0.18
v 11.2575522 10.3628556 11.7100000 0.96 0.64 0.18
v 11.4356453 10.4753236 11.5800000 0.96 0.64 0.18
v 10.8995602 10.2028350 11.9700000 0.96 0.64 0.18
v 11.1381652 10.2563249 11.8400000 0.96 0.64 0.18
v 11.3449581 10.3506109 11.7100000 0.96 0.64 0.18
v 11.5135527 10.4768728 11.5800000 0.96 0.64 0.18
v 11.0008114 10.1626536 11.9700000 0.96 0.64 0.18
v 11.2344125 10.2349316 11.8400000 0.96 0.64 0.18
v 11.4330606 10.3453493 11.7100000 0.96 0.64 0.18
v 11.5910907 10.4846070 11.5800000 0.96 0.64 0.18
v 11.1049351 10.1306437 11.9700000 0.96 0.64 0.18
v 11.3320551 10.2212528 11.8400000 0.96 0.64 0.18
v 11.5213026 10.3471041 11.7100000 0.96 0.64 0.18
v 11.6677691 10.4984771 11.5800000 0.96 0.64 0.18
v 11.2112727 10.1070076 11.9700000 0.96 0.64 0.18
v 11.4304759 10.2153750 11.8400000 0.96 0.64 0.18
v 11.6091263 10.3558641 11.7100000 0.96 0.64 0.18
v 11.7431031 10.5183954 11.5800000 0.96 0.64 0.18
v 11.3191522 10.0918947 11.9700000 0.96 0.64 0.18
v 11.5290526 10.2173353 11.8400000 0.96 0.64 0.18
v 11.6959763 10.3715741 11.7100000 0.96 0.64 0.18
v 11.8166165 10.5442361 11.5800000 0.96 0.64 0.18
v 11.4278913 10.0854007 11.9700000 0.96 0.64 0.18
v 11.6271619 10.2271213 11.8400000 0.96 0.64 0.18
v 11.7813037 10.3941347 11.7100000 0.96 0.64 0.18
v 11.8878444 10.5758358 11.5800000 0.96 0.64 0.18
v 11.5368026 10.0875665 11.9700000 0.96 0.64 0.18
v 11.7241836 10.2446712 11.8400000 0.96 0.64 0.18
v 11.8645688 10.4234033 11.7100000 0.96 0.64 0.18
v 11.9563366 10.6129946 11.5800000 0.96 0.64 0.18
v 11.6451975 10.0983785 11.9700000 0.96 0.64 0.18
v 11.8195042 10.2698740 11.8400000 0.96 0.64 0.18
v 11.9452454 10.4591947 11.7100000 0.96 0.64 0.18
v 12.0216600 10.6554777 11.5800000 0.96 0.64 0.18
v 11.7523908 10.1177683 11.9700000 0.96 0.64 0.18
v 11.9125211 10.3025704 11.8400000 0.96 0.64 0.18
v 12.0228232 10.5012828 11.7100000 0.96 0.64 0.18
v 12.0834016 10.7030164 11.5800000 0.96 0.64 0.18
v 11.8577047 10.1456134 11.9700000 0.96 0.64 0.18
v 12.0026463 10.3425537 11.8400000 0.96 0.64 0.18
v 12.0968120 10.5494014 11.7100000 0.96 0.64 0.18
v 12.1411711 10.7553103 11.5800000 0.96 0.64 0.18
v 11.9604734 10.1817376 11.9700000 0.96 0.64 0.18
v 12.0893098 10.3895710 11.8400000 0.96 0.64 0.18
v 12.1667438 10.6032463 11.7100000 0.96 0.64 0.18
v 12.1946032 10.8120286 11.5800000 0.96 0.64 0.18
v 12.0600472 10.2259126 11.9700000 0.96 0.64 0.18
v 12.1719639 10.4433251 11.8400000 0.96 0.64 0.18
v 12.2321766 10.6624771 11.7100000 0.96 0.64 0.18
v 12.2433601 10.8728128 11.5800000 0.96 0.64 0.18
v 12.1557965 10.2778592 11.9700000 0.96 0.64 0.18
v 12.2500860 10.5034761 11.8400000 0.96 0.64 0.18
v 12.2926966 10.7267193 11.7100000 0.96 0.64 0.18
v 12.2871336 10.9372787 11.5800000 0.96 0.64 0.18
v 12.2471159 10.3372488 11.9700000 0.96 0.64 0.18
v 12.3231820 10.5696439 11.8400000 0.96 0.64 0.18
v 12.3479212 10.7955667 11.7100000 0.96 0.64 0.18
v 12.3256468 11.0050185 11.5800000 0.96 0.64 0.18
v 12.3334281 10.4037060 11.9700000 0.96 0.64 0.18
v 12.3907900 10.6414099 11.8400000 0.96 0.64 0.18
v 12.3975014 10.8685841 11.7100000 0.96 0.64 0.18
v 12.3586564 11.0756041 11.5800000 0.96 0.64 0.18
v 12.4141875 10.4768107 11.9700000 0.96 0.64 0.18
v 12.4524824 10.7183206 11.8400000 0.96 0.64 0.18
v 12.4411236 10.9453099 11.7100000 0.96 0.64 0.18
v 12.3859536 11.1485892 11.5800000 0.96 0.64 0.18
v 12.4888834 10.5561006 11.9700000 0.96 0.64 0.18
v 12.5078692 10.7998896 11.8400000 0.96 0.64 0.18
v 12.4785120 11.0252589 11.7100000 0.96 0.64 0.18
v 12.4073658 11.2235123 11.5800000 0.96 0.64 0.18
v 12.5570435 10.6410744 11.9700000 0.96 0.64 0.18
v 12.5566003 10.8856012 11.8400000 0.96 0.64 0.18
v 12.5094302 11.1079256 11.7100000 0.96 0.64 0.18
v 12.4227577 11.2998998 11.5800000 0.96 0.64 0.18
v 12.6182371 10.7311950 11.9700000 0.96 0.64 0.18
v 12.5983675 10.9749136 11.8400000 0.96 0.64 0.18
v 12.5336828 11.1927875 11.7100000 0.96 0.64 0.18
v 12.4320319 11.3772687 11.5800000 0.96 0.64 0.18
v 12.6720770 10.8258926 11.9700000 0.96 0.64 0.18
v 12.6329068 11.0672621 11.8400000 0.96 0.64 0.18
v 12.5511165 11.2793080 11.7100000 0.96 0.64 0.18
v 12.7182231 10.9245683 11.9700000 0.96 0.64 0.18
v 12.6599998 11.1620628 11.8400000 0.96 0.64 0.18
v 12.5616210 11.3669402 11.7100000 0.96 0.64 0.18
v 12.7563834 11.0265985 11.9700000 0.96 0.64 0.18
v 12.6794753 11.2587163 11.8400000 0.96 0.64 0.18
v 12.7863169 11.1313380 11.9700000 0.96 0.64 0.18
v 12.6912100 11.3566116 11.8400000 0.96 0.64 0.18
v 12.8078341 11.2381246 11.9700000 0.96 0.64 0.18
v 12.8207991 11.3462831 11.9700000 0.96 0.64 0.18
v 13.7532269 12.1268813 12.0000000 0.96 0.64 0.18
v 12.9400541 12.9400541 12.0000000 0.96 0.64 0.18
v 13.7532269 12.1268813 11.0000000 0.96 0.64 0.18
v 12.1268813 13.7532269 11.0000000 0.96 0.64 0.18
v 12.1268813 13.7532269 12.0000000 0.96 0.64 0.18
v 12.1268813 -13.7532269 12.0000000 0.96 0.64 0.18
v 12.9400541 -12.9400541 12.0000000 0.96 0.64 0.18
v 12.1268813 -13.7532269 11.0000000 0.96 0.64 0.18
v 13.7532269 -12.1268813 11.0000000 0.96 0.64 0.18
v 13.7532269 -12.1268813 12.0000000 0.96 0.64 0.18
v -12.1268813 13.7532269 12.0000000 0.96 0.64 0.18
v -12.9400541 12.9400541 12.0000000 0.96 0.64 0.18
v -12.1268813 13.7532269 11.0000000 0.96 0.64 0.18
v -13.7532269 12.1268813 11.0000000 0.96 0.64 0.18
v -13.7532269 12.1268813 12.0000000 0.96 0.64 0.18
v -13.7532269 -12.1268813 12.0000000 0.96 0.64 0.18
v -12.9400541 -12.9400541 12.0000000 0.96 0.64 0.18
v -13.7532269 -12.1268813 11.0000000 0.96 0.64 0.18
v -12.1268813 -13.7532269 11.0000000 0.96 0.64 0.18
v -12.1268813 -13.7532269 12.0000000 0.96 0.64 0.18
v -10.6051299 -11.4551299 11.0000000 0.96 0.64 0.18
v -10.6051299 -11.4551299 11.4500000 0.96 0.64 0.18
v -10.6058019 -11.4889229 11.0000000 0.96 0.64 0.18
v -10.6078168 -11.5226625 11.0000000 0.96 0.64 0.18
v -10.6111716 -11.5562953 11.0000000 0.96 0.64 0.18
v -10.6158608 -11.5897682 11.0000000 0.96 0.64 0.18
v -10.6218771 -11.6230281 11.0000000 0.96 0.64 0.18
v -10.6292109 -11.6560226 11.0000000 0.96 0.64 0.18
v -10.6378507 -11.6886995 11.0000000 0.96 0.64 0.18
v -10.6477827 -11.7210070 11.0000000 0.96 0.64 0.18
v -10.6589914 -11.7528941 11.0000000 0.96 0.64 0.18
v -10.6714589 -11.7843104 11.0000000 0.96 0.64 0.18
v -10.6851655 -11.8152061 11.0000000 0.96 0.64 0.18
v -10.7000896 -11.8455326 11.0000000 0.96 0.64 0.18
v -10.7162076 -11.8752417 11.0000000 0.96 0.64 0.18
v -10.7334940 -11.9042865 11.0000000 0.96 0.64 0.18
v -10.7519214 -11.9326211 11.0000000 0.96 0.64 0.18
v -10.7714608 -11.9602007 11.0000000 0.96 0.64 0.18
v -10.7920811 -11.9869817 11.0000000 0.96 0.64 0.18
v -10.8137499 -12.0129217 11.0000000 0.96 0.64 0.18
v -10.8364329 -12.0379798 11.0000000 0.96 0.64 0.18
v -10.8600941 -12.0621162 11.0000000 0.96 0.64 0.18
v -10.8846962 -12.0852929 11.0000000 0.96 0.64 0.18
v -10.9102003 -12.1074731 11.0000000 0.96 0.64 0.18
v -10.9365660 -12.1286219 11.0000000 0.96 0.64 0.18
v -10.9637517 -12.1487057 11.0000000 0.96 0.64 0.18
v -10.9917143 -12.1676929 11.0000000 0.96 0.64 0.18
v -11.0204097 -12.1855533 11.0000000 0.96 0.64 0.18
v -11.0497925 -12.2022588 11.0000000 0.96 0.64 0.18
v -11.0798162 -12.2177829 11.0000000 0.96 0.64 0.18
v -11.1104333 -12.2321011 11.0000000 0.96 0.64 0.18
v -11.1415955 -12.2451908 11.0000000 0.96 0.64 0.18
v -11.1732535 -12.2570312 11.0000000 0.96 0.64 0.18
v -11.2053571 -12.2676036 11.0000000 0.96 0.64 0.18
v -11.2378557 -12.2768913 11.0000000 0.96 0.64 0.18
v -11.2706979 -12.2848797 11.0000000 0.96 0.64 0.18
v -11.3038316 -12.2915561 11.0000000 0.96 0.64 0.18
v -11.3372047 -12.2969099 11.0000000 0.96 0.64 0.18
v -11.3707641 -12.3009327 11.0000000 0.96 0.64 0.18
v -11.4044570 -12.3036181 11.0000000 0.96 0.64 0.18
v -11.4382300 -12.3049618 11.0000000 0.96 0.64 0.18
v -11.4720297 -12.3049618 11.0000000 0.96 0.64 0.18
v -11.5058027 -12.3036181 11.0000000 0.96 0.64 0.18
v -11.5394956 -12.3009327 11.0000000 0.96 0.64 0.18
v -11.5730551 -12.2969099 11.0000000 0.96 0.64 0.18
v -11.6064281 -12.2915561 11.0000000 0.96 0.64 0.18
v -11.6395618 -12.2848797 11.0000000 0.96 0.64 0.18
v -11.6724040 -12.2768913 11.0000000 0.96 0.64 0.18
v -11.7049026 -12.2676036 11.0000000 0.96 0.64 0.18
v -11.7370062 -12.2570312 11.0000000 0.96 0.64 0.18
v -11.7686642 -12.2451908 11.0000000 0.96 0.64 0.18
v -11.7998264 -12.2321011 11.0000000 0.96 0.64 0.18
v -11.8304435 -12.2177829 11.0000000 0.96 0.64 0.18
v -11.8604672 -12.2022588 11.0000000 0.96 0.64 0.18
v -11.8898500 -12.1855533 11.0000000 0.96 0.64 0.18
v -11.9185454 -12.1676929 11.0000000 0.96 0.64 0.18
v -11.9465081 -12.1487057 11.0000000 0.96 0.64 0.18
v -11.9736937 -12.1286219 11.0000000 0.96 0.64 0.18
v -12.0000594 -12.1074731 11.0000000 0.96 0.64 0.18
v -12.0255635 -12.0852929 11.0000000 0.96 0.64 0.18
v -12.0501656 -12.0621162 11.0000000 0.96 0.64 0.18
v -12.0738268 -12.0379798 11.0000000 0.96 0.64 0.18
v -12.0965098 -12.0129217 11.0000000 0.96 0.64 0.18
v -12.1181786 -11.9869817 11.0000000 0.96 0.64 0.18
v -12.1387989 -11.9602007 11.0000000 0.96 0.64 0.18
v -12.1583383 -11.9326211 11.0000000 0.96 0.64 0.18
v -12.1767657 -11.9042865 11.0000000 0.96 0.64 0.18
v -12.1940521 -11.8752417 11.0000000 0.96 0.64 0.18
v -12.2101701 -11.8455326 11.0000000 0.96 0.64 0.18
v -12.2250942 -11.8152061 11.0000000 0.96 0.64 0.18
v -12.2388008 -11.7843104 11.0000000 0.96 0.64 0.18
v -12.2512683 -11.7528941 11.0000000 0.96 0.64 0.18
v -12.2624770 -11.7210070 11.0000000 0.96 0.64 0.18
v -12.2724090 -11.6886995 11.0000000 0.96 0.64 0.18
v -12.2810488 -11.6560226 11.0000000 0.96 0.64 0.18
v -12.2883826 -11.6230281 11.0000000 0.96 0.64 0.18
v -12.2943989 -11.5897682 11.0000000 0.96 0.64 0.18
v -12.2990881 -11.5562953 11.0000000 0.96 0.64 0.18
v -12.3024429 -11.5226625 11.0000000 0.96 0.64 0.18
v -12.3044578 -11.4889229 11.0000000 0.96 0.64 0.18
v -12.3051299 -11.4551299 11.0000000 0.96 0.64 0.18
v -12.3044578 -11.4213368 11.0000000 0.96 0.64 0.18
v -12.3024429 -11.3875972 11.0000000 0.96 0.64 0.18
v -12.2990881 -11.3539644 11.0000000 0.96 0.64 0.18
v -12.2943989 -11.3204915 11.0000000 0.96 0.64 0.18
v -12.2883826 -11.2872316 11.0000000 0.96 0.64 0.18
v -12.2810488 -11.2542371 11.0000000 0.96 0.64 0.18
v -12.2724090 -11.2215603 11.0000000 0.96 0.64 0.18
v -12.2624770 -11.1892527 11.0000000 0.96 0.64 0.18
v -12.2512683 -11.1573656 11.0000000 0.96 0.64 0.18
v -12.2388008 -11.1259494 11.0000000 0.96 0.64 0.18
v -12.2250942 -11.0950536 11.0000000 0.96 0.64 0.18
v -12.2101701 -11.0647272 11.0000000 0.96 0.64 0.18
v -12.1940521 -11.0350180 11.0000000 0.96 0.64 0.18
v -12.1767657 -11.0059732 11.0000000 0.96 0.64 0.18
v -12.1583383 -10.9776386 11.0000000 0.96 0.64 0.18
v -12.1387989 -10.9500590 11.0000000 0.96 0.64 0.18
v -12.1181786 -10.9232780 11.0000000 0.96 0.64 0.18
v -12.0965098 -10.8973380 11.0000000 0.96 0.64 0.18
v -12.0738268 -10.8722799 11.0000000 0.96 0.64 0.18
v -12.0501656 -10.8481435 11.0000000 0.96 0.64 0.18
v -12.0255635 -10.8249668 11.0000000 0.96 0.64 0.18
v -12.0000594 -10.8027866 11.0000000 0.96 0.64 0.18
v -11.9736937 -10.7816378 11.0000000 0.96 0.64 0.18
v -11.9465081 -10.7615540 11.0000000 0.96 0.64 0.18
v -11.9185454 -10.7425669 11.0000000 0.96 0.64 0.18
v -11.8898500 -10.7247064 11.0000000 0.96 0.64 0.18
v -11.8604672 -10.7080009 11.0000000 0.96 0.64 0.18
v -11.8304435 -10.6924768 11.0000000 0.96 0.64 0.18
v -11.7998264 -10.6781586 11.0000000 0.96 0.64 0.18
v -11.7686642 -10.6650690 11.0000000 0.96 0.64 0.18
v -11.7370062 -10.6532286 11.0000000 0.96 0.64 0.18
v -11.7049026 -10.6426561 11.0000000 0.96 0.64 0.18
v -11.6724040 -10.6333684 11.0000000 0.96 0.64 0.18
v -11.6395618 -10.6253800 11.0000000 0.96 0.64 0.18
v -11.6064281 -10.6187036 11.0000000 0.96 0.64 0.18
v -11.5730551 -10.6133498 11.0000000 0.96 0.64 0.18
v -11.5394956 -10.6093270 11.0000000 0.96 0.64 0.18
v -11.5058027 -10.6066416 11.0000000 0.96 0.64 0.18
v -11.4720297 -10.6052979 11.0000000 0.96 0.64 0.18
v -11.4382300 -10.6052979 11.0000000 0.96 0.64 0.18
v -11.4044570 -10.6066416 11.0000000 0.96 0.64 0.18
v -11.3707641 -10.6093270 11.0000000 0.96 0.64 0.18
v -11.3372047 -10.6133498 11.0000000 0.96 0.64 0.18
v -11.3038316 -10.6187036 11.0000000 0.96 0.64 0.18
v -11.2706979 -10.6253800 11.0000000 0.96 0.64 0.18
v -11.2378557 -10.6333684 11.0000000 0.96 0.64 0.18
v -11.2053571 -10.6426561 11.0000000 0.96 0.64 0.18
v -11.1732535 -10.6532286 11.0000000 0.96 0.64 0.18
v -11.1415955 -10.6650690 11.0000000 0.96 0.64 0.18
v -11.1104333 -10.6781586 11.0000000 0.96 0.64 0.18
v -11.0798162 -10.6924768 11.0000000 0.96 0.64 0.18
v -11.0497925 -10.7080009 11.0000000 0.96 0.64 0.18
v -11.0204097 -10.7247064 11.0000000 0.96 0.64 0.18
v -10.9917143 -10.7425669 11.0000000 0.96 0.64 0.18
v -10.9637517 -10.7615540 11.0000000 0.96 0.64 0.18
v -10.9365660 -10.7816378 11.0000000 0.96 0.64 0.18
v -10.9102003 -10.8027866 11.0000000 0.96 0.64 0.18
v -10.8846962 -10.8249668 11.0000000 0.96 0.64 0.18
v -10.8600941 -10.8481435 11.0000000 0.96 0.64 0.18
v -10.8364329 -10.8722799 11.0000000 0.96 0.64 0.18
v -10.8137499 -10.8973380 11.0000000 0.96 0.64 0.18
v -10.7920811 -10.9232780 11.0000000 0.96 0.64 0.18
v -10.7714608 -10.9500590 11.0000000 0.96 0.64 0.18
v -10.7519214 -10.9776386 11.0000000 0.96 0.64 0.18
v -10.7334940 -11.0059732 11.0000000 0.96 0.64 0.18
v -10.7162076 -11.0350180 11.0000000 0.96 0.64 0.18
v -10.7000896 -11.0647272 11.0000000 0.96 0.64 0.18
v -10.6851655 -11.0950536 11.0000000 0.96 0.64 0.18
v -10.6714589 -11.1259494 11.0000000 0.96 0.64 0.18
v -10.6589914 -11.1573656 11.0000000 0.96 0.64 0.18
v -10.6477827 -11.1892527 11.0000000 0.96 0.64 0.18
v -10.6378507 -11.2215603 11.0000000 0.96 0.64 0.18
v -10.6292109 -11.2542371 11.0000000 0.96 0.64 0.18
v -10.6218771 -11.2872316 11.0000000 0.96 0.64 0.18
v -10.6158608 -11.3204915 11.0000000 0.96 0.64 0.18
v -10.6111716 -11.3539644 11.0000000 0.96 0.64 0.18
v -10.6078168 -11.3875972 11.0000000 0.96 0.64 0.18
v -10.6058019 -11.4213368 11.0000000 0.96 0.64 0.18
v -10.6051299 -11.4551299 11.0000000 0.96 0.64 0.18
v -10.6051299 -11.4551299 11.4500000 0.96 0.64 0.18
v -10.6058019 -11.4213368 11.4500000 0.96 0.64 0.18
v -10.6078168 -11.3875972 11.4500000 0.96 0.64 0.18
v -10.6111716 -11.3539644 11.4500000 0.96 0.64 0.18
v -10.6158608 -11.3204915 11.4500000 0.96 0.64 0.18
v -10.6218771 -11.2872316 11.4500000 0.96 0.64 0.18
v -10.6292109 -11.2542371 11.4500000 0.96 0.64 0.18
v -10.6378507 -11.2215603 11.4500000 0.96 0.64 0.18
v -10.6477827 -11.1892527 11.4500000 0.96 0.64 0.18
v -10.6589914 -11.1573656 11.4500000 0.96 0.64 0.18
v -10.6714589 -11.1259494 11.4500000 0.96 0.64 0.18
v -10.6851655 -11.0950536 11.4500000 0.96 0.64 0.18
v -10.7000896 -11.0647272 11.4500000 0.96 0.64 0.18
v -10.7162076 -11.0350180 11.4500000 0.96 0.64 0.18
v -10.7334940 -11.0059732 11.4500000 0.96 0.64 0.18
v -10.7519214 -10.9776386 11.4500000 0.96 0.64 0.18
v -10.7714608 -10.9500590 11.4500000 0.96 0.64 0.18
v -10.7920811 -10.9232780 11.4500000 0.96 0.64 0.18
v -10.8137499 -10.8973380 11.4500000 0.96 0.64 0.18
v -10.8364329 -10.8722799 11.4500000 0.96 0.64 0.18
v -10.8600941 -10.8481435 11.4500000 0.96 0.64 0.18
v -10.8846962 -10.8249668 11.4500000 0.96 0.64 0.18
v -10.9102003 -10.8027866 11.4500000 0.96 0.64 0.18
v -10.9365660 -10.7816378 11.4500000 0.96 0.64 0.18
v -10.9637517 -10.7615540 11.4500000 0.96 0.64 0.18
v -10.9917143 -10.7425669 11.4500000 0.96 0.64 0.18
v -11.0204097 -10.7247064 11.4500000 0.96 0.64 0.18
v -11.0497925 -10.7080009 11.4500000 0.96 0.64 0.18
v -11.0798162 -10.6924768 11.4500000 0.96 0.64 0.18
v -11.1104333 -10.6781586 11.4500000 0.96 0.64 0.18
v -11.1415955 -10.6650690 11.4500000 0.96 0.64 0.18
v -11.1732535 -10.6532286 11.4500000 0.96 0.64 0.18
v -11.2053571 -10.6426561 11.4500000 0.96 0.64 0.18
v -11.2378557 -10.6333684 11.4500000 0.96 0.64 0.18
v -11.2706979 -10.6253800 11.4500000 0.96 0.64 0.18
v -11.3038316 -10.6187036 11.4500000 0.96 0.64 0.18
v -11.3372047 -10.6133498 11.4500000 0.96 0.64 0.18
v -11.3707641 -10.6093270 11.4500000 0.96 0.64 0.18
v -11.4044570 -10.6066416 11.4500000 0.96 0.64 0.18
v -11.4382300 -10.6052979 11.4500000 0.96 0.64 0.18
v -11.4720297 -10.6052979 11.4500000 0.96 0.64 0.18
v -11.5058027 -10.6066416 11.4500000 0.96 0.64 0.18
v -11.5394956 -10.6093270 11.4500000 0.96 0.64 0.18
v -11.5730551 -10.6133498 11.4500000 0.96 0.64 0.18
v -11.6064281 -10.6187036 11.4500000 0.96 0.64 0.18
v -11.6395618 -10.6253800 11.4500000 0.96 0.64 0.18
v -11.6724040 -10.6333684 11.4500000 0.96 0.64 0.18
v -11.7049026 -10.6426561 11.4500000 0.96 0.64 0.18
v -11.7370062 -10.6532286 11.4500000 0.96 0.64 0.18
v -11.7686642 -10.6650690 11.4500000 0.96 0.64 0.18
v -11.7998264 -10.6781586 11.4500000 0.96 0.64 0.18
v -11.8304435 -10.6924768 11.4500000 0.96 0.64 0.18
v -11.8604672 -10.7080009 11.4500000 0.96 0.64 0.18
v -11.8898500 -10.7247064 11.4500000 0.96 0.64 0.18
v -11.9185454 -10.7425669 11.4500000 0.96 0.64 0.18
v -11.9465081 -10.7615540 11.4500000 0.96 0.64 0.18
v -11.9736937 -10.7816378 11.4500000 0.96 0.64 0.18
v -12.0000594 -10.8027866 11.4500000 0.96 0.64 0.18
v -12.0255635 -10.8249668 11.4500000 0.96 0.64 0.18
v -12.0501656 -10.8481435 11.4500000 0.96 0.64 0.18
v -12.0738268 -10.8722799 11.4500000 0.96 0.64 0.18
v -12.0965098 -10.8973380 11.4500000 0.96 0.64 0.18
v -12.1181786 -10.9232780 11.4500000 0.96 0.64 0.18
v -12.1387989 -10.9500590 11.4500000 0.96 0.64 0.18
v -12.1583383 -10.9776386 11.4500000 0.96 0.64 0.18
v -12.1767657 -11.0059732 11.4500000 0.96 0.64 0.18
v -12.1940521 -11.0350180 11.4500000 0.96 0.64 0.18
v -12.2101701 -11.0647272 11.4500000 0.96 0.64 0.18
v -12.2250942 -11.0950536 11.4500000 0.96 0.64 0.18
v -12.2388008 -11.1259494 11.4500000 0.96 0.64 0.18
v -12.2512683 -11.1573656 11.4500000 0.96 0.64 0.18
v -12.2624770 -11.1892527 11.4500000 0.96 0.64 0.18
v -12.2724090 -11.2215603 11.4500000 0.96 0.64 0.18
v -12.2810488 -11.2542371 11.4500000 0.96 0.64 0.18
v -12.2883826 -11.2872316 11.4500000 0.96 0.64 0.18
v -12.2943989 -11.3204915 11.4500000 0.96 0.64 0.18
v -12.2990881 -11.3539644 11.4500000 0.96 0.64 0.18
v -12.3024429 -11.3875972 11.4500000 0.96 0.64 0.18
v -12.3044578 -11.4213368 11.4500000 0.96 0.64 0.18
v -12.3051299 -11.4551299 11.4500000 0.96 0.64 0.18
v -12.3044578 -11.4889229 11.4500000 0.96 0.64 0.18
v -12.3024429 -11.5226625 11.4500000 0.96 0.64 0.18
v -12.2990881 -11.5562953 11.4500000 0.96 0.64 0.18
v -12.2943989 -11.5897682 11.4500000 0.96 0.64 0.18
v -12.2883826 -11.6230281 11.4500000 0.96 0.64 0.18
v -12.2810488 -11.6560226 11.4500000 0.96 0.64 0.18
v -12.2724090 -11.6886995 11.4500000 0.96 0.64 0.18
v -12.2624770 -11.7210070 11.4500000 0.96 0.64 0.18
v -12.2512683 -11.7528941 11.4500000 0.96 0.64 0.18
v -12.2388008 -11.7843104 11.4500000 0.96 0.64 0.18
v -12.2250942 -11.8152061 11.4500000 0.96 0.64 0.18
v -12.2101701 -11.8455326 11.4500000 0.96 0.64 0.18
v -12.1940521 -11.8752417 11.4500000 0.96 0.64 0.18
v -12.1767657 -11.9042865 11.4500000 0.96 0.64 0.18
v -12.1583383 -11.9326211 11.4500000 0.96 0.64 0.18
v -12.1387989 -11.9602007 11.4500000 0.96 0.64 0.18
v -12.1181786 -11.9869817 11.4500000 0.96 0.64 0.18
v -12.0965098 -12.0129217 11.4500000 0.96 0.64 0.18
v -12.0738268 -12.0379798 11.4500000 0.96 0.64 0.18
v -12.0501656 -12.0621162 11.4500000 0.96 0.64 0.18
v -12.0255635 -12.0852929 11.4500000 0.96 0.64 0.18
v -12.0000594 -12.1074731 11.4500000 0.96 0.64 0.18
v -11.9736937 -12.1286219 11.4500000 0.96 0.64 0.18
v -11.9465081 -12.1487057 11.4500000 0.96 0.64 0.18
v -11.9185454 -12.1676929 11.4500000 0.96 0.64 0.18
v -11.8898500 -12.1855533 11.4500000 0.96 0.64 0.18
v -11.8604672 -12.2022588 11.4500000 0.96 0.64 0.18
v -11.8304435 -12.2177829 11.4500000 0.96 0.64 0.18
v -11.7998264 -12.2321011 11.4500000 0.96 0.64 0.18
v -11.7686642 -12.2451908 11.4500000 0.96 0.64 0.18
v -11.7370062 -12.2570312 11.4500000 0.96 0.64 0.18
v -11.7049026 -12.2676036 11.4500000 0.96 0.64 0.18
v -11.6724040 -12.2768913 11.4500000 0.96 0.64 0.18
v -11.6395618 -12.2848797 11.4500000 0.96 0.64 0.18
v -11.6064281 -12.2915561 11.4500000 0.96 0.64 0.18
v -11.5730551 -12.2969099 11.4500000 0.96 0.64 0.18
v -11.5394956 -12.3009327 11.4500000 0.96 0.64 0.18
v -11.5058027 -12.3036181 11.4500000 0.96 0.64 0.18
v -11.4720297 -12.3049618 11.4500000 0.96 0.64 0.18
v -11.4382300 -12.3049618 11.4500000 0.96 0.64 0.18
v -11.4044570 -12.3036181 11.4500000 0.96 0.64 0.18
v -11.3707641 -12.3009327 11.4500000 0.96 0.64 0.18
v -11.3372047 -12.2969099 11.4500000 0.96 0.64 0.18
v -11.3038316 -12.2915561 11.4500000 0.96 0.64 0.18
v -11.2706979 -12.2848797 11.4500000 0.96 0.64 0.18
v -11.2378557 -12.2768913 11.4500000 0.96 0.64 0.18
v -11.2053571 -12.2676036 11.4500000 0.96 0.64 0.18
v -11.1732535 -12.2570312 11.4500000 0.96 0.64 0.18
v -11.1415955 -12.2451908 11.4500000 0.96 0.64 0.18
v -11.1104333 -12.2321011 11.4500000 0.96 0.64 0.18
v -11.0798162 -12.2177829 11.4500000 0.96 0.64 0.18
v -11.0497925 -12.2022588 11.4500000 0.96 0.64 0.18
v -11.0204097 -12.1855533 11.4500000 0.96 0.64 0.18
v -10.9917143 -12.1676929 11.4500000 0.96 0.64 0.18
v -10.9637517 -12.1487057 11.4500000 0.96 0.64 0.18
v -10.9365660 -12.1286219 11.4500000 0.96 0.64 0.18
v -10.9102003 -12.1074731 11.4500000 0.96 0.64 0.18
v -10.8846962 -12.0852929 11.4500000 0.96 0.64 0.18
v -10.8600941 -12.0621162 11.4500000 0.96 0.64 0.18
v -10.8364329 -12.0379798 11.4500000 0.96 0.64 0.18
v -10.8137499 -12.0129217 11.4500000 0.96 0.64 0.18
v -10.7920811 -11.9869817 11.4500000 0.96 0.64 0.18
v -10.7714608 -11.9602007 11.4500000 0.96 0.64 0.18
v -10.7519214 -11.9326211 11.4500000 0.96 0.64 0.18
v -10.7334940 -11.9042865 11.4500000 0.96 0.64 0.18
v -10.7162076 -11.8752417 11.4500000 0.96 0.64 0.18
v -10.7000896 -11.8455326 11.4500000 0.96 0.64 0.18
v -10.6851655 -11.8152061 11.4500000 0.96 0.64 0.18
v -10.6714589 -11.7843104 11.4500000 0.96 0.64 0.18
v -10.6589914 -11.7528941 11.4500000 0.96 0.64 0.18
v -10.6477827 -11.7210070 11.4500000 0.96 0.64 0.18
v -10.6378507 -11.6886995 11.4500000 0.96 0.64 0.18
v -10.6292109 -11.6560226 11.4500000 0.96 0.64 0.18
v -10.6218771 -11.6230281 11.4500000 0.96 0.64 0.18
v -10.6158608 -11.5897682 11.4500000 0.96 0.64 0.18
v -10.6111716 -11.5562953 11.4500000 0.96 0.64 0.18
v -10.6078168 -11.5226625 11.4500000 0.96 0.64 0.18
v -10.6058019 -11.4889229 11.4500000 0.96 0.64 0.18
v 12.3051299 -11.4551299 11.0000000 0.96 0.64 0.18
v 12.3051299 -11.4551299 11.4500000 0.96 0.64 0.18
v 12.3044578 -11.4889229 11.0000000 0.96 0.64 0.18
v 12.3024429 -11.5226625 11.0000000 0.96 0.64 0.18
v 12.2990881 -11.5562953 11.0000000 0.96 0.64 0.18
v 12.2943989 -11.5897682 11.0000000 0.96 0.64 0.18
v 12.2883826 -11.6230281 11.0000000 0.96 0.64 0.18
v 12.2810488 -11.6560226 11.0000000 0.96 0.64 0.18
v 12.2724090 -11.6886995 11.0000000 0.96 0.64 0.18
v 12.2624770 -11.7210070 11.0000000 0.96 0.64 0.18
v 12.2512683 -11.7528941 11.0000000 0.96 0.64 0.18
v 12.2388008 -11.7843104 11.0000000 0.96 0.64 0.18
v 12.2250942 -11.8152061 11.0000000 0.96 0.64 0.18
v 12.2101701 -11.8455326 11.0000000 0.96 0.64 0.18
v 12.1940521 -11.8752417 11.0000000 0.96 0.64 0.18
v 12.1767657 -11.9042865 11.0000000 0.96 0.64 0.18
v 12.1583383 -11.9326211 11.0000000 0.96 0.64 0.18
v 12.1387989 -11.9602007 11.0000000 0.96 0.64 0.18
v 12.1181786 -11.9869817 11.0000000 0.96 0.64 0.18
v 12.0965098 -12.0129217 11.0000000 0.96 0.64 0.18
v 12.0738268 -12.0379798 11.0000000 0.96 0.64 0.18
v 12.0501656 -12.0621162 11.0000000 0.96 0.64 0.18
v 12.0255635 -12.0852929 11.0000000 0.96 0.64 0.18
v 12.0000594 -12.1074731 11.0000000 0.96 0.64 0.18
v 11.9736937 -12.1286219 11.0000000 0.96 0.64 0.18
v 11.9465081 -12.1487057 11.0000000 0.96 0.64 0.18
v 11.9185454 -12.1676929 11.0000000 0.96 0.64 0.18
v 11.8898500 -12.1855533 11.0000000 0.96 0.64 0.18
v 11.8604672 -12.2022588 11.0000000 0.96 0.64 0.18
v 11.8304435 -12.2177829 11.0000000 0.96 0.64 0.18
v 11.7998264 -12.2321011 11.0000000 0.96 0.64 0.18
v 11.7686642 -12.2451908 11.0000000 0.96 0.64 0.18
v 11.7370062 -12.2570312 11.0000000 0.96 0.64 0.18
v 11.7049026 -12.2676036 11.0000000 0.96 0.64 0.18
v 11.6724040 -12.2768913 11.0000000 0.96 0.64 0.18
v 11.6395618 -12.2848797 11.0000000 0.96 0.64 0.18
v 11.6064281 -12.2915561 11.0000000 0.96 0.64 0.18
v 11.5730551 -12.2969099 11.0000000 0.96 0.64 0.18
v 11.5394956 -12.3009327 11.0000000 0.96 0.64 0.18
v 11.5058027 -12.3036181 11.0000000 0.96 0.64 0.18
v 11.4720297 -12.3049618 11.0000000 0.96 0.64 0.18
v 11.4382300 -12.3049618 11.0000000 0.96 0.64 0.18
v 11.4044570 -12.3036181 11.0000000 0.96 0.64 0.18
v 11.3707641 -12.3009327 11.0000000 0.96 0.64 0.18
v 11.3372047 -12.2969099 11.0000000 0.96 0.64 0.18
v 11.3038316 -12.2915561 11.0000000 0.96 0.64 0.18
v 11.2706979 -12.2848797 11.0000000 0.96 0.64 0.18
v 11.2378557 -12.2768913 11.0000000 0.96 0.64 0.18
v 11.2053571 -12.2676036 11.0000000 0.96 0.64 0.18
v 11.1732535 -12.2570312 11.0000000 0.96 0.64 0.18
v 11.1415955 -12.2451908 11.0000000 0.96 0.64 0.18
v 11.1104333 -12.2321011 11.0000000 0.96 0.64 0.18
v 11.0798162 -12.2177829 11.0000000 0.96 0.64 0.18
v 11.0497925 -12.2022588 11.0000000 0.96 0.64 0.18
v 11.0204097 -12.1855533 11.0000000 0.96 0.64 0.18
v 10.9917143 -12.1676929 11.0000000 0.96 0.64 0.18
v 10.9637517 -12.1487057 11.0000000 0.96 0.64 0.18
v 10.9365660 -12.1286219 11.0000000 0.96 0.64 0.18
v 10.9102003 -12.1074731 11.0000000 0.96 0.64 0.18
v 10.8846962 -12.0852929 11.0000000 0.96 0.64 0.18
v 10.8600941 -12.0621162 11.0000000 0.96 0.64 0.18
v 10.8364329 -12.0379798 11.0000000 0.96 0.64 0.18
v 10.8137499 -12.0129217 11.0000000 0.96 0.64 0.18
v 10.7920811 -11.9869817 11.0000000 0.96 0.64 0.18
v 10.7714608 -11.9602007 11.0000000 0.96 0.64 0.18
v 10.7519214 -11.9326211 11.0000000 0.96 0.64 0.18
v 10.7334940 -11.9042865 11.0000000 0.96 0.64 0.18
v 10.7162076 -11.8752417 11.0000000 0.96 0.64 0.18
v 10.7000896 -11.8455326 11.0000000 0.96 0.64 0.18
v 10.6851655 -11.8152061 11.0000000 0.96 0.64 0.18
v 10.6714589 -11.7843104 11.0000000 0.96 0.64 0.18
v 10.6589914 -11.7528941 11.0000000 0.96 0.64 0.18
v 10.6477827 -11.7210070 11.0000000 0.96 0.64 0.18
v 10.6378507 -11.6886995 11.0000000 0.96 0.64 0.18
v 10.6292109 -11.6560226 11.0000000 0.96 0.64 0.18
v 10.6218771 -11.6230281 11.0000000 0.96 0.64 0.18
v 10.6158608 -11.5897682 11.0000000 0.96 0.64 0.18
v 10.6111716 -11.5562953 11.0000000 0.96 0.64 0.18
v 10.6078168 -11.5226625 11.0000000 0.96 0.64 0.18
v 10.6058019 -11.4889229 11.0000000 0.96 0.64 0.18
v 10.6051299 -11.4551299 11.0000000 0.96 0.64 0.18
v 10.6058019 -11.4213368 11.0000000 0.96 0.64 0.18
v 10.6078168 -11.3875972 11.0000000 0.96 0.64 0.18
v 10.6111716 -11.3539644 11.0000000 0.96 0.64 0.18
v 10.6158608 -11.3204915 11.0000000 0.96 0.64 0.18
v 10.6218771 -11.2872316 11.0000000 0.96 0.64 0.18
v 10.6292109 -11.2542371 11.0000000 0.96 0.64 0.18
v 10.6378507 -11.2215603 11.0000000 0.96 0.64 0.18
v 10.6477827 -11.1892527 11.0000000 0.96 0.64 0.18
v 10.6589914 -11.1573656 11.0000000 0.96 0.64 0.18
v 10.6714589 -11.1259494 11.0000000 0.96 0.64 0.18
v 10.6851655 -11.0950536 11.0000000 0.96 0.64 0.18
v 10.7000896 -11.0647272 11.0000000 0.96 0.64 0.18
v 10.7162076 -11.0350180 11.0000000 0.96 0.64 0.18
v 10.7334940 -11.0059732 11.0000000 0.96 0.64 0.18
v 10.7519214 -10.9776386 11.0000000 0.96 0.64 0.18
v 10.7714608 -10.9500590 11.0000000 0.96 0.64 0.18
v 10.7920811 -10.9232780 11.0000000 0.96 0.64 0.18
v 10.8137499 -10.8973380 11.0000000 0.96 0.64 0.18
v 10.8364329 -10.8722799 11.0000000 0.96 0.64 0.18
v 10.8600941 -10.8481435 11.0000000 0.96 0.64 0.18
v 10.8846962 -10.8249668 11.0000000 0.96 0.64 0.18
v 10.9102003 -10.8027866 11.0000000 0.96 0.64 0.18
v 10.9365660 -10.7816378 11.0000000 0.96 0.64 0.18
v 10.9637517 -10.7615540 11.0000000 0.96 0.64 0.18
v 10.9917143 -10.7425669 11.0000000 0.96 0.64 0.18
v 11.0204097 -10.7247064 11.0000000 0.96 0.64 0.18
v 11.0497925 -10.7080009 11.0000000 0.96 0.64 0.18
v 11.0798162 -10.6924768 11.0000000 0.96 0.64 0.18
v 11.1104333 -10.6781586 11.0000000 0.96 0.64 0.18
v 11.1415955 -10.6650690 11.0000000 0.96 0.64 0.18
v 11.1732535 -10.6532286 11.0000000 0.96 0.64 0.18
v 11.2053571 -10.6426561 11.0000000 0.96 0.64 0.18
v 11.2378557 -10.6333684 11.0000000 0.96 0.64 0.18
v 11.2706979 -10.6253800 11.0000000 0.96 0.64 0.18
v 11.3038316 -10.6187036 11.0000000 0.96 0.64 0.18
v 11.3372047 -10.6133498 11.0000000 0.96 0.64 0.18
v 11.3707641 -10.6093270 11.0000000 0.96 0.64 0.18
v 11.4044570 -10.6066416 11.0000000 0.96 0.64 0.18
v 11.4382300 -10.6052979 11.0000000 0.96 0.64 0.18
v 11.4720297 -10.6052979 11.0000000 0.96 0.64 0.18
v 11.5058027 -10.6066416 11.0000000 0.96 0.64 0.18
v 11.5394956 -10.6093270 11.0000000 0.96 0.64 0.18
v 11.5730551 -10.6133498 11.0000000 0.96 0.64 0.18
v 11.6064281 -10.6187036 11.0000000 0.96 0.64 0.18
v 11.6395618 -10.6253800 11.0000000 0.96 0.64 0.18
v 11.6724040 -10.6333684 11.0000000 0.96 0.64 0.18
v 11.7049026 -10.6426561 11.0000000 0.96 0.64 0.18
v 11.7370062 -10.6532286 11.0000000 0.96 0.64 0.18
v 11.7686642 -10.6650690 11.0000000 0.96 0.64 0.18
v 11.7998264 -10.6781586 11.0000000 0.96 0.64 0.18
v 11.8304435 -10.6924768 11.0000000 0.96 0.64 0.18
v 11.8604672 -10.7080009 11.0000000 0.96 0.64 0.18
v 11.8898500 -10.7247064 11.0000000 0.96 0.64 0.18
v 11.9185454 -10.7425669 11.0000000 0.96 0.64 0.18
v 11.9465081 -10.7615540 11.0000000 0.96 0.64 0.18
v 11.9736937 -10.7816378 11.0000000 0.96 0.64 0.18
v 12.0000594 -10.8027866 11.0000000 0.96 0.64 0.18
v 12.0255635 -10.8249668 11.0000000 0.96 0.64 0.18
v 12.0501656 -10.8481435 11.0000000 0.96 0.64 0.18
v 12.0738268 -10.8722799 11.0000000 0.96 0.64 0.18
v 12.0965098 -10.8973380 11.0000000 0.96 0.64 0.18
v 12.1181786 -10.9232780 11.0000000 0.96 0.64 0.18
v 12.1387989 -10.9500590 11.0000000 0.96 0.64 0.18
v 12.1583383 -10.9776386 11.0000000 0.96 0.64 0.18
v 12.1767657 -11.0059732 11.0000000 0.96 0.64 0.18
v 12.1940521 -11.0350180 11.0000000 0.96 0.64 0.18
v 12.2101701 -11.0647272 11.0000000 0.96 0.64 0.18
v 12.2250942 -11.0950536 11.0000000 0.96 0.64 0.18
v 12.2388008 -11.1259494 11.0000000 0.96 0.64 0.18
v 12.2512683 -11.1573656 11.0000000 0.96 0.64 0.18
v 12.2624770 -11.1892527 11.0000000 0.96 0.64 0.18
v 12.2724090 -11.2215603 11.0000000 0.96 0.64 0.18
v 12.2810488 -11.2542371 11.0000000 0.96 0.64 0.18
v 12.2883826 -11.2872316 11.0000000 0.96 0.64 0.18
v 12.2943989 -11.3204915 11.0000000 0.96 0.64 0.18
v 12.2990881 -11.3539644 11.0000000 0.96 0.64 0.18
v 12.3024429 -11.3875972 11.0000000 0.96 0.64 0.18
v 12.3044578 -11.4213368 11.0000000 0.96 0.64 0.18
v 12.3051299 -11.4551299 11.0000000 0.96 0.64 0.18
v 12.3051299 -11.4551299 11.4500000 0.96 0.64 0.18
v 12.3044578 -11.4213368 11.4500000 0.96 0.64 0.18
v 12.3024429 -11.3875972 11.4500000 0.96 0.64 0.18
v 12.2990881 -11.3539644 11.4500000 0.96 0.64 0.18
v 12.2943989 -11.3204915 11.4500000 0.96 0.64 0.18
v 12.2883826 -11.2872316 11.4500000 0.96 0.64 0.18
v 12.2810488 -11.2542371 11.4500000 0.96 0.64 0.18
v 12.2724090 -11.2215603 11.4500000 0.96 0.64 0.18
v 12.2624770 -11.1892527 11.4500000 0.96 0.64 0.18
v 12.2512683 -11.1573656 11.4500000 0.96 0.64 0.18
v 12.2388008 -11.1259494 11.4500000 0.96 0.64 0.18
v 12.2250942 -11.0950536 11.4500000 0.96 0.64 0.18
v 12.2101701 -11.0647272 11.4500000 0.96 0.64 0.18
v 12.1940521 -11.0350180 11.4500000 0.96 0.64 0.18
v 12.1767657 -11.0059732 11.4500000 0.96 0.64 0.18
v 12.1583383 -10.9776386 11.4500000 0.96 0.64 0.18
v 12.1387989 -10.9500590 11.4500000 0.96 0.64 0.18
v 12.1181786 -10.9232780 11.4500000 0.96 0.64 0.18
v 12.0965098 -10.8973380 11.4500000 0.96 0.64 0.18
v 12.0738268 -10.8722799 11.4500000 0.96 0.64 0.18
v 12.0501656 -10.8481435 11.4500000 0.96 0.64 0.18
v 12.0255635 -10.8249668 11.4500000 0.96 0.64 0.18
v 12.0000594 -10.8027866 11.4500000 0.96 0.64 0.18
v 11.9736937 -10.7816378 11.4500000 0.96 0.64 0.18
v 11.9465081 -10.7615540 11.4500000 0.96 0.64 0.18
v 11.9185454 -10.7425669 11.4500000 0.96 0.64 0.18
v 11.8898500 -10.7247064 11.4500000 0.96 0.64 0.18
v 11.8604672 -10.7080009 11.4500000 0.96 0.64 0.18
v 11.8304435 -10.6924768 11.4500000 0.96 0.64 0.18
v 11.7998264 -10.6781586 11.4500000 0.96 0.64 0.18
v 11.7686642 -10.6650690 11.4500000 0.96 0.64 0.18
v 11.7370062 -10.6532286 11.4500000 0.96 0.64 0.18
v 11.7049026 -10.6426561 11.4500000 0.96 0.64 0.18
v 11.6724040 -10.6333684 11.4500000 0.96 0.64 0.18
v 11.6395618 -10.6253800 11.4500000 0.96 0.64 0.18
v 11.6064281 -10.6187036 11.4500000 0.96 0.64 0.18
v 11.5730551 -10.6133498 11.4500000 0.96 0.64 0.18
v 11.5394956 -10.6093270 11.4500000 0.96 0.64 0.18
v 11.5058027 -10.6066416 11.4500000 0.96 0.64 0.18
v 11.4720297 -10.6052979 11.4500000 0.96 0.64 0.18
v 11.4382300 -10.6052979 11.4500000 0.96 0.64 0.18
v 11.4044570 -10.6066416 11.4500000 0.96 0.64 0.18
v 11.3707641 -10.6093270 11.4500000 0.96 0.64 0.18
v 11.3372047 -10.6133498 11.4500000 0.96 0.64 0.18
v 11.3038316 -10.6187036 11.4500000 0.96 0.64 0.18
v 11.2706979 -10.6253800 11.4500000 0.96 0.64 0.18
v 11.2378557 -10.6333684 11.4500000 0.96 0.64 0.18
v 11.2053571 -10.6426561 11.4500000 0.96 0.64 0.18
v 11.1732535 -10.6532286 11.4500000 0.96 0.64 0.18
v 11.1415955 -10.6650690 11.4500000 0.96 0.64 0.18
v 11.1104333 -10.6781586 11.4500000 0.96 0.64 0.18
v 11.0798162 -10.6924768 11.4500000 0.96 0.64 0.18
v 11.0497925 -10.7080009 11.4500000 0.96 0.64 0.18
v 11.0204097 -10.7247064 11.4500000 0.96 0.64 0.18
v 10.9917143 -10.7425669 11.4500000 0.96 0.64 0.18
v 10.9637517 -10.7615540 11.4500000 0.96 0.64 0.18
v 10.9365660 -10.7816378 11.4500000 0.96 0.64 0.18
v 10.9102003 -10.8027866 11.4500000 0.96 0.64 0.18
v 10.8846962 -10.8249668 11.4500000 0.96 0.64 0.18
v 10.8600941 -10.8481435 11.4500000 0.96 0.64 0.18
v 10.8364329 -10.8722799 11.4500000 0.96 0.64 0.18
v 10.8137499 -10.8973380 11.4500000 0.96 0.64 0.18
v 10.7920811 -10.9232780 11.4500000 0.96 0.64 0.18
v 10.7714608 -10.9500590 11.4500000 0.96 0.64 0.18
v 10.7519214 -10.9776386 11.4500000 0.96 0.64 0.18
v 10.7334940 -11.0059732 11.4500000 0.96 0.64 0.18
v 10.7162076 -11.0350180 11.4500000 0.96 0.64 0.18
v 10.7000896 -11.0647272 11.4500000 0.96 0.64 0.18
v 10.6851655 -11.0950536 11.4500000 0.96 0.64 0.18
v 10.6714589 -11.1259494 11.4500000 0.96 0.64 0.18
v 10.6589914 -11.1573656 11.4500000 0.96 0.64 0.18
v 10.6477827 -11.1892527 11.4500000 0.96 0.64 0.18
v 10.6378507 -11.2215603 11.4500000 0.96 0.64 0.18
v 10.6292109 -11.2542371 11.4500000 0.96 0.64 0.18
v 10.6218771 -11.2872316 11.4500000 0.96 0.64 0.18
v 10.6158608 -11.3204915 11.4500000 0.96 0.64 0.18
v 10.6111716 -11.3539644 11.4500000 0.96 0.64 0.18
v 10.6078168 -11.3875972 11.4500000 0.96 0.64 0.18
v 10.6058019 -11.4213368 11.4500000 0.96 0.64 0.18
v 10.6051299 -11.4551299 11.4500000 0.96 0.64 0.18
v 10.6058019 -11.4889229 11.4500000 0.96 0.64 0.18
v 10.6078168 -11.5226625 11.4500000 0.96 0.64 0.18
v 10.6111716 -11.5562953 11.4500000 0.96 0.64 0.18
v 10.6158608 -11.5897682 11.4500000 0.96 0.64 0.18
v 10.6218771 -11.6230281 11.4500000 0.96 0.64 0.18
v 10.6292109 -11.6560226 11.4500000 0.96 0.64 0.18
v 10.6378507 -11.6886995 11.4500000 0.96 0.64 0.18
v 10.6477827 -11.7210070 11.4500000 0.96 0.64 0.18
v 10.6589914 -11.7528941 11.4500000 0.96 0.64 0.18
v 10.6714589 -11.7843104 11.4500000 0.96 0.64 0.18
v 10.6851655 -11.8152061 11.4500000 0.96 0.64 0.18
v 10.7000896 -11.8455326 11.4500000 0.96 0.64 0.18
v 10.7162076 -11.8752417 11.4500000 0.96 0.64 0.18
v 10.7334940 -11.9042865 11.4500000 0.96 0.64 0.18
v 10.7519214 -11.9326211 11.4500000 0.96 0.64 0.18
v 10.7714608 -11.9602007 11.4500000 0.96 0.64 0.18
v 10.7920811 -11.9869817 11.4500000 0.96 0.64 0.18
v 10.8137499 -12.0129217 11.4500000 0.96 0.64 0.18
v 10.8364329 -12.0379798 11.4500000 0.96 0.64 0.18
v 10.8600941 -12.0621162 11.4500000 0.96 0.64 0.18
v 10.8846962 -12.0852929 11.4500000 0.96 0.64 0.18
v 10.9102003 -12.1074731 11.4500000 0.96 0.64 0.18
v 10.9365660 -12.1286219 11.4500000 0.96 0.64 0.18
v 10.9637517 -12.1487057 11.4500000 0.96 0.64 0.18
v 10.9917143 -12.1676929 11.4500000 0.96 0.64 0.18
v 11.0204097 -12.1855533 11.4500000 0.96 0.64 0.18
v 11.0497925 -12.2022588 11.4500000 0.96 0.64 0.18
v 11.0798162 -12.2177829 11.4500000 0.96 0.64 0.18
v 11.1104333 -12.2321011 11.4500000 0.96 0.64 0.18
v 11.1415955 -12.2451908 11.4500000 0.96 0.64 0.18
v 11.1732535 -12.2570312 11.4500000 0.96 0.64 0.18
v 11.2053571 -12.2676036 11.4500000 0.96 0.64 0.18
v 11.2378557 -12.2768913 11.4500000 0.96 0.64 0.18
v 11.2706979 -12.2848797 11.4500000 0.96 0.64 0.18
v 11.3038316 -12.2915561 11.4500000 0.96 0.64 0.18
v 11.3372047 -12.2969099 11.4500000 0.96 0.64 0.18
v 11.3707641 -12.3009327 11.4500000 0.96 0.64 0.18
v 11.4044570 -12.3036181 11.4500000 0.96 0.64 0.18
v 11.4382300 -12.3049618 11.4500000 0.96 0.64 0.18
v 11.4720297 -12.3049618 11.4500000 0.96 0.64 0.18
v 11.5058027 -12.3036181 11.4500000 0.96 0.64 0.18
v 11.5394956 -12.3009327 11.4500000 0.96 0.64 0.18
v 11.5730551 -12.2969099 11.4500000 0.96 0.64 0.18
v 11.6064281 -12.2915561 11.4500000 0.96 0.64 0.18
v 11.6395618 -12.2848797 11.4500000 0.96 0.64 0.18
v 11.6724040 -12.2768913 11.4500000 0.96 0.64 0.18
v 11.7049026 -12.2676036 11.4500000 0.96 0.64 0.18
v 11.7370062 -12.2570312 11.4500000 0.96 0.64 0.18
v 11.7686642 -12.2451908 11.4500000 0.96 0.64 0.18
v 11.7998264 -12.2321011 11.4500000 0.96 0.64 0.18
v 11.8304435 -12.2177829 11.4500000 0.96 0.64 0.18
v 11.8604672 -12.2022588 11.4500000 0.96 0.64 0.18
v 11.8898500 -12.1855533 11.4500000 0.96 0.64 0.18
v 11.9185454 -12.1676929 11.4500000 0.96 0.64 0.18
v 11.9465081 -12.1487057 11.4500000 0.96 0.64 0.18
v 11.9736937 -12.1286219 11.4500000 0.96 0.64 0.18
v 12.0000594 -12.1074731 11.4500000 0.96 0.64 0.18
v 12.0255635 -12.0852929 11.4500000 0.96 0.64 0.18
v 12.0501656 -12.0621162 11.4500000 0.96 0.64 0.18
v 12.0738268 -12.0379798 11.4500000 0.96 0.64 0.18
v 12.0965098 -12.0129217 11.4500000 0.96 0.64 0.18
v 12.1181786 -11.9869817 11.4500000 0.96 0.64 0.18
v 12.1387989 -11.9602007 11.4500000 0.96 0.64 0.18
v 12.1583383 -11.9326211 11.4500000 0.96 0.64 0.18
v 12.1767657 -11.9042865 11.4500000 0.96 0.64 0.18
v 12.1940521 -11.8752417 11.4500000 0.96 0.64 0.18
v 12.2101701 -11.8455326 11.4500000 0.96 0.64 0.18
v 12.2250942 -11.8152061 11.4500000 0.96 0.64 0.18
v 12.2388008 -11.7843104 11.4500000 0.96 0.64 0.18
v 12.2512683 -11.7528941 11.4500000 0.96 0.64 0.18
v 12.2624770 -11.7210070 11.4500000 0.96 0.64 0.18
v 12.2724090 -11.6886995 11.4500000 0.96 0.64 0.18
v 12.2810488 -11.6560226 11.4500000 0.96 0.64 0.18
v 12.2883826 -11.6230281 11.4500000 0.96 0.64 0.18
v 12.2943989 -11.5897682 11.4500000 0.96 0.64 0.18
v 12.2990881 -11.5562953 11.4500000 0.96 0.64 0.18
v 12.3024429 -11.5226625 11.4500000 0.96 0.64 0.18
v 12.3044578 -11.4889229 11.4500000 0.96 0.64 0.18
v -10.6051299 11.4551299 11.0000000 0.96 0.64 0.18
v -10.6051299 11.4551299 11.4500000 0.96 0.64 0.18
v -10.6058019 11.4213368 11.0000000 0.96 0.64 0.18
v -10.6078168 11.3875972 11.0000000 0.96 0.64 0.18
v -10.6111716 11.3539644 11.0000000 0.96 0.64 0.18
v -10.6158608 11.3204915 11.0000000 0.96 0.64 0.18
v -10.6218771 11.2872316 11.0000000 0.96 0.64 0.18
v -10.6292109 11.2542371 11.0000000 0.96 0.64 0.18
v -10.6378507 11.2215603 11.0000000 0.96 0.64 0.18
v -10.6477827 11.1892527 11.0000000 0.96 0.64 0.18
v -10.6589914 11.1573656 11.0000000 0.96 0.64 0.18
v -10.6714589 11.1259494 11.0000000 0.96 0.64 0.18
v -10.6851655 11.0950536 11.0000000 0.96 0.64 0.18
v -10.7000896 11.0647272 11.0000000 0.96 0.64 0.18
v -10.7162076 11.0350180 11.0000000 0.96 0.64 0.18
v -10.7334940 11.0059732 11.0000000 0.96 0.64 0.18
v -10.7519214 10.9776386 11.0000000 0.96 0.64 0.18
v -10.7714608 10.9500590 11.0000000 0.96 0.64 0.18
v -10.7920811 10.9232780 11.0000000 0.96 0.64 0.18
v -10.8137499 10.8973380 11.0000000 0.96 0.64 0.18
v -10.8364329 10.8722799 11.0000000 0.96 0.64 0.18
v -10.8600941 10.8481435 11.0000000 0.96 0.64 0.18
v -10.8846962 10.8249668 11.0000000 0.96 0.64 0.18
v -10.9102003 10.8027866 11.0000000 0.96 0.64 0.18
v -10.9365660 10.7816378 11.0000000 0.96 0.64 0.18
v -10.9637517 10.7615540 11.0000000 0.96 0.64 0.18
v -10.9917143 10.7425669 11.0000000 0.96 0.64 0.18
v -11.0204097 10.7247064 11.0000000 0.96 0.64 0.18
v -11.0497925 10.7080009 11.0000000 0.96 0.64 0.18
v -11.0798162 10.6924768 11.0000000 0.96 0.64 0.18
v -11.1104333 10.6781586 11.0000000 0.96 0.64 0.18
v -11.1415955 10.6650690 11.0000000 0.96 0.64 0.18
v -11.1732535 10.6532286 11.0000000 0.96 0.64 0.18
v -11.2053571 10.6426561 11.0000000 0.96 0.64 0.18
v -11.2378557 10.6333684 11.0000000 0.96 0.64 0.18
v -11.2706979 10.6253800 11.0000000 0.96 0.64 0.18
v -11.3038316 10.6187036 11.0000000 0.96 0.64 0.18
v -11.3372047 10.6133498 11.0000000 0.96 0.64 0.18
v -11.3707641 10.6093270 11.0000000 0.96 0.64 0.18
v -11.4044570 10.6066416 11.0000000 0.96 0.64 0.18
v -11.4382300 10.6052979 11.0000000 0.96 0.64 0.18
v -11.4720297 10.6052979 11.0000000 0.96 0.64 0.18
v -11.5058027 10.6066416 11.0000000 0.96 0.64 0.18
v -11.5394956 10.6093270 11.0000000 0.96 0.64 0.18
v -11.5730551 10.6133498 11.0000000 0.96 0.64 0.18
v -11.6064281 10.6187036 11.0000000 0.96 0.64 0.18
v -11.6395618 10.6253800 11.0000000 0.96 0.64 0.18
v -11.6724040 10.6333684 11.0000000 0.96 0.64 0.18
v -11.7049026 10.6426561 11.0000000 0.96 0.64 0.18
v -11.7370062 10.6532286 11.0000000 0.96 0.64 0.18
v -11.7686642 10.6650690 11.0000000 0.96 0.64 0.18
v -11.7998264 10.6781586 11.0000000 0.96 0.64 0.18
v -11.8304435 10.6924768 11.0000000 0.96 0.64 0.18
v -11.8604672 10.7080009 11.0000000 0.96 0.64 0.18
v -11.8898500 10.7247064 11.0000000 0.96 0.64 0.18
v -11.9185454 10.7425669 11.0000000 0.96 0.64 0.18
v -11.9465081 10.7615540 11.0000000 0.96 0.64 0.18
v -11.9736937 10.7816378 11.0000000 0.96 0.64 0.18
v -12.0000594 10.8027866 11.0000000 0.96 0.64 0.18
v -12.0255635 10.8249668 11.0000000 0.96 0.64 0.18
v -12.0501656 10.8481435 11.0000000 0.96 0.64 0.18
v -12.0738268 10.8722799 11.0000000 0.96 0.64 0.18
v -12.0965098 10.8973380 11.0000000 0.96 0.64 0.18
v -12.1181786 10.9232780 11.0000000 0.96 0.64 0.18
v -12.1387989 10.9500590 11.0000000 0.96 0.64 0.18
v -12.1583383 10.9776386 11.0000000 0.96 0.64 0.18
v -12.1767657 11.0059732 11.0000000 0.96 0.64 0.18
v -12.1940521 11.0350180 11.0000000 0.96 0.64 0.18
v -12.2101701 11.0647272 11.0000000 0.96 0.64 0.18
v -12.2250942 11.0950536 11.0000000 0.96 0.64 0.18
v -12.2388008 11.1259494 11.0000000 0.96 0.64 0.18
v -12.2512683 11.1573656 11.0000000 0.96 0.64 0.18
v -12.2624770 11.1892527 11.0000000 0.96 0.64 0.18
v -12.2724090 11.2215603 11.0000000 0.96 0.64 0.18
v -12.2810488 11.2542371 11.0000000 0.96 0.64 0.18
v -12.2883826 11.2872316 11.0000000 0.96 0.64 0.18
v -12.2943989 11.3204915 11.0000000 0.96 0.64 0.18
v -12.2990881 11.3539644 11.0000000 0.96 0.64 0.18
v -12.3024429 11.3875972 11.0000000 0.96 0.64 0.18
v -12.3044578 11.4213368 11.0000000 0.96 0.64 0.18
v -12.3051299 11.4551299 11.0000000 0.96 0.64 0.18
v -12.3044578 11.4889229 11.0000000 0.96 0.64 0.18
v -12.3024429 11.5226625 11.0000000 0.96 0.64 0.18
v -12.2990881 11.5562953 11.0000000 0.96 0.64 0.18
v -12.2943989 11.5897682 11.0000000 0.96 0.64 0.18
v -12.2883826 11.6230281 11.0000000 0.96 0.64 0.18
v -12.2810488 11.6560226 11.0000000 0.96 0.64 0.18
v -12.2724090 11.6886995 11.0000000 0.96 0.64 0.18
v -12.2624770 11.7210070 11.0000000 0.96 0.64 0.18
v -12.2512683 11.7528941 11.0000000 0.96 0.64 0.18
v -12.2388008 11.7843104 11.0000000 0.96 0.64 0.18
v -12.2250942 11.8152061 11.0000000 0.96 0.64 0.18
v -12.2101701 11.8455326 11.0000000 0.96 0.64 0.18
v -12.1940521 11.8752417 11.0000000 0.96 0.64 0.18
v -12.1767657 11.9042865 11.0000000 0.96 0.64 0.18
v -12.1583383 11.9326211 11.0000000 0.96 0.64 0.18
v -12.1387989 11.9602007 11.0000000 0.96 0.64 0.18
v -12.1181786 11.9869817 11.0000000 0.96 0.64 0.18
v -12.0965098 12.0129217 11.0000000 0.96 0.64 0.18
v -12.0738268 12.0379798 11.0000000 0.96 0.64 0.18
v -12.0501656 12.0621162 11.0000000 0.96 0.64 0.18
v -12.0255635 12.0852929 11.0000000 0.96 0.64 0.18
v -12.0000594 12.1074731 11.0000000 0.96 0.64 0.18
v -11.9736937 12.1286219 11.0000000 0.96 0.64 0.18
v -11.9465081 12.1487057 11.0000000 0.96 0.64 0.18
v -11.9185454 12.1676929 11.0000000 0.96 0.64 0.18
v -11.8898500 12.1855533 11.0000000 0.96 0.64 0.18
v -11.8604672 12.2022588 11.0000000 0.96 0.64 0.18
v -11.8304435 12.2177829 11.0000000 0.96 0.64 0.18
v -11.7998264 12.2321011 11.0000000 0.96 0.64 0.18
v -11.7686642 12.2451908 11.0000000 0.96 0.64 0.18
v -11.7370062 12.2570312 11.0000000 0.96 0.64 0.18
v -11.7049026 12.2676036 11.0000000 0.96 0.64 0.18
v -11.6724040 12.2768913 11.0000000 0.96 0.64 0.18
v -11.6395618 12.2848797 11.0000000 0.96 0.64 0.18
v -11.6064281 12.2915561 11.0000000 0.96 0.64 0.18
v -11.5730551 12.2969099 11.0000000 0.96 0.64 0.18
v -11.5394956 12.3009327 11.0000000 0.96 0.64 0.18
v -11.5058027 12.3036181 11.0000000 0.96 0.64 0.18
v -11.4720297 12.3049618 11.0000000 0.96 0.64 0.18
v -11.4382300 12.3049618 11.0000000 0.96 0.64 0.18
v -11.4044570 12.3036181 11.0000000 0.96 0.64 0.18
v -11.3707641 12.3009327 11.0000000 0.96 0.64 0.18
v -11.3372047 12.2969099 11.0000000 0.96 0.64 0.18
v -11.3038316 12.2915561 11.0000000 0.96 0.64 0.18
v -11.2706979 12.2848797 11.0000000 0.96 0.64 0.18
v -11.2378557 12.2768913 11.0000000 0.96 0.64 0.18
v -11.2053571 12.2676036 11.0000000 0.96 0.64 0.18
v -11.1732535 12.2570312 11.0000000 0.96 0.64 0.18
v -11.1415955 12.2451908 11.0000000 0.96 0.64 0.18
v -11.1104333 12.2321011 11.0000000 0.96 0.64 0.18
v -11.0798162 12.2177829 11.0000000 0.96 0.64 0.18
v -11.0497925 12.2022588 11.0000000 0.96 0.64 0.18
v -11.0204097 12.1855533 11.0000000 0.96 0.64 0.18
v -10.9917143 12.1676929 11.0000000 0.96 0.64 0.18
v -10.9637517 12.1487057 11.0000000 0.96 0.64 0.18
v -10.9365660 12.1286219 11.0000000 0.96 0.64 0.18
v -10.9102003 12.1074731 11.0000000 0.96 0.64 0.18
v -10.8846962 12.0852929 11.0000000 0.96 0.64 0.18
v -10.8600941 12.0621162 11.0000000 0.96 0.64 0.18
v -10.8364329 12.0379798 11.0000000 0.96 0.64 0.18
v -10.8137499 12.0129217 11.0000000 0.96 0.64 0.18
v -10.7920811 11.9869817 11.0000000 0.96 0.64 0.18
v -10.7714608 11.9602007 11.0000000 0.96 0.64 0.18
v -10.7519214 11.9326211 11.0000000 0.96 0.64 0.18
v -10.7334940 11.9042865 11.0000000 0.96 0.64 0.18
v -10.7162076 11.8752417 11.0000000 0.96 0.64 0.18
v -10.7000896 11.8455326 11.0000000 0.96 0.64 0.18
v -10.6851655 11.8152061 11.0000000 0.96 0.64 0.18
v -10.6714589 11.7843104 11.0000000 0.96 0.64 0.18
v -10.6589914 11.7528941 11.0000000 0.96 0.64 0.18
v -10.6477827 11.7210070 11.0000000 0.96 0.64 0.18
v -10.6378507 11.6886995 11.0000000 0.96 0.64 0.18
v -10.6292109 11.6560226 11.0000000 0.96 0.64 0.18
v -10.6218771 11.6230281 11.0000000 0.96 0.64 0.18
v -10.6158608 11.5897682 11.0000000 0.96 0.64 0.18
v -10.6111716 11.5562953 11.0000000 0.96 0.64 0.18
v -10.6078168 11.5226625 11.0000000 0.96 0.64 0.18
v -10.6058019 11.4889229 11.0000000 0.96 0.64 0.18
v -10.6051299 11.4551299 11.0000000 0.96 0.64 0.18
v -10.6051299 11.4551299 11.4500000 0.96 0.64 0.18
v -10.6058019 11.4889229 11.4500000 0.96 0.64 0.18
v -10.6078168 11.5226625 11.4500000 0.96 0.64 0.18
v -10.6111716 11.5562953 11.4500000 0.96 0.64 0.18
v -10.6158608 11.5897682 11.4500000 0.96 0.64 0.18
v -10.6218771 11.6230281 11.4500000 0.96 0.64 0.18
v -10.6292109 11.6560226 11.4500000 0.96 0.64 0.18
v -10.6378507 11.6886995 11.4500000 0.96 0.64 0.18
v -10.6477827 11.7210070 11.4500000 0.96 0.64 0.18
v -10.6589914 11.7528941 11.4500000 0.96 0.64 0.18
v -10.6714589 11.7843104 11.4500000 0.96 0.64 0.18
v -10.6851655 11.8152061 11.4500000 0.96 0.64 0.18
v -10.7000896 11.8455326 11.4500000 0.96 0.64 0.18
v -10.7162076 11.8752417 11.4500000 0.96 0.64 0.18
v -10.7334940 11.9042865 11.4500000 0.96 0.64 0.18
v -10.7519214 11.9326211 11.4500000 0.96 0.64 0.18
v -10.7714608 11.9602007 11.4500000 0.96 0.64 0.18
v -10.7920811 11.9869817 11.4500000 0.96 0.64 0.18
v -10.8137499 12.0129217 11.4500000 0.96 0.64 0.18
v -10.8364329 12.0379798 11.4500000 0.96 0.64 0.18
v -10.8600941 12.0621162 11.4500000 0.96 0.64 0.18
v -10.8846962 12.0852929 11.4500000 0.96 0.64 0.18
v -10.9102003 12.1074731 11.4500000 0.96 0.64 0.18
v -10.9365660 12.1286219 11.4500000 0.96 0.64 0.18
v -10.9637517 12.1487057 11.4500000 0.96 0.64 0.18
v -10.9917143 12.1676929 11.4500000 0.96 0.64 0.18
v -11.0204097 12.1855533 11.4500000 0.96 0.64 0.18
v -11.0497925 12.2022588 11.4500000 0.96 0.64 0.18
v -11.0798162 12.2177829 11.4500000 0.96 0.64 0.18
v -11.1104333 12.2321011 11.4500000 0.96 0.64 0.18
v -11.1415955 12.2451908 11.4500000 0.96 0.64 0.18
v -11.1732535 12.2570312 11.4500000 0.96 0.64 0.18
v -11.2053571 12.2676036 11.4500000 0.96 0.64 0.18
v -11.2378557 12.2768913 11.4500000 0.96 0.64 0.18
v -11.2706979 12.2848797 11.4500000 0.96 0.64 0.18
v -11.3038316 12.2915561 11.4500000 0.96 0.64 0.18
v -11.3372047 12.2969099 11.4500000 0.96 0.64 0.18
v -11.3707641 12.3009327 11.4500000 0.96 0.64 0.18
v -11.4044570 12.3036181 11.4500000 0.96 0.64 0.18
v -11.4382300 12.3049618 11.4500000 0.96 0.64 0.18
v -11.4720297 12.3049618 11.4500000 0.96 0.64 0.18
v -11.5058027 12.3036181 11.4500000 0.96 0.64 0.18
v -11.5394956 12.3009327 11.4500000 0.96 0.64 0.18
v -11.5730551 12.2969099 11.4500000 0.96 0.64 0.18
v -11.6064281 12.2915561 11.4500000 0.96 0.64 0.18
v -11.6395618 12.2848797 11.4500000 0.96 0.64 0.18
v -11.6724040 12.2768913 11.4500000 0.96 0.64 0.18
v -11.7049026 12.2676036 11.4500000 0.96 0.64 0.18
v -11.7370062 12.2570312 11.4500000 0.96 0.64 0.18
v -11.7686642 12.2451908 11.4500000 0.96 0.64 0.18
v -11.7998264 12.2321011 11.4500000 0.96 0.64 0.18
v -11.8304435 12.2177829 11.4500000 0.96 0.64 0.18
v -11.8604672 12.2022588 11.4500000 0.96 0.64 0.18
v -11.8898500 12.1855533 11.4500000 0.96 0.64 0.18
v -11.9185454 12.1676929 11.4500000 0.96 0.64 0.18
v -11.9465081 12.1487057 11.4500000 0.96 0.64 0.18
v -11.9736937 12.1286219 11.4500000 0.96 0.64 0.18
v -12.0000594 12.1074731 11.4500000 0.96 0.64 0.18
v -12.0255635 12.0852929 11.4500000 0.96 0.64 0.18
v -12.0501656 12.0621162 11.4500000 0.96 0.64 0.18
v -12.0738268 12.0379798 11.4500000 0.96 0.64 0.18
v -12.0965098 12.0129217 11.4500000 0.96 0.64 0.18
v -12.1181786 11.9869817 11.4500000 0.96 0.64 0.18
v -12.1387989 11.9602007 11.4500000 0.96 0.64 0.18
v -12.1583383 11.9326211 11.4500000 0.96 0.64 0.18
v -12.1767657 11.9042865 11.4500000 0.96 0.64 0.18
v -12.1940521 11.8752417 11.4500000 0.96 0.64 0.18
v -12.2101701 11.8455326 11.4500000 0.96 0.64 0.18
v -12.2250942 11.8152061 11.4500000 0.96 0.64 0.18
v -12.2388008 11.7843104 11.4500000 0.96 0.64 0.18
v -12.2512683 11.7528941 11.4500000 0.96 0.64 0.18
v -12.2624770 11.7210070 11.4500000 0.96 0.64 0.18
v -12.2724090 11.6886995 11.4500000 0.96 0.64 0.18
v -12.2810488 11.6560226 11.4500000 0.96 0.64 0.18
v -12.2883826 11.6230281 11.4500000 0.96 0.64 0.18
v -12.2943989 11.5897682 11.4500000 0.96 0.64 0.18
v -12.2990881 11.5562953 11.4500000 0.96 0.64 0.18
v -12.3024429 11.5226625 11.4500000 0.96 0.64 0.18
v -12.3044578 11.4889229 11.4500000 0.96 0.64 0.18
v -12.3051299 11.4551299 11.4500000 0.96 0.64 0.18
v -12.3044578 11.4213368 11.4500000 0.96 0.64 0.18
v -12.3024429 11.3875972 11.4500000 0.96 0.64 0.18
v -12.2990881 11.3539644 11.4500000 0.96 0.64 0.18
v -12.2943989 11.3204915 11.4500000 0.96 0.64 0.18
v -12.2883826 11.2872316 11.4500000 0.96 0.64 0.18
v -12.2810488 11.2542371 11.4500000 0.96 0.64 0.18
v -12.2724090 11.2215603 11.4500000 0.96 0.64 0.18
v -12.2624770 11.1892527 11.4500000 0.96 0.64 0.18
v -12.2512683 11.1573656 11.4500000 0.96 0.64 0.18
v -12.2388008 11.1259494 11.4500000 0.96 0.64 0.18
v -12.2250942 11.0950536 11.4500000 0.96 0.64 0.18
v -12.2101701 11.0647272 11.4500000 0.96 0.64 0.18
v -12.1940521 11.0350180 11.4500000 0.96 0.64 0.18
v -12.1767657 11.0059732 11.4500000 0.96 0.64 0.18
v -12.1583383 10.9776386 11.4500000 0.96 0.64 0.18
v -12.1387989 10.9500590 11.4500000 0.96 0.64 0.18
v -12.1181786 10.9232780 11.4500000 0.96 0.64 0.18
v -12.0965098 10.8973380 11.4500000 0.96 0.64 0.18
v -12.0738268 10.8722799 11.4500000 0.96 0.64 0.18
v -12.0501656 10.8481435 11.4500000 0.96 0.64 0.18
v -12.0255635 10.8249668 11.4500000 0.96 0.64 0.18
v -12.0000594 10.8027866 11.4500000 0.96 0.64 0.18
v -11.9736937 10.7816378 11.4500000 0.96 0.64 0.18
v -11.9465081 10.7615540 11.4500000 0.96 0.64 0.18
v -11.9185454 10.7425669 11.4500000 0.96 0.64 0.18
v -11.8898500 10.7247064 11.4500000 0.96 0.64 0.18
v -11.8604672 10.7080009 11.4500000 0.96 0.64 0.18
v -11.8304435 10.6924768 11.4500000 0.96 0.64 0.18
v -11.7998264 10.6781586 11.4500000 0.96 0.64 0.18
v -11.7686642 10.6650690 11.4500000 0.96 0.64 0.18
v -11.7370062 10.6532286 11.4500000 0.96 0.64 0.18
v -11.7049026 10.6426561 11.4500000 0.96 0.64 0.18
v -11.6724040 10.6333684 11.4500000 0.96 0.64 0.18
v -11.6395618 10.6253800 11.4500000 0.96 0.64 0.18
v -11.6064281 10.6187036 11.4500000 0.96 0.64 0.18
v -11.5730551 10.6133498 11.4500000 0.96 0.64 0.18
v -11.5394956 10.6093270 11.4500000 0.96 0.64 0.18
v -11.5058027 10.6066416 11.4500000 0.96 0.64 0.18
v -11.4720297 10.6052979 11.4500000 0.96 0.64 0.18
v -11.4382300 10.6052979 11.4500000 0.96 0.64 0.18
v -11.4044570 10.6066416 11.4500000 0.96 0.64 0.18
v -11.3707641 10.6093270 11.4500000 0.96 0.64 0.18
v -11.3372047 10.6133498 11.4500000 0.96 0.64 0.18
v -11.3038316 10.6187036 11.4500000 0.96 0.64 0.18
v -11.2706979 10.6253800 11.4500000 0.96 0.64 0.18
v -11.2378557 10.6333684 11.4500000 0.96 0.64 0.18
v -11.2053571 10.6426561 11.4500000 0.96 0.64 0.18
v -11.1732535 10.6532286 11.4500000 0.96 0.64 0.18
v -11.1415955 10.6650690 11.4500000 0.96 0.64 0.18
v -11.1104333 10.6781586 11.4500000 0.96 0.64 0.18
v -11.0798162 10.6924768 11.4500000 0.96 0.64 0.18
v -11.0497925 10.7080009 11.4500000 0.96 0.64 0.18
v -11.0204097 10.7247064 11.4500000 0.96 0.64 0.18
v -10.9917143 10.7425669 11.4500000 0.96 0.64 0.18
v -10.9637517 10.7615540 11.4500000 0.96 0.64 0.18
v -10.9365660 10.7816378 11.4500000 0.96 0.64 0.18
v -10.9102003 10.8027866 11.4500000 0.96 0.64 0.18
v -10.8846962 10.8249668 11.4500000 0.96 0.64 0.18
v -10.8600941 10.8481435 11.4500000 0.96 0.64 0.18
v -10.8364329 10.8722799 11.4500000 0.96 0.64 0.18
v -10.8137499 10.8973380 11.4500000 0.96 0.64 0.18
v -10.7920811 10.9232780 11.4500000 0.96 0.64 0.18
v -10.7714608 10.9500590 11.4500000 0.96 0.64 0.18
v -10.7519214 10.9776386 11.4500000 0.96 0.64 0.18
v -10.7334940 11.0059732 11.4500000 0.96 0.64 0.18
v -10.7162076 11.0350180 11.4500000 0.96 0.64 0.18
v -10.7000896 11.0647272 11.4500000 0.96 0.64 0.18
v -10.6851655 11.0950536 11.4500000 0.96 0.64 0.18
v -10.6714589 11.1259494 11.4500000 0.96 0.64 0.18
v -10.6589914 11.1573656 11.4500000 0.96 0.64 0.18
v -10.6477827 11.1892527 11.4500000 0.96 0.64 0.18
v -10.6378507 11.2215603 11.4500000 0.96 0.64 0.18
v -10.6292109 11.2542371 11.4500000 0.96 0.64 0.18
v -10.6218771 11.2872316 11.4500000 0.96 0.64 0.18
v -10.6158608 11.3204915 11.4500000 0.96 0.64 0.18
v -10.6111716 11.3539644 11.4500000 0.96 0.64 0.18
v -10.6078168 11.3875972 11.4500000 0.96 0.64 0.18
v -10.6058019 11.4213368 11.4500000 0.96 0.64 0.18
v 12.9391010 -10.6257750 12.0000000 0.96 0.64 0.18
v 12.9391010 -10.6257750 11.0000000 0.96 0.64 0.18
v 13.1766507 -10.3411013 12.0000000 0.96 0.64 0.18
v 13.1766507 -10.3411013 11.0000000 0.96 0.64 0.18
v 11.2429978 9.6166522 11.0000000 0.96 0.64 0.18
v 11.3830061 9.7566605 11.0000000 0.96 0.64 0.18
v 11.2429978 9.6166522 12.0000000 0.96 0.64 0.18
v 11.3830061 9.7566605 12.0000000 0.96 0.64 0.18
v 11.6033193 -9.1063429 11.0000000 0.96 0.64 0.18
v 13.1766507 -10.3411013 11.0000000 0.96 0.64 0.18
v 13.7729927 -9.5324274 10.9996821 0.96 0.64 0.18
v 12.1284562 -8.3942272 10.9996821 0.96 0.64 0.18
v 11.2429978 9.6166522 12.0000000 0.96 0.64 0.18
v 11.0573200 9.8023300 12.0000000 0.96 0.64 0.18
v 11.2429978 9.6166522 11.0000000 0.96 0.64 0.18
v 11.0573200 9.8023300 11.0000000 0.96 0.64 0.18
v 11.0364289 -9.7856904 12.0000000 0.96 0.64 0.18
v 11.0364289 -9.7856904 11.0000000 0.96 0.64 0.18
v 11.6033193 -9.1063429 11.0000000 0.96 0.64 0.18
v 11.6033193 -9.1063429 12.0000000 0.96 0.64 0.18
v 11.0091311 -9.8146771 12.0000000 0.96 0.64 0.18
v 11.0364289 -9.7856904 12.0000000 0.96 0.64 0.18
v 11.0091311 -9.8146771 11.0000000 0.96 0.64 0.18
v 11.0364289 -9.7856904 11.0000000 0.96 0.64 0.18
v 9.8146771 11.0091311 12.0000000 0.96 0.64 0.18
v 9.7856904 11.0364289 12.0000000 0.96 0.64 0.18
v 9.8146771 11.0091311 11.0000000 0.96 0.64 0.18
v 9.7856904 11.0364289 11.0000000 0.96 0.64 0.18
v 9.7856904 11.0364289 12.0000000 0.96 0.64 0.18
v 9.7856904 11.0364289 11.0000000 0.96 0.64 0.18
v 9.1063429 11.6033193 11.0000000 0.96 0.64 0.18
v 9.1063429 11.6033193 12.0000000 0.96 0.64 0.18
v 9.6166522 -11.2429978 12.0000000 0.96 0.64 0.18
v 9.8023300 -11.0573200 12.0000000 0.96 0.64 0.18
v 9.6166522 -11.2429978 11.0000000 0.96 0.64 0.18
v 9.8023300 -11.0573200 11.0000000 0.96 0.64 0.18
v 9.1063429 11.6033193 11.0000000 0.96 0.64 0.18
v 10.3411013 13.1766507 11.0000000 0.96 0.64 0.18
v 9.5324274 13.7729927 10.9996821 0.96 0.64 0.18
v 8.3942272 12.1284562 10.9996821 0.96 0.64 0.18
v 9.6166522 -11.2429978 11.0000000 0.96 0.64 0.18
v 9.7566605 -11.3830061 11.0000000 0.96 0.64 0.18
v 9.6166522 -11.2429978 12.0000000 0.96 0.64 0.18
v 9.7566605 -11.3830061 12.0000000 0.96 0.64 0.18
v 10.6257750 12.9391010 12.0000000 0.96 0.64 0.18
v 10.6257750 12.9391010 11.0000000 0.96 0.64 0.18
v 10.3411013 13.1766507 12.0000000 0.96 0.64 0.18
v 10.3411013 13.1766507 11.0000000 0.96 0.64 0.18
v -10.6257750 -12.9391010 12.0000000 0.96 0.64 0.18
v -10.6257750 -12.9391010 11.0000000 0.96 0.64 0.18
v -10.3411013 -13.1766507 12.0000000 0.96 0.64 0.18
v -10.3411013 -13.1766507 11.0000000 0.96 0.64 0.18
v -9.6166522 11.2429978 11.0000000 0.96 0.64 0.18
v -9.7566605 11.3830061 11.0000000 0.96 0.64 0.18
v -9.6166522 11.2429978 12.0000000 0.96 0.64 0.18
v -9.7566605 11.3830061 12.0000000 0.96 0.64 0.18
v -9.1063429 -11.6033193 11.0000000 0.96 0.64 0.18
v -10.3411013 -13.1766507 11.0000000 0.96 0.64 0.18
v -9.5324274 -13.7729927 10.9996821 0.96 0.64 0.18
v -8.3942272 -12.1284562 10.9996821 0.96 0.64 0.18
v -9.6166522 11.2429978 12.0000000 0.96 0.64 0.18
v -9.8023300 11.0573200 12.0000000 0.96 0.64 0.18
v -9.6166522 11.2429978 11.0000000 0.96 0.64 0.18
v -9.8023300 11.0573200 11.0000000 0.96 0.64 0.18
v -9.7856904 -11.0364289 12.0000000 0.96 0.64 0.18
v -9.7856904 -11.0364289 11.0000000 0.96 0.64 0.18
v -9.1063429 -11.6033193 11.0000000 0.96 0.64 0.18
v -9.1063429 -11.6033193 12.0000000 0.96 0.64 0.18
v -9.8146771 -11.0091311 12.0000000 0.96 0.64 0.18
v -9.7856904 -11.0364289 12.0000000 0.96 0.64 0.18
v -9.8146771 -11.0091311 11.0000000 0.96 0.64 0.18
v -9.7856904 -11.0364289 11.0000000 0.96 0.64 0.18
v -11.0091311 9.8146771 12.0000000 0.96 0.64 0.18
v -11.0364289 9.7856904 12.0000000 0.96 0.64 0.18
v -11.0091311 9.8146771 11.0000000 0.96 0.64 0.18
v -11.0364289 9.7856904 11.0000000 0.96 0.64 0.18
v -11.0364289 9.7856904 12.0000000 0.96 0.64 0.18
v -11.0364289 9.7856904 11.0000000 0.96 0.64 0.18
v -11.6033193 9.1063429 11.0000000 0.96 0.64 0.18
v -11.6033193 9.1063429 12.0000000 0.96 0.64 0.18
v -11.2429978 -9.6166522 12.0000000 0.96 0.64 0.18
v -11.0573200 -9.8023300 12.0000000 0.96 0.64 0.18
v -11.2429978 -9.6166522 11.0000000 0.96 0.64 0.18
v -11.0573200 -9.8023300 11.0000000 0.96 0.64 0.18
v -11.6033193 9.1063429 11.0000000 0.96 0.64 0.18
v -13.1766507 10.3411013 11.0000000 0.96 0.64 0.18
v -13.7729927 9.5324274 10.9996821 0.96 0.64 0.18
v -12.1284562 8.3942272 10.9996821 0.96 0.64 0.18
v -11.2429978 -9.6166522 11.0000000 0.96 0.64 0.18
v -11.3830061 -9.7566605 11.0000000 0.96 0.64 0.18
v -11.2429978 -9.6166522 12.0000000 0.96 0.64 0.18
v -11.3830061 -9.7566605 12.0000000 0.96 0.64 0.18
v -12.9391010 10.6257750 12.0000000 0.96 0.64 0.18
v -12.9391010 10.6257750 11.0000000 0.96 0.64 0.18
v -13.1766507 10.3411013 12.0000000 0.96 0.64 0.18
v -13.1766507 10.3411013 11.0000000 0.96 0.64 0.18
v 12.3051299 11.4551299 11.0000000 0.96 0.64 0.18
v 12.3051299 11.4551299 11.4500000 0.96 0.64 0.18
v 12.3044578 11.4213368 11.0000000 0.96 0.64 0.18
v 12.3024429 11.3875972 11.0000000 0.96 0.64 0.18
v 12.2990881 11.3539644 11.0000000 0.96 0.64 0.18
v 12.2943989 11.3204915 11.0000000 0.96 0.64 0.18
v 12.2883826 11.2872316 11.0000000 0.96 0.64 0.18
v 12.2810488 11.2542371 11.0000000 0.96 0.64 0.18
v 12.2724090 11.2215603 11.0000000 0.96 0.64 0.18
v 12.2624770 11.1892527 11.0000000 0.96 0.64 0.18
v 12.2512683 11.1573656 11.0000000 0.96 0.64 0.18
v 12.2388008 11.1259494 11.0000000 0.96 0.64 0.18
v 12.2250942 11.0950536 11.0000000 0.96 0.64 0.18
v 12.2101701 11.0647272 11.0000000 0.96 0.64 0.18
v 12.1940521 11.0350180 11.0000000 0.96 0.64 0.18
v 12.1767657 11.0059732 11.0000000 0.96 0.64 0.18
v 12.1583383 10.9776386 11.0000000 0.96 0.64 0.18
v 12.1387989 10.9500590 11.0000000 0.96 0.64 0.18
v 12.1181786 10.9232780 11.0000000 0.96 0.64 0.18
v 12.0965098 10.8973380 11.0000000 0.96 0.64 0.18
v 12.0738268 10.8722799 11.0000000 0.96 0.64 0.18
v 12.0501656 10.8481435 11.0000000 0.96 0.64 0.18
v 12.0255635 10.8249668 11.0000000 0.96 0.64 0.18
v 12.0000594 10.8027866 11.0000000 0.96 0.64 0.18
v 11.9736937 10.7816378 11.0000000 0.96 0.64 0.18
v 11.9465081 10.7615540 11.0000000 0.96 0.64 0.18
v 11.9185454 10.7425669 11.0000000 0.96 0.64 0.18
v 11.8898500 10.7247064 11.0000000 0.96 0.64 0.18
v 11.8604672 10.7080009 11.0000000 0.96 0.64 0.18
v 11.8304435 10.6924768 11.0000000 0.96 0.64 0.18
v 11.7998264 10.6781586 11.0000000 0.96 0.64 0.18
v 11.7686642 10.6650690 11.0000000 0.96 0.64 0.18
v 11.7370062 10.6532286 11.0000000 0.96 0.64 0.18
v 11.7049026 10.6426561 11.0000000 0.96 0.64 0.18
v 11.6724040 10.6333684 11.0000000 0.96 0.64 0.18
v 11.6395618 10.6253800 11.0000000 0.96 0.64 0.18
v 11.6064281 10.6187036 11.0000000 0.96 0.64 0.18
v 11.5730551 10.6133498 11.0000000 0.96 0.64 0.18
v 11.5394956 10.6093270 11.0000000 0.96 0.64 0.18
v 11.5058027 10.6066416 11.0000000 0.96 0.64 0.18
v 11.4720297 10.6052979 11.0000000 0.96 0.64 0.18
v 11.4382300 10.6052979 11.0000000 0.96 0.64 0.18
v 11.4044570 10.6066416 11.0000000 0.96 0.64 0.18
v 11.3707641 10.6093270 11.0000000 0.96 0.64 0.18
v 11.3372047 10.6133498 11.0000000 0.96 0.64 0.18
v 11.3038316 10.6187036 11.0000000 0.96 0.64 0.18
v 11.2706979 10.6253800 11.0000000 0.96 0.64 0.18
v 11.2378557 10.6333684 11.0000000 0.96 0.64 0.18
v 11.2053571 10.6426561 11.0000000 0.96 0.64 0.18
v 11.1732535 10.6532286 11.0000000 0.96 0.64 0.18
v 11.1415955 10.6650690 11.0000000 0.96 0.64 0.18
v 11.1104333 10.6781586 11.0000000 0.96 0.64 0.18
v 11.0798162 10.6924768 11.0000000 0.96 0.64 0.18
v 11.0497925 10.7080009 11.0000000 0.96 0.64 0.18
v 11.0204097 10.7247064 11.0000000 0.96 0.64 0.18
v 10.9917143 10.7425669 11.0000000 0.96 0.64 0.18
v 10.9637517 10.7615540 11.0000000 0.96 0.64 0.18
v 10.9365660 10.7816378 11.0000000 0.96 0.64 0.18
v 10.9102003 10.8027866 11.0000000 0.96 0.64 0.18
v 10.8846962 10.8249668 11.0000000 0.96 0.64 0.18
v 10.8600941 10.8481435 11.0000000 0.96 0.64 0.18
v 10.8364329 10.8722799 11.0000000 0.96 0.64 0.18
v 10.8137499 10.8973380 11.0000000 0.96 0.64 0.18
v 10.7920811 10.9232780 11.0000000 0.96 0.64 0.18
v 10.7714608 10.9500590 11.0000000 0.96 0.64 0.18
v 10.7519214 10.9776386 11.0000000 0.96 0.64 0.18
v 10.7334940 11.0059732 11.0000000 0.96 0.64 0.18
v 10.7162076 11.0350180 11.0000000 0.96 0.64 0.18
v 10.7000896 11.0647272 11.0000000 0.96 0.64 0.18
v 10.6851655 11.0950536 11.0000000 0.96 0.64 0.18
v 10.6714589 11.1259494 11.0000000 0.96 0.64 0.18
v 10.6589914 11.1573656 11.0000000 0.96 0.64 0.18
v 10.6477827 11.1892527 11.0000000 0.96 0.64 0.18
v 10.6378507 11.2215603 11.0000000 0.96 0.64 0.18
v 10.6292109 11.2542371 11.0000000 0.96 0.64 0.18
v 10.6218771 11.2872316 11.0000000 0.96 0.64 0.18
v 10.6158608 11.3204915 11.0000000 0.96 0.64 0.18
v 10.6111716 11.3539644 11.0000000 0.96 0.64 0.18
v 10.6078168 11.3875972 11.0000000 0.96 0.64 0.18
v 10.6058019 11.4213368 11.0000000 0.96 0.64 0.18
v 10.6051299 11.4551299 11.0000000 0.96 0.64 0.18
v 10.6058019 11.4889229 11.0000000 0.96 0.64 0.18
v 10.6078168 11.5226625 11.0000000 0.96 0.64 0.18
v 10.6111716 11.5562953 11.0000000 0.96 0.64 0.18
v 10.6158608 11.5897682 11.0000000 0.96 0.64 0.18
v 10.6218771 11.6230281 11.0000000 0.96 0.64 0.18
v 10.6292109 11.6560226 11.0000000 0.96 0.64 0.18
v 10.6378507 11.6886995 11.0000000 0.96 0.64 0.18
v 10.6477827 11.7210070 11.0000000 0.96 0.64 0.18
v 10.6589914 11.7528941 11.0000000 0.96 0.64 0.18
v 10.6714589 11.7843104 11.0000000 0.96 0.64 0.18
v 10.6851655 11.8152061 11.0000000 0.96 0.64 0.18
v 10.7000896 11.8455326 11.0000000 0.96 0.64 0.18
v 10.7162076 11.8752417 11.0000000 0.96 0.64 0.18
v 10.7334940 11.9042865 11.0000000 0.96 0.64 0.18
v 10.7519214 11.9326211 11.0000000 0.96 0.64 0.18
v 10.7714608 11.9602007 11.0000000 0.96 0.64 0.18
v 10.7920811 11.9869817 11.0000000 0.96 0.64 0.18
v 10.8137499 12.0129217 11.0000000 0.96 0.64 0.18
v 10.8364329 12.0379798 11.0000000 0.96 0.64 0.18
v 10.8600941 12.0621162 11.0000000 0.96 0.64 0.18
v 10.8846962 12.0852929 11.0000000 0.96 0.64 0.18
v 10.9102003 12.1074731 11.0000000 0.96 0.64 0.18
v 10.9365660 12.1286219 11.0000000 0.96 0.64 0.18
v 10.9637517 12.1487057 11.0000000 0.96 0.64 0.18
v 10.9917143 12.1676929 11.0000000 0.96 0.64 0.18
v 11.0204097 12.1855533 11.0000000 0.96 0.64 0.18
v 11.0497925 12.2022588 11.0000000 0.96 0.64 0.18
v 11.0798162 12.2177829 11.0000000 0.96 0.64 0.18
v 11.1104333 12.2321011 11.0000000 0.96 0.64 0.18
v 11.1415955 12.2451908 11.0000000 0.96 0.64 0.18
v 11.1732535 12.2570312 11.0000000 0.96 0.64 0.18
v 11.2053571 12.2676036 11.0000000 0.96 0.64 0.18
v 11.2378557 12.2768913 11.0000000 0.96 0.64 0.18
v 11.2706979 12.2848797 11.0000000 0.96 0.64 0.18
v 11.3038316 12.2915561 11.0000000 0.96 0.64 0.18
v 11.3372047 12.2969099 11.0000000 0.96 0.64 0.18
v 11.3707641 12.3009327 11.0000000 0.96 0.64 0.18
v 11.4044570 12.3036181 11.0000000 0.96 0.64 0.18
v 11.4382300 12.3049618 11.0000000 0.96 0.64 0.18
v 11.4720297 12.3049618 11.0000000 0.96 0.64 0.18
v 11.5058027 12.3036181 11.0000000 0.96 0.64 0.18
v 11.5394956 12.3009327 11.0000000 0.96 0.64 0.18
v 11.5730551 12.2969099 11.0000000 0.96 0.64 0.18
v 11.6064281 12.2915561 11.0000000 0.96 0.64 0.18
v 11.6395618 12.2848797 11.0000000 0.96 0.64 0.18
v 11.6724040 12.2768913 11.0000000 0.96 0.64 0.18
v 11.7049026 12.2676036 11.0000000 0.96 0.64 0.18
v 11.7370062 12.2570312 11.0000000 0.96 0.64 0.18
v 11.7686642 12.2451908 11.0000000 0.96 0.64 0.18
v 11.7998264 12.2321011 11.0000000 0.96 0.64 0.18
v 11.8304435 12.2177829 11.0000000 0.96 0.64 0.18
v 11.8604672 12.2022588 11.0000000 0.96 0.64 0.18
v 11.8898500 12.1855533 11.0000000 0.96 0.64 0.18
v 11.9185454 12.1676929 11.0000000 0.96 0.64 0.18
v 11.9465081 12.1487057 11.0000000 0.96 0.64 0.18
v 11.9736937 12.1286219 11.0000000 0.96 0.64 0.18
v 12.0000594 12.1074731 11.0000000 0.96 0.64 0.18
v 12.0255635 12.0852929 11.0000000 0.96 0.64 0.18
v 12.0501656 12.0621162 11.0000000 0.96 0.64 0.18
v 12.0738268 12.0379798 11.0000000 0.96 0.64 0.18
v 12.0965098 12.0129217 11.0000000 0.96 0.64 0.18
v 12.1181786 11.9869817 11.0000000 0.96 0.64 0.18
v 12.1387989 11.9602007 11.0000000 0.96 0.64 0.18
v 12.1583383 11.9326211 11.0000000 0.96 0.64 0.18
v 12.1767657 11.9042865 11.0000000 0.96 0.64 0.18
v 12.1940521 11.8752417 11.0000000 0.96 0.64 0.18
v 12.2101701 11.8455326 11.0000000 0.96 0.64 0.18
v 12.2250942 11.8152061 11.0000000 0.96 0.64 0.18
v 12.2388008 11.7843104 11.0000000 0.96 0.64 0.18
v 12.2512683 11.7528941 11.0000000 0.96 0.64 0.18
v 12.2624770 11.7210070 11.0000000 0.96 0.64 0.18
v 12.2724090 11.6886995 11.0000000 0.96 0.64 0.18
v 12.2810488 11.6560226 11.0000000 0.96 0.64 0.18
v 12.2883826 11.6230281 11.0000000 0.96 0.64 0.18
v 12.2943989 11.5897682 11.0000000 0.96 0.64 0.18
v 12.2990881 11.5562953 11.0000000 0.96 0.64 0.18
v 12.3024429 11.5226625 11.0000000 0.96 0.64 0.18
v 12.3044578 11.4889229 11.0000000 0.96 0.64 0.18
v 12.3051299 11.4551299 11.0000000 0.96 0.64 0.18
v 12.3051299 11.4551299 11.4500000 0.96 0.64 0.18
v 12.3044578 11.4889229 11.4500000 0.96 0.64 0.18
v 12.3024429 11.5226625 11.4500000 0.96 0.64 0.18
v 12.2990881 11.5562953 11.4500000 0.96 0.64 0.18
v 12.2943989 11.5897682 11.4500000 0.96 0.64 0.18
v 12.2883826 11.6230281 11.4500000 0.96 0.64 0.18
v 12.2810488 11.6560226 11.4500000 0.96 0.64 0.18
v 12.2724090 11.6886995 11.4500000 0.96 0.64 0.18
v 12.2624770 11.7210070 11.4500000 0.96 0.64 0.18
v 12.2512683 11.7528941 11.4500000 0.96 0.64 0.18
v 12.2388008 11.7843104 11.4500000 0.96 0.64 0.18
v 12.2250942 11.8152061 11.4500000 0.96 0.64 0.18
v 12.2101701 11.8455326 11.4500000 0.96 0.64 0.18
v 12.1940521 11.8752417 11.4500000 0.96 0.64 0.18
v 12.1767657 11.9042865 11.4500000 0.96 0.64 0.18
v 12.1583383 11.9326211 11.4500000 0.96 0.64 0.18
v 12.1387989 11.9602007 11.4500000 0.96 0.64 0.18
v 12.1181786 11.9869817 11.4500000 0.96 0.64 0.18
v 12.0965098 12.0129217 11.4500000 0.96 0.64 0.18
v 12.0738268 12.0379798 11.4500000 0.96 0.64 0.18
v 12.0501656 12.0621162 11.4500000 0.96 0.64 0.18
v 12.0255635 12.0852929 11.4500000 0.96 0.64 0.18
v 12.0000594 12.1074731 11.4500000 0.96 0.64 0.18
v 11.9736937 12.1286219 11.4500000 0.96 0.64 0.18
v 11.9465081 12.1487057 11.4500000 0.96 0.64 0.18
v 11.9185454 12.1676929 11.4500000 0.96 0.64 0.18
v 11.8898500 12.1855533 11.4500000 0.96 0.64 0.18
v 11.8604672 12.2022588 11.4500000 0.96 0.64 0.18
v 11.8304435 12.2177829 11.4500000 0.96 0.64 0.18
v 11.7998264 12.2321011 11.4500000 0.96 0.64 0.18
v 11.7686642 12.2451908 11.4500000 0.96 0.64 0.18
v 11.7370062 12.2570312 11.4500000 0.96 0.64 0.18
v 11.7049026 12.2676036 11.4500000 0.96 0.64 0.18
v 11.6724040 12.2768913 11.4500000 0.96 0.64 0.18
v 11.6395618 12.2848797 11.4500000 0.96 0.64 0.18
v 11.6064281 12.2915561 11.4500000 0.96 0.64 0.18
v 11.5730551 12.2969099 11.4500000 0.96 0.64 0.18
v 11.5394956 12.3009327 11.4500000 0.96 0.64 0.18
v 11.5058027 12.3036181 11.4500000 0.96 0.64 0.18
v 11.4720297 12.3049618 11.4500000 0.96 0.64 0.18
v 11.4382300 12.3049618 11.4500000 0.96 0.64 0.18
v 11.4044570 12.3036181 11.4500000 0.96 0.64 0.18
v 11.3707641 12.3009327 11.4500000 0.96 0.64 0.18
v 11.3372047 12.2969099 11.4500000 0.96 0.64 0.18
v 11.3038316 12.2915561 11.4500000 0.96 0.64 0.18
v 11.2706979 12.2848797 11.4500000 0.96 0.64 0.18
v 11.2378557 12.2768913 11.4500000 0.96 0.64 0.18
v 11.2053571 12.2676036 11.4500000 0.96 0.64 0.18
v 11.1732535 12.2570312 11.4500000 0.96 0.64 0.18
v 11.1415955 12.2451908 11.4500000 0.96 0.64 0.18
v 11.1104333 12.2321011 11.4500000 0.96 0.64 0.18
v 11.0798162 12.2177829 11.4500000 0.96 0.64 0.18
v 11.0497925 12.2022588 11.4500000 0.96 0.64 0.18
v 11.0204097 12.1855533 11.4500000 0.96 0.64 0.18
v 10.9917143 12.1676929 11.4500000 0.96 0.64 0.18
v 10.9637517 12.1487057 11.4500000 0.96 0.64 0.18
v 10.9365660 12.1286219 11.4500000 0.96 0.64 0.18
v 10.9102003 12.1074731 11.4500000 0.96 0.64 0.18
v 10.8846962 12.0852929 11.4500000 0.96 0.64 0.18
v 10.8600941 12.0621162 11.4500000 0.96 0.64 0.18
v 10.8364329 12.0379798 11.4500000 0.96 0.64 0.18
v 10.8137499 12.0129217 11.4500000 0.96 0.64 0.18
v 10.7920811 11.9869817 11.4500000 0.96 0.64 0.18
v 10.7714608 11.9602007 11.4500000 0.96 0.64 0.18
v 10.7519214 11.9326211 11.4500000 0.96 0.64 0.18
v 10.7334940 11.9042865 11.4500000 0.96 0.64 0.18
v 10.7162076 11.8752417 11.4500000 0.96 0.64 0.18
v 10.7000896 11.8455326 11.4500000 0.96 0.64 0.18
v 10.6851655 11.8152061 11.4500000 0.96 0.64 0.18
v 10.6714589 11.7843104 11.4500000 0.96 0.64 0.18
v 10.6589914 11.7528941 11.4500000 0.96 0.64 0.18
v 10.6477827 11.7210070 11.4500000 0.96 0.64 0.18
v 10.6378507 11.6886995 11.4500000 0.96 0.64 0.18
v 10.6292109 11.6560226 11.4500000 0.96 0.64 0.18
v 10.6218771 11.6230281 11.4500000 0.96 0.64 0.18
v 10.6158608 11.5897682 11.4500000 0.96 0.64 0.18
v 10.6111716 11.5562953 11.4500000 0.96 0.64 0.18
v 10.6078168 11.5226625 11.4500000 0.96 0.64 0.18
v 10.6058019 11.4889229 11.4500000 0.96 0.64 0.18
v 10.6051299 11.4551299 11.4500000 0.96 0.64 0.18
v 10.6058019 11.4213368 11.4500000 0.96 0.64 0.18
v 10.6078168 11.3875972 11.4500000 0.96 0.64 0.18
v 10.6111716 11.3539644 11.4500000 0.96 0.64 0.18
v 10.6158608 11.3204915 11.4500000 0.96 0.64 0.18
v 10.6218771 11.2872316 11.4500000 0.96 0.64 0.18
v 10.6292109 11.2542371 11.4500000 0.96 0.64 0.18
v 10.6378507 11.2215603 11.4500000 0.96 0.64 0.18
v 10.6477827 11.1892527 11.4500000 0.96 0.64 0.18
v 10.6589914 11.1573656 11.4500000 0.96 0.64 0.18
v 10.6714589 11.1259494 11.4500000 0.96 0.64 0.18
v 10.6851655 11.0950536 11.4500000 0.96 0.64 0.18
v 10.7000896 11.0647272 11.4500000 0.96 0.64 0.18
v 10.7162076 11.0350180 11.4500000 0.96 0.64 0.18
v 10.7334940 11.0059732 11.4500000 0.96 0.64 0.18
v 10.7519214 10.9776386 11.4500000 0.96 0.64 0.18
v 10.7714608 10.9500590 11.4500000 0.96 0.64 0.18
v 10.7920811 10.9232780 11.4500000 0.96 0.64 0.18
v 10.8137499 10.8973380 11.4500000 0.96 0.64 0.18
v 10.8364329 10.8722799 11.4500000 0.96 0.64 0.18
v 10.8600941 10.8481435 11.4500000 0.96 0.64 0.18
v 10.8846962 10.8249668 11.4500000 0.96 0.64 0.18
v 10.9102003 10.8027866 11.4500000 0.96 0.64 0.18
v 10.9365660 10.7816378 11.4500000 0.96 0.64 0.18
v 10.9637517 10.7615540 11.4500000 0.96 0.64 0.18
v 10.9917143 10.7425669 11.4500000 0.96 0.64 0.18
v 11.0204097 10.7247064 11.4500000 0.96 0.64 0.18
v 11.0497925 10.7080009 11.4500000 0.96 0.64 0.18
v 11.0798162 10.6924768 11.4500000 0.96 0.64 0.18
v 11.1104333 10.6781586 11.4500000 0.96 0.64 0.18
v 11.1415955 10.6650690 11.4500000 0.96 0.64 0.18
v 11.1732535 10.6532286 11.4500000 0.96 0.64 0.18
v 11.2053571 10.6426561 11.4500000 0.96 0.64 0.18
v 11.2378557 10.6333684 11.4500000 0.96 0.64 0.18
v 11.2706979 10.6253800 11.4500000 0.96 0.64 0.18
v 11.3038316 10.6187036 11.4500000 0.96 0.64 0.18
v 11.3372047 10.6133498 11.4500000 0.96 0.64 0.18
v 11.3707641 10.6093270 11.4500000 0.96 0.64 0.18
v 11.4044570 10.6066416 11.4500000 0.96 0.64 0.18
v 11.4382300 10.6052979 11.4500000 0.96 0.64 0.18
v 11.4720297 10.6052979 11.4500000 0.96 0.64 0.18
v 11.5058027 10.6066416 11.4500000 0.96 0.64 0.18
v 11.5394956 10.6093270 11.4500000 0.96 0.64 0.18
v 11.5730551 10.6133498 11.4500000 0.96 0.64 0.18
v 11.6064281 10.6187036 11.4500000 0.96 0.64 0.18
v 11.6395618 10.6253800 11.4500000 0.96 0.64 0.18
v 11.6724040 10.6333684 11.4500000 0.96 0.64 0.18
v 11.7049026 10.6426561 11.4500000 0.96 0.64 0.18
v 11.7370062 10.6532286 11.4500000 0.96 0.64 0.18
v 11.7686642 10.6650690 11.4500000 0.96 0.64 0.18
v 11.7998264 10.6781586 11.4500000 0.96 0.64 0.18
v 11.8304435 10.6924768 11.4500000 0.96 0.64 0.18
v 11.8604672 10.7080009 11.4500000 0.96 0.64 0.18
v 11.8898500 10.7247064 11.4500000 0.96 0.64 0.18
v 11.9185454 10.7425669 11.4500000 0.96 0.64 0.18
v 11.9465081 10.7615540 11.4500000 0.96 0.64 0.18
v 11.9736937 10.7816378 11.4500000 0.96 0.64 0.18
v 12.0000594 10.8027866 11.4500000 0.96 0.64 0.18
v 12.0255635 10.8249668 11.4500000 0.96 0.64 0.18
v 12.0501656 10.8481435 11.4500000 0.96 0.64 0.18
v 12.0738268 10.8722799 11.4500000 0.96 0.64 0.18
v 12.0965098 10.8973380 11.4500000 0.96 0.64 0.18
v 12.1181786 10.9232780 11.4500000 0.96 0.64 0.18
v 12.1387989 10.9500590 11.4500000 0.96 0.64 0.18
v 12.1583383 10.9776386 11.4500000 0.96 0.64 0.18
v 12.1767657 11.0059732 11.4500000 0.96 0.64 0.18
v 12.1940521 11.0350180 11.4500000 0.96 0.64 0.18
v 12.2101701 11.0647272 11.4500000 0.96 0.64 0.18
v 12.2250942 11.0950536 11.4500000 0.96 0.64 0.18
v 12.2388008 11.1259494 11.4500000 0.96 0.64 0.18
v 12.2512683 11.1573656 11.4500000 0.96 0.64 0.18
v 12.2624770 11.1892527 11.4500000 0.96 0.64 0.18
v 12.2724090 11.2215603 11.4500000 0.96 0.64 0.18
v 12.2810488 11.2542371 11.4500000 0.96 0.64 0.18
v 12.2883826 11.2872316 11.4500000 0.96 0.64 0.18
v 12.2943989 11.3204915 11.4500000 0.96 0.64 0.18
v 12.2990881 11.3539644 11.4500000 0.96 0.64 0.18
v 12.3024429 11.3875972 11.4500000 0.96 0.64 0.18
v 12.3044578 11.4213368 11.4500000 0.96 0.64 0.18
v 11.2429978 9.6166522 12.0000000 0.96 0.64 0.18
v 11.0573200 9.8023300 12.0000000 0.96 0.64 0.18
v 11.3830061 9.7566605 12.0000000 0.96 0.64 0.18
v 11.3172585 9.7607298 12.0000000 0.96 0.64 0.18
v 11.2517180 9.7673433 12.0000000 0.96 0.64 0.18
v 11.1864828 9.7764909 12.0000000 0.96 0.64 0.18
v 11.1216511 9.7881590 12.0000000 0.96 0.64 0.18
v 9.8023300 11.0573200 12.0000000 0.96 0.64 0.18
v 9.8146771 11.0091311 12.0000000 0.96 0.64 0.18
v 9.7856904 11.0364289 12.0000000 0.96 0.64 0.18
v 9.1063429 11.6033193 12.0000000 0.96 0.64 0.18
v 10.3411013 13.1766507 12.0000000 0.96 0.64 0.18
v 10.6257750 12.9391010 12.0000000 0.96 0.64 0.18
v 9.7566605 11.3830061 12.0000000 0.96 0.64 0.18
v 9.7551595 11.4450946 12.0000000 0.96 0.64 0.18
v 9.7559332 11.5073863 12.0000000 0.96 0.64 0.18
v 9.7590008 11.5697874 12.0000000 0.96 0.64 0.18
v 9.7643769 11.6322024 12.0000000 0.96 0.64 0.18
v 9.7720713 11.6945335 12.0000000 0.96 0.64 0.18
v 9.7820888 11.7566815 12.0000000 0.96 0.64 0.18
v 9.7944285 11.8185455 12.0000000 0.96 0.64 0.18
v 9.8090843 11.8800228 12.0000000 0.96 0.64 0.18
v 9.8260439 11.9410095 12.0000000 0.96 0.64 0.18
v 9.8452904 12.0014053 12.0000000 0.96 0.64 0.18
v 9.8668011 12.0611100 12.0000000 0.96 0.64 0.18
v 9.8905483 12.1200243 12.0000000 0.96 0.64 0.18
v 9.9164992 12.1780515 12.0000000 0.96 0.64 0.18
v 9.9446166 12.2350976 12.0000000 0.96 0.64 0.18
v 9.9748589 12.2910712 12.0000000 0.96 0.64 0.18
v 10.0071803 12.3458834 12.0000000 0.96 0.64 0.18
v 10.0415316 12.3994496 12.0000000 0.96 0.64 0.18
v 10.0778611 12.4516893 12.0000000 0.96 0.64 0.18
v 10.1161141 12.5025251 12.0000000 0.96 0.64 0.18
v 10.1562334 12.5518833 12.0000000 0.96 0.64 0.18
v 10.1981595 12.5996933 12.0000000 0.96 0.64 0.18
v 10.2418316 12.6458890 12.0000000 0.96 0.64 0.18
v 10.2871878 12.6904077 12.0000000 0.96 0.64 0.18
v 10.3341650 12.7331900 12.0000000 0.96 0.64 0.18
v 10.3826988 12.7741794 12.0000000 0.96 0.64 0.18
v 10.4327239 12.8133221 12.0000000 0.96 0.64 0.18
v 10.4841741 12.8505670 12.0000000 0.96 0.64 0.18
v 10.5369825 12.8858658 12.0000000 0.96 0.64 0.18
v 10.5809687 12.9131567 12.0000000 0.96 0.64 0.18
v 9.7881590 11.1216511 12.0000000 0.96 0.64 0.18
v 9.7764909 11.1864828 12.0000000 0.96 0.64 0.18
v 9.7673433 11.2517180 12.0000000 0.96 0.64 0.18
v 9.7607298 11.3172585 12.0000000 0.96 0.64 0.18
v 9.6166522 -11.2429978 12.0000000 0.96 0.64 0.18
v 9.8023300 -11.0573200 12.0000000 0.96 0.64 0.18
v 9.7566605 -11.3830061 12.0000000 0.96 0.64 0.18
v 9.7607298 -11.3172585 12.0000000 0.96 0.64 0.18
v 9.7673433 -11.2517180 12.0000000 0.96 0.64 0.18
v 9.7764909 -11.1864828 12.0000000 0.96 0.64 0.18
v 9.7881590 -11.1216511 12.0000000 0.96 0.64 0.18
v 11.0573200 -9.8023300 12.0000000 0.96 0.64 0.18
v 11.0091311 -9.8146771 12.0000000 0.96 0.64 0.18
v 11.0364289 -9.7856904 12.0000000 0.96 0.64 0.18
v 11.6033193 -9.1063429 12.0000000 0.96 0.64 0.18
v 13.1766507 -10.3411013 12.0000000 0.96 0.64 0.18
v 12.9391010 -10.6257750 12.0000000 0.96 0.64 0.18
v 11.3830061 -9.7566605 12.0000000 0.96 0.64 0.18
v 11.4450946 -9.7551595 12.0000000 0.96 0.64 0.18
v 11.5073863 -9.7559332 12.0000000 0.96 0.64 0.18
v 11.5697874 -9.7590008 12.0000000 0.96 0.64 0.18
v 11.6322024 -9.7643769 12.0000000 0.96 0.64 0.18
v 11.6945335 -9.7720713 12.0000000 0.96 0.64 0.18
v 11.7566815 -9.7820888 12.0000000 0.96 0.64 0.18
v 11.8185455 -9.7944285 12.0000000 0.96 0.64 0.18
v 11.8800228 -9.8090843 12.0000000 0.96 0.64 0.18
v 11.9410095 -9.8260439 12.0000000 0.96 0.64 0.18
v 12.0014053 -9.8452904 12.0000000 0.96 0.64 0.18
v 12.0611100 -9.8668011 12.0000000 0.96 0.64 0.18
v 12.1200243 -9.8905483 12.0000000 0.96 0.64 0.18
v 12.1780515 -9.9164992 12.0000000 0.96 0.64 0.18
v 12.2350976 -9.9446166 12.0000000 0.96 0.64 0.18
v 12.2910712 -9.9748589 12.0000000 0.96 0.64 0.18
v 12.3458834 -10.0071803 12.0000000 0.96 0.64 0.18
v 12.3994496 -10.0415316 12.0000000 0.96 0.64 0.18
v 12.4516893 -10.0778611 12.0000000 0.96 0.64 0.18
v 12.5025251 -10.1161141 12.0000000 0.96 0.64 0.18
v 12.5518833 -10.1562334 12.0000000 0.96 0.64 0.18
v 12.5996933 -10.1981595 12.0000000 0.96 0.64 0.18
v 12.6458890 -10.2418316 12.0000000 0.96 0.64 0.18
v 12.6904077 -10.2871878 12.0000000 0.96 0.64 0.18
v 12.7331900 -10.3341650 12.0000000 0.96 0.64 0.18
v 12.7741794 -10.3826988 12.0000000 0.96 0.64 0.18
v 12.8133221 -10.4327239 12.0000000 0.96 0.64 0.18
v 12.8505670 -10.4841741 12.0000000 0.96 0.64 0.18
v 12.8858658 -10.5369825 12.0000000 0.96 0.64 0.18
v 12.9131567 -10.5809687 12.0000000 0.96 0.64 0.18
v 11.1216511 -9.7881590 12.0000000 0.96 0.64 0.18
v 11.1864828 -9.7764909 12.0000000 0.96 0.64 0.18
v 11.2517180 -9.7673433 12.0000000 0.96 0.64 0.18
v 11.3172585 -9.7607298 12.0000000 0.96 0.64 0.18
v -9.6166522 11.2429978 12.0000000 0.96 0.64 0.18
v -9.8023300 11.0573200 12.0000000 0.96 0.64 0.18
v -9.7566605 11.3830061 12.0000000 0.96 0.64 0.18
v -9.7607298 11.3172585 12.0000000 0.96 0.64 0.18
v -9.7673433 11.2517180 12.0000000 0.96 0.64 0.18
v -9.7764909 11.1864828 12.0000000 0.96 0.64 0.18
v -9.7881590 11.1216511 12.0000000 0.96 0.64 0.18
v -11.0573200 9.8023300 12.0000000 0.96 0.64 0.18
v -11.0091311 9.8146771 12.0000000 0.96 0.64 0.18
v -11.0364289 9.7856904 12.0000000 0.96 0.64 0.18
v -11.6033193 9.1063429 12.0000000 0.96 0.64 0.18
v -13.1766507 10.3411013 12.0000000 0.96 0.64 0.18
v -12.9391010 10.6257750 12.0000000 0.96 0.64 0.18
v -11.3830061 9.7566605 12.0000000 0.96 0.64 0.18
v -11.4450946 9.7551595 12.0000000 0.96 0.64 0.18
v -11.5073863 9.7559332 12.0000000 0.96 0.64 0.18
v -11.5697874 9.7590008 12.0000000 0.96 0.64 0.18
v -11.6322024 9.7643769 12.0000000 0.96 0.64 0.18
v -11.6945335 9.7720713 12.0000000 0.96 0.64 0.18
v -11.7566815 9.7820888 12.0000000 0.96 0.64 0.18
v -11.8185455 9.7944285 12.0000000 0.96 0.64 0.18
v -11.8800228 9.8090843 12.0000000 0.96 0.64 0.18
v -11.9410095 9.8260439 12.0000000 0.96 0.64 0.18
v -12.0014053 9.8452904 12.0000000 0.96 0.64 0.18
v -12.0611100 9.8668011 12.0000000 0.96 0.64 0.18
v -12.1200243 9.8905483 12.0000000 0.96 0.64 0.18
v -12.1780515 9.9164992 12.0000000 0.96 0.64 0.18
v -12.2350976 9.9446166 12.0000000 0.96 0.64 0.18
v -12.2910712 9.9748589 12.0000000 0.96 0.64 0.18
v -12.3458834 10.0071803 12.0000000 0.96 0.64 0.18
v -12.3994496 10.0415316 12.0000000 0.96 0.64 0.18
v -12.4516893 10.0778611 12.0000000 0.96 0.64 0.18
v -12.5025251 10.1161141 12.0000000 0.96 0.64 0.18
v -12.5518833 10.1562334 12.0000000 0.96 0.64 0.18
v -12.5996933 10.1981595 12.0000000 0.96 0.64 0.18
v -12.6458890 10.2418316 12.0000000 0.96 0.64 0.18
v -12.6904077 10.2871878 12.0000000 0.96 0.64 0.18
v -12.7331900 10.3341650 12.0000000 0.96 0.64 0.18
v -12.7741794 10.3826988 12.0000000 0.96 0.64 0.18
v -12.8133221 10.4327239 12.0000000 0.96 0.64 0.18
v -12.8505670 10.4841741 12.0000000 0.96 0.64 0.18
v -12.8858658 10.5369825 12.0000000 0.96 0.64 0.18
v -12.9131567 10.5809687 12.0000000 0.96 0.64 0.18
v -11.1216511 9.7881590 12.0000000 0.96 0.64 0.18
v -11.1864828 9.7764909 12.0000000 0.96 0.64 0.18
v -11.2517180 9.7673433 12.0000000 0.96 0.64 0.18
v -11.3172585 9.7607298 12.0000000 0.96 0.64 0.18
v -9.8023300 -11.0573200 12.0000000 0.96 0.64 0.18
v -9.8146771 -11.0091311 12.0000000 0.96 0.64 0.18
v -9.7856904 -11.0364289 12.0000000 0.96 0.64 0.18
v -9.1063429 -11.6033193 12.0000000 0.96 0.64 0.18
v -10.3411013 -13.1766507 12.0000000 0.96 0.64 0.18
v -10.6257750 -12.9391010 12.0000000 0.96 0.64 0.18
v -9.7551299 -11.4551299 12.0000000 0.96 0.64 0.18
v -9.7564321 -11.5216584 12.0000000 0.96 0.64 0.18
v -9.7603529 -11.5882883 12.0000000 0.96 0.64 0.18
v -9.7669085 -11.6549015 12.0000000 0.96 0.64 0.18
v -9.7761087 -11.7213778 12.0000000 0.96 0.64 0.18
v -9.7879566 -11.7875956 12.0000000 0.96 0.64 0.18
v -9.8024484 -11.8534311 12.0000000 0.96 0.64 0.18
v -9.8195726 -11.9187596 12.0000000 0.96 0.64 0.18
v -9.8393110 -11.9834568 12.0000000 0.96 0.64 0.18
v -9.8616383 -12.0474006 12.0000000 0.96 0.64 0.18
v -9.8865222 -12.1104694 12.0000000 0.96 0.64 0.18
v -9.9139240 -12.1725450 12.0000000 0.96 0.64 0.18
v -9.9437993 -12.2335127 12.0000000 0.96 0.64 0.18
v -9.9760976 -12.2932608 12.0000000 0.96 0.64 0.18
v -10.0107632 -12.3516816 12.0000000 0.96 0.64 0.18
v -10.0477362 -12.4086723 12.0000000 0.96 0.64 0.18
v -10.0869531 -12.4641355 12.0000000 0.96 0.64 0.18
v -10.1283465 -12.5179779 12.0000000 0.96 0.64 0.18
v -10.1718463 -12.5701111 12.0000000 0.96 0.64 0.18
v -10.2173791 -12.6204508 12.0000000 0.96 0.64 0.18
v -10.2648707 -12.6689186 12.0000000 0.96 0.64 0.18
v -10.3142449 -12.7154400 12.0000000 0.96 0.64 0.18
v -10.3654242 -12.7599446 12.0000000 0.96 0.64 0.18
v -10.4183294 -12.8023659 12.0000000 0.96 0.64 0.18
v -10.4728804 -12.8426406 12.0000000 0.96 0.64 0.18
v -10.5289959 -12.8807090 12.0000000 0.96 0.64 0.18
v -10.5768947 -12.9107064 12.0000000 0.96 0.64 0.18
v -9.7566605 -11.3830061 12.0000000 0.96 0.64 0.18
v -9.7555132 -11.4190274 12.0000000 0.96 0.64 0.18
v -9.7881590 -11.1216511 12.0000000 0.96 0.64 0.18
v -9.7764909 -11.1864828 12.0000000 0.96 0.64 0.18
v -9.7673433 -11.2517180 12.0000000 0.96 0.64 0.18
v -9.7607298 -11.3172585 12.0000000 0.96 0.64 0.18
v -11.2429978 -9.6166522 12.0000000 0.96 0.64 0.18
v -11.0573200 -9.8023300 12.0000000 0.96 0.64 0.18
v -11.3830061 -9.7566605 12.0000000 0.96 0.64 0.18
v -11.3172585 -9.7607298 12.0000000 0.96 0.64 0.18
v -11.2517180 -9.7673433 12.0000000 0.96 0.64 0.18
v -11.1864828 -9.7764909 12.0000000 0.96 0.64 0.18
v -11.1216511 -9.7881590 12.0000000 0.96 0.64 0.18
v 13.1766507 -10.3411013 11.0000000 0.96 0.64 0.18
v 13.1766507 -10.3411013 12.0000000 0.96 0.64 0.18
v 13.7729927 -9.5324274 11.9996821 0.96 0.64 0.18
v 13.7729927 -9.5324274 10.9996821 0.96 0.64 0.18
v 12.1284562 -8.3942272 10.9996821 0.96 0.64 0.18
v 13.7729927 -9.5324274 10.9996821 0.96 0.64 0.18
v 14.3197738 -8.6894521 10.9959406 0.96 0.64 0.18
v 12.6099501 -7.6519056 10.9959406 0.96 0.64 0.18
v 11.6033193 -9.1063429 12.0000000 0.96 0.64 0.18
v 11.6033193 -9.1063429 11.0000000 0.96 0.64 0.18
v 12.1284562 -8.3942272 10.9996821 0.96 0.64 0.18
v 12.1284562 -8.3942272 11.9996821 0.96 0.64 0.18
v 9.1063429 11.6033193 12.0000000 0.96 0.64 0.18
v 9.1063429 11.6033193 11.0000000 0.96 0.64 0.18
v 8.3942272 12.1284562 10.9996821 0.96 0.64 0.18
v 8.3942272 12.1284562 11.9996821 0.96 0.64 0.18
v 10.3411013 13.1766507 11.0000000 0.96 0.64 0.18
v 10.3411013 13.1766507 12.0000000 0.96 0.64 0.18
v 9.5324274 13.7729927 11.9996821 0.96 0.64 0.18
v 9.5324274 13.7729927 10.9996821 0.96 0.64 0.18
v 8.3942272 12.1284562 10.9996821 0.96 0.64 0.18
v 9.5324274 13.7729927 10.9996821 0.96 0.64 0.18
v 8.6894521 14.3197738 10.9959406 0.96 0.64 0.18
v 7.6519056 12.6099501 10.9959406 0.96 0.64 0.18
v -10.3411013 -13.1766507 11.0000000 0.96 0.64 0.18
v -10.3411013 -13.1766507 12.0000000 0.96 0.64 0.18
v -9.5324274 -13.7729927 11.9996821 0.96 0.64 0.18
v -9.5324274 -13.7729927 10.9996821 0.96 0.64 0.18
v -8.3942272 -12.1284562 10.9996821 0.96 0.64 0.18
v -9.5324274 -13.7729927 10.9996821 0.96 0.64 0.18
v -8.6894521 -14.3197738 10.9959406 0.96 0.64 0.18
v -7.6519056 -12.6099501 10.9959406 0.96 0.64 0.18
v -9.1063429 -11.6033193 12.0000000 0.96 0.64 0.18
v -9.1063429 -11.6033193 11.0000000 0.96 0.64 0.18
v -8.3942272 -12.1284562 10.9996821 0.96 0.64 0.18
v -8.3942272 -12.1284562 11.9996821 0.96 0.64 0.18
v -11.6033193 9.1063429 12.0000000 0.96 0.64 0.18
v -11.6033193 9.1063429 11.0000000 0.96 0.64 0.18
v -12.1284562 8.3942272 10.9996821 0.96 0.64 0.18
v -12.1284562 8.3942272 11.9996821 0.96 0.64 0.18
v -13.1766507 10.3411013 11.0000000 0.96 0.64 0.18
v -13.1766507 10.3411013 12.0000000 0.96 0.64 0.18
v -13.7729927 9.5324274 11.9996821 0.96 0.64 0.18
v -13.7729927 9.5324274 10.9996821 0.96 0.64 0.18
v -12.1284562 8.3942272 10.9996821 0.96 0.64 0.18
v -13.7729927 9.5324274 10.9996821 0.96 0.64 0.18
v -14.3197738 8.6894521 10.9959406 0.96 0.64 0.18
v -12.6099501 7.6519056 10.9959406 0.96 0.64 0.18
v 10.3411013 13.1766507 12.0000000 0.96 0.64 0.18
v 9.1063429 11.6033193 12.0000000 0.96 0.64 0.18
v 8.3942272 12.1284562 11.9996821 0.96 0.64 0.18
v 9.5324274 13.7729927 11.9996821 0.96 0.64 0.18
v 13.1766507 -10.3411013 12.0000000 0.96 0.64 0.18
v 11.6033193 -9.1063429 12.0000000 0.96 0.64 0.18
v 12.1284562 -8.3942272 11.9996821 0.96 0.64 0.18
v 13.7729927 -9.5324274 11.9996821 0.96 0.64 0.18
v -13.1766507 10.3411013 12.0000000 0.96 0.64 0.18
v -11.6033193 9.1063429 12.0000000 0.96 0.64 0.18
v -12.1284562 8.3942272 11.9996821 0.96 0.64 0.18
v -13.7729927 9.5324274 11.9996821 0.96 0.64 0.18
v -10.3411013 -13.1766507 12.0000000 0.96 0.64 0.18
v -9.1063429 -11.6033193 12.0000000 0.96 0.64 0.18
v -8.3942272 -12.1284562 11.9996821 0.96 0.64 0.18
v -9.5324274 -13.7729927 11.9996821 0.96 0.64 0.18
v 13.7729927 -9.5324274 10.9996821 0.96 0.64 0.18
v 13.7729927 -9.5324274 11.9996821 0.96 0.64 0.18
v 14.3197738 -8.6894521 11.9959406 0.96 0.64 0.18
v 14.3197738 -8.6894521 10.9959406 0.96 0.64 0.18
v 12.6099501 -7.6519056 10.9959406 0.96 0.64 0.18
v 14.3197738 -8.6894521 10.9959406 0.96 0.64 0.18
v 14.8150267 -7.8152085 10.9882503 0.96 0.64 0.18
v 13.0460683 -6.8820493 10.9882503 0.96 0.64 0.18
v 12.1284562 -8.3942272 11.9996821 0.96 0.64 0.18
v 12.1284562 -8.3942272 10.9996821 0.96 0.64 0.18
v 12.6099501 -7.6519056 10.9959406 0.96 0.64 0.18
v 12.6099501 -7.6519056 11.9959406 0.96 0.64 0.18
v 8.3942272 12.1284562 11.9996821 0.96 0.64 0.18
v 8.3942272 12.1284562 10.9996821 0.96 0.64 0.18
v 7.6519056 12.6099501 10.9959406 0.96 0.64 0.18
v 7.6519056 12.6099501 11.9959406 0.96 0.64 0.18
v 9.5324274 13.7729927 10.9996821 0.96 0.64 0.18
v 9.5324274 13.7729927 11.9996821 0.96 0.64 0.18
v 8.6894521 14.3197738 11.9959406 0.96 0.64 0.18
v 8.6894521 14.3197738 10.9959406 0.96 0.64 0.18
v 7.6519056 12.6099501 10.9959406 0.96 0.64 0.18
v 8.6894521 14.3197738 10.9959406 0.96 0.64 0.18
v 7.8152085 14.8150267 10.9882503 0.96 0.64 0.18
v 6.8820493 13.0460683 10.9882503 0.96 0.64 0.18
v -9.5324274 -13.7729927 10.9996821 0.96 0.64 0.18
v -9.5324274 -13.7729927 11.9996821 0.96 0.64 0.18
v -8.6894521 -14.3197738 11.9959406 0.96 0.64 0.18
v -8.6894521 -14.3197738 10.9959406 0.96 0.64 0.18
v -7.6519056 -12.6099501 10.9959406 0.96 0.64 0.18
v -8.6894521 -14.3197738 10.9959406 0.96 0.64 0.18
v -7.8152085 -14.8150267 10.9882503 0.96 0.64 0.18
v -6.8820493 -13.0460683 10.9882503 0.96 0.64 0.18
v -8.3942272 -12.1284562 11.9996821 0.96 0.64 0.18
v -8.3942272 -12.1284562 10.9996821 0.96 0.64 0.18
v -7.6519056 -12.6099501 10.9959406 0.96 0.64 0.18
v -7.6519056 -12.6099501 11.9959406 0.96 0.64 0.18
v -12.1284562 8.3942272 11.9996821 0.96 0.64 0.18
v -12.1284562 8.3942272 10.9996821 0.96 0.64 0.18
v -12.6099501 7.6519056 10.9959406 0.96 0.64 0.18
v -12.6099501 7.6519056 11.9959406 0.96 0.64 0.18
v -13.7729927 9.5324274 10.9996821 0.96 0.64 0.18
v -13.7729927 9.5324274 11.9996821 0.96 0.64 0.18
v -14.3197738 8.6894521 11.9959406 0.96 0.64 0.18
v -14.3197738 8.6894521 10.9959406 0.96 0.64 0.18
v -12.6099501 7.6519056 10.9959406 0.96 0.64 0.18
v -14.3197738 8.6894521 10.9959406 0.96 0.64 0.18
v -14.8150267 7.8152085 10.9882503 0.96 0.64 0.18
v -13.0460683 6.8820493 10.9882503 0.96 0.64 0.18
v 9.5324274 13.7729927 11.9996821 0.96 0.64 0.18
v 8.3942272 12.1284562 11.9996821 0.96 0.64 0.18
v 7.6519056 12.6099501 11.9959406 0.96 0.64 0.18
v 8.6894521 14.3197738 11.9959406 0.96 0.64 0.18
v 13.7729927 -9.5324274 11.9996821 0.96 0.64 0.18
v 12.1284562 -8.3942272 11.9996821 0.96 0.64 0.18
v 12.6099501 -7.6519056 11.9959406 0.96 0.64 0.18
v 14.3197738 -8.6894521 11.9959406 0.96 0.64 0.18
v -13.7729927 9.5324274 11.9996821 0.96 0.64 0.18
v -12.1284562 8.3942272 11.9996821 0.96 0.64 0.18
v -12.6099501 7.6519056 11.9959406 0.96 0.64 0.18
v -14.3197738 8.6894521 11.9959406 0.96 0.64 0.18
v -9.5324274 -13.7729927 11.9996821 0.96 0.64 0.18
v -8.3942272 -12.1284562 11.9996821 0.96 0.64 0.18
v -7.6519056 -12.6099501 11.9959406 0.96 0.64 0.18
v -8.6894521 -14.3197738 11.9959406 0.96 0.64 0.18
v 14.3197738 -8.6894521 10.9959406 0.96 0.64 0.18
v 14.3197738 -8.6894521 11.9959406 0.96 0.64 0.18
v 14.8150267 -7.8152085 11.9882503 0.96 0.64 0.18
v 14.8150267 -7.8152085 10.9882503 0.96 0.64 0.18
v 13.0460683 -6.8820493 10.9882503 0.96 0.64 0.18
v 14.8150267 -7.8152085 10.9882503 0.96 0.64 0.18
v 15.2569691 -6.9128427 10.9769402 0.96 0.64 0.18
v 13.4352414 -6.0874287 10.9769402 0.96 0.64 0.18
v 12.6099501 -7.6519056 11.9959406 0.96 0.64 0.18
v 12.6099501 -7.6519056 10.9959406 0.96 0.64 0.18
v 13.0460683 -6.8820493 10.9882503 0.96 0.64 0.18
v 13.0460683 -6.8820493 11.9882503 0.96 0.64 0.18
v 7.6519056 12.6099501 11.9959406 0.96 0.64 0.18
v 7.6519056 12.6099501 10.9959406 0.96 0.64 0.18
v 6.8820493 13.0460683 10.9882503 0.96 0.64 0.18
v 6.8820493 13.0460683 11.9882503 0.96 0.64 0.18
v 8.6894521 14.3197738 10.9959406 0.96 0.64 0.18
v 8.6894521 14.3197738 11.9959406 0.96 0.64 0.18
v 7.8152085 14.8150267 11.9882503 0.96 0.64 0.18
v 7.8152085 14.8150267 10.9882503 0.96 0.64 0.18
v 6.8820493 13.0460683 10.9882503 0.96 0.64 0.18
v 7.8152085 14.8150267 10.9882503 0.96 0.64 0.18
v 6.9128427 15.2569691 10.9769402 0.96 0.64 0.18
v 6.0874287 13.4352414 10.9769402 0.96 0.64 0.18
v -8.6894521 -14.3197738 10.9959406 0.96 0.64 0.18
v -8.6894521 -14.3197738 11.9959406 0.96 0.64 0.18
v -7.8152085 -14.8150267 11.9882503 0.96 0.64 0.18
v -7.8152085 -14.8150267 10.9882503 0.96 0.64 0.18
v -6.8820493 -13.0460683 10.9882503 0.96 0.64 0.18
v -7.8152085 -14.8150267 10.9882503 0.96 0.64 0.18
v -6.9128427 -15.2569691 10.9769402 0.96 0.64 0.18
v -6.0874287 -13.4352414 10.9769402 0.96 0.64 0.18
v -7.6519056 -12.6099501 11.9959406 0.96 0.64 0.18
v -7.6519056 -12.6099501 10.9959406 0.96 0.64 0.18
v -6.8820493 -13.0460683 10.9882503 0.96 0.64 0.18
v -6.8820493 -13.0460683 11.9882503 0.96 0.64 0.18
v -12.6099501 7.6519056 11.9959406 0.96 0.64 0.18
v -12.6099501 7.6519056 10.9959406 0.96 0.64 0.18
v -13.0460683 6.8820493 10.9882503 0.96 0.64 0.18
v -13.0460683 6.8820493 11.9882503 0.96 0.64 0.18
v -14.3197738 8.6894521 10.9959406 0.96 0.64 0.18
v -14.3197738 8.6894521 11.9959406 0.96 0.64 0.18
v -14.8150267 7.8152085 11.9882503 0.96 0.64 0.18
v -14.8150267 7.8152085 10.9882503 0.96 0.64 0.18
v -13.0460683 6.8820493 10.9882503 0.96 0.64 0.18
v -14.8150267 7.8152085 10.9882503 0.96 0.64 0.18
v -15.2569691 6.9128427 10.9769402 0.96 0.64 0.18
v -13.4352414 6.0874287 10.9769402 0.96 0.64 0.18
v 8.6894521 14.3197738 11.9959406 0.96 0.64 0.18
v 7.6519056 12.6099501 11.9959406 0.96 0.64 0.18
v 6.8820493 13.0460683 11.9882503 0.96 0.64 0.18
v 7.8152085 14.8150267 11.9882503 0.96 0.64 0.18
v 14.3197738 -8.6894521 11.9959406 0.96 0.64 0.18
v 12.6099501 -7.6519056 11.9959406 0.96 0.64 0.18
v 13.0460683 -6.8820493 11.9882503 0.96 0.64 0.18
v 14.8150267 -7.8152085 11.9882503 0.96 0.64 0.18
v -14.3197738 8.6894521 11.9959406 0.96 0.64 0.18
v -12.6099501 7.6519056 11.9959406 0.96 0.64 0.18
v -13.0460683 6.8820493 11.9882503 0.96 0.64 0.18
v -14.8150267 7.8152085 11.9882503 0.96 0.64 0.18
v -8.6894521 -14.3197738 11.9959406 0.96 0.64 0.18
v -7.6519056 -12.6099501 11.9959406 0.96 0.64 0.18
v -6.8820493 -13.0460683 11.9882503 0.96 0.64 0.18
v -7.8152085 -14.8150267 11.9882503 0.96 0.64 0.18
v 14.8150267 -7.8152085 10.9882503 0.96 0.64 0.18
v 14.8150267 -7.8152085 11.9882503 0.96 0.64 0.18
v 15.2569691 -6.9128427 11.9769402 0.96 0.64 0.18
v 15.2569691 -6.9128427 10.9769402 0.96 0.64 0.18
v 13.4352414 -6.0874287 10.9769402 0.96 0.64 0.18
v 15.2569691 -6.9128427 10.9769402 0.96 0.64 0.18
v 15.6440107 -5.9856018 10.9623394 0.96 0.64 0.18
v 13.7760691 -5.2709030 10.9623394 0.96 0.64 0.18
v 13.0460683 -6.8820493 11.9882503 0.96 0.64 0.18
v 13.0460683 -6.8820493 10.9882503 0.96 0.64 0.18
v 13.4352414 -6.0874287 10.9769402 0.96 0.64 0.18
v 13.4352414 -6.0874287 11.9769402 0.96 0.64 0.18
v 6.8820493 13.0460683 11.9882503 0.96 0.64 0.18
v 6.8820493 13.0460683 10.9882503 0.96 0.64 0.18
v 6.0874287 13.4352414 10.9769402 0.96 0.64 0.18
v 6.0874287 13.4352414 11.9769402 0.96 0.64 0.18
v 7.8152085 14.8150267 10.9882503 0.96 0.64 0.18
v 7.8152085 14.8150267 11.9882503 0.96 0.64 0.18
v 6.9128427 15.2569691 11.9769402 0.96 0.64 0.18
v 6.9128427 15.2569691 10.9769402 0.96 0.64 0.18
v 6.0874287 13.4352414 10.9769402 0.96 0.64 0.18
v 6.9128427 15.2569691 10.9769402 0.96 0.64 0.18
v 5.9856018 15.6440107 10.9623394 0.96 0.64 0.18
v 5.2709030 13.7760691 10.9623394 0.96 0.64 0.18
v -7.8152085 -14.8150267 10.9882503 0.96 0.64 0.18
v -7.8152085 -14.8150267 11.9882503 0.96 0.64 0.18
v -6.9128427 -15.2569691 11.9769402 0.96 0.64 0.18
v -6.9128427 -15.2569691 10.9769402 0.96 0.64 0.18
v -6.0874287 -13.4352414 10.9769402 0.96 0.64 0.18
v -6.9128427 -15.2569691 10.9769402 0.96 0.64 0.18
v -5.9856018 -15.6440107 10.9623394 0.96 0.64 0.18
v -5.2709030 -13.7760691 10.9623394 0.96 0.64 0.18
v -6.8820493 -13.0460683 11.9882503 0.96 0.64 0.18
v -6.8820493 -13.0460683 10.9882503 0.96 0.64 0.18
v -6.0874287 -13.4352414 10.9769402 0.96 0.64 0.18
v -6.0874287 -13.4352414 11.9769402 0.96 0.64 0.18
v -13.0460683 6.8820493 11.9882503 0.96 0.64 0.18
v -13.0460683 6.8820493 10.9882503 0.96 0.64 0.18
v -13.4352414 6.0874287 10.9769402 0.96 0.64 0.18
v -13.4352414 6.0874287 11.9769402 0.96 0.64 0.18
v -14.8150267 7.8152085 10.9882503 0.96 0.64 0.18
v -14.8150267 7.8152085 11.9882503 0.96 0.64 0.18
v -15.2569691 6.9128427 11.9769402 0.96 0.64 0.18
v -15.2569691 6.9128427 10.9769402 0.96 0.64 0.18
v -13.4352414 6.0874287 10.9769402 0.96 0.64 0.18
v -15.2569691 6.9128427 10.9769402 0.96 0.64 0.18
v -15.6440107 5.9856018 10.9623394 0.96 0.64 0.18
v -13.7760691 5.2709030 10.9623394 0.96 0.64 0.18
v 7.8152085 14.8150267 11.9882503 0.96 0.64 0.18
v 6.8820493 13.0460683 11.9882503 0.96 0.64 0.18
v 6.0874287 13.4352414 11.9769402 0.96 0.64 0.18
v 6.9128427 15.2569691 11.9769402 0.96 0.64 0.18
v 14.8150267 -7.8152085 11.9882503 0.96 0.64 0.18
v 13.0460683 -6.8820493 11.9882503 0.96 0.64 0.18
v 13.4352414 -6.0874287 11.9769402 0.96 0.64 0.18
v 15.2569691 -6.9128427 11.9769402 0.96 0.64 0.18
v -14.8150267 7.8152085 11.9882503 0.96 0.64 0.18
v -13.0460683 6.8820493 11.9882503 0.96 0.64 0.18
v -13.4352414 6.0874287 11.9769402 0.96 0.64 0.18
v -15.2569691 6.9128427 11.9769402 0.96 0.64 0.18
v -7.8152085 -14.8150267 11.9882503 0.96 0.64 0.18
v -6.8820493 -13.0460683 11.9882503 0.96 0.64 0.18
v -6.0874287 -13.4352414 11.9769402 0.96 0.64 0.18
v -6.9128427 -15.2569691 11.9769402 0.96 0.64 0.18
v 15.2569691 -6.9128427 10.9769402 0.96 0.64 0.18
v 15.2569691 -6.9128427 11.9769402 0.96 0.64 0.18
v 15.6440107 -5.9856018 11.9623394 0.96 0.64 0.18
v 15.6440107 -5.9856018 10.9623394 0.96 0.64 0.18
v 13.7760691 -5.2709030 10.9623394 0.96 0.64 0.18
v 15.6440107 -5.9856018 10.9623394 0.96 0.64 0.18
v 15.9747589 -5.0368221 10.9447770 0.96 0.64 0.18
v 14.0673250 -4.4354105 10.9447770 0.96 0.64 0.18
v 13.4352414 -6.0874287 11.9769402 0.96 0.64 0.18
v 13.4352414 -6.0874287 10.9769402 0.96 0.64 0.18
v 13.7760691 -5.2709030 10.9623394 0.96 0.64 0.18
v 13.7760691 -5.2709030 11.9623394 0.96 0.64 0.18
v 6.0874287 13.4352414 11.9769402 0.96 0.64 0.18
v 6.0874287 13.4352414 10.9769402 0.96 0.64 0.18
v 5.2709030 13.7760691 10.9623394 0.96 0.64 0.18
v 5.2709030 13.7760691 11.9623394 0.96 0.64 0.18
v 6.9128427 15.2569691 10.9769402 0.96 0.64 0.18
v 6.9128427 15.2569691 11.9769402 0.96 0.64 0.18
v 5.9856018 15.6440107 11.9623394 0.96 0.64 0.18
v 5.9856018 15.6440107 10.9623394 0.96 0.64 0.18
v 5.2709030 13.7760691 10.9623394 0.96 0.64 0.18
v 5.9856018 15.6440107 10.9623394 0.96 0.64 0.18
v 5.0368221 15.9747589 10.9447770 0.96 0.64 0.18
v 4.4354105 14.0673250 10.9447770 0.96 0.64 0.18
v -6.9128427 -15.2569691 10.9769402 0.96 0.64 0.18
v -6.9128427 -15.2569691 11.9769402 0.96 0.64 0.18
v -5.9856018 -15.6440107 11.9623394 0.96 0.64 0.18
v -5.9856018 -15.6440107 10.9623394 0.96 0.64 0.18
v -5.2709030 -13.7760691 10.9623394 0.96 0.64 0.18
v -5.9856018 -15.6440107 10.9623394 0.96 0.64 0.18
v -5.0368221 -15.9747589 10.9447770 0.96 0.64 0.18
v -4.4354105 -14.0673250 10.9447770 0.96 0.64 0.18
v -6.0874287 -13.4352414 11.9769402 0.96 0.64 0.18
v -6.0874287 -13.4352414 10.9769402 0.96 0.64 0.18
v -5.2709030 -13.7760691 10.9623394 0.96 0.64 0.18
v -5.2709030 -13.7760691 11.9623394 0.96 0.64 0.18
v -13.4352414 6.0874287 11.9769402 0.96 0.64 0.18
v -13.4352414 6.0874287 10.9769402 0.96 0.64 0.18
v -13.7760691 5.2709030 10.9623394 0.96 0.64 0.18
v -13.7760691 5.2709030 11.9623394 0.96 0.64 0.18
v -15.2569691 6.9128427 10.9769402 0.96 0.64 0.18
v -15.2569691 6.9128427 11.9769402 0.96 0.64 0.18
v -15.6440107 5.9856018 11.9623394 0.96 0.64 0.18
v -15.6440107 5.9856018 10.9623394 0.96 0.64 0.18
v -13.7760691 5.2709030 10.9623394 0.96 0.64 0.18
v -15.6440107 5.9856018 10.9623394 0.96 0.64 0.18
v -15.9747589 5.0368221 10.9447770 0.96 0.64 0.18
v -14.0673250 4.4354105 10.9447770 0.96 0.64 0.18
v 6.9128427 15.2569691 11.9769402 0.96 0.64 0.18
v 6.0874287 13.4352414 11.9769402 0.96 0.64 0.18
v 5.2709030 13.7760691 11.9623394 0.96 0.64 0.18
v 5.9856018 15.6440107 11.9623394 0.96 0.64 0.18
v 15.2569691 -6.9128427 11.9769402 0.96 0.64 0.18
v 13.4352414 -6.0874287 11.9769402 0.96 0.64 0.18
v 13.7760691 -5.2709030 11.9623394 0.96 0.64 0.18
v 15.6440107 -5.9856018 11.9623394 0.96 0.64 0.18
v -15.2569691 6.9128427 11.9769402 0.96 0.64 0.18
v -13.4352414 6.0874287 11.9769402 0.96 0.64 0.18
v -13.7760691 5.2709030 11.9623394 0.96 0.64 0.18
v -15.6440107 5.9856018 11.9623394 0.96 0.64 0.18
v -6.9128427 -15.2569691 11.9769402 0.96 0.64 0.18
v -6.0874287 -13.4352414 11.9769402 0.96 0.64 0.18
v -5.2709030 -13.7760691 11.9623394 0.96 0.64 0.18
v -5.9856018 -15.6440107 11.9623394 0.96 0.64 0.18
v 15.6440107 -5.9856018 10.9623394 0.96 0.64 0.18
v 15.6440107 -5.9856018 11.9623394 0.96 0.64 0.18
v 15.9747589 -5.0368221 11.9447770 0.96 0.64 0.18
v 15.9747589 -5.0368221 10.9447770 0.96 0.64 0.18
v 14.0673250 -4.4354105 10.9447770 0.96 0.64 0.18
v 15.9747589 -5.0368221 10.9447770 0.96 0.64 0.18
v 16.2480235 -4.0699180 10.9245821 0.96 0.64 0.18
v 14.3079610 -3.5839577 10.9245821 0.96 0.64 0.18
v 13.7760691 -5.2709030 11.9623394 0.96 0.64 0.18
v 13.7760691 -5.2709030 10.9623394 0.96 0.64 0.18
v 14.0673250 -4.4354105 10.9447770 0.96 0.64 0.18
v 14.0673250 -4.4354105 11.9447770 0.96 0.64 0.18
v 5.2709030 13.7760691 11.9623394 0.96 0.64 0.18
v 5.2709030 13.7760691 10.9623394 0.96 0.64 0.18
v 4.4354105 14.0673250 10.9447770 0.96 0.64 0.18
v 4.4354105 14.0673250 11.9447770 0.96 0.64 0.18
v 5.9856018 15.6440107 10.9623394 0.96 0.64 0.18
v 5.9856018 15.6440107 11.9623394 0.96 0.64 0.18
v 5.0368221 15.9747589 11.9447770 0.96 0.64 0.18
v 5.0368221 15.9747589 10.9447770 0.96 0.64 0.18
v 4.4354105 14.0673250 10.9447770 0.96 0.64 0.18
v 5.0368221 15.9747589 10.9447770 0.96 0.64 0.18
v 4.0699180 16.2480235 10.9245821 0.96 0.64 0.18
v 3.5839577 14.3079610 10.9245821 0.96 0.64 0.18
v -5.9856018 -15.6440107 10.9623394 0.96 0.64 0.18
v -5.9856018 -15.6440107 11.9623394 0.96 0.64 0.18
v -5.0368221 -15.9747589 11.9447770 0.96 0.64 0.18
v -5.0368221 -15.9747589 10.9447770 0.96 0.64 0.18
v -4.4354105 -14.0673250 10.9447770 0.96 0.64 0.18
v -5.0368221 -15.9747589 10.9447770 0.96 0.64 0.18
v -4.0699180 -16.2480235 10.9245821 0.96 0.64 0.18
v -3.5839577 -14.3079610 10.9245821 0.96 0.64 0.18
v -5.2709030 -13.7760691 11.9623394 0.96 0.64 0.18
v -5.2709030 -13.7760691 10.9623394 0.96 0.64 0.18
v -4.4354105 -14.0673250 10.9447770 0.96 0.64 0.18
v -4.4354105 -14.0673250 11.9447770 0.96 0.64 0.18
v -13.7760691 5.2709030 11.9623394 0.96 0.64 0.18
v -13.7760691 5.2709030 10.9623394 0.96 0.64 0.18
v -14.0673250 4.4354105 10.9447770 0.96 0.64 0.18
v -14.0673250 4.4354105 11.9447770 0.96 0.64 0.18
v -15.6440107 5.9856018 10.9623394 0.96 0.64 0.18
v -15.6440107 5.9856018 11.9623394 0.96 0.64 0.18
v -15.9747589 5.0368221 11.9447770 0.96 0.64 0.18
v -15.9747589 5.0368221 10.9447770 0.96 0.64 0.18
v -14.0673250 4.4354105 10.9447770 0.96 0.64 0.18
v -15.9747589 5.0368221 10.9447770 0.96 0.64 0.18
v -16.2480235 4.0699180 10.9245821 0.96 0.64 0.18
v -14.3079610 3.5839577 10.9245821 0.96 0.64 0.18
v 5.9856018 15.6440107 11.9623394 0.96 0.64 0.18
v 5.2709030 13.7760691 11.9623394 0.96 0.64 0.18
v 4.4354105 14.0673250 11.9447770 0.96 0.64 0.18
v 5.0368221 15.9747589 11.9447770 0.96 0.64 0.18
v 15.6440107 -5.9856018 11.9623394 0.96 0.64 0.18
v 13.7760691 -5.2709030 11.9623394 0.96 0.64 0.18
v 14.0673250 -4.4354105 11.9447770 0.96 0.64 0.18
v 15.9747589 -5.0368221 11.9447770 0.96 0.64 0.18
v -15.6440107 5.9856018 11.9623394 0.96 0.64 0.18
v -13.7760691 5.2709030 11.9623394 0.96 0.64 0.18
v -14.0673250 4.4354105 11.9447770 0.96 0.64 0.18
v -15.9747589 5.0368221 11.9447770 0.96 0.64 0.18
v -5.9856018 -15.6440107 11.9623394 0.96 0.64 0.18
v -5.2709030 -13.7760691 11.9623394 0.96 0.64 0.18
v -4.4354105 -14.0673250 11.9447770 0.96 0.64 0.18
v -5.0368221 -15.9747589 11.9447770 0.96 0.64 0.18
v 15.9747589 -5.0368221 10.9447770 0.96 0.64 0.18
v 15.9747589 -5.0368221 11.9447770 0.96 0.64 0.18
v 16.2480235 -4.0699180 11.9245821 0.96 0.64 0.18
v 16.2480235 -4.0699180 10.9245821 0.96 0.64 0.18
v 14.3079610 -3.5839577 10.9245821 0.96 0.64 0.18
v 16.2480235 -4.0699180 10.9245821 0.96 0.64 0.18
v 16.4628211 -3.0883687 10.9020836 0.96 0.64 0.18
v 14.4971111 -2.7196082 10.9020836 0.96 0.64 0.18
v 14.0673250 -4.4354105 11.9447770 0.96 0.64 0.18
v 14.0673250 -4.4354105 10.9447770 0.96 0.64 0.18
v 14.3079610 -3.5839577 10.9245821 0.96 0.64 0.18
v 14.3079610 -3.5839577 11.9245821 0.96 0.64 0.18
v 4.4354105 14.0673250 11.9447770 0.96 0.64 0.18
v 4.4354105 14.0673250 10.9447770 0.96 0.64 0.18
v 3.5839577 14.3079610 10.9245821 0.96 0.64 0.18
v 3.5839577 14.3079610 11.9245821 0.96 0.64 0.18
v 5.0368221 15.9747589 10.9447770 0.96 0.64 0.18
v 5.0368221 15.9747589 11.9447770 0.96 0.64 0.18
v 4.0699180 16.2480235 11.9245821 0.96 0.64 0.18
v 4.0699180 16.2480235 10.9245821 0.96 0.64 0.18
v 3.5839577 14.3079610 10.9245821 0.96 0.64 0.18
v 4.0699180 16.2480235 10.9245821 0.96 0.64 0.18
v 3.0883687 16.4628211 10.9020836 0.96 0.64 0.18
v 2.7196082 14.4971111 10.9020836 0.96 0.64 0.18
v -5.0368221 -15.9747589 10.9447770 0.96 0.64 0.18
v -5.0368221 -15.9747589 11.9447770 0.96 0.64 0.18
v -4.0699180 -16.2480235 11.9245821 0.96 0.64 0.18
v -4.0699180 -16.2480235 10.9245821 0.96 0.64 0.18
v -3.5839577 -14.3079610 10.9245821 0.96 0.64 0.18
v -4.0699180 -16.2480235 10.9245821 0.96 0.64 0.18
v -3.0883687 -16.4628211 10.9020836 0.96 0.64 0.18
v -2.7196082 -14.4971111 10.9020836 0.96 0.64 0.18
v -4.4354105 -14.0673250 11.9447770 0.96 0.64 0.18
v -4.4354105 -14.0673250 10.9447770 0.96 0.64 0.18
v -3.5839577 -14.3079610 10.9245821 0.96 0.64 0.18
v -3.5839577 -14.3079610 11.9245821 0.96 0.64 0.18
v -14.0673250 4.4354105 11.9447770 0.96 0.64 0.18
v -14.0673250 4.4354105 10.9447770 0.96 0.64 0.18
v -14.3079610 3.5839577 10.9245821 0.96 0.64 0.18
v -14.3079610 3.5839577 11.9245821 0.96 0.64 0.18
v -15.9747589 5.0368221 10.9447770 0.96 0.64 0.18
v -15.9747589 5.0368221 11.9447770 0.96 0.64 0.18
v -16.2480235 4.0699180 11.9245821 0.96 0.64 0.18
v -16.2480235 4.0699180 10.9245821 0.96 0.64 0.18
v -14.3079610 3.5839577 10.9245821 0.96 0.64 0.18
v -16.2480235 4.0699180 10.9245821 0.96 0.64 0.18
v -16.4628211 3.0883687 10.9020836 0.96 0.64 0.18
v -14.4971111 2.7196082 10.9020836 0.96 0.64 0.18
v 5.0368221 15.9747589 11.9447770 0.96 0.64 0.18
v 4.4354105 14.0673250 11.9447770 0.96 0.64 0.18
v 3.5839577 14.3079610 11.9245821 0.96 0.64 0.18
v 4.0699180 16.2480235 11.9245821 0.96 0.64 0.18
v 15.9747589 -5.0368221 11.9447770 0.96 0.64 0.18
v 14.0673250 -4.4354105 11.9447770 0.96 0.64 0.18
v 14.3079610 -3.5839577 11.9245821 0.96 0.64 0.18
v 16.2480235 -4.0699180 11.9245821 0.96 0.64 0.18
v -15.9747589 5.0368221 11.9447770 0.96 0.64 0.18
v -14.0673250 4.4354105 11.9447770 0.96 0.64 0.18
v -14.3079610 3.5839577 11.9245821 0.96 0.64 0.18
v -16.2480235 4.0699180 11.9245821 0.96 0.64 0.18
v -5.0368221 -15.9747589 11.9447770 0.96 0.64 0.18
v -4.4354105 -14.0673250 11.9447770 0.96 0.64 0.18
v -3.5839577 -14.3079610 11.9245821 0.96 0.64 0.18
v -4.0699180 -16.2480235 11.9245821 0.96 0.64 0.18
v 16.2480235 -4.0699180 10.9245821 0.96 0.64 0.18
v 16.2480235 -4.0699180 11.9245821 0.96 0.64 0.18
v 16.4628211 -3.0883687 11.9020836 0.96 0.64 0.18
v 16.4628211 -3.0883687 10.9020836 0.96 0.64 0.18
v 14.4971111 -2.7196082 10.9020836 0.96 0.64 0.18
v 16.4628211 -3.0883687 10.9020836 0.96 0.64 0.18
v 16.6183789 -2.0957061 10.8776108 0.96 0.64 0.18
v 14.6340948 -1.8454726 10.8776108 0.96 0.64 0.18
v 14.3079610 -3.5839577 11.9245821 0.96 0.64 0.18
v 14.3079610 -3.5839577 10.9245821 0.96 0.64 0.18
v 14.4971111 -2.7196082 10.9020836 0.96 0.64 0.18
v 14.4971111 -2.7196082 11.9020836 0.96 0.64 0.18
v 3.5839577 14.3079610 11.9245821 0.96 0.64 0.18
v 3.5839577 14.3079610 10.9245821 0.96 0.64 0.18
v 2.7196082 14.4971111 10.9020836 0.96 0.64 0.18
v 2.7196082 14.4971111 11.9020836 0.96 0.64 0.18
v 4.0699180 16.2480235 10.9245821 0.96 0.64 0.18
v 4.0699180 16.2480235 11.9245821 0.96 0.64 0.18
v 3.0883687 16.4628211 11.9020836 0.96 0.64 0.18
v 3.0883687 16.4628211 10.9020836 0.96 0.64 0.18
v 2.7196082 14.4971111 10.9020836 0.96 0.64 0.18
v 3.0883687 16.4628211 10.9020836 0.96 0.64 0.18
v 2.0957061 16.6183789 10.8776108 0.96 0.64 0.18
v 1.8454726 14.6340948 10.8776108 0.96 0.64 0.18
v -4.0699180 -16.2480235 10.9245821 0.96 0.64 0.18
v -4.0699180 -16.2480235 11.9245821 0.96 0.64 0.18
v -3.0883687 -16.4628211 11.9020836 0.96 0.64 0.18
v -3.0883687 -16.4628211 10.9020836 0.96 0.64 0.18
v -2.7196082 -14.4971111 10.9020836 0.96 0.64 0.18
v -3.0883687 -16.4628211 10.9020836 0.96 0.64 0.18
v -2.0957061 -16.6183789 10.8776108 0.96 0.64 0.18
v -1.8454726 -14.6340948 10.8776108 0.96 0.64 0.18
v -3.5839577 -14.3079610 11.9245821 0.96 0.64 0.18
v -3.5839577 -14.3079610 10.9245821 0.96 0.64 0.18
v -2.7196082 -14.4971111 10.9020836 0.96 0.64 0.18
v -2.7196082 -14.4971111 11.9020836 0.96 0.64 0.18
v -14.3079610 3.5839577 11.9245821 0.96 0.64 0.18
v -14.3079610 3.5839577 10.9245821 0.96 0.64 0.18
v -14.4971111 2.7196082 10.9020836 0.96 0.64 0.18
v -14.4971111 2.7196082 11.9020836 0.96 0.64 0.18
v -16.2480235 4.0699180 10.9245821 0.96 0.64 0.18
v -16.2480235 4.0699180 11.9245821 0.96 0.64 0.18
v -16.4628211 3.0883687 11.9020836 0.96 0.64 0.18
v -16.4628211 3.0883687 10.9020836 0.96 0.64 0.18
v -14.4971111 2.7196082 10.9020836 0.96 0.64 0.18
v -16.4628211 3.0883687 10.9020836 0.96 0.64 0.18
v -16.6183789 2.0957061 10.8776108 0.96 0.64 0.18
v -14.6340948 1.8454726 10.8776108 0.96 0.64 0.18
v 4.0699180 16.2480235 11.9245821 0.96 0.64 0.18
v 3.5839577 14.3079610 11.9245821 0.96 0.64 0.18
v 2.7196082 14.4971111 11.9020836 0.96 0.64 0.18
v 3.0883687 16.4628211 11.9020836 0.96 0.64 0.18
v 16.2480235 -4.0699180 11.9245821 0.96 0.64 0.18
v 14.3079610 -3.5839577 11.9245821 0.96 0.64 0.18
v 14.4971111 -2.7196082 11.9020836 0.96 0.64 0.18
v 16.4628211 -3.0883687 11.9020836 0.96 0.64 0.18
v -16.2480235 4.0699180 11.9245821 0.96 0.64 0.18
v -14.3079610 3.5839577 11.9245821 0.96 0.64 0.18
v -14.4971111 2.7196082 11.9020836 0.96 0.64 0.18
v -16.4628211 3.0883687 11.9020836 0.96 0.64 0.18
v -4.0699180 -16.2480235 11.9245821 0.96 0.64 0.18
v -3.5839577 -14.3079610 11.9245821 0.96 0.64 0.18
v -2.7196082 -14.4971111 11.9020836 0.96 0.64 0.18
v -3.0883687 -16.4628211 11.9020836 0.96 0.64 0.18
v 16.4628211 -3.0883687 10.9020836 0.96 0.64 0.18
v 16.4628211 -3.0883687 11.9020836 0.96 0.64 0.18
v 16.6183789 -2.0957061 11.8776108 0.96 0.64 0.18
v 16.6183789 -2.0957061 10.8776108 0.96 0.64 0.18
v 14.6340948 -1.8454726 10.8776108 0.96 0.64 0.18
v 16.6183789 -2.0957061 10.8776108 0.96 0.64 0.18
v 16.7141370 -1.0955024 10.8514926 0.96 0.64 0.18
v 14.7184191 -0.9646962 10.8514926 0.96 0.64 0.18
v 14.4971111 -2.7196082 11.9020836 0.96 0.64 0.18
v 14.4971111 -2.7196082 10.9020836 0.96 0.64 0.18
v 14.6340948 -1.8454726 10.8776108 0.96 0.64 0.18
v 14.6340948 -1.8454726 11.8776108 0.96 0.64 0.18
v 2.7196082 14.4971111 11.9020836 0.96 0.64 0.18
v 2.7196082 14.4971111 10.9020836 0.96 0.64 0.18
v 1.8454726 14.6340948 10.8776108 0.96 0.64 0.18
v 1.8454726 14.6340948 11.8776108 0.96 0.64 0.18
v 3.0883687 16.4628211 10.9020836 0.96 0.64 0.18
v 3.0883687 16.4628211 11.9020836 0.96 0.64 0.18
v 2.0957061 16.6183789 11.8776108 0.96 0.64 0.18
v 2.0957061 16.6183789 10.8776108 0.96 0.64 0.18
v 1.8454726 14.6340948 10.8776108 0.96 0.64 0.18
v 2.0957061 16.6183789 10.8776108 0.96 0.64 0.18
v 1.0955024 16.7141370 10.8514926 0.96 0.64 0.18
v 0.9646962 14.7184191 10.8514926 0.96 0.64 0.18
v -3.0883687 -16.4628211 10.9020836 0.96 0.64 0.18
v -3.0883687 -16.4628211 11.9020836 0.96 0.64 0.18
v -2.0957061 -16.6183789 11.8776108 0.96 0.64 0.18
v -2.0957061 -16.6183789 10.8776108 0.96 0.64 0.18
v -1.8454726 -14.6340948 10.8776108 0.96 0.64 0.18
v -2.0957061 -16.6183789 10.8776108 0.96 0.64 0.18
v -1.0955024 -16.7141370 10.8514926 0.96 0.64 0.18
v -0.9646962 -14.7184191 10.8514926 0.96 0.64 0.18
v -2.7196082 -14.4971111 11.9020836 0.96 0.64 0.18
v -2.7196082 -14.4971111 10.9020836 0.96 0.64 0.18
v -1.8454726 -14.6340948 10.8776108 0.96 0.64 0.18
v -1.8454726 -14.6340948 11.8776108 0.96 0.64 0.18
v -14.4971111 2.7196082 11.9020836 0.96 0.64 0.18
v -14.4971111 2.7196082 10.9020836 0.96 0.64 0.18
v -14.6340948 1.8454726 10.8776108 0.96 0.64 0.18
v -14.6340948 1.8454726 11.8776108 0.96 0.64 0.18
v -16.4628211 3.0883687 10.9020836 0.96 0.64 0.18
v -16.4628211 3.0883687 11.9020836 0.96 0.64 0.18
v -16.6183789 2.0957061 11.8776108 0.96 0.64 0.18
v -16.6183789 2.0957061 10.8776108 0.96 0.64 0.18
v -14.6340948 1.8454726 10.8776108 0.96 0.64 0.18
v -16.6183789 2.0957061 10.8776108 0.96 0.64 0.18
v -16.7141370 1.0955024 10.8514926 0.96 0.64 0.18
v -14.7184191 0.9646962 10.8514926 0.96 0.64 0.18
v 3.0883687 16.4628211 11.9020836 0.96 0.64 0.18
v 2.7196082 14.4971111 11.9020836 0.96 0.64 0.18
v 1.8454726 14.6340948 11.8776108 0.96 0.64 0.18
v 2.0957061 16.6183789 11.8776108 0.96 0.64 0.18
v 16.4628211 -3.0883687 11.9020836 0.96 0.64 0.18
v 14.4971111 -2.7196082 11.9020836 0.96 0.64 0.18
v 14.6340948 -1.8454726 11.8776108 0.96 0.64 0.18
v 16.6183789 -2.0957061 11.8776108 0.96 0.64 0.18
v -16.4628211 3.0883687 11.9020836 0.96 0.64 0.18
v -14.4971111 2.7196082 11.9020836 0.96 0.64 0.18
v -14.6340948 1.8454726 11.8776108 0.96 0.64 0.18
v -16.6183789 2.0957061 11.8776108 0.96 0.64 0.18
v -3.0883687 -16.4628211 11.9020836 0.96 0.64 0.18
v -2.7196082 -14.4971111 11.9020836 0.96 0.64 0.18
v -1.8454726 -14.6340948 11.8776108 0.96 0.64 0.18
v -2.0957061 -16.6183789 11.8776108 0.96 0.64 0.18
v 16.6183789 -2.0957061 10.8776108 0.96 0.64 0.18
v 16.6183789 -2.0957061 11.8776108 0.96 0.64 0.18
v 16.7141370 -1.0955024 11.8514926 0.96 0.64 0.18
v 16.7141370 -1.0955024 10.8514926 0.96 0.64 0.18
v 14.7184191 -0.9646962 10.8514926 0.96 0.64 0.18
v 16.7141370 -1.0955024 10.8514926 0.96 0.64 0.18
v 16.7497509 -0.0913566 10.8240581 0.96 0.64 0.18
v 14.7497806 -0.0804484 10.8240581 0.96 0.64 0.18
v 14.6340948 -1.8454726 11.8776108 0.96 0.64 0.18
v 14.6340948 -1.8454726 10.8776108 0.96 0.64 0.18
v 14.7184191 -0.9646962 10.8514926 0.96 0.64 0.18
v 14.7184191 -0.9646962 11.8514926 0.96 0.64 0.18
v 1.8454726 14.6340948 11.8776108 0.96 0.64 0.18
v 1.8454726 14.6340948 10.8776108 0.96 0.64 0.18
v 0.9646962 14.7184191 10.8514926 0.96 0.64 0.18
v 0.9646962 14.7184191 11.8514926 0.96 0.64 0.18
v 2.0957061 16.6183789 10.8776108 0.96 0.64 0.18
v 2.0957061 16.6183789 11.8776108 0.96 0.64 0.18
v 1.0955024 16.7141370 11.8514926 0.96 0.64 0.18
v 1.0955024 16.7141370 10.8514926 0.96 0.64 0.18
v 0.9646962 14.7184191 10.8514926 0.96 0.64 0.18
v 1.0955024 16.7141370 10.8514926 0.96 0.64 0.18
v 0.0913566 16.7497509 10.8240581 0.96 0.64 0.18
v 0.0804484 14.7497806 10.8240581 0.96 0.64 0.18
v -2.0957061 -16.6183789 10.8776108 0.96 0.64 0.18
v -2.0957061 -16.6183789 11.8776108 0.96 0.64 0.18
v -1.0955024 -16.7141370 11.8514926 0.96 0.64 0.18
v -1.0955024 -16.7141370 10.8514926 0.96 0.64 0.18
v -0.9646962 -14.7184191 10.8514926 0.96 0.64 0.18
v -1.0955024 -16.7141370 10.8514926 0.96 0.64 0.18
v -0.0913566 -16.7497509 10.8240581 0.96 0.64 0.18
v -0.0804484 -14.7497806 10.8240581 0.96 0.64 0.18
v -1.8454726 -14.6340948 11.8776108 0.96 0.64 0.18
v -1.8454726 -14.6340948 10.8776108 0.96 0.64 0.18
v -0.9646962 -14.7184191 10.8514926 0.96 0.64 0.18
v -0.9646962 -14.7184191 11.8514926 0.96 0.64 0.18
v -14.6340948 1.8454726 11.8776108 0.96 0.64 0.18
v -14.6340948 1.8454726 10.8776108 0.96 0.64 0.18
v -14.7184191 0.9646962 10.8514926 0.96 0.64 0.18
v -14.7184191 0.9646962 11.8514926 0.96 0.64 0.18
v -16.6183789 2.0957061 10.8776108 0.96 0.64 0.18
v -16.6183789 2.0957061 11.8776108 0.96 0.64 0.18
v -16.7141370 1.0955024 11.8514926 0.96 0.64 0.18
v -16.7141370 1.0955024 10.8514926 0.96 0.64 0.18
v -14.7184191 0.9646962 10.8514926 0.96 0.64 0.18
v -16.7141370 1.0955024 10.8514926 0.96 0.64 0.18
v -16.7497509 0.0913566 10.8240581 0.96 0.64 0.18
v -14.7497806 0.0804484 10.8240581 0.96 0.64 0.18
v 2.0957061 16.6183789 11.8776108 0.96 0.64 0.18
v 1.8454726 14.6340948 11.8776108 0.96 0.64 0.18
v 0.9646962 14.7184191 11.8514926 0.96 0.64 0.18
v 1.0955024 16.7141370 11.8514926 0.96 0.64 0.18
v 16.6183789 -2.0957061 11.8776108 0.96 0.64 0.18
v 14.6340948 -1.8454726 11.8776108 0.96 0.64 0.18
v 14.7184191 -0.9646962 11.8514926 0.96 0.64 0.18
v 16.7141370 -1.0955024 11.8514926 0.96 0.64 0.18
v -16.6183789 2.0957061 11.8776108 0.96 0.64 0.18
v -14.6340948 1.8454726 11.8776108 0.96 0.64 0.18
v -14.7184191 0.9646962 11.8514926 0.96 0.64 0.18
v -16.7141370 1.0955024 11.8514926 0.96 0.64 0.18
v -2.0957061 -16.6183789 11.8776108 0.96 0.64 0.18
v -1.8454726 -14.6340948 11.8776108 0.96 0.64 0.18
v -0.9646962 -14.7184191 11.8514926 0.96 0.64 0.18
v -1.0955024 -16.7141370 11.8514926 0.96 0.64 0.18
v 16.7141370 -1.0955024 10.8514926 0.96 0.64 0.18
v 16.7141370 -1.0955024 11.8514926 0.96 0.64 0.18
v 16.7497509 -0.0913566 11.8240581 0.96 0.64 0.18
v 16.7497509 -0.0913566 10.8240581 0.96 0.64 0.18
v 14.7497806 -0.0804484 10.8240581 0.96 0.64 0.18
v 16.7497509 -0.0913566 10.8240581 0.96 0.64 0.18
v 16.7250924 0.9131179 10.7956364 0.96 0.64 0.18
v 14.7280664 0.8040889 10.7956364 0.96 0.64 0.18
v 14.7184191 -0.9646962 11.8514926 0.96 0.64 0.18
v 14.7184191 -0.9646962 10.8514926 0.96 0.64 0.18
v 14.7497806 -0.0804484 10.8240581 0.96 0.64 0.18
v 14.7497806 -0.0804484 11.8240581 0.96 0.64 0.18
v 0.9646962 14.7184191 11.8514926 0.96 0.64 0.18
v 0.9646962 14.7184191 10.8514926 0.96 0.64 0.18
v 0.0804484 14.7497806 10.8240581 0.96 0.64 0.18
v 0.0804484 14.7497806 11.8240581 0.96 0.64 0.18
v 1.0955024 16.7141370 10.8514926 0.96 0.64 0.18
v 1.0955024 16.7141370 11.8514926 0.96 0.64 0.18
v 0.0913566 16.7497509 11.8240581 0.96 0.64 0.18
v 0.0913566 16.7497509 10.8240581 0.96 0.64 0.18
v 0.0804484 14.7497806 10.8240581 0.96 0.64 0.18
v 0.0913566 16.7497509 10.8240581 0.96 0.64 0.18
v -0.9131179 16.7250924 10.7956364 0.96 0.64 0.18
v -0.8040889 14.7280664 10.7956364 0.96 0.64 0.18
v -1.0955024 -16.7141370 10.8514926 0.96 0.64 0.18
v -1.0955024 -16.7141370 11.8514926 0.96 0.64 0.18
v -0.0913566 -16.7497509 11.8240581 0.96 0.64 0.18
v -0.0913566 -16.7497509 10.8240581 0.96 0.64 0.18
v -0.0804484 -14.7497806 10.8240581 0.96 0.64 0.18
v -0.0913566 -16.7497509 10.8240581 0.96 0.64 0.18
v 0.9131179 -16.7250924 10.7956364 0.96 0.64 0.18
v 0.8040889 -14.7280664 10.7956364 0.96 0.64 0.18
v -0.9646962 -14.7184191 11.8514926 0.96 0.64 0.18
v -0.9646962 -14.7184191 10.8514926 0.96 0.64 0.18
v -0.0804484 -14.7497806 10.8240581 0.96 0.64 0.18
v -0.0804484 -14.7497806 11.8240581 0.96 0.64 0.18
v -14.7184191 0.9646962 11.8514926 0.96 0.64 0.18
v -14.7184191 0.9646962 10.8514926 0.96 0.64 0.18
v -14.7497806 0.0804484 10.8240581 0.96 0.64 0.18
v -14.7497806 0.0804484 11.8240581 0.96 0.64 0.18
v -16.7141370 1.0955024 10.8514926 0.96 0.64 0.18
v -16.7141370 1.0955024 11.8514926 0.96 0.64 0.18
v -16.7497509 0.0913566 11.8240581 0.96 0.64 0.18
v -16.7497509 0.0913566 10.8240581 0.96 0.64 0.18
v -14.7497806 0.0804484 10.8240581 0.96 0.64 0.18
v -16.7497509 0.0913566 10.8240581 0.96 0.64 0.18
v -16.7250924 -0.9131179 10.7956364 0.96 0.64 0.18
v -14.7280664 -0.8040889 10.7956364 0.96 0.64 0.18
v 1.0955024 16.7141370 11.8514926 0.96 0.64 0.18
v 0.9646962 14.7184191 11.8514926 0.96 0.64 0.18
v 0.0804484 14.7497806 11.8240581 0.96 0.64 0.18
v 0.0913566 16.7497509 11.8240581 0.96 0.64 0.18
v 16.7141370 -1.0955024 11.8514926 0.96 0.64 0.18
v 14.7184191 -0.9646962 11.8514926 0.96 0.64 0.18
v 14.7497806 -0.0804484 11.8240581 0.96 0.64 0.18
v 16.7497509 -0.0913566 11.8240581 0.96 0.64 0.18
v -16.7141370 1.0955024 11.8514926 0.96 0.64 0.18
v -14.7184191 0.9646962 11.8514926 0.96 0.64 0.18
v -14.7497806 0.0804484 11.8240581 0.96 0.64 0.18
v -16.7497509 0.0913566 11.8240581 0.96 0.64 0.18
v -1.0955024 -16.7141370 11.8514926 0.96 0.64 0.18
v -0.9646962 -14.7184191 11.8514926 0.96 0.64 0.18
v -0.0804484 -14.7497806 11.8240581 0.96 0.64 0.18
v -0.0913566 -16.7497509 11.8240581 0.96 0.64 0.18
v 16.7497509 -0.0913566 10.8240581 0.96 0.64 0.18
v 16.7497509 -0.0913566 11.8240581 0.96 0.64 0.18
v 16.7250924 0.9131179 11.7956364 0.96 0.64 0.18
v 16.7250924 0.9131179 10.7956364 0.96 0.64 0.18
v 14.7280664 0.8040889 10.7956364 0.96 0.64 0.18
v 16.7250924 0.9131179 10.7956364 0.96 0.64 0.18
v 16.6402503 1.9143067 10.7665566 0.96 0.64 0.18
v 14.6533547 1.6857327 10.7665566 0.96 0.64 0.18
v 14.7497806 -0.0804484 11.8240581 0.96 0.64 0.18
v 14.7497806 -0.0804484 10.8240581 0.96 0.64 0.18
v 14.7280664 0.8040889 10.7956364 0.96 0.64 0.18
v 14.7280664 0.8040889 11.7956364 0.96 0.64 0.18
v 0.0804484 14.7497806 11.8240581 0.96 0.64 0.18
v 0.0804484 14.7497806 10.8240581 0.96 0.64 0.18
v -0.8040889 14.7280664 10.7956364 0.96 0.64 0.18
v -0.8040889 14.7280664 11.7956364 0.96 0.64 0.18
v 0.0913566 16.7497509 10.8240581 0.96 0.64 0.18
v 0.0913566 16.7497509 11.8240581 0.96 0.64 0.18
v -0.9131179 16.7250924 11.7956364 0.96 0.64 0.18
v -0.9131179 16.7250924 10.7956364 0.96 0.64 0.18
v -0.8040889 14.7280664 10.7956364 0.96 0.64 0.18
v -0.9131179 16.7250924 10.7956364 0.96 0.64 0.18
v -1.9143067 16.6402503 10.7665566 0.96 0.64 0.18
v -1.6857327 14.6533547 10.7665566 0.96 0.64 0.18
v -0.0913566 -16.7497509 10.8240581 0.96 0.64 0.18
v -0.0913566 -16.7497509 11.8240581 0.96 0.64 0.18
v 0.9131179 -16.7250924 11.7956364 0.96 0.64 0.18
v 0.9131179 -16.7250924 10.7956364 0.96 0.64 0.18
v 0.8040889 -14.7280664 10.7956364 0.96 0.64 0.18
v 0.9131179 -16.7250924 10.7956364 0.96 0.64 0.18
v 1.9143067 -16.6402503 10.7665566 0.96 0.64 0.18
v 1.6857327 -14.6533547 10.7665566 0.96 0.64 0.18
v -0.0804484 -14.7497806 11.8240581 0.96 0.64 0.18
v -0.0804484 -14.7497806 10.8240581 0.96 0.64 0.18
v 0.8040889 -14.7280664 10.7956364 0.96 0.64 0.18
v 0.8040889 -14.7280664 11.7956364 0.96 0.64 0.18
v -14.7497806 0.0804484 11.8240581 0.96 0.64 0.18
v -14.7497806 0.0804484 10.8240581 0.96 0.64 0.18
v -14.7280664 -0.8040889 10.7956364 0.96 0.64 0.18
v -14.7280664 -0.8040889 11.7956364 0.96 0.64 0.18
v -16.7497509 0.0913566 10.8240581 0.96 0.64 0.18
v -16.7497509 0.0913566 11.8240581 0.96 0.64 0.18
v -16.7250924 -0.9131179 11.7956364 0.96 0.64 0.18
v -16.7250924 -0.9131179 10.7956364 0.96 0.64 0.18
v -14.7280664 -0.8040889 10.7956364 0.96 0.64 0.18
v -16.7250924 -0.9131179 10.7956364 0.96 0.64 0.18
v -16.6402503 -1.9143067 10.7665566 0.96 0.64 0.18
v -14.6533547 -1.6857327 10.7665566 0.96 0.64 0.18
v 0.0913566 16.7497509 11.8240581 0.96 0.64 0.18
v 0.0804484 14.7497806 11.8240581 0.96 0.64 0.18
v -0.8040889 14.7280664 11.7956364 0.96 0.64 0.18
v -0.9131179 16.7250924 11.7956364 0.96 0.64 0.18
v 16.7497509 -0.0913566 11.8240581 0.96 0.64 0.18
v 14.7497806 -0.0804484 11.8240581 0.96 0.64 0.18
v 14.7280664 0.8040889 11.7956364 0.96 0.64 0.18
v 16.7250924 0.9131179 11.7956364 0.96 0.64 0.18
v -16.7497509 0.0913566 11.8240581 0.96 0.64 0.18
v -14.7497806 0.0804484 11.8240581 0.96 0.64 0.18
v -14.7280664 -0.8040889 11.7956364 0.96 0.64 0.18
v -16.7250924 -0.9131179 11.7956364 0.96 0.64 0.18
v -0.0913566 -16.7497509 11.8240581 0.96 0.64 0.18
v -0.0804484 -14.7497806 11.8240581 0.96 0.64 0.18
v 0.8040889 -14.7280664 11.7956364 0.96 0.64 0.18
v 0.9131179 -16.7250924 11.7956364 0.96 0.64 0.18
v 16.7250924 0.9131179 10.7956364 0.96 0.64 0.18
v 16.7250924 0.9131179 11.7956364 0.96 0.64 0.18
v 16.6402503 1.9143067 11.7665566 0.96 0.64 0.18
v 16.6402503 1.9143067 10.7665566 0.96 0.64 0.18
v 14.6533547 1.6857327 10.7665566 0.96 0.64 0.18
v 16.6402503 1.9143067 10.7665566 0.96 0.64 0.18
v 16.4955299 2.9086070 10.7371476 0.96 0.64 0.18
v 14.5259144 2.5613106 10.7371476 0.96 0.64 0.18
v 14.7280664 0.8040889 11.7956364 0.96 0.64 0.18
v 14.7280664 0.8040889 10.7956364 0.96 0.64 0.18
v 14.6533547 1.6857327 10.7665566 0.96 0.64 0.18
v 14.6533547 1.6857327 11.7665566 0.96 0.64 0.18
v -0.8040889 14.7280664 11.7956364 0.96 0.64 0.18
v -0.8040889 14.7280664 10.7956364 0.96 0.64 0.18
v -1.6857327 14.6533547 10.7665566 0.96 0.64 0.18
v -1.6857327 14.6533547 11.7665566 0.96 0.64 0.18
v -0.9131179 16.7250924 10.7956364 0.96 0.64 0.18
v -0.9131179 16.7250924 11.7956364 0.96 0.64 0.18
v -1.9143067 16.6402503 11.7665566 0.96 0.64 0.18
v -1.9143067 16.6402503 10.7665566 0.96 0.64 0.18
v -1.6857327 14.6533547 10.7665566 0.96 0.64 0.18
v -1.9143067 16.6402503 10.7665566 0.96 0.64 0.18
v -2.9086070 16.4955299 10.7371476 0.96 0.64 0.18
v -2.5613106 14.5259144 10.7371476 0.96 0.64 0.18
v 0.9131179 -16.7250924 10.7956364 0.96 0.64 0.18
v 0.9131179 -16.7250924 11.7956364 0.96 0.64 0.18
v 1.9143067 -16.6402503 11.7665566 0.96 0.64 0.18
v 1.9143067 -16.6402503 10.7665566 0.96 0.64 0.18
v 1.6857327 -14.6533547 10.7665566 0.96 0.64 0.18
v 1.9143067 -16.6402503 10.7665566 0.96 0.64 0.18
v 2.9086070 -16.4955299 10.7371476 0.96 0.64 0.18
v 2.5613106 -14.5259144 10.7371476 0.96 0.64 0.18
v 0.8040889 -14.7280664 11.7956364 0.96 0.64 0.18
v 0.8040889 -14.7280664 10.7956364 0.96 0.64 0.18
v 1.6857327 -14.6533547 10.7665566 0.96 0.64 0.18
v 1.6857327 -14.6533547 11.7665566 0.96 0.64 0.18
v -14.7280664 -0.8040889 11.7956364 0.96 0.64 0.18
v -14.7280664 -0.8040889 10.7956364 0.96 0.64 0.18
v -14.6533547 -1.6857327 10.7665566 0.96 0.64 0.18
v -14.6533547 -1.6857327 11.7665566 0.96 0.64 0.18
v -16.7250924 -0.9131179 10.7956364 0.96 0.64 0.18
v -16.7250924 -0.9131179 11.7956364 0.96 0.64 0.18
v -16.6402503 -1.9143067 11.7665566 0.96 0.64 0.18
v -16.6402503 -1.9143067 10.7665566 0.96 0.64 0.18
v -14.6533547 -1.6857327 10.7665566 0.96 0.64 0.18
v -16.6402503 -1.9143067 10.7665566 0.96 0.64 0.18
v -16.4955299 -2.9086070 10.7371476 0.96 0.64 0.18
v -14.5259144 -2.5613106 10.7371476 0.96 0.64 0.18
v -0.9131179 16.7250924 11.7956364 0.96 0.64 0.18
v -1.9143067 16.6402503 11.7665566 0.96 0.64 0.18
v -0.8040889 14.7280664 11.7956364 0.96 0.64 0.18
v -1.6857327 14.6533547 11.7665566 0.96 0.64 0.18
v -1.7160678 14.9170444 11.7665566 0.96 0.64 0.18
v -1.6941437 14.9380722 11.7673367 0.96 0.64 0.18
v -1.6729077 14.9598642 11.7680955 0.96 0.64 0.18
v -1.6523872 14.9823994 11.7688321 0.96 0.64 0.18
v -1.6326094 15.0056555 11.7695455 0.96 0.64 0.18
v -1.6136011 15.0296091 11.7702346 0.96 0.64 0.18
v -1.5953884 15.0542352 11.7708987 0.96 0.64 0.18
v -1.5779968 15.0795083 11.7715368 0.96 0.64 0.18
v -1.5614512 15.1054008 11.7721481 0.96 0.64 0.18
v -1.5457762 15.1318834 11.7727317 0.96 0.64 0.18
v -1.5309951 15.1589258 11.7732869 0.96 0.64 0.18
v -1.5171300 15.1864966 11.7738130 0.96 0.64 0.18
v -1.5042021 15.2145636 11.7743092 0.96 0.64 0.18
v -1.4922313 15.2430932 11.7747750 0.96 0.64 0.18
v -1.4812361 15.2720510 11.7752097 0.96 0.64 0.18
v -1.4712337 15.3014015 11.7756129 0.96 0.64 0.18
v -1.4622400 15.3311082 11.7759841 0.96 0.64 0.18
v -1.4542696 15.3611335 11.7763228 0.96 0.64 0.18
v -1.4473353 15.3914391 11.7766288 0.96 0.64 0.18
v -1.4414481 15.4219873 11.7769016 0.96 0.64 0.18
v -1.4366177 15.4527393 11.7771412 0.96 0.64 0.18
v -1.4328519 15.4836560 11.7773472 0.96 0.64 0.18
v -1.4301572 15.5146980 11.7775196 0.96 0.64 0.18
v -1.4285383 15.5458258 11.7776583 0.96 0.64 0.18
v -1.4279982 15.5769998 11.7777634 0.96 0.64 0.18
v -1.4286983 15.6124924 11.7778420 0.96 0.64 0.18
v -1.4307981 15.6479357 11.7778771 0.96 0.64 0.18
v -1.4342946 15.6832721 11.7778690 0.96 0.64 0.18
v -1.4391825 15.7184446 11.7778179 0.96 0.64 0.18
v -1.4454541 15.7533968 11.7777242 0.96 0.64 0.18
v -1.4530993 15.7880731 11.7775883 0.96 0.64 0.18
v -1.4621058 15.8224183 11.7774108 0.96 0.64 0.18
v -1.4724590 15.8563787 11.7771922 0.96 0.64 0.18
v -1.4841424 15.8899012 11.7769331 0.96 0.64 0.18
v -1.4971374 15.9229339 11.7766341 0.96 0.64 0.18
v -1.5114238 15.9554257 11.7762960 0.96 0.64 0.18
v -1.5269791 15.9873269 11.7759195 0.96 0.64 0.18
v -1.5437793 16.0185886 11.7755054 0.96 0.64 0.18
v -1.5617987 16.0491632 11.7750545 0.96 0.64 0.18
v -1.5810097 16.0790040 11.7745676 0.96 0.64 0.18
v -1.6013832 16.1080653 11.7740457 0.96 0.64 0.18
v -1.6228883 16.1363030 11.7734897 0.96 0.64 0.18
v -1.6454925 16.1636735 11.7729004 0.96 0.64 0.18
v -1.6691618 16.1901349 11.7722790 0.96 0.64 0.18
v -1.6938605 16.2156464 11.7716263 0.96 0.64 0.18
v -1.7195516 16.2401685 11.7709435 0.96 0.64 0.18
v -1.7461960 16.2636629 11.7702315 0.96 0.64 0.18
v -1.7737535 16.2860928 11.7694915 0.96 0.64 0.18
v -1.8021819 16.3074225 11.7687246 0.96 0.64 0.18
v -1.8314379 16.3276181 11.7679319 0.96 0.64 0.18
v -1.8564175 16.3435581 11.7672524 0.96 0.64 0.18
v -1.8819135 16.3586701 11.7665566 0.96 0.64 0.18
v 16.7250924 0.9131179 11.7956364 0.96 0.64 0.18
v 16.6402503 1.9143067 11.7665566 0.96 0.64 0.18
v 14.7280664 0.8040889 11.7956364 0.96 0.64 0.18
v 14.6533547 1.6857327 11.7665566 0.96 0.64 0.18
v 14.9170444 1.7160678 11.7665566 0.96 0.64 0.18
v 14.9409145 1.6912915 11.7674384 0.96 0.64 0.18
v 14.9657611 1.6674021 11.7682928 0.96 0.64 0.18
v 14.9915533 1.6444397 11.7691183 0.96 0.64 0.18
v 15.0182582 1.6224433 11.7699136 0.96 0.64 0.18
v 15.0458407 1.6014516 11.7706772 0.96 0.64 0.18
v 15.0742637 1.5815022 11.7714079 0.96 0.64 0.18
v 15.1034875 1.5626316 11.7721043 0.96 0.64 0.18
v 15.1334708 1.5448750 11.7727654 0.96 0.64 0.18
v 15.1641698 1.5282662 11.7733900 0.96 0.64 0.18
v 15.1955391 1.5128371 11.7739771 0.96 0.64 0.18
v 15.2275308 1.4986181 11.7745256 0.96 0.64 0.18
v 15.2600956 1.4856374 11.7750348 0.96 0.64 0.18
v 15.2931825 1.4739211 11.7755037 0.96 0.64 0.18
v 15.3267391 1.4634928 11.7759318 0.96 0.64 0.18
v 15.3607117 1.4543739 11.7763183 0.96 0.64 0.18
v 15.3950452 1.4465832 11.7766628 0.96 0.64 0.18
v 15.4296847 1.4401367 11.7769649 0.96 0.64 0.18
v 15.4645732 1.4350480 11.7772241 0.96 0.64 0.18
v 15.4996533 1.4313280 11.7774403 0.96 0.64 0.18
v 15.5348676 1.4289849 11.7776134 0.96 0.64 0.18
v 15.5701590 1.4280242 11.7777432 0.96 0.64 0.18
v 15.6054703 1.4284486 11.7778299 0.96 0.64 0.18
v 15.6407444 1.4302585 11.7778735 0.96 0.64 0.18
v 15.6759247 1.4334515 11.7778742 0.96 0.64 0.18
v 15.7109546 1.4380229 11.7778324 0.96 0.64 0.18
v 15.7457779 1.4439655 11.7777483 0.96 0.64 0.18
v 15.7803391 1.4512696 11.7776224 0.96 0.64 0.18
v 15.8145842 1.4599235 11.7774551 0.96 0.64 0.18
v 15.8484607 1.4699137 11.7772471 0.96 0.64 0.18
v 15.8819162 1.4812243 11.7769988 0.96 0.64 0.18
v 15.9148992 1.4938376 11.7767109 0.96 0.64 0.18
v 15.9473593 1.5077337 11.7763841 0.96 0.64 0.18
v 15.9792472 1.5228913 11.7760192 0.96 0.64 0.18
v 16.0105144 1.5392871 11.7756168 0.96 0.64 0.18
v 16.0411137 1.5568962 11.7751778 0.96 0.64 0.18
v 16.0709989 1.5756918 11.7747029 0.96 0.64 0.18
v 16.1001250 1.5956458 11.7741932 0.96 0.64 0.18
v 16.1284479 1.6167282 11.7736494 0.96 0.64 0.18
v 16.1559247 1.6389075 11.7730726 0.96 0.64 0.18
v 16.1825138 1.6621507 11.7724635 0.96 0.64 0.18
v 16.2081745 1.6864232 11.7718233 0.96 0.64 0.18
v 16.2328677 1.7116887 11.7711529 0.96 0.64 0.18
v 16.2565552 1.7379096 11.7704533 0.96 0.64 0.18
v 16.2792002 1.7650464 11.7697257 0.96 0.64 0.18
v 16.3007673 1.7930584 11.7689711 0.96 0.64 0.18
v 16.3212227 1.8219031 11.7681906 0.96 0.64 0.18
v 16.3405339 1.8515366 11.7673854 0.96 0.64 0.18
v 16.3586701 1.8819135 11.7665566 0.96 0.64 0.18
v -16.7250924 -0.9131179 11.7956364 0.96 0.64 0.18
v -16.6402503 -1.9143067 11.7665566 0.96 0.64 0.18
v -14.7280664 -0.8040889 11.7956364 0.96 0.64 0.18
v -14.6533547 -1.6857327 11.7665566 0.96 0.64 0.18
v -14.9170444 -1.7160678 11.7665566 0.96 0.64 0.18
v -14.9409145 -1.6912915 11.7674384 0.96 0.64 0.18
v -14.9657611 -1.6674021 11.7682928 0.96 0.64 0.18
v -14.9915533 -1.6444397 11.7691183 0.96 0.64 0.18
v -15.0182582 -1.6224433 11.7699136 0.96 0.64 0.18
v -15.0458407 -1.6014516 11.7706772 0.96 0.64 0.18
v -15.0742637 -1.5815022 11.7714079 0.96 0.64 0.18
v -15.1034875 -1.5626316 11.7721043 0.96 0.64 0.18
v -15.1334708 -1.5448750 11.7727654 0.96 0.64 0.18
v -15.1641698 -1.5282662 11.7733900 0.96 0.64 0.18
v -15.1955391 -1.5128371 11.7739771 0.96 0.64 0.18
v -15.2275308 -1.4986181 11.7745256 0.96 0.64 0.18
v -15.2600956 -1.4856374 11.7750348 0.96 0.64 0.18
v -15.2931825 -1.4739211 11.7755037 0.96 0.64 0.18
v -15.3267391 -1.4634928 11.7759318 0.96 0.64 0.18
v -15.3607117 -1.4543739 11.7763183 0.96 0.64 0.18
v -15.3950452 -1.4465832 11.7766628 0.96 0.64 0.18
v -15.4296847 -1.4401367 11.7769649 0.96 0.64 0.18
v -15.4645732 -1.4350480 11.7772241 0.96 0.64 0.18
v -15.4996533 -1.4313280 11.7774403 0.96 0.64 0.18
v -15.5348676 -1.4289849 11.7776134 0.96 0.64 0.18
v -15.5701590 -1.4280242 11.7777432 0.96 0.64 0.18
v -15.6054703 -1.4284486 11.7778299 0.96 0.64 0.18
v -15.6407444 -1.4302585 11.7778735 0.96 0.64 0.18
v -15.6759247 -1.4334515 11.7778742 0.96 0.64 0.18
v -15.7109546 -1.4380229 11.7778324 0.96 0.64 0.18
v -15.7457779 -1.4439655 11.7777483 0.96 0.64 0.18
v -15.7803391 -1.4512696 11.7776224 0.96 0.64 0.18
v -15.8145842 -1.4599235 11.7774551 0.96 0.64 0.18
v -15.8484607 -1.4699137 11.7772471 0.96 0.64 0.18
v -15.8819162 -1.4812243 11.7769988 0.96 0.64 0.18
v -15.9148992 -1.4938376 11.7767109 0.96 0.64 0.18
v -15.9473593 -1.5077337 11.7763841 0.96 0.64 0.18
v -15.9792472 -1.5228913 11.7760192 0.96 0.64 0.18
v -16.0105144 -1.5392871 11.7756168 0.96 0.64 0.18
v -16.0411137 -1.5568962 11.7751778 0.96 0.64 0.18
v -16.0709989 -1.5756918 11.7747029 0.96 0.64 0.18
v -16.1001250 -1.5956458 11.7741932 0.96 0.64 0.18
v -16.1284479 -1.6167282 11.7736494 0.96 0.64 0.18
v -16.1559247 -1.6389075 11.7730726 0.96 0.64 0.18
v -16.1825138 -1.6621507 11.7724635 0.96 0.64 0.18
v -16.2081745 -1.6864232 11.7718233 0.96 0.64 0.18
v -16.2328677 -1.7116887 11.7711529 0.96 0.64 0.18
v -16.2565552 -1.7379096 11.7704533 0.96 0.64 0.18
v -16.2792002 -1.7650464 11.7697257 0.96 0.64 0.18
v -16.3007673 -1.7930584 11.7689711 0.96 0.64 0.18
v -16.3212227 -1.8219031 11.7681906 0.96 0.64 0.18
v -16.3405339 -1.8515366 11.7673854 0.96 0.64 0.18
v -16.3586701 -1.8819135 11.7665566 0.96 0.64 0.18
v 0.9131179 -16.7250924 11.7956364 0.96 0.64 0.18
v 1.9143067 -16.6402503 11.7665566 0.96 0.64 0.18
v 0.8040889 -14.7280664 11.7956364 0.96 0.64 0.18
v 1.6857327 -14.6533547 11.7665566 0.96 0.64 0.18
v 1.7160678 -14.9170444 11.7665566 0.96 0.64 0.18
v 1.6912915 -14.9409145 11.7674384 0.96 0.64 0.18
v 1.6674021 -14.9657611 11.7682928 0.96 0.64 0.18
v 1.6444397 -14.9915533 11.7691183 0.96 0.64 0.18
v 1.6224433 -15.0182582 11.7699136 0.96 0.64 0.18
v 1.6014516 -15.0458407 11.7706772 0.96 0.64 0.18
v 1.5815022 -15.0742637 11.7714079 0.96 0.64 0.18
v 1.5626316 -15.1034875 11.7721043 0.96 0.64 0.18
v 1.5448750 -15.1334708 11.7727654 0.96 0.64 0.18
v 1.5282662 -15.1641698 11.7733900 0.96 0.64 0.18
v 1.5128371 -15.1955391 11.7739771 0.96 0.64 0.18
v 1.4986181 -15.2275308 11.7745256 0.96 0.64 0.18
v 1.4856374 -15.2600956 11.7750348 0.96 0.64 0.18
v 1.4739211 -15.2931825 11.7755037 0.96 0.64 0.18
v 1.4634928 -15.3267391 11.7759318 0.96 0.64 0.18
v 1.4543739 -15.3607117 11.7763183 0.96 0.64 0.18
v 1.4465832 -15.3950452 11.7766628 0.96 0.64 0.18
v 1.4401367 -15.4296847 11.7769649 0.96 0.64 0.18
v 1.4350480 -15.4645732 11.7772241 0.96 0.64 0.18
v 1.4313280 -15.4996533 11.7774403 0.96 0.64 0.18
v 1.4289849 -15.5348676 11.7776134 0.96 0.64 0.18
v 1.4280242 -15.5701590 11.7777432 0.96 0.64 0.18
v 1.4284486 -15.6054703 11.7778299 0.96 0.64 0.18
v 1.4302585 -15.6407444 11.7778735 0.96 0.64 0.18
v 1.4334515 -15.6759247 11.7778742 0.96 0.64 0.18
v 1.4380229 -15.7109546 11.7778324 0.96 0.64 0.18
v 1.4439655 -15.7457779 11.7777483 0.96 0.64 0.18
v 1.4512696 -15.7803391 11.7776224 0.96 0.64 0.18
v 1.4599235 -15.8145842 11.7774551 0.96 0.64 0.18
v 1.4699137 -15.8484607 11.7772471 0.96 0.64 0.18
v 1.4812243 -15.8819162 11.7769988 0.96 0.64 0.18
v 1.4938376 -15.9148992 11.7767109 0.96 0.64 0.18
v 1.5077337 -15.9473593 11.7763841 0.96 0.64 0.18
v 1.5228913 -15.9792472 11.7760192 0.96 0.64 0.18
v 1.5392871 -16.0105144 11.7756168 0.96 0.64 0.18
v 1.5568962 -16.0411137 11.7751778 0.96 0.64 0.18
v 1.5756918 -16.0709989 11.7747029 0.96 0.64 0.18
v 1.5956458 -16.1001250 11.7741932 0.96 0.64 0.18
v 1.6167282 -16.1284479 11.7736494 0.96 0.64 0.18
v 1.6389075 -16.1559247 11.7730726 0.96 0.64 0.18
v 1.6621507 -16.1825138 11.7724635 0.96 0.64 0.18
v 1.6864232 -16.2081745 11.7718233 0.96 0.64 0.18
v 1.7116887 -16.2328677 11.7711529 0.96 0.64 0.18
v 1.7379096 -16.2565552 11.7704533 0.96 0.64 0.18
v 1.7650464 -16.2792002 11.7697257 0.96 0.64 0.18
v 1.7930584 -16.3007673 11.7689711 0.96 0.64 0.18
v 1.8219031 -16.3212227 11.7681906 0.96 0.64 0.18
v 1.8515366 -16.3405339 11.7673854 0.96 0.64 0.18
v 1.8819135 -16.3586701 11.7665566 0.96 0.64 0.18
v 16.6402503 1.9143067 10.7665566 0.96 0.64 0.18
v 16.6402503 1.9143067 11.7665566 0.96 0.64 0.18
v 16.4955299 2.9086070 11.7371476 0.96 0.64 0.18
v 16.4955299 2.9086070 10.7371476 0.96 0.64 0.18
v 14.5259144 2.5613106 10.7371476 0.96 0.64 0.18
v 16.4955299 2.9086070 10.7371476 0.96 0.64 0.18
v 14.5259144 2.5613106 11.7371476 0.96 0.64 0.18
v 14.7175488 2.5951009 11.7371476 0.96 0.64 0.18
v 14.7175488 2.5951009 11.6900000 0.96 0.64 0.18
v 16.2932652 2.8729423 11.6900000 0.96 0.64 0.18
v 16.2932652 2.8729423 11.7371476 0.96 0.64 0.18
v 16.4955299 2.9086070 11.7371476 0.96 0.64 0.18
v 14.6533547 1.6857327 11.7665566 0.96 0.64 0.18
v 14.6533547 1.6857327 10.7665566 0.96 0.64 0.18
v 14.5259144 2.5613106 10.7371476 0.96 0.64 0.18
v 14.5259144 2.5613106 11.7371476 0.96 0.64 0.18
v -1.6857327 14.6533547 11.7665566 0.96 0.64 0.18
v -1.6857327 14.6533547 10.7665566 0.96 0.64 0.18
v -2.5613106 14.5259144 10.7371476 0.96 0.64 0.18
v -2.5613106 14.5259144 11.7371476 0.96 0.64 0.18
v -1.9143067 16.6402503 10.7665566 0.96 0.64 0.18
v -1.9143067 16.6402503 11.7665566 0.96 0.64 0.18
v -2.9086070 16.4955299 11.7371476 0.96 0.64 0.18
v -2.9086070 16.4955299 10.7371476 0.96 0.64 0.18
v -2.5613106 14.5259144 10.7371476 0.96 0.64 0.18
v -2.9086070 16.4955299 10.7371476 0.96 0.64 0.18
v -2.5613106 14.5259144 11.7371476 0.96 0.64 0.18
v -2.5951009 14.7175488 11.7371476 0.96 0.64 0.18
v -2.5951009 14.7175488 11.6900000 0.96 0.64 0.18
v -2.8729423 16.2932652 11.6900000 0.96 0.64 0.18
v -2.8729423 16.2932652 11.7371476 0.96 0.64 0.18
v -2.9086070 16.4955299 11.7371476 0.96 0.64 0.18
v 1.9143067 -16.6402503 10.7665566 0.96 0.64 0.18
v 1.9143067 -16.6402503 11.7665566 0.96 0.64 0.18
v 2.9086070 -16.4955299 11.7371476 0.96 0.64 0.18
v 2.9086070 -16.4955299 10.7371476 0.96 0.64 0.18
v 2.5613106 -14.5259144 10.7371476 0.96 0.64 0.18
v 2.9086070 -16.4955299 10.7371476 0.96 0.64 0.18
v 2.5613106 -14.5259144 11.7371476 0.96 0.64 0.18
v 2.5951009 -14.7175488 11.7371476 0.96 0.64 0.18
v 2.5951009 -14.7175488 11.6900000 0.96 0.64 0.18
v 2.8729423 -16.2932652 11.6900000 0.96 0.64 0.18
v 2.8729423 -16.2932652 11.7371476 0.96 0.64 0.18
v 2.9086070 -16.4955299 11.7371476 0.96 0.64 0.18
v 1.6857327 -14.6533547 11.7665566 0.96 0.64 0.18
v 1.6857327 -14.6533547 10.7665566 0.96 0.64 0.18
v 2.5613106 -14.5259144 10.7371476 0.96 0.64 0.18
v 2.5613106 -14.5259144 11.7371476 0.96 0.64 0.18
v -14.6533547 -1.6857327 11.7665566 0.96 0.64 0.18
v -14.6533547 -1.6857327 10.7665566 0.96 0.64 0.18
v -14.5259144 -2.5613106 10.7371476 0.96 0.64 0.18
v -14.5259144 -2.5613106 11.7371476 0.96 0.64 0.18
v -16.6402503 -1.9143067 10.7665566 0.96 0.64 0.18
v -16.6402503 -1.9143067 11.7665566 0.96 0.64 0.18
v -16.4955299 -2.9086070 11.7371476 0.96 0.64 0.18
v -16.4955299 -2.9086070 10.7371476 0.96 0.64 0.18
v -14.5259144 -2.5613106 10.7371476 0.96 0.64 0.18
v -16.4955299 -2.9086070 10.7371476 0.96 0.64 0.18
v -14.5259144 -2.5613106 11.7371476 0.96 0.64 0.18
v -14.7175488 -2.5951009 11.7371476 0.96 0.64 0.18
v -14.7175488 -2.5951009 11.6900000 0.96 0.64 0.18
v -16.2932652 -2.8729423 11.6900000 0.96 0.64 0.18
v -16.2932652 -2.8729423 11.7371476 0.96 0.64 0.18
v -16.4955299 -2.9086070 11.7371476 0.96 0.64 0.18
v -1.9143067 16.6402503 11.7665566 0.96 0.64 0.18
v -2.9086070 16.4955299 11.7371476 0.96 0.64 0.18
v -1.8819135 16.3586701 11.7665566 0.96 0.64 0.18
v -1.9129618 16.3755891 11.7656965 0.96 0.64 0.18
v -1.9446674 16.3912833 11.7648150 0.96 0.64 0.18
v -1.9769831 16.4057268 11.7639132 0.96 0.64 0.18
v -2.0098605 16.4188956 11.7629924 0.96 0.64 0.18
v -2.0432499 16.4307670 11.7620537 0.96 0.64 0.18
v -2.0771003 16.4413205 11.7610986 0.96 0.64 0.18
v -2.1113596 16.4505373 11.7601281 0.96 0.64 0.18
v -2.1459749 16.4584007 11.7591438 0.96 0.64 0.18
v -2.1808915 16.4648960 11.7581468 0.96 0.64 0.18
v -2.2160535 16.4700107 11.7571386 0.96 0.64 0.18
v -2.2514049 16.4737347 11.7561205 0.96 0.64 0.18
v -2.2868887 16.4760605 11.7550940 0.96 0.64 0.18
v -2.3224477 16.4769827 11.7540605 0.96 0.64 0.18
v -2.3580241 16.4764988 11.7530213 0.96 0.64 0.18
v -2.3935597 16.4746087 11.7519779 0.96 0.64 0.18
v -2.4289961 16.4713149 11.7509318 0.96 0.64 0.18
v -2.4642748 16.4666226 11.7498845 0.96 0.64 0.18
v -2.4993385 16.4605396 11.7488373 0.96 0.64 0.18
v -2.5341297 16.4530762 11.7477917 0.96 0.64 0.18
v -2.5685913 16.4442455 11.7467492 0.96 0.64 0.18
v -2.6026674 16.4340628 11.7457113 0.96 0.64 0.18
v -2.6363029 16.4225460 11.7446792 0.96 0.64 0.18
v -2.6694438 16.4097152 11.7436545 0.96 0.64 0.18
v -2.7020372 16.3955931 11.7426386 0.96 0.64 0.18
v -2.7340314 16.3802041 11.7416329 0.96 0.64 0.18
v -2.7653761 16.3635751 11.7406386 0.96 0.64 0.18
v -2.7960230 16.3457344 11.7396572 0.96 0.64 0.18
v -2.8259253 16.3267123 11.7386901 0.96 0.64 0.18
v -2.8497079 16.3103613 11.7379134 0.96 0.64 0.18
v -2.8729423 16.2932652 11.7371476 0.96 0.64 0.18
v -1.4279982 15.5769998 11.7777634 0.96 0.64 0.18
v -1.4286983 15.6124924 11.7778420 0.96 0.64 0.18
v -1.4307981 15.6479357 11.7778771 0.96 0.64 0.18
v -1.4342946 15.6832721 11.7778690 0.96 0.64 0.18
v -1.4391825 15.7184446 11.7778179 0.96 0.64 0.18
v -1.4454541 15.7533968 11.7777242 0.96 0.64 0.18
v -1.4530993 15.7880731 11.7775883 0.96 0.64 0.18
v -1.4621058 15.8224183 11.7774108 0.96 0.64 0.18
v -1.4724590 15.8563787 11.7771922 0.96 0.64 0.18
v -1.4841424 15.8899012 11.7769331 0.96 0.64 0.18
v -1.4971374 15.9229339 11.7766341 0.96 0.64 0.18
v -1.5114238 15.9554257 11.7762960 0.96 0.64 0.18
v -1.5269791 15.9873269 11.7759195 0.96 0.64 0.18
v -1.5437793 16.0185886 11.7755054 0.96 0.64 0.18
v -1.5617987 16.0491632 11.7750545 0.96 0.64 0.18
v -1.5810097 16.0790040 11.7745676 0.96 0.64 0.18
v -1.6013832 16.1080653 11.7740457 0.96 0.64 0.18
v -1.6228883 16.1363030 11.7734897 0.96 0.64 0.18
v -1.6454925 16.1636735 11.7729004 0.96 0.64 0.18
v -1.6691618 16.1901349 11.7722790 0.96 0.64 0.18
v -1.6938605 16.2156464 11.7716263 0.96 0.64 0.18
v -1.7195516 16.2401685 11.7709435 0.96 0.64 0.18
v -1.7461960 16.2636629 11.7702315 0.96 0.64 0.18
v -1.7737535 16.2860928 11.7694915 0.96 0.64 0.18
v -1.8021819 16.3074225 11.7687246 0.96 0.64 0.18
v -1.8314379 16.3276181 11.7679319 0.96 0.64 0.18
v -1.8564175 16.3435581 11.7672524 0.96 0.64 0.18
v -1.8819135 16.3586701 11.7665566 0.96 0.64 0.18
v -1.4279982 15.5769998 12.8000000 0.96 0.64 0.18
v -1.4287098 15.6127807 12.8000000 0.96 0.64 0.18
v -1.4308433 15.6485050 12.8000000 0.96 0.64 0.18
v -1.4343954 15.6841162 12.8000000 0.96 0.64 0.18
v -1.4393604 15.7195581 12.8000000 0.96 0.64 0.18
v -1.4457306 15.7547745 12.8000000 0.96 0.64 0.18
v -1.4534958 15.7897098 12.8000000 0.96 0.64 0.18
v -1.4626438 15.8243088 12.8000000 0.96 0.64 0.18
v -1.4731601 15.8585168 12.8000000 0.96 0.64 0.18
v -1.4850281 15.8922796 12.8000000 0.96 0.64 0.18
v -1.4982290 15.9255439 12.8000000 0.96 0.64 0.18
v -1.5127419 15.9582571 12.8000000 0.96 0.64 0.18
v -1.5285439 15.9903674 12.8000000 0.96 0.64 0.18
v -1.5456100 16.0218241 12.8000000 0.96 0.64 0.18
v -1.5639132 16.0525775 12.8000000 0.96 0.64 0.18
v -1.5834246 16.0825788 12.8000000 0.96 0.64 0.18
v -1.6041133 16.1117808 12.8000000 0.96 0.64 0.18
v -1.6259466 16.1401371 12.8000000 0.96 0.64 0.18
v -1.6488901 16.1676030 12.8000000 0.96 0.64 0.18
v -1.6729073 16.1941351 12.8000000 0.96 0.64 0.18
v -1.6979604 16.2196913 12.8000000 0.96 0.64 0.18
v -1.7240096 16.2442313 12.8000000 0.96 0.64 0.18
v -1.7510140 16.2677162 12.8000000 0.96 0.64 0.18
v -1.7789306 16.2901091 12.8000000 0.96 0.64 0.18
v -1.8077154 16.3113743 12.8000000 0.96 0.64 0.18
v -1.8373229 16.3314783 12.8000000 0.96 0.64 0.18
v -1.8677063 16.3503894 12.8000000 0.96 0.64 0.18
v -1.8988175 16.3680775 12.8000000 0.96 0.64 0.18
v -1.9306073 16.3845148 12.8000000 0.96 0.64 0.18
v -1.9630254 16.3996753 12.8000000 0.96 0.64 0.18
v -1.9960207 16.4135349 12.8000000 0.96 0.64 0.18
v -2.0295409 16.4260718 12.8000000 0.96 0.64 0.18
v -2.0635330 16.4372662 12.8000000 0.96 0.64 0.18
v -2.0979433 16.4471003 12.8000000 0.96 0.64 0.18
v -2.1327173 16.4555585 12.8000000 0.96 0.64 0.18
v -2.1678001 16.4626276 12.8000000 0.96 0.64 0.18
v -2.2031362 16.4682964 12.8000000 0.96 0.64 0.18
v -2.2386698 16.4725558 12.8000000 0.96 0.64 0.18
v -2.2743446 16.4753991 12.8000000 0.96 0.64 0.18
v -2.3101043 16.4768219 12.8000000 0.96 0.64 0.18
v -2.3458922 16.4768219 12.8000000 0.96 0.64 0.18
v -2.3816518 16.4753991 12.8000000 0.96 0.64 0.18
v -2.4173266 16.4725558 12.8000000 0.96 0.64 0.18
v -2.4528602 16.4682964 12.8000000 0.96 0.64 0.18
v -2.4881963 16.4626276 12.8000000 0.96 0.64 0.18
v -2.5232792 16.4555585 12.8000000 0.96 0.64 0.18
v -2.5580532 16.4471003 12.8000000 0.96 0.64 0.18
v -2.5924635 16.4372662 12.8000000 0.96 0.64 0.18
v -2.6264556 16.4260718 12.8000000 0.96 0.64 0.18
v -2.6599758 16.4135349 12.8000000 0.96 0.64 0.18
v -2.6929710 16.3996753 12.8000000 0.96 0.64 0.18
v -2.7253892 16.3845148 12.8000000 0.96 0.64 0.18
v -2.7571790 16.3680775 12.8000000 0.96 0.64 0.18
v -2.7882902 16.3503894 12.8000000 0.96 0.64 0.18
v -2.8186735 16.3314783 12.8000000 0.96 0.64 0.18
v -2.8482810 16.3113743 12.8000000 0.96 0.64 0.18
v -2.8770659 16.2901091 12.8000000 0.96 0.64 0.18
v -2.9049825 16.2677162 12.8000000 0.96 0.64 0.18
v -2.9319868 16.2442313 12.8000000 0.96 0.64 0.18
v -2.9580361 16.2196913 12.8000000 0.96 0.64 0.18
v -2.9830892 16.1941351 12.8000000 0.96 0.64 0.18
v -3.0071064 16.1676030 12.8000000 0.96 0.64 0.18
v -3.0300498 16.1401371 12.8000000 0.96 0.64 0.18
v -3.0518831 16.1117808 12.8000000 0.96 0.64 0.18
v -3.0725719 16.0825788 12.8000000 0.96 0.64 0.18
v -3.0920833 16.0525775 12.8000000 0.96 0.64 0.18
v -3.1103865 16.0218241 12.8000000 0.96 0.64 0.18
v -3.1274526 15.9903674 12.8000000 0.96 0.64 0.18
v -3.1432546 15.9582571 12.8000000 0.96 0.64 0.18
v -3.1577675 15.9255439 12.8000000 0.96 0.64 0.18
v -3.1709684 15.8922796 12.8000000 0.96 0.64 0.18
v -3.1828363 15.8585168 12.8000000 0.96 0.64 0.18
v -3.1933526 15.8243088 12.8000000 0.96 0.64 0.18
v -3.2025006 15.7897098 12.8000000 0.96 0.64 0.18
v -3.2102659 15.7547745 12.8000000 0.96 0.64 0.18
v -3.2166360 15.7195581 12.8000000 0.96 0.64 0.18
v -3.2216011 15.6841162 12.8000000 0.96 0.64 0.18
v -3.2251532 15.6485050 12.8000000 0.96 0.64 0.18
v -3.2272867 15.6127807 12.8000000 0.96 0.64 0.18
v -3.2279982 15.5769998 12.8000000 0.96 0.64 0.18
v -3.2272867 15.5412190 12.8000000 0.96 0.64 0.18
v -3.2251532 15.5054947 12.8000000 0.96 0.64 0.18
v -3.2216011 15.4698835 12.8000000 0.96 0.64 0.18
v -3.2166360 15.4344416 12.8000000 0.96 0.64 0.18
v -3.2102659 15.3992252 12.8000000 0.96 0.64 0.18
v -3.2025006 15.3642899 12.8000000 0.96 0.64 0.18
v -3.1933526 15.3296909 12.8000000 0.96 0.64 0.18
v -3.1828363 15.2954829 12.8000000 0.96 0.64 0.18
v -3.1709684 15.2617201 12.8000000 0.96 0.64 0.18
v -3.1577675 15.2284558 12.8000000 0.96 0.64 0.18
v -3.1432546 15.1957426 12.8000000 0.96 0.64 0.18
v -3.1274526 15.1636323 12.8000000 0.96 0.64 0.18
v -3.1103865 15.1321756 12.8000000 0.96 0.64 0.18
v -3.0920833 15.1014222 12.8000000 0.96 0.64 0.18
v -3.0725719 15.0714209 12.8000000 0.96 0.64 0.18
v -3.0518831 15.0422189 12.8000000 0.96 0.64 0.18
v -3.0300498 15.0138626 12.8000000 0.96 0.64 0.18
v -3.0071064 14.9863967 12.8000000 0.96 0.64 0.18
v -2.9830892 14.9598646 12.8000000 0.96 0.64 0.18
v -2.9580361 14.9343084 12.8000000 0.96 0.64 0.18
v -2.9319868 14.9097684 12.8000000 0.96 0.64 0.18
v -2.9049825 14.8862834 12.8000000 0.96 0.64 0.18
v -2.8770659 14.8638906 12.8000000 0.96 0.64 0.18
v -2.8482810 14.8426254 12.8000000 0.96 0.64 0.18
v -2.8186735 14.8225214 12.8000000 0.96 0.64 0.18
v -2.7882902 14.8036103 12.8000000 0.96 0.64 0.18
v -2.7571790 14.7859222 12.8000000 0.96 0.64 0.18
v -2.7253892 14.7694849 12.8000000 0.96 0.64 0.18
v -2.6929710 14.7543244 12.8000000 0.96 0.64 0.18
v -2.6599758 14.7404648 12.8000000 0.96 0.64 0.18
v -2.6264556 14.7279279 12.8000000 0.96 0.64 0.18
v -2.5924635 14.7167335 12.8000000 0.96 0.64 0.18
v -2.5580532 14.7068994 12.8000000 0.96 0.64 0.18
v -2.5232792 14.6984412 12.8000000 0.96 0.64 0.18
v -2.4881963 14.6913721 12.8000000 0.96 0.64 0.18
v -2.4528602 14.6857033 12.8000000 0.96 0.64 0.18
v -2.4173266 14.6814439 12.8000000 0.96 0.64 0.18
v -2.3816518 14.6786006 12.8000000 0.96 0.64 0.18
v -2.3458922 14.6771778 12.8000000 0.96 0.64 0.18
v -2.3101043 14.6771778 12.8000000 0.96 0.64 0.18
v -2.2743446 14.6786006 12.8000000 0.96 0.64 0.18
v -2.2386698 14.6814439 12.8000000 0.96 0.64 0.18
v -2.2031362 14.6857033 12.8000000 0.96 0.64 0.18
v -2.1678001 14.6913721 12.8000000 0.96 0.64 0.18
v -2.1327173 14.6984412 12.8000000 0.96 0.64 0.18
v -2.0979433 14.7068994 12.8000000 0.96 0.64 0.18
v -2.0635330 14.7167335 12.8000000 0.96 0.64 0.18
v -2.0295409 14.7279279 12.8000000 0.96 0.64 0.18
v -1.9960207 14.7404648 12.8000000 0.96 0.64 0.18
v -1.9630254 14.7543244 12.8000000 0.96 0.64 0.18
v -1.9306073 14.7694849 12.8000000 0.96 0.64 0.18
v -1.8988175 14.7859222 12.8000000 0.96 0.64 0.18
v -1.8677063 14.8036103 12.8000000 0.96 0.64 0.18
v -1.8373229 14.8225214 12.8000000 0.96 0.64 0.18
v -1.8077154 14.8426254 12.8000000 0.96 0.64 0.18
v -1.7789306 14.8638906 12.8000000 0.96 0.64 0.18
v -1.7510140 14.8862834 12.8000000 0.96 0.64 0.18
v -1.7240096 14.9097684 12.8000000 0.96 0.64 0.18
v -1.6979604 14.9343084 12.8000000 0.96 0.64 0.18
v -1.6729073 14.9598646 12.8000000 0.96 0.64 0.18
v -1.6488901 14.9863967 12.8000000 0.96 0.64 0.18
v -1.6259466 15.0138626 12.8000000 0.96 0.64 0.18
v -1.6041133 15.0422189 12.8000000 0.96 0.64 0.18
v -1.5834246 15.0714209 12.8000000 0.96 0.64 0.18
v -1.5639132 15.1014222 12.8000000 0.96 0.64 0.18
v -1.5456100 15.1321756 12.8000000 0.96 0.64 0.18
v -1.5285439 15.1636323 12.8000000 0.96 0.64 0.18
v -1.5127419 15.1957426 12.8000000 0.96 0.64 0.18
v -1.4982290 15.2284558 12.8000000 0.96 0.64 0.18
v -1.4850281 15.2617201 12.8000000 0.96 0.64 0.18
v -1.4731601 15.2954829 12.8000000 0.96 0.64 0.18
v -1.4626438 15.3296909 12.8000000 0.96 0.64 0.18
v -1.4534958 15.3642899 12.8000000 0.96 0.64 0.18
v -1.4457306 15.3992252 12.8000000 0.96 0.64 0.18
v -1.4393604 15.4344416 12.8000000 0.96 0.64 0.18
v -1.4343954 15.4698835 12.8000000 0.96 0.64 0.18
v -1.4308433 15.5054947 12.8000000 0.96 0.64 0.18
v -1.4287098 15.5412190 12.8000000 0.96 0.64 0.18
v -1.4279982 15.5769998 12.8000000 0.96 0.64 0.18
v -1.4279982 15.5769998 11.7777634 0.96 0.64 0.18
v -1.7160678 14.9170444 11.7665566 0.96 0.64 0.18
v -1.6941437 14.9380722 11.7673367 0.96 0.64 0.18
v -1.6729077 14.9598642 11.7680955 0.96 0.64 0.18
v -1.6523872 14.9823994 11.7688321 0.96 0.64 0.18
v -1.6326094 15.0056555 11.7695455 0.96 0.64 0.18
v -1.6136011 15.0296091 11.7702346 0.96 0.64 0.18
v -1.5953884 15.0542352 11.7708987 0.96 0.64 0.18
v -1.5779968 15.0795083 11.7715368 0.96 0.64 0.18
v -1.5614512 15.1054008 11.7721481 0.96 0.64 0.18
v -1.5457762 15.1318834 11.7727317 0.96 0.64 0.18
v -1.5309951 15.1589258 11.7732869 0.96 0.64 0.18
v -1.5171300 15.1864966 11.7738130 0.96 0.64 0.18
v -1.5042021 15.2145636 11.7743092 0.96 0.64 0.18
v -1.4922313 15.2430932 11.7747750 0.96 0.64 0.18
v -1.4812361 15.2720510 11.7752097 0.96 0.64 0.18
v -1.4712337 15.3014015 11.7756129 0.96 0.64 0.18
v -1.4622400 15.3311082 11.7759841 0.96 0.64 0.18
v -1.4542696 15.3611335 11.7763228 0.96 0.64 0.18
v -1.4473353 15.3914391 11.7766288 0.96 0.64 0.18
v -1.4414481 15.4219873 11.7769016 0.96 0.64 0.18
v -1.4366177 15.4527393 11.7771412 0.96 0.64 0.18
v -1.4328519 15.4836560 11.7773472 0.96 0.64 0.18
v -1.4301572 15.5146980 11.7775196 0.96 0.64 0.18
v -1.4285383 15.5458258 11.7776583 0.96 0.64 0.18
v -1.7428409 14.8931937 11.7655974 0.96 0.64 0.18
v -1.7704843 14.8704745 11.7646119 0.96 0.64 0.18
v -1.7989499 14.8489147 11.7636017 0.96 0.64 0.18
v -1.8281897 14.8285404 11.7625687 0.96 0.64 0.18
v -1.8581557 14.8093749 11.7615148 0.96 0.64 0.18
v -1.8887996 14.7914398 11.7604418 0.96 0.64 0.18
v -1.9200737 14.7747545 11.7593517 0.96 0.64 0.18
v -1.9519312 14.7593364 11.7582462 0.96 0.64 0.18
v -1.9843251 14.7452013 11.7571273 0.96 0.64 0.18
v -2.0172089 14.7323638 11.7559967 0.96 0.64 0.18
v -2.0505363 14.7208370 11.7548565 0.96 0.64 0.18
v -2.0842611 14.7106326 11.7537083 0.96 0.64 0.18
v -2.1183374 14.7017614 11.7525542 0.96 0.64 0.18
v -2.1527195 14.6942330 11.7513958 0.96 0.64 0.18
v -2.1873620 14.6880558 11.7502352 0.96 0.64 0.18
v -2.2222192 14.6832377 11.7490741 0.96 0.64 0.18
v -2.2572451 14.6797853 11.7479143 0.96 0.64 0.18
v -2.2923940 14.6777044 11.7467578 0.96 0.64 0.18
v -2.3276193 14.6769999 11.7456064 0.96 0.64 0.18
v -2.3628742 14.6776758 11.7444619 0.96 0.64 0.18
v -2.3981115 14.6797350 11.7433263 0.96 0.64 0.18
v -2.4332831 14.6831794 11.7422013 0.96 0.64 0.18
v -2.4683407 14.6880094 11.7410889 0.96 0.64 0.18
v -2.5032347 14.6942246 11.7399909 0.96 0.64 0.18
v -2.5379149 14.7018227 11.7389091 0.96 0.64 0.18
v -2.5666149 14.7092084 11.7380215 0.96 0.64 0.18
v -2.5951009 14.7175488 11.7371476 0.96 0.64 0.18
v -2.5951009 14.7175488 11.6900000 0.96 0.64 0.18
v -2.8729423 16.2932652 11.6900000 0.96 0.64 0.18
v -2.9010217 16.2710057 11.6900000 0.96 0.64 0.18
v -2.9281929 16.2476461 11.6900000 0.96 0.64 0.18
v -2.9544127 16.2232234 11.6900000 0.96 0.64 0.18
v -2.9796396 16.1977764 11.6900000 0.96 0.64 0.18
v -3.0038335 16.1713455 11.6900000 0.96 0.64 0.18
v -3.0269561 16.1439724 11.6900000 0.96 0.64 0.18
v -3.0489709 16.1157006 11.6900000 0.96 0.64 0.18
v -3.0698428 16.0865749 11.6900000 0.96 0.64 0.18
v -3.0895387 16.0566414 11.6900000 0.96 0.64 0.18
v -3.1080276 16.0259477 11.6900000 0.96 0.64 0.18
v -3.1252800 15.9945423 11.6900000 0.96 0.64 0.18
v -3.1412687 15.9624751 11.6900000 0.96 0.64 0.18
v -3.1559682 15.9297969 11.6900000 0.96 0.64 0.18
v -3.1693553 15.8965594 11.6900000 0.96 0.64 0.18
v -3.1814087 15.8628154 11.6900000 0.96 0.64 0.18
v -3.1921094 15.8286183 11.6900000 0.96 0.64 0.18
v -3.2014404 15.7940224 11.6900000 0.96 0.64 0.18
v -3.2093868 15.7590825 11.6900000 0.96 0.64 0.18
v -3.2159362 15.7238540 11.6900000 0.96 0.64 0.18
v -3.2210781 15.6883927 11.6900000 0.96 0.64 0.18
v -3.2248043 15.6527548 11.6900000 0.96 0.64 0.18
v -3.2271090 15.6169969 11.6900000 0.96 0.64 0.18
v -3.2279885 15.5811755 11.6900000 0.96 0.64 0.18
v -3.2274415 15.5453476 11.6900000 0.96 0.64 0.18
v -3.2254687 15.5095698 11.6900000 0.96 0.64 0.18
v -3.2220733 15.4738988 11.6900000 0.96 0.64 0.18
v -3.2172607 15.4383913 11.6900000 0.96 0.64 0.18
v -3.2110385 15.4031036 11.6900000 0.96 0.64 0.18
v -3.2034166 15.3680914 11.6900000 0.96 0.64 0.18
v -3.1944070 15.3334104 11.6900000 0.96 0.64 0.18
v -3.1840241 15.2991156 11.6900000 0.96 0.64 0.18
v -3.1722843 15.2652612 11.6900000 0.96 0.64 0.18
v -3.1592062 15.2319009 11.6900000 0.96 0.64 0.18
v -3.1448106 15.1990877 11.6900000 0.96 0.64 0.18
v -3.1291202 15.1668735 11.6900000 0.96 0.64 0.18
v -3.1121599 15.1353094 11.6900000 0.96 0.64 0.18
v -3.0939567 15.1044454 11.6900000 0.96 0.64 0.18
v -3.0745393 15.0743305 11.6900000 0.96 0.64 0.18
v -3.0539385 15.0450124 11.6900000 0.96 0.64 0.18
v -3.0321871 15.0165375 11.6900000 0.96 0.64 0.18
v -3.0093194 14.9889510 11.6900000 0.96 0.64 0.18
v -2.9853718 14.9622967 11.6900000 0.96 0.64 0.18
v -2.9603822 14.9366167 11.6900000 0.96 0.64 0.18
v -2.9343901 14.9119518 11.6900000 0.96 0.64 0.18
v -2.9074369 14.8883411 11.6900000 0.96 0.64 0.18
v -2.8795652 14.8658220 11.6900000 0.96 0.64 0.18
v -2.8508191 14.8444302 11.6900000 0.96 0.64 0.18
v -2.8212444 14.8241996 11.6900000 0.96 0.64 0.18
v -2.7908878 14.8051623 11.6900000 0.96 0.64 0.18
v -2.7597975 14.7873484 11.6900000 0.96 0.64 0.18
v -2.7280227 14.7707862 11.6900000 0.96 0.64 0.18
v -2.6956138 14.7555020 11.6900000 0.96 0.64 0.18
v -2.6626222 14.7415199 11.6900000 0.96 0.64 0.18
v -2.6291002 14.7288621 11.6900000 0.96 0.64 0.18
v -2.8729423 16.2932652 11.7371476 0.96 0.64 0.18
v -1.9129618 16.3755891 11.7656965 0.96 0.64 0.18
v -1.9446674 16.3912833 11.7648150 0.96 0.64 0.18
v -1.9769831 16.4057268 11.7639132 0.96 0.64 0.18
v -2.0098605 16.4188956 11.7629924 0.96 0.64 0.18
v -2.0432499 16.4307670 11.7620537 0.96 0.64 0.18
v -2.0771003 16.4413205 11.7610986 0.96 0.64 0.18
v -2.1113596 16.4505373 11.7601281 0.96 0.64 0.18
v -2.1459749 16.4584007 11.7591438 0.96 0.64 0.18
v -2.1808915 16.4648960 11.7581468 0.96 0.64 0.18
v -2.2160535 16.4700107 11.7571386 0.96 0.64 0.18
v -2.2514049 16.4737347 11.7561205 0.96 0.64 0.18
v -2.2868887 16.4760605 11.7550940 0.96 0.64 0.18
v -2.3224477 16.4769827 11.7540605 0.96 0.64 0.18
v -2.3580241 16.4764988 11.7530213 0.96 0.64 0.18
v -2.3935597 16.4746087 11.7519779 0.96 0.64 0.18
v -2.4289961 16.4713149 11.7509318 0.96 0.64 0.18
v -2.4642748 16.4666226 11.7498845 0.96 0.64 0.18
v -2.4993385 16.4605396 11.7488373 0.96 0.64 0.18
v -2.5341297 16.4530762 11.7477917 0.96 0.64 0.18
v -2.5685913 16.4442455 11.7467492 0.96 0.64 0.18
v -2.6026674 16.4340628 11.7457113 0.96 0.64 0.18
v -2.6363029 16.4225460 11.7446792 0.96 0.64 0.18
v -2.6694438 16.4097152 11.7436545 0.96 0.64 0.18
v -2.7020372 16.3955931 11.7426386 0.96 0.64 0.18
v -2.7340314 16.3802041 11.7416329 0.96 0.64 0.18
v -2.7653761 16.3635751 11.7406386 0.96 0.64 0.18
v -2.7960230 16.3457344 11.7396572 0.96 0.64 0.18
v -2.8259253 16.3267123 11.7386901 0.96 0.64 0.18
v -2.8497079 16.3103613 11.7379134 0.96 0.64 0.18
v -1.7160678 14.9170444 11.7665566 0.96 0.64 0.18
v -1.7428409 14.8931937 11.7655974 0.96 0.64 0.18
v -1.7704843 14.8704745 11.7646119 0.96 0.64 0.18
v -1.7989499 14.8489147 11.7636017 0.96 0.64 0.18
v -1.8281897 14.8285404 11.7625687 0.96 0.64 0.18
v -1.8581557 14.8093749 11.7615148 0.96 0.64 0.18
v -1.8887996 14.7914398 11.7604418 0.96 0.64 0.18
v -1.9200737 14.7747545 11.7593517 0.96 0.64 0.18
v -1.9519312 14.7593364 11.7582462 0.96 0.64 0.18
v -1.9843251 14.7452013 11.7571273 0.96 0.64 0.18
v -2.0172089 14.7323638 11.7559967 0.96 0.64 0.18
v -2.0505363 14.7208370 11.7548565 0.96 0.64 0.18
v -2.0842611 14.7106326 11.7537083 0.96 0.64 0.18
v -2.1183374 14.7017614 11.7525542 0.96 0.64 0.18
v -2.1527195 14.6942330 11.7513958 0.96 0.64 0.18
v -2.1873620 14.6880558 11.7502352 0.96 0.64 0.18
v -2.2222192 14.6832377 11.7490741 0.96 0.64 0.18
v -2.2572451 14.6797853 11.7479143 0.96 0.64 0.18
v -2.2923940 14.6777044 11.7467578 0.96 0.64 0.18
v -2.3276193 14.6769999 11.7456064 0.96 0.64 0.18
v -2.3628742 14.6776758 11.7444619 0.96 0.64 0.18
v -2.3981115 14.6797350 11.7433263 0.96 0.64 0.18
v -2.4332831 14.6831794 11.7422013 0.96 0.64 0.18
v -2.4683407 14.6880094 11.7410889 0.96 0.64 0.18
v -2.5032347 14.6942246 11.7399909 0.96 0.64 0.18
v -2.5379149 14.7018227 11.7389091 0.96 0.64 0.18
v -2.5666149 14.7092084 11.7380215 0.96 0.64 0.18
v -2.5951009 14.7175488 11.7371476 0.96 0.64 0.18
v -1.6857327 14.6533547 11.7665566 0.96 0.64 0.18
v -2.5613106 14.5259144 11.7371476 0.96 0.64 0.18
v 16.4769998 2.3279982 11.7538987 0.96 0.64 0.18
v 16.4762954 2.3635992 11.7528580 0.96 0.64 0.18
v 16.4741829 2.3991500 11.7518133 0.96 0.64 0.18
v 16.4706652 2.4345924 11.7507661 0.96 0.64 0.18
v 16.4657478 2.4698682 11.7497179 0.96 0.64 0.18
v 16.4594390 2.5049193 11.7486700 0.96 0.64 0.18
v 16.4517497 2.5396882 11.7476240 0.96 0.64 0.18
v 16.4426933 2.5741180 11.7465814 0.96 0.64 0.18
v 16.4322854 2.6081529 11.7455435 0.96 0.64 0.18
v 16.4205445 2.6417376 11.7445117 0.96 0.64 0.18
v 16.4074913 2.6748181 11.7434876 0.96 0.64 0.18
v 16.3931485 2.7073416 11.7424725 0.96 0.64 0.18
v 16.3775412 2.7392568 11.7414677 0.96 0.64 0.18
v 16.3606963 2.7705136 11.7404748 0.96 0.64 0.18
v 16.3426427 2.8010637 11.7394949 0.96 0.64 0.18
v 16.3234111 2.8308603 11.7385295 0.96 0.64 0.18
v 16.3086373 2.8521229 11.7378341 0.96 0.64 0.18
v 16.2932652 2.8729423 11.7371476 0.96 0.64 0.18
v 16.4955299 2.9086070 11.7371476 0.96 0.64 0.18
v 16.6402503 1.9143067 11.7665566 0.96 0.64 0.18
v 16.3586701 1.8819135 11.7665566 0.96 0.64 0.18
v 16.3753722 1.9125448 11.7657081 0.96 0.64 0.18
v 16.3908822 1.9438166 11.7648387 0.96 0.64 0.18
v 16.4051753 1.9756838 11.7639495 0.96 0.64 0.18
v 16.4182281 2.0080996 11.7630418 0.96 0.64 0.18
v 16.4300189 2.0410165 11.7621166 0.96 0.64 0.18
v 16.4405279 2.0743856 11.7611753 0.96 0.64 0.18
v 16.4497368 2.1081567 11.7602190 0.96 0.64 0.18
v 16.4576293 2.1422788 11.7592491 0.96 0.64 0.18
v 16.4641913 2.1766995 11.7582667 0.96 0.64 0.18
v 16.4694106 2.2113659 11.7572732 0.96 0.64 0.18
v 16.4732771 2.2462241 11.7562700 0.96 0.64 0.18
v 16.4757833 2.2812196 11.7552583 0.96 0.64 0.18
v 16.4766956 2.3045989 11.7545799 0.96 0.64 0.18
v 16.4769998 2.3279982 11.7538987 0.96 0.64 0.18
v 16.4762954 2.3635992 11.7528580 0.96 0.64 0.18
v 16.4741829 2.3991500 11.7518133 0.96 0.64 0.18
v 16.4706652 2.4345924 11.7507661 0.96 0.64 0.18
v 16.4657478 2.4698682 11.7497179 0.96 0.64 0.18
v 16.4594390 2.5049193 11.7486700 0.96 0.64 0.18
v 16.4517497 2.5396882 11.7476240 0.96 0.64 0.18
v 16.4426933 2.5741180 11.7465814 0.96 0.64 0.18
v 16.4322854 2.6081529 11.7455435 0.96 0.64 0.18
v 16.4205445 2.6417376 11.7445117 0.96 0.64 0.18
v 16.4074913 2.6748181 11.7434876 0.96 0.64 0.18
v 16.3931485 2.7073416 11.7424725 0.96 0.64 0.18
v 16.3775412 2.7392568 11.7414677 0.96 0.64 0.18
v 16.3606963 2.7705136 11.7404748 0.96 0.64 0.18
v 16.3426427 2.8010637 11.7394949 0.96 0.64 0.18
v 16.3234111 2.8308603 11.7385295 0.96 0.64 0.18
v 16.3086373 2.8521229 11.7378341 0.96 0.64 0.18
v 16.2932652 2.8729423 11.7371476 0.96 0.64 0.18
v 16.4769998 2.3279982 12.8000000 0.96 0.64 0.18
v 16.4762883 2.3637791 12.8000000 0.96 0.64 0.18
v 16.4741548 2.3995034 12.8000000 0.96 0.64 0.18
v 16.4706027 2.4351146 12.8000000 0.96 0.64 0.18
v 16.4656377 2.4705564 12.8000000 0.96 0.64 0.18
v 16.4592675 2.5057729 12.8000000 0.96 0.64 0.18
v 16.4515023 2.5407082 12.8000000 0.96 0.64 0.18
v 16.4423543 2.5753072 12.8000000 0.96 0.64 0.18
v 16.4318380 2.6095152 12.8000000 0.96 0.64 0.18
v 16.4199700 2.6432780 12.8000000 0.96 0.64 0.18
v 16.4067691 2.6765423 12.8000000 0.96 0.64 0.18
v 16.3922562 2.7092555 12.8000000 0.96 0.64 0.18
v 16.3764542 2.7413658 12.8000000 0.96 0.64 0.18
v 16.3593881 2.7728225 12.8000000 0.96 0.64 0.18
v 16.3410849 2.8035758 12.8000000 0.96 0.64 0.18
v 16.3215735 2.8335772 12.8000000 0.96 0.64 0.18
v 16.3008848 2.8627792 12.8000000 0.96 0.64 0.18
v 16.2790514 2.8911355 12.8000000 0.96 0.64 0.18
v 16.2561080 2.9186014 12.8000000 0.96 0.64 0.18
v 16.2320908 2.9451334 12.8000000 0.96 0.64 0.18
v 16.2070377 2.9706897 12.8000000 0.96 0.64 0.18
v 16.1809884 2.9952297 12.8000000 0.96 0.64 0.18
v 16.1539841 3.0187146 12.8000000 0.96 0.64 0.18
v 16.1260675 3.0411074 12.8000000 0.96 0.64 0.18
v 16.0972826 3.0623727 12.8000000 0.96 0.64 0.18
v 16.0676751 3.0824767 12.8000000 0.96 0.64 0.18
v 16.0372918 3.1013877 12.8000000 0.96 0.64 0.18
v 16.0061806 3.1190759 12.8000000 0.96 0.64 0.18
v 15.9743908 3.1355132 12.8000000 0.96 0.64 0.18
v 15.9419726 3.1506737 12.8000000 0.96 0.64 0.18
v 15.9089774 3.1645333 12.8000000 0.96 0.64 0.18
v 15.8754572 3.1770702 12.8000000 0.96 0.64 0.18
v 15.8414651 3.1882645 12.8000000 0.96 0.64 0.18
v 15.8070548 3.1980986 12.8000000 0.96 0.64 0.18
v 15.7722808 3.2065569 12.8000000 0.96 0.64 0.18
v 15.7371980 3.2136260 12.8000000 0.96 0.64 0.18
v 15.7018618 3.2192947 12.8000000 0.96 0.64 0.18
v 15.6663283 3.2235542 12.8000000 0.96 0.64 0.18
v 15.6306535 3.2263975 12.8000000 0.96 0.64 0.18
v 15.5948938 3.2278203 12.8000000 0.96 0.64 0.18
v 15.5591059 3.2278203 12.8000000 0.96 0.64 0.18
v 15.5233462 3.2263975 12.8000000 0.96 0.64 0.18
v 15.4876714 3.2235542 12.8000000 0.96 0.64 0.18
v 15.4521379 3.2192947 12.8000000 0.96 0.64 0.18
v 15.4168017 3.2136260 12.8000000 0.96 0.64 0.18
v 15.3817189 3.2065569 12.8000000 0.96 0.64 0.18
v 15.3469449 3.1980986 12.8000000 0.96 0.64 0.18
v 15.3125346 3.1882645 12.8000000 0.96 0.64 0.18
v 15.2785425 3.1770702 12.8000000 0.96 0.64 0.18
v 15.2450223 3.1645333 12.8000000 0.96 0.64 0.18
v 15.2120271 3.1506737 12.8000000 0.96 0.64 0.18
v 15.1796089 3.1355132 12.8000000 0.96 0.64 0.18
v 15.1478191 3.1190759 12.8000000 0.96 0.64 0.18
v 15.1167079 3.1013877 12.8000000 0.96 0.64 0.18
v 15.0863246 3.0824767 12.8000000 0.96 0.64 0.18
v 15.0567170 3.0623727 12.8000000 0.96 0.64 0.18
v 15.0279322 3.0411074 12.8000000 0.96 0.64 0.18
v 15.0000156 3.0187146 12.8000000 0.96 0.64 0.18
v 14.9730113 2.9952297 12.8000000 0.96 0.64 0.18
v 14.9469620 2.9706897 12.8000000 0.96 0.64 0.18
v 14.9219089 2.9451334 12.8000000 0.96 0.64 0.18
v 14.8978917 2.9186014 12.8000000 0.96 0.64 0.18
v 14.8749483 2.8911355 12.8000000 0.96 0.64 0.18
v 14.8531149 2.8627792 12.8000000 0.96 0.64 0.18
v 14.8324262 2.8335772 12.8000000 0.96 0.64 0.18
v 14.8129148 2.8035758 12.8000000 0.96 0.64 0.18
v 14.7946116 2.7728225 12.8000000 0.96 0.64 0.18
v 14.7775455 2.7413658 12.8000000 0.96 0.64 0.18
v 14.7617435 2.7092555 12.8000000 0.96 0.64 0.18
v 14.7472306 2.6765423 12.8000000 0.96 0.64 0.18
v 14.7340297 2.6432780 12.8000000 0.96 0.64 0.18
v 14.7221617 2.6095152 12.8000000 0.96 0.64 0.18
v 14.7116454 2.5753072 12.8000000 0.96 0.64 0.18
v 14.7024974 2.5407082 12.8000000 0.96 0.64 0.18
v 14.6947322 2.5057729 12.8000000 0.96 0.64 0.18
v 14.6883620 2.4705564 12.8000000 0.96 0.64 0.18
v 14.6833970 2.4351146 12.8000000 0.96 0.64 0.18
v 14.6798449 2.3995034 12.8000000 0.96 0.64 0.18
v 14.6777114 2.3637791 12.8000000 0.96 0.64 0.18
v 14.6769998 2.3279982 12.8000000 0.96 0.64 0.18
v 14.6777114 2.2922174 12.8000000 0.96 0.64 0.18
v 14.6798449 2.2564931 12.8000000 0.96 0.64 0.18
v 14.6833970 2.2208819 12.8000000 0.96 0.64 0.18
v 14.6883620 2.1854400 12.8000000 0.96 0.64 0.18
v 14.6947322 2.1502236 12.8000000 0.96 0.64 0.18
v 14.7024974 2.1152882 12.8000000 0.96 0.64 0.18
v 14.7116454 2.0806892 12.8000000 0.96 0.64 0.18
v 14.7221617 2.0464813 12.8000000 0.96 0.64 0.18
v 14.7340297 2.0127185 12.8000000 0.96 0.64 0.18
v 14.7472306 1.9794542 12.8000000 0.96 0.64 0.18
v 14.7617435 1.9467410 12.8000000 0.96 0.64 0.18
v 14.7775455 1.9146307 12.8000000 0.96 0.64 0.18
v 14.7946116 1.8831740 12.8000000 0.96 0.64 0.18
v 14.8129148 1.8524206 12.8000000 0.96 0.64 0.18
v 14.8324262 1.8224192 12.8000000 0.96 0.64 0.18
v 14.8531149 1.7932173 12.8000000 0.96 0.64 0.18
v 14.8749483 1.7648610 12.8000000 0.96 0.64 0.18
v 14.8978917 1.7373951 12.8000000 0.96 0.64 0.18
v 14.9219089 1.7108630 12.8000000 0.96 0.64 0.18
v 14.9469620 1.6853068 12.8000000 0.96 0.64 0.18
v 14.9730113 1.6607668 12.8000000 0.96 0.64 0.18
v 15.0000156 1.6372818 12.8000000 0.96 0.64 0.18
v 15.0279322 1.6148890 12.8000000 0.96 0.64 0.18
v 15.0567170 1.5936238 12.8000000 0.96 0.64 0.18
v 15.0863246 1.5735198 12.8000000 0.96 0.64 0.18
v 15.1167079 1.5546087 12.8000000 0.96 0.64 0.18
v 15.1478191 1.5369206 12.8000000 0.96 0.64 0.18
v 15.1796089 1.5204833 12.8000000 0.96 0.64 0.18
v 15.2120271 1.5053228 12.8000000 0.96 0.64 0.18
v 15.2450223 1.4914632 12.8000000 0.96 0.64 0.18
v 15.2785425 1.4789263 12.8000000 0.96 0.64 0.18
v 15.3125346 1.4677319 12.8000000 0.96 0.64 0.18
v 15.3469449 1.4578978 12.8000000 0.96 0.64 0.18
v 15.3817189 1.4494395 12.8000000 0.96 0.64 0.18
v 15.4168017 1.4423704 12.8000000 0.96 0.64 0.18
v 15.4521379 1.4367017 12.8000000 0.96 0.64 0.18
v 15.4876714 1.4324423 12.8000000 0.96 0.64 0.18
v 15.5233462 1.4295989 12.8000000 0.96 0.64 0.18
v 15.5591059 1.4281761 12.8000000 0.96 0.64 0.18
v 15.5948938 1.4281761 12.8000000 0.96 0.64 0.18
v 15.6306535 1.4295989 12.8000000 0.96 0.64 0.18
v 15.6663283 1.4324423 12.8000000 0.96 0.64 0.18
v 15.7018618 1.4367017 12.8000000 0.96 0.64 0.18
v 15.7371980 1.4423704 12.8000000 0.96 0.64 0.18
v 15.7722808 1.4494395 12.8000000 0.96 0.64 0.18
v 15.8070548 1.4578978 12.8000000 0.96 0.64 0.18
v 15.8414651 1.4677319 12.8000000 0.96 0.64 0.18
v 15.8754572 1.4789263 12.8000000 0.96 0.64 0.18
v 15.9089774 1.4914632 12.8000000 0.96 0.64 0.18
v 15.9419726 1.5053228 12.8000000 0.96 0.64 0.18
v 15.9743908 1.5204833 12.8000000 0.96 0.64 0.18
v 16.0061806 1.5369206 12.8000000 0.96 0.64 0.18
v 16.0372918 1.5546087 12.8000000 0.96 0.64 0.18
v 16.0676751 1.5735198 12.8000000 0.96 0.64 0.18
v 16.0972826 1.5936238 12.8000000 0.96 0.64 0.18
v 16.1260675 1.6148890 12.8000000 0.96 0.64 0.18
v 16.1539841 1.6372818 12.8000000 0.96 0.64 0.18
v 16.1809884 1.6607668 12.8000000 0.96 0.64 0.18
v 16.2070377 1.6853068 12.8000000 0.96 0.64 0.18
v 16.2320908 1.7108630 12.8000000 0.96 0.64 0.18
v 16.2561080 1.7373951 12.8000000 0.96 0.64 0.18
v 16.2790514 1.7648610 12.8000000 0.96 0.64 0.18
v 16.3008848 1.7932173 12.8000000 0.96 0.64 0.18
v 16.3215735 1.8224192 12.8000000 0.96 0.64 0.18
v 16.3410849 1.8524206 12.8000000 0.96 0.64 0.18
v 16.3593881 1.8831740 12.8000000 0.96 0.64 0.18
v 16.3764542 1.9146307 12.8000000 0.96 0.64 0.18
v 16.3922562 1.9467410 12.8000000 0.96 0.64 0.18
v 16.4067691 1.9794542 12.8000000 0.96 0.64 0.18
v 16.4199700 2.0127185 12.8000000 0.96 0.64 0.18
v 16.4318380 2.0464813 12.8000000 0.96 0.64 0.18
v 16.4423543 2.0806892 12.8000000 0.96 0.64 0.18
v 16.4515023 2.1152882 12.8000000 0.96 0.64 0.18
v 16.4592675 2.1502236 12.8000000 0.96 0.64 0.18
v 16.4656377 2.1854400 12.8000000 0.96 0.64 0.18
v 16.4706027 2.2208819 12.8000000 0.96 0.64 0.18
v 16.4741548 2.2564931 12.8000000 0.96 0.64 0.18
v 16.4762883 2.2922174 12.8000000 0.96 0.64 0.18
v 16.4769998 2.3279982 12.8000000 0.96 0.64 0.18
v 16.4769998 2.3279982 11.7538987 0.96 0.64 0.18
v 16.3586701 1.8819135 11.7665566 0.96 0.64 0.18
v 16.3753722 1.9125448 11.7657081 0.96 0.64 0.18
v 16.3908822 1.9438166 11.7648387 0.96 0.64 0.18
v 16.4051753 1.9756838 11.7639495 0.96 0.64 0.18
v 16.4182281 2.0080996 11.7630418 0.96 0.64 0.18
v 16.4300189 2.0410165 11.7621166 0.96 0.64 0.18
v 16.4405279 2.0743856 11.7611753 0.96 0.64 0.18
v 16.4497368 2.1081567 11.7602190 0.96 0.64 0.18
v 16.4576293 2.1422788 11.7592491 0.96 0.64 0.18
v 16.4641913 2.1766995 11.7582667 0.96 0.64 0.18
v 16.4694106 2.2113659 11.7572732 0.96 0.64 0.18
v 16.4732771 2.2462241 11.7562700 0.96 0.64 0.18
v 16.4757833 2.2812196 11.7552583 0.96 0.64 0.18
v 16.4766956 2.3045989 11.7545799 0.96 0.64 0.18
v 14.9170444 1.7160678 11.7665566 0.96 0.64 0.18
v 14.9409145 1.6912915 11.7674384 0.96 0.64 0.18
v 14.9657611 1.6674021 11.7682928 0.96 0.64 0.18
v 14.9915533 1.6444397 11.7691183 0.96 0.64 0.18
v 15.0182582 1.6224433 11.7699136 0.96 0.64 0.18
v 15.0458407 1.6014516 11.7706772 0.96 0.64 0.18
v 15.0742637 1.5815022 11.7714079 0.96 0.64 0.18
v 15.1034875 1.5626316 11.7721043 0.96 0.64 0.18
v 15.1334708 1.5448750 11.7727654 0.96 0.64 0.18
v 15.1641698 1.5282662 11.7733900 0.96 0.64 0.18
v 15.1955391 1.5128371 11.7739771 0.96 0.64 0.18
v 15.2275308 1.4986181 11.7745256 0.96 0.64 0.18
v 15.2600956 1.4856374 11.7750348 0.96 0.64 0.18
v 15.2931825 1.4739211 11.7755037 0.96 0.64 0.18
v 15.3267391 1.4634928 11.7759318 0.96 0.64 0.18
v 15.3607117 1.4543739 11.7763183 0.96 0.64 0.18
v 15.3950452 1.4465832 11.7766628 0.96 0.64 0.18
v 15.4296847 1.4401367 11.7769649 0.96 0.64 0.18
v 15.4645732 1.4350480 11.7772241 0.96 0.64 0.18
v 15.4996533 1.4313280 11.7774403 0.96 0.64 0.18
v 15.5348676 1.4289849 11.7776134 0.96 0.64 0.18
v 15.5701590 1.4280242 11.7777432 0.96 0.64 0.18
v 15.6054703 1.4284486 11.7778299 0.96 0.64 0.18
v 15.6407444 1.4302585 11.7778735 0.96 0.64 0.18
v 15.6759247 1.4334515 11.7778742 0.96 0.64 0.18
v 15.7109546 1.4380229 11.7778324 0.96 0.64 0.18
v 15.7457779 1.4439655 11.7777483 0.96 0.64 0.18
v 15.7803391 1.4512696 11.7776224 0.96 0.64 0.18
v 15.8145842 1.4599235 11.7774551 0.96 0.64 0.18
v 15.8484607 1.4699137 11.7772471 0.96 0.64 0.18
v 15.8819162 1.4812243 11.7769988 0.96 0.64 0.18
v 15.9148992 1.4938376 11.7767109 0.96 0.64 0.18
v 15.9473593 1.5077337 11.7763841 0.96 0.64 0.18
v 15.9792472 1.5228913 11.7760192 0.96 0.64 0.18
v 16.0105144 1.5392871 11.7756168 0.96 0.64 0.18
v 16.0411137 1.5568962 11.7751778 0.96 0.64 0.18
v 16.0709989 1.5756918 11.7747029 0.96 0.64 0.18
v 16.1001250 1.5956458 11.7741932 0.96 0.64 0.18
v 16.1284479 1.6167282 11.7736494 0.96 0.64 0.18
v 16.1559247 1.6389075 11.7730726 0.96 0.64 0.18
v 16.1825138 1.6621507 11.7724635 0.96 0.64 0.18
v 16.2081745 1.6864232 11.7718233 0.96 0.64 0.18
v 16.2328677 1.7116887 11.7711529 0.96 0.64 0.18
v 16.2565552 1.7379096 11.7704533 0.96 0.64 0.18
v 16.2792002 1.7650464 11.7697257 0.96 0.64 0.18
v 16.3007673 1.7930584 11.7689711 0.96 0.64 0.18
v 16.3212227 1.8219031 11.7681906 0.96 0.64 0.18
v 16.3405339 1.8515366 11.7673854 0.96 0.64 0.18
v 14.8931937 1.7428409 11.7655974 0.96 0.64 0.18
v 14.8704745 1.7704843 11.7646119 0.96 0.64 0.18
v 14.8489147 1.7989499 11.7636017 0.96 0.64 0.18
v 14.8285404 1.8281897 11.7625687 0.96 0.64 0.18
v 14.8093749 1.8581557 11.7615148 0.96 0.64 0.18
v 14.7914398 1.8887996 11.7604418 0.96 0.64 0.18
v 14.7747545 1.9200737 11.7593517 0.96 0.64 0.18
v 14.7593364 1.9519312 11.7582462 0.96 0.64 0.18
v 14.7452013 1.9843251 11.7571273 0.96 0.64 0.18
v 14.7323638 2.0172089 11.7559967 0.96 0.64 0.18
v 14.7208370 2.0505363 11.7548565 0.96 0.64 0.18
v 14.7106326 2.0842611 11.7537083 0.96 0.64 0.18
v 14.7017614 2.1183374 11.7525542 0.96 0.64 0.18
v 14.6942330 2.1527195 11.7513958 0.96 0.64 0.18
v 14.6880558 2.1873620 11.7502352 0.96 0.64 0.18
v 14.6832377 2.2222192 11.7490741 0.96 0.64 0.18
v 14.6797853 2.2572451 11.7479143 0.96 0.64 0.18
v 14.6777044 2.2923940 11.7467578 0.96 0.64 0.18
v 14.6769999 2.3276193 11.7456064 0.96 0.64 0.18
v 14.6776758 2.3628742 11.7444619 0.96 0.64 0.18
v 14.6797350 2.3981115 11.7433263 0.96 0.64 0.18
v 14.6831794 2.4332831 11.7422013 0.96 0.64 0.18
v 14.6880094 2.4683407 11.7410889 0.96 0.64 0.18
v 14.6942246 2.5032347 11.7399909 0.96 0.64 0.18
v 14.7018227 2.5379149 11.7389091 0.96 0.64 0.18
v 14.7092084 2.5666149 11.7380215 0.96 0.64 0.18
v 14.7175488 2.5951009 11.7371476 0.96 0.64 0.18
v 14.7175488 2.5951009 11.6900000 0.96 0.64 0.18
v 16.2932652 2.8729423 11.6900000 0.96 0.64 0.18
v 16.2710057 2.9010217 11.6900000 0.96 0.64 0.18
v 16.2476461 2.9281929 11.6900000 0.96 0.64 0.18
v 16.2232234 2.9544127 11.6900000 0.96 0.64 0.18
v 16.1977764 2.9796396 11.6900000 0.96 0.64 0.18
v 16.1713455 3.0038335 11.6900000 0.96 0.64 0.18
v 16.1439724 3.0269561 11.6900000 0.96 0.64 0.18
v 16.1157006 3.0489709 11.6900000 0.96 0.64 0.18
v 16.0865749 3.0698428 11.6900000 0.96 0.64 0.18
v 16.0566414 3.0895387 11.6900000 0.96 0.64 0.18
v 16.0259477 3.1080276 11.6900000 0.96 0.64 0.18
v 15.9945423 3.1252800 11.6900000 0.96 0.64 0.18
v 15.9624751 3.1412687 11.6900000 0.96 0.64 0.18
v 15.9297969 3.1559682 11.6900000 0.96 0.64 0.18
v 15.8965594 3.1693553 11.6900000 0.96 0.64 0.18
v 15.8628154 3.1814087 11.6900000 0.96 0.64 0.18
v 15.8286183 3.1921094 11.6900000 0.96 0.64 0.18
v 15.7940224 3.2014404 11.6900000 0.96 0.64 0.18
v 15.7590825 3.2093868 11.6900000 0.96 0.64 0.18
v 15.7238540 3.2159362 11.6900000 0.96 0.64 0.18
v 15.6883927 3.2210781 11.6900000 0.96 0.64 0.18
v 15.6527548 3.2248043 11.6900000 0.96 0.64 0.18
v 15.6169969 3.2271090 11.6900000 0.96 0.64 0.18
v 15.5811755 3.2279885 11.6900000 0.96 0.64 0.18
v 15.5453476 3.2274415 11.6900000 0.96 0.64 0.18
v 15.5095698 3.2254687 11.6900000 0.96 0.64 0.18
v 15.4738988 3.2220733 11.6900000 0.96 0.64 0.18
v 15.4383913 3.2172607 11.6900000 0.96 0.64 0.18
v 15.4031036 3.2110385 11.6900000 0.96 0.64 0.18
v 15.3680914 3.2034166 11.6900000 0.96 0.64 0.18
v 15.3334104 3.1944070 11.6900000 0.96 0.64 0.18
v 15.2991156 3.1840241 11.6900000 0.96 0.64 0.18
v 15.2652612 3.1722843 11.6900000 0.96 0.64 0.18
v 15.2319009 3.1592062 11.6900000 0.96 0.64 0.18
v 15.1990877 3.1448106 11.6900000 0.96 0.64 0.18
v 15.1668735 3.1291202 11.6900000 0.96 0.64 0.18
v 15.1353094 3.1121599 11.6900000 0.96 0.64 0.18
v 15.1044454 3.0939567 11.6900000 0.96 0.64 0.18
v 15.0743305 3.0745393 11.6900000 0.96 0.64 0.18
v 15.0450124 3.0539385 11.6900000 0.96 0.64 0.18
v 15.0165375 3.0321871 11.6900000 0.96 0.64 0.18
v 14.9889510 3.0093194 11.6900000 0.96 0.64 0.18
v 14.9622967 2.9853718 11.6900000 0.96 0.64 0.18
v 14.9366167 2.9603822 11.6900000 0.96 0.64 0.18
v 14.9119518 2.9343901 11.6900000 0.96 0.64 0.18
v 14.8883411 2.9074369 11.6900000 0.96 0.64 0.18
v 14.8658220 2.8795652 11.6900000 0.96 0.64 0.18
v 14.8444302 2.8508191 11.6900000 0.96 0.64 0.18
v 14.8241996 2.8212444 11.6900000 0.96 0.64 0.18
v 14.8051623 2.7908878 11.6900000 0.96 0.64 0.18
v 14.7873484 2.7597975 11.6900000 0.96 0.64 0.18
v 14.7707862 2.7280227 11.6900000 0.96 0.64 0.18
v 14.7555020 2.6956138 11.6900000 0.96 0.64 0.18
v 14.7415199 2.6626222 11.6900000 0.96 0.64 0.18
v 14.7288621 2.6291002 11.6900000 0.96 0.64 0.18
v 14.9170444 1.7160678 11.7665566 0.96 0.64 0.18
v 14.8931937 1.7428409 11.7655974 0.96 0.64 0.18
v 14.8704745 1.7704843 11.7646119 0.96 0.64 0.18
v 14.8489147 1.7989499 11.7636017 0.96 0.64 0.18
v 14.8285404 1.8281897 11.7625687 0.96 0.64 0.18
v 14.8093749 1.8581557 11.7615148 0.96 0.64 0.18
v 14.7914398 1.8887996 11.7604418 0.96 0.64 0.18
v 14.7747545 1.9200737 11.7593517 0.96 0.64 0.18
v 14.7593364 1.9519312 11.7582462 0.96 0.64 0.18
v 14.7452013 1.9843251 11.7571273 0.96 0.64 0.18
v 14.7323638 2.0172089 11.7559967 0.96 0.64 0.18
v 14.7208370 2.0505363 11.7548565 0.96 0.64 0.18
v 14.7106326 2.0842611 11.7537083 0.96 0.64 0.18
v 14.7017614 2.1183374 11.7525542 0.96 0.64 0.18
v 14.6942330 2.1527195 11.7513958 0.96 0.64 0.18
v 14.6880558 2.1873620 11.7502352 0.96 0.64 0.18
v 14.6832377 2.2222192 11.7490741 0.96 0.64 0.18
v 14.6797853 2.2572451 11.7479143 0.96 0.64 0.18
v 14.6777044 2.2923940 11.7467578 0.96 0.64 0.18
v 14.6769999 2.3276193 11.7456064 0.96 0.64 0.18
v 14.6776758 2.3628742 11.7444619 0.96 0.64 0.18
v 14.6797350 2.3981115 11.7433263 0.96 0.64 0.18
v 14.6831794 2.4332831 11.7422013 0.96 0.64 0.18
v 14.6880094 2.4683407 11.7410889 0.96 0.64 0.18
v 14.6942246 2.5032347 11.7399909 0.96 0.64 0.18
v 14.7018227 2.5379149 11.7389091 0.96 0.64 0.18
v 14.7092084 2.5666149 11.7380215 0.96 0.64 0.18
v 14.7175488 2.5951009 11.7371476 0.96 0.64 0.18
v 14.6533547 1.6857327 11.7665566 0.96 0.64 0.18
v 14.5259144 2.5613106 11.7371476 0.96 0.64 0.18
v -16.6402503 -1.9143067 11.7665566 0.96 0.64 0.18
v -16.4955299 -2.9086070 11.7371476 0.96 0.64 0.18
v -16.3586701 -1.8819135 11.7665566 0.96 0.64 0.18
v -16.3755891 -1.9129618 11.7656965 0.96 0.64 0.18
v -16.3912833 -1.9446674 11.7648150 0.96 0.64 0.18
v -16.4057268 -1.9769831 11.7639132 0.96 0.64 0.18
v -16.4188956 -2.0098605 11.7629924 0.96 0.64 0.18
v -16.4307670 -2.0432499 11.7620537 0.96 0.64 0.18
v -16.4413205 -2.0771003 11.7610986 0.96 0.64 0.18
v -16.4505373 -2.1113596 11.7601281 0.96 0.64 0.18
v -16.4584007 -2.1459749 11.7591438 0.96 0.64 0.18
v -16.4648960 -2.1808915 11.7581468 0.96 0.64 0.18
v -16.4700107 -2.2160535 11.7571386 0.96 0.64 0.18
v -16.4737347 -2.2514049 11.7561205 0.96 0.64 0.18
v -16.4760605 -2.2868887 11.7550940 0.96 0.64 0.18
v -16.4769827 -2.3224477 11.7540605 0.96 0.64 0.18
v -16.4764988 -2.3580241 11.7530213 0.96 0.64 0.18
v -16.4746087 -2.3935597 11.7519779 0.96 0.64 0.18
v -16.4713149 -2.4289961 11.7509318 0.96 0.64 0.18
v -16.4666226 -2.4642748 11.7498845 0.96 0.64 0.18
v -16.4605396 -2.4993385 11.7488373 0.96 0.64 0.18
v -16.4530762 -2.5341297 11.7477917 0.96 0.64 0.18
v -16.4442455 -2.5685913 11.7467492 0.96 0.64 0.18
v -16.4340628 -2.6026674 11.7457113 0.96 0.64 0.18
v -16.4225460 -2.6363029 11.7446792 0.96 0.64 0.18
v -16.4097152 -2.6694438 11.7436545 0.96 0.64 0.18
v -16.3955931 -2.7020372 11.7426386 0.96 0.64 0.18
v -16.3802041 -2.7340314 11.7416329 0.96 0.64 0.18
v -16.3635751 -2.7653761 11.7406386 0.96 0.64 0.18
v -16.3457344 -2.7960230 11.7396572 0.96 0.64 0.18
v -16.3267123 -2.8259253 11.7386901 0.96 0.64 0.18
v -16.3103613 -2.8497079 11.7379134 0.96 0.64 0.18
v -16.2932652 -2.8729423 11.7371476 0.96 0.64 0.18
v -14.9170444 -1.7160678 11.7665566 0.96 0.64 0.18
v -14.8980599 -1.7372017 11.7657991 0.96 0.64 0.18
v -14.8797814 -1.7588880 11.7650248 0.96 0.64 0.18
v -14.8622235 -1.7811027 11.7642345 0.96 0.64 0.18
v -14.8453994 -1.8038219 11.7634293 0.96 0.64 0.18
v -14.8293217 -1.8270218 11.7626099 0.96 0.64 0.18
v -14.8140019 -1.8506785 11.7617773 0.96 0.64 0.18
v -14.7994508 -1.8747682 11.7609325 0.96 0.64 0.18
v -14.7856784 -1.8992671 11.7600764 0.96 0.64 0.18
v -14.7726939 -1.9241517 11.7592099 0.96 0.64 0.18
v -14.7605060 -1.9493985 11.7583339 0.96 0.64 0.18
v -14.7491225 -1.9749840 11.7574494 0.96 0.64 0.18
v -14.7385507 -2.0008851 11.7565573 0.96 0.64 0.18
v -14.7287973 -2.0270788 11.7556585 0.96 0.64 0.18
v -14.7198687 -2.0535422 11.7547539 0.96 0.64 0.18
v -14.7117704 -2.0802524 11.7538445 0.96 0.64 0.18
v -14.7045079 -2.1071866 11.7529312 0.96 0.64 0.18
v -14.6980860 -2.1343220 11.7520149 0.96 0.64 0.18
v -14.6925092 -2.1616361 11.7510965 0.96 0.64 0.18
v -14.6877817 -2.1891060 11.7501769 0.96 0.64 0.18
v -14.6839070 -2.2167093 11.7492571 0.96 0.64 0.18
v -14.6808887 -2.2444231 11.7483380 0.96 0.64 0.18
v -14.6790445 -2.2673664 11.7475805 0.96 0.64 0.18
v -14.6778779 -2.2882536 11.7468937 0.96 0.64 0.18
v -14.6772195 -2.3081171 11.7462429 0.96 0.64 0.18
v -14.6769998 -2.3279982 11.7455941 0.96 0.64 0.18
v -14.6769998 -2.3279982 12.8000000 0.96 0.64 0.18
v -14.6777114 -2.2922174 12.8000000 0.96 0.64 0.18
v -14.6798449 -2.2564931 12.8000000 0.96 0.64 0.18
v -14.6833970 -2.2208819 12.8000000 0.96 0.64 0.18
v -14.6883620 -2.1854400 12.8000000 0.96 0.64 0.18
v -14.6947322 -2.1502236 12.8000000 0.96 0.64 0.18
v -14.7024974 -2.1152882 12.8000000 0.96 0.64 0.18
v -14.7116454 -2.0806892 12.8000000 0.96 0.64 0.18
v -14.7221617 -2.0464813 12.8000000 0.96 0.64 0.18
v -14.7340297 -2.0127185 12.8000000 0.96 0.64 0.18
v -14.7472306 -1.9794542 12.8000000 0.96 0.64 0.18
v -14.7617435 -1.9467410 12.8000000 0.96 0.64 0.18
v -14.7775455 -1.9146307 12.8000000 0.96 0.64 0.18
v -14.7946116 -1.8831740 12.8000000 0.96 0.64 0.18
v -14.8129148 -1.8524206 12.8000000 0.96 0.64 0.18
v -14.8324262 -1.8224192 12.8000000 0.96 0.64 0.18
v -14.8531149 -1.7932173 12.8000000 0.96 0.64 0.18
v -14.8749483 -1.7648610 12.8000000 0.96 0.64 0.18
v -14.8978917 -1.7373951 12.8000000 0.96 0.64 0.18
v -14.9219089 -1.7108630 12.8000000 0.96 0.64 0.18
v -14.9469620 -1.6853068 12.8000000 0.96 0.64 0.18
v -14.9730113 -1.6607668 12.8000000 0.96 0.64 0.18
v -15.0000156 -1.6372818 12.8000000 0.96 0.64 0.18
v -15.0279322 -1.6148890 12.8000000 0.96 0.64 0.18
v -15.0567170 -1.5936238 12.8000000 0.96 0.64 0.18
v -15.0863246 -1.5735198 12.8000000 0.96 0.64 0.18
v -15.1167079 -1.5546087 12.8000000 0.96 0.64 0.18
v -15.1478191 -1.5369206 12.8000000 0.96 0.64 0.18
v -15.1796089 -1.5204833 12.8000000 0.96 0.64 0.18
v -15.2120271 -1.5053228 12.8000000 0.96 0.64 0.18
v -15.2450223 -1.4914632 12.8000000 0.96 0.64 0.18
v -15.2785425 -1.4789263 12.8000000 0.96 0.64 0.18
v -15.3125346 -1.4677319 12.8000000 0.96 0.64 0.18
v -15.3469449 -1.4578978 12.8000000 0.96 0.64 0.18
v -15.3817189 -1.4494395 12.8000000 0.96 0.64 0.18
v -15.4168017 -1.4423704 12.8000000 0.96 0.64 0.18
v -15.4521379 -1.4367017 12.8000000 0.96 0.64 0.18
v -15.4876714 -1.4324423 12.8000000 0.96 0.64 0.18
v -15.5233462 -1.4295989 12.8000000 0.96 0.64 0.18
v -15.5591059 -1.4281761 12.8000000 0.96 0.64 0.18
v -15.5948938 -1.4281761 12.8000000 0.96 0.64 0.18
v -15.6306535 -1.4295989 12.8000000 0.96 0.64 0.18
v -15.6663283 -1.4324423 12.8000000 0.96 0.64 0.18
v -15.7018618 -1.4367017 12.8000000 0.96 0.64 0.18
v -15.7371980 -1.4423704 12.8000000 0.96 0.64 0.18
v -15.7722808 -1.4494395 12.8000000 0.96 0.64 0.18
v -15.8070548 -1.4578978 12.8000000 0.96 0.64 0.18
v -15.8414651 -1.4677319 12.8000000 0.96 0.64 0.18
v -15.8754572 -1.4789263 12.8000000 0.96 0.64 0.18
v -15.9089774 -1.4914632 12.8000000 0.96 0.64 0.18
v -15.9419726 -1.5053228 12.8000000 0.96 0.64 0.18
v -15.9743908 -1.5204833 12.8000000 0.96 0.64 0.18
v -16.0061806 -1.5369206 12.8000000 0.96 0.64 0.18
v -16.0372918 -1.5546087 12.8000000 0.96 0.64 0.18
v -16.0676751 -1.5735198 12.8000000 0.96 0.64 0.18
v -16.0972826 -1.5936238 12.8000000 0.96 0.64 0.18
v -16.1260675 -1.6148890 12.8000000 0.96 0.64 0.18
v -16.1539841 -1.6372818 12.8000000 0.96 0.64 0.18
v -16.1809884 -1.6607668 12.8000000 0.96 0.64 0.18
v -16.2070377 -1.6853068 12.8000000 0.96 0.64 0.18
v -16.2320908 -1.7108630 12.8000000 0.96 0.64 0.18
v -16.2561080 -1.7373951 12.8000000 0.96 0.64 0.18
v -16.2790514 -1.7648610 12.8000000 0.96 0.64 0.18
v -16.3008848 -1.7932173 12.8000000 0.96 0.64 0.18
v -16.3215735 -1.8224192 12.8000000 0.96 0.64 0.18
v -16.3410849 -1.8524206 12.8000000 0.96 0.64 0.18
v -16.3593881 -1.8831740 12.8000000 0.96 0.64 0.18
v -16.3764542 -1.9146307 12.8000000 0.96 0.64 0.18
v -16.3922562 -1.9467410 12.8000000 0.96 0.64 0.18
v -16.4067691 -1.9794542 12.8000000 0.96 0.64 0.18
v -16.4199700 -2.0127185 12.8000000 0.96 0.64 0.18
v -16.4318380 -2.0464813 12.8000000 0.96 0.64 0.18
v -16.4423543 -2.0806892 12.8000000 0.96 0.64 0.18
v -16.4515023 -2.1152882 12.8000000 0.96 0.64 0.18
v -16.4592675 -2.1502236 12.8000000 0.96 0.64 0.18
v -16.4656377 -2.1854400 12.8000000 0.96 0.64 0.18
v -16.4706027 -2.2208819 12.8000000 0.96 0.64 0.18
v -16.4741548 -2.2564931 12.8000000 0.96 0.64 0.18
v -16.4762883 -2.2922174 12.8000000 0.96 0.64 0.18
v -16.4769998 -2.3279982 12.8000000 0.96 0.64 0.18
v -16.4762883 -2.3637791 12.8000000 0.96 0.64 0.18
v -16.4741548 -2.3995034 12.8000000 0.96 0.64 0.18
v -16.4706027 -2.4351146 12.8000000 0.96 0.64 0.18
v -16.4656377 -2.4705564 12.8000000 0.96 0.64 0.18
v -16.4592675 -2.5057729 12.8000000 0.96 0.64 0.18
v -16.4515023 -2.5407082 12.8000000 0.96 0.64 0.18
v -16.4423543 -2.5753072 12.8000000 0.96 0.64 0.18
v -16.4318380 -2.6095152 12.8000000 0.96 0.64 0.18
v -16.4199700 -2.6432780 12.8000000 0.96 0.64 0.18
v -16.4067691 -2.6765423 12.8000000 0.96 0.64 0.18
v -16.3922562 -2.7092555 12.8000000 0.96 0.64 0.18
v -16.3764542 -2.7413658 12.8000000 0.96 0.64 0.18
v -16.3593881 -2.7728225 12.8000000 0.96 0.64 0.18
v -16.3410849 -2.8035758 12.8000000 0.96 0.64 0.18
v -16.3215735 -2.8335772 12.8000000 0.96 0.64 0.18
v -16.3008848 -2.8627792 12.8000000 0.96 0.64 0.18
v -16.2790514 -2.8911355 12.8000000 0.96 0.64 0.18
v -16.2561080 -2.9186014 12.8000000 0.96 0.64 0.18
v -16.2320908 -2.9451334 12.8000000 0.96 0.64 0.18
v -16.2070377 -2.9706897 12.8000000 0.96 0.64 0.18
v -16.1809884 -2.9952297 12.8000000 0.96 0.64 0.18
v -16.1539841 -3.0187146 12.8000000 0.96 0.64 0.18
v -16.1260675 -3.0411074 12.8000000 0.96 0.64 0.18
v -16.0972826 -3.0623727 12.8000000 0.96 0.64 0.18
v -16.0676751 -3.0824767 12.8000000 0.96 0.64 0.18
v -16.0372918 -3.1013877 12.8000000 0.96 0.64 0.18
v -16.0061806 -3.1190759 12.8000000 0.96 0.64 0.18
v -15.9743908 -3.1355132 12.8000000 0.96 0.64 0.18
v -15.9419726 -3.1506737 12.8000000 0.96 0.64 0.18
v -15.9089774 -3.1645333 12.8000000 0.96 0.64 0.18
v -15.8754572 -3.1770702 12.8000000 0.96 0.64 0.18
v -15.8414651 -3.1882645 12.8000000 0.96 0.64 0.18
v -15.8070548 -3.1980986 12.8000000 0.96 0.64 0.18
v -15.7722808 -3.2065569 12.8000000 0.96 0.64 0.18
v -15.7371980 -3.2136260 12.8000000 0.96 0.64 0.18
v -15.7018618 -3.2192947 12.8000000 0.96 0.64 0.18
v -15.6663283 -3.2235542 12.8000000 0.96 0.64 0.18
v -15.6306535 -3.2263975 12.8000000 0.96 0.64 0.18
v -15.5948938 -3.2278203 12.8000000 0.96 0.64 0.18
v -15.5591059 -3.2278203 12.8000000 0.96 0.64 0.18
v -15.5233462 -3.2263975 12.8000000 0.96 0.64 0.18
v -15.4876714 -3.2235542 12.8000000 0.96 0.64 0.18
v -15.4521379 -3.2192947 12.8000000 0.96 0.64 0.18
v -15.4168017 -3.2136260 12.8000000 0.96 0.64 0.18
v -15.3817189 -3.2065569 12.8000000 0.96 0.64 0.18
v -15.3469449 -3.1980986 12.8000000 0.96 0.64 0.18
v -15.3125346 -3.1882645 12.8000000 0.96 0.64 0.18
v -15.2785425 -3.1770702 12.8000000 0.96 0.64 0.18
v -15.2450223 -3.1645333 12.8000000 0.96 0.64 0.18
v -15.2120271 -3.1506737 12.8000000 0.96 0.64 0.18
v -15.1796089 -3.1355132 12.8000000 0.96 0.64 0.18
v -15.1478191 -3.1190759 12.8000000 0.96 0.64 0.18
v -15.1167079 -3.1013877 12.8000000 0.96 0.64 0.18
v -15.0863246 -3.0824767 12.8000000 0.96 0.64 0.18
v -15.0567170 -3.0623727 12.8000000 0.96 0.64 0.18
v -15.0279322 -3.0411074 12.8000000 0.96 0.64 0.18
v -15.0000156 -3.0187146 12.8000000 0.96 0.64 0.18
v -14.9730113 -2.9952297 12.8000000 0.96 0.64 0.18
v -14.9469620 -2.9706897 12.8000000 0.96 0.64 0.18
v -14.9219089 -2.9451334 12.8000000 0.96 0.64 0.18
v -14.8978917 -2.9186014 12.8000000 0.96 0.64 0.18
v -14.8749483 -2.8911355 12.8000000 0.96 0.64 0.18
v -14.8531149 -2.8627792 12.8000000 0.96 0.64 0.18
v -14.8324262 -2.8335772 12.8000000 0.96 0.64 0.18
v -14.8129148 -2.8035758 12.8000000 0.96 0.64 0.18
v -14.7946116 -2.7728225 12.8000000 0.96 0.64 0.18
v -14.7775455 -2.7413658 12.8000000 0.96 0.64 0.18
v -14.7617435 -2.7092555 12.8000000 0.96 0.64 0.18
v -14.7472306 -2.6765423 12.8000000 0.96 0.64 0.18
v -14.7340297 -2.6432780 12.8000000 0.96 0.64 0.18
v -14.7221617 -2.6095152 12.8000000 0.96 0.64 0.18
v -14.7116454 -2.5753072 12.8000000 0.96 0.64 0.18
v -14.7024974 -2.5407082 12.8000000 0.96 0.64 0.18
v -14.6947322 -2.5057729 12.8000000 0.96 0.64 0.18
v -14.6883620 -2.4705564 12.8000000 0.96 0.64 0.18
v -14.6833970 -2.4351146 12.8000000 0.96 0.64 0.18
v -14.6798449 -2.3995034 12.8000000 0.96 0.64 0.18
v -14.6777114 -2.3637791 12.8000000 0.96 0.64 0.18
v -14.6769998 -2.3279982 12.8000000 0.96 0.64 0.18
v -14.6769998 -2.3279982 11.7455941 0.96 0.64 0.18
v -14.6775975 -2.3607923 11.7445293 0.96 0.64 0.18
v -14.6793920 -2.3935736 11.7434721 0.96 0.64 0.18
v -14.6823848 -2.4263035 11.7424238 0.96 0.64 0.18
v -14.6865767 -2.4589431 11.7413862 0.96 0.64 0.18
v -14.6919673 -2.4914525 11.7403605 0.96 0.64 0.18
v -14.6985553 -2.5237917 11.7393485 0.96 0.64 0.18
v -14.7063382 -2.5559198 11.7383515 0.96 0.64 0.18
v -14.7117186 -2.5755630 11.7377463 0.96 0.64 0.18
v -14.7175488 -2.5951009 11.7371476 0.96 0.64 0.18
v -14.7175488 -2.5951009 11.6900000 0.96 0.64 0.18
v -16.2932652 -2.8729423 11.6900000 0.96 0.64 0.18
v -16.2710057 -2.9010217 11.6900000 0.96 0.64 0.18
v -16.2476461 -2.9281929 11.6900000 0.96 0.64 0.18
v -16.2232234 -2.9544127 11.6900000 0.96 0.64 0.18
v -16.1977764 -2.9796396 11.6900000 0.96 0.64 0.18
v -16.1713455 -3.0038335 11.6900000 0.96 0.64 0.18
v -16.1439724 -3.0269561 11.6900000 0.96 0.64 0.18
v -16.1157006 -3.0489709 11.6900000 0.96 0.64 0.18
v -16.0865749 -3.0698428 11.6900000 0.96 0.64 0.18
v -16.0566414 -3.0895387 11.6900000 0.96 0.64 0.18
v -16.0259477 -3.1080276 11.6900000 0.96 0.64 0.18
v -15.9945423 -3.1252800 11.6900000 0.96 0.64 0.18
v -15.9624751 -3.1412687 11.6900000 0.96 0.64 0.18
v -15.9297969 -3.1559682 11.6900000 0.96 0.64 0.18
v -15.8965594 -3.1693553 11.6900000 0.96 0.64 0.18
v -15.8628154 -3.1814087 11.6900000 0.96 0.64 0.18
v -15.8286183 -3.1921094 11.6900000 0.96 0.64 0.18
v -15.7940224 -3.2014404 11.6900000 0.96 0.64 0.18
v -15.7590825 -3.2093868 11.6900000 0.96 0.64 0.18
v -15.7238540 -3.2159362 11.6900000 0.96 0.64 0.18
v -15.6883927 -3.2210781 11.6900000 0.96 0.64 0.18
v -15.6527548 -3.2248043 11.6900000 0.96 0.64 0.18
v -15.6169969 -3.2271090 11.6900000 0.96 0.64 0.18
v -15.5811755 -3.2279885 11.6900000 0.96 0.64 0.18
v -15.5453476 -3.2274415 11.6900000 0.96 0.64 0.18
v -15.5095698 -3.2254687 11.6900000 0.96 0.64 0.18
v -15.4738988 -3.2220733 11.6900000 0.96 0.64 0.18
v -15.4383913 -3.2172607 11.6900000 0.96 0.64 0.18
v -15.4031036 -3.2110385 11.6900000 0.96 0.64 0.18
v -15.3680914 -3.2034166 11.6900000 0.96 0.64 0.18
v -15.3334104 -3.1944070 11.6900000 0.96 0.64 0.18
v -15.2991156 -3.1840241 11.6900000 0.96 0.64 0.18
v -15.2652612 -3.1722843 11.6900000 0.96 0.64 0.18
v -15.2319009 -3.1592062 11.6900000 0.96 0.64 0.18
v -15.1990877 -3.1448106 11.6900000 0.96 0.64 0.18
v -15.1668735 -3.1291202 11.6900000 0.96 0.64 0.18
v -15.1353094 -3.1121599 11.6900000 0.96 0.64 0.18
v -15.1044454 -3.0939567 11.6900000 0.96 0.64 0.18
v -15.0743305 -3.0745393 11.6900000 0.96 0.64 0.18
v -15.0450124 -3.0539385 11.6900000 0.96 0.64 0.18
v -15.0165375 -3.0321871 11.6900000 0.96 0.64 0.18
v -14.9889510 -3.0093194 11.6900000 0.96 0.64 0.18
v -14.9622967 -2.9853718 11.6900000 0.96 0.64 0.18
v -14.9366167 -2.9603822 11.6900000 0.96 0.64 0.18
v -14.9119518 -2.9343901 11.6900000 0.96 0.64 0.18
v -14.8883411 -2.9074369 11.6900000 0.96 0.64 0.18
v -14.8658220 -2.8795652 11.6900000 0.96 0.64 0.18
v -14.8444302 -2.8508191 11.6900000 0.96 0.64 0.18
v -14.8241996 -2.8212444 11.6900000 0.96 0.64 0.18
v -14.8051623 -2.7908878 11.6900000 0.96 0.64 0.18
v -14.7873484 -2.7597975 11.6900000 0.96 0.64 0.18
v -14.7707862 -2.7280227 11.6900000 0.96 0.64 0.18
v -14.7555020 -2.6956138 11.6900000 0.96 0.64 0.18
v -14.7415199 -2.6626222 11.6900000 0.96 0.64 0.18
v -14.7288621 -2.6291002 11.6900000 0.96 0.64 0.18
v -16.2932652 -2.8729423 11.7371476 0.96 0.64 0.18
v -16.3586701 -1.8819135 11.7665566 0.96 0.64 0.18
v -16.3755891 -1.9129618 11.7656965 0.96 0.64 0.18
v -16.3912833 -1.9446674 11.7648150 0.96 0.64 0.18
v -16.4057268 -1.9769831 11.7639132 0.96 0.64 0.18
v -16.4188956 -2.0098605 11.7629924 0.96 0.64 0.18
v -16.4307670 -2.0432499 11.7620537 0.96 0.64 0.18
v -16.4413205 -2.0771003 11.7610986 0.96 0.64 0.18
v -16.4505373 -2.1113596 11.7601281 0.96 0.64 0.18
v -16.4584007 -2.1459749 11.7591438 0.96 0.64 0.18
v -16.4648960 -2.1808915 11.7581468 0.96 0.64 0.18
v -16.4700107 -2.2160535 11.7571386 0.96 0.64 0.18
v -16.4737347 -2.2514049 11.7561205 0.96 0.64 0.18
v -16.4760605 -2.2868887 11.7550940 0.96 0.64 0.18
v -16.4769827 -2.3224477 11.7540605 0.96 0.64 0.18
v -16.4764988 -2.3580241 11.7530213 0.96 0.64 0.18
v -16.4746087 -2.3935597 11.7519779 0.96 0.64 0.18
v -16.4713149 -2.4289961 11.7509318 0.96 0.64 0.18
v -16.4666226 -2.4642748 11.7498845 0.96 0.64 0.18
v -16.4605396 -2.4993385 11.7488373 0.96 0.64 0.18
v -16.4530762 -2.5341297 11.7477917 0.96 0.64 0.18
v -16.4442455 -2.5685913 11.7467492 0.96 0.64 0.18
v -16.4340628 -2.6026674 11.7457113 0.96 0.64 0.18
v -16.4225460 -2.6363029 11.7446792 0.96 0.64 0.18
v -16.4097152 -2.6694438 11.7436545 0.96 0.64 0.18
v -16.3955931 -2.7020372 11.7426386 0.96 0.64 0.18
v -16.3802041 -2.7340314 11.7416329 0.96 0.64 0.18
v -16.3635751 -2.7653761 11.7406386 0.96 0.64 0.18
v -16.3457344 -2.7960230 11.7396572 0.96 0.64 0.18
v -16.3267123 -2.8259253 11.7386901 0.96 0.64 0.18
v -16.3103613 -2.8497079 11.7379134 0.96 0.64 0.18
v -14.9409145 -1.6912915 11.7674384 0.96 0.64 0.18
v -14.9657611 -1.6674021 11.7682928 0.96 0.64 0.18
v -14.9915533 -1.6444397 11.7691183 0.96 0.64 0.18
v -15.0182582 -1.6224433 11.7699136 0.96 0.64 0.18
v -15.0458407 -1.6014516 11.7706772 0.96 0.64 0.18
v -15.0742637 -1.5815022 11.7714079 0.96 0.64 0.18
v -15.1034875 -1.5626316 11.7721043 0.96 0.64 0.18
v -15.1334708 -1.5448750 11.7727654 0.96 0.64 0.18
v -15.1641698 -1.5282662 11.7733900 0.96 0.64 0.18
v -15.1955391 -1.5128371 11.7739771 0.96 0.64 0.18
v -15.2275308 -1.4986181 11.7745256 0.96 0.64 0.18
v -15.2600956 -1.4856374 11.7750348 0.96 0.64 0.18
v -15.2931825 -1.4739211 11.7755037 0.96 0.64 0.18
v -15.3267391 -1.4634928 11.7759318 0.96 0.64 0.18
v -15.3607117 -1.4543739 11.7763183 0.96 0.64 0.18
v -15.3950452 -1.4465832 11.7766628 0.96 0.64 0.18
v -15.4296847 -1.4401367 11.7769649 0.96 0.64 0.18
v -15.4645732 -1.4350480 11.7772241 0.96 0.64 0.18
v -15.4996533 -1.4313280 11.7774403 0.96 0.64 0.18
v -15.5348676 -1.4289849 11.7776134 0.96 0.64 0.18
v -15.5701590 -1.4280242 11.7777432 0.96 0.64 0.18
v -15.6054703 -1.4284486 11.7778299 0.96 0.64 0.18
v -15.6407444 -1.4302585 11.7778735 0.96 0.64 0.18
v -15.6759247 -1.4334515 11.7778742 0.96 0.64 0.18
v -15.7109546 -1.4380229 11.7778324 0.96 0.64 0.18
v -15.7457779 -1.4439655 11.7777483 0.96 0.64 0.18
v -15.7803391 -1.4512696 11.7776224 0.96 0.64 0.18
v -15.8145842 -1.4599235 11.7774551 0.96 0.64 0.18
v -15.8484607 -1.4699137 11.7772471 0.96 0.64 0.18
v -15.8819162 -1.4812243 11.7769988 0.96 0.64 0.18
v -15.9148992 -1.4938376 11.7767109 0.96 0.64 0.18
v -15.9473593 -1.5077337 11.7763841 0.96 0.64 0.18
v -15.9792472 -1.5228913 11.7760192 0.96 0.64 0.18
v -16.0105144 -1.5392871 11.7756168 0.96 0.64 0.18
v -16.0411137 -1.5568962 11.7751778 0.96 0.64 0.18
v -16.0709989 -1.5756918 11.7747029 0.96 0.64 0.18
v -16.1001250 -1.5956458 11.7741932 0.96 0.64 0.18
v -16.1284479 -1.6167282 11.7736494 0.96 0.64 0.18
v -16.1559247 -1.6389075 11.7730726 0.96 0.64 0.18
v -16.1825138 -1.6621507 11.7724635 0.96 0.64 0.18
v -16.2081745 -1.6864232 11.7718233 0.96 0.64 0.18
v -16.2328677 -1.7116887 11.7711529 0.96 0.64 0.18
v -16.2565552 -1.7379096 11.7704533 0.96 0.64 0.18
v -16.2792002 -1.7650464 11.7697257 0.96 0.64 0.18
v -16.3007673 -1.7930584 11.7689711 0.96 0.64 0.18
v -16.3212227 -1.8219031 11.7681906 0.96 0.64 0.18
v -16.3405339 -1.8515366 11.7673854 0.96 0.64 0.18
v -14.9170444 -1.7160678 11.7665566 0.96 0.64 0.18
v -14.8980599 -1.7372017 11.7657991 0.96 0.64 0.18
v -14.8797814 -1.7588880 11.7650248 0.96 0.64 0.18
v -14.8622235 -1.7811027 11.7642345 0.96 0.64 0.18
v -14.8453994 -1.8038219 11.7634293 0.96 0.64 0.18
v -14.8293217 -1.8270218 11.7626099 0.96 0.64 0.18
v -14.8140019 -1.8506785 11.7617773 0.96 0.64 0.18
v -14.7994508 -1.8747682 11.7609325 0.96 0.64 0.18
v -14.7856784 -1.8992671 11.7600764 0.96 0.64 0.18
v -14.7726939 -1.9241517 11.7592099 0.96 0.64 0.18
v -14.7605060 -1.9493985 11.7583339 0.96 0.64 0.18
v -14.7491225 -1.9749840 11.7574494 0.96 0.64 0.18
v -14.7385507 -2.0008851 11.7565573 0.96 0.64 0.18
v -14.7287973 -2.0270788 11.7556585 0.96 0.64 0.18
v -14.7198687 -2.0535422 11.7547539 0.96 0.64 0.18
v -14.7117704 -2.0802524 11.7538445 0.96 0.64 0.18
v -14.7045079 -2.1071866 11.7529312 0.96 0.64 0.18
v -14.6980860 -2.1343220 11.7520149 0.96 0.64 0.18
v -14.6925092 -2.1616361 11.7510965 0.96 0.64 0.18
v -14.6877817 -2.1891060 11.7501769 0.96 0.64 0.18
v -14.6839070 -2.2167093 11.7492571 0.96 0.64 0.18
v -14.6808887 -2.2444231 11.7483380 0.96 0.64 0.18
v -14.6790445 -2.2673664 11.7475805 0.96 0.64 0.18
v -14.6778779 -2.2882536 11.7468937 0.96 0.64 0.18
v -14.6772195 -2.3081171 11.7462429 0.96 0.64 0.18
v -14.6769998 -2.3279982 11.7455941 0.96 0.64 0.18
v -14.6533547 -1.6857327 11.7665566 0.96 0.64 0.18
v -14.5259144 -2.5613106 11.7371476 0.96 0.64 0.18
v -14.7175488 -2.5951009 11.7371476 0.96 0.64 0.18
v -14.6775975 -2.3607923 11.7445293 0.96 0.64 0.18
v -14.6793920 -2.3935736 11.7434721 0.96 0.64 0.18
v -14.6823848 -2.4263035 11.7424238 0.96 0.64 0.18
v -14.6865767 -2.4589431 11.7413862 0.96 0.64 0.18
v -14.6919673 -2.4914525 11.7403605 0.96 0.64 0.18
v -14.6985553 -2.5237917 11.7393485 0.96 0.64 0.18
v -14.7063382 -2.5559198 11.7383515 0.96 0.64 0.18
v -14.7117186 -2.5755630 11.7377463 0.96 0.64 0.18
v 1.9143067 -16.6402503 11.7665566 0.96 0.64 0.18
v 2.9086070 -16.4955299 11.7371476 0.96 0.64 0.18
v 1.8819135 -16.3586701 11.7665566 0.96 0.64 0.18
v 1.9129618 -16.3755891 11.7656965 0.96 0.64 0.18
v 1.9446674 -16.3912833 11.7648150 0.96 0.64 0.18
v 1.9769831 -16.4057268 11.7639132 0.96 0.64 0.18
v 2.0098605 -16.4188956 11.7629924 0.96 0.64 0.18
v 2.0432499 -16.4307670 11.7620537 0.96 0.64 0.18
v 2.0771003 -16.4413205 11.7610986 0.96 0.64 0.18
v 2.1113596 -16.4505373 11.7601281 0.96 0.64 0.18
v 2.1459749 -16.4584007 11.7591438 0.96 0.64 0.18
v 2.1808915 -16.4648960 11.7581468 0.96 0.64 0.18
v 2.2160535 -16.4700107 11.7571386 0.96 0.64 0.18
v 2.2514049 -16.4737347 11.7561205 0.96 0.64 0.18
v 2.2868887 -16.4760605 11.7550940 0.96 0.64 0.18
v 2.3224477 -16.4769827 11.7540605 0.96 0.64 0.18
v 2.3580241 -16.4764988 11.7530213 0.96 0.64 0.18
v 2.3935597 -16.4746087 11.7519779 0.96 0.64 0.18
v 2.4289961 -16.4713149 11.7509318 0.96 0.64 0.18
v 2.4642748 -16.4666226 11.7498845 0.96 0.64 0.18
v 2.4993385 -16.4605396 11.7488373 0.96 0.64 0.18
v 2.5341297 -16.4530762 11.7477917 0.96 0.64 0.18
v 2.5685913 -16.4442455 11.7467492 0.96 0.64 0.18
v 2.6026674 -16.4340628 11.7457113 0.96 0.64 0.18
v 2.6363029 -16.4225460 11.7446792 0.96 0.64 0.18
v 2.6694438 -16.4097152 11.7436545 0.96 0.64 0.18
v 2.7020372 -16.3955931 11.7426386 0.96 0.64 0.18
v 2.7340314 -16.3802041 11.7416329 0.96 0.64 0.18
v 2.7653761 -16.3635751 11.7406386 0.96 0.64 0.18
v 2.7960230 -16.3457344 11.7396572 0.96 0.64 0.18
v 2.8259253 -16.3267123 11.7386901 0.96 0.64 0.18
v 2.8497079 -16.3103613 11.7379134 0.96 0.64 0.18
v 2.8729423 -16.2932652 11.7371476 0.96 0.64 0.18
v 3.2279982 -15.5769998 11.6900000 0.96 0.64 0.18
v 3.2272901 -15.5413052 11.6900000 0.96 0.64 0.18
v 3.2251669 -15.5056667 11.6900000 0.96 0.64 0.18
v 3.2216319 -15.4701404 11.6900000 0.96 0.64 0.18
v 3.2166906 -15.4347824 11.6900000 0.96 0.64 0.18
v 3.2103510 -15.3996481 11.6900000 0.96 0.64 0.18
v 3.2026228 -15.3647928 11.6900000 0.96 0.64 0.18
v 3.1935184 -15.3302715 11.6900000 0.96 0.64 0.18
v 3.1830520 -15.2961385 11.6900000 0.96 0.64 0.18
v 3.1712400 -15.2624474 11.6900000 0.96 0.64 0.18
v 3.1581012 -15.2292513 11.6900000 0.96 0.64 0.18
v 3.1436561 -15.1966024 11.6900000 0.96 0.64 0.18
v 3.1279275 -15.1645521 11.6900000 0.96 0.64 0.18
v 3.1109402 -15.1331509 11.6900000 0.96 0.64 0.18
v 3.0927208 -15.1024480 11.6900000 0.96 0.64 0.18
v 3.0732980 -15.0724919 11.6900000 0.96 0.64 0.18
v 3.0527025 -15.0433297 11.6900000 0.96 0.64 0.18
v 3.0309665 -15.0150073 11.6900000 0.96 0.64 0.18
v 3.0081244 -14.9875693 11.6900000 0.96 0.64 0.18
v 2.9842120 -14.9610587 11.6900000 0.96 0.64 0.18
v 2.9592670 -14.9355174 11.6900000 0.96 0.64 0.18
v 2.9333287 -14.9109856 11.6900000 0.96 0.64 0.18
v 2.9064378 -14.8875017 11.6900000 0.96 0.64 0.18
v 2.8786367 -14.8651029 11.6900000 0.96 0.64 0.18
v 2.8499691 -14.8438243 11.6900000 0.96 0.64 0.18
v 2.8204801 -14.8236994 11.6900000 0.96 0.64 0.18
v 2.7902162 -14.8047599 11.6900000 0.96 0.64 0.18
v 2.7592249 -14.7870356 11.6900000 0.96 0.64 0.18
v 2.7275550 -14.7705543 11.6900000 0.96 0.64 0.18
v 2.6952564 -14.7553421 11.6900000 0.96 0.64 0.18
v 2.6623799 -14.7414229 11.6900000 0.96 0.64 0.18
v 2.6289772 -14.7288185 11.6900000 0.96 0.64 0.18
v 2.5951009 -14.7175488 11.6900000 0.96 0.64 0.18
v 3.2279982 -15.5769998 12.8000000 0.96 0.64 0.18
v 3.2272867 -15.5412190 12.8000000 0.96 0.64 0.18
v 3.2251532 -15.5054947 12.8000000 0.96 0.64 0.18
v 3.2216011 -15.4698835 12.8000000 0.96 0.64 0.18
v 3.2166360 -15.4344416 12.8000000 0.96 0.64 0.18
v 3.2102659 -15.3992252 12.8000000 0.96 0.64 0.18
v 3.2025006 -15.3642899 12.8000000 0.96 0.64 0.18
v 3.1933526 -15.3296909 12.8000000 0.96 0.64 0.18
v 3.1828363 -15.2954829 12.8000000 0.96 0.64 0.18
v 3.1709684 -15.2617201 12.8000000 0.96 0.64 0.18
v 3.1577675 -15.2284558 12.8000000 0.96 0.64 0.18
v 3.1432546 -15.1957426 12.8000000 0.96 0.64 0.18
v 3.1274526 -15.1636323 12.8000000 0.96 0.64 0.18
v 3.1103865 -15.1321756 12.8000000 0.96 0.64 0.18
v 3.0920833 -15.1014222 12.8000000 0.96 0.64 0.18
v 3.0725719 -15.0714209 12.8000000 0.96 0.64 0.18
v 3.0518831 -15.0422189 12.8000000 0.96 0.64 0.18
v 3.0300498 -15.0138626 12.8000000 0.96 0.64 0.18
v 3.0071064 -14.9863967 12.8000000 0.96 0.64 0.18
v 2.9830892 -14.9598646 12.8000000 0.96 0.64 0.18
v 2.9580361 -14.9343084 12.8000000 0.96 0.64 0.18
v 2.9319868 -14.9097684 12.8000000 0.96 0.64 0.18
v 2.9049825 -14.8862834 12.8000000 0.96 0.64 0.18
v 2.8770659 -14.8638906 12.8000000 0.96 0.64 0.18
v 2.8482810 -14.8426254 12.8000000 0.96 0.64 0.18
v 2.8186735 -14.8225214 12.8000000 0.96 0.64 0.18
v 2.7882902 -14.8036103 12.8000000 0.96 0.64 0.18
v 2.7571790 -14.7859222 12.8000000 0.96 0.64 0.18
v 2.7253892 -14.7694849 12.8000000 0.96 0.64 0.18
v 2.6929710 -14.7543244 12.8000000 0.96 0.64 0.18
v 2.6599758 -14.7404648 12.8000000 0.96 0.64 0.18
v 2.6264556 -14.7279279 12.8000000 0.96 0.64 0.18
v 2.5924635 -14.7167335 12.8000000 0.96 0.64 0.18
v 2.5580532 -14.7068994 12.8000000 0.96 0.64 0.18
v 2.5232792 -14.6984412 12.8000000 0.96 0.64 0.18
v 2.4881963 -14.6913721 12.8000000 0.96 0.64 0.18
v 2.4528602 -14.6857033 12.8000000 0.96 0.64 0.18
v 2.4173266 -14.6814439 12.8000000 0.96 0.64 0.18
v 2.3816518 -14.6786006 12.8000000 0.96 0.64 0.18
v 2.3458922 -14.6771778 12.8000000 0.96 0.64 0.18
v 2.3101043 -14.6771778 12.8000000 0.96 0.64 0.18
v 2.2743446 -14.6786006 12.8000000 0.96 0.64 0.18
v 2.2386698 -14.6814439 12.8000000 0.96 0.64 0.18
v 2.2031362 -14.6857033 12.8000000 0.96 0.64 0.18
v 2.1678001 -14.6913721 12.8000000 0.96 0.64 0.18
v 2.1327173 -14.6984412 12.8000000 0.96 0.64 0.18
v 2.0979433 -14.7068994 12.8000000 0.96 0.64 0.18
v 2.0635330 -14.7167335 12.8000000 0.96 0.64 0.18
v 2.0295409 -14.7279279 12.8000000 0.96 0.64 0.18
v 1.9960207 -14.7404648 12.8000000 0.96 0.64 0.18
v 1.9630254 -14.7543244 12.8000000 0.96 0.64 0.18
v 1.9306073 -14.7694849 12.8000000 0.96 0.64 0.18
v 1.8988175 -14.7859222 12.8000000 0.96 0.64 0.18
v 1.8677063 -14.8036103 12.8000000 0.96 0.64 0.18
v 1.8373229 -14.8225214 12.8000000 0.96 0.64 0.18
v 1.8077154 -14.8426254 12.8000000 0.96 0.64 0.18
v 1.7789306 -14.8638906 12.8000000 0.96 0.64 0.18
v 1.7510140 -14.8862834 12.8000000 0.96 0.64 0.18
v 1.7240096 -14.9097684 12.8000000 0.96 0.64 0.18
v 1.6979604 -14.9343084 12.8000000 0.96 0.64 0.18
v 1.6729073 -14.9598646 12.8000000 0.96 0.64 0.18
v 1.6488901 -14.9863967 12.8000000 0.96 0.64 0.18
v 1.6259466 -15.0138626 12.8000000 0.96 0.64 0.18
v 1.6041133 -15.0422189 12.8000000 0.96 0.64 0.18
v 1.5834246 -15.0714209 12.8000000 0.96 0.64 0.18
v 1.5639132 -15.1014222 12.8000000 0.96 0.64 0.18
v 1.5456100 -15.1321756 12.8000000 0.96 0.64 0.18
v 1.5285439 -15.1636323 12.8000000 0.96 0.64 0.18
v 1.5127419 -15.1957426 12.8000000 0.96 0.64 0.18
v 1.4982290 -15.2284558 12.8000000 0.96 0.64 0.18
v 1.4850281 -15.2617201 12.8000000 0.96 0.64 0.18
v 1.4731601 -15.2954829 12.8000000 0.96 0.64 0.18
v 1.4626438 -15.3296909 12.8000000 0.96 0.64 0.18
v 1.4534958 -15.3642899 12.8000000 0.96 0.64 0.18
v 1.4457306 -15.3992252 12.8000000 0.96 0.64 0.18
v 1.4393604 -15.4344416 12.8000000 0.96 0.64 0.18
v 1.4343954 -15.4698835 12.8000000 0.96 0.64 0.18
v 1.4308433 -15.5054947 12.8000000 0.96 0.64 0.18
v 1.4287098 -15.5412190 12.8000000 0.96 0.64 0.18
v 1.4279982 -15.5769998 12.8000000 0.96 0.64 0.18
v 1.4287098 -15.6127807 12.8000000 0.96 0.64 0.18
v 1.4308433 -15.6485050 12.8000000 0.96 0.64 0.18
v 1.4343954 -15.6841162 12.8000000 0.96 0.64 0.18
v 1.4393604 -15.7195581 12.8000000 0.96 0.64 0.18
v 1.4457306 -15.7547745 12.8000000 0.96 0.64 0.18
v 1.4534958 -15.7897098 12.8000000 0.96 0.64 0.18
v 1.4626438 -15.8243088 12.8000000 0.96 0.64 0.18
v 1.4731601 -15.8585168 12.8000000 0.96 0.64 0.18
v 1.4850281 -15.8922796 12.8000000 0.96 0.64 0.18
v 1.4982290 -15.9255439 12.8000000 0.96 0.64 0.18
v 1.5127419 -15.9582571 12.8000000 0.96 0.64 0.18
v 1.5285439 -15.9903674 12.8000000 0.96 0.64 0.18
v 1.5456100 -16.0218241 12.8000000 0.96 0.64 0.18
v 1.5639132 -16.0525775 12.8000000 0.96 0.64 0.18
v 1.5834246 -16.0825788 12.8000000 0.96 0.64 0.18
v 1.6041133 -16.1117808 12.8000000 0.96 0.64 0.18
v 1.6259466 -16.1401371 12.8000000 0.96 0.64 0.18
v 1.6488901 -16.1676030 12.8000000 0.96 0.64 0.18
v 1.6729073 -16.1941351 12.8000000 0.96 0.64 0.18
v 1.6979604 -16.2196913 12.8000000 0.96 0.64 0.18
v 1.7240096 -16.2442313 12.8000000 0.96 0.64 0.18
v 1.7510140 -16.2677162 12.8000000 0.96 0.64 0.18
v 1.7789306 -16.2901091 12.8000000 0.96 0.64 0.18
v 1.8077154 -16.3113743 12.8000000 0.96 0.64 0.18
v 1.8373229 -16.3314783 12.8000000 0.96 0.64 0.18
v 1.8677063 -16.3503894 12.8000000 0.96 0.64 0.18
v 1.8988175 -16.3680775 12.8000000 0.96 0.64 0.18
v 1.9306073 -16.3845148 12.8000000 0.96 0.64 0.18
v 1.9630254 -16.3996753 12.8000000 0.96 0.64 0.18
v 1.9960207 -16.4135349 12.8000000 0.96 0.64 0.18
v 2.0295409 -16.4260718 12.8000000 0.96 0.64 0.18
v 2.0635330 -16.4372662 12.8000000 0.96 0.64 0.18
v 2.0979433 -16.4471003 12.8000000 0.96 0.64 0.18
v 2.1327173 -16.4555585 12.8000000 0.96 0.64 0.18
v 2.1678001 -16.4626276 12.8000000 0.96 0.64 0.18
v 2.2031362 -16.4682964 12.8000000 0.96 0.64 0.18
v 2.2386698 -16.4725558 12.8000000 0.96 0.64 0.18
v 2.2743446 -16.4753991 12.8000000 0.96 0.64 0.18
v 2.3101043 -16.4768219 12.8000000 0.96 0.64 0.18
v 2.3458922 -16.4768219 12.8000000 0.96 0.64 0.18
v 2.3816518 -16.4753991 12.8000000 0.96 0.64 0.18
v 2.4173266 -16.4725558 12.8000000 0.96 0.64 0.18
v 2.4528602 -16.4682964 12.8000000 0.96 0.64 0.18
v 2.4881963 -16.4626276 12.8000000 0.96 0.64 0.18
v 2.5232792 -16.4555585 12.8000000 0.96 0.64 0.18
v 2.5580532 -16.4471003 12.8000000 0.96 0.64 0.18
v 2.5924635 -16.4372662 12.8000000 0.96 0.64 0.18
v 2.6264556 -16.4260718 12.8000000 0.96 0.64 0.18
v 2.6599758 -16.4135349 12.8000000 0.96 0.64 0.18
v 2.6929710 -16.3996753 12.8000000 0.96 0.64 0.18
v 2.7253892 -16.3845148 12.8000000 0.96 0.64 0.18
v 2.7571790 -16.3680775 12.8000000 0.96 0.64 0.18
v 2.7882902 -16.3503894 12.8000000 0.96 0.64 0.18
v 2.8186735 -16.3314783 12.8000000 0.96 0.64 0.18
v 2.8482810 -16.3113743 12.8000000 0.96 0.64 0.18
v 2.8770659 -16.2901091 12.8000000 0.96 0.64 0.18
v 2.9049825 -16.2677162 12.8000000 0.96 0.64 0.18
v 2.9319868 -16.2442313 12.8000000 0.96 0.64 0.18
v 2.9580361 -16.2196913 12.8000000 0.96 0.64 0.18
v 2.9830892 -16.1941351 12.8000000 0.96 0.64 0.18
v 3.0071064 -16.1676030 12.8000000 0.96 0.64 0.18
v 3.0300498 -16.1401371 12.8000000 0.96 0.64 0.18
v 3.0518831 -16.1117808 12.8000000 0.96 0.64 0.18
v 3.0725719 -16.0825788 12.8000000 0.96 0.64 0.18
v 3.0920833 -16.0525775 12.8000000 0.96 0.64 0.18
v 3.1103865 -16.0218241 12.8000000 0.96 0.64 0.18
v 3.1274526 -15.9903674 12.8000000 0.96 0.64 0.18
v 3.1432546 -15.9582571 12.8000000 0.96 0.64 0.18
v 3.1577675 -15.9255439 12.8000000 0.96 0.64 0.18
v 3.1709684 -15.8922796 12.8000000 0.96 0.64 0.18
v 3.1828363 -15.8585168 12.8000000 0.96 0.64 0.18
v 3.1933526 -15.8243088 12.8000000 0.96 0.64 0.18
v 3.2025006 -15.7897098 12.8000000 0.96 0.64 0.18
v 3.2102659 -15.7547745 12.8000000 0.96 0.64 0.18
v 3.2166360 -15.7195581 12.8000000 0.96 0.64 0.18
v 3.2216011 -15.6841162 12.8000000 0.96 0.64 0.18
v 3.2251532 -15.6485050 12.8000000 0.96 0.64 0.18
v 3.2272867 -15.6127807 12.8000000 0.96 0.64 0.18
v 3.2279982 -15.5769998 12.8000000 0.96 0.64 0.18
v 3.2279982 -15.5769998 11.6900000 0.96 0.64 0.18
v 2.8729423 -16.2932652 11.6900000 0.96 0.64 0.18
v 2.9000039 -16.2718448 11.6900000 0.96 0.64 0.18
v 2.9262244 -16.2494026 11.6900000 0.96 0.64 0.18
v 2.9515652 -16.2259715 11.6900000 0.96 0.64 0.18
v 2.9759889 -16.2015862 11.6900000 0.96 0.64 0.18
v 2.9994598 -16.1762823 11.6900000 0.96 0.64 0.18
v 3.0219431 -16.1500971 11.6900000 0.96 0.64 0.18
v 3.0434060 -16.1230691 11.6900000 0.96 0.64 0.18
v 3.0638169 -16.0952381 11.6900000 0.96 0.64 0.18
v 3.0831456 -16.0666450 11.6900000 0.96 0.64 0.18
v 3.1013639 -16.0373318 11.6900000 0.96 0.64 0.18
v 3.1184449 -16.0073417 11.6900000 0.96 0.64 0.18
v 3.1343634 -15.9767187 11.6900000 0.96 0.64 0.18
v 3.1490961 -15.9455079 11.6900000 0.96 0.64 0.18
v 3.1626214 -15.9137552 11.6900000 0.96 0.64 0.18
v 3.1749192 -15.8815073 11.6900000 0.96 0.64 0.18
v 3.1859716 -15.8488116 11.6900000 0.96 0.64 0.18
v 3.1957623 -15.8157161 11.6900000 0.96 0.64 0.18
v 3.2042769 -15.7822696 11.6900000 0.96 0.64 0.18
v 3.2115028 -15.7485212 11.6900000 0.96 0.64 0.18
v 3.2174295 -15.7145206 11.6900000 0.96 0.64 0.18
v 3.2220482 -15.6803178 11.6900000 0.96 0.64 0.18
v 3.2253522 -15.6459630 11.6900000 0.96 0.64 0.18
v 3.2273365 -15.6115068 11.6900000 0.96 0.64 0.18
v 2.8729423 -16.2932652 11.7371476 0.96 0.64 0.18
v 1.8819135 -16.3586701 11.7665566 0.96 0.64 0.18
v 1.9129618 -16.3755891 11.7656965 0.96 0.64 0.18
v 1.9446674 -16.3912833 11.7648150 0.96 0.64 0.18
v 1.9769831 -16.4057268 11.7639132 0.96 0.64 0.18
v 2.0098605 -16.4188956 11.7629924 0.96 0.64 0.18
v 2.0432499 -16.4307670 11.7620537 0.96 0.64 0.18
v 2.0771003 -16.4413205 11.7610986 0.96 0.64 0.18
v 2.1113596 -16.4505373 11.7601281 0.96 0.64 0.18
v 2.1459749 -16.4584007 11.7591438 0.96 0.64 0.18
v 2.1808915 -16.4648960 11.7581468 0.96 0.64 0.18
v 2.2160535 -16.4700107 11.7571386 0.96 0.64 0.18
v 2.2514049 -16.4737347 11.7561205 0.96 0.64 0.18
v 2.2868887 -16.4760605 11.7550940 0.96 0.64 0.18
v 2.3224477 -16.4769827 11.7540605 0.96 0.64 0.18
v 2.3580241 -16.4764988 11.7530213 0.96 0.64 0.18
v 2.3935597 -16.4746087 11.7519779 0.96 0.64 0.18
v 2.4289961 -16.4713149 11.7509318 0.96 0.64 0.18
v 2.4642748 -16.4666226 11.7498845 0.96 0.64 0.18
v 2.4993385 -16.4605396 11.7488373 0.96 0.64 0.18
v 2.5341297 -16.4530762 11.7477917 0.96 0.64 0.18
v 2.5685913 -16.4442455 11.7467492 0.96 0.64 0.18
v 2.6026674 -16.4340628 11.7457113 0.96 0.64 0.18
v 2.6363029 -16.4225460 11.7446792 0.96 0.64 0.18
v 2.6694438 -16.4097152 11.7436545 0.96 0.64 0.18
v 2.7020372 -16.3955931 11.7426386 0.96 0.64 0.18
v 2.7340314 -16.3802041 11.7416329 0.96 0.64 0.18
v 2.7653761 -16.3635751 11.7406386 0.96 0.64 0.18
v 2.7960230 -16.3457344 11.7396572 0.96 0.64 0.18
v 2.8259253 -16.3267123 11.7386901 0.96 0.64 0.18
v 2.8497079 -16.3103613 11.7379134 0.96 0.64 0.18
v 1.7160678 -14.9170444 11.7665566 0.96 0.64 0.18
v 1.6912915 -14.9409145 11.7674384 0.96 0.64 0.18
v 1.6674021 -14.9657611 11.7682928 0.96 0.64 0.18
v 1.6444397 -14.9915533 11.7691183 0.96 0.64 0.18
v 1.6224433 -15.0182582 11.7699136 0.96 0.64 0.18
v 1.6014516 -15.0458407 11.7706772 0.96 0.64 0.18
v 1.5815022 -15.0742637 11.7714079 0.96 0.64 0.18
v 1.5626316 -15.1034875 11.7721043 0.96 0.64 0.18
v 1.5448750 -15.1334708 11.7727654 0.96 0.64 0.18
v 1.5282662 -15.1641698 11.7733900 0.96 0.64 0.18
v 1.5128371 -15.1955391 11.7739771 0.96 0.64 0.18
v 1.4986181 -15.2275308 11.7745256 0.96 0.64 0.18
v 1.4856374 -15.2600956 11.7750348 0.96 0.64 0.18
v 1.4739211 -15.2931825 11.7755037 0.96 0.64 0.18
v 1.4634928 -15.3267391 11.7759318 0.96 0.64 0.18
v 1.4543739 -15.3607117 11.7763183 0.96 0.64 0.18
v 1.4465832 -15.3950452 11.7766628 0.96 0.64 0.18
v 1.4401367 -15.4296847 11.7769649 0.96 0.64 0.18
v 1.4350480 -15.4645732 11.7772241 0.96 0.64 0.18
v 1.4313280 -15.4996533 11.7774403 0.96 0.64 0.18
v 1.4289849 -15.5348676 11.7776134 0.96 0.64 0.18
v 1.4280242 -15.5701590 11.7777432 0.96 0.64 0.18
v 1.4284486 -15.6054703 11.7778299 0.96 0.64 0.18
v 1.4302585 -15.6407444 11.7778735 0.96 0.64 0.18
v 1.4334515 -15.6759247 11.7778742 0.96 0.64 0.18
v 1.4380229 -15.7109546 11.7778324 0.96 0.64 0.18
v 1.4439655 -15.7457779 11.7777483 0.96 0.64 0.18
v 1.4512696 -15.7803391 11.7776224 0.96 0.64 0.18
v 1.4599235 -15.8145842 11.7774551 0.96 0.64 0.18
v 1.4699137 -15.8484607 11.7772471 0.96 0.64 0.18
v 1.4812243 -15.8819162 11.7769988 0.96 0.64 0.18
v 1.4938376 -15.9148992 11.7767109 0.96 0.64 0.18
v 1.5077337 -15.9473593 11.7763841 0.96 0.64 0.18
v 1.5228913 -15.9792472 11.7760192 0.96 0.64 0.18
v 1.5392871 -16.0105144 11.7756168 0.96 0.64 0.18
v 1.5568962 -16.0411137 11.7751778 0.96 0.64 0.18
v 1.5756918 -16.0709989 11.7747029 0.96 0.64 0.18
v 1.5956458 -16.1001250 11.7741932 0.96 0.64 0.18
v 1.6167282 -16.1284479 11.7736494 0.96 0.64 0.18
v 1.6389075 -16.1559247 11.7730726 0.96 0.64 0.18
v 1.6621507 -16.1825138 11.7724635 0.96 0.64 0.18
v 1.6864232 -16.2081745 11.7718233 0.96 0.64 0.18
v 1.7116887 -16.2328677 11.7711529 0.96 0.64 0.18
v 1.7379096 -16.2565552 11.7704533 0.96 0.64 0.18
v 1.7650464 -16.2792002 11.7697257 0.96 0.64 0.18
v 1.7930584 -16.3007673 11.7689711 0.96 0.64 0.18
v 1.8219031 -16.3212227 11.7681906 0.96 0.64 0.18
v 1.8515366 -16.3405339 11.7673854 0.96 0.64 0.18
v 1.7428409 -14.8931937 11.7655974 0.96 0.64 0.18
v 1.7704843 -14.8704745 11.7646119 0.96 0.64 0.18
v 1.7989499 -14.8489147 11.7636017 0.96 0.64 0.18
v 1.8281897 -14.8285404 11.7625687 0.96 0.64 0.18
v 1.8581557 -14.8093749 11.7615148 0.96 0.64 0.18
v 1.8887996 -14.7914398 11.7604418 0.96 0.64 0.18
v 1.9200737 -14.7747545 11.7593517 0.96 0.64 0.18
v 1.9519312 -14.7593364 11.7582462 0.96 0.64 0.18
v 1.9843251 -14.7452013 11.7571273 0.96 0.64 0.18
v 2.0172089 -14.7323638 11.7559967 0.96 0.64 0.18
v 2.0505363 -14.7208370 11.7548565 0.96 0.64 0.18
v 2.0842611 -14.7106326 11.7537083 0.96 0.64 0.18
v 2.1183374 -14.7017614 11.7525542 0.96 0.64 0.18
v 2.1527195 -14.6942330 11.7513958 0.96 0.64 0.18
v 2.1873620 -14.6880558 11.7502352 0.96 0.64 0.18
v 2.2222192 -14.6832377 11.7490741 0.96 0.64 0.18
v 2.2572451 -14.6797853 11.7479143 0.96 0.64 0.18
v 2.2923940 -14.6777044 11.7467578 0.96 0.64 0.18
v 2.3276193 -14.6769999 11.7456064 0.96 0.64 0.18
v 2.3628742 -14.6776758 11.7444619 0.96 0.64 0.18
v 2.3981115 -14.6797350 11.7433263 0.96 0.64 0.18
v 2.4332831 -14.6831794 11.7422013 0.96 0.64 0.18
v 2.4683407 -14.6880094 11.7410889 0.96 0.64 0.18
v 2.5032347 -14.6942246 11.7399909 0.96 0.64 0.18
v 2.5379149 -14.7018227 11.7389091 0.96 0.64 0.18
v 2.5666149 -14.7092084 11.7380215 0.96 0.64 0.18
v 2.5951009 -14.7175488 11.7371476 0.96 0.64 0.18
v 1.7160678 -14.9170444 11.7665566 0.96 0.64 0.18
v 1.7428409 -14.8931937 11.7655974 0.96 0.64 0.18
v 1.7704843 -14.8704745 11.7646119 0.96 0.64 0.18
v 1.7989499 -14.8489147 11.7636017 0.96 0.64 0.18
v 1.8281897 -14.8285404 11.7625687 0.96 0.64 0.18
v 1.8581557 -14.8093749 11.7615148 0.96 0.64 0.18
v 1.8887996 -14.7914398 11.7604418 0.96 0.64 0.18
v 1.9200737 -14.7747545 11.7593517 0.96 0.64 0.18
v 1.9519312 -14.7593364 11.7582462 0.96 0.64 0.18
v 1.9843251 -14.7452013 11.7571273 0.96 0.64 0.18
v 2.0172089 -14.7323638 11.7559967 0.96 0.64 0.18
v 2.0505363 -14.7208370 11.7548565 0.96 0.64 0.18
v 2.0842611 -14.7106326 11.7537083 0.96 0.64 0.18
v 2.1183374 -14.7017614 11.7525542 0.96 0.64 0.18
v 2.1527195 -14.6942330 11.7513958 0.96 0.64 0.18
v 2.1873620 -14.6880558 11.7502352 0.96 0.64 0.18
v 2.2222192 -14.6832377 11.7490741 0.96 0.64 0.18
v 2.2572451 -14.6797853 11.7479143 0.96 0.64 0.18
v 2.2923940 -14.6777044 11.7467578 0.96 0.64 0.18
v 2.3276193 -14.6769999 11.7456064 0.96 0.64 0.18
v 2.3628742 -14.6776758 11.7444619 0.96 0.64 0.18
v 2.3981115 -14.6797350 11.7433263 0.96 0.64 0.18
v 2.4332831 -14.6831794 11.7422013 0.96 0.64 0.18
v 2.4683407 -14.6880094 11.7410889 0.96 0.64 0.18
v 2.5032347 -14.6942246 11.7399909 0.96 0.64 0.18
v 2.5379149 -14.7018227 11.7389091 0.96 0.64 0.18
v 2.5666149 -14.7092084 11.7380215 0.96 0.64 0.18
v 2.5951009 -14.7175488 11.7371476 0.96 0.64 0.18
v 1.6857327 -14.6533547 11.7665566 0.96 0.64 0.18
v 2.5613106 -14.5259144 11.7371476 0.96 0.64 0.18
v 14.7175488 2.5951009 11.6900000 0.96 0.64 0.18
v 16.2932652 2.8729423 11.6900000 0.96 0.64 0.18
v 16.2710057 2.9010217 11.6900000 0.96 0.64 0.18
v 16.2476461 2.9281929 11.6900000 0.96 0.64 0.18
v 16.2232234 2.9544127 11.6900000 0.96 0.64 0.18
v 16.1977764 2.9796396 11.6900000 0.96 0.64 0.18
v 16.1713455 3.0038335 11.6900000 0.96 0.64 0.18
v 16.1439724 3.0269561 11.6900000 0.96 0.64 0.18
v 16.1157006 3.0489709 11.6900000 0.96 0.64 0.18
v 16.0865749 3.0698428 11.6900000 0.96 0.64 0.18
v 16.0566414 3.0895387 11.6900000 0.96 0.64 0.18
v 16.0259477 3.1080276 11.6900000 0.96 0.64 0.18
v 15.9945423 3.1252800 11.6900000 0.96 0.64 0.18
v 15.9624751 3.1412687 11.6900000 0.96 0.64 0.18
v 15.9297969 3.1559682 11.6900000 0.96 0.64 0.18
v 15.8965594 3.1693553 11.6900000 0.96 0.64 0.18
v 15.8628154 3.1814087 11.6900000 0.96 0.64 0.18
v 15.8286183 3.1921094 11.6900000 0.96 0.64 0.18
v 15.7940224 3.2014404 11.6900000 0.96 0.64 0.18
v 15.7590825 3.2093868 11.6900000 0.96 0.64 0.18
v 15.7238540 3.2159362 11.6900000 0.96 0.64 0.18
v 15.6883927 3.2210781 11.6900000 0.96 0.64 0.18
v 15.6527548 3.2248043 11.6900000 0.96 0.64 0.18
v 15.6169969 3.2271090 11.6900000 0.96 0.64 0.18
v 15.5811755 3.2279885 11.6900000 0.96 0.64 0.18
v 15.5453476 3.2274415 11.6900000 0.96 0.64 0.18
v 15.5095698 3.2254687 11.6900000 0.96 0.64 0.18
v 15.4738988 3.2220733 11.6900000 0.96 0.64 0.18
v 15.4383913 3.2172607 11.6900000 0.96 0.64 0.18
v 15.4031036 3.2110385 11.6900000 0.96 0.64 0.18
v 15.3680914 3.2034166 11.6900000 0.96 0.64 0.18
v 15.3334104 3.1944070 11.6900000 0.96 0.64 0.18
v 15.2991156 3.1840241 11.6900000 0.96 0.64 0.18
v 15.2652612 3.1722843 11.6900000 0.96 0.64 0.18
v 15.2319009 3.1592062 11.6900000 0.96 0.64 0.18
v 15.1990877 3.1448106 11.6900000 0.96 0.64 0.18
v 15.1668735 3.1291202 11.6900000 0.96 0.64 0.18
v 15.1353094 3.1121599 11.6900000 0.96 0.64 0.18
v 15.1044454 3.0939567 11.6900000 0.96 0.64 0.18
v 15.0743305 3.0745393 11.6900000 0.96 0.64 0.18
v 15.0450124 3.0539385 11.6900000 0.96 0.64 0.18
v 15.0165375 3.0321871 11.6900000 0.96 0.64 0.18
v 14.9889510 3.0093194 11.6900000 0.96 0.64 0.18
v 14.9622967 2.9853718 11.6900000 0.96 0.64 0.18
v 14.9366167 2.9603822 11.6900000 0.96 0.64 0.18
v 14.9119518 2.9343901 11.6900000 0.96 0.64 0.18
v 14.8883411 2.9074369 11.6900000 0.96 0.64 0.18
v 14.8658220 2.8795652 11.6900000 0.96 0.64 0.18
v 14.8444302 2.8508191 11.6900000 0.96 0.64 0.18
v 14.8241996 2.8212444 11.6900000 0.96 0.64 0.18
v 14.8051623 2.7908878 11.6900000 0.96 0.64 0.18
v 14.7873484 2.7597975 11.6900000 0.96 0.64 0.18
v 14.7707862 2.7280227 11.6900000 0.96 0.64 0.18
v 14.7555020 2.6956138 11.6900000 0.96 0.64 0.18
v 14.7415199 2.6626222 11.6900000 0.96 0.64 0.18
v 14.7288621 2.6291002 11.6900000 0.96 0.64 0.18
v -2.5951009 14.7175488 11.6900000 0.96 0.64 0.18
v -2.8729423 16.2932652 11.6900000 0.96 0.64 0.18
v -2.9010217 16.2710057 11.6900000 0.96 0.64 0.18
v -2.9281929 16.2476461 11.6900000 0.96 0.64 0.18
v -2.9544127 16.2232234 11.6900000 0.96 0.64 0.18
v -2.9796396 16.1977764 11.6900000 0.96 0.64 0.18
v -3.0038335 16.1713455 11.6900000 0.96 0.64 0.18
v -3.0269561 16.1439724 11.6900000 0.96 0.64 0.18
v -3.0489709 16.1157006 11.6900000 0.96 0.64 0.18
v -3.0698428 16.0865749 11.6900000 0.96 0.64 0.18
v -3.0895387 16.0566414 11.6900000 0.96 0.64 0.18
v -3.1080276 16.0259477 11.6900000 0.96 0.64 0.18
v -3.1252800 15.9945423 11.6900000 0.96 0.64 0.18
v -3.1412687 15.9624751 11.6900000 0.96 0.64 0.18
v -3.1559682 15.9297969 11.6900000 0.96 0.64 0.18
v -3.1693553 15.8965594 11.6900000 0.96 0.64 0.18
v -3.1814087 15.8628154 11.6900000 0.96 0.64 0.18
v -3.1921094 15.8286183 11.6900000 0.96 0.64 0.18
v -3.2014404 15.7940224 11.6900000 0.96 0.64 0.18
v -3.2093868 15.7590825 11.6900000 0.96 0.64 0.18
v -3.2159362 15.7238540 11.6900000 0.96 0.64 0.18
v -3.2210781 15.6883927 11.6900000 0.96 0.64 0.18
v -3.2248043 15.6527548 11.6900000 0.96 0.64 0.18
v -3.2271090 15.6169969 11.6900000 0.96 0.64 0.18
v -3.2279885 15.5811755 11.6900000 0.96 0.64 0.18
v -3.2274415 15.5453476 11.6900000 0.96 0.64 0.18
v -3.2254687 15.5095698 11.6900000 0.96 0.64 0.18
v -3.2220733 15.4738988 11.6900000 0.96 0.64 0.18
v -3.2172607 15.4383913 11.6900000 0.96 0.64 0.18
v -3.2110385 15.4031036 11.6900000 0.96 0.64 0.18
v -3.2034166 15.3680914 11.6900000 0.96 0.64 0.18
v -3.1944070 15.3334104 11.6900000 0.96 0.64 0.18
v -3.1840241 15.2991156 11.6900000 0.96 0.64 0.18
v -3.1722843 15.2652612 11.6900000 0.96 0.64 0.18
v -3.1592062 15.2319009 11.6900000 0.96 0.64 0.18
v -3.1448106 15.1990877 11.6900000 0.96 0.64 0.18
v -3.1291202 15.1668735 11.6900000 0.96 0.64 0.18
v -3.1121599 15.1353094 11.6900000 0.96 0.64 0.18
v -3.0939567 15.1044454 11.6900000 0.96 0.64 0.18
v -3.0745393 15.0743305 11.6900000 0.96 0.64 0.18
v -3.0539385 15.0450124 11.6900000 0.96 0.64 0.18
v -3.0321871 15.0165375 11.6900000 0.96 0.64 0.18
v -3.0093194 14.9889510 11.6900000 0.96 0.64 0.18
v -2.9853718 14.9622967 11.6900000 0.96 0.64 0.18
v -2.9603822 14.9366167 11.6900000 0.96 0.64 0.18
v -2.9343901 14.9119518 11.6900000 0.96 0.64 0.18
v -2.9074369 14.8883411 11.6900000 0.96 0.64 0.18
v -2.8795652 14.8658220 11.6900000 0.96 0.64 0.18
v -2.8508191 14.8444302 11.6900000 0.96 0.64 0.18
v -2.8212444 14.8241996 11.6900000 0.96 0.64 0.18
v -2.7908878 14.8051623 11.6900000 0.96 0.64 0.18
v -2.7597975 14.7873484 11.6900000 0.96 0.64 0.18
v -2.7280227 14.7707862 11.6900000 0.96 0.64 0.18
v -2.6956138 14.7555020 11.6900000 0.96 0.64 0.18
v -2.6626222 14.7415199 11.6900000 0.96 0.64 0.18
v -2.6291002 14.7288621 11.6900000 0.96 0.64 0.18
v 2.8729423 -16.2932652 11.6900000 0.96 0.64 0.18
v 2.9000039 -16.2718448 11.6900000 0.96 0.64 0.18
v 2.9262244 -16.2494026 11.6900000 0.96 0.64 0.18
v 2.9515652 -16.2259715 11.6900000 0.96 0.64 0.18
v 2.9759889 -16.2015862 11.6900000 0.96 0.64 0.18
v 2.9994598 -16.1762823 11.6900000 0.96 0.64 0.18
v 3.0219431 -16.1500971 11.6900000 0.96 0.64 0.18
v 3.0434060 -16.1230691 11.6900000 0.96 0.64 0.18
v 3.0638169 -16.0952381 11.6900000 0.96 0.64 0.18
v 3.0831456 -16.0666450 11.6900000 0.96 0.64 0.18
v 3.1013639 -16.0373318 11.6900000 0.96 0.64 0.18
v 3.1184449 -16.0073417 11.6900000 0.96 0.64 0.18
v 3.1343634 -15.9767187 11.6900000 0.96 0.64 0.18
v 3.1490961 -15.9455079 11.6900000 0.96 0.64 0.18
v 3.1626214 -15.9137552 11.6900000 0.96 0.64 0.18
v 3.1749192 -15.8815073 11.6900000 0.96 0.64 0.18
v 3.1859716 -15.8488116 11.6900000 0.96 0.64 0.18
v 3.1957623 -15.8157161 11.6900000 0.96 0.64 0.18
v 3.2042769 -15.7822696 11.6900000 0.96 0.64 0.18
v 3.2115028 -15.7485212 11.6900000 0.96 0.64 0.18
v 3.2174295 -15.7145206 11.6900000 0.96 0.64 0.18
v 3.2220482 -15.6803178 11.6900000 0.96 0.64 0.18
v 3.2253522 -15.6459630 11.6900000 0.96 0.64 0.18
v 3.2273365 -15.6115068 11.6900000 0.96 0.64 0.18
v 3.2279982 -15.5769998 11.6900000 0.96 0.64 0.18
v 3.2272901 -15.5413052 11.6900000 0.96 0.64 0.18
v 3.2251669 -15.5056667 11.6900000 0.96 0.64 0.18
v 3.2216319 -15.4701404 11.6900000 0.96 0.64 0.18
v 3.2166906 -15.4347824 11.6900000 0.96 0.64 0.18
v 3.2103510 -15.3996481 11.6900000 0.96 0.64 0.18
v 3.2026228 -15.3647928 11.6900000 0.96 0.64 0.18
v 3.1935184 -15.3302715 11.6900000 0.96 0.64 0.18
v 3.1830520 -15.2961385 11.6900000 0.96 0.64 0.18
v 3.1712400 -15.2624474 11.6900000 0.96 0.64 0.18
v 3.1581012 -15.2292513 11.6900000 0.96 0.64 0.18
v 3.1436561 -15.1966024 11.6900000 0.96 0.64 0.18
v 3.1279275 -15.1645521 11.6900000 0.96 0.64 0.18
v 3.1109402 -15.1331509 11.6900000 0.96 0.64 0.18
v 3.0927208 -15.1024480 11.6900000 0.96 0.64 0.18
v 3.0732980 -15.0724919 11.6900000 0.96 0.64 0.18
v 3.0527025 -15.0433297 11.6900000 0.96 0.64 0.18
v 3.0309665 -15.0150073 11.6900000 0.96 0.64 0.18
v 3.0081244 -14.9875693 11.6900000 0.96 0.64 0.18
v 2.9842120 -14.9610587 11.6900000 0.96 0.64 0.18
v 2.9592670 -14.9355174 11.6900000 0.96 0.64 0.18
v 2.9333287 -14.9109856 11.6900000 0.96 0.64 0.18
v 2.9064378 -14.8875017 11.6900000 0.96 0.64 0.18
v 2.8786367 -14.8651029 11.6900000 0.96 0.64 0.18
v 2.8499691 -14.8438243 11.6900000 0.96 0.64 0.18
v 2.8204801 -14.8236994 11.6900000 0.96 0.64 0.18
v 2.7902162 -14.8047599 11.6900000 0.96 0.64 0.18
v 2.7592249 -14.7870356 11.6900000 0.96 0.64 0.18
v 2.7275550 -14.7705543 11.6900000 0.96 0.64 0.18
v 2.6952564 -14.7553421 11.6900000 0.96 0.64 0.18
v 2.6623799 -14.7414229 11.6900000 0.96 0.64 0.18
v 2.6289772 -14.7288185 11.6900000 0.96 0.64 0.18
v 2.5951009 -14.7175488 11.6900000 0.96 0.64 0.18
v -14.7175488 -2.5951009 11.6900000 0.96 0.64 0.18
v -16.2932652 -2.8729423 11.6900000 0.96 0.64 0.18
v -16.2710057 -2.9010217 11.6900000 0.96 0.64 0.18
v -16.2476461 -2.9281929 11.6900000 0.96 0.64 0.18
v -16.2232234 -2.9544127 11.6900000 0.96 0.64 0.18
v -16.1977764 -2.9796396 11.6900000 0.96 0.64 0.18
v -16.1713455 -3.0038335 11.6900000 0.96 0.64 0.18
v -16.1439724 -3.0269561 11.6900000 0.96 0.64 0.18
v -16.1157006 -3.0489709 11.6900000 0.96 0.64 0.18
v -16.0865749 -3.0698428 11.6900000 0.96 0.64 0.18
v -16.0566414 -3.0895387 11.6900000 0.96 0.64 0.18
v -16.0259477 -3.1080276 11.6900000 0.96 0.64 0.18
v -15.9945423 -3.1252800 11.6900000 0.96 0.64 0.18
v -15.9624751 -3.1412687 11.6900000 0.96 0.64 0.18
v -15.9297969 -3.1559682 11.6900000 0.96 0.64 0.18
v -15.8965594 -3.1693553 11.6900000 0.96 0.64 0.18
v -15.8628154 -3.1814087 11.6900000 0.96 0.64 0.18
v -15.8286183 -3.1921094 11.6900000 0.96 0.64 0.18
v -15.7940224 -3.2014404 11.6900000 0.96 0.64 0.18
v -15.7590825 -3.2093868 11.6900000 0.96 0.64 0.18
v -15.7238540 -3.2159362 11.6900000 0.96 0.64 0.18
v -15.6883927 -3.2210781 11.6900000 0.96 0.64 0.18
v -15.6527548 -3.2248043 11.6900000 0.96 0.64 0.18
v -15.6169969 -3.2271090 11.6900000 0.96 0.64 0.18
v -15.5811755 -3.2279885 11.6900000 0.96 0.64 0.18
v -15.5453476 -3.2274415 11.6900000 0.96 0.64 0.18
v -15.5095698 -3.2254687 11.6900000 0.96 0.64 0.18
v -15.4738988 -3.2220733 11.6900000 0.96 0.64 0.18
v -15.4383913 -3.2172607 11.6900000 0.96 0.64 0.18
v -15.4031036 -3.2110385 11.6900000 0.96 0.64 0.18
v -15.3680914 -3.2034166 11.6900000 0.96 0.64 0.18
v -15.3334104 -3.1944070 11.6900000 0.96 0.64 0.18
v -15.2991156 -3.1840241 11.6900000 0.96 0.64 0.18
v -15.2652612 -3.1722843 11.6900000 0.96 0.64 0.18
v -15.2319009 -3.1592062 11.6900000 0.96 0.64 0.18
v -15.1990877 -3.1448106 11.6900000 0.96 0.64 0.18
v -15.1668735 -3.1291202 11.6900000 0.96 0.64 0.18
v -15.1353094 -3.1121599 11.6900000 0.96 0.64 0.18
v -15.1044454 -3.0939567 11.6900000 0.96 0.64 0.18
v -15.0743305 -3.0745393 11.6900000 0.96 0.64 0.18
v -15.0450124 -3.0539385 11.6900000 0.96 0.64 0.18
v -15.0165375 -3.0321871 11.6900000 0.96 0.64 0.18
v -14.9889510 -3.0093194 11.6900000 0.96 0.64 0.18
v -14.9622967 -2.9853718 11.6900000 0.96 0.64 0.18
v -14.9366167 -2.9603822 11.6900000 0.96 0.64 0.18
v -14.9119518 -2.9343901 11.6900000 0.96 0.64 0.18
v -14.8883411 -2.9074369 11.6900000 0.96 0.64 0.18
v -14.8658220 -2.8795652 11.6900000 0.96 0.64 0.18
v -14.8444302 -2.8508191 11.6900000 0.96 0.64 0.18
v -14.8241996 -2.8212444 11.6900000 0.96 0.64 0.18
v -14.8051623 -2.7908878 11.6900000 0.96 0.64 0.18
v -14.7873484 -2.7597975 11.6900000 0.96 0.64 0.18
v -14.7707862 -2.7280227 11.6900000 0.96 0.64 0.18
v -14.7555020 -2.6956138 11.6900000 0.96 0.64 0.18
v -14.7415199 -2.6626222 11.6900000 0.96 0.64 0.18
v -14.7288621 -2.6291002 11.6900000 0.96 0.64 0.18
v -1.4279982 15.5769998 12.8000000 0.96 0.64 0.18
v -1.4287098 15.6127807 12.8000000 0.96 0.64 0.18
v -1.4308433 15.6485050 12.8000000 0.96 0.64 0.18
v -1.4343954 15.6841162 12.8000000 0.96 0.64 0.18
v -1.4393604 15.7195581 12.8000000 0.96 0.64 0.18
v -1.4457306 15.7547745 12.8000000 0.96 0.64 0.18
v -1.4534958 15.7897098 12.8000000 0.96 0.64 0.18
v -1.4626438 15.8243088 12.8000000 0.96 0.64 0.18
v -1.4731601 15.8585168 12.8000000 0.96 0.64 0.18
v -1.4850281 15.8922796 12.8000000 0.96 0.64 0.18
v -1.4982290 15.9255439 12.8000000 0.96 0.64 0.18
v -1.5127419 15.9582571 12.8000000 0.96 0.64 0.18
v -1.5285439 15.9903674 12.8000000 0.96 0.64 0.18
v -1.5456100 16.0218241 12.8000000 0.96 0.64 0.18
v -1.5639132 16.0525775 12.8000000 0.96 0.64 0.18
v -1.5834246 16.0825788 12.8000000 0.96 0.64 0.18
v -1.6041133 16.1117808 12.8000000 0.96 0.64 0.18
v -1.6259466 16.1401371 12.8000000 0.96 0.64 0.18
v -1.6488901 16.1676030 12.8000000 0.96 0.64 0.18
v -1.6729073 16.1941351 12.8000000 0.96 0.64 0.18
v -1.6979604 16.2196913 12.8000000 0.96 0.64 0.18
v -1.7240096 16.2442313 12.8000000 0.96 0.64 0.18
v -1.7510140 16.2677162 12.8000000 0.96 0.64 0.18
v -1.7789306 16.2901091 12.8000000 0.96 0.64 0.18
v -1.8077154 16.3113743 12.8000000 0.96 0.64 0.18
v -1.8373229 16.3314783 12.8000000 0.96 0.64 0.18
v -1.8677063 16.3503894 12.8000000 0.96 0.64 0.18
v -1.8988175 16.3680775 12.8000000 0.96 0.64 0.18
v -1.9306073 16.3845148 12.8000000 0.96 0.64 0.18
v -1.9630254 16.3996753 12.8000000 0.96 0.64 0.18
v -1.9960207 16.4135349 12.8000000 0.96 0.64 0.18
v -2.0295409 16.4260718 12.8000000 0.96 0.64 0.18
v -2.0635330 16.4372662 12.8000000 0.96 0.64 0.18
v -2.0979433 16.4471003 12.8000000 0.96 0.64 0.18
v -2.1327173 16.4555585 12.8000000 0.96 0.64 0.18
v -2.1678001 16.4626276 12.8000000 0.96 0.64 0.18
v -2.2031362 16.4682964 12.8000000 0.96 0.64 0.18
v -2.2386698 16.4725558 12.8000000 0.96 0.64 0.18
v -2.2743446 16.4753991 12.8000000 0.96 0.64 0.18
v -2.3101043 16.4768219 12.8000000 0.96 0.64 0.18
v -2.3458922 16.4768219 12.8000000 0.96 0.64 0.18
v -2.3816518 16.4753991 12.8000000 0.96 0.64 0.18
v -2.4173266 16.4725558 12.8000000 0.96 0.64 0.18
v -2.4528602 16.4682964 12.8000000 0.96 0.64 0.18
v -2.4881963 16.4626276 12.8000000 0.96 0.64 0.18
v -2.5232792 16.4555585 12.8000000 0.96 0.64 0.18
v -2.5580532 16.4471003 12.8000000 0.96 0.64 0.18
v -2.5924635 16.4372662 12.8000000 0.96 0.64 0.18
v -2.6264556 16.4260718 12.8000000 0.96 0.64 0.18
v -2.6599758 16.4135349 12.8000000 0.96 0.64 0.18
v -2.6929710 16.3996753 12.8000000 0.96 0.64 0.18
v -2.7253892 16.3845148 12.8000000 0.96 0.64 0.18
v -2.7571790 16.3680775 12.8000000 0.96 0.64 0.18
v -2.7882902 16.3503894 12.8000000 0.96 0.64 0.18
v -2.8186735 16.3314783 12.8000000 0.96 0.64 0.18
v -2.8482810 16.3113743 12.8000000 0.96 0.64 0.18
v -2.8770659 16.2901091 12.8000000 0.96 0.64 0.18
v -2.9049825 16.2677162 12.8000000 0.96 0.64 0.18
v -2.9319868 16.2442313 12.8000000 0.96 0.64 0.18
v -2.9580361 16.2196913 12.8000000 0.96 0.64 0.18
v -2.9830892 16.1941351 12.8000000 0.96 0.64 0.18
v -3.0071064 16.1676030 12.8000000 0.96 0.64 0.18
v -3.0300498 16.1401371 12.8000000 0.96 0.64 0.18
v -3.0518831 16.1117808 12.8000000 0.96 0.64 0.18
v -3.0725719 16.0825788 12.8000000 0.96 0.64 0.18
v -3.0920833 16.0525775 12.8000000 0.96 0.64 0.18
v -3.1103865 16.0218241 12.8000000 0.96 0.64 0.18
v -3.1274526 15.9903674 12.8000000 0.96 0.64 0.18
v -3.1432546 15.9582571 12.8000000 0.96 0.64 0.18
v -3.1577675 15.9255439 12.8000000 0.96 0.64 0.18
v -3.1709684 15.8922796 12.8000000 0.96 0.64 0.18
v -3.1828363 15.8585168 12.8000000 0.96 0.64 0.18
v -3.1933526 15.8243088 12.8000000 0.96 0.64 0.18
v -3.2025006 15.7897098 12.8000000 0.96 0.64 0.18
v -3.2102659 15.7547745 12.8000000 0.96 0.64 0.18
v -3.2166360 15.7195581 12.8000000 0.96 0.64 0.18
v -3.2216011 15.6841162 12.8000000 0.96 0.64 0.18
v -3.2251532 15.6485050 12.8000000 0.96 0.64 0.18
v -3.2272867 15.6127807 12.8000000 0.96 0.64 0.18
v -3.2279982 15.5769998 12.8000000 0.96 0.64 0.18
v -3.2272867 15.5412190 12.8000000 0.96 0.64 0.18
v -3.2251532 15.5054947 12.8000000 0.96 0.64 0.18
v -3.2216011 15.4698835 12.8000000 0.96 0.64 0.18
v -3.2166360 15.4344416 12.8000000 0.96 0.64 0.18
v -3.2102659 15.3992252 12.8000000 0.96 0.64 0.18
v -3.2025006 15.3642899 12.8000000 0.96 0.64 0.18
v -3.1933526 15.3296909 12.8000000 0.96 0.64 0.18
v -3.1828363 15.2954829 12.8000000 0.96 0.64 0.18
v -3.1709684 15.2617201 12.8000000 0.96 0.64 0.18
v -3.1577675 15.2284558 12.8000000 0.96 0.64 0.18
v -3.1432546 15.1957426 12.8000000 0.96 0.64 0.18
v -3.1274526 15.1636323 12.8000000 0.96 0.64 0.18
v -3.1103865 15.1321756 12.8000000 0.96 0.64 0.18
v -3.0920833 15.1014222 12.8000000 0.96 0.64 0.18
v -3.0725719 15.0714209 12.8000000 0.96 0.64 0.18
v -3.0518831 15.0422189 12.8000000 0.96 0.64 0.18
v -3.0300498 15.0138626 12.8000000 0.96 0.64 0.18
v -3.0071064 14.9863967 12.8000000 0.96 0.64 0.18
v -2.9830892 14.9598646 12.8000000 0.96 0.64 0.18
v -2.9580361 14.9343084 12.8000000 0.96 0.64 0.18
v -2.9319868 14.9097684 12.8000000 0.96 0.64 0.18
v -2.9049825 14.8862834 12.8000000 0.96 0.64 0.18
v -2.8770659 14.8638906 12.8000000 0.96 0.64 0.18
v -2.8482810 14.8426254 12.8000000 0.96 0.64 0.18
v -2.8186735 14.8225214 12.8000000 0.96 0.64 0.18
v -2.7882902 14.8036103 12.8000000 0.96 0.64 0.18
v -2.7571790 14.7859222 12.8000000 0.96 0.64 0.18
v -2.7253892 14.7694849 12.8000000 0.96 0.64 0.18
v -2.6929710 14.7543244 12.8000000 0.96 0.64 0.18
v -2.6599758 14.7404648 12.8000000 0.96 0.64 0.18
v -2.6264556 14.7279279 12.8000000 0.96 0.64 0.18
v -2.5924635 14.7167335 12.8000000 0.96 0.64 0.18
v -2.5580532 14.7068994 12.8000000 0.96 0.64 0.18
v -2.5232792 14.6984412 12.8000000 0.96 0.64 0.18
v -2.4881963 14.6913721 12.8000000 0.96 0.64 0.18
v -2.4528602 14.6857033 12.8000000 0.96 0.64 0.18
v -2.4173266 14.6814439 12.8000000 0.96 0.64 0.18
v -2.3816518 14.6786006 12.8000000 0.96 0.64 0.18
v -2.3458922 14.6771778 12.8000000 0.96 0.64 0.18
v -2.3101043 14.6771778 12.8000000 0.96 0.64 0.18
v -2.2743446 14.6786006 12.8000000 0.96 0.64 0.18
v -2.2386698 14.6814439 12.8000000 0.96 0.64 0.18
v -2.2031362 14.6857033 12.8000000 0.96 0.64 0.18
v -2.1678001 14.6913721 12.8000000 0.96 0.64 0.18
v -2.1327173 14.6984412 12.8000000 0.96 0.64 0.18
v -2.0979433 14.7068994 12.8000000 0.96 0.64 0.18
v -2.0635330 14.7167335 12.8000000 0.96 0.64 0.18
v -2.0295409 14.7279279 12.8000000 0.96 0.64 0.18
v -1.9960207 14.7404648 12.8000000 0.96 0.64 0.18
v -1.9630254 14.7543244 12.8000000 0.96 0.64 0.18
v -1.9306073 14.7694849 12.8000000 0.96 0.64 0.18
v -1.8988175 14.7859222 12.8000000 0.96 0.64 0.18
v -1.8677063 14.8036103 12.8000000 0.96 0.64 0.18
v -1.8373229 14.8225214 12.8000000 0.96 0.64 0.18
v -1.8077154 14.8426254 12.8000000 0.96 0.64 0.18
v -1.7789306 14.8638906 12.8000000 0.96 0.64 0.18
v -1.7510140 14.8862834 12.8000000 0.96 0.64 0.18
v -1.7240096 14.9097684 12.8000000 0.96 0.64 0.18
v -1.6979604 14.9343084 12.8000000 0.96 0.64 0.18
v -1.6729073 14.9598646 12.8000000 0.96 0.64 0.18
v -1.6488901 14.9863967 12.8000000 0.96 0.64 0.18
v -1.6259466 15.0138626 12.8000000 0.96 0.64 0.18
v -1.6041133 15.0422189 12.8000000 0.96 0.64 0.18
v -1.5834246 15.0714209 12.8000000 0.96 0.64 0.18
v -1.5639132 15.1014222 12.8000000 0.96 0.64 0.18
v -1.5456100 15.1321756 12.8000000 0.96 0.64 0.18
v -1.5285439 15.1636323 12.8000000 0.96 0.64 0.18
v -1.5127419 15.1957426 12.8000000 0.96 0.64 0.18
v -1.4982290 15.2284558 12.8000000 0.96 0.64 0.18
v -1.4850281 15.2617201 12.8000000 0.96 0.64 0.18
v -1.4731601 15.2954829 12.8000000 0.96 0.64 0.18
v -1.4626438 15.3296909 12.8000000 0.96 0.64 0.18
v -1.4534958 15.3642899 12.8000000 0.96 0.64 0.18
v -1.4457306 15.3992252 12.8000000 0.96 0.64 0.18
v -1.4393604 15.4344416 12.8000000 0.96 0.64 0.18
v -1.4343954 15.4698835 12.8000000 0.96 0.64 0.18
v -1.4308433 15.5054947 12.8000000 0.96 0.64 0.18
v -1.4287098 15.5412190 12.8000000 0.96 0.64 0.18
v 16.4769998 2.3279982 12.8000000 0.96 0.64 0.18
v 16.4762883 2.3637791 12.8000000 0.96 0.64 0.18
v 16.4741548 2.3995034 12.8000000 0.96 0.64 0.18
v 16.4706027 2.4351146 12.8000000 0.96 0.64 0.18
v 16.4656377 2.4705564 12.8000000 0.96 0.64 0.18
v 16.4592675 2.5057729 12.8000000 0.96 0.64 0.18
v 16.4515023 2.5407082 12.8000000 0.96 0.64 0.18
v 16.4423543 2.5753072 12.8000000 0.96 0.64 0.18
v 16.4318380 2.6095152 12.8000000 0.96 0.64 0.18
v 16.4199700 2.6432780 12.8000000 0.96 0.64 0.18
v 16.4067691 2.6765423 12.8000000 0.96 0.64 0.18
v 16.3922562 2.7092555 12.8000000 0.96 0.64 0.18
v 16.3764542 2.7413658 12.8000000 0.96 0.64 0.18
v 16.3593881 2.7728225 12.8000000 0.96 0.64 0.18
v 16.3410849 2.8035758 12.8000000 0.96 0.64 0.18
v 16.3215735 2.8335772 12.8000000 0.96 0.64 0.18
v 16.3008848 2.8627792 12.8000000 0.96 0.64 0.18
v 16.2790514 2.8911355 12.8000000 0.96 0.64 0.18
v 16.2561080 2.9186014 12.8000000 0.96 0.64 0.18
v 16.2320908 2.9451334 12.8000000 0.96 0.64 0.18
v 16.2070377 2.9706897 12.8000000 0.96 0.64 0.18
v 16.1809884 2.9952297 12.8000000 0.96 0.64 0.18
v 16.1539841 3.0187146 12.8000000 0.96 0.64 0.18
v 16.1260675 3.0411074 12.8000000 0.96 0.64 0.18
v 16.0972826 3.0623727 12.8000000 0.96 0.64 0.18
v 16.0676751 3.0824767 12.8000000 0.96 0.64 0.18
v 16.0372918 3.1013877 12.8000000 0.96 0.64 0.18
v 16.0061806 3.1190759 12.8000000 0.96 0.64 0.18
v 15.9743908 3.1355132 12.8000000 0.96 0.64 0.18
v 15.9419726 3.1506737 12.8000000 0.96 0.64 0.18
v 15.9089774 3.1645333 12.8000000 0.96 0.64 0.18
v 15.8754572 3.1770702 12.8000000 0.96 0.64 0.18
v 15.8414651 3.1882645 12.8000000 0.96 0.64 0.18
v 15.8070548 3.1980986 12.8000000 0.96 0.64 0.18
v 15.7722808 3.2065569 12.8000000 0.96 0.64 0.18
v 15.7371980 3.2136260 12.8000000 0.96 0.64 0.18
v 15.7018618 3.2192947 12.8000000 0.96 0.64 0.18
v 15.6663283 3.2235542 12.8000000 0.96 0.64 0.18
v 15.6306535 3.2263975 12.8000000 0.96 0.64 0.18
v 15.5948938 3.2278203 12.8000000 0.96 0.64 0.18
v 15.5591059 3.2278203 12.8000000 0.96 0.64 0.18
v 15.5233462 3.2263975 12.8000000 0.96 0.64 0.18
v 15.4876714 3.2235542 12.8000000 0.96 0.64 0.18
v 15.4521379 3.2192947 12.8000000 0.96 0.64 0.18
v 15.4168017 3.2136260 12.8000000 0.96 0.64 0.18
v 15.3817189 3.2065569 12.8000000 0.96 0.64 0.18
v 15.3469449 3.1980986 12.8000000 0.96 0.64 0.18
v 15.3125346 3.1882645 12.8000000 0.96 0.64 0.18
v 15.2785425 3.1770702 12.8000000 0.96 0.64 0.18
v 15.2450223 3.1645333 12.8000000 0.96 0.64 0.18
v 15.2120271 3.1506737 12.8000000 0.96 0.64 0.18
v 15.1796089 3.1355132 12.8000000 0.96 0.64 0.18
v 15.1478191 3.1190759 12.8000000 0.96 0.64 0.18
v 15.1167079 3.1013877 12.8000000 0.96 0.64 0.18
v 15.0863246 3.0824767 12.8000000 0.96 0.64 0.18
v 15.0567170 3.0623727 12.8000000 0.96 0.64 0.18
v 15.0279322 3.0411074 12.8000000 0.96 0.64 0.18
v 15.0000156 3.0187146 12.8000000 0.96 0.64 0.18
v 14.9730113 2.9952297 12.8000000 0.96 0.64 0.18
v 14.9469620 2.9706897 12.8000000 0.96 0.64 0.18
v 14.9219089 2.9451334 12.8000000 0.96 0.64 0.18
v 14.8978917 2.9186014 12.8000000 0.96 0.64 0.18
v 14.8749483 2.8911355 12.8000000 0.96 0.64 0.18
v 14.8531149 2.8627792 12.8000000 0.96 0.64 0.18
v 14.8324262 2.8335772 12.8000000 0.96 0.64 0.18
v 14.8129148 2.8035758 12.8000000 0.96 0.64 0.18
v 14.7946116 2.7728225 12.8000000 0.96 0.64 0.18
v 14.7775455 2.7413658 12.8000000 0.96 0.64 0.18
v 14.7617435 2.7092555 12.8000000 0.96 0.64 0.18
v 14.7472306 2.6765423 12.8000000 0.96 0.64 0.18
v 14.7340297 2.6432780 12.8000000 0.96 0.64 0.18
v 14.7221617 2.6095152 12.8000000 0.96 0.64 0.18
v 14.7116454 2.5753072 12.8000000 0.96 0.64 0.18
v 14.7024974 2.5407082 12.8000000 0.96 0.64 0.18
v 14.6947322 2.5057729 12.8000000 0.96 0.64 0.18
v 14.6883620 2.4705564 12.8000000 0.96 0.64 0.18
v 14.6833970 2.4351146 12.8000000 0.96 0.64 0.18
v 14.6798449 2.3995034 12.8000000 0.96 0.64 0.18
v 14.6777114 2.3637791 12.8000000 0.96 0.64 0.18
v 14.6769998 2.3279982 12.8000000 0.96 0.64 0.18
v 14.6777114 2.2922174 12.8000000 0.96 0.64 0.18
v 14.6798449 2.2564931 12.8000000 0.96 0.64 0.18
v 14.6833970 2.2208819 12.8000000 0.96 0.64 0.18
v 14.6883620 2.1854400 12.8000000 0.96 0.64 0.18
v 14.6947322 2.1502236 12.8000000 0.96 0.64 0.18
v 14.7024974 2.1152882 12.8000000 0.96 0.64 0.18
v 14.7116454 2.0806892 12.8000000 0.96 0.64 0.18
v 14.7221617 2.0464813 12.8000000 0.96 0.64 0.18
v 14.7340297 2.0127185 12.8000000 0.96 0.64 0.18
v 14.7472306 1.9794542 12.8000000 0.96 0.64 0.18
v 14.7617435 1.9467410 12.8000000 0.96 0.64 0.18
v 14.7775455 1.9146307 12.8000000 0.96 0.64 0.18
v 14.7946116 1.8831740 12.8000000 0.96 0.64 0.18
v 14.8129148 1.8524206 12.8000000 0.96 0.64 0.18
v 14.8324262 1.8224192 12.8000000 0.96 0.64 0.18
v 14.8531149 1.7932173 12.8000000 0.96 0.64 0.18
v 14.8749483 1.7648610 12.8000000 0.96 0.64 0.18
v 14.8978917 1.7373951 12.8000000 0.96 0.64 0.18
v 14.9219089 1.7108630 12.8000000 0.96 0.64 0.18
v 14.9469620 1.6853068 12.8000000 0.96 0.64 0.18
v 14.9730113 1.6607668 12.8000000 0.96 0.64 0.18
v 15.0000156 1.6372818 12.8000000 0.96 0.64 0.18
v 15.0279322 1.6148890 12.8000000 0.96 0.64 0.18
v 15.0567170 1.5936238 12.8000000 0.96 0.64 0.18
v 15.0863246 1.5735198 12.8000000 0.96 0.64 0.18
v 15.1167079 1.5546087 12.8000000 0.96 0.64 0.18
v 15.1478191 1.5369206 12.8000000 0.96 0.64 0.18
v 15.1796089 1.5204833 12.8000000 0.96 0.64 0.18
v 15.2120271 1.5053228 12.8000000 0.96 0.64 0.18
v 15.2450223 1.4914632 12.8000000 0.96 0.64 0.18
v 15.2785425 1.4789263 12.8000000 0.96 0.64 0.18
v 15.3125346 1.4677319 12.8000000 0.96 0.64 0.18
v 15.3469449 1.4578978 12.8000000 0.96 0.64 0.18
v 15.3817189 1.4494395 12.8000000 0.96 0.64 0.18
v 15.4168017 1.4423704 12.8000000 0.96 0.64 0.18
v 15.4521379 1.4367017 12.8000000 0.96 0.64 0.18
v 15.4876714 1.4324423 12.8000000 0.96 0.64 0.18
v 15.5233462 1.4295989 12.8000000 0.96 0.64 0.18
v 15.5591059 1.4281761 12.8000000 0.96 0.64 0.18
v 15.5948938 1.4281761 12.8000000 0.96 0.64 0.18
v 15.6306535 1.4295989 12.8000000 0.96 0.64 0.18
v 15.6663283 1.4324423 12.8000000 0.96 0.64 0.18
v 15.7018618 1.4367017 12.8000000 0.96 0.64 0.18
v 15.7371980 1.4423704 12.8000000 0.96 0.64 0.18
v 15.7722808 1.4494395 12.8000000 0.96 0.64 0.18
v 15.8070548 1.4578978 12.8000000 0.96 0.64 0.18
v 15.8414651 1.4677319 12.8000000 0.96 0.64 0.18
v 15.8754572 1.4789263 12.8000000 0.96 0.64 0.18
v 15.9089774 1.4914632 12.8000000 0.96 0.64 0.18
v 15.9419726 1.5053228 12.8000000 0.96 0.64 0.18
v 15.9743908 1.5204833 12.8000000 0.96 0.64 0.18
v 16.0061806 1.5369206 12.8000000 0.96 0.64 0.18
v 16.0372918 1.5546087 12.8000000 0.96 0.64 0.18
v 16.0676751 1.5735198 12.8000000 0.96 0.64 0.18
v 16.0972826 1.5936238 12.8000000 0.96 0.64 0.18
v 16.1260675 1.6148890 12.8000000 0.96 0.64 0.18
v 16.1539841 1.6372818 12.8000000 0.96 0.64 0.18
v 16.1809884 1.6607668 12.8000000 0.96 0.64 0.18
v 16.2070377 1.6853068 12.8000000 0.96 0.64 0.18
v 16.2320908 1.7108630 12.8000000 0.96 0.64 0.18
v 16.2561080 1.7373951 12.8000000 0.96 0.64 0.18
v 16.2790514 1.7648610 12.8000000 0.96 0.64 0.18
v 16.3008848 1.7932173 12.8000000 0.96 0.64 0.18
v 16.3215735 1.8224192 12.8000000 0.96 0.64 0.18
v 16.3410849 1.8524206 12.8000000 0.96 0.64 0.18
v 16.3593881 1.8831740 12.8000000 0.96 0.64 0.18
v 16.3764542 1.9146307 12.8000000 0.96 0.64 0.18
v 16.3922562 1.9467410 12.8000000 0.96 0.64 0.18
v 16.4067691 1.9794542 12.8000000 0.96 0.64 0.18
v 16.4199700 2.0127185 12.8000000 0.96 0.64 0.18
v 16.4318380 2.0464813 12.8000000 0.96 0.64 0.18
v 16.4423543 2.0806892 12.8000000 0.96 0.64 0.18
v 16.4515023 2.1152882 12.8000000 0.96 0.64 0.18
v 16.4592675 2.1502236 12.8000000 0.96 0.64 0.18
v 16.4656377 2.1854400 12.8000000 0.96 0.64 0.18
v 16.4706027 2.2208819 12.8000000 0.96 0.64 0.18
v 16.4741548 2.2564931 12.8000000 0.96 0.64 0.18
v 16.4762883 2.2922174 12.8000000 0.96 0.64 0.18
v -14.6769998 -2.3279982 12.8000000 0.96 0.64 0.18
v -14.6777114 -2.2922174 12.8000000 0.96 0.64 0.18
v -14.6798449 -2.2564931 12.8000000 0.96 0.64 0.18
v -14.6833970 -2.2208819 12.8000000 0.96 0.64 0.18
v -14.6883620 -2.1854400 12.8000000 0.96 0.64 0.18
v -14.6947322 -2.1502236 12.8000000 0.96 0.64 0.18
v -14.7024974 -2.1152882 12.8000000 0.96 0.64 0.18
v -14.7116454 -2.0806892 12.8000000 0.96 0.64 0.18
v -14.7221617 -2.0464813 12.8000000 0.96 0.64 0.18
v -14.7340297 -2.0127185 12.8000000 0.96 0.64 0.18
v -14.7472306 -1.9794542 12.8000000 0.96 0.64 0.18
v -14.7617435 -1.9467410 12.8000000 0.96 0.64 0.18
v -14.7775455 -1.9146307 12.8000000 0.96 0.64 0.18
v -14.7946116 -1.8831740 12.8000000 0.96 0.64 0.18
v -14.8129148 -1.8524206 12.8000000 0.96 0.64 0.18
v -14.8324262 -1.8224192 12.8000000 0.96 0.64 0.18
v -14.8531149 -1.7932173 12.8000000 0.96 0.64 0.18
v -14.8749483 -1.7648610 12.8000000 0.96 0.64 0.18
v -14.8978917 -1.7373951 12.8000000 0.96 0.64 0.18
v -14.9219089 -1.7108630 12.8000000 0.96 0.64 0.18
v -14.9469620 -1.6853068 12.8000000 0.96 0.64 0.18
v -14.9730113 -1.6607668 12.8000000 0.96 0.64 0.18
v -15.0000156 -1.6372818 12.8000000 0.96 0.64 0.18
v -15.0279322 -1.6148890 12.8000000 0.96 0.64 0.18
v -15.0567170 -1.5936238 12.8000000 0.96 0.64 0.18
v -15.0863246 -1.5735198 12.8000000 0.96 0.64 0.18
v -15.1167079 -1.5546087 12.8000000 0.96 0.64 0.18
v -15.1478191 -1.5369206 12.8000000 0.96 0.64 0.18
v -15.1796089 -1.5204833 12.8000000 0.96 0.64 0.18
v -15.2120271 -1.5053228 12.8000000 0.96 0.64 0.18
v -15.2450223 -1.4914632 12.8000000 0.96 0.64 0.18
v -15.2785425 -1.4789263 12.8000000 0.96 0.64 0.18
v -15.3125346 -1.4677319 12.8000000 0.96 0.64 0.18
v -15.3469449 -1.4578978 12.8000000 0.96 0.64 0.18
v -15.3817189 -1.4494395 12.8000000 0.96 0.64 0.18
v -15.4168017 -1.4423704 12.8000000 0.96 0.64 0.18
v -15.4521379 -1.4367017 12.8000000 0.96 0.64 0.18
v -15.4876714 -1.4324423 12.8000000 0.96 0.64 0.18
v -15.5233462 -1.4295989 12.8000000 0.96 0.64 0.18
v -15.5591059 -1.4281761 12.8000000 0.96 0.64 0.18
v -15.5948938 -1.4281761 12.8000000 0.96 0.64 0.18
v -15.6306535 -1.4295989 12.8000000 0.96 0.64 0.18
v -15.6663283 -1.4324423 12.8000000 0.96 0.64 0.18
v -15.7018618 -1.4367017 12.8000000 0.96 0.64 0.18
v -15.7371980 -1.4423704 12.8000000 0.96 0.64 0.18
v -15.7722808 -1.4494395 12.8000000 0.96 0.64 0.18
v -15.8070548 -1.4578978 12.8000000 0.96 0.64 0.18
v -15.8414651 -1.4677319 12.8000000 0.96 0.64 0.18
v -15.8754572 -1.4789263 12.8000000 0.96 0.64 0.18
v -15.9089774 -1.4914632 12.8000000 0.96 0.64 0.18
v -15.9419726 -1.5053228 12.8000000 0.96 0.64 0.18
v -15.9743908 -1.5204833 12.8000000 0.96 0.64 0.18
v -16.0061806 -1.5369206 12.8000000 0.96 0.64 0.18
v -16.0372918 -1.5546087 12.8000000 0.96 0.64 0.18
v -16.0676751 -1.5735198 12.8000000 0.96 0.64 0.18
v -16.0972826 -1.5936238 12.8000000 0.96 0.64 0.18
v -16.1260675 -1.6148890 12.8000000 0.96 0.64 0.18
v -16.1539841 -1.6372818 12.8000000 0.96 0.64 0.18
v -16.1809884 -1.6607668 12.8000000 0.96 0.64 0.18
v -16.2070377 -1.6853068 12.8000000 0.96 0.64 0.18
v -16.2320908 -1.7108630 12.8000000 0.96 0.64 0.18
v -16.2561080 -1.7373951 12.8000000 0.96 0.64 0.18
v -16.2790514 -1.7648610 12.8000000 0.96 0.64 0.18
v -16.3008848 -1.7932173 12.8000000 0.96 0.64 0.18
v -16.3215735 -1.8224192 12.8000000 0.96 0.64 0.18
v -16.3410849 -1.8524206 12.8000000 0.96 0.64 0.18
v -16.3593881 -1.8831740 12.8000000 0.96 0.64 0.18
v -16.3764542 -1.9146307 12.8000000 0.96 0.64 0.18
v -16.3922562 -1.9467410 12.8000000 0.96 0.64 0.18
v -16.4067691 -1.9794542 12.8000000 0.96 0.64 0.18
v -16.4199700 -2.0127185 12.8000000 0.96 0.64 0.18
v -16.4318380 -2.0464813 12.8000000 0.96 0.64 0.18
v -16.4423543 -2.0806892 12.8000000 0.96 0.64 0.18
v -16.4515023 -2.1152882 12.8000000 0.96 0.64 0.18
v -16.4592675 -2.1502236 12.8000000 0.96 0.64 0.18
v -16.4656377 -2.1854400 12.8000000 0.96 0.64 0.18
v -16.4706027 -2.2208819 12.8000000 0.96 0.64 0.18
v -16.4741548 -2.2564931 12.8000000 0.96 0.64 0.18
v -16.4762883 -2.2922174 12.8000000 0.96 0.64 0.18
v -16.4769998 -2.3279982 12.8000000 0.96 0.64 0.18
v -16.4762883 -2.3637791 12.8000000 0.96 0.64 0.18
v -16.4741548 -2.3995034 12.8000000 0.96 0.64 0.18
v -16.4706027 -2.4351146 12.8000000 0.96 0.64 0.18
v -16.4656377 -2.4705564 12.8000000 0.96 0.64 0.18
v -16.4592675 -2.5057729 12.8000000 0.96 0.64 0.18
v -16.4515023 -2.5407082 12.8000000 0.96 0.64 0.18
v -16.4423543 -2.5753072 12.8000000 0.96 0.64 0.18
v -16.4318380 -2.6095152 12.8000000 0.96 0.64 0.18
v -16.4199700 -2.6432780 12.8000000 0.96 0.64 0.18
v -16.4067691 -2.6765423 12.8000000 0.96 0.64 0.18
v -16.3922562 -2.7092555 12.8000000 0.96 0.64 0.18
v -16.3764542 -2.7413658 12.8000000 0.96 0.64 0.18
v -16.3593881 -2.7728225 12.8000000 0.96 0.64 0.18
v -16.3410849 -2.8035758 12.8000000 0.96 0.64 0.18
v -16.3215735 -2.8335772 12.8000000 0.96 0.64 0.18
v -16.3008848 -2.8627792 12.8000000 0.96 0.64 0.18
v -16.2790514 -2.8911355 12.8000000 0.96 0.64 0.18
v -16.2561080 -2.9186014 12.8000000 0.96 0.64 0.18
v -16.2320908 -2.9451334 12.8000000 0.96 0.64 0.18
v -16.2070377 -2.9706897 12.8000000 0.96 0.64 0.18
v -16.1809884 -2.9952297 12.8000000 0.96 0.64 0.18
v -16.1539841 -3.0187146 12.8000000 0.96 0.64 0.18
v -16.1260675 -3.0411074 12.8000000 0.96 0.64 0.18
v -16.0972826 -3.0623727 12.8000000 0.96 0.64 0.18
v -16.0676751 -3.0824767 12.8000000 0.96 0.64 0.18
v -16.0372918 -3.1013877 12.8000000 0.96 0.64 0.18
v -16.0061806 -3.1190759 12.8000000 0.96 0.64 0.18
v -15.9743908 -3.1355132 12.8000000 0.96 0.64 0.18
v -15.9419726 -3.1506737 12.8000000 0.96 0.64 0.18
v -15.9089774 -3.1645333 12.8000000 0.96 0.64 0.18
v -15.8754572 -3.1770702 12.8000000 0.96 0.64 0.18
v -15.8414651 -3.1882645 12.8000000 0.96 0.64 0.18
v -15.8070548 -3.1980986 12.8000000 0.96 0.64 0.18
v -15.7722808 -3.2065569 12.8000000 0.96 0.64 0.18
v -15.7371980 -3.2136260 12.8000000 0.96 0.64 0.18
v -15.7018618 -3.2192947 12.8000000 0.96 0.64 0.18
v -15.6663283 -3.2235542 12.8000000 0.96 0.64 0.18
v -15.6306535 -3.2263975 12.8000000 0.96 0.64 0.18
v -15.5948938 -3.2278203 12.8000000 0.96 0.64 0.18
v -15.5591059 -3.2278203 12.8000000 0.96 0.64 0.18
v -15.5233462 -3.2263975 12.8000000 0.96 0.64 0.18
v -15.4876714 -3.2235542 12.8000000 0.96 0.64 0.18
v -15.4521379 -3.2192947 12.8000000 0.96 0.64 0.18
v -15.4168017 -3.2136260 12.8000000 0.96 0.64 0.18
v -15.3817189 -3.2065569 12.8000000 0.96 0.64 0.18
v -15.3469449 -3.1980986 12.8000000 0.96 0.64 0.18
v -15.3125346 -3.1882645 12.8000000 0.96 0.64 0.18
v -15.2785425 -3.1770702 12.8000000 0.96 0.64 0.18
v -15.2450223 -3.1645333 12.8000000 0.96 0.64 0.18
v -15.2120271 -3.1506737 12.8000000 0.96 0.64 0.18
v -15.1796089 -3.1355132 12.8000000 0.96 0.64 0.18
v -15.1478191 -3.1190759 12.8000000 0.96 0.64 0.18
v -15.1167079 -3.1013877 12.8000000 0.96 0.64 0.18
v -15.0863246 -3.0824767 12.8000000 0.96 0.64 0.18
v -15.0567170 -3.0623727 12.8000000 0.96 0.64 0.18
v -15.0279322 -3.0411074 12.8000000 0.96 0.64 0.18
v -15.0000156 -3.0187146 12.8000000 0.96 0.64 0.18
v -14.9730113 -2.9952297 12.8000000 0.96 0.64 0.18
v -14.9469620 -2.9706897 12.8000000 0.96 0.64 0.18
v -14.9219089 -2.9451334 12.8000000 0.96 0.64 0.18
v -14.8978917 -2.9186014 12.8000000 0.96 0.64 0.18
v -14.8749483 -2.8911355 12.8000000 0.96 0.64 0.18
v -14.8531149 -2.8627792 12.8000000 0.96 0.64 0.18
v -14.8324262 -2.8335772 12.8000000 0.96 0.64 0.18
v -14.8129148 -2.8035758 12.8000000 0.96 0.64 0.18
v -14.7946116 -2.7728225 12.8000000 0.96 0.64 0.18
v -14.7775455 -2.7413658 12.8000000 0.96 0.64 0.18
v -14.7617435 -2.7092555 12.8000000 0.96 0.64 0.18
v -14.7472306 -2.6765423 12.8000000 0.96 0.64 0.18
v -14.7340297 -2.6432780 12.8000000 0.96 0.64 0.18
v -14.7221617 -2.6095152 12.8000000 0.96 0.64 0.18
v -14.7116454 -2.5753072 12.8000000 0.96 0.64 0.18
v -14.7024974 -2.5407082 12.8000000 0.96 0.64 0.18
v -14.6947322 -2.5057729 12.8000000 0.96 0.64 0.18
v -14.6883620 -2.4705564 12.8000000 0.96 0.64 0.18
v -14.6833970 -2.4351146 12.8000000 0.96 0.64 0.18
v -14.6798449 -2.3995034 12.8000000 0.96 0.64 0.18
v -14.6777114 -2.3637791 12.8000000 0.96 0.64 0.18
v 3.2279982 -15.5769998 12.8000000 0.96 0.64 0.18
v 3.2272867 -15.5412190 12.8000000 0.96 0.64 0.18
v 3.2251532 -15.5054947 12.8000000 0.96 0.64 0.18
v 3.2216011 -15.4698835 12.8000000 0.96 0.64 0.18
v 3.2166360 -15.4344416 12.8000000 0.96 0.64 0.18
v 3.2102659 -15.3992252 12.8000000 0.96 0.64 0.18
v 3.2025006 -15.3642899 12.8000000 0.96 0.64 0.18
v 3.1933526 -15.3296909 12.8000000 0.96 0.64 0.18
v 3.1828363 -15.2954829 12.8000000 0.96 0.64 0.18
v 3.1709684 -15.2617201 12.8000000 0.96 0.64 0.18
v 3.1577675 -15.2284558 12.8000000 0.96 0.64 0.18
v 3.1432546 -15.1957426 12.8000000 0.96 0.64 0.18
v 3.1274526 -15.1636323 12.8000000 0.96 0.64 0.18
v 3.1103865 -15.1321756 12.8000000 0.96 0.64 0.18
v 3.0920833 -15.1014222 12.8000000 0.96 0.64 0.18
v 3.0725719 -15.0714209 12.8000000 0.96 0.64 0.18
v 3.0518831 -15.0422189 12.8000000 0.96 0.64 0.18
v 3.0300498 -15.0138626 12.8000000 0.96 0.64 0.18
v 3.0071064 -14.9863967 12.8000000 0.96 0.64 0.18
v 2.9830892 -14.9598646 12.8000000 0.96 0.64 0.18
v 2.9580361 -14.9343084 12.8000000 0.96 0.64 0.18
v 2.9319868 -14.9097684 12.8000000 0.96 0.64 0.18
v 2.9049825 -14.8862834 12.8000000 0.96 0.64 0.18
v 2.8770659 -14.8638906 12.8000000 0.96 0.64 0.18
v 2.8482810 -14.8426254 12.8000000 0.96 0.64 0.18
v 2.8186735 -14.8225214 12.8000000 0.96 0.64 0.18
v 2.7882902 -14.8036103 12.8000000 0.96 0.64 0.18
v 2.7571790 -14.7859222 12.8000000 0.96 0.64 0.18
v 2.7253892 -14.7694849 12.8000000 0.96 0.64 0.18
v 2.6929710 -14.7543244 12.8000000 0.96 0.64 0.18
v 2.6599758 -14.7404648 12.8000000 0.96 0.64 0.18
v 2.6264556 -14.7279279 12.8000000 0.96 0.64 0.18
v 2.5924635 -14.7167335 12.8000000 0.96 0.64 0.18
v 2.5580532 -14.7068994 12.8000000 0.96 0.64 0.18
v 2.5232792 -14.6984412 12.8000000 0.96 0.64 0.18
v 2.4881963 -14.6913721 12.8000000 0.96 0.64 0.18
v 2.4528602 -14.6857033 12.8000000 0.96 0.64 0.18
v 2.4173266 -14.6814439 12.8000000 0.96 0.64 0.18
v 2.3816518 -14.6786006 12.8000000 0.96 0.64 0.18
v 2.3458922 -14.6771778 12.8000000 0.96 0.64 0.18
v 2.3101043 -14.6771778 12.8000000 0.96 0.64 0.18
v 2.2743446 -14.6786006 12.8000000 0.96 0.64 0.18
v 2.2386698 -14.6814439 12.8000000 0.96 0.64 0.18
v 2.2031362 -14.6857033 12.8000000 0.96 0.64 0.18
v 2.1678001 -14.6913721 12.8000000 0.96 0.64 0.18
v 2.1327173 -14.6984412 12.8000000 0.96 0.64 0.18
v 2.0979433 -14.7068994 12.8000000 0.96 0.64 0.18
v 2.0635330 -14.7167335 12.8000000 0.96 0.64 0.18
v 2.0295409 -14.7279279 12.8000000 0.96 0.64 0.18
v 1.9960207 -14.7404648 12.8000000 0.96 0.64 0.18
v 1.9630254 -14.7543244 12.8000000 0.96 0.64 0.18
v 1.9306073 -14.7694849 12.8000000 0.96 0.64 0.18
v 1.8988175 -14.7859222 12.8000000 0.96 0.64 0.18
v 1.8677063 -14.8036103 12.8000000 0.96 0.64 0.18
v 1.8373229 -14.8225214 12.8000000 0.96 0.64 0.18
v 1.8077154 -14.8426254 12.8000000 0.96 0.64 0.18
v 1.7789306 -14.8638906 12.8000000 0.96 0.64 0.18
v 1.7510140 -14.8862834 12.8000000 0.96 0.64 0.18
v 1.7240096 -14.9097684 12.8000000 0.96 0.64 0.18
v 1.6979604 -14.9343084 12.8000000 0.96 0.64 0.18
v 1.6729073 -14.9598646 12.8000000 0.96 0.64 0.18
v 1.6488901 -14.9863967 12.8000000 0.96 0.64 0.18
v 1.6259466 -15.0138626 12.8000000 0.96 0.64 0.18
v 1.6041133 -15.0422189 12.8000000 0.96 0.64 0.18
v 1.5834246 -15.0714209 12.8000000 0.96 0.64 0.18
v 1.5639132 -15.1014222 12.8000000 0.96 0.64 0.18
v 1.5456100 -15.1321756 12.8000000 0.96 0.64 0.18
v 1.5285439 -15.1636323 12.8000000 0.96 0.64 0.18
v 1.5127419 -15.1957426 12.8000000 0.96 0.64 0.18
v 1.4982290 -15.2284558 12.8000000 0.96 0.64 0.18
v 1.4850281 -15.2617201 12.8000000 0.96 0.64 0.18
v 1.4731601 -15.2954829 12.8000000 0.96 0.64 0.18
v 1.4626438 -15.3296909 12.8000000 0.96 0.64 0.18
v 1.4534958 -15.3642899 12.8000000 0.96 0.64 0.18
v 1.4457306 -15.3992252 12.8000000 0.96 0.64 0.18
v 1.4393604 -15.4344416 12.8000000 0.96 0.64 0.18
v 1.4343954 -15.4698835 12.8000000 0.96 0.64 0.18
v 1.4308433 -15.5054947 12.8000000 0.96 0.64 0.18
v 1.4287098 -15.5412190 12.8000000 0.96 0.64 0.18
v 1.4279982 -15.5769998 12.8000000 0.96 0.64 0.18
v 1.4287098 -15.6127807 12.8000000 0.96 0.64 0.18
v 1.4308433 -15.6485050 12.8000000 0.96 0.64 0.18
v 1.4343954 -15.6841162 12.8000000 0.96 0.64 0.18
v 1.4393604 -15.7195581 12.8000000 0.96 0.64 0.18
v 1.4457306 -15.7547745 12.8000000 0.96 0.64 0.18
v 1.4534958 -15.7897098 12.8000000 0.96 0.64 0.18
v 1.4626438 -15.8243088 12.8000000 0.96 0.64 0.18
v 1.4731601 -15.8585168 12.8000000 0.96 0.64 0.18
v 1.4850281 -15.8922796 12.8000000 0.96 0.64 0.18
v 1.4982290 -15.9255439 12.8000000 0.96 0.64 0.18
v 1.5127419 -15.9582571 12.8000000 0.96 0.64 0.18
v 1.5285439 -15.9903674 12.8000000 0.96 0.64 0.18
v 1.5456100 -16.0218241 12.8000000 0.96 0.64 0.18
v 1.5639132 -16.0525775 12.8000000 0.96 0.64 0.18
v 1.5834246 -16.0825788 12.8000000 0.96 0.64 0.18
v 1.6041133 -16.1117808 12.8000000 0.96 0.64 0.18
v 1.6259466 -16.1401371 12.8000000 0.96 0.64 0.18
v 1.6488901 -16.1676030 12.8000000 0.96 0.64 0.18
v 1.6729073 -16.1941351 12.8000000 0.96 0.64 0.18
v 1.6979604 -16.2196913 12.8000000 0.96 0.64 0.18
v 1.7240096 -16.2442313 12.8000000 0.96 0.64 0.18
v 1.7510140 -16.2677162 12.8000000 0.96 0.64 0.18
v 1.7789306 -16.2901091 12.8000000 0.96 0.64 0.18
v 1.8077154 -16.3113743 12.8000000 0.96 0.64 0.18
v 1.8373229 -16.3314783 12.8000000 0.96 0.64 0.18
v 1.8677063 -16.3503894 12.8000000 0.96 0.64 0.18
v 1.8988175 -16.3680775 12.8000000 0.96 0.64 0.18
v 1.9306073 -16.3845148 12.8000000 0.96 0.64 0.18
v 1.9630254 -16.3996753 12.8000000 0.96 0.64 0.18
v 1.9960207 -16.4135349 12.8000000 0.96 0.64 0.18
v 2.0295409 -16.4260718 12.8000000 0.96 0.64 0.18
v 2.0635330 -16.4372662 12.8000000 0.96 0.64 0.18
v 2.0979433 -16.4471003 12.8000000 0.96 0.64 0.18
v 2.1327173 -16.4555585 12.8000000 0.96 0.64 0.18
v 2.1678001 -16.4626276 12.8000000 0.96 0.64 0.18
v 2.2031362 -16.4682964 12.8000000 0.96 0.64 0.18
v 2.2386698 -16.4725558 12.8000000 0.96 0.64 0.18
v 2.2743446 -16.4753991 12.8000000 0.96 0.64 0.18
v 2.3101043 -16.4768219 12.8000000 0.96 0.64 0.18
v 2.3458922 -16.4768219 12.8000000 0.96 0.64 0.18
v 2.3816518 -16.4753991 12.8000000 0.96 0.64 0.18
v 2.4173266 -16.4725558 12.8000000 0.96 0.64 0.18
v 2.4528602 -16.4682964 12.8000000 0.96 0.64 0.18
v 2.4881963 -16.4626276 12.8000000 0.96 0.64 0.18
v 2.5232792 -16.4555585 12.8000000 0.96 0.64 0.18
v 2.5580532 -16.4471003 12.8000000 0.96 0.64 0.18
v 2.5924635 -16.4372662 12.8000000 0.96 0.64 0.18
v 2.6264556 -16.4260718 12.8000000 0.96 0.64 0.18
v 2.6599758 -16.4135349 12.8000000 0.96 0.64 0.18
v 2.6929710 -16.3996753 12.8000000 0.96 0.64 0.18
v 2.7253892 -16.3845148 12.8000000 0.96 0.64 0.18
v 2.7571790 -16.3680775 12.8000000 0.96 0.64 0.18
v 2.7882902 -16.3503894 12.8000000 0.96 0.64 0.18
v 2.8186735 -16.3314783 12.8000000 0.96 0.64 0.18
v 2.8482810 -16.3113743 12.8000000 0.96 0.64 0.18
v 2.8770659 -16.2901091 12.8000000 0.96 0.64 0.18
v 2.9049825 -16.2677162 12.8000000 0.96 0.64 0.18
v 2.9319868 -16.2442313 12.8000000 0.96 0.64 0.18
v 2.9580361 -16.2196913 12.8000000 0.96 0.64 0.18
v 2.9830892 -16.1941351 12.8000000 0.96 0.64 0.18
v 3.0071064 -16.1676030 12.8000000 0.96 0.64 0.18
v 3.0300498 -16.1401371 12.8000000 0.96 0.64 0.18
v 3.0518831 -16.1117808 12.8000000 0.96 0.64 0.18
v 3.0725719 -16.0825788 12.8000000 0.96 0.64 0.18
v 3.0920833 -16.0525775 12.8000000 0.96 0.64 0.18
v 3.1103865 -16.0218241 12.8000000 0.96 0.64 0.18
v 3.1274526 -15.9903674 12.8000000 0.96 0.64 0.18
v 3.1432546 -15.9582571 12.8000000 0.96 0.64 0.18
v 3.1577675 -15.9255439 12.8000000 0.96 0.64 0.18
v 3.1709684 -15.8922796 12.8000000 0.96 0.64 0.18
v 3.1828363 -15.8585168 12.8000000 0.96 0.64 0.18
v 3.1933526 -15.8243088 12.8000000 0.96 0.64 0.18
v 3.2025006 -15.7897098 12.8000000 0.96 0.64 0.18
v 3.2102659 -15.7547745 12.8000000 0.96 0.64 0.18
v 3.2166360 -15.7195581 12.8000000 0.96 0.64 0.18
v 3.2216011 -15.6841162 12.8000000 0.96 0.64 0.18
v 3.2251532 -15.6485050 12.8000000 0.96 0.64 0.18
v 3.2272867 -15.6127807 12.8000000 0.96 0.64 0.18
usemtl Flexure_Retention_System
s off
f 166 184 165
f 166 185 184
f 167 185 166
f 167 186 185
f 168 186 167
f 168 187 186
f 169 187 168
f 169 188 187
f 170 188 169
f 170 189 188
f 171 189 170
f 171 190 189
f 172 190 171
f 172 191 190
f 173 191 172
f 173 192 191
f 174 192 173
f 174 193 192
f 175 193 174
f 175 194 193
f 176 194 175
f 176 195 194
f 177 195 176
f 177 196 195
f 178 197 196
f 178 196 177
f 179 198 197
f 179 197 178
f 180 198 179
f 180 199 198
f 181 199 180
f 181 200 199
f 182 200 181
f 182 201 200
f 163 202 201
f 162 202 163
f 203 202 162
f 183 201 182
f 183 163 201
f 161 203 162
f 160 203 161
f 204 203 160
f 164 163 183
f 159 204 160
f 205 204 159
f 205 159 158
f 157 205 158
f 206 205 157
f 121 207 206
f 121 206 157
f 121 157 120
f 122 208 207
f 122 207 121
f 123 209 208
f 123 208 122
f 124 210 209
f 124 209 123
f 125 211 210
f 125 210 124
f 126 212 211
f 126 211 125
f 127 213 212
f 127 212 126
f 128 214 213
f 128 213 127
f 129 215 214
f 129 214 128
f 130 216 215
f 130 215 129
f 131 217 216
f 131 216 130
f 132 218 217
f 132 217 131
f 133 219 218
f 133 218 132
f 134 220 219
f 134 219 133
f 135 221 220
f 135 220 134
f 136 221 135
f 136 222 221
f 137 222 136
f 137 223 222
f 138 223 137
f 139 223 138
f 139 224 223
f 140 224 139
f 140 225 224
f 141 225 140
f 141 226 225
f 142 227 226
f 142 226 141
f 143 228 227
f 143 227 142
f 144 229 228
f 144 228 143
f 145 230 229
f 145 229 144
f 146 231 230
f 146 230 145
f 147 232 231
f 147 231 146
f 148 233 232
f 148 232 147
f 149 234 233
f 149 233 148
f 150 235 234
f 150 234 149
f 151 236 235
f 151 235 150
f 152 237 236
f 152 236 151
f 153 238 237
f 153 237 152
f 154 239 238
f 154 238 153
f 155 240 239
f 155 239 154
f 242 241 118
f 117 242 118
f 156 241 240
f 156 240 155
f 156 118 241
f 116 242 117
f 243 242 116
f 115 243 116
f 119 118 156
f 244 115 114
f 244 243 115
f 113 244 114
f 245 244 113
f 112 245 113
f 246 245 112
f 76 246 112
f 76 112 75
f 77 246 76
f 77 247 246
f 78 247 77
f 78 248 247
f 79 248 78
f 79 249 248
f 80 249 79
f 80 250 249
f 81 250 80
f 81 251 250
f 82 251 81
f 82 252 251
f 83 252 82
f 83 253 252
f 84 253 83
f 84 254 253
f 85 254 84
f 85 255 254
f 86 255 85
f 86 256 255
f 87 257 256
f 87 256 86
f 88 258 257
f 88 257 87
f 89 259 258
f 89 258 88
f 90 260 259
f 90 259 89
f 91 261 260
f 91 260 90
f 92 262 261
f 92 261 91
f 93 263 262
f 93 262 92
f 94 264 263
f 94 263 93
f 95 265 264
f 95 264 94
f 96 266 265
f 96 265 95
f 97 267 266
f 97 266 96
f 98 268 267
f 98 267 97
f 99 269 268
f 99 268 98
f 100 269 99
f 100 270 269
f 101 270 100
f 101 271 270
f 102 271 101
f 102 272 271
f 103 272 102
f 103 273 272
f 104 273 103
f 104 274 273
f 105 274 104
f 105 275 274
f 106 275 105
f 106 276 275
f 107 276 106
f 107 277 276
f 108 277 107
f 108 278 277
f 109 278 108
f 109 279 278
f 110 279 109
f 110 280 279
f 73 281 280
f 72 281 73
f 282 281 72
f 111 280 110
f 111 73 280
f 71 282 72
f 70 282 71
f 283 282 70
f 74 73 111
f 69 283 70
f 284 283 69
f 284 69 68
f 67 284 68
f 285 284 67
f 31 67 30
f 31 285 67
f 31 286 285
f 32 287 286
f 32 286 31
f 33 288 287
f 33 287 32
f 34 289 288
f 34 288 33
f 35 290 289
f 35 289 34
f 36 291 290
f 36 290 35
f 37 291 36
f 37 292 291
f 38 292 37
f 38 293 292
f 39 293 38
f 39 294 293
f 40 294 39
f 40 295 294
f 41 295 40
f 41 296 295
f 42 296 41
f 42 297 296
f 43 297 42
f 43 298 297
f 44 298 43
f 44 299 298
f 45 299 44
f 45 300 299
f 46 300 45
f 46 301 300
f 47 301 46
f 47 302 301
f 48 302 47
f 48 303 302
f 49 303 48
f 50 304 303
f 50 303 49
f 51 305 304
f 51 304 50
f 52 306 305
f 52 305 51
f 53 307 306
f 53 306 52
f 54 308 307
f 54 307 53
f 55 309 308
f 55 308 54
f 56 310 309
f 56 309 55
f 57 311 310
f 57 310 56
f 58 312 311
f 58 311 57
f 59 313 312
f 59 312 58
f 60 314 313
f 60 313 59
f 61 315 314
f 61 314 60
f 62 316 315
f 62 315 61
f 63 316 62
f 63 317 316
f 64 317 63
f 64 318 317
f 65 318 64
f 65 319 318
f 321 320 28
f 27 321 28
f 66 320 319
f 66 319 65
f 66 28 320
f 26 321 27
f 322 321 26
f 25 322 26
f 29 28 66
f 323 25 24
f 323 322 25
f 23 323 24
f 324 323 23
f 22 324 23
f 325 324 22
f 4 22 3
f 4 325 22
f 5 326 325
f 5 325 4
f 6 327 326
f 6 326 5
f 7 328 327
f 7 327 6
f 8 329 328
f 8 328 7
f 9 330 329
f 9 329 8
f 10 331 330
f 10 330 9
f 11 332 331
f 11 331 10
f 12 333 332
f 12 332 11
f 13 334 333
f 13 333 12
f 14 335 334
f 14 334 13
f 15 336 335
f 15 335 14
f 16 337 336
f 16 336 15
f 17 338 337
f 17 337 16
f 18 339 338
f 18 338 17
f 19 339 18
f 19 340 339
f 20 340 19
f 20 341 340
f 21 341 20
f 21 2 341
f 1 2 21
f 598 441 599
f 600 599 441
f 597 441 598
f 601 600 441
f 596 441 597
f 596 440 441
f 602 601 441
f 595 440 596
f 603 602 441
f 594 440 595
f 604 603 441
f 593 440 594
f 605 604 441
f 592 440 593
f 606 605 441
f 606 441 442
f 591 440 592
f 607 606 442
f 590 440 591
f 608 607 442
f 589 440 590
f 609 608 442
f 588 440 589
f 610 609 442
f 587 440 588
f 587 439 440
f 611 610 442
f 586 439 587
f 612 611 442
f 585 439 586
f 613 612 442
f 584 439 585
f 614 613 442
f 583 439 584
f 615 442 443
f 615 614 442
f 582 439 583
f 616 615 443
f 581 439 582
f 617 616 443
f 580 439 581
f 618 617 443
f 579 439 580
f 619 618 443
f 578 439 579
f 1115 619 443
f 1115 620 619
f 1115 621 620
f 1115 622 621
f 1115 623 622
f 1254 576 575
f 1254 577 576
f 1254 578 577
f 1254 439 578
f 1254 438 439
f 574 1254 575
f 624 623 1115
f 573 1254 574
f 1116 443 444
f 1116 1115 443
f 1289 438 1254
f 1289 437 438
f 625 624 1115
f 572 1253 1254
f 572 1254 573
f 626 1115 1150
f 626 625 1115
f 571 1252 1253
f 571 1253 572
f 1117 444 445
f 1117 1116 444
f 1288 436 437
f 1288 437 1289
f 627 1150 1151
f 627 626 1150
f 570 1251 1252
f 570 1252 571
f 628 1151 1152
f 628 627 1151
f 569 1250 1251
f 569 1251 570
f 629 1152 1153
f 629 628 1152
f 1118 445 446
f 1118 1117 445
f 1287 436 1288
f 1287 435 436
f 568 1250 569
f 568 1249 1250
f 630 1153 1154
f 630 629 1153
f 567 1249 568
f 567 1248 1249
f 631 1154 1155
f 631 630 1154
f 566 1248 567
f 1247 1248 566
f 1119 446 447
f 1119 1118 446
f 1286 435 1287
f 1286 434 435
f 632 1155 1156
f 632 631 1155
f 565 1247 566
f 1246 1247 565
f 633 1156 1157
f 633 632 1156
f 564 1246 565
f 1245 1246 564
f 634 1157 1158
f 634 633 1157
f 563 1245 564
f 1120 447 448
f 1120 1119 447
f 1285 434 1286
f 1285 433 434
f 1244 1245 563
f 635 1158 1159
f 635 634 1158
f 562 1244 563
f 636 635 1159
f 1160 636 1159
f 1243 1244 562
f 561 1243 562
f 637 636 1160
f 1161 637 1160
f 1242 1243 561
f 560 1242 561
f 638 637 1161
f 1121 448 449
f 1121 1120 448
f 1284 432 433
f 1284 433 1285
f 1162 638 1161
f 1241 1242 560
f 559 1241 560
f 639 638 1162
f 1163 639 1162
f 1240 1241 559
f 558 1240 559
f 640 639 1163
f 1164 640 1163
f 1239 558 557
f 1239 1240 558
f 641 640 1164
f 1165 641 1164
f 1238 1239 557
f 1238 557 556
f 642 641 1165
f 1122 449 450
f 1122 1121 449
f 1283 432 1284
f 1283 431 432
f 1166 642 1165
f 1237 556 555
f 1237 1238 556
f 643 642 1166
f 1167 643 1166
f 1236 555 554
f 1236 1237 555
f 644 643 1167
f 1168 645 644
f 1168 644 1167
f 1235 554 553
f 1235 1236 554
f 1169 646 645
f 1169 645 1168
f 1234 553 552
f 1234 1235 553
f 1123 450 451
f 1123 1122 450
f 1282 431 1283
f 1282 430 431
f 1170 647 646
f 1170 646 1169
f 1233 552 551
f 1233 1234 552
f 1171 648 647
f 1171 647 1170
f 1232 551 550
f 1232 1233 551
f 1172 649 648
f 1172 648 1171
f 1231 550 549
f 1231 1232 550
f 1173 649 1172
f 1173 650 649
f 1230 549 548
f 1230 1231 549
f 1124 451 452
f 1124 1123 451
f 1281 430 1282
f 1281 429 430
f 1174 651 650
f 1174 650 1173
f 1229 548 547
f 1229 1230 548
f 1175 652 651
f 1175 651 1174
f 1228 547 546
f 1228 1229 547
f 1176 652 1175
f 1176 653 652
f 1227 546 545
f 1227 1228 546
f 1177 654 653
f 1177 653 1176
f 1226 545 544
f 1226 1227 545
f 1178 655 654
f 1178 654 1177
f 1225 544 543
f 1225 1226 544
f 1179 656 655
f 1179 655 1178
f 1224 1225 543
f 1224 543 542
f 1125 452 453
f 1125 1124 452
f 1280 429 1281
f 1280 428 429
f 1180 657 656
f 1180 656 1179
f 1223 1224 542
f 1223 542 541
f 1181 657 1180
f 1181 500 657
f 1222 1223 541
f 1222 541 540
f 1182 500 1181
f 1182 501 500
f 1221 1222 540
f 1221 540 539
f 1183 501 1182
f 1183 502 501
f 1220 1221 539
f 1220 539 538
f 1184 502 1183
f 1184 503 502
f 1219 1220 538
f 1219 538 537
f 1185 504 503
f 1185 503 1184
f 1218 1219 537
f 1218 537 536
f 1186 504 1185
f 1186 505 504
f 1217 1218 536
f 1217 536 535
f 1126 453 454
f 1126 1125 453
f 1279 428 1280
f 1279 427 428
f 1187 505 1186
f 1187 506 505
f 1216 1217 535
f 1216 535 534
f 1188 507 506
f 1188 506 1187
f 1215 1216 534
f 1215 534 533
f 1189 508 507
f 1189 507 1188
f 1214 533 532
f 1214 1215 533
f 1190 508 1189
f 1190 509 508
f 1213 1214 532
f 1213 532 531
f 1191 509 1190
f 1191 510 509
f 1212 1213 531
f 1212 531 530
f 1192 511 510
f 1192 510 1191
f 1211 1212 530
f 1211 530 529
f 1193 511 1192
f 1193 512 511
f 1210 1211 529
f 1210 529 528
f 1194 512 1193
f 1194 513 512
f 1209 1210 528
f 1209 528 527
f 1195 514 513
f 1195 513 1194
f 1208 1209 527
f 1208 527 526
f 1196 514 1195
f 1196 515 514
f 1207 1208 526
f 1207 526 525
f 1206 1207 525
f 1206 525 524
f 1197 516 515
f 1197 515 1196
f 1198 516 1197
f 1198 517 516
f 1205 1206 524
f 1205 524 523
f 1204 1205 523
f 1204 523 522
f 1199 518 517
f 1199 517 1198
f 1200 518 1199
f 1200 519 518
f 1203 1204 522
f 1203 522 521
f 1202 1203 521
f 1202 521 520
f 1201 519 1200
f 1201 1202 520
f 1201 520 519
f 1127 454 455
f 1127 1126 454
f 1278 427 1279
f 1278 426 427
f 1128 455 456
f 1128 1127 455
f 1277 426 1278
f 1277 425 426
f 1129 456 457
f 1129 1128 456
f 1276 424 425
f 1276 425 1277
f 1130 1129 457
f 1130 457 458
f 1275 423 424
f 1275 424 1276
f 1131 458 459
f 1131 1130 458
f 1274 422 423
f 1274 423 1275
f 1132 459 460
f 1132 1131 459
f 1273 422 1274
f 1273 421 422
f 1133 1132 460
f 1133 460 461
f 1133 461 462
f 1272 421 1273
f 1272 420 421
f 1134 1133 462
f 1134 462 463
f 1271 420 1272
f 1271 419 420
f 1135 1134 463
f 1135 463 464
f 1270 419 1271
f 1270 418 419
f 1136 464 465
f 1136 1135 464
f 1269 418 1270
f 1269 417 418
f 1137 1136 465
f 1137 465 466
f 1268 417 1269
f 1268 416 417
f 1138 466 467
f 1138 1137 466
f 1267 415 416
f 1267 416 1268
f 1139 1138 467
f 1266 415 1267
f 1266 414 415
f 468 1139 467
f 1265 414 1266
f 1265 413 414
f 1140 1139 468
f 469 1140 468
f 1264 412 413
f 1264 413 1265
f 1141 1140 469
f 470 1141 469
f 1263 411 412
f 1263 412 1264
f 1142 1141 470
f 471 1142 470
f 1262 410 411
f 1262 411 1263
f 1143 1142 471
f 472 1143 471
f 1261 410 1262
f 1261 409 410
f 1144 1143 472
f 473 1144 472
f 1260 409 1261
f 1260 408 409
f 1145 1144 473
f 474 1145 473
f 1259 408 1260
f 1146 1145 474
f 407 408 1259
f 475 1146 474
f 1258 407 1259
f 1147 1146 475
f 406 407 1258
f 476 1147 475
f 1257 406 1258
f 1148 1147 476
f 405 406 1257
f 477 1148 476
f 1256 405 1257
f 1149 1148 477
f 404 405 1256
f 478 1149 477
f 757 1101 1102
f 915 1302 1303
f 756 1101 757
f 756 1100 1101
f 914 1301 1302
f 914 1302 915
f 758 1102 1103
f 758 757 1102
f 916 1303 1304
f 916 915 1303
f 755 1099 1100
f 755 1100 756
f 913 1300 1301
f 913 1301 914
f 759 758 1103
f 759 1103 1104
f 917 1304 1305
f 917 916 1304
f 754 1098 1099
f 754 1099 755
f 912 1300 913
f 912 1299 1300
f 760 1104 1105
f 760 759 1104
f 918 1305 1306
f 918 917 1305
f 753 1097 1098
f 753 1098 754
f 911 1298 1299
f 911 1299 912
f 1255 404 1256
f 1114 1149 478
f 761 760 1105
f 761 1105 1106
f 919 1306 1307
f 919 918 1306
f 752 1096 1097
f 752 1097 753
f 910 1297 1298
f 910 1298 911
f 762 1106 1107
f 762 761 1106
f 920 919 1307
f 920 1307 1308
f 751 1095 1096
f 751 1096 752
f 909 1297 910
f 909 1296 1297
f 763 762 1107
f 763 1107 1108
f 921 920 1308
f 921 1308 1309
f 750 1095 751
f 750 1094 1095
f 908 1296 909
f 908 1295 1296
f 764 1108 1109
f 764 763 1108
f 922 1309 1310
f 922 921 1309
f 749 1094 750
f 749 1093 1094
f 907 1295 908
f 907 1294 1295
f 765 1109 1110
f 765 764 1109
f 923 922 1310
f 923 1310 1311
f 748 1093 749
f 748 1092 1093
f 906 1293 1294
f 906 1294 907
f 766 1110 1111
f 766 765 1110
f 924 1311 1312
f 924 923 1311
f 747 1092 748
f 747 1091 1092
f 905 1292 1293
f 905 1293 906
f 767 1111 1112
f 767 766 1111
f 925 924 1312
f 925 1312 1313
f 746 1091 747
f 746 1090 1091
f 904 1291 1292
f 904 1292 905
f 768 767 1112
f 768 1112 1113
f 926 925 1313
f 926 1313 1314
f 745 1090 746
f 745 1089 1090
f 903 1290 1291
f 903 1291 904
f 769 768 1113
f 769 1113 1114
f 927 926 1314
f 927 1314 1315
f 744 1088 1089
f 744 1089 745
f 902 1290 903
f 902 1255 1290
f 770 769 1114
f 928 927 1315
f 928 1315 1316
f 743 1087 1088
f 743 1088 744
f 901 1255 902
f 403 404 1255
f 771 770 1114
f 929 1316 1317
f 929 928 1316
f 742 1086 1087
f 742 1087 743
f 900 1255 901
f 772 771 1114
f 930 929 1317
f 930 1317 1318
f 741 1085 1086
f 741 1086 742
f 899 1255 900
f 773 772 1114
f 931 1318 1319
f 931 930 1318
f 740 1085 741
f 740 1084 1085
f 898 1255 899
f 774 773 1114
f 932 931 1319
f 932 1319 1320
f 739 1084 740
f 739 1083 1084
f 897 1255 898
f 775 774 1114
f 933 932 1320
f 933 1320 1321
f 738 1083 739
f 738 1082 1083
f 896 1255 897
f 896 403 1255
f 776 775 1114
f 776 1114 478
f 934 933 1321
f 934 1321 1322
f 737 1081 1082
f 737 1082 738
f 895 403 896
f 777 776 478
f 935 934 1322
f 935 1322 1323
f 736 1080 1081
f 736 1081 737
f 894 403 895
f 778 777 478
f 936 935 1323
f 936 1323 1324
f 735 1080 736
f 735 1079 1080
f 893 403 894
f 779 778 478
f 937 936 1324
f 937 1324 1325
f 734 1079 735
f 734 1078 1079
f 892 403 893
f 780 478 479
f 780 779 478
f 938 1325 1326
f 938 937 1325
f 733 1077 1078
f 733 1078 734
f 891 403 892
f 781 780 479
f 939 1326 1327
f 939 938 1326
f 732 1076 1077
f 732 1077 733
f 890 403 891
f 782 781 479
f 940 939 1327
f 940 1327 1328
f 731 1075 1076
f 731 1076 732
f 889 403 890
f 783 782 479
f 941 940 1328
f 941 1328 1329
f 730 1075 731
f 730 1074 1075
f 888 403 889
f 784 783 479
f 942 941 1329
f 942 1329 1330
f 729 1073 1074
f 729 1074 730
f 887 403 888
f 785 784 479
f 943 942 1330
f 943 1330 1331
f 728 1072 1073
f 728 1073 729
f 786 785 479
f 944 943 1331
f 944 1331 1332
f 727 1072 728
f 727 1071 1072
f 402 403 887
f 402 886 885
f 402 887 886
f 787 786 479
f 945 944 1332
f 945 1332 1333
f 726 1070 1071
f 726 1071 727
f 884 402 885
f 788 787 479
f 946 945 1333
f 946 1333 1334
f 725 1069 1070
f 725 1070 726
f 883 402 884
f 789 788 479
f 947 946 1334
f 947 1334 1335
f 724 1068 1069
f 724 1069 725
f 882 402 883
f 948 947 1335
f 1336 948 1335
f 723 1068 724
f 723 1067 1068
f 881 402 882
f 949 948 1336
f 1337 949 1336
f 722 1066 1067
f 722 1067 723
f 880 402 881
f 950 949 1337
f 1338 950 1337
f 721 1065 1066
f 721 1066 722
f 879 402 880
f 951 950 1338
f 480 790 789
f 480 791 790
f 480 792 791
f 480 789 479
f 480 793 792
f 1339 951 1338
f 720 1065 721
f 720 1064 1065
f 878 402 879
f 794 793 480
f 952 951 1339
f 719 1064 720
f 1063 1064 719
f 1340 952 1339
f 795 794 480
f 953 952 1340
f 718 1063 719
f 1062 1063 718
f 1341 953 1340
f 796 795 480
f 954 953 1341
f 717 1062 718
f 1061 1062 717
f 1342 954 1341
f 797 796 480
f 955 954 1342
f 716 1061 717
f 1060 1061 716
f 1343 955 1342
f 798 797 480
f 956 955 1343
f 715 1060 716
f 799 798 480
f 1059 1060 715
f 1344 957 956
f 1344 956 1343
f 401 874 873
f 401 875 874
f 401 876 875
f 401 877 876
f 401 878 877
f 401 402 878
f 714 1059 715
f 872 401 873
f 1058 1059 714
f 1345 958 957
f 1345 957 1344
f 713 1058 714
f 871 401 872
f 1057 1058 713
f 1346 959 958
f 1346 958 1345
f 712 1057 713
f 870 401 871
f 1056 1057 712
f 1347 960 959
f 1347 959 1346
f 711 1056 712
f 869 401 870
f 868 401 869
f 1055 1056 711
f 1055 711 710
f 1348 961 960
f 1348 960 1347
f 1054 710 709
f 1054 1055 710
f 1349 962 961
f 1349 961 1348
f 481 800 799
f 481 801 800
f 481 802 801
f 481 803 802
f 481 804 803
f 481 805 804
f 481 799 480
f 1053 709 708
f 1053 1054 709
f 1350 963 962
f 1350 962 1349
f 806 805 481
f 807 806 481
f 1052 708 707
f 1052 1053 708
f 1351 964 963
f 1351 963 1350
f 808 807 481
f 1051 707 706
f 1051 1052 707
f 1352 964 1351
f 1352 965 964
f 1050 1051 706
f 1050 706 705
f 1353 966 965
f 1353 965 1352
f 1049 1050 705
f 1049 705 704
f 1354 966 1353
f 1354 967 966
f 1355 967 1354
f 1355 968 967
f 1048 1049 704
f 1048 704 703
f 400 860 859
f 400 861 860
f 400 862 861
f 400 863 862
f 400 864 863
f 400 865 864
f 400 866 865
f 400 867 866
f 400 868 867
f 400 401 868
f 1356 969 968
f 1356 968 1355
f 1047 703 702
f 1047 1048 703
f 1357 970 969
f 1357 969 1356
f 1046 702 701
f 1046 1047 702
f 1045 701 700
f 1045 1046 701
f 1358 971 970
f 1358 970 1357
f 1359 971 1358
f 1359 972 971
f 1044 1045 700
f 1044 700 699
f 1360 972 1359
f 1360 973 972
f 1043 1044 699
f 1043 699 698
f 1361 816 973
f 1361 973 1360
f 1042 1043 698
f 1042 698 697
f 1041 1042 697
f 1041 697 696
f 1362 816 1361
f 1362 817 816
f 482 659 658
f 482 809 808
f 482 810 809
f 482 811 810
f 482 812 811
f 482 813 812
f 482 814 813
f 482 815 814
f 482 658 815
f 482 808 481
f 1363 817 1362
f 1363 818 817
f 1040 696 695
f 1040 1041 696
f 1364 818 1363
f 1364 819 818
f 1039 1040 695
f 1039 695 694
f 1365 820 819
f 1365 819 1364
f 1038 1039 694
f 1038 694 693
f 1366 821 820
f 1366 820 1365
f 1037 693 692
f 1037 1038 693
f 1367 821 1366
f 1367 822 821
f 1036 692 691
f 1036 1037 692
f 1368 822 1367
f 1368 823 822
f 1035 691 690
f 1035 1036 691
f 1009 659 482
f 1009 660 659
f 1009 661 660
f 1009 662 661
f 1009 663 662
f 1009 664 663
f 1009 665 664
f 1394 849 848
f 1394 850 849
f 1394 851 850
f 1394 852 851
f 1394 853 852
f 1394 854 853
f 1394 855 854
f 1369 823 1368
f 1369 824 823
f 1034 1035 690
f 1034 690 689
f 1010 665 1009
f 1010 666 665
f 1393 848 847
f 1393 1394 848
f 1370 824 1369
f 1370 825 824
f 1033 1034 689
f 1033 689 688
f 1011 666 1010
f 1011 667 666
f 1392 847 846
f 1392 1393 847
f 1371 825 1370
f 1371 826 825
f 1032 688 687
f 1032 1033 688
f 1012 668 667
f 1012 667 1011
f 1391 1392 846
f 1391 846 845
f 1372 826 1371
f 1372 827 826
f 1031 1032 687
f 1031 687 686
f 1013 668 1012
f 1013 669 668
f 1390 1391 845
f 1390 845 844
f 1373 827 1372
f 1373 828 827
f 1030 1031 686
f 1030 686 685
f 1014 670 669
f 1014 669 1013
f 1389 1390 844
f 1389 844 843
f 1374 828 1373
f 1374 829 828
f 1029 685 684
f 1029 1030 685
f 399 856 855
f 399 857 856
f 399 858 857
f 399 859 858
f 399 400 859
f 399 855 1394
f 1015 671 670
f 1015 670 1014
f 1388 1389 843
f 1388 843 842
f 1375 829 1374
f 1375 830 829
f 1028 1029 684
f 1028 684 683
f 1016 672 671
f 1016 671 1015
f 1387 1388 842
f 1387 842 841
f 1376 830 1375
f 1376 831 830
f 1027 683 682
f 1027 1028 683
f 1017 672 1016
f 1017 673 672
f 1386 1387 841
f 1386 841 840
f 1377 831 1376
f 1377 832 831
f 1026 1027 682
f 1026 682 681
f 1018 674 673
f 1018 673 1017
f 1385 1386 840
f 1385 840 839
f 1025 681 680
f 1025 1026 681
f 1378 832 1377
f 1378 833 832
f 1019 674 1018
f 1019 675 674
f 1384 1385 839
f 1384 839 838
f 1024 680 679
f 1024 1025 680
f 1379 833 1378
f 1379 834 833
f 1020 676 675
f 1020 675 1019
f 1383 838 837
f 1383 1384 838
f 1023 679 678
f 1023 1024 679
f 1380 835 834
f 1380 834 1379
f 1021 677 676
f 1021 676 1020
f 1382 1383 837
f 1382 837 836
f 1022 678 677
f 1022 677 1021
f 1022 1023 678
f 1381 835 1380
f 1381 1382 836
f 1381 836 835
f 483 1009 482
f 1008 1009 483
f 1429 399 1394
f 398 399 1429
f 484 1008 483
f 1007 1008 484
f 1428 398 1429
f 397 398 1428
f 485 1007 484
f 1006 1007 485
f 1427 397 1428
f 396 397 1427
f 486 1006 485
f 1005 1006 486
f 1426 396 1427
f 395 396 1426
f 1425 395 1426
f 487 1005 486
f 487 1004 1005
f 394 395 1425
f 1424 394 1425
f 488 1004 487
f 488 1003 1004
f 393 394 1424
f 1423 393 1424
f 489 1002 1003
f 489 1003 488
f 392 393 1423
f 1422 392 1423
f 490 1001 1002
f 490 1002 489
f 391 392 1422
f 1421 391 1422
f 491 1001 490
f 491 1000 1001
f 390 391 1421
f 1420 390 1421
f 492 1000 491
f 492 999 1000
f 389 390 1420
f 1419 389 1420
f 493 998 999
f 493 999 492
f 388 389 1419
f 388 1419 1418
f 494 997 998
f 494 998 493
f 387 1418 1417
f 387 388 1418
f 495 997 494
f 495 996 997
f 386 387 1417
f 386 1417 1416
f 496 996 495
f 496 995 996
f 385 386 1416
f 385 1416 1415
f 497 995 496
f 497 994 995
f 384 385 1415
f 384 1415 1414
f 498 994 497
f 498 993 994
f 383 384 1414
f 383 1414 1413
f 499 993 498
f 499 992 993
f 382 383 1413
f 342 991 992
f 342 992 499
f 381 382 1413
f 381 1413 1412
f 343 990 991
f 343 991 342
f 380 381 1412
f 380 1412 1411
f 344 989 990
f 344 990 343
f 379 1411 1410
f 379 380 1411
f 345 988 989
f 345 989 344
f 378 1410 1409
f 378 379 1410
f 1633 1481 1482
f 1632 1480 1481
f 1632 1481 1633
f 1634 1633 1482
f 1634 1482 1483
f 1631 1479 1480
f 1631 1480 1632
f 1635 1483 1484
f 1635 1634 1483
f 1630 1478 1479
f 1630 1479 1631
f 1636 1484 1485
f 1636 1635 1484
f 1629 1477 1478
f 1629 1478 1630
f 1637 1485 1486
f 1637 1636 1485
f 1628 1476 1477
f 1628 1477 1629
f 1638 1486 1487
f 1638 1637 1486
f 1627 1476 1628
f 1627 1475 1476
f 1639 1487 1488
f 1639 1638 1487
f 1626 1474 1475
f 1626 1475 1627
f 1640 1488 1489
f 1640 1639 1488
f 1625 1473 1474
f 1625 1474 1626
f 1641 1489 1490
f 1641 1640 1489
f 1624 1472 1473
f 1624 1473 1625
f 1642 1490 1491
f 1642 1641 1490
f 1623 1471 1472
f 1623 1472 1624
f 1643 1491 1492
f 1643 1642 1491
f 346 987 988
f 346 988 345
f 1622 1471 1623
f 1622 1470 1471
f 1644 1492 1493
f 1644 1643 1492
f 1621 1469 1470
f 1621 1470 1622
f 1645 1493 1494
f 1645 1644 1493
f 1620 1468 1469
f 1620 1469 1621
f 1646 1494 1495
f 1646 1645 1494
f 1619 1468 1620
f 1619 1467 1468
f 1647 1646 1495
f 1647 1495 1496
f 1618 1466 1467
f 1618 1467 1619
f 1648 1647 1496
f 1648 1496 1497
f 1617 1465 1466
f 1617 1466 1618
f 1649 1648 1497
f 1649 1497 1498
f 1616 1464 1465
f 1616 1465 1617
f 377 378 1409
f 377 1409 1408
f 1650 1649 1498
f 1650 1498 1499
f 1615 1463 1464
f 1615 1464 1616
f 1651 1499 1500
f 1651 1650 1499
f 1614 1462 1463
f 1614 1463 1615
f 1652 1651 1500
f 1652 1500 1501
f 1613 1461 1462
f 1613 1462 1614
f 1653 1652 1501
f 1653 1501 1502
f 1612 1460 1461
f 1612 1461 1613
f 1654 1502 1503
f 1654 1653 1502
f 1611 1459 1460
f 1611 1460 1612
f 347 986 987
f 347 987 346
f 1655 1503 1504
f 1655 1654 1503
f 1610 1458 1459
f 1610 1459 1611
f 1656 1504 1505
f 1656 1655 1504
f 1609 1457 1458
f 1609 1458 1610
f 1657 1505 1506
f 1657 1656 1505
f 1608 1456 1457
f 1608 1457 1609
f 1658 1506 1507
f 1658 1657 1506
f 1607 1455 1456
f 1607 1456 1608
f 376 377 1408
f 376 1408 1407
f 1659 1658 1507
f 1659 1507 1508
f 1606 1454 1455
f 1606 1455 1607
f 1660 1659 1508
f 1660 1508 1509
f 1605 1453 1454
f 1605 1454 1606
f 1661 1660 1509
f 1661 1509 1510
f 1604 1452 1453
f 1604 1453 1605
f 1662 1661 1510
f 1662 1510 1511
f 348 985 986
f 348 986 347
f 1603 1452 1604
f 1603 1451 1452
f 1663 1662 1511
f 1663 1511 1512
f 1602 1451 1603
f 1602 1450 1451
f 1664 1663 1512
f 1664 1512 1513
f 1601 1450 1602
f 1601 1449 1450
f 1665 1513 1514
f 1665 1664 1513
f 1600 1449 1601
f 1600 1448 1449
f 375 376 1407
f 375 1407 1406
f 1666 1665 1514
f 1666 1514 1515
f 1599 1448 1600
f 1447 1448 1599
f 1667 1515 1516
f 1667 1666 1515
f 1598 1447 1599
f 1446 1447 1598
f 1668 1516 1517
f 1668 1667 1516
f 1597 1446 1598
f 1445 1446 1597
f 349 984 985
f 349 985 348
f 1669 1517 1518
f 1669 1668 1517
f 1596 1445 1597
f 1444 1445 1596
f 1670 1518 1519
f 1670 1669 1518
f 1595 1444 1596
f 1671 1670 1519
f 1443 1444 1595
f 1520 1671 1519
f 1594 1443 1595
f 374 1406 1405
f 374 375 1406
f 1672 1671 1520
f 1442 1443 1594
f 1521 1672 1520
f 1593 1442 1594
f 1673 1672 1521
f 1441 1442 1593
f 1522 1673 1521
f 1592 1441 1593
f 1674 1673 1522
f 1440 1441 1592
f 1523 1674 1522
f 1591 1440 1592
f 350 984 349
f 350 983 984
f 1675 1674 1523
f 1439 1591 1590
f 1439 1440 1591
f 1524 1675 1523
f 1676 1675 1524
f 1438 1439 1590
f 1438 1590 1589
f 1525 1676 1524
f 1677 1676 1525
f 373 374 1405
f 373 1405 1404
f 1437 1589 1588
f 1437 1438 1589
f 1526 1677 1525
f 1678 1677 1526
f 1436 1588 1587
f 1436 1437 1588
f 1527 1678 1526
f 1679 1678 1527
f 351 982 983
f 351 983 350
f 1435 1587 1586
f 1435 1436 1587
f 1528 1680 1679
f 1528 1679 1527
f 1434 1586 1585
f 1434 1435 1586
f 1529 1680 1528
f 1529 1681 1680
f 1433 1434 1585
f 1433 1585 1584
f 1530 1681 1529
f 1530 1682 1681
f 372 1404 1403
f 372 373 1404
f 1432 1584 1583
f 1432 1433 1584
f 1531 1683 1682
f 1531 1682 1530
f 1431 1583 1582
f 1431 1432 1583
f 1532 1684 1683
f 1532 1683 1531
f 352 982 351
f 352 981 982
f 1430 1431 1582
f 1430 1582 1581
f 1533 1685 1684
f 1533 1684 1532
f 1395 1430 1581
f 1395 1580 1579
f 1395 1581 1580
f 974 1686 1685
f 974 1687 1686
f 974 1685 1533
f 1578 1395 1579
f 371 372 1403
f 371 1403 1402
f 1688 1687 974
f 1577 1395 1578
f 1689 1688 974
f 1576 1395 1577
f 1690 1689 974
f 1575 1395 1576
f 353 980 981
f 353 981 352
f 1691 1690 974
f 1574 1395 1575
f 370 1402 1401
f 370 371 1402
f 354 980 353
f 354 979 980
f 369 1401 1400
f 369 370 1401
f 355 979 354
f 355 978 979
f 368 369 1400
f 368 1400 1399
f 356 977 978
f 356 978 355
f 367 1399 1398
f 367 368 1399
f 357 976 977
f 357 977 356
f 366 1398 1397
f 366 367 1398
f 358 975 976
f 358 976 357
f 365 1397 1396
f 365 366 1397
f 359 974 975
f 359 975 358
f 364 365 1396
f 364 1571 1570
f 364 1572 1571
f 364 1573 1572
f 364 1574 1573
f 364 1396 1395
f 364 1395 1574
f 360 974 359
f 360 1534 1691
f 360 1535 1534
f 360 1536 1535
f 360 1537 1536
f 360 1538 1537
f 360 1539 1538
f 360 1540 1539
f 360 1541 1540
f 360 1542 1541
f 360 1691 974
f 363 1562 1561
f 363 1563 1562
f 363 1564 1563
f 363 1565 1564
f 363 1566 1565
f 363 1567 1566
f 363 1568 1567
f 363 1569 1568
f 363 1570 1569
f 363 364 1570
f 361 1542 360
f 361 1543 1542
f 361 1544 1543
f 361 1545 1544
f 361 1546 1545
f 361 1547 1546
f 361 1548 1547
f 361 1549 1548
f 361 1550 1549
f 361 1551 1550
f 362 1554 1553
f 362 1555 1554
f 362 1556 1555
f 362 1557 1556
f 362 1558 1557
f 362 1559 1558
f 362 1560 1559
f 362 1561 1560
f 362 1551 361
f 362 363 1561
f 362 1552 1551
f 362 1553 1552
f 1794 1793 1792
f 1794 1792 1791
f 1912 1794 1791
f 1913 1912 1791
f 1911 1794 1912
f 1914 1913 1791
f 1910 1794 1911
f 1915 1914 1791
f 1909 1794 1910
f 1916 1915 1791
f 1908 1794 1909
f 2436 1795 1794
f 2543 1791 1790
f 1917 1916 1791
f 1907 1794 1908
f 1918 1917 1791
f 1906 1794 1907
f 1919 1918 1791
f 1905 1794 1906
f 1920 1919 1791
f 1904 1794 1905
f 1921 1920 1791
f 1903 1794 1904
f 1922 1921 1791
f 1902 1794 1903
f 1923 1922 1791
f 1901 1794 1902
f 2437 1796 1795
f 2437 1795 2436
f 2578 2543 1790
f 2578 1790 1789
f 1924 1923 1791
f 1900 1794 1901
f 1925 1924 1791
f 1899 1794 1900
f 1926 1925 1791
f 1898 1794 1899
f 1927 1926 1791
f 1927 1791 2543
f 1897 1794 1898
f 1897 2436 1794
f 1928 1927 2543
f 1896 2436 1897
f 1929 1928 2543
f 2438 1797 1796
f 2438 1796 2437
f 2577 2578 1789
f 2577 1789 1788
f 1895 2436 1896
f 1930 1929 2543
f 1894 2436 1895
f 1931 1930 2543
f 1893 2436 1894
f 1932 1931 2543
f 1892 2436 1893
f 1933 1932 2543
f 1891 2436 1892
f 1934 1933 2543
f 1890 2436 1891
f 2439 1798 1797
f 2439 1797 2438
f 2576 2577 1788
f 2576 1788 1787
f 1935 1934 2543
f 1889 2436 1890
f 1936 1935 2543
f 1888 2436 1889
f 1937 1936 2543
f 1887 2436 1888
f 1938 1937 2543
f 1886 2436 1887
f 1939 2543 2542
f 1939 1938 2543
f 1885 2436 1886
f 1885 2471 2436
f 2440 1799 1798
f 2440 1798 2439
f 2575 2576 1787
f 2575 1787 1786
f 1940 1939 2542
f 1940 2542 2541
f 1884 2472 2471
f 1884 2471 1885
f 1941 1940 2541
f 1941 2541 2540
f 1883 2473 2472
f 1883 2472 1884
f 1942 1941 2540
f 1942 2540 2539
f 1882 2474 2473
f 1882 2473 1883
f 1943 2539 2538
f 1943 1942 2539
f 1881 2475 2474
f 1881 2474 1882
f 1944 1943 2538
f 1944 2538 2537
f 1880 2475 1881
f 1880 2476 2475
f 1945 2537 2536
f 1945 1944 2537
f 1879 2476 1880
f 2441 1800 1799
f 2441 1799 2440
f 2574 2575 1786
f 2574 1786 1785
f 1946 2536 2535
f 1946 1945 2536
f 1878 2476 1879
f 1947 2535 2534
f 1947 1946 2535
f 1877 2476 1878
f 1948 2534 2533
f 1948 1947 2534
f 1876 2476 1877
f 1949 2533 2532
f 1949 1948 2533
f 1875 2476 1876
f 1950 2532 2531
f 1950 1949 2532
f 1874 2476 1875
f 1951 1950 2531
f 1873 2476 1874
f 2530 1951 2531
f 2442 1801 1800
f 2442 1800 2441
f 2573 2574 1785
f 2573 1785 1784
f 1952 1951 2530
f 1872 2476 1873
f 1871 2476 1872
f 2529 1953 1952
f 2529 1952 2530
f 1870 2476 1871
f 1869 2476 1870
f 2528 1954 1953
f 2528 1953 2529
f 1868 2476 1869
f 1867 2476 1868
f 2527 1955 1954
f 2527 1954 2528
f 1866 2476 1867
f 1866 2477 2476
f 2443 1802 1801
f 2443 1801 2442
f 2572 2573 1784
f 2572 1784 1783
f 1865 2477 1866
f 2526 1956 1955
f 2526 1955 2527
f 2525 1956 2526
f 2525 1957 1956
f 2524 1957 2525
f 2524 1958 1957
f 2523 1958 2524
f 2523 1959 1958
f 2444 1803 1802
f 2444 1802 2443
f 2571 2572 1783
f 2571 1783 1782
f 2522 1959 2523
f 2522 1960 1959
f 2521 1961 1960
f 2521 1960 2522
f 2520 1962 1961
f 2520 1961 2521
f 2519 1963 1962
f 2519 1962 2520
f 2445 1804 1803
f 2445 1803 2444
f 2570 2571 1782
f 2570 1782 1781
f 2518 1963 2519
f 2518 1964 1963
f 2517 1964 2518
f 2517 1965 1964
f 2516 1965 2517
f 2516 1966 1965
f 2515 1967 1966
f 2515 1966 2516
f 2514 1968 1967
f 2514 1967 2515
f 2513 1969 1968
f 2513 1968 2514
f 2446 1805 1804
f 2446 1804 2445
f 2569 2570 1781
f 2569 1781 1780
f 2512 1970 1969
f 2512 1969 2513
f 2511 1971 1970
f 2511 1970 2512
f 2510 1972 1971
f 2510 1971 2511
f 2509 1972 2510
f 2509 1973 1972
f 2509 1974 1973
f 2509 1975 1974
f 2447 1806 1805
f 2447 1805 2446
f 2568 2569 1780
f 2568 1780 1779
f 2507 1975 2509
f 2507 1976 1975
f 2507 1977 1976
f 2507 1978 1977
f 2508 2507 2509
f 2480 2005 2004
f 2480 2006 2005
f 2480 2007 2006
f 2480 2008 2007
f 2480 2009 2008
f 2479 2010 2009
f 2479 1853 2010
f 2479 2009 2480
f 2479 1854 1853
f 2479 1855 1854
f 2479 1856 1855
f 2479 1857 1856
f 2479 1858 1857
f 2479 1859 1858
f 2506 1978 2507
f 2506 1979 1978
f 2481 2004 2003
f 2481 2480 2004
f 2505 1979 2506
f 2505 1980 1979
f 2482 2003 2002
f 2482 2481 2003
f 2504 1980 2505
f 2504 1981 1980
f 2478 1859 2479
f 2478 1860 1859
f 2478 1861 1860
f 2478 1862 1861
f 2478 1863 1862
f 2478 1864 1863
f 2478 1865 1864
f 2478 2477 1865
f 2483 2002 2001
f 2483 2482 2002
f 2503 1981 2504
f 2503 1982 1981
f 2484 2001 2000
f 2484 2483 2001
f 2502 1983 1982
f 2502 1982 2503
f 2485 2000 1999
f 2485 2484 2000
f 2501 1983 2502
f 2501 1984 1983
f 2486 1999 1998
f 2486 2485 1999
f 2500 1984 2501
f 2500 1985 1984
f 2487 1998 1997
f 2487 2486 1998
f 2499 1985 2500
f 2499 1986 1985
f 2488 1997 1996
f 2488 2487 1997
f 2498 1986 2499
f 2498 1987 1986
f 2489 1996 1995
f 2489 2488 1996
f 2497 1987 2498
f 2497 1988 1987
f 2490 1995 1994
f 2490 2489 1995
f 2496 1988 2497
f 2496 1989 1988
f 2491 2490 1994
f 2491 1994 1993
f 2495 1989 2496
f 2495 1990 1989
f 2492 2491 1993
f 2492 1993 1992
f 2494 1990 2495
f 2494 1991 1990
f 2493 2492 1992
f 2493 1991 2494
f 2493 1992 1991
f 2448 1807 1806
f 2448 1806 2447
f 2567 2568 1779
f 2567 1779 1778
f 2449 1808 1807
f 2449 1807 2448
f 2566 2567 1778
f 2566 1778 1777
f 2450 1809 1808
f 2450 1808 2449
f 2565 2566 1777
f 2565 1777 1776
f 2451 1810 1809
f 2451 1809 2450
f 2564 2565 1776
f 2564 1776 1775
f 2452 1811 1810
f 2452 1810 2451
f 2563 2564 1775
f 2563 1775 1774
f 2453 1812 1811
f 2453 1813 1812
f 2453 1811 2452
f 2562 2563 1774
f 2562 1774 1773
f 2454 1813 2453
f 2454 1814 1813
f 2561 2562 1773
f 2561 1772 1771
f 2561 1773 1772
f 2455 1815 1814
f 2455 1814 2454
f 2560 1771 1770
f 2560 2561 1771
f 2456 1816 1815
f 2456 1815 2455
f 2559 2560 1770
f 2559 1770 1769
f 2457 1817 1816
f 2457 1816 2456
f 2558 2559 1769
f 2558 1769 1768
f 2458 1818 1817
f 2458 1817 2457
f 2557 2558 1768
f 2557 1768 1767
f 2556 2557 1767
f 2556 1767 1766
f 2459 1819 1818
f 2459 1818 2458
f 2555 2556 1766
f 2555 1766 1765
f 2460 1820 1819
f 2460 1819 2459
f 2554 1765 1764
f 2554 2555 1765
f 2461 1821 1820
f 2461 1820 2460
f 2553 2554 1764
f 2462 1821 2461
f 1822 1821 2462
f 1763 2553 1764
f 2552 2553 1763
f 2463 1822 2462
f 1823 1822 2463
f 1762 2552 1763
f 2551 2552 1762
f 2464 1823 2463
f 1824 1823 2464
f 1761 2551 1762
f 2550 2551 1761
f 2465 1824 2464
f 1825 1824 2465
f 1760 2550 1761
f 2549 2550 1760
f 2466 1825 2465
f 1826 1825 2466
f 1759 2549 1760
f 2548 2549 1759
f 2467 1826 2466
f 1827 1826 2467
f 1758 2548 1759
f 2547 2548 1758
f 2468 1827 2467
f 1828 1827 2468
f 1757 2547 1758
f 2546 2547 1757
f 2469 1828 2468
f 1829 1828 2469
f 1756 2546 1757
f 2545 2546 1756
f 2470 1829 2469
f 1830 1829 2470
f 1755 2545 1756
f 2544 2545 1755
f 2435 1830 2470
f 1831 1830 2435
f 1754 2544 1755
f 2399 2401 2400
f 2070 2423 2422
f 2229 2228 2584
f 2071 2070 2422
f 2071 2422 2421
f 2227 2584 2228
f 2069 2424 2423
f 2069 2423 2070
f 2230 2229 2584
f 2072 2071 2421
f 2072 2421 2420
f 2226 2584 2227
f 2068 2425 2424
f 2068 2424 2069
f 2231 2230 2584
f 2073 2072 2420
f 2073 2420 2419
f 2225 2584 2226
f 2067 2426 2425
f 2067 2425 2068
f 2232 2231 2584
f 2074 2419 2418
f 2074 2073 2419
f 2224 2584 2225
f 2066 2427 2426
f 2066 2426 2067
f 2233 2232 2584
f 2075 2418 2417
f 2075 2074 2418
f 2223 2584 2224
f 2065 2428 2427
f 2065 2427 2066
f 2234 2233 2584
f 2076 2417 2416
f 2076 2075 2417
f 2222 2584 2223
f 2064 2428 2065
f 2064 2429 2428
f 2235 2234 2584
f 2077 2416 2415
f 2077 2076 2416
f 2221 2585 2584
f 2221 2586 2585
f 2221 2584 2222
f 2063 2429 2064
f 2063 2430 2429
f 2236 2235 2584
f 2236 2584 2583
f 2078 2415 2414
f 2078 2077 2415
f 2220 2586 2221
f 2062 2430 2063
f 2062 2431 2430
f 2237 2236 2583
f 2237 2583 2582
f 2079 2414 2413
f 2079 2078 2414
f 2219 2586 2220
f 2061 2431 2062
f 2061 2432 2431
f 2238 2237 2582
f 2238 2582 2581
f 2080 2413 2412
f 2080 2079 2413
f 2218 2586 2219
f 2060 2433 2432
f 2060 2432 2061
f 2239 2238 2581
f 2239 2581 2580
f 2081 2412 2411
f 2081 2080 2412
f 2217 2586 2218
f 2059 2434 2433
f 2059 2433 2060
f 2240 2239 2580
f 2240 2580 2579
f 2082 2411 2410
f 2082 2081 2411
f 2216 2586 2217
f 2058 2435 2434
f 2058 2434 2059
f 2241 2240 2579
f 2241 2579 2544
f 2083 2410 2409
f 2083 2082 2410
f 2215 2586 2216
f 2057 2435 2058
f 2242 2241 2544
f 2084 2083 2409
f 2084 2409 2408
f 2214 2586 2215
f 2214 2587 2586
f 2056 2435 2057
f 2243 2242 2544
f 2085 2408 2407
f 2085 2084 2408
f 2213 2587 2214
f 2055 2435 2056
f 2244 2243 2544
f 2086 2407 2406
f 2086 2085 2407
f 2212 2587 2213
f 2054 2435 2055
f 2245 2244 2544
f 2087 2406 2405
f 2087 2086 2406
f 2211 2587 2212
f 2053 2435 2054
f 2246 2245 2544
f 2088 2087 2405
f 2088 2405 2404
f 2210 2587 2211
f 2052 2435 2053
f 2247 2246 2544
f 2089 2404 2403
f 2089 2088 2404
f 2209 2587 2210
f 2051 2435 2052
f 2248 2247 2544
f 2090 2403 2402
f 2090 2089 2403
f 2208 2587 2209
f 2050 2435 2051
f 2249 2248 2544
f 2091 2402 2401
f 2091 2090 2402
f 2207 2587 2208
f 2207 2588 2587
f 2049 2435 2050
f 2250 2249 2544
f 2092 2091 2401
f 2206 2588 2207
f 2048 2435 2049
f 2251 2250 2544
f 2093 2092 2401
f 2205 2588 2206
f 2047 2435 2048
f 2252 2251 2544
f 2094 2401 2399
f 2094 2093 2401
f 2204 2588 2205
f 2046 1831 2435
f 2046 2435 2047
f 2253 2252 2544
f 2253 2544 1754
f 2095 2094 2399
f 2203 2588 2204
f 2045 1831 2046
f 2254 2253 1754
f 2096 2399 2398
f 2096 2095 2399
f 2202 2588 2203
f 2044 1831 2045
f 2255 2254 1754
f 2097 2096 2398
f 2097 2398 2397
f 2201 2589 2588
f 2201 2588 2202
f 2043 1831 2044
f 2256 2255 1754
f 2098 2097 2397
f 2098 2397 2396
f 2200 2589 2201
f 2200 2590 2589
f 2042 1831 2043
f 2257 2256 1754
f 2099 2098 2396
f 2099 2396 2395
f 2199 2590 2200
f 2199 2591 2590
f 2041 1831 2042
f 2258 2257 1754
f 2100 2099 2395
f 2100 2395 2394
f 2198 2591 2199
f 2198 2592 2591
f 2040 1831 2041
f 2259 2258 1754
f 2101 2100 2394
f 2101 2394 2393
f 2197 2592 2198
f 2197 2593 2592
f 2039 1831 2040
f 2260 2259 1754
f 2102 2101 2393
f 2102 2393 2392
f 2196 2593 2197
f 2196 2594 2593
f 2038 1831 2039
f 2261 2260 1754
f 2103 2102 2392
f 2103 2392 2391
f 2195 2594 2196
f 2195 2595 2594
f 2037 1831 2038
f 2262 2261 1754
f 2104 2103 2391
f 2104 2391 2390
f 2194 2595 2195
f 2194 2596 2595
f 2036 1831 2037
f 2263 2262 1754
f 2105 2104 2390
f 2105 2390 2389
f 2193 2596 2194
f 2193 2597 2596
f 2035 1831 2036
f 2264 2263 1754
f 2106 2105 2389
f 2106 2389 2388
f 2192 2597 2193
f 2192 2598 2597
f 2034 1831 2035
f 2265 2264 1754
f 2107 2106 2388
f 2107 2388 2387
f 2191 2598 2192
f 2191 2599 2598
f 2033 1831 2034
f 2266 2265 1754
f 2108 2107 2387
f 2386 2108 2387
f 2190 2599 2191
f 2190 2600 2599
f 2032 1831 2033
f 2267 2266 1754
f 2109 2108 2386
f 2189 2601 2600
f 2189 2600 2190
f 2031 1831 2032
f 2268 2267 1754
f 2385 2110 2109
f 2385 2109 2386
f 2188 2601 2189
f 2602 2601 2188
f 2187 2602 2188
f 2384 2111 2110
f 2384 2110 2385
f 2603 2602 2187
f 2603 2187 2186
f 2383 2112 2111
f 2383 2111 2384
f 2604 2603 2186
f 2604 2186 2185
f 2382 2113 2112
f 2382 2112 2383
f 2605 2185 2184
f 2605 2604 2185
f 2381 2114 2113
f 2381 2113 2382
f 2606 2184 2183
f 2606 2605 2184
f 2380 2115 2114
f 2380 2114 2381
f 2607 2606 2183
f 2607 2183 2182
f 2379 2115 2380
f 2379 2116 2115
f 2608 2607 2182
f 2608 2182 2181
f 2378 2116 2379
f 2378 2117 2116
f 2609 2608 2181
f 2609 2181 2180
f 2377 2118 2117
f 2377 2117 2378
f 2610 2180 2179
f 2610 2609 2180
f 2376 2119 2118
f 2376 2118 2377
f 2611 2610 2179
f 2611 2179 2178
f 2375 2119 2376
f 2375 2120 2119
f 2612 2611 2178
f 2612 2178 2177
f 2374 2121 2120
f 2374 2120 2375
f 2613 2612 2177
f 2613 2177 2176
f 2373 2122 2121
f 2373 2121 2374
f 2614 2613 2176
f 2614 2176 2175
f 2372 2123 2122
f 2372 2124 2123
f 2372 2125 2124
f 2372 2126 2125
f 2372 2127 2126
f 2372 2128 2127
f 2372 2122 2373
f 2371 2128 2372
f 2371 2129 2128
f 2371 2130 2129
f 2371 2131 2130
f 2371 2132 2131
f 2371 2133 2132
f 2371 2134 2133
f 2371 2135 2134
f 2615 2614 2175
f 2615 2174 2173
f 2615 2175 2174
f 1834 2017 2016
f 1834 2018 2017
f 1834 2019 2018
f 1834 2020 2019
f 1834 2021 2020
f 1834 2022 2021
f 1834 2023 2022
f 1834 2024 2023
f 1834 2025 2024
f 1834 2026 2025
f 1834 2027 2026
f 1834 2028 2027
f 1834 2029 2028
f 1834 2030 2029
f 1834 2031 2030
f 1834 1832 1831
f 1834 1831 2031
f 1751 2268 1754
f 1751 2269 2268
f 1751 2270 2269
f 1751 2271 2270
f 1751 2272 2271
f 1751 2273 2272
f 1751 2274 2273
f 1751 2275 2274
f 1751 2276 2275
f 1751 2277 2276
f 1751 2278 2277
f 1751 2279 2278
f 1751 2280 2279
f 1751 2281 2280
f 1751 2282 2281
f 1751 2283 2282
f 1752 1751 1754
f 1752 1754 1753
f 1833 1832 1834
f 2617 2616 2615
f 2617 2615 2173
f 2617 2171 2170
f 2617 2172 2171
f 2617 2173 2172
f 2651 2617 2170
f 2651 2170 2169
f 2650 2651 2169
f 2650 2169 2326
f 2649 2650 2326
f 2649 2326 2325
f 2648 2649 2325
f 2648 2325 2324
f 2647 2648 2324
f 2647 2324 2323
f 2646 2323 2322
f 2646 2647 2323
f 2645 2322 2321
f 2645 2646 2322
f 2327 2012 2011
f 2327 2013 2012
f 2327 2014 2013
f 2327 2015 2014
f 2327 2016 2015
f 2327 1834 2016
f 2327 2163 2162
f 2327 2164 2163
f 2327 2165 2164
f 2327 2166 2165
f 2327 2167 2166
f 2327 2168 2167
f 2327 2011 2168
f 2618 2284 2283
f 2618 2283 1751
f 2618 2285 2284
f 2618 2286 2285
f 2618 2287 2286
f 2618 2288 2287
f 2618 2289 2288
f 2618 2290 2289
f 2618 2291 2290
f 2618 2292 2291
f 2618 2293 2292
f 2618 2294 2293
f 2618 2295 2294
f 2644 2321 2320
f 2644 2645 2321
f 2619 2295 2618
f 2619 2296 2295
f 2363 2327 2162
f 2363 2162 2161
f 2643 2644 2320
f 2643 2320 2319
f 2620 2296 2619
f 2620 2297 2296
f 2364 2363 2161
f 2364 2161 2160
f 2642 2319 2318
f 2642 2643 2319
f 2621 2298 2297
f 2621 2297 2620
f 2365 2364 2160
f 2365 2160 2159
f 2641 2642 2318
f 2641 2318 2317
f 2622 2299 2298
f 2622 2298 2621
f 2366 2365 2159
f 2366 2159 2158
f 2640 2317 2316
f 2640 2641 2317
f 2623 2300 2299
f 2623 2299 2622
f 2367 2366 2158
f 2367 2158 2157
f 2639 2640 2316
f 2639 2316 2315
f 2624 2301 2300
f 2624 2300 2623
f 2368 2143 2142
f 2368 2144 2143
f 2368 2145 2144
f 2368 2146 2145
f 2368 2147 2146
f 2368 2148 2147
f 2368 2149 2148
f 2368 2150 2149
f 2368 2151 2150
f 2368 2152 2151
f 2368 2153 2152
f 2368 2154 2153
f 2368 2155 2154
f 2368 2156 2155
f 2368 2157 2156
f 2368 2367 2157
f 2638 2315 2314
f 2638 2639 2315
f 2625 2302 2301
f 2625 2301 2624
f 2637 2314 2313
f 2637 2638 2314
f 2626 2303 2302
f 2626 2302 2625
f 2636 2313 2312
f 2636 2637 2313
f 2627 2304 2303
f 2627 2303 2626
f 2635 2312 2311
f 2635 2636 2312
f 2628 2305 2304
f 2628 2304 2627
f 2634 2311 2310
f 2634 2635 2311
f 2629 2306 2305
f 2629 2305 2628
f 2633 2310 2309
f 2633 2634 2310
f 2630 2307 2306
f 2630 2306 2629
f 2632 2309 2308
f 2632 2633 2309
f 2631 2632 2308
f 2631 2308 2307
f 2631 2307 2630
f 2370 2135 2371
f 2370 2136 2135
f 2370 2137 2136
f 2370 2138 2137
f 2370 2139 2138
f 2370 2140 2139
f 2370 2141 2140
f 2370 2142 2141
f 1835 1834 2327
f 1750 2618 1751
f 2369 2368 2142
f 2369 2142 2370
f 2328 1835 2327
f 2686 2618 1750
f 1836 1835 2328
f 1749 2686 1750
f 2329 1836 2328
f 2685 2686 1749
f 1837 1836 2329
f 1748 2685 1749
f 2330 1837 2329
f 2684 2685 1748
f 1838 1837 2330
f 1747 2684 1748
f 2331 1838 2330
f 2683 2684 1747
f 1839 1838 2331
f 1746 2683 1747
f 2682 2683 1746
f 2332 1839 2331
f 1840 1839 2332
f 1745 2682 1746
f 2681 2682 1745
f 2333 1840 2332
f 1841 1840 2333
f 1744 2681 1745
f 2680 2681 1744
f 2334 1841 2333
f 1842 1841 2334
f 1743 2680 1744
f 2679 2680 1743
f 1843 2334 2335
f 1843 1842 2334
f 1742 2679 1743
f 2678 2679 1742
f 1844 2335 2336
f 1844 1843 2335
f 1741 2678 1742
f 1741 2677 2678
f 1845 2336 2337
f 1845 1844 2336
f 1740 2676 2677
f 1740 2677 1741
f 1846 2337 2338
f 1846 1845 2337
f 1739 2675 2676
f 1739 2676 1740
f 1847 2338 2339
f 1847 1846 2338
f 1738 2674 2675
f 1738 2675 1739
f 1848 2339 2340
f 1848 1847 2339
f 1737 2673 2674
f 1737 2674 1738
f 1849 2340 2341
f 1849 1848 2340
f 1736 2673 1737
f 1736 2672 2673
f 1850 1849 2341
f 1850 2341 2342
f 1735 2672 1736
f 1735 2671 2672
f 1851 1850 2342
f 1851 2342 2343
f 1734 2671 1735
f 1734 2670 2671
f 1852 1851 2343
f 1852 2343 2344
f 1733 2670 1734
f 1692 1852 2344
f 1692 2344 2345
f 1732 2670 1733
f 1732 2669 2670
f 1693 1692 2345
f 1693 2345 2346
f 1731 2669 1732
f 1731 2668 2669
f 1694 2346 2347
f 1694 1693 2346
f 1730 2668 1731
f 1730 2667 2668
f 1695 2347 2348
f 1695 1694 2347
f 1729 2666 2667
f 1729 2667 1730
f 1696 2348 2349
f 1696 1695 2348
f 2725 2724 2723
f 1728 2665 2666
f 1728 2666 1729
f 1697 1696 2349
f 1697 2349 2350
f 2818 2710 2709
f 2819 2709 2708
f 2819 2818 2709
f 2817 2711 2710
f 2817 2710 2818
f 2820 2708 2707
f 2820 2819 2708
f 2816 2711 2817
f 2816 2712 2711
f 2821 2707 2706
f 2821 2820 2707
f 2815 2713 2712
f 2815 2712 2816
f 2822 2706 2705
f 2822 2821 2706
f 2814 2713 2815
f 2814 2714 2713
f 2823 2705 2704
f 2823 2822 2705
f 2813 2715 2714
f 2813 2714 2814
f 2824 2704 2703
f 2824 2823 2704
f 2812 2716 2715
f 2812 2715 2813
f 2825 2703 2702
f 2825 2824 2703
f 2811 2717 2716
f 2811 2716 2812
f 2826 2702 2701
f 2826 2825 2702
f 2810 2718 2717
f 2810 2717 2811
f 1727 2665 1728
f 1727 2664 2665
f 2827 2826 2701
f 2827 2701 2700
f 2809 2719 2718
f 2809 2718 2810
f 2828 2827 2700
f 2828 2700 2699
f 2808 2720 2719
f 2808 2719 2809
f 2829 2828 2699
f 2829 2699 2698
f 2807 2721 2720
f 2807 2720 2808
f 2830 2829 2698
f 2830 2698 2697
f 2806 2722 2721
f 2806 2721 2807
f 2831 2830 2697
f 2831 2697 2696
f 2805 2722 2806
f 2805 2723 2722
f 2832 2831 2696
f 2804 2723 2805
f 2833 2832 2696
f 2803 2723 2804
f 2834 2833 2696
f 2802 2725 2723
f 2802 2723 2803
f 1698 2350 2351
f 1698 1697 2350
f 2835 2834 2696
f 2801 2725 2802
f 2836 2835 2696
f 2836 2696 2695
f 2800 2725 2801
f 2837 2836 2695
f 2799 2726 2725
f 2799 2725 2800
f 2838 2837 2695
f 2798 2727 2726
f 2798 2726 2799
f 2839 2838 2695
f 2797 2728 2727
f 2797 2727 2798
f 2840 2839 2695
f 2796 2729 2728
f 2796 2728 2797
f 2841 2840 2695
f 2795 2730 2729
f 2795 2729 2796
f 2842 2841 2695
f 2794 2731 2730
f 2794 2730 2795
f 2843 2842 2695
f 2793 2732 2731
f 2793 2731 2794
f 2844 2843 2695
f 2844 2695 2694
f 2792 2733 2732
f 2792 2732 2793
f 1726 2663 2664
f 1726 2664 1727
f 2845 2844 2694
f 2791 2734 2733
f 2791 2733 2792
f 2846 2845 2694
f 2790 2734 2791
f 2790 2735 2734
f 2847 2846 2694
f 2789 2735 2790
f 2789 2736 2735
f 2848 2847 2694
f 1699 2351 2352
f 1699 1698 2351
f 2788 2736 2789
f 2788 2737 2736
f 2849 2848 2694
f 2787 2737 2788
f 2787 2738 2737
f 2850 2849 2694
f 2786 2739 2738
f 2786 2738 2787
f 2785 2739 2786
f 2785 2740 2739
f 2784 2740 2785
f 2784 2741 2740
f 2783 2741 2784
f 2783 2742 2741
f 2782 2743 2742
f 2782 2742 2783
f 2781 2744 2743
f 2781 2743 2782
f 1725 2663 1726
f 1725 2662 2663
f 2780 2745 2744
f 2780 2744 2781
f 2779 2745 2780
f 2746 2745 2779
f 1700 2352 2353
f 1700 1699 2352
f 2778 2746 2779
f 2747 2778 2777
f 2747 2746 2778
f 2748 2777 2776
f 2748 2747 2777
f 2749 2776 2775
f 2749 2748 2776
f 1724 2661 2662
f 1724 2662 1725
f 2750 2775 2774
f 2750 2749 2775
f 1701 2353 2354
f 1701 1700 2353
f 2751 2750 2774
f 2751 2774 2773
f 2752 2751 2773
f 2752 2773 2772
f 2693 2850 2694
f 2693 2851 2850
f 2692 2851 2693
f 2692 2852 2851
f 2692 2853 2852
f 2692 2854 2853
f 2692 2855 2854
f 2692 2856 2855
f 2692 2857 2856
f 2692 2858 2857
f 2692 2859 2858
f 2692 2860 2859
f 2692 2861 2860
f 2692 2862 2861
f 2692 2863 2862
f 2692 2864 2863
f 2692 2865 2864
f 2753 2752 2772
f 2753 2772 2771
f 2691 2866 2865
f 2691 2865 2692
f 2754 2753 2771
f 2754 2771 2770
f 1723 2660 2661
f 1723 2661 1724
f 2690 2867 2866
f 2690 2866 2691
f 2755 2770 2769
f 2755 2754 2770
f 1702 2354 2355
f 1702 1701 2354
f 2689 2868 2867
f 2689 2867 2690
f 2756 2755 2769
f 2756 2769 2768
f 2688 2868 2689
f 2688 2869 2868
f 2757 2756 2768
f 2757 2768 2767
f 2687 2870 2869
f 2687 2869 2688
f 2758 2757 2767
f 2758 2767 2766
f 1722 2659 2660
f 1722 2660 1723
f 2652 2870 2687
f 2652 2871 2870
f 2652 2872 2871
f 2652 2873 2872
f 2652 2874 2873
f 2652 2875 2874
f 2652 2876 2875
f 2652 2877 2876
f 2652 2878 2877
f 2652 2879 2878
f 2652 2880 2879
f 2652 2881 2880
f 2652 2882 2881
f 2362 2913 2912
f 2362 2914 2913
f 2362 2915 2914
f 2362 2916 2915
f 2362 2759 2916
f 2362 2760 2759
f 2362 2761 2760
f 2362 2762 2761
f 2362 2758 2766
f 2362 2763 2762
f 2362 2764 2763
f 2362 2765 2764
f 2362 2766 2765
f 1703 1702 2355
f 1721 2658 2659
f 1721 2659 1722
f 1704 1703 2355
f 1704 2355 2356
f 1720 2658 1721
f 1720 2657 2658
f 1705 1704 2356
f 1705 2356 2357
f 1719 2657 1720
f 1719 2656 2657
f 1706 1705 2357
f 1706 2357 2358
f 1718 2656 1719
f 1718 2655 2656
f 1707 1706 2358
f 1707 2358 2359
f 1717 2654 2655
f 1717 2655 1718
f 1708 2359 2360
f 1708 1707 2359
f 1716 2653 2654
f 1716 2654 1717
f 1709 1708 2360
f 1709 2360 2361
f 1715 2652 2653
f 1715 2653 1716
f 1710 1709 2361
f 1710 2361 2362
f 1714 2882 2652
f 1714 2883 2882
f 1714 2884 2883
f 1714 2885 2884
f 1714 2886 2885
f 1714 2887 2886
f 1714 2888 2887
f 1714 2889 2888
f 1714 2890 2889
f 1714 2891 2890
f 1714 2652 1715
f 1714 2892 2891
f 1714 2893 2892
f 1714 2894 2893
f 1714 2895 2894
f 1714 2896 2895
f 1714 2897 2896
f 1711 2904 2903
f 1711 2905 2904
f 1711 2906 2905
f 1711 2907 2906
f 1711 2908 2907
f 1711 2909 2908
f 1711 2910 2909
f 1711 2911 2910
f 1711 2912 2911
f 1711 2362 2912
f 1711 2897 1714
f 1711 1710 2362
f 1711 2898 2897
f 1711 2899 2898
f 1711 2900 2899
f 1711 2901 2900
f 1711 2902 2901
f 1711 2903 2902
f 1712 1711 1714
f 1713 1712 1714
f 2919 2917 2918
f 2919 2918 2920
f 2923 2924 2925
f 2925 2921 2922
f 2925 2922 2923
f 2930 2926 2927
f 2929 2930 2928
f 2928 2930 2927
f 2933 2932 2931
f 2933 2934 2932
f 2937 2935 2936
f 2937 2936 2938
f 2941 2942 2943
f 2943 2939 2940
f 2943 2940 2941
f 2948 2944 2945
f 2947 2948 2946
f 2946 2948 2945
f 2951 2950 2949
f 2951 2952 2950
f 2955 2953 2954
f 2955 2954 2956
f 2959 2960 2961
f 2961 2957 2958
f 2961 2958 2959
f 2966 2962 2963
f 2965 2966 2964
f 2964 2966 2963
f 2969 2968 2967
f 2969 2970 2968
f 2973 2971 2972
f 2973 2972 2974
f 2977 2978 2979
f 2979 2975 2976
f 2979 2976 2977
f 2984 2980 2981
f 2983 2984 2982
f 2982 2984 2981
f 2987 2986 2985
f 2987 2988 2986
f 3149 3153 3148
f 2990 3152 2989
f 3311 3310 3309
f 3147 3314 3146
f 3315 3153 3149
f 3315 3154 3153
f 3315 3155 3154
f 3316 3155 3315
f 3316 3156 3155
f 3316 3157 3156
f 3317 3149 3150
f 3317 3315 3149
f 3318 3158 3157
f 3318 3159 3158
f 3318 3157 3316
f 3319 3315 3317
f 3319 3316 3315
f 3320 3160 3159
f 3320 3161 3160
f 3320 3159 3318
f 3321 3317 3150
f 3321 3150 3151
f 3322 3316 3319
f 3322 3318 3316
f 3323 3161 3320
f 3323 3162 3161
f 3323 3163 3162
f 3324 3319 3317
f 3324 3317 3321
f 3325 3318 3322
f 3325 3320 3318
f 3326 3163 3323
f 3326 3164 3163
f 3326 3165 3164
f 3327 2990 2991
f 3327 2991 2992
f 3327 3321 3151
f 3327 3151 3152
f 3327 3152 2990
f 3328 3319 3324
f 3328 3322 3319
f 3329 3323 3320
f 3329 3320 3325
f 3330 3165 3326
f 3330 3166 3165
f 3330 3167 3166
f 3331 2992 2993
f 3331 2993 2994
f 3331 3324 3321
f 3331 3327 2992
f 3331 3321 3327
f 3332 3322 3328
f 3332 3325 3322
f 3333 3326 3323
f 3333 3323 3329
f 3334 3167 3330
f 3334 3168 3167
f 3334 3169 3168
f 3335 3324 3331
f 3335 2994 2995
f 3335 2995 2996
f 3335 3331 2994
f 3335 3328 3324
f 3336 3325 3332
f 3336 3329 3325
f 3337 3330 3326
f 3337 3326 3333
f 3338 3169 3334
f 3338 3170 3169
f 3338 3171 3170
f 3339 3335 2996
f 3339 2996 2997
f 3339 2997 2998
f 3339 3328 3335
f 3339 3332 3328
f 3340 3333 3329
f 3340 3329 3336
f 3341 3330 3337
f 3341 3334 3330
f 3342 3171 3338
f 3342 3172 3171
f 3342 3173 3172
f 3343 2998 2999
f 3343 2999 3000
f 3343 3332 3339
f 3343 3339 2998
f 3343 3336 3332
f 3344 3333 3340
f 3344 3337 3333
f 3345 3342 3338
f 3345 3338 3334
f 3345 3334 3341
f 3346 3174 3173
f 3346 3175 3174
f 3346 3173 3342
f 3347 3000 3001
f 3347 3001 3002
f 3347 3336 3343
f 3347 3340 3336
f 3347 3343 3000
f 3348 3337 3344
f 3348 3341 3337
f 3349 3342 3345
f 3350 3175 3346
f 3350 3176 3175
f 3350 3177 3176
f 3351 3002 3003
f 3351 3003 3004
f 3351 3344 3340
f 3351 3347 3002
f 3351 3348 3344
f 3351 3340 3347
f 3352 3345 3341
f 3352 3341 3348
f 3352 3349 3345
f 3353 3346 3342
f 3353 3342 3349
f 3354 3177 3350
f 3354 3178 3177
f 3354 3179 3178
f 3355 3004 3005
f 3355 3005 3006
f 3355 3351 3004
f 3355 3348 3351
f 3356 3349 3352
f 3357 3346 3353
f 3357 3350 3346
f 3358 3179 3354
f 3358 3180 3179
f 3358 3181 3180
f 3359 3006 3007
f 3359 3007 3008
f 3359 3355 3006
f 3359 3352 3348
f 3359 3348 3355
f 3360 3353 3349
f 3360 3349 3356
f 3361 3354 3350
f 3361 3350 3357
f 3362 3181 3358
f 3362 3182 3181
f 3362 3183 3182
f 3363 3008 3009
f 3363 3009 3010
f 3363 3356 3352
f 3363 3352 3359
f 3363 3359 3008
f 3364 3353 3360
f 3364 3357 3353
f 3364 3361 3357
f 3365 3358 3354
f 3365 3354 3361
f 3366 3183 3362
f 3366 3184 3183
f 3366 3185 3184
f 3367 3010 3011
f 3367 3011 3012
f 3367 3360 3356
f 3367 3363 3010
f 3367 3356 3363
f 3368 3361 3364
f 3369 3366 3362
f 3369 3358 3365
f 3369 3362 3358
f 3370 3185 3366
f 3370 3186 3185
f 3370 3187 3186
f 3371 3364 3360
f 3371 3012 3013
f 3371 3013 3014
f 3371 3367 3012
f 3371 3360 3367
f 3372 3365 3361
f 3372 3361 3368
f 3372 3369 3365
f 3373 3366 3369
f 3374 3187 3370
f 3374 3188 3187
f 3374 3189 3188
f 3375 3368 3364
f 3375 3014 3015
f 3375 3015 3016
f 3375 3364 3371
f 3375 3371 3014
f 3376 3369 3372
f 3377 3370 3366
f 3377 3366 3373
f 3378 3191 3190
f 3378 3189 3374
f 3378 3190 3189
f 3379 3372 3368
f 3379 3016 3017
f 3379 3017 3018
f 3379 3368 3375
f 3379 3375 3016
f 3380 3369 3376
f 3380 3373 3369
f 3381 3374 3370
f 3381 3370 3377
f 3382 3192 3191
f 3382 3193 3192
f 3382 3191 3378
f 3383 3372 3379
f 3383 3018 3019
f 3383 3019 3020
f 3383 3379 3018
f 3383 3376 3372
f 3384 3377 3373
f 3384 3373 3380
f 3385 3378 3374
f 3385 3374 3381
f 3386 3194 3193
f 3386 3195 3194
f 3386 3193 3382
f 3387 3020 3021
f 3387 3021 3022
f 3387 3380 3376
f 3387 3383 3020
f 3387 3376 3383
f 3388 3381 3377
f 3388 3377 3384
f 3389 3378 3385
f 3389 3382 3378
f 3390 3195 3386
f 3390 3196 3195
f 3390 3197 3196
f 3391 3387 3022
f 3391 3022 3023
f 3391 3023 3024
f 3391 3384 3380
f 3391 3388 3384
f 3391 3380 3387
f 3392 3381 3388
f 3392 3385 3381
f 3393 3386 3382
f 3393 3382 3389
f 3394 3198 3197
f 3394 3199 3198
f 3394 3197 3390
f 3395 3388 3391
f 3395 3024 3025
f 3395 3025 3026
f 3395 3391 3024
f 3396 3385 3392
f 3396 3389 3385
f 3397 3390 3386
f 3397 3386 3393
f 3398 3200 3199
f 3398 3201 3200
f 3398 3199 3394
f 3399 3388 3395
f 3399 3026 3027
f 3399 3027 3028
f 3399 3392 3388
f 3399 3395 3026
f 3400 3393 3389
f 3400 3389 3396
f 3401 3390 3397
f 3401 3394 3390
f 3402 3202 3201
f 3402 3203 3202
f 3402 3201 3398
f 3403 3028 3029
f 3403 3029 3030
f 3403 3399 3028
f 3403 3392 3399
f 3403 3396 3392
f 3404 3393 3400
f 3404 3397 3393
f 3405 3394 3401
f 3405 3398 3394
f 3406 3204 3203
f 3406 3205 3204
f 3406 3203 3402
f 3407 3404 3400
f 3407 3400 3396
f 3407 3030 3031
f 3407 3031 3032
f 3407 3403 3030
f 3407 3396 3403
f 3408 3397 3404
f 3408 3401 3397
f 3409 3398 3405
f 3409 3402 3398
f 3410 3206 3205
f 3410 3207 3206
f 3410 3205 3406
f 3411 3032 3033
f 3411 3407 3032
f 3411 3033 3034
f 3411 3404 3407
f 3412 3405 3401
f 3412 3401 3408
f 3413 3402 3409
f 3413 3410 3406
f 3413 3406 3402
f 3414 3208 3207
f 3414 3209 3208
f 3414 3207 3410
f 3415 3034 3035
f 3415 3035 3036
f 3415 3411 3034
f 3415 3408 3404
f 3415 3404 3411
f 3416 3409 3405
f 3416 3405 3412
f 3417 3410 3413
f 3418 3210 3209
f 3418 3211 3210
f 3418 3209 3414
f 3419 3408 3415
f 3419 3036 3037
f 3419 3037 3038
f 3419 3415 3036
f 3419 3412 3408
f 3420 3413 3409
f 3420 3409 3416
f 3421 3414 3410
f 3421 3410 3417
f 3422 3212 3211
f 3422 3213 3212
f 3422 3211 3418
f 3423 3420 3416
f 3423 3416 3412
f 3423 3038 3039
f 3423 3039 3040
f 3423 3419 3038
f 3423 3412 3419
f 3424 3413 3420
f 3424 3417 3413
f 3425 3414 3421
f 3425 3418 3414
f 3425 3422 3418
f 3426 3214 3213
f 3426 3215 3214
f 3426 3213 3422
f 3427 3423 3040
f 3427 3040 3041
f 3427 3041 3042
f 3427 3420 3423
f 3428 3421 3417
f 3428 3417 3424
f 3429 3422 3425
f 3430 3216 3215
f 3430 3217 3216
f 3430 3215 3426
f 3431 3042 3043
f 3431 3043 3044
f 3431 3420 3427
f 3431 3427 3042
f 3431 3424 3420
f 3432 3425 3421
f 3432 3429 3425
f 3432 3421 3428
f 3433 3422 3429
f 3433 3426 3422
f 3434 3218 3217
f 3434 3219 3218
f 3434 3217 3430
f 3435 3428 3424
f 3435 3044 3045
f 3435 3045 3046
f 3435 3431 3044
f 3435 3424 3431
f 3436 3429 3432
f 3437 3430 3426
f 3437 3426 3433
f 3437 3434 3430
f 3438 3220 3219
f 3438 3221 3220
f 3438 3219 3434
f 3439 3435 3046
f 3439 3046 3047
f 3439 3047 3048
f 3439 3432 3428
f 3439 3428 3435
f 3440 3429 3436
f 3440 3433 3429
f 3441 3434 3437
f 3442 3222 3221
f 3442 3223 3222
f 3442 3221 3438
f 3443 3439 3048
f 3443 3440 3436
f 3443 3432 3439
f 3443 3048 3049
f 3443 3436 3432
f 3443 3049 3050
f 3444 3433 3440
f 3444 3437 3433
f 3445 3434 3441
f 3445 3438 3434
f 3446 3224 3223
f 3446 3225 3224
f 3446 3223 3442
f 3447 3443 3050
f 3447 3440 3443
f 3447 3050 3051
f 3447 3051 3052
f 3447 3444 3440
f 3448 3441 3437
f 3448 3437 3444
f 3449 3438 3445
f 3449 3442 3438
f 3450 3225 3446
f 3450 3226 3225
f 3450 3227 3226
f 3451 3444 3447
f 3451 3447 3052
f 3451 3052 3053
f 3451 3053 3054
f 3452 3441 3448
f 3452 3445 3441
f 3453 3446 3442
f 3453 3442 3449
f 3454 3228 3227
f 3454 3229 3228
f 3454 3227 3450
f 3455 3444 3451
f 3455 3448 3444
f 3455 3451 3054
f 3455 3054 3055
f 3455 3055 3056
f 3456 3445 3452
f 3456 3449 3445
f 3457 3450 3446
f 3457 3446 3453
f 3458 3230 3229
f 3458 3231 3230
f 3458 3229 3454
f 3459 3452 3448
f 3459 3448 3455
f 3459 3455 3056
f 3459 3056 3057
f 3459 3057 3058
f 3460 3453 3449
f 3460 3449 3456
f 3461 3458 3454
f 3461 3454 3450
f 3461 3450 3457
f 3462 3232 3231
f 3462 3233 3232
f 3462 3231 3458
f 3463 3456 3452
f 3463 3452 3459
f 3463 3459 3058
f 3463 3058 3059
f 3463 3059 3060
f 3464 3453 3460
f 3464 3457 3453
f 3465 3458 3461
f 3466 3234 3233
f 3466 3235 3234
f 3466 3233 3462
f 3467 3460 3456
f 3467 3456 3463
f 3467 3060 3061
f 3467 3061 3062
f 3467 3463 3060
f 3468 3457 3464
f 3468 3461 3457
f 3469 3458 3465
f 3469 3462 3458
f 3470 3235 3466
f 3470 3236 3235
f 3470 3237 3236
f 3471 3460 3467
f 3471 3464 3460
f 3471 3467 3062
f 3471 3062 3063
f 3471 3063 3064
f 3472 3465 3461
f 3472 3461 3468
f 3473 3466 3462
f 3473 3462 3469
f 3474 3238 3237
f 3474 3239 3238
f 3474 3237 3470
f 3475 3471 3064
f 3475 3064 3065
f 3475 3468 3464
f 3475 3065 3066
f 3475 3464 3471
f 3476 3473 3469
f 3476 3469 3465
f 3476 3465 3472
f 3477 3470 3466
f 3477 3466 3473
f 3478 3239 3474
f 3478 3240 3239
f 3478 3241 3240
f 3479 3468 3475
f 3479 3475 3066
f 3479 3066 3067
f 3479 3067 3068
f 3479 3472 3468
f 3480 3473 3476
f 3481 3470 3477
f 3481 3474 3470
f 3482 3241 3478
f 3482 3242 3241
f 3482 3243 3242
f 3483 3472 3479
f 3483 3476 3472
f 3483 3479 3068
f 3483 3068 3069
f 3483 3069 3070
f 3484 3477 3473
f 3484 3473 3480
f 3485 3478 3474
f 3485 3474 3481
f 3486 3243 3482
f 3486 3244 3243
f 3486 3245 3244
f 3487 3476 3483
f 3487 3483 3070
f 3487 3070 3071
f 3487 3071 3072
f 3487 3480 3476
f 3488 3481 3477
f 3488 3477 3484
f 3489 3482 3478
f 3489 3478 3485
f 3490 3245 3486
f 3490 3246 3245
f 3490 3247 3246
f 3491 3484 3480
f 3491 3487 3072
f 3491 3072 3073
f 3491 3073 3074
f 3491 3480 3487
f 3492 3481 3488
f 3492 3485 3481
f 3493 3486 3482
f 3493 3482 3489
f 3494 3247 3490
f 3494 3248 3247
f 3494 3249 3248
f 3495 3488 3484
f 3495 3484 3491
f 3495 3491 3074
f 3495 3074 3075
f 3495 3075 3076
f 3496 3489 3485
f 3496 3485 3492
f 3497 3490 3486
f 3497 3486 3493
f 3498 3249 3494
f 3498 3250 3249
f 3498 3251 3250
f 3499 3488 3495
f 3499 3496 3492
f 3499 3492 3488
f 3499 3495 3076
f 3499 3076 3077
f 3499 3077 3078
f 3500 3493 3489
f 3500 3489 3496
f 3501 3494 3490
f 3501 3490 3497
f 3502 3252 3251
f 3502 3253 3252
f 3502 3251 3498
f 3503 3496 3499
f 3503 3500 3496
f 3503 3078 3079
f 3503 3499 3078
f 3503 3079 3080
f 3504 3497 3493
f 3504 3493 3500
f 3505 3498 3494
f 3505 3494 3501
f 3506 3254 3253
f 3506 3255 3254
f 3506 3253 3502
f 3507 3503 3080
f 3507 3500 3503
f 3507 3080 3081
f 3507 3081 3082
f 3508 3501 3497
f 3508 3497 3504
f 3509 3502 3498
f 3509 3498 3505
f 3510 3256 3255
f 3510 3257 3256
f 3510 3255 3506
f 3511 3507 3082
f 3511 3504 3500
f 3511 3500 3507
f 3511 3508 3504
f 3511 3082 3083
f 3511 3083 3084
f 3512 3501 3508
f 3512 3505 3501
f 3513 3502 3509
f 3513 3506 3502
f 3514 3257 3510
f 3514 3258 3257
f 3514 3259 3258
f 3515 3508 3511
f 3515 3512 3508
f 3515 3511 3084
f 3515 3084 3085
f 3515 3085 3086
f 3516 3509 3505
f 3516 3505 3512
f 3517 3506 3513
f 3517 3510 3506
f 3518 3259 3514
f 3518 3260 3259
f 3518 3261 3260
f 3519 3515 3086
f 3519 3512 3515
f 3519 3086 3087
f 3519 3087 3088
f 3520 3509 3516
f 3520 3513 3509
f 3521 3510 3517
f 3521 3514 3510
f 3522 3261 3518
f 3522 3262 3261
f 3522 3263 3262
f 3523 3089 3090
f 3523 3512 3519
f 3523 3516 3512
f 3523 3519 3088
f 3523 3088 3089
f 3524 3517 3513
f 3524 3513 3520
f 3524 3521 3517
f 3525 3514 3521
f 3525 3518 3514
f 3526 3263 3522
f 3526 3264 3263
f 3526 3265 3264
f 3527 3090 3091
f 3527 3091 3092
f 3527 3520 3516
f 3527 3524 3520
f 3527 3516 3523
f 3527 3523 3090
f 3528 3521 3524
f 3529 3522 3518
f 3529 3518 3525
f 3530 3265 3526
f 3530 3266 3265
f 3530 3267 3266
f 3531 3092 3093
f 3531 3093 3094
f 3531 3524 3527
f 3531 3527 3092
f 3532 3525 3521
f 3532 3521 3528
f 3533 3522 3529
f 3533 3526 3522
f 3534 3267 3530
f 3534 3268 3267
f 3534 3269 3268
f 3535 3094 3095
f 3535 3095 3096
f 3535 3531 3094
f 3535 3528 3524
f 3535 3524 3531
f 3535 3532 3528
f 3536 3533 3529
f 3536 3529 3525
f 3536 3525 3532
f 3537 3530 3526
f 3537 3534 3530
f 3537 3526 3533
f 3538 3269 3534
f 3538 3270 3269
f 3538 3271 3270
f 3539 3096 3097
f 3539 3097 3098
f 3539 3532 3535
f 3539 3535 3096
f 3540 3533 3536
f 3541 3534 3537
f 3542 3271 3538
f 3542 3272 3271
f 3542 3273 3272
f 3543 3536 3532
f 3543 3098 3099
f 3543 3099 3100
f 3543 3539 3098
f 3543 3532 3539
f 3544 3533 3540
f 3544 3537 3533
f 3545 3534 3541
f 3545 3538 3534
f 3546 3273 3542
f 3546 3274 3273
f 3546 3275 3274
f 3547 3543 3100
f 3547 3100 3101
f 3547 3101 3102
f 3547 3540 3536
f 3547 3536 3543
f 3548 3537 3544
f 3548 3541 3537
f 3549 3542 3538
f 3549 3538 3545
f 3550 3275 3546
f 3550 3276 3275
f 3550 3277 3276
f 3551 3102 3103
f 3551 3103 3104
f 3551 3540 3547
f 3551 3548 3544
f 3551 3544 3540
f 3551 3547 3102
f 3552 3545 3541
f 3552 3541 3548
f 3553 3542 3549
f 3553 3546 3542
f 3553 3550 3546
f 3554 3278 3277
f 3554 3277 3550
f 3554 3279 3278
f 3555 3104 3105
f 3555 3105 3106
f 3555 3551 3104
f 3555 3548 3551
f 3556 3545 3552
f 3556 3549 3545
f 3557 3550 3553
f 3558 3279 3554
f 3558 3280 3279
f 3558 3281 3280
f 3559 3555 3106
f 3559 3106 3107
f 3559 3107 3108
f 3559 3556 3552
f 3559 3552 3548
f 3559 3548 3555
f 3560 3553 3549
f 3560 3549 3556
f 3560 3557 3553
f 3561 3550 3557
f 3561 3554 3550
f 3562 3281 3558
f 3562 3282 3281
f 3562 3283 3282
f 3563 3108 3109
f 3563 3109 3110
f 3563 3559 3108
f 3563 3556 3559
f 3563 3560 3556
f 3564 3557 3560
f 3565 3558 3554
f 3565 3554 3561
f 3566 3283 3562
f 3566 3284 3283
f 3566 3285 3284
f 3567 3110 3111
f 3567 3111 3112
f 3567 3563 3110
f 3567 3560 3563
f 3568 3561 3557
f 3568 3557 3564
f 3569 3562 3558
f 3569 3566 3562
f 3569 3558 3565
f 3570 3285 3566
f 3570 3286 3285
f 3570 3287 3286
f 3571 3112 3113
f 3571 3113 3114
f 3571 3567 3112
f 3571 3564 3560
f 3571 3560 3567
f 3571 3568 3564
f 3572 3565 3561
f 3572 3561 3568
f 3573 3566 3569
f 3573 3570 3566
f 3574 3287 3570
f 3574 3288 3287
f 3574 3289 3288
f 3575 3568 3571
f 3575 3114 3115
f 3575 3115 3116
f 3575 3572 3568
f 3575 3571 3114
f 3576 3569 3565
f 3576 3565 3572
f 3577 3570 3573
f 3578 3289 3574
f 3578 3290 3289
f 3578 3291 3290
f 3579 3572 3575
f 3579 3116 3117
f 3579 3117 3118
f 3579 3575 3116
f 3580 3573 3569
f 3580 3569 3576
f 3581 3574 3570
f 3581 3570 3577
f 3582 3292 3291
f 3582 3293 3292
f 3582 3291 3578
f 3583 3579 3118
f 3583 3580 3576
f 3583 3572 3579
f 3583 3118 3119
f 3583 3119 3120
f 3583 3576 3572
f 3584 3573 3580
f 3584 3577 3573
f 3585 3574 3581
f 3585 3578 3574
f 3586 3294 3293
f 3586 3295 3294
f 3586 3293 3582
f 3587 3120 3121
f 3587 3121 3122
f 3587 3583 3120
f 3587 3580 3583
f 3588 3581 3577
f 3588 3577 3584
f 3589 3582 3578
f 3589 3578 3585
f 3590 3296 3295
f 3590 3297 3296
f 3590 3295 3586
f 3591 3580 3587
f 3591 3584 3580
f 3591 3122 3123
f 3591 3123 3124
f 3591 3587 3122
f 3592 3585 3581
f 3592 3581 3588
f 3593 3586 3582
f 3593 3582 3589
f 3593 3590 3586
f 3594 3298 3297
f 3594 3299 3298
f 3594 3297 3590
f 3595 3592 3588
f 3595 3588 3584
f 3595 3124 3125
f 3595 3125 3126
f 3595 3584 3591
f 3595 3591 3124
f 3596 3585 3592
f 3596 3589 3585
f 3597 3594 3590
f 3597 3590 3593
f 3598 3300 3299
f 3598 3301 3300
f 3598 3299 3594
f 3599 3126 3127
f 3599 3127 3128
f 3599 3592 3595
f 3599 3595 3126
f 3600 3593 3589
f 3600 3589 3596
f 3601 3594 3597
f 3602 3302 3301
f 3602 3303 3302
f 3602 3301 3598
f 3603 3128 3129
f 3603 3129 3130
f 3603 3596 3592
f 3603 3599 3128
f 3603 3592 3599
f 3604 3597 3593
f 3604 3593 3600
f 3605 3598 3594
f 3605 3594 3601
f 3606 3304 3303
f 3606 3305 3304
f 3606 3303 3602
f 3607 3130 3131
f 3607 3131 3132
f 3607 3603 3130
f 3607 3604 3600
f 3607 3600 3596
f 3607 3596 3603
f 3608 3597 3604
f 3608 3601 3597
f 3608 3605 3601
f 3609 3598 3605
f 3609 3602 3598
f 3610 3306 3305
f 3610 3307 3306
f 3610 3305 3606
f 3611 3604 3607
f 3611 3132 3133
f 3611 3133 3134
f 3611 3607 3132
f 3611 3608 3604
f 3612 3605 3608
f 3613 3606 3602
f 3613 3602 3609
f 3614 3308 3307
f 3614 3309 3308
f 3614 3312 3311
f 3614 3311 3309
f 3614 3307 3610
f 3615 3608 3611
f 3615 3134 3135
f 3615 3135 3136
f 3615 3611 3134
f 3616 3609 3605
f 3616 3605 3612
f 3617 3610 3606
f 3617 3606 3613
f 3618 3615 3136
f 3618 3136 3137
f 3618 3137 3138
f 3618 3608 3615
f 3618 3612 3608
f 3619 3613 3609
f 3619 3609 3616
f 3620 3610 3617
f 3620 3312 3614
f 3620 3614 3610
f 3621 3618 3138
f 3621 3612 3618
f 3621 3616 3612
f 3621 3138 3139
f 3621 3139 3140
f 3622 3613 3619
f 3622 3617 3613
f 3623 3622 3619
f 3623 3621 3140
f 3623 3619 3616
f 3623 3140 3141
f 3623 3141 3142
f 3623 3616 3621
f 3624 3313 3312
f 3624 3312 3620
f 3624 3620 3617
f 3624 3617 3622
f 3625 3142 3143
f 3625 3143 3144
f 3625 3622 3623
f 3625 3623 3142
f 3626 3314 3313
f 3626 3313 3624
f 3626 3144 3145
f 3626 3145 3146
f 3626 3624 3622
f 3626 3622 3625
f 3626 3625 3144
f 3626 3146 3314
f 3787 3791 3786
f 3628 3790 3627
f 3949 3948 3947
f 3785 3952 3784
f 3953 3791 3787
f 3953 3792 3791
f 3953 3793 3792
f 3954 3793 3953
f 3954 3794 3793
f 3954 3795 3794
f 3955 3787 3788
f 3955 3953 3787
f 3956 3796 3795
f 3956 3797 3796
f 3956 3795 3954
f 3957 3953 3955
f 3957 3954 3953
f 3958 3798 3797
f 3958 3799 3798
f 3958 3797 3956
f 3959 3955 3788
f 3959 3788 3789
f 3960 3954 3957
f 3960 3956 3954
f 3961 3799 3958
f 3961 3800 3799
f 3961 3801 3800
f 3962 3957 3955
f 3962 3955 3959
f 3963 3956 3960
f 3963 3958 3956
f 3964 3801 3961
f 3964 3802 3801
f 3964 3803 3802
f 3965 3628 3629
f 3965 3629 3630
f 3965 3959 3789
f 3965 3789 3790
f 3965 3790 3628
f 3966 3957 3962
f 3966 3960 3957
f 3967 3961 3958
f 3967 3958 3963
f 3968 3803 3964
f 3968 3804 3803
f 3968 3805 3804
f 3969 3630 3631
f 3969 3631 3632
f 3969 3962 3959
f 3969 3965 3630
f 3969 3959 3965
f 3970 3960 3966
f 3970 3963 3960
f 3971 3964 3961
f 3971 3961 3967
f 3972 3805 3968
f 3972 3806 3805
f 3972 3807 3806
f 3973 3962 3969
f 3973 3632 3633
f 3973 3633 3634
f 3973 3969 3632
f 3973 3966 3962
f 3974 3963 3970
f 3974 3967 3963
f 3975 3968 3964
f 3975 3964 3971
f 3976 3807 3972
f 3976 3808 3807
f 3976 3809 3808
f 3977 3973 3634
f 3977 3634 3635
f 3977 3635 3636
f 3977 3966 3973
f 3977 3970 3966
f 3978 3971 3967
f 3978 3967 3974
f 3979 3968 3975
f 3979 3972 3968
f 3980 3809 3976
f 3980 3810 3809
f 3980 3811 3810
f 3981 3636 3637
f 3981 3637 3638
f 3981 3970 3977
f 3981 3977 3636
f 3981 3974 3970
f 3982 3971 3978
f 3982 3975 3971
f 3983 3980 3976
f 3983 3976 3972
f 3983 3972 3979
f 3984 3812 3811
f 3984 3813 3812
f 3984 3811 3980
f 3985 3638 3639
f 3985 3639 3640
f 3985 3974 3981
f 3985 3978 3974
f 3985 3981 3638
f 3986 3975 3982
f 3986 3979 3975
f 3987 3980 3983
f 3988 3813 3984
f 3988 3814 3813
f 3988 3815 3814
f 3989 3640 3641
f 3989 3641 3642
f 3989 3982 3978
f 3989 3985 3640
f 3989 3986 3982
f 3989 3978 3985
f 3990 3983 3979
f 3990 3979 3986
f 3990 3987 3983
f 3991 3984 3980
f 3991 3980 3987
f 3992 3815 3988
f 3992 3816 3815
f 3992 3817 3816
f 3993 3642 3643
f 3993 3643 3644
f 3993 3989 3642
f 3993 3986 3989
f 3994 3987 3990
f 3995 3984 3991
f 3995 3988 3984
f 3996 3817 3992
f 3996 3818 3817
f 3996 3819 3818
f 3997 3644 3645
f 3997 3645 3646
f 3997 3993 3644
f 3997 3990 3986
f 3997 3986 3993
f 3998 3991 3987
f 3998 3987 3994
f 3999 3992 3988
f 3999 3988 3995
f 4000 3819 3996
f 4000 3820 3819
f 4000 3821 3820
f 4001 3646 3647
f 4001 3647 3648
f 4001 3994 3990
f 4001 3990 3997
f 4001 3997 3646
f 4002 3991 3998
f 4002 3995 3991
f 4002 3999 3995
f 4003 3996 3992
f 4003 3992 3999
f 4004 3821 4000
f 4004 3822 3821
f 4004 3823 3822
f 4005 3648 3649
f 4005 3649 3650
f 4005 3998 3994
f 4005 4001 3648
f 4005 3994 4001
f 4006 3999 4002
f 4007 4004 4000
f 4007 3996 4003
f 4007 4000 3996
f 4008 3823 4004
f 4008 3824 3823
f 4008 3825 3824
f 4009 4002 3998
f 4009 3650 3651
f 4009 3651 3652
f 4009 4005 3650
f 4009 3998 4005
f 4010 4003 3999
f 4010 3999 4006
f 4010 4007 4003
f 4011 4004 4007
f 4012 3825 4008
f 4012 3826 3825
f 4012 3827 3826
f 4013 4006 4002
f 4013 3652 3653
f 4013 3653 3654
f 4013 4002 4009
f 4013 4009 3652
f 4014 4007 4010
f 4015 4008 4004
f 4015 4004 4011
f 4016 3829 3828
f 4016 3827 4012
f 4016 3828 3827
f 4017 4010 4006
f 4017 3654 3655
f 4017 3655 3656
f 4017 4006 4013
f 4017 4013 3654
f 4018 4007 4014
f 4018 4011 4007
f 4019 4012 4008
f 4019 4008 4015
f 4020 3830 3829
f 4020 3831 3830
f 4020 3829 4016
f 4021 4010 4017
f 4021 3656 3657
f 4021 3657 3658
f 4021 4017 3656
f 4021 4014 4010
f 4022 4015 4011
f 4022 4011 4018
f 4023 4016 4012
f 4023 4012 4019
f 4024 3832 3831
f 4024 3833 3832
f 4024 3831 4020
f 4025 3658 3659
f 4025 3659 3660
f 4025 4018 4014
f 4025 4021 3658
f 4025 4014 4021
f 4026 4019 4015
f 4026 4015 4022
f 4027 4016 4023
f 4027 4020 4016
f 4028 3833 4024
f 4028 3834 3833
f 4028 3835 3834
f 4029 4025 3660
f 4029 3660 3661
f 4029 3661 3662
f 4029 4022 4018
f 4029 4026 4022
f 4029 4018 4025
f 4030 4019 4026
f 4030 4023 4019
f 4031 4024 4020
f 4031 4020 4027
f 4032 3836 3835
f 4032 3837 3836
f 4032 3835 4028
f 4033 4026 4029
f 4033 3662 3663
f 4033 3663 3664
f 4033 4029 3662
f 4034 4023 4030
f 4034 4027 4023
f 4035 4028 4024
f 4035 4024 4031
f 4036 3838 3837
f 4036 3839 3838
f 4036 3837 4032
f 4037 4026 4033
f 4037 3664 3665
f 4037 3665 3666
f 4037 4030 4026
f 4037 4033 3664
f 4038 4031 4027
f 4038 4027 4034
f 4039 4028 4035
f 4039 4032 4028
f 4040 3840 3839
f 4040 3841 3840
f 4040 3839 4036
f 4041 3666 3667
f 4041 3667 3668
f 4041 4037 3666
f 4041 4030 4037
f 4041 4034 4030
f 4042 4031 4038
f 4042 4035 4031
f 4043 4032 4039
f 4043 4036 4032
f 4044 3842 3841
f 4044 3843 3842
f 4044 3841 4040
f 4045 4042 4038
f 4045 4038 4034
f 4045 3668 3669
f 4045 3669 3670
f 4045 4041 3668
f 4045 4034 4041
f 4046 4035 4042
f 4046 4039 4035
f 4047 4036 4043
f 4047 4040 4036
f 4048 3844 3843
f 4048 3845 3844
f 4048 3843 4044
f 4049 3670 3671
f 4049 4045 3670
f 4049 3671 3672
f 4049 4042 4045
f 4050 4043 4039
f 4050 4039 4046
f 4051 4040 4047
f 4051 4048 4044
f 4051 4044 4040
f 4052 3846 3845
f 4052 3847 3846
f 4052 3845 4048
f 4053 3672 3673
f 4053 3673 3674
f 4053 4049 3672
f 4053 4046 4042
f 4053 4042 4049
f 4054 4047 4043
f 4054 4043 4050
f 4055 4048 4051
f 4056 3848 3847
f 4056 3849 3848
f 4056 3847 4052
f 4057 4046 4053
f 4057 3674 3675
f 4057 3675 3676
f 4057 4053 3674
f 4057 4050 4046
f 4058 4051 4047
f 4058 4047 4054
f 4059 4052 4048
f 4059 4048 4055
f 4060 3850 3849
f 4060 3851 3850
f 4060 3849 4056
f 4061 4058 4054
f 4061 4054 4050
f 4061 3676 3677
f 4061 3677 3678
f 4061 4057 3676
f 4061 4050 4057
f 4062 4051 4058
f 4062 4055 4051
f 4063 4052 4059
f 4063 4056 4052
f 4063 4060 4056
f 4064 3852 3851
f 4064 3853 3852
f 4064 3851 4060
f 4065 4061 3678
f 4065 3678 3679
f 4065 3679 3680
f 4065 4058 4061
f 4066 4059 4055
f 4066 4055 4062
f 4067 4060 4063
f 4068 3854 3853
f 4068 3855 3854
f 4068 3853 4064
f 4069 3680 3681
f 4069 3681 3682
f 4069 4058 4065
f 4069 4065 3680
f 4069 4062 4058
f 4070 4063 4059
f 4070 4067 4063
f 4070 4059 4066
f 4071 4060 4067
f 4071 4064 4060
f 4072 3856 3855
f 4072 3857 3856
f 4072 3855 4068
f 4073 4066 4062
f 4073 3682 3683
f 4073 3683 3684
f 4073 4069 3682
f 4073 4062 4069
f 4074 4067 4070
f 4075 4068 4064
f 4075 4064 4071
f 4075 4072 4068
f 4076 3858 3857
f 4076 3859 3858
f 4076 3857 4072
f 4077 4073 3684
f 4077 3684 3685
f 4077 3685 3686
f 4077 4070 4066
f 4077 4066 4073
f 4078 4067 4074
f 4078 4071 4067
f 4079 4072 4075
f 4080 3860 3859
f 4080 3861 3860
f 4080 3859 4076
f 4081 4077 3686
f 4081 4078 4074
f 4081 4070 4077
f 4081 3686 3687
f 4081 4074 4070
f 4081 3687 3688
f 4082 4071 4078
f 4082 4075 4071
f 4083 4072 4079
f 4083 4076 4072
f 4084 3862 3861
f 4084 3863 3862
f 4084 3861 4080
f 4085 4081 3688
f 4085 4078 4081
f 4085 3688 3689
f 4085 3689 3690
f 4085 4082 4078
f 4086 4079 4075
f 4086 4075 4082
f 4087 4076 4083
f 4087 4080 4076
f 4088 3863 4084
f 4088 3864 3863
f 4088 3865 3864
f 4089 4082 4085
f 4089 4085 3690
f 4089 3690 3691
f 4089 3691 3692
f 4090 4079 4086
f 4090 4083 4079
f 4091 4084 4080
f 4091 4080 4087
f 4092 3866 3865
f 4092 3867 3866
f 4092 3865 4088
f 4093 4082 4089
f 4093 4086 4082
f 4093 4089 3692
f 4093 3692 3693
f 4093 3693 3694
f 4094 4083 4090
f 4094 4087 4083
f 4095 4088 4084
f 4095 4084 4091
f 4096 3868 3867
f 4096 3869 3868
f 4096 3867 4092
f 4097 4090 4086
f 4097 4086 4093
f 4097 4093 3694
f 4097 3694 3695
f 4097 3695 3696
f 4098 4091 4087
f 4098 4087 4094
f 4099 4096 4092
f 4099 4092 4088
f 4099 4088 4095
f 4100 3870 3869
f 4100 3871 3870
f 4100 3869 4096
f 4101 4094 4090
f 4101 4090 4097
f 4101 4097 3696
f 4101 3696 3697
f 4101 3697 3698
f 4102 4091 4098
f 4102 4095 4091
f 4103 4096 4099
f 4104 3872 3871
f 4104 3873 3872
f 4104 3871 4100
f 4105 4098 4094
f 4105 4094 4101
f 4105 3698 3699
f 4105 3699 3700
f 4105 4101 3698
f 4106 4095 4102
f 4106 4099 4095
f 4107 4096 4103
f 4107 4100 4096
f 4108 3873 4104
f 4108 3874 3873
f 4108 3875 3874
f 4109 4098 4105
f 4109 4102 4098
f 4109 4105 3700
f 4109 3700 3701
f 4109 3701 3702
f 4110 4103 4099
f 4110 4099 4106
f 4111 4104 4100
f 4111 4100 4107
f 4112 3876 3875
f 4112 3877 3876
f 4112 3875 4108
f 4113 4109 3702
f 4113 3702 3703
f 4113 4106 4102
f 4113 3703 3704
f 4113 4102 4109
f 4114 4111 4107
f 4114 4107 4103
f 4114 4103 4110
f 4115 4108 4104
f 4115 4104 4111
f 4116 3877 4112
f 4116 3878 3877
f 4116 3879 3878
f 4117 4106 4113
f 4117 4113 3704
f 4117 3704 3705
f 4117 3705 3706
f 4117 4110 4106
f 4118 4111 4114
f 4119 4108 4115
f 4119 4112 4108
f 4120 3879 4116
f 4120 3880 3879
f 4120 3881 3880
f 4121 4110 4117
f 4121 4114 4110
f 4121 4117 3706
f 4121 3706 3707
f 4121 3707 3708
f 4122 4115 4111
f 4122 4111 4118
f 4123 4116 4112
f 4123 4112 4119
f 4124 3881 4120
f 4124 3882 3881
f 4124 3883 3882
f 4125 4114 4121
f 4125 4121 3708
f 4125 3708 3709
f 4125 3709 3710
f 4125 4118 4114
f 4126 4119 4115
f 4126 4115 4122
f 4127 4120 4116
f 4127 4116 4123
f 4128 3883 4124
f 4128 3884 3883
f 4128 3885 3884
f 4129 4122 4118
f 4129 4125 3710
f 4129 3710 3711
f 4129 3711 3712
f 4129 4118 4125
f 4130 4119 4126
f 4130 4123 4119
f 4131 4124 4120
f 4131 4120 4127
f 4132 3885 4128
f 4132 3886 3885
f 4132 3887 3886
f 4133 4126 4122
f 4133 4122 4129
f 4133 4129 3712
f 4133 3712 3713
f 4133 3713 3714
f 4134 4127 4123
f 4134 4123 4130
f 4135 4128 4124
f 4135 4124 4131
f 4136 3887 4132
f 4136 3888 3887
f 4136 3889 3888
f 4137 4126 4133
f 4137 4134 4130
f 4137 4130 4126
f 4137 4133 3714
f 4137 3714 3715
f 4137 3715 3716
f 4138 4131 4127
f 4138 4127 4134
f 4139 4132 4128
f 4139 4128 4135
f 4140 3890 3889
f 4140 3891 3890
f 4140 3889 4136
f 4141 4134 4137
f 4141 4138 4134
f 4141 3716 3717
f 4141 4137 3716
f 4141 3717 3718
f 4142 4135 4131
f 4142 4131 4138
f 4143 4136 4132
f 4143 4132 4139
f 4144 3892 3891
f 4144 3893 3892
f 4144 3891 4140
f 4145 4141 3718
f 4145 4138 4141
f 4145 3718 3719
f 4145 3719 3720
f 4146 4139 4135
f 4146 4135 4142
f 4147 4140 4136
f 4147 4136 4143
f 4148 3894 3893
f 4148 3895 3894
f 4148 3893 4144
f 4149 4145 3720
f 4149 4142 4138
f 4149 4138 4145
f 4149 4146 4142
f 4149 3720 3721
f 4149 3721 3722
f 4150 4139 4146
f 4150 4143 4139
f 4151 4140 4147
f 4151 4144 4140
f 4152 3895 4148
f 4152 3896 3895
f 4152 3897 3896
f 4153 4146 4149
f 4153 4150 4146
f 4153 4149 3722
f 4153 3722 3723
f 4153 3723 3724
f 4154 4147 4143
f 4154 4143 4150
f 4155 4144 4151
f 4155 4148 4144
f 4156 3897 4152
f 4156 3898 3897
f 4156 3899 3898
f 4157 4153 3724
f 4157 4150 4153
f 4157 3724 3725
f 4157 3725 3726
f 4158 4147 4154
f 4158 4151 4147
f 4159 4148 4155
f 4159 4152 4148
f 4160 3899 4156
f 4160 3900 3899
f 4160 3901 3900
f 4161 3727 3728
f 4161 4150 4157
f 4161 4154 4150
f 4161 4157 3726
f 4161 3726 3727
f 4162 4155 4151
f 4162 4151 4158
f 4162 4159 4155
f 4163 4152 4159
f 4163 4156 4152
f 4164 3901 4160
f 4164 3902 3901
f 4164 3903 3902
f 4165 3728 3729
f 4165 3729 3730
f 4165 4158 4154
f 4165 4162 4158
f 4165 4154 4161
f 4165 4161 3728
f 4166 4159 4162
f 4167 4160 4156
f 4167 4156 4163
f 4168 3903 4164
f 4168 3904 3903
f 4168 3905 3904
f 4169 3730 3731
f 4169 3731 3732
f 4169 4162 4165
f 4169 4165 3730
f 4170 4163 4159
f 4170 4159 4166
f 4171 4160 4167
f 4171 4164 4160
f 4172 3905 4168
f 4172 3906 3905
f 4172 3907 3906
f 4173 3732 3733
f 4173 3733 3734
f 4173 4169 3732
f 4173 4166 4162
f 4173 4162 4169
f 4173 4170 4166
f 4174 4171 4167
f 4174 4167 4163
f 4174 4163 4170
f 4175 4168 4164
f 4175 4172 4168
f 4175 4164 4171
f 4176 3907 4172
f 4176 3908 3907
f 4176 3909 3908
f 4177 3734 3735
f 4177 3735 3736
f 4177 4170 4173
f 4177 4173 3734
f 4178 4171 4174
f 4179 4172 4175
f 4180 3909 4176
f 4180 3910 3909
f 4180 3911 3910
f 4181 4174 4170
f 4181 3736 3737
f 4181 3737 3738
f 4181 4177 3736
f 4181 4170 4177
f 4182 4171 4178
f 4182 4175 4171
f 4183 4172 4179
f 4183 4176 4172
f 4184 3911 4180
f 4184 3912 3911
f 4184 3913 3912
f 4185 4181 3738
f 4185 3738 3739
f 4185 3739 3740
f 4185 4178 4174
f 4185 4174 4181
f 4186 4175 4182
f 4186 4179 4175
f 4187 4180 4176
f 4187 4176 4183
f 4188 3913 4184
f 4188 3914 3913
f 4188 3915 3914
f 4189 3740 3741
f 4189 3741 3742
f 4189 4178 4185
f 4189 4186 4182
f 4189 4182 4178
f 4189 4185 3740
f 4190 4183 4179
f 4190 4179 4186
f 4191 4180 4187
f 4191 4184 4180
f 4191 4188 4184
f 4192 3916 3915
f 4192 3915 4188
f 4192 3917 3916
f 4193 3742 3743
f 4193 3743 3744
f 4193 4189 3742
f 4193 4186 4189
f 4194 4183 4190
f 4194 4187 4183
f 4195 4188 4191
f 4196 3917 4192
f 4196 3918 3917
f 4196 3919 3918
f 4197 4193 3744
f 4197 3744 3745
f 4197 3745 3746
f 4197 4194 4190
f 4197 4190 4186
f 4197 4186 4193
f 4198 4191 4187
f 4198 4187 4194
f 4198 4195 4191
f 4199 4188 4195
f 4199 4192 4188
f 4200 3919 4196
f 4200 3920 3919
f 4200 3921 3920
f 4201 3746 3747
f 4201 3747 3748
f 4201 4197 3746
f 4201 4194 4197
f 4201 4198 4194
f 4202 4195 4198
f 4203 4196 4192
f 4203 4192 4199
f 4204 3921 4200
f 4204 3922 3921
f 4204 3923 3922
f 4205 3748 3749
f 4205 3749 3750
f 4205 4201 3748
f 4205 4198 4201
f 4206 4199 4195
f 4206 4195 4202
f 4207 4200 4196
f 4207 4204 4200
f 4207 4196 4203
f 4208 3923 4204
f 4208 3924 3923
f 4208 3925 3924
f 4209 3750 3751
f 4209 3751 3752
f 4209 4205 3750
f 4209 4202 4198
f 4209 4198 4205
f 4209 4206 4202
f 4210 4203 4199
f 4210 4199 4206
f 4211 4204 4207
f 4211 4208 4204
f 4212 3925 4208
f 4212 3926 3925
f 4212 3927 3926
f 4213 4206 4209
f 4213 3752 3753
f 4213 3753 3754
f 4213 4210 4206
f 4213 4209 3752
f 4214 4207 4203
f 4214 4203 4210
f 4215 4208 4211
f 4216 3927 4212
f 4216 3928 3927
f 4216 3929 3928
f 4217 4210 4213
f 4217 3754 3755
f 4217 3755 3756
f 4217 4213 3754
f 4218 4211 4207
f 4218 4207 4214
f 4219 4212 4208
f 4219 4208 4215
f 4220 3930 3929
f 4220 3931 3930
f 4220 3929 4216
f 4221 4217 3756
f 4221 4218 4214
f 4221 4210 4217
f 4221 3756 3757
f 4221 3757 3758
f 4221 4214 4210
f 4222 4211 4218
f 4222 4215 4211
f 4223 4212 4219
f 4223 4216 4212
f 4224 3932 3931
f 4224 3933 3932
f 4224 3931 4220
f 4225 3758 3759
f 4225 3759 3760
f 4225 4221 3758
f 4225 4218 4221
f 4226 4219 4215
f 4226 4215 4222
f 4227 4220 4216
f 4227 4216 4223
f 4228 3934 3933
f 4228 3935 3934
f 4228 3933 4224
f 4229 4218 4225
f 4229 4222 4218
f 4229 3760 3761
f 4229 3761 3762
f 4229 4225 3760
f 4230 4223 4219
f 4230 4219 4226
f 4231 4224 4220
f 4231 4220 4227
f 4231 4228 4224
f 4232 3936 3935
f 4232 3937 3936
f 4232 3935 4228
f 4233 4230 4226
f 4233 4226 4222
f 4233 3762 3763
f 4233 3763 3764
f 4233 4222 4229
f 4233 4229 3762
f 4234 4223 4230
f 4234 4227 4223
f 4235 4232 4228
f 4235 4228 4231
f 4236 3938 3937
f 4236 3939 3938
f 4236 3937 4232
f 4237 3764 3765
f 4237 3765 3766
f 4237 4230 4233
f 4237 4233 3764
f 4238 4231 4227
f 4238 4227 4234
f 4239 4232 4235
f 4240 3940 3939
f 4240 3941 3940
f 4240 3939 4236
f 4241 3766 3767
f 4241 3767 3768
f 4241 4234 4230
f 4241 4237 3766
f 4241 4230 4237
f 4242 4235 4231
f 4242 4231 4238
f 4243 4236 4232
f 4243 4232 4239
f 4244 3942 3941
f 4244 3943 3942
f 4244 3941 4240
f 4245 3768 3769
f 4245 3769 3770
f 4245 4241 3768
f 4245 4242 4238
f 4245 4238 4234
f 4245 4234 4241
f 4246 4235 4242
f 4246 4239 4235
f 4246 4243 4239
f 4247 4236 4243
f 4247 4240 4236
f 4248 3944 3943
f 4248 3945 3944
f 4248 3943 4244
f 4249 4242 4245
f 4249 3770 3771
f 4249 3771 3772
f 4249 4245 3770
f 4249 4246 4242
f 4250 4243 4246
f 4251 4244 4240
f 4251 4240 4247
f 4252 3946 3945
f 4252 3947 3946
f 4252 3950 3949
f 4252 3949 3947
f 4252 3945 4248
f 4253 4246 4249
f 4253 3772 3773
f 4253 3773 3774
f 4253 4249 3772
f 4254 4247 4243
f 4254 4243 4250
f 4255 4248 4244
f 4255 4244 4251
f 4256 4253 3774
f 4256 3774 3775
f 4256 3775 3776
f 4256 4246 4253
f 4256 4250 4246
f 4257 4251 4247
f 4257 4247 4254
f 4258 4248 4255
f 4258 3950 4252
f 4258 4252 4248
f 4259 4256 3776
f 4259 4250 4256
f 4259 4254 4250
f 4259 3776 3777
f 4259 3777 3778
f 4260 4251 4257
f 4260 4255 4251
f 4261 4260 4257
f 4261 4259 3778
f 4261 4257 4254
f 4261 3778 3779
f 4261 3779 3780
f 4261 4254 4259
f 4262 3951 3950
f 4262 3950 4258
f 4262 4258 4255
f 4262 4255 4260
f 4263 3780 3781
f 4263 3781 3782
f 4263 4260 4261
f 4263 4261 3780
f 4264 3952 3951
f 4264 3951 4262
f 4264 3782 3783
f 4264 3783 3784
f 4264 4262 4260
f 4264 4260 4263
f 4264 4263 3782
f 4264 3784 3952
f 4425 4429 4424
f 4266 4428 4265
f 4587 4586 4585
f 4423 4590 4422
f 4591 4429 4425
f 4591 4430 4429
f 4591 4431 4430
f 4592 4431 4591
f 4592 4432 4431
f 4592 4433 4432
f 4593 4425 4426
f 4593 4591 4425
f 4594 4434 4433
f 4594 4435 4434
f 4594 4433 4592
f 4595 4591 4593
f 4595 4592 4591
f 4596 4436 4435
f 4596 4437 4436
f 4596 4435 4594
f 4597 4593 4426
f 4597 4426 4427
f 4598 4592 4595
f 4598 4594 4592
f 4599 4437 4596
f 4599 4438 4437
f 4599 4439 4438
f 4600 4595 4593
f 4600 4593 4597
f 4601 4594 4598
f 4601 4596 4594
f 4602 4439 4599
f 4602 4440 4439
f 4602 4441 4440
f 4603 4266 4267
f 4603 4267 4268
f 4603 4597 4427
f 4603 4427 4428
f 4603 4428 4266
f 4604 4595 4600
f 4604 4598 4595
f 4605 4599 4596
f 4605 4596 4601
f 4606 4441 4602
f 4606 4442 4441
f 4606 4443 4442
f 4607 4268 4269
f 4607 4269 4270
f 4607 4600 4597
f 4607 4603 4268
f 4607 4597 4603
f 4608 4598 4604
f 4608 4601 4598
f 4609 4602 4599
f 4609 4599 4605
f 4610 4443 4606
f 4610 4444 4443
f 4610 4445 4444
f 4611 4600 4607
f 4611 4270 4271
f 4611 4271 4272
f 4611 4607 4270
f 4611 4604 4600
f 4612 4601 4608
f 4612 4605 4601
f 4613 4606 4602
f 4613 4602 4609
f 4614 4445 4610
f 4614 4446 4445
f 4614 4447 4446
f 4615 4611 4272
f 4615 4272 4273
f 4615 4273 4274
f 4615 4604 4611
f 4615 4608 4604
f 4616 4609 4605
f 4616 4605 4612
f 4617 4606 4613
f 4617 4610 4606
f 4618 4447 4614
f 4618 4448 4447
f 4618 4449 4448
f 4619 4274 4275
f 4619 4275 4276
f 4619 4608 4615
f 4619 4615 4274
f 4619 4612 4608
f 4620 4609 4616
f 4620 4613 4609
f 4621 4618 4614
f 4621 4614 4610
f 4621 4610 4617
f 4622 4450 4449
f 4622 4451 4450
f 4622 4449 4618
f 4623 4276 4277
f 4623 4277 4278
f 4623 4612 4619
f 4623 4616 4612
f 4623 4619 4276
f 4624 4613 4620
f 4624 4617 4613
f 4625 4618 4621
f 4626 4451 4622
f 4626 4452 4451
f 4626 4453 4452
f 4627 4278 4279
f 4627 4279 4280
f 4627 4620 4616
f 4627 4623 4278
f 4627 4624 4620
f 4627 4616 4623
f 4628 4621 4617
f 4628 4617 4624
f 4628 4625 4621
f 4629 4622 4618
f 4629 4618 4625
f 4630 4453 4626
f 4630 4454 4453
f 4630 4455 4454
f 4631 4280 4281
f 4631 4281 4282
f 4631 4627 4280
f 4631 4624 4627
f 4632 4625 4628
f 4633 4622 4629
f 4633 4626 4622
f 4634 4455 4630
f 4634 4456 4455
f 4634 4457 4456
f 4635 4282 4283
f 4635 4283 4284
f 4635 4631 4282
f 4635 4628 4624
f 4635 4624 4631
f 4636 4629 4625
f 4636 4625 4632
f 4637 4630 4626
f 4637 4626 4633
f 4638 4457 4634
f 4638 4458 4457
f 4638 4459 4458
f 4639 4284 4285
f 4639 4285 4286
f 4639 4632 4628
f 4639 4628 4635
f 4639 4635 4284
f 4640 4629 4636
f 4640 4633 4629
f 4640 4637 4633
f 4641 4634 4630
f 4641 4630 4637
f 4642 4459 4638
f 4642 4460 4459
f 4642 4461 4460
f 4643 4286 4287
f 4643 4287 4288
f 4643 4636 4632
f 4643 4639 4286
f 4643 4632 4639
f 4644 4637 4640
f 4645 4642 4638
f 4645 4634 4641
f 4645 4638 4634
f 4646 4461 4642
f 4646 4462 4461
f 4646 4463 4462
f 4647 4640 4636
f 4647 4288 4289
f 4647 4289 4290
f 4647 4643 4288
f 4647 4636 4643
f 4648 4641 4637
f 4648 4637 4644
f 4648 4645 4641
f 4649 4642 4645
f 4650 4463 4646
f 4650 4464 4463
f 4650 4465 4464
f 4651 4644 4640
f 4651 4290 4291
f 4651 4291 4292
f 4651 4640 4647
f 4651 4647 4290
f 4652 4645 4648
f 4653 4646 4642
f 4653 4642 4649
f 4654 4467 4466
f 4654 4465 4650
f 4654 4466 4465
f 4655 4648 4644
f 4655 4292 4293
f 4655 4293 4294
f 4655 4644 4651
f 4655 4651 4292
f 4656 4645 4652
f 4656 4649 4645
f 4657 4650 4646
f 4657 4646 4653
f 4658 4468 4467
f 4658 4469 4468
f 4658 4467 4654
f 4659 4648 4655
f 4659 4294 4295
f 4659 4295 4296
f 4659 4655 4294
f 4659 4652 4648
f 4660 4653 4649
f 4660 4649 4656
f 4661 4654 4650
f 4661 4650 4657
f 4662 4470 4469
f 4662 4471 4470
f 4662 4469 4658
f 4663 4296 4297
f 4663 4297 4298
f 4663 4656 4652
f 4663 4659 4296
f 4663 4652 4659
f 4664 4657 4653
f 4664 4653 4660
f 4665 4654 4661
f 4665 4658 4654
f 4666 4471 4662
f 4666 4472 4471
f 4666 4473 4472
f 4667 4663 4298
f 4667 4298 4299
f 4667 4299 4300
f 4667 4660 4656
f 4667 4664 4660
f 4667 4656 4663
f 4668 4657 4664
f 4668 4661 4657
f 4669 4662 4658
f 4669 4658 4665
f 4670 4474 4473
f 4670 4475 4474
f 4670 4473 4666
f 4671 4664 4667
f 4671 4300 4301
f 4671 4301 4302
f 4671 4667 4300
f 4672 4661 4668
f 4672 4665 4661
f 4673 4666 4662
f 4673 4662 4669
f 4674 4476 4475
f 4674 4477 4476
f 4674 4475 4670
f 4675 4664 4671
f 4675 4302 4303
f 4675 4303 4304
f 4675 4668 4664
f 4675 4671 4302
f 4676 4669 4665
f 4676 4665 4672
f 4677 4666 4673
f 4677 4670 4666
f 4678 4478 4477
f 4678 4479 4478
f 4678 4477 4674
f 4679 4304 4305
f 4679 4305 4306
f 4679 4675 4304
f 4679 4668 4675
f 4679 4672 4668
f 4680 4669 4676
f 4680 4673 4669
f 4681 4670 4677
f 4681 4674 4670
f 4682 4480 4479
f 4682 4481 4480
f 4682 4479 4678
f 4683 4680 4676
f 4683 4676 4672
f 4683 4306 4307
f 4683 4307 4308
f 4683 4679 4306
f 4683 4672 4679
f 4684 4673 4680
f 4684 4677 4673
f 4685 4674 4681
f 4685 4678 4674
f 4686 4482 4481
f 4686 4483 4482
f 4686 4481 4682
f 4687 4308 4309
f 4687 4683 4308
f 4687 4309 4310
f 4687 4680 4683
f 4688 4681 4677
f 4688 4677 4684
f 4689 4678 4685
f 4689 4686 4682
f 4689 4682 4678
f 4690 4484 4483
f 4690 4485 4484
f 4690 4483 4686
f 4691 4310 4311
f 4691 4311 4312
f 4691 4687 4310
f 4691 4684 4680
f 4691 4680 4687
f 4692 4685 4681
f 4692 4681 4688
f 4693 4686 4689
f 4694 4486 4485
f 4694 4487 4486
f 4694 4485 4690
f 4695 4684 4691
f 4695 4312 4313
f 4695 4313 4314
f 4695 4691 4312
f 4695 4688 4684
f 4696 4689 4685
f 4696 4685 4692
f 4697 4690 4686
f 4697 4686 4693
f 4698 4488 4487
f 4698 4489 4488
f 4698 4487 4694
f 4699 4696 4692
f 4699 4692 4688
f 4699 4314 4315
f 4699 4315 4316
f 4699 4695 4314
f 4699 4688 4695
f 4700 4689 4696
f 4700 4693 4689
f 4701 4690 4697
f 4701 4694 4690
f 4701 4698 4694
f 4702 4490 4489
f 4702 4491 4490
f 4702 4489 4698
f 4703 4699 4316
f 4703 4316 4317
f 4703 4317 4318
f 4703 4696 4699
f 4704 4697 4693
f 4704 4693 4700
f 4705 4698 4701
f 4706 4492 4491
f 4706 4493 4492
f 4706 4491 4702
f 4707 4318 4319
f 4707 4319 4320
f 4707 4696 4703
f 4707 4703 4318
f 4707 4700 4696
f 4708 4701 4697
f 4708 4705 4701
f 4708 4697 4704
f 4709 4698 4705
f 4709 4702 4698
f 4710 4494 4493
f 4710 4495 4494
f 4710 4493 4706
f 4711 4704 4700
f 4711 4320 4321
f 4711 4321 4322
f 4711 4707 4320
f 4711 4700 4707
f 4712 4705 4708
f 4713 4706 4702
f 4713 4702 4709
f 4713 4710 4706
f 4714 4496 4495
f 4714 4497 4496
f 4714 4495 4710
f 4715 4711 4322
f 4715 4322 4323
f 4715 4323 4324
f 4715 4708 4704
f 4715 4704 4711
f 4716 4705 4712
f 4716 4709 4705
f 4717 4710 4713
f 4718 4498 4497
f 4718 4499 4498
f 4718 4497 4714
f 4719 4715 4324
f 4719 4716 4712
f 4719 4708 4715
f 4719 4324 4325
f 4719 4712 4708
f 4719 4325 4326
f 4720 4709 4716
f 4720 4713 4709
f 4721 4710 4717
f 4721 4714 4710
f 4722 4500 4499
f 4722 4501 4500
f 4722 4499 4718
f 4723 4719 4326
f 4723 4716 4719
f 4723 4326 4327
f 4723 4327 4328
f 4723 4720 4716
f 4724 4717 4713
f 4724 4713 4720
f 4725 4714 4721
f 4725 4718 4714
f 4726 4501 4722
f 4726 4502 4501
f 4726 4503 4502
f 4727 4720 4723
f 4727 4723 4328
f 4727 4328 4329
f 4727 4329 4330
f 4728 4717 4724
f 4728 4721 4717
f 4729 4722 4718
f 4729 4718 4725
f 4730 4504 4503
f 4730 4505 4504
f 4730 4503 4726
f 4731 4720 4727
f 4731 4724 4720
f 4731 4727 4330
f 4731 4330 4331
f 4731 4331 4332
f 4732 4721 4728
f 4732 4725 4721
f 4733 4726 4722
f 4733 4722 4729
f 4734 4506 4505
f 4734 4507 4506
f 4734 4505 4730
f 4735 4728 4724
f 4735 4724 4731
f 4735 4731 4332
f 4735 4332 4333
f 4735 4333 4334
f 4736 4729 4725
f 4736 4725 4732
f 4737 4734 4730
f 4737 4730 4726
f 4737 4726 4733
f 4738 4508 4507
f 4738 4509 4508
f 4738 4507 4734
f 4739 4732 4728
f 4739 4728 4735
f 4739 4735 4334
f 4739 4334 4335
f 4739 4335 4336
f 4740 4729 4736
f 4740 4733 4729
f 4741 4734 4737
f 4742 4510 4509
f 4742 4511 4510
f 4742 4509 4738
f 4743 4736 4732
f 4743 4732 4739
f 4743 4336 4337
f 4743 4337 4338
f 4743 4739 4336
f 4744 4733 4740
f 4744 4737 4733
f 4745 4734 4741
f 4745 4738 4734
f 4746 4511 4742
f 4746 4512 4511
f 4746 4513 4512
f 4747 4736 4743
f 4747 4740 4736
f 4747 4743 4338
f 4747 4338 4339
f 4747 4339 4340
f 4748 4741 4737
f 4748 4737 4744
f 4749 4742 4738
f 4749 4738 4745
f 4750 4514 4513
f 4750 4515 4514
f 4750 4513 4746
f 4751 4747 4340
f 4751 4340 4341
f 4751 4744 4740
f 4751 4341 4342
f 4751 4740 4747
f 4752 4749 4745
f 4752 4745 4741
f 4752 4741 4748
f 4753 4746 4742
f 4753 4742 4749
f 4754 4515 4750
f 4754 4516 4515
f 4754 4517 4516
f 4755 4744 4751
f 4755 4751 4342
f 4755 4342 4343
f 4755 4343 4344
f 4755 4748 4744
f 4756 4749 4752
f 4757 4746 4753
f 4757 4750 4746
f 4758 4517 4754
f 4758 4518 4517
f 4758 4519 4518
f 4759 4748 4755
f 4759 4752 4748
f 4759 4755 4344
f 4759 4344 4345
f 4759 4345 4346
f 4760 4753 4749
f 4760 4749 4756
f 4761 4754 4750
f 4761 4750 4757
f 4762 4519 4758
f 4762 4520 4519
f 4762 4521 4520
f 4763 4752 4759
f 4763 4759 4346
f 4763 4346 4347
f 4763 4347 4348
f 4763 4756 4752
f 4764 4757 4753
f 4764 4753 4760
f 4765 4758 4754
f 4765 4754 4761
f 4766 4521 4762
f 4766 4522 4521
f 4766 4523 4522
f 4767 4760 4756
f 4767 4763 4348
f 4767 4348 4349
f 4767 4349 4350
f 4767 4756 4763
f 4768 4757 4764
f 4768 4761 4757
f 4769 4762 4758
f 4769 4758 4765
f 4770 4523 4766
f 4770 4524 4523
f 4770 4525 4524
f 4771 4764 4760
f 4771 4760 4767
f 4771 4767 4350
f 4771 4350 4351
f 4771 4351 4352
f 4772 4765 4761
f 4772 4761 4768
f 4773 4766 4762
f 4773 4762 4769
f 4774 4525 4770
f 4774 4526 4525
f 4774 4527 4526
f 4775 4764 4771
f 4775 4772 4768
f 4775 4768 4764
f 4775 4771 4352
f 4775 4352 4353
f 4775 4353 4354
f 4776 4769 4765
f 4776 4765 4772
f 4777 4770 4766
f 4777 4766 4773
f 4778 4528 4527
f 4778 4529 4528
f 4778 4527 4774
f 4779 4772 4775
f 4779 4776 4772
f 4779 4354 4355
f 4779 4775 4354
f 4779 4355 4356
f 4780 4773 4769
f 4780 4769 4776
f 4781 4774 4770
f 4781 4770 4777
f 4782 4530 4529
f 4782 4531 4530
f 4782 4529 4778
f 4783 4779 4356
f 4783 4776 4779
f 4783 4356 4357
f 4783 4357 4358
f 4784 4777 4773
f 4784 4773 4780
f 4785 4778 4774
f 4785 4774 4781
f 4786 4532 4531
f 4786 4533 4532
f 4786 4531 4782
f 4787 4783 4358
f 4787 4780 4776
f 4787 4776 4783
f 4787 4784 4780
f 4787 4358 4359
f 4787 4359 4360
f 4788 4777 4784
f 4788 4781 4777
f 4789 4778 4785
f 4789 4782 4778
f 4790 4533 4786
f 4790 4534 4533
f 4790 4535 4534
f 4791 4784 4787
f 4791 4788 4784
f 4791 4787 4360
f 4791 4360 4361
f 4791 4361 4362
f 4792 4785 4781
f 4792 4781 4788
f 4793 4782 4789
f 4793 4786 4782
f 4794 4535 4790
f 4794 4536 4535
f 4794 4537 4536
f 4795 4791 4362
f 4795 4788 4791
f 4795 4362 4363
f 4795 4363 4364
f 4796 4785 4792
f 4796 4789 4785
f 4797 4786 4793
f 4797 4790 4786
f 4798 4537 4794
f 4798 4538 4537
f 4798 4539 4538
f 4799 4365 4366
f 4799 4788 4795
f 4799 4792 4788
f 4799 4795 4364
f 4799 4364 4365
f 4800 4793 4789
f 4800 4789 4796
f 4800 4797 4793
f 4801 4790 4797
f 4801 4794 4790
f 4802 4539 4798
f 4802 4540 4539
f 4802 4541 4540
f 4803 4366 4367
f 4803 4367 4368
f 4803 4796 4792
f 4803 4800 4796
f 4803 4792 4799
f 4803 4799 4366
f 4804 4797 4800
f 4805 4798 4794
f 4805 4794 4801
f 4806 4541 4802
f 4806 4542 4541
f 4806 4543 4542
f 4807 4368 4369
f 4807 4369 4370
f 4807 4800 4803
f 4807 4803 4368
f 4808 4801 4797
f 4808 4797 4804
f 4809 4798 4805
f 4809 4802 4798
f 4810 4543 4806
f 4810 4544 4543
f 4810 4545 4544
f 4811 4370 4371
f 4811 4371 4372
f 4811 4807 4370
f 4811 4804 4800
f 4811 4800 4807
f 4811 4808 4804
f 4812 4809 4805
f 4812 4805 4801
f 4812 4801 4808
f 4813 4806 4802
f 4813 4810 4806
f 4813 4802 4809
f 4814 4545 4810
f 4814 4546 4545
f 4814 4547 4546
f 4815 4372 4373
f 4815 4373 4374
f 4815 4808 4811
f 4815 4811 4372
f 4816 4809 4812
f 4817 4810 4813
f 4818 4547 4814
f 4818 4548 4547
f 4818 4549 4548
f 4819 4812 4808
f 4819 4374 4375
f 4819 4375 4376
f 4819 4815 4374
f 4819 4808 4815
f 4820 4809 4816
f 4820 4813 4809
f 4821 4810 4817
f 4821 4814 4810
f 4822 4549 4818
f 4822 4550 4549
f 4822 4551 4550
f 4823 4819 4376
f 4823 4376 4377
f 4823 4377 4378
f 4823 4816 4812
f 4823 4812 4819
f 4824 4813 4820
f 4824 4817 4813
f 4825 4818 4814
f 4825 4814 4821
f 4826 4551 4822
f 4826 4552 4551
f 4826 4553 4552
f 4827 4378 4379
f 4827 4379 4380
f 4827 4816 4823
f 4827 4824 4820
f 4827 4820 4816
f 4827 4823 4378
f 4828 4821 4817
f 4828 4817 4824
f 4829 4818 4825
f 4829 4822 4818
f 4829 4826 4822
f 4830 4554 4553
f 4830 4553 4826
f 4830 4555 4554
f 4831 4380 4381
f 4831 4381 4382
f 4831 4827 4380
f 4831 4824 4827
f 4832 4821 4828
f 4832 4825 4821
f 4833 4826 4829
f 4834 4555 4830
f 4834 4556 4555
f 4834 4557 4556
f 4835 4831 4382
f 4835 4382 4383
f 4835 4383 4384
f 4835 4832 4828
f 4835 4828 4824
f 4835 4824 4831
f 4836 4829 4825
f 4836 4825 4832
f 4836 4833 4829
f 4837 4826 4833
f 4837 4830 4826
f 4838 4557 4834
f 4838 4558 4557
f 4838 4559 4558
f 4839 4384 4385
f 4839 4385 4386
f 4839 4835 4384
f 4839 4832 4835
f 4839 4836 4832
f 4840 4833 4836
f 4841 4834 4830
f 4841 4830 4837
f 4842 4559 4838
f 4842 4560 4559
f 4842 4561 4560
f 4843 4386 4387
f 4843 4387 4388
f 4843 4839 4386
f 4843 4836 4839
f 4844 4837 4833
f 4844 4833 4840
f 4845 4838 4834
f 4845 4842 4838
f 4845 4834 4841
f 4846 4561 4842
f 4846 4562 4561
f 4846 4563 4562
f 4847 4388 4389
f 4847 4389 4390
f 4847 4843 4388
f 4847 4840 4836
f 4847 4836 4843
f 4847 4844 4840
f 4848 4841 4837
f 4848 4837 4844
f 4849 4842 4845
f 4849 4846 4842
f 4850 4563 4846
f 4850 4564 4563
f 4850 4565 4564
f 4851 4844 4847
f 4851 4390 4391
f 4851 4391 4392
f 4851 4848 4844
f 4851 4847 4390
f 4852 4845 4841
f 4852 4841 4848
f 4853 4846 4849
f 4854 4565 4850
f 4854 4566 4565
f 4854 4567 4566
f 4855 4848 4851
f 4855 4392 4393
f 4855 4393 4394
f 4855 4851 4392
f 4856 4849 4845
f 4856 4845 4852
f 4857 4850 4846
f 4857 4846 4853
f 4858 4568 4567
f 4858 4569 4568
f 4858 4567 4854
f 4859 4855 4394
f 4859 4856 4852
f 4859 4848 4855
f 4859 4394 4395
f 4859 4395 4396
f 4859 4852 4848
f 4860 4849 4856
f 4860 4853 4849
f 4861 4850 4857
f 4861 4854 4850
f 4862 4570 4569
f 4862 4571 4570
f 4862 4569 4858
f 4863 4396 4397
f 4863 4397 4398
f 4863 4859 4396
f 4863 4856 4859
f 4864 4857 4853
f 4864 4853 4860
f 4865 4858 4854
f 4865 4854 4861
f 4866 4572 4571
f 4866 4573 4572
f 4866 4571 4862
f 4867 4856 4863
f 4867 4860 4856
f 4867 4398 4399
f 4867 4399 4400
f 4867 4863 4398
f 4868 4861 4857
f 4868 4857 4864
f 4869 4862 4858
f 4869 4858 4865
f 4869 4866 4862
f 4870 4574 4573
f 4870 4575 4574
f 4870 4573 4866
f 4871 4868 4864
f 4871 4864 4860
f 4871 4400 4401
f 4871 4401 4402
f 4871 4860 4867
f 4871 4867 4400
f 4872 4861 4868
f 4872 4865 4861
f 4873 4870 4866
f 4873 4866 4869
f 4874 4576 4575
f 4874 4577 4576
f 4874 4575 4870
f 4875 4402 4403
f 4875 4403 4404
f 4875 4868 4871
f 4875 4871 4402
f 4876 4869 4865
f 4876 4865 4872
f 4877 4870 4873
f 4878 4578 4577
f 4878 4579 4578
f 4878 4577 4874
f 4879 4404 4405
f 4879 4405 4406
f 4879 4872 4868
f 4879 4875 4404
f 4879 4868 4875
f 4880 4873 4869
f 4880 4869 4876
f 4881 4874 4870
f 4881 4870 4877
f 4882 4580 4579
f 4882 4581 4580
f 4882 4579 4878
f 4883 4406 4407
f 4883 4407 4408
f 4883 4879 4406
f 4883 4880 4876
f 4883 4876 4872
f 4883 4872 4879
f 4884 4873 4880
f 4884 4877 4873
f 4884 4881 4877
f 4885 4874 4881
f 4885 4878 4874
f 4886 4582 4581
f 4886 4583 4582
f 4886 4581 4882
f 4887 4880 4883
f 4887 4408 4409
f 4887 4409 4410
f 4887 4883 4408
f 4887 4884 4880
f 4888 4881 4884
f 4889 4882 4878
f 4889 4878 4885
f 4890 4584 4583
f 4890 4585 4584
f 4890 4588 4587
f 4890 4587 4585
f 4890 4583 4886
f 4891 4884 4887
f 4891 4410 4411
f 4891 4411 4412
f 4891 4887 4410
f 4892 4885 4881
f 4892 4881 4888
f 4893 4886 4882
f 4893 4882 4889
f 4894 4891 4412
f 4894 4412 4413
f 4894 4413 4414
f 4894 4884 4891
f 4894 4888 4884
f 4895 4889 4885
f 4895 4885 4892
f 4896 4886 4893
f 4896 4588 4890
f 4896 4890 4886
f 4897 4894 4414
f 4897 4888 4894
f 4897 4892 4888
f 4897 4414 4415
f 4897 4415 4416
f 4898 4889 4895
f 4898 4893 4889
f 4899 4898 4895
f 4899 4897 4416
f 4899 4895 4892
f 4899 4416 4417
f 4899 4417 4418
f 4899 4892 4897
f 4900 4589 4588
f 4900 4588 4896
f 4900 4896 4893
f 4900 4893 4898
f 4901 4418 4419
f 4901 4419 4420
f 4901 4898 4899
f 4901 4899 4418
f 4902 4590 4589
f 4902 4589 4900
f 4902 4420 4421
f 4902 4421 4422
f 4902 4900 4898
f 4902 4898 4901
f 4902 4901 4420
f 4902 4422 4590
f 4904 4903 4939
f 4904 4939 4974
f 4905 4974 4973
f 4905 4904 4974
f 4906 4973 4972
f 4906 4905 4973
f 4907 4972 4971
f 4907 4906 4972
f 4908 4971 4970
f 4908 4907 4971
f 4909 4908 4970
f 4909 4970 4969
f 4910 4909 4969
f 4910 4969 4968
f 4911 4910 4968
f 4911 4968 4967
f 4912 4911 4967
f 4912 4967 4966
f 4913 4912 4966
f 4913 4966 4965
f 4914 4913 4965
f 4914 4965 4964
f 4915 4914 4964
f 4915 4963 4962
f 4915 4964 4963
f 4916 4915 4962
f 4917 4916 4962
f 4917 4961 4960
f 4917 4962 4961
f 4918 4917 4960
f 4919 4918 4960
f 4919 4959 4958
f 4919 4960 4959
f 4920 4919 4958
f 4921 4920 4958
f 4921 4957 4956
f 4921 4958 4957
f 4922 4921 4956
f 4923 4956 4955
f 4923 4922 4956
f 4924 4955 4954
f 4924 4923 4955
f 4925 4954 4953
f 4925 4924 4954
f 4926 4953 4952
f 4926 4925 4953
f 4927 4952 4951
f 4927 4926 4952
f 4928 4951 4950
f 4928 4927 4951
f 4929 4950 4949
f 4929 4928 4950
f 4930 4949 4948
f 4930 4929 4949
f 4931 4948 4947
f 4931 4930 4948
f 4932 4946 4945
f 4932 4947 4946
f 4932 4931 4947
f 4933 4932 4945
f 4934 4944 4943
f 4934 4945 4944
f 4934 4933 4945
f 4935 4934 4943
f 4935 4943 4942
f 4936 4935 4942
f 4937 4936 4942
f 4937 4941 4940
f 4937 4942 4941
f 4938 4937 4940
f 4976 4982 4975
f 4976 4983 4982
f 4977 4984 4983
f 4977 4983 4976
f 4978 4985 4984
f 4978 4984 4977
f 4979 4986 4985
f 4979 4985 4978
f 5193 4988 4987
f 5192 4988 5193
f 4989 4988 5192
f 4980 4987 4986
f 4980 4986 4979
f 4980 5193 4987
f 5191 4989 5192
f 4990 4989 5191
f 4981 5193 4980
f 5190 4990 5191
f 4991 4990 5190
f 5189 4991 5190
f 4992 4991 5189
f 5188 4992 5189
f 4993 4992 5188
f 5187 4993 5188
f 4994 4993 5187
f 5186 4994 5187
f 4995 4994 5186
f 5185 4995 5186
f 4996 4995 5185
f 5184 4996 5185
f 4997 4996 5184
f 5183 4997 5184
f 4998 4997 5183
f 5182 4998 5183
f 5181 4999 4998
f 5181 4998 5182
f 5180 5000 4999
f 5180 4999 5181
f 5179 5001 5000
f 5179 5000 5180
f 5178 5001 5179
f 5002 5001 5178
f 5177 5002 5178
f 5003 5002 5177
f 5176 5003 5177
f 5004 5003 5176
f 5175 5004 5176
f 5005 5004 5175
f 5174 5005 5175
f 5006 5005 5174
f 5173 5006 5174
f 5007 5006 5173
f 5172 5007 5173
f 5008 5007 5172
f 5171 5008 5172
f 5009 5008 5171
f 5170 5009 5171
f 5010 5009 5170
f 5169 5010 5170
f 5011 5010 5169
f 5168 5011 5169
f 5012 5011 5168
f 5167 5012 5168
f 5013 5012 5167
f 5166 5013 5167
f 5165 5014 5013
f 5165 5013 5166
f 5164 5015 5014
f 5164 5014 5165
f 5163 5015 5164
f 5016 5015 5163
f 5162 5016 5163
f 5017 5016 5162
f 5161 5017 5162
f 5018 5017 5161
f 5160 5018 5161
f 5019 5018 5160
f 5159 5019 5160
f 5020 5019 5159
f 5158 5020 5159
f 5021 5020 5158
f 5157 5021 5158
f 5022 5021 5157
f 5131 5023 5022
f 5131 5157 5130
f 5131 5022 5157
f 5132 5024 5023
f 5132 5023 5131
f 5133 5025 5024
f 5133 5024 5132
f 5134 5025 5133
f 5134 5026 5025
f 5135 5026 5134
f 5135 5027 5026
f 5136 5027 5135
f 5136 5028 5027
f 5137 5028 5136
f 5137 5029 5028
f 5138 5029 5137
f 5138 5030 5029
f 5139 5030 5138
f 5139 5031 5030
f 5140 5031 5139
f 5140 5032 5031
f 5141 5032 5140
f 5141 5033 5032
f 5142 5033 5141
f 5142 5034 5033
f 5143 5034 5142
f 5143 5035 5034
f 5144 5035 5143
f 5144 5036 5035
f 5145 5036 5144
f 5145 5037 5036
f 5146 5037 5145
f 5146 5038 5037
f 5147 5038 5146
f 5147 5039 5038
f 5148 5039 5147
f 5148 5040 5039
f 5149 5040 5148
f 5149 5041 5040
f 5150 5042 5041
f 5150 5041 5149
f 5151 5043 5042
f 5151 5042 5150
f 5152 5044 5043
f 5152 5043 5151
f 5153 5045 5044
f 5153 5044 5152
f 5154 5046 5045
f 5154 5045 5153
f 5155 5047 5046
f 5155 5046 5154
f 5049 5048 5128
f 5156 5048 5047
f 5156 5047 5155
f 5156 5128 5048
f 5127 5049 5128
f 5050 5049 5127
f 5129 5128 5156
f 5126 5050 5127
f 5051 5050 5126
f 5125 5051 5126
f 5052 5051 5125
f 5124 5052 5125
f 5053 5052 5124
f 5123 5053 5124
f 5054 5053 5123
f 5090 5054 5123
f 5090 5123 5089
f 5090 5055 5054
f 5091 5055 5090
f 5091 5056 5055
f 5092 5056 5091
f 5092 5057 5056
f 5093 5057 5092
f 5093 5058 5057
f 5094 5058 5093
f 5094 5059 5058
f 5095 5059 5094
f 5095 5060 5059
f 5096 5060 5095
f 5096 5061 5060
f 5097 5061 5096
f 5097 5062 5061
f 5098 5062 5097
f 5098 5063 5062
f 5099 5063 5098
f 5099 5064 5063
f 5100 5064 5099
f 5100 5065 5064
f 5101 5065 5100
f 5101 5066 5065
f 5102 5066 5101
f 5102 5067 5066
f 5103 5067 5102
f 5103 5068 5067
f 5104 5068 5103
f 5104 5069 5068
f 5105 5069 5104
f 5105 5070 5069
f 5106 5070 5105
f 5106 5071 5070
f 5107 5071 5106
f 5107 5072 5071
f 5108 5072 5107
f 5108 5073 5072
f 5109 5074 5073
f 5109 5073 5108
f 5110 5074 5109
f 5110 5075 5074
f 5111 5076 5075
f 5111 5075 5110
f 5112 5077 5076
f 5112 5076 5111
f 5113 5078 5077
f 5113 5077 5112
f 5114 5079 5078
f 5114 5078 5113
f 5115 5080 5079
f 5115 5079 5114
f 5116 5081 5080
f 5116 5080 5115
f 5117 5082 5081
f 5117 5081 5116
f 5118 5083 5082
f 5118 5082 5117
f 5119 5084 5083
f 5119 5083 5118
f 5120 5085 5084
f 5120 5084 5119
f 5121 5086 5085
f 5121 5085 5120
f 5122 5087 5086
f 5122 5086 5121
f 5088 5087 5122
f 5195 5201 5194
f 5195 5202 5201
f 5196 5203 5202
f 5196 5202 5195
f 5197 5204 5203
f 5197 5203 5196
f 5198 5205 5204
f 5198 5204 5197
f 5412 5207 5206
f 5411 5207 5412
f 5208 5207 5411
f 5199 5206 5205
f 5199 5205 5198
f 5199 5412 5206
f 5410 5208 5411
f 5209 5208 5410
f 5200 5412 5199
f 5409 5209 5410
f 5210 5209 5409
f 5408 5210 5409
f 5211 5210 5408
f 5407 5211 5408
f 5212 5211 5407
f 5406 5212 5407
f 5213 5212 5406
f 5405 5213 5406
f 5214 5213 5405
f 5404 5214 5405
f 5215 5214 5404
f 5403 5215 5404
f 5216 5215 5403
f 5402 5216 5403
f 5217 5216 5402
f 5401 5217 5402
f 5400 5218 5217
f 5400 5217 5401
f 5399 5219 5218
f 5399 5218 5400
f 5398 5220 5219
f 5398 5219 5399
f 5397 5220 5398
f 5221 5220 5397
f 5396 5221 5397
f 5222 5221 5396
f 5395 5222 5396
f 5223 5222 5395
f 5394 5223 5395
f 5224 5223 5394
f 5393 5224 5394
f 5225 5224 5393
f 5392 5225 5393
f 5226 5225 5392
f 5391 5226 5392
f 5227 5226 5391
f 5390 5227 5391
f 5228 5227 5390
f 5389 5228 5390
f 5229 5228 5389
f 5388 5229 5389
f 5230 5229 5388
f 5387 5230 5388
f 5231 5230 5387
f 5386 5231 5387
f 5232 5231 5386
f 5385 5232 5386
f 5384 5233 5232
f 5384 5232 5385
f 5383 5234 5233
f 5383 5233 5384
f 5382 5234 5383
f 5235 5234 5382
f 5381 5235 5382
f 5236 5235 5381
f 5380 5236 5381
f 5237 5236 5380
f 5379 5237 5380
f 5238 5237 5379
f 5378 5238 5379
f 5239 5238 5378
f 5377 5239 5378
f 5240 5239 5377
f 5376 5240 5377
f 5241 5240 5376
f 5350 5242 5241
f 5350 5376 5349
f 5350 5241 5376
f 5351 5243 5242
f 5351 5242 5350
f 5352 5244 5243
f 5352 5243 5351
f 5353 5244 5352
f 5353 5245 5244
f 5354 5245 5353
f 5354 5246 5245
f 5355 5246 5354
f 5355 5247 5246
f 5356 5247 5355
f 5356 5248 5247
f 5357 5248 5356
f 5357 5249 5248
f 5358 5249 5357
f 5358 5250 5249
f 5359 5250 5358
f 5359 5251 5250
f 5360 5251 5359
f 5360 5252 5251
f 5361 5252 5360
f 5361 5253 5252
f 5362 5253 5361
f 5362 5254 5253
f 5363 5254 5362
f 5363 5255 5254
f 5364 5255 5363
f 5364 5256 5255
f 5365 5256 5364
f 5365 5257 5256
f 5366 5257 5365
f 5366 5258 5257
f 5367 5258 5366
f 5367 5259 5258
f 5368 5259 5367
f 5368 5260 5259
f 5369 5261 5260
f 5369 5260 5368
f 5370 5262 5261
f 5370 5261 5369
f 5371 5263 5262
f 5371 5262 5370
f 5372 5264 5263
f 5372 5263 5371
f 5373 5265 5264
f 5373 5264 5372
f 5374 5266 5265
f 5374 5265 5373
f 5268 5267 5347
f 5375 5267 5266
f 5375 5266 5374
f 5375 5347 5267
f 5346 5268 5347
f 5269 5268 5346
f 5348 5347 5375
f 5345 5269 5346
f 5270 5269 5345
f 5344 5270 5345
f 5271 5270 5344
f 5343 5271 5344
f 5272 5271 5343
f 5342 5272 5343
f 5273 5272 5342
f 5309 5273 5342
f 5309 5342 5308
f 5309 5274 5273
f 5310 5274 5309
f 5310 5275 5274
f 5311 5275 5310
f 5311 5276 5275
f 5312 5276 5311
f 5312 5277 5276
f 5313 5277 5312
f 5313 5278 5277
f 5314 5278 5313
f 5314 5279 5278
f 5315 5279 5314
f 5315 5280 5279
f 5316 5280 5315
f 5316 5281 5280
f 5317 5281 5316
f 5317 5282 5281
f 5318 5282 5317
f 5318 5283 5282
f 5319 5283 5318
f 5319 5284 5283
f 5320 5284 5319
f 5320 5285 5284
f 5321 5285 5320
f 5321 5286 5285
f 5322 5286 5321
f 5322 5287 5286
f 5323 5287 5322
f 5323 5288 5287
f 5324 5288 5323
f 5324 5289 5288
f 5325 5289 5324
f 5325 5290 5289
f 5326 5290 5325
f 5326 5291 5290
f 5327 5291 5326
f 5327 5292 5291
f 5328 5293 5292
f 5328 5292 5327
f 5329 5293 5328
f 5329 5294 5293
f 5330 5295 5294
f 5330 5294 5329
f 5331 5296 5295
f 5331 5295 5330
f 5332 5297 5296
f 5332 5296 5331
f 5333 5298 5297
f 5333 5297 5332
f 5334 5299 5298
f 5334 5298 5333
f 5335 5300 5299
f 5335 5299 5334
f 5336 5301 5300
f 5336 5300 5335
f 5337 5302 5301
f 5337 5301 5336
f 5338 5303 5302
f 5338 5302 5337
f 5339 5304 5303
f 5339 5303 5338
f 5340 5305 5304
f 5340 5304 5339
f 5341 5306 5305
f 5341 5305 5340
f 5307 5306 5341
f 5415 5450 5451
f 5416 5415 5451
f 5417 5451 5452
f 5417 5416 5451
f 5418 5452 5453
f 5418 5417 5452
f 5419 5453 5454
f 5419 5418 5453
f 5420 5454 5455
f 5420 5455 5456
f 5420 5419 5454
f 5421 5420 5456
f 5421 5456 5457
f 5422 5421 5457
f 5423 5422 5457
f 5423 5457 5458
f 5424 5423 5458
f 5424 5458 5459
f 5424 5459 5460
f 5425 5424 5460
f 5426 5425 5460
f 5426 5460 5461
f 5427 5426 5461
f 5427 5461 5462
f 5428 5427 5462
f 5428 5462 5463
f 5428 5463 5464
f 5429 5428 5464
f 5429 5464 5465
f 5430 5429 5465
f 5431 5430 5465
f 5431 5465 5466
f 5431 5466 5467
f 5432 5431 5467
f 5433 5432 5467
f 5433 5467 5468
f 5433 5468 5469
f 5434 5433 5469
f 5435 5469 5470
f 5435 5434 5469
f 5435 5470 5471
f 5436 5435 5471
f 5437 5471 5472
f 5437 5436 5471
f 5438 5472 5473
f 5438 5437 5472
f 5439 5473 5474
f 5439 5438 5473
f 5440 5474 5475
f 5440 5439 5474
f 5441 5440 5475
f 5441 5475 5476
f 5442 5476 5477
f 5442 5441 5476
f 5443 5477 5478
f 5443 5442 5477
f 5444 5478 5479
f 5444 5443 5478
f 5445 5479 5480
f 5445 5444 5479
f 5446 5480 5481
f 5446 5445 5480
f 5447 5446 5481
f 5447 5481 5482
f 5448 5447 5482
f 5448 5482 5483
f 5449 5448 5483
f 5449 5483 5484
f 5449 5484 5413
f 5414 5449 5413
f 5487 5522 5523
f 5488 5487 5523
f 5489 5523 5524
f 5489 5488 5523
f 5490 5524 5525
f 5490 5489 5524
f 5491 5525 5526
f 5491 5526 5527
f 5491 5490 5525
f 5492 5491 5527
f 5493 5492 5527
f 5493 5527 5528
f 5494 5493 5528
f 5494 5528 5529
f 5495 5494 5529
f 5495 5529 5530
f 5495 5530 5531
f 5496 5495 5531
f 5497 5496 5531
f 5497 5531 5532
f 5498 5497 5532
f 5498 5532 5533
f 5499 5498 5533
f 5499 5533 5534
f 5500 5499 5534
f 5500 5534 5535
f 5501 5500 5535
f 5501 5535 5536
f 5502 5501 5536
f 5502 5536 5537
f 5503 5502 5537
f 5503 5537 5538
f 5503 5538 5539
f 5504 5503 5539
f 5505 5504 5539
f 5505 5539 5540
f 5505 5540 5541
f 5506 5505 5541
f 5507 5541 5542
f 5507 5506 5541
f 5508 5542 5543
f 5508 5507 5542
f 5509 5543 5544
f 5509 5508 5543
f 5510 5544 5545
f 5510 5509 5544
f 5511 5545 5546
f 5511 5510 5545
f 5512 5546 5547
f 5512 5511 5546
f 5513 5512 5547
f 5513 5547 5548
f 5514 5548 5549
f 5514 5513 5548
f 5515 5549 5550
f 5515 5514 5549
f 5516 5550 5551
f 5516 5515 5550
f 5517 5551 5552
f 5517 5516 5551
f 5518 5552 5553
f 5518 5517 5552
f 5519 5518 5553
f 5519 5553 5554
f 5520 5519 5554
f 5520 5554 5555
f 5521 5520 5555
f 5521 5555 5556
f 5486 5521 5556
f 5486 5556 5485
f 5665 5670 5664
f 5665 5671 5670
f 5666 5672 5671
f 5666 5671 5665
f 5667 5673 5672
f 5667 5672 5666
f 5668 5674 5673
f 5668 5673 5667
f 5662 5676 5675
f 5661 5676 5662
f 5677 5676 5661
f 5669 5675 5674
f 5669 5674 5668
f 5669 5662 5675
f 5660 5677 5661
f 5678 5677 5660
f 5663 5662 5669
f 5659 5678 5660
f 5679 5678 5659
f 5658 5679 5659
f 5680 5679 5658
f 5657 5680 5658
f 5681 5680 5657
f 5656 5681 5657
f 5682 5681 5656
f 5655 5682 5656
f 5683 5682 5655
f 5654 5683 5655
f 5684 5683 5654
f 5653 5684 5654
f 5685 5684 5653
f 5652 5685 5653
f 5686 5685 5652
f 5651 5686 5652
f 5650 5687 5686
f 5650 5686 5651
f 5649 5688 5687
f 5649 5687 5650
f 5648 5689 5688
f 5648 5688 5649
f 5647 5689 5648
f 5690 5689 5647
f 5646 5690 5647
f 5691 5690 5646
f 5645 5691 5646
f 5692 5691 5645
f 5644 5692 5645
f 5693 5692 5644
f 5643 5693 5644
f 5694 5693 5643
f 5642 5694 5643
f 5695 5694 5642
f 5641 5695 5642
f 5696 5695 5641
f 5640 5696 5641
f 5697 5696 5640
f 5639 5697 5640
f 5698 5697 5639
f 5638 5698 5639
f 5699 5698 5638
f 5637 5699 5638
f 5700 5699 5637
f 5636 5700 5637
f 5701 5700 5636
f 5635 5701 5636
f 5634 5702 5701
f 5634 5701 5635
f 5633 5703 5702
f 5633 5702 5634
f 5632 5703 5633
f 5704 5703 5632
f 5631 5704 5632
f 5705 5704 5631
f 5630 5705 5631
f 5706 5705 5630
f 5629 5706 5630
f 5707 5706 5629
f 5628 5707 5629
f 5708 5707 5628
f 5627 5708 5628
f 5709 5708 5627
f 5626 5709 5627
f 5710 5709 5626
f 5600 5711 5710
f 5600 5626 5599
f 5600 5710 5626
f 5601 5712 5711
f 5601 5711 5600
f 5602 5713 5712
f 5602 5712 5601
f 5603 5713 5602
f 5603 5714 5713
f 5604 5714 5603
f 5604 5715 5714
f 5605 5715 5604
f 5605 5716 5715
f 5606 5716 5605
f 5606 5717 5716
f 5607 5717 5606
f 5607 5718 5717
f 5608 5718 5607
f 5608 5719 5718
f 5609 5719 5608
f 5609 5720 5719
f 5610 5720 5609
f 5610 5721 5720
f 5611 5721 5610
f 5611 5722 5721
f 5612 5722 5611
f 5612 5723 5722
f 5613 5723 5612
f 5613 5724 5723
f 5614 5724 5613
f 5614 5725 5724
f 5615 5725 5614
f 5615 5726 5725
f 5616 5726 5615
f 5616 5727 5726
f 5617 5727 5616
f 5617 5728 5727
f 5618 5728 5617
f 5618 5729 5728
f 5619 5729 5618
f 5619 5730 5729
f 5620 5731 5730
f 5620 5730 5619
f 5621 5732 5731
f 5621 5731 5620
f 5622 5733 5732
f 5622 5732 5621
f 5623 5734 5733
f 5623 5733 5622
f 5624 5735 5734
f 5624 5734 5623
f 5737 5736 5597
f 5625 5736 5735
f 5625 5735 5624
f 5625 5597 5736
f 5596 5737 5597
f 5738 5737 5596
f 5598 5597 5625
f 5595 5738 5596
f 5739 5738 5595
f 5594 5739 5595
f 5740 5739 5594
f 5593 5740 5594
f 5741 5740 5593
f 5592 5741 5593
f 5742 5741 5592
f 5590 5742 5592
f 5590 5592 5591
f 5590 5743 5742
f 5589 5743 5590
f 5589 5744 5743
f 5588 5744 5589
f 5588 5745 5744
f 5587 5745 5588
f 5587 5746 5745
f 5586 5746 5587
f 5586 5747 5746
f 5585 5747 5586
f 5585 5748 5747
f 5584 5748 5585
f 5584 5749 5748
f 5583 5749 5584
f 5583 5750 5749
f 5582 5750 5583
f 5582 5751 5750
f 5581 5751 5582
f 5581 5752 5751
f 5580 5752 5581
f 5580 5753 5752
f 5579 5753 5580
f 5579 5754 5753
f 5578 5754 5579
f 5578 5755 5754
f 5577 5755 5578
f 5577 5756 5755
f 5576 5756 5577
f 5576 5757 5756
f 5575 5757 5576
f 5575 5758 5757
f 5574 5759 5758
f 5574 5758 5575
f 5573 5760 5759
f 5573 5759 5574
f 5572 5761 5760
f 5572 5760 5573
f 5571 5762 5761
f 5571 5761 5572
f 5570 5762 5571
f 5570 5763 5762
f 5569 5764 5763
f 5569 5763 5570
f 5568 5765 5764
f 5568 5764 5569
f 5567 5766 5765
f 5567 5765 5568
f 5566 5767 5766
f 5566 5766 5567
f 5565 5768 5767
f 5565 5767 5566
f 5564 5769 5768
f 5564 5768 5565
f 5563 5770 5769
f 5563 5769 5564
f 5562 5771 5770
f 5562 5770 5563
f 5561 5772 5771
f 5561 5771 5562
f 5560 5773 5772
f 5560 5772 5561
f 5559 5774 5773
f 5559 5773 5560
f 5558 5775 5774
f 5558 5774 5559
f 5557 5775 5558
f 5808 5813 5807
f 5808 5814 5813
f 5809 5814 5808
f 5809 5815 5814
f 5810 5815 5809
f 5810 5816 5815
f 5811 5816 5810
f 5811 5817 5816
f 5805 5819 5818
f 5812 5817 5811
f 5812 5818 5817
f 5812 5805 5818
f 5804 5820 5819
f 5804 5819 5805
f 5803 5820 5804
f 5821 5820 5803
f 5806 5805 5812
f 5802 5821 5803
f 5822 5821 5802
f 5801 5822 5802
f 5823 5822 5801
f 5800 5823 5801
f 5824 5823 5800
f 5799 5824 5800
f 5825 5824 5799
f 5798 5825 5799
f 5826 5825 5798
f 5797 5826 5798
f 5827 5826 5797
f 5796 5827 5797
f 5828 5827 5796
f 5795 5828 5796
f 5829 5828 5795
f 5794 5829 5795
f 5830 5829 5794
f 5793 5830 5794
f 5831 5830 5793
f 5792 5831 5793
f 5832 5831 5792
f 5791 5832 5792
f 5833 5832 5791
f 5790 5833 5791
f 5834 5833 5790
f 5789 5834 5790
f 5835 5834 5789
f 5788 5835 5789
f 5836 5835 5788
f 5787 5836 5788
f 5837 5836 5787
f 5786 5837 5787
f 5838 5837 5786
f 5785 5838 5786
f 5839 5838 5785
f 5784 5839 5785
f 5840 5839 5784
f 5783 5840 5784
f 5841 5840 5783
f 5782 5841 5783
f 5842 5841 5782
f 5781 5842 5782
f 5843 5842 5781
f 5780 5843 5781
f 5844 5843 5780
f 5779 5844 5780
f 5845 5844 5779
f 5778 5845 5779
f 5846 5845 5778
f 5777 5846 5778
f 5847 5777 5776
f 5847 5846 5777
f 5993 5847 5776
f 5848 5847 5993
f 5992 5848 5993
f 5849 5848 5992
f 5991 5849 5992
f 5850 5849 5991
f 5990 5850 5991
f 5851 5850 5990
f 5989 5851 5990
f 5852 5851 5989
f 5988 5852 5989
f 5853 5852 5988
f 5962 5988 5961
f 5962 5854 5853
f 5962 5853 5988
f 5963 5855 5854
f 5963 5854 5962
f 5964 5856 5855
f 5964 5855 5963
f 5965 5857 5856
f 5965 5856 5964
f 5966 5857 5965
f 5966 5858 5857
f 5967 5858 5966
f 5967 5859 5858
f 5968 5859 5967
f 5968 5860 5859
f 5969 5860 5968
f 5969 5861 5860
f 5970 5861 5969
f 5970 5862 5861
f 5971 5862 5970
f 5971 5863 5862
f 5972 5863 5971
f 5972 5864 5863
f 5973 5864 5972
f 5973 5865 5864
f 5974 5865 5973
f 5974 5866 5865
f 5975 5866 5974
f 5975 5867 5866
f 5976 5867 5975
f 5976 5868 5867
f 5977 5868 5976
f 5977 5869 5868
f 5978 5869 5977
f 5978 5870 5869
f 5979 5870 5978
f 5979 5871 5870
f 5980 5871 5979
f 5980 5872 5871
f 5981 5872 5980
f 5981 5873 5872
f 5982 5873 5981
f 5982 5874 5873
f 5983 5874 5982
f 5983 5875 5874
f 5984 5875 5983
f 5984 5876 5875
f 5985 5877 5876
f 5985 5876 5984
f 5986 5878 5877
f 5986 5877 5985
f 5880 5879 5959
f 5987 5879 5878
f 5987 5878 5986
f 5987 5959 5879
f 5958 5880 5959
f 5881 5880 5958
f 5960 5959 5987
f 5957 5881 5958
f 5882 5881 5957
f 5956 5882 5957
f 5883 5882 5956
f 5955 5883 5956
f 5884 5883 5955
f 5954 5884 5955
f 5885 5884 5954
f 5921 5886 5885
f 5921 5885 5954
f 5921 5954 5920
f 5922 5887 5886
f 5922 5886 5921
f 5923 5887 5922
f 5923 5888 5887
f 5924 5889 5888
f 5924 5888 5923
f 5925 5890 5889
f 5925 5889 5924
f 5926 5891 5890
f 5926 5890 5925
f 5927 5892 5891
f 5927 5891 5926
f 5928 5893 5892
f 5928 5892 5927
f 5929 5894 5893
f 5929 5893 5928
f 5930 5895 5894
f 5930 5894 5929
f 5931 5896 5895
f 5931 5895 5930
f 5932 5897 5896
f 5932 5896 5931
f 5933 5898 5897
f 5933 5897 5932
f 5934 5899 5898
f 5934 5898 5933
f 5935 5900 5899
f 5935 5899 5934
f 5936 5901 5900
f 5936 5900 5935
f 5937 5902 5901
f 5937 5901 5936
f 5938 5903 5902
f 5938 5902 5937
f 5939 5904 5903
f 5939 5903 5938
f 5940 5905 5904
f 5940 5904 5939
f 5941 5906 5905
f 5941 5905 5940
f 5942 5906 5941
f 5942 5907 5906
f 5943 5907 5942
f 5943 5908 5907
f 5944 5908 5943
f 5944 5909 5908
f 5945 5909 5944
f 5945 5910 5909
f 5946 5910 5945
f 5946 5911 5910
f 5947 5911 5946
f 5947 5912 5911
f 5948 5912 5947
f 5948 5913 5912
f 5949 5913 5948
f 5949 5914 5913
f 5950 5914 5949
f 5950 5915 5914
f 5951 5916 5915
f 5951 5915 5950
f 5952 5917 5916
f 5952 5916 5951
f 5953 5918 5917
f 5953 5917 5952
f 5919 5918 5953
f 5996 6031 6032
f 5997 5996 6032
f 5998 6032 6033
f 5998 5997 6032
f 5999 6033 6034
f 5999 5998 6033
f 6000 6034 6035
f 6000 5999 6034
f 6001 6035 6036
f 6001 6000 6035
f 6002 6001 6036
f 6002 6036 6037
f 6003 6002 6037
f 6003 6037 6038
f 6004 6003 6038
f 6004 6038 6039
f 6005 6004 6039
f 6005 6039 6040
f 6006 6005 6040
f 6006 6040 6041
f 6006 6041 6042
f 6007 6006 6042
f 6008 6007 6042
f 6008 6042 6043
f 6009 6008 6043
f 6009 6043 6044
f 6010 6009 6044
f 6010 6044 6045
f 6011 6010 6045
f 6011 6045 6046
f 6011 6046 6047
f 6012 6011 6047
f 6012 6047 6048
f 6013 6012 6048
f 6014 6013 6048
f 6014 6048 6049
f 6015 6014 6049
f 6015 6049 6050
f 6016 6050 6051
f 6016 6015 6050
f 6017 6051 6052
f 6017 6052 6053
f 6017 6016 6051
f 6018 6017 6053
f 6019 6053 6054
f 6019 6018 6053
f 6020 6054 6055
f 6020 6019 6054
f 6021 6055 6056
f 6021 6020 6055
f 6022 6021 6056
f 6022 6056 6057
f 6023 6057 6058
f 6023 6022 6057
f 6024 6058 6059
f 6024 6023 6058
f 6025 6059 6060
f 6025 6024 6059
f 6026 6060 6061
f 6026 6025 6060
f 6027 6061 6062
f 6027 6062 6063
f 6027 6026 6061
f 6028 6027 6063
f 6029 6063 6064
f 6029 6064 6065
f 6029 6028 6063
f 6030 6029 6065
f 5995 6030 6065
f 5995 6065 5994
f 6226 6230 6225
f 6067 6229 6066
f 6388 6387 6386
f 6224 6391 6223
f 6392 6230 6226
f 6392 6231 6230
f 6392 6232 6231
f 6393 6232 6392
f 6393 6233 6232
f 6393 6234 6233
f 6394 6226 6227
f 6394 6392 6226
f 6395 6235 6234
f 6395 6236 6235
f 6395 6234 6393
f 6396 6392 6394
f 6396 6393 6392
f 6397 6237 6236
f 6397 6238 6237
f 6397 6236 6395
f 6398 6394 6227
f 6398 6227 6228
f 6399 6393 6396
f 6399 6395 6393
f 6400 6238 6397
f 6400 6239 6238
f 6400 6240 6239
f 6401 6396 6394
f 6401 6394 6398
f 6402 6395 6399
f 6402 6397 6395
f 6403 6240 6400
f 6403 6241 6240
f 6403 6242 6241
f 6404 6067 6068
f 6404 6068 6069
f 6404 6398 6228
f 6404 6228 6229
f 6404 6229 6067
f 6405 6396 6401
f 6405 6399 6396
f 6406 6400 6397
f 6406 6397 6402
f 6407 6242 6403
f 6407 6243 6242
f 6407 6244 6243
f 6408 6069 6070
f 6408 6070 6071
f 6408 6401 6398
f 6408 6404 6069
f 6408 6398 6404
f 6409 6399 6405
f 6409 6402 6399
f 6410 6403 6400
f 6410 6400 6406
f 6411 6244 6407
f 6411 6245 6244
f 6411 6246 6245
f 6412 6401 6408
f 6412 6071 6072
f 6412 6072 6073
f 6412 6408 6071
f 6412 6405 6401
f 6413 6402 6409
f 6413 6406 6402
f 6414 6407 6403
f 6414 6403 6410
f 6415 6246 6411
f 6415 6247 6246
f 6415 6248 6247
f 6416 6412 6073
f 6416 6073 6074
f 6416 6074 6075
f 6416 6405 6412
f 6416 6409 6405
f 6417 6410 6406
f 6417 6406 6413
f 6418 6407 6414
f 6418 6411 6407
f 6419 6248 6415
f 6419 6249 6248
f 6419 6250 6249
f 6420 6075 6076
f 6420 6076 6077
f 6420 6409 6416
f 6420 6416 6075
f 6420 6413 6409
f 6421 6410 6417
f 6421 6414 6410
f 6422 6419 6415
f 6422 6415 6411
f 6422 6411 6418
f 6423 6251 6250
f 6423 6252 6251
f 6423 6250 6419
f 6424 6077 6078
f 6424 6078 6079
f 6424 6413 6420
f 6424 6417 6413
f 6424 6420 6077
f 6425 6414 6421
f 6425 6418 6414
f 6426 6419 6422
f 6427 6252 6423
f 6427 6253 6252
f 6427 6254 6253
f 6428 6079 6080
f 6428 6080 6081
f 6428 6421 6417
f 6428 6424 6079
f 6428 6425 6421
f 6428 6417 6424
f 6429 6422 6418
f 6429 6418 6425
f 6429 6426 6422
f 6430 6423 6419
f 6430 6419 6426
f 6431 6254 6427
f 6431 6255 6254
f 6431 6256 6255
f 6432 6081 6082
f 6432 6082 6083
f 6432 6428 6081
f 6432 6425 6428
f 6433 6426 6429
f 6434 6423 6430
f 6434 6427 6423
f 6435 6256 6431
f 6435 6257 6256
f 6435 6258 6257
f 6436 6083 6084
f 6436 6084 6085
f 6436 6432 6083
f 6436 6429 6425
f 6436 6425 6432
f 6437 6430 6426
f 6437 6426 6433
f 6438 6431 6427
f 6438 6427 6434
f 6439 6258 6435
f 6439 6259 6258
f 6439 6260 6259
f 6440 6085 6086
f 6440 6086 6087
f 6440 6433 6429
f 6440 6429 6436
f 6440 6436 6085
f 6441 6430 6437
f 6441 6434 6430
f 6441 6438 6434
f 6442 6435 6431
f 6442 6431 6438
f 6443 6260 6439
f 6443 6261 6260
f 6443 6262 6261
f 6444 6087 6088
f 6444 6088 6089
f 6444 6437 6433
f 6444 6440 6087
f 6444 6433 6440
f 6445 6438 6441
f 6446 6443 6439
f 6446 6435 6442
f 6446 6439 6435
f 6447 6262 6443
f 6447 6263 6262
f 6447 6264 6263
f 6448 6441 6437
f 6448 6089 6090
f 6448 6090 6091
f 6448 6444 6089
f 6448 6437 6444
f 6449 6442 6438
f 6449 6438 6445
f 6449 6446 6442
f 6450 6443 6446
f 6451 6264 6447
f 6451 6265 6264
f 6451 6266 6265
f 6452 6445 6441
f 6452 6091 6092
f 6452 6092 6093
f 6452 6441 6448
f 6452 6448 6091
f 6453 6446 6449
f 6454 6447 6443
f 6454 6443 6450
f 6455 6268 6267
f 6455 6266 6451
f 6455 6267 6266
f 6456 6449 6445
f 6456 6093 6094
f 6456 6094 6095
f 6456 6445 6452
f 6456 6452 6093
f 6457 6446 6453
f 6457 6450 6446
f 6458 6451 6447
f 6458 6447 6454
f 6459 6269 6268
f 6459 6270 6269
f 6459 6268 6455
f 6460 6449 6456
f 6460 6095 6096
f 6460 6096 6097
f 6460 6456 6095
f 6460 6453 6449
f 6461 6454 6450
f 6461 6450 6457
f 6462 6455 6451
f 6462 6451 6458
f 6463 6271 6270
f 6463 6272 6271
f 6463 6270 6459
f 6464 6097 6098
f 6464 6098 6099
f 6464 6457 6453
f 6464 6460 6097
f 6464 6453 6460
f 6465 6458 6454
f 6465 6454 6461
f 6466 6455 6462
f 6466 6459 6455
f 6467 6272 6463
f 6467 6273 6272
f 6467 6274 6273
f 6468 6464 6099
f 6468 6099 6100
f 6468 6100 6101
f 6468 6461 6457
f 6468 6465 6461
f 6468 6457 6464
f 6469 6458 6465
f 6469 6462 6458
f 6470 6463 6459
f 6470 6459 6466
f 6471 6275 6274
f 6471 6276 6275
f 6471 6274 6467
f 6472 6465 6468
f 6472 6101 6102
f 6472 6102 6103
f 6472 6468 6101
f 6473 6462 6469
f 6473 6466 6462
f 6474 6467 6463
f 6474 6463 6470
f 6475 6277 6276
f 6475 6278 6277
f 6475 6276 6471
f 6476 6465 6472
f 6476 6103 6104
f 6476 6104 6105
f 6476 6469 6465
f 6476 6472 6103
f 6477 6470 6466
f 6477 6466 6473
f 6478 6467 6474
f 6478 6471 6467
f 6479 6279 6278
f 6479 6280 6279
f 6479 6278 6475
f 6480 6105 6106
f 6480 6106 6107
f 6480 6476 6105
f 6480 6469 6476
f 6480 6473 6469
f 6481 6470 6477
f 6481 6474 6470
f 6482 6471 6478
f 6482 6475 6471
f 6483 6281 6280
f 6483 6282 6281
f 6483 6280 6479
f 6484 6481 6477
f 6484 6477 6473
f 6484 6107 6108
f 6484 6108 6109
f 6484 6480 6107
f 6484 6473 6480
f 6485 6474 6481
f 6485 6478 6474
f 6486 6475 6482
f 6486 6479 6475
f 6487 6283 6282
f 6487 6284 6283
f 6487 6282 6483
f 6488 6109 6110
f 6488 6484 6109
f 6488 6110 6111
f 6488 6481 6484
f 6489 6482 6478
f 6489 6478 6485
f 6490 6479 6486
f 6490 6487 6483
f 6490 6483 6479
f 6491 6285 6284
f 6491 6286 6285
f 6491 6284 6487
f 6492 6111 6112
f 6492 6112 6113
f 6492 6488 6111
f 6492 6485 6481
f 6492 6481 6488
f 6493 6486 6482
f 6493 6482 6489
f 6494 6487 6490
f 6495 6287 6286
f 6495 6288 6287
f 6495 6286 6491
f 6496 6485 6492
f 6496 6113 6114
f 6496 6114 6115
f 6496 6492 6113
f 6496 6489 6485
f 6497 6490 6486
f 6497 6486 6493
f 6498 6491 6487
f 6498 6487 6494
f 6499 6289 6288
f 6499 6290 6289
f 6499 6288 6495
f 6500 6497 6493
f 6500 6493 6489
f 6500 6115 6116
f 6500 6116 6117
f 6500 6496 6115
f 6500 6489 6496
f 6501 6490 6497
f 6501 6494 6490
f 6502 6491 6498
f 6502 6495 6491
f 6502 6499 6495
f 6503 6291 6290
f 6503 6292 6291
f 6503 6290 6499
f 6504 6500 6117
f 6504 6117 6118
f 6504 6118 6119
f 6504 6497 6500
f 6505 6498 6494
f 6505 6494 6501
f 6506 6499 6502
f 6507 6293 6292
f 6507 6294 6293
f 6507 6292 6503
f 6508 6119 6120
f 6508 6120 6121
f 6508 6497 6504
f 6508 6504 6119
f 6508 6501 6497
f 6509 6502 6498
f 6509 6506 6502
f 6509 6498 6505
f 6510 6499 6506
f 6510 6503 6499
f 6511 6295 6294
f 6511 6296 6295
f 6511 6294 6507
f 6512 6505 6501
f 6512 6121 6122
f 6512 6122 6123
f 6512 6508 6121
f 6512 6501 6508
f 6513 6506 6509
f 6514 6507 6503
f 6514 6503 6510
f 6514 6511 6507
f 6515 6297 6296
f 6515 6298 6297
f 6515 6296 6511
f 6516 6512 6123
f 6516 6123 6124
f 6516 6124 6125
f 6516 6509 6505
f 6516 6505 6512
f 6517 6506 6513
f 6517 6510 6506
f 6518 6511 6514
f 6519 6299 6298
f 6519 6300 6299
f 6519 6298 6515
f 6520 6516 6125
f 6520 6517 6513
f 6520 6509 6516
f 6520 6125 6126
f 6520 6513 6509
f 6520 6126 6127
f 6521 6510 6517
f 6521 6514 6510
f 6522 6511 6518
f 6522 6515 6511
f 6523 6301 6300
f 6523 6302 6301
f 6523 6300 6519
f 6524 6520 6127
f 6524 6517 6520
f 6524 6127 6128
f 6524 6128 6129
f 6524 6521 6517
f 6525 6518 6514
f 6525 6514 6521
f 6526 6515 6522
f 6526 6519 6515
f 6527 6302 6523
f 6527 6303 6302
f 6527 6304 6303
f 6528 6521 6524
f 6528 6524 6129
f 6528 6129 6130
f 6528 6130 6131
f 6529 6518 6525
f 6529 6522 6518
f 6530 6523 6519
f 6530 6519 6526
f 6531 6305 6304
f 6531 6306 6305
f 6531 6304 6527
f 6532 6521 6528
f 6532 6525 6521
f 6532 6528 6131
f 6532 6131 6132
f 6532 6132 6133
f 6533 6522 6529
f 6533 6526 6522
f 6534 6527 6523
f 6534 6523 6530
f 6535 6307 6306
f 6535 6308 6307
f 6535 6306 6531
f 6536 6529 6525
f 6536 6525 6532
f 6536 6532 6133
f 6536 6133 6134
f 6536 6134 6135
f 6537 6530 6526
f 6537 6526 6533
f 6538 6535 6531
f 6538 6531 6527
f 6538 6527 6534
f 6539 6309 6308
f 6539 6310 6309
f 6539 6308 6535
f 6540 6533 6529
f 6540 6529 6536
f 6540 6536 6135
f 6540 6135 6136
f 6540 6136 6137
f 6541 6530 6537
f 6541 6534 6530
f 6542 6535 6538
f 6543 6311 6310
f 6543 6312 6311
f 6543 6310 6539
f 6544 6537 6533
f 6544 6533 6540
f 6544 6137 6138
f 6544 6138 6139
f 6544 6540 6137
f 6545 6534 6541
f 6545 6538 6534
f 6546 6535 6542
f 6546 6539 6535
f 6547 6312 6543
f 6547 6313 6312
f 6547 6314 6313
f 6548 6537 6544
f 6548 6541 6537
f 6548 6544 6139
f 6548 6139 6140
f 6548 6140 6141
f 6549 6542 6538
f 6549 6538 6545
f 6550 6543 6539
f 6550 6539 6546
f 6551 6315 6314
f 6551 6316 6315
f 6551 6314 6547
f 6552 6548 6141
f 6552 6141 6142
f 6552 6545 6541
f 6552 6142 6143
f 6552 6541 6548
f 6553 6550 6546
f 6553 6546 6542
f 6553 6542 6549
f 6554 6547 6543
f 6554 6543 6550
f 6555 6316 6551
f 6555 6317 6316
f 6555 6318 6317
f 6556 6545 6552
f 6556 6552 6143
f 6556 6143 6144
f 6556 6144 6145
f 6556 6549 6545
f 6557 6550 6553
f 6558 6547 6554
f 6558 6551 6547
f 6559 6318 6555
f 6559 6319 6318
f 6559 6320 6319
f 6560 6549 6556
f 6560 6553 6549
f 6560 6556 6145
f 6560 6145 6146
f 6560 6146 6147
f 6561 6554 6550
f 6561 6550 6557
f 6562 6555 6551
f 6562 6551 6558
f 6563 6320 6559
f 6563 6321 6320
f 6563 6322 6321
f 6564 6553 6560
f 6564 6560 6147
f 6564 6147 6148
f 6564 6148 6149
f 6564 6557 6553
f 6565 6558 6554
f 6565 6554 6561
f 6566 6559 6555
f 6566 6555 6562
f 6567 6322 6563
f 6567 6323 6322
f 6567 6324 6323
f 6568 6561 6557
f 6568 6564 6149
f 6568 6149 6150
f 6568 6150 6151
f 6568 6557 6564
f 6569 6558 6565
f 6569 6562 6558
f 6570 6563 6559
f 6570 6559 6566
f 6571 6324 6567
f 6571 6325 6324
f 6571 6326 6325
f 6572 6565 6561
f 6572 6561 6568
f 6572 6568 6151
f 6572 6151 6152
f 6572 6152 6153
f 6573 6566 6562
f 6573 6562 6569
f 6574 6567 6563
f 6574 6563 6570
f 6575 6326 6571
f 6575 6327 6326
f 6575 6328 6327
f 6576 6565 6572
f 6576 6573 6569
f 6576 6569 6565
f 6576 6572 6153
f 6576 6153 6154
f 6576 6154 6155
f 6577 6570 6566
f 6577 6566 6573
f 6578 6571 6567
f 6578 6567 6574
f 6579 6329 6328
f 6579 6330 6329
f 6579 6328 6575
f 6580 6573 6576
f 6580 6577 6573
f 6580 6155 6156
f 6580 6576 6155
f 6580 6156 6157
f 6581 6574 6570
f 6581 6570 6577
f 6582 6575 6571
f 6582 6571 6578
f 6583 6331 6330
f 6583 6332 6331
f 6583 6330 6579
f 6584 6580 6157
f 6584 6577 6580
f 6584 6157 6158
f 6584 6158 6159
f 6585 6578 6574
f 6585 6574 6581
f 6586 6579 6575
f 6586 6575 6582
f 6587 6333 6332
f 6587 6334 6333
f 6587 6332 6583
f 6588 6584 6159
f 6588 6581 6577
f 6588 6577 6584
f 6588 6585 6581
f 6588 6159 6160
f 6588 6160 6161
f 6589 6578 6585
f 6589 6582 6578
f 6590 6579 6586
f 6590 6583 6579
f 6591 6334 6587
f 6591 6335 6334
f 6591 6336 6335
f 6592 6585 6588
f 6592 6589 6585
f 6592 6588 6161
f 6592 6161 6162
f 6592 6162 6163
f 6593 6586 6582
f 6593 6582 6589
f 6594 6583 6590
f 6594 6587 6583
f 6595 6336 6591
f 6595 6337 6336
f 6595 6338 6337
f 6596 6592 6163
f 6596 6589 6592
f 6596 6163 6164
f 6596 6164 6165
f 6597 6586 6593
f 6597 6590 6586
f 6598 6587 6594
f 6598 6591 6587
f 6599 6338 6595
f 6599 6339 6338
f 6599 6340 6339
f 6600 6166 6167
f 6600 6589 6596
f 6600 6593 6589
f 6600 6596 6165
f 6600 6165 6166
f 6601 6594 6590
f 6601 6590 6597
f 6601 6598 6594
f 6602 6591 6598
f 6602 6595 6591
f 6603 6340 6599
f 6603 6341 6340
f 6603 6342 6341
f 6604 6167 6168
f 6604 6168 6169
f 6604 6597 6593
f 6604 6601 6597
f 6604 6593 6600
f 6604 6600 6167
f 6605 6598 6601
f 6606 6599 6595
f 6606 6595 6602
f 6607 6342 6603
f 6607 6343 6342
f 6607 6344 6343
f 6608 6169 6170
f 6608 6170 6171
f 6608 6601 6604
f 6608 6604 6169
f 6609 6602 6598
f 6609 6598 6605
f 6610 6599 6606
f 6610 6603 6599
f 6611 6344 6607
f 6611 6345 6344
f 6611 6346 6345
f 6612 6171 6172
f 6612 6172 6173
f 6612 6608 6171
f 6612 6605 6601
f 6612 6601 6608
f 6612 6609 6605
f 6613 6610 6606
f 6613 6606 6602
f 6613 6602 6609
f 6614 6607 6603
f 6614 6611 6607
f 6614 6603 6610
f 6615 6346 6611
f 6615 6347 6346
f 6615 6348 6347
f 6616 6173 6174
f 6616 6174 6175
f 6616 6609 6612
f 6616 6612 6173
f 6617 6610 6613
f 6618 6611 6614
f 6619 6348 6615
f 6619 6349 6348
f 6619 6350 6349
f 6620 6613 6609
f 6620 6175 6176
f 6620 6176 6177
f 6620 6616 6175
f 6620 6609 6616
f 6621 6610 6617
f 6621 6614 6610
f 6622 6611 6618
f 6622 6615 6611
f 6623 6350 6619
f 6623 6351 6350
f 6623 6352 6351
f 6624 6620 6177
f 6624 6177 6178
f 6624 6178 6179
f 6624 6617 6613
f 6624 6613 6620
f 6625 6614 6621
f 6625 6618 6614
f 6626 6619 6615
f 6626 6615 6622
f 6627 6352 6623
f 6627 6353 6352
f 6627 6354 6353
f 6628 6179 6180
f 6628 6180 6181
f 6628 6617 6624
f 6628 6625 6621
f 6628 6621 6617
f 6628 6624 6179
f 6629 6622 6618
f 6629 6618 6625
f 6630 6619 6626
f 6630 6623 6619
f 6630 6627 6623
f 6631 6355 6354
f 6631 6354 6627
f 6631 6356 6355
f 6632 6181 6182
f 6632 6182 6183
f 6632 6628 6181
f 6632 6625 6628
f 6633 6622 6629
f 6633 6626 6622
f 6634 6627 6630
f 6635 6356 6631
f 6635 6357 6356
f 6635 6358 6357
f 6636 6632 6183
f 6636 6183 6184
f 6636 6184 6185
f 6636 6633 6629
f 6636 6629 6625
f 6636 6625 6632
f 6637 6630 6626
f 6637 6626 6633
f 6637 6634 6630
f 6638 6627 6634
f 6638 6631 6627
f 6639 6358 6635
f 6639 6359 6358
f 6639 6360 6359
f 6640 6185 6186
f 6640 6186 6187
f 6640 6636 6185
f 6640 6633 6636
f 6640 6637 6633
f 6641 6634 6637
f 6642 6635 6631
f 6642 6631 6638
f 6643 6360 6639
f 6643 6361 6360
f 6643 6362 6361
f 6644 6187 6188
f 6644 6188 6189
f 6644 6640 6187
f 6644 6637 6640
f 6645 6638 6634
f 6645 6634 6641
f 6646 6639 6635
f 6646 6643 6639
f 6646 6635 6642
f 6647 6362 6643
f 6647 6363 6362
f 6647 6364 6363
f 6648 6189 6190
f 6648 6190 6191
f 6648 6644 6189
f 6648 6641 6637
f 6648 6637 6644
f 6648 6645 6641
f 6649 6642 6638
f 6649 6638 6645
f 6650 6643 6646
f 6650 6647 6643
f 6651 6364 6647
f 6651 6365 6364
f 6651 6366 6365
f 6652 6645 6648
f 6652 6191 6192
f 6652 6192 6193
f 6652 6649 6645
f 6652 6648 6191
f 6653 6646 6642
f 6653 6642 6649
f 6654 6647 6650
f 6655 6366 6651
f 6655 6367 6366
f 6655 6368 6367
f 6656 6649 6652
f 6656 6193 6194
f 6656 6194 6195
f 6656 6652 6193
f 6657 6650 6646
f 6657 6646 6653
f 6658 6651 6647
f 6658 6647 6654
f 6659 6369 6368
f 6659 6370 6369
f 6659 6368 6655
f 6660 6656 6195
f 6660 6657 6653
f 6660 6649 6656
f 6660 6195 6196
f 6660 6196 6197
f 6660 6653 6649
f 6661 6650 6657
f 6661 6654 6650
f 6662 6651 6658
f 6662 6655 6651
f 6663 6371 6370
f 6663 6372 6371
f 6663 6370 6659
f 6664 6197 6198
f 6664 6198 6199
f 6664 6660 6197
f 6664 6657 6660
f 6665 6658 6654
f 6665 6654 6661
f 6666 6659 6655
f 6666 6655 6662
f 6667 6373 6372
f 6667 6374 6373
f 6667 6372 6663
f 6668 6657 6664
f 6668 6661 6657
f 6668 6199 6200
f 6668 6200 6201
f 6668 6664 6199
f 6669 6662 6658
f 6669 6658 6665
f 6670 6663 6659
f 6670 6659 6666
f 6670 6667 6663
f 6671 6375 6374
f 6671 6376 6375
f 6671 6374 6667
f 6672 6669 6665
f 6672 6665 6661
f 6672 6201 6202
f 6672 6202 6203
f 6672 6661 6668
f 6672 6668 6201
f 6673 6662 6669
f 6673 6666 6662
f 6674 6671 6667
f 6674 6667 6670
f 6675 6377 6376
f 6675 6378 6377
f 6675 6376 6671
f 6676 6203 6204
f 6676 6204 6205
f 6676 6669 6672
f 6676 6672 6203
f 6677 6670 6666
f 6677 6666 6673
f 6678 6671 6674
f 6679 6379 6378
f 6679 6380 6379
f 6679 6378 6675
f 6680 6205 6206
f 6680 6206 6207
f 6680 6673 6669
f 6680 6676 6205
f 6680 6669 6676
f 6681 6674 6670
f 6681 6670 6677
f 6682 6675 6671
f 6682 6671 6678
f 6683 6381 6380
f 6683 6382 6381
f 6683 6380 6679
f 6684 6207 6208
f 6684 6208 6209
f 6684 6680 6207
f 6684 6681 6677
f 6684 6677 6673
f 6684 6673 6680
f 6685 6674 6681
f 6685 6678 6674
f 6685 6682 6678
f 6686 6675 6682
f 6686 6679 6675
f 6687 6383 6382
f 6687 6384 6383
f 6687 6382 6683
f 6688 6681 6684
f 6688 6209 6210
f 6688 6210 6211
f 6688 6684 6209
f 6688 6685 6681
f 6689 6682 6685
f 6690 6683 6679
f 6690 6679 6686
f 6691 6385 6384
f 6691 6386 6385
f 6691 6389 6388
f 6691 6388 6386
f 6691 6384 6687
f 6692 6685 6688
f 6692 6211 6212
f 6692 6212 6213
f 6692 6688 6211
f 6693 6686 6682
f 6693 6682 6689
f 6694 6687 6683
f 6694 6683 6690
f 6695 6692 6213
f 6695 6213 6214
f 6695 6214 6215
f 6695 6685 6692
f 6695 6689 6685
f 6696 6690 6686
f 6696 6686 6693
f 6697 6687 6694
f 6697 6389 6691
f 6697 6691 6687
f 6698 6695 6215
f 6698 6689 6695
f 6698 6693 6689
f 6698 6215 6216
f 6698 6216 6217
f 6699 6690 6696
f 6699 6694 6690
f 6700 6699 6696
f 6700 6698 6217
f 6700 6696 6693
f 6700 6217 6218
f 6700 6218 6219
f 6700 6693 6698
f 6701 6390 6389
f 6701 6389 6697
f 6701 6697 6694
f 6701 6694 6699
f 6702 6219 6220
f 6702 6220 6221
f 6702 6699 6700
f 6702 6700 6219
f 6703 6391 6390
f 6703 6390 6701
f 6703 6221 6222
f 6703 6222 6223
f 6703 6701 6699
f 6703 6699 6702
f 6703 6702 6221
f 6703 6223 6391
f 6705 6707 6708
f 6706 6707 6705
f 6704 6706 6705
f 6710 6712 6713
f 6711 6712 6710
f 6709 6711 6710
f 6715 6717 6718
f 6716 6717 6715
f 6714 6716 6715
f 6720 6722 6723
f 6721 6722 6720
f 6719 6721 6720
f 6882 6883 6884
f 6882 6884 6885
f 6881 6882 6885
f 6881 6885 6886
f 6880 6881 6886
f 6880 6886 6887
f 6879 6880 6887
f 6879 6887 6888
f 6878 6879 6888
f 6878 6888 6889
f 6877 6878 6889
f 6877 6889 6890
f 6876 6877 6890
f 6876 6890 6891
f 6875 6876 6891
f 6875 6891 6892
f 6874 6875 6892
f 6874 6892 6893
f 6873 6874 6893
f 6873 6893 6894
f 6872 6873 6894
f 6872 6894 6895
f 6871 6872 6895
f 6871 6895 6896
f 6870 6871 6896
f 6870 6896 6897
f 6869 6897 6898
f 6869 6870 6897
f 6868 6898 6899
f 6868 6869 6898
f 6867 6899 6900
f 6867 6868 6899
f 6866 6900 6901
f 6866 6867 6900
f 6865 6901 6902
f 6865 6866 6901
f 6864 6902 6903
f 6864 6865 6902
f 6863 6903 6904
f 6863 6864 6903
f 6862 6863 6904
f 6862 6904 6905
f 6861 6862 6905
f 6861 6905 6906
f 6860 6861 6906
f 6860 6906 6907
f 6859 6860 6907
f 6859 6907 6908
f 6858 6859 6908
f 6858 6908 6909
f 6857 6858 6909
f 6857 6909 6910
f 6856 6857 6910
f 6856 6910 6911
f 6855 6856 6911
f 6855 6911 6912
f 6854 6855 6912
f 6854 6912 6913
f 6853 6854 6913
f 6853 6913 6914
f 6852 6853 6914
f 6852 6914 6915
f 6851 6852 6915
f 6851 6915 6916
f 6850 6851 6916
f 6850 6916 6917
f 6849 6850 6917
f 6849 6917 6918
f 6848 6849 6918
f 6848 6918 6919
f 6847 6848 6919
f 6847 6919 6920
f 6846 6847 6920
f 6846 6920 6921
f 6845 6846 6921
f 6845 6921 6922
f 6844 6845 6922
f 6844 6922 6923
f 6843 6844 6923
f 6843 6923 6924
f 6842 6843 6924
f 6842 6924 6925
f 6841 6925 6926
f 6841 6842 6925
f 6840 6926 6927
f 6840 6841 6926
f 6839 6927 6928
f 6839 6840 6927
f 6838 6928 6929
f 6838 6839 6928
f 6837 6929 6930
f 6837 6838 6929
f 6836 6930 6931
f 6836 6837 6930
f 6835 6931 6932
f 6835 6836 6931
f 6834 6932 6933
f 6834 6835 6932
f 6833 6933 6934
f 6833 6834 6933
f 6832 6934 6935
f 6832 6833 6934
f 6831 6935 6936
f 6831 6832 6935
f 6830 6936 6937
f 6830 6831 6936
f 6829 6937 6938
f 6829 6830 6937
f 6828 6938 6939
f 6828 6829 6938
f 6827 6939 6940
f 6827 6828 6939
f 6826 6940 6941
f 6826 6827 6940
f 6825 6941 6942
f 6825 6826 6941
f 6824 6942 6943
f 6824 6825 6942
f 6823 6943 6944
f 6823 6824 6943
f 6822 6944 6945
f 6822 6823 6944
f 6821 6945 6946
f 6821 6822 6945
f 6820 6946 6947
f 6820 6821 6946
f 6819 6947 6948
f 6819 6820 6947
f 6818 6948 6949
f 6818 6819 6948
f 6817 6949 6950
f 6817 6818 6949
f 6816 6950 6951
f 6816 6817 6950
f 6815 6951 6952
f 6815 6816 6951
f 6814 6952 6953
f 6814 6815 6952
f 6813 6953 6954
f 6813 6814 6953
f 6812 6813 6954
f 6812 6954 6955
f 6811 6812 6955
f 6811 6955 6956
f 6810 6811 6956
f 6810 6956 6957
f 6810 6957 6958
f 6809 6810 6958
f 6808 6809 6958
f 6808 6958 6959
f 6807 6808 6959
f 6807 6959 6960
f 6806 6807 6960
f 6806 6960 6961
f 6806 6961 6962
f 6805 6806 6962
f 6805 6962 6963
f 6804 6805 6963
f 6804 6963 6964
f 6803 6804 6964
f 6802 6964 6965
f 6802 6803 6964
f 6801 6965 6966
f 6801 6802 6965
f 6800 6966 6967
f 6800 6801 6966
f 6799 6967 6968
f 6799 6800 6967
f 6798 6968 6969
f 6798 6969 6970
f 6798 6799 6968
f 6797 6798 6970
f 6796 6970 6971
f 6796 6797 6970
f 6795 6971 6972
f 6795 6796 6971
f 6794 6972 6973
f 6794 6973 6974
f 6794 6795 6972
f 6793 6794 6974
f 6792 6974 6975
f 6792 6975 6976
f 6792 6793 6974
f 6791 6792 6976
f 6790 6976 6977
f 6790 6977 6978
f 6790 6791 6976
f 6789 6790 6978
f 6788 6978 6979
f 6788 6789 6978
f 6787 6788 6979
f 6787 6979 6980
f 6786 6787 6980
f 6786 6980 6981
f 6785 6786 6981
f 6785 6981 6982
f 6784 6785 6982
f 6784 6982 6983
f 6783 6784 6983
f 6783 6983 6984
f 6782 6783 6984
f 6782 6984 6985
f 6781 6782 6985
f 6781 6985 6986
f 6780 6781 6986
f 6780 6986 6987
f 6780 6987 6988
f 6779 6780 6988
f 6778 6779 6988
f 6778 6988 6989
f 6777 6778 6989
f 6777 6989 6990
f 6776 6777 6990
f 6776 6990 6991
f 6776 6991 6992
f 6775 6776 6992
f 6774 6775 6992
f 6774 6992 6993
f 6773 6774 6993
f 6773 6993 6994
f 6772 6773 6994
f 6772 6994 6995
f 6772 6995 6996
f 6771 6772 6996
f 6770 6771 6996
f 6770 6996 6997
f 6769 6997 6998
f 6769 6770 6997
f 6768 6998 6999
f 6768 6999 7000
f 6768 6769 6998
f 6767 6768 7000
f 6766 7000 7001
f 6766 6767 7000
f 6765 7001 7002
f 6765 6766 7001
f 6764 7002 7003
f 6764 7003 7004
f 6764 6765 7002
f 6763 6764 7004
f 6762 7004 7005
f 6762 6763 7004
f 6761 6762 7005
f 6761 7005 7006
f 6760 6761 7006
f 6760 7006 7007
f 6760 7007 7008
f 6759 6760 7008
f 6758 6759 7008
f 6758 7008 7009
f 6757 6758 7009
f 6757 7009 7010
f 6756 6757 7010
f 6756 7010 7011
f 6756 7011 7012
f 6755 6756 7012
f 6754 6755 7012
f 6754 7012 7013
f 6753 6754 7013
f 6753 7013 7014
f 6752 6753 7014
f 6752 7014 7015
f 6752 7015 7016
f 6751 6752 7016
f 6750 6751 7016
f 6750 7016 7017
f 6749 6750 7017
f 6749 7017 7018
f 6748 6749 7018
f 6748 7018 7019
f 6748 7019 7020
f 6747 6748 7020
f 6746 6747 7020
f 6746 7020 7021
f 6745 6746 7021
f 6745 7021 7022
f 6744 6745 7022
f 6744 7022 7023
f 6743 6744 7023
f 6743 7023 7024
f 6742 6743 7024
f 6742 7024 7025
f 6741 6742 7025
f 6741 7025 7026
f 6740 7026 7027
f 6740 7027 7028
f 6740 6741 7026
f 6739 6740 7028
f 6738 7028 7029
f 6738 7029 7030
f 6738 6739 7028
f 6737 6738 7030
f 6736 7030 7031
f 6736 6737 7030
f 6735 6736 7031
f 6735 7031 7032
f 6734 7032 7033
f 6734 7033 7034
f 6734 6735 7032
f 6733 6734 7034
f 6732 7034 7035
f 6732 6733 7034
f 6731 7035 7036
f 6731 6732 7035
f 6730 7036 7037
f 6730 6731 7036
f 6729 7037 7038
f 6729 6730 7037
f 6728 7038 7039
f 6728 6729 7038
f 6727 7039 7040
f 6727 6728 7039
f 6726 7040 7041
f 6726 6727 7040
f 6724 6726 7041
f 6724 7041 6725
f 7200 7201 7202
f 7200 7202 7203
f 7199 7200 7203
f 7199 7203 7204
f 7198 7199 7204
f 7198 7204 7205
f 7197 7198 7205
f 7197 7205 7206
f 7196 7197 7206
f 7196 7206 7207
f 7195 7196 7207
f 7195 7207 7208
f 7194 7195 7208
f 7194 7208 7209
f 7193 7194 7209
f 7193 7209 7210
f 7192 7193 7210
f 7192 7210 7211
f 7191 7192 7211
f 7191 7211 7212
f 7190 7191 7212
f 7190 7212 7213
f 7189 7190 7213
f 7189 7213 7214
f 7188 7189 7214
f 7188 7214 7215
f 7187 7215 7216
f 7187 7188 7215
f 7186 7216 7217
f 7186 7187 7216
f 7185 7217 7218
f 7185 7186 7217
f 7184 7218 7219
f 7184 7185 7218
f 7183 7219 7220
f 7183 7184 7219
f 7182 7220 7221
f 7182 7183 7220
f 7181 7221 7222
f 7181 7182 7221
f 7180 7181 7222
f 7180 7222 7223
f 7179 7180 7223
f 7179 7223 7224
f 7178 7179 7224
f 7178 7224 7225
f 7177 7178 7225
f 7177 7225 7226
f 7176 7177 7226
f 7176 7226 7227
f 7175 7176 7227
f 7175 7227 7228
f 7174 7175 7228
f 7174 7228 7229
f 7173 7174 7229
f 7173 7229 7230
f 7172 7173 7230
f 7172 7230 7231
f 7171 7172 7231
f 7171 7231 7232
f 7170 7171 7232
f 7170 7232 7233
f 7169 7170 7233
f 7169 7233 7234
f 7168 7169 7234
f 7168 7234 7235
f 7167 7168 7235
f 7167 7235 7236
f 7166 7167 7236
f 7166 7236 7237
f 7165 7166 7237
f 7165 7237 7238
f 7164 7165 7238
f 7164 7238 7239
f 7163 7164 7239
f 7163 7239 7240
f 7162 7163 7240
f 7162 7240 7241
f 7161 7162 7241
f 7161 7241 7242
f 7160 7161 7242
f 7160 7242 7243
f 7159 7243 7244
f 7159 7160 7243
f 7158 7244 7245
f 7158 7159 7244
f 7157 7245 7246
f 7157 7158 7245
f 7156 7246 7247
f 7156 7157 7246
f 7155 7247 7248
f 7155 7156 7247
f 7154 7248 7249
f 7154 7155 7248
f 7153 7249 7250
f 7153 7154 7249
f 7152 7250 7251
f 7152 7153 7250
f 7151 7251 7252
f 7151 7152 7251
f 7150 7252 7253
f 7150 7151 7252
f 7149 7253 7254
f 7149 7150 7253
f 7148 7254 7255
f 7148 7149 7254
f 7147 7255 7256
f 7147 7148 7255
f 7146 7256 7257
f 7146 7147 7256
f 7145 7257 7258
f 7145 7146 7257
f 7144 7258 7259
f 7144 7145 7258
f 7143 7259 7260
f 7143 7144 7259
f 7142 7260 7261
f 7142 7143 7260
f 7141 7261 7262
f 7141 7142 7261
f 7140 7262 7263
f 7140 7141 7262
f 7139 7263 7264
f 7139 7140 7263
f 7138 7264 7265
f 7138 7139 7264
f 7137 7265 7266
f 7137 7138 7265
f 7136 7266 7267
f 7136 7137 7266
f 7135 7267 7268
f 7135 7136 7267
f 7134 7268 7269
f 7134 7135 7268
f 7133 7269 7270
f 7133 7134 7269
f 7132 7270 7271
f 7132 7133 7270
f 7131 7271 7272
f 7131 7132 7271
f 7130 7131 7272
f 7130 7272 7273
f 7129 7130 7273
f 7129 7273 7274
f 7128 7129 7274
f 7128 7274 7275
f 7128 7275 7276
f 7127 7128 7276
f 7126 7127 7276
f 7126 7276 7277
f 7125 7126 7277
f 7125 7277 7278
f 7124 7125 7278
f 7124 7278 7279
f 7124 7279 7280
f 7123 7124 7280
f 7123 7280 7281
f 7122 7123 7281
f 7122 7281 7282
f 7121 7122 7282
f 7120 7282 7283
f 7120 7121 7282
f 7119 7283 7284
f 7119 7120 7283
f 7118 7284 7285
f 7118 7119 7284
f 7117 7285 7286
f 7117 7118 7285
f 7116 7286 7287
f 7116 7287 7288
f 7116 7117 7286
f 7115 7116 7288
f 7114 7288 7289
f 7114 7115 7288
f 7113 7289 7290
f 7113 7114 7289
f 7112 7290 7291
f 7112 7291 7292
f 7112 7113 7290
f 7111 7112 7292
f 7110 7292 7293
f 7110 7293 7294
f 7110 7111 7292
f 7109 7110 7294
f 7108 7294 7295
f 7108 7295 7296
f 7108 7109 7294
f 7107 7108 7296
f 7106 7296 7297
f 7106 7107 7296
f 7105 7106 7297
f 7105 7297 7298
f 7104 7105 7298
f 7104 7298 7299
f 7103 7104 7299
f 7103 7299 7300
f 7102 7103 7300
f 7102 7300 7301
f 7101 7102 7301
f 7101 7301 7302
f 7100 7101 7302
f 7100 7302 7303
f 7099 7100 7303
f 7099 7303 7304
f 7098 7099 7304
f 7098 7304 7305
f 7098 7305 7306
f 7097 7098 7306
f 7096 7097 7306
f 7096 7306 7307
f 7095 7096 7307
f 7095 7307 7308
f 7094 7095 7308
f 7094 7308 7309
f 7094 7309 7310
f 7093 7094 7310
f 7092 7093 7310
f 7092 7310 7311
f 7091 7092 7311
f 7091 7311 7312
f 7090 7091 7312
f 7090 7312 7313
f 7090 7313 7314
f 7089 7090 7314
f 7088 7089 7314
f 7088 7314 7315
f 7087 7315 7316
f 7087 7088 7315
f 7086 7316 7317
f 7086 7317 7318
f 7086 7087 7316
f 7085 7086 7318
f 7084 7318 7319
f 7084 7085 7318
f 7083 7319 7320
f 7083 7084 7319
f 7082 7320 7321
f 7082 7321 7322
f 7082 7083 7320
f 7081 7082 7322
f 7080 7322 7323
f 7080 7081 7322
f 7079 7080 7323
f 7079 7323 7324
f 7078 7079 7324
f 7078 7324 7325
f 7078 7325 7326
f 7077 7078 7326
f 7076 7077 7326
f 7076 7326 7327
f 7075 7076 7327
f 7075 7327 7328
f 7074 7075 7328
f 7074 7328 7329
f 7074 7329 7330
f 7073 7074 7330
f 7072 7073 7330
f 7072 7330 7331
f 7071 7072 7331
f 7071 7331 7332
f 7070 7071 7332
f 7070 7332 7333
f 7070 7333 7334
f 7069 7070 7334
f 7068 7069 7334
f 7068 7334 7335
f 7067 7068 7335
f 7067 7335 7336
f 7066 7067 7336
f 7066 7336 7337
f 7066 7337 7338
f 7065 7066 7338
f 7064 7065 7338
f 7064 7338 7339
f 7063 7064 7339
f 7063 7339 7340
f 7062 7063 7340
f 7062 7340 7341
f 7061 7062 7341
f 7061 7341 7342
f 7060 7061 7342
f 7060 7342 7343
f 7059 7060 7343
f 7059 7343 7344
f 7058 7344 7345
f 7058 7345 7346
f 7058 7059 7344
f 7057 7058 7346
f 7056 7346 7347
f 7056 7347 7348
f 7056 7057 7346
f 7055 7056 7348
f 7054 7348 7349
f 7054 7055 7348
f 7053 7054 7349
f 7053 7349 7350
f 7052 7350 7351
f 7052 7351 7352
f 7052 7053 7350
f 7051 7052 7352
f 7050 7352 7353
f 7050 7051 7352
f 7049 7353 7354
f 7049 7050 7353
f 7048 7354 7355
f 7048 7049 7354
f 7047 7355 7356
f 7047 7048 7355
f 7046 7356 7357
f 7046 7047 7356
f 7045 7357 7358
f 7045 7046 7357
f 7044 7358 7359
f 7044 7045 7358
f 7042 7044 7359
f 7042 7359 7043
f 7518 7519 7520
f 7518 7520 7521
f 7517 7518 7521
f 7517 7521 7522
f 7516 7517 7522
f 7516 7522 7523
f 7515 7516 7523
f 7515 7523 7524
f 7514 7515 7524
f 7514 7524 7525
f 7513 7514 7525
f 7513 7525 7526
f 7512 7513 7526
f 7512 7526 7527
f 7511 7512 7527
f 7511 7527 7528
f 7510 7511 7528
f 7510 7528 7529
f 7509 7510 7529
f 7509 7529 7530
f 7508 7509 7530
f 7508 7530 7531
f 7507 7508 7531
f 7507 7531 7532
f 7506 7507 7532
f 7506 7532 7533
f 7505 7533 7534
f 7505 7506 7533
f 7504 7534 7535
f 7504 7505 7534
f 7503 7535 7536
f 7503 7504 7535
f 7502 7536 7537
f 7502 7503 7536
f 7501 7537 7538
f 7501 7502 7537
f 7500 7538 7539
f 7500 7501 7538
f 7499 7539 7540
f 7499 7500 7539
f 7498 7499 7540
f 7498 7540 7541
f 7497 7498 7541
f 7497 7541 7542
f 7496 7497 7542
f 7496 7542 7543
f 7495 7496 7543
f 7495 7543 7544
f 7494 7495 7544
f 7494 7544 7545
f 7493 7494 7545
f 7493 7545 7546
f 7492 7493 7546
f 7492 7546 7547
f 7491 7492 7547
f 7491 7547 7548
f 7490 7491 7548
f 7490 7548 7549
f 7489 7490 7549
f 7489 7549 7550
f 7488 7489 7550
f 7488 7550 7551
f 7487 7488 7551
f 7487 7551 7552
f 7486 7487 7552
f 7486 7552 7553
f 7485 7486 7553
f 7485 7553 7554
f 7484 7485 7554
f 7484 7554 7555
f 7483 7484 7555
f 7483 7555 7556
f 7482 7483 7556
f 7482 7556 7557
f 7481 7482 7557
f 7481 7557 7558
f 7480 7481 7558
f 7480 7558 7559
f 7479 7480 7559
f 7479 7559 7560
f 7478 7479 7560
f 7478 7560 7561
f 7477 7561 7562
f 7477 7478 7561
f 7476 7562 7563
f 7476 7477 7562
f 7475 7563 7564
f 7475 7476 7563
f 7474 7564 7565
f 7474 7475 7564
f 7473 7565 7566
f 7473 7474 7565
f 7472 7566 7567
f 7472 7473 7566
f 7471 7567 7568
f 7471 7472 7567
f 7470 7568 7569
f 7470 7471 7568
f 7469 7569 7570
f 7469 7470 7569
f 7468 7570 7571
f 7468 7469 7570
f 7467 7571 7572
f 7467 7468 7571
f 7466 7572 7573
f 7466 7467 7572
f 7465 7573 7574
f 7465 7466 7573
f 7464 7574 7575
f 7464 7465 7574
f 7463 7575 7576
f 7463 7464 7575
f 7462 7576 7577
f 7462 7463 7576
f 7461 7577 7578
f 7461 7462 7577
f 7460 7578 7579
f 7460 7461 7578
f 7459 7579 7580
f 7459 7460 7579
f 7458 7580 7581
f 7458 7459 7580
f 7457 7581 7582
f 7457 7458 7581
f 7456 7582 7583
f 7456 7457 7582
f 7455 7583 7584
f 7455 7456 7583
f 7454 7584 7585
f 7454 7455 7584
f 7453 7585 7586
f 7453 7454 7585
f 7452 7586 7587
f 7452 7453 7586
f 7451 7587 7588
f 7451 7452 7587
f 7450 7588 7589
f 7450 7451 7588
f 7449 7589 7590
f 7449 7450 7589
f 7448 7449 7590
f 7448 7590 7591
f 7447 7448 7591
f 7447 7591 7592
f 7446 7447 7592
f 7446 7592 7593
f 7446 7593 7594
f 7445 7446 7594
f 7444 7445 7594
f 7444 7594 7595
f 7443 7444 7595
f 7443 7595 7596
f 7442 7443 7596
f 7442 7596 7597
f 7442 7597 7598
f 7441 7442 7598
f 7441 7598 7599
f 7440 7441 7599
f 7440 7599 7600
f 7439 7440 7600
f 7438 7600 7601
f 7438 7439 7600
f 7437 7601 7602
f 7437 7438 7601
f 7436 7602 7603
f 7436 7437 7602
f 7435 7603 7604
f 7435 7436 7603
f 7434 7604 7605
f 7434 7605 7606
f 7434 7435 7604
f 7433 7434 7606
f 7432 7606 7607
f 7432 7433 7606
f 7431 7607 7608
f 7431 7432 7607
f 7430 7608 7609
f 7430 7609 7610
f 7430 7431 7608
f 7429 7430 7610
f 7428 7610 7611
f 7428 7611 7612
f 7428 7429 7610
f 7427 7428 7612
f 7426 7612 7613
f 7426 7613 7614
f 7426 7427 7612
f 7425 7426 7614
f 7424 7614 7615
f 7424 7425 7614
f 7423 7424 7615
f 7423 7615 7616
f 7422 7423 7616
f 7422 7616 7617
f 7421 7422 7617
f 7421 7617 7618
f 7420 7421 7618
f 7420 7618 7619
f 7419 7420 7619
f 7419 7619 7620
f 7418 7419 7620
f 7418 7620 7621
f 7417 7418 7621
f 7417 7621 7622
f 7416 7417 7622
f 7416 7622 7623
f 7416 7623 7624
f 7415 7416 7624
f 7414 7415 7624
f 7414 7624 7625
f 7413 7414 7625
f 7413 7625 7626
f 7412 7413 7626
f 7412 7626 7627
f 7412 7627 7628
f 7411 7412 7628
f 7410 7411 7628
f 7410 7628 7629
f 7409 7410 7629
f 7409 7629 7630
f 7408 7409 7630
f 7408 7630 7631
f 7408 7631 7632
f 7407 7408 7632
f 7406 7407 7632
f 7406 7632 7633
f 7405 7633 7634
f 7405 7406 7633
f 7404 7634 7635
f 7404 7635 7636
f 7404 7405 7634
f 7403 7404 7636
f 7402 7636 7637
f 7402 7403 7636
f 7401 7637 7638
f 7401 7402 7637
f 7400 7638 7639
f 7400 7639 7640
f 7400 7401 7638
f 7399 7400 7640
f 7398 7640 7641
f 7398 7399 7640
f 7397 7398 7641
f 7397 7641 7642
f 7396 7397 7642
f 7396 7642 7643
f 7396 7643 7644
f 7395 7396 7644
f 7394 7395 7644
f 7394 7644 7645
f 7393 7394 7645
f 7393 7645 7646
f 7392 7393 7646
f 7392 7646 7647
f 7392 7647 7648
f 7391 7392 7648
f 7390 7391 7648
f 7390 7648 7649
f 7389 7390 7649
f 7389 7649 7650
f 7388 7389 7650
f 7388 7650 7651
f 7388 7651 7652
f 7387 7388 7652
f 7386 7387 7652
f 7386 7652 7653
f 7385 7386 7653
f 7385 7653 7654
f 7384 7385 7654
f 7384 7654 7655
f 7384 7655 7656
f 7383 7384 7656
f 7382 7383 7656
f 7382 7656 7657
f 7381 7382 7657
f 7381 7657 7658
f 7380 7381 7658
f 7380 7658 7659
f 7379 7380 7659
f 7379 7659 7660
f 7378 7379 7660
f 7378 7660 7661
f 7377 7378 7661
f 7377 7661 7662
f 7376 7662 7663
f 7376 7663 7664
f 7376 7377 7662
f 7375 7376 7664
f 7374 7664 7665
f 7374 7665 7666
f 7374 7375 7664
f 7373 7374 7666
f 7372 7666 7667
f 7372 7373 7666
f 7371 7372 7667
f 7371 7667 7668
f 7370 7668 7669
f 7370 7669 7670
f 7370 7371 7668
f 7369 7370 7670
f 7368 7670 7671
f 7368 7369 7670
f 7367 7671 7672
f 7367 7368 7671
f 7366 7672 7673
f 7366 7367 7672
f 7365 7673 7674
f 7365 7366 7673
f 7364 7674 7675
f 7364 7365 7674
f 7363 7675 7676
f 7363 7364 7675
f 7362 7676 7677
f 7362 7363 7676
f 7360 7362 7677
f 7360 7677 7361
f 7678 7679 7681
f 7680 7678 7681
f 7685 7682 7683
f 7685 7684 7682
f 7688 7687 7686
f 7688 7686 7689
f 7690 7693 7692
f 7690 7691 7693
f 7696 7695 7694
f 7696 7694 7697
f 7701 7698 7699
f 7701 7700 7698
f 7705 7702 7703
f 7705 7704 7702
f 7708 7707 7706
f 7708 7706 7709
f 7710 7713 7712
f 7710 7711 7713
f 7716 7715 7714
f 7716 7714 7717
f 7721 7718 7719
f 7721 7720 7718
f 7722 7723 7725
f 7724 7722 7725
f 7726 7727 7729
f 7728 7726 7729
f 7733 7730 7731
f 7733 7732 7730
f 7736 7735 7734
f 7736 7734 7737
f 7738 7741 7740
f 7738 7739 7741
f 7744 7743 7742
f 7744 7742 7745
f 7749 7746 7747
f 7749 7748 7746
f 7753 7750 7751
f 7753 7752 7750
f 7756 7755 7754
f 7756 7754 7757
f 7758 7761 7760
f 7758 7759 7761
f 7764 7763 7762
f 7764 7762 7765
f 7769 7766 7767
f 7769 7768 7766
f 7770 7771 7773
f 7772 7770 7773
f 7932 7933 7934
f 7932 7934 7935
f 7931 7932 7935
f 7931 7935 7936
f 7930 7931 7936
f 7930 7936 7937
f 7929 7930 7937
f 7929 7937 7938
f 7928 7929 7938
f 7928 7938 7939
f 7927 7928 7939
f 7927 7939 7940
f 7926 7927 7940
f 7926 7940 7941
f 7925 7926 7941
f 7925 7941 7942
f 7924 7925 7942
f 7924 7942 7943
f 7923 7924 7943
f 7923 7943 7944
f 7922 7923 7944
f 7922 7944 7945
f 7921 7922 7945
f 7921 7945 7946
f 7920 7921 7946
f 7920 7946 7947
f 7919 7947 7948
f 7919 7920 7947
f 7918 7948 7949
f 7918 7919 7948
f 7917 7949 7950
f 7917 7918 7949
f 7916 7950 7951
f 7916 7917 7950
f 7915 7951 7952
f 7915 7916 7951
f 7914 7952 7953
f 7914 7915 7952
f 7913 7953 7954
f 7913 7914 7953
f 7912 7913 7954
f 7912 7954 7955
f 7911 7912 7955
f 7911 7955 7956
f 7910 7911 7956
f 7910 7956 7957
f 7909 7910 7957
f 7909 7957 7958
f 7908 7909 7958
f 7908 7958 7959
f 7907 7908 7959
f 7907 7959 7960
f 7906 7907 7960
f 7906 7960 7961
f 7905 7906 7961
f 7905 7961 7962
f 7904 7905 7962
f 7904 7962 7963
f 7903 7904 7963
f 7903 7963 7964
f 7902 7903 7964
f 7902 7964 7965
f 7901 7902 7965
f 7901 7965 7966
f 7900 7901 7966
f 7900 7966 7967
f 7899 7900 7967
f 7899 7967 7968
f 7898 7899 7968
f 7898 7968 7969
f 7897 7898 7969
f 7897 7969 7970
f 7896 7897 7970
f 7896 7970 7971
f 7895 7896 7971
f 7895 7971 7972
f 7894 7895 7972
f 7894 7972 7973
f 7893 7894 7973
f 7893 7973 7974
f 7892 7893 7974
f 7892 7974 7975
f 7891 7975 7976
f 7891 7892 7975
f 7890 7976 7977
f 7890 7891 7976
f 7889 7977 7978
f 7889 7890 7977
f 7888 7978 7979
f 7888 7889 7978
f 7887 7979 7980
f 7887 7888 7979
f 7886 7980 7981
f 7886 7887 7980
f 7885 7981 7982
f 7885 7886 7981
f 7884 7982 7983
f 7884 7885 7982
f 7883 7983 7984
f 7883 7884 7983
f 7882 7984 7985
f 7882 7883 7984
f 7881 7985 7986
f 7881 7882 7985
f 7880 7986 7987
f 7880 7881 7986
f 7879 7987 7988
f 7879 7880 7987
f 7878 7988 7989
f 7878 7879 7988
f 7877 7989 7990
f 7877 7878 7989
f 7876 7990 7991
f 7876 7877 7990
f 7875 7991 7992
f 7875 7876 7991
f 7874 7992 7993
f 7874 7875 7992
f 7873 7993 7994
f 7873 7874 7993
f 7872 7994 7995
f 7872 7873 7994
f 7871 7995 7996
f 7871 7872 7995
f 7870 7996 7997
f 7870 7871 7996
f 7869 7997 7998
f 7869 7870 7997
f 7868 7998 7999
f 7868 7869 7998
f 7867 7999 8000
f 7867 7868 7999
f 7866 8000 8001
f 7866 7867 8000
f 7865 8001 8002
f 7865 7866 8001
f 7864 8002 8003
f 7864 7865 8002
f 7863 8003 8004
f 7863 7864 8003
f 7862 7863 8004
f 7862 8004 8005
f 7861 7862 8005
f 7861 8005 8006
f 7860 7861 8006
f 7860 8006 8007
f 7860 8007 8008
f 7859 7860 8008
f 7858 7859 8008
f 7858 8008 8009
f 7857 7858 8009
f 7857 8009 8010
f 7856 7857 8010
f 7856 8010 8011
f 7856 8011 8012
f 7855 7856 8012
f 7855 8012 8013
f 7854 7855 8013
f 7854 8013 8014
f 7853 7854 8014
f 7852 8014 8015
f 7852 7853 8014
f 7851 8015 8016
f 7851 7852 8015
f 7850 8016 8017
f 7850 7851 8016
f 7849 8017 8018
f 7849 7850 8017
f 7848 8018 8019
f 7848 8019 8020
f 7848 7849 8018
f 7847 7848 8020
f 7846 8020 8021
f 7846 7847 8020
f 7845 8021 8022
f 7845 7846 8021
f 7844 8022 8023
f 7844 8023 8024
f 7844 7845 8022
f 7843 7844 8024
f 7842 8024 8025
f 7842 8025 8026
f 7842 7843 8024
f 7841 7842 8026
f 7840 8026 8027
f 7840 8027 8028
f 7840 7841 8026
f 7839 7840 8028
f 7838 8028 8029
f 7838 7839 8028
f 7837 7838 8029
f 7837 8029 8030
f 7836 7837 8030
f 7836 8030 8031
f 7835 7836 8031
f 7835 8031 8032
f 7834 7835 8032
f 7834 8032 8033
f 7833 7834 8033
f 7833 8033 8034
f 7832 7833 8034
f 7832 8034 8035
f 7831 7832 8035
f 7831 8035 8036
f 7830 7831 8036
f 7830 8036 8037
f 7830 8037 8038
f 7829 7830 8038
f 7828 7829 8038
f 7828 8038 8039
f 7827 7828 8039
f 7827 8039 8040
f 7826 7827 8040
f 7826 8040 8041
f 7826 8041 8042
f 7825 7826 8042
f 7824 7825 8042
f 7824 8042 8043
f 7823 7824 8043
f 7823 8043 8044
f 7822 7823 8044
f 7822 8044 8045
f 7822 8045 8046
f 7821 7822 8046
f 7820 7821 8046
f 7820 8046 8047
f 7819 8047 8048
f 7819 7820 8047
f 7818 8048 8049
f 7818 8049 8050
f 7818 7819 8048
f 7817 7818 8050
f 7816 8050 8051
f 7816 7817 8050
f 7815 8051 8052
f 7815 7816 8051
f 7814 8052 8053
f 7814 8053 8054
f 7814 7815 8052
f 7813 7814 8054
f 7812 8054 8055
f 7812 7813 8054
f 7811 7812 8055
f 7811 8055 8056
f 7810 7811 8056
f 7810 8056 8057
f 7810 8057 8058
f 7809 7810 8058
f 7808 7809 8058
f 7808 8058 8059
f 7807 7808 8059
f 7807 8059 8060
f 7806 7807 8060
f 7806 8060 8061
f 7806 8061 8062
f 7805 7806 8062
f 7804 7805 8062
f 7804 8062 8063
f 7803 7804 8063
f 7803 8063 8064
f 7802 7803 8064
f 7802 8064 8065
f 7802 8065 8066
f 7801 7802 8066
f 7800 7801 8066
f 7800 8066 8067
f 7799 7800 8067
f 7799 8067 8068
f 7798 7799 8068
f 7798 8068 8069
f 7798 8069 8070
f 7797 7798 8070
f 7796 7797 8070
f 7796 8070 8071
f 7795 7796 8071
f 7795 8071 8072
f 7794 7795 8072
f 7794 8072 8073
f 7793 7794 8073
f 7793 8073 8074
f 7792 7793 8074
f 7792 8074 8075
f 7791 7792 8075
f 7791 8075 8076
f 7790 8076 8077
f 7790 8077 8078
f 7790 7791 8076
f 7789 7790 8078
f 7788 8078 8079
f 7788 8079 8080
f 7788 7789 8078
f 7787 7788 8080
f 7786 8080 8081
f 7786 7787 8080
f 7785 7786 8081
f 7785 8081 8082
f 7784 8082 8083
f 7784 8083 8084
f 7784 7785 8082
f 7783 7784 8084
f 7782 8084 8085
f 7782 7783 8084
f 7781 8085 8086
f 7781 7782 8085
f 7780 8086 8087
f 7780 7781 8086
f 7779 8087 8088
f 7779 7780 8087
f 7778 8088 8089
f 7778 7779 8088
f 7777 8089 8090
f 7777 7778 8089
f 7776 8090 8091
f 7776 7777 8090
f 7774 7776 8091
f 7774 8091 7775
f 8095 8092 8094
f 8096 8092 8095
f 8097 8092 8096
f 8098 8092 8097
f 8093 8092 8098
f 8103 8130 8131
f 8103 8131 8132
f 8103 8132 8133
f 8103 8133 8134
f 8103 8134 8104
f 8129 8130 8103
f 8128 8129 8103
f 8127 8128 8103
f 8126 8127 8103
f 8125 8126 8103
f 8124 8125 8103
f 8101 8100 8099
f 8101 8099 8135
f 8101 8135 8136
f 8102 8105 8106
f 8102 8106 8107
f 8102 8107 8108
f 8102 8108 8109
f 8102 8109 8110
f 8102 8110 8111
f 8102 8111 8112
f 8102 8112 8113
f 8102 8113 8114
f 8102 8114 8115
f 8102 8115 8116
f 8102 8116 8117
f 8102 8117 8118
f 8102 8118 8119
f 8102 8101 8136
f 8102 8136 8137
f 8102 8137 8138
f 8102 8138 8105
f 8102 8124 8103
f 8102 8123 8124
f 8102 8122 8123
f 8102 8121 8122
f 8102 8120 8121
f 8102 8119 8120
f 8142 8139 8141
f 8143 8139 8142
f 8144 8139 8143
f 8145 8139 8144
f 8140 8139 8145
f 8150 8177 8178
f 8150 8178 8179
f 8150 8179 8180
f 8150 8180 8181
f 8150 8181 8151
f 8176 8177 8150
f 8175 8176 8150
f 8174 8175 8150
f 8173 8174 8150
f 8172 8173 8150
f 8171 8172 8150
f 8148 8147 8146
f 8148 8146 8182
f 8148 8182 8183
f 8149 8152 8153
f 8149 8153 8154
f 8149 8154 8155
f 8149 8155 8156
f 8149 8156 8157
f 8149 8157 8158
f 8149 8158 8159
f 8149 8159 8160
f 8149 8160 8161
f 8149 8161 8162
f 8149 8162 8163
f 8149 8163 8164
f 8149 8164 8165
f 8149 8165 8166
f 8149 8148 8183
f 8149 8183 8184
f 8149 8184 8185
f 8149 8185 8152
f 8149 8171 8150
f 8149 8170 8171
f 8149 8169 8170
f 8149 8168 8169
f 8149 8167 8168
f 8149 8166 8167
f 8189 8186 8188
f 8190 8186 8189
f 8191 8186 8190
f 8192 8186 8191
f 8187 8186 8192
f 8197 8224 8225
f 8197 8225 8226
f 8197 8226 8227
f 8197 8227 8228
f 8197 8228 8198
f 8223 8224 8197
f 8222 8223 8197
f 8221 8222 8197
f 8220 8221 8197
f 8219 8220 8197
f 8218 8219 8197
f 8195 8194 8193
f 8195 8193 8229
f 8195 8229 8230
f 8196 8199 8200
f 8196 8200 8201
f 8196 8201 8202
f 8196 8202 8203
f 8196 8203 8204
f 8196 8204 8205
f 8196 8205 8206
f 8196 8206 8207
f 8196 8207 8208
f 8196 8208 8209
f 8196 8209 8210
f 8196 8210 8211
f 8196 8211 8212
f 8196 8212 8213
f 8196 8195 8230
f 8196 8230 8231
f 8196 8231 8232
f 8196 8232 8199
f 8196 8218 8197
f 8196 8217 8218
f 8196 8216 8217
f 8196 8215 8216
f 8196 8214 8215
f 8196 8213 8214
f 8237 8262 8263
f 8237 8263 8264
f 8237 8264 8265
f 8237 8265 8238
f 8261 8262 8237
f 8260 8261 8237
f 8259 8260 8237
f 8258 8259 8237
f 8257 8258 8237
f 8256 8257 8237
f 8255 8256 8237
f 8235 8234 8233
f 8235 8233 8268
f 8235 8268 8269
f 8236 8239 8240
f 8236 8240 8241
f 8236 8241 8242
f 8236 8242 8243
f 8236 8243 8244
f 8236 8244 8245
f 8236 8245 8246
f 8236 8246 8247
f 8236 8247 8248
f 8236 8248 8249
f 8236 8249 8250
f 8236 8250 8251
f 8236 8235 8269
f 8236 8266 8267
f 8236 8267 8239
f 8236 8269 8270
f 8236 8270 8271
f 8236 8271 8266
f 8236 8255 8237
f 8236 8254 8255
f 8236 8253 8254
f 8236 8252 8253
f 8236 8251 8252
f 8275 8272 8274
f 8276 8272 8275
f 8277 8272 8276
f 8278 8272 8277
f 8273 8272 8278
f 8281 8280 8279
f 8281 8279 8282
f 8285 8284 8283
f 8285 8283 8286
f 8289 8288 8287
f 8289 8287 8290
f 8293 8292 8291
f 8293 8291 8294
f 8297 8296 8295
f 8297 8295 8298
f 8301 8300 8299
f 8301 8299 8302
f 8305 8304 8303
f 8305 8303 8306
f 8309 8308 8307
f 8309 8307 8310
f 8313 8312 8311
f 8313 8311 8314
f 8317 8316 8315
f 8317 8315 8318
f 8321 8320 8319
f 8321 8319 8322
f 8325 8324 8323
f 8325 8323 8326
f 8329 8328 8327
f 8329 8327 8330
f 8333 8332 8331
f 8333 8331 8334
f 8337 8336 8335
f 8337 8335 8338
f 8341 8340 8339
f 8341 8339 8342
f 8345 8344 8343
f 8345 8343 8346
f 8349 8348 8347
f 8349 8347 8350
f 8353 8352 8351
f 8353 8351 8354
f 8357 8356 8355
f 8357 8355 8358
f 8361 8360 8359
f 8361 8359 8362
f 8365 8364 8363
f 8365 8363 8366
f 8369 8368 8367
f 8369 8367 8370
f 8373 8372 8371
f 8373 8371 8374
f 8377 8376 8375
f 8377 8375 8378
f 8381 8380 8379
f 8381 8379 8382
f 8385 8384 8383
f 8385 8383 8386
f 8389 8388 8387
f 8389 8387 8390
f 8393 8392 8391
f 8393 8391 8394
f 8397 8396 8395
f 8397 8395 8398
f 8401 8400 8399
f 8401 8399 8402
f 8405 8404 8403
f 8405 8403 8406
f 8409 8408 8407
f 8409 8407 8410
f 8413 8412 8411
f 8413 8411 8414
f 8417 8416 8415
f 8417 8415 8418
f 8421 8420 8419
f 8421 8419 8422
f 8425 8424 8423
f 8425 8423 8426
f 8429 8428 8427
f 8429 8427 8430
f 8433 8432 8431
f 8433 8431 8434
f 8437 8436 8435
f 8437 8435 8438
f 8441 8440 8439
f 8441 8439 8442
f 8445 8444 8443
f 8445 8443 8446
f 8449 8448 8447
f 8449 8447 8450
f 8453 8452 8451
f 8453 8451 8454
f 8457 8456 8455
f 8457 8455 8458
f 8461 8460 8459
f 8461 8459 8462
f 8465 8464 8463
f 8465 8463 8466
f 8469 8468 8467
f 8469 8467 8470
f 8473 8472 8471
f 8473 8471 8474
f 8477 8476 8475
f 8477 8475 8478
f 8481 8480 8479
f 8481 8479 8482
f 8485 8484 8483
f 8485 8483 8486
f 8489 8488 8487
f 8489 8487 8490
f 8493 8492 8491
f 8493 8491 8494
f 8497 8496 8495
f 8497 8495 8498
f 8501 8500 8499
f 8501 8499 8502
f 8505 8504 8503
f 8505 8503 8506
f 8509 8508 8507
f 8509 8507 8510
f 8513 8512 8511
f 8513 8511 8514
f 8517 8516 8515
f 8517 8515 8518
f 8521 8520 8519
f 8521 8519 8522
f 8525 8524 8523
f 8525 8523 8526
f 8529 8528 8527
f 8529 8527 8530
f 8533 8532 8531
f 8533 8531 8534
f 8537 8536 8535
f 8537 8535 8538
f 8541 8540 8539
f 8541 8539 8542
f 8545 8544 8543
f 8545 8543 8546
f 8549 8548 8547
f 8549 8547 8550
f 8553 8552 8551
f 8553 8551 8554
f 8557 8556 8555
f 8557 8555 8558
f 8561 8560 8559
f 8561 8559 8562
f 8565 8564 8563
f 8565 8563 8566
f 8569 8568 8567
f 8569 8567 8570
f 8573 8572 8571
f 8573 8571 8574
f 8577 8576 8575
f 8577 8575 8578
f 8581 8580 8579
f 8581 8579 8582
f 8585 8584 8583
f 8585 8583 8586
f 8589 8588 8587
f 8589 8587 8590
f 8593 8592 8591
f 8593 8591 8594
f 8597 8596 8595
f 8597 8595 8598
f 8601 8600 8599
f 8601 8599 8602
f 8605 8604 8603
f 8605 8603 8606
f 8609 8608 8607
f 8609 8607 8610
f 8613 8612 8611
f 8613 8611 8614
f 8617 8616 8615
f 8617 8615 8618
f 8621 8620 8619
f 8621 8619 8622
f 8625 8624 8623
f 8625 8623 8626
f 8629 8628 8627
f 8629 8627 8630
f 8633 8632 8631
f 8633 8631 8634
f 8637 8636 8635
f 8637 8635 8638
f 8641 8640 8639
f 8641 8639 8642
f 8645 8644 8643
f 8645 8643 8646
f 8649 8648 8647
f 8649 8647 8650
f 8653 8652 8651
f 8653 8651 8654
f 8657 8656 8655
f 8657 8655 8658
f 8661 8660 8659
f 8661 8659 8662
f 8665 8664 8663
f 8665 8663 8666
f 8669 8668 8667
f 8669 8667 8670
f 8673 8672 8671
f 8673 8671 8674
f 8677 8676 8675
f 8677 8675 8678
f 8681 8680 8679
f 8681 8679 8682
f 8685 8684 8683
f 8685 8683 8686
f 8689 8688 8687
f 8689 8687 8690
f 8693 8692 8691
f 8693 8691 8694
f 8697 8696 8695
f 8697 8695 8698
f 8701 8700 8699
f 8701 8699 8702
f 8705 8704 8703
f 8705 8703 8706
f 8709 8708 8707
f 8709 8707 8710
f 8713 8712 8711
f 8713 8711 8714
f 8717 8716 8715
f 8717 8715 8718
f 8721 8720 8719
f 8721 8719 8722
f 8725 8724 8723
f 8725 8723 8726
f 8729 8728 8727
f 8729 8727 8730
f 8733 8732 8731
f 8733 8731 8734
f 8737 8736 8735
f 8737 8735 8738
f 8741 8740 8739
f 8741 8739 8742
f 8745 8744 8743
f 8745 8743 8746
f 8749 8748 8747
f 8749 8747 8750
f 8753 8752 8751
f 8753 8751 8754
f 8757 8756 8755
f 8757 8755 8758
f 8761 8760 8759
f 8761 8759 8762
f 8765 8764 8763
f 8765 8763 8766
f 8769 8768 8767
f 8769 8767 8770
f 8773 8772 8771
f 8773 8771 8774
f 8777 8776 8775
f 8777 8775 8778
f 8781 8780 8779
f 8781 8779 8782
f 8785 8784 8783
f 8785 8783 8786
f 8789 8788 8787
f 8789 8787 8790
f 8793 8792 8791
f 8793 8791 8794
f 8797 8796 8795
f 8797 8795 8798
f 8801 8800 8799
f 8801 8799 8802
f 8805 8804 8803
f 8805 8803 8806
f 8809 8808 8807
f 8809 8807 8810
f 8813 8812 8811
f 8813 8811 8814
f 8817 8816 8815
f 8817 8815 8818
f 8821 8820 8819
f 8821 8819 8822
f 8825 8824 8823
f 8825 8823 8826
f 8829 8828 8827
f 8829 8827 8830
f 8833 8832 8831
f 8833 8831 8834
f 8837 8836 8835
f 8837 8835 8838
f 8841 8840 8839
f 8841 8839 8842
f 8845 8844 8843
f 8845 8843 8846
f 8849 8848 8847
f 8849 8847 8850
f 8853 8852 8851
f 8853 8851 8854
f 8857 8856 8855
f 8857 8855 8858
f 8861 8860 8859
f 8861 8859 8862
f 8865 8864 8863
f 8865 8863 8866
f 8869 8868 8867
f 8869 8867 8870
f 8873 8872 8871
f 8873 8871 8874
f 8877 8876 8875
f 8877 8875 8878
f 8881 8880 8879
f 8881 8879 8882
f 8885 8884 8883
f 8885 8883 8886
f 8889 8888 8887
f 8889 8887 8890
f 8893 8892 8891
f 8893 8891 8894
f 8897 8896 8895
f 8897 8895 8898
f 8901 8900 8899
f 8901 8899 8902
f 8905 8904 8903
f 8905 8903 8906
f 8909 8908 8907
f 8909 8907 8910
f 8913 8912 8911
f 8913 8911 8914
f 8917 8916 8915
f 8917 8915 8918
f 8921 8920 8919
f 8921 8919 8922
f 8925 8924 8923
f 8925 8923 8926
f 8929 8928 8927
f 8929 8927 8930
f 8933 8932 8931
f 8933 8931 8934
f 8937 8936 8935
f 8937 8935 8938
f 8941 8940 8939
f 8941 8939 8942
f 8945 8944 8943
f 8945 8943 8946
f 8949 8948 8947
f 8949 8947 8950
f 8953 8952 8951
f 8953 8951 8954
f 8957 8956 8955
f 8957 8955 8958
f 8961 8960 8959
f 8961 8959 8962
f 8965 8964 8963
f 8965 8963 8966
f 8969 8968 8967
f 8969 8967 8970
f 8973 8972 8971
f 8973 8971 8974
f 8977 8976 8975
f 8977 8975 8978
f 8981 8980 8979
f 8981 8979 8982
f 8985 8984 8983
f 8985 8983 8986
f 8989 8988 8987
f 8989 8987 8990
f 8993 8992 8991
f 8993 8991 8994
f 8997 8996 8995
f 8997 8995 8998
f 9001 9000 8999
f 9001 8999 9002
f 9005 9004 9003
f 9005 9003 9006
f 9009 9008 9007
f 9009 9007 9010
f 9013 9012 9011
f 9013 9011 9014
f 9017 9016 9015
f 9017 9015 9018
f 9021 9020 9019
f 9021 9019 9022
f 9025 9024 9023
f 9025 9023 9026
f 9029 9028 9027
f 9029 9027 9030
f 9033 9032 9031
f 9033 9031 9034
f 9037 9036 9035
f 9037 9035 9038
f 9041 9040 9039
f 9041 9039 9042
f 9045 9044 9043
f 9045 9043 9046
f 9049 9048 9047
f 9049 9047 9050
f 9053 9052 9051
f 9053 9051 9054
f 9057 9056 9055
f 9057 9055 9058
f 9061 9060 9059
f 9061 9059 9062
f 9065 9064 9063
f 9065 9063 9066
f 9069 9068 9067
f 9069 9067 9070
f 9073 9072 9071
f 9073 9071 9074
f 9077 9076 9075
f 9077 9075 9078
f 9081 9080 9079
f 9081 9079 9082
f 9085 9084 9083
f 9085 9083 9086
f 9089 9088 9087
f 9089 9087 9090
f 9093 9092 9091
f 9093 9091 9094
f 9145 9095 9096
f 9145 9096 9146
f 9147 9146 9096
f 9144 9095 9145
f 9148 9147 9096
f 9143 9095 9144
f 9149 9148 9096
f 9142 9095 9143
f 9150 9149 9096
f 9141 9095 9142
f 9140 9095 9141
f 9139 9095 9140
f 9138 9095 9139
f 9137 9095 9138
f 9136 9095 9137
f 9135 9095 9136
f 9134 9095 9135
f 9133 9095 9134
f 9132 9095 9133
f 9131 9095 9132
f 9130 9095 9131
f 9129 9095 9130
f 9128 9095 9129
f 9127 9095 9128
f 9126 9095 9127
f 9097 9095 9126
f 9097 9116 9115
f 9097 9117 9116
f 9097 9118 9117
f 9097 9119 9118
f 9097 9120 9119
f 9097 9121 9120
f 9097 9122 9121
f 9097 9123 9122
f 9097 9124 9123
f 9097 9125 9124
f 9097 9126 9125
f 9114 9097 9115
f 9113 9097 9114
f 9112 9097 9113
f 9111 9097 9112
f 9110 9097 9111
f 9109 9097 9110
f 9108 9097 9109
f 9107 9097 9108
f 9106 9097 9107
f 9105 9097 9106
f 9104 9097 9105
f 9098 9100 9099
f 9098 9101 9100
f 9098 9102 9101
f 9098 9103 9102
f 9098 9104 9103
f 9098 9097 9104
f 9200 9199 9152
f 9198 9151 9152
f 9198 9152 9199
f 9201 9200 9152
f 9197 9151 9198
f 9202 9201 9152
f 9196 9151 9197
f 9203 9202 9152
f 9195 9151 9196
f 9194 9151 9195
f 9193 9151 9194
f 9192 9151 9193
f 9191 9151 9192
f 9190 9151 9191
f 9189 9151 9190
f 9188 9151 9189
f 9187 9151 9188
f 9186 9151 9187
f 9185 9151 9186
f 9184 9151 9185
f 9183 9151 9184
f 9182 9151 9183
f 9181 9151 9182
f 9180 9151 9181
f 9179 9151 9180
f 9153 9151 9179
f 9153 9170 9169
f 9153 9171 9170
f 9153 9172 9171
f 9153 9173 9172
f 9153 9174 9173
f 9153 9175 9174
f 9153 9176 9175
f 9153 9177 9176
f 9153 9178 9177
f 9153 9179 9178
f 9168 9153 9169
f 9167 9153 9168
f 9166 9153 9167
f 9165 9153 9166
f 9164 9153 9165
f 9163 9153 9164
f 9162 9153 9163
f 9161 9153 9162
f 9160 9153 9161
f 9154 9156 9155
f 9154 9157 9156
f 9154 9158 9157
f 9154 9159 9158
f 9154 9160 9159
f 9154 9153 9160
f 9253 9252 9205
f 9251 9204 9205
f 9251 9205 9252
f 9254 9253 9205
f 9250 9204 9251
f 9255 9254 9205
f 9249 9204 9250
f 9256 9255 9205
f 9248 9204 9249
f 9247 9204 9248
f 9246 9204 9247
f 9245 9204 9246
f 9244 9204 9245
f 9243 9204 9244
f 9242 9204 9243
f 9241 9204 9242
f 9240 9204 9241
f 9239 9204 9240
f 9238 9204 9239
f 9237 9204 9238
f 9236 9204 9237
f 9235 9204 9236
f 9234 9204 9235
f 9233 9204 9234
f 9232 9204 9233
f 9206 9204 9232
f 9206 9223 9222
f 9206 9224 9223
f 9206 9225 9224
f 9206 9226 9225
f 9206 9227 9226
f 9206 9228 9227
f 9206 9229 9228
f 9206 9230 9229
f 9206 9231 9230
f 9206 9232 9231
f 9221 9206 9222
f 9220 9206 9221
f 9219 9206 9220
f 9218 9206 9219
f 9217 9206 9218
f 9216 9206 9217
f 9215 9206 9216
f 9214 9206 9215
f 9213 9206 9214
f 9207 9209 9208
f 9207 9210 9209
f 9207 9211 9210
f 9207 9212 9211
f 9207 9213 9212
f 9207 9206 9213
f 9306 9305 9258
f 9304 9257 9258
f 9304 9258 9305
f 9307 9306 9258
f 9303 9257 9304
f 9308 9307 9258
f 9302 9257 9303
f 9309 9308 9258
f 9301 9257 9302
f 9300 9257 9301
f 9299 9257 9300
f 9298 9257 9299
f 9297 9257 9298
f 9296 9257 9297
f 9295 9257 9296
f 9294 9257 9295
f 9293 9257 9294
f 9292 9257 9293
f 9291 9257 9292
f 9290 9257 9291
f 9289 9257 9290
f 9288 9257 9289
f 9287 9257 9288
f 9286 9257 9287
f 9285 9257 9286
f 9259 9257 9285
f 9259 9276 9275
f 9259 9277 9276
f 9259 9278 9277
f 9259 9279 9278
f 9259 9280 9279
f 9259 9281 9280
f 9259 9282 9281
f 9259 9283 9282
f 9259 9284 9283
f 9259 9285 9284
f 9274 9259 9275
f 9273 9259 9274
f 9272 9259 9273
f 9271 9259 9272
f 9270 9259 9271
f 9269 9259 9270
f 9268 9259 9269
f 9267 9259 9268
f 9266 9259 9267
f 9260 9262 9261
f 9260 9263 9262
f 9260 9264 9263
f 9260 9265 9264
f 9260 9266 9265
f 9260 9259 9266
f 9312 9311 9310
f 9312 9310 9313
f 9318 9316 9317
f 9314 9316 9318
f 9319 9314 9318
f 9321 9319 9320
f 9315 9319 9321
f 9315 9314 9319
f 9324 9323 9322
f 9324 9322 9325
f 9328 9327 9326
f 9328 9326 9329
f 9332 9331 9330
f 9332 9330 9333
f 9338 9336 9337
f 9334 9336 9338
f 9339 9334 9338
f 9341 9339 9340
f 9335 9339 9341
f 9335 9334 9339
f 9344 9343 9342
f 9344 9342 9345
f 9350 9348 9349
f 9346 9348 9350
f 9351 9346 9350
f 9353 9351 9352
f 9347 9351 9353
f 9347 9346 9351
f 9356 9355 9354
f 9356 9354 9357
f 9360 9359 9358
f 9360 9358 9361
f 9364 9363 9362
f 9364 9362 9365
f 9370 9368 9369
f 9366 9368 9370
f 9371 9366 9370
f 9373 9371 9372
f 9367 9371 9373
f 9367 9366 9371
f 9377 9376 9374
f 9378 9377 9374
f 9379 9378 9374
f 9380 9379 9374
f 9381 9380 9374
f 9382 9381 9374
f 9383 9382 9374
f 9384 9383 9374
f 9385 9384 9374
f 9386 9385 9374
f 9387 9386 9374
f 9388 9387 9374
f 9389 9388 9374
f 9390 9389 9374
f 9391 9390 9374
f 9375 9394 9393
f 9375 9395 9394
f 9375 9396 9395
f 9375 9397 9396
f 9375 9398 9397
f 9375 9399 9398
f 9375 9400 9399
f 9375 9401 9400
f 9402 9401 9375
f 9403 9402 9375
f 9404 9403 9375
f 9405 9404 9375
f 9406 9405 9375
f 9375 9393 9374
f 9393 9392 9374
f 9392 9391 9374
f 9408 9435 9407
f 9408 9436 9435
f 9409 9437 9436
f 9409 9436 9408
f 9410 9438 9437
f 9410 9437 9409
f 9411 9439 9438
f 9411 9438 9410
f 9412 9440 9439
f 9412 9439 9411
f 9413 9441 9440
f 9413 9440 9412
f 9414 9442 9441
f 9414 9441 9413
f 9415 9443 9442
f 9415 9442 9414
f 9416 9444 9443
f 9416 9443 9415
f 9417 9445 9444
f 9417 9444 9416
f 9418 9446 9445
f 9418 9445 9417
f 9419 9447 9446
f 9419 9446 9418
f 9420 9448 9447
f 9420 9447 9419
f 9421 9449 9448
f 9421 9448 9420
f 9422 9450 9449
f 9422 9449 9421
f 9423 9451 9450
f 9423 9450 9422
f 9424 9452 9451
f 9424 9451 9423
f 9425 9453 9452
f 9425 9452 9424
f 9426 9453 9425
f 9426 9454 9453
f 9427 9454 9426
f 9427 9455 9454
f 9428 9455 9427
f 9428 9456 9455
f 9429 9456 9428
f 9429 9457 9456
f 9430 9457 9429
f 9430 9458 9457
f 9431 9458 9430
f 9431 9459 9458
f 9432 9459 9431
f 9432 9460 9459
f 9433 9460 9432
f 9433 9461 9460
f 9434 9461 9433
f 9434 9462 9461
f 9703 9462 9434
f 9703 9463 9462
f 9704 9463 9703
f 9704 9464 9463
f 9705 9464 9704
f 9705 9465 9464
f 9706 9465 9705
f 9706 9466 9465
f 9707 9466 9706
f 9707 9467 9466
f 9708 9467 9707
f 9708 9468 9467
f 9709 9469 9468
f 9709 9468 9708
f 9710 9470 9469
f 9710 9469 9709
f 9711 9471 9470
f 9711 9470 9710
f 9712 9472 9471
f 9712 9471 9711
f 9713 9473 9472
f 9713 9472 9712
f 9714 9474 9473
f 9714 9473 9713
f 9715 9475 9474
f 9715 9474 9714
f 9716 9476 9475
f 9716 9475 9715
f 9717 9477 9476
f 9717 9476 9716
f 9718 9478 9477
f 9718 9477 9717
f 9719 9479 9478
f 9719 9478 9718
f 9720 9479 9719
f 9720 9480 9479
f 9721 9480 9720
f 9721 9481 9480
f 9722 9481 9721
f 9722 9482 9481
f 9723 9482 9722
f 9723 9483 9482
f 9724 9483 9723
f 9724 9484 9483
f 9725 9484 9724
f 9725 9485 9484
f 9726 9485 9725
f 9726 9486 9485
f 9727 9486 9726
f 9727 9487 9486
f 9728 9487 9727
f 9728 9488 9487
f 9729 9488 9728
f 9729 9489 9488
f 9730 9489 9729
f 9730 9490 9489
f 9731 9490 9730
f 9702 9490 9731
f 9702 9491 9490
f 9648 9491 9702
f 9648 9492 9491
f 9648 9702 9647
f 9649 9492 9648
f 9649 9493 9492
f 9650 9493 9649
f 9650 9494 9493
f 9651 9494 9650
f 9651 9495 9494
f 9652 9495 9651
f 9652 9496 9495
f 9653 9496 9652
f 9653 9497 9496
f 9654 9497 9653
f 9654 9498 9497
f 9655 9498 9654
f 9655 9499 9498
f 9656 9499 9655
f 9656 9500 9499
f 9657 9501 9500
f 9657 9500 9656
f 9658 9502 9501
f 9658 9501 9657
f 9659 9503 9502
f 9659 9502 9658
f 9660 9503 9659
f 9660 9504 9503
f 9661 9504 9660
f 9661 9505 9504
f 9662 9505 9661
f 9662 9506 9505
f 9663 9506 9662
f 9663 9507 9506
f 9664 9508 9507
f 9664 9507 9663
f 9665 9509 9508
f 9665 9508 9664
f 9666 9510 9509
f 9666 9509 9665
f 9667 9511 9510
f 9667 9510 9666
f 9668 9512 9511
f 9668 9511 9667
f 9669 9513 9512
f 9669 9512 9668
f 9670 9514 9513
f 9670 9513 9669
f 9671 9515 9514
f 9671 9514 9670
f 9672 9516 9515
f 9672 9515 9671
f 9673 9517 9516
f 9673 9516 9672
f 9674 9518 9517
f 9674 9517 9673
f 9675 9519 9518
f 9675 9518 9674
f 9676 9520 9519
f 9676 9519 9675
f 9677 9521 9520
f 9677 9520 9676
f 9678 9522 9521
f 9678 9521 9677
f 9679 9523 9522
f 9679 9522 9678
f 9680 9524 9523
f 9680 9523 9679
f 9681 9525 9524
f 9681 9524 9680
f 9682 9526 9525
f 9682 9525 9681
f 9683 9527 9526
f 9683 9526 9682
f 9684 9528 9527
f 9684 9527 9683
f 9685 9528 9684
f 9685 9529 9528
f 9686 9529 9685
f 9686 9530 9529
f 9687 9530 9686
f 9687 9531 9530
f 9688 9531 9687
f 9688 9532 9531
f 9689 9532 9688
f 9689 9533 9532
f 9690 9533 9689
f 9690 9534 9533
f 9691 9535 9534
f 9691 9534 9690
f 9692 9536 9535
f 9692 9535 9691
f 9693 9537 9536
f 9693 9536 9692
f 9694 9538 9537
f 9694 9537 9693
f 9695 9539 9538
f 9695 9538 9694
f 9696 9540 9539
f 9696 9539 9695
f 9697 9541 9540
f 9697 9540 9696
f 9698 9542 9541
f 9698 9541 9697
f 9699 9543 9542
f 9699 9542 9698
f 9700 9544 9543
f 9700 9543 9699
f 9701 9545 9544
f 9701 9544 9700
f 9645 9546 9545
f 9645 9545 9701
f 9646 9645 9701
f 9644 9547 9546
f 9644 9546 9645
f 9643 9548 9547
f 9643 9547 9644
f 9642 9549 9548
f 9642 9548 9643
f 9641 9550 9549
f 9641 9549 9642
f 9640 9551 9550
f 9640 9550 9641
f 9639 9552 9551
f 9639 9551 9640
f 9638 9552 9639
f 9638 9553 9552
f 9637 9553 9638
f 9637 9554 9553
f 9636 9554 9637
f 9636 9555 9554
f 9635 9555 9636
f 9635 9556 9555
f 9634 9556 9635
f 9634 9557 9556
f 9633 9557 9634
f 9633 9558 9557
f 9632 9558 9633
f 9632 9559 9558
f 9631 9559 9632
f 9631 9560 9559
f 9630 9560 9631
f 9630 9561 9560
f 9629 9561 9630
f 9629 9562 9561
f 9628 9562 9629
f 9628 9563 9562
f 9627 9563 9628
f 9627 9564 9563
f 9626 9564 9627
f 9626 9565 9564
f 9625 9565 9626
f 9625 9566 9565
f 9624 9566 9625
f 9624 9567 9566
f 9623 9568 9567
f 9623 9567 9624
f 9622 9569 9568
f 9622 9568 9623
f 9621 9570 9569
f 9621 9569 9622
f 9620 9571 9570
f 9620 9570 9621
f 9619 9572 9571
f 9619 9571 9620
f 9595 9573 9572
f 9595 9572 9619
f 9596 9574 9573
f 9596 9573 9595
f 9597 9574 9596
f 9598 9575 9574
f 9598 9574 9597
f 9599 9576 9575
f 9599 9575 9598
f 9600 9577 9576
f 9600 9576 9599
f 9601 9577 9600
f 9601 9578 9577
f 9602 9578 9601
f 9602 9579 9578
f 9603 9579 9602
f 9603 9580 9579
f 9604 9580 9603
f 9605 9580 9604
f 9605 9581 9580
f 9606 9581 9605
f 9606 9582 9581
f 9607 9582 9606
f 9607 9583 9582
f 9608 9583 9607
f 9608 9584 9583
f 9609 9584 9608
f 9609 9585 9584
f 9610 9585 9609
f 9610 9586 9585
f 9611 9586 9610
f 9612 9586 9611
f 9612 9587 9586
f 9613 9587 9612
f 9613 9588 9587
f 9614 9588 9613
f 9614 9589 9588
f 9615 9589 9614
f 9615 9590 9589
f 9616 9590 9615
f 9616 9591 9590
f 9617 9591 9616
f 9617 9592 9591
f 9618 9592 9617
f 9618 9593 9592
f 9594 9593 9618
f 9760 9732 9733
f 9760 9733 9734
f 9760 9734 9735
f 9760 9735 9736
f 9760 9736 9737
f 9738 9760 9737
f 9739 9760 9738
f 9740 9760 9739
f 9741 9760 9740
f 9742 9760 9741
f 9743 9760 9742
f 9744 9760 9743
f 9745 9760 9744
f 9746 9760 9745
f 9761 9747 9748
f 9761 9748 9749
f 9761 9749 9750
f 9761 9750 9751
f 9761 9751 9752
f 9761 9752 9753
f 9761 9753 9754
f 9761 9754 9755
f 9761 9755 9756
f 9761 9756 9757
f 9761 9757 9758
f 9761 9758 9759
f 9760 9747 9761
f 9760 9746 9747
f 9783 9782 9781
f 9784 9783 9781
f 9785 9784 9781
f 9786 9785 9781
f 9787 9786 9781
f 9788 9787 9781
f 9789 9788 9781
f 9790 9789 9781
f 9791 9790 9781
f 9792 9791 9781
f 9793 9792 9781
f 9794 9793 9781
f 9795 9794 9781
f 9762 9795 9781
f 9763 9762 9781
f 9780 9767 9766
f 9780 9768 9767
f 9780 9769 9768
f 9780 9770 9769
f 9780 9771 9770
f 9780 9772 9771
f 9780 9773 9772
f 9780 9774 9773
f 9775 9774 9780
f 9776 9775 9780
f 9777 9776 9780
f 9778 9777 9780
f 9779 9778 9780
f 9780 9766 9781
f 9766 9765 9781
f 9765 9764 9781
f 9764 9763 9781
f 9797 9814 9796
f 9797 9815 9814
f 9798 9816 9815
f 9798 9815 9797
f 9799 9817 9816
f 9799 9816 9798
f 9800 9818 9817
f 9800 9817 9799
f 9801 9819 9818
f 9801 9818 9800
f 9802 9820 9819
f 9802 9819 9801
f 9803 9821 9820
f 9803 9820 9802
f 9804 9822 9821
f 9804 9821 9803
f 9805 9823 9822
f 9805 9822 9804
f 9806 9824 9823
f 9806 9823 9805
f 9807 9825 9824
f 9807 9824 9806
f 9808 9826 9825
f 9808 9825 9807
f 9809 9827 9826
f 9809 9826 9808
f 9810 9828 9827
f 9810 9827 9809
f 9811 9829 9828
f 9811 9828 9810
f 9812 9830 9829
f 9812 9829 9811
f 9813 9831 9830
f 9813 9830 9812
f 10065 9813 10064
f 10065 9832 9831
f 10065 9831 9813
f 10066 9832 10065
f 10066 9833 9832
f 10067 9833 10066
f 10067 9834 9833
f 10068 9834 10067
f 10068 9835 9834
f 10069 9835 10068
f 10069 9836 9835
f 10070 9836 10069
f 10070 9837 9836
f 10071 9837 10070
f 10071 9838 9837
f 10072 9838 10071
f 10072 9839 9838
f 10073 9839 10072
f 10073 9840 9839
f 10074 9840 10073
f 10074 9841 9840
f 10075 9841 10074
f 10075 9842 9841
f 10076 9842 10075
f 10076 9843 9842
f 10077 9843 10076
f 10077 9844 9843
f 10078 9845 9844
f 10078 9844 10077
f 10079 9846 9845
f 10079 9845 10078
f 10080 9847 9846
f 10080 9846 10079
f 10081 9848 9847
f 10081 9847 10080
f 10082 9849 9848
f 10082 9848 10081
f 10083 9850 9849
f 10083 9849 10082
f 10084 9851 9850
f 10084 9850 10083
f 10085 9852 9851
f 10085 9851 10084
f 10086 9853 9852
f 10086 9852 10085
f 10087 9854 9853
f 10087 9853 10086
f 10088 9855 9854
f 10088 9854 10087
f 10089 9856 9855
f 10089 9855 10088
f 10090 9857 9856
f 10090 9856 10089
f 10091 9858 9857
f 10091 9857 10090
f 10092 9858 10091
f 10092 9859 9858
f 10093 9859 10092
f 10093 9860 9859
f 10094 9860 10093
f 10094 9861 9860
f 10095 9861 10094
f 10095 9862 9861
f 10096 9862 10095
f 10096 9863 9862
f 10097 9863 10096
f 10097 9864 9863
f 10098 9864 10097
f 10098 9865 9864
f 10099 9865 10098
f 10099 9866 9865
f 10100 9866 10099
f 10100 9867 9866
f 10101 9867 10100
f 10101 9868 9867
f 10102 9868 10101
f 10102 9869 9868
f 10103 9869 10102
f 10103 9870 9869
f 10104 9870 10103
f 10104 9871 9870
f 10105 9871 10104
f 10105 9872 9871
f 10106 9872 10105
f 10106 9873 9872
f 10107 9873 10106
f 10107 9874 9873
f 10108 9874 10107
f 10108 9875 9874
f 10109 9875 10108
f 10109 9876 9875
f 10110 9876 10109
f 10110 9877 9876
f 10111 9878 9877
f 10111 9877 10110
f 10112 9879 9878
f 10112 9878 10111
f 10113 9880 9879
f 10113 9879 10112
f 10114 9881 9880
f 10114 9880 10113
f 10115 9882 9881
f 10115 9881 10114
f 10116 9883 9882
f 10116 9882 10115
f 10117 9883 10116
f 10117 9884 9883
f 10118 9884 10117
f 10118 9885 9884
f 10062 9885 10118
f 10062 9886 9885
f 10063 10062 10118
f 10061 9886 10062
f 10061 9887 9886
f 10060 9887 10061
f 10060 9888 9887
f 10059 9888 10060
f 10059 9889 9888
f 10058 9889 10059
f 10058 9890 9889
f 10057 9890 10058
f 10057 9891 9890
f 10056 9891 10057
f 10056 9892 9891
f 10055 9892 10056
f 10055 9893 9892
f 10054 9893 10055
f 10054 9894 9893
f 10053 9894 10054
f 10052 9894 10053
f 10052 9895 9894
f 10051 9895 10052
f 10051 9896 9895
f 10050 9897 9896
f 10050 9896 10051
f 10049 9898 9897
f 10049 9897 10050
f 10048 9899 9898
f 10048 9898 10049
f 10047 9900 9899
f 10047 9899 10048
f 10046 9901 9900
f 10046 9900 10047
f 10045 9902 9901
f 10045 9901 10046
f 10044 9903 9902
f 10044 9902 10045
f 10043 9904 9903
f 10043 9903 10044
f 10042 9905 9904
f 10042 9904 10043
f 10041 9906 9905
f 10041 9905 10042
f 10040 9907 9906
f 10040 9906 10041
f 10039 9907 10040
f 10039 9908 9907
f 10038 9908 10039
f 10038 9909 9908
f 10037 9909 10038
f 10037 9910 9909
f 10036 9911 9910
f 10036 9910 10037
f 9988 9912 9911
f 9988 9911 10036
f 9989 9913 9912
f 9989 9912 9988
f 9990 9914 9913
f 9990 9913 9989
f 9991 9915 9914
f 9991 9914 9990
f 9992 9916 9915
f 9992 9915 9991
f 9993 9917 9916
f 9993 9916 9992
f 9994 9918 9917
f 9994 9917 9993
f 9995 9919 9918
f 9995 9918 9994
f 9996 9920 9919
f 9996 9919 9995
f 9997 9921 9920
f 9997 9920 9996
f 9998 9922 9921
f 9998 9921 9997
f 9999 9923 9922
f 9999 9922 9998
f 10000 9924 9923
f 10000 9923 9999
f 10001 9925 9924
f 10001 9924 10000
f 10002 9926 9925
f 10002 9925 10001
f 10003 9927 9926
f 10003 9926 10002
f 10004 9928 9927
f 10004 9927 10003
f 10005 9929 9928
f 10005 9928 10004
f 10006 9930 9929
f 10006 9929 10005
f 10007 9931 9930
f 10007 9930 10006
f 10008 9932 9931
f 10008 9931 10007
f 10009 9932 10008
f 10009 9933 9932
f 10010 9933 10009
f 10010 9934 9933
f 10011 9934 10010
f 10011 9935 9934
f 10012 9935 10011
f 10012 9936 9935
f 10013 9936 10012
f 10013 9937 9936
f 10014 9937 10013
f 10014 9938 9937
f 10015 9938 10014
f 10015 9939 9938
f 10016 9939 10015
f 10016 9940 9939
f 10017 9940 10016
f 10017 9941 9940
f 10018 9941 10017
f 10018 9942 9941
f 10019 9942 10018
f 10019 9943 9942
f 10020 9944 9943
f 10020 9943 10019
f 10021 9945 9944
f 10021 9944 10020
f 10022 9946 9945
f 10022 9945 10021
f 10023 9947 9946
f 10023 9946 10022
f 10024 9948 9947
f 10024 9947 10023
f 10025 9949 9948
f 10025 9948 10024
f 10026 9950 9949
f 10026 9949 10025
f 10027 9951 9950
f 10027 9950 10026
f 10028 9952 9951
f 10028 9951 10027
f 10029 9953 9952
f 10029 9952 10028
f 10030 9954 9953
f 10030 9953 10029
f 10031 9955 9954
f 10031 9954 10030
f 10032 9956 9955
f 10032 9955 10031
f 10033 9956 10032
f 10034 9957 9956
f 10034 9956 10033
f 10035 9957 10034
f 10035 9958 9957
f 9974 9958 10035
f 9974 9959 9958
f 9975 9959 9974
f 9975 9960 9959
f 9976 9960 9975
f 9976 9961 9960
f 9977 9961 9976
f 9977 9962 9961
f 9978 9962 9977
f 9978 9963 9962
f 9979 9963 9978
f 9979 9964 9963
f 9980 9964 9979
f 9980 9965 9964
f 9981 9965 9980
f 9981 9966 9965
f 9982 9966 9981
f 9982 9967 9966
f 9983 9967 9982
f 9983 9968 9967
f 9984 9968 9983
f 9984 9969 9968
f 9985 9969 9984
f 9985 9970 9969
f 9986 9970 9985
f 9986 9971 9970
f 9987 9971 9986
f 9987 9972 9971
f 9973 9972 9987
f 10147 10119 10120
f 10147 10120 10121
f 10147 10121 10122
f 10147 10122 10123
f 10147 10123 10124
f 10125 10147 10124
f 10126 10147 10125
f 10127 10147 10126
f 10128 10147 10127
f 10129 10147 10128
f 10130 10147 10129
f 10131 10147 10130
f 10132 10147 10131
f 10133 10147 10132
f 10148 10134 10135
f 10148 10135 10136
f 10148 10136 10137
f 10148 10137 10138
f 10148 10138 10139
f 10148 10139 10140
f 10148 10140 10141
f 10148 10141 10142
f 10148 10142 10143
f 10148 10143 10144
f 10148 10144 10145
f 10148 10145 10146
f 10147 10134 10148
f 10147 10133 10134
f 10152 10151 10149
f 10153 10152 10149
f 10154 10153 10149
f 10155 10154 10149
f 10156 10155 10149
f 10157 10156 10149
f 10158 10157 10149
f 10159 10158 10149
f 10160 10159 10149
f 10161 10160 10149
f 10162 10161 10149
f 10163 10162 10149
f 10164 10163 10149
f 10165 10164 10149
f 10166 10165 10149
f 10150 10169 10168
f 10150 10170 10169
f 10150 10171 10170
f 10150 10172 10171
f 10150 10173 10172
f 10150 10174 10173
f 10150 10175 10174
f 10150 10176 10175
f 10177 10176 10150
f 10178 10177 10150
f 10179 10178 10150
f 10180 10179 10150
f 10181 10180 10150
f 10150 10168 10149
f 10168 10167 10149
f 10167 10166 10149
f 10206 10208 10207
f 10206 10209 10208
f 10205 10209 10206
f 10204 10210 10209
f 10204 10209 10205
f 10203 10211 10210
f 10203 10210 10204
f 10202 10212 10211
f 10202 10211 10203
f 10201 10212 10202
f 10200 10213 10212
f 10200 10212 10201
f 10199 10214 10213
f 10199 10213 10200
f 10198 10215 10214
f 10198 10214 10199
f 10197 10215 10198
f 10196 10216 10215
f 10196 10215 10197
f 10195 10217 10216
f 10195 10216 10196
f 10194 10218 10217
f 10194 10217 10195
f 10193 10219 10218
f 10193 10218 10194
f 10192 10219 10193
f 10191 10220 10219
f 10191 10219 10192
f 10190 10221 10220
f 10190 10220 10191
f 10189 10222 10221
f 10189 10221 10190
f 10188 10222 10189
f 10187 10223 10222
f 10187 10222 10188
f 10186 10223 10187
f 10186 10224 10223
f 10185 10224 10186
f 10185 10225 10224
f 10184 10225 10185
f 10184 10226 10225
f 10183 10226 10184
f 10182 10226 10183
f 10182 10227 10226
f 10464 10227 10182
f 10464 10228 10227
f 10465 10228 10464
f 10465 10229 10228
f 10466 10229 10465
f 10466 10230 10229
f 10467 10230 10466
f 10467 10231 10230
f 10468 10231 10467
f 10468 10232 10231
f 10469 10232 10468
f 10469 10233 10232
f 10470 10233 10469
f 10470 10234 10233
f 10471 10234 10470
f 10471 10235 10234
f 10472 10236 10235
f 10472 10235 10471
f 10473 10237 10236
f 10473 10236 10472
f 10474 10238 10237
f 10474 10237 10473
f 10475 10239 10238
f 10475 10238 10474
f 10476 10240 10239
f 10476 10239 10475
f 10477 10241 10240
f 10477 10240 10476
f 10478 10242 10241
f 10478 10241 10477
f 10479 10243 10242
f 10479 10242 10478
f 10480 10244 10243
f 10480 10243 10479
f 10481 10245 10244
f 10481 10244 10480
f 10482 10246 10245
f 10482 10245 10481
f 10483 10247 10246
f 10483 10246 10482
f 10484 10248 10247
f 10484 10247 10483
f 10485 10248 10484
f 10485 10249 10248
f 10486 10249 10485
f 10486 10250 10249
f 10487 10250 10486
f 10487 10251 10250
f 10488 10251 10487
f 10488 10252 10251
f 10489 10252 10488
f 10489 10253 10252
f 10490 10253 10489
f 10490 10254 10253
f 10491 10254 10490
f 10491 10255 10254
f 10492 10255 10491
f 10492 10256 10255
f 10493 10256 10492
f 10493 10257 10256
f 10494 10257 10493
f 10494 10258 10257
f 10495 10258 10494
f 10495 10259 10258
f 10496 10259 10495
f 10496 10260 10259
f 10497 10260 10496
f 10497 10261 10260
f 10498 10261 10497
f 10498 10262 10261
f 10499 10262 10498
f 10499 10263 10262
f 10500 10263 10499
f 10500 10264 10263
f 10501 10264 10500
f 10501 10265 10264
f 10502 10265 10501
f 10502 10266 10265
f 10503 10266 10502
f 10503 10267 10266
f 10504 10267 10503
f 10504 10268 10267
f 10505 10268 10504
f 10505 10269 10268
f 10506 10270 10269
f 10506 10269 10505
f 10507 10271 10270
f 10507 10270 10506
f 10508 10271 10507
f 10509 10272 10271
f 10509 10271 10508
f 10510 10272 10509
f 10510 10273 10272
f 10434 10273 10510
f 10434 10274 10273
f 10435 10274 10434
f 10435 10275 10274
f 10436 10275 10435
f 10436 10276 10275
f 10437 10276 10436
f 10437 10277 10276
f 10438 10277 10437
f 10438 10278 10277
f 10439 10278 10438
f 10439 10279 10278
f 10440 10279 10439
f 10440 10280 10279
f 10441 10280 10440
f 10441 10281 10280
f 10442 10281 10441
f 10442 10282 10281
f 10443 10283 10282
f 10443 10282 10442
f 10444 10284 10283
f 10444 10283 10443
f 10445 10285 10284
f 10445 10284 10444
f 10446 10286 10285
f 10446 10285 10445
f 10447 10287 10286
f 10447 10286 10446
f 10448 10288 10287
f 10448 10287 10447
f 10449 10289 10288
f 10449 10288 10448
f 10450 10290 10289
f 10450 10289 10449
f 10451 10291 10290
f 10451 10290 10450
f 10452 10292 10291
f 10452 10291 10451
f 10453 10293 10292
f 10453 10292 10452
f 10454 10294 10293
f 10454 10293 10453
f 10455 10295 10294
f 10455 10294 10454
f 10456 10296 10295
f 10456 10295 10455
f 10457 10297 10296
f 10457 10296 10456
f 10458 10298 10297
f 10458 10297 10457
f 10459 10298 10458
f 10459 10299 10298
f 10460 10299 10459
f 10460 10300 10299
f 10461 10300 10460
f 10461 10301 10300
f 10462 10301 10461
f 10462 10302 10301
f 10463 10302 10462
f 10463 10303 10302
f 10433 10304 10303
f 10433 10303 10463
f 10379 10305 10304
f 10379 10304 10433
f 10379 10433 10378
f 10380 10305 10379
f 10380 10306 10305
f 10381 10307 10306
f 10381 10306 10380
f 10382 10308 10307
f 10382 10307 10381
f 10383 10309 10308
f 10383 10308 10382
f 10384 10310 10309
f 10384 10309 10383
f 10385 10311 10310
f 10385 10310 10384
f 10386 10312 10311
f 10386 10311 10385
f 10387 10313 10312
f 10387 10312 10386
f 10388 10314 10313
f 10388 10313 10387
f 10389 10315 10314
f 10389 10314 10388
f 10390 10316 10315
f 10390 10315 10389
f 10391 10317 10316
f 10391 10316 10390
f 10392 10318 10317
f 10392 10317 10391
f 10393 10319 10318
f 10393 10318 10392
f 10394 10320 10319
f 10394 10319 10393
f 10395 10321 10320
f 10395 10320 10394
f 10396 10322 10321
f 10396 10321 10395
f 10397 10322 10396
f 10397 10323 10322
f 10398 10323 10397
f 10398 10324 10323
f 10399 10324 10398
f 10399 10325 10324
f 10400 10325 10399
f 10400 10326 10325
f 10401 10326 10400
f 10401 10327 10326
f 10402 10327 10401
f 10402 10328 10327
f 10403 10328 10402
f 10403 10329 10328
f 10404 10329 10403
f 10404 10330 10329
f 10405 10330 10404
f 10405 10331 10330
f 10406 10331 10405
f 10406 10332 10331
f 10407 10332 10406
f 10407 10333 10332
f 10408 10333 10407
f 10408 10334 10333
f 10409 10334 10408
f 10409 10335 10334
f 10410 10336 10335
f 10410 10335 10409
f 10411 10337 10336
f 10411 10336 10410
f 10412 10338 10337
f 10412 10337 10411
f 10413 10339 10338
f 10413 10338 10412
f 10414 10340 10339
f 10414 10339 10413
f 10415 10341 10340
f 10415 10340 10414
f 10416 10342 10341
f 10416 10341 10415
f 10417 10343 10342
f 10417 10342 10416
f 10418 10344 10343
f 10418 10343 10417
f 10419 10345 10344
f 10419 10344 10418
f 10420 10346 10345
f 10420 10345 10419
f 10421 10347 10346
f 10421 10346 10420
f 10422 10347 10421
f 10422 10348 10347
f 10423 10348 10422
f 10423 10349 10348
f 10424 10349 10423
f 10424 10350 10349
f 10425 10350 10424
f 10425 10351 10350
f 10426 10351 10425
f 10426 10352 10351
f 10427 10352 10426
f 10427 10353 10352
f 10428 10353 10427
f 10428 10354 10353
f 10429 10354 10428
f 10429 10355 10354
f 10430 10355 10429
f 10430 10356 10355
f 10431 10356 10430
f 10431 10357 10356
f 10432 10357 10431
f 10432 10358 10357
f 10376 10358 10432
f 10376 10359 10358
f 10377 10376 10432
f 10375 10359 10376
f 10374 10359 10375
f 10374 10360 10359
f 10373 10360 10374
f 10373 10361 10360
f 10372 10361 10373
f 10372 10362 10361
f 10371 10362 10372
f 10371 10363 10362
f 10370 10363 10371
f 10370 10364 10363
f 10369 10364 10370
f 10369 10365 10364
f 10368 10365 10369
f 10368 10366 10365
f 10367 10366 10368
f 10537 10511 10512
f 10537 10512 10513
f 10537 10513 10514
f 10537 10514 10515
f 10537 10515 10516
f 10537 10516 10517
f 10537 10517 10518
f 10519 10537 10518
f 10520 10537 10519
f 10521 10537 10520
f 10522 10537 10521
f 10523 10537 10522
f 10524 10537 10523
f 10525 10537 10524
f 10526 10537 10525
f 10527 10537 10526
f 10528 10537 10527
f 10538 10530 10531
f 10538 10531 10532
f 10538 10532 10533
f 10538 10533 10534
f 10538 10534 10535
f 10538 10535 10536
f 10538 10536 10540
f 10538 10540 10541
f 10538 10541 10542
f 10538 10542 10543
f 10538 10543 10544
f 10538 10544 10545
f 10538 10545 10546
f 10538 10546 10547
f 10538 10547 10539
f 10537 10530 10538
f 10537 10529 10530
f 10537 10528 10529
f 10551 10550 10548
f 10552 10551 10548
f 10553 10552 10548
f 10554 10553 10548
f 10555 10554 10548
f 10556 10555 10548
f 10557 10556 10548
f 10558 10557 10548
f 10559 10558 10548
f 10560 10559 10548
f 10561 10560 10548
f 10562 10561 10548
f 10563 10562 10548
f 10564 10563 10548
f 10565 10564 10548
f 10549 10568 10567
f 10549 10569 10568
f 10549 10570 10569
f 10549 10571 10570
f 10549 10572 10571
f 10549 10573 10572
f 10549 10574 10573
f 10549 10575 10574
f 10576 10575 10549
f 10577 10576 10549
f 10578 10577 10549
f 10579 10578 10549
f 10580 10579 10549
f 10549 10567 10548
f 10567 10566 10548
f 10566 10565 10548
f 10582 10614 10581
f 10582 10615 10614
f 10583 10616 10615
f 10583 10615 10582
f 10584 10617 10616
f 10584 10616 10583
f 10585 10618 10617
f 10585 10617 10584
f 10586 10619 10618
f 10586 10618 10585
f 10587 10620 10619
f 10587 10619 10586
f 10588 10621 10620
f 10588 10620 10587
f 10589 10622 10621
f 10589 10621 10588
f 10590 10623 10622
f 10590 10622 10589
f 10591 10624 10623
f 10591 10623 10590
f 10592 10625 10624
f 10592 10624 10591
f 10593 10626 10625
f 10593 10625 10592
f 10594 10627 10626
f 10594 10626 10593
f 10595 10628 10627
f 10595 10627 10594
f 10596 10629 10628
f 10596 10628 10595
f 10597 10630 10629
f 10597 10629 10596
f 10598 10631 10630
f 10598 10630 10597
f 10599 10632 10631
f 10599 10631 10598
f 10600 10633 10632
f 10600 10632 10599
f 10601 10633 10600
f 10601 10634 10633
f 10602 10634 10601
f 10602 10635 10634
f 10603 10635 10602
f 10603 10636 10635
f 10604 10636 10603
f 10604 10637 10636
f 10605 10637 10604
f 10605 10638 10637
f 10606 10638 10605
f 10606 10639 10638
f 10607 10639 10606
f 10607 10640 10639
f 10608 10640 10607
f 10608 10641 10640
f 10609 10641 10608
f 10609 10642 10641
f 10610 10642 10609
f 10610 10643 10642
f 10611 10643 10610
f 10611 10644 10643
f 10612 10644 10611
f 10612 10645 10644
f 10903 10645 10612
f 10903 10646 10645
f 10613 10903 10612
f 10902 10646 10903
f 10902 10647 10646
f 10901 10647 10902
f 10901 10648 10647
f 10900 10648 10901
f 10900 10649 10648
f 10899 10650 10649
f 10899 10649 10900
f 10898 10651 10650
f 10898 10650 10899
f 10897 10652 10651
f 10897 10651 10898
f 10896 10653 10652
f 10896 10652 10897
f 10895 10654 10653
f 10895 10653 10896
f 10894 10655 10654
f 10894 10654 10895
f 10893 10656 10655
f 10893 10655 10894
f 10892 10657 10656
f 10892 10656 10893
f 10891 10658 10657
f 10891 10657 10892
f 10890 10658 10891
f 10890 10659 10658
f 10889 10659 10890
f 10889 10660 10659
f 10888 10660 10889
f 10888 10661 10660
f 10887 10661 10888
f 10887 10662 10661
f 10886 10662 10887
f 10886 10663 10662
f 10885 10663 10886
f 10885 10664 10663
f 10884 10664 10885
f 10884 10665 10664
f 10883 10665 10884
f 10883 10666 10665
f 10882 10666 10883
f 10882 10667 10666
f 10881 10667 10882
f 10881 10668 10667
f 10880 10668 10881
f 10880 10669 10668
f 10879 10669 10880
f 10879 10670 10669
f 10878 10670 10879
f 10878 10671 10670
f 10877 10671 10878
f 10877 10672 10671
f 10829 10672 10877
f 10829 10673 10672
f 10830 10673 10829
f 10830 10674 10673
f 10831 10674 10830
f 10831 10675 10674
f 10832 10675 10831
f 10832 10676 10675
f 10833 10676 10832
f 10833 10677 10676
f 10834 10677 10833
f 10834 10678 10677
f 10835 10678 10834
f 10835 10679 10678
f 10836 10679 10835
f 10836 10680 10679
f 10837 10680 10836
f 10837 10681 10680
f 10838 10682 10681
f 10838 10681 10837
f 10839 10682 10838
f 10840 10683 10682
f 10840 10682 10839
f 10841 10684 10683
f 10841 10683 10840
f 10842 10685 10684
f 10842 10684 10841
f 10843 10686 10685
f 10843 10685 10842
f 10844 10687 10686
f 10844 10686 10843
f 10845 10688 10687
f 10845 10687 10844
f 10846 10689 10688
f 10846 10688 10845
f 10847 10690 10689
f 10847 10689 10846
f 10848 10691 10690
f 10848 10690 10847
f 10849 10692 10691
f 10849 10691 10848
f 10850 10693 10692
f 10850 10692 10849
f 10851 10694 10693
f 10851 10693 10850
f 10852 10695 10694
f 10852 10694 10851
f 10853 10696 10695
f 10853 10695 10852
f 10854 10697 10696
f 10854 10696 10853
f 10855 10698 10697
f 10855 10697 10854
f 10856 10699 10698
f 10856 10698 10855
f 10857 10700 10699
f 10857 10699 10856
f 10858 10701 10700
f 10858 10700 10857
f 10859 10702 10701
f 10859 10701 10858
f 10860 10703 10702
f 10860 10702 10859
f 10861 10704 10703
f 10861 10703 10860
f 10862 10705 10704
f 10862 10704 10861
f 10863 10706 10705
f 10863 10705 10862
f 10864 10707 10706
f 10864 10706 10863
f 10865 10707 10864
f 10865 10708 10707
f 10866 10708 10865
f 10866 10709 10708
f 10867 10709 10866
f 10867 10710 10709
f 10868 10710 10867
f 10868 10711 10710
f 10869 10711 10868
f 10869 10712 10711
f 10870 10712 10869
f 10870 10713 10712
f 10871 10713 10870
f 10871 10714 10713
f 10872 10714 10871
f 10872 10715 10714
f 10873 10716 10715
f 10873 10715 10872
f 10874 10717 10716
f 10874 10716 10873
f 10875 10718 10717
f 10875 10717 10874
f 10876 10719 10718
f 10876 10718 10875
f 10799 10720 10719
f 10799 10719 10876
f 10800 10721 10720
f 10800 10720 10799
f 10801 10722 10721
f 10801 10721 10800
f 10802 10723 10722
f 10802 10722 10801
f 10803 10724 10723
f 10803 10723 10802
f 10804 10725 10724
f 10804 10724 10803
f 10805 10726 10725
f 10805 10725 10804
f 10806 10727 10726
f 10806 10726 10805
f 10807 10728 10727
f 10807 10727 10806
f 10808 10729 10728
f 10808 10728 10807
f 10809 10730 10729
f 10809 10729 10808
f 10810 10731 10730
f 10810 10730 10809
f 10811 10732 10731
f 10811 10731 10810
f 10812 10732 10811
f 10812 10733 10732
f 10813 10733 10812
f 10813 10734 10733
f 10814 10734 10813
f 10814 10735 10734
f 10815 10735 10814
f 10815 10736 10735
f 10816 10736 10815
f 10816 10737 10736
f 10817 10737 10816
f 10817 10738 10737
f 10818 10738 10817
f 10818 10739 10738
f 10819 10739 10818
f 10819 10740 10739
f 10820 10740 10819
f 10820 10741 10740
f 10821 10741 10820
f 10821 10742 10741
f 10822 10742 10821
f 10822 10743 10742
f 10823 10743 10822
f 10823 10744 10743
f 10824 10744 10823
f 10824 10745 10744
f 10825 10745 10824
f 10825 10746 10745
f 10826 10746 10825
f 10826 10747 10746
f 10827 10747 10826
f 10827 10748 10747
f 10828 10748 10827
f 10798 10749 10748
f 10798 10748 10828
f 10775 10798 10774
f 10775 10750 10749
f 10775 10749 10798
f 10776 10751 10750
f 10776 10750 10775
f 10777 10752 10751
f 10777 10751 10776
f 10778 10753 10752
f 10778 10752 10777
f 10779 10754 10753
f 10779 10753 10778
f 10780 10755 10754
f 10780 10754 10779
f 10781 10756 10755
f 10781 10755 10780
f 10782 10757 10756
f 10782 10756 10781
f 10783 10757 10782
f 10783 10758 10757
f 10784 10758 10783
f 10784 10759 10758
f 10785 10759 10784
f 10785 10760 10759
f 10786 10760 10785
f 10786 10761 10760
f 10787 10761 10786
f 10787 10762 10761
f 10788 10762 10787
f 10788 10763 10762
f 10789 10763 10788
f 10789 10764 10763
f 10790 10764 10789
f 10790 10765 10764
f 10791 10765 10790
f 10791 10766 10765
f 10792 10766 10791
f 10792 10767 10766
f 10793 10767 10792
f 10793 10768 10767
f 10794 10768 10793
f 10794 10769 10768
f 10795 10769 10794
f 10795 10770 10769
f 10796 10770 10795
f 10796 10771 10770
f 10797 10771 10796
f 10797 10772 10771
f 10773 10772 10797
f 10932 10904 10905
f 10932 10905 10906
f 10932 10906 10907
f 10932 10907 10908
f 10932 10908 10909
f 10910 10932 10909
f 10911 10932 10910
f 10912 10932 10911
f 10913 10932 10912
f 10914 10932 10913
f 10915 10932 10914
f 10916 10932 10915
f 10917 10932 10916
f 10918 10932 10917
f 10933 10919 10920
f 10933 10920 10921
f 10933 10921 10922
f 10933 10922 10923
f 10933 10923 10924
f 10933 10924 10925
f 10933 10925 10926
f 10933 10926 10927
f 10933 10927 10928
f 10933 10928 10929
f 10933 10929 10930
f 10933 10930 10931
f 10932 10919 10933
f 10932 10918 10919
f 10966 10968 10967
f 10966 10969 10968
f 10963 10965 10964
f 10963 10966 10965
f 10960 10962 10961
f 10951 10953 10952
f 10951 10954 10953
f 10951 10955 10954
f 10951 10956 10955
f 10951 10957 10956
f 10949 10951 10950
f 10946 10948 10947
f 10946 10949 10948
f 10946 10951 10949
f 10945 10951 10946
f 10943 10945 10944
f 10942 10945 10943
f 10941 10945 10942
f 10936 10935 10934
f 10936 10934 10989
f 10940 10945 10941
f 10939 10945 10940
f 10938 10969 10966
f 10938 10937 10936
f 10938 10966 10963
f 10938 10958 10957
f 10938 10959 10958
f 10938 10960 10959
f 10938 10963 10962
f 10938 10936 10989
f 10938 10970 10969
f 10938 10971 10970
f 10938 10972 10971
f 10938 10973 10972
f 10938 10974 10973
f 10938 10975 10974
f 10938 10976 10975
f 10938 10977 10976
f 10938 10951 10945
f 10938 10978 10977
f 10938 10979 10978
f 10938 10980 10979
f 10938 10981 10980
f 10938 10982 10981
f 10938 10983 10982
f 10938 10984 10983
f 10938 10985 10984
f 10938 10986 10985
f 10938 10987 10986
f 10938 10988 10987
f 10938 10989 10988
f 10938 10945 10939
f 10938 10957 10951
f 10938 10962 10960
f 11040 11039 11038
f 10990 11034 11033
f 10990 11035 11034
f 10990 11036 11035
f 10990 11037 11036
f 10990 11038 11037
f 10990 11041 11040
f 10990 11042 11041
f 10990 11043 11042
f 10990 11044 11043
f 10990 11045 11044
f 10990 11040 11038
f 11011 11013 11012
f 11005 11007 11006
f 11005 11008 11007
f 11005 11009 11008
f 11005 11010 11009
f 11003 11005 11004
f 10999 11001 11000
f 10999 11002 11001
f 10999 11003 11002
f 10997 10999 10998
f 10995 10997 10996
f 10994 10997 10995
f 10993 10997 10994
f 10991 10990 11033
f 10991 10993 10992
f 10991 11003 10999
f 10991 11011 11010
f 10991 11014 11013
f 10991 11015 11014
f 10991 11016 11015
f 10991 11017 11016
f 10991 11013 11011
f 10991 11018 11017
f 10991 11019 11018
f 10991 11020 11019
f 10991 11021 11020
f 10991 11010 11005
f 10991 11022 11021
f 10991 11023 11022
f 10991 11024 11023
f 10991 11025 11024
f 10991 11026 11025
f 10991 11027 11026
f 10991 11028 11027
f 10991 11029 11028
f 10991 11030 11029
f 10991 11031 11030
f 10991 11032 11031
f 10991 10999 10997
f 10991 11033 11032
f 10991 11005 11003
f 10991 10997 10993
f 11055 11053 11052
f 11055 11054 11053
f 11060 11057 11056
f 11060 11058 11057
f 11060 11059 11058
f 11061 11060 11056
f 11066 11065 11064
f 11068 11067 11066
f 11069 11068 11066
f 11072 11071 11070
f 11076 11072 11070
f 11076 11069 11066
f 11076 11063 11062
f 11076 11064 11063
f 11076 11070 11069
f 11076 11073 11072
f 11076 11074 11073
f 11076 11075 11074
f 11076 11066 11064
f 11077 11062 11061
f 11077 11076 11062
f 11080 11078 11077
f 11080 11079 11078
f 11098 11100 11099
f 11098 11101 11100
f 11098 11102 11101
f 11083 11082 11081
f 11096 11102 11098
f 11096 11098 11097
f 11084 11083 11081
f 11085 11084 11081
f 11085 11081 11080
f 11094 11096 11095
f 11087 11085 11080
f 11087 11086 11085
f 11092 11094 11093
f 11092 11096 11094
f 11090 11047 11046
f 11090 11048 11047
f 11090 11049 11048
f 11090 11050 11049
f 11090 11051 11050
f 11090 11077 11061
f 11090 11052 11051
f 11090 11056 11055
f 11090 11080 11077
f 11090 11088 11087
f 11090 11089 11088
f 11090 11092 11091
f 11090 11102 11096
f 11090 11046 11102
f 11090 11096 11092
f 11090 11055 11052
f 11090 11061 11056
f 11090 11087 11080
f 11104 11106 11105
f 11104 11107 11106
f 11104 11108 11107
f 11123 11122 11121
f 11128 11127 11126
f 11131 11129 11128
f 11131 11130 11129
f 11133 11132 11131
f 11134 11133 11131
f 11137 11135 11134
f 11137 11136 11135
f 11140 11137 11134
f 11140 11138 11137
f 11140 11139 11138
f 11143 11141 11140
f 11143 11142 11141
f 11144 11143 11140
f 11146 11145 11144
f 11147 11144 11140
f 11147 11146 11144
f 11151 11148 11147
f 11151 11149 11148
f 11151 11150 11149
f 11153 11152 11151
f 11154 11153 11151
f 11157 11154 11151
f 11157 11155 11154
f 11157 11156 11155
f 11103 11109 11108
f 11103 11110 11109
f 11103 11111 11110
f 11103 11112 11111
f 11103 11113 11112
f 11103 11114 11113
f 11103 11115 11114
f 11103 11116 11115
f 11103 11117 11116
f 11103 11118 11117
f 11103 11119 11118
f 11103 11134 11131
f 11103 11120 11119
f 11103 11121 11120
f 11103 11124 11123
f 11103 11125 11124
f 11103 11126 11125
f 11103 11140 11134
f 11103 11151 11147
f 11103 11147 11140
f 11103 11157 11151
f 11103 11158 11157
f 11103 11108 11104
f 11103 11128 11126
f 11103 11123 11121
f 11103 11131 11128
f 11255 11256 11257
f 11269 11267 11268
f 11270 11267 11269
f 11273 11271 11272
f 11234 11235 11236
f 11282 11280 11281
f 11231 11232 11233
f 11285 11283 11284
f 11286 11283 11285
f 11287 11282 11283
f 11287 11283 11286
f 11228 11229 11230
f 11228 11230 11231
f 11226 11227 11228
f 11290 11288 11289
f 11292 11290 11291
f 11292 11288 11290
f 11223 11226 11228
f 11223 11224 11225
f 11223 11225 11226
f 11293 11287 11288
f 11293 11288 11292
f 11295 11293 11294
f 11220 11221 11222
f 11220 11222 11223
f 11298 11295 11296
f 11298 11296 11297
f 11298 11293 11295
f 11216 11217 11218
f 11300 11293 11298
f 11300 11298 11299
f 11214 11216 11218
f 11214 11215 11216
f 11214 11218 11219
f 11302 11293 11300
f 11302 11300 11301
f 11212 11213 11214
f 11304 11302 11303
f 11305 11302 11304
f 11305 11293 11302
f 11307 11305 11306
f 11208 11209 11210
f 11208 11210 11211
f 11308 11305 11307
f 11207 11214 11219
f 11207 11208 11211
f 11207 11211 11212
f 11207 11219 11220
f 11207 11212 11214
f 11311 11305 11308
f 11311 11308 11309
f 11311 11309 11310
f 11312 11305 11311
f 11203 11204 11205
f 11203 11205 11206
f 11314 11312 11313
f 11315 11312 11314
f 11316 11312 11315
f 11199 11200 11201
f 11199 11201 11202
f 11199 11202 11203
f 11159 11312 11316
f 11160 11271 11273
f 11160 11270 11271
f 11160 11273 11274
f 11160 11274 11275
f 11160 11275 11276
f 11160 11276 11277
f 11160 11277 11278
f 11160 11278 11279
f 11160 11279 11280
f 11160 11280 11282
f 11160 11282 11287
f 11160 11287 11293
f 11160 11312 11159
f 11160 11293 11305
f 11160 11305 11312
f 11196 11197 11198
f 11195 11196 11198
f 11163 11161 11162
f 11194 11195 11198
f 11164 11160 11161
f 11164 11161 11163
f 11192 11193 11194
f 11166 11164 11165
f 11191 11192 11194
f 11190 11191 11194
f 11189 11190 11194
f 11169 11166 11167
f 11169 11167 11168
f 11187 11188 11189
f 11186 11187 11189
f 11172 11169 11170
f 11172 11170 11171
f 11172 11166 11169
f 11172 11164 11166
f 11184 11186 11189
f 11184 11185 11186
f 11183 11184 11189
f 11183 11198 11199
f 11183 11189 11194
f 11183 11194 11198
f 11175 11172 11173
f 11175 11173 11174
f 11176 11172 11175
f 11181 11182 11183
f 11177 11172 11176
f 11179 11259 11260
f 11179 11260 11261
f 11179 11267 11270
f 11179 11261 11262
f 11179 11262 11263
f 11179 11263 11264
f 11179 11264 11265
f 11179 11265 11266
f 11179 11266 11267
f 11179 11160 11164
f 11179 11183 11199
f 11179 11177 11178
f 11179 11180 11181
f 11179 11220 11223
f 11179 11223 11228
f 11179 11203 11206
f 11179 11164 11172
f 11179 11181 11183
f 11179 11231 11233
f 11179 11172 11177
f 11179 11206 11207
f 11179 11234 11236
f 11179 11228 11231
f 11179 11255 11257
f 11179 11233 11234
f 11179 11236 11237
f 11179 11237 11238
f 11179 11238 11239
f 11179 11239 11240
f 11179 11240 11241
f 11179 11241 11242
f 11179 11199 11203
f 11179 11270 11160
f 11179 11242 11243
f 11179 11243 11244
f 11179 11244 11245
f 11179 11245 11246
f 11179 11246 11247
f 11179 11247 11248
f 11179 11248 11249
f 11179 11249 11250
f 11179 11250 11251
f 11179 11207 11220
f 11179 11251 11252
f 11179 11252 11253
f 11179 11253 11254
f 11179 11254 11255
f 11179 11257 11258
f 11179 11258 11259
f 11413 11414 11415
f 11423 11421 11422
f 11407 11408 11409
f 11425 11423 11424
f 11404 11405 11406
f 11432 11430 11431
f 11392 11393 11394
f 11390 11391 11392
f 11443 11441 11442
f 11446 11444 11445
f 11447 11444 11446
f 11447 11440 11441
f 11447 11443 11444
f 11447 11441 11443
f 11449 11447 11448
f 11450 11447 11449
f 11381 11382 11383
f 11380 11381 11383
f 11380 11383 11384
f 11452 11450 11451
f 11452 11447 11450
f 11379 11380 11384
f 11454 11452 11453
f 11455 11452 11454
f 11376 11377 11378
f 11376 11378 11379
f 11456 11452 11455
f 11458 11456 11457
f 11373 11376 11379
f 11373 11374 11375
f 11373 11375 11376
f 11460 11456 11458
f 11460 11458 11459
f 11370 11371 11372
f 11462 11456 11460
f 11462 11460 11461
f 11369 11370 11372
f 11464 11456 11462
f 11464 11462 11463
f 11367 11368 11369
f 11365 11369 11372
f 11365 11367 11369
f 11365 11366 11367
f 11365 11372 11373
f 11467 11465 11466
f 11468 11465 11467
f 11469 11465 11468
f 11469 11464 11465
f 11362 11363 11364
f 11471 11469 11470
f 11472 11469 11471
f 11359 11362 11364
f 11359 11360 11361
f 11359 11361 11362
f 11474 11469 11472
f 11474 11472 11473
f 11318 11456 11464
f 11318 11464 11469
f 11318 11474 11317
f 11318 11469 11474
f 11353 11354 11355
f 11353 11355 11356
f 11352 11356 11357
f 11352 11357 11358
f 11352 11358 11359
f 11352 11353 11356
f 11322 11320 11321
f 11323 11318 11319
f 11323 11319 11320
f 11323 11320 11322
f 11349 11350 11351
f 11325 11323 11324
f 11326 11323 11325
f 11347 11348 11349
f 11345 11349 11351
f 11345 11347 11349
f 11345 11346 11347
f 11329 11323 11326
f 11329 11326 11327
f 11329 11327 11328
f 11343 11344 11345
f 11342 11352 11359
f 11342 11351 11352
f 11342 11345 11351
f 11342 11364 11365
f 11342 11343 11345
f 11342 11359 11364
f 11332 11329 11330
f 11332 11330 11331
f 11334 11329 11332
f 11334 11332 11333
f 11334 11323 11329
f 11339 11340 11341
f 11339 11341 11342
f 11338 11339 11342
f 11337 11417 11418
f 11337 11418 11419
f 11337 11419 11420
f 11337 11420 11421
f 11337 11404 11406
f 11337 11452 11456
f 11337 11425 11426
f 11337 11426 11427
f 11337 11427 11428
f 11337 11342 11365
f 11337 11428 11429
f 11337 11373 11379
f 11337 11429 11430
f 11337 11432 11433
f 11337 11433 11434
f 11337 11434 11435
f 11337 11334 11335
f 11337 11435 11436
f 11337 11430 11432
f 11337 11335 11336
f 11337 11436 11437
f 11337 11437 11438
f 11337 11392 11394
f 11337 11323 11334
f 11337 11438 11439
f 11337 11390 11392
f 11337 11439 11440
f 11337 11440 11447
f 11337 11365 11373
f 11337 11318 11323
f 11337 11338 11342
f 11337 11384 11385
f 11337 11379 11384
f 11337 11385 11386
f 11337 11386 11387
f 11337 11387 11388
f 11337 11413 11415
f 11337 11388 11389
f 11337 11389 11390
f 11337 11394 11395
f 11337 11456 11318
f 11337 11395 11396
f 11337 11396 11397
f 11337 11397 11398
f 11337 11398 11399
f 11337 11399 11400
f 11337 11400 11401
f 11337 11401 11402
f 11337 11447 11452
f 11337 11421 11423
f 11337 11402 11403
f 11337 11403 11404
f 11337 11406 11407
f 11337 11409 11410
f 11337 11407 11409
f 11337 11410 11411
f 11337 11423 11425
f 11337 11411 11412
f 11337 11412 11413
f 11337 11415 11416
f 11337 11416 11417
f 11578 11576 11577
f 11569 11570 11571
f 11582 11580 11581
f 11562 11563 11564
f 11589 11587 11588
f 11596 11594 11595
f 11598 11596 11597
f 11599 11596 11598
f 11547 11548 11549
f 11546 11547 11549
f 11602 11599 11600
f 11602 11600 11601
f 11544 11546 11549
f 11544 11545 11546
f 11604 11602 11603
f 11605 11602 11604
f 11607 11605 11606
f 11607 11602 11605
f 11608 11602 11607
f 11539 11540 11541
f 11539 11541 11542
f 11539 11542 11543
f 11609 11602 11608
f 11610 11602 11609
f 11537 11538 11539
f 11534 11539 11543
f 11534 11535 11536
f 11534 11536 11537
f 11534 11537 11539
f 11534 11543 11544
f 11614 11611 11612
f 11614 11612 11613
f 11533 11534 11544
f 11615 11611 11614
f 11615 11610 11611
f 11531 11532 11533
f 11618 11616 11617
f 11529 11531 11533
f 11529 11530 11531
f 11619 11610 11615
f 11619 11616 11618
f 11619 11615 11616
f 11527 11528 11529
f 11621 11619 11620
f 11622 11619 11621
f 11524 11525 11526
f 11524 11526 11527
f 11524 11527 11529
f 11523 11524 11529
f 11626 11622 11623
f 11626 11623 11624
f 11626 11624 11625
f 11521 11522 11523
f 11628 11622 11626
f 11628 11626 11627
f 11519 11520 11521
f 11519 11521 11523
f 11630 11628 11629
f 11517 11518 11519
f 11631 11628 11630
f 11632 11628 11631
f 11475 11628 11632
f 11514 11515 11516
f 11476 11628 11475
f 11512 11513 11514
f 11478 11476 11477
f 11479 11476 11478
f 11479 11628 11476
f 11510 11511 11512
f 11510 11516 11517
f 11510 11512 11514
f 11510 11514 11516
f 11480 11628 11479
f 11482 11480 11481
f 11507 11508 11509
f 11507 11509 11510
f 11483 11480 11482
f 11506 11507 11510
f 11503 11504 11505
f 11503 11505 11506
f 11487 11484 11485
f 11487 11485 11486
f 11489 11483 11484
f 11489 11487 11488
f 11489 11484 11487
f 11500 11501 11502
f 11500 11502 11503
f 11500 11503 11506
f 11490 11483 11489
f 11490 11480 11483
f 11491 11480 11490
f 11498 11499 11500
f 11494 11491 11492
f 11494 11492 11493
f 11495 11575 11576
f 11495 11578 11579
f 11495 11579 11580
f 11495 11582 11583
f 11495 11491 11494
f 11495 11583 11584
f 11495 11587 11589
f 11495 11584 11585
f 11495 11585 11586
f 11495 11586 11587
f 11495 11610 11619
f 11495 11594 11596
f 11495 11589 11590
f 11495 11590 11591
f 11495 11622 11628
f 11495 11591 11592
f 11495 11592 11593
f 11495 11596 11599
f 11495 11593 11594
f 11495 11496 11497
f 11495 11497 11498
f 11495 11498 11500
f 11495 11506 11510
f 11495 11599 11602
f 11495 11602 11610
f 11495 11500 11506
f 11495 11523 11529
f 11495 11580 11582
f 11495 11544 11549
f 11495 11576 11578
f 11495 11519 11523
f 11495 11549 11550
f 11495 11550 11551
f 11495 11517 11519
f 11495 11551 11552
f 11495 11552 11553
f 11495 11553 11554
f 11495 11569 11571
f 11495 11554 11555
f 11495 11555 11556
f 11495 11556 11557
f 11495 11557 11558
f 11495 11562 11564
f 11495 11558 11559
f 11495 11559 11560
f 11495 11560 11561
f 11495 11510 11517
f 11495 11561 11562
f 11495 11529 11533
f 11495 11564 11565
f 11495 11565 11566
f 11495 11566 11567
f 11495 11567 11568
f 11495 11568 11569
f 11495 11480 11491
f 11495 11571 11572
f 11495 11572 11573
f 11495 11533 11544
f 11495 11628 11480
f 11495 11573 11574
f 11495 11619 11622
f 11495 11574 11575
f 11729 11730 11731
f 11736 11733 11734
f 11736 11734 11735
f 11738 11736 11737
f 11741 11739 11740
f 11744 11742 11743
f 11757 11754 11755
f 11757 11755 11756
f 11706 11707 11708
f 11705 11706 11708
f 11761 11757 11758
f 11761 11758 11759
f 11761 11759 11760
f 11701 11702 11703
f 11701 11703 11704
f 11764 11761 11762
f 11764 11762 11763
f 11699 11701 11704
f 11699 11700 11701
f 11766 11764 11765
f 11697 11698 11699
f 11768 11766 11767
f 11694 11695 11696
f 11694 11696 11697
f 11770 11768 11769
f 11770 11766 11768
f 11693 11694 11697
f 11692 11693 11697
f 11773 11770 11771
f 11773 11771 11772
f 11773 11766 11770
f 11690 11692 11697
f 11690 11691 11692
f 11775 11766 11773
f 11775 11773 11774
f 11776 11764 11766
f 11776 11766 11775
f 11687 11688 11689
f 11777 11764 11776
f 11686 11687 11689
f 11779 11777 11778
f 11781 11779 11780
f 11682 11683 11684
f 11782 11777 11779
f 11782 11779 11781
f 11681 11682 11684
f 11680 11681 11684
f 11784 11782 11783
f 11784 11777 11782
f 11786 11777 11784
f 11786 11784 11785
f 11677 11678 11679
f 11788 11777 11786
f 11788 11786 11787
f 11675 11676 11677
f 11790 11788 11789
f 11635 11633 11634
f 11635 11790 11633
f 11670 11671 11672
f 11669 11672 11673
f 11669 11673 11674
f 11669 11670 11672
f 11637 11635 11636
f 11637 11790 11635
f 11667 11668 11669
f 11639 11637 11638
f 11666 11667 11669
f 11666 11669 11674
f 11666 11674 11675
f 11641 11639 11640
f 11641 11637 11639
f 11664 11665 11666
f 11642 11637 11641
f 11663 11664 11666
f 11661 11662 11663
f 11645 11642 11643
f 11645 11643 11644
f 11647 11645 11646
f 11647 11637 11642
f 11647 11642 11645
f 11658 11661 11663
f 11658 11659 11660
f 11658 11660 11661
f 11656 11657 11658
f 11656 11658 11663
f 11650 11648 11649
f 11655 11656 11663
f 11655 11666 11675
f 11655 11680 11684
f 11655 11663 11666
f 11655 11679 11680
f 11655 11684 11685
f 11655 11677 11679
f 11655 11685 11686
f 11655 11675 11677
f 11652 11647 11648
f 11652 11650 11651
f 11652 11648 11650
f 11653 11655 11686
f 11653 11738 11739
f 11653 11699 11704
f 11653 11790 11637
f 11653 11705 11708
f 11653 11741 11742
f 11653 11744 11745
f 11653 11745 11746
f 11653 11746 11747
f 11653 11747 11748
f 11653 11748 11749
f 11653 11686 11689
f 11653 11749 11750
f 11653 11750 11751
f 11653 11751 11752
f 11653 11752 11753
f 11653 11753 11754
f 11653 11654 11655
f 11653 11764 11777
f 11653 11754 11757
f 11653 11637 11647
f 11653 11689 11690
f 11653 11757 11761
f 11653 11647 11652
f 11653 11733 11736
f 11653 11736 11738
f 11653 11777 11788
f 11653 11729 11731
f 11653 11704 11705
f 11653 11788 11790
f 11653 11708 11709
f 11653 11761 11764
f 11653 11709 11710
f 11653 11739 11741
f 11653 11710 11711
f 11653 11711 11712
f 11653 11712 11713
f 11653 11713 11714
f 11653 11714 11715
f 11653 11742 11744
f 11653 11715 11716
f 11653 11716 11717
f 11653 11717 11718
f 11653 11718 11719
f 11653 11719 11720
f 11653 11720 11721
f 11653 11721 11722
f 11653 11722 11723
f 11653 11723 11724
f 11653 11724 11725
f 11653 11725 11726
f 11653 11726 11727
f 11653 11690 11697
f 11653 11727 11728
f 11653 11728 11729
f 11653 11697 11699
f 11653 11731 11732
f 11653 11732 11733
