# Assembly coordinates in millimetres, Z-up.
mtllib Flexure_Fasteners.mtl
o Flexure_Fasteners
v 12.2551299 11.4551299 11.5000000 0.44 0.48 0.52
v 12.2544974 11.4233246 11.5000000 0.44 0.48 0.52
v 12.2526009 11.3915697 11.5000000 0.44 0.48 0.52
v 12.2494435 11.3599153 11.5000000 0.44 0.48 0.52
v 12.2450301 11.3284114 11.5000000 0.44 0.48 0.52
v 12.2393677 11.2971079 11.5000000 0.44 0.48 0.52
v 12.2324653 11.2660543 11.5000000 0.44 0.48 0.52
v 12.2243338 11.2352996 11.5000000 0.44 0.48 0.52
v 12.2149860 11.2048926 11.5000000 0.44 0.48 0.52
v 12.2044367 11.1748812 11.5000000 0.44 0.48 0.52
v 12.1927025 11.1453129 11.5000000 0.44 0.48 0.52
v 12.1798022 11.1162345 11.5000000 0.44 0.48 0.52
v 12.1657559 11.0876920 11.5000000 0.44 0.48 0.52
v 12.1505861 11.0597305 11.5000000 0.44 0.48 0.52
v 12.1343165 11.0323942 11.5000000 0.44 0.48 0.52
v 12.1169731 11.0057263 11.5000000 0.44 0.48 0.52
v 12.0985831 10.9797690 11.5000000 0.44 0.48 0.52
v 12.0791757 10.9545634 11.5000000 0.44 0.48 0.52
v 12.0587816 10.9301493 11.5000000 0.44 0.48 0.52
v 12.0374329 10.9065652 11.5000000 0.44 0.48 0.52
v 12.0151635 10.8838486 11.5000000 0.44 0.48 0.52
v 11.9920086 10.8620352 11.5000000 0.44 0.48 0.52
v 11.9680048 10.8411597 11.5000000 0.44 0.48 0.52
v 11.9431900 10.8212550 11.5000000 0.44 0.48 0.52
v 11.9176035 10.8023526 11.5000000 0.44 0.48 0.52
v 11.8912857 10.7844823 11.5000000 0.44 0.48 0.52
v 11.8642782 10.7676725 11.5000000 0.44 0.48 0.52
v 11.8366239 10.7519497 11.5000000 0.44 0.48 0.52
v 11.8083663 10.7373388 11.5000000 0.44 0.48 0.52
v 11.7795501 10.7238628 11.5000000 0.44 0.48 0.52
v 11.7502210 10.7115431 11.5000000 0.44 0.48 0.52
v 11.7204253 10.7003992 11.5000000 0.44 0.48 0.52
v 11.6902101 10.6904487 11.5000000 0.44 0.48 0.52
v 11.6596232 10.6817073 11.5000000 0.44 0.48 0.52
v 11.6287129 10.6741888 11.5000000 0.44 0.48 0.52
v 11.5975282 10.6679052 11.5000000 0.44 0.48 0.52
v 11.5661183 10.6628663 11.5000000 0.44 0.48 0.52
v 11.5345329 10.6590801 11.5000000 0.44 0.48 0.52
v 11.5028220 10.6565527 11.5000000 0.44 0.48 0.52
v 11.4710356 10.6552880 11.5000000 0.44 0.48 0.52
v 11.4392241 10.6552880 11.5000000 0.44 0.48 0.52
v 11.4074378 10.6565527 11.5000000 0.44 0.48 0.52
v 11.3757268 10.6590801 11.5000000 0.44 0.48 0.52
v 11.3441414 10.6628663 11.5000000 0.44 0.48 0.52
v 11.3127315 10.6679052 11.5000000 0.44 0.48 0.52
v 11.2815468 10.6741888 11.5000000 0.44 0.48 0.52
v 11.2506365 10.6817073 11.5000000 0.44 0.48 0.52
v 11.2200496 10.6904487 11.5000000 0.44 0.48 0.52
v 11.1898344 10.7003992 11.5000000 0.44 0.48 0.52
v 11.1600387 10.7115431 11.5000000 0.44 0.48 0.52
v 11.1307096 10.7238628 11.5000000 0.44 0.48 0.52
v 11.1018935 10.7373388 11.5000000 0.44 0.48 0.52
v 11.0736359 10.7519497 11.5000000 0.44 0.48 0.52
v 11.0459815 10.7676725 11.5000000 0.44 0.48 0.52
v 11.0189740 10.7844823 11.5000000 0.44 0.48 0.52
v 10.9926563 10.8023526 11.5000000 0.44 0.48 0.52
v 10.9670697 10.8212550 11.5000000 0.44 0.48 0.52
v 10.9422549 10.8411597 11.5000000 0.44 0.48 0.52
v 10.9182511 10.8620352 11.5000000 0.44 0.48 0.52
v 10.8950962 10.8838486 11.5000000 0.44 0.48 0.52
v 10.8728268 10.9065652 11.5000000 0.44 0.48 0.52
v 10.8514782 10.9301493 11.5000000 0.44 0.48 0.52
v 10.8310840 10.9545634 11.5000000 0.44 0.48 0.52
v 10.8116766 10.9797690 11.5000000 0.44 0.48 0.52
v 10.7932866 11.0057263 11.5000000 0.44 0.48 0.52
v 10.7759432 11.0323942 11.5000000 0.44 0.48 0.52
v 10.7596736 11.0597305 11.5000000 0.44 0.48 0.52
v 10.7445038 11.0876920 11.5000000 0.44 0.48 0.52
v 10.7304575 11.1162345 11.5000000 0.44 0.48 0.52
v 10.7175572 11.1453129 11.5000000 0.44 0.48 0.52
v 10.7058231 11.1748812 11.5000000 0.44 0.48 0.52
v 10.6952737 11.2048926 11.5000000 0.44 0.48 0.52
v 10.6859259 11.2352996 11.5000000 0.44 0.48 0.52
v 10.6777944 11.2660543 11.5000000 0.44 0.48 0.52
v 10.6708920 11.2971079 11.5000000 0.44 0.48 0.52
v 10.6652296 11.3284114 11.5000000 0.44 0.48 0.52
v 10.6608162 11.3599153 11.5000000 0.44 0.48 0.52
v 10.6576588 11.3915697 11.5000000 0.44 0.48 0.52
v 10.6557623 11.4233246 11.5000000 0.44 0.48 0.52
v 10.6551299 11.4551299 11.5000000 0.44 0.48 0.52
v 10.6557623 11.4869351 11.5000000 0.44 0.48 0.52
v 10.6576588 11.5186900 11.5000000 0.44 0.48 0.52
v 10.6608162 11.5503444 11.5000000 0.44 0.48 0.52
v 10.6652296 11.5818483 11.5000000 0.44 0.48 0.52
v 10.6708920 11.6131518 11.5000000 0.44 0.48 0.52
v 10.6777944 11.6442054 11.5000000 0.44 0.48 0.52
v 10.6859259 11.6749601 11.5000000 0.44 0.48 0.52
v 10.6952737 11.7053671 11.5000000 0.44 0.48 0.52
v 10.7058231 11.7353785 11.5000000 0.44 0.48 0.52
v 10.7175572 11.7649468 11.5000000 0.44 0.48 0.52
v 10.7304575 11.7940252 11.5000000 0.44 0.48 0.52
v 10.7445038 11.8225677 11.5000000 0.44 0.48 0.52
v 10.7596736 11.8505292 11.5000000 0.44 0.48 0.52
v 10.7759432 11.8778655 11.5000000 0.44 0.48 0.52
v 10.7932866 11.9045334 11.5000000 0.44 0.48 0.52
v 10.8116766 11.9304907 11.5000000 0.44 0.48 0.52
v 10.8310840 11.9556963 11.5000000 0.44 0.48 0.52
v 10.8514782 11.9801105 11.5000000 0.44 0.48 0.52
v 10.8728268 12.0036945 11.5000000 0.44 0.48 0.52
v 10.8950962 12.0264111 11.5000000 0.44 0.48 0.52
v 10.9182511 12.0482245 11.5000000 0.44 0.48 0.52
v 10.9422549 12.0691000 11.5000000 0.44 0.48 0.52
v 10.9670697 12.0890047 11.5000000 0.44 0.48 0.52
v 10.9926563 12.1079071 11.5000000 0.44 0.48 0.52
v 11.0189740 12.1257774 11.5000000 0.44 0.48 0.52
v 11.0459815 12.1425872 11.5000000 0.44 0.48 0.52
v 11.0736359 12.1583100 11.5000000 0.44 0.48 0.52
v 11.1018935 12.1729209 11.5000000 0.44 0.48 0.52
v 11.1307096 12.1863969 11.5000000 0.44 0.48 0.52
v 11.1600387 12.1987166 11.5000000 0.44 0.48 0.52
v 11.1898344 12.2098605 11.5000000 0.44 0.48 0.52
v 11.2200496 12.2198110 11.5000000 0.44 0.48 0.52
v 11.2506365 12.2285524 11.5000000 0.44 0.48 0.52
v 11.2815468 12.2360709 11.5000000 0.44 0.48 0.52
v 11.3127315 12.2423545 11.5000000 0.44 0.48 0.52
v 11.3441414 12.2473934 11.5000000 0.44 0.48 0.52
v 11.3757268 12.2511796 11.5000000 0.44 0.48 0.52
v 11.4074378 12.2537070 11.5000000 0.44 0.48 0.52
v 11.4392241 12.2549717 11.5000000 0.44 0.48 0.52
v 11.4710356 12.2549717 11.5000000 0.44 0.48 0.52
v 11.5028220 12.2537070 11.5000000 0.44 0.48 0.52
v 11.5345329 12.2511796 11.5000000 0.44 0.48 0.52
v 11.5661183 12.2473934 11.5000000 0.44 0.48 0.52
v 11.5975282 12.2423545 11.5000000 0.44 0.48 0.52
v 11.6287129 12.2360709 11.5000000 0.44 0.48 0.52
v 11.6596232 12.2285524 11.5000000 0.44 0.48 0.52
v 11.6902101 12.2198110 11.5000000 0.44 0.48 0.52
v 11.7204253 12.2098605 11.5000000 0.44 0.48 0.52
v 11.7502210 12.1987166 11.5000000 0.44 0.48 0.52
v 11.7795501 12.1863969 11.5000000 0.44 0.48 0.52
v 11.8083663 12.1729209 11.5000000 0.44 0.48 0.52
v 11.8366239 12.1583100 11.5000000 0.44 0.48 0.52
v 11.8642782 12.1425872 11.5000000 0.44 0.48 0.52
v 11.8912857 12.1257774 11.5000000 0.44 0.48 0.52
v 11.9176035 12.1079071 11.5000000 0.44 0.48 0.52
v 11.9431900 12.0890047 11.5000000 0.44 0.48 0.52
v 11.9680048 12.0691000 11.5000000 0.44 0.48 0.52
v 11.9920086 12.0482245 11.5000000 0.44 0.48 0.52
v 12.0151635 12.0264111 11.5000000 0.44 0.48 0.52
v 12.0374329 12.0036945 11.5000000 0.44 0.48 0.52
v 12.0587816 11.9801105 11.5000000 0.44 0.48 0.52
v 12.0791757 11.9556963 11.5000000 0.44 0.48 0.52
v 12.0985831 11.9304907 11.5000000 0.44 0.48 0.52
v 12.1169731 11.9045334 11.5000000 0.44 0.48 0.52
v 12.1343165 11.8778655 11.5000000 0.44 0.48 0.52
v 12.1505861 11.8505292 11.5000000 0.44 0.48 0.52
v 12.1657559 11.8225677 11.5000000 0.44 0.48 0.52
v 12.1798022 11.7940252 11.5000000 0.44 0.48 0.52
v 12.1927025 11.7649468 11.5000000 0.44 0.48 0.52
v 12.2044367 11.7353785 11.5000000 0.44 0.48 0.52
v 12.2149860 11.7053671 11.5000000 0.44 0.48 0.52
v 12.2243338 11.6749601 11.5000000 0.44 0.48 0.52
v 12.2324653 11.6442054 11.5000000 0.44 0.48 0.52
v 12.2393677 11.6131518 11.5000000 0.44 0.48 0.52
v 12.2450301 11.5818483 11.5000000 0.44 0.48 0.52
v 12.2494435 11.5503444 11.5000000 0.44 0.48 0.52
v 12.2526009 11.5186900 11.5000000 0.44 0.48 0.52
v 12.2544974 11.4869351 11.5000000 0.44 0.48 0.52
v 12.2551299 11.4551299 11.5000000 0.44 0.48 0.52
v 12.8551299 11.4551299 12.1000000 0.44 0.48 0.52
v 12.7351299 11.4551299 11.9800000 0.44 0.48 0.52
v 12.6151299 11.4551299 11.8600000 0.44 0.48 0.52
v 12.4951299 11.4551299 11.7400000 0.44 0.48 0.52
v 12.3751299 11.4551299 11.6200000 0.44 0.48 0.52
v 12.8540230 11.3994707 12.1000000 0.44 0.48 0.52
v 12.8507042 11.3438996 12.1000000 0.44 0.48 0.52
v 12.8451788 11.2885044 12.1000000 0.44 0.48 0.52
v 12.8374553 11.2333726 12.1000000 0.44 0.48 0.52
v 12.8275462 11.1785915 12.1000000 0.44 0.48 0.52
v 12.8154669 11.1242476 12.1000000 0.44 0.48 0.52
v 12.8012367 11.0704270 12.1000000 0.44 0.48 0.52
v 12.7848780 11.0172146 12.1000000 0.44 0.48 0.52
v 12.7664168 10.9646947 12.1000000 0.44 0.48 0.52
v 12.7458821 10.9129502 12.1000000 0.44 0.48 0.52
v 12.7233064 10.8620631 12.1000000 0.44 0.48 0.52
v 12.6987255 10.8121137 12.1000000 0.44 0.48 0.52
v 12.6721782 10.7631810 12.1000000 0.44 0.48 0.52
v 12.6437066 10.7153424 12.1000000 0.44 0.48 0.52
v 12.6133555 10.6686737 12.1000000 0.44 0.48 0.52
v 12.5811730 10.6232484 12.1000000 0.44 0.48 0.52
v 12.5472101 10.5791385 12.1000000 0.44 0.48 0.52
v 12.5115203 10.5364138 12.1000000 0.44 0.48 0.52
v 12.4741602 10.4951417 12.1000000 0.44 0.48 0.52
v 12.4351888 10.4553876 12.1000000 0.44 0.48 0.52
v 12.3946677 10.4172143 12.1000000 0.44 0.48 0.52
v 12.3526609 10.3806821 12.1000000 0.44 0.48 0.52
v 12.3092351 10.3458489 12.1000000 0.44 0.48 0.52
v 12.2644587 10.3127696 12.1000000 0.44 0.48 0.52
v 12.2184025 10.2814967 12.1000000 0.44 0.48 0.52
v 12.1711395 10.2520795 12.1000000 0.44 0.48 0.52
v 12.1227444 10.2245646 12.1000000 0.44 0.48 0.52
v 12.0732936 10.1989955 12.1000000 0.44 0.48 0.52
v 12.0228653 10.1754125 12.1000000 0.44 0.48 0.52
v 11.9715393 10.1538531 12.1000000 0.44 0.48 0.52
v 11.9193968 10.1343512 12.1000000 0.44 0.48 0.52
v 11.8665202 10.1169378 12.1000000 0.44 0.48 0.52
v 11.8129931 10.1016403 12.1000000 0.44 0.48 0.52
v 11.7589002 10.0884830 12.1000000 0.44 0.48 0.52
v 11.7043269 10.0774866 12.1000000 0.44 0.48 0.52
v 11.6493596 10.0686686 12.1000000 0.44 0.48 0.52
v 11.5940852 10.0620428 12.1000000 0.44 0.48 0.52
v 11.5385910 10.0576198 12.1000000 0.44 0.48 0.52
v 11.4829649 10.0554066 12.1000000 0.44 0.48 0.52
v 11.4272948 10.0554066 12.1000000 0.44 0.48 0.52
v 11.3716687 10.0576198 12.1000000 0.44 0.48 0.52
v 11.3161745 10.0620428 12.1000000 0.44 0.48 0.52
v 11.2609001 10.0686686 12.1000000 0.44 0.48 0.52
v 11.2059328 10.0774866 12.1000000 0.44 0.48 0.52
v 11.1513595 10.0884830 12.1000000 0.44 0.48 0.52
v 11.0972666 10.1016403 12.1000000 0.44 0.48 0.52
v 11.0437395 10.1169378 12.1000000 0.44 0.48 0.52
v 10.9908629 10.1343512 12.1000000 0.44 0.48 0.52
v 10.9387204 10.1538531 12.1000000 0.44 0.48 0.52
v 10.8873944 10.1754125 12.1000000 0.44 0.48 0.52
v 10.8369662 10.1989955 12.1000000 0.44 0.48 0.52
v 10.7875154 10.2245646 12.1000000 0.44 0.48 0.52
v 10.7391202 10.2520795 12.1000000 0.44 0.48 0.52
v 10.6918572 10.2814967 12.1000000 0.44 0.48 0.52
v 10.6458011 10.3127696 12.1000000 0.44 0.48 0.52
v 10.6010247 10.3458489 12.1000000 0.44 0.48 0.52
v 10.5575988 10.3806821 12.1000000 0.44 0.48 0.52
v 10.5155921 10.4172143 12.1000000 0.44 0.48 0.52
v 10.4750710 10.4553876 12.1000000 0.44 0.48 0.52
v 10.4360995 10.4951417 12.1000000 0.44 0.48 0.52
v 10.3987394 10.5364138 12.1000000 0.44 0.48 0.52
v 10.3630496 10.5791385 12.1000000 0.44 0.48 0.52
v 10.3290867 10.6232484 12.1000000 0.44 0.48 0.52
v 10.2969042 10.6686737 12.1000000 0.44 0.48 0.52
v 10.2665531 10.7153424 12.1000000 0.44 0.48 0.52
v 10.2380815 10.7631810 12.1000000 0.44 0.48 0.52
v 10.2115342 10.8121137 12.1000000 0.44 0.48 0.52
v 10.1869533 10.8620631 12.1000000 0.44 0.48 0.52
v 10.1643777 10.9129502 12.1000000 0.44 0.48 0.52
v 10.1438430 10.9646947 12.1000000 0.44 0.48 0.52
v 10.1253817 11.0172146 12.1000000 0.44 0.48 0.52
v 10.1090230 11.0704270 12.1000000 0.44 0.48 0.52
v 10.0947928 11.1242476 12.1000000 0.44 0.48 0.52
v 10.0827135 11.1785915 12.1000000 0.44 0.48 0.52
v 10.0728044 11.2333726 12.1000000 0.44 0.48 0.52
v 10.0650810 11.2885044 12.1000000 0.44 0.48 0.52
v 10.0595555 11.3438996 12.1000000 0.44 0.48 0.52
v 10.0562367 11.3994707 12.1000000 0.44 0.48 0.52
v 10.0551299 11.4551299 12.1000000 0.44 0.48 0.52
v 10.0562367 11.5107890 12.1000000 0.44 0.48 0.52
v 10.0595555 11.5663601 12.1000000 0.44 0.48 0.52
v 10.0650810 11.6217553 12.1000000 0.44 0.48 0.52
v 10.0728044 11.6768871 12.1000000 0.44 0.48 0.52
v 10.0827135 11.7316682 12.1000000 0.44 0.48 0.52
v 10.0947928 11.7860121 12.1000000 0.44 0.48 0.52
v 10.1090230 11.8398327 12.1000000 0.44 0.48 0.52
v 10.1253817 11.8930451 12.1000000 0.44 0.48 0.52
v 10.1438430 11.9455650 12.1000000 0.44 0.48 0.52
v 10.1643777 11.9973095 12.1000000 0.44 0.48 0.52
v 10.1869533 12.0481967 12.1000000 0.44 0.48 0.52
v 10.2115342 12.0981461 12.1000000 0.44 0.48 0.52
v 10.2380815 12.1470787 12.1000000 0.44 0.48 0.52
v 10.2665531 12.1949173 12.1000000 0.44 0.48 0.52
v 10.2969042 12.2415861 12.1000000 0.44 0.48 0.52
v 10.3290867 12.2870113 12.1000000 0.44 0.48 0.52
v 10.3630496 12.3311212 12.1000000 0.44 0.48 0.52
v 10.3987394 12.3738459 12.1000000 0.44 0.48 0.52
v 10.4360995 12.4151180 12.1000000 0.44 0.48 0.52
v 10.4750710 12.4548721 12.1000000 0.44 0.48 0.52
v 10.5155921 12.4930454 12.1000000 0.44 0.48 0.52
v 10.5575988 12.5295776 12.1000000 0.44 0.48 0.52
v 10.6010247 12.5644108 12.1000000 0.44 0.48 0.52
v 10.6458011 12.5974901 12.1000000 0.44 0.48 0.52
v 10.6918572 12.6287630 12.1000000 0.44 0.48 0.52
v 10.7391202 12.6581802 12.1000000 0.44 0.48 0.52
v 10.7875154 12.6856951 12.1000000 0.44 0.48 0.52
v 10.8369662 12.7112643 12.1000000 0.44 0.48 0.52
v 10.8873944 12.7348472 12.1000000 0.44 0.48 0.52
v 10.9387204 12.7564066 12.1000000 0.44 0.48 0.52
v 10.9908629 12.7759085 12.1000000 0.44 0.48 0.52
v 11.0437395 12.7933219 12.1000000 0.44 0.48 0.52
v 11.0972666 12.8086194 12.1000000 0.44 0.48 0.52
v 11.1513595 12.8217767 12.1000000 0.44 0.48 0.52
v 11.2059328 12.8327731 12.1000000 0.44 0.48 0.52
v 11.2609001 12.8415911 12.1000000 0.44 0.48 0.52
v 11.3161745 12.8482169 12.1000000 0.44 0.48 0.52
v 11.3716687 12.8526399 12.1000000 0.44 0.48 0.52
v 11.4272948 12.8548531 12.1000000 0.44 0.48 0.52
v 11.4829649 12.8548531 12.1000000 0.44 0.48 0.52
v 11.5385910 12.8526399 12.1000000 0.44 0.48 0.52
v 11.5940852 12.8482169 12.1000000 0.44 0.48 0.52
v 11.6493596 12.8415911 12.1000000 0.44 0.48 0.52
v 11.7043269 12.8327731 12.1000000 0.44 0.48 0.52
v 11.7589002 12.8217767 12.1000000 0.44 0.48 0.52
v 11.8129931 12.8086194 12.1000000 0.44 0.48 0.52
v 11.8665202 12.7933219 12.1000000 0.44 0.48 0.52
v 11.9193968 12.7759085 12.1000000 0.44 0.48 0.52
v 11.9715393 12.7564066 12.1000000 0.44 0.48 0.52
v 12.0228653 12.7348472 12.1000000 0.44 0.48 0.52
v 12.0732936 12.7112643 12.1000000 0.44 0.48 0.52
v 12.1227444 12.6856951 12.1000000 0.44 0.48 0.52
v 12.1711395 12.6581802 12.1000000 0.44 0.48 0.52
v 12.2184025 12.6287630 12.1000000 0.44 0.48 0.52
v 12.2644587 12.5974901 12.1000000 0.44 0.48 0.52
v 12.3092351 12.5644108 12.1000000 0.44 0.48 0.52
v 12.3526609 12.5295776 12.1000000 0.44 0.48 0.52
v 12.3946677 12.4930454 12.1000000 0.44 0.48 0.52
v 12.4351888 12.4548721 12.1000000 0.44 0.48 0.52
v 12.4741602 12.4151180 12.1000000 0.44 0.48 0.52
v 12.5115203 12.3738459 12.1000000 0.44 0.48 0.52
v 12.5472101 12.3311212 12.1000000 0.44 0.48 0.52
v 12.5811730 12.2870113 12.1000000 0.44 0.48 0.52
v 12.6133555 12.2415861 12.1000000 0.44 0.48 0.52
v 12.6437066 12.1949173 12.1000000 0.44 0.48 0.52
v 12.6721782 12.1470787 12.1000000 0.44 0.48 0.52
v 12.6987255 12.0981461 12.1000000 0.44 0.48 0.52
v 12.7233064 12.0481967 12.1000000 0.44 0.48 0.52
v 12.7458821 11.9973095 12.1000000 0.44 0.48 0.52
v 12.7664168 11.9455650 12.1000000 0.44 0.48 0.52
v 12.7848780 11.8930451 12.1000000 0.44 0.48 0.52
v 12.8012367 11.8398327 12.1000000 0.44 0.48 0.52
v 12.8154669 11.7860121 12.1000000 0.44 0.48 0.52
v 12.8275462 11.7316682 12.1000000 0.44 0.48 0.52
v 12.8374553 11.6768871 12.1000000 0.44 0.48 0.52
v 12.8451788 11.6217553 12.1000000 0.44 0.48 0.52
v 12.8507042 11.5663601 12.1000000 0.44 0.48 0.52
v 12.8540230 11.5107890 12.1000000 0.44 0.48 0.52
v 12.8551299 11.4551299 12.1000000 0.44 0.48 0.52
v 12.7351299 11.4551299 11.9800000 0.44 0.48 0.52
v 12.6151299 11.4551299 11.8600000 0.44 0.48 0.52
v 12.4951299 11.4551299 11.7400000 0.44 0.48 0.52
v 12.3751299 11.4551299 11.6200000 0.44 0.48 0.52
v 12.7310836 11.3534336 11.9800000 0.44 0.48 0.52
v 12.7189703 11.2523804 11.9800000 0.44 0.48 0.52
v 12.6114629 11.3629677 11.8600000 0.44 0.48 0.52
v 12.6988666 11.1526090 11.9800000 0.44 0.48 0.52
v 12.6004853 11.2713881 11.8600000 0.44 0.48 0.52
v 12.6708996 11.0547502 11.9800000 0.44 0.48 0.52
v 12.4918422 11.3725017 11.7400000 0.44 0.48 0.52
v 12.5822663 11.1809703 11.8600000 0.44 0.48 0.52
v 12.6352461 10.9594228 11.9800000 0.44 0.48 0.52
v 12.4820002 11.2903959 11.7400000 0.44 0.48 0.52
v 12.5569212 11.0922858 11.8600000 0.44 0.48 0.52
v 12.5921316 10.8672293 11.9800000 0.44 0.48 0.52
v 12.3722216 11.3820357 11.6200000 0.44 0.48 0.52
v 12.4656660 11.2093316 11.7400000 0.44 0.48 0.52
v 12.5246102 11.0058953 11.8600000 0.44 0.48 0.52
v 12.5418286 10.7787528 11.9800000 0.44 0.48 0.52
v 12.3635152 11.3094037 11.6200000 0.44 0.48 0.52
v 12.4429428 11.1298214 11.7400000 0.44 0.48 0.52
v 12.4855377 10.9223450 11.8600000 0.44 0.48 0.52
v 12.4846551 10.6945525 11.9800000 0.44 0.48 0.52
v 12.3490656 11.2376930 11.6200000 0.44 0.48 0.52
v 12.4139743 11.0523678 11.7400000 0.44 0.48 0.52
v 12.4399506 10.8421631 11.8600000 0.44 0.48 0.52
v 12.4209726 10.6151609 11.9800000 0.44 0.48 0.52
v 12.3289644 11.1673570 11.6200000 0.44 0.48 0.52
v 12.3789438 10.9774607 11.7400000 0.44 0.48 0.52
v 12.3881371 10.7658567 11.8600000 0.44 0.48 0.52
v 12.3511837 10.5410798 11.9800000 0.44 0.48 0.52
v 12.3033384 11.0988404 11.6200000 0.44 0.48 0.52
v 12.3380726 10.9055735 11.7400000 0.44 0.48 0.52
v 12.3304248 10.6939080 11.8600000 0.44 0.48 0.52
v 12.2757297 10.4727776 11.9800000 0.44 0.48 0.52
v 12.2723499 11.0325763 11.6200000 0.44 0.48 0.52
v 12.2916191 10.8371608 11.7400000 0.44 0.48 0.52
v 12.2671787 10.6267720 11.8600000 0.44 0.48 0.52
v 12.1950876 10.4106862 11.9800000 0.44 0.48 0.52
v 12.2361945 10.9689838 11.6200000 0.44 0.48 0.52
v 12.2398771 10.7726551 11.7400000 0.44 0.48 0.52
v 12.1987985 10.5648732 11.8600000 0.44 0.48 0.52
v 12.1097673 10.3551981 11.9800000 0.44 0.48 0.52
v 12.1951011 10.9084649 11.6200000 0.44 0.48 0.52
v 12.1831736 10.7124642 11.7400000 0.44 0.48 0.52
v 12.1257166 10.5086028 11.8600000 0.44 0.48 0.52
v 12.0203081 10.3066641 11.9800000 0.44 0.48 0.52
v 12.1493293 10.8514022 11.6200000 0.44 0.48 0.52
v 12.1218672 10.6569687 11.7400000 0.44 0.48 0.52
v 12.0483950 10.4583167 11.8600000 0.44 0.48 0.52
v 11.9272757 10.2653911 11.9800000 0.44 0.48 0.52
v 12.0991686 10.7981564 11.6200000 0.44 0.48 0.52
v 12.0563455 10.6065194 11.7400000 0.44 0.48 0.52
v 11.9673226 10.4143328 11.8600000 0.44 0.48 0.52
v 11.8312582 10.2316400 11.9800000 0.44 0.48 0.52
v 12.0449360 10.7490642 11.6200000 0.44 0.48 0.52
v 11.9870228 10.5614353 11.7400000 0.44 0.48 0.52
v 11.8830120 10.3769291 11.8600000 0.44 0.48 0.52
v 11.7328627 10.2056242 11.9800000 0.44 0.48 0.52
v 11.9869745 10.7044360 11.6200000 0.44 0.48 0.52
v 11.9143372 10.5220014 11.7400000 0.44 0.48 0.52
v 11.7959962 10.3463422 11.8600000 0.44 0.48 0.52
v 11.6327113 10.1875081 11.9800000 0.44 0.48 0.52
v 11.9256505 10.6645539 11.6200000 0.44 0.48 0.52
v 11.8387483 10.4884671 11.7400000 0.44 0.48 0.52
v 11.7068253 10.3227653 11.8600000 0.44 0.48 0.52
v 11.5314372 10.1774064 11.9800000 0.44 0.48 0.52
v 11.8613517 10.6296701 11.6200000 0.44 0.48 0.52
v 11.7607341 10.4610443 11.7400000 0.44 0.48 0.52
v 11.6160631 10.3063477 11.8600000 0.44 0.48 0.52
v 11.4296807 10.1753829 11.9800000 0.44 0.48 0.52
v 11.7944847 10.6000051 11.6200000 0.44 0.48 0.52
v 11.6807878 10.4399065 11.7400000 0.44 0.48 0.52
v 11.5242834 10.2971930 11.8600000 0.44 0.48 0.52
v 11.3280850 10.1814503 11.9800000 0.44 0.48 0.52
v 11.7254721 10.5757465 11.6200000 0.44 0.48 0.52
v 11.5994148 10.4251872 11.7400000 0.44 0.48 0.52
v 11.4320665 10.2953592 11.8600000 0.44 0.48 0.52
v 11.2272925 10.1955703 11.9800000 0.44 0.48 0.52
v 11.6547504 10.5570476 11.6200000 0.44 0.48 0.52
v 11.5171296 10.4169796 11.7400000 0.44 0.48 0.52
v 11.3399954 10.3008578 11.8600000 0.44 0.48 0.52
v 11.1279406 10.2176537 11.9800000 0.44 0.48 0.52
v 11.5827665 10.5440267 11.6200000 0.44 0.48 0.52
v 11.4344524 10.4153354 11.7400000 0.44 0.48 0.52
v 11.2486523 10.3136540 11.8600000 0.44 0.48 0.52
v 11.0306572 10.2475608 11.9800000 0.44 0.48 0.52
v 11.5099758 10.5367661 11.6200000 0.44 0.48 0.52
v 11.3519059 10.4202652 11.7400000 0.44 0.48 0.52
v 11.1586146 10.3336671 11.8600000 0.44 0.48 0.52
v 10.9360574 10.2851026 11.9800000 0.44 0.48 0.52
v 11.4368382 10.5353117 11.6200000 0.44 0.48 0.52
v 11.2700120 10.4317378 11.7400000 0.44 0.48 0.52
v 11.0704515 10.3607704 11.8600000 0.44 0.48 0.52
v 10.8447395 10.3300416 11.9800000 0.44 0.48 0.52
v 11.3638164 10.5396727 11.6200000 0.44 0.48 0.52
v 11.1892886 10.4496805 11.7400000 0.44 0.48 0.52
v 10.9847205 10.3947926 11.8600000 0.44 0.48 0.52
v 10.7572805 10.3820938 11.9800000 0.44 0.48 0.52
v 11.2913718 10.5498215 11.6200000 0.44 0.48 0.52
v 11.1102458 10.4739800 11.7400000 0.44 0.48 0.52
v 10.9019636 10.4355186 11.8600000 0.44 0.48 0.52
v 10.6742337 10.4409301 11.9800000 0.44 0.48 0.52
v 11.2199626 10.5656939 11.6200000 0.44 0.48 0.52
v 11.0333835 10.5044827 11.7400000 0.44 0.48 0.52
v 10.8227039 10.4826909 11.8600000 0.44 0.48 0.52
v 10.5961239 10.5061785 11.9800000 0.44 0.48 0.52
v 11.1500401 10.5871896 11.6200000 0.44 0.48 0.52
v 10.9591877 10.5409957 11.7400000 0.44 0.48 0.52
v 10.7474427 10.5360113 11.8600000 0.44 0.48 0.52
v 10.5234450 10.5774264 11.9800000 0.44 0.48 0.52
v 11.0820466 10.6141727 11.6200000 0.44 0.48 0.52
v 10.8881273 10.5832881 11.7400000 0.44 0.48 0.52
v 10.6766557 10.5951427 11.8600000 0.44 0.48 0.52
v 10.4566565 10.6542235 11.9800000 0.44 0.48 0.52
v 11.0164118 10.6464727 11.6200000 0.44 0.48 0.52
v 10.8206517 10.6310926 11.7400000 0.44 0.48 0.52
v 10.6107904 10.6597111 11.8600000 0.44 0.48 0.52
v 10.3961807 10.7360842 11.9800000 0.44 0.48 0.52
v 10.9535507 10.6838852 11.6200000 0.44 0.48 0.52
v 10.7571875 10.6841069 11.7400000 0.44 0.48 0.52
v 10.5502634 10.7293085 11.8600000 0.44 0.48 0.52
v 10.3423999 10.8224909 11.9800000 0.44 0.48 0.52
v 10.8938607 10.7261738 11.6200000 0.44 0.48 0.52
v 10.6981359 10.7419958 11.7400000 0.44 0.48 0.52
v 10.4954572 10.8034947 11.8600000 0.44 0.48 0.52
v 10.2956542 10.9128973 11.9800000 0.44 0.48 0.52
v 10.8377193 10.7730711 11.6200000 0.44 0.48 0.52
v 10.6438703 10.8043935 11.7400000 0.44 0.48 0.52
v 10.4467183 10.8818008 11.8600000 0.44 0.48 0.52
v 10.2562390 11.0067320 11.9800000 0.44 0.48 0.52
v 10.7854813 10.8242805 11.6200000 0.44 0.48 0.52
v 10.5947337 10.8709052 11.7400000 0.44 0.48 0.52
v 10.4043550 10.9637316 11.8600000 0.44 0.48 0.52
v 10.2244036 11.1034015 11.9800000 0.44 0.48 0.52
v 10.7374771 10.8794784 11.6200000 0.44 0.48 0.52
v 10.5510368 10.9411107 11.7400000 0.44 0.48 0.52
v 10.3686350 11.0487693 11.8600000 0.44 0.48 0.52
v 10.2003492 11.2022948 11.9800000 0.44 0.48 0.52
v 10.6940101 10.9383158 11.6200000 0.44 0.48 0.52
v 10.5130558 11.0145659 11.7400000 0.44 0.48 0.52
v 10.3397842 11.1363760 11.8600000 0.44 0.48 0.52
v 10.1842280 11.3027866 11.9800000 0.44 0.48 0.52
v 10.6553552 11.0004206 11.6200000 0.44 0.48 0.52
v 10.4810310 11.0908066 11.7400000 0.44 0.48 0.52
v 10.3179849 11.2259981 11.8600000 0.44 0.48 0.52
v 10.1761418 11.4042415 11.9800000 0.44 0.48 0.52
v 10.6217567 11.0654002 11.6200000 0.44 0.48 0.52
v 10.4551648 11.1693506 11.7400000 0.44 0.48 0.52
v 10.3033750 11.3170688 11.8600000 0.44 0.48 0.52
v 10.1761418 11.5060182 11.9800000 0.44 0.48 0.52
v 10.5934270 11.1328439 11.6200000 0.44 0.48 0.52
v 10.4356206 11.2497014 11.7400000 0.44 0.48 0.52
v 10.2960470 11.4090123 11.8600000 0.44 0.48 0.52
v 10.1842280 11.6074731 11.9800000 0.44 0.48 0.52
v 10.5705453 11.2023251 11.6200000 0.44 0.48 0.52
v 10.4225221 11.3313509 11.7400000 0.44 0.48 0.52
v 10.2960470 11.5012474 11.8600000 0.44 0.48 0.52
v 10.2003492 11.7079649 11.9800000 0.44 0.48 0.52
v 10.5532563 11.2734046 11.6200000 0.44 0.48 0.52
v 10.4159521 11.4137831 11.7400000 0.44 0.48 0.52
v 10.3033750 11.5931910 11.8600000 0.44 0.48 0.52
v 10.2244036 11.8068582 11.9800000 0.44 0.48 0.52
v 10.5416691 11.3456331 11.6200000 0.44 0.48 0.52
v 10.4159521 11.4964766 11.7400000 0.44 0.48 0.52
v 10.3179849 11.6842616 11.8600000 0.44 0.48 0.52
v 10.2562390 11.9035277 11.9800000 0.44 0.48 0.52
v 10.5358572 11.4185539 11.6200000 0.44 0.48 0.52
v 10.4225221 11.5789088 11.7400000 0.44 0.48 0.52
v 10.3397842 11.7738837 11.8600000 0.44 0.48 0.52
v 10.2956542 11.9973624 11.9800000 0.44 0.48 0.52
v 10.5358572 11.4917058 11.6200000 0.44 0.48 0.52
v 10.4356206 11.6605583 11.7400000 0.44 0.48 0.52
v 10.3686350 11.8614904 11.8600000 0.44 0.48 0.52
v 10.3423999 12.0877688 11.9800000 0.44 0.48 0.52
v 10.5416691 11.5646266 11.6200000 0.44 0.48 0.52
v 10.4551648 11.7409091 11.7400000 0.44 0.48 0.52
v 10.4043550 11.9465281 11.8600000 0.44 0.48 0.52
v 10.3961807 12.1741755 11.9800000 0.44 0.48 0.52
v 10.5532563 11.6368551 11.6200000 0.44 0.48 0.52
v 10.4810310 11.8194531 11.7400000 0.44 0.48 0.52
v 10.4467183 12.0284589 11.8600000 0.44 0.48 0.52
v 10.4566565 12.2560362 11.9800000 0.44 0.48 0.52
v 10.5705453 11.7079346 11.6200000 0.44 0.48 0.52
v 10.5130558 11.8956938 11.7400000 0.44 0.48 0.52
v 10.4954572 12.1067650 11.8600000 0.44 0.48 0.52
v 10.5234450 12.3328333 11.9800000 0.44 0.48 0.52
v 10.5934270 11.7774158 11.6200000 0.44 0.48 0.52
v 10.5510368 11.9691490 11.7400000 0.44 0.48 0.52
v 10.5502634 12.1809512 11.8600000 0.44 0.48 0.52
v 10.5961239 12.4040812 11.9800000 0.44 0.48 0.52
v 10.6217567 11.8448595 11.6200000 0.44 0.48 0.52
v 10.5947337 12.0393545 11.7400000 0.44 0.48 0.52
v 10.6107904 12.2505486 11.8600000 0.44 0.48 0.52
v 10.6742337 12.4693296 11.9800000 0.44 0.48 0.52
v 10.6553552 11.9098391 11.6200000 0.44 0.48 0.52
v 10.6438703 12.1058663 11.7400000 0.44 0.48 0.52
v 10.6766557 12.3151170 11.8600000 0.44 0.48 0.52
v 10.7572805 12.5281659 11.9800000 0.44 0.48 0.52
v 10.6940101 11.9719439 11.6200000 0.44 0.48 0.52
v 10.6981359 12.1682639 11.7400000 0.44 0.48 0.52
v 10.7474427 12.3742484 11.8600000 0.44 0.48 0.52
v 10.8447395 12.5802181 11.9800000 0.44 0.48 0.52
v 10.7374771 12.0307813 11.6200000 0.44 0.48 0.52
v 10.7571875 12.2261528 11.7400000 0.44 0.48 0.52
v 10.8227039 12.4275688 11.8600000 0.44 0.48 0.52
v 10.9360574 12.6251571 11.9800000 0.44 0.48 0.52
v 10.7854813 12.0859792 11.6200000 0.44 0.48 0.52
v 10.8206517 12.2791672 11.7400000 0.44 0.48 0.52
v 10.9019636 12.4747411 11.8600000 0.44 0.48 0.52
v 11.0306572 12.6626989 11.9800000 0.44 0.48 0.52
v 10.8377193 12.1371887 11.6200000 0.44 0.48 0.52
v 10.8881273 12.3269716 11.7400000 0.44 0.48 0.52
v 10.9847205 12.5154671 11.8600000 0.44 0.48 0.52
v 11.1279406 12.6926060 11.9800000 0.44 0.48 0.52
v 10.8938607 12.1840859 11.6200000 0.44 0.48 0.52
v 10.9591877 12.3692641 11.7400000 0.44 0.48 0.52
v 11.0704515 12.5494893 11.8600000 0.44 0.48 0.52
v 11.2272925 12.7146894 11.9800000 0.44 0.48 0.52
v 10.9535507 12.2263745 11.6200000 0.44 0.48 0.52
v 11.0333835 12.4057770 11.7400000 0.44 0.48 0.52
v 11.1586146 12.5765926 11.8600000 0.44 0.48 0.52
v 11.3280850 12.7288094 11.9800000 0.44 0.48 0.52
v 11.0164118 12.2637870 11.6200000 0.44 0.48 0.52
v 11.1102458 12.4362797 11.7400000 0.44 0.48 0.52
v 11.2486523 12.5966057 11.8600000 0.44 0.48 0.52
v 11.4296807 12.7348768 11.9800000 0.44 0.48 0.52
v 11.0820466 12.2960870 11.6200000 0.44 0.48 0.52
v 11.1892886 12.4605792 11.7400000 0.44 0.48 0.52
v 11.3399954 12.6094019 11.8600000 0.44 0.48 0.52
v 11.5314372 12.7328533 11.9800000 0.44 0.48 0.52
v 11.1500401 12.3230701 11.6200000 0.44 0.48 0.52
v 11.2700120 12.4785220 11.7400000 0.44 0.48 0.52
v 11.4320665 12.6149006 11.8600000 0.44 0.48 0.52
v 11.6327113 12.7227516 11.9800000 0.44 0.48 0.52
v 11.2199626 12.3445658 11.6200000 0.44 0.48 0.52
v 11.3519059 12.4899945 11.7400000 0.44 0.48 0.52
v 11.5242834 12.6130667 11.8600000 0.44 0.48 0.52
v 11.7328627 12.7046355 11.9800000 0.44 0.48 0.52
v 11.2913718 12.3604383 11.6200000 0.44 0.48 0.52
v 11.4344524 12.4949243 11.7400000 0.44 0.48 0.52
v 11.6160631 12.6039120 11.8600000 0.44 0.48 0.52
v 11.8312582 12.6786197 11.9800000 0.44 0.48 0.52
v 11.3638164 12.3705870 11.6200000 0.44 0.48 0.52
v 11.5171296 12.4932801 11.7400000 0.44 0.48 0.52
v 11.7068253 12.5874944 11.8600000 0.44 0.48 0.52
v 11.9272757 12.6448686 11.9800000 0.44 0.48 0.52
v 11.4368382 12.3749480 11.6200000 0.44 0.48 0.52
v 11.5994148 12.4850725 11.7400000 0.44 0.48 0.52
v 11.7959962 12.5639176 11.8600000 0.44 0.48 0.52
v 12.0203081 12.6035956 11.9800000 0.44 0.48 0.52
v 11.5099758 12.3734936 11.6200000 0.44 0.48 0.52
v 11.6807878 12.4703532 11.7400000 0.44 0.48 0.52
v 11.8830120 12.5333306 11.8600000 0.44 0.48 0.52
v 12.1097673 12.5550616 11.9800000 0.44 0.48 0.52
v 11.5827665 12.3662330 11.6200000 0.44 0.48 0.52
v 11.7607341 12.4492154 11.7400000 0.44 0.48 0.52
v 11.9673226 12.4959269 11.8600000 0.44 0.48 0.52
v 12.1950876 12.4995735 11.9800000 0.44 0.48 0.52
v 11.6547504 12.3532121 11.6200000 0.44 0.48 0.52
v 11.8387483 12.4217926 11.7400000 0.44 0.48 0.52
v 12.0483950 12.4519430 11.8600000 0.44 0.48 0.52
v 12.2757297 12.4374821 11.9800000 0.44 0.48 0.52
v 11.7254721 12.3345132 11.6200000 0.44 0.48 0.52
v 11.9143372 12.3882583 11.7400000 0.44 0.48 0.52
v 12.1257166 12.4016569 11.8600000 0.44 0.48 0.52
v 12.3511837 12.3691799 11.9800000 0.44 0.48 0.52
v 11.7944847 12.3102546 11.6200000 0.44 0.48 0.52
v 11.9870228 12.3488244 11.7400000 0.44 0.48 0.52
v 12.1987985 12.3453866 11.8600000 0.44 0.48 0.52
v 12.4209726 12.2950988 11.9800000 0.44 0.48 0.52
v 11.8613517 12.2805896 11.6200000 0.44 0.48 0.52
v 12.0563455 12.3037403 11.7400000 0.44 0.48 0.52
v 12.2671787 12.2834877 11.8600000 0.44 0.48 0.52
v 12.4846551 12.2157072 11.9800000 0.44 0.48 0.52
v 11.9256505 12.2457058 11.6200000 0.44 0.48 0.52
v 12.1218672 12.2532910 11.7400000 0.44 0.48 0.52
v 12.3304248 12.2163517 11.8600000 0.44 0.48 0.52
v 12.5418286 12.1315069 11.9800000 0.44 0.48 0.52
v 11.9869745 12.2058237 11.6200000 0.44 0.48 0.52
v 12.1831736 12.1977955 11.7400000 0.44 0.48 0.52
v 12.3881371 12.1444030 11.8600000 0.44 0.48 0.52
v 12.5921316 12.0430304 11.9800000 0.44 0.48 0.52
v 12.0449360 12.1611955 11.6200000 0.44 0.48 0.52
v 12.2398771 12.1376046 11.7400000 0.44 0.48 0.52
v 12.4399506 12.0680966 11.8600000 0.44 0.48 0.52
v 12.6352461 11.9508370 11.9800000 0.44 0.48 0.52
v 12.0991686 12.1121033 11.6200000 0.44 0.48 0.52
v 12.2916191 12.0730989 11.7400000 0.44 0.48 0.52
v 12.4855377 11.9879147 11.8600000 0.44 0.48 0.52
v 12.6708996 11.8555095 11.9800000 0.44 0.48 0.52
v 12.1493293 12.0588575 11.6200000 0.44 0.48 0.52
v 12.3380726 12.0046862 11.7400000 0.44 0.48 0.52
v 12.5246102 11.9043644 11.8600000 0.44 0.48 0.52
v 12.6988666 11.7576507 11.9800000 0.44 0.48 0.52
v 12.1951011 12.0017948 11.6200000 0.44 0.48 0.52
v 12.3789438 11.9327990 11.7400000 0.44 0.48 0.52
v 12.5569212 11.8179739 11.8600000 0.44 0.48 0.52
v 12.7189703 11.6578793 11.9800000 0.44 0.48 0.52
v 12.2361945 11.9412759 11.6200000 0.44 0.48 0.52
v 12.4139743 11.8578919 11.7400000 0.44 0.48 0.52
v 12.5822663 11.7292894 11.8600000 0.44 0.48 0.52
v 12.7310836 11.5568261 11.9800000 0.44 0.48 0.52
v 12.2723499 11.8776834 11.6200000 0.44 0.48 0.52
v 12.4429428 11.7804383 11.7400000 0.44 0.48 0.52
v 12.6004853 11.6388716 11.8600000 0.44 0.48 0.52
v 12.3033384 11.8114193 11.6200000 0.44 0.48 0.52
v 12.4656660 11.7009281 11.7400000 0.44 0.48 0.52
v 12.6114629 11.5472920 11.8600000 0.44 0.48 0.52
v 12.3289644 11.7429027 11.6200000 0.44 0.48 0.52
v 12.4820002 11.6198638 11.7400000 0.44 0.48 0.52
v 12.3490656 11.6725667 11.6200000 0.44 0.48 0.52
v 12.4918422 11.5377580 11.7400000 0.44 0.48 0.52
v 12.3635152 11.6008560 11.6200000 0.44 0.48 0.52
v 12.3722216 11.5282240 11.6200000 0.44 0.48 0.52
v 12.2551299 11.4551299 11.5000000 0.44 0.48 0.52
v 12.2551299 11.4551299 8.5000000 0.44 0.48 0.52
v 12.2544974 11.4233246 8.5000000 0.44 0.48 0.52
v 12.2526009 11.3915697 8.5000000 0.44 0.48 0.52
v 12.2494435 11.3599153 8.5000000 0.44 0.48 0.52
v 12.2450301 11.3284114 8.5000000 0.44 0.48 0.52
v 12.2393677 11.2971079 8.5000000 0.44 0.48 0.52
v 12.2324653 11.2660543 8.5000000 0.44 0.48 0.52
v 12.2243338 11.2352996 8.5000000 0.44 0.48 0.52
v 12.2149860 11.2048926 8.5000000 0.44 0.48 0.52
v 12.2044367 11.1748812 8.5000000 0.44 0.48 0.52
v 12.1927025 11.1453129 8.5000000 0.44 0.48 0.52
v 12.1798022 11.1162345 8.5000000 0.44 0.48 0.52
v 12.1657559 11.0876920 8.5000000 0.44 0.48 0.52
v 12.1505861 11.0597305 8.5000000 0.44 0.48 0.52
v 12.1343165 11.0323942 8.5000000 0.44 0.48 0.52
v 12.1169731 11.0057263 8.5000000 0.44 0.48 0.52
v 12.0985831 10.9797690 8.5000000 0.44 0.48 0.52
v 12.0791757 10.9545634 8.5000000 0.44 0.48 0.52
v 12.0587816 10.9301493 8.5000000 0.44 0.48 0.52
v 12.0374329 10.9065652 8.5000000 0.44 0.48 0.52
v 12.0151635 10.8838486 8.5000000 0.44 0.48 0.52
v 11.9920086 10.8620352 8.5000000 0.44 0.48 0.52
v 11.9680048 10.8411597 8.5000000 0.44 0.48 0.52
v 11.9431900 10.8212550 8.5000000 0.44 0.48 0.52
v 11.9176035 10.8023526 8.5000000 0.44 0.48 0.52
v 11.8912857 10.7844823 8.5000000 0.44 0.48 0.52
v 11.8642782 10.7676725 8.5000000 0.44 0.48 0.52
v 11.8366239 10.7519497 8.5000000 0.44 0.48 0.52
v 11.8083663 10.7373388 8.5000000 0.44 0.48 0.52
v 11.7795501 10.7238628 8.5000000 0.44 0.48 0.52
v 11.7502210 10.7115431 8.5000000 0.44 0.48 0.52
v 11.7204253 10.7003992 8.5000000 0.44 0.48 0.52
v 11.6902101 10.6904487 8.5000000 0.44 0.48 0.52
v 11.6596232 10.6817073 8.5000000 0.44 0.48 0.52
v 11.6287129 10.6741888 8.5000000 0.44 0.48 0.52
v 11.5975282 10.6679052 8.5000000 0.44 0.48 0.52
v 11.5661183 10.6628663 8.5000000 0.44 0.48 0.52
v 11.5345329 10.6590801 8.5000000 0.44 0.48 0.52
v 11.5028220 10.6565527 8.5000000 0.44 0.48 0.52
v 11.4710356 10.6552880 8.5000000 0.44 0.48 0.52
v 11.4392241 10.6552880 8.5000000 0.44 0.48 0.52
v 11.4074378 10.6565527 8.5000000 0.44 0.48 0.52
v 11.3757268 10.6590801 8.5000000 0.44 0.48 0.52
v 11.3441414 10.6628663 8.5000000 0.44 0.48 0.52
v 11.3127315 10.6679052 8.5000000 0.44 0.48 0.52
v 11.2815468 10.6741888 8.5000000 0.44 0.48 0.52
v 11.2506365 10.6817073 8.5000000 0.44 0.48 0.52
v 11.2200496 10.6904487 8.5000000 0.44 0.48 0.52
v 11.1898344 10.7003992 8.5000000 0.44 0.48 0.52
v 11.1600387 10.7115431 8.5000000 0.44 0.48 0.52
v 11.1307096 10.7238628 8.5000000 0.44 0.48 0.52
v 11.1018935 10.7373388 8.5000000 0.44 0.48 0.52
v 11.0736359 10.7519497 8.5000000 0.44 0.48 0.52
v 11.0459815 10.7676725 8.5000000 0.44 0.48 0.52
v 11.0189740 10.7844823 8.5000000 0.44 0.48 0.52
v 10.9926563 10.8023526 8.5000000 0.44 0.48 0.52
v 10.9670697 10.8212550 8.5000000 0.44 0.48 0.52
v 10.9422549 10.8411597 8.5000000 0.44 0.48 0.52
v 10.9182511 10.8620352 8.5000000 0.44 0.48 0.52
v 10.8950962 10.8838486 8.5000000 0.44 0.48 0.52
v 10.8728268 10.9065652 8.5000000 0.44 0.48 0.52
v 10.8514782 10.9301493 8.5000000 0.44 0.48 0.52
v 10.8310840 10.9545634 8.5000000 0.44 0.48 0.52
v 10.8116766 10.9797690 8.5000000 0.44 0.48 0.52
v 10.7932866 11.0057263 8.5000000 0.44 0.48 0.52
v 10.7759432 11.0323942 8.5000000 0.44 0.48 0.52
v 10.7596736 11.0597305 8.5000000 0.44 0.48 0.52
v 10.7445038 11.0876920 8.5000000 0.44 0.48 0.52
v 10.7304575 11.1162345 8.5000000 0.44 0.48 0.52
v 10.7175572 11.1453129 8.5000000 0.44 0.48 0.52
v 10.7058231 11.1748812 8.5000000 0.44 0.48 0.52
v 10.6952737 11.2048926 8.5000000 0.44 0.48 0.52
v 10.6859259 11.2352996 8.5000000 0.44 0.48 0.52
v 10.6777944 11.2660543 8.5000000 0.44 0.48 0.52
v 10.6708920 11.2971079 8.5000000 0.44 0.48 0.52
v 10.6652296 11.3284114 8.5000000 0.44 0.48 0.52
v 10.6608162 11.3599153 8.5000000 0.44 0.48 0.52
v 10.6576588 11.3915697 8.5000000 0.44 0.48 0.52
v 10.6557623 11.4233246 8.5000000 0.44 0.48 0.52
v 10.6551299 11.4551299 8.5000000 0.44 0.48 0.52
v 10.6557623 11.4869351 8.5000000 0.44 0.48 0.52
v 10.6576588 11.5186900 8.5000000 0.44 0.48 0.52
v 10.6608162 11.5503444 8.5000000 0.44 0.48 0.52
v 10.6652296 11.5818483 8.5000000 0.44 0.48 0.52
v 10.6708920 11.6131518 8.5000000 0.44 0.48 0.52
v 10.6777944 11.6442054 8.5000000 0.44 0.48 0.52
v 10.6859259 11.6749601 8.5000000 0.44 0.48 0.52
v 10.6952737 11.7053671 8.5000000 0.44 0.48 0.52
v 10.7058231 11.7353785 8.5000000 0.44 0.48 0.52
v 10.7175572 11.7649468 8.5000000 0.44 0.48 0.52
v 10.7304575 11.7940252 8.5000000 0.44 0.48 0.52
v 10.7445038 11.8225677 8.5000000 0.44 0.48 0.52
v 10.7596736 11.8505292 8.5000000 0.44 0.48 0.52
v 10.7759432 11.8778655 8.5000000 0.44 0.48 0.52
v 10.7932866 11.9045334 8.5000000 0.44 0.48 0.52
v 10.8116766 11.9304907 8.5000000 0.44 0.48 0.52
v 10.8310840 11.9556963 8.5000000 0.44 0.48 0.52
v 10.8514782 11.9801105 8.5000000 0.44 0.48 0.52
v 10.8728268 12.0036945 8.5000000 0.44 0.48 0.52
v 10.8950962 12.0264111 8.5000000 0.44 0.48 0.52
v 10.9182511 12.0482245 8.5000000 0.44 0.48 0.52
v 10.9422549 12.0691000 8.5000000 0.44 0.48 0.52
v 10.9670697 12.0890047 8.5000000 0.44 0.48 0.52
v 10.9926563 12.1079071 8.5000000 0.44 0.48 0.52
v 11.0189740 12.1257774 8.5000000 0.44 0.48 0.52
v 11.0459815 12.1425872 8.5000000 0.44 0.48 0.52
v 11.0736359 12.1583100 8.5000000 0.44 0.48 0.52
v 11.1018935 12.1729209 8.5000000 0.44 0.48 0.52
v 11.1307096 12.1863969 8.5000000 0.44 0.48 0.52
v 11.1600387 12.1987166 8.5000000 0.44 0.48 0.52
v 11.1898344 12.2098605 8.5000000 0.44 0.48 0.52
v 11.2200496 12.2198110 8.5000000 0.44 0.48 0.52
v 11.2506365 12.2285524 8.5000000 0.44 0.48 0.52
v 11.2815468 12.2360709 8.5000000 0.44 0.48 0.52
v 11.3127315 12.2423545 8.5000000 0.44 0.48 0.52
v 11.3441414 12.2473934 8.5000000 0.44 0.48 0.52
v 11.3757268 12.2511796 8.5000000 0.44 0.48 0.52
v 11.4074378 12.2537070 8.5000000 0.44 0.48 0.52
v 11.4392241 12.2549717 8.5000000 0.44 0.48 0.52
v 11.4710356 12.2549717 8.5000000 0.44 0.48 0.52
v 11.5028220 12.2537070 8.5000000 0.44 0.48 0.52
v 11.5345329 12.2511796 8.5000000 0.44 0.48 0.52
v 11.5661183 12.2473934 8.5000000 0.44 0.48 0.52
v 11.5975282 12.2423545 8.5000000 0.44 0.48 0.52
v 11.6287129 12.2360709 8.5000000 0.44 0.48 0.52
v 11.6596232 12.2285524 8.5000000 0.44 0.48 0.52
v 11.6902101 12.2198110 8.5000000 0.44 0.48 0.52
v 11.7204253 12.2098605 8.5000000 0.44 0.48 0.52
v 11.7502210 12.1987166 8.5000000 0.44 0.48 0.52
v 11.7795501 12.1863969 8.5000000 0.44 0.48 0.52
v 11.8083663 12.1729209 8.5000000 0.44 0.48 0.52
v 11.8366239 12.1583100 8.5000000 0.44 0.48 0.52
v 11.8642782 12.1425872 8.5000000 0.44 0.48 0.52
v 11.8912857 12.1257774 8.5000000 0.44 0.48 0.52
v 11.9176035 12.1079071 8.5000000 0.44 0.48 0.52
v 11.9431900 12.0890047 8.5000000 0.44 0.48 0.52
v 11.9680048 12.0691000 8.5000000 0.44 0.48 0.52
v 11.9920086 12.0482245 8.5000000 0.44 0.48 0.52
v 12.0151635 12.0264111 8.5000000 0.44 0.48 0.52
v 12.0374329 12.0036945 8.5000000 0.44 0.48 0.52
v 12.0587816 11.9801105 8.5000000 0.44 0.48 0.52
v 12.0791757 11.9556963 8.5000000 0.44 0.48 0.52
v 12.0985831 11.9304907 8.5000000 0.44 0.48 0.52
v 12.1169731 11.9045334 8.5000000 0.44 0.48 0.52
v 12.1343165 11.8778655 8.5000000 0.44 0.48 0.52
v 12.1505861 11.8505292 8.5000000 0.44 0.48 0.52
v 12.1657559 11.8225677 8.5000000 0.44 0.48 0.52
v 12.1798022 11.7940252 8.5000000 0.44 0.48 0.52
v 12.1927025 11.7649468 8.5000000 0.44 0.48 0.52
v 12.2044367 11.7353785 8.5000000 0.44 0.48 0.52
v 12.2149860 11.7053671 8.5000000 0.44 0.48 0.52
v 12.2243338 11.6749601 8.5000000 0.44 0.48 0.52
v 12.2324653 11.6442054 8.5000000 0.44 0.48 0.52
v 12.2393677 11.6131518 8.5000000 0.44 0.48 0.52
v 12.2450301 11.5818483 8.5000000 0.44 0.48 0.52
v 12.2494435 11.5503444 8.5000000 0.44 0.48 0.52
v 12.2526009 11.5186900 8.5000000 0.44 0.48 0.52
v 12.2544974 11.4869351 8.5000000 0.44 0.48 0.52
v 12.2551299 11.4551299 8.5000000 0.44 0.48 0.52
v 12.2551299 11.4551299 11.5000000 0.44 0.48 0.52
v 12.2544974 11.4233246 11.5000000 0.44 0.48 0.52
v 12.2526009 11.3915697 11.5000000 0.44 0.48 0.52
v 12.2494435 11.3599153 11.5000000 0.44 0.48 0.52
v 12.2450301 11.3284114 11.5000000 0.44 0.48 0.52
v 12.2393677 11.2971079 11.5000000 0.44 0.48 0.52
v 12.2324653 11.2660543 11.5000000 0.44 0.48 0.52
v 12.2243338 11.2352996 11.5000000 0.44 0.48 0.52
v 12.2149860 11.2048926 11.5000000 0.44 0.48 0.52
v 12.2044367 11.1748812 11.5000000 0.44 0.48 0.52
v 12.1927025 11.1453129 11.5000000 0.44 0.48 0.52
v 12.1798022 11.1162345 11.5000000 0.44 0.48 0.52
v 12.1657559 11.0876920 11.5000000 0.44 0.48 0.52
v 12.1505861 11.0597305 11.5000000 0.44 0.48 0.52
v 12.1343165 11.0323942 11.5000000 0.44 0.48 0.52
v 12.1169731 11.0057263 11.5000000 0.44 0.48 0.52
v 12.0985831 10.9797690 11.5000000 0.44 0.48 0.52
v 12.0791757 10.9545634 11.5000000 0.44 0.48 0.52
v 12.0587816 10.9301493 11.5000000 0.44 0.48 0.52
v 12.0374329 10.9065652 11.5000000 0.44 0.48 0.52
v 12.0151635 10.8838486 11.5000000 0.44 0.48 0.52
v 11.9920086 10.8620352 11.5000000 0.44 0.48 0.52
v 11.9680048 10.8411597 11.5000000 0.44 0.48 0.52
v 11.9431900 10.8212550 11.5000000 0.44 0.48 0.52
v 11.9176035 10.8023526 11.5000000 0.44 0.48 0.52
v 11.8912857 10.7844823 11.5000000 0.44 0.48 0.52
v 11.8642782 10.7676725 11.5000000 0.44 0.48 0.52
v 11.8366239 10.7519497 11.5000000 0.44 0.48 0.52
v 11.8083663 10.7373388 11.5000000 0.44 0.48 0.52
v 11.7795501 10.7238628 11.5000000 0.44 0.48 0.52
v 11.7502210 10.7115431 11.5000000 0.44 0.48 0.52
v 11.7204253 10.7003992 11.5000000 0.44 0.48 0.52
v 11.6902101 10.6904487 11.5000000 0.44 0.48 0.52
v 11.6596232 10.6817073 11.5000000 0.44 0.48 0.52
v 11.6287129 10.6741888 11.5000000 0.44 0.48 0.52
v 11.5975282 10.6679052 11.5000000 0.44 0.48 0.52
v 11.5661183 10.6628663 11.5000000 0.44 0.48 0.52
v 11.5345329 10.6590801 11.5000000 0.44 0.48 0.52
v 11.5028220 10.6565527 11.5000000 0.44 0.48 0.52
v 11.4710356 10.6552880 11.5000000 0.44 0.48 0.52
v 11.4392241 10.6552880 11.5000000 0.44 0.48 0.52
v 11.4074378 10.6565527 11.5000000 0.44 0.48 0.52
v 11.3757268 10.6590801 11.5000000 0.44 0.48 0.52
v 11.3441414 10.6628663 11.5000000 0.44 0.48 0.52
v 11.3127315 10.6679052 11.5000000 0.44 0.48 0.52
v 11.2815468 10.6741888 11.5000000 0.44 0.48 0.52
v 11.2506365 10.6817073 11.5000000 0.44 0.48 0.52
v 11.2200496 10.6904487 11.5000000 0.44 0.48 0.52
v 11.1898344 10.7003992 11.5000000 0.44 0.48 0.52
v 11.1600387 10.7115431 11.5000000 0.44 0.48 0.52
v 11.1307096 10.7238628 11.5000000 0.44 0.48 0.52
v 11.1018935 10.7373388 11.5000000 0.44 0.48 0.52
v 11.0736359 10.7519497 11.5000000 0.44 0.48 0.52
v 11.0459815 10.7676725 11.5000000 0.44 0.48 0.52
v 11.0189740 10.7844823 11.5000000 0.44 0.48 0.52
v 10.9926563 10.8023526 11.5000000 0.44 0.48 0.52
v 10.9670697 10.8212550 11.5000000 0.44 0.48 0.52
v 10.9422549 10.8411597 11.5000000 0.44 0.48 0.52
v 10.9182511 10.8620352 11.5000000 0.44 0.48 0.52
v 10.8950962 10.8838486 11.5000000 0.44 0.48 0.52
v 10.8728268 10.9065652 11.5000000 0.44 0.48 0.52
v 10.8514782 10.9301493 11.5000000 0.44 0.48 0.52
v 10.8310840 10.9545634 11.5000000 0.44 0.48 0.52
v 10.8116766 10.9797690 11.5000000 0.44 0.48 0.52
v 10.7932866 11.0057263 11.5000000 0.44 0.48 0.52
v 10.7759432 11.0323942 11.5000000 0.44 0.48 0.52
v 10.7596736 11.0597305 11.5000000 0.44 0.48 0.52
v 10.7445038 11.0876920 11.5000000 0.44 0.48 0.52
v 10.7304575 11.1162345 11.5000000 0.44 0.48 0.52
v 10.7175572 11.1453129 11.5000000 0.44 0.48 0.52
v 10.7058231 11.1748812 11.5000000 0.44 0.48 0.52
v 10.6952737 11.2048926 11.5000000 0.44 0.48 0.52
v 10.6859259 11.2352996 11.5000000 0.44 0.48 0.52
v 10.6777944 11.2660543 11.5000000 0.44 0.48 0.52
v 10.6708920 11.2971079 11.5000000 0.44 0.48 0.52
v 10.6652296 11.3284114 11.5000000 0.44 0.48 0.52
v 10.6608162 11.3599153 11.5000000 0.44 0.48 0.52
v 10.6576588 11.3915697 11.5000000 0.44 0.48 0.52
v 10.6557623 11.4233246 11.5000000 0.44 0.48 0.52
v 10.6551299 11.4551299 11.5000000 0.44 0.48 0.52
v 10.6557623 11.4869351 11.5000000 0.44 0.48 0.52
v 10.6576588 11.5186900 11.5000000 0.44 0.48 0.52
v 10.6608162 11.5503444 11.5000000 0.44 0.48 0.52
v 10.6652296 11.5818483 11.5000000 0.44 0.48 0.52
v 10.6708920 11.6131518 11.5000000 0.44 0.48 0.52
v 10.6777944 11.6442054 11.5000000 0.44 0.48 0.52
v 10.6859259 11.6749601 11.5000000 0.44 0.48 0.52
v 10.6952737 11.7053671 11.5000000 0.44 0.48 0.52
v 10.7058231 11.7353785 11.5000000 0.44 0.48 0.52
v 10.7175572 11.7649468 11.5000000 0.44 0.48 0.52
v 10.7304575 11.7940252 11.5000000 0.44 0.48 0.52
v 10.7445038 11.8225677 11.5000000 0.44 0.48 0.52
v 10.7596736 11.8505292 11.5000000 0.44 0.48 0.52
v 10.7759432 11.8778655 11.5000000 0.44 0.48 0.52
v 10.7932866 11.9045334 11.5000000 0.44 0.48 0.52
v 10.8116766 11.9304907 11.5000000 0.44 0.48 0.52
v 10.8310840 11.9556963 11.5000000 0.44 0.48 0.52
v 10.8514782 11.9801105 11.5000000 0.44 0.48 0.52
v 10.8728268 12.0036945 11.5000000 0.44 0.48 0.52
v 10.8950962 12.0264111 11.5000000 0.44 0.48 0.52
v 10.9182511 12.0482245 11.5000000 0.44 0.48 0.52
v 10.9422549 12.0691000 11.5000000 0.44 0.48 0.52
v 10.9670697 12.0890047 11.5000000 0.44 0.48 0.52
v 10.9926563 12.1079071 11.5000000 0.44 0.48 0.52
v 11.0189740 12.1257774 11.5000000 0.44 0.48 0.52
v 11.0459815 12.1425872 11.5000000 0.44 0.48 0.52
v 11.0736359 12.1583100 11.5000000 0.44 0.48 0.52
v 11.1018935 12.1729209 11.5000000 0.44 0.48 0.52
v 11.1307096 12.1863969 11.5000000 0.44 0.48 0.52
v 11.1600387 12.1987166 11.5000000 0.44 0.48 0.52
v 11.1898344 12.2098605 11.5000000 0.44 0.48 0.52
v 11.2200496 12.2198110 11.5000000 0.44 0.48 0.52
v 11.2506365 12.2285524 11.5000000 0.44 0.48 0.52
v 11.2815468 12.2360709 11.5000000 0.44 0.48 0.52
v 11.3127315 12.2423545 11.5000000 0.44 0.48 0.52
v 11.3441414 12.2473934 11.5000000 0.44 0.48 0.52
v 11.3757268 12.2511796 11.5000000 0.44 0.48 0.52
v 11.4074378 12.2537070 11.5000000 0.44 0.48 0.52
v 11.4392241 12.2549717 11.5000000 0.44 0.48 0.52
v 11.4710356 12.2549717 11.5000000 0.44 0.48 0.52
v 11.5028220 12.2537070 11.5000000 0.44 0.48 0.52
v 11.5345329 12.2511796 11.5000000 0.44 0.48 0.52
v 11.5661183 12.2473934 11.5000000 0.44 0.48 0.52
v 11.5975282 12.2423545 11.5000000 0.44 0.48 0.52
v 11.6287129 12.2360709 11.5000000 0.44 0.48 0.52
v 11.6596232 12.2285524 11.5000000 0.44 0.48 0.52
v 11.6902101 12.2198110 11.5000000 0.44 0.48 0.52
v 11.7204253 12.2098605 11.5000000 0.44 0.48 0.52
v 11.7502210 12.1987166 11.5000000 0.44 0.48 0.52
v 11.7795501 12.1863969 11.5000000 0.44 0.48 0.52
v 11.8083663 12.1729209 11.5000000 0.44 0.48 0.52
v 11.8366239 12.1583100 11.5000000 0.44 0.48 0.52
v 11.8642782 12.1425872 11.5000000 0.44 0.48 0.52
v 11.8912857 12.1257774 11.5000000 0.44 0.48 0.52
v 11.9176035 12.1079071 11.5000000 0.44 0.48 0.52
v 11.9431900 12.0890047 11.5000000 0.44 0.48 0.52
v 11.9680048 12.0691000 11.5000000 0.44 0.48 0.52
v 11.9920086 12.0482245 11.5000000 0.44 0.48 0.52
v 12.0151635 12.0264111 11.5000000 0.44 0.48 0.52
v 12.0374329 12.0036945 11.5000000 0.44 0.48 0.52
v 12.0587816 11.9801105 11.5000000 0.44 0.48 0.52
v 12.0791757 11.9556963 11.5000000 0.44 0.48 0.52
v 12.0985831 11.9304907 11.5000000 0.44 0.48 0.52
v 12.1169731 11.9045334 11.5000000 0.44 0.48 0.52
v 12.1343165 11.8778655 11.5000000 0.44 0.48 0.52
v 12.1505861 11.8505292 11.5000000 0.44 0.48 0.52
v 12.1657559 11.8225677 11.5000000 0.44 0.48 0.52
v 12.1798022 11.7940252 11.5000000 0.44 0.48 0.52
v 12.1927025 11.7649468 11.5000000 0.44 0.48 0.52
v 12.2044367 11.7353785 11.5000000 0.44 0.48 0.52
v 12.2149860 11.7053671 11.5000000 0.44 0.48 0.52
v 12.2243338 11.6749601 11.5000000 0.44 0.48 0.52
v 12.2324653 11.6442054 11.5000000 0.44 0.48 0.52
v 12.2393677 11.6131518 11.5000000 0.44 0.48 0.52
v 12.2450301 11.5818483 11.5000000 0.44 0.48 0.52
v 12.2494435 11.5503444 11.5000000 0.44 0.48 0.52
v 12.2526009 11.5186900 11.5000000 0.44 0.48 0.52
v 12.2544974 11.4869351 11.5000000 0.44 0.48 0.52
v 12.8551299 11.4551299 12.1000000 0.44 0.48 0.52
v 12.8540230 11.3994707 12.1000000 0.44 0.48 0.52
v 12.8507042 11.3438996 12.1000000 0.44 0.48 0.52
v 12.8451788 11.2885044 12.1000000 0.44 0.48 0.52
v 12.8374553 11.2333726 12.1000000 0.44 0.48 0.52
v 12.8275462 11.1785915 12.1000000 0.44 0.48 0.52
v 12.8154669 11.1242476 12.1000000 0.44 0.48 0.52
v 12.8012367 11.0704270 12.1000000 0.44 0.48 0.52
v 12.7848780 11.0172146 12.1000000 0.44 0.48 0.52
v 12.7664168 10.9646947 12.1000000 0.44 0.48 0.52
v 12.7458821 10.9129502 12.1000000 0.44 0.48 0.52
v 12.7233064 10.8620631 12.1000000 0.44 0.48 0.52
v 12.6987255 10.8121137 12.1000000 0.44 0.48 0.52
v 12.6721782 10.7631810 12.1000000 0.44 0.48 0.52
v 12.6437066 10.7153424 12.1000000 0.44 0.48 0.52
v 12.6133555 10.6686737 12.1000000 0.44 0.48 0.52
v 12.5811730 10.6232484 12.1000000 0.44 0.48 0.52
v 12.5472101 10.5791385 12.1000000 0.44 0.48 0.52
v 12.5115203 10.5364138 12.1000000 0.44 0.48 0.52
v 12.4741602 10.4951417 12.1000000 0.44 0.48 0.52
v 12.4351888 10.4553876 12.1000000 0.44 0.48 0.52
v 12.3946677 10.4172143 12.1000000 0.44 0.48 0.52
v 12.3526609 10.3806821 12.1000000 0.44 0.48 0.52
v 12.3092351 10.3458489 12.1000000 0.44 0.48 0.52
v 12.2644587 10.3127696 12.1000000 0.44 0.48 0.52
v 12.2184025 10.2814967 12.1000000 0.44 0.48 0.52
v 12.1711395 10.2520795 12.1000000 0.44 0.48 0.52
v 12.1227444 10.2245646 12.1000000 0.44 0.48 0.52
v 12.0732936 10.1989955 12.1000000 0.44 0.48 0.52
v 12.0228653 10.1754125 12.1000000 0.44 0.48 0.52
v 11.9715393 10.1538531 12.1000000 0.44 0.48 0.52
v 11.9193968 10.1343512 12.1000000 0.44 0.48 0.52
v 11.8665202 10.1169378 12.1000000 0.44 0.48 0.52
v 11.8129931 10.1016403 12.1000000 0.44 0.48 0.52
v 11.7589002 10.0884830 12.1000000 0.44 0.48 0.52
v 11.7043269 10.0774866 12.1000000 0.44 0.48 0.52
v 11.6493596 10.0686686 12.1000000 0.44 0.48 0.52
v 11.5940852 10.0620428 12.1000000 0.44 0.48 0.52
v 11.5385910 10.0576198 12.1000000 0.44 0.48 0.52
v 11.4829649 10.0554066 12.1000000 0.44 0.48 0.52
v 11.4272948 10.0554066 12.1000000 0.44 0.48 0.52
v 11.3716687 10.0576198 12.1000000 0.44 0.48 0.52
v 11.3161745 10.0620428 12.1000000 0.44 0.48 0.52
v 11.2609001 10.0686686 12.1000000 0.44 0.48 0.52
v 11.2059328 10.0774866 12.1000000 0.44 0.48 0.52
v 11.1513595 10.0884830 12.1000000 0.44 0.48 0.52
v 11.0972666 10.1016403 12.1000000 0.44 0.48 0.52
v 11.0437395 10.1169378 12.1000000 0.44 0.48 0.52
v 10.9908629 10.1343512 12.1000000 0.44 0.48 0.52
v 10.9387204 10.1538531 12.1000000 0.44 0.48 0.52
v 10.8873944 10.1754125 12.1000000 0.44 0.48 0.52
v 10.8369662 10.1989955 12.1000000 0.44 0.48 0.52
v 10.7875154 10.2245646 12.1000000 0.44 0.48 0.52
v 10.7391202 10.2520795 12.1000000 0.44 0.48 0.52
v 10.6918572 10.2814967 12.1000000 0.44 0.48 0.52
v 10.6458011 10.3127696 12.1000000 0.44 0.48 0.52
v 10.6010247 10.3458489 12.1000000 0.44 0.48 0.52
v 10.5575988 10.3806821 12.1000000 0.44 0.48 0.52
v 10.5155921 10.4172143 12.1000000 0.44 0.48 0.52
v 10.4750710 10.4553876 12.1000000 0.44 0.48 0.52
v 10.4360995 10.4951417 12.1000000 0.44 0.48 0.52
v 10.3987394 10.5364138 12.1000000 0.44 0.48 0.52
v 10.3630496 10.5791385 12.1000000 0.44 0.48 0.52
v 10.3290867 10.6232484 12.1000000 0.44 0.48 0.52
v 10.2969042 10.6686737 12.1000000 0.44 0.48 0.52
v 10.2665531 10.7153424 12.1000000 0.44 0.48 0.52
v 10.2380815 10.7631810 12.1000000 0.44 0.48 0.52
v 10.2115342 10.8121137 12.1000000 0.44 0.48 0.52
v 10.1869533 10.8620631 12.1000000 0.44 0.48 0.52
v 10.1643777 10.9129502 12.1000000 0.44 0.48 0.52
v 10.1438430 10.9646947 12.1000000 0.44 0.48 0.52
v 10.1253817 11.0172146 12.1000000 0.44 0.48 0.52
v 10.1090230 11.0704270 12.1000000 0.44 0.48 0.52
v 10.0947928 11.1242476 12.1000000 0.44 0.48 0.52
v 10.0827135 11.1785915 12.1000000 0.44 0.48 0.52
v 10.0728044 11.2333726 12.1000000 0.44 0.48 0.52
v 10.0650810 11.2885044 12.1000000 0.44 0.48 0.52
v 10.0595555 11.3438996 12.1000000 0.44 0.48 0.52
v 10.0562367 11.3994707 12.1000000 0.44 0.48 0.52
v 10.0551299 11.4551299 12.1000000 0.44 0.48 0.52
v 10.0562367 11.5107890 12.1000000 0.44 0.48 0.52
v 10.0595555 11.5663601 12.1000000 0.44 0.48 0.52
v 10.0650810 11.6217553 12.1000000 0.44 0.48 0.52
v 10.0728044 11.6768871 12.1000000 0.44 0.48 0.52
v 10.0827135 11.7316682 12.1000000 0.44 0.48 0.52
v 10.0947928 11.7860121 12.1000000 0.44 0.48 0.52
v 10.1090230 11.8398327 12.1000000 0.44 0.48 0.52
v 10.1253817 11.8930451 12.1000000 0.44 0.48 0.52
v 10.1438430 11.9455650 12.1000000 0.44 0.48 0.52
v 10.1643777 11.9973095 12.1000000 0.44 0.48 0.52
v 10.1869533 12.0481967 12.1000000 0.44 0.48 0.52
v 10.2115342 12.0981461 12.1000000 0.44 0.48 0.52
v 10.2380815 12.1470787 12.1000000 0.44 0.48 0.52
v 10.2665531 12.1949173 12.1000000 0.44 0.48 0.52
v 10.2969042 12.2415861 12.1000000 0.44 0.48 0.52
v 10.3290867 12.2870113 12.1000000 0.44 0.48 0.52
v 10.3630496 12.3311212 12.1000000 0.44 0.48 0.52
v 10.3987394 12.3738459 12.1000000 0.44 0.48 0.52
v 10.4360995 12.4151180 12.1000000 0.44 0.48 0.52
v 10.4750710 12.4548721 12.1000000 0.44 0.48 0.52
v 10.5155921 12.4930454 12.1000000 0.44 0.48 0.52
v 10.5575988 12.5295776 12.1000000 0.44 0.48 0.52
v 10.6010247 12.5644108 12.1000000 0.44 0.48 0.52
v 10.6458011 12.5974901 12.1000000 0.44 0.48 0.52
v 10.6918572 12.6287630 12.1000000 0.44 0.48 0.52
v 10.7391202 12.6581802 12.1000000 0.44 0.48 0.52
v 10.7875154 12.6856951 12.1000000 0.44 0.48 0.52
v 10.8369662 12.7112643 12.1000000 0.44 0.48 0.52
v 10.8873944 12.7348472 12.1000000 0.44 0.48 0.52
v 10.9387204 12.7564066 12.1000000 0.44 0.48 0.52
v 10.9908629 12.7759085 12.1000000 0.44 0.48 0.52
v 11.0437395 12.7933219 12.1000000 0.44 0.48 0.52
v 11.0972666 12.8086194 12.1000000 0.44 0.48 0.52
v 11.1513595 12.8217767 12.1000000 0.44 0.48 0.52
v 11.2059328 12.8327731 12.1000000 0.44 0.48 0.52
v 11.2609001 12.8415911 12.1000000 0.44 0.48 0.52
v 11.3161745 12.8482169 12.1000000 0.44 0.48 0.52
v 11.3716687 12.8526399 12.1000000 0.44 0.48 0.52
v 11.4272948 12.8548531 12.1000000 0.44 0.48 0.52
v 11.4829649 12.8548531 12.1000000 0.44 0.48 0.52
v 11.5385910 12.8526399 12.1000000 0.44 0.48 0.52
v 11.5940852 12.8482169 12.1000000 0.44 0.48 0.52
v 11.6493596 12.8415911 12.1000000 0.44 0.48 0.52
v 11.7043269 12.8327731 12.1000000 0.44 0.48 0.52
v 11.7589002 12.8217767 12.1000000 0.44 0.48 0.52
v 11.8129931 12.8086194 12.1000000 0.44 0.48 0.52
v 11.8665202 12.7933219 12.1000000 0.44 0.48 0.52
v 11.9193968 12.7759085 12.1000000 0.44 0.48 0.52
v 11.9715393 12.7564066 12.1000000 0.44 0.48 0.52
v 12.0228653 12.7348472 12.1000000 0.44 0.48 0.52
v 12.0732936 12.7112643 12.1000000 0.44 0.48 0.52
v 12.1227444 12.6856951 12.1000000 0.44 0.48 0.52
v 12.1711395 12.6581802 12.1000000 0.44 0.48 0.52
v 12.2184025 12.6287630 12.1000000 0.44 0.48 0.52
v 12.2644587 12.5974901 12.1000000 0.44 0.48 0.52
v 12.3092351 12.5644108 12.1000000 0.44 0.48 0.52
v 12.3526609 12.5295776 12.1000000 0.44 0.48 0.52
v 12.3946677 12.4930454 12.1000000 0.44 0.48 0.52
v 12.4351888 12.4548721 12.1000000 0.44 0.48 0.52
v 12.4741602 12.4151180 12.1000000 0.44 0.48 0.52
v 12.5115203 12.3738459 12.1000000 0.44 0.48 0.52
v 12.5472101 12.3311212 12.1000000 0.44 0.48 0.52
v 12.5811730 12.2870113 12.1000000 0.44 0.48 0.52
v 12.6133555 12.2415861 12.1000000 0.44 0.48 0.52
v 12.6437066 12.1949173 12.1000000 0.44 0.48 0.52
v 12.6721782 12.1470787 12.1000000 0.44 0.48 0.52
v 12.6987255 12.0981461 12.1000000 0.44 0.48 0.52
v 12.7233064 12.0481967 12.1000000 0.44 0.48 0.52
v 12.7458821 11.9973095 12.1000000 0.44 0.48 0.52
v 12.7664168 11.9455650 12.1000000 0.44 0.48 0.52
v 12.7848780 11.8930451 12.1000000 0.44 0.48 0.52
v 12.8012367 11.8398327 12.1000000 0.44 0.48 0.52
v 12.8154669 11.7860121 12.1000000 0.44 0.48 0.52
v 12.8275462 11.7316682 12.1000000 0.44 0.48 0.52
v 12.8374553 11.6768871 12.1000000 0.44 0.48 0.52
v 12.8451788 11.6217553 12.1000000 0.44 0.48 0.52
v 12.8507042 11.5663601 12.1000000 0.44 0.48 0.52
v 12.8540230 11.5107890 12.1000000 0.44 0.48 0.52
v 12.2551299 11.4551299 8.5000000 0.44 0.48 0.52
v 12.2544974 11.4233246 8.5000000 0.44 0.48 0.52
v 12.2526009 11.3915697 8.5000000 0.44 0.48 0.52
v 12.2494435 11.3599153 8.5000000 0.44 0.48 0.52
v 12.2450301 11.3284114 8.5000000 0.44 0.48 0.52
v 12.2393677 11.2971079 8.5000000 0.44 0.48 0.52
v 12.2324653 11.2660543 8.5000000 0.44 0.48 0.52
v 12.2243338 11.2352996 8.5000000 0.44 0.48 0.52
v 12.2149860 11.2048926 8.5000000 0.44 0.48 0.52
v 12.2044367 11.1748812 8.5000000 0.44 0.48 0.52
v 12.1927025 11.1453129 8.5000000 0.44 0.48 0.52
v 12.1798022 11.1162345 8.5000000 0.44 0.48 0.52
v 12.1657559 11.0876920 8.5000000 0.44 0.48 0.52
v 12.1505861 11.0597305 8.5000000 0.44 0.48 0.52
v 12.1343165 11.0323942 8.5000000 0.44 0.48 0.52
v 12.1169731 11.0057263 8.5000000 0.44 0.48 0.52
v 12.0985831 10.9797690 8.5000000 0.44 0.48 0.52
v 12.0791757 10.9545634 8.5000000 0.44 0.48 0.52
v 12.0587816 10.9301493 8.5000000 0.44 0.48 0.52
v 12.0374329 10.9065652 8.5000000 0.44 0.48 0.52
v 12.0151635 10.8838486 8.5000000 0.44 0.48 0.52
v 11.9920086 10.8620352 8.5000000 0.44 0.48 0.52
v 11.9680048 10.8411597 8.5000000 0.44 0.48 0.52
v 11.9431900 10.8212550 8.5000000 0.44 0.48 0.52
v 11.9176035 10.8023526 8.5000000 0.44 0.48 0.52
v 11.8912857 10.7844823 8.5000000 0.44 0.48 0.52
v 11.8642782 10.7676725 8.5000000 0.44 0.48 0.52
v 11.8366239 10.7519497 8.5000000 0.44 0.48 0.52
v 11.8083663 10.7373388 8.5000000 0.44 0.48 0.52
v 11.7795501 10.7238628 8.5000000 0.44 0.48 0.52
v 11.7502210 10.7115431 8.5000000 0.44 0.48 0.52
v 11.7204253 10.7003992 8.5000000 0.44 0.48 0.52
v 11.6902101 10.6904487 8.5000000 0.44 0.48 0.52
v 11.6596232 10.6817073 8.5000000 0.44 0.48 0.52
v 11.6287129 10.6741888 8.5000000 0.44 0.48 0.52
v 11.5975282 10.6679052 8.5000000 0.44 0.48 0.52
v 11.5661183 10.6628663 8.5000000 0.44 0.48 0.52
v 11.5345329 10.6590801 8.5000000 0.44 0.48 0.52
v 11.5028220 10.6565527 8.5000000 0.44 0.48 0.52
v 11.4710356 10.6552880 8.5000000 0.44 0.48 0.52
v 11.4392241 10.6552880 8.5000000 0.44 0.48 0.52
v 11.4074378 10.6565527 8.5000000 0.44 0.48 0.52
v 11.3757268 10.6590801 8.5000000 0.44 0.48 0.52
v 11.3441414 10.6628663 8.5000000 0.44 0.48 0.52
v 11.3127315 10.6679052 8.5000000 0.44 0.48 0.52
v 11.2815468 10.6741888 8.5000000 0.44 0.48 0.52
v 11.2506365 10.6817073 8.5000000 0.44 0.48 0.52
v 11.2200496 10.6904487 8.5000000 0.44 0.48 0.52
v 11.1898344 10.7003992 8.5000000 0.44 0.48 0.52
v 11.1600387 10.7115431 8.5000000 0.44 0.48 0.52
v 11.1307096 10.7238628 8.5000000 0.44 0.48 0.52
v 11.1018935 10.7373388 8.5000000 0.44 0.48 0.52
v 11.0736359 10.7519497 8.5000000 0.44 0.48 0.52
v 11.0459815 10.7676725 8.5000000 0.44 0.48 0.52
v 11.0189740 10.7844823 8.5000000 0.44 0.48 0.52
v 10.9926563 10.8023526 8.5000000 0.44 0.48 0.52
v 10.9670697 10.8212550 8.5000000 0.44 0.48 0.52
v 10.9422549 10.8411597 8.5000000 0.44 0.48 0.52
v 10.9182511 10.8620352 8.5000000 0.44 0.48 0.52
v 10.8950962 10.8838486 8.5000000 0.44 0.48 0.52
v 10.8728268 10.9065652 8.5000000 0.44 0.48 0.52
v 10.8514782 10.9301493 8.5000000 0.44 0.48 0.52
v 10.8310840 10.9545634 8.5000000 0.44 0.48 0.52
v 10.8116766 10.9797690 8.5000000 0.44 0.48 0.52
v 10.7932866 11.0057263 8.5000000 0.44 0.48 0.52
v 10.7759432 11.0323942 8.5000000 0.44 0.48 0.52
v 10.7596736 11.0597305 8.5000000 0.44 0.48 0.52
v 10.7445038 11.0876920 8.5000000 0.44 0.48 0.52
v 10.7304575 11.1162345 8.5000000 0.44 0.48 0.52
v 10.7175572 11.1453129 8.5000000 0.44 0.48 0.52
v 10.7058231 11.1748812 8.5000000 0.44 0.48 0.52
v 10.6952737 11.2048926 8.5000000 0.44 0.48 0.52
v 10.6859259 11.2352996 8.5000000 0.44 0.48 0.52
v 10.6777944 11.2660543 8.5000000 0.44 0.48 0.52
v 10.6708920 11.2971079 8.5000000 0.44 0.48 0.52
v 10.6652296 11.3284114 8.5000000 0.44 0.48 0.52
v 10.6608162 11.3599153 8.5000000 0.44 0.48 0.52
v 10.6576588 11.3915697 8.5000000 0.44 0.48 0.52
v 10.6557623 11.4233246 8.5000000 0.44 0.48 0.52
v 10.6551299 11.4551299 8.5000000 0.44 0.48 0.52
v 10.6557623 11.4869351 8.5000000 0.44 0.48 0.52
v 10.6576588 11.5186900 8.5000000 0.44 0.48 0.52
v 10.6608162 11.5503444 8.5000000 0.44 0.48 0.52
v 10.6652296 11.5818483 8.5000000 0.44 0.48 0.52
v 10.6708920 11.6131518 8.5000000 0.44 0.48 0.52
v 10.6777944 11.6442054 8.5000000 0.44 0.48 0.52
v 10.6859259 11.6749601 8.5000000 0.44 0.48 0.52
v 10.6952737 11.7053671 8.5000000 0.44 0.48 0.52
v 10.7058231 11.7353785 8.5000000 0.44 0.48 0.52
v 10.7175572 11.7649468 8.5000000 0.44 0.48 0.52
v 10.7304575 11.7940252 8.5000000 0.44 0.48 0.52
v 10.7445038 11.8225677 8.5000000 0.44 0.48 0.52
v 10.7596736 11.8505292 8.5000000 0.44 0.48 0.52
v 10.7759432 11.8778655 8.5000000 0.44 0.48 0.52
v 10.7932866 11.9045334 8.5000000 0.44 0.48 0.52
v 10.8116766 11.9304907 8.5000000 0.44 0.48 0.52
v 10.8310840 11.9556963 8.5000000 0.44 0.48 0.52
v 10.8514782 11.9801105 8.5000000 0.44 0.48 0.52
v 10.8728268 12.0036945 8.5000000 0.44 0.48 0.52
v 10.8950962 12.0264111 8.5000000 0.44 0.48 0.52
v 10.9182511 12.0482245 8.5000000 0.44 0.48 0.52
v 10.9422549 12.0691000 8.5000000 0.44 0.48 0.52
v 10.9670697 12.0890047 8.5000000 0.44 0.48 0.52
v 10.9926563 12.1079071 8.5000000 0.44 0.48 0.52
v 11.0189740 12.1257774 8.5000000 0.44 0.48 0.52
v 11.0459815 12.1425872 8.5000000 0.44 0.48 0.52
v 11.0736359 12.1583100 8.5000000 0.44 0.48 0.52
v 11.1018935 12.1729209 8.5000000 0.44 0.48 0.52
v 11.1307096 12.1863969 8.5000000 0.44 0.48 0.52
v 11.1600387 12.1987166 8.5000000 0.44 0.48 0.52
v 11.1898344 12.2098605 8.5000000 0.44 0.48 0.52
v 11.2200496 12.2198110 8.5000000 0.44 0.48 0.52
v 11.2506365 12.2285524 8.5000000 0.44 0.48 0.52
v 11.2815468 12.2360709 8.5000000 0.44 0.48 0.52
v 11.3127315 12.2423545 8.5000000 0.44 0.48 0.52
v 11.3441414 12.2473934 8.5000000 0.44 0.48 0.52
v 11.3757268 12.2511796 8.5000000 0.44 0.48 0.52
v 11.4074378 12.2537070 8.5000000 0.44 0.48 0.52
v 11.4392241 12.2549717 8.5000000 0.44 0.48 0.52
v 11.4710356 12.2549717 8.5000000 0.44 0.48 0.52
v 11.5028220 12.2537070 8.5000000 0.44 0.48 0.52
v 11.5345329 12.2511796 8.5000000 0.44 0.48 0.52
v 11.5661183 12.2473934 8.5000000 0.44 0.48 0.52
v 11.5975282 12.2423545 8.5000000 0.44 0.48 0.52
v 11.6287129 12.2360709 8.5000000 0.44 0.48 0.52
v 11.6596232 12.2285524 8.5000000 0.44 0.48 0.52
v 11.6902101 12.2198110 8.5000000 0.44 0.48 0.52
v 11.7204253 12.2098605 8.5000000 0.44 0.48 0.52
v 11.7502210 12.1987166 8.5000000 0.44 0.48 0.52
v 11.7795501 12.1863969 8.5000000 0.44 0.48 0.52
v 11.8083663 12.1729209 8.5000000 0.44 0.48 0.52
v 11.8366239 12.1583100 8.5000000 0.44 0.48 0.52
v 11.8642782 12.1425872 8.5000000 0.44 0.48 0.52
v 11.8912857 12.1257774 8.5000000 0.44 0.48 0.52
v 11.9176035 12.1079071 8.5000000 0.44 0.48 0.52
v 11.9431900 12.0890047 8.5000000 0.44 0.48 0.52
v 11.9680048 12.0691000 8.5000000 0.44 0.48 0.52
v 11.9920086 12.0482245 8.5000000 0.44 0.48 0.52
v 12.0151635 12.0264111 8.5000000 0.44 0.48 0.52
v 12.0374329 12.0036945 8.5000000 0.44 0.48 0.52
v 12.0587816 11.9801105 8.5000000 0.44 0.48 0.52
v 12.0791757 11.9556963 8.5000000 0.44 0.48 0.52
v 12.0985831 11.9304907 8.5000000 0.44 0.48 0.52
v 12.1169731 11.9045334 8.5000000 0.44 0.48 0.52
v 12.1343165 11.8778655 8.5000000 0.44 0.48 0.52
v 12.1505861 11.8505292 8.5000000 0.44 0.48 0.52
v 12.1657559 11.8225677 8.5000000 0.44 0.48 0.52
v 12.1798022 11.7940252 8.5000000 0.44 0.48 0.52
v 12.1927025 11.7649468 8.5000000 0.44 0.48 0.52
v 12.2044367 11.7353785 8.5000000 0.44 0.48 0.52
v 12.2149860 11.7053671 8.5000000 0.44 0.48 0.52
v 12.2243338 11.6749601 8.5000000 0.44 0.48 0.52
v 12.2324653 11.6442054 8.5000000 0.44 0.48 0.52
v 12.2393677 11.6131518 8.5000000 0.44 0.48 0.52
v 12.2450301 11.5818483 8.5000000 0.44 0.48 0.52
v 12.2494435 11.5503444 8.5000000 0.44 0.48 0.52
v 12.2526009 11.5186900 8.5000000 0.44 0.48 0.52
v 12.2544974 11.4869351 8.5000000 0.44 0.48 0.52
v -10.6551299 11.4551299 11.5000000 0.44 0.48 0.52
v -10.6557623 11.4233246 11.5000000 0.44 0.48 0.52
v -10.6576588 11.3915697 11.5000000 0.44 0.48 0.52
v -10.6608162 11.3599153 11.5000000 0.44 0.48 0.52
v -10.6652296 11.3284114 11.5000000 0.44 0.48 0.52
v -10.6708920 11.2971079 11.5000000 0.44 0.48 0.52
v -10.6777944 11.2660543 11.5000000 0.44 0.48 0.52
v -10.6859259 11.2352996 11.5000000 0.44 0.48 0.52
v -10.6952737 11.2048926 11.5000000 0.44 0.48 0.52
v -10.7058231 11.1748812 11.5000000 0.44 0.48 0.52
v -10.7175572 11.1453129 11.5000000 0.44 0.48 0.52
v -10.7304575 11.1162345 11.5000000 0.44 0.48 0.52
v -10.7445038 11.0876920 11.5000000 0.44 0.48 0.52
v -10.7596736 11.0597305 11.5000000 0.44 0.48 0.52
v -10.7759432 11.0323942 11.5000000 0.44 0.48 0.52
v -10.7932866 11.0057263 11.5000000 0.44 0.48 0.52
v -10.8116766 10.9797690 11.5000000 0.44 0.48 0.52
v -10.8310840 10.9545634 11.5000000 0.44 0.48 0.52
v -10.8514782 10.9301493 11.5000000 0.44 0.48 0.52
v -10.8728268 10.9065652 11.5000000 0.44 0.48 0.52
v -10.8950962 10.8838486 11.5000000 0.44 0.48 0.52
v -10.9182511 10.8620352 11.5000000 0.44 0.48 0.52
v -10.9422549 10.8411597 11.5000000 0.44 0.48 0.52
v -10.9670697 10.8212550 11.5000000 0.44 0.48 0.52
v -10.9926563 10.8023526 11.5000000 0.44 0.48 0.52
v -11.0189740 10.7844823 11.5000000 0.44 0.48 0.52
v -11.0459815 10.7676725 11.5000000 0.44 0.48 0.52
v -11.0736359 10.7519497 11.5000000 0.44 0.48 0.52
v -11.1018935 10.7373388 11.5000000 0.44 0.48 0.52
v -11.1307096 10.7238628 11.5000000 0.44 0.48 0.52
v -11.1600387 10.7115431 11.5000000 0.44 0.48 0.52
v -11.1898344 10.7003992 11.5000000 0.44 0.48 0.52
v -11.2200496 10.6904487 11.5000000 0.44 0.48 0.52
v -11.2506365 10.6817073 11.5000000 0.44 0.48 0.52
v -11.2815468 10.6741888 11.5000000 0.44 0.48 0.52
v -11.3127315 10.6679052 11.5000000 0.44 0.48 0.52
v -11.3441414 10.6628663 11.5000000 0.44 0.48 0.52
v -11.3757268 10.6590801 11.5000000 0.44 0.48 0.52
v -11.4074378 10.6565527 11.5000000 0.44 0.48 0.52
v -11.4392241 10.6552880 11.5000000 0.44 0.48 0.52
v -11.4710356 10.6552880 11.5000000 0.44 0.48 0.52
v -11.5028220 10.6565527 11.5000000 0.44 0.48 0.52
v -11.5345329 10.6590801 11.5000000 0.44 0.48 0.52
v -11.5661183 10.6628663 11.5000000 0.44 0.48 0.52
v -11.5975282 10.6679052 11.5000000 0.44 0.48 0.52
v -11.6287129 10.6741888 11.5000000 0.44 0.48 0.52
v -11.6596232 10.6817073 11.5000000 0.44 0.48 0.52
v -11.6902101 10.6904487 11.5000000 0.44 0.48 0.52
v -11.7204253 10.7003992 11.5000000 0.44 0.48 0.52
v -11.7502210 10.7115431 11.5000000 0.44 0.48 0.52
v -11.7795501 10.7238628 11.5000000 0.44 0.48 0.52
v -11.8083663 10.7373388 11.5000000 0.44 0.48 0.52
v -11.8366239 10.7519497 11.5000000 0.44 0.48 0.52
v -11.8642782 10.7676725 11.5000000 0.44 0.48 0.52
v -11.8912857 10.7844823 11.5000000 0.44 0.48 0.52
v -11.9176035 10.8023526 11.5000000 0.44 0.48 0.52
v -11.9431900 10.8212550 11.5000000 0.44 0.48 0.52
v -11.9680048 10.8411597 11.5000000 0.44 0.48 0.52
v -11.9920086 10.8620352 11.5000000 0.44 0.48 0.52
v -12.0151635 10.8838486 11.5000000 0.44 0.48 0.52
v -12.0374329 10.9065652 11.5000000 0.44 0.48 0.52
v -12.0587816 10.9301493 11.5000000 0.44 0.48 0.52
v -12.0791757 10.9545634 11.5000000 0.44 0.48 0.52
v -12.0985831 10.9797690 11.5000000 0.44 0.48 0.52
v -12.1169731 11.0057263 11.5000000 0.44 0.48 0.52
v -12.1343165 11.0323942 11.5000000 0.44 0.48 0.52
v -12.1505861 11.0597305 11.5000000 0.44 0.48 0.52
v -12.1657559 11.0876920 11.5000000 0.44 0.48 0.52
v -12.1798022 11.1162345 11.5000000 0.44 0.48 0.52
v -12.1927025 11.1453129 11.5000000 0.44 0.48 0.52
v -12.2044367 11.1748812 11.5000000 0.44 0.48 0.52
v -12.2149860 11.2048926 11.5000000 0.44 0.48 0.52
v -12.2243338 11.2352996 11.5000000 0.44 0.48 0.52
v -12.2324653 11.2660543 11.5000000 0.44 0.48 0.52
v -12.2393677 11.2971079 11.5000000 0.44 0.48 0.52
v -12.2450301 11.3284114 11.5000000 0.44 0.48 0.52
v -12.2494435 11.3599153 11.5000000 0.44 0.48 0.52
v -12.2526009 11.3915697 11.5000000 0.44 0.48 0.52
v -12.2544974 11.4233246 11.5000000 0.44 0.48 0.52
v -12.2551299 11.4551299 11.5000000 0.44 0.48 0.52
v -12.2544974 11.4869351 11.5000000 0.44 0.48 0.52
v -12.2526009 11.5186900 11.5000000 0.44 0.48 0.52
v -12.2494435 11.5503444 11.5000000 0.44 0.48 0.52
v -12.2450301 11.5818483 11.5000000 0.44 0.48 0.52
v -12.2393677 11.6131518 11.5000000 0.44 0.48 0.52
v -12.2324653 11.6442054 11.5000000 0.44 0.48 0.52
v -12.2243338 11.6749601 11.5000000 0.44 0.48 0.52
v -12.2149860 11.7053671 11.5000000 0.44 0.48 0.52
v -12.2044367 11.7353785 11.5000000 0.44 0.48 0.52
v -12.1927025 11.7649468 11.5000000 0.44 0.48 0.52
v -12.1798022 11.7940252 11.5000000 0.44 0.48 0.52
v -12.1657559 11.8225677 11.5000000 0.44 0.48 0.52
v -12.1505861 11.8505292 11.5000000 0.44 0.48 0.52
v -12.1343165 11.8778655 11.5000000 0.44 0.48 0.52
v -12.1169731 11.9045334 11.5000000 0.44 0.48 0.52
v -12.0985831 11.9304907 11.5000000 0.44 0.48 0.52
v -12.0791757 11.9556963 11.5000000 0.44 0.48 0.52
v -12.0587816 11.9801105 11.5000000 0.44 0.48 0.52
v -12.0374329 12.0036945 11.5000000 0.44 0.48 0.52
v -12.0151635 12.0264111 11.5000000 0.44 0.48 0.52
v -11.9920086 12.0482245 11.5000000 0.44 0.48 0.52
v -11.9680048 12.0691000 11.5000000 0.44 0.48 0.52
v -11.9431900 12.0890047 11.5000000 0.44 0.48 0.52
v -11.9176035 12.1079071 11.5000000 0.44 0.48 0.52
v -11.8912857 12.1257774 11.5000000 0.44 0.48 0.52
v -11.8642782 12.1425872 11.5000000 0.44 0.48 0.52
v -11.8366239 12.1583100 11.5000000 0.44 0.48 0.52
v -11.8083663 12.1729209 11.5000000 0.44 0.48 0.52
v -11.7795501 12.1863969 11.5000000 0.44 0.48 0.52
v -11.7502210 12.1987166 11.5000000 0.44 0.48 0.52
v -11.7204253 12.2098605 11.5000000 0.44 0.48 0.52
v -11.6902101 12.2198110 11.5000000 0.44 0.48 0.52
v -11.6596232 12.2285524 11.5000000 0.44 0.48 0.52
v -11.6287129 12.2360709 11.5000000 0.44 0.48 0.52
v -11.5975282 12.2423545 11.5000000 0.44 0.48 0.52
v -11.5661183 12.2473934 11.5000000 0.44 0.48 0.52
v -11.5345329 12.2511796 11.5000000 0.44 0.48 0.52
v -11.5028220 12.2537070 11.5000000 0.44 0.48 0.52
v -11.4710356 12.2549717 11.5000000 0.44 0.48 0.52
v -11.4392241 12.2549717 11.5000000 0.44 0.48 0.52
v -11.4074378 12.2537070 11.5000000 0.44 0.48 0.52
v -11.3757268 12.2511796 11.5000000 0.44 0.48 0.52
v -11.3441414 12.2473934 11.5000000 0.44 0.48 0.52
v -11.3127315 12.2423545 11.5000000 0.44 0.48 0.52
v -11.2815468 12.2360709 11.5000000 0.44 0.48 0.52
v -11.2506365 12.2285524 11.5000000 0.44 0.48 0.52
v -11.2200496 12.2198110 11.5000000 0.44 0.48 0.52
v -11.1898344 12.2098605 11.5000000 0.44 0.48 0.52
v -11.1600387 12.1987166 11.5000000 0.44 0.48 0.52
v -11.1307096 12.1863969 11.5000000 0.44 0.48 0.52
v -11.1018935 12.1729209 11.5000000 0.44 0.48 0.52
v -11.0736359 12.1583100 11.5000000 0.44 0.48 0.52
v -11.0459815 12.1425872 11.5000000 0.44 0.48 0.52
v -11.0189740 12.1257774 11.5000000 0.44 0.48 0.52
v -10.9926563 12.1079071 11.5000000 0.44 0.48 0.52
v -10.9670697 12.0890047 11.5000000 0.44 0.48 0.52
v -10.9422549 12.0691000 11.5000000 0.44 0.48 0.52
v -10.9182511 12.0482245 11.5000000 0.44 0.48 0.52
v -10.8950962 12.0264111 11.5000000 0.44 0.48 0.52
v -10.8728268 12.0036945 11.5000000 0.44 0.48 0.52
v -10.8514782 11.9801105 11.5000000 0.44 0.48 0.52
v -10.8310840 11.9556963 11.5000000 0.44 0.48 0.52
v -10.8116766 11.9304907 11.5000000 0.44 0.48 0.52
v -10.7932866 11.9045334 11.5000000 0.44 0.48 0.52
v -10.7759432 11.8778655 11.5000000 0.44 0.48 0.52
v -10.7596736 11.8505292 11.5000000 0.44 0.48 0.52
v -10.7445038 11.8225677 11.5000000 0.44 0.48 0.52
v -10.7304575 11.7940252 11.5000000 0.44 0.48 0.52
v -10.7175572 11.7649468 11.5000000 0.44 0.48 0.52
v -10.7058231 11.7353785 11.5000000 0.44 0.48 0.52
v -10.6952737 11.7053671 11.5000000 0.44 0.48 0.52
v -10.6859259 11.6749601 11.5000000 0.44 0.48 0.52
v -10.6777944 11.6442054 11.5000000 0.44 0.48 0.52
v -10.6708920 11.6131518 11.5000000 0.44 0.48 0.52
v -10.6652296 11.5818483 11.5000000 0.44 0.48 0.52
v -10.6608162 11.5503444 11.5000000 0.44 0.48 0.52
v -10.6576588 11.5186900 11.5000000 0.44 0.48 0.52
v -10.6557623 11.4869351 11.5000000 0.44 0.48 0.52
v -10.6551299 11.4551299 11.5000000 0.44 0.48 0.52
v -10.0551299 11.4551299 12.1000000 0.44 0.48 0.52
v -10.1751299 11.4551299 11.9800000 0.44 0.48 0.52
v -10.2951299 11.4551299 11.8600000 0.44 0.48 0.52
v -10.4151299 11.4551299 11.7400000 0.44 0.48 0.52
v -10.5351299 11.4551299 11.6200000 0.44 0.48 0.52
v -10.0562367 11.3994707 12.1000000 0.44 0.48 0.52
v -10.0595555 11.3438996 12.1000000 0.44 0.48 0.52
v -10.0650810 11.2885044 12.1000000 0.44 0.48 0.52
v -10.0728044 11.2333726 12.1000000 0.44 0.48 0.52
v -10.0827135 11.1785915 12.1000000 0.44 0.48 0.52
v -10.0947928 11.1242476 12.1000000 0.44 0.48 0.52
v -10.1090230 11.0704270 12.1000000 0.44 0.48 0.52
v -10.1253817 11.0172146 12.1000000 0.44 0.48 0.52
v -10.1438430 10.9646947 12.1000000 0.44 0.48 0.52
v -10.1643777 10.9129502 12.1000000 0.44 0.48 0.52
v -10.1869533 10.8620631 12.1000000 0.44 0.48 0.52
v -10.2115342 10.8121137 12.1000000 0.44 0.48 0.52
v -10.2380815 10.7631810 12.1000000 0.44 0.48 0.52
v -10.2665531 10.7153424 12.1000000 0.44 0.48 0.52
v -10.2969042 10.6686737 12.1000000 0.44 0.48 0.52
v -10.3290867 10.6232484 12.1000000 0.44 0.48 0.52
v -10.3630496 10.5791385 12.1000000 0.44 0.48 0.52
v -10.3987394 10.5364138 12.1000000 0.44 0.48 0.52
v -10.4360995 10.4951417 12.1000000 0.44 0.48 0.52
v -10.4750710 10.4553876 12.1000000 0.44 0.48 0.52
v -10.5155921 10.4172143 12.1000000 0.44 0.48 0.52
v -10.5575988 10.3806821 12.1000000 0.44 0.48 0.52
v -10.6010247 10.3458489 12.1000000 0.44 0.48 0.52
v -10.6458011 10.3127696 12.1000000 0.44 0.48 0.52
v -10.6918572 10.2814967 12.1000000 0.44 0.48 0.52
v -10.7391202 10.2520795 12.1000000 0.44 0.48 0.52
v -10.7875154 10.2245646 12.1000000 0.44 0.48 0.52
v -10.8369662 10.1989955 12.1000000 0.44 0.48 0.52
v -10.8873944 10.1754125 12.1000000 0.44 0.48 0.52
v -10.9387204 10.1538531 12.1000000 0.44 0.48 0.52
v -10.9908629 10.1343512 12.1000000 0.44 0.48 0.52
v -11.0437395 10.1169378 12.1000000 0.44 0.48 0.52
v -11.0972666 10.1016403 12.1000000 0.44 0.48 0.52
v -11.1513595 10.0884830 12.1000000 0.44 0.48 0.52
v -11.2059328 10.0774866 12.1000000 0.44 0.48 0.52
v -11.2609001 10.0686686 12.1000000 0.44 0.48 0.52
v -11.3161745 10.0620428 12.1000000 0.44 0.48 0.52
v -11.3716687 10.0576198 12.1000000 0.44 0.48 0.52
v -11.4272948 10.0554066 12.1000000 0.44 0.48 0.52
v -11.4829649 10.0554066 12.1000000 0.44 0.48 0.52
v -11.5385910 10.0576198 12.1000000 0.44 0.48 0.52
v -11.5940852 10.0620428 12.1000000 0.44 0.48 0.52
v -11.6493596 10.0686686 12.1000000 0.44 0.48 0.52
v -11.7043269 10.0774866 12.1000000 0.44 0.48 0.52
v -11.7589002 10.0884830 12.1000000 0.44 0.48 0.52
v -11.8129931 10.1016403 12.1000000 0.44 0.48 0.52
v -11.8665202 10.1169378 12.1000000 0.44 0.48 0.52
v -11.9193968 10.1343512 12.1000000 0.44 0.48 0.52
v -11.9715393 10.1538531 12.1000000 0.44 0.48 0.52
v -12.0228653 10.1754125 12.1000000 0.44 0.48 0.52
v -12.0732936 10.1989955 12.1000000 0.44 0.48 0.52
v -12.1227444 10.2245646 12.1000000 0.44 0.48 0.52
v -12.1711395 10.2520795 12.1000000 0.44 0.48 0.52
v -12.2184025 10.2814967 12.1000000 0.44 0.48 0.52
v -12.2644587 10.3127696 12.1000000 0.44 0.48 0.52
v -12.3092351 10.3458489 12.1000000 0.44 0.48 0.52
v -12.3526609 10.3806821 12.1000000 0.44 0.48 0.52
v -12.3946677 10.4172143 12.1000000 0.44 0.48 0.52
v -12.4351888 10.4553876 12.1000000 0.44 0.48 0.52
v -12.4741602 10.4951417 12.1000000 0.44 0.48 0.52
v -12.5115203 10.5364138 12.1000000 0.44 0.48 0.52
v -12.5472101 10.5791385 12.1000000 0.44 0.48 0.52
v -12.5811730 10.6232484 12.1000000 0.44 0.48 0.52
v -12.6133555 10.6686737 12.1000000 0.44 0.48 0.52
v -12.6437066 10.7153424 12.1000000 0.44 0.48 0.52
v -12.6721782 10.7631810 12.1000000 0.44 0.48 0.52
v -12.6987255 10.8121137 12.1000000 0.44 0.48 0.52
v -12.7233064 10.8620631 12.1000000 0.44 0.48 0.52
v -12.7458821 10.9129502 12.1000000 0.44 0.48 0.52
v -12.7664168 10.9646947 12.1000000 0.44 0.48 0.52
v -12.7848780 11.0172146 12.1000000 0.44 0.48 0.52
v -12.8012367 11.0704270 12.1000000 0.44 0.48 0.52
v -12.8154669 11.1242476 12.1000000 0.44 0.48 0.52
v -12.8275462 11.1785915 12.1000000 0.44 0.48 0.52
v -12.8374553 11.2333726 12.1000000 0.44 0.48 0.52
v -12.8451788 11.2885044 12.1000000 0.44 0.48 0.52
v -12.8507042 11.3438996 12.1000000 0.44 0.48 0.52
v -12.8540230 11.3994707 12.1000000 0.44 0.48 0.52
v -12.8551299 11.4551299 12.1000000 0.44 0.48 0.52
v -12.8540230 11.5107890 12.1000000 0.44 0.48 0.52
v -12.8507042 11.5663601 12.1000000 0.44 0.48 0.52
v -12.8451788 11.6217553 12.1000000 0.44 0.48 0.52
v -12.8374553 11.6768871 12.1000000 0.44 0.48 0.52
v -12.8275462 11.7316682 12.1000000 0.44 0.48 0.52
v -12.8154669 11.7860121 12.1000000 0.44 0.48 0.52
v -12.8012367 11.8398327 12.1000000 0.44 0.48 0.52
v -12.7848780 11.8930451 12.1000000 0.44 0.48 0.52
v -12.7664168 11.9455650 12.1000000 0.44 0.48 0.52
v -12.7458821 11.9973095 12.1000000 0.44 0.48 0.52
v -12.7233064 12.0481967 12.1000000 0.44 0.48 0.52
v -12.6987255 12.0981461 12.1000000 0.44 0.48 0.52
v -12.6721782 12.1470787 12.1000000 0.44 0.48 0.52
v -12.6437066 12.1949173 12.1000000 0.44 0.48 0.52
v -12.6133555 12.2415861 12.1000000 0.44 0.48 0.52
v -12.5811730 12.2870113 12.1000000 0.44 0.48 0.52
v -12.5472101 12.3311212 12.1000000 0.44 0.48 0.52
v -12.5115203 12.3738459 12.1000000 0.44 0.48 0.52
v -12.4741602 12.4151180 12.1000000 0.44 0.48 0.52
v -12.4351888 12.4548721 12.1000000 0.44 0.48 0.52
v -12.3946677 12.4930454 12.1000000 0.44 0.48 0.52
v -12.3526609 12.5295776 12.1000000 0.44 0.48 0.52
v -12.3092351 12.5644108 12.1000000 0.44 0.48 0.52
v -12.2644587 12.5974901 12.1000000 0.44 0.48 0.52
v -12.2184025 12.6287630 12.1000000 0.44 0.48 0.52
v -12.1711395 12.6581802 12.1000000 0.44 0.48 0.52
v -12.1227444 12.6856951 12.1000000 0.44 0.48 0.52
v -12.0732936 12.7112643 12.1000000 0.44 0.48 0.52
v -12.0228653 12.7348472 12.1000000 0.44 0.48 0.52
v -11.9715393 12.7564066 12.1000000 0.44 0.48 0.52
v -11.9193968 12.7759085 12.1000000 0.44 0.48 0.52
v -11.8665202 12.7933219 12.1000000 0.44 0.48 0.52
v -11.8129931 12.8086194 12.1000000 0.44 0.48 0.52
v -11.7589002 12.8217767 12.1000000 0.44 0.48 0.52
v -11.7043269 12.8327731 12.1000000 0.44 0.48 0.52
v -11.6493596 12.8415911 12.1000000 0.44 0.48 0.52
v -11.5940852 12.8482169 12.1000000 0.44 0.48 0.52
v -11.5385910 12.8526399 12.1000000 0.44 0.48 0.52
v -11.4829649 12.8548531 12.1000000 0.44 0.48 0.52
v -11.4272948 12.8548531 12.1000000 0.44 0.48 0.52
v -11.3716687 12.8526399 12.1000000 0.44 0.48 0.52
v -11.3161745 12.8482169 12.1000000 0.44 0.48 0.52
v -11.2609001 12.8415911 12.1000000 0.44 0.48 0.52
v -11.2059328 12.8327731 12.1000000 0.44 0.48 0.52
v -11.1513595 12.8217767 12.1000000 0.44 0.48 0.52
v -11.0972666 12.8086194 12.1000000 0.44 0.48 0.52
v -11.0437395 12.7933219 12.1000000 0.44 0.48 0.52
v -10.9908629 12.7759085 12.1000000 0.44 0.48 0.52
v -10.9387204 12.7564066 12.1000000 0.44 0.48 0.52
v -10.8873944 12.7348472 12.1000000 0.44 0.48 0.52
v -10.8369662 12.7112643 12.1000000 0.44 0.48 0.52
v -10.7875154 12.6856951 12.1000000 0.44 0.48 0.52
v -10.7391202 12.6581802 12.1000000 0.44 0.48 0.52
v -10.6918572 12.6287630 12.1000000 0.44 0.48 0.52
v -10.6458011 12.5974901 12.1000000 0.44 0.48 0.52
v -10.6010247 12.5644108 12.1000000 0.44 0.48 0.52
v -10.5575988 12.5295776 12.1000000 0.44 0.48 0.52
v -10.5155921 12.4930454 12.1000000 0.44 0.48 0.52
v -10.4750710 12.4548721 12.1000000 0.44 0.48 0.52
v -10.4360995 12.4151180 12.1000000 0.44 0.48 0.52
v -10.3987394 12.3738459 12.1000000 0.44 0.48 0.52
v -10.3630496 12.3311212 12.1000000 0.44 0.48 0.52
v -10.3290867 12.2870113 12.1000000 0.44 0.48 0.52
v -10.2969042 12.2415861 12.1000000 0.44 0.48 0.52
v -10.2665531 12.1949173 12.1000000 0.44 0.48 0.52
v -10.2380815 12.1470787 12.1000000 0.44 0.48 0.52
v -10.2115342 12.0981461 12.1000000 0.44 0.48 0.52
v -10.1869533 12.0481967 12.1000000 0.44 0.48 0.52
v -10.1643777 11.9973095 12.1000000 0.44 0.48 0.52
v -10.1438430 11.9455650 12.1000000 0.44 0.48 0.52
v -10.1253817 11.8930451 12.1000000 0.44 0.48 0.52
v -10.1090230 11.8398327 12.1000000 0.44 0.48 0.52
v -10.0947928 11.7860121 12.1000000 0.44 0.48 0.52
v -10.0827135 11.7316682 12.1000000 0.44 0.48 0.52
v -10.0728044 11.6768871 12.1000000 0.44 0.48 0.52
v -10.0650810 11.6217553 12.1000000 0.44 0.48 0.52
v -10.0595555 11.5663601 12.1000000 0.44 0.48 0.52
v -10.0562367 11.5107890 12.1000000 0.44 0.48 0.52
v -10.0551299 11.4551299 12.1000000 0.44 0.48 0.52
v -10.1751299 11.4551299 11.9800000 0.44 0.48 0.52
v -10.2951299 11.4551299 11.8600000 0.44 0.48 0.52
v -10.4151299 11.4551299 11.7400000 0.44 0.48 0.52
v -10.5351299 11.4551299 11.6200000 0.44 0.48 0.52
v -10.1791761 11.3534336 11.9800000 0.44 0.48 0.52
v -10.1912894 11.2523804 11.9800000 0.44 0.48 0.52
v -10.2987968 11.3629677 11.8600000 0.44 0.48 0.52
v -10.2113931 11.1526090 11.9800000 0.44 0.48 0.52
v -10.3097745 11.2713881 11.8600000 0.44 0.48 0.52
v -10.2393601 11.0547502 11.9800000 0.44 0.48 0.52
v -10.4184175 11.3725017 11.7400000 0.44 0.48 0.52
v -10.3279934 11.1809703 11.8600000 0.44 0.48 0.52
v -10.2750136 10.9594228 11.9800000 0.44 0.48 0.52
v -10.4282595 11.2903959 11.7400000 0.44 0.48 0.52
v -10.3533385 11.0922858 11.8600000 0.44 0.48 0.52
v -10.3181281 10.8672293 11.9800000 0.44 0.48 0.52
v -10.5380381 11.3820357 11.6200000 0.44 0.48 0.52
v -10.4445937 11.2093316 11.7400000 0.44 0.48 0.52
v -10.3856495 11.0058953 11.8600000 0.44 0.48 0.52
v -10.3684312 10.7787528 11.9800000 0.44 0.48 0.52
v -10.5467445 11.3094037 11.6200000 0.44 0.48 0.52
v -10.4673169 11.1298214 11.7400000 0.44 0.48 0.52
v -10.4247220 10.9223450 11.8600000 0.44 0.48 0.52
v -10.4256047 10.6945525 11.9800000 0.44 0.48 0.52
v -10.5611941 11.2376930 11.6200000 0.44 0.48 0.52
v -10.4962854 11.0523678 11.7400000 0.44 0.48 0.52
v -10.4703092 10.8421631 11.8600000 0.44 0.48 0.52
v -10.4892871 10.6151609 11.9800000 0.44 0.48 0.52
v -10.5812953 11.1673570 11.6200000 0.44 0.48 0.52
v -10.5313159 10.9774607 11.7400000 0.44 0.48 0.52
v -10.5221226 10.7658567 11.8600000 0.44 0.48 0.52
v -10.5590760 10.5410798 11.9800000 0.44 0.48 0.52
v -10.6069213 11.0988404 11.6200000 0.44 0.48 0.52
v -10.5721872 10.9055735 11.7400000 0.44 0.48 0.52
v -10.5798349 10.6939080 11.8600000 0.44 0.48 0.52
v -10.6345300 10.4727776 11.9800000 0.44 0.48 0.52
v -10.6379099 11.0325763 11.6200000 0.44 0.48 0.52
v -10.6186406 10.8371608 11.7400000 0.44 0.48 0.52
v -10.6430810 10.6267720 11.8600000 0.44 0.48 0.52
v -10.7151721 10.4106862 11.9800000 0.44 0.48 0.52
v -10.6740652 10.9689838 11.6200000 0.44 0.48 0.52
v -10.6703827 10.7726551 11.7400000 0.44 0.48 0.52
v -10.7114612 10.5648732 11.8600000 0.44 0.48 0.52
v -10.8004924 10.3551981 11.9800000 0.44 0.48 0.52
v -10.7151586 10.9084649 11.6200000 0.44 0.48 0.52
v -10.7270861 10.7124642 11.7400000 0.44 0.48 0.52
v -10.7845431 10.5086028 11.8600000 0.44 0.48 0.52
v -10.8899516 10.3066641 11.9800000 0.44 0.48 0.52
v -10.7609304 10.8514022 11.6200000 0.44 0.48 0.52
v -10.7883925 10.6569687 11.7400000 0.44 0.48 0.52
v -10.8618647 10.4583167 11.8600000 0.44 0.48 0.52
v -10.9829840 10.2653911 11.9800000 0.44 0.48 0.52
v -10.8110911 10.7981564 11.6200000 0.44 0.48 0.52
v -10.8539142 10.6065194 11.7400000 0.44 0.48 0.52
v -10.9429371 10.4143328 11.8600000 0.44 0.48 0.52
v -11.0790015 10.2316400 11.9800000 0.44 0.48 0.52
v -10.8653237 10.7490642 11.6200000 0.44 0.48 0.52
v -10.9232370 10.5614353 11.7400000 0.44 0.48 0.52
v -11.0272477 10.3769291 11.8600000 0.44 0.48 0.52
v -11.1773970 10.2056242 11.9800000 0.44 0.48 0.52
v -10.9232852 10.7044360 11.6200000 0.44 0.48 0.52
v -10.9959225 10.5220014 11.7400000 0.44 0.48 0.52
v -11.1142635 10.3463422 11.8600000 0.44 0.48 0.52
v -11.2775484 10.1875081 11.9800000 0.44 0.48 0.52
v -10.9846092 10.6645539 11.6200000 0.44 0.48 0.52
v -11.0715114 10.4884671 11.7400000 0.44 0.48 0.52
v -11.2034344 10.3227653 11.8600000 0.44 0.48 0.52
v -11.3788225 10.1774064 11.9800000 0.44 0.48 0.52
v -11.0489080 10.6296701 11.6200000 0.44 0.48 0.52
v -11.1495256 10.4610443 11.7400000 0.44 0.48 0.52
v -11.2941966 10.3063477 11.8600000 0.44 0.48 0.52
v -11.4805791 10.1753829 11.9800000 0.44 0.48 0.52
v -11.1157750 10.6000051 11.6200000 0.44 0.48 0.52
v -11.2294719 10.4399065 11.7400000 0.44 0.48 0.52
v -11.3859763 10.2971930 11.8600000 0.44 0.48 0.52
v -11.5821747 10.1814503 11.9800000 0.44 0.48 0.52
v -11.1847876 10.5757465 11.6200000 0.44 0.48 0.52
v -11.3108449 10.4251872 11.7400000 0.44 0.48 0.52
v -11.4781932 10.2953592 11.8600000 0.44 0.48 0.52
v -11.6829672 10.1955703 11.9800000 0.44 0.48 0.52
v -11.2555094 10.5570476 11.6200000 0.44 0.48 0.52
v -11.3931301 10.4169796 11.7400000 0.44 0.48 0.52
v -11.5702643 10.3008578 11.8600000 0.44 0.48 0.52
v -11.7823191 10.2176537 11.9800000 0.44 0.48 0.52
v -11.3274932 10.5440267 11.6200000 0.44 0.48 0.52
v -11.4758073 10.4153354 11.7400000 0.44 0.48 0.52
v -11.6616074 10.3136540 11.8600000 0.44 0.48 0.52
v -11.8796025 10.2475608 11.9800000 0.44 0.48 0.52
v -11.4002839 10.5367661 11.6200000 0.44 0.48 0.52
v -11.5583538 10.4202652 11.7400000 0.44 0.48 0.52
v -11.7516451 10.3336671 11.8600000 0.44 0.48 0.52
v -11.9742023 10.2851026 11.9800000 0.44 0.48 0.52
v -11.4734215 10.5353117 11.6200000 0.44 0.48 0.52
v -11.6402477 10.4317378 11.7400000 0.44 0.48 0.52
v -11.8398082 10.3607704 11.8600000 0.44 0.48 0.52
v -12.0655203 10.3300416 11.9800000 0.44 0.48 0.52
v -11.5464434 10.5396727 11.6200000 0.44 0.48 0.52
v -11.7209712 10.4496805 11.7400000 0.44 0.48 0.52
v -11.9255392 10.3947926 11.8600000 0.44 0.48 0.52
v -12.1529792 10.3820938 11.9800000 0.44 0.48 0.52
v -11.6188879 10.5498215 11.6200000 0.44 0.48 0.52
v -11.8000139 10.4739800 11.7400000 0.44 0.48 0.52
v -12.0082962 10.4355186 11.8600000 0.44 0.48 0.52
v -12.2360260 10.4409301 11.9800000 0.44 0.48 0.52
v -11.6902972 10.5656939 11.6200000 0.44 0.48 0.52
v -11.8768762 10.5044827 11.7400000 0.44 0.48 0.52
v -12.0875558 10.4826909 11.8600000 0.44 0.48 0.52
v -12.3141358 10.5061785 11.9800000 0.44 0.48 0.52
v -11.7602196 10.5871896 11.6200000 0.44 0.48 0.52
v -11.9510721 10.5409957 11.7400000 0.44 0.48 0.52
v -12.1628170 10.5360113 11.8600000 0.44 0.48 0.52
v -12.3868147 10.5774264 11.9800000 0.44 0.48 0.52
v -11.8282132 10.6141727 11.6200000 0.44 0.48 0.52
v -12.0221324 10.5832881 11.7400000 0.44 0.48 0.52
v -12.2336040 10.5951427 11.8600000 0.44 0.48 0.52
v -12.4536032 10.6542235 11.9800000 0.44 0.48 0.52
v -11.8938480 10.6464727 11.6200000 0.44 0.48 0.52
v -12.0896080 10.6310926 11.7400000 0.44 0.48 0.52
v -12.2994693 10.6597111 11.8600000 0.44 0.48 0.52
v -12.5140790 10.7360842 11.9800000 0.44 0.48 0.52
v -11.9567090 10.6838852 11.6200000 0.44 0.48 0.52
v -12.1530722 10.6841069 11.7400000 0.44 0.48 0.52
v -12.3599963 10.7293085 11.8600000 0.44 0.48 0.52
v -12.5678598 10.8224909 11.9800000 0.44 0.48 0.52
v -12.0163990 10.7261738 11.6200000 0.44 0.48 0.52
v -12.2121238 10.7419958 11.7400000 0.44 0.48 0.52
v -12.4148025 10.8034947 11.8600000 0.44 0.48 0.52
v -12.6146056 10.9128973 11.9800000 0.44 0.48 0.52
v -12.0725404 10.7730711 11.6200000 0.44 0.48 0.52
v -12.2663895 10.8043935 11.7400000 0.44 0.48 0.52
v -12.4635414 10.8818008 11.8600000 0.44 0.48 0.52
v -12.6540207 11.0067320 11.9800000 0.44 0.48 0.52
v -12.1247784 10.8242805 11.6200000 0.44 0.48 0.52
v -12.3155260 10.8709052 11.7400000 0.44 0.48 0.52
v -12.5059047 10.9637316 11.8600000 0.44 0.48 0.52
v -12.6858561 11.1034015 11.9800000 0.44 0.48 0.52
v -12.1727826 10.8794784 11.6200000 0.44 0.48 0.52
v -12.3592229 10.9411107 11.7400000 0.44 0.48 0.52
v -12.5416247 11.0487693 11.8600000 0.44 0.48 0.52
v -12.7099105 11.2022948 11.9800000 0.44 0.48 0.52
v -12.2162496 10.9383158 11.6200000 0.44 0.48 0.52
v -12.3972039 11.0145659 11.7400000 0.44 0.48 0.52
v -12.5704755 11.1363760 11.8600000 0.44 0.48 0.52
v -12.7260317 11.3027866 11.9800000 0.44 0.48 0.52
v -12.2549045 11.0004206 11.6200000 0.44 0.48 0.52
v -12.4292287 11.0908066 11.7400000 0.44 0.48 0.52
v -12.5922748 11.2259981 11.8600000 0.44 0.48 0.52
v -12.7341179 11.4042415 11.9800000 0.44 0.48 0.52
v -12.2885030 11.0654002 11.6200000 0.44 0.48 0.52
v -12.4550950 11.1693506 11.7400000 0.44 0.48 0.52
v -12.6068847 11.3170688 11.8600000 0.44 0.48 0.52
v -12.7341179 11.5060182 11.9800000 0.44 0.48 0.52
v -12.3168327 11.1328439 11.6200000 0.44 0.48 0.52
v -12.4746391 11.2497014 11.7400000 0.44 0.48 0.52
v -12.6142128 11.4090123 11.8600000 0.44 0.48 0.52
v -12.7260317 11.6074731 11.9800000 0.44 0.48 0.52
v -12.3397144 11.2023251 11.6200000 0.44 0.48 0.52
v -12.4877376 11.3313509 11.7400000 0.44 0.48 0.52
v -12.6142128 11.5012474 11.8600000 0.44 0.48 0.52
v -12.7099105 11.7079649 11.9800000 0.44 0.48 0.52
v -12.3570034 11.2734046 11.6200000 0.44 0.48 0.52
v -12.4943076 11.4137831 11.7400000 0.44 0.48 0.52
v -12.6068847 11.5931910 11.8600000 0.44 0.48 0.52
v -12.6858561 11.8068582 11.9800000 0.44 0.48 0.52
v -12.3685906 11.3456331 11.6200000 0.44 0.48 0.52
v -12.4943076 11.4964766 11.7400000 0.44 0.48 0.52
v -12.5922748 11.6842616 11.8600000 0.44 0.48 0.52
v -12.6540207 11.9035277 11.9800000 0.44 0.48 0.52
v -12.3744025 11.4185539 11.6200000 0.44 0.48 0.52
v -12.4877376 11.5789088 11.7400000 0.44 0.48 0.52
v -12.5704755 11.7738837 11.8600000 0.44 0.48 0.52
v -12.6146056 11.9973624 11.9800000 0.44 0.48 0.52
v -12.3744025 11.4917058 11.6200000 0.44 0.48 0.52
v -12.4746391 11.6605583 11.7400000 0.44 0.48 0.52
v -12.5416247 11.8614904 11.8600000 0.44 0.48 0.52
v -12.5678598 12.0877688 11.9800000 0.44 0.48 0.52
v -12.3685906 11.5646266 11.6200000 0.44 0.48 0.52
v -12.4550950 11.7409091 11.7400000 0.44 0.48 0.52
v -12.5059047 11.9465281 11.8600000 0.44 0.48 0.52
v -12.5140790 12.1741755 11.9800000 0.44 0.48 0.52
v -12.3570034 11.6368551 11.6200000 0.44 0.48 0.52
v -12.4292287 11.8194531 11.7400000 0.44 0.48 0.52
v -12.4635414 12.0284589 11.8600000 0.44 0.48 0.52
v -12.4536032 12.2560362 11.9800000 0.44 0.48 0.52
v -12.3397144 11.7079346 11.6200000 0.44 0.48 0.52
v -12.3972039 11.8956938 11.7400000 0.44 0.48 0.52
v -12.4148025 12.1067650 11.8600000 0.44 0.48 0.52
v -12.3868147 12.3328333 11.9800000 0.44 0.48 0.52
v -12.3168327 11.7774158 11.6200000 0.44 0.48 0.52
v -12.3592229 11.9691490 11.7400000 0.44 0.48 0.52
v -12.3599963 12.1809512 11.8600000 0.44 0.48 0.52
v -12.3141358 12.4040812 11.9800000 0.44 0.48 0.52
v -12.2885030 11.8448595 11.6200000 0.44 0.48 0.52
v -12.3155260 12.0393545 11.7400000 0.44 0.48 0.52
v -12.2994693 12.2505486 11.8600000 0.44 0.48 0.52
v -12.2360260 12.4693296 11.9800000 0.44 0.48 0.52
v -12.2549045 11.9098391 11.6200000 0.44 0.48 0.52
v -12.2663895 12.1058663 11.7400000 0.44 0.48 0.52
v -12.2336040 12.3151170 11.8600000 0.44 0.48 0.52
v -12.1529792 12.5281659 11.9800000 0.44 0.48 0.52
v -12.2162496 11.9719439 11.6200000 0.44 0.48 0.52
v -12.2121238 12.1682639 11.7400000 0.44 0.48 0.52
v -12.1628170 12.3742484 11.8600000 0.44 0.48 0.52
v -12.0655203 12.5802181 11.9800000 0.44 0.48 0.52
v -12.1727826 12.0307813 11.6200000 0.44 0.48 0.52
v -12.1530722 12.2261528 11.7400000 0.44 0.48 0.52
v -12.0875558 12.4275688 11.8600000 0.44 0.48 0.52
v -11.9742023 12.6251571 11.9800000 0.44 0.48 0.52
v -12.1247784 12.0859792 11.6200000 0.44 0.48 0.52
v -12.0896080 12.2791672 11.7400000 0.44 0.48 0.52
v -12.0082962 12.4747411 11.8600000 0.44 0.48 0.52
v -11.8796025 12.6626989 11.9800000 0.44 0.48 0.52
v -12.0725404 12.1371887 11.6200000 0.44 0.48 0.52
v -12.0221324 12.3269716 11.7400000 0.44 0.48 0.52
v -11.9255392 12.5154671 11.8600000 0.44 0.48 0.52
v -11.7823191 12.6926060 11.9800000 0.44 0.48 0.52
v -12.0163990 12.1840859 11.6200000 0.44 0.48 0.52
v -11.9510721 12.3692641 11.7400000 0.44 0.48 0.52
v -11.8398082 12.5494893 11.8600000 0.44 0.48 0.52
v -11.6829672 12.7146894 11.9800000 0.44 0.48 0.52
v -11.9567090 12.2263745 11.6200000 0.44 0.48 0.52
v -11.8768762 12.4057770 11.7400000 0.44 0.48 0.52
v -11.7516451 12.5765926 11.8600000 0.44 0.48 0.52
v -11.5821747 12.7288094 11.9800000 0.44 0.48 0.52
v -11.8938480 12.2637870 11.6200000 0.44 0.48 0.52
v -11.8000139 12.4362797 11.7400000 0.44 0.48 0.52
v -11.6616074 12.5966057 11.8600000 0.44 0.48 0.52
v -11.4805791 12.7348768 11.9800000 0.44 0.48 0.52
v -11.8282132 12.2960870 11.6200000 0.44 0.48 0.52
v -11.7209712 12.4605792 11.7400000 0.44 0.48 0.52
v -11.5702643 12.6094019 11.8600000 0.44 0.48 0.52
v -11.3788225 12.7328533 11.9800000 0.44 0.48 0.52
v -11.7602196 12.3230701 11.6200000 0.44 0.48 0.52
v -11.6402477 12.4785220 11.7400000 0.44 0.48 0.52
v -11.4781932 12.6149006 11.8600000 0.44 0.48 0.52
v -11.2775484 12.7227516 11.9800000 0.44 0.48 0.52
v -11.6902972 12.3445658 11.6200000 0.44 0.48 0.52
v -11.5583538 12.4899945 11.7400000 0.44 0.48 0.52
v -11.3859763 12.6130667 11.8600000 0.44 0.48 0.52
v -11.1773970 12.7046355 11.9800000 0.44 0.48 0.52
v -11.6188879 12.3604383 11.6200000 0.44 0.48 0.52
v -11.4758073 12.4949243 11.7400000 0.44 0.48 0.52
v -11.2941966 12.6039120 11.8600000 0.44 0.48 0.52
v -11.0790015 12.6786197 11.9800000 0.44 0.48 0.52
v -11.5464434 12.3705870 11.6200000 0.44 0.48 0.52
v -11.3931301 12.4932801 11.7400000 0.44 0.48 0.52
v -11.2034344 12.5874944 11.8600000 0.44 0.48 0.52
v -10.9829840 12.6448686 11.9800000 0.44 0.48 0.52
v -11.4734215 12.3749480 11.6200000 0.44 0.48 0.52
v -11.3108449 12.4850725 11.7400000 0.44 0.48 0.52
v -11.1142635 12.5639176 11.8600000 0.44 0.48 0.52
v -10.8899516 12.6035956 11.9800000 0.44 0.48 0.52
v -11.4002839 12.3734936 11.6200000 0.44 0.48 0.52
v -11.2294719 12.4703532 11.7400000 0.44 0.48 0.52
v -11.0272477 12.5333306 11.8600000 0.44 0.48 0.52
v -10.8004924 12.5550616 11.9800000 0.44 0.48 0.52
v -11.3274932 12.3662330 11.6200000 0.44 0.48 0.52
v -11.1495256 12.4492154 11.7400000 0.44 0.48 0.52
v -10.9429371 12.4959269 11.8600000 0.44 0.48 0.52
v -10.7151721 12.4995735 11.9800000 0.44 0.48 0.52
v -11.2555094 12.3532121 11.6200000 0.44 0.48 0.52
v -11.0715114 12.4217926 11.7400000 0.44 0.48 0.52
v -10.8618647 12.4519430 11.8600000 0.44 0.48 0.52
v -10.6345300 12.4374821 11.9800000 0.44 0.48 0.52
v -11.1847876 12.3345132 11.6200000 0.44 0.48 0.52
v -10.9959225 12.3882583 11.7400000 0.44 0.48 0.52
v -10.7845431 12.4016569 11.8600000 0.44 0.48 0.52
v -10.5590760 12.3691799 11.9800000 0.44 0.48 0.52
v -11.1157750 12.3102546 11.6200000 0.44 0.48 0.52
v -10.9232370 12.3488244 11.7400000 0.44 0.48 0.52
v -10.7114612 12.3453866 11.8600000 0.44 0.48 0.52
v -10.4892871 12.2950988 11.9800000 0.44 0.48 0.52
v -11.0489080 12.2805896 11.6200000 0.44 0.48 0.52
v -10.8539142 12.3037403 11.7400000 0.44 0.48 0.52
v -10.6430810 12.2834877 11.8600000 0.44 0.48 0.52
v -10.4256047 12.2157072 11.9800000 0.44 0.48 0.52
v -10.9846092 12.2457058 11.6200000 0.44 0.48 0.52
v -10.7883925 12.2532910 11.7400000 0.44 0.48 0.52
v -10.5798349 12.2163517 11.8600000 0.44 0.48 0.52
v -10.3684312 12.1315069 11.9800000 0.44 0.48 0.52
v -10.9232852 12.2058237 11.6200000 0.44 0.48 0.52
v -10.7270861 12.1977955 11.7400000 0.44 0.48 0.52
v -10.5221226 12.1444030 11.8600000 0.44 0.48 0.52
v -10.3181281 12.0430304 11.9800000 0.44 0.48 0.52
v -10.8653237 12.1611955 11.6200000 0.44 0.48 0.52
v -10.6703827 12.1376046 11.7400000 0.44 0.48 0.52
v -10.4703092 12.0680966 11.8600000 0.44 0.48 0.52
v -10.2750136 11.9508370 11.9800000 0.44 0.48 0.52
v -10.8110911 12.1121033 11.6200000 0.44 0.48 0.52
v -10.6186406 12.0730989 11.7400000 0.44 0.48 0.52
v -10.4247220 11.9879147 11.8600000 0.44 0.48 0.52
v -10.2393601 11.8555095 11.9800000 0.44 0.48 0.52
v -10.7609304 12.0588575 11.6200000 0.44 0.48 0.52
v -10.5721872 12.0046862 11.7400000 0.44 0.48 0.52
v -10.3856495 11.9043644 11.8600000 0.44 0.48 0.52
v -10.2113931 11.7576507 11.9800000 0.44 0.48 0.52
v -10.7151586 12.0017948 11.6200000 0.44 0.48 0.52
v -10.5313159 11.9327990 11.7400000 0.44 0.48 0.52
v -10.3533385 11.8179739 11.8600000 0.44 0.48 0.52
v -10.1912894 11.6578793 11.9800000 0.44 0.48 0.52
v -10.6740652 11.9412759 11.6200000 0.44 0.48 0.52
v -10.4962854 11.8578919 11.7400000 0.44 0.48 0.52
v -10.3279934 11.7292894 11.8600000 0.44 0.48 0.52
v -10.1791761 11.5568261 11.9800000 0.44 0.48 0.52
v -10.6379099 11.8776834 11.6200000 0.44 0.48 0.52
v -10.4673169 11.7804383 11.7400000 0.44 0.48 0.52
v -10.3097745 11.6388716 11.8600000 0.44 0.48 0.52
v -10.6069213 11.8114193 11.6200000 0.44 0.48 0.52
v -10.4445937 11.7009281 11.7400000 0.44 0.48 0.52
v -10.2987968 11.5472920 11.8600000 0.44 0.48 0.52
v -10.5812953 11.7429027 11.6200000 0.44 0.48 0.52
v -10.4282595 11.6198638 11.7400000 0.44 0.48 0.52
v -10.5611941 11.6725667 11.6200000 0.44 0.48 0.52
v -10.4184175 11.5377580 11.7400000 0.44 0.48 0.52
v -10.5467445 11.6008560 11.6200000 0.44 0.48 0.52
v -10.5380381 11.5282240 11.6200000 0.44 0.48 0.52
v -10.6551299 11.4551299 11.5000000 0.44 0.48 0.52
v -10.6551299 11.4551299 8.5000000 0.44 0.48 0.52
v -10.6557623 11.4233246 8.5000000 0.44 0.48 0.52
v -10.6576588 11.3915697 8.5000000 0.44 0.48 0.52
v -10.6608162 11.3599153 8.5000000 0.44 0.48 0.52
v -10.6652296 11.3284114 8.5000000 0.44 0.48 0.52
v -10.6708920 11.2971079 8.5000000 0.44 0.48 0.52
v -10.6777944 11.2660543 8.5000000 0.44 0.48 0.52
v -10.6859259 11.2352996 8.5000000 0.44 0.48 0.52
v -10.6952737 11.2048926 8.5000000 0.44 0.48 0.52
v -10.7058231 11.1748812 8.5000000 0.44 0.48 0.52
v -10.7175572 11.1453129 8.5000000 0.44 0.48 0.52
v -10.7304575 11.1162345 8.5000000 0.44 0.48 0.52
v -10.7445038 11.0876920 8.5000000 0.44 0.48 0.52
v -10.7596736 11.0597305 8.5000000 0.44 0.48 0.52
v -10.7759432 11.0323942 8.5000000 0.44 0.48 0.52
v -10.7932866 11.0057263 8.5000000 0.44 0.48 0.52
v -10.8116766 10.9797690 8.5000000 0.44 0.48 0.52
v -10.8310840 10.9545634 8.5000000 0.44 0.48 0.52
v -10.8514782 10.9301493 8.5000000 0.44 0.48 0.52
v -10.8728268 10.9065652 8.5000000 0.44 0.48 0.52
v -10.8950962 10.8838486 8.5000000 0.44 0.48 0.52
v -10.9182511 10.8620352 8.5000000 0.44 0.48 0.52
v -10.9422549 10.8411597 8.5000000 0.44 0.48 0.52
v -10.9670697 10.8212550 8.5000000 0.44 0.48 0.52
v -10.9926563 10.8023526 8.5000000 0.44 0.48 0.52
v -11.0189740 10.7844823 8.5000000 0.44 0.48 0.52
v -11.0459815 10.7676725 8.5000000 0.44 0.48 0.52
v -11.0736359 10.7519497 8.5000000 0.44 0.48 0.52
v -11.1018935 10.7373388 8.5000000 0.44 0.48 0.52
v -11.1307096 10.7238628 8.5000000 0.44 0.48 0.52
v -11.1600387 10.7115431 8.5000000 0.44 0.48 0.52
v -11.1898344 10.7003992 8.5000000 0.44 0.48 0.52
v -11.2200496 10.6904487 8.5000000 0.44 0.48 0.52
v -11.2506365 10.6817073 8.5000000 0.44 0.48 0.52
v -11.2815468 10.6741888 8.5000000 0.44 0.48 0.52
v -11.3127315 10.6679052 8.5000000 0.44 0.48 0.52
v -11.3441414 10.6628663 8.5000000 0.44 0.48 0.52
v -11.3757268 10.6590801 8.5000000 0.44 0.48 0.52
v -11.4074378 10.6565527 8.5000000 0.44 0.48 0.52
v -11.4392241 10.6552880 8.5000000 0.44 0.48 0.52
v -11.4710356 10.6552880 8.5000000 0.44 0.48 0.52
v -11.5028220 10.6565527 8.5000000 0.44 0.48 0.52
v -11.5345329 10.6590801 8.5000000 0.44 0.48 0.52
v -11.5661183 10.6628663 8.5000000 0.44 0.48 0.52
v -11.5975282 10.6679052 8.5000000 0.44 0.48 0.52
v -11.6287129 10.6741888 8.5000000 0.44 0.48 0.52
v -11.6596232 10.6817073 8.5000000 0.44 0.48 0.52
v -11.6902101 10.6904487 8.5000000 0.44 0.48 0.52
v -11.7204253 10.7003992 8.5000000 0.44 0.48 0.52
v -11.7502210 10.7115431 8.5000000 0.44 0.48 0.52
v -11.7795501 10.7238628 8.5000000 0.44 0.48 0.52
v -11.8083663 10.7373388 8.5000000 0.44 0.48 0.52
v -11.8366239 10.7519497 8.5000000 0.44 0.48 0.52
v -11.8642782 10.7676725 8.5000000 0.44 0.48 0.52
v -11.8912857 10.7844823 8.5000000 0.44 0.48 0.52
v -11.9176035 10.8023526 8.5000000 0.44 0.48 0.52
v -11.9431900 10.8212550 8.5000000 0.44 0.48 0.52
v -11.9680048 10.8411597 8.5000000 0.44 0.48 0.52
v -11.9920086 10.8620352 8.5000000 0.44 0.48 0.52
v -12.0151635 10.8838486 8.5000000 0.44 0.48 0.52
v -12.0374329 10.9065652 8.5000000 0.44 0.48 0.52
v -12.0587816 10.9301493 8.5000000 0.44 0.48 0.52
v -12.0791757 10.9545634 8.5000000 0.44 0.48 0.52
v -12.0985831 10.9797690 8.5000000 0.44 0.48 0.52
v -12.1169731 11.0057263 8.5000000 0.44 0.48 0.52
v -12.1343165 11.0323942 8.5000000 0.44 0.48 0.52
v -12.1505861 11.0597305 8.5000000 0.44 0.48 0.52
v -12.1657559 11.0876920 8.5000000 0.44 0.48 0.52
v -12.1798022 11.1162345 8.5000000 0.44 0.48 0.52
v -12.1927025 11.1453129 8.5000000 0.44 0.48 0.52
v -12.2044367 11.1748812 8.5000000 0.44 0.48 0.52
v -12.2149860 11.2048926 8.5000000 0.44 0.48 0.52
v -12.2243338 11.2352996 8.5000000 0.44 0.48 0.52
v -12.2324653 11.2660543 8.5000000 0.44 0.48 0.52
v -12.2393677 11.2971079 8.5000000 0.44 0.48 0.52
v -12.2450301 11.3284114 8.5000000 0.44 0.48 0.52
v -12.2494435 11.3599153 8.5000000 0.44 0.48 0.52
v -12.2526009 11.3915697 8.5000000 0.44 0.48 0.52
v -12.2544974 11.4233246 8.5000000 0.44 0.48 0.52
v -12.2551299 11.4551299 8.5000000 0.44 0.48 0.52
v -12.2544974 11.4869351 8.5000000 0.44 0.48 0.52
v -12.2526009 11.5186900 8.5000000 0.44 0.48 0.52
v -12.2494435 11.5503444 8.5000000 0.44 0.48 0.52
v -12.2450301 11.5818483 8.5000000 0.44 0.48 0.52
v -12.2393677 11.6131518 8.5000000 0.44 0.48 0.52
v -12.2324653 11.6442054 8.5000000 0.44 0.48 0.52
v -12.2243338 11.6749601 8.5000000 0.44 0.48 0.52
v -12.2149860 11.7053671 8.5000000 0.44 0.48 0.52
v -12.2044367 11.7353785 8.5000000 0.44 0.48 0.52
v -12.1927025 11.7649468 8.5000000 0.44 0.48 0.52
v -12.1798022 11.7940252 8.5000000 0.44 0.48 0.52
v -12.1657559 11.8225677 8.5000000 0.44 0.48 0.52
v -12.1505861 11.8505292 8.5000000 0.44 0.48 0.52
v -12.1343165 11.8778655 8.5000000 0.44 0.48 0.52
v -12.1169731 11.9045334 8.5000000 0.44 0.48 0.52
v -12.0985831 11.9304907 8.5000000 0.44 0.48 0.52
v -12.0791757 11.9556963 8.5000000 0.44 0.48 0.52
v -12.0587816 11.9801105 8.5000000 0.44 0.48 0.52
v -12.0374329 12.0036945 8.5000000 0.44 0.48 0.52
v -12.0151635 12.0264111 8.5000000 0.44 0.48 0.52
v -11.9920086 12.0482245 8.5000000 0.44 0.48 0.52
v -11.9680048 12.0691000 8.5000000 0.44 0.48 0.52
v -11.9431900 12.0890047 8.5000000 0.44 0.48 0.52
v -11.9176035 12.1079071 8.5000000 0.44 0.48 0.52
v -11.8912857 12.1257774 8.5000000 0.44 0.48 0.52
v -11.8642782 12.1425872 8.5000000 0.44 0.48 0.52
v -11.8366239 12.1583100 8.5000000 0.44 0.48 0.52
v -11.8083663 12.1729209 8.5000000 0.44 0.48 0.52
v -11.7795501 12.1863969 8.5000000 0.44 0.48 0.52
v -11.7502210 12.1987166 8.5000000 0.44 0.48 0.52
v -11.7204253 12.2098605 8.5000000 0.44 0.48 0.52
v -11.6902101 12.2198110 8.5000000 0.44 0.48 0.52
v -11.6596232 12.2285524 8.5000000 0.44 0.48 0.52
v -11.6287129 12.2360709 8.5000000 0.44 0.48 0.52
v -11.5975282 12.2423545 8.5000000 0.44 0.48 0.52
v -11.5661183 12.2473934 8.5000000 0.44 0.48 0.52
v -11.5345329 12.2511796 8.5000000 0.44 0.48 0.52
v -11.5028220 12.2537070 8.5000000 0.44 0.48 0.52
v -11.4710356 12.2549717 8.5000000 0.44 0.48 0.52
v -11.4392241 12.2549717 8.5000000 0.44 0.48 0.52
v -11.4074378 12.2537070 8.5000000 0.44 0.48 0.52
v -11.3757268 12.2511796 8.5000000 0.44 0.48 0.52
v -11.3441414 12.2473934 8.5000000 0.44 0.48 0.52
v -11.3127315 12.2423545 8.5000000 0.44 0.48 0.52
v -11.2815468 12.2360709 8.5000000 0.44 0.48 0.52
v -11.2506365 12.2285524 8.5000000 0.44 0.48 0.52
v -11.2200496 12.2198110 8.5000000 0.44 0.48 0.52
v -11.1898344 12.2098605 8.5000000 0.44 0.48 0.52
v -11.1600387 12.1987166 8.5000000 0.44 0.48 0.52
v -11.1307096 12.1863969 8.5000000 0.44 0.48 0.52
v -11.1018935 12.1729209 8.5000000 0.44 0.48 0.52
v -11.0736359 12.1583100 8.5000000 0.44 0.48 0.52
v -11.0459815 12.1425872 8.5000000 0.44 0.48 0.52
v -11.0189740 12.1257774 8.5000000 0.44 0.48 0.52
v -10.9926563 12.1079071 8.5000000 0.44 0.48 0.52
v -10.9670697 12.0890047 8.5000000 0.44 0.48 0.52
v -10.9422549 12.0691000 8.5000000 0.44 0.48 0.52
v -10.9182511 12.0482245 8.5000000 0.44 0.48 0.52
v -10.8950962 12.0264111 8.5000000 0.44 0.48 0.52
v -10.8728268 12.0036945 8.5000000 0.44 0.48 0.52
v -10.8514782 11.9801105 8.5000000 0.44 0.48 0.52
v -10.8310840 11.9556963 8.5000000 0.44 0.48 0.52
v -10.8116766 11.9304907 8.5000000 0.44 0.48 0.52
v -10.7932866 11.9045334 8.5000000 0.44 0.48 0.52
v -10.7759432 11.8778655 8.5000000 0.44 0.48 0.52
v -10.7596736 11.8505292 8.5000000 0.44 0.48 0.52
v -10.7445038 11.8225677 8.5000000 0.44 0.48 0.52
v -10.7304575 11.7940252 8.5000000 0.44 0.48 0.52
v -10.7175572 11.7649468 8.5000000 0.44 0.48 0.52
v -10.7058231 11.7353785 8.5000000 0.44 0.48 0.52
v -10.6952737 11.7053671 8.5000000 0.44 0.48 0.52
v -10.6859259 11.6749601 8.5000000 0.44 0.48 0.52
v -10.6777944 11.6442054 8.5000000 0.44 0.48 0.52
v -10.6708920 11.6131518 8.5000000 0.44 0.48 0.52
v -10.6652296 11.5818483 8.5000000 0.44 0.48 0.52
v -10.6608162 11.5503444 8.5000000 0.44 0.48 0.52
v -10.6576588 11.5186900 8.5000000 0.44 0.48 0.52
v -10.6557623 11.4869351 8.5000000 0.44 0.48 0.52
v -10.6551299 11.4551299 8.5000000 0.44 0.48 0.52
v -10.6551299 11.4551299 11.5000000 0.44 0.48 0.52
v -10.6557623 11.4233246 11.5000000 0.44 0.48 0.52
v -10.6576588 11.3915697 11.5000000 0.44 0.48 0.52
v -10.6608162 11.3599153 11.5000000 0.44 0.48 0.52
v -10.6652296 11.3284114 11.5000000 0.44 0.48 0.52
v -10.6708920 11.2971079 11.5000000 0.44 0.48 0.52
v -10.6777944 11.2660543 11.5000000 0.44 0.48 0.52
v -10.6859259 11.2352996 11.5000000 0.44 0.48 0.52
v -10.6952737 11.2048926 11.5000000 0.44 0.48 0.52
v -10.7058231 11.1748812 11.5000000 0.44 0.48 0.52
v -10.7175572 11.1453129 11.5000000 0.44 0.48 0.52
v -10.7304575 11.1162345 11.5000000 0.44 0.48 0.52
v -10.7445038 11.0876920 11.5000000 0.44 0.48 0.52
v -10.7596736 11.0597305 11.5000000 0.44 0.48 0.52
v -10.7759432 11.0323942 11.5000000 0.44 0.48 0.52
v -10.7932866 11.0057263 11.5000000 0.44 0.48 0.52
v -10.8116766 10.9797690 11.5000000 0.44 0.48 0.52
v -10.8310840 10.9545634 11.5000000 0.44 0.48 0.52
v -10.8514782 10.9301493 11.5000000 0.44 0.48 0.52
v -10.8728268 10.9065652 11.5000000 0.44 0.48 0.52
v -10.8950962 10.8838486 11.5000000 0.44 0.48 0.52
v -10.9182511 10.8620352 11.5000000 0.44 0.48 0.52
v -10.9422549 10.8411597 11.5000000 0.44 0.48 0.52
v -10.9670697 10.8212550 11.5000000 0.44 0.48 0.52
v -10.9926563 10.8023526 11.5000000 0.44 0.48 0.52
v -11.0189740 10.7844823 11.5000000 0.44 0.48 0.52
v -11.0459815 10.7676725 11.5000000 0.44 0.48 0.52
v -11.0736359 10.7519497 11.5000000 0.44 0.48 0.52
v -11.1018935 10.7373388 11.5000000 0.44 0.48 0.52
v -11.1307096 10.7238628 11.5000000 0.44 0.48 0.52
v -11.1600387 10.7115431 11.5000000 0.44 0.48 0.52
v -11.1898344 10.7003992 11.5000000 0.44 0.48 0.52
v -11.2200496 10.6904487 11.5000000 0.44 0.48 0.52
v -11.2506365 10.6817073 11.5000000 0.44 0.48 0.52
v -11.2815468 10.6741888 11.5000000 0.44 0.48 0.52
v -11.3127315 10.6679052 11.5000000 0.44 0.48 0.52
v -11.3441414 10.6628663 11.5000000 0.44 0.48 0.52
v -11.3757268 10.6590801 11.5000000 0.44 0.48 0.52
v -11.4074378 10.6565527 11.5000000 0.44 0.48 0.52
v -11.4392241 10.6552880 11.5000000 0.44 0.48 0.52
v -11.4710356 10.6552880 11.5000000 0.44 0.48 0.52
v -11.5028220 10.6565527 11.5000000 0.44 0.48 0.52
v -11.5345329 10.6590801 11.5000000 0.44 0.48 0.52
v -11.5661183 10.6628663 11.5000000 0.44 0.48 0.52
v -11.5975282 10.6679052 11.5000000 0.44 0.48 0.52
v -11.6287129 10.6741888 11.5000000 0.44 0.48 0.52
v -11.6596232 10.6817073 11.5000000 0.44 0.48 0.52
v -11.6902101 10.6904487 11.5000000 0.44 0.48 0.52
v -11.7204253 10.7003992 11.5000000 0.44 0.48 0.52
v -11.7502210 10.7115431 11.5000000 0.44 0.48 0.52
v -11.7795501 10.7238628 11.5000000 0.44 0.48 0.52
v -11.8083663 10.7373388 11.5000000 0.44 0.48 0.52
v -11.8366239 10.7519497 11.5000000 0.44 0.48 0.52
v -11.8642782 10.7676725 11.5000000 0.44 0.48 0.52
v -11.8912857 10.7844823 11.5000000 0.44 0.48 0.52
v -11.9176035 10.8023526 11.5000000 0.44 0.48 0.52
v -11.9431900 10.8212550 11.5000000 0.44 0.48 0.52
v -11.9680048 10.8411597 11.5000000 0.44 0.48 0.52
v -11.9920086 10.8620352 11.5000000 0.44 0.48 0.52
v -12.0151635 10.8838486 11.5000000 0.44 0.48 0.52
v -12.0374329 10.9065652 11.5000000 0.44 0.48 0.52
v -12.0587816 10.9301493 11.5000000 0.44 0.48 0.52
v -12.0791757 10.9545634 11.5000000 0.44 0.48 0.52
v -12.0985831 10.9797690 11.5000000 0.44 0.48 0.52
v -12.1169731 11.0057263 11.5000000 0.44 0.48 0.52
v -12.1343165 11.0323942 11.5000000 0.44 0.48 0.52
v -12.1505861 11.0597305 11.5000000 0.44 0.48 0.52
v -12.1657559 11.0876920 11.5000000 0.44 0.48 0.52
v -12.1798022 11.1162345 11.5000000 0.44 0.48 0.52
v -12.1927025 11.1453129 11.5000000 0.44 0.48 0.52
v -12.2044367 11.1748812 11.5000000 0.44 0.48 0.52
v -12.2149860 11.2048926 11.5000000 0.44 0.48 0.52
v -12.2243338 11.2352996 11.5000000 0.44 0.48 0.52
v -12.2324653 11.2660543 11.5000000 0.44 0.48 0.52
v -12.2393677 11.2971079 11.5000000 0.44 0.48 0.52
v -12.2450301 11.3284114 11.5000000 0.44 0.48 0.52
v -12.2494435 11.3599153 11.5000000 0.44 0.48 0.52
v -12.2526009 11.3915697 11.5000000 0.44 0.48 0.52
v -12.2544974 11.4233246 11.5000000 0.44 0.48 0.52
v -12.2551299 11.4551299 11.5000000 0.44 0.48 0.52
v -12.2544974 11.4869351 11.5000000 0.44 0.48 0.52
v -12.2526009 11.5186900 11.5000000 0.44 0.48 0.52
v -12.2494435 11.5503444 11.5000000 0.44 0.48 0.52
v -12.2450301 11.5818483 11.5000000 0.44 0.48 0.52
v -12.2393677 11.6131518 11.5000000 0.44 0.48 0.52
v -12.2324653 11.6442054 11.5000000 0.44 0.48 0.52
v -12.2243338 11.6749601 11.5000000 0.44 0.48 0.52
v -12.2149860 11.7053671 11.5000000 0.44 0.48 0.52
v -12.2044367 11.7353785 11.5000000 0.44 0.48 0.52
v -12.1927025 11.7649468 11.5000000 0.44 0.48 0.52
v -12.1798022 11.7940252 11.5000000 0.44 0.48 0.52
v -12.1657559 11.8225677 11.5000000 0.44 0.48 0.52
v -12.1505861 11.8505292 11.5000000 0.44 0.48 0.52
v -12.1343165 11.8778655 11.5000000 0.44 0.48 0.52
v -12.1169731 11.9045334 11.5000000 0.44 0.48 0.52
v -12.0985831 11.9304907 11.5000000 0.44 0.48 0.52
v -12.0791757 11.9556963 11.5000000 0.44 0.48 0.52
v -12.0587816 11.9801105 11.5000000 0.44 0.48 0.52
v -12.0374329 12.0036945 11.5000000 0.44 0.48 0.52
v -12.0151635 12.0264111 11.5000000 0.44 0.48 0.52
v -11.9920086 12.0482245 11.5000000 0.44 0.48 0.52
v -11.9680048 12.0691000 11.5000000 0.44 0.48 0.52
v -11.9431900 12.0890047 11.5000000 0.44 0.48 0.52
v -11.9176035 12.1079071 11.5000000 0.44 0.48 0.52
v -11.8912857 12.1257774 11.5000000 0.44 0.48 0.52
v -11.8642782 12.1425872 11.5000000 0.44 0.48 0.52
v -11.8366239 12.1583100 11.5000000 0.44 0.48 0.52
v -11.8083663 12.1729209 11.5000000 0.44 0.48 0.52
v -11.7795501 12.1863969 11.5000000 0.44 0.48 0.52
v -11.7502210 12.1987166 11.5000000 0.44 0.48 0.52
v -11.7204253 12.2098605 11.5000000 0.44 0.48 0.52
v -11.6902101 12.2198110 11.5000000 0.44 0.48 0.52
v -11.6596232 12.2285524 11.5000000 0.44 0.48 0.52
v -11.6287129 12.2360709 11.5000000 0.44 0.48 0.52
v -11.5975282 12.2423545 11.5000000 0.44 0.48 0.52
v -11.5661183 12.2473934 11.5000000 0.44 0.48 0.52
v -11.5345329 12.2511796 11.5000000 0.44 0.48 0.52
v -11.5028220 12.2537070 11.5000000 0.44 0.48 0.52
v -11.4710356 12.2549717 11.5000000 0.44 0.48 0.52
v -11.4392241 12.2549717 11.5000000 0.44 0.48 0.52
v -11.4074378 12.2537070 11.5000000 0.44 0.48 0.52
v -11.3757268 12.2511796 11.5000000 0.44 0.48 0.52
v -11.3441414 12.2473934 11.5000000 0.44 0.48 0.52
v -11.3127315 12.2423545 11.5000000 0.44 0.48 0.52
v -11.2815468 12.2360709 11.5000000 0.44 0.48 0.52
v -11.2506365 12.2285524 11.5000000 0.44 0.48 0.52
v -11.2200496 12.2198110 11.5000000 0.44 0.48 0.52
v -11.1898344 12.2098605 11.5000000 0.44 0.48 0.52
v -11.1600387 12.1987166 11.5000000 0.44 0.48 0.52
v -11.1307096 12.1863969 11.5000000 0.44 0.48 0.52
v -11.1018935 12.1729209 11.5000000 0.44 0.48 0.52
v -11.0736359 12.1583100 11.5000000 0.44 0.48 0.52
v -11.0459815 12.1425872 11.5000000 0.44 0.48 0.52
v -11.0189740 12.1257774 11.5000000 0.44 0.48 0.52
v -10.9926563 12.1079071 11.5000000 0.44 0.48 0.52
v -10.9670697 12.0890047 11.5000000 0.44 0.48 0.52
v -10.9422549 12.0691000 11.5000000 0.44 0.48 0.52
v -10.9182511 12.0482245 11.5000000 0.44 0.48 0.52
v -10.8950962 12.0264111 11.5000000 0.44 0.48 0.52
v -10.8728268 12.0036945 11.5000000 0.44 0.48 0.52
v -10.8514782 11.9801105 11.5000000 0.44 0.48 0.52
v -10.8310840 11.9556963 11.5000000 0.44 0.48 0.52
v -10.8116766 11.9304907 11.5000000 0.44 0.48 0.52
v -10.7932866 11.9045334 11.5000000 0.44 0.48 0.52
v -10.7759432 11.8778655 11.5000000 0.44 0.48 0.52
v -10.7596736 11.8505292 11.5000000 0.44 0.48 0.52
v -10.7445038 11.8225677 11.5000000 0.44 0.48 0.52
v -10.7304575 11.7940252 11.5000000 0.44 0.48 0.52
v -10.7175572 11.7649468 11.5000000 0.44 0.48 0.52
v -10.7058231 11.7353785 11.5000000 0.44 0.48 0.52
v -10.6952737 11.7053671 11.5000000 0.44 0.48 0.52
v -10.6859259 11.6749601 11.5000000 0.44 0.48 0.52
v -10.6777944 11.6442054 11.5000000 0.44 0.48 0.52
v -10.6708920 11.6131518 11.5000000 0.44 0.48 0.52
v -10.6652296 11.5818483 11.5000000 0.44 0.48 0.52
v -10.6608162 11.5503444 11.5000000 0.44 0.48 0.52
v -10.6576588 11.5186900 11.5000000 0.44 0.48 0.52
v -10.6557623 11.4869351 11.5000000 0.44 0.48 0.52
v -10.0551299 11.4551299 12.1000000 0.44 0.48 0.52
v -10.0562367 11.3994707 12.1000000 0.44 0.48 0.52
v -10.0595555 11.3438996 12.1000000 0.44 0.48 0.52
v -10.0650810 11.2885044 12.1000000 0.44 0.48 0.52
v -10.0728044 11.2333726 12.1000000 0.44 0.48 0.52
v -10.0827135 11.1785915 12.1000000 0.44 0.48 0.52
v -10.0947928 11.1242476 12.1000000 0.44 0.48 0.52
v -10.1090230 11.0704270 12.1000000 0.44 0.48 0.52
v -10.1253817 11.0172146 12.1000000 0.44 0.48 0.52
v -10.1438430 10.9646947 12.1000000 0.44 0.48 0.52
v -10.1643777 10.9129502 12.1000000 0.44 0.48 0.52
v -10.1869533 10.8620631 12.1000000 0.44 0.48 0.52
v -10.2115342 10.8121137 12.1000000 0.44 0.48 0.52
v -10.2380815 10.7631810 12.1000000 0.44 0.48 0.52
v -10.2665531 10.7153424 12.1000000 0.44 0.48 0.52
v -10.2969042 10.6686737 12.1000000 0.44 0.48 0.52
v -10.3290867 10.6232484 12.1000000 0.44 0.48 0.52
v -10.3630496 10.5791385 12.1000000 0.44 0.48 0.52
v -10.3987394 10.5364138 12.1000000 0.44 0.48 0.52
v -10.4360995 10.4951417 12.1000000 0.44 0.48 0.52
v -10.4750710 10.4553876 12.1000000 0.44 0.48 0.52
v -10.5155921 10.4172143 12.1000000 0.44 0.48 0.52
v -10.5575988 10.3806821 12.1000000 0.44 0.48 0.52
v -10.6010247 10.3458489 12.1000000 0.44 0.48 0.52
v -10.6458011 10.3127696 12.1000000 0.44 0.48 0.52
v -10.6918572 10.2814967 12.1000000 0.44 0.48 0.52
v -10.7391202 10.2520795 12.1000000 0.44 0.48 0.52
v -10.7875154 10.2245646 12.1000000 0.44 0.48 0.52
v -10.8369662 10.1989955 12.1000000 0.44 0.48 0.52
v -10.8873944 10.1754125 12.1000000 0.44 0.48 0.52
v -10.9387204 10.1538531 12.1000000 0.44 0.48 0.52
v -10.9908629 10.1343512 12.1000000 0.44 0.48 0.52
v -11.0437395 10.1169378 12.1000000 0.44 0.48 0.52
v -11.0972666 10.1016403 12.1000000 0.44 0.48 0.52
v -11.1513595 10.0884830 12.1000000 0.44 0.48 0.52
v -11.2059328 10.0774866 12.1000000 0.44 0.48 0.52
v -11.2609001 10.0686686 12.1000000 0.44 0.48 0.52
v -11.3161745 10.0620428 12.1000000 0.44 0.48 0.52
v -11.3716687 10.0576198 12.1000000 0.44 0.48 0.52
v -11.4272948 10.0554066 12.1000000 0.44 0.48 0.52
v -11.4829649 10.0554066 12.1000000 0.44 0.48 0.52
v -11.5385910 10.0576198 12.1000000 0.44 0.48 0.52
v -11.5940852 10.0620428 12.1000000 0.44 0.48 0.52
v -11.6493596 10.0686686 12.1000000 0.44 0.48 0.52
v -11.7043269 10.0774866 12.1000000 0.44 0.48 0.52
v -11.7589002 10.0884830 12.1000000 0.44 0.48 0.52
v -11.8129931 10.1016403 12.1000000 0.44 0.48 0.52
v -11.8665202 10.1169378 12.1000000 0.44 0.48 0.52
v -11.9193968 10.1343512 12.1000000 0.44 0.48 0.52
v -11.9715393 10.1538531 12.1000000 0.44 0.48 0.52
v -12.0228653 10.1754125 12.1000000 0.44 0.48 0.52
v -12.0732936 10.1989955 12.1000000 0.44 0.48 0.52
v -12.1227444 10.2245646 12.1000000 0.44 0.48 0.52
v -12.1711395 10.2520795 12.1000000 0.44 0.48 0.52
v -12.2184025 10.2814967 12.1000000 0.44 0.48 0.52
v -12.2644587 10.3127696 12.1000000 0.44 0.48 0.52
v -12.3092351 10.3458489 12.1000000 0.44 0.48 0.52
v -12.3526609 10.3806821 12.1000000 0.44 0.48 0.52
v -12.3946677 10.4172143 12.1000000 0.44 0.48 0.52
v -12.4351888 10.4553876 12.1000000 0.44 0.48 0.52
v -12.4741602 10.4951417 12.1000000 0.44 0.48 0.52
v -12.5115203 10.5364138 12.1000000 0.44 0.48 0.52
v -12.5472101 10.5791385 12.1000000 0.44 0.48 0.52
v -12.5811730 10.6232484 12.1000000 0.44 0.48 0.52
v -12.6133555 10.6686737 12.1000000 0.44 0.48 0.52
v -12.6437066 10.7153424 12.1000000 0.44 0.48 0.52
v -12.6721782 10.7631810 12.1000000 0.44 0.48 0.52
v -12.6987255 10.8121137 12.1000000 0.44 0.48 0.52
v -12.7233064 10.8620631 12.1000000 0.44 0.48 0.52
v -12.7458821 10.9129502 12.1000000 0.44 0.48 0.52
v -12.7664168 10.9646947 12.1000000 0.44 0.48 0.52
v -12.7848780 11.0172146 12.1000000 0.44 0.48 0.52
v -12.8012367 11.0704270 12.1000000 0.44 0.48 0.52
v -12.8154669 11.1242476 12.1000000 0.44 0.48 0.52
v -12.8275462 11.1785915 12.1000000 0.44 0.48 0.52
v -12.8374553 11.2333726 12.1000000 0.44 0.48 0.52
v -12.8451788 11.2885044 12.1000000 0.44 0.48 0.52
v -12.8507042 11.3438996 12.1000000 0.44 0.48 0.52
v -12.8540230 11.3994707 12.1000000 0.44 0.48 0.52
v -12.8551299 11.4551299 12.1000000 0.44 0.48 0.52
v -12.8540230 11.5107890 12.1000000 0.44 0.48 0.52
v -12.8507042 11.5663601 12.1000000 0.44 0.48 0.52
v -12.8451788 11.6217553 12.1000000 0.44 0.48 0.52
v -12.8374553 11.6768871 12.1000000 0.44 0.48 0.52
v -12.8275462 11.7316682 12.1000000 0.44 0.48 0.52
v -12.8154669 11.7860121 12.1000000 0.44 0.48 0.52
v -12.8012367 11.8398327 12.1000000 0.44 0.48 0.52
v -12.7848780 11.8930451 12.1000000 0.44 0.48 0.52
v -12.7664168 11.9455650 12.1000000 0.44 0.48 0.52
v -12.7458821 11.9973095 12.1000000 0.44 0.48 0.52
v -12.7233064 12.0481967 12.1000000 0.44 0.48 0.52
v -12.6987255 12.0981461 12.1000000 0.44 0.48 0.52
v -12.6721782 12.1470787 12.1000000 0.44 0.48 0.52
v -12.6437066 12.1949173 12.1000000 0.44 0.48 0.52
v -12.6133555 12.2415861 12.1000000 0.44 0.48 0.52
v -12.5811730 12.2870113 12.1000000 0.44 0.48 0.52
v -12.5472101 12.3311212 12.1000000 0.44 0.48 0.52
v -12.5115203 12.3738459 12.1000000 0.44 0.48 0.52
v -12.4741602 12.4151180 12.1000000 0.44 0.48 0.52
v -12.4351888 12.4548721 12.1000000 0.44 0.48 0.52
v -12.3946677 12.4930454 12.1000000 0.44 0.48 0.52
v -12.3526609 12.5295776 12.1000000 0.44 0.48 0.52
v -12.3092351 12.5644108 12.1000000 0.44 0.48 0.52
v -12.2644587 12.5974901 12.1000000 0.44 0.48 0.52
v -12.2184025 12.6287630 12.1000000 0.44 0.48 0.52
v -12.1711395 12.6581802 12.1000000 0.44 0.48 0.52
v -12.1227444 12.6856951 12.1000000 0.44 0.48 0.52
v -12.0732936 12.7112643 12.1000000 0.44 0.48 0.52
v -12.0228653 12.7348472 12.1000000 0.44 0.48 0.52
v -11.9715393 12.7564066 12.1000000 0.44 0.48 0.52
v -11.9193968 12.7759085 12.1000000 0.44 0.48 0.52
v -11.8665202 12.7933219 12.1000000 0.44 0.48 0.52
v -11.8129931 12.8086194 12.1000000 0.44 0.48 0.52
v -11.7589002 12.8217767 12.1000000 0.44 0.48 0.52
v -11.7043269 12.8327731 12.1000000 0.44 0.48 0.52
v -11.6493596 12.8415911 12.1000000 0.44 0.48 0.52
v -11.5940852 12.8482169 12.1000000 0.44 0.48 0.52
v -11.5385910 12.8526399 12.1000000 0.44 0.48 0.52
v -11.4829649 12.8548531 12.1000000 0.44 0.48 0.52
v -11.4272948 12.8548531 12.1000000 0.44 0.48 0.52
v -11.3716687 12.8526399 12.1000000 0.44 0.48 0.52
v -11.3161745 12.8482169 12.1000000 0.44 0.48 0.52
v -11.2609001 12.8415911 12.1000000 0.44 0.48 0.52
v -11.2059328 12.8327731 12.1000000 0.44 0.48 0.52
v -11.1513595 12.8217767 12.1000000 0.44 0.48 0.52
v -11.0972666 12.8086194 12.1000000 0.44 0.48 0.52
v -11.0437395 12.7933219 12.1000000 0.44 0.48 0.52
v -10.9908629 12.7759085 12.1000000 0.44 0.48 0.52
v -10.9387204 12.7564066 12.1000000 0.44 0.48 0.52
v -10.8873944 12.7348472 12.1000000 0.44 0.48 0.52
v -10.8369662 12.7112643 12.1000000 0.44 0.48 0.52
v -10.7875154 12.6856951 12.1000000 0.44 0.48 0.52
v -10.7391202 12.6581802 12.1000000 0.44 0.48 0.52
v -10.6918572 12.6287630 12.1000000 0.44 0.48 0.52
v -10.6458011 12.5974901 12.1000000 0.44 0.48 0.52
v -10.6010247 12.5644108 12.1000000 0.44 0.48 0.52
v -10.5575988 12.5295776 12.1000000 0.44 0.48 0.52
v -10.5155921 12.4930454 12.1000000 0.44 0.48 0.52
v -10.4750710 12.4548721 12.1000000 0.44 0.48 0.52
v -10.4360995 12.4151180 12.1000000 0.44 0.48 0.52
v -10.3987394 12.3738459 12.1000000 0.44 0.48 0.52
v -10.3630496 12.3311212 12.1000000 0.44 0.48 0.52
v -10.3290867 12.2870113 12.1000000 0.44 0.48 0.52
v -10.2969042 12.2415861 12.1000000 0.44 0.48 0.52
v -10.2665531 12.1949173 12.1000000 0.44 0.48 0.52
v -10.2380815 12.1470787 12.1000000 0.44 0.48 0.52
v -10.2115342 12.0981461 12.1000000 0.44 0.48 0.52
v -10.1869533 12.0481967 12.1000000 0.44 0.48 0.52
v -10.1643777 11.9973095 12.1000000 0.44 0.48 0.52
v -10.1438430 11.9455650 12.1000000 0.44 0.48 0.52
v -10.1253817 11.8930451 12.1000000 0.44 0.48 0.52
v -10.1090230 11.8398327 12.1000000 0.44 0.48 0.52
v -10.0947928 11.7860121 12.1000000 0.44 0.48 0.52
v -10.0827135 11.7316682 12.1000000 0.44 0.48 0.52
v -10.0728044 11.6768871 12.1000000 0.44 0.48 0.52
v -10.0650810 11.6217553 12.1000000 0.44 0.48 0.52
v -10.0595555 11.5663601 12.1000000 0.44 0.48 0.52
v -10.0562367 11.5107890 12.1000000 0.44 0.48 0.52
v -10.6551299 11.4551299 8.5000000 0.44 0.48 0.52
v -10.6557623 11.4233246 8.5000000 0.44 0.48 0.52
v -10.6576588 11.3915697 8.5000000 0.44 0.48 0.52
v -10.6608162 11.3599153 8.5000000 0.44 0.48 0.52
v -10.6652296 11.3284114 8.5000000 0.44 0.48 0.52
v -10.6708920 11.2971079 8.5000000 0.44 0.48 0.52
v -10.6777944 11.2660543 8.5000000 0.44 0.48 0.52
v -10.6859259 11.2352996 8.5000000 0.44 0.48 0.52
v -10.6952737 11.2048926 8.5000000 0.44 0.48 0.52
v -10.7058231 11.1748812 8.5000000 0.44 0.48 0.52
v -10.7175572 11.1453129 8.5000000 0.44 0.48 0.52
v -10.7304575 11.1162345 8.5000000 0.44 0.48 0.52
v -10.7445038 11.0876920 8.5000000 0.44 0.48 0.52
v -10.7596736 11.0597305 8.5000000 0.44 0.48 0.52
v -10.7759432 11.0323942 8.5000000 0.44 0.48 0.52
v -10.7932866 11.0057263 8.5000000 0.44 0.48 0.52
v -10.8116766 10.9797690 8.5000000 0.44 0.48 0.52
v -10.8310840 10.9545634 8.5000000 0.44 0.48 0.52
v -10.8514782 10.9301493 8.5000000 0.44 0.48 0.52
v -10.8728268 10.9065652 8.5000000 0.44 0.48 0.52
v -10.8950962 10.8838486 8.5000000 0.44 0.48 0.52
v -10.9182511 10.8620352 8.5000000 0.44 0.48 0.52
v -10.9422549 10.8411597 8.5000000 0.44 0.48 0.52
v -10.9670697 10.8212550 8.5000000 0.44 0.48 0.52
v -10.9926563 10.8023526 8.5000000 0.44 0.48 0.52
v -11.0189740 10.7844823 8.5000000 0.44 0.48 0.52
v -11.0459815 10.7676725 8.5000000 0.44 0.48 0.52
v -11.0736359 10.7519497 8.5000000 0.44 0.48 0.52
v -11.1018935 10.7373388 8.5000000 0.44 0.48 0.52
v -11.1307096 10.7238628 8.5000000 0.44 0.48 0.52
v -11.1600387 10.7115431 8.5000000 0.44 0.48 0.52
v -11.1898344 10.7003992 8.5000000 0.44 0.48 0.52
v -11.2200496 10.6904487 8.5000000 0.44 0.48 0.52
v -11.2506365 10.6817073 8.5000000 0.44 0.48 0.52
v -11.2815468 10.6741888 8.5000000 0.44 0.48 0.52
v -11.3127315 10.6679052 8.5000000 0.44 0.48 0.52
v -11.3441414 10.6628663 8.5000000 0.44 0.48 0.52
v -11.3757268 10.6590801 8.5000000 0.44 0.48 0.52
v -11.4074378 10.6565527 8.5000000 0.44 0.48 0.52
v -11.4392241 10.6552880 8.5000000 0.44 0.48 0.52
v -11.4710356 10.6552880 8.5000000 0.44 0.48 0.52
v -11.5028220 10.6565527 8.5000000 0.44 0.48 0.52
v -11.5345329 10.6590801 8.5000000 0.44 0.48 0.52
v -11.5661183 10.6628663 8.5000000 0.44 0.48 0.52
v -11.5975282 10.6679052 8.5000000 0.44 0.48 0.52
v -11.6287129 10.6741888 8.5000000 0.44 0.48 0.52
v -11.6596232 10.6817073 8.5000000 0.44 0.48 0.52
v -11.6902101 10.6904487 8.5000000 0.44 0.48 0.52
v -11.7204253 10.7003992 8.5000000 0.44 0.48 0.52
v -11.7502210 10.7115431 8.5000000 0.44 0.48 0.52
v -11.7795501 10.7238628 8.5000000 0.44 0.48 0.52
v -11.8083663 10.7373388 8.5000000 0.44 0.48 0.52
v -11.8366239 10.7519497 8.5000000 0.44 0.48 0.52
v -11.8642782 10.7676725 8.5000000 0.44 0.48 0.52
v -11.8912857 10.7844823 8.5000000 0.44 0.48 0.52
v -11.9176035 10.8023526 8.5000000 0.44 0.48 0.52
v -11.9431900 10.8212550 8.5000000 0.44 0.48 0.52
v -11.9680048 10.8411597 8.5000000 0.44 0.48 0.52
v -11.9920086 10.8620352 8.5000000 0.44 0.48 0.52
v -12.0151635 10.8838486 8.5000000 0.44 0.48 0.52
v -12.0374329 10.9065652 8.5000000 0.44 0.48 0.52
v -12.0587816 10.9301493 8.5000000 0.44 0.48 0.52
v -12.0791757 10.9545634 8.5000000 0.44 0.48 0.52
v -12.0985831 10.9797690 8.5000000 0.44 0.48 0.52
v -12.1169731 11.0057263 8.5000000 0.44 0.48 0.52
v -12.1343165 11.0323942 8.5000000 0.44 0.48 0.52
v -12.1505861 11.0597305 8.5000000 0.44 0.48 0.52
v -12.1657559 11.0876920 8.5000000 0.44 0.48 0.52
v -12.1798022 11.1162345 8.5000000 0.44 0.48 0.52
v -12.1927025 11.1453129 8.5000000 0.44 0.48 0.52
v -12.2044367 11.1748812 8.5000000 0.44 0.48 0.52
v -12.2149860 11.2048926 8.5000000 0.44 0.48 0.52
v -12.2243338 11.2352996 8.5000000 0.44 0.48 0.52
v -12.2324653 11.2660543 8.5000000 0.44 0.48 0.52
v -12.2393677 11.2971079 8.5000000 0.44 0.48 0.52
v -12.2450301 11.3284114 8.5000000 0.44 0.48 0.52
v -12.2494435 11.3599153 8.5000000 0.44 0.48 0.52
v -12.2526009 11.3915697 8.5000000 0.44 0.48 0.52
v -12.2544974 11.4233246 8.5000000 0.44 0.48 0.52
v -12.2551299 11.4551299 8.5000000 0.44 0.48 0.52
v -12.2544974 11.4869351 8.5000000 0.44 0.48 0.52
v -12.2526009 11.5186900 8.5000000 0.44 0.48 0.52
v -12.2494435 11.5503444 8.5000000 0.44 0.48 0.52
v -12.2450301 11.5818483 8.5000000 0.44 0.48 0.52
v -12.2393677 11.6131518 8.5000000 0.44 0.48 0.52
v -12.2324653 11.6442054 8.5000000 0.44 0.48 0.52
v -12.2243338 11.6749601 8.5000000 0.44 0.48 0.52
v -12.2149860 11.7053671 8.5000000 0.44 0.48 0.52
v -12.2044367 11.7353785 8.5000000 0.44 0.48 0.52
v -12.1927025 11.7649468 8.5000000 0.44 0.48 0.52
v -12.1798022 11.7940252 8.5000000 0.44 0.48 0.52
v -12.1657559 11.8225677 8.5000000 0.44 0.48 0.52
v -12.1505861 11.8505292 8.5000000 0.44 0.48 0.52
v -12.1343165 11.8778655 8.5000000 0.44 0.48 0.52
v -12.1169731 11.9045334 8.5000000 0.44 0.48 0.52
v -12.0985831 11.9304907 8.5000000 0.44 0.48 0.52
v -12.0791757 11.9556963 8.5000000 0.44 0.48 0.52
v -12.0587816 11.9801105 8.5000000 0.44 0.48 0.52
v -12.0374329 12.0036945 8.5000000 0.44 0.48 0.52
v -12.0151635 12.0264111 8.5000000 0.44 0.48 0.52
v -11.9920086 12.0482245 8.5000000 0.44 0.48 0.52
v -11.9680048 12.0691000 8.5000000 0.44 0.48 0.52
v -11.9431900 12.0890047 8.5000000 0.44 0.48 0.52
v -11.9176035 12.1079071 8.5000000 0.44 0.48 0.52
v -11.8912857 12.1257774 8.5000000 0.44 0.48 0.52
v -11.8642782 12.1425872 8.5000000 0.44 0.48 0.52
v -11.8366239 12.1583100 8.5000000 0.44 0.48 0.52
v -11.8083663 12.1729209 8.5000000 0.44 0.48 0.52
v -11.7795501 12.1863969 8.5000000 0.44 0.48 0.52
v -11.7502210 12.1987166 8.5000000 0.44 0.48 0.52
v -11.7204253 12.2098605 8.5000000 0.44 0.48 0.52
v -11.6902101 12.2198110 8.5000000 0.44 0.48 0.52
v -11.6596232 12.2285524 8.5000000 0.44 0.48 0.52
v -11.6287129 12.2360709 8.5000000 0.44 0.48 0.52
v -11.5975282 12.2423545 8.5000000 0.44 0.48 0.52
v -11.5661183 12.2473934 8.5000000 0.44 0.48 0.52
v -11.5345329 12.2511796 8.5000000 0.44 0.48 0.52
v -11.5028220 12.2537070 8.5000000 0.44 0.48 0.52
v -11.4710356 12.2549717 8.5000000 0.44 0.48 0.52
v -11.4392241 12.2549717 8.5000000 0.44 0.48 0.52
v -11.4074378 12.2537070 8.5000000 0.44 0.48 0.52
v -11.3757268 12.2511796 8.5000000 0.44 0.48 0.52
v -11.3441414 12.2473934 8.5000000 0.44 0.48 0.52
v -11.3127315 12.2423545 8.5000000 0.44 0.48 0.52
v -11.2815468 12.2360709 8.5000000 0.44 0.48 0.52
v -11.2506365 12.2285524 8.5000000 0.44 0.48 0.52
v -11.2200496 12.2198110 8.5000000 0.44 0.48 0.52
v -11.1898344 12.2098605 8.5000000 0.44 0.48 0.52
v -11.1600387 12.1987166 8.5000000 0.44 0.48 0.52
v -11.1307096 12.1863969 8.5000000 0.44 0.48 0.52
v -11.1018935 12.1729209 8.5000000 0.44 0.48 0.52
v -11.0736359 12.1583100 8.5000000 0.44 0.48 0.52
v -11.0459815 12.1425872 8.5000000 0.44 0.48 0.52
v -11.0189740 12.1257774 8.5000000 0.44 0.48 0.52
v -10.9926563 12.1079071 8.5000000 0.44 0.48 0.52
v -10.9670697 12.0890047 8.5000000 0.44 0.48 0.52
v -10.9422549 12.0691000 8.5000000 0.44 0.48 0.52
v -10.9182511 12.0482245 8.5000000 0.44 0.48 0.52
v -10.8950962 12.0264111 8.5000000 0.44 0.48 0.52
v -10.8728268 12.0036945 8.5000000 0.44 0.48 0.52
v -10.8514782 11.9801105 8.5000000 0.44 0.48 0.52
v -10.8310840 11.9556963 8.5000000 0.44 0.48 0.52
v -10.8116766 11.9304907 8.5000000 0.44 0.48 0.52
v -10.7932866 11.9045334 8.5000000 0.44 0.48 0.52
v -10.7759432 11.8778655 8.5000000 0.44 0.48 0.52
v -10.7596736 11.8505292 8.5000000 0.44 0.48 0.52
v -10.7445038 11.8225677 8.5000000 0.44 0.48 0.52
v -10.7304575 11.7940252 8.5000000 0.44 0.48 0.52
v -10.7175572 11.7649468 8.5000000 0.44 0.48 0.52
v -10.7058231 11.7353785 8.5000000 0.44 0.48 0.52
v -10.6952737 11.7053671 8.5000000 0.44 0.48 0.52
v -10.6859259 11.6749601 8.5000000 0.44 0.48 0.52
v -10.6777944 11.6442054 8.5000000 0.44 0.48 0.52
v -10.6708920 11.6131518 8.5000000 0.44 0.48 0.52
v -10.6652296 11.5818483 8.5000000 0.44 0.48 0.52
v -10.6608162 11.5503444 8.5000000 0.44 0.48 0.52
v -10.6576588 11.5186900 8.5000000 0.44 0.48 0.52
v -10.6557623 11.4869351 8.5000000 0.44 0.48 0.52
v -10.6551299 -11.4551299 11.5000000 0.44 0.48 0.52
v -10.6557623 -11.4869351 11.5000000 0.44 0.48 0.52
v -10.6576588 -11.5186900 11.5000000 0.44 0.48 0.52
v -10.6608162 -11.5503444 11.5000000 0.44 0.48 0.52
v -10.6652296 -11.5818483 11.5000000 0.44 0.48 0.52
v -10.6708920 -11.6131518 11.5000000 0.44 0.48 0.52
v -10.6777944 -11.6442054 11.5000000 0.44 0.48 0.52
v -10.6859259 -11.6749601 11.5000000 0.44 0.48 0.52
v -10.6952737 -11.7053671 11.5000000 0.44 0.48 0.52
v -10.7058231 -11.7353785 11.5000000 0.44 0.48 0.52
v -10.7175572 -11.7649468 11.5000000 0.44 0.48 0.52
v -10.7304575 -11.7940252 11.5000000 0.44 0.48 0.52
v -10.7445038 -11.8225677 11.5000000 0.44 0.48 0.52
v -10.7596736 -11.8505292 11.5000000 0.44 0.48 0.52
v -10.7759432 -11.8778655 11.5000000 0.44 0.48 0.52
v -10.7932866 -11.9045334 11.5000000 0.44 0.48 0.52
v -10.8116766 -11.9304907 11.5000000 0.44 0.48 0.52
v -10.8310840 -11.9556963 11.5000000 0.44 0.48 0.52
v -10.8514782 -11.9801105 11.5000000 0.44 0.48 0.52
v -10.8728268 -12.0036945 11.5000000 0.44 0.48 0.52
v -10.8950962 -12.0264111 11.5000000 0.44 0.48 0.52
v -10.9182511 -12.0482245 11.5000000 0.44 0.48 0.52
v -10.9422549 -12.0691000 11.5000000 0.44 0.48 0.52
v -10.9670697 -12.0890047 11.5000000 0.44 0.48 0.52
v -10.9926563 -12.1079071 11.5000000 0.44 0.48 0.52
v -11.0189740 -12.1257774 11.5000000 0.44 0.48 0.52
v -11.0459815 -12.1425872 11.5000000 0.44 0.48 0.52
v -11.0736359 -12.1583100 11.5000000 0.44 0.48 0.52
v -11.1018935 -12.1729209 11.5000000 0.44 0.48 0.52
v -11.1307096 -12.1863969 11.5000000 0.44 0.48 0.52
v -11.1600387 -12.1987166 11.5000000 0.44 0.48 0.52
v -11.1898344 -12.2098605 11.5000000 0.44 0.48 0.52
v -11.2200496 -12.2198110 11.5000000 0.44 0.48 0.52
v -11.2506365 -12.2285524 11.5000000 0.44 0.48 0.52
v -11.2815468 -12.2360709 11.5000000 0.44 0.48 0.52
v -11.3127315 -12.2423545 11.5000000 0.44 0.48 0.52
v -11.3441414 -12.2473934 11.5000000 0.44 0.48 0.52
v -11.3757268 -12.2511796 11.5000000 0.44 0.48 0.52
v -11.4074378 -12.2537070 11.5000000 0.44 0.48 0.52
v -11.4392241 -12.2549717 11.5000000 0.44 0.48 0.52
v -11.4710356 -12.2549717 11.5000000 0.44 0.48 0.52
v -11.5028220 -12.2537070 11.5000000 0.44 0.48 0.52
v -11.5345329 -12.2511796 11.5000000 0.44 0.48 0.52
v -11.5661183 -12.2473934 11.5000000 0.44 0.48 0.52
v -11.5975282 -12.2423545 11.5000000 0.44 0.48 0.52
v -11.6287129 -12.2360709 11.5000000 0.44 0.48 0.52
v -11.6596232 -12.2285524 11.5000000 0.44 0.48 0.52
v -11.6902101 -12.2198110 11.5000000 0.44 0.48 0.52
v -11.7204253 -12.2098605 11.5000000 0.44 0.48 0.52
v -11.7502210 -12.1987166 11.5000000 0.44 0.48 0.52
v -11.7795501 -12.1863969 11.5000000 0.44 0.48 0.52
v -11.8083663 -12.1729209 11.5000000 0.44 0.48 0.52
v -11.8366239 -12.1583100 11.5000000 0.44 0.48 0.52
v -11.8642782 -12.1425872 11.5000000 0.44 0.48 0.52
v -11.8912857 -12.1257774 11.5000000 0.44 0.48 0.52
v -11.9176035 -12.1079071 11.5000000 0.44 0.48 0.52
v -11.9431900 -12.0890047 11.5000000 0.44 0.48 0.52
v -11.9680048 -12.0691000 11.5000000 0.44 0.48 0.52
v -11.9920086 -12.0482245 11.5000000 0.44 0.48 0.52
v -12.0151635 -12.0264111 11.5000000 0.44 0.48 0.52
v -12.0374329 -12.0036945 11.5000000 0.44 0.48 0.52
v -12.0587816 -11.9801105 11.5000000 0.44 0.48 0.52
v -12.0791757 -11.9556963 11.5000000 0.44 0.48 0.52
v -12.0985831 -11.9304907 11.5000000 0.44 0.48 0.52
v -12.1169731 -11.9045334 11.5000000 0.44 0.48 0.52
v -12.1343165 -11.8778655 11.5000000 0.44 0.48 0.52
v -12.1505861 -11.8505292 11.5000000 0.44 0.48 0.52
v -12.1657559 -11.8225677 11.5000000 0.44 0.48 0.52
v -12.1798022 -11.7940252 11.5000000 0.44 0.48 0.52
v -12.1927025 -11.7649468 11.5000000 0.44 0.48 0.52
v -12.2044367 -11.7353785 11.5000000 0.44 0.48 0.52
v -12.2149860 -11.7053671 11.5000000 0.44 0.48 0.52
v -12.2243338 -11.6749601 11.5000000 0.44 0.48 0.52
v -12.2324653 -11.6442054 11.5000000 0.44 0.48 0.52
v -12.2393677 -11.6131518 11.5000000 0.44 0.48 0.52
v -12.2450301 -11.5818483 11.5000000 0.44 0.48 0.52
v -12.2494435 -11.5503444 11.5000000 0.44 0.48 0.52
v -12.2526009 -11.5186900 11.5000000 0.44 0.48 0.52
v -12.2544974 -11.4869351 11.5000000 0.44 0.48 0.52
v -12.2551299 -11.4551299 11.5000000 0.44 0.48 0.52
v -12.2544974 -11.4233246 11.5000000 0.44 0.48 0.52
v -12.2526009 -11.3915697 11.5000000 0.44 0.48 0.52
v -12.2494435 -11.3599153 11.5000000 0.44 0.48 0.52
v -12.2450301 -11.3284114 11.5000000 0.44 0.48 0.52
v -12.2393677 -11.2971079 11.5000000 0.44 0.48 0.52
v -12.2324653 -11.2660543 11.5000000 0.44 0.48 0.52
v -12.2243338 -11.2352996 11.5000000 0.44 0.48 0.52
v -12.2149860 -11.2048926 11.5000000 0.44 0.48 0.52
v -12.2044367 -11.1748812 11.5000000 0.44 0.48 0.52
v -12.1927025 -11.1453129 11.5000000 0.44 0.48 0.52
v -12.1798022 -11.1162345 11.5000000 0.44 0.48 0.52
v -12.1657559 -11.0876920 11.5000000 0.44 0.48 0.52
v -12.1505861 -11.0597305 11.5000000 0.44 0.48 0.52
v -12.1343165 -11.0323942 11.5000000 0.44 0.48 0.52
v -12.1169731 -11.0057263 11.5000000 0.44 0.48 0.52
v -12.0985831 -10.9797690 11.5000000 0.44 0.48 0.52
v -12.0791757 -10.9545634 11.5000000 0.44 0.48 0.52
v -12.0587816 -10.9301493 11.5000000 0.44 0.48 0.52
v -12.0374329 -10.9065652 11.5000000 0.44 0.48 0.52
v -12.0151635 -10.8838486 11.5000000 0.44 0.48 0.52
v -11.9920086 -10.8620352 11.5000000 0.44 0.48 0.52
v -11.9680048 -10.8411597 11.5000000 0.44 0.48 0.52
v -11.9431900 -10.8212550 11.5000000 0.44 0.48 0.52
v -11.9176035 -10.8023526 11.5000000 0.44 0.48 0.52
v -11.8912857 -10.7844823 11.5000000 0.44 0.48 0.52
v -11.8642782 -10.7676725 11.5000000 0.44 0.48 0.52
v -11.8366239 -10.7519497 11.5000000 0.44 0.48 0.52
v -11.8083663 -10.7373388 11.5000000 0.44 0.48 0.52
v -11.7795501 -10.7238628 11.5000000 0.44 0.48 0.52
v -11.7502210 -10.7115431 11.5000000 0.44 0.48 0.52
v -11.7204253 -10.7003992 11.5000000 0.44 0.48 0.52
v -11.6902101 -10.6904487 11.5000000 0.44 0.48 0.52
v -11.6596232 -10.6817073 11.5000000 0.44 0.48 0.52
v -11.6287129 -10.6741888 11.5000000 0.44 0.48 0.52
v -11.5975282 -10.6679052 11.5000000 0.44 0.48 0.52
v -11.5661183 -10.6628663 11.5000000 0.44 0.48 0.52
v -11.5345329 -10.6590801 11.5000000 0.44 0.48 0.52
v -11.5028220 -10.6565527 11.5000000 0.44 0.48 0.52
v -11.4710356 -10.6552880 11.5000000 0.44 0.48 0.52
v -11.4392241 -10.6552880 11.5000000 0.44 0.48 0.52
v -11.4074378 -10.6565527 11.5000000 0.44 0.48 0.52
v -11.3757268 -10.6590801 11.5000000 0.44 0.48 0.52
v -11.3441414 -10.6628663 11.5000000 0.44 0.48 0.52
v -11.3127315 -10.6679052 11.5000000 0.44 0.48 0.52
v -11.2815468 -10.6741888 11.5000000 0.44 0.48 0.52
v -11.2506365 -10.6817073 11.5000000 0.44 0.48 0.52
v -11.2200496 -10.6904487 11.5000000 0.44 0.48 0.52
v -11.1898344 -10.7003992 11.5000000 0.44 0.48 0.52
v -11.1600387 -10.7115431 11.5000000 0.44 0.48 0.52
v -11.1307096 -10.7238628 11.5000000 0.44 0.48 0.52
v -11.1018935 -10.7373388 11.5000000 0.44 0.48 0.52
v -11.0736359 -10.7519497 11.5000000 0.44 0.48 0.52
v -11.0459815 -10.7676725 11.5000000 0.44 0.48 0.52
v -11.0189740 -10.7844823 11.5000000 0.44 0.48 0.52
v -10.9926563 -10.8023526 11.5000000 0.44 0.48 0.52
v -10.9670697 -10.8212550 11.5000000 0.44 0.48 0.52
v -10.9422549 -10.8411597 11.5000000 0.44 0.48 0.52
v -10.9182511 -10.8620352 11.5000000 0.44 0.48 0.52
v -10.8950962 -10.8838486 11.5000000 0.44 0.48 0.52
v -10.8728268 -10.9065652 11.5000000 0.44 0.48 0.52
v -10.8514782 -10.9301493 11.5000000 0.44 0.48 0.52
v -10.8310840 -10.9545634 11.5000000 0.44 0.48 0.52
v -10.8116766 -10.9797690 11.5000000 0.44 0.48 0.52
v -10.7932866 -11.0057263 11.5000000 0.44 0.48 0.52
v -10.7759432 -11.0323942 11.5000000 0.44 0.48 0.52
v -10.7596736 -11.0597305 11.5000000 0.44 0.48 0.52
v -10.7445038 -11.0876920 11.5000000 0.44 0.48 0.52
v -10.7304575 -11.1162345 11.5000000 0.44 0.48 0.52
v -10.7175572 -11.1453129 11.5000000 0.44 0.48 0.52
v -10.7058231 -11.1748812 11.5000000 0.44 0.48 0.52
v -10.6952737 -11.2048926 11.5000000 0.44 0.48 0.52
v -10.6859259 -11.2352996 11.5000000 0.44 0.48 0.52
v -10.6777944 -11.2660543 11.5000000 0.44 0.48 0.52
v -10.6708920 -11.2971079 11.5000000 0.44 0.48 0.52
v -10.6652296 -11.3284114 11.5000000 0.44 0.48 0.52
v -10.6608162 -11.3599153 11.5000000 0.44 0.48 0.52
v -10.6576588 -11.3915697 11.5000000 0.44 0.48 0.52
v -10.6557623 -11.4233246 11.5000000 0.44 0.48 0.52
v -10.6551299 -11.4551299 11.5000000 0.44 0.48 0.52
v -10.0551299 -11.4551299 12.1000000 0.44 0.48 0.52
v -10.1751299 -11.4551299 11.9800000 0.44 0.48 0.52
v -10.2951299 -11.4551299 11.8600000 0.44 0.48 0.52
v -10.4151299 -11.4551299 11.7400000 0.44 0.48 0.52
v -10.5351299 -11.4551299 11.6200000 0.44 0.48 0.52
v -10.0562367 -11.5107890 12.1000000 0.44 0.48 0.52
v -10.0595555 -11.5663601 12.1000000 0.44 0.48 0.52
v -10.0650810 -11.6217553 12.1000000 0.44 0.48 0.52
v -10.0728044 -11.6768871 12.1000000 0.44 0.48 0.52
v -10.0827135 -11.7316682 12.1000000 0.44 0.48 0.52
v -10.0947928 -11.7860121 12.1000000 0.44 0.48 0.52
v -10.1090230 -11.8398327 12.1000000 0.44 0.48 0.52
v -10.1253817 -11.8930451 12.1000000 0.44 0.48 0.52
v -10.1438430 -11.9455650 12.1000000 0.44 0.48 0.52
v -10.1643777 -11.9973095 12.1000000 0.44 0.48 0.52
v -10.1869533 -12.0481967 12.1000000 0.44 0.48 0.52
v -10.2115342 -12.0981461 12.1000000 0.44 0.48 0.52
v -10.2380815 -12.1470787 12.1000000 0.44 0.48 0.52
v -10.2665531 -12.1949173 12.1000000 0.44 0.48 0.52
v -10.2969042 -12.2415861 12.1000000 0.44 0.48 0.52
v -10.3290867 -12.2870113 12.1000000 0.44 0.48 0.52
v -10.3630496 -12.3311212 12.1000000 0.44 0.48 0.52
v -10.3987394 -12.3738459 12.1000000 0.44 0.48 0.52
v -10.4360995 -12.4151180 12.1000000 0.44 0.48 0.52
v -10.4750710 -12.4548721 12.1000000 0.44 0.48 0.52
v -10.5155921 -12.4930454 12.1000000 0.44 0.48 0.52
v -10.5575988 -12.5295776 12.1000000 0.44 0.48 0.52
v -10.6010247 -12.5644108 12.1000000 0.44 0.48 0.52
v -10.6458011 -12.5974901 12.1000000 0.44 0.48 0.52
v -10.6918572 -12.6287630 12.1000000 0.44 0.48 0.52
v -10.7391202 -12.6581802 12.1000000 0.44 0.48 0.52
v -10.7875154 -12.6856951 12.1000000 0.44 0.48 0.52
v -10.8369662 -12.7112643 12.1000000 0.44 0.48 0.52
v -10.8873944 -12.7348472 12.1000000 0.44 0.48 0.52
v -10.9387204 -12.7564066 12.1000000 0.44 0.48 0.52
v -10.9908629 -12.7759085 12.1000000 0.44 0.48 0.52
v -11.0437395 -12.7933219 12.1000000 0.44 0.48 0.52
v -11.0972666 -12.8086194 12.1000000 0.44 0.48 0.52
v -11.1513595 -12.8217767 12.1000000 0.44 0.48 0.52
v -11.2059328 -12.8327731 12.1000000 0.44 0.48 0.52
v -11.2609001 -12.8415911 12.1000000 0.44 0.48 0.52
v -11.3161745 -12.8482169 12.1000000 0.44 0.48 0.52
v -11.3716687 -12.8526399 12.1000000 0.44 0.48 0.52
v -11.4272948 -12.8548531 12.1000000 0.44 0.48 0.52
v -11.4829649 -12.8548531 12.1000000 0.44 0.48 0.52
v -11.5385910 -12.8526399 12.1000000 0.44 0.48 0.52
v -11.5940852 -12.8482169 12.1000000 0.44 0.48 0.52
v -11.6493596 -12.8415911 12.1000000 0.44 0.48 0.52
v -11.7043269 -12.8327731 12.1000000 0.44 0.48 0.52
v -11.7589002 -12.8217767 12.1000000 0.44 0.48 0.52
v -11.8129931 -12.8086194 12.1000000 0.44 0.48 0.52
v -11.8665202 -12.7933219 12.1000000 0.44 0.48 0.52
v -11.9193968 -12.7759085 12.1000000 0.44 0.48 0.52
v -11.9715393 -12.7564066 12.1000000 0.44 0.48 0.52
v -12.0228653 -12.7348472 12.1000000 0.44 0.48 0.52
v -12.0732936 -12.7112643 12.1000000 0.44 0.48 0.52
v -12.1227444 -12.6856951 12.1000000 0.44 0.48 0.52
v -12.1711395 -12.6581802 12.1000000 0.44 0.48 0.52
v -12.2184025 -12.6287630 12.1000000 0.44 0.48 0.52
v -12.2644587 -12.5974901 12.1000000 0.44 0.48 0.52
v -12.3092351 -12.5644108 12.1000000 0.44 0.48 0.52
v -12.3526609 -12.5295776 12.1000000 0.44 0.48 0.52
v -12.3946677 -12.4930454 12.1000000 0.44 0.48 0.52
v -12.4351888 -12.4548721 12.1000000 0.44 0.48 0.52
v -12.4741602 -12.4151180 12.1000000 0.44 0.48 0.52
v -12.5115203 -12.3738459 12.1000000 0.44 0.48 0.52
v -12.5472101 -12.3311212 12.1000000 0.44 0.48 0.52
v -12.5811730 -12.2870113 12.1000000 0.44 0.48 0.52
v -12.6133555 -12.2415861 12.1000000 0.44 0.48 0.52
v -12.6437066 -12.1949173 12.1000000 0.44 0.48 0.52
v -12.6721782 -12.1470787 12.1000000 0.44 0.48 0.52
v -12.6987255 -12.0981461 12.1000000 0.44 0.48 0.52
v -12.7233064 -12.0481967 12.1000000 0.44 0.48 0.52
v -12.7458821 -11.9973095 12.1000000 0.44 0.48 0.52
v -12.7664168 -11.9455650 12.1000000 0.44 0.48 0.52
v -12.7848780 -11.8930451 12.1000000 0.44 0.48 0.52
v -12.8012367 -11.8398327 12.1000000 0.44 0.48 0.52
v -12.8154669 -11.7860121 12.1000000 0.44 0.48 0.52
v -12.8275462 -11.7316682 12.1000000 0.44 0.48 0.52
v -12.8374553 -11.6768871 12.1000000 0.44 0.48 0.52
v -12.8451788 -11.6217553 12.1000000 0.44 0.48 0.52
v -12.8507042 -11.5663601 12.1000000 0.44 0.48 0.52
v -12.8540230 -11.5107890 12.1000000 0.44 0.48 0.52
v -12.8551299 -11.4551299 12.1000000 0.44 0.48 0.52
v -12.8540230 -11.3994707 12.1000000 0.44 0.48 0.52
v -12.8507042 -11.3438996 12.1000000 0.44 0.48 0.52
v -12.8451788 -11.2885044 12.1000000 0.44 0.48 0.52
v -12.8374553 -11.2333726 12.1000000 0.44 0.48 0.52
v -12.8275462 -11.1785915 12.1000000 0.44 0.48 0.52
v -12.8154669 -11.1242476 12.1000000 0.44 0.48 0.52
v -12.8012367 -11.0704270 12.1000000 0.44 0.48 0.52
v -12.7848780 -11.0172146 12.1000000 0.44 0.48 0.52
v -12.7664168 -10.9646947 12.1000000 0.44 0.48 0.52
v -12.7458821 -10.9129502 12.1000000 0.44 0.48 0.52
v -12.7233064 -10.8620631 12.1000000 0.44 0.48 0.52
v -12.6987255 -10.8121137 12.1000000 0.44 0.48 0.52
v -12.6721782 -10.7631810 12.1000000 0.44 0.48 0.52
v -12.6437066 -10.7153424 12.1000000 0.44 0.48 0.52
v -12.6133555 -10.6686737 12.1000000 0.44 0.48 0.52
v -12.5811730 -10.6232484 12.1000000 0.44 0.48 0.52
v -12.5472101 -10.5791385 12.1000000 0.44 0.48 0.52
v -12.5115203 -10.5364138 12.1000000 0.44 0.48 0.52
v -12.4741602 -10.4951417 12.1000000 0.44 0.48 0.52
v -12.4351888 -10.4553876 12.1000000 0.44 0.48 0.52
v -12.3946677 -10.4172143 12.1000000 0.44 0.48 0.52
v -12.3526609 -10.3806821 12.1000000 0.44 0.48 0.52
v -12.3092351 -10.3458489 12.1000000 0.44 0.48 0.52
v -12.2644587 -10.3127696 12.1000000 0.44 0.48 0.52
v -12.2184025 -10.2814967 12.1000000 0.44 0.48 0.52
v -12.1711395 -10.2520795 12.1000000 0.44 0.48 0.52
v -12.1227444 -10.2245646 12.1000000 0.44 0.48 0.52
v -12.0732936 -10.1989955 12.1000000 0.44 0.48 0.52
v -12.0228653 -10.1754125 12.1000000 0.44 0.48 0.52
v -11.9715393 -10.1538531 12.1000000 0.44 0.48 0.52
v -11.9193968 -10.1343512 12.1000000 0.44 0.48 0.52
v -11.8665202 -10.1169378 12.1000000 0.44 0.48 0.52
v -11.8129931 -10.1016403 12.1000000 0.44 0.48 0.52
v -11.7589002 -10.0884830 12.1000000 0.44 0.48 0.52
v -11.7043269 -10.0774866 12.1000000 0.44 0.48 0.52
v -11.6493596 -10.0686686 12.1000000 0.44 0.48 0.52
v -11.5940852 -10.0620428 12.1000000 0.44 0.48 0.52
v -11.5385910 -10.0576198 12.1000000 0.44 0.48 0.52
v -11.4829649 -10.0554066 12.1000000 0.44 0.48 0.52
v -11.4272948 -10.0554066 12.1000000 0.44 0.48 0.52
v -11.3716687 -10.0576198 12.1000000 0.44 0.48 0.52
v -11.3161745 -10.0620428 12.1000000 0.44 0.48 0.52
v -11.2609001 -10.0686686 12.1000000 0.44 0.48 0.52
v -11.2059328 -10.0774866 12.1000000 0.44 0.48 0.52
v -11.1513595 -10.0884830 12.1000000 0.44 0.48 0.52
v -11.0972666 -10.1016403 12.1000000 0.44 0.48 0.52
v -11.0437395 -10.1169378 12.1000000 0.44 0.48 0.52
v -10.9908629 -10.1343512 12.1000000 0.44 0.48 0.52
v -10.9387204 -10.1538531 12.1000000 0.44 0.48 0.52
v -10.8873944 -10.1754125 12.1000000 0.44 0.48 0.52
v -10.8369662 -10.1989955 12.1000000 0.44 0.48 0.52
v -10.7875154 -10.2245646 12.1000000 0.44 0.48 0.52
v -10.7391202 -10.2520795 12.1000000 0.44 0.48 0.52
v -10.6918572 -10.2814967 12.1000000 0.44 0.48 0.52
v -10.6458011 -10.3127696 12.1000000 0.44 0.48 0.52
v -10.6010247 -10.3458489 12.1000000 0.44 0.48 0.52
v -10.5575988 -10.3806821 12.1000000 0.44 0.48 0.52
v -10.5155921 -10.4172143 12.1000000 0.44 0.48 0.52
v -10.4750710 -10.4553876 12.1000000 0.44 0.48 0.52
v -10.4360995 -10.4951417 12.1000000 0.44 0.48 0.52
v -10.3987394 -10.5364138 12.1000000 0.44 0.48 0.52
v -10.3630496 -10.5791385 12.1000000 0.44 0.48 0.52
v -10.3290867 -10.6232484 12.1000000 0.44 0.48 0.52
v -10.2969042 -10.6686737 12.1000000 0.44 0.48 0.52
v -10.2665531 -10.7153424 12.1000000 0.44 0.48 0.52
v -10.2380815 -10.7631810 12.1000000 0.44 0.48 0.52
v -10.2115342 -10.8121137 12.1000000 0.44 0.48 0.52
v -10.1869533 -10.8620631 12.1000000 0.44 0.48 0.52
v -10.1643777 -10.9129502 12.1000000 0.44 0.48 0.52
v -10.1438430 -10.9646947 12.1000000 0.44 0.48 0.52
v -10.1253817 -11.0172146 12.1000000 0.44 0.48 0.52
v -10.1090230 -11.0704270 12.1000000 0.44 0.48 0.52
v -10.0947928 -11.1242476 12.1000000 0.44 0.48 0.52
v -10.0827135 -11.1785915 12.1000000 0.44 0.48 0.52
v -10.0728044 -11.2333726 12.1000000 0.44 0.48 0.52
v -10.0650810 -11.2885044 12.1000000 0.44 0.48 0.52
v -10.0595555 -11.3438996 12.1000000 0.44 0.48 0.52
v -10.0562367 -11.3994707 12.1000000 0.44 0.48 0.52
v -10.0551299 -11.4551299 12.1000000 0.44 0.48 0.52
v -10.1751299 -11.4551299 11.9800000 0.44 0.48 0.52
v -10.2951299 -11.4551299 11.8600000 0.44 0.48 0.52
v -10.4151299 -11.4551299 11.7400000 0.44 0.48 0.52
v -10.5351299 -11.4551299 11.6200000 0.44 0.48 0.52
v -10.1791761 -11.5568261 11.9800000 0.44 0.48 0.52
v -10.1912894 -11.6578793 11.9800000 0.44 0.48 0.52
v -10.2987968 -11.5472920 11.8600000 0.44 0.48 0.52
v -10.2113931 -11.7576507 11.9800000 0.44 0.48 0.52
v -10.3097745 -11.6388716 11.8600000 0.44 0.48 0.52
v -10.2393601 -11.8555095 11.9800000 0.44 0.48 0.52
v -10.4184175 -11.5377580 11.7400000 0.44 0.48 0.52
v -10.3279934 -11.7292894 11.8600000 0.44 0.48 0.52
v -10.2750136 -11.9508370 11.9800000 0.44 0.48 0.52
v -10.4282595 -11.6198638 11.7400000 0.44 0.48 0.52
v -10.3533385 -11.8179739 11.8600000 0.44 0.48 0.52
v -10.3181281 -12.0430304 11.9800000 0.44 0.48 0.52
v -10.5380381 -11.5282240 11.6200000 0.44 0.48 0.52
v -10.4445937 -11.7009281 11.7400000 0.44 0.48 0.52
v -10.3856495 -11.9043644 11.8600000 0.44 0.48 0.52
v -10.3684312 -12.1315069 11.9800000 0.44 0.48 0.52
v -10.5467445 -11.6008560 11.6200000 0.44 0.48 0.52
v -10.4673169 -11.7804383 11.7400000 0.44 0.48 0.52
v -10.4247220 -11.9879147 11.8600000 0.44 0.48 0.52
v -10.4256047 -12.2157072 11.9800000 0.44 0.48 0.52
v -10.5611941 -11.6725667 11.6200000 0.44 0.48 0.52
v -10.4962854 -11.8578919 11.7400000 0.44 0.48 0.52
v -10.4703092 -12.0680966 11.8600000 0.44 0.48 0.52
v -10.4892871 -12.2950988 11.9800000 0.44 0.48 0.52
v -10.5812953 -11.7429027 11.6200000 0.44 0.48 0.52
v -10.5313159 -11.9327990 11.7400000 0.44 0.48 0.52
v -10.5221226 -12.1444030 11.8600000 0.44 0.48 0.52
v -10.5590760 -12.3691799 11.9800000 0.44 0.48 0.52
v -10.6069213 -11.8114193 11.6200000 0.44 0.48 0.52
v -10.5721872 -12.0046862 11.7400000 0.44 0.48 0.52
v -10.5798349 -12.2163517 11.8600000 0.44 0.48 0.52
v -10.6345300 -12.4374821 11.9800000 0.44 0.48 0.52
v -10.6379099 -11.8776834 11.6200000 0.44 0.48 0.52
v -10.6186406 -12.0730989 11.7400000 0.44 0.48 0.52
v -10.6430810 -12.2834877 11.8600000 0.44 0.48 0.52
v -10.7151721 -12.4995735 11.9800000 0.44 0.48 0.52
v -10.6740652 -11.9412759 11.6200000 0.44 0.48 0.52
v -10.6703827 -12.1376046 11.7400000 0.44 0.48 0.52
v -10.7114612 -12.3453866 11.8600000 0.44 0.48 0.52
v -10.8004924 -12.5550616 11.9800000 0.44 0.48 0.52
v -10.7151586 -12.0017948 11.6200000 0.44 0.48 0.52
v -10.7270861 -12.1977955 11.7400000 0.44 0.48 0.52
v -10.7845431 -12.4016569 11.8600000 0.44 0.48 0.52
v -10.8899516 -12.6035956 11.9800000 0.44 0.48 0.52
v -10.7609304 -12.0588575 11.6200000 0.44 0.48 0.52
v -10.7883925 -12.2532910 11.7400000 0.44 0.48 0.52
v -10.8618647 -12.4519430 11.8600000 0.44 0.48 0.52
v -10.9829840 -12.6448686 11.9800000 0.44 0.48 0.52
v -10.8110911 -12.1121033 11.6200000 0.44 0.48 0.52
v -10.8539142 -12.3037403 11.7400000 0.44 0.48 0.52
v -10.9429371 -12.4959269 11.8600000 0.44 0.48 0.52
v -11.0790015 -12.6786197 11.9800000 0.44 0.48 0.52
v -10.8653237 -12.1611955 11.6200000 0.44 0.48 0.52
v -10.9232370 -12.3488244 11.7400000 0.44 0.48 0.52
v -11.0272477 -12.5333306 11.8600000 0.44 0.48 0.52
v -11.1773970 -12.7046355 11.9800000 0.44 0.48 0.52
v -10.9232852 -12.2058237 11.6200000 0.44 0.48 0.52
v -10.9959225 -12.3882583 11.7400000 0.44 0.48 0.52
v -11.1142635 -12.5639176 11.8600000 0.44 0.48 0.52
v -11.2775484 -12.7227516 11.9800000 0.44 0.48 0.52
v -10.9846092 -12.2457058 11.6200000 0.44 0.48 0.52
v -11.0715114 -12.4217926 11.7400000 0.44 0.48 0.52
v -11.2034344 -12.5874944 11.8600000 0.44 0.48 0.52
v -11.3788225 -12.7328533 11.9800000 0.44 0.48 0.52
v -11.0489080 -12.2805896 11.6200000 0.44 0.48 0.52
v -11.1495256 -12.4492154 11.7400000 0.44 0.48 0.52
v -11.2941966 -12.6039120 11.8600000 0.44 0.48 0.52
v -11.4805791 -12.7348768 11.9800000 0.44 0.48 0.52
v -11.1157750 -12.3102546 11.6200000 0.44 0.48 0.52
v -11.2294719 -12.4703532 11.7400000 0.44 0.48 0.52
v -11.3859763 -12.6130667 11.8600000 0.44 0.48 0.52
v -11.5821747 -12.7288094 11.9800000 0.44 0.48 0.52
v -11.1847876 -12.3345132 11.6200000 0.44 0.48 0.52
v -11.3108449 -12.4850725 11.7400000 0.44 0.48 0.52
v -11.4781932 -12.6149006 11.8600000 0.44 0.48 0.52
v -11.6829672 -12.7146894 11.9800000 0.44 0.48 0.52
v -11.2555094 -12.3532121 11.6200000 0.44 0.48 0.52
v -11.3931301 -12.4932801 11.7400000 0.44 0.48 0.52
v -11.5702643 -12.6094019 11.8600000 0.44 0.48 0.52
v -11.7823191 -12.6926060 11.9800000 0.44 0.48 0.52
v -11.3274932 -12.3662330 11.6200000 0.44 0.48 0.52
v -11.4758073 -12.4949243 11.7400000 0.44 0.48 0.52
v -11.6616074 -12.5966057 11.8600000 0.44 0.48 0.52
v -11.8796025 -12.6626989 11.9800000 0.44 0.48 0.52
v -11.4002839 -12.3734936 11.6200000 0.44 0.48 0.52
v -11.5583538 -12.4899945 11.7400000 0.44 0.48 0.52
v -11.7516451 -12.5765926 11.8600000 0.44 0.48 0.52
v -11.9742023 -12.6251571 11.9800000 0.44 0.48 0.52
v -11.4734215 -12.3749480 11.6200000 0.44 0.48 0.52
v -11.6402477 -12.4785220 11.7400000 0.44 0.48 0.52
v -11.8398082 -12.5494893 11.8600000 0.44 0.48 0.52
v -12.0655203 -12.5802181 11.9800000 0.44 0.48 0.52
v -11.5464434 -12.3705870 11.6200000 0.44 0.48 0.52
v -11.7209712 -12.4605792 11.7400000 0.44 0.48 0.52
v -11.9255392 -12.5154671 11.8600000 0.44 0.48 0.52
v -12.1529792 -12.5281659 11.9800000 0.44 0.48 0.52
v -11.6188879 -12.3604383 11.6200000 0.44 0.48 0.52
v -11.8000139 -12.4362797 11.7400000 0.44 0.48 0.52
v -12.0082962 -12.4747411 11.8600000 0.44 0.48 0.52
v -12.2360260 -12.4693296 11.9800000 0.44 0.48 0.52
v -11.6902972 -12.3445658 11.6200000 0.44 0.48 0.52
v -11.8768762 -12.4057770 11.7400000 0.44 0.48 0.52
v -12.0875558 -12.4275688 11.8600000 0.44 0.48 0.52
v -12.3141358 -12.4040812 11.9800000 0.44 0.48 0.52
v -11.7602196 -12.3230701 11.6200000 0.44 0.48 0.52
v -11.9510721 -12.3692641 11.7400000 0.44 0.48 0.52
v -12.1628170 -12.3742484 11.8600000 0.44 0.48 0.52
v -12.3868147 -12.3328333 11.9800000 0.44 0.48 0.52
v -11.8282132 -12.2960870 11.6200000 0.44 0.48 0.52
v -12.0221324 -12.3269716 11.7400000 0.44 0.48 0.52
v -12.2336040 -12.3151170 11.8600000 0.44 0.48 0.52
v -12.4536032 -12.2560362 11.9800000 0.44 0.48 0.52
v -11.8938480 -12.2637870 11.6200000 0.44 0.48 0.52
v -12.0896080 -12.2791672 11.7400000 0.44 0.48 0.52
v -12.2994693 -12.2505486 11.8600000 0.44 0.48 0.52
v -12.5140790 -12.1741755 11.9800000 0.44 0.48 0.52
v -11.9567090 -12.2263745 11.6200000 0.44 0.48 0.52
v -12.1530722 -12.2261528 11.7400000 0.44 0.48 0.52
v -12.3599963 -12.1809512 11.8600000 0.44 0.48 0.52
v -12.5678598 -12.0877688 11.9800000 0.44 0.48 0.52
v -12.0163990 -12.1840859 11.6200000 0.44 0.48 0.52
v -12.2121238 -12.1682639 11.7400000 0.44 0.48 0.52
v -12.4148025 -12.1067650 11.8600000 0.44 0.48 0.52
v -12.6146056 -11.9973624 11.9800000 0.44 0.48 0.52
v -12.0725404 -12.1371887 11.6200000 0.44 0.48 0.52
v -12.2663895 -12.1058663 11.7400000 0.44 0.48 0.52
v -12.4635414 -12.0284589 11.8600000 0.44 0.48 0.52
v -12.6540207 -11.9035277 11.9800000 0.44 0.48 0.52
v -12.1247784 -12.0859792 11.6200000 0.44 0.48 0.52
v -12.3155260 -12.0393545 11.7400000 0.44 0.48 0.52
v -12.5059047 -11.9465281 11.8600000 0.44 0.48 0.52
v -12.6858561 -11.8068582 11.9800000 0.44 0.48 0.52
v -12.1727826 -12.0307813 11.6200000 0.44 0.48 0.52
v -12.3592229 -11.9691490 11.7400000 0.44 0.48 0.52
v -12.5416247 -11.8614904 11.8600000 0.44 0.48 0.52
v -12.7099105 -11.7079649 11.9800000 0.44 0.48 0.52
v -12.2162496 -11.9719439 11.6200000 0.44 0.48 0.52
v -12.3972039 -11.8956938 11.7400000 0.44 0.48 0.52
v -12.5704755 -11.7738837 11.8600000 0.44 0.48 0.52
v -12.7260317 -11.6074731 11.9800000 0.44 0.48 0.52
v -12.2549045 -11.9098391 11.6200000 0.44 0.48 0.52
v -12.4292287 -11.8194531 11.7400000 0.44 0.48 0.52
v -12.5922748 -11.6842616 11.8600000 0.44 0.48 0.52
v -12.7341179 -11.5060182 11.9800000 0.44 0.48 0.52
v -12.2885030 -11.8448595 11.6200000 0.44 0.48 0.52
v -12.4550950 -11.7409091 11.7400000 0.44 0.48 0.52
v -12.6068847 -11.5931910 11.8600000 0.44 0.48 0.52
v -12.7341179 -11.4042415 11.9800000 0.44 0.48 0.52
v -12.3168327 -11.7774158 11.6200000 0.44 0.48 0.52
v -12.4746391 -11.6605583 11.7400000 0.44 0.48 0.52
v -12.6142128 -11.5012474 11.8600000 0.44 0.48 0.52
v -12.7260317 -11.3027866 11.9800000 0.44 0.48 0.52
v -12.3397144 -11.7079346 11.6200000 0.44 0.48 0.52
v -12.4877376 -11.5789088 11.7400000 0.44 0.48 0.52
v -12.6142128 -11.4090123 11.8600000 0.44 0.48 0.52
v -12.7099105 -11.2022948 11.9800000 0.44 0.48 0.52
v -12.3570034 -11.6368551 11.6200000 0.44 0.48 0.52
v -12.4943076 -11.4964766 11.7400000 0.44 0.48 0.52
v -12.6068847 -11.3170688 11.8600000 0.44 0.48 0.52
v -12.6858561 -11.1034015 11.9800000 0.44 0.48 0.52
v -12.3685906 -11.5646266 11.6200000 0.44 0.48 0.52
v -12.4943076 -11.4137831 11.7400000 0.44 0.48 0.52
v -12.5922748 -11.2259981 11.8600000 0.44 0.48 0.52
v -12.6540207 -11.0067320 11.9800000 0.44 0.48 0.52
v -12.3744025 -11.4917058 11.6200000 0.44 0.48 0.52
v -12.4877376 -11.3313509 11.7400000 0.44 0.48 0.52
v -12.5704755 -11.1363760 11.8600000 0.44 0.48 0.52
v -12.6146056 -10.9128973 11.9800000 0.44 0.48 0.52
v -12.3744025 -11.4185539 11.6200000 0.44 0.48 0.52
v -12.4746391 -11.2497014 11.7400000 0.44 0.48 0.52
v -12.5416247 -11.0487693 11.8600000 0.44 0.48 0.52
v -12.5678598 -10.8224909 11.9800000 0.44 0.48 0.52
v -12.3685906 -11.3456331 11.6200000 0.44 0.48 0.52
v -12.4550950 -11.1693506 11.7400000 0.44 0.48 0.52
v -12.5059047 -10.9637316 11.8600000 0.44 0.48 0.52
v -12.5140790 -10.7360842 11.9800000 0.44 0.48 0.52
v -12.3570034 -11.2734046 11.6200000 0.44 0.48 0.52
v -12.4292287 -11.0908066 11.7400000 0.44 0.48 0.52
v -12.4635414 -10.8818008 11.8600000 0.44 0.48 0.52
v -12.4536032 -10.6542235 11.9800000 0.44 0.48 0.52
v -12.3397144 -11.2023251 11.6200000 0.44 0.48 0.52
v -12.3972039 -11.0145659 11.7400000 0.44 0.48 0.52
v -12.4148025 -10.8034947 11.8600000 0.44 0.48 0.52
v -12.3868147 -10.5774264 11.9800000 0.44 0.48 0.52
v -12.3168327 -11.1328439 11.6200000 0.44 0.48 0.52
v -12.3592229 -10.9411107 11.7400000 0.44 0.48 0.52
v -12.3599963 -10.7293085 11.8600000 0.44 0.48 0.52
v -12.3141358 -10.5061785 11.9800000 0.44 0.48 0.52
v -12.2885030 -11.0654002 11.6200000 0.44 0.48 0.52
v -12.3155260 -10.8709052 11.7400000 0.44 0.48 0.52
v -12.2994693 -10.6597111 11.8600000 0.44 0.48 0.52
v -12.2360260 -10.4409301 11.9800000 0.44 0.48 0.52
v -12.2549045 -11.0004206 11.6200000 0.44 0.48 0.52
v -12.2663895 -10.8043935 11.7400000 0.44 0.48 0.52
v -12.2336040 -10.5951427 11.8600000 0.44 0.48 0.52
v -12.1529792 -10.3820938 11.9800000 0.44 0.48 0.52
v -12.2162496 -10.9383158 11.6200000 0.44 0.48 0.52
v -12.2121238 -10.7419958 11.7400000 0.44 0.48 0.52
v -12.1628170 -10.5360113 11.8600000 0.44 0.48 0.52
v -12.0655203 -10.3300416 11.9800000 0.44 0.48 0.52
v -12.1727826 -10.8794784 11.6200000 0.44 0.48 0.52
v -12.1530722 -10.6841069 11.7400000 0.44 0.48 0.52
v -12.0875558 -10.4826909 11.8600000 0.44 0.48 0.52
v -11.9742023 -10.2851026 11.9800000 0.44 0.48 0.52
v -12.1247784 -10.8242805 11.6200000 0.44 0.48 0.52
v -12.0896080 -10.6310926 11.7400000 0.44 0.48 0.52
v -12.0082962 -10.4355186 11.8600000 0.44 0.48 0.52
v -11.8796025 -10.2475608 11.9800000 0.44 0.48 0.52
v -12.0725404 -10.7730711 11.6200000 0.44 0.48 0.52
v -12.0221324 -10.5832881 11.7400000 0.44 0.48 0.52
v -11.9255392 -10.3947926 11.8600000 0.44 0.48 0.52
v -11.7823191 -10.2176537 11.9800000 0.44 0.48 0.52
v -12.0163990 -10.7261738 11.6200000 0.44 0.48 0.52
v -11.9510721 -10.5409957 11.7400000 0.44 0.48 0.52
v -11.8398082 -10.3607704 11.8600000 0.44 0.48 0.52
v -11.6829672 -10.1955703 11.9800000 0.44 0.48 0.52
v -11.9567090 -10.6838852 11.6200000 0.44 0.48 0.52
v -11.8768762 -10.5044827 11.7400000 0.44 0.48 0.52
v -11.7516451 -10.3336671 11.8600000 0.44 0.48 0.52
v -11.5821747 -10.1814503 11.9800000 0.44 0.48 0.52
v -11.8938480 -10.6464727 11.6200000 0.44 0.48 0.52
v -11.8000139 -10.4739800 11.7400000 0.44 0.48 0.52
v -11.6616074 -10.3136540 11.8600000 0.44 0.48 0.52
v -11.4805791 -10.1753829 11.9800000 0.44 0.48 0.52
v -11.8282132 -10.6141727 11.6200000 0.44 0.48 0.52
v -11.7209712 -10.4496805 11.7400000 0.44 0.48 0.52
v -11.5702643 -10.3008578 11.8600000 0.44 0.48 0.52
v -11.3788225 -10.1774064 11.9800000 0.44 0.48 0.52
v -11.7602196 -10.5871896 11.6200000 0.44 0.48 0.52
v -11.6402477 -10.4317378 11.7400000 0.44 0.48 0.52
v -11.4781932 -10.2953592 11.8600000 0.44 0.48 0.52
v -11.2775484 -10.1875081 11.9800000 0.44 0.48 0.52
v -11.6902972 -10.5656939 11.6200000 0.44 0.48 0.52
v -11.5583538 -10.4202652 11.7400000 0.44 0.48 0.52
v -11.3859763 -10.2971930 11.8600000 0.44 0.48 0.52
v -11.1773970 -10.2056242 11.9800000 0.44 0.48 0.52
v -11.6188879 -10.5498215 11.6200000 0.44 0.48 0.52
v -11.4758073 -10.4153354 11.7400000 0.44 0.48 0.52
v -11.2941966 -10.3063477 11.8600000 0.44 0.48 0.52
v -11.0790015 -10.2316400 11.9800000 0.44 0.48 0.52
v -11.5464434 -10.5396727 11.6200000 0.44 0.48 0.52
v -11.3931301 -10.4169796 11.7400000 0.44 0.48 0.52
v -11.2034344 -10.3227653 11.8600000 0.44 0.48 0.52
v -10.9829840 -10.2653911 11.9800000 0.44 0.48 0.52
v -11.4734215 -10.5353117 11.6200000 0.44 0.48 0.52
v -11.3108449 -10.4251872 11.7400000 0.44 0.48 0.52
v -11.1142635 -10.3463422 11.8600000 0.44 0.48 0.52
v -10.8899516 -10.3066641 11.9800000 0.44 0.48 0.52
v -11.4002839 -10.5367661 11.6200000 0.44 0.48 0.52
v -11.2294719 -10.4399065 11.7400000 0.44 0.48 0.52
v -11.0272477 -10.3769291 11.8600000 0.44 0.48 0.52
v -10.8004924 -10.3551981 11.9800000 0.44 0.48 0.52
v -11.3274932 -10.5440267 11.6200000 0.44 0.48 0.52
v -11.1495256 -10.4610443 11.7400000 0.44 0.48 0.52
v -10.9429371 -10.4143328 11.8600000 0.44 0.48 0.52
v -10.7151721 -10.4106862 11.9800000 0.44 0.48 0.52
v -11.2555094 -10.5570476 11.6200000 0.44 0.48 0.52
v -11.0715114 -10.4884671 11.7400000 0.44 0.48 0.52
v -10.8618647 -10.4583167 11.8600000 0.44 0.48 0.52
v -10.6345300 -10.4727776 11.9800000 0.44 0.48 0.52
v -11.1847876 -10.5757465 11.6200000 0.44 0.48 0.52
v -10.9959225 -10.5220014 11.7400000 0.44 0.48 0.52
v -10.7845431 -10.5086028 11.8600000 0.44 0.48 0.52
v -10.5590760 -10.5410798 11.9800000 0.44 0.48 0.52
v -11.1157750 -10.6000051 11.6200000 0.44 0.48 0.52
v -10.9232370 -10.5614353 11.7400000 0.44 0.48 0.52
v -10.7114612 -10.5648732 11.8600000 0.44 0.48 0.52
v -10.4892871 -10.6151609 11.9800000 0.44 0.48 0.52
v -11.0489080 -10.6296701 11.6200000 0.44 0.48 0.52
v -10.8539142 -10.6065194 11.7400000 0.44 0.48 0.52
v -10.6430810 -10.6267720 11.8600000 0.44 0.48 0.52
v -10.4256047 -10.6945525 11.9800000 0.44 0.48 0.52
v -10.9846092 -10.6645539 11.6200000 0.44 0.48 0.52
v -10.7883925 -10.6569687 11.7400000 0.44 0.48 0.52
v -10.5798349 -10.6939080 11.8600000 0.44 0.48 0.52
v -10.3684312 -10.7787528 11.9800000 0.44 0.48 0.52
v -10.9232852 -10.7044360 11.6200000 0.44 0.48 0.52
v -10.7270861 -10.7124642 11.7400000 0.44 0.48 0.52
v -10.5221226 -10.7658567 11.8600000 0.44 0.48 0.52
v -10.3181281 -10.8672293 11.9800000 0.44 0.48 0.52
v -10.8653237 -10.7490642 11.6200000 0.44 0.48 0.52
v -10.6703827 -10.7726551 11.7400000 0.44 0.48 0.52
v -10.4703092 -10.8421631 11.8600000 0.44 0.48 0.52
v -10.2750136 -10.9594228 11.9800000 0.44 0.48 0.52
v -10.8110911 -10.7981564 11.6200000 0.44 0.48 0.52
v -10.6186406 -10.8371608 11.7400000 0.44 0.48 0.52
v -10.4247220 -10.9223450 11.8600000 0.44 0.48 0.52
v -10.2393601 -11.0547502 11.9800000 0.44 0.48 0.52
v -10.7609304 -10.8514022 11.6200000 0.44 0.48 0.52
v -10.5721872 -10.9055735 11.7400000 0.44 0.48 0.52
v -10.3856495 -11.0058953 11.8600000 0.44 0.48 0.52
v -10.2113931 -11.1526090 11.9800000 0.44 0.48 0.52
v -10.7151586 -10.9084649 11.6200000 0.44 0.48 0.52
v -10.5313159 -10.9774607 11.7400000 0.44 0.48 0.52
v -10.3533385 -11.0922858 11.8600000 0.44 0.48 0.52
v -10.1912894 -11.2523804 11.9800000 0.44 0.48 0.52
v -10.6740652 -10.9689838 11.6200000 0.44 0.48 0.52
v -10.4962854 -11.0523678 11.7400000 0.44 0.48 0.52
v -10.3279934 -11.1809703 11.8600000 0.44 0.48 0.52
v -10.1791761 -11.3534336 11.9800000 0.44 0.48 0.52
v -10.6379099 -11.0325763 11.6200000 0.44 0.48 0.52
v -10.4673169 -11.1298214 11.7400000 0.44 0.48 0.52
v -10.3097745 -11.2713881 11.8600000 0.44 0.48 0.52
v -10.6069213 -11.0988404 11.6200000 0.44 0.48 0.52
v -10.4445937 -11.2093316 11.7400000 0.44 0.48 0.52
v -10.2987968 -11.3629677 11.8600000 0.44 0.48 0.52
v -10.5812953 -11.1673570 11.6200000 0.44 0.48 0.52
v -10.4282595 -11.2903959 11.7400000 0.44 0.48 0.52
v -10.5611941 -11.2376930 11.6200000 0.44 0.48 0.52
v -10.4184175 -11.3725017 11.7400000 0.44 0.48 0.52
v -10.5467445 -11.3094037 11.6200000 0.44 0.48 0.52
v -10.5380381 -11.3820357 11.6200000 0.44 0.48 0.52
v -10.6551299 -11.4551299 11.5000000 0.44 0.48 0.52
v -10.6551299 -11.4551299 8.5000000 0.44 0.48 0.52
v -10.6557623 -11.4869351 8.5000000 0.44 0.48 0.52
v -10.6576588 -11.5186900 8.5000000 0.44 0.48 0.52
v -10.6608162 -11.5503444 8.5000000 0.44 0.48 0.52
v -10.6652296 -11.5818483 8.5000000 0.44 0.48 0.52
v -10.6708920 -11.6131518 8.5000000 0.44 0.48 0.52
v -10.6777944 -11.6442054 8.5000000 0.44 0.48 0.52
v -10.6859259 -11.6749601 8.5000000 0.44 0.48 0.52
v -10.6952737 -11.7053671 8.5000000 0.44 0.48 0.52
v -10.7058231 -11.7353785 8.5000000 0.44 0.48 0.52
v -10.7175572 -11.7649468 8.5000000 0.44 0.48 0.52
v -10.7304575 -11.7940252 8.5000000 0.44 0.48 0.52
v -10.7445038 -11.8225677 8.5000000 0.44 0.48 0.52
v -10.7596736 -11.8505292 8.5000000 0.44 0.48 0.52
v -10.7759432 -11.8778655 8.5000000 0.44 0.48 0.52
v -10.7932866 -11.9045334 8.5000000 0.44 0.48 0.52
v -10.8116766 -11.9304907 8.5000000 0.44 0.48 0.52
v -10.8310840 -11.9556963 8.5000000 0.44 0.48 0.52
v -10.8514782 -11.9801105 8.5000000 0.44 0.48 0.52
v -10.8728268 -12.0036945 8.5000000 0.44 0.48 0.52
v -10.8950962 -12.0264111 8.5000000 0.44 0.48 0.52
v -10.9182511 -12.0482245 8.5000000 0.44 0.48 0.52
v -10.9422549 -12.0691000 8.5000000 0.44 0.48 0.52
v -10.9670697 -12.0890047 8.5000000 0.44 0.48 0.52
v -10.9926563 -12.1079071 8.5000000 0.44 0.48 0.52
v -11.0189740 -12.1257774 8.5000000 0.44 0.48 0.52
v -11.0459815 -12.1425872 8.5000000 0.44 0.48 0.52
v -11.0736359 -12.1583100 8.5000000 0.44 0.48 0.52
v -11.1018935 -12.1729209 8.5000000 0.44 0.48 0.52
v -11.1307096 -12.1863969 8.5000000 0.44 0.48 0.52
v -11.1600387 -12.1987166 8.5000000 0.44 0.48 0.52
v -11.1898344 -12.2098605 8.5000000 0.44 0.48 0.52
v -11.2200496 -12.2198110 8.5000000 0.44 0.48 0.52
v -11.2506365 -12.2285524 8.5000000 0.44 0.48 0.52
v -11.2815468 -12.2360709 8.5000000 0.44 0.48 0.52
v -11.3127315 -12.2423545 8.5000000 0.44 0.48 0.52
v -11.3441414 -12.2473934 8.5000000 0.44 0.48 0.52
v -11.3757268 -12.2511796 8.5000000 0.44 0.48 0.52
v -11.4074378 -12.2537070 8.5000000 0.44 0.48 0.52
v -11.4392241 -12.2549717 8.5000000 0.44 0.48 0.52
v -11.4710356 -12.2549717 8.5000000 0.44 0.48 0.52
v -11.5028220 -12.2537070 8.5000000 0.44 0.48 0.52
v -11.5345329 -12.2511796 8.5000000 0.44 0.48 0.52
v -11.5661183 -12.2473934 8.5000000 0.44 0.48 0.52
v -11.5975282 -12.2423545 8.5000000 0.44 0.48 0.52
v -11.6287129 -12.2360709 8.5000000 0.44 0.48 0.52
v -11.6596232 -12.2285524 8.5000000 0.44 0.48 0.52
v -11.6902101 -12.2198110 8.5000000 0.44 0.48 0.52
v -11.7204253 -12.2098605 8.5000000 0.44 0.48 0.52
v -11.7502210 -12.1987166 8.5000000 0.44 0.48 0.52
v -11.7795501 -12.1863969 8.5000000 0.44 0.48 0.52
v -11.8083663 -12.1729209 8.5000000 0.44 0.48 0.52
v -11.8366239 -12.1583100 8.5000000 0.44 0.48 0.52
v -11.8642782 -12.1425872 8.5000000 0.44 0.48 0.52
v -11.8912857 -12.1257774 8.5000000 0.44 0.48 0.52
v -11.9176035 -12.1079071 8.5000000 0.44 0.48 0.52
v -11.9431900 -12.0890047 8.5000000 0.44 0.48 0.52
v -11.9680048 -12.0691000 8.5000000 0.44 0.48 0.52
v -11.9920086 -12.0482245 8.5000000 0.44 0.48 0.52
v -12.0151635 -12.0264111 8.5000000 0.44 0.48 0.52
v -12.0374329 -12.0036945 8.5000000 0.44 0.48 0.52
v -12.0587816 -11.9801105 8.5000000 0.44 0.48 0.52
v -12.0791757 -11.9556963 8.5000000 0.44 0.48 0.52
v -12.0985831 -11.9304907 8.5000000 0.44 0.48 0.52
v -12.1169731 -11.9045334 8.5000000 0.44 0.48 0.52
v -12.1343165 -11.8778655 8.5000000 0.44 0.48 0.52
v -12.1505861 -11.8505292 8.5000000 0.44 0.48 0.52
v -12.1657559 -11.8225677 8.5000000 0.44 0.48 0.52
v -12.1798022 -11.7940252 8.5000000 0.44 0.48 0.52
v -12.1927025 -11.7649468 8.5000000 0.44 0.48 0.52
v -12.2044367 -11.7353785 8.5000000 0.44 0.48 0.52
v -12.2149860 -11.7053671 8.5000000 0.44 0.48 0.52
v -12.2243338 -11.6749601 8.5000000 0.44 0.48 0.52
v -12.2324653 -11.6442054 8.5000000 0.44 0.48 0.52
v -12.2393677 -11.6131518 8.5000000 0.44 0.48 0.52
v -12.2450301 -11.5818483 8.5000000 0.44 0.48 0.52
v -12.2494435 -11.5503444 8.5000000 0.44 0.48 0.52
v -12.2526009 -11.5186900 8.5000000 0.44 0.48 0.52
v -12.2544974 -11.4869351 8.5000000 0.44 0.48 0.52
v -12.2551299 -11.4551299 8.5000000 0.44 0.48 0.52
v -12.2544974 -11.4233246 8.5000000 0.44 0.48 0.52
v -12.2526009 -11.3915697 8.5000000 0.44 0.48 0.52
v -12.2494435 -11.3599153 8.5000000 0.44 0.48 0.52
v -12.2450301 -11.3284114 8.5000000 0.44 0.48 0.52
v -12.2393677 -11.2971079 8.5000000 0.44 0.48 0.52
v -12.2324653 -11.2660543 8.5000000 0.44 0.48 0.52
v -12.2243338 -11.2352996 8.5000000 0.44 0.48 0.52
v -12.2149860 -11.2048926 8.5000000 0.44 0.48 0.52
v -12.2044367 -11.1748812 8.5000000 0.44 0.48 0.52
v -12.1927025 -11.1453129 8.5000000 0.44 0.48 0.52
v -12.1798022 -11.1162345 8.5000000 0.44 0.48 0.52
v -12.1657559 -11.0876920 8.5000000 0.44 0.48 0.52
v -12.1505861 -11.0597305 8.5000000 0.44 0.48 0.52
v -12.1343165 -11.0323942 8.5000000 0.44 0.48 0.52
v -12.1169731 -11.0057263 8.5000000 0.44 0.48 0.52
v -12.0985831 -10.9797690 8.5000000 0.44 0.48 0.52
v -12.0791757 -10.9545634 8.5000000 0.44 0.48 0.52
v -12.0587816 -10.9301493 8.5000000 0.44 0.48 0.52
v -12.0374329 -10.9065652 8.5000000 0.44 0.48 0.52
v -12.0151635 -10.8838486 8.5000000 0.44 0.48 0.52
v -11.9920086 -10.8620352 8.5000000 0.44 0.48 0.52
v -11.9680048 -10.8411597 8.5000000 0.44 0.48 0.52
v -11.9431900 -10.8212550 8.5000000 0.44 0.48 0.52
v -11.9176035 -10.8023526 8.5000000 0.44 0.48 0.52
v -11.8912857 -10.7844823 8.5000000 0.44 0.48 0.52
v -11.8642782 -10.7676725 8.5000000 0.44 0.48 0.52
v -11.8366239 -10.7519497 8.5000000 0.44 0.48 0.52
v -11.8083663 -10.7373388 8.5000000 0.44 0.48 0.52
v -11.7795501 -10.7238628 8.5000000 0.44 0.48 0.52
v -11.7502210 -10.7115431 8.5000000 0.44 0.48 0.52
v -11.7204253 -10.7003992 8.5000000 0.44 0.48 0.52
v -11.6902101 -10.6904487 8.5000000 0.44 0.48 0.52
v -11.6596232 -10.6817073 8.5000000 0.44 0.48 0.52
v -11.6287129 -10.6741888 8.5000000 0.44 0.48 0.52
v -11.5975282 -10.6679052 8.5000000 0.44 0.48 0.52
v -11.5661183 -10.6628663 8.5000000 0.44 0.48 0.52
v -11.5345329 -10.6590801 8.5000000 0.44 0.48 0.52
v -11.5028220 -10.6565527 8.5000000 0.44 0.48 0.52
v -11.4710356 -10.6552880 8.5000000 0.44 0.48 0.52
v -11.4392241 -10.6552880 8.5000000 0.44 0.48 0.52
v -11.4074378 -10.6565527 8.5000000 0.44 0.48 0.52
v -11.3757268 -10.6590801 8.5000000 0.44 0.48 0.52
v -11.3441414 -10.6628663 8.5000000 0.44 0.48 0.52
v -11.3127315 -10.6679052 8.5000000 0.44 0.48 0.52
v -11.2815468 -10.6741888 8.5000000 0.44 0.48 0.52
v -11.2506365 -10.6817073 8.5000000 0.44 0.48 0.52
v -11.2200496 -10.6904487 8.5000000 0.44 0.48 0.52
v -11.1898344 -10.7003992 8.5000000 0.44 0.48 0.52
v -11.1600387 -10.7115431 8.5000000 0.44 0.48 0.52
v -11.1307096 -10.7238628 8.5000000 0.44 0.48 0.52
v -11.1018935 -10.7373388 8.5000000 0.44 0.48 0.52
v -11.0736359 -10.7519497 8.5000000 0.44 0.48 0.52
v -11.0459815 -10.7676725 8.5000000 0.44 0.48 0.52
v -11.0189740 -10.7844823 8.5000000 0.44 0.48 0.52
v -10.9926563 -10.8023526 8.5000000 0.44 0.48 0.52
v -10.9670697 -10.8212550 8.5000000 0.44 0.48 0.52
v -10.9422549 -10.8411597 8.5000000 0.44 0.48 0.52
v -10.9182511 -10.8620352 8.5000000 0.44 0.48 0.52
v -10.8950962 -10.8838486 8.5000000 0.44 0.48 0.52
v -10.8728268 -10.9065652 8.5000000 0.44 0.48 0.52
v -10.8514782 -10.9301493 8.5000000 0.44 0.48 0.52
v -10.8310840 -10.9545634 8.5000000 0.44 0.48 0.52
v -10.8116766 -10.9797690 8.5000000 0.44 0.48 0.52
v -10.7932866 -11.0057263 8.5000000 0.44 0.48 0.52
v -10.7759432 -11.0323942 8.5000000 0.44 0.48 0.52
v -10.7596736 -11.0597305 8.5000000 0.44 0.48 0.52
v -10.7445038 -11.0876920 8.5000000 0.44 0.48 0.52
v -10.7304575 -11.1162345 8.5000000 0.44 0.48 0.52
v -10.7175572 -11.1453129 8.5000000 0.44 0.48 0.52
v -10.7058231 -11.1748812 8.5000000 0.44 0.48 0.52
v -10.6952737 -11.2048926 8.5000000 0.44 0.48 0.52
v -10.6859259 -11.2352996 8.5000000 0.44 0.48 0.52
v -10.6777944 -11.2660543 8.5000000 0.44 0.48 0.52
v -10.6708920 -11.2971079 8.5000000 0.44 0.48 0.52
v -10.6652296 -11.3284114 8.5000000 0.44 0.48 0.52
v -10.6608162 -11.3599153 8.5000000 0.44 0.48 0.52
v -10.6576588 -11.3915697 8.5000000 0.44 0.48 0.52
v -10.6557623 -11.4233246 8.5000000 0.44 0.48 0.52
v -10.6551299 -11.4551299 8.5000000 0.44 0.48 0.52
v -10.6551299 -11.4551299 11.5000000 0.44 0.48 0.52
v -10.6557623 -11.4869351 11.5000000 0.44 0.48 0.52
v -10.6576588 -11.5186900 11.5000000 0.44 0.48 0.52
v -10.6608162 -11.5503444 11.5000000 0.44 0.48 0.52
v -10.6652296 -11.5818483 11.5000000 0.44 0.48 0.52
v -10.6708920 -11.6131518 11.5000000 0.44 0.48 0.52
v -10.6777944 -11.6442054 11.5000000 0.44 0.48 0.52
v -10.6859259 -11.6749601 11.5000000 0.44 0.48 0.52
v -10.6952737 -11.7053671 11.5000000 0.44 0.48 0.52
v -10.7058231 -11.7353785 11.5000000 0.44 0.48 0.52
v -10.7175572 -11.7649468 11.5000000 0.44 0.48 0.52
v -10.7304575 -11.7940252 11.5000000 0.44 0.48 0.52
v -10.7445038 -11.8225677 11.5000000 0.44 0.48 0.52
v -10.7596736 -11.8505292 11.5000000 0.44 0.48 0.52
v -10.7759432 -11.8778655 11.5000000 0.44 0.48 0.52
v -10.7932866 -11.9045334 11.5000000 0.44 0.48 0.52
v -10.8116766 -11.9304907 11.5000000 0.44 0.48 0.52
v -10.8310840 -11.9556963 11.5000000 0.44 0.48 0.52
v -10.8514782 -11.9801105 11.5000000 0.44 0.48 0.52
v -10.8728268 -12.0036945 11.5000000 0.44 0.48 0.52
v -10.8950962 -12.0264111 11.5000000 0.44 0.48 0.52
v -10.9182511 -12.0482245 11.5000000 0.44 0.48 0.52
v -10.9422549 -12.0691000 11.5000000 0.44 0.48 0.52
v -10.9670697 -12.0890047 11.5000000 0.44 0.48 0.52
v -10.9926563 -12.1079071 11.5000000 0.44 0.48 0.52
v -11.0189740 -12.1257774 11.5000000 0.44 0.48 0.52
v -11.0459815 -12.1425872 11.5000000 0.44 0.48 0.52
v -11.0736359 -12.1583100 11.5000000 0.44 0.48 0.52
v -11.1018935 -12.1729209 11.5000000 0.44 0.48 0.52
v -11.1307096 -12.1863969 11.5000000 0.44 0.48 0.52
v -11.1600387 -12.1987166 11.5000000 0.44 0.48 0.52
v -11.1898344 -12.2098605 11.5000000 0.44 0.48 0.52
v -11.2200496 -12.2198110 11.5000000 0.44 0.48 0.52
v -11.2506365 -12.2285524 11.5000000 0.44 0.48 0.52
v -11.2815468 -12.2360709 11.5000000 0.44 0.48 0.52
v -11.3127315 -12.2423545 11.5000000 0.44 0.48 0.52
v -11.3441414 -12.2473934 11.5000000 0.44 0.48 0.52
v -11.3757268 -12.2511796 11.5000000 0.44 0.48 0.52
v -11.4074378 -12.2537070 11.5000000 0.44 0.48 0.52
v -11.4392241 -12.2549717 11.5000000 0.44 0.48 0.52
v -11.4710356 -12.2549717 11.5000000 0.44 0.48 0.52
v -11.5028220 -12.2537070 11.5000000 0.44 0.48 0.52
v -11.5345329 -12.2511796 11.5000000 0.44 0.48 0.52
v -11.5661183 -12.2473934 11.5000000 0.44 0.48 0.52
v -11.5975282 -12.2423545 11.5000000 0.44 0.48 0.52
v -11.6287129 -12.2360709 11.5000000 0.44 0.48 0.52
v -11.6596232 -12.2285524 11.5000000 0.44 0.48 0.52
v -11.6902101 -12.2198110 11.5000000 0.44 0.48 0.52
v -11.7204253 -12.2098605 11.5000000 0.44 0.48 0.52
v -11.7502210 -12.1987166 11.5000000 0.44 0.48 0.52
v -11.7795501 -12.1863969 11.5000000 0.44 0.48 0.52
v -11.8083663 -12.1729209 11.5000000 0.44 0.48 0.52
v -11.8366239 -12.1583100 11.5000000 0.44 0.48 0.52
v -11.8642782 -12.1425872 11.5000000 0.44 0.48 0.52
v -11.8912857 -12.1257774 11.5000000 0.44 0.48 0.52
v -11.9176035 -12.1079071 11.5000000 0.44 0.48 0.52
v -11.9431900 -12.0890047 11.5000000 0.44 0.48 0.52
v -11.9680048 -12.0691000 11.5000000 0.44 0.48 0.52
v -11.9920086 -12.0482245 11.5000000 0.44 0.48 0.52
v -12.0151635 -12.0264111 11.5000000 0.44 0.48 0.52
v -12.0374329 -12.0036945 11.5000000 0.44 0.48 0.52
v -12.0587816 -11.9801105 11.5000000 0.44 0.48 0.52
v -12.0791757 -11.9556963 11.5000000 0.44 0.48 0.52
v -12.0985831 -11.9304907 11.5000000 0.44 0.48 0.52
v -12.1169731 -11.9045334 11.5000000 0.44 0.48 0.52
v -12.1343165 -11.8778655 11.5000000 0.44 0.48 0.52
v -12.1505861 -11.8505292 11.5000000 0.44 0.48 0.52
v -12.1657559 -11.8225677 11.5000000 0.44 0.48 0.52
v -12.1798022 -11.7940252 11.5000000 0.44 0.48 0.52
v -12.1927025 -11.7649468 11.5000000 0.44 0.48 0.52
v -12.2044367 -11.7353785 11.5000000 0.44 0.48 0.52
v -12.2149860 -11.7053671 11.5000000 0.44 0.48 0.52
v -12.2243338 -11.6749601 11.5000000 0.44 0.48 0.52
v -12.2324653 -11.6442054 11.5000000 0.44 0.48 0.52
v -12.2393677 -11.6131518 11.5000000 0.44 0.48 0.52
v -12.2450301 -11.5818483 11.5000000 0.44 0.48 0.52
v -12.2494435 -11.5503444 11.5000000 0.44 0.48 0.52
v -12.2526009 -11.5186900 11.5000000 0.44 0.48 0.52
v -12.2544974 -11.4869351 11.5000000 0.44 0.48 0.52
v -12.2551299 -11.4551299 11.5000000 0.44 0.48 0.52
v -12.2544974 -11.4233246 11.5000000 0.44 0.48 0.52
v -12.2526009 -11.3915697 11.5000000 0.44 0.48 0.52
v -12.2494435 -11.3599153 11.5000000 0.44 0.48 0.52
v -12.2450301 -11.3284114 11.5000000 0.44 0.48 0.52
v -12.2393677 -11.2971079 11.5000000 0.44 0.48 0.52
v -12.2324653 -11.2660543 11.5000000 0.44 0.48 0.52
v -12.2243338 -11.2352996 11.5000000 0.44 0.48 0.52
v -12.2149860 -11.2048926 11.5000000 0.44 0.48 0.52
v -12.2044367 -11.1748812 11.5000000 0.44 0.48 0.52
v -12.1927025 -11.1453129 11.5000000 0.44 0.48 0.52
v -12.1798022 -11.1162345 11.5000000 0.44 0.48 0.52
v -12.1657559 -11.0876920 11.5000000 0.44 0.48 0.52
v -12.1505861 -11.0597305 11.5000000 0.44 0.48 0.52
v -12.1343165 -11.0323942 11.5000000 0.44 0.48 0.52
v -12.1169731 -11.0057263 11.5000000 0.44 0.48 0.52
v -12.0985831 -10.9797690 11.5000000 0.44 0.48 0.52
v -12.0791757 -10.9545634 11.5000000 0.44 0.48 0.52
v -12.0587816 -10.9301493 11.5000000 0.44 0.48 0.52
v -12.0374329 -10.9065652 11.5000000 0.44 0.48 0.52
v -12.0151635 -10.8838486 11.5000000 0.44 0.48 0.52
v -11.9920086 -10.8620352 11.5000000 0.44 0.48 0.52
v -11.9680048 -10.8411597 11.5000000 0.44 0.48 0.52
v -11.9431900 -10.8212550 11.5000000 0.44 0.48 0.52
v -11.9176035 -10.8023526 11.5000000 0.44 0.48 0.52
v -11.8912857 -10.7844823 11.5000000 0.44 0.48 0.52
v -11.8642782 -10.7676725 11.5000000 0.44 0.48 0.52
v -11.8366239 -10.7519497 11.5000000 0.44 0.48 0.52
v -11.8083663 -10.7373388 11.5000000 0.44 0.48 0.52
v -11.7795501 -10.7238628 11.5000000 0.44 0.48 0.52
v -11.7502210 -10.7115431 11.5000000 0.44 0.48 0.52
v -11.7204253 -10.7003992 11.5000000 0.44 0.48 0.52
v -11.6902101 -10.6904487 11.5000000 0.44 0.48 0.52
v -11.6596232 -10.6817073 11.5000000 0.44 0.48 0.52
v -11.6287129 -10.6741888 11.5000000 0.44 0.48 0.52
v -11.5975282 -10.6679052 11.5000000 0.44 0.48 0.52
v -11.5661183 -10.6628663 11.5000000 0.44 0.48 0.52
v -11.5345329 -10.6590801 11.5000000 0.44 0.48 0.52
v -11.5028220 -10.6565527 11.5000000 0.44 0.48 0.52
v -11.4710356 -10.6552880 11.5000000 0.44 0.48 0.52
v -11.4392241 -10.6552880 11.5000000 0.44 0.48 0.52
v -11.4074378 -10.6565527 11.5000000 0.44 0.48 0.52
v -11.3757268 -10.6590801 11.5000000 0.44 0.48 0.52
v -11.3441414 -10.6628663 11.5000000 0.44 0.48 0.52
v -11.3127315 -10.6679052 11.5000000 0.44 0.48 0.52
v -11.2815468 -10.6741888 11.5000000 0.44 0.48 0.52
v -11.2506365 -10.6817073 11.5000000 0.44 0.48 0.52
v -11.2200496 -10.6904487 11.5000000 0.44 0.48 0.52
v -11.1898344 -10.7003992 11.5000000 0.44 0.48 0.52
v -11.1600387 -10.7115431 11.5000000 0.44 0.48 0.52
v -11.1307096 -10.7238628 11.5000000 0.44 0.48 0.52
v -11.1018935 -10.7373388 11.5000000 0.44 0.48 0.52
v -11.0736359 -10.7519497 11.5000000 0.44 0.48 0.52
v -11.0459815 -10.7676725 11.5000000 0.44 0.48 0.52
v -11.0189740 -10.7844823 11.5000000 0.44 0.48 0.52
v -10.9926563 -10.8023526 11.5000000 0.44 0.48 0.52
v -10.9670697 -10.8212550 11.5000000 0.44 0.48 0.52
v -10.9422549 -10.8411597 11.5000000 0.44 0.48 0.52
v -10.9182511 -10.8620352 11.5000000 0.44 0.48 0.52
v -10.8950962 -10.8838486 11.5000000 0.44 0.48 0.52
v -10.8728268 -10.9065652 11.5000000 0.44 0.48 0.52
v -10.8514782 -10.9301493 11.5000000 0.44 0.48 0.52
v -10.8310840 -10.9545634 11.5000000 0.44 0.48 0.52
v -10.8116766 -10.9797690 11.5000000 0.44 0.48 0.52
v -10.7932866 -11.0057263 11.5000000 0.44 0.48 0.52
v -10.7759432 -11.0323942 11.5000000 0.44 0.48 0.52
v -10.7596736 -11.0597305 11.5000000 0.44 0.48 0.52
v -10.7445038 -11.0876920 11.5000000 0.44 0.48 0.52
v -10.7304575 -11.1162345 11.5000000 0.44 0.48 0.52
v -10.7175572 -11.1453129 11.5000000 0.44 0.48 0.52
v -10.7058231 -11.1748812 11.5000000 0.44 0.48 0.52
v -10.6952737 -11.2048926 11.5000000 0.44 0.48 0.52
v -10.6859259 -11.2352996 11.5000000 0.44 0.48 0.52
v -10.6777944 -11.2660543 11.5000000 0.44 0.48 0.52
v -10.6708920 -11.2971079 11.5000000 0.44 0.48 0.52
v -10.6652296 -11.3284114 11.5000000 0.44 0.48 0.52
v -10.6608162 -11.3599153 11.5000000 0.44 0.48 0.52
v -10.6576588 -11.3915697 11.5000000 0.44 0.48 0.52
v -10.6557623 -11.4233246 11.5000000 0.44 0.48 0.52
v -10.0551299 -11.4551299 12.1000000 0.44 0.48 0.52
v -10.0562367 -11.5107890 12.1000000 0.44 0.48 0.52
v -10.0595555 -11.5663601 12.1000000 0.44 0.48 0.52
v -10.0650810 -11.6217553 12.1000000 0.44 0.48 0.52
v -10.0728044 -11.6768871 12.1000000 0.44 0.48 0.52
v -10.0827135 -11.7316682 12.1000000 0.44 0.48 0.52
v -10.0947928 -11.7860121 12.1000000 0.44 0.48 0.52
v -10.1090230 -11.8398327 12.1000000 0.44 0.48 0.52
v -10.1253817 -11.8930451 12.1000000 0.44 0.48 0.52
v -10.1438430 -11.9455650 12.1000000 0.44 0.48 0.52
v -10.1643777 -11.9973095 12.1000000 0.44 0.48 0.52
v -10.1869533 -12.0481967 12.1000000 0.44 0.48 0.52
v -10.2115342 -12.0981461 12.1000000 0.44 0.48 0.52
v -10.2380815 -12.1470787 12.1000000 0.44 0.48 0.52
v -10.2665531 -12.1949173 12.1000000 0.44 0.48 0.52
v -10.2969042 -12.2415861 12.1000000 0.44 0.48 0.52
v -10.3290867 -12.2870113 12.1000000 0.44 0.48 0.52
v -10.3630496 -12.3311212 12.1000000 0.44 0.48 0.52
v -10.3987394 -12.3738459 12.1000000 0.44 0.48 0.52
v -10.4360995 -12.4151180 12.1000000 0.44 0.48 0.52
v -10.4750710 -12.4548721 12.1000000 0.44 0.48 0.52
v -10.5155921 -12.4930454 12.1000000 0.44 0.48 0.52
v -10.5575988 -12.5295776 12.1000000 0.44 0.48 0.52
v -10.6010247 -12.5644108 12.1000000 0.44 0.48 0.52
v -10.6458011 -12.5974901 12.1000000 0.44 0.48 0.52
v -10.6918572 -12.6287630 12.1000000 0.44 0.48 0.52
v -10.7391202 -12.6581802 12.1000000 0.44 0.48 0.52
v -10.7875154 -12.6856951 12.1000000 0.44 0.48 0.52
v -10.8369662 -12.7112643 12.1000000 0.44 0.48 0.52
v -10.8873944 -12.7348472 12.1000000 0.44 0.48 0.52
v -10.9387204 -12.7564066 12.1000000 0.44 0.48 0.52
v -10.9908629 -12.7759085 12.1000000 0.44 0.48 0.52
v -11.0437395 -12.7933219 12.1000000 0.44 0.48 0.52
v -11.0972666 -12.8086194 12.1000000 0.44 0.48 0.52
v -11.1513595 -12.8217767 12.1000000 0.44 0.48 0.52
v -11.2059328 -12.8327731 12.1000000 0.44 0.48 0.52
v -11.2609001 -12.8415911 12.1000000 0.44 0.48 0.52
v -11.3161745 -12.8482169 12.1000000 0.44 0.48 0.52
v -11.3716687 -12.8526399 12.1000000 0.44 0.48 0.52
v -11.4272948 -12.8548531 12.1000000 0.44 0.48 0.52
v -11.4829649 -12.8548531 12.1000000 0.44 0.48 0.52
v -11.5385910 -12.8526399 12.1000000 0.44 0.48 0.52
v -11.5940852 -12.8482169 12.1000000 0.44 0.48 0.52
v -11.6493596 -12.8415911 12.1000000 0.44 0.48 0.52
v -11.7043269 -12.8327731 12.1000000 0.44 0.48 0.52
v -11.7589002 -12.8217767 12.1000000 0.44 0.48 0.52
v -11.8129931 -12.8086194 12.1000000 0.44 0.48 0.52
v -11.8665202 -12.7933219 12.1000000 0.44 0.48 0.52
v -11.9193968 -12.7759085 12.1000000 0.44 0.48 0.52
v -11.9715393 -12.7564066 12.1000000 0.44 0.48 0.52
v -12.0228653 -12.7348472 12.1000000 0.44 0.48 0.52
v -12.0732936 -12.7112643 12.1000000 0.44 0.48 0.52
v -12.1227444 -12.6856951 12.1000000 0.44 0.48 0.52
v -12.1711395 -12.6581802 12.1000000 0.44 0.48 0.52
v -12.2184025 -12.6287630 12.1000000 0.44 0.48 0.52
v -12.2644587 -12.5974901 12.1000000 0.44 0.48 0.52
v -12.3092351 -12.5644108 12.1000000 0.44 0.48 0.52
v -12.3526609 -12.5295776 12.1000000 0.44 0.48 0.52
v -12.3946677 -12.4930454 12.1000000 0.44 0.48 0.52
v -12.4351888 -12.4548721 12.1000000 0.44 0.48 0.52
v -12.4741602 -12.4151180 12.1000000 0.44 0.48 0.52
v -12.5115203 -12.3738459 12.1000000 0.44 0.48 0.52
v -12.5472101 -12.3311212 12.1000000 0.44 0.48 0.52
v -12.5811730 -12.2870113 12.1000000 0.44 0.48 0.52
v -12.6133555 -12.2415861 12.1000000 0.44 0.48 0.52
v -12.6437066 -12.1949173 12.1000000 0.44 0.48 0.52
v -12.6721782 -12.1470787 12.1000000 0.44 0.48 0.52
v -12.6987255 -12.0981461 12.1000000 0.44 0.48 0.52
v -12.7233064 -12.0481967 12.1000000 0.44 0.48 0.52
v -12.7458821 -11.9973095 12.1000000 0.44 0.48 0.52
v -12.7664168 -11.9455650 12.1000000 0.44 0.48 0.52
v -12.7848780 -11.8930451 12.1000000 0.44 0.48 0.52
v -12.8012367 -11.8398327 12.1000000 0.44 0.48 0.52
v -12.8154669 -11.7860121 12.1000000 0.44 0.48 0.52
v -12.8275462 -11.7316682 12.1000000 0.44 0.48 0.52
v -12.8374553 -11.6768871 12.1000000 0.44 0.48 0.52
v -12.8451788 -11.6217553 12.1000000 0.44 0.48 0.52
v -12.8507042 -11.5663601 12.1000000 0.44 0.48 0.52
v -12.8540230 -11.5107890 12.1000000 0.44 0.48 0.52
v -12.8551299 -11.4551299 12.1000000 0.44 0.48 0.52
v -12.8540230 -11.3994707 12.1000000 0.44 0.48 0.52
v -12.8507042 -11.3438996 12.1000000 0.44 0.48 0.52
v -12.8451788 -11.2885044 12.1000000 0.44 0.48 0.52
v -12.8374553 -11.2333726 12.1000000 0.44 0.48 0.52
v -12.8275462 -11.1785915 12.1000000 0.44 0.48 0.52
v -12.8154669 -11.1242476 12.1000000 0.44 0.48 0.52
v -12.8012367 -11.0704270 12.1000000 0.44 0.48 0.52
v -12.7848780 -11.0172146 12.1000000 0.44 0.48 0.52
v -12.7664168 -10.9646947 12.1000000 0.44 0.48 0.52
v -12.7458821 -10.9129502 12.1000000 0.44 0.48 0.52
v -12.7233064 -10.8620631 12.1000000 0.44 0.48 0.52
v -12.6987255 -10.8121137 12.1000000 0.44 0.48 0.52
v -12.6721782 -10.7631810 12.1000000 0.44 0.48 0.52
v -12.6437066 -10.7153424 12.1000000 0.44 0.48 0.52
v -12.6133555 -10.6686737 12.1000000 0.44 0.48 0.52
v -12.5811730 -10.6232484 12.1000000 0.44 0.48 0.52
v -12.5472101 -10.5791385 12.1000000 0.44 0.48 0.52
v -12.5115203 -10.5364138 12.1000000 0.44 0.48 0.52
v -12.4741602 -10.4951417 12.1000000 0.44 0.48 0.52
v -12.4351888 -10.4553876 12.1000000 0.44 0.48 0.52
v -12.3946677 -10.4172143 12.1000000 0.44 0.48 0.52
v -12.3526609 -10.3806821 12.1000000 0.44 0.48 0.52
v -12.3092351 -10.3458489 12.1000000 0.44 0.48 0.52
v -12.2644587 -10.3127696 12.1000000 0.44 0.48 0.52
v -12.2184025 -10.2814967 12.1000000 0.44 0.48 0.52
v -12.1711395 -10.2520795 12.1000000 0.44 0.48 0.52
v -12.1227444 -10.2245646 12.1000000 0.44 0.48 0.52
v -12.0732936 -10.1989955 12.1000000 0.44 0.48 0.52
v -12.0228653 -10.1754125 12.1000000 0.44 0.48 0.52
v -11.9715393 -10.1538531 12.1000000 0.44 0.48 0.52
v -11.9193968 -10.1343512 12.1000000 0.44 0.48 0.52
v -11.8665202 -10.1169378 12.1000000 0.44 0.48 0.52
v -11.8129931 -10.1016403 12.1000000 0.44 0.48 0.52
v -11.7589002 -10.0884830 12.1000000 0.44 0.48 0.52
v -11.7043269 -10.0774866 12.1000000 0.44 0.48 0.52
v -11.6493596 -10.0686686 12.1000000 0.44 0.48 0.52
v -11.5940852 -10.0620428 12.1000000 0.44 0.48 0.52
v -11.5385910 -10.0576198 12.1000000 0.44 0.48 0.52
v -11.4829649 -10.0554066 12.1000000 0.44 0.48 0.52
v -11.4272948 -10.0554066 12.1000000 0.44 0.48 0.52
v -11.3716687 -10.0576198 12.1000000 0.44 0.48 0.52
v -11.3161745 -10.0620428 12.1000000 0.44 0.48 0.52
v -11.2609001 -10.0686686 12.1000000 0.44 0.48 0.52
v -11.2059328 -10.0774866 12.1000000 0.44 0.48 0.52
v -11.1513595 -10.0884830 12.1000000 0.44 0.48 0.52
v -11.0972666 -10.1016403 12.1000000 0.44 0.48 0.52
v -11.0437395 -10.1169378 12.1000000 0.44 0.48 0.52
v -10.9908629 -10.1343512 12.1000000 0.44 0.48 0.52
v -10.9387204 -10.1538531 12.1000000 0.44 0.48 0.52
v -10.8873944 -10.1754125 12.1000000 0.44 0.48 0.52
v -10.8369662 -10.1989955 12.1000000 0.44 0.48 0.52
v -10.7875154 -10.2245646 12.1000000 0.44 0.48 0.52
v -10.7391202 -10.2520795 12.1000000 0.44 0.48 0.52
v -10.6918572 -10.2814967 12.1000000 0.44 0.48 0.52
v -10.6458011 -10.3127696 12.1000000 0.44 0.48 0.52
v -10.6010247 -10.3458489 12.1000000 0.44 0.48 0.52
v -10.5575988 -10.3806821 12.1000000 0.44 0.48 0.52
v -10.5155921 -10.4172143 12.1000000 0.44 0.48 0.52
v -10.4750710 -10.4553876 12.1000000 0.44 0.48 0.52
v -10.4360995 -10.4951417 12.1000000 0.44 0.48 0.52
v -10.3987394 -10.5364138 12.1000000 0.44 0.48 0.52
v -10.3630496 -10.5791385 12.1000000 0.44 0.48 0.52
v -10.3290867 -10.6232484 12.1000000 0.44 0.48 0.52
v -10.2969042 -10.6686737 12.1000000 0.44 0.48 0.52
v -10.2665531 -10.7153424 12.1000000 0.44 0.48 0.52
v -10.2380815 -10.7631810 12.1000000 0.44 0.48 0.52
v -10.2115342 -10.8121137 12.1000000 0.44 0.48 0.52
v -10.1869533 -10.8620631 12.1000000 0.44 0.48 0.52
v -10.1643777 -10.9129502 12.1000000 0.44 0.48 0.52
v -10.1438430 -10.9646947 12.1000000 0.44 0.48 0.52
v -10.1253817 -11.0172146 12.1000000 0.44 0.48 0.52
v -10.1090230 -11.0704270 12.1000000 0.44 0.48 0.52
v -10.0947928 -11.1242476 12.1000000 0.44 0.48 0.52
v -10.0827135 -11.1785915 12.1000000 0.44 0.48 0.52
v -10.0728044 -11.2333726 12.1000000 0.44 0.48 0.52
v -10.0650810 -11.2885044 12.1000000 0.44 0.48 0.52
v -10.0595555 -11.3438996 12.1000000 0.44 0.48 0.52
v -10.0562367 -11.3994707 12.1000000 0.44 0.48 0.52
v -10.6551299 -11.4551299 8.5000000 0.44 0.48 0.52
v -10.6557623 -11.4869351 8.5000000 0.44 0.48 0.52
v -10.6576588 -11.5186900 8.5000000 0.44 0.48 0.52
v -10.6608162 -11.5503444 8.5000000 0.44 0.48 0.52
v -10.6652296 -11.5818483 8.5000000 0.44 0.48 0.52
v -10.6708920 -11.6131518 8.5000000 0.44 0.48 0.52
v -10.6777944 -11.6442054 8.5000000 0.44 0.48 0.52
v -10.6859259 -11.6749601 8.5000000 0.44 0.48 0.52
v -10.6952737 -11.7053671 8.5000000 0.44 0.48 0.52
v -10.7058231 -11.7353785 8.5000000 0.44 0.48 0.52
v -10.7175572 -11.7649468 8.5000000 0.44 0.48 0.52
v -10.7304575 -11.7940252 8.5000000 0.44 0.48 0.52
v -10.7445038 -11.8225677 8.5000000 0.44 0.48 0.52
v -10.7596736 -11.8505292 8.5000000 0.44 0.48 0.52
v -10.7759432 -11.8778655 8.5000000 0.44 0.48 0.52
v -10.7932866 -11.9045334 8.5000000 0.44 0.48 0.52
v -10.8116766 -11.9304907 8.5000000 0.44 0.48 0.52
v -10.8310840 -11.9556963 8.5000000 0.44 0.48 0.52
v -10.8514782 -11.9801105 8.5000000 0.44 0.48 0.52
v -10.8728268 -12.0036945 8.5000000 0.44 0.48 0.52
v -10.8950962 -12.0264111 8.5000000 0.44 0.48 0.52
v -10.9182511 -12.0482245 8.5000000 0.44 0.48 0.52
v -10.9422549 -12.0691000 8.5000000 0.44 0.48 0.52
v -10.9670697 -12.0890047 8.5000000 0.44 0.48 0.52
v -10.9926563 -12.1079071 8.5000000 0.44 0.48 0.52
v -11.0189740 -12.1257774 8.5000000 0.44 0.48 0.52
v -11.0459815 -12.1425872 8.5000000 0.44 0.48 0.52
v -11.0736359 -12.1583100 8.5000000 0.44 0.48 0.52
v -11.1018935 -12.1729209 8.5000000 0.44 0.48 0.52
v -11.1307096 -12.1863969 8.5000000 0.44 0.48 0.52
v -11.1600387 -12.1987166 8.5000000 0.44 0.48 0.52
v -11.1898344 -12.2098605 8.5000000 0.44 0.48 0.52
v -11.2200496 -12.2198110 8.5000000 0.44 0.48 0.52
v -11.2506365 -12.2285524 8.5000000 0.44 0.48 0.52
v -11.2815468 -12.2360709 8.5000000 0.44 0.48 0.52
v -11.3127315 -12.2423545 8.5000000 0.44 0.48 0.52
v -11.3441414 -12.2473934 8.5000000 0.44 0.48 0.52
v -11.3757268 -12.2511796 8.5000000 0.44 0.48 0.52
v -11.4074378 -12.2537070 8.5000000 0.44 0.48 0.52
v -11.4392241 -12.2549717 8.5000000 0.44 0.48 0.52
v -11.4710356 -12.2549717 8.5000000 0.44 0.48 0.52
v -11.5028220 -12.2537070 8.5000000 0.44 0.48 0.52
v -11.5345329 -12.2511796 8.5000000 0.44 0.48 0.52
v -11.5661183 -12.2473934 8.5000000 0.44 0.48 0.52
v -11.5975282 -12.2423545 8.5000000 0.44 0.48 0.52
v -11.6287129 -12.2360709 8.5000000 0.44 0.48 0.52
v -11.6596232 -12.2285524 8.5000000 0.44 0.48 0.52
v -11.6902101 -12.2198110 8.5000000 0.44 0.48 0.52
v -11.7204253 -12.2098605 8.5000000 0.44 0.48 0.52
v -11.7502210 -12.1987166 8.5000000 0.44 0.48 0.52
v -11.7795501 -12.1863969 8.5000000 0.44 0.48 0.52
v -11.8083663 -12.1729209 8.5000000 0.44 0.48 0.52
v -11.8366239 -12.1583100 8.5000000 0.44 0.48 0.52
v -11.8642782 -12.1425872 8.5000000 0.44 0.48 0.52
v -11.8912857 -12.1257774 8.5000000 0.44 0.48 0.52
v -11.9176035 -12.1079071 8.5000000 0.44 0.48 0.52
v -11.9431900 -12.0890047 8.5000000 0.44 0.48 0.52
v -11.9680048 -12.0691000 8.5000000 0.44 0.48 0.52
v -11.9920086 -12.0482245 8.5000000 0.44 0.48 0.52
v -12.0151635 -12.0264111 8.5000000 0.44 0.48 0.52
v -12.0374329 -12.0036945 8.5000000 0.44 0.48 0.52
v -12.0587816 -11.9801105 8.5000000 0.44 0.48 0.52
v -12.0791757 -11.9556963 8.5000000 0.44 0.48 0.52
v -12.0985831 -11.9304907 8.5000000 0.44 0.48 0.52
v -12.1169731 -11.9045334 8.5000000 0.44 0.48 0.52
v -12.1343165 -11.8778655 8.5000000 0.44 0.48 0.52
v -12.1505861 -11.8505292 8.5000000 0.44 0.48 0.52
v -12.1657559 -11.8225677 8.5000000 0.44 0.48 0.52
v -12.1798022 -11.7940252 8.5000000 0.44 0.48 0.52
v -12.1927025 -11.7649468 8.5000000 0.44 0.48 0.52
v -12.2044367 -11.7353785 8.5000000 0.44 0.48 0.52
v -12.2149860 -11.7053671 8.5000000 0.44 0.48 0.52
v -12.2243338 -11.6749601 8.5000000 0.44 0.48 0.52
v -12.2324653 -11.6442054 8.5000000 0.44 0.48 0.52
v -12.2393677 -11.6131518 8.5000000 0.44 0.48 0.52
v -12.2450301 -11.5818483 8.5000000 0.44 0.48 0.52
v -12.2494435 -11.5503444 8.5000000 0.44 0.48 0.52
v -12.2526009 -11.5186900 8.5000000 0.44 0.48 0.52
v -12.2544974 -11.4869351 8.5000000 0.44 0.48 0.52
v -12.2551299 -11.4551299 8.5000000 0.44 0.48 0.52
v -12.2544974 -11.4233246 8.5000000 0.44 0.48 0.52
v -12.2526009 -11.3915697 8.5000000 0.44 0.48 0.52
v -12.2494435 -11.3599153 8.5000000 0.44 0.48 0.52
v -12.2450301 -11.3284114 8.5000000 0.44 0.48 0.52
v -12.2393677 -11.2971079 8.5000000 0.44 0.48 0.52
v -12.2324653 -11.2660543 8.5000000 0.44 0.48 0.52
v -12.2243338 -11.2352996 8.5000000 0.44 0.48 0.52
v -12.2149860 -11.2048926 8.5000000 0.44 0.48 0.52
v -12.2044367 -11.1748812 8.5000000 0.44 0.48 0.52
v -12.1927025 -11.1453129 8.5000000 0.44 0.48 0.52
v -12.1798022 -11.1162345 8.5000000 0.44 0.48 0.52
v -12.1657559 -11.0876920 8.5000000 0.44 0.48 0.52
v -12.1505861 -11.0597305 8.5000000 0.44 0.48 0.52
v -12.1343165 -11.0323942 8.5000000 0.44 0.48 0.52
v -12.1169731 -11.0057263 8.5000000 0.44 0.48 0.52
v -12.0985831 -10.9797690 8.5000000 0.44 0.48 0.52
v -12.0791757 -10.9545634 8.5000000 0.44 0.48 0.52
v -12.0587816 -10.9301493 8.5000000 0.44 0.48 0.52
v -12.0374329 -10.9065652 8.5000000 0.44 0.48 0.52
v -12.0151635 -10.8838486 8.5000000 0.44 0.48 0.52
v -11.9920086 -10.8620352 8.5000000 0.44 0.48 0.52
v -11.9680048 -10.8411597 8.5000000 0.44 0.48 0.52
v -11.9431900 -10.8212550 8.5000000 0.44 0.48 0.52
v -11.9176035 -10.8023526 8.5000000 0.44 0.48 0.52
v -11.8912857 -10.7844823 8.5000000 0.44 0.48 0.52
v -11.8642782 -10.7676725 8.5000000 0.44 0.48 0.52
v -11.8366239 -10.7519497 8.5000000 0.44 0.48 0.52
v -11.8083663 -10.7373388 8.5000000 0.44 0.48 0.52
v -11.7795501 -10.7238628 8.5000000 0.44 0.48 0.52
v -11.7502210 -10.7115431 8.5000000 0.44 0.48 0.52
v -11.7204253 -10.7003992 8.5000000 0.44 0.48 0.52
v -11.6902101 -10.6904487 8.5000000 0.44 0.48 0.52
v -11.6596232 -10.6817073 8.5000000 0.44 0.48 0.52
v -11.6287129 -10.6741888 8.5000000 0.44 0.48 0.52
v -11.5975282 -10.6679052 8.5000000 0.44 0.48 0.52
v -11.5661183 -10.6628663 8.5000000 0.44 0.48 0.52
v -11.5345329 -10.6590801 8.5000000 0.44 0.48 0.52
v -11.5028220 -10.6565527 8.5000000 0.44 0.48 0.52
v -11.4710356 -10.6552880 8.5000000 0.44 0.48 0.52
v -11.4392241 -10.6552880 8.5000000 0.44 0.48 0.52
v -11.4074378 -10.6565527 8.5000000 0.44 0.48 0.52
v -11.3757268 -10.6590801 8.5000000 0.44 0.48 0.52
v -11.3441414 -10.6628663 8.5000000 0.44 0.48 0.52
v -11.3127315 -10.6679052 8.5000000 0.44 0.48 0.52
v -11.2815468 -10.6741888 8.5000000 0.44 0.48 0.52
v -11.2506365 -10.6817073 8.5000000 0.44 0.48 0.52
v -11.2200496 -10.6904487 8.5000000 0.44 0.48 0.52
v -11.1898344 -10.7003992 8.5000000 0.44 0.48 0.52
v -11.1600387 -10.7115431 8.5000000 0.44 0.48 0.52
v -11.1307096 -10.7238628 8.5000000 0.44 0.48 0.52
v -11.1018935 -10.7373388 8.5000000 0.44 0.48 0.52
v -11.0736359 -10.7519497 8.5000000 0.44 0.48 0.52
v -11.0459815 -10.7676725 8.5000000 0.44 0.48 0.52
v -11.0189740 -10.7844823 8.5000000 0.44 0.48 0.52
v -10.9926563 -10.8023526 8.5000000 0.44 0.48 0.52
v -10.9670697 -10.8212550 8.5000000 0.44 0.48 0.52
v -10.9422549 -10.8411597 8.5000000 0.44 0.48 0.52
v -10.9182511 -10.8620352 8.5000000 0.44 0.48 0.52
v -10.8950962 -10.8838486 8.5000000 0.44 0.48 0.52
v -10.8728268 -10.9065652 8.5000000 0.44 0.48 0.52
v -10.8514782 -10.9301493 8.5000000 0.44 0.48 0.52
v -10.8310840 -10.9545634 8.5000000 0.44 0.48 0.52
v -10.8116766 -10.9797690 8.5000000 0.44 0.48 0.52
v -10.7932866 -11.0057263 8.5000000 0.44 0.48 0.52
v -10.7759432 -11.0323942 8.5000000 0.44 0.48 0.52
v -10.7596736 -11.0597305 8.5000000 0.44 0.48 0.52
v -10.7445038 -11.0876920 8.5000000 0.44 0.48 0.52
v -10.7304575 -11.1162345 8.5000000 0.44 0.48 0.52
v -10.7175572 -11.1453129 8.5000000 0.44 0.48 0.52
v -10.7058231 -11.1748812 8.5000000 0.44 0.48 0.52
v -10.6952737 -11.2048926 8.5000000 0.44 0.48 0.52
v -10.6859259 -11.2352996 8.5000000 0.44 0.48 0.52
v -10.6777944 -11.2660543 8.5000000 0.44 0.48 0.52
v -10.6708920 -11.2971079 8.5000000 0.44 0.48 0.52
v -10.6652296 -11.3284114 8.5000000 0.44 0.48 0.52
v -10.6608162 -11.3599153 8.5000000 0.44 0.48 0.52
v -10.6576588 -11.3915697 8.5000000 0.44 0.48 0.52
v -10.6557623 -11.4233246 8.5000000 0.44 0.48 0.52
v 12.2551299 -11.4551299 11.5000000 0.44 0.48 0.52
v 12.2544974 -11.4869351 11.5000000 0.44 0.48 0.52
v 12.2526009 -11.5186900 11.5000000 0.44 0.48 0.52
v 12.2494435 -11.5503444 11.5000000 0.44 0.48 0.52
v 12.2450301 -11.5818483 11.5000000 0.44 0.48 0.52
v 12.2393677 -11.6131518 11.5000000 0.44 0.48 0.52
v 12.2324653 -11.6442054 11.5000000 0.44 0.48 0.52
v 12.2243338 -11.6749601 11.5000000 0.44 0.48 0.52
v 12.2149860 -11.7053671 11.5000000 0.44 0.48 0.52
v 12.2044367 -11.7353785 11.5000000 0.44 0.48 0.52
v 12.1927025 -11.7649468 11.5000000 0.44 0.48 0.52
v 12.1798022 -11.7940252 11.5000000 0.44 0.48 0.52
v 12.1657559 -11.8225677 11.5000000 0.44 0.48 0.52
v 12.1505861 -11.8505292 11.5000000 0.44 0.48 0.52
v 12.1343165 -11.8778655 11.5000000 0.44 0.48 0.52
v 12.1169731 -11.9045334 11.5000000 0.44 0.48 0.52
v 12.0985831 -11.9304907 11.5000000 0.44 0.48 0.52
v 12.0791757 -11.9556963 11.5000000 0.44 0.48 0.52
v 12.0587816 -11.9801105 11.5000000 0.44 0.48 0.52
v 12.0374329 -12.0036945 11.5000000 0.44 0.48 0.52
v 12.0151635 -12.0264111 11.5000000 0.44 0.48 0.52
v 11.9920086 -12.0482245 11.5000000 0.44 0.48 0.52
v 11.9680048 -12.0691000 11.5000000 0.44 0.48 0.52
v 11.9431900 -12.0890047 11.5000000 0.44 0.48 0.52
v 11.9176035 -12.1079071 11.5000000 0.44 0.48 0.52
v 11.8912857 -12.1257774 11.5000000 0.44 0.48 0.52
v 11.8642782 -12.1425872 11.5000000 0.44 0.48 0.52
v 11.8366239 -12.1583100 11.5000000 0.44 0.48 0.52
v 11.8083663 -12.1729209 11.5000000 0.44 0.48 0.52
v 11.7795501 -12.1863969 11.5000000 0.44 0.48 0.52
v 11.7502210 -12.1987166 11.5000000 0.44 0.48 0.52
v 11.7204253 -12.2098605 11.5000000 0.44 0.48 0.52
v 11.6902101 -12.2198110 11.5000000 0.44 0.48 0.52
v 11.6596232 -12.2285524 11.5000000 0.44 0.48 0.52
v 11.6287129 -12.2360709 11.5000000 0.44 0.48 0.52
v 11.5975282 -12.2423545 11.5000000 0.44 0.48 0.52
v 11.5661183 -12.2473934 11.5000000 0.44 0.48 0.52
v 11.5345329 -12.2511796 11.5000000 0.44 0.48 0.52
v 11.5028220 -12.2537070 11.5000000 0.44 0.48 0.52
v 11.4710356 -12.2549717 11.5000000 0.44 0.48 0.52
v 11.4392241 -12.2549717 11.5000000 0.44 0.48 0.52
v 11.4074378 -12.2537070 11.5000000 0.44 0.48 0.52
v 11.3757268 -12.2511796 11.5000000 0.44 0.48 0.52
v 11.3441414 -12.2473934 11.5000000 0.44 0.48 0.52
v 11.3127315 -12.2423545 11.5000000 0.44 0.48 0.52
v 11.2815468 -12.2360709 11.5000000 0.44 0.48 0.52
v 11.2506365 -12.2285524 11.5000000 0.44 0.48 0.52
v 11.2200496 -12.2198110 11.5000000 0.44 0.48 0.52
v 11.1898344 -12.2098605 11.5000000 0.44 0.48 0.52
v 11.1600387 -12.1987166 11.5000000 0.44 0.48 0.52
v 11.1307096 -12.1863969 11.5000000 0.44 0.48 0.52
v 11.1018935 -12.1729209 11.5000000 0.44 0.48 0.52
v 11.0736359 -12.1583100 11.5000000 0.44 0.48 0.52
v 11.0459815 -12.1425872 11.5000000 0.44 0.48 0.52
v 11.0189740 -12.1257774 11.5000000 0.44 0.48 0.52
v 10.9926563 -12.1079071 11.5000000 0.44 0.48 0.52
v 10.9670697 -12.0890047 11.5000000 0.44 0.48 0.52
v 10.9422549 -12.0691000 11.5000000 0.44 0.48 0.52
v 10.9182511 -12.0482245 11.5000000 0.44 0.48 0.52
v 10.8950962 -12.0264111 11.5000000 0.44 0.48 0.52
v 10.8728268 -12.0036945 11.5000000 0.44 0.48 0.52
v 10.8514782 -11.9801105 11.5000000 0.44 0.48 0.52
v 10.8310840 -11.9556963 11.5000000 0.44 0.48 0.52
v 10.8116766 -11.9304907 11.5000000 0.44 0.48 0.52
v 10.7932866 -11.9045334 11.5000000 0.44 0.48 0.52
v 10.7759432 -11.8778655 11.5000000 0.44 0.48 0.52
v 10.7596736 -11.8505292 11.5000000 0.44 0.48 0.52
v 10.7445038 -11.8225677 11.5000000 0.44 0.48 0.52
v 10.7304575 -11.7940252 11.5000000 0.44 0.48 0.52
v 10.7175572 -11.7649468 11.5000000 0.44 0.48 0.52
v 10.7058231 -11.7353785 11.5000000 0.44 0.48 0.52
v 10.6952737 -11.7053671 11.5000000 0.44 0.48 0.52
v 10.6859259 -11.6749601 11.5000000 0.44 0.48 0.52
v 10.6777944 -11.6442054 11.5000000 0.44 0.48 0.52
v 10.6708920 -11.6131518 11.5000000 0.44 0.48 0.52
v 10.6652296 -11.5818483 11.5000000 0.44 0.48 0.52
v 10.6608162 -11.5503444 11.5000000 0.44 0.48 0.52
v 10.6576588 -11.5186900 11.5000000 0.44 0.48 0.52
v 10.6557623 -11.4869351 11.5000000 0.44 0.48 0.52
v 10.6551299 -11.4551299 11.5000000 0.44 0.48 0.52
v 10.6557623 -11.4233246 11.5000000 0.44 0.48 0.52
v 10.6576588 -11.3915697 11.5000000 0.44 0.48 0.52
v 10.6608162 -11.3599153 11.5000000 0.44 0.48 0.52
v 10.6652296 -11.3284114 11.5000000 0.44 0.48 0.52
v 10.6708920 -11.2971079 11.5000000 0.44 0.48 0.52
v 10.6777944 -11.2660543 11.5000000 0.44 0.48 0.52
v 10.6859259 -11.2352996 11.5000000 0.44 0.48 0.52
v 10.6952737 -11.2048926 11.5000000 0.44 0.48 0.52
v 10.7058231 -11.1748812 11.5000000 0.44 0.48 0.52
v 10.7175572 -11.1453129 11.5000000 0.44 0.48 0.52
v 10.7304575 -11.1162345 11.5000000 0.44 0.48 0.52
v 10.7445038 -11.0876920 11.5000000 0.44 0.48 0.52
v 10.7596736 -11.0597305 11.5000000 0.44 0.48 0.52
v 10.7759432 -11.0323942 11.5000000 0.44 0.48 0.52
v 10.7932866 -11.0057263 11.5000000 0.44 0.48 0.52
v 10.8116766 -10.9797690 11.5000000 0.44 0.48 0.52
v 10.8310840 -10.9545634 11.5000000 0.44 0.48 0.52
v 10.8514782 -10.9301493 11.5000000 0.44 0.48 0.52
v 10.8728268 -10.9065652 11.5000000 0.44 0.48 0.52
v 10.8950962 -10.8838486 11.5000000 0.44 0.48 0.52
v 10.9182511 -10.8620352 11.5000000 0.44 0.48 0.52
v 10.9422549 -10.8411597 11.5000000 0.44 0.48 0.52
v 10.9670697 -10.8212550 11.5000000 0.44 0.48 0.52
v 10.9926563 -10.8023526 11.5000000 0.44 0.48 0.52
v 11.0189740 -10.7844823 11.5000000 0.44 0.48 0.52
v 11.0459815 -10.7676725 11.5000000 0.44 0.48 0.52
v 11.0736359 -10.7519497 11.5000000 0.44 0.48 0.52
v 11.1018935 -10.7373388 11.5000000 0.44 0.48 0.52
v 11.1307096 -10.7238628 11.5000000 0.44 0.48 0.52
v 11.1600387 -10.7115431 11.5000000 0.44 0.48 0.52
v 11.1898344 -10.7003992 11.5000000 0.44 0.48 0.52
v 11.2200496 -10.6904487 11.5000000 0.44 0.48 0.52
v 11.2506365 -10.6817073 11.5000000 0.44 0.48 0.52
v 11.2815468 -10.6741888 11.5000000 0.44 0.48 0.52
v 11.3127315 -10.6679052 11.5000000 0.44 0.48 0.52
v 11.3441414 -10.6628663 11.5000000 0.44 0.48 0.52
v 11.3757268 -10.6590801 11.5000000 0.44 0.48 0.52
v 11.4074378 -10.6565527 11.5000000 0.44 0.48 0.52
v 11.4392241 -10.6552880 11.5000000 0.44 0.48 0.52
v 11.4710356 -10.6552880 11.5000000 0.44 0.48 0.52
v 11.5028220 -10.6565527 11.5000000 0.44 0.48 0.52
v 11.5345329 -10.6590801 11.5000000 0.44 0.48 0.52
v 11.5661183 -10.6628663 11.5000000 0.44 0.48 0.52
v 11.5975282 -10.6679052 11.5000000 0.44 0.48 0.52
v 11.6287129 -10.6741888 11.5000000 0.44 0.48 0.52
v 11.6596232 -10.6817073 11.5000000 0.44 0.48 0.52
v 11.6902101 -10.6904487 11.5000000 0.44 0.48 0.52
v 11.7204253 -10.7003992 11.5000000 0.44 0.48 0.52
v 11.7502210 -10.7115431 11.5000000 0.44 0.48 0.52
v 11.7795501 -10.7238628 11.5000000 0.44 0.48 0.52
v 11.8083663 -10.7373388 11.5000000 0.44 0.48 0.52
v 11.8366239 -10.7519497 11.5000000 0.44 0.48 0.52
v 11.8642782 -10.7676725 11.5000000 0.44 0.48 0.52
v 11.8912857 -10.7844823 11.5000000 0.44 0.48 0.52
v 11.9176035 -10.8023526 11.5000000 0.44 0.48 0.52
v 11.9431900 -10.8212550 11.5000000 0.44 0.48 0.52
v 11.9680048 -10.8411597 11.5000000 0.44 0.48 0.52
v 11.9920086 -10.8620352 11.5000000 0.44 0.48 0.52
v 12.0151635 -10.8838486 11.5000000 0.44 0.48 0.52
v 12.0374329 -10.9065652 11.5000000 0.44 0.48 0.52
v 12.0587816 -10.9301493 11.5000000 0.44 0.48 0.52
v 12.0791757 -10.9545634 11.5000000 0.44 0.48 0.52
v 12.0985831 -10.9797690 11.5000000 0.44 0.48 0.52
v 12.1169731 -11.0057263 11.5000000 0.44 0.48 0.52
v 12.1343165 -11.0323942 11.5000000 0.44 0.48 0.52
v 12.1505861 -11.0597305 11.5000000 0.44 0.48 0.52
v 12.1657559 -11.0876920 11.5000000 0.44 0.48 0.52
v 12.1798022 -11.1162345 11.5000000 0.44 0.48 0.52
v 12.1927025 -11.1453129 11.5000000 0.44 0.48 0.52
v 12.2044367 -11.1748812 11.5000000 0.44 0.48 0.52
v 12.2149860 -11.2048926 11.5000000 0.44 0.48 0.52
v 12.2243338 -11.2352996 11.5000000 0.44 0.48 0.52
v 12.2324653 -11.2660543 11.5000000 0.44 0.48 0.52
v 12.2393677 -11.2971079 11.5000000 0.44 0.48 0.52
v 12.2450301 -11.3284114 11.5000000 0.44 0.48 0.52
v 12.2494435 -11.3599153 11.5000000 0.44 0.48 0.52
v 12.2526009 -11.3915697 11.5000000 0.44 0.48 0.52
v 12.2544974 -11.4233246 11.5000000 0.44 0.48 0.52
v 12.2551299 -11.4551299 11.5000000 0.44 0.48 0.52
v 12.8551299 -11.4551299 12.1000000 0.44 0.48 0.52
v 12.7351299 -11.4551299 11.9800000 0.44 0.48 0.52
v 12.6151299 -11.4551299 11.8600000 0.44 0.48 0.52
v 12.4951299 -11.4551299 11.7400000 0.44 0.48 0.52
v 12.3751299 -11.4551299 11.6200000 0.44 0.48 0.52
v 12.8540230 -11.5107890 12.1000000 0.44 0.48 0.52
v 12.8507042 -11.5663601 12.1000000 0.44 0.48 0.52
v 12.8451788 -11.6217553 12.1000000 0.44 0.48 0.52
v 12.8374553 -11.6768871 12.1000000 0.44 0.48 0.52
v 12.8275462 -11.7316682 12.1000000 0.44 0.48 0.52
v 12.8154669 -11.7860121 12.1000000 0.44 0.48 0.52
v 12.8012367 -11.8398327 12.1000000 0.44 0.48 0.52
v 12.7848780 -11.8930451 12.1000000 0.44 0.48 0.52
v 12.7664168 -11.9455650 12.1000000 0.44 0.48 0.52
v 12.7458821 -11.9973095 12.1000000 0.44 0.48 0.52
v 12.7233064 -12.0481967 12.1000000 0.44 0.48 0.52
v 12.6987255 -12.0981461 12.1000000 0.44 0.48 0.52
v 12.6721782 -12.1470787 12.1000000 0.44 0.48 0.52
v 12.6437066 -12.1949173 12.1000000 0.44 0.48 0.52
v 12.6133555 -12.2415861 12.1000000 0.44 0.48 0.52
v 12.5811730 -12.2870113 12.1000000 0.44 0.48 0.52
v 12.5472101 -12.3311212 12.1000000 0.44 0.48 0.52
v 12.5115203 -12.3738459 12.1000000 0.44 0.48 0.52
v 12.4741602 -12.4151180 12.1000000 0.44 0.48 0.52
v 12.4351888 -12.4548721 12.1000000 0.44 0.48 0.52
v 12.3946677 -12.4930454 12.1000000 0.44 0.48 0.52
v 12.3526609 -12.5295776 12.1000000 0.44 0.48 0.52
v 12.3092351 -12.5644108 12.1000000 0.44 0.48 0.52
v 12.2644587 -12.5974901 12.1000000 0.44 0.48 0.52
v 12.2184025 -12.6287630 12.1000000 0.44 0.48 0.52
v 12.1711395 -12.6581802 12.1000000 0.44 0.48 0.52
v 12.1227444 -12.6856951 12.1000000 0.44 0.48 0.52
v 12.0732936 -12.7112643 12.1000000 0.44 0.48 0.52
v 12.0228653 -12.7348472 12.1000000 0.44 0.48 0.52
v 11.9715393 -12.7564066 12.1000000 0.44 0.48 0.52
v 11.9193968 -12.7759085 12.1000000 0.44 0.48 0.52
v 11.8665202 -12.7933219 12.1000000 0.44 0.48 0.52
v 11.8129931 -12.8086194 12.1000000 0.44 0.48 0.52
v 11.7589002 -12.8217767 12.1000000 0.44 0.48 0.52
v 11.7043269 -12.8327731 12.1000000 0.44 0.48 0.52
v 11.6493596 -12.8415911 12.1000000 0.44 0.48 0.52
v 11.5940852 -12.8482169 12.1000000 0.44 0.48 0.52
v 11.5385910 -12.8526399 12.1000000 0.44 0.48 0.52
v 11.4829649 -12.8548531 12.1000000 0.44 0.48 0.52
v 11.4272948 -12.8548531 12.1000000 0.44 0.48 0.52
v 11.3716687 -12.8526399 12.1000000 0.44 0.48 0.52
v 11.3161745 -12.8482169 12.1000000 0.44 0.48 0.52
v 11.2609001 -12.8415911 12.1000000 0.44 0.48 0.52
v 11.2059328 -12.8327731 12.1000000 0.44 0.48 0.52
v 11.1513595 -12.8217767 12.1000000 0.44 0.48 0.52
v 11.0972666 -12.8086194 12.1000000 0.44 0.48 0.52
v 11.0437395 -12.7933219 12.1000000 0.44 0.48 0.52
v 10.9908629 -12.7759085 12.1000000 0.44 0.48 0.52
v 10.9387204 -12.7564066 12.1000000 0.44 0.48 0.52
v 10.8873944 -12.7348472 12.1000000 0.44 0.48 0.52
v 10.8369662 -12.7112643 12.1000000 0.44 0.48 0.52
v 10.7875154 -12.6856951 12.1000000 0.44 0.48 0.52
v 10.7391202 -12.6581802 12.1000000 0.44 0.48 0.52
v 10.6918572 -12.6287630 12.1000000 0.44 0.48 0.52
v 10.6458011 -12.5974901 12.1000000 0.44 0.48 0.52
v 10.6010247 -12.5644108 12.1000000 0.44 0.48 0.52
v 10.5575988 -12.5295776 12.1000000 0.44 0.48 0.52
v 10.5155921 -12.4930454 12.1000000 0.44 0.48 0.52
v 10.4750710 -12.4548721 12.1000000 0.44 0.48 0.52
v 10.4360995 -12.4151180 12.1000000 0.44 0.48 0.52
v 10.3987394 -12.3738459 12.1000000 0.44 0.48 0.52
v 10.3630496 -12.3311212 12.1000000 0.44 0.48 0.52
v 10.3290867 -12.2870113 12.1000000 0.44 0.48 0.52
v 10.2969042 -12.2415861 12.1000000 0.44 0.48 0.52
v 10.2665531 -12.1949173 12.1000000 0.44 0.48 0.52
v 10.2380815 -12.1470787 12.1000000 0.44 0.48 0.52
v 10.2115342 -12.0981461 12.1000000 0.44 0.48 0.52
v 10.1869533 -12.0481967 12.1000000 0.44 0.48 0.52
v 10.1643777 -11.9973095 12.1000000 0.44 0.48 0.52
v 10.1438430 -11.9455650 12.1000000 0.44 0.48 0.52
v 10.1253817 -11.8930451 12.1000000 0.44 0.48 0.52
v 10.1090230 -11.8398327 12.1000000 0.44 0.48 0.52
v 10.0947928 -11.7860121 12.1000000 0.44 0.48 0.52
v 10.0827135 -11.7316682 12.1000000 0.44 0.48 0.52
v 10.0728044 -11.6768871 12.1000000 0.44 0.48 0.52
v 10.0650810 -11.6217553 12.1000000 0.44 0.48 0.52
v 10.0595555 -11.5663601 12.1000000 0.44 0.48 0.52
v 10.0562367 -11.5107890 12.1000000 0.44 0.48 0.52
v 10.0551299 -11.4551299 12.1000000 0.44 0.48 0.52
v 10.0562367 -11.3994707 12.1000000 0.44 0.48 0.52
v 10.0595555 -11.3438996 12.1000000 0.44 0.48 0.52
v 10.0650810 -11.2885044 12.1000000 0.44 0.48 0.52
v 10.0728044 -11.2333726 12.1000000 0.44 0.48 0.52
v 10.0827135 -11.1785915 12.1000000 0.44 0.48 0.52
v 10.0947928 -11.1242476 12.1000000 0.44 0.48 0.52
v 10.1090230 -11.0704270 12.1000000 0.44 0.48 0.52
v 10.1253817 -11.0172146 12.1000000 0.44 0.48 0.52
v 10.1438430 -10.9646947 12.1000000 0.44 0.48 0.52
v 10.1643777 -10.9129502 12.1000000 0.44 0.48 0.52
v 10.1869533 -10.8620631 12.1000000 0.44 0.48 0.52
v 10.2115342 -10.8121137 12.1000000 0.44 0.48 0.52
v 10.2380815 -10.7631810 12.1000000 0.44 0.48 0.52
v 10.2665531 -10.7153424 12.1000000 0.44 0.48 0.52
v 10.2969042 -10.6686737 12.1000000 0.44 0.48 0.52
v 10.3290867 -10.6232484 12.1000000 0.44 0.48 0.52
v 10.3630496 -10.5791385 12.1000000 0.44 0.48 0.52
v 10.3987394 -10.5364138 12.1000000 0.44 0.48 0.52
v 10.4360995 -10.4951417 12.1000000 0.44 0.48 0.52
v 10.4750710 -10.4553876 12.1000000 0.44 0.48 0.52
v 10.5155921 -10.4172143 12.1000000 0.44 0.48 0.52
v 10.5575988 -10.3806821 12.1000000 0.44 0.48 0.52
v 10.6010247 -10.3458489 12.1000000 0.44 0.48 0.52
v 10.6458011 -10.3127696 12.1000000 0.44 0.48 0.52
v 10.6918572 -10.2814967 12.1000000 0.44 0.48 0.52
v 10.7391202 -10.2520795 12.1000000 0.44 0.48 0.52
v 10.7875154 -10.2245646 12.1000000 0.44 0.48 0.52
v 10.8369662 -10.1989955 12.1000000 0.44 0.48 0.52
v 10.8873944 -10.1754125 12.1000000 0.44 0.48 0.52
v 10.9387204 -10.1538531 12.1000000 0.44 0.48 0.52
v 10.9908629 -10.1343512 12.1000000 0.44 0.48 0.52
v 11.0437395 -10.1169378 12.1000000 0.44 0.48 0.52
v 11.0972666 -10.1016403 12.1000000 0.44 0.48 0.52
v 11.1513595 -10.0884830 12.1000000 0.44 0.48 0.52
v 11.2059328 -10.0774866 12.1000000 0.44 0.48 0.52
v 11.2609001 -10.0686686 12.1000000 0.44 0.48 0.52
v 11.3161745 -10.0620428 12.1000000 0.44 0.48 0.52
v 11.3716687 -10.0576198 12.1000000 0.44 0.48 0.52
v 11.4272948 -10.0554066 12.1000000 0.44 0.48 0.52
v 11.4829649 -10.0554066 12.1000000 0.44 0.48 0.52
v 11.5385910 -10.0576198 12.1000000 0.44 0.48 0.52
v 11.5940852 -10.0620428 12.1000000 0.44 0.48 0.52
v 11.6493596 -10.0686686 12.1000000 0.44 0.48 0.52
v 11.7043269 -10.0774866 12.1000000 0.44 0.48 0.52
v 11.7589002 -10.0884830 12.1000000 0.44 0.48 0.52
v 11.8129931 -10.1016403 12.1000000 0.44 0.48 0.52
v 11.8665202 -10.1169378 12.1000000 0.44 0.48 0.52
v 11.9193968 -10.1343512 12.1000000 0.44 0.48 0.52
v 11.9715393 -10.1538531 12.1000000 0.44 0.48 0.52
v 12.0228653 -10.1754125 12.1000000 0.44 0.48 0.52
v 12.0732936 -10.1989955 12.1000000 0.44 0.48 0.52
v 12.1227444 -10.2245646 12.1000000 0.44 0.48 0.52
v 12.1711395 -10.2520795 12.1000000 0.44 0.48 0.52
v 12.2184025 -10.2814967 12.1000000 0.44 0.48 0.52
v 12.2644587 -10.3127696 12.1000000 0.44 0.48 0.52
v 12.3092351 -10.3458489 12.1000000 0.44 0.48 0.52
v 12.3526609 -10.3806821 12.1000000 0.44 0.48 0.52
v 12.3946677 -10.4172143 12.1000000 0.44 0.48 0.52
v 12.4351888 -10.4553876 12.1000000 0.44 0.48 0.52
v 12.4741602 -10.4951417 12.1000000 0.44 0.48 0.52
v 12.5115203 -10.5364138 12.1000000 0.44 0.48 0.52
v 12.5472101 -10.5791385 12.1000000 0.44 0.48 0.52
v 12.5811730 -10.6232484 12.1000000 0.44 0.48 0.52
v 12.6133555 -10.6686737 12.1000000 0.44 0.48 0.52
v 12.6437066 -10.7153424 12.1000000 0.44 0.48 0.52
v 12.6721782 -10.7631810 12.1000000 0.44 0.48 0.52
v 12.6987255 -10.8121137 12.1000000 0.44 0.48 0.52
v 12.7233064 -10.8620631 12.1000000 0.44 0.48 0.52
v 12.7458821 -10.9129502 12.1000000 0.44 0.48 0.52
v 12.7664168 -10.9646947 12.1000000 0.44 0.48 0.52
v 12.7848780 -11.0172146 12.1000000 0.44 0.48 0.52
v 12.8012367 -11.0704270 12.1000000 0.44 0.48 0.52
v 12.8154669 -11.1242476 12.1000000 0.44 0.48 0.52
v 12.8275462 -11.1785915 12.1000000 0.44 0.48 0.52
v 12.8374553 -11.2333726 12.1000000 0.44 0.48 0.52
v 12.8451788 -11.2885044 12.1000000 0.44 0.48 0.52
v 12.8507042 -11.3438996 12.1000000 0.44 0.48 0.52
v 12.8540230 -11.3994707 12.1000000 0.44 0.48 0.52
v 12.8551299 -11.4551299 12.1000000 0.44 0.48 0.52
v 12.7351299 -11.4551299 11.9800000 0.44 0.48 0.52
v 12.6151299 -11.4551299 11.8600000 0.44 0.48 0.52
v 12.4951299 -11.4551299 11.7400000 0.44 0.48 0.52
v 12.3751299 -11.4551299 11.6200000 0.44 0.48 0.52
v 12.7310836 -11.5568261 11.9800000 0.44 0.48 0.52
v 12.7189703 -11.6578793 11.9800000 0.44 0.48 0.52
v 12.6114629 -11.5472920 11.8600000 0.44 0.48 0.52
v 12.6988666 -11.7576507 11.9800000 0.44 0.48 0.52
v 12.6004853 -11.6388716 11.8600000 0.44 0.48 0.52
v 12.6708996 -11.8555095 11.9800000 0.44 0.48 0.52
v 12.4918422 -11.5377580 11.7400000 0.44 0.48 0.52
v 12.5822663 -11.7292894 11.8600000 0.44 0.48 0.52
v 12.6352461 -11.9508370 11.9800000 0.44 0.48 0.52
v 12.4820002 -11.6198638 11.7400000 0.44 0.48 0.52
v 12.5569212 -11.8179739 11.8600000 0.44 0.48 0.52
v 12.5921316 -12.0430304 11.9800000 0.44 0.48 0.52
v 12.3722216 -11.5282240 11.6200000 0.44 0.48 0.52
v 12.4656660 -11.7009281 11.7400000 0.44 0.48 0.52
v 12.5246102 -11.9043644 11.8600000 0.44 0.48 0.52
v 12.5418286 -12.1315069 11.9800000 0.44 0.48 0.52
v 12.3635152 -11.6008560 11.6200000 0.44 0.48 0.52
v 12.4429428 -11.7804383 11.7400000 0.44 0.48 0.52
v 12.4855377 -11.9879147 11.8600000 0.44 0.48 0.52
v 12.4846551 -12.2157072 11.9800000 0.44 0.48 0.52
v 12.3490656 -11.6725667 11.6200000 0.44 0.48 0.52
v 12.4139743 -11.8578919 11.7400000 0.44 0.48 0.52
v 12.4399506 -12.0680966 11.8600000 0.44 0.48 0.52
v 12.4209726 -12.2950988 11.9800000 0.44 0.48 0.52
v 12.3289644 -11.7429027 11.6200000 0.44 0.48 0.52
v 12.3789438 -11.9327990 11.7400000 0.44 0.48 0.52
v 12.3881371 -12.1444030 11.8600000 0.44 0.48 0.52
v 12.3511837 -12.3691799 11.9800000 0.44 0.48 0.52
v 12.3033384 -11.8114193 11.6200000 0.44 0.48 0.52
v 12.3380726 -12.0046862 11.7400000 0.44 0.48 0.52
v 12.3304248 -12.2163517 11.8600000 0.44 0.48 0.52
v 12.2757297 -12.4374821 11.9800000 0.44 0.48 0.52
v 12.2723499 -11.8776834 11.6200000 0.44 0.48 0.52
v 12.2916191 -12.0730989 11.7400000 0.44 0.48 0.52
v 12.2671787 -12.2834877 11.8600000 0.44 0.48 0.52
v 12.1950876 -12.4995735 11.9800000 0.44 0.48 0.52
v 12.2361945 -11.9412759 11.6200000 0.44 0.48 0.52
v 12.2398771 -12.1376046 11.7400000 0.44 0.48 0.52
v 12.1987985 -12.3453866 11.8600000 0.44 0.48 0.52
v 12.1097673 -12.5550616 11.9800000 0.44 0.48 0.52
v 12.1951011 -12.0017948 11.6200000 0.44 0.48 0.52
v 12.1831736 -12.1977955 11.7400000 0.44 0.48 0.52
v 12.1257166 -12.4016569 11.8600000 0.44 0.48 0.52
v 12.0203081 -12.6035956 11.9800000 0.44 0.48 0.52
v 12.1493293 -12.0588575 11.6200000 0.44 0.48 0.52
v 12.1218672 -12.2532910 11.7400000 0.44 0.48 0.52
v 12.0483950 -12.4519430 11.8600000 0.44 0.48 0.52
v 11.9272757 -12.6448686 11.9800000 0.44 0.48 0.52
v 12.0991686 -12.1121033 11.6200000 0.44 0.48 0.52
v 12.0563455 -12.3037403 11.7400000 0.44 0.48 0.52
v 11.9673226 -12.4959269 11.8600000 0.44 0.48 0.52
v 11.8312582 -12.6786197 11.9800000 0.44 0.48 0.52
v 12.0449360 -12.1611955 11.6200000 0.44 0.48 0.52
v 11.9870228 -12.3488244 11.7400000 0.44 0.48 0.52
v 11.8830120 -12.5333306 11.8600000 0.44 0.48 0.52
v 11.7328627 -12.7046355 11.9800000 0.44 0.48 0.52
v 11.9869745 -12.2058237 11.6200000 0.44 0.48 0.52
v 11.9143372 -12.3882583 11.7400000 0.44 0.48 0.52
v 11.7959962 -12.5639176 11.8600000 0.44 0.48 0.52
v 11.6327113 -12.7227516 11.9800000 0.44 0.48 0.52
v 11.9256505 -12.2457058 11.6200000 0.44 0.48 0.52
v 11.8387483 -12.4217926 11.7400000 0.44 0.48 0.52
v 11.7068253 -12.5874944 11.8600000 0.44 0.48 0.52
v 11.5314372 -12.7328533 11.9800000 0.44 0.48 0.52
v 11.8613517 -12.2805896 11.6200000 0.44 0.48 0.52
v 11.7607341 -12.4492154 11.7400000 0.44 0.48 0.52
v 11.6160631 -12.6039120 11.8600000 0.44 0.48 0.52
v 11.4296807 -12.7348768 11.9800000 0.44 0.48 0.52
v 11.7944847 -12.3102546 11.6200000 0.44 0.48 0.52
v 11.6807878 -12.4703532 11.7400000 0.44 0.48 0.52
v 11.5242834 -12.6130667 11.8600000 0.44 0.48 0.52
v 11.3280850 -12.7288094 11.9800000 0.44 0.48 0.52
v 11.7254721 -12.3345132 11.6200000 0.44 0.48 0.52
v 11.5994148 -12.4850725 11.7400000 0.44 0.48 0.52
v 11.4320665 -12.6149006 11.8600000 0.44 0.48 0.52
v 11.2272925 -12.7146894 11.9800000 0.44 0.48 0.52
v 11.6547504 -12.3532121 11.6200000 0.44 0.48 0.52
v 11.5171296 -12.4932801 11.7400000 0.44 0.48 0.52
v 11.3399954 -12.6094019 11.8600000 0.44 0.48 0.52
v 11.1279406 -12.6926060 11.9800000 0.44 0.48 0.52
v 11.5827665 -12.3662330 11.6200000 0.44 0.48 0.52
v 11.4344524 -12.4949243 11.7400000 0.44 0.48 0.52
v 11.2486523 -12.5966057 11.8600000 0.44 0.48 0.52
v 11.0306572 -12.6626989 11.9800000 0.44 0.48 0.52
v 11.5099758 -12.3734936 11.6200000 0.44 0.48 0.52
v 11.3519059 -12.4899945 11.7400000 0.44 0.48 0.52
v 11.1586146 -12.5765926 11.8600000 0.44 0.48 0.52
v 10.9360574 -12.6251571 11.9800000 0.44 0.48 0.52
v 11.4368382 -12.3749480 11.6200000 0.44 0.48 0.52
v 11.2700120 -12.4785220 11.7400000 0.44 0.48 0.52
v 11.0704515 -12.5494893 11.8600000 0.44 0.48 0.52
v 10.8447395 -12.5802181 11.9800000 0.44 0.48 0.52
v 11.3638164 -12.3705870 11.6200000 0.44 0.48 0.52
v 11.1892886 -12.4605792 11.7400000 0.44 0.48 0.52
v 10.9847205 -12.5154671 11.8600000 0.44 0.48 0.52
v 10.7572805 -12.5281659 11.9800000 0.44 0.48 0.52
v 11.2913718 -12.3604383 11.6200000 0.44 0.48 0.52
v 11.1102458 -12.4362797 11.7400000 0.44 0.48 0.52
v 10.9019636 -12.4747411 11.8600000 0.44 0.48 0.52
v 10.6742337 -12.4693296 11.9800000 0.44 0.48 0.52
v 11.2199626 -12.3445658 11.6200000 0.44 0.48 0.52
v 11.0333835 -12.4057770 11.7400000 0.44 0.48 0.52
v 10.8227039 -12.4275688 11.8600000 0.44 0.48 0.52
v 10.5961239 -12.4040812 11.9800000 0.44 0.48 0.52
v 11.1500401 -12.3230701 11.6200000 0.44 0.48 0.52
v 10.9591877 -12.3692641 11.7400000 0.44 0.48 0.52
v 10.7474427 -12.3742484 11.8600000 0.44 0.48 0.52
v 10.5234450 -12.3328333 11.9800000 0.44 0.48 0.52
v 11.0820466 -12.2960870 11.6200000 0.44 0.48 0.52
v 10.8881273 -12.3269716 11.7400000 0.44 0.48 0.52
v 10.6766557 -12.3151170 11.8600000 0.44 0.48 0.52
v 10.4566565 -12.2560362 11.9800000 0.44 0.48 0.52
v 11.0164118 -12.2637870 11.6200000 0.44 0.48 0.52
v 10.8206517 -12.2791672 11.7400000 0.44 0.48 0.52
v 10.6107904 -12.2505486 11.8600000 0.44 0.48 0.52
v 10.3961807 -12.1741755 11.9800000 0.44 0.48 0.52
v 10.9535507 -12.2263745 11.6200000 0.44 0.48 0.52
v 10.7571875 -12.2261528 11.7400000 0.44 0.48 0.52
v 10.5502634 -12.1809512 11.8600000 0.44 0.48 0.52
v 10.3423999 -12.0877688 11.9800000 0.44 0.48 0.52
v 10.8938607 -12.1840859 11.6200000 0.44 0.48 0.52
v 10.6981359 -12.1682639 11.7400000 0.44 0.48 0.52
v 10.4954572 -12.1067650 11.8600000 0.44 0.48 0.52
v 10.2956542 -11.9973624 11.9800000 0.44 0.48 0.52
v 10.8377193 -12.1371887 11.6200000 0.44 0.48 0.52
v 10.6438703 -12.1058663 11.7400000 0.44 0.48 0.52
v 10.4467183 -12.0284589 11.8600000 0.44 0.48 0.52
v 10.2562390 -11.9035277 11.9800000 0.44 0.48 0.52
v 10.7854813 -12.0859792 11.6200000 0.44 0.48 0.52
v 10.5947337 -12.0393545 11.7400000 0.44 0.48 0.52
v 10.4043550 -11.9465281 11.8600000 0.44 0.48 0.52
v 10.2244036 -11.8068582 11.9800000 0.44 0.48 0.52
v 10.7374771 -12.0307813 11.6200000 0.44 0.48 0.52
v 10.5510368 -11.9691490 11.7400000 0.44 0.48 0.52
v 10.3686350 -11.8614904 11.8600000 0.44 0.48 0.52
v 10.2003492 -11.7079649 11.9800000 0.44 0.48 0.52
v 10.6940101 -11.9719439 11.6200000 0.44 0.48 0.52
v 10.5130558 -11.8956938 11.7400000 0.44 0.48 0.52
v 10.3397842 -11.7738837 11.8600000 0.44 0.48 0.52
v 10.1842280 -11.6074731 11.9800000 0.44 0.48 0.52
v 10.6553552 -11.9098391 11.6200000 0.44 0.48 0.52
v 10.4810310 -11.8194531 11.7400000 0.44 0.48 0.52
v 10.3179849 -11.6842616 11.8600000 0.44 0.48 0.52
v 10.1761418 -11.5060182 11.9800000 0.44 0.48 0.52
v 10.6217567 -11.8448595 11.6200000 0.44 0.48 0.52
v 10.4551648 -11.7409091 11.7400000 0.44 0.48 0.52
v 10.3033750 -11.5931910 11.8600000 0.44 0.48 0.52
v 10.1761418 -11.4042415 11.9800000 0.44 0.48 0.52
v 10.5934270 -11.7774158 11.6200000 0.44 0.48 0.52
v 10.4356206 -11.6605583 11.7400000 0.44 0.48 0.52
v 10.2960470 -11.5012474 11.8600000 0.44 0.48 0.52
v 10.1842280 -11.3027866 11.9800000 0.44 0.48 0.52
v 10.5705453 -11.7079346 11.6200000 0.44 0.48 0.52
v 10.4225221 -11.5789088 11.7400000 0.44 0.48 0.52
v 10.2960470 -11.4090123 11.8600000 0.44 0.48 0.52
v 10.2003492 -11.2022948 11.9800000 0.44 0.48 0.52
v 10.5532563 -11.6368551 11.6200000 0.44 0.48 0.52
v 10.4159521 -11.4964766 11.7400000 0.44 0.48 0.52
v 10.3033750 -11.3170688 11.8600000 0.44 0.48 0.52
v 10.2244036 -11.1034015 11.9800000 0.44 0.48 0.52
v 10.5416691 -11.5646266 11.6200000 0.44 0.48 0.52
v 10.4159521 -11.4137831 11.7400000 0.44 0.48 0.52
v 10.3179849 -11.2259981 11.8600000 0.44 0.48 0.52
v 10.2562390 -11.0067320 11.9800000 0.44 0.48 0.52
v 10.5358572 -11.4917058 11.6200000 0.44 0.48 0.52
v 10.4225221 -11.3313509 11.7400000 0.44 0.48 0.52
v 10.3397842 -11.1363760 11.8600000 0.44 0.48 0.52
v 10.2956542 -10.9128973 11.9800000 0.44 0.48 0.52
v 10.5358572 -11.4185539 11.6200000 0.44 0.48 0.52
v 10.4356206 -11.2497014 11.7400000 0.44 0.48 0.52
v 10.3686350 -11.0487693 11.8600000 0.44 0.48 0.52
v 10.3423999 -10.8224909 11.9800000 0.44 0.48 0.52
v 10.5416691 -11.3456331 11.6200000 0.44 0.48 0.52
v 10.4551648 -11.1693506 11.7400000 0.44 0.48 0.52
v 10.4043550 -10.9637316 11.8600000 0.44 0.48 0.52
v 10.3961807 -10.7360842 11.9800000 0.44 0.48 0.52
v 10.5532563 -11.2734046 11.6200000 0.44 0.48 0.52
v 10.4810310 -11.0908066 11.7400000 0.44 0.48 0.52
v 10.4467183 -10.8818008 11.8600000 0.44 0.48 0.52
v 10.4566565 -10.6542235 11.9800000 0.44 0.48 0.52
v 10.5705453 -11.2023251 11.6200000 0.44 0.48 0.52
v 10.5130558 -11.0145659 11.7400000 0.44 0.48 0.52
v 10.4954572 -10.8034947 11.8600000 0.44 0.48 0.52
v 10.5234450 -10.5774264 11.9800000 0.44 0.48 0.52
v 10.5934270 -11.1328439 11.6200000 0.44 0.48 0.52
v 10.5510368 -10.9411107 11.7400000 0.44 0.48 0.52
v 10.5502634 -10.7293085 11.8600000 0.44 0.48 0.52
v 10.5961239 -10.5061785 11.9800000 0.44 0.48 0.52
v 10.6217567 -11.0654002 11.6200000 0.44 0.48 0.52
v 10.5947337 -10.8709052 11.7400000 0.44 0.48 0.52
v 10.6107904 -10.6597111 11.8600000 0.44 0.48 0.52
v 10.6742337 -10.4409301 11.9800000 0.44 0.48 0.52
v 10.6553552 -11.0004206 11.6200000 0.44 0.48 0.52
v 10.6438703 -10.8043935 11.7400000 0.44 0.48 0.52
v 10.6766557 -10.5951427 11.8600000 0.44 0.48 0.52
v 10.7572805 -10.3820938 11.9800000 0.44 0.48 0.52
v 10.6940101 -10.9383158 11.6200000 0.44 0.48 0.52
v 10.6981359 -10.7419958 11.7400000 0.44 0.48 0.52
v 10.7474427 -10.5360113 11.8600000 0.44 0.48 0.52
v 10.8447395 -10.3300416 11.9800000 0.44 0.48 0.52
v 10.7374771 -10.8794784 11.6200000 0.44 0.48 0.52
v 10.7571875 -10.6841069 11.7400000 0.44 0.48 0.52
v 10.8227039 -10.4826909 11.8600000 0.44 0.48 0.52
v 10.9360574 -10.2851026 11.9800000 0.44 0.48 0.52
v 10.7854813 -10.8242805 11.6200000 0.44 0.48 0.52
v 10.8206517 -10.6310926 11.7400000 0.44 0.48 0.52
v 10.9019636 -10.4355186 11.8600000 0.44 0.48 0.52
v 11.0306572 -10.2475608 11.9800000 0.44 0.48 0.52
v 10.8377193 -10.7730711 11.6200000 0.44 0.48 0.52
v 10.8881273 -10.5832881 11.7400000 0.44 0.48 0.52
v 10.9847205 -10.3947926 11.8600000 0.44 0.48 0.52
v 11.1279406 -10.2176537 11.9800000 0.44 0.48 0.52
v 10.8938607 -10.7261738 11.6200000 0.44 0.48 0.52
v 10.9591877 -10.5409957 11.7400000 0.44 0.48 0.52
v 11.0704515 -10.3607704 11.8600000 0.44 0.48 0.52
v 11.2272925 -10.1955703 11.9800000 0.44 0.48 0.52
v 10.9535507 -10.6838852 11.6200000 0.44 0.48 0.52
v 11.0333835 -10.5044827 11.7400000 0.44 0.48 0.52
v 11.1586146 -10.3336671 11.8600000 0.44 0.48 0.52
v 11.3280850 -10.1814503 11.9800000 0.44 0.48 0.52
v 11.0164118 -10.6464727 11.6200000 0.44 0.48 0.52
v 11.1102458 -10.4739800 11.7400000 0.44 0.48 0.52
v 11.2486523 -10.3136540 11.8600000 0.44 0.48 0.52
v 11.4296807 -10.1753829 11.9800000 0.44 0.48 0.52
v 11.0820466 -10.6141727 11.6200000 0.44 0.48 0.52
v 11.1892886 -10.4496805 11.7400000 0.44 0.48 0.52
v 11.3399954 -10.3008578 11.8600000 0.44 0.48 0.52
v 11.5314372 -10.1774064 11.9800000 0.44 0.48 0.52
v 11.1500401 -10.5871896 11.6200000 0.44 0.48 0.52
v 11.2700120 -10.4317378 11.7400000 0.44 0.48 0.52
v 11.4320665 -10.2953592 11.8600000 0.44 0.48 0.52
v 11.6327113 -10.1875081 11.9800000 0.44 0.48 0.52
v 11.2199626 -10.5656939 11.6200000 0.44 0.48 0.52
v 11.3519059 -10.4202652 11.7400000 0.44 0.48 0.52
v 11.5242834 -10.2971930 11.8600000 0.44 0.48 0.52
v 11.7328627 -10.2056242 11.9800000 0.44 0.48 0.52
v 11.2913718 -10.5498215 11.6200000 0.44 0.48 0.52
v 11.4344524 -10.4153354 11.7400000 0.44 0.48 0.52
v 11.6160631 -10.3063477 11.8600000 0.44 0.48 0.52
v 11.8312582 -10.2316400 11.9800000 0.44 0.48 0.52
v 11.3638164 -10.5396727 11.6200000 0.44 0.48 0.52
v 11.5171296 -10.4169796 11.7400000 0.44 0.48 0.52
v 11.7068253 -10.3227653 11.8600000 0.44 0.48 0.52
v 11.9272757 -10.2653911 11.9800000 0.44 0.48 0.52
v 11.4368382 -10.5353117 11.6200000 0.44 0.48 0.52
v 11.5994148 -10.4251872 11.7400000 0.44 0.48 0.52
v 11.7959962 -10.3463422 11.8600000 0.44 0.48 0.52
v 12.0203081 -10.3066641 11.9800000 0.44 0.48 0.52
v 11.5099758 -10.5367661 11.6200000 0.44 0.48 0.52
v 11.6807878 -10.4399065 11.7400000 0.44 0.48 0.52
v 11.8830120 -10.3769291 11.8600000 0.44 0.48 0.52
v 12.1097673 -10.3551981 11.9800000 0.44 0.48 0.52
v 11.5827665 -10.5440267 11.6200000 0.44 0.48 0.52
v 11.7607341 -10.4610443 11.7400000 0.44 0.48 0.52
v 11.9673226 -10.4143328 11.8600000 0.44 0.48 0.52
v 12.1950876 -10.4106862 11.9800000 0.44 0.48 0.52
v 11.6547504 -10.5570476 11.6200000 0.44 0.48 0.52
v 11.8387483 -10.4884671 11.7400000 0.44 0.48 0.52
v 12.0483950 -10.4583167 11.8600000 0.44 0.48 0.52
v 12.2757297 -10.4727776 11.9800000 0.44 0.48 0.52
v 11.7254721 -10.5757465 11.6200000 0.44 0.48 0.52
v 11.9143372 -10.5220014 11.7400000 0.44 0.48 0.52
v 12.1257166 -10.5086028 11.8600000 0.44 0.48 0.52
v 12.3511837 -10.5410798 11.9800000 0.44 0.48 0.52
v 11.7944847 -10.6000051 11.6200000 0.44 0.48 0.52
v 11.9870228 -10.5614353 11.7400000 0.44 0.48 0.52
v 12.1987985 -10.5648732 11.8600000 0.44 0.48 0.52
v 12.4209726 -10.6151609 11.9800000 0.44 0.48 0.52
v 11.8613517 -10.6296701 11.6200000 0.44 0.48 0.52
v 12.0563455 -10.6065194 11.7400000 0.44 0.48 0.52
v 12.2671787 -10.6267720 11.8600000 0.44 0.48 0.52
v 12.4846551 -10.6945525 11.9800000 0.44 0.48 0.52
v 11.9256505 -10.6645539 11.6200000 0.44 0.48 0.52
v 12.1218672 -10.6569687 11.7400000 0.44 0.48 0.52
v 12.3304248 -10.6939080 11.8600000 0.44 0.48 0.52
v 12.5418286 -10.7787528 11.9800000 0.44 0.48 0.52
v 11.9869745 -10.7044360 11.6200000 0.44 0.48 0.52
v 12.1831736 -10.7124642 11.7400000 0.44 0.48 0.52
v 12.3881371 -10.7658567 11.8600000 0.44 0.48 0.52
v 12.5921316 -10.8672293 11.9800000 0.44 0.48 0.52
v 12.0449360 -10.7490642 11.6200000 0.44 0.48 0.52
v 12.2398771 -10.7726551 11.7400000 0.44 0.48 0.52
v 12.4399506 -10.8421631 11.8600000 0.44 0.48 0.52
v 12.6352461 -10.9594228 11.9800000 0.44 0.48 0.52
v 12.0991686 -10.7981564 11.6200000 0.44 0.48 0.52
v 12.2916191 -10.8371608 11.7400000 0.44 0.48 0.52
v 12.4855377 -10.9223450 11.8600000 0.44 0.48 0.52
v 12.6708996 -11.0547502 11.9800000 0.44 0.48 0.52
v 12.1493293 -10.8514022 11.6200000 0.44 0.48 0.52
v 12.3380726 -10.9055735 11.7400000 0.44 0.48 0.52
v 12.5246102 -11.0058953 11.8600000 0.44 0.48 0.52
v 12.6988666 -11.1526090 11.9800000 0.44 0.48 0.52
v 12.1951011 -10.9084649 11.6200000 0.44 0.48 0.52
v 12.3789438 -10.9774607 11.7400000 0.44 0.48 0.52
v 12.5569212 -11.0922858 11.8600000 0.44 0.48 0.52
v 12.7189703 -11.2523804 11.9800000 0.44 0.48 0.52
v 12.2361945 -10.9689838 11.6200000 0.44 0.48 0.52
v 12.4139743 -11.0523678 11.7400000 0.44 0.48 0.52
v 12.5822663 -11.1809703 11.8600000 0.44 0.48 0.52
v 12.7310836 -11.3534336 11.9800000 0.44 0.48 0.52
v 12.2723499 -11.0325763 11.6200000 0.44 0.48 0.52
v 12.4429428 -11.1298214 11.7400000 0.44 0.48 0.52
v 12.6004853 -11.2713881 11.8600000 0.44 0.48 0.52
v 12.3033384 -11.0988404 11.6200000 0.44 0.48 0.52
v 12.4656660 -11.2093316 11.7400000 0.44 0.48 0.52
v 12.6114629 -11.3629677 11.8600000 0.44 0.48 0.52
v 12.3289644 -11.1673570 11.6200000 0.44 0.48 0.52
v 12.4820002 -11.2903959 11.7400000 0.44 0.48 0.52
v 12.3490656 -11.2376930 11.6200000 0.44 0.48 0.52
v 12.4918422 -11.3725017 11.7400000 0.44 0.48 0.52
v 12.3635152 -11.3094037 11.6200000 0.44 0.48 0.52
v 12.3722216 -11.3820357 11.6200000 0.44 0.48 0.52
v 12.2551299 -11.4551299 11.5000000 0.44 0.48 0.52
v 12.2551299 -11.4551299 8.5000000 0.44 0.48 0.52
v 12.2544974 -11.4869351 8.5000000 0.44 0.48 0.52
v 12.2526009 -11.5186900 8.5000000 0.44 0.48 0.52
v 12.2494435 -11.5503444 8.5000000 0.44 0.48 0.52
v 12.2450301 -11.5818483 8.5000000 0.44 0.48 0.52
v 12.2393677 -11.6131518 8.5000000 0.44 0.48 0.52
v 12.2324653 -11.6442054 8.5000000 0.44 0.48 0.52
v 12.2243338 -11.6749601 8.5000000 0.44 0.48 0.52
v 12.2149860 -11.7053671 8.5000000 0.44 0.48 0.52
v 12.2044367 -11.7353785 8.5000000 0.44 0.48 0.52
v 12.1927025 -11.7649468 8.5000000 0.44 0.48 0.52
v 12.1798022 -11.7940252 8.5000000 0.44 0.48 0.52
v 12.1657559 -11.8225677 8.5000000 0.44 0.48 0.52
v 12.1505861 -11.8505292 8.5000000 0.44 0.48 0.52
v 12.1343165 -11.8778655 8.5000000 0.44 0.48 0.52
v 12.1169731 -11.9045334 8.5000000 0.44 0.48 0.52
v 12.0985831 -11.9304907 8.5000000 0.44 0.48 0.52
v 12.0791757 -11.9556963 8.5000000 0.44 0.48 0.52
v 12.0587816 -11.9801105 8.5000000 0.44 0.48 0.52
v 12.0374329 -12.0036945 8.5000000 0.44 0.48 0.52
v 12.0151635 -12.0264111 8.5000000 0.44 0.48 0.52
v 11.9920086 -12.0482245 8.5000000 0.44 0.48 0.52
v 11.9680048 -12.0691000 8.5000000 0.44 0.48 0.52
v 11.9431900 -12.0890047 8.5000000 0.44 0.48 0.52
v 11.9176035 -12.1079071 8.5000000 0.44 0.48 0.52
v 11.8912857 -12.1257774 8.5000000 0.44 0.48 0.52
v 11.8642782 -12.1425872 8.5000000 0.44 0.48 0.52
v 11.8366239 -12.1583100 8.5000000 0.44 0.48 0.52
v 11.8083663 -12.1729209 8.5000000 0.44 0.48 0.52
v 11.7795501 -12.1863969 8.5000000 0.44 0.48 0.52
v 11.7502210 -12.1987166 8.5000000 0.44 0.48 0.52
v 11.7204253 -12.2098605 8.5000000 0.44 0.48 0.52
v 11.6902101 -12.2198110 8.5000000 0.44 0.48 0.52
v 11.6596232 -12.2285524 8.5000000 0.44 0.48 0.52
v 11.6287129 -12.2360709 8.5000000 0.44 0.48 0.52
v 11.5975282 -12.2423545 8.5000000 0.44 0.48 0.52
v 11.5661183 -12.2473934 8.5000000 0.44 0.48 0.52
v 11.5345329 -12.2511796 8.5000000 0.44 0.48 0.52
v 11.5028220 -12.2537070 8.5000000 0.44 0.48 0.52
v 11.4710356 -12.2549717 8.5000000 0.44 0.48 0.52
v 11.4392241 -12.2549717 8.5000000 0.44 0.48 0.52
v 11.4074378 -12.2537070 8.5000000 0.44 0.48 0.52
v 11.3757268 -12.2511796 8.5000000 0.44 0.48 0.52
v 11.3441414 -12.2473934 8.5000000 0.44 0.48 0.52
v 11.3127315 -12.2423545 8.5000000 0.44 0.48 0.52
v 11.2815468 -12.2360709 8.5000000 0.44 0.48 0.52
v 11.2506365 -12.2285524 8.5000000 0.44 0.48 0.52
v 11.2200496 -12.2198110 8.5000000 0.44 0.48 0.52
v 11.1898344 -12.2098605 8.5000000 0.44 0.48 0.52
v 11.1600387 -12.1987166 8.5000000 0.44 0.48 0.52
v 11.1307096 -12.1863969 8.5000000 0.44 0.48 0.52
v 11.1018935 -12.1729209 8.5000000 0.44 0.48 0.52
v 11.0736359 -12.1583100 8.5000000 0.44 0.48 0.52
v 11.0459815 -12.1425872 8.5000000 0.44 0.48 0.52
v 11.0189740 -12.1257774 8.5000000 0.44 0.48 0.52
v 10.9926563 -12.1079071 8.5000000 0.44 0.48 0.52
v 10.9670697 -12.0890047 8.5000000 0.44 0.48 0.52
v 10.9422549 -12.0691000 8.5000000 0.44 0.48 0.52
v 10.9182511 -12.0482245 8.5000000 0.44 0.48 0.52
v 10.8950962 -12.0264111 8.5000000 0.44 0.48 0.52
v 10.8728268 -12.0036945 8.5000000 0.44 0.48 0.52
v 10.8514782 -11.9801105 8.5000000 0.44 0.48 0.52
v 10.8310840 -11.9556963 8.5000000 0.44 0.48 0.52
v 10.8116766 -11.9304907 8.5000000 0.44 0.48 0.52
v 10.7932866 -11.9045334 8.5000000 0.44 0.48 0.52
v 10.7759432 -11.8778655 8.5000000 0.44 0.48 0.52
v 10.7596736 -11.8505292 8.5000000 0.44 0.48 0.52
v 10.7445038 -11.8225677 8.5000000 0.44 0.48 0.52
v 10.7304575 -11.7940252 8.5000000 0.44 0.48 0.52
v 10.7175572 -11.7649468 8.5000000 0.44 0.48 0.52
v 10.7058231 -11.7353785 8.5000000 0.44 0.48 0.52
v 10.6952737 -11.7053671 8.5000000 0.44 0.48 0.52
v 10.6859259 -11.6749601 8.5000000 0.44 0.48 0.52
v 10.6777944 -11.6442054 8.5000000 0.44 0.48 0.52
v 10.6708920 -11.6131518 8.5000000 0.44 0.48 0.52
v 10.6652296 -11.5818483 8.5000000 0.44 0.48 0.52
v 10.6608162 -11.5503444 8.5000000 0.44 0.48 0.52
v 10.6576588 -11.5186900 8.5000000 0.44 0.48 0.52
v 10.6557623 -11.4869351 8.5000000 0.44 0.48 0.52
v 10.6551299 -11.4551299 8.5000000 0.44 0.48 0.52
v 10.6557623 -11.4233246 8.5000000 0.44 0.48 0.52
v 10.6576588 -11.3915697 8.5000000 0.44 0.48 0.52
v 10.6608162 -11.3599153 8.5000000 0.44 0.48 0.52
v 10.6652296 -11.3284114 8.5000000 0.44 0.48 0.52
v 10.6708920 -11.2971079 8.5000000 0.44 0.48 0.52
v 10.6777944 -11.2660543 8.5000000 0.44 0.48 0.52
v 10.6859259 -11.2352996 8.5000000 0.44 0.48 0.52
v 10.6952737 -11.2048926 8.5000000 0.44 0.48 0.52
v 10.7058231 -11.1748812 8.5000000 0.44 0.48 0.52
v 10.7175572 -11.1453129 8.5000000 0.44 0.48 0.52
v 10.7304575 -11.1162345 8.5000000 0.44 0.48 0.52
v 10.7445038 -11.0876920 8.5000000 0.44 0.48 0.52
v 10.7596736 -11.0597305 8.5000000 0.44 0.48 0.52
v 10.7759432 -11.0323942 8.5000000 0.44 0.48 0.52
v 10.7932866 -11.0057263 8.5000000 0.44 0.48 0.52
v 10.8116766 -10.9797690 8.5000000 0.44 0.48 0.52
v 10.8310840 -10.9545634 8.5000000 0.44 0.48 0.52
v 10.8514782 -10.9301493 8.5000000 0.44 0.48 0.52
v 10.8728268 -10.9065652 8.5000000 0.44 0.48 0.52
v 10.8950962 -10.8838486 8.5000000 0.44 0.48 0.52
v 10.9182511 -10.8620352 8.5000000 0.44 0.48 0.52
v 10.9422549 -10.8411597 8.5000000 0.44 0.48 0.52
v 10.9670697 -10.8212550 8.5000000 0.44 0.48 0.52
v 10.9926563 -10.8023526 8.5000000 0.44 0.48 0.52
v 11.0189740 -10.7844823 8.5000000 0.44 0.48 0.52
v 11.0459815 -10.7676725 8.5000000 0.44 0.48 0.52
v 11.0736359 -10.7519497 8.5000000 0.44 0.48 0.52
v 11.1018935 -10.7373388 8.5000000 0.44 0.48 0.52
v 11.1307096 -10.7238628 8.5000000 0.44 0.48 0.52
v 11.1600387 -10.7115431 8.5000000 0.44 0.48 0.52
v 11.1898344 -10.7003992 8.5000000 0.44 0.48 0.52
v 11.2200496 -10.6904487 8.5000000 0.44 0.48 0.52
v 11.2506365 -10.6817073 8.5000000 0.44 0.48 0.52
v 11.2815468 -10.6741888 8.5000000 0.44 0.48 0.52
v 11.3127315 -10.6679052 8.5000000 0.44 0.48 0.52
v 11.3441414 -10.6628663 8.5000000 0.44 0.48 0.52
v 11.3757268 -10.6590801 8.5000000 0.44 0.48 0.52
v 11.4074378 -10.6565527 8.5000000 0.44 0.48 0.52
v 11.4392241 -10.6552880 8.5000000 0.44 0.48 0.52
v 11.4710356 -10.6552880 8.5000000 0.44 0.48 0.52
v 11.5028220 -10.6565527 8.5000000 0.44 0.48 0.52
v 11.5345329 -10.6590801 8.5000000 0.44 0.48 0.52
v 11.5661183 -10.6628663 8.5000000 0.44 0.48 0.52
v 11.5975282 -10.6679052 8.5000000 0.44 0.48 0.52
v 11.6287129 -10.6741888 8.5000000 0.44 0.48 0.52
v 11.6596232 -10.6817073 8.5000000 0.44 0.48 0.52
v 11.6902101 -10.6904487 8.5000000 0.44 0.48 0.52
v 11.7204253 -10.7003992 8.5000000 0.44 0.48 0.52
v 11.7502210 -10.7115431 8.5000000 0.44 0.48 0.52
v 11.7795501 -10.7238628 8.5000000 0.44 0.48 0.52
v 11.8083663 -10.7373388 8.5000000 0.44 0.48 0.52
v 11.8366239 -10.7519497 8.5000000 0.44 0.48 0.52
v 11.8642782 -10.7676725 8.5000000 0.44 0.48 0.52
v 11.8912857 -10.7844823 8.5000000 0.44 0.48 0.52
v 11.9176035 -10.8023526 8.5000000 0.44 0.48 0.52
v 11.9431900 -10.8212550 8.5000000 0.44 0.48 0.52
v 11.9680048 -10.8411597 8.5000000 0.44 0.48 0.52
v 11.9920086 -10.8620352 8.5000000 0.44 0.48 0.52
v 12.0151635 -10.8838486 8.5000000 0.44 0.48 0.52
v 12.0374329 -10.9065652 8.5000000 0.44 0.48 0.52
v 12.0587816 -10.9301493 8.5000000 0.44 0.48 0.52
v 12.0791757 -10.9545634 8.5000000 0.44 0.48 0.52
v 12.0985831 -10.9797690 8.5000000 0.44 0.48 0.52
v 12.1169731 -11.0057263 8.5000000 0.44 0.48 0.52
v 12.1343165 -11.0323942 8.5000000 0.44 0.48 0.52
v 12.1505861 -11.0597305 8.5000000 0.44 0.48 0.52
v 12.1657559 -11.0876920 8.5000000 0.44 0.48 0.52
v 12.1798022 -11.1162345 8.5000000 0.44 0.48 0.52
v 12.1927025 -11.1453129 8.5000000 0.44 0.48 0.52
v 12.2044367 -11.1748812 8.5000000 0.44 0.48 0.52
v 12.2149860 -11.2048926 8.5000000 0.44 0.48 0.52
v 12.2243338 -11.2352996 8.5000000 0.44 0.48 0.52
v 12.2324653 -11.2660543 8.5000000 0.44 0.48 0.52
v 12.2393677 -11.2971079 8.5000000 0.44 0.48 0.52
v 12.2450301 -11.3284114 8.5000000 0.44 0.48 0.52
v 12.2494435 -11.3599153 8.5000000 0.44 0.48 0.52
v 12.2526009 -11.3915697 8.5000000 0.44 0.48 0.52
v 12.2544974 -11.4233246 8.5000000 0.44 0.48 0.52
v 12.2551299 -11.4551299 8.5000000 0.44 0.48 0.52
v 12.2551299 -11.4551299 11.5000000 0.44 0.48 0.52
v 12.2544974 -11.4869351 11.5000000 0.44 0.48 0.52
v 12.2526009 -11.5186900 11.5000000 0.44 0.48 0.52
v 12.2494435 -11.5503444 11.5000000 0.44 0.48 0.52
v 12.2450301 -11.5818483 11.5000000 0.44 0.48 0.52
v 12.2393677 -11.6131518 11.5000000 0.44 0.48 0.52
v 12.2324653 -11.6442054 11.5000000 0.44 0.48 0.52
v 12.2243338 -11.6749601 11.5000000 0.44 0.48 0.52
v 12.2149860 -11.7053671 11.5000000 0.44 0.48 0.52
v 12.2044367 -11.7353785 11.5000000 0.44 0.48 0.52
v 12.1927025 -11.7649468 11.5000000 0.44 0.48 0.52
v 12.1798022 -11.7940252 11.5000000 0.44 0.48 0.52
v 12.1657559 -11.8225677 11.5000000 0.44 0.48 0.52
v 12.1505861 -11.8505292 11.5000000 0.44 0.48 0.52
v 12.1343165 -11.8778655 11.5000000 0.44 0.48 0.52
v 12.1169731 -11.9045334 11.5000000 0.44 0.48 0.52
v 12.0985831 -11.9304907 11.5000000 0.44 0.48 0.52
v 12.0791757 -11.9556963 11.5000000 0.44 0.48 0.52
v 12.0587816 -11.9801105 11.5000000 0.44 0.48 0.52
v 12.0374329 -12.0036945 11.5000000 0.44 0.48 0.52
v 12.0151635 -12.0264111 11.5000000 0.44 0.48 0.52
v 11.9920086 -12.0482245 11.5000000 0.44 0.48 0.52
v 11.9680048 -12.0691000 11.5000000 0.44 0.48 0.52
v 11.9431900 -12.0890047 11.5000000 0.44 0.48 0.52
v 11.9176035 -12.1079071 11.5000000 0.44 0.48 0.52
v 11.8912857 -12.1257774 11.5000000 0.44 0.48 0.52
v 11.8642782 -12.1425872 11.5000000 0.44 0.48 0.52
v 11.8366239 -12.1583100 11.5000000 0.44 0.48 0.52
v 11.8083663 -12.1729209 11.5000000 0.44 0.48 0.52
v 11.7795501 -12.1863969 11.5000000 0.44 0.48 0.52
v 11.7502210 -12.1987166 11.5000000 0.44 0.48 0.52
v 11.7204253 -12.2098605 11.5000000 0.44 0.48 0.52
v 11.6902101 -12.2198110 11.5000000 0.44 0.48 0.52
v 11.6596232 -12.2285524 11.5000000 0.44 0.48 0.52
v 11.6287129 -12.2360709 11.5000000 0.44 0.48 0.52
v 11.5975282 -12.2423545 11.5000000 0.44 0.48 0.52
v 11.5661183 -12.2473934 11.5000000 0.44 0.48 0.52
v 11.5345329 -12.2511796 11.5000000 0.44 0.48 0.52
v 11.5028220 -12.2537070 11.5000000 0.44 0.48 0.52
v 11.4710356 -12.2549717 11.5000000 0.44 0.48 0.52
v 11.4392241 -12.2549717 11.5000000 0.44 0.48 0.52
v 11.4074378 -12.2537070 11.5000000 0.44 0.48 0.52
v 11.3757268 -12.2511796 11.5000000 0.44 0.48 0.52
v 11.3441414 -12.2473934 11.5000000 0.44 0.48 0.52
v 11.3127315 -12.2423545 11.5000000 0.44 0.48 0.52
v 11.2815468 -12.2360709 11.5000000 0.44 0.48 0.52
v 11.2506365 -12.2285524 11.5000000 0.44 0.48 0.52
v 11.2200496 -12.2198110 11.5000000 0.44 0.48 0.52
v 11.1898344 -12.2098605 11.5000000 0.44 0.48 0.52
v 11.1600387 -12.1987166 11.5000000 0.44 0.48 0.52
v 11.1307096 -12.1863969 11.5000000 0.44 0.48 0.52
v 11.1018935 -12.1729209 11.5000000 0.44 0.48 0.52
v 11.0736359 -12.1583100 11.5000000 0.44 0.48 0.52
v 11.0459815 -12.1425872 11.5000000 0.44 0.48 0.52
v 11.0189740 -12.1257774 11.5000000 0.44 0.48 0.52
v 10.9926563 -12.1079071 11.5000000 0.44 0.48 0.52
v 10.9670697 -12.0890047 11.5000000 0.44 0.48 0.52
v 10.9422549 -12.0691000 11.5000000 0.44 0.48 0.52
v 10.9182511 -12.0482245 11.5000000 0.44 0.48 0.52
v 10.8950962 -12.0264111 11.5000000 0.44 0.48 0.52
v 10.8728268 -12.0036945 11.5000000 0.44 0.48 0.52
v 10.8514782 -11.9801105 11.5000000 0.44 0.48 0.52
v 10.8310840 -11.9556963 11.5000000 0.44 0.48 0.52
v 10.8116766 -11.9304907 11.5000000 0.44 0.48 0.52
v 10.7932866 -11.9045334 11.5000000 0.44 0.48 0.52
v 10.7759432 -11.8778655 11.5000000 0.44 0.48 0.52
v 10.7596736 -11.8505292 11.5000000 0.44 0.48 0.52
v 10.7445038 -11.8225677 11.5000000 0.44 0.48 0.52
v 10.7304575 -11.7940252 11.5000000 0.44 0.48 0.52
v 10.7175572 -11.7649468 11.5000000 0.44 0.48 0.52
v 10.7058231 -11.7353785 11.5000000 0.44 0.48 0.52
v 10.6952737 -11.7053671 11.5000000 0.44 0.48 0.52
v 10.6859259 -11.6749601 11.5000000 0.44 0.48 0.52
v 10.6777944 -11.6442054 11.5000000 0.44 0.48 0.52
v 10.6708920 -11.6131518 11.5000000 0.44 0.48 0.52
v 10.6652296 -11.5818483 11.5000000 0.44 0.48 0.52
v 10.6608162 -11.5503444 11.5000000 0.44 0.48 0.52
v 10.6576588 -11.5186900 11.5000000 0.44 0.48 0.52
v 10.6557623 -11.4869351 11.5000000 0.44 0.48 0.52
v 10.6551299 -11.4551299 11.5000000 0.44 0.48 0.52
v 10.6557623 -11.4233246 11.5000000 0.44 0.48 0.52
v 10.6576588 -11.3915697 11.5000000 0.44 0.48 0.52
v 10.6608162 -11.3599153 11.5000000 0.44 0.48 0.52
v 10.6652296 -11.3284114 11.5000000 0.44 0.48 0.52
v 10.6708920 -11.2971079 11.5000000 0.44 0.48 0.52
v 10.6777944 -11.2660543 11.5000000 0.44 0.48 0.52
v 10.6859259 -11.2352996 11.5000000 0.44 0.48 0.52
v 10.6952737 -11.2048926 11.5000000 0.44 0.48 0.52
v 10.7058231 -11.1748812 11.5000000 0.44 0.48 0.52
v 10.7175572 -11.1453129 11.5000000 0.44 0.48 0.52
v 10.7304575 -11.1162345 11.5000000 0.44 0.48 0.52
v 10.7445038 -11.0876920 11.5000000 0.44 0.48 0.52
v 10.7596736 -11.0597305 11.5000000 0.44 0.48 0.52
v 10.7759432 -11.0323942 11.5000000 0.44 0.48 0.52
v 10.7932866 -11.0057263 11.5000000 0.44 0.48 0.52
v 10.8116766 -10.9797690 11.5000000 0.44 0.48 0.52
v 10.8310840 -10.9545634 11.5000000 0.44 0.48 0.52
v 10.8514782 -10.9301493 11.5000000 0.44 0.48 0.52
v 10.8728268 -10.9065652 11.5000000 0.44 0.48 0.52
v 10.8950962 -10.8838486 11.5000000 0.44 0.48 0.52
v 10.9182511 -10.8620352 11.5000000 0.44 0.48 0.52
v 10.9422549 -10.8411597 11.5000000 0.44 0.48 0.52
v 10.9670697 -10.8212550 11.5000000 0.44 0.48 0.52
v 10.9926563 -10.8023526 11.5000000 0.44 0.48 0.52
v 11.0189740 -10.7844823 11.5000000 0.44 0.48 0.52
v 11.0459815 -10.7676725 11.5000000 0.44 0.48 0.52
v 11.0736359 -10.7519497 11.5000000 0.44 0.48 0.52
v 11.1018935 -10.7373388 11.5000000 0.44 0.48 0.52
v 11.1307096 -10.7238628 11.5000000 0.44 0.48 0.52
v 11.1600387 -10.7115431 11.5000000 0.44 0.48 0.52
v 11.1898344 -10.7003992 11.5000000 0.44 0.48 0.52
v 11.2200496 -10.6904487 11.5000000 0.44 0.48 0.52
v 11.2506365 -10.6817073 11.5000000 0.44 0.48 0.52
v 11.2815468 -10.6741888 11.5000000 0.44 0.48 0.52
v 11.3127315 -10.6679052 11.5000000 0.44 0.48 0.52
v 11.3441414 -10.6628663 11.5000000 0.44 0.48 0.52
v 11.3757268 -10.6590801 11.5000000 0.44 0.48 0.52
v 11.4074378 -10.6565527 11.5000000 0.44 0.48 0.52
v 11.4392241 -10.6552880 11.5000000 0.44 0.48 0.52
v 11.4710356 -10.6552880 11.5000000 0.44 0.48 0.52
v 11.5028220 -10.6565527 11.5000000 0.44 0.48 0.52
v 11.5345329 -10.6590801 11.5000000 0.44 0.48 0.52
v 11.5661183 -10.6628663 11.5000000 0.44 0.48 0.52
v 11.5975282 -10.6679052 11.5000000 0.44 0.48 0.52
v 11.6287129 -10.6741888 11.5000000 0.44 0.48 0.52
v 11.6596232 -10.6817073 11.5000000 0.44 0.48 0.52
v 11.6902101 -10.6904487 11.5000000 0.44 0.48 0.52
v 11.7204253 -10.7003992 11.5000000 0.44 0.48 0.52
v 11.7502210 -10.7115431 11.5000000 0.44 0.48 0.52
v 11.7795501 -10.7238628 11.5000000 0.44 0.48 0.52
v 11.8083663 -10.7373388 11.5000000 0.44 0.48 0.52
v 11.8366239 -10.7519497 11.5000000 0.44 0.48 0.52
v 11.8642782 -10.7676725 11.5000000 0.44 0.48 0.52
v 11.8912857 -10.7844823 11.5000000 0.44 0.48 0.52
v 11.9176035 -10.8023526 11.5000000 0.44 0.48 0.52
v 11.9431900 -10.8212550 11.5000000 0.44 0.48 0.52
v 11.9680048 -10.8411597 11.5000000 0.44 0.48 0.52
v 11.9920086 -10.8620352 11.5000000 0.44 0.48 0.52
v 12.0151635 -10.8838486 11.5000000 0.44 0.48 0.52
v 12.0374329 -10.9065652 11.5000000 0.44 0.48 0.52
v 12.0587816 -10.9301493 11.5000000 0.44 0.48 0.52
v 12.0791757 -10.9545634 11.5000000 0.44 0.48 0.52
v 12.0985831 -10.9797690 11.5000000 0.44 0.48 0.52
v 12.1169731 -11.0057263 11.5000000 0.44 0.48 0.52
v 12.1343165 -11.0323942 11.5000000 0.44 0.48 0.52
v 12.1505861 -11.0597305 11.5000000 0.44 0.48 0.52
v 12.1657559 -11.0876920 11.5000000 0.44 0.48 0.52
v 12.1798022 -11.1162345 11.5000000 0.44 0.48 0.52
v 12.1927025 -11.1453129 11.5000000 0.44 0.48 0.52
v 12.2044367 -11.1748812 11.5000000 0.44 0.48 0.52
v 12.2149860 -11.2048926 11.5000000 0.44 0.48 0.52
v 12.2243338 -11.2352996 11.5000000 0.44 0.48 0.52
v 12.2324653 -11.2660543 11.5000000 0.44 0.48 0.52
v 12.2393677 -11.2971079 11.5000000 0.44 0.48 0.52
v 12.2450301 -11.3284114 11.5000000 0.44 0.48 0.52
v 12.2494435 -11.3599153 11.5000000 0.44 0.48 0.52
v 12.2526009 -11.3915697 11.5000000 0.44 0.48 0.52
v 12.2544974 -11.4233246 11.5000000 0.44 0.48 0.52
v 12.8551299 -11.4551299 12.1000000 0.44 0.48 0.52
v 12.8540230 -11.5107890 12.1000000 0.44 0.48 0.52
v 12.8507042 -11.5663601 12.1000000 0.44 0.48 0.52
v 12.8451788 -11.6217553 12.1000000 0.44 0.48 0.52
v 12.8374553 -11.6768871 12.1000000 0.44 0.48 0.52
v 12.8275462 -11.7316682 12.1000000 0.44 0.48 0.52
v 12.8154669 -11.7860121 12.1000000 0.44 0.48 0.52
v 12.8012367 -11.8398327 12.1000000 0.44 0.48 0.52
v 12.7848780 -11.8930451 12.1000000 0.44 0.48 0.52
v 12.7664168 -11.9455650 12.1000000 0.44 0.48 0.52
v 12.7458821 -11.9973095 12.1000000 0.44 0.48 0.52
v 12.7233064 -12.0481967 12.1000000 0.44 0.48 0.52
v 12.6987255 -12.0981461 12.1000000 0.44 0.48 0.52
v 12.6721782 -12.1470787 12.1000000 0.44 0.48 0.52
v 12.6437066 -12.1949173 12.1000000 0.44 0.48 0.52
v 12.6133555 -12.2415861 12.1000000 0.44 0.48 0.52
v 12.5811730 -12.2870113 12.1000000 0.44 0.48 0.52
v 12.5472101 -12.3311212 12.1000000 0.44 0.48 0.52
v 12.5115203 -12.3738459 12.1000000 0.44 0.48 0.52
v 12.4741602 -12.4151180 12.1000000 0.44 0.48 0.52
v 12.4351888 -12.4548721 12.1000000 0.44 0.48 0.52
v 12.3946677 -12.4930454 12.1000000 0.44 0.48 0.52
v 12.3526609 -12.5295776 12.1000000 0.44 0.48 0.52
v 12.3092351 -12.5644108 12.1000000 0.44 0.48 0.52
v 12.2644587 -12.5974901 12.1000000 0.44 0.48 0.52
v 12.2184025 -12.6287630 12.1000000 0.44 0.48 0.52
v 12.1711395 -12.6581802 12.1000000 0.44 0.48 0.52
v 12.1227444 -12.6856951 12.1000000 0.44 0.48 0.52
v 12.0732936 -12.7112643 12.1000000 0.44 0.48 0.52
v 12.0228653 -12.7348472 12.1000000 0.44 0.48 0.52
v 11.9715393 -12.7564066 12.1000000 0.44 0.48 0.52
v 11.9193968 -12.7759085 12.1000000 0.44 0.48 0.52
v 11.8665202 -12.7933219 12.1000000 0.44 0.48 0.52
v 11.8129931 -12.8086194 12.1000000 0.44 0.48 0.52
v 11.7589002 -12.8217767 12.1000000 0.44 0.48 0.52
v 11.7043269 -12.8327731 12.1000000 0.44 0.48 0.52
v 11.6493596 -12.8415911 12.1000000 0.44 0.48 0.52
v 11.5940852 -12.8482169 12.1000000 0.44 0.48 0.52
v 11.5385910 -12.8526399 12.1000000 0.44 0.48 0.52
v 11.4829649 -12.8548531 12.1000000 0.44 0.48 0.52
v 11.4272948 -12.8548531 12.1000000 0.44 0.48 0.52
v 11.3716687 -12.8526399 12.1000000 0.44 0.48 0.52
v 11.3161745 -12.8482169 12.1000000 0.44 0.48 0.52
v 11.2609001 -12.8415911 12.1000000 0.44 0.48 0.52
v 11.2059328 -12.8327731 12.1000000 0.44 0.48 0.52
v 11.1513595 -12.8217767 12.1000000 0.44 0.48 0.52
v 11.0972666 -12.8086194 12.1000000 0.44 0.48 0.52
v 11.0437395 -12.7933219 12.1000000 0.44 0.48 0.52
v 10.9908629 -12.7759085 12.1000000 0.44 0.48 0.52
v 10.9387204 -12.7564066 12.1000000 0.44 0.48 0.52
v 10.8873944 -12.7348472 12.1000000 0.44 0.48 0.52
v 10.8369662 -12.7112643 12.1000000 0.44 0.48 0.52
v 10.7875154 -12.6856951 12.1000000 0.44 0.48 0.52
v 10.7391202 -12.6581802 12.1000000 0.44 0.48 0.52
v 10.6918572 -12.6287630 12.1000000 0.44 0.48 0.52
v 10.6458011 -12.5974901 12.1000000 0.44 0.48 0.52
v 10.6010247 -12.5644108 12.1000000 0.44 0.48 0.52
v 10.5575988 -12.5295776 12.1000000 0.44 0.48 0.52
v 10.5155921 -12.4930454 12.1000000 0.44 0.48 0.52
v 10.4750710 -12.4548721 12.1000000 0.44 0.48 0.52
v 10.4360995 -12.4151180 12.1000000 0.44 0.48 0.52
v 10.3987394 -12.3738459 12.1000000 0.44 0.48 0.52
v 10.3630496 -12.3311212 12.1000000 0.44 0.48 0.52
v 10.3290867 -12.2870113 12.1000000 0.44 0.48 0.52
v 10.2969042 -12.2415861 12.1000000 0.44 0.48 0.52
v 10.2665531 -12.1949173 12.1000000 0.44 0.48 0.52
v 10.2380815 -12.1470787 12.1000000 0.44 0.48 0.52
v 10.2115342 -12.0981461 12.1000000 0.44 0.48 0.52
v 10.1869533 -12.0481967 12.1000000 0.44 0.48 0.52
v 10.1643777 -11.9973095 12.1000000 0.44 0.48 0.52
v 10.1438430 -11.9455650 12.1000000 0.44 0.48 0.52
v 10.1253817 -11.8930451 12.1000000 0.44 0.48 0.52
v 10.1090230 -11.8398327 12.1000000 0.44 0.48 0.52
v 10.0947928 -11.7860121 12.1000000 0.44 0.48 0.52
v 10.0827135 -11.7316682 12.1000000 0.44 0.48 0.52
v 10.0728044 -11.6768871 12.1000000 0.44 0.48 0.52
v 10.0650810 -11.6217553 12.1000000 0.44 0.48 0.52
v 10.0595555 -11.5663601 12.1000000 0.44 0.48 0.52
v 10.0562367 -11.5107890 12.1000000 0.44 0.48 0.52
v 10.0551299 -11.4551299 12.1000000 0.44 0.48 0.52
v 10.0562367 -11.3994707 12.1000000 0.44 0.48 0.52
v 10.0595555 -11.3438996 12.1000000 0.44 0.48 0.52
v 10.0650810 -11.2885044 12.1000000 0.44 0.48 0.52
v 10.0728044 -11.2333726 12.1000000 0.44 0.48 0.52
v 10.0827135 -11.1785915 12.1000000 0.44 0.48 0.52
v 10.0947928 -11.1242476 12.1000000 0.44 0.48 0.52
v 10.1090230 -11.0704270 12.1000000 0.44 0.48 0.52
v 10.1253817 -11.0172146 12.1000000 0.44 0.48 0.52
v 10.1438430 -10.9646947 12.1000000 0.44 0.48 0.52
v 10.1643777 -10.9129502 12.1000000 0.44 0.48 0.52
v 10.1869533 -10.8620631 12.1000000 0.44 0.48 0.52
v 10.2115342 -10.8121137 12.1000000 0.44 0.48 0.52
v 10.2380815 -10.7631810 12.1000000 0.44 0.48 0.52
v 10.2665531 -10.7153424 12.1000000 0.44 0.48 0.52
v 10.2969042 -10.6686737 12.1000000 0.44 0.48 0.52
v 10.3290867 -10.6232484 12.1000000 0.44 0.48 0.52
v 10.3630496 -10.5791385 12.1000000 0.44 0.48 0.52
v 10.3987394 -10.5364138 12.1000000 0.44 0.48 0.52
v 10.4360995 -10.4951417 12.1000000 0.44 0.48 0.52
v 10.4750710 -10.4553876 12.1000000 0.44 0.48 0.52
v 10.5155921 -10.4172143 12.1000000 0.44 0.48 0.52
v 10.5575988 -10.3806821 12.1000000 0.44 0.48 0.52
v 10.6010247 -10.3458489 12.1000000 0.44 0.48 0.52
v 10.6458011 -10.3127696 12.1000000 0.44 0.48 0.52
v 10.6918572 -10.2814967 12.1000000 0.44 0.48 0.52
v 10.7391202 -10.2520795 12.1000000 0.44 0.48 0.52
v 10.7875154 -10.2245646 12.1000000 0.44 0.48 0.52
v 10.8369662 -10.1989955 12.1000000 0.44 0.48 0.52
v 10.8873944 -10.1754125 12.1000000 0.44 0.48 0.52
v 10.9387204 -10.1538531 12.1000000 0.44 0.48 0.52
v 10.9908629 -10.1343512 12.1000000 0.44 0.48 0.52
v 11.0437395 -10.1169378 12.1000000 0.44 0.48 0.52
v 11.0972666 -10.1016403 12.1000000 0.44 0.48 0.52
v 11.1513595 -10.0884830 12.1000000 0.44 0.48 0.52
v 11.2059328 -10.0774866 12.1000000 0.44 0.48 0.52
v 11.2609001 -10.0686686 12.1000000 0.44 0.48 0.52
v 11.3161745 -10.0620428 12.1000000 0.44 0.48 0.52
v 11.3716687 -10.0576198 12.1000000 0.44 0.48 0.52
v 11.4272948 -10.0554066 12.1000000 0.44 0.48 0.52
v 11.4829649 -10.0554066 12.1000000 0.44 0.48 0.52
v 11.5385910 -10.0576198 12.1000000 0.44 0.48 0.52
v 11.5940852 -10.0620428 12.1000000 0.44 0.48 0.52
v 11.6493596 -10.0686686 12.1000000 0.44 0.48 0.52
v 11.7043269 -10.0774866 12.1000000 0.44 0.48 0.52
v 11.7589002 -10.0884830 12.1000000 0.44 0.48 0.52
v 11.8129931 -10.1016403 12.1000000 0.44 0.48 0.52
v 11.8665202 -10.1169378 12.1000000 0.44 0.48 0.52
v 11.9193968 -10.1343512 12.1000000 0.44 0.48 0.52
v 11.9715393 -10.1538531 12.1000000 0.44 0.48 0.52
v 12.0228653 -10.1754125 12.1000000 0.44 0.48 0.52
v 12.0732936 -10.1989955 12.1000000 0.44 0.48 0.52
v 12.1227444 -10.2245646 12.1000000 0.44 0.48 0.52
v 12.1711395 -10.2520795 12.1000000 0.44 0.48 0.52
v 12.2184025 -10.2814967 12.1000000 0.44 0.48 0.52
v 12.2644587 -10.3127696 12.1000000 0.44 0.48 0.52
v 12.3092351 -10.3458489 12.1000000 0.44 0.48 0.52
v 12.3526609 -10.3806821 12.1000000 0.44 0.48 0.52
v 12.3946677 -10.4172143 12.1000000 0.44 0.48 0.52
v 12.4351888 -10.4553876 12.1000000 0.44 0.48 0.52
v 12.4741602 -10.4951417 12.1000000 0.44 0.48 0.52
v 12.5115203 -10.5364138 12.1000000 0.44 0.48 0.52
v 12.5472101 -10.5791385 12.1000000 0.44 0.48 0.52
v 12.5811730 -10.6232484 12.1000000 0.44 0.48 0.52
v 12.6133555 -10.6686737 12.1000000 0.44 0.48 0.52
v 12.6437066 -10.7153424 12.1000000 0.44 0.48 0.52
v 12.6721782 -10.7631810 12.1000000 0.44 0.48 0.52
v 12.6987255 -10.8121137 12.1000000 0.44 0.48 0.52
v 12.7233064 -10.8620631 12.1000000 0.44 0.48 0.52
v 12.7458821 -10.9129502 12.1000000 0.44 0.48 0.52
v 12.7664168 -10.9646947 12.1000000 0.44 0.48 0.52
v 12.7848780 -11.0172146 12.1000000 0.44 0.48 0.52
v 12.8012367 -11.0704270 12.1000000 0.44 0.48 0.52
v 12.8154669 -11.1242476 12.1000000 0.44 0.48 0.52
v 12.8275462 -11.1785915 12.1000000 0.44 0.48 0.52
v 12.8374553 -11.2333726 12.1000000 0.44 0.48 0.52
v 12.8451788 -11.2885044 12.1000000 0.44 0.48 0.52
v 12.8507042 -11.3438996 12.1000000 0.44 0.48 0.52
v 12.8540230 -11.3994707 12.1000000 0.44 0.48 0.52
v 12.2551299 -11.4551299 8.5000000 0.44 0.48 0.52
v 12.2544974 -11.4869351 8.5000000 0.44 0.48 0.52
v 12.2526009 -11.5186900 8.5000000 0.44 0.48 0.52
v 12.2494435 -11.5503444 8.5000000 0.44 0.48 0.52
v 12.2450301 -11.5818483 8.5000000 0.44 0.48 0.52
v 12.2393677 -11.6131518 8.5000000 0.44 0.48 0.52
v 12.2324653 -11.6442054 8.5000000 0.44 0.48 0.52
v 12.2243338 -11.6749601 8.5000000 0.44 0.48 0.52
v 12.2149860 -11.7053671 8.5000000 0.44 0.48 0.52
v 12.2044367 -11.7353785 8.5000000 0.44 0.48 0.52
v 12.1927025 -11.7649468 8.5000000 0.44 0.48 0.52
v 12.1798022 -11.7940252 8.5000000 0.44 0.48 0.52
v 12.1657559 -11.8225677 8.5000000 0.44 0.48 0.52
v 12.1505861 -11.8505292 8.5000000 0.44 0.48 0.52
v 12.1343165 -11.8778655 8.5000000 0.44 0.48 0.52
v 12.1169731 -11.9045334 8.5000000 0.44 0.48 0.52
v 12.0985831 -11.9304907 8.5000000 0.44 0.48 0.52
v 12.0791757 -11.9556963 8.5000000 0.44 0.48 0.52
v 12.0587816 -11.9801105 8.5000000 0.44 0.48 0.52
v 12.0374329 -12.0036945 8.5000000 0.44 0.48 0.52
v 12.0151635 -12.0264111 8.5000000 0.44 0.48 0.52
v 11.9920086 -12.0482245 8.5000000 0.44 0.48 0.52
v 11.9680048 -12.0691000 8.5000000 0.44 0.48 0.52
v 11.9431900 -12.0890047 8.5000000 0.44 0.48 0.52
v 11.9176035 -12.1079071 8.5000000 0.44 0.48 0.52
v 11.8912857 -12.1257774 8.5000000 0.44 0.48 0.52
v 11.8642782 -12.1425872 8.5000000 0.44 0.48 0.52
v 11.8366239 -12.1583100 8.5000000 0.44 0.48 0.52
v 11.8083663 -12.1729209 8.5000000 0.44 0.48 0.52
v 11.7795501 -12.1863969 8.5000000 0.44 0.48 0.52
v 11.7502210 -12.1987166 8.5000000 0.44 0.48 0.52
v 11.7204253 -12.2098605 8.5000000 0.44 0.48 0.52
v 11.6902101 -12.2198110 8.5000000 0.44 0.48 0.52
v 11.6596232 -12.2285524 8.5000000 0.44 0.48 0.52
v 11.6287129 -12.2360709 8.5000000 0.44 0.48 0.52
v 11.5975282 -12.2423545 8.5000000 0.44 0.48 0.52
v 11.5661183 -12.2473934 8.5000000 0.44 0.48 0.52
v 11.5345329 -12.2511796 8.5000000 0.44 0.48 0.52
v 11.5028220 -12.2537070 8.5000000 0.44 0.48 0.52
v 11.4710356 -12.2549717 8.5000000 0.44 0.48 0.52
v 11.4392241 -12.2549717 8.5000000 0.44 0.48 0.52
v 11.4074378 -12.2537070 8.5000000 0.44 0.48 0.52
v 11.3757268 -12.2511796 8.5000000 0.44 0.48 0.52
v 11.3441414 -12.2473934 8.5000000 0.44 0.48 0.52
v 11.3127315 -12.2423545 8.5000000 0.44 0.48 0.52
v 11.2815468 -12.2360709 8.5000000 0.44 0.48 0.52
v 11.2506365 -12.2285524 8.5000000 0.44 0.48 0.52
v 11.2200496 -12.2198110 8.5000000 0.44 0.48 0.52
v 11.1898344 -12.2098605 8.5000000 0.44 0.48 0.52
v 11.1600387 -12.1987166 8.5000000 0.44 0.48 0.52
v 11.1307096 -12.1863969 8.5000000 0.44 0.48 0.52
v 11.1018935 -12.1729209 8.5000000 0.44 0.48 0.52
v 11.0736359 -12.1583100 8.5000000 0.44 0.48 0.52
v 11.0459815 -12.1425872 8.5000000 0.44 0.48 0.52
v 11.0189740 -12.1257774 8.5000000 0.44 0.48 0.52
v 10.9926563 -12.1079071 8.5000000 0.44 0.48 0.52
v 10.9670697 -12.0890047 8.5000000 0.44 0.48 0.52
v 10.9422549 -12.0691000 8.5000000 0.44 0.48 0.52
v 10.9182511 -12.0482245 8.5000000 0.44 0.48 0.52
v 10.8950962 -12.0264111 8.5000000 0.44 0.48 0.52
v 10.8728268 -12.0036945 8.5000000 0.44 0.48 0.52
v 10.8514782 -11.9801105 8.5000000 0.44 0.48 0.52
v 10.8310840 -11.9556963 8.5000000 0.44 0.48 0.52
v 10.8116766 -11.9304907 8.5000000 0.44 0.48 0.52
v 10.7932866 -11.9045334 8.5000000 0.44 0.48 0.52
v 10.7759432 -11.8778655 8.5000000 0.44 0.48 0.52
v 10.7596736 -11.8505292 8.5000000 0.44 0.48 0.52
v 10.7445038 -11.8225677 8.5000000 0.44 0.48 0.52
v 10.7304575 -11.7940252 8.5000000 0.44 0.48 0.52
v 10.7175572 -11.7649468 8.5000000 0.44 0.48 0.52
v 10.7058231 -11.7353785 8.5000000 0.44 0.48 0.52
v 10.6952737 -11.7053671 8.5000000 0.44 0.48 0.52
v 10.6859259 -11.6749601 8.5000000 0.44 0.48 0.52
v 10.6777944 -11.6442054 8.5000000 0.44 0.48 0.52
v 10.6708920 -11.6131518 8.5000000 0.44 0.48 0.52
v 10.6652296 -11.5818483 8.5000000 0.44 0.48 0.52
v 10.6608162 -11.5503444 8.5000000 0.44 0.48 0.52
v 10.6576588 -11.5186900 8.5000000 0.44 0.48 0.52
v 10.6557623 -11.4869351 8.5000000 0.44 0.48 0.52
v 10.6551299 -11.4551299 8.5000000 0.44 0.48 0.52
v 10.6557623 -11.4233246 8.5000000 0.44 0.48 0.52
v 10.6576588 -11.3915697 8.5000000 0.44 0.48 0.52
v 10.6608162 -11.3599153 8.5000000 0.44 0.48 0.52
v 10.6652296 -11.3284114 8.5000000 0.44 0.48 0.52
v 10.6708920 -11.2971079 8.5000000 0.44 0.48 0.52
v 10.6777944 -11.2660543 8.5000000 0.44 0.48 0.52
v 10.6859259 -11.2352996 8.5000000 0.44 0.48 0.52
v 10.6952737 -11.2048926 8.5000000 0.44 0.48 0.52
v 10.7058231 -11.1748812 8.5000000 0.44 0.48 0.52
v 10.7175572 -11.1453129 8.5000000 0.44 0.48 0.52
v 10.7304575 -11.1162345 8.5000000 0.44 0.48 0.52
v 10.7445038 -11.0876920 8.5000000 0.44 0.48 0.52
v 10.7596736 -11.0597305 8.5000000 0.44 0.48 0.52
v 10.7759432 -11.0323942 8.5000000 0.44 0.48 0.52
v 10.7932866 -11.0057263 8.5000000 0.44 0.48 0.52
v 10.8116766 -10.9797690 8.5000000 0.44 0.48 0.52
v 10.8310840 -10.9545634 8.5000000 0.44 0.48 0.52
v 10.8514782 -10.9301493 8.5000000 0.44 0.48 0.52
v 10.8728268 -10.9065652 8.5000000 0.44 0.48 0.52
v 10.8950962 -10.8838486 8.5000000 0.44 0.48 0.52
v 10.9182511 -10.8620352 8.5000000 0.44 0.48 0.52
v 10.9422549 -10.8411597 8.5000000 0.44 0.48 0.52
v 10.9670697 -10.8212550 8.5000000 0.44 0.48 0.52
v 10.9926563 -10.8023526 8.5000000 0.44 0.48 0.52
v 11.0189740 -10.7844823 8.5000000 0.44 0.48 0.52
v 11.0459815 -10.7676725 8.5000000 0.44 0.48 0.52
v 11.0736359 -10.7519497 8.5000000 0.44 0.48 0.52
v 11.1018935 -10.7373388 8.5000000 0.44 0.48 0.52
v 11.1307096 -10.7238628 8.5000000 0.44 0.48 0.52
v 11.1600387 -10.7115431 8.5000000 0.44 0.48 0.52
v 11.1898344 -10.7003992 8.5000000 0.44 0.48 0.52
v 11.2200496 -10.6904487 8.5000000 0.44 0.48 0.52
v 11.2506365 -10.6817073 8.5000000 0.44 0.48 0.52
v 11.2815468 -10.6741888 8.5000000 0.44 0.48 0.52
v 11.3127315 -10.6679052 8.5000000 0.44 0.48 0.52
v 11.3441414 -10.6628663 8.5000000 0.44 0.48 0.52
v 11.3757268 -10.6590801 8.5000000 0.44 0.48 0.52
v 11.4074378 -10.6565527 8.5000000 0.44 0.48 0.52
v 11.4392241 -10.6552880 8.5000000 0.44 0.48 0.52
v 11.4710356 -10.6552880 8.5000000 0.44 0.48 0.52
v 11.5028220 -10.6565527 8.5000000 0.44 0.48 0.52
v 11.5345329 -10.6590801 8.5000000 0.44 0.48 0.52
v 11.5661183 -10.6628663 8.5000000 0.44 0.48 0.52
v 11.5975282 -10.6679052 8.5000000 0.44 0.48 0.52
v 11.6287129 -10.6741888 8.5000000 0.44 0.48 0.52
v 11.6596232 -10.6817073 8.5000000 0.44 0.48 0.52
v 11.6902101 -10.6904487 8.5000000 0.44 0.48 0.52
v 11.7204253 -10.7003992 8.5000000 0.44 0.48 0.52
v 11.7502210 -10.7115431 8.5000000 0.44 0.48 0.52
v 11.7795501 -10.7238628 8.5000000 0.44 0.48 0.52
v 11.8083663 -10.7373388 8.5000000 0.44 0.48 0.52
v 11.8366239 -10.7519497 8.5000000 0.44 0.48 0.52
v 11.8642782 -10.7676725 8.5000000 0.44 0.48 0.52
v 11.8912857 -10.7844823 8.5000000 0.44 0.48 0.52
v 11.9176035 -10.8023526 8.5000000 0.44 0.48 0.52
v 11.9431900 -10.8212550 8.5000000 0.44 0.48 0.52
v 11.9680048 -10.8411597 8.5000000 0.44 0.48 0.52
v 11.9920086 -10.8620352 8.5000000 0.44 0.48 0.52
v 12.0151635 -10.8838486 8.5000000 0.44 0.48 0.52
v 12.0374329 -10.9065652 8.5000000 0.44 0.48 0.52
v 12.0587816 -10.9301493 8.5000000 0.44 0.48 0.52
v 12.0791757 -10.9545634 8.5000000 0.44 0.48 0.52
v 12.0985831 -10.9797690 8.5000000 0.44 0.48 0.52
v 12.1169731 -11.0057263 8.5000000 0.44 0.48 0.52
v 12.1343165 -11.0323942 8.5000000 0.44 0.48 0.52
v 12.1505861 -11.0597305 8.5000000 0.44 0.48 0.52
v 12.1657559 -11.0876920 8.5000000 0.44 0.48 0.52
v 12.1798022 -11.1162345 8.5000000 0.44 0.48 0.52
v 12.1927025 -11.1453129 8.5000000 0.44 0.48 0.52
v 12.2044367 -11.1748812 8.5000000 0.44 0.48 0.52
v 12.2149860 -11.2048926 8.5000000 0.44 0.48 0.52
v 12.2243338 -11.2352996 8.5000000 0.44 0.48 0.52
v 12.2324653 -11.2660543 8.5000000 0.44 0.48 0.52
v 12.2393677 -11.2971079 8.5000000 0.44 0.48 0.52
v 12.2450301 -11.3284114 8.5000000 0.44 0.48 0.52
v 12.2494435 -11.3599153 8.5000000 0.44 0.48 0.52
v 12.2526009 -11.3915697 8.5000000 0.44 0.48 0.52
v 12.2544974 -11.4233246 8.5000000 0.44 0.48 0.52
usemtl Flexure_Fasteners
s off
f 161 160 165
f 2 1 164
f 323 321 322
f 159 158 326
f 327 161 165
f 327 165 166
f 327 166 167
f 328 327 167
f 328 167 168
f 328 168 169
f 329 161 327
f 329 162 161
f 330 169 170
f 330 170 171
f 330 328 169
f 331 329 327
f 331 327 328
f 332 171 172
f 332 172 173
f 332 330 171
f 333 162 329
f 333 163 162
f 334 331 328
f 334 328 330
f 335 332 173
f 335 173 174
f 335 174 175
f 336 329 331
f 336 333 329
f 337 334 330
f 337 330 332
f 338 175 176
f 338 176 177
f 338 335 175
f 339 3 2
f 339 4 3
f 339 164 163
f 339 163 333
f 339 2 164
f 340 336 331
f 340 331 334
f 341 332 335
f 341 337 332
f 342 338 177
f 342 177 178
f 342 178 179
f 343 5 4
f 343 6 5
f 343 333 336
f 343 4 339
f 343 339 333
f 344 340 334
f 344 334 337
f 345 338 342
f 345 335 338
f 345 341 335
f 346 342 179
f 346 179 180
f 346 180 181
f 347 7 6
f 347 8 7
f 347 336 340
f 347 343 336
f 347 6 343
f 348 337 341
f 348 344 337
f 349 345 342
f 350 346 181
f 350 181 182
f 350 182 183
f 351 8 347
f 351 9 8
f 351 10 9
f 351 347 340
f 351 340 344
f 352 341 345
f 352 348 341
f 353 342 346
f 353 349 342
f 354 350 183
f 354 183 184
f 354 184 185
f 355 11 10
f 355 351 344
f 355 12 11
f 355 10 351
f 355 344 348
f 356 352 345
f 356 345 349
f 357 346 350
f 357 353 346
f 358 354 185
f 358 185 186
f 358 186 187
f 359 13 12
f 359 14 13
f 359 352 356
f 359 348 352
f 359 355 348
f 359 12 355
f 360 356 349
f 360 349 353
f 361 357 350
f 361 354 358
f 361 350 354
f 362 187 188
f 362 188 189
f 362 358 187
f 363 15 14
f 363 16 15
f 363 14 359
f 363 359 356
f 364 353 357
f 364 360 353
f 365 361 358
f 366 362 189
f 366 189 190
f 366 190 191
f 367 356 360
f 367 17 16
f 367 18 17
f 367 16 363
f 367 363 356
f 368 364 357
f 368 357 361
f 369 365 358
f 369 358 362
f 370 366 191
f 370 191 192
f 370 192 193
f 371 19 18
f 371 20 19
f 371 18 367
f 371 360 364
f 371 367 360
f 372 361 365
f 372 368 361
f 373 362 366
f 373 369 362
f 374 370 193
f 374 193 194
f 374 194 195
f 375 20 371
f 375 21 20
f 375 22 21
f 375 364 368
f 375 368 372
f 375 371 364
f 376 372 365
f 376 365 369
f 377 373 366
f 377 366 370
f 378 374 195
f 378 195 196
f 378 196 197
f 379 23 22
f 379 24 23
f 379 22 375
f 379 375 372
f 380 369 373
f 380 376 369
f 381 370 374
f 381 377 370
f 382 378 197
f 382 197 198
f 382 198 199
f 383 24 379
f 383 25 24
f 383 26 25
f 383 372 376
f 383 379 372
f 384 380 373
f 384 373 377
f 385 374 378
f 385 378 382
f 385 381 374
f 386 382 199
f 386 199 200
f 386 200 201
f 387 383 376
f 387 27 26
f 387 28 27
f 387 26 383
f 387 376 380
f 388 384 377
f 388 381 385
f 388 377 381
f 389 385 382
f 390 202 203
f 390 386 201
f 390 201 202
f 391 380 384
f 391 29 28
f 391 30 29
f 391 28 387
f 391 387 380
f 392 388 385
f 393 382 386
f 393 389 382
f 393 386 390
f 394 203 204
f 394 204 205
f 394 390 203
f 395 30 391
f 395 31 30
f 395 32 31
f 395 384 388
f 395 391 384
f 396 385 389
f 396 392 385
f 397 393 390
f 398 205 206
f 398 206 207
f 398 394 205
f 399 388 392
f 399 33 32
f 399 34 33
f 399 395 388
f 399 32 395
f 400 396 389
f 400 389 393
f 401 390 394
f 401 397 390
f 402 207 208
f 402 208 209
f 402 398 207
f 403 399 392
f 403 35 34
f 403 36 35
f 403 34 399
f 403 392 396
f 403 396 400
f 404 393 397
f 404 400 393
f 405 401 394
f 405 394 398
f 406 209 210
f 406 210 211
f 406 402 209
f 407 36 403
f 407 400 404
f 407 403 400
f 407 37 36
f 407 38 37
f 408 404 397
f 408 397 401
f 409 398 402
f 409 402 406
f 409 405 398
f 410 211 212
f 410 212 213
f 410 406 211
f 411 39 38
f 411 40 39
f 411 38 407
f 411 407 404
f 412 401 405
f 412 408 401
f 413 409 406
f 414 213 214
f 414 214 215
f 414 410 213
f 415 40 411
f 415 41 40
f 415 42 41
f 415 411 404
f 415 404 408
f 416 412 405
f 416 405 409
f 416 409 413
f 417 413 406
f 417 406 410
f 418 215 216
f 418 216 217
f 418 414 215
f 419 43 42
f 419 44 43
f 419 415 408
f 419 42 415
f 419 408 412
f 420 416 413
f 421 410 414
f 421 414 418
f 421 417 410
f 422 217 218
f 422 218 219
f 422 418 217
f 423 412 416
f 423 45 44
f 423 46 45
f 423 419 412
f 423 44 419
f 423 416 420
f 424 420 413
f 424 413 417
f 425 421 418
f 426 219 220
f 426 220 221
f 426 422 219
f 427 423 420
f 427 47 46
f 427 48 47
f 427 46 423
f 428 424 417
f 428 417 421
f 429 422 426
f 429 425 418
f 429 418 422
f 430 221 222
f 430 222 223
f 430 426 221
f 431 427 420
f 431 420 424
f 431 49 48
f 431 50 49
f 431 48 427
f 432 425 429
f 432 421 425
f 432 428 421
f 433 429 426
f 434 430 223
f 434 223 224
f 434 224 225
f 435 428 432
f 435 424 428
f 435 50 431
f 435 51 50
f 435 52 51
f 435 431 424
f 436 432 429
f 437 433 426
f 437 426 430
f 438 225 226
f 438 226 227
f 438 434 225
f 439 435 432
f 439 52 435
f 439 53 52
f 439 54 53
f 440 436 429
f 440 429 433
f 441 430 434
f 441 437 430
f 442 227 228
f 442 228 229
f 442 438 227
f 443 432 436
f 443 436 440
f 443 55 54
f 443 56 55
f 443 54 439
f 443 439 432
f 444 440 433
f 444 433 437
f 445 434 438
f 445 441 434
f 445 438 442
f 446 229 230
f 446 230 231
f 446 442 229
f 447 57 56
f 447 58 57
f 447 56 443
f 447 443 440
f 448 437 441
f 448 444 437
f 449 445 442
f 449 442 446
f 450 231 232
f 450 232 233
f 450 446 231
f 451 440 444
f 451 59 58
f 451 60 59
f 451 447 440
f 451 58 447
f 452 448 441
f 452 441 445
f 453 449 446
f 454 233 234
f 454 234 235
f 454 450 233
f 455 60 451
f 455 451 444
f 455 444 448
f 455 448 452
f 455 61 60
f 455 62 61
f 456 452 445
f 456 445 449
f 456 449 453
f 457 450 454
f 457 453 446
f 457 446 450
f 458 235 236
f 458 236 237
f 458 454 235
f 459 455 452
f 459 62 455
f 459 63 62
f 459 64 63
f 460 456 453
f 461 454 458
f 461 457 454
f 462 237 238
f 462 238 239
f 462 458 237
f 463 64 459
f 463 65 64
f 463 66 65
f 463 452 456
f 463 459 452
f 464 453 457
f 464 460 453
f 465 461 458
f 466 239 240
f 466 240 241
f 466 462 239
f 467 456 460
f 467 66 463
f 467 463 456
f 467 67 66
f 467 68 67
f 467 460 464
f 468 457 461
f 468 464 457
f 469 465 458
f 469 462 466
f 469 458 462
f 470 241 242
f 470 242 243
f 470 466 241
f 471 467 464
f 471 68 467
f 471 69 68
f 471 70 69
f 472 468 461
f 472 461 465
f 473 469 466
f 473 466 470
f 474 243 244
f 474 244 245
f 474 470 243
f 475 464 468
f 475 71 70
f 475 72 71
f 475 70 471
f 475 471 464
f 476 472 465
f 476 465 469
f 477 473 470
f 478 245 246
f 478 246 247
f 478 474 245
f 479 72 475
f 479 468 472
f 479 472 476
f 479 73 72
f 479 74 73
f 479 475 468
f 480 469 473
f 480 476 469
f 480 473 477
f 481 470 474
f 481 477 470
f 481 474 478
f 482 478 247
f 482 247 248
f 482 248 249
f 483 75 74
f 483 76 75
f 483 479 476
f 483 74 479
f 484 480 477
f 485 481 478
f 486 482 249
f 486 249 250
f 486 250 251
f 487 483 476
f 487 77 76
f 487 78 77
f 487 476 480
f 487 76 483
f 488 484 477
f 488 477 481
f 489 478 482
f 489 482 486
f 489 485 478
f 490 486 251
f 490 251 252
f 490 252 253
f 491 480 484
f 491 79 78
f 491 80 79
f 491 487 480
f 491 78 487
f 492 481 485
f 492 488 481
f 493 489 486
f 494 490 253
f 494 253 254
f 494 254 255
f 495 80 491
f 495 484 488
f 495 488 492
f 495 491 484
f 495 81 80
f 495 82 81
f 496 485 489
f 496 492 485
f 496 489 493
f 497 486 490
f 497 490 494
f 497 493 486
f 498 494 255
f 498 255 256
f 498 256 257
f 499 82 495
f 499 495 492
f 499 83 82
f 499 84 83
f 500 496 493
f 501 497 494
f 501 494 498
f 502 257 258
f 502 258 259
f 502 498 257
f 503 496 500
f 503 499 492
f 503 84 499
f 503 85 84
f 503 86 85
f 503 492 496
f 504 500 493
f 504 493 497
f 504 497 501
f 505 501 498
f 506 502 259
f 506 259 260
f 506 260 261
f 507 503 500
f 507 86 503
f 507 87 86
f 507 88 87
f 508 504 501
f 509 502 506
f 509 498 502
f 509 505 498
f 510 506 261
f 510 261 262
f 510 262 263
f 511 500 504
f 511 507 500
f 511 504 508
f 511 88 507
f 511 89 88
f 511 90 89
f 512 508 501
f 512 501 505
f 513 509 506
f 514 263 264
f 514 264 265
f 514 510 263
f 515 508 512
f 515 511 508
f 515 91 90
f 515 90 511
f 515 92 91
f 516 505 509
f 516 509 513
f 516 512 505
f 517 506 510
f 517 510 514
f 517 513 506
f 518 514 265
f 518 265 266
f 518 266 267
f 519 92 515
f 519 515 512
f 519 93 92
f 519 94 93
f 520 516 513
f 521 517 514
f 522 267 268
f 522 268 269
f 522 518 267
f 523 516 520
f 523 94 519
f 523 512 516
f 523 95 94
f 523 96 95
f 523 519 512
f 524 520 513
f 524 517 521
f 524 513 517
f 525 521 514
f 525 514 518
f 526 522 269
f 526 269 270
f 526 270 271
f 527 523 520
f 527 96 523
f 527 520 524
f 527 97 96
f 527 98 97
f 528 521 525
f 528 524 521
f 529 525 518
f 529 518 522
f 530 271 272
f 530 272 273
f 530 526 271
f 531 527 524
f 531 98 527
f 531 99 98
f 531 100 99
f 532 528 525
f 533 529 522
f 533 522 526
f 534 273 274
f 534 274 275
f 534 530 273
f 535 102 101
f 535 531 524
f 535 524 528
f 535 100 531
f 535 528 532
f 535 101 100
f 536 525 529
f 536 532 525
f 537 526 530
f 537 533 526
f 538 534 275
f 538 275 276
f 538 276 277
f 539 103 102
f 539 104 103
f 539 535 532
f 539 102 535
f 540 529 533
f 540 536 529
f 541 530 534
f 541 537 530
f 542 538 277
f 542 277 278
f 542 278 279
f 543 105 104
f 543 106 105
f 543 104 539
f 543 532 536
f 543 539 532
f 544 533 537
f 544 540 533
f 545 534 538
f 545 541 534
f 546 542 279
f 546 279 280
f 546 280 281
f 547 107 106
f 547 108 107
f 547 106 543
f 547 536 540
f 547 543 536
f 547 540 544
f 548 537 541
f 548 544 537
f 548 541 545
f 549 538 542
f 549 545 538
f 550 546 281
f 550 281 282
f 550 282 283
f 551 544 548
f 551 109 108
f 551 110 109
f 551 108 547
f 551 547 544
f 552 548 545
f 553 549 542
f 553 542 546
f 553 546 550
f 554 550 283
f 554 283 284
f 554 284 285
f 555 111 110
f 555 112 111
f 555 110 551
f 555 551 548
f 556 545 549
f 556 552 545
f 557 553 550
f 558 554 285
f 558 285 286
f 558 286 287
f 559 112 555
f 559 113 112
f 559 114 113
f 559 548 552
f 559 555 548
f 559 552 556
f 560 556 549
f 560 549 553
f 561 550 554
f 561 557 550
f 562 558 287
f 562 287 288
f 562 288 289
f 563 115 114
f 563 116 115
f 563 114 559
f 563 559 556
f 564 560 553
f 564 553 557
f 565 561 554
f 565 554 558
f 566 562 289
f 566 289 290
f 566 290 291
f 567 563 556
f 567 556 560
f 567 117 116
f 567 118 117
f 567 116 563
f 568 557 561
f 568 564 557
f 569 558 562
f 569 565 558
f 570 291 292
f 570 292 293
f 570 566 291
f 571 118 567
f 571 119 118
f 571 120 119
f 571 567 560
f 571 560 564
f 572 561 565
f 572 568 561
f 572 565 569
f 573 569 562
f 573 562 566
f 574 570 293
f 574 293 294
f 574 294 295
f 575 121 120
f 575 122 121
f 575 120 571
f 575 564 568
f 575 571 564
f 576 572 569
f 576 569 573
f 577 566 570
f 577 573 566
f 578 574 295
f 578 295 296
f 578 296 297
f 579 123 122
f 579 124 123
f 579 122 575
f 579 568 572
f 579 575 568
f 579 572 576
f 580 576 573
f 581 577 570
f 581 570 574
f 582 578 297
f 582 297 298
f 582 298 299
f 583 125 124
f 583 126 125
f 583 579 576
f 583 124 579
f 584 573 577
f 584 580 573
f 585 574 578
f 585 581 574
f 586 582 299
f 586 299 300
f 586 300 301
f 587 583 576
f 587 580 584
f 587 127 126
f 587 128 127
f 587 126 583
f 587 576 580
f 588 584 577
f 588 577 581
f 589 585 578
f 589 578 582
f 590 586 301
f 590 301 302
f 590 302 303
f 591 587 584
f 591 129 128
f 591 130 129
f 591 128 587
f 592 581 585
f 592 588 581
f 593 582 586
f 593 589 582
f 594 303 304
f 594 304 305
f 594 590 303
f 595 130 591
f 595 588 592
f 595 131 130
f 595 584 588
f 595 132 131
f 595 591 584
f 596 585 589
f 596 592 585
f 597 593 586
f 597 586 590
f 598 305 306
f 598 306 307
f 598 594 305
f 599 132 595
f 599 595 592
f 599 133 132
f 599 134 133
f 600 596 589
f 600 589 593
f 600 593 597
f 601 597 590
f 601 590 594
f 602 307 308
f 602 308 309
f 602 598 307
f 603 592 596
f 603 599 592
f 603 135 134
f 603 136 135
f 603 134 599
f 604 600 597
f 605 594 598
f 605 601 594
f 606 309 310
f 606 310 311
f 606 602 309
f 607 603 596
f 607 137 136
f 607 138 137
f 607 136 603
f 607 596 600
f 608 604 597
f 608 597 601
f 609 605 598
f 609 598 602
f 610 311 312
f 610 312 313
f 610 606 311
f 611 139 138
f 611 140 139
f 611 600 604
f 611 604 608
f 611 138 607
f 611 607 600
f 612 601 605
f 612 608 601
f 613 602 606
f 613 609 602
f 614 313 314
f 614 314 315
f 614 610 313
f 615 141 140
f 615 142 141
f 615 140 611
f 615 611 608
f 616 605 609
f 616 612 605
f 616 609 613
f 617 613 606
f 617 606 610
f 618 315 316
f 618 316 317
f 618 614 315
f 619 615 608
f 619 143 142
f 619 144 143
f 619 142 615
f 619 612 616
f 619 608 612
f 620 616 613
f 621 617 610
f 621 610 614
f 622 618 317
f 622 317 318
f 622 318 319
f 623 619 616
f 623 145 144
f 623 146 145
f 623 144 619
f 624 620 613
f 624 613 617
f 625 621 614
f 625 614 618
f 626 622 319
f 626 319 320
f 626 320 321
f 626 321 323
f 627 146 623
f 627 620 624
f 627 147 146
f 627 148 147
f 627 616 620
f 627 623 616
f 628 617 621
f 628 624 617
f 629 618 622
f 629 625 618
f 630 148 627
f 630 627 624
f 630 149 148
f 630 150 149
f 631 621 625
f 631 628 621
f 631 625 629
f 632 323 324
f 632 622 626
f 632 629 622
f 632 626 323
f 633 630 624
f 633 150 630
f 633 151 150
f 633 152 151
f 633 624 628
f 634 631 629
f 635 152 633
f 635 153 152
f 635 154 153
f 635 633 628
f 635 628 631
f 636 324 325
f 636 325 326
f 636 632 324
f 636 629 632
f 636 634 629
f 637 631 634
f 637 635 631
f 637 155 154
f 637 156 155
f 637 154 635
f 637 634 636
f 638 636 326
f 638 157 156
f 638 158 157
f 638 637 636
f 638 156 637
f 638 326 158
f 800 640 639
f 800 641 640
f 801 642 641
f 801 641 800
f 802 643 642
f 802 644 643
f 802 642 801
f 803 644 802
f 804 645 644
f 804 644 803
f 805 646 645
f 805 645 804
f 806 647 646
f 806 648 647
f 806 646 805
f 807 648 806
f 808 649 648
f 808 648 807
f 809 650 649
f 809 649 808
f 810 651 650
f 810 650 809
f 811 652 651
f 811 653 652
f 811 651 810
f 812 653 811
f 813 654 653
f 813 653 812
f 814 655 654
f 814 654 813
f 815 656 655
f 815 655 814
f 816 657 656
f 816 656 815
f 817 658 657
f 817 659 658
f 817 657 816
f 818 660 659
f 818 659 817
f 819 660 818
f 820 660 819
f 820 661 660
f 821 661 820
f 821 662 661
f 821 663 662
f 822 663 821
f 823 663 822
f 823 664 663
f 824 664 823
f 824 665 664
f 824 666 665
f 825 666 824
f 825 667 666
f 826 667 825
f 827 667 826
f 827 668 667
f 828 669 668
f 828 668 827
f 829 670 669
f 829 669 828
f 830 671 670
f 830 670 829
f 831 672 671
f 831 671 830
f 832 673 672
f 832 672 831
f 833 674 673
f 833 675 674
f 833 673 832
f 834 675 833
f 835 676 675
f 835 675 834
f 836 677 676
f 836 676 835
f 837 678 677
f 837 677 836
f 838 679 678
f 838 678 837
f 839 680 679
f 839 679 838
f 840 681 680
f 840 680 839
f 841 682 681
f 841 681 840
f 842 683 682
f 842 682 841
f 843 684 683
f 843 683 842
f 844 685 684
f 844 684 843
f 845 685 844
f 845 686 685
f 846 686 845
f 846 687 686
f 847 687 846
f 847 688 687
f 847 689 688
f 848 689 847
f 848 690 689
f 849 690 848
f 849 691 690
f 850 691 849
f 851 691 850
f 851 692 691
f 852 692 851
f 852 693 692
f 852 694 693
f 853 694 852
f 854 694 853
f 854 695 694
f 855 695 854
f 855 696 695
f 856 696 855
f 856 697 696
f 856 698 697
f 857 698 856
f 858 698 857
f 858 699 698
f 858 700 699
f 859 700 858
f 859 701 700
f 860 701 859
f 861 702 701
f 861 703 702
f 861 701 860
f 862 703 861
f 863 704 703
f 863 703 862
f 864 705 704
f 864 704 863
f 865 706 705
f 865 705 864
f 866 707 706
f 866 706 865
f 867 708 707
f 867 707 866
f 868 709 708
f 868 708 867
f 869 710 709
f 869 709 868
f 870 711 710
f 870 710 869
f 871 711 870
f 871 712 711
f 872 712 871
f 872 713 712
f 872 714 713
f 873 714 872
f 874 714 873
f 874 715 714
f 875 715 874
f 875 716 715
f 875 717 716
f 876 717 875
f 876 718 717
f 877 718 876
f 877 719 718
f 878 719 877
f 879 719 878
f 879 720 719
f 879 721 720
f 880 721 879
f 881 721 880
f 881 722 721
f 882 722 881
f 882 723 722
f 882 724 723
f 883 724 882
f 883 725 724
f 884 725 883
f 884 726 725
f 885 726 884
f 886 726 885
f 886 727 726
f 887 727 886
f 887 728 727
f 887 729 728
f 888 729 887
f 889 729 888
f 889 730 729
f 889 731 730
f 890 731 889
f 891 731 890
f 891 732 731
f 892 732 891
f 892 733 732
f 892 734 733
f 893 734 892
f 894 734 893
f 894 735 734
f 894 736 735
f 895 736 894
f 896 736 895
f 896 737 736
f 897 737 896
f 897 738 737
f 898 738 897
f 898 739 738
f 899 740 739
f 899 739 898
f 900 741 740
f 900 740 899
f 901 742 741
f 901 743 742
f 901 741 900
f 902 743 901
f 903 744 743
f 903 745 744
f 903 743 902
f 904 746 745
f 904 745 903
f 905 747 746
f 905 746 904
f 906 748 747
f 906 747 905
f 907 749 748
f 907 748 906
f 908 749 907
f 909 750 749
f 909 751 750
f 909 749 908
f 910 751 909
f 911 752 751
f 911 753 752
f 911 751 910
f 912 753 911
f 913 754 753
f 913 753 912
f 914 755 754
f 914 754 913
f 915 756 755
f 915 755 914
f 916 757 756
f 916 758 757
f 916 756 915
f 917 758 916
f 918 759 758
f 918 758 917
f 919 760 759
f 919 761 760
f 919 759 918
f 920 761 919
f 921 761 920
f 921 762 761
f 922 762 921
f 922 763 762
f 923 763 922
f 923 764 763
f 924 764 923
f 924 765 764
f 924 766 765
f 925 766 924
f 925 767 766
f 926 767 925
f 927 768 767
f 927 767 926
f 927 769 768
f 928 770 769
f 928 769 927
f 929 770 928
f 930 771 770
f 930 772 771
f 930 770 929
f 931 772 930
f 932 773 772
f 932 772 931
f 933 774 773
f 933 775 774
f 933 773 932
f 934 775 933
f 935 776 775
f 935 775 934
f 936 777 776
f 936 778 777
f 936 776 935
f 937 778 936
f 938 779 778
f 938 780 779
f 938 778 937
f 939 780 938
f 940 781 780
f 940 782 781
f 940 780 939
f 941 782 940
f 942 783 782
f 942 784 783
f 942 782 941
f 943 784 942
f 944 785 784
f 944 786 785
f 944 784 943
f 945 786 944
f 946 786 945
f 946 787 786
f 946 788 787
f 947 788 946
f 948 788 947
f 948 789 788
f 949 789 948
f 949 790 789
f 949 791 790
f 950 791 949
f 950 792 791
f 951 792 950
f 952 792 951
f 952 793 792
f 953 793 952
f 953 794 793
f 954 794 953
f 954 795 794
f 955 795 954
f 955 796 795
f 956 796 955
f 956 797 796
f 799 797 956
f 799 798 797
f 1062 1058 1057
f 1062 1059 1058
f 1062 1060 1059
f 1062 1061 1060
f 1062 1057 1056
f 1047 1049 1048
f 1047 1050 1049
f 1047 1051 1050
f 1047 1052 1051
f 1047 1053 1052
f 1047 1054 1053
f 1047 1055 1054
f 1065 1064 1063
f 1066 1065 1063
f 1045 1047 1046
f 1043 1045 1044
f 1069 1068 1067
f 1072 1063 1062
f 1072 1067 1066
f 1072 1070 1069
f 1072 1071 1070
f 1072 1066 1063
f 1072 1069 1067
f 1034 1036 1035
f 1033 1036 1034
f 1079 1077 1076
f 1079 1078 1077
f 1082 1080 1079
f 1082 1081 1080
f 1028 1030 1029
f 1028 1031 1030
f 1028 1032 1031
f 1085 1082 1079
f 1085 1083 1082
f 1085 1084 1083
f 1086 1085 1079
f 1025 1027 1026
f 1024 1028 1027
f 1024 1027 1025
f 1088 1087 1086
f 1088 1086 1079
f 1023 1028 1024
f 1091 1089 1088
f 1091 1090 1089
f 1020 1022 1021
f 1092 1091 1088
f 1093 1092 1088
f 1018 1020 1019
f 1018 1023 1022
f 1018 1022 1020
f 1094 1093 1088
f 1095 1094 1088
f 1016 1018 1017
f 1016 1023 1018
f 1015 1032 1028
f 1015 1023 1016
f 1015 1036 1033
f 1015 1028 1023
f 1015 1033 1032
f 1015 1037 1036
f 1015 1038 1037
f 1015 1039 1038
f 1015 1040 1039
f 1097 1073 1072
f 1097 1074 1073
f 1097 1075 1074
f 1097 1076 1075
f 1097 1096 1095
f 1097 1079 1076
f 1097 1088 1079
f 1097 1095 1088
f 1011 1013 1012
f 1101 1098 1097
f 1101 1099 1098
f 1101 1100 1099
f 1010 1013 1011
f 1010 1014 1013
f 1010 1015 1014
f 1103 1102 1101
f 1008 1010 1009
f 1104 1072 1062
f 1104 1097 1072
f 1104 1103 1101
f 1104 1101 1097
f 1104 1062 1056
f 1104 1056 1055
f 1007 1010 1008
f 1006 1010 1007
f 1107 1105 1104
f 1107 1106 1105
f 1004 1006 1005
f 1002 1004 1003
f 1000 1002 1001
f 1000 1006 1004
f 1000 1004 1002
f 1112 1109 1108
f 1112 1110 1109
f 1112 1111 1110
f 1114 1108 1107
f 1114 1113 1112
f 1114 1112 1108
f 957 1114 1107
f 996 998 997
f 995 999 998
f 995 998 996
f 959 958 957
f 959 1047 1045
f 959 1045 1043
f 959 1104 1055
f 959 957 1107
f 959 1107 1104
f 959 1042 1041
f 959 1043 1042
f 959 1055 1047
f 994 1000 999
f 994 999 995
f 962 960 959
f 962 961 960
f 991 993 992
f 991 994 993
f 963 962 959
f 965 964 963
f 965 963 959
f 987 989 988
f 987 990 989
f 967 966 965
f 986 994 991
f 986 990 987
f 986 991 990
f 968 967 965
f 969 968 965
f 969 965 959
f 983 985 984
f 983 986 985
f 982 986 983
f 973 972 971
f 980 982 981
f 980 986 982
f 974 970 969
f 974 971 970
f 974 969 959
f 974 973 971
f 978 980 979
f 976 975 974
f 977 959 1041
f 977 1000 994
f 977 1040 1015
f 977 1015 1010
f 977 994 986
f 977 986 980
f 977 976 974
f 977 974 959
f 977 1010 1006
f 977 980 978
f 977 1006 1000
f 977 1041 1040
f 1222 1219 1220
f 1222 1220 1221
f 1226 1224 1225
f 1236 1234 1235
f 1187 1188 1189
f 1242 1239 1240
f 1242 1240 1241
f 1184 1185 1186
f 1244 1239 1242
f 1244 1242 1243
f 1182 1183 1184
f 1246 1244 1245
f 1247 1244 1246
f 1179 1180 1181
f 1179 1181 1182
f 1249 1247 1248
f 1249 1244 1247
f 1178 1184 1186
f 1178 1182 1184
f 1178 1179 1182
f 1176 1177 1178
f 1252 1249 1250
f 1252 1250 1251
f 1173 1174 1175
f 1173 1175 1176
f 1255 1253 1254
f 1256 1253 1255
f 1257 1253 1256
f 1170 1173 1176
f 1170 1171 1172
f 1170 1172 1173
f 1258 1253 1257
f 1258 1252 1253
f 1258 1249 1252
f 1167 1168 1169
f 1261 1258 1259
f 1261 1259 1260
f 1262 1258 1261
f 1165 1166 1167
f 1263 1258 1262
f 1266 1263 1264
f 1266 1264 1265
f 1160 1161 1162
f 1268 1266 1267
f 1159 1160 1162
f 1159 1162 1163
f 1159 1163 1164
f 1269 1266 1268
f 1157 1158 1159
f 1157 1164 1165
f 1157 1159 1164
f 1271 1269 1270
f 1272 1269 1271
f 1155 1156 1157
f 1116 1272 1115
f 1117 1272 1116
f 1152 1153 1154
f 1151 1152 1154
f 1151 1154 1155
f 1119 1117 1118
f 1120 1117 1119
f 1121 1272 1117
f 1121 1117 1120
f 1148 1149 1150
f 1148 1150 1151
f 1147 1148 1151
f 1124 1121 1122
f 1124 1122 1123
f 1124 1266 1269
f 1124 1263 1266
f 1124 1269 1272
f 1124 1272 1121
f 1142 1143 1144
f 1142 1144 1145
f 1141 1142 1145
f 1141 1145 1146
f 1129 1126 1127
f 1129 1127 1128
f 1131 1129 1130
f 1132 1124 1125
f 1132 1125 1126
f 1132 1129 1131
f 1132 1126 1129
f 1137 1138 1139
f 1137 1139 1140
f 1133 1124 1132
f 1136 1137 1140
f 1135 1215 1216
f 1135 1216 1217
f 1135 1217 1218
f 1135 1218 1219
f 1135 1222 1223
f 1135 1176 1178
f 1135 1223 1224
f 1135 1226 1227
f 1135 1170 1176
f 1135 1227 1228
f 1135 1228 1229
f 1135 1229 1230
f 1135 1230 1231
f 1135 1231 1232
f 1135 1232 1233
f 1135 1258 1263
f 1135 1233 1234
f 1135 1133 1134
f 1135 1236 1237
f 1135 1237 1238
f 1135 1238 1239
f 1135 1140 1141
f 1135 1234 1236
f 1135 1167 1169
f 1135 1249 1258
f 1135 1146 1147
f 1135 1244 1249
f 1135 1155 1157
f 1135 1263 1124
f 1135 1165 1167
f 1135 1169 1170
f 1135 1136 1140
f 1135 1239 1244
f 1135 1187 1189
f 1135 1124 1133
f 1135 1186 1187
f 1135 1178 1186
f 1135 1189 1190
f 1135 1157 1165
f 1135 1190 1191
f 1135 1191 1192
f 1135 1192 1193
f 1135 1193 1194
f 1135 1194 1195
f 1135 1195 1196
f 1135 1196 1197
f 1135 1197 1198
f 1135 1198 1199
f 1135 1199 1200
f 1135 1200 1201
f 1135 1201 1202
f 1135 1147 1151
f 1135 1202 1203
f 1135 1203 1204
f 1135 1204 1205
f 1135 1151 1155
f 1135 1219 1222
f 1135 1205 1206
f 1135 1206 1207
f 1135 1207 1208
f 1135 1208 1209
f 1135 1209 1210
f 1135 1210 1211
f 1135 1211 1212
f 1135 1212 1213
f 1135 1224 1226
f 1135 1213 1214
f 1135 1214 1215
f 1135 1141 1146
f 1433 1432 1437
f 1274 1273 1436
f 1595 1593 1594
f 1431 1430 1598
f 1599 1433 1437
f 1599 1437 1438
f 1599 1438 1439
f 1600 1599 1439
f 1600 1439 1440
f 1600 1440 1441
f 1601 1433 1599
f 1601 1434 1433
f 1602 1441 1442
f 1602 1442 1443
f 1602 1600 1441
f 1603 1601 1599
f 1603 1599 1600
f 1604 1443 1444
f 1604 1444 1445
f 1604 1602 1443
f 1605 1434 1601
f 1605 1435 1434
f 1606 1603 1600
f 1606 1600 1602
f 1607 1604 1445
f 1607 1445 1446
f 1607 1446 1447
f 1608 1601 1603
f 1608 1605 1601
f 1609 1606 1602
f 1609 1602 1604
f 1610 1447 1448
f 1610 1448 1449
f 1610 1607 1447
f 1611 1275 1274
f 1611 1276 1275
f 1611 1435 1605
f 1611 1436 1435
f 1611 1274 1436
f 1612 1603 1606
f 1612 1608 1603
f 1613 1604 1607
f 1613 1609 1604
f 1614 1610 1449
f 1614 1449 1450
f 1614 1450 1451
f 1615 1277 1276
f 1615 1278 1277
f 1615 1605 1608
f 1615 1276 1611
f 1615 1611 1605
f 1616 1612 1606
f 1616 1606 1609
f 1617 1607 1610
f 1617 1613 1607
f 1618 1614 1451
f 1618 1451 1452
f 1618 1452 1453
f 1619 1279 1278
f 1619 1280 1279
f 1619 1615 1608
f 1619 1608 1612
f 1619 1278 1615
f 1620 1616 1609
f 1620 1609 1613
f 1621 1617 1610
f 1621 1610 1614
f 1622 1618 1453
f 1622 1453 1454
f 1622 1454 1455
f 1623 1280 1619
f 1623 1281 1280
f 1623 1282 1281
f 1623 1612 1616
f 1623 1619 1612
f 1624 1613 1617
f 1624 1620 1613
f 1625 1614 1618
f 1625 1621 1614
f 1626 1622 1455
f 1626 1455 1456
f 1626 1456 1457
f 1627 1283 1282
f 1627 1623 1616
f 1627 1284 1283
f 1627 1282 1623
f 1627 1616 1620
f 1628 1624 1617
f 1628 1621 1625
f 1628 1617 1621
f 1629 1618 1622
f 1629 1625 1618
f 1630 1626 1457
f 1630 1457 1458
f 1630 1458 1459
f 1631 1285 1284
f 1631 1286 1285
f 1631 1620 1624
f 1631 1627 1620
f 1631 1284 1627
f 1632 1628 1625
f 1633 1629 1622
f 1633 1622 1626
f 1634 1630 1459
f 1634 1459 1460
f 1634 1460 1461
f 1635 1631 1624
f 1635 1287 1286
f 1635 1288 1287
f 1635 1286 1631
f 1635 1624 1628
f 1636 1625 1629
f 1636 1632 1625
f 1637 1626 1630
f 1637 1633 1626
f 1638 1634 1461
f 1638 1461 1462
f 1638 1462 1463
f 1639 1289 1288
f 1639 1290 1289
f 1639 1635 1628
f 1639 1288 1635
f 1639 1628 1632
f 1640 1629 1633
f 1640 1636 1629
f 1641 1630 1634
f 1641 1637 1630
f 1642 1638 1463
f 1642 1463 1464
f 1642 1464 1465
f 1643 1291 1290
f 1643 1292 1291
f 1643 1636 1640
f 1643 1290 1639
f 1643 1632 1636
f 1643 1639 1632
f 1644 1633 1637
f 1644 1640 1633
f 1645 1641 1634
f 1645 1634 1638
f 1646 1642 1465
f 1646 1465 1466
f 1646 1466 1467
f 1647 1293 1292
f 1647 1294 1293
f 1647 1643 1640
f 1647 1292 1643
f 1648 1644 1637
f 1648 1637 1641
f 1649 1645 1638
f 1649 1638 1642
f 1650 1646 1467
f 1650 1467 1468
f 1650 1468 1469
f 1651 1647 1640
f 1651 1295 1294
f 1651 1296 1295
f 1651 1640 1644
f 1651 1294 1647
f 1652 1641 1645
f 1652 1648 1641
f 1653 1642 1646
f 1653 1649 1642
f 1654 1650 1469
f 1654 1469 1470
f 1654 1470 1471
f 1655 1297 1296
f 1655 1298 1297
f 1655 1644 1648
f 1655 1296 1651
f 1655 1651 1644
f 1656 1652 1645
f 1656 1645 1649
f 1657 1646 1650
f 1657 1653 1646
f 1658 1654 1471
f 1658 1471 1472
f 1658 1472 1473
f 1659 1299 1298
f 1659 1300 1299
f 1659 1655 1648
f 1659 1298 1655
f 1659 1648 1652
f 1660 1649 1653
f 1660 1656 1649
f 1661 1654 1658
f 1661 1650 1654
f 1661 1657 1650
f 1662 1474 1475
f 1662 1658 1473
f 1662 1473 1474
f 1663 1300 1659
f 1663 1652 1656
f 1663 1301 1300
f 1663 1302 1301
f 1663 1659 1652
f 1663 1656 1660
f 1664 1660 1653
f 1664 1653 1657
f 1665 1661 1658
f 1666 1475 1476
f 1666 1476 1477
f 1666 1662 1475
f 1667 1663 1660
f 1667 1303 1302
f 1667 1304 1303
f 1667 1302 1663
f 1668 1657 1661
f 1668 1664 1657
f 1669 1665 1658
f 1669 1658 1662
f 1670 1477 1478
f 1670 1478 1479
f 1670 1666 1477
f 1671 1304 1667
f 1671 1660 1664
f 1671 1305 1304
f 1671 1306 1305
f 1671 1667 1660
f 1672 1668 1661
f 1672 1661 1665
f 1673 1662 1666
f 1673 1669 1662
f 1674 1479 1480
f 1674 1480 1481
f 1674 1670 1479
f 1675 1664 1668
f 1675 1307 1306
f 1675 1308 1307
f 1675 1306 1671
f 1675 1668 1672
f 1675 1671 1664
f 1676 1672 1665
f 1676 1665 1669
f 1677 1666 1670
f 1677 1673 1666
f 1678 1481 1482
f 1678 1482 1483
f 1678 1674 1481
f 1679 1308 1675
f 1679 1309 1308
f 1679 1310 1309
f 1679 1675 1672
f 1680 1669 1673
f 1680 1676 1669
f 1681 1674 1678
f 1681 1677 1670
f 1681 1670 1674
f 1682 1483 1484
f 1682 1484 1485
f 1682 1678 1483
f 1683 1679 1672
f 1683 1672 1676
f 1683 1311 1310
f 1683 1312 1311
f 1683 1310 1679
f 1684 1680 1673
f 1684 1673 1677
f 1685 1681 1678
f 1686 1485 1486
f 1686 1486 1487
f 1686 1682 1485
f 1687 1312 1683
f 1687 1683 1676
f 1687 1313 1312
f 1687 1314 1313
f 1687 1676 1680
f 1688 1677 1681
f 1688 1684 1677
f 1688 1681 1685
f 1689 1678 1682
f 1689 1685 1678
f 1690 1487 1488
f 1690 1488 1489
f 1690 1686 1487
f 1691 1680 1684
f 1691 1314 1687
f 1691 1315 1314
f 1691 1316 1315
f 1691 1687 1680
f 1692 1688 1685
f 1693 1689 1682
f 1693 1682 1686
f 1694 1489 1490
f 1694 1490 1491
f 1694 1690 1489
f 1695 1688 1692
f 1695 1317 1316
f 1695 1318 1317
f 1695 1316 1691
f 1695 1691 1684
f 1695 1684 1688
f 1696 1692 1685
f 1696 1685 1689
f 1697 1690 1694
f 1697 1686 1690
f 1697 1693 1686
f 1698 1491 1492
f 1698 1492 1493
f 1698 1694 1491
f 1699 1695 1692
f 1699 1318 1695
f 1699 1319 1318
f 1699 1320 1319
f 1700 1696 1689
f 1700 1689 1693
f 1701 1697 1694
f 1702 1493 1494
f 1702 1494 1495
f 1702 1698 1493
f 1703 1320 1699
f 1703 1321 1320
f 1703 1322 1321
f 1703 1696 1700
f 1703 1699 1692
f 1703 1692 1696
f 1704 1697 1701
f 1704 1700 1693
f 1704 1693 1697
f 1705 1694 1698
f 1705 1701 1694
f 1706 1702 1495
f 1706 1495 1496
f 1706 1496 1497
f 1707 1322 1703
f 1707 1323 1322
f 1707 1703 1700
f 1707 1324 1323
f 1708 1704 1701
f 1709 1705 1698
f 1709 1698 1702
f 1710 1497 1498
f 1710 1498 1499
f 1710 1706 1497
f 1711 1700 1704
f 1711 1325 1324
f 1711 1326 1325
f 1711 1324 1707
f 1711 1707 1700
f 1712 1708 1701
f 1712 1701 1705
f 1713 1702 1706
f 1713 1706 1710
f 1713 1709 1702
f 1714 1499 1500
f 1714 1500 1501
f 1714 1710 1499
f 1715 1708 1712
f 1715 1704 1708
f 1715 1711 1704
f 1715 1327 1326
f 1715 1326 1711
f 1715 1328 1327
f 1716 1712 1705
f 1716 1705 1709
f 1717 1713 1710
f 1718 1501 1502
f 1718 1502 1503
f 1718 1714 1501
f 1719 1329 1328
f 1719 1330 1329
f 1719 1715 1712
f 1719 1328 1715
f 1720 1709 1713
f 1720 1716 1709
f 1721 1717 1710
f 1721 1710 1714
f 1721 1714 1718
f 1722 1718 1503
f 1722 1503 1504
f 1722 1504 1505
f 1723 1712 1716
f 1723 1331 1330
f 1723 1332 1331
f 1723 1719 1712
f 1723 1330 1719
f 1723 1716 1720
f 1724 1713 1717
f 1724 1720 1713
f 1725 1721 1718
f 1726 1505 1506
f 1726 1506 1507
f 1726 1722 1505
f 1727 1332 1723
f 1727 1723 1720
f 1727 1333 1332
f 1727 1334 1333
f 1728 1717 1721
f 1728 1724 1717
f 1728 1721 1725
f 1729 1725 1718
f 1729 1722 1726
f 1729 1718 1722
f 1730 1507 1508
f 1730 1508 1509
f 1730 1726 1507
f 1731 1720 1724
f 1731 1335 1334
f 1731 1336 1335
f 1731 1727 1720
f 1731 1724 1728
f 1731 1334 1727
f 1732 1728 1725
f 1733 1729 1726
f 1734 1509 1510
f 1734 1510 1511
f 1734 1730 1509
f 1735 1336 1731
f 1735 1731 1728
f 1735 1337 1336
f 1735 1338 1337
f 1736 1732 1725
f 1736 1725 1729
f 1737 1726 1730
f 1737 1733 1726
f 1738 1734 1511
f 1738 1511 1512
f 1738 1512 1513
f 1739 1728 1732
f 1739 1735 1728
f 1739 1732 1736
f 1739 1338 1735
f 1739 1339 1338
f 1739 1340 1339
f 1740 1736 1729
f 1740 1729 1733
f 1741 1730 1734
f 1741 1734 1738
f 1741 1737 1730
f 1742 1738 1513
f 1742 1513 1514
f 1742 1514 1515
f 1743 1340 1739
f 1743 1739 1736
f 1743 1341 1340
f 1743 1342 1341
f 1744 1740 1733
f 1744 1733 1737
f 1745 1741 1738
f 1746 1515 1516
f 1746 1516 1517
f 1746 1742 1515
f 1747 1736 1740
f 1747 1343 1342
f 1747 1344 1343
f 1747 1342 1743
f 1747 1743 1736
f 1748 1737 1741
f 1748 1744 1737
f 1749 1742 1746
f 1749 1745 1738
f 1749 1738 1742
f 1750 1517 1518
f 1750 1518 1519
f 1750 1746 1517
f 1751 1747 1740
f 1751 1344 1747
f 1751 1744 1748
f 1751 1345 1344
f 1751 1346 1345
f 1751 1740 1744
f 1752 1741 1745
f 1752 1748 1741
f 1752 1745 1749
f 1753 1749 1746
f 1754 1750 1519
f 1754 1519 1520
f 1754 1520 1521
f 1755 1751 1748
f 1755 1347 1346
f 1755 1348 1347
f 1755 1346 1751
f 1756 1752 1749
f 1757 1746 1750
f 1757 1753 1746
f 1758 1754 1521
f 1758 1521 1522
f 1758 1522 1523
f 1759 1348 1755
f 1759 1748 1752
f 1759 1755 1748
f 1759 1349 1348
f 1759 1350 1349
f 1760 1756 1749
f 1760 1749 1753
f 1761 1754 1758
f 1761 1757 1750
f 1761 1750 1754
f 1762 1758 1523
f 1762 1523 1524
f 1762 1524 1525
f 1763 1759 1752
f 1763 1752 1756
f 1763 1351 1350
f 1763 1352 1351
f 1763 1350 1759
f 1763 1756 1760
f 1764 1753 1757
f 1764 1760 1753
f 1765 1761 1758
f 1766 1762 1525
f 1766 1525 1526
f 1766 1526 1527
f 1767 1763 1760
f 1767 1352 1763
f 1767 1353 1352
f 1767 1354 1353
f 1768 1761 1765
f 1768 1757 1761
f 1768 1764 1757
f 1769 1758 1762
f 1769 1765 1758
f 1769 1762 1766
f 1770 1766 1527
f 1770 1527 1528
f 1770 1528 1529
f 1771 1760 1764
f 1771 1354 1767
f 1771 1355 1354
f 1771 1356 1355
f 1771 1767 1760
f 1772 1768 1765
f 1773 1769 1766
f 1773 1766 1770
f 1774 1770 1529
f 1774 1529 1530
f 1774 1530 1531
f 1775 1356 1771
f 1775 1764 1768
f 1775 1768 1772
f 1775 1771 1764
f 1775 1357 1356
f 1775 1358 1357
f 1776 1765 1769
f 1776 1772 1765
f 1776 1769 1773
f 1777 1773 1770
f 1778 1531 1532
f 1778 1532 1533
f 1778 1774 1531
f 1779 1775 1772
f 1779 1358 1775
f 1779 1359 1358
f 1779 1360 1359
f 1780 1776 1773
f 1781 1770 1774
f 1781 1777 1770
f 1781 1774 1778
f 1782 1533 1534
f 1782 1778 1533
f 1782 1534 1535
f 1783 1772 1776
f 1783 1779 1772
f 1783 1776 1780
f 1783 1360 1779
f 1783 1361 1360
f 1783 1362 1361
f 1784 1780 1773
f 1784 1773 1777
f 1785 1781 1778
f 1786 1535 1536
f 1786 1536 1537
f 1786 1782 1535
f 1787 1780 1784
f 1787 1783 1780
f 1787 1363 1362
f 1787 1362 1783
f 1787 1364 1363
f 1788 1777 1781
f 1788 1781 1785
f 1788 1784 1777
f 1789 1778 1782
f 1789 1782 1786
f 1789 1785 1778
f 1790 1537 1538
f 1790 1538 1539
f 1790 1786 1537
f 1791 1364 1787
f 1791 1787 1784
f 1791 1365 1364
f 1791 1366 1365
f 1792 1788 1785
f 1793 1789 1786
f 1794 1539 1540
f 1794 1540 1541
f 1794 1790 1539
f 1795 1366 1791
f 1795 1784 1788
f 1795 1791 1784
f 1795 1788 1792
f 1795 1367 1366
f 1795 1368 1367
f 1796 1792 1785
f 1796 1785 1789
f 1796 1789 1793
f 1797 1793 1786
f 1797 1786 1790
f 1798 1794 1541
f 1798 1541 1542
f 1798 1542 1543
f 1799 1795 1792
f 1799 1368 1795
f 1799 1369 1368
f 1799 1370 1369
f 1800 1796 1793
f 1800 1793 1797
f 1801 1790 1794
f 1801 1797 1790
f 1801 1794 1798
f 1802 1543 1544
f 1802 1544 1545
f 1802 1798 1543
f 1803 1792 1796
f 1803 1799 1792
f 1803 1370 1799
f 1803 1796 1800
f 1803 1371 1370
f 1803 1372 1371
f 1804 1800 1797
f 1805 1801 1798
f 1806 1545 1546
f 1806 1546 1547
f 1806 1802 1545
f 1807 1374 1373
f 1807 1803 1800
f 1807 1372 1803
f 1807 1800 1804
f 1807 1373 1372
f 1808 1797 1801
f 1808 1804 1797
f 1809 1805 1798
f 1809 1798 1802
f 1810 1806 1547
f 1810 1547 1548
f 1810 1548 1549
f 1811 1375 1374
f 1811 1376 1375
f 1811 1807 1804
f 1811 1374 1807
f 1812 1801 1805
f 1812 1808 1801
f 1813 1802 1806
f 1813 1809 1802
f 1814 1810 1549
f 1814 1549 1550
f 1814 1550 1551
f 1815 1377 1376
f 1815 1378 1377
f 1815 1804 1808
f 1815 1376 1811
f 1815 1811 1804
f 1815 1808 1812
f 1816 1812 1805
f 1816 1805 1809
f 1817 1806 1810
f 1817 1813 1806
f 1818 1814 1551
f 1818 1551 1552
f 1818 1552 1553
f 1819 1379 1378
f 1819 1380 1379
f 1819 1812 1816
f 1819 1378 1815
f 1819 1815 1812
f 1820 1809 1813
f 1820 1816 1809
f 1820 1813 1817
f 1821 1810 1814
f 1821 1817 1810
f 1822 1818 1553
f 1822 1553 1554
f 1822 1554 1555
f 1823 1381 1380
f 1823 1382 1381
f 1823 1380 1819
f 1823 1819 1816
f 1824 1820 1817
f 1825 1821 1814
f 1825 1814 1818
f 1825 1818 1822
f 1826 1822 1555
f 1826 1555 1556
f 1826 1556 1557
f 1827 1816 1820
f 1827 1383 1382
f 1827 1384 1383
f 1827 1820 1824
f 1827 1382 1823
f 1827 1823 1816
f 1828 1817 1821
f 1828 1824 1817
f 1829 1825 1822
f 1830 1826 1557
f 1830 1557 1558
f 1830 1558 1559
f 1831 1384 1827
f 1831 1385 1384
f 1831 1386 1385
f 1831 1827 1824
f 1831 1824 1828
f 1832 1828 1821
f 1832 1821 1825
f 1833 1829 1822
f 1833 1822 1826
f 1834 1830 1559
f 1834 1559 1560
f 1834 1560 1561
f 1835 1387 1386
f 1835 1388 1387
f 1835 1386 1831
f 1835 1831 1828
f 1836 1832 1825
f 1836 1825 1829
f 1837 1826 1830
f 1837 1833 1826
f 1838 1834 1561
f 1838 1561 1562
f 1838 1562 1563
f 1839 1389 1388
f 1839 1390 1389
f 1839 1388 1835
f 1839 1828 1832
f 1839 1835 1828
f 1840 1836 1829
f 1840 1829 1833
f 1841 1837 1830
f 1841 1830 1834
f 1842 1563 1564
f 1842 1564 1565
f 1842 1838 1563
f 1843 1391 1390
f 1843 1392 1391
f 1843 1390 1839
f 1843 1832 1836
f 1843 1839 1832
f 1843 1836 1840
f 1844 1833 1837
f 1844 1837 1841
f 1844 1840 1833
f 1845 1841 1834
f 1845 1834 1838
f 1846 1842 1565
f 1846 1565 1566
f 1846 1566 1567
f 1847 1393 1392
f 1847 1394 1393
f 1847 1392 1843
f 1847 1843 1840
f 1848 1844 1841
f 1848 1841 1845
f 1849 1838 1842
f 1849 1845 1838
f 1850 1846 1567
f 1850 1567 1568
f 1850 1568 1569
f 1851 1394 1847
f 1851 1395 1394
f 1851 1396 1395
f 1851 1840 1844
f 1851 1847 1840
f 1852 1848 1845
f 1853 1849 1842
f 1853 1842 1846
f 1854 1850 1569
f 1854 1569 1570
f 1854 1570 1571
f 1855 1397 1396
f 1855 1398 1397
f 1855 1396 1851
f 1855 1844 1848
f 1855 1851 1844
f 1856 1845 1849
f 1856 1852 1845
f 1857 1853 1846
f 1857 1846 1850
f 1858 1854 1571
f 1858 1571 1572
f 1858 1572 1573
f 1859 1855 1848
f 1859 1399 1398
f 1859 1400 1399
f 1859 1852 1856
f 1859 1398 1855
f 1859 1848 1852
f 1860 1856 1849
f 1860 1849 1853
f 1861 1857 1850
f 1861 1850 1854
f 1862 1858 1573
f 1862 1573 1574
f 1862 1574 1575
f 1863 1859 1856
f 1863 1401 1400
f 1863 1402 1401
f 1863 1400 1859
f 1864 1860 1853
f 1864 1853 1857
f 1865 1854 1858
f 1865 1861 1854
f 1866 1575 1576
f 1866 1862 1575
f 1866 1576 1577
f 1867 1403 1402
f 1867 1404 1403
f 1867 1863 1856
f 1867 1856 1860
f 1867 1402 1863
f 1868 1864 1857
f 1868 1857 1861
f 1869 1865 1858
f 1869 1858 1862
f 1870 1577 1578
f 1870 1578 1579
f 1870 1866 1577
f 1871 1860 1864
f 1871 1867 1860
f 1871 1404 1867
f 1871 1405 1404
f 1871 1406 1405
f 1872 1861 1865
f 1872 1865 1869
f 1872 1868 1861
f 1873 1862 1866
f 1873 1869 1862
f 1874 1579 1580
f 1874 1580 1581
f 1874 1870 1579
f 1875 1864 1868
f 1875 1871 1864
f 1875 1407 1406
f 1875 1408 1407
f 1875 1406 1871
f 1876 1872 1869
f 1877 1866 1870
f 1877 1873 1866
f 1878 1581 1582
f 1878 1582 1583
f 1878 1874 1581
f 1879 1409 1408
f 1879 1410 1409
f 1879 1875 1868
f 1879 1408 1875
f 1879 1868 1872
f 1880 1876 1869
f 1880 1869 1873
f 1881 1870 1874
f 1881 1877 1870
f 1882 1583 1584
f 1882 1584 1585
f 1882 1878 1583
f 1883 1411 1410
f 1883 1412 1411
f 1883 1872 1876
f 1883 1410 1879
f 1883 1879 1872
f 1884 1873 1877
f 1884 1880 1873
f 1885 1881 1874
f 1885 1874 1878
f 1886 1585 1586
f 1886 1586 1587
f 1886 1882 1585
f 1887 1413 1412
f 1887 1414 1413
f 1887 1412 1883
f 1887 1883 1876
f 1887 1876 1880
f 1887 1880 1884
f 1888 1881 1885
f 1888 1884 1877
f 1888 1877 1881
f 1889 1878 1882
f 1889 1885 1878
f 1890 1587 1588
f 1890 1588 1589
f 1890 1886 1587
f 1891 1884 1888
f 1891 1887 1884
f 1891 1415 1414
f 1891 1416 1415
f 1891 1414 1887
f 1892 1888 1885
f 1893 1889 1882
f 1893 1882 1886
f 1894 1589 1590
f 1894 1590 1591
f 1894 1890 1589
f 1895 1417 1416
f 1895 1418 1417
f 1895 1891 1888
f 1895 1416 1891
f 1896 1892 1885
f 1896 1885 1889
f 1897 1893 1886
f 1897 1886 1890
f 1898 1591 1592
f 1898 1592 1593
f 1898 1894 1591
f 1898 1593 1595
f 1899 1418 1895
f 1899 1895 1888
f 1899 1419 1418
f 1899 1420 1419
f 1899 1888 1892
f 1900 1896 1889
f 1900 1889 1893
f 1901 1890 1894
f 1901 1897 1890
f 1902 1420 1899
f 1902 1892 1896
f 1902 1899 1892
f 1902 1421 1420
f 1902 1422 1421
f 1902 1896 1900
f 1903 1897 1901
f 1903 1900 1893
f 1903 1893 1897
f 1904 1595 1596
f 1904 1901 1894
f 1904 1898 1595
f 1904 1894 1898
f 1905 1902 1900
f 1905 1422 1902
f 1905 1423 1422
f 1905 1424 1423
f 1906 1903 1901
f 1907 1905 1900
f 1907 1424 1905
f 1907 1425 1424
f 1907 1426 1425
f 1907 1900 1903
f 1908 1904 1596
f 1908 1596 1597
f 1908 1906 1901
f 1908 1901 1904
f 1909 1427 1426
f 1909 1428 1427
f 1909 1903 1906
f 1909 1426 1907
f 1909 1907 1903
f 1910 1597 1598
f 1910 1908 1597
f 1910 1429 1428
f 1910 1430 1429
f 1910 1428 1909
f 1910 1906 1908
f 1910 1909 1906
f 1910 1598 1430
f 2072 1912 1911
f 2072 1913 1912
f 2073 1914 1913
f 2073 1913 2072
f 2074 1915 1914
f 2074 1916 1915
f 2074 1914 2073
f 2075 1916 2074
f 2076 1917 1916
f 2076 1916 2075
f 2077 1918 1917
f 2077 1917 2076
f 2078 1919 1918
f 2078 1920 1919
f 2078 1918 2077
f 2079 1920 2078
f 2080 1921 1920
f 2080 1920 2079
f 2081 1922 1921
f 2081 1921 2080
f 2082 1923 1922
f 2082 1922 2081
f 2083 1924 1923
f 2083 1925 1924
f 2083 1923 2082
f 2084 1925 2083
f 2085 1926 1925
f 2085 1925 2084
f 2086 1927 1926
f 2086 1926 2085
f 2087 1928 1927
f 2087 1927 2086
f 2088 1929 1928
f 2088 1928 2087
f 2089 1930 1929
f 2089 1931 1930
f 2089 1929 2088
f 2090 1932 1931
f 2090 1931 2089
f 2091 1932 2090
f 2092 1932 2091
f 2092 1933 1932
f 2093 1933 2092
f 2093 1934 1933
f 2093 1935 1934
f 2094 1935 2093
f 2095 1935 2094
f 2095 1936 1935
f 2096 1936 2095
f 2096 1937 1936
f 2096 1938 1937
f 2097 1938 2096
f 2097 1939 1938
f 2098 1939 2097
f 2099 1939 2098
f 2099 1940 1939
f 2100 1941 1940
f 2100 1940 2099
f 2101 1942 1941
f 2101 1941 2100
f 2102 1943 1942
f 2102 1942 2101
f 2103 1944 1943
f 2103 1943 2102
f 2104 1945 1944
f 2104 1944 2103
f 2105 1946 1945
f 2105 1947 1946
f 2105 1945 2104
f 2106 1947 2105
f 2107 1948 1947
f 2107 1947 2106
f 2108 1949 1948
f 2108 1948 2107
f 2109 1950 1949
f 2109 1949 2108
f 2110 1951 1950
f 2110 1950 2109
f 2111 1952 1951
f 2111 1951 2110
f 2112 1953 1952
f 2112 1952 2111
f 2113 1954 1953
f 2113 1953 2112
f 2114 1955 1954
f 2114 1954 2113
f 2115 1956 1955
f 2115 1955 2114
f 2116 1957 1956
f 2116 1956 2115
f 2117 1957 2116
f 2117 1958 1957
f 2118 1958 2117
f 2118 1959 1958
f 2119 1959 2118
f 2119 1960 1959
f 2119 1961 1960
f 2120 1961 2119
f 2120 1962 1961
f 2121 1962 2120
f 2121 1963 1962
f 2122 1963 2121
f 2123 1963 2122
f 2123 1964 1963
f 2124 1964 2123
f 2124 1965 1964
f 2124 1966 1965
f 2125 1966 2124
f 2126 1966 2125
f 2126 1967 1966
f 2127 1967 2126
f 2127 1968 1967
f 2128 1968 2127
f 2128 1969 1968
f 2128 1970 1969
f 2129 1970 2128
f 2130 1970 2129
f 2130 1971 1970
f 2130 1972 1971
f 2131 1972 2130
f 2131 1973 1972
f 2132 1973 2131
f 2133 1974 1973
f 2133 1975 1974
f 2133 1973 2132
f 2134 1975 2133
f 2135 1976 1975
f 2135 1975 2134
f 2136 1977 1976
f 2136 1976 2135
f 2137 1978 1977
f 2137 1977 2136
f 2138 1979 1978
f 2138 1978 2137
f 2139 1980 1979
f 2139 1979 2138
f 2140 1981 1980
f 2140 1980 2139
f 2141 1982 1981
f 2141 1981 2140
f 2142 1983 1982
f 2142 1982 2141
f 2143 1983 2142
f 2143 1984 1983
f 2144 1984 2143
f 2144 1985 1984
f 2144 1986 1985
f 2145 1986 2144
f 2146 1986 2145
f 2146 1987 1986
f 2147 1987 2146
f 2147 1988 1987
f 2147 1989 1988
f 2148 1989 2147
f 2148 1990 1989
f 2149 1990 2148
f 2149 1991 1990
f 2150 1991 2149
f 2151 1991 2150
f 2151 1992 1991
f 2151 1993 1992
f 2152 1993 2151
f 2153 1993 2152
f 2153 1994 1993
f 2154 1994 2153
f 2154 1995 1994
f 2154 1996 1995
f 2155 1996 2154
f 2155 1997 1996
f 2156 1997 2155
f 2156 1998 1997
f 2157 1998 2156
f 2158 1998 2157
f 2158 1999 1998
f 2159 1999 2158
f 2159 2000 1999
f 2159 2001 2000
f 2160 2001 2159
f 2161 2001 2160
f 2161 2002 2001
f 2161 2003 2002
f 2162 2003 2161
f 2163 2003 2162
f 2163 2004 2003
f 2164 2004 2163
f 2164 2005 2004
f 2164 2006 2005
f 2165 2006 2164
f 2166 2006 2165
f 2166 2007 2006
f 2166 2008 2007
f 2167 2008 2166
f 2168 2008 2167
f 2168 2009 2008
f 2169 2009 2168
f 2169 2010 2009
f 2170 2010 2169
f 2170 2011 2010
f 2171 2012 2011
f 2171 2011 2170
f 2172 2013 2012
f 2172 2012 2171
f 2173 2014 2013
f 2173 2015 2014
f 2173 2013 2172
f 2174 2015 2173
f 2175 2016 2015
f 2175 2017 2016
f 2175 2015 2174
f 2176 2018 2017
f 2176 2017 2175
f 2177 2019 2018
f 2177 2018 2176
f 2178 2020 2019
f 2178 2019 2177
f 2179 2021 2020
f 2179 2020 2178
f 2180 2021 2179
f 2181 2022 2021
f 2181 2023 2022
f 2181 2021 2180
f 2182 2023 2181
f 2183 2024 2023
f 2183 2025 2024
f 2183 2023 2182
f 2184 2025 2183
f 2185 2026 2025
f 2185 2025 2184
f 2186 2027 2026
f 2186 2026 2185
f 2187 2028 2027
f 2187 2027 2186
f 2188 2029 2028
f 2188 2030 2029
f 2188 2028 2187
f 2189 2030 2188
f 2190 2031 2030
f 2190 2030 2189
f 2191 2032 2031
f 2191 2033 2032
f 2191 2031 2190
f 2192 2033 2191
f 2193 2033 2192
f 2193 2034 2033
f 2194 2034 2193
f 2194 2035 2034
f 2195 2035 2194
f 2195 2036 2035
f 2196 2036 2195
f 2196 2037 2036
f 2196 2038 2037
f 2197 2038 2196
f 2197 2039 2038
f 2198 2039 2197
f 2199 2040 2039
f 2199 2039 2198
f 2199 2041 2040
f 2200 2042 2041
f 2200 2041 2199
f 2201 2042 2200
f 2202 2043 2042
f 2202 2044 2043
f 2202 2042 2201
f 2203 2044 2202
f 2204 2045 2044
f 2204 2044 2203
f 2205 2046 2045
f 2205 2047 2046
f 2205 2045 2204
f 2206 2047 2205
f 2207 2048 2047
f 2207 2047 2206
f 2208 2049 2048
f 2208 2050 2049
f 2208 2048 2207
f 2209 2050 2208
f 2210 2051 2050
f 2210 2052 2051
f 2210 2050 2209
f 2211 2052 2210
f 2212 2053 2052
f 2212 2054 2053
f 2212 2052 2211
f 2213 2054 2212
f 2214 2055 2054
f 2214 2056 2055
f 2214 2054 2213
f 2215 2056 2214
f 2216 2057 2056
f 2216 2058 2057
f 2216 2056 2215
f 2217 2058 2216
f 2218 2058 2217
f 2218 2059 2058
f 2218 2060 2059
f 2219 2060 2218
f 2220 2060 2219
f 2220 2061 2060
f 2221 2061 2220
f 2221 2062 2061
f 2221 2063 2062
f 2222 2063 2221
f 2222 2064 2063
f 2223 2064 2222
f 2224 2064 2223
f 2224 2065 2064
f 2225 2065 2224
f 2225 2066 2065
f 2226 2066 2225
f 2226 2067 2066
f 2227 2067 2226
f 2227 2068 2067
f 2228 2068 2227
f 2228 2069 2068
f 2071 2069 2228
f 2071 2070 2069
f 2334 2330 2329
f 2334 2331 2330
f 2334 2332 2331
f 2334 2333 2332
f 2334 2329 2328
f 2319 2321 2320
f 2319 2322 2321
f 2319 2323 2322
f 2319 2324 2323
f 2319 2325 2324
f 2319 2326 2325
f 2319 2327 2326
f 2337 2336 2335
f 2338 2337 2335
f 2317 2319 2318
f 2315 2317 2316
f 2341 2340 2339
f 2344 2335 2334
f 2344 2339 2338
f 2344 2342 2341
f 2344 2343 2342
f 2344 2338 2335
f 2344 2341 2339
f 2306 2308 2307
f 2305 2308 2306
f 2351 2349 2348
f 2351 2350 2349
f 2354 2352 2351
f 2354 2353 2352
f 2300 2302 2301
f 2300 2303 2302
f 2300 2304 2303
f 2357 2354 2351
f 2357 2355 2354
f 2357 2356 2355
f 2358 2357 2351
f 2297 2299 2298
f 2296 2300 2299
f 2296 2299 2297
f 2360 2359 2358
f 2360 2358 2351
f 2295 2300 2296
f 2363 2361 2360
f 2363 2362 2361
f 2292 2294 2293
f 2364 2363 2360
f 2365 2364 2360
f 2290 2292 2291
f 2290 2295 2294
f 2290 2294 2292
f 2366 2365 2360
f 2367 2366 2360
f 2288 2290 2289
f 2288 2295 2290
f 2287 2304 2300
f 2287 2295 2288
f 2287 2308 2305
f 2287 2300 2295
f 2287 2305 2304
f 2287 2309 2308
f 2287 2310 2309
f 2287 2311 2310
f 2287 2312 2311
f 2369 2345 2344
f 2369 2346 2345
f 2369 2347 2346
f 2369 2348 2347
f 2369 2368 2367
f 2369 2351 2348
f 2369 2360 2351
f 2369 2367 2360
f 2283 2285 2284
f 2373 2370 2369
f 2373 2371 2370
f 2373 2372 2371
f 2282 2285 2283
f 2282 2286 2285
f 2282 2287 2286
f 2375 2374 2373
f 2280 2282 2281
f 2376 2344 2334
f 2376 2369 2344
f 2376 2375 2373
f 2376 2373 2369
f 2376 2334 2328
f 2376 2328 2327
f 2279 2282 2280
f 2278 2282 2279
f 2379 2377 2376
f 2379 2378 2377
f 2276 2278 2277
f 2274 2276 2275
f 2272 2274 2273
f 2272 2278 2276
f 2272 2276 2274
f 2384 2381 2380
f 2384 2382 2381
f 2384 2383 2382
f 2386 2380 2379
f 2386 2385 2384
f 2386 2384 2380
f 2229 2386 2379
f 2268 2270 2269
f 2267 2271 2270
f 2267 2270 2268
f 2231 2230 2229
f 2231 2319 2317
f 2231 2317 2315
f 2231 2376 2327
f 2231 2229 2379
f 2231 2379 2376
f 2231 2314 2313
f 2231 2315 2314
f 2231 2327 2319
f 2266 2272 2271
f 2266 2271 2267
f 2234 2232 2231
f 2234 2233 2232
f 2263 2265 2264
f 2263 2266 2265
f 2235 2234 2231
f 2237 2236 2235
f 2237 2235 2231
f 2259 2261 2260
f 2259 2262 2261
f 2239 2238 2237
f 2258 2266 2263
f 2258 2262 2259
f 2258 2263 2262
f 2240 2239 2237
f 2241 2240 2237
f 2241 2237 2231
f 2255 2257 2256
f 2255 2258 2257
f 2254 2258 2255
f 2245 2244 2243
f 2252 2254 2253
f 2252 2258 2254
f 2246 2242 2241
f 2246 2243 2242
f 2246 2241 2231
f 2246 2245 2243
f 2250 2252 2251
f 2248 2247 2246
f 2249 2231 2313
f 2249 2272 2266
f 2249 2312 2287
f 2249 2287 2282
f 2249 2266 2258
f 2249 2258 2252
f 2249 2248 2246
f 2249 2246 2231
f 2249 2282 2278
f 2249 2252 2250
f 2249 2278 2272
f 2249 2313 2312
f 2494 2491 2492
f 2494 2492 2493
f 2498 2496 2497
f 2508 2506 2507
f 2459 2460 2461
f 2514 2511 2512
f 2514 2512 2513
f 2456 2457 2458
f 2516 2511 2514
f 2516 2514 2515
f 2454 2455 2456
f 2518 2516 2517
f 2519 2516 2518
f 2451 2452 2453
f 2451 2453 2454
f 2521 2519 2520
f 2521 2516 2519
f 2450 2456 2458
f 2450 2454 2456
f 2450 2451 2454
f 2448 2449 2450
f 2524 2521 2522
f 2524 2522 2523
f 2445 2446 2447
f 2445 2447 2448
f 2527 2525 2526
f 2528 2525 2527
f 2529 2525 2528
f 2442 2445 2448
f 2442 2443 2444
f 2442 2444 2445
f 2530 2525 2529
f 2530 2524 2525
f 2530 2521 2524
f 2439 2440 2441
f 2533 2530 2531
f 2533 2531 2532
f 2534 2530 2533
f 2437 2438 2439
f 2535 2530 2534
f 2538 2535 2536
f 2538 2536 2537
f 2432 2433 2434
f 2540 2538 2539
f 2431 2432 2434
f 2431 2434 2435
f 2431 2435 2436
f 2541 2538 2540
f 2429 2430 2431
f 2429 2436 2437
f 2429 2431 2436
f 2543 2541 2542
f 2544 2541 2543
f 2427 2428 2429
f 2388 2544 2387
f 2389 2544 2388
f 2424 2425 2426
f 2423 2424 2426
f 2423 2426 2427
f 2391 2389 2390
f 2392 2389 2391
f 2393 2544 2389
f 2393 2389 2392
f 2420 2421 2422
f 2420 2422 2423
f 2419 2420 2423
f 2396 2393 2394
f 2396 2394 2395
f 2396 2538 2541
f 2396 2535 2538
f 2396 2541 2544
f 2396 2544 2393
f 2414 2415 2416
f 2414 2416 2417
f 2413 2414 2417
f 2413 2417 2418
f 2401 2398 2399
f 2401 2399 2400
f 2403 2401 2402
f 2404 2396 2397
f 2404 2397 2398
f 2404 2401 2403
f 2404 2398 2401
f 2409 2410 2411
f 2409 2411 2412
f 2405 2396 2404
f 2408 2409 2412
f 2407 2487 2488
f 2407 2488 2489
f 2407 2489 2490
f 2407 2490 2491
f 2407 2494 2495
f 2407 2448 2450
f 2407 2495 2496
f 2407 2498 2499
f 2407 2442 2448
f 2407 2499 2500
f 2407 2500 2501
f 2407 2501 2502
f 2407 2502 2503
f 2407 2503 2504
f 2407 2504 2505
f 2407 2530 2535
f 2407 2505 2506
f 2407 2405 2406
f 2407 2508 2509
f 2407 2509 2510
f 2407 2510 2511
f 2407 2412 2413
f 2407 2506 2508
f 2407 2439 2441
f 2407 2521 2530
f 2407 2418 2419
f 2407 2516 2521
f 2407 2427 2429
f 2407 2535 2396
f 2407 2437 2439
f 2407 2441 2442
f 2407 2408 2412
f 2407 2511 2516
f 2407 2459 2461
f 2407 2396 2405
f 2407 2458 2459
f 2407 2450 2458
f 2407 2461 2462
f 2407 2429 2437
f 2407 2462 2463
f 2407 2463 2464
f 2407 2464 2465
f 2407 2465 2466
f 2407 2466 2467
f 2407 2467 2468
f 2407 2468 2469
f 2407 2469 2470
f 2407 2470 2471
f 2407 2471 2472
f 2407 2472 2473
f 2407 2473 2474
f 2407 2419 2423
f 2407 2474 2475
f 2407 2475 2476
f 2407 2476 2477
f 2407 2423 2427
f 2407 2491 2494
f 2407 2477 2478
f 2407 2478 2479
f 2407 2479 2480
f 2407 2480 2481
f 2407 2481 2482
f 2407 2482 2483
f 2407 2483 2484
f 2407 2484 2485
f 2407 2496 2498
f 2407 2485 2486
f 2407 2486 2487
f 2407 2413 2418
f 2705 2704 2709
f 2546 2545 2708
f 2867 2865 2866
f 2703 2702 2870
f 2871 2705 2709
f 2871 2709 2710
f 2871 2710 2711
f 2872 2871 2711
f 2872 2711 2712
f 2872 2712 2713
f 2873 2705 2871
f 2873 2706 2705
f 2874 2713 2714
f 2874 2714 2715
f 2874 2872 2713
f 2875 2873 2871
f 2875 2871 2872
f 2876 2715 2716
f 2876 2716 2717
f 2876 2874 2715
f 2877 2706 2873
f 2877 2707 2706
f 2878 2875 2872
f 2878 2872 2874
f 2879 2876 2717
f 2879 2717 2718
f 2879 2718 2719
f 2880 2873 2875
f 2880 2877 2873
f 2881 2878 2874
f 2881 2874 2876
f 2882 2719 2720
f 2882 2720 2721
f 2882 2879 2719
f 2883 2547 2546
f 2883 2548 2547
f 2883 2707 2877
f 2883 2708 2707
f 2883 2546 2708
f 2884 2875 2878
f 2884 2880 2875
f 2885 2876 2879
f 2885 2881 2876
f 2886 2882 2721
f 2886 2721 2722
f 2886 2722 2723
f 2887 2549 2548
f 2887 2550 2549
f 2887 2877 2880
f 2887 2548 2883
f 2887 2883 2877
f 2888 2884 2878
f 2888 2878 2881
f 2889 2879 2882
f 2889 2885 2879
f 2890 2886 2723
f 2890 2723 2724
f 2890 2724 2725
f 2891 2551 2550
f 2891 2552 2551
f 2891 2887 2880
f 2891 2880 2884
f 2891 2550 2887
f 2892 2888 2881
f 2892 2881 2885
f 2893 2889 2882
f 2893 2882 2886
f 2894 2890 2725
f 2894 2725 2726
f 2894 2726 2727
f 2895 2552 2891
f 2895 2553 2552
f 2895 2554 2553
f 2895 2884 2888
f 2895 2891 2884
f 2896 2885 2889
f 2896 2892 2885
f 2897 2886 2890
f 2897 2893 2886
f 2898 2894 2727
f 2898 2727 2728
f 2898 2728 2729
f 2899 2555 2554
f 2899 2895 2888
f 2899 2556 2555
f 2899 2554 2895
f 2899 2888 2892
f 2900 2896 2889
f 2900 2893 2897
f 2900 2889 2893
f 2901 2890 2894
f 2901 2897 2890
f 2902 2898 2729
f 2902 2729 2730
f 2902 2730 2731
f 2903 2557 2556
f 2903 2558 2557
f 2903 2892 2896
f 2903 2899 2892
f 2903 2556 2899
f 2904 2900 2897
f 2905 2901 2894
f 2905 2894 2898
f 2906 2902 2731
f 2906 2731 2732
f 2906 2732 2733
f 2907 2903 2896
f 2907 2559 2558
f 2907 2560 2559
f 2907 2558 2903
f 2907 2896 2900
f 2908 2897 2901
f 2908 2904 2897
f 2909 2898 2902
f 2909 2905 2898
f 2910 2906 2733
f 2910 2733 2734
f 2910 2734 2735
f 2911 2561 2560
f 2911 2562 2561
f 2911 2907 2900
f 2911 2560 2907
f 2911 2900 2904
f 2912 2901 2905
f 2912 2908 2901
f 2913 2902 2906
f 2913 2909 2902
f 2914 2910 2735
f 2914 2735 2736
f 2914 2736 2737
f 2915 2563 2562
f 2915 2564 2563
f 2915 2908 2912
f 2915 2562 2911
f 2915 2904 2908
f 2915 2911 2904
f 2916 2905 2909
f 2916 2912 2905
f 2917 2913 2906
f 2917 2906 2910
f 2918 2914 2737
f 2918 2737 2738
f 2918 2738 2739
f 2919 2565 2564
f 2919 2566 2565
f 2919 2915 2912
f 2919 2564 2915
f 2920 2916 2909
f 2920 2909 2913
f 2921 2917 2910
f 2921 2910 2914
f 2922 2918 2739
f 2922 2739 2740
f 2922 2740 2741
f 2923 2919 2912
f 2923 2567 2566
f 2923 2568 2567
f 2923 2912 2916
f 2923 2566 2919
f 2924 2913 2917
f 2924 2920 2913
f 2925 2914 2918
f 2925 2921 2914
f 2926 2922 2741
f 2926 2741 2742
f 2926 2742 2743
f 2927 2569 2568
f 2927 2570 2569
f 2927 2916 2920
f 2927 2568 2923
f 2927 2923 2916
f 2928 2924 2917
f 2928 2917 2921
f 2929 2918 2922
f 2929 2925 2918
f 2930 2926 2743
f 2930 2743 2744
f 2930 2744 2745
f 2931 2571 2570
f 2931 2572 2571
f 2931 2927 2920
f 2931 2570 2927
f 2931 2920 2924
f 2932 2921 2925
f 2932 2928 2921
f 2933 2926 2930
f 2933 2922 2926
f 2933 2929 2922
f 2934 2746 2747
f 2934 2930 2745
f 2934 2745 2746
f 2935 2572 2931
f 2935 2924 2928
f 2935 2573 2572
f 2935 2574 2573
f 2935 2931 2924
f 2935 2928 2932
f 2936 2932 2925
f 2936 2925 2929
f 2937 2933 2930
f 2938 2747 2748
f 2938 2748 2749
f 2938 2934 2747
f 2939 2935 2932
f 2939 2575 2574
f 2939 2576 2575
f 2939 2574 2935
f 2940 2929 2933
f 2940 2936 2929
f 2941 2937 2930
f 2941 2930 2934
f 2942 2749 2750
f 2942 2750 2751
f 2942 2938 2749
f 2943 2576 2939
f 2943 2932 2936
f 2943 2577 2576
f 2943 2578 2577
f 2943 2939 2932
f 2944 2940 2933
f 2944 2933 2937
f 2945 2934 2938
f 2945 2941 2934
f 2946 2751 2752
f 2946 2752 2753
f 2946 2942 2751
f 2947 2936 2940
f 2947 2579 2578
f 2947 2580 2579
f 2947 2578 2943
f 2947 2940 2944
f 2947 2943 2936
f 2948 2944 2937
f 2948 2937 2941
f 2949 2938 2942
f 2949 2945 2938
f 2950 2753 2754
f 2950 2754 2755
f 2950 2946 2753
f 2951 2580 2947
f 2951 2581 2580
f 2951 2582 2581
f 2951 2947 2944
f 2952 2941 2945
f 2952 2948 2941
f 2953 2946 2950
f 2953 2949 2942
f 2953 2942 2946
f 2954 2755 2756
f 2954 2756 2757
f 2954 2950 2755
f 2955 2951 2944
f 2955 2944 2948
f 2955 2583 2582
f 2955 2584 2583
f 2955 2582 2951
f 2956 2952 2945
f 2956 2945 2949
f 2957 2953 2950
f 2958 2757 2758
f 2958 2758 2759
f 2958 2954 2757
f 2959 2584 2955
f 2959 2955 2948
f 2959 2585 2584
f 2959 2586 2585
f 2959 2948 2952
f 2960 2949 2953
f 2960 2956 2949
f 2960 2953 2957
f 2961 2950 2954
f 2961 2957 2950
f 2962 2759 2760
f 2962 2760 2761
f 2962 2958 2759
f 2963 2952 2956
f 2963 2586 2959
f 2963 2587 2586
f 2963 2588 2587
f 2963 2959 2952
f 2964 2960 2957
f 2965 2961 2954
f 2965 2954 2958
f 2966 2761 2762
f 2966 2762 2763
f 2966 2962 2761
f 2967 2960 2964
f 2967 2589 2588
f 2967 2590 2589
f 2967 2588 2963
f 2967 2963 2956
f 2967 2956 2960
f 2968 2964 2957
f 2968 2957 2961
f 2969 2962 2966
f 2969 2958 2962
f 2969 2965 2958
f 2970 2763 2764
f 2970 2764 2765
f 2970 2966 2763
f 2971 2967 2964
f 2971 2590 2967
f 2971 2591 2590
f 2971 2592 2591
f 2972 2968 2961
f 2972 2961 2965
f 2973 2969 2966
f 2974 2765 2766
f 2974 2766 2767
f 2974 2970 2765
f 2975 2592 2971
f 2975 2593 2592
f 2975 2594 2593
f 2975 2968 2972
f 2975 2971 2964
f 2975 2964 2968
f 2976 2969 2973
f 2976 2972 2965
f 2976 2965 2969
f 2977 2966 2970
f 2977 2973 2966
f 2978 2974 2767
f 2978 2767 2768
f 2978 2768 2769
f 2979 2594 2975
f 2979 2595 2594
f 2979 2975 2972
f 2979 2596 2595
f 2980 2976 2973
f 2981 2977 2970
f 2981 2970 2974
f 2982 2769 2770
f 2982 2770 2771
f 2982 2978 2769
f 2983 2972 2976
f 2983 2597 2596
f 2983 2598 2597
f 2983 2596 2979
f 2983 2979 2972
f 2984 2980 2973
f 2984 2973 2977
f 2985 2974 2978
f 2985 2978 2982
f 2985 2981 2974
f 2986 2771 2772
f 2986 2772 2773
f 2986 2982 2771
f 2987 2980 2984
f 2987 2976 2980
f 2987 2983 2976
f 2987 2599 2598
f 2987 2598 2983
f 2987 2600 2599
f 2988 2984 2977
f 2988 2977 2981
f 2989 2985 2982
f 2990 2773 2774
f 2990 2774 2775
f 2990 2986 2773
f 2991 2601 2600
f 2991 2602 2601
f 2991 2987 2984
f 2991 2600 2987
f 2992 2981 2985
f 2992 2988 2981
f 2993 2989 2982
f 2993 2982 2986
f 2993 2986 2990
f 2994 2990 2775
f 2994 2775 2776
f 2994 2776 2777
f 2995 2984 2988
f 2995 2603 2602
f 2995 2604 2603
f 2995 2991 2984
f 2995 2602 2991
f 2995 2988 2992
f 2996 2985 2989
f 2996 2992 2985
f 2997 2993 2990
f 2998 2777 2778
f 2998 2778 2779
f 2998 2994 2777
f 2999 2604 2995
f 2999 2995 2992
f 2999 2605 2604
f 2999 2606 2605
f 3000 2989 2993
f 3000 2996 2989
f 3000 2993 2997
f 3001 2997 2990
f 3001 2994 2998
f 3001 2990 2994
f 3002 2779 2780
f 3002 2780 2781
f 3002 2998 2779
f 3003 2992 2996
f 3003 2607 2606
f 3003 2608 2607
f 3003 2999 2992
f 3003 2996 3000
f 3003 2606 2999
f 3004 3000 2997
f 3005 3001 2998
f 3006 2781 2782
f 3006 2782 2783
f 3006 3002 2781
f 3007 2608 3003
f 3007 3003 3000
f 3007 2609 2608
f 3007 2610 2609
f 3008 3004 2997
f 3008 2997 3001
f 3009 2998 3002
f 3009 3005 2998
f 3010 3006 2783
f 3010 2783 2784
f 3010 2784 2785
f 3011 3000 3004
f 3011 3007 3000
f 3011 3004 3008
f 3011 2610 3007
f 3011 2611 2610
f 3011 2612 2611
f 3012 3008 3001
f 3012 3001 3005
f 3013 3002 3006
f 3013 3006 3010
f 3013 3009 3002
f 3014 3010 2785
f 3014 2785 2786
f 3014 2786 2787
f 3015 2612 3011
f 3015 3011 3008
f 3015 2613 2612
f 3015 2614 2613
f 3016 3012 3005
f 3016 3005 3009
f 3017 3013 3010
f 3018 2787 2788
f 3018 2788 2789
f 3018 3014 2787
f 3019 3008 3012
f 3019 2615 2614
f 3019 2616 2615
f 3019 2614 3015
f 3019 3015 3008
f 3020 3009 3013
f 3020 3016 3009
f 3021 3014 3018
f 3021 3017 3010
f 3021 3010 3014
f 3022 2789 2790
f 3022 2790 2791
f 3022 3018 2789
f 3023 3019 3012
f 3023 2616 3019
f 3023 3016 3020
f 3023 2617 2616
f 3023 2618 2617
f 3023 3012 3016
f 3024 3013 3017
f 3024 3020 3013
f 3024 3017 3021
f 3025 3021 3018
f 3026 3022 2791
f 3026 2791 2792
f 3026 2792 2793
f 3027 3023 3020
f 3027 2619 2618
f 3027 2620 2619
f 3027 2618 3023
f 3028 3024 3021
f 3029 3018 3022
f 3029 3025 3018
f 3030 3026 2793
f 3030 2793 2794
f 3030 2794 2795
f 3031 2620 3027
f 3031 3020 3024
f 3031 3027 3020
f 3031 2621 2620
f 3031 2622 2621
f 3032 3028 3021
f 3032 3021 3025
f 3033 3026 3030
f 3033 3029 3022
f 3033 3022 3026
f 3034 3030 2795
f 3034 2795 2796
f 3034 2796 2797
f 3035 3031 3024
f 3035 3024 3028
f 3035 2623 2622
f 3035 2624 2623
f 3035 2622 3031
f 3035 3028 3032
f 3036 3025 3029
f 3036 3032 3025
f 3037 3033 3030
f 3038 3034 2797
f 3038 2797 2798
f 3038 2798 2799
f 3039 3035 3032
f 3039 2624 3035
f 3039 2625 2624
f 3039 2626 2625
f 3040 3033 3037
f 3040 3029 3033
f 3040 3036 3029
f 3041 3030 3034
f 3041 3037 3030
f 3041 3034 3038
f 3042 3038 2799
f 3042 2799 2800
f 3042 2800 2801
f 3043 3032 3036
f 3043 2626 3039
f 3043 2627 2626
f 3043 2628 2627
f 3043 3039 3032
f 3044 3040 3037
f 3045 3041 3038
f 3045 3038 3042
f 3046 3042 2801
f 3046 2801 2802
f 3046 2802 2803
f 3047 2628 3043
f 3047 3036 3040
f 3047 3040 3044
f 3047 3043 3036
f 3047 2629 2628
f 3047 2630 2629
f 3048 3037 3041
f 3048 3044 3037
f 3048 3041 3045
f 3049 3045 3042
f 3050 2803 2804
f 3050 2804 2805
f 3050 3046 2803
f 3051 3047 3044
f 3051 2630 3047
f 3051 2631 2630
f 3051 2632 2631
f 3052 3048 3045
f 3053 3042 3046
f 3053 3049 3042
f 3053 3046 3050
f 3054 2805 2806
f 3054 3050 2805
f 3054 2806 2807
f 3055 3044 3048
f 3055 3051 3044
f 3055 3048 3052
f 3055 2632 3051
f 3055 2633 2632
f 3055 2634 2633
f 3056 3052 3045
f 3056 3045 3049
f 3057 3053 3050
f 3058 2807 2808
f 3058 2808 2809
f 3058 3054 2807
f 3059 3052 3056
f 3059 3055 3052
f 3059 2635 2634
f 3059 2634 3055
f 3059 2636 2635
f 3060 3049 3053
f 3060 3053 3057
f 3060 3056 3049
f 3061 3050 3054
f 3061 3054 3058
f 3061 3057 3050
f 3062 2809 2810
f 3062 2810 2811
f 3062 3058 2809
f 3063 2636 3059
f 3063 3059 3056
f 3063 2637 2636
f 3063 2638 2637
f 3064 3060 3057
f 3065 3061 3058
f 3066 2811 2812
f 3066 2812 2813
f 3066 3062 2811
f 3067 2638 3063
f 3067 3056 3060
f 3067 3063 3056
f 3067 3060 3064
f 3067 2639 2638
f 3067 2640 2639
f 3068 3064 3057
f 3068 3057 3061
f 3068 3061 3065
f 3069 3065 3058
f 3069 3058 3062
f 3070 3066 2813
f 3070 2813 2814
f 3070 2814 2815
f 3071 3067 3064
f 3071 2640 3067
f 3071 2641 2640
f 3071 2642 2641
f 3072 3068 3065
f 3072 3065 3069
f 3073 3062 3066
f 3073 3069 3062
f 3073 3066 3070
f 3074 2815 2816
f 3074 2816 2817
f 3074 3070 2815
f 3075 3064 3068
f 3075 3071 3064
f 3075 2642 3071
f 3075 3068 3072
f 3075 2643 2642
f 3075 2644 2643
f 3076 3072 3069
f 3077 3073 3070
f 3078 2817 2818
f 3078 2818 2819
f 3078 3074 2817
f 3079 2646 2645
f 3079 3075 3072
f 3079 2644 3075
f 3079 3072 3076
f 3079 2645 2644
f 3080 3069 3073
f 3080 3076 3069
f 3081 3077 3070
f 3081 3070 3074
f 3082 3078 2819
f 3082 2819 2820
f 3082 2820 2821
f 3083 2647 2646
f 3083 2648 2647
f 3083 3079 3076
f 3083 2646 3079
f 3084 3073 3077
f 3084 3080 3073
f 3085 3074 3078
f 3085 3081 3074
f 3086 3082 2821
f 3086 2821 2822
f 3086 2822 2823
f 3087 2649 2648
f 3087 2650 2649
f 3087 3076 3080
f 3087 2648 3083
f 3087 3083 3076
f 3087 3080 3084
f 3088 3084 3077
f 3088 3077 3081
f 3089 3078 3082
f 3089 3085 3078
f 3090 3086 2823
f 3090 2823 2824
f 3090 2824 2825
f 3091 2651 2650
f 3091 2652 2651
f 3091 3084 3088
f 3091 2650 3087
f 3091 3087 3084
f 3092 3081 3085
f 3092 3088 3081
f 3092 3085 3089
f 3093 3082 3086
f 3093 3089 3082
f 3094 3090 2825
f 3094 2825 2826
f 3094 2826 2827
f 3095 2653 2652
f 3095 2654 2653
f 3095 2652 3091
f 3095 3091 3088
f 3096 3092 3089
f 3097 3093 3086
f 3097 3086 3090
f 3097 3090 3094
f 3098 3094 2827
f 3098 2827 2828
f 3098 2828 2829
f 3099 3088 3092
f 3099 2655 2654
f 3099 2656 2655
f 3099 3092 3096
f 3099 2654 3095
f 3099 3095 3088
f 3100 3089 3093
f 3100 3096 3089
f 3101 3097 3094
f 3102 3098 2829
f 3102 2829 2830
f 3102 2830 2831
f 3103 2656 3099
f 3103 2657 2656
f 3103 2658 2657
f 3103 3099 3096
f 3103 3096 3100
f 3104 3100 3093
f 3104 3093 3097
f 3105 3101 3094
f 3105 3094 3098
f 3106 3102 2831
f 3106 2831 2832
f 3106 2832 2833
f 3107 2659 2658
f 3107 2660 2659
f 3107 2658 3103
f 3107 3103 3100
f 3108 3104 3097
f 3108 3097 3101
f 3109 3098 3102
f 3109 3105 3098
f 3110 3106 2833
f 3110 2833 2834
f 3110 2834 2835
f 3111 2661 2660
f 3111 2662 2661
f 3111 2660 3107
f 3111 3100 3104
f 3111 3107 3100
f 3112 3108 3101
f 3112 3101 3105
f 3113 3109 3102
f 3113 3102 3106
f 3114 2835 2836
f 3114 2836 2837
f 3114 3110 2835
f 3115 2663 2662
f 3115 2664 2663
f 3115 2662 3111
f 3115 3104 3108
f 3115 3111 3104
f 3115 3108 3112
f 3116 3105 3109
f 3116 3109 3113
f 3116 3112 3105
f 3117 3113 3106
f 3117 3106 3110
f 3118 3114 2837
f 3118 2837 2838
f 3118 2838 2839
f 3119 2665 2664
f 3119 2666 2665
f 3119 2664 3115
f 3119 3115 3112
f 3120 3116 3113
f 3120 3113 3117
f 3121 3110 3114
f 3121 3117 3110
f 3122 3118 2839
f 3122 2839 2840
f 3122 2840 2841
f 3123 2666 3119
f 3123 2667 2666
f 3123 2668 2667
f 3123 3112 3116
f 3123 3119 3112
f 3124 3120 3117
f 3125 3121 3114
f 3125 3114 3118
f 3126 3122 2841
f 3126 2841 2842
f 3126 2842 2843
f 3127 2669 2668
f 3127 2670 2669
f 3127 2668 3123
f 3127 3116 3120
f 3127 3123 3116
f 3128 3117 3121
f 3128 3124 3117
f 3129 3125 3118
f 3129 3118 3122
f 3130 3126 2843
f 3130 2843 2844
f 3130 2844 2845
f 3131 3127 3120
f 3131 2671 2670
f 3131 2672 2671
f 3131 3124 3128
f 3131 2670 3127
f 3131 3120 3124
f 3132 3128 3121
f 3132 3121 3125
f 3133 3129 3122
f 3133 3122 3126
f 3134 3130 2845
f 3134 2845 2846
f 3134 2846 2847
f 3135 3131 3128
f 3135 2673 2672
f 3135 2674 2673
f 3135 2672 3131
f 3136 3132 3125
f 3136 3125 3129
f 3137 3126 3130
f 3137 3133 3126
f 3138 2847 2848
f 3138 3134 2847
f 3138 2848 2849
f 3139 2675 2674
f 3139 2676 2675
f 3139 3135 3128
f 3139 3128 3132
f 3139 2674 3135
f 3140 3136 3129
f 3140 3129 3133
f 3141 3137 3130
f 3141 3130 3134
f 3142 2849 2850
f 3142 2850 2851
f 3142 3138 2849
f 3143 3132 3136
f 3143 3139 3132
f 3143 2676 3139
f 3143 2677 2676
f 3143 2678 2677
f 3144 3133 3137
f 3144 3137 3141
f 3144 3140 3133
f 3145 3134 3138
f 3145 3141 3134
f 3146 2851 2852
f 3146 2852 2853
f 3146 3142 2851
f 3147 3136 3140
f 3147 3143 3136
f 3147 2679 2678
f 3147 2680 2679
f 3147 2678 3143
f 3148 3144 3141
f 3149 3138 3142
f 3149 3145 3138
f 3150 2853 2854
f 3150 2854 2855
f 3150 3146 2853
f 3151 2681 2680
f 3151 2682 2681
f 3151 3147 3140
f 3151 2680 3147
f 3151 3140 3144
f 3152 3148 3141
f 3152 3141 3145
f 3153 3142 3146
f 3153 3149 3142
f 3154 2855 2856
f 3154 2856 2857
f 3154 3150 2855
f 3155 2683 2682
f 3155 2684 2683
f 3155 3144 3148
f 3155 2682 3151
f 3155 3151 3144
f 3156 3145 3149
f 3156 3152 3145
f 3157 3153 3146
f 3157 3146 3150
f 3158 2857 2858
f 3158 2858 2859
f 3158 3154 2857
f 3159 2685 2684
f 3159 2686 2685
f 3159 2684 3155
f 3159 3155 3148
f 3159 3148 3152
f 3159 3152 3156
f 3160 3153 3157
f 3160 3156 3149
f 3160 3149 3153
f 3161 3150 3154
f 3161 3157 3150
f 3162 2859 2860
f 3162 2860 2861
f 3162 3158 2859
f 3163 3156 3160
f 3163 3159 3156
f 3163 2687 2686
f 3163 2688 2687
f 3163 2686 3159
f 3164 3160 3157
f 3165 3161 3154
f 3165 3154 3158
f 3166 2861 2862
f 3166 2862 2863
f 3166 3162 2861
f 3167 2689 2688
f 3167 2690 2689
f 3167 3163 3160
f 3167 2688 3163
f 3168 3164 3157
f 3168 3157 3161
f 3169 3165 3158
f 3169 3158 3162
f 3170 2863 2864
f 3170 2864 2865
f 3170 3166 2863
f 3170 2865 2867
f 3171 2690 3167
f 3171 3167 3160
f 3171 2691 2690
f 3171 2692 2691
f 3171 3160 3164
f 3172 3168 3161
f 3172 3161 3165
f 3173 3162 3166
f 3173 3169 3162
f 3174 2692 3171
f 3174 3164 3168
f 3174 3171 3164
f 3174 2693 2692
f 3174 2694 2693
f 3174 3168 3172
f 3175 3169 3173
f 3175 3172 3165
f 3175 3165 3169
f 3176 2867 2868
f 3176 3173 3166
f 3176 3170 2867
f 3176 3166 3170
f 3177 3174 3172
f 3177 2694 3174
f 3177 2695 2694
f 3177 2696 2695
f 3178 3175 3173
f 3179 3177 3172
f 3179 2696 3177
f 3179 2697 2696
f 3179 2698 2697
f 3179 3172 3175
f 3180 3176 2868
f 3180 2868 2869
f 3180 3178 3173
f 3180 3173 3176
f 3181 2699 2698
f 3181 2700 2699
f 3181 3175 3178
f 3181 2698 3179
f 3181 3179 3175
f 3182 2869 2870
f 3182 3180 2869
f 3182 2701 2700
f 3182 2702 2701
f 3182 2700 3181
f 3182 3178 3180
f 3182 3181 3178
f 3182 2870 2702
f 3344 3184 3183
f 3344 3185 3184
f 3345 3186 3185
f 3345 3185 3344
f 3346 3187 3186
f 3346 3188 3187
f 3346 3186 3345
f 3347 3188 3346
f 3348 3189 3188
f 3348 3188 3347
f 3349 3190 3189
f 3349 3189 3348
f 3350 3191 3190
f 3350 3192 3191
f 3350 3190 3349
f 3351 3192 3350
f 3352 3193 3192
f 3352 3192 3351
f 3353 3194 3193
f 3353 3193 3352
f 3354 3195 3194
f 3354 3194 3353
f 3355 3196 3195
f 3355 3197 3196
f 3355 3195 3354
f 3356 3197 3355
f 3357 3198 3197
f 3357 3197 3356
f 3358 3199 3198
f 3358 3198 3357
f 3359 3200 3199
f 3359 3199 3358
f 3360 3201 3200
f 3360 3200 3359
f 3361 3202 3201
f 3361 3203 3202
f 3361 3201 3360
f 3362 3204 3203
f 3362 3203 3361
f 3363 3204 3362
f 3364 3204 3363
f 3364 3205 3204
f 3365 3205 3364
f 3365 3206 3205
f 3365 3207 3206
f 3366 3207 3365
f 3367 3207 3366
f 3367 3208 3207
f 3368 3208 3367
f 3368 3209 3208
f 3368 3210 3209
f 3369 3210 3368
f 3369 3211 3210
f 3370 3211 3369
f 3371 3211 3370
f 3371 3212 3211
f 3372 3213 3212
f 3372 3212 3371
f 3373 3214 3213
f 3373 3213 3372
f 3374 3215 3214
f 3374 3214 3373
f 3375 3216 3215
f 3375 3215 3374
f 3376 3217 3216
f 3376 3216 3375
f 3377 3218 3217
f 3377 3219 3218
f 3377 3217 3376
f 3378 3219 3377
f 3379 3220 3219
f 3379 3219 3378
f 3380 3221 3220
f 3380 3220 3379
f 3381 3222 3221
f 3381 3221 3380
f 3382 3223 3222
f 3382 3222 3381
f 3383 3224 3223
f 3383 3223 3382
f 3384 3225 3224
f 3384 3224 3383
f 3385 3226 3225
f 3385 3225 3384
f 3386 3227 3226
f 3386 3226 3385
f 3387 3228 3227
f 3387 3227 3386
f 3388 3229 3228
f 3388 3228 3387
f 3389 3229 3388
f 3389 3230 3229
f 3390 3230 3389
f 3390 3231 3230
f 3391 3231 3390
f 3391 3232 3231
f 3391 3233 3232
f 3392 3233 3391
f 3392 3234 3233
f 3393 3234 3392
f 3393 3235 3234
f 3394 3235 3393
f 3395 3235 3394
f 3395 3236 3235
f 3396 3236 3395
f 3396 3237 3236
f 3396 3238 3237
f 3397 3238 3396
f 3398 3238 3397
f 3398 3239 3238
f 3399 3239 3398
f 3399 3240 3239
f 3400 3240 3399
f 3400 3241 3240
f 3400 3242 3241
f 3401 3242 3400
f 3402 3242 3401
f 3402 3243 3242
f 3402 3244 3243
f 3403 3244 3402
f 3403 3245 3244
f 3404 3245 3403
f 3405 3246 3245
f 3405 3247 3246
f 3405 3245 3404
f 3406 3247 3405
f 3407 3248 3247
f 3407 3247 3406
f 3408 3249 3248
f 3408 3248 3407
f 3409 3250 3249
f 3409 3249 3408
f 3410 3251 3250
f 3410 3250 3409
f 3411 3252 3251
f 3411 3251 3410
f 3412 3253 3252
f 3412 3252 3411
f 3413 3254 3253
f 3413 3253 3412
f 3414 3255 3254
f 3414 3254 3413
f 3415 3255 3414
f 3415 3256 3255
f 3416 3256 3415
f 3416 3257 3256
f 3416 3258 3257
f 3417 3258 3416
f 3418 3258 3417
f 3418 3259 3258
f 3419 3259 3418
f 3419 3260 3259
f 3419 3261 3260
f 3420 3261 3419
f 3420 3262 3261
f 3421 3262 3420
f 3421 3263 3262
f 3422 3263 3421
f 3423 3263 3422
f 3423 3264 3263
f 3423 3265 3264
f 3424 3265 3423
f 3425 3265 3424
f 3425 3266 3265
f 3426 3266 3425
f 3426 3267 3266
f 3426 3268 3267
f 3427 3268 3426
f 3427 3269 3268
f 3428 3269 3427
f 3428 3270 3269
f 3429 3270 3428
f 3430 3270 3429
f 3430 3271 3270
f 3431 3271 3430
f 3431 3272 3271
f 3431 3273 3272
f 3432 3273 3431
f 3433 3273 3432
f 3433 3274 3273
f 3433 3275 3274
f 3434 3275 3433
f 3435 3275 3434
f 3435 3276 3275
f 3436 3276 3435
f 3436 3277 3276
f 3436 3278 3277
f 3437 3278 3436
f 3438 3278 3437
f 3438 3279 3278
f 3438 3280 3279
f 3439 3280 3438
f 3440 3280 3439
f 3440 3281 3280
f 3441 3281 3440
f 3441 3282 3281
f 3442 3282 3441
f 3442 3283 3282
f 3443 3284 3283
f 3443 3283 3442
f 3444 3285 3284
f 3444 3284 3443
f 3445 3286 3285
f 3445 3287 3286
f 3445 3285 3444
f 3446 3287 3445
f 3447 3288 3287
f 3447 3289 3288
f 3447 3287 3446
f 3448 3290 3289
f 3448 3289 3447
f 3449 3291 3290
f 3449 3290 3448
f 3450 3292 3291
f 3450 3291 3449
f 3451 3293 3292
f 3451 3292 3450
f 3452 3293 3451
f 3453 3294 3293
f 3453 3295 3294
f 3453 3293 3452
f 3454 3295 3453
f 3455 3296 3295
f 3455 3297 3296
f 3455 3295 3454
f 3456 3297 3455
f 3457 3298 3297
f 3457 3297 3456
f 3458 3299 3298
f 3458 3298 3457
f 3459 3300 3299
f 3459 3299 3458
f 3460 3301 3300
f 3460 3302 3301
f 3460 3300 3459
f 3461 3302 3460
f 3462 3303 3302
f 3462 3302 3461
f 3463 3304 3303
f 3463 3305 3304
f 3463 3303 3462
f 3464 3305 3463
f 3465 3305 3464
f 3465 3306 3305
f 3466 3306 3465
f 3466 3307 3306
f 3467 3307 3466
f 3467 3308 3307
f 3468 3308 3467
f 3468 3309 3308
f 3468 3310 3309
f 3469 3310 3468
f 3469 3311 3310
f 3470 3311 3469
f 3471 3312 3311
f 3471 3311 3470
f 3471 3313 3312
f 3472 3314 3313
f 3472 3313 3471
f 3473 3314 3472
f 3474 3315 3314
f 3474 3316 3315
f 3474 3314 3473
f 3475 3316 3474
f 3476 3317 3316
f 3476 3316 3475
f 3477 3318 3317
f 3477 3319 3318
f 3477 3317 3476
f 3478 3319 3477
f 3479 3320 3319
f 3479 3319 3478
f 3480 3321 3320
f 3480 3322 3321
f 3480 3320 3479
f 3481 3322 3480
f 3482 3323 3322
f 3482 3324 3323
f 3482 3322 3481
f 3483 3324 3482
f 3484 3325 3324
f 3484 3326 3325
f 3484 3324 3483
f 3485 3326 3484
f 3486 3327 3326
f 3486 3328 3327
f 3486 3326 3485
f 3487 3328 3486
f 3488 3329 3328
f 3488 3330 3329
f 3488 3328 3487
f 3489 3330 3488
f 3490 3330 3489
f 3490 3331 3330
f 3490 3332 3331
f 3491 3332 3490
f 3492 3332 3491
f 3492 3333 3332
f 3493 3333 3492
f 3493 3334 3333
f 3493 3335 3334
f 3494 3335 3493
f 3494 3336 3335
f 3495 3336 3494
f 3496 3336 3495
f 3496 3337 3336
f 3497 3337 3496
f 3497 3338 3337
f 3498 3338 3497
f 3498 3339 3338
f 3499 3339 3498
f 3499 3340 3339
f 3500 3340 3499
f 3500 3341 3340
f 3343 3341 3500
f 3343 3342 3341
f 3606 3602 3601
f 3606 3603 3602
f 3606 3604 3603
f 3606 3605 3604
f 3606 3601 3600
f 3591 3593 3592
f 3591 3594 3593
f 3591 3595 3594
f 3591 3596 3595
f 3591 3597 3596
f 3591 3598 3597
f 3591 3599 3598
f 3609 3608 3607
f 3610 3609 3607
f 3589 3591 3590
f 3587 3589 3588
f 3613 3612 3611
f 3616 3607 3606
f 3616 3611 3610
f 3616 3614 3613
f 3616 3615 3614
f 3616 3610 3607
f 3616 3613 3611
f 3578 3580 3579
f 3577 3580 3578
f 3623 3621 3620
f 3623 3622 3621
f 3626 3624 3623
f 3626 3625 3624
f 3572 3574 3573
f 3572 3575 3574
f 3572 3576 3575
f 3629 3626 3623
f 3629 3627 3626
f 3629 3628 3627
f 3630 3629 3623
f 3569 3571 3570
f 3568 3572 3571
f 3568 3571 3569
f 3632 3631 3630
f 3632 3630 3623
f 3567 3572 3568
f 3635 3633 3632
f 3635 3634 3633
f 3564 3566 3565
f 3636 3635 3632
f 3637 3636 3632
f 3562 3564 3563
f 3562 3567 3566
f 3562 3566 3564
f 3638 3637 3632
f 3639 3638 3632
f 3560 3562 3561
f 3560 3567 3562
f 3559 3576 3572
f 3559 3567 3560
f 3559 3580 3577
f 3559 3572 3567
f 3559 3577 3576
f 3559 3581 3580
f 3559 3582 3581
f 3559 3583 3582
f 3559 3584 3583
f 3641 3617 3616
f 3641 3618 3617
f 3641 3619 3618
f 3641 3620 3619
f 3641 3640 3639
f 3641 3623 3620
f 3641 3632 3623
f 3641 3639 3632
f 3555 3557 3556
f 3645 3642 3641
f 3645 3643 3642
f 3645 3644 3643
f 3554 3557 3555
f 3554 3558 3557
f 3554 3559 3558
f 3647 3646 3645
f 3552 3554 3553
f 3648 3616 3606
f 3648 3641 3616
f 3648 3647 3645
f 3648 3645 3641
f 3648 3606 3600
f 3648 3600 3599
f 3551 3554 3552
f 3550 3554 3551
f 3651 3649 3648
f 3651 3650 3649
f 3548 3550 3549
f 3546 3548 3547
f 3544 3546 3545
f 3544 3550 3548
f 3544 3548 3546
f 3656 3653 3652
f 3656 3654 3653
f 3656 3655 3654
f 3658 3652 3651
f 3658 3657 3656
f 3658 3656 3652
f 3501 3658 3651
f 3540 3542 3541
f 3539 3543 3542
f 3539 3542 3540
f 3503 3502 3501
f 3503 3591 3589
f 3503 3589 3587
f 3503 3648 3599
f 3503 3501 3651
f 3503 3651 3648
f 3503 3586 3585
f 3503 3587 3586
f 3503 3599 3591
f 3538 3544 3543
f 3538 3543 3539
f 3506 3504 3503
f 3506 3505 3504
f 3535 3537 3536
f 3535 3538 3537
f 3507 3506 3503
f 3509 3508 3507
f 3509 3507 3503
f 3531 3533 3532
f 3531 3534 3533
f 3511 3510 3509
f 3530 3538 3535
f 3530 3534 3531
f 3530 3535 3534
f 3512 3511 3509
f 3513 3512 3509
f 3513 3509 3503
f 3527 3529 3528
f 3527 3530 3529
f 3526 3530 3527
f 3517 3516 3515
f 3524 3526 3525
f 3524 3530 3526
f 3518 3514 3513
f 3518 3515 3514
f 3518 3513 3503
f 3518 3517 3515
f 3522 3524 3523
f 3520 3519 3518
f 3521 3503 3585
f 3521 3544 3538
f 3521 3584 3559
f 3521 3559 3554
f 3521 3538 3530
f 3521 3530 3524
f 3521 3520 3518
f 3521 3518 3503
f 3521 3554 3550
f 3521 3524 3522
f 3521 3550 3544
f 3521 3585 3584
f 3766 3763 3764
f 3766 3764 3765
f 3770 3768 3769
f 3780 3778 3779
f 3731 3732 3733
f 3786 3783 3784
f 3786 3784 3785
f 3728 3729 3730
f 3788 3783 3786
f 3788 3786 3787
f 3726 3727 3728
f 3790 3788 3789
f 3791 3788 3790
f 3723 3724 3725
f 3723 3725 3726
f 3793 3791 3792
f 3793 3788 3791
f 3722 3728 3730
f 3722 3726 3728
f 3722 3723 3726
f 3720 3721 3722
f 3796 3793 3794
f 3796 3794 3795
f 3717 3718 3719
f 3717 3719 3720
f 3799 3797 3798
f 3800 3797 3799
f 3801 3797 3800
f 3714 3717 3720
f 3714 3715 3716
f 3714 3716 3717
f 3802 3797 3801
f 3802 3796 3797
f 3802 3793 3796
f 3711 3712 3713
f 3805 3802 3803
f 3805 3803 3804
f 3806 3802 3805
f 3709 3710 3711
f 3807 3802 3806
f 3810 3807 3808
f 3810 3808 3809
f 3704 3705 3706
f 3812 3810 3811
f 3703 3704 3706
f 3703 3706 3707
f 3703 3707 3708
f 3813 3810 3812
f 3701 3702 3703
f 3701 3708 3709
f 3701 3703 3708
f 3815 3813 3814
f 3816 3813 3815
f 3699 3700 3701
f 3660 3816 3659
f 3661 3816 3660
f 3696 3697 3698
f 3695 3696 3698
f 3695 3698 3699
f 3663 3661 3662
f 3664 3661 3663
f 3665 3816 3661
f 3665 3661 3664
f 3692 3693 3694
f 3692 3694 3695
f 3691 3692 3695
f 3668 3665 3666
f 3668 3666 3667
f 3668 3810 3813
f 3668 3807 3810
f 3668 3813 3816
f 3668 3816 3665
f 3686 3687 3688
f 3686 3688 3689
f 3685 3686 3689
f 3685 3689 3690
f 3673 3670 3671
f 3673 3671 3672
f 3675 3673 3674
f 3676 3668 3669
f 3676 3669 3670
f 3676 3673 3675
f 3676 3670 3673
f 3681 3682 3683
f 3681 3683 3684
f 3677 3668 3676
f 3680 3681 3684
f 3679 3759 3760
f 3679 3760 3761
f 3679 3761 3762
f 3679 3762 3763
f 3679 3766 3767
f 3679 3720 3722
f 3679 3767 3768
f 3679 3770 3771
f 3679 3714 3720
f 3679 3771 3772
f 3679 3772 3773
f 3679 3773 3774
f 3679 3774 3775
f 3679 3775 3776
f 3679 3776 3777
f 3679 3802 3807
f 3679 3777 3778
f 3679 3677 3678
f 3679 3780 3781
f 3679 3781 3782
f 3679 3782 3783
f 3679 3684 3685
f 3679 3778 3780
f 3679 3711 3713
f 3679 3793 3802
f 3679 3690 3691
f 3679 3788 3793
f 3679 3699 3701
f 3679 3807 3668
f 3679 3709 3711
f 3679 3713 3714
f 3679 3680 3684
f 3679 3783 3788
f 3679 3731 3733
f 3679 3668 3677
f 3679 3730 3731
f 3679 3722 3730
f 3679 3733 3734
f 3679 3701 3709
f 3679 3734 3735
f 3679 3735 3736
f 3679 3736 3737
f 3679 3737 3738
f 3679 3738 3739
f 3679 3739 3740
f 3679 3740 3741
f 3679 3741 3742
f 3679 3742 3743
f 3679 3743 3744
f 3679 3744 3745
f 3679 3745 3746
f 3679 3691 3695
f 3679 3746 3747
f 3679 3747 3748
f 3679 3748 3749
f 3679 3695 3699
f 3679 3763 3766
f 3679 3749 3750
f 3679 3750 3751
f 3679 3751 3752
f 3679 3752 3753
f 3679 3753 3754
f 3679 3754 3755
f 3679 3755 3756
f 3679 3756 3757
f 3679 3768 3770
f 3679 3757 3758
f 3679 3758 3759
f 3679 3685 3690
f 3977 3976 3981
f 3818 3817 3980
f 4139 4137 4138
f 3975 3974 4142
f 4143 3977 3981
f 4143 3981 3982
f 4143 3982 3983
f 4144 4143 3983
f 4144 3983 3984
f 4144 3984 3985
f 4145 3977 4143
f 4145 3978 3977
f 4146 3985 3986
f 4146 3986 3987
f 4146 4144 3985
f 4147 4145 4143
f 4147 4143 4144
f 4148 3987 3988
f 4148 3988 3989
f 4148 4146 3987
f 4149 3978 4145
f 4149 3979 3978
f 4150 4147 4144
f 4150 4144 4146
f 4151 4148 3989
f 4151 3989 3990
f 4151 3990 3991
f 4152 4145 4147
f 4152 4149 4145
f 4153 4150 4146
f 4153 4146 4148
f 4154 3991 3992
f 4154 3992 3993
f 4154 4151 3991
f 4155 3819 3818
f 4155 3820 3819
f 4155 3980 3979
f 4155 3979 4149
f 4155 3818 3980
f 4156 4152 4147
f 4156 4147 4150
f 4157 4148 4151
f 4157 4153 4148
f 4158 4154 3993
f 4158 3993 3994
f 4158 3994 3995
f 4159 3821 3820
f 4159 3822 3821
f 4159 4149 4152
f 4159 3820 4155
f 4159 4155 4149
f 4160 4156 4150
f 4160 4150 4153
f 4161 4154 4158
f 4161 4151 4154
f 4161 4157 4151
f 4162 4158 3995
f 4162 3995 3996
f 4162 3996 3997
f 4163 3823 3822
f 4163 3824 3823
f 4163 4152 4156
f 4163 4159 4152
f 4163 3822 4159
f 4164 4153 4157
f 4164 4160 4153
f 4165 4161 4158
f 4166 4162 3997
f 4166 3997 3998
f 4166 3998 3999
f 4167 3824 4163
f 4167 3825 3824
f 4167 3826 3825
f 4167 4163 4156
f 4167 4156 4160
f 4168 4157 4161
f 4168 4164 4157
f 4169 4158 4162
f 4169 4165 4158
f 4170 4166 3999
f 4170 3999 4000
f 4170 4000 4001
f 4171 3827 3826
f 4171 4167 4160
f 4171 3828 3827
f 4171 3826 4167
f 4171 4160 4164
f 4172 4168 4161
f 4172 4161 4165
f 4173 4162 4166
f 4173 4169 4162
f 4174 4170 4001
f 4174 4001 4002
f 4174 4002 4003
f 4175 3829 3828
f 4175 3830 3829
f 4175 4168 4172
f 4175 4164 4168
f 4175 4171 4164
f 4175 3828 4171
f 4176 4172 4165
f 4176 4165 4169
f 4177 4173 4166
f 4177 4170 4174
f 4177 4166 4170
f 4178 4003 4004
f 4178 4004 4005
f 4178 4174 4003
f 4179 3831 3830
f 4179 3832 3831
f 4179 3830 4175
f 4179 4175 4172
f 4180 4169 4173
f 4180 4176 4169
f 4181 4177 4174
f 4182 4178 4005
f 4182 4005 4006
f 4182 4006 4007
f 4183 4172 4176
f 4183 3833 3832
f 4183 3834 3833
f 4183 3832 4179
f 4183 4179 4172
f 4184 4180 4173
f 4184 4173 4177
f 4185 4181 4174
f 4185 4174 4178
f 4186 4182 4007
f 4186 4007 4008
f 4186 4008 4009
f 4187 3835 3834
f 4187 3836 3835
f 4187 3834 4183
f 4187 4176 4180
f 4187 4183 4176
f 4188 4177 4181
f 4188 4184 4177
f 4189 4178 4182
f 4189 4185 4178
f 4190 4186 4009
f 4190 4009 4010
f 4190 4010 4011
f 4191 3836 4187
f 4191 3837 3836
f 4191 3838 3837
f 4191 4180 4184
f 4191 4184 4188
f 4191 4187 4180
f 4192 4188 4181
f 4192 4181 4185
f 4193 4189 4182
f 4193 4182 4186
f 4194 4190 4011
f 4194 4011 4012
f 4194 4012 4013
f 4195 3839 3838
f 4195 3840 3839
f 4195 3838 4191
f 4195 4191 4188
f 4196 4185 4189
f 4196 4192 4185
f 4197 4186 4190
f 4197 4193 4186
f 4198 4194 4013
f 4198 4013 4014
f 4198 4014 4015
f 4199 3840 4195
f 4199 3841 3840
f 4199 3842 3841
f 4199 4188 4192
f 4199 4195 4188
f 4200 4196 4189
f 4200 4189 4193
f 4201 4190 4194
f 4201 4194 4198
f 4201 4197 4190
f 4202 4198 4015
f 4202 4015 4016
f 4202 4016 4017
f 4203 4199 4192
f 4203 3843 3842
f 4203 3844 3843
f 4203 3842 4199
f 4203 4192 4196
f 4204 4200 4193
f 4204 4197 4201
f 4204 4193 4197
f 4205 4201 4198
f 4206 4018 4019
f 4206 4202 4017
f 4206 4017 4018
f 4207 4196 4200
f 4207 3845 3844
f 4207 3846 3845
f 4207 3844 4203
f 4207 4203 4196
f 4208 4204 4201
f 4209 4198 4202
f 4209 4205 4198
f 4209 4202 4206
f 4210 4019 4020
f 4210 4020 4021
f 4210 4206 4019
f 4211 3846 4207
f 4211 3847 3846
f 4211 3848 3847
f 4211 4200 4204
f 4211 4207 4200
f 4212 4201 4205
f 4212 4208 4201
f 4213 4209 4206
f 4214 4021 4022
f 4214 4022 4023
f 4214 4210 4021
f 4215 4204 4208
f 4215 3849 3848
f 4215 3850 3849
f 4215 4211 4204
f 4215 3848 4211
f 4216 4212 4205
f 4216 4205 4209
f 4217 4206 4210
f 4217 4213 4206
f 4218 4023 4024
f 4218 4024 4025
f 4218 4214 4023
f 4219 4215 4208
f 4219 3851 3850
f 4219 3852 3851
f 4219 3850 4215
f 4219 4208 4212
f 4219 4212 4216
f 4220 4209 4213
f 4220 4216 4209
f 4221 4217 4210
f 4221 4210 4214
f 4222 4025 4026
f 4222 4026 4027
f 4222 4218 4025
f 4223 3852 4219
f 4223 4216 4220
f 4223 4219 4216
f 4223 3853 3852
f 4223 3854 3853
f 4224 4220 4213
f 4224 4213 4217
f 4225 4214 4218
f 4225 4218 4222
f 4225 4221 4214
f 4226 4027 4028
f 4226 4028 4029
f 4226 4222 4027
f 4227 3855 3854
f 4227 3856 3855
f 4227 3854 4223
f 4227 4223 4220
f 4228 4217 4221
f 4228 4224 4217
f 4229 4225 4222
f 4230 4029 4030
f 4230 4030 4031
f 4230 4226 4029
f 4231 3856 4227
f 4231 3857 3856
f 4231 3858 3857
f 4231 4227 4220
f 4231 4220 4224
f 4232 4228 4221
f 4232 4221 4225
f 4232 4225 4229
f 4233 4229 4222
f 4233 4222 4226
f 4234 4031 4032
f 4234 4032 4033
f 4234 4230 4031
f 4235 3859 3858
f 4235 3860 3859
f 4235 4231 4224
f 4235 3858 4231
f 4235 4224 4228
f 4236 4232 4229
f 4237 4226 4230
f 4237 4230 4234
f 4237 4233 4226
f 4238 4033 4034
f 4238 4034 4035
f 4238 4234 4033
f 4239 4228 4232
f 4239 3861 3860
f 4239 3862 3861
f 4239 4235 4228
f 4239 3860 4235
f 4239 4232 4236
f 4240 4236 4229
f 4240 4229 4233
f 4241 4237 4234
f 4242 4035 4036
f 4242 4036 4037
f 4242 4238 4035
f 4243 4239 4236
f 4243 3863 3862
f 4243 3864 3863
f 4243 3862 4239
f 4244 4240 4233
f 4244 4233 4237
f 4245 4238 4242
f 4245 4241 4234
f 4245 4234 4238
f 4246 4037 4038
f 4246 4038 4039
f 4246 4242 4037
f 4247 4243 4236
f 4247 4236 4240
f 4247 3865 3864
f 4247 3866 3865
f 4247 3864 4243
f 4248 4241 4245
f 4248 4237 4241
f 4248 4244 4237
f 4249 4245 4242
f 4250 4246 4039
f 4250 4039 4040
f 4250 4040 4041
f 4251 4244 4248
f 4251 4240 4244
f 4251 3866 4247
f 4251 3867 3866
f 4251 3868 3867
f 4251 4247 4240
f 4252 4248 4245
f 4253 4249 4242
f 4253 4242 4246
f 4254 4041 4042
f 4254 4042 4043
f 4254 4250 4041
f 4255 4251 4248
f 4255 3868 4251
f 4255 3869 3868
f 4255 3870 3869
f 4256 4252 4245
f 4256 4245 4249
f 4257 4246 4250
f 4257 4253 4246
f 4258 4043 4044
f 4258 4044 4045
f 4258 4254 4043
f 4259 4248 4252
f 4259 4252 4256
f 4259 3871 3870
f 4259 3872 3871
f 4259 3870 4255
f 4259 4255 4248
f 4260 4256 4249
f 4260 4249 4253
f 4261 4250 4254
f 4261 4257 4250
f 4261 4254 4258
f 4262 4045 4046
f 4262 4046 4047
f 4262 4258 4045
f 4263 3873 3872
f 4263 3874 3873
f 4263 3872 4259
f 4263 4259 4256
f 4264 4253 4257
f 4264 4260 4253
f 4265 4261 4258
f 4265 4258 4262
f 4266 4047 4048
f 4266 4048 4049
f 4266 4262 4047
f 4267 4256 4260
f 4267 3875 3874
f 4267 3876 3875
f 4267 4263 4256
f 4267 3874 4263
f 4268 4264 4257
f 4268 4257 4261
f 4269 4265 4262
f 4270 4049 4050
f 4270 4050 4051
f 4270 4266 4049
f 4271 3876 4267
f 4271 4267 4260
f 4271 4260 4264
f 4271 4264 4268
f 4271 3877 3876
f 4271 3878 3877
f 4272 4268 4261
f 4272 4261 4265
f 4272 4265 4269
f 4273 4266 4270
f 4273 4269 4262
f 4273 4262 4266
f 4274 4051 4052
f 4274 4052 4053
f 4274 4270 4051
f 4275 4271 4268
f 4275 3878 4271
f 4275 3879 3878
f 4275 3880 3879
f 4276 4272 4269
f 4277 4270 4274
f 4277 4273 4270
f 4278 4053 4054
f 4278 4054 4055
f 4278 4274 4053
f 4279 3880 4275
f 4279 3881 3880
f 4279 3882 3881
f 4279 4268 4272
f 4279 4275 4268
f 4280 4269 4273
f 4280 4276 4269
f 4281 4277 4274
f 4282 4055 4056
f 4282 4056 4057
f 4282 4278 4055
f 4283 4272 4276
f 4283 3882 4279
f 4283 4279 4272
f 4283 3883 3882
f 4283 3884 3883
f 4283 4276 4280
f 4284 4273 4277
f 4284 4280 4273
f 4285 4281 4274
f 4285 4278 4282
f 4285 4274 4278
f 4286 4057 4058
f 4286 4058 4059
f 4286 4282 4057
f 4287 4283 4280
f 4287 3884 4283
f 4287 3885 3884
f 4287 3886 3885
f 4288 4284 4277
f 4288 4277 4281
f 4289 4285 4282
f 4289 4282 4286
f 4290 4059 4060
f 4290 4060 4061
f 4290 4286 4059
f 4291 4280 4284
f 4291 3887 3886
f 4291 3888 3887
f 4291 3886 4287
f 4291 4287 4280
f 4292 4288 4281
f 4292 4281 4285
f 4293 4289 4286
f 4294 4061 4062
f 4294 4062 4063
f 4294 4290 4061
f 4295 3888 4291
f 4295 4284 4288
f 4295 4288 4292
f 4295 3889 3888
f 4295 3890 3889
f 4295 4291 4284
f 4296 4285 4289
f 4296 4292 4285
f 4296 4289 4293
f 4297 4286 4290
f 4297 4293 4286
f 4297 4290 4294
f 4298 4294 4063
f 4298 4063 4064
f 4298 4064 4065
f 4299 3891 3890
f 4299 3892 3891
f 4299 4295 4292
f 4299 3890 4295
f 4300 4296 4293
f 4301 4297 4294
f 4302 4298 4065
f 4302 4065 4066
f 4302 4066 4067
f 4303 4299 4292
f 4303 3893 3892
f 4303 3894 3893
f 4303 4292 4296
f 4303 3892 4299
f 4304 4300 4293
f 4304 4293 4297
f 4305 4294 4298
f 4305 4298 4302
f 4305 4301 4294
f 4306 4302 4067
f 4306 4067 4068
f 4306 4068 4069
f 4307 4296 4300
f 4307 3895 3894
f 4307 3896 3895
f 4307 4303 4296
f 4307 3894 4303
f 4308 4297 4301
f 4308 4304 4297
f 4309 4305 4302
f 4310 4306 4069
f 4310 4069 4070
f 4310 4070 4071
f 4311 3896 4307
f 4311 4300 4304
f 4311 4304 4308
f 4311 4307 4300
f 4311 3897 3896
f 4311 3898 3897
f 4312 4301 4305
f 4312 4308 4301
f 4312 4305 4309
f 4313 4302 4306
f 4313 4306 4310
f 4313 4309 4302
f 4314 4310 4071
f 4314 4071 4072
f 4314 4072 4073
f 4315 3898 4311
f 4315 4311 4308
f 4315 3899 3898
f 4315 3900 3899
f 4316 4312 4309
f 4317 4313 4310
f 4317 4310 4314
f 4318 4073 4074
f 4318 4074 4075
f 4318 4314 4073
f 4319 4312 4316
f 4319 4315 4308
f 4319 3900 4315
f 4319 3901 3900
f 4319 3902 3901
f 4319 4308 4312
f 4320 4316 4309
f 4320 4309 4313
f 4320 4313 4317
f 4321 4317 4314
f 4322 4318 4075
f 4322 4075 4076
f 4322 4076 4077
f 4323 4319 4316
f 4323 3902 4319
f 4323 3903 3902
f 4323 3904 3903
f 4324 4320 4317
f 4325 4318 4322
f 4325 4314 4318
f 4325 4321 4314
f 4326 4322 4077
f 4326 4077 4078
f 4326 4078 4079
f 4327 4316 4320
f 4327 4323 4316
f 4327 4320 4324
f 4327 3904 4323
f 4327 3905 3904
f 4327 3906 3905
f 4328 4324 4317
f 4328 4317 4321
f 4329 4325 4322
f 4330 4079 4080
f 4330 4080 4081
f 4330 4326 4079
f 4331 4324 4328
f 4331 4327 4324
f 4331 3907 3906
f 4331 3906 4327
f 4331 3908 3907
f 4332 4321 4325
f 4332 4325 4329
f 4332 4328 4321
f 4333 4322 4326
f 4333 4326 4330
f 4333 4329 4322
f 4334 4330 4081
f 4334 4081 4082
f 4334 4082 4083
f 4335 3908 4331
f 4335 4331 4328
f 4335 3909 3908
f 4335 3910 3909
f 4336 4332 4329
f 4337 4333 4330
f 4338 4083 4084
f 4338 4084 4085
f 4338 4334 4083
f 4339 4332 4336
f 4339 3910 4335
f 4339 4328 4332
f 4339 3911 3910
f 4339 3912 3911
f 4339 4335 4328
f 4340 4336 4329
f 4340 4333 4337
f 4340 4329 4333
f 4341 4337 4330
f 4341 4330 4334
f 4342 4338 4085
f 4342 4085 4086
f 4342 4086 4087
f 4343 4339 4336
f 4343 3912 4339
f 4343 4336 4340
f 4343 3913 3912
f 4343 3914 3913
f 4344 4337 4341
f 4344 4340 4337
f 4345 4341 4334
f 4345 4334 4338
f 4346 4087 4088
f 4346 4088 4089
f 4346 4342 4087
f 4347 4343 4340
f 4347 3914 4343
f 4347 3915 3914
f 4347 3916 3915
f 4348 4344 4341
f 4349 4345 4338
f 4349 4338 4342
f 4350 4089 4090
f 4350 4090 4091
f 4350 4346 4089
f 4351 3918 3917
f 4351 4347 4340
f 4351 4340 4344
f 4351 3916 4347
f 4351 4344 4348
f 4351 3917 3916
f 4352 4341 4345
f 4352 4348 4341
f 4353 4342 4346
f 4353 4349 4342
f 4354 4350 4091
f 4354 4091 4092
f 4354 4092 4093
f 4355 3919 3918
f 4355 3920 3919
f 4355 4351 4348
f 4355 3918 4351
f 4356 4345 4349
f 4356 4352 4345
f 4357 4346 4350
f 4357 4353 4346
f 4358 4354 4093
f 4358 4093 4094
f 4358 4094 4095
f 4359 3921 3920
f 4359 3922 3921
f 4359 3920 4355
f 4359 4348 4352
f 4359 4355 4348
f 4360 4349 4353
f 4360 4356 4349
f 4361 4350 4354
f 4361 4357 4350
f 4362 4358 4095
f 4362 4095 4096
f 4362 4096 4097
f 4363 3923 3922
f 4363 3924 3923
f 4363 3922 4359
f 4363 4352 4356
f 4363 4359 4352
f 4363 4356 4360
f 4364 4353 4357
f 4364 4360 4353
f 4364 4357 4361
f 4365 4354 4358
f 4365 4361 4354
f 4366 4362 4097
f 4366 4097 4098
f 4366 4098 4099
f 4367 4360 4364
f 4367 3925 3924
f 4367 3926 3925
f 4367 3924 4363
f 4367 4363 4360
f 4368 4364 4361
f 4369 4365 4358
f 4369 4358 4362
f 4369 4362 4366
f 4370 4366 4099
f 4370 4099 4100
f 4370 4100 4101
f 4371 3927 3926
f 4371 3928 3927
f 4371 3926 4367
f 4371 4367 4364
f 4372 4361 4365
f 4372 4368 4361
f 4373 4369 4366
f 4374 4370 4101
f 4374 4101 4102
f 4374 4102 4103
f 4375 3928 4371
f 4375 3929 3928
f 4375 3930 3929
f 4375 4364 4368
f 4375 4371 4364
f 4375 4368 4372
f 4376 4372 4365
f 4376 4365 4369
f 4377 4366 4370
f 4377 4373 4366
f 4378 4374 4103
f 4378 4103 4104
f 4378 4104 4105
f 4379 3931 3930
f 4379 3932 3931
f 4379 3930 4375
f 4379 4375 4372
f 4380 4376 4369
f 4380 4369 4373
f 4381 4377 4370
f 4381 4370 4374
f 4382 4378 4105
f 4382 4105 4106
f 4382 4106 4107
f 4383 4379 4372
f 4383 4372 4376
f 4383 3933 3932
f 4383 3934 3933
f 4383 3932 4379
f 4384 4373 4377
f 4384 4380 4373
f 4385 4374 4378
f 4385 4381 4374
f 4386 4107 4108
f 4386 4108 4109
f 4386 4382 4107
f 4387 3934 4383
f 4387 3935 3934
f 4387 3936 3935
f 4387 4383 4376
f 4387 4376 4380
f 4388 4377 4381
f 4388 4384 4377
f 4388 4381 4385
f 4389 4385 4378
f 4389 4378 4382
f 4390 4386 4109
f 4390 4109 4110
f 4390 4110 4111
f 4391 3937 3936
f 4391 3938 3937
f 4391 3936 4387
f 4391 4380 4384
f 4391 4387 4380
f 4392 4388 4385
f 4392 4385 4389
f 4393 4382 4386
f 4393 4389 4382
f 4394 4390 4111
f 4394 4111 4112
f 4394 4112 4113
f 4395 3939 3938
f 4395 3940 3939
f 4395 3938 4391
f 4395 4384 4388
f 4395 4391 4384
f 4395 4388 4392
f 4396 4392 4389
f 4397 4393 4386
f 4397 4386 4390
f 4398 4394 4113
f 4398 4113 4114
f 4398 4114 4115
f 4399 3941 3940
f 4399 3942 3941
f 4399 4395 4392
f 4399 3940 4395
f 4400 4389 4393
f 4400 4396 4389
f 4401 4390 4394
f 4401 4397 4390
f 4402 4398 4115
f 4402 4115 4116
f 4402 4116 4117
f 4403 4399 4392
f 4403 4396 4400
f 4403 3943 3942
f 4403 3944 3943
f 4403 3942 4399
f 4403 4392 4396
f 4404 4400 4393
f 4404 4393 4397
f 4405 4401 4394
f 4405 4394 4398
f 4406 4402 4117
f 4406 4117 4118
f 4406 4118 4119
f 4407 4403 4400
f 4407 3945 3944
f 4407 3946 3945
f 4407 3944 4403
f 4408 4397 4401
f 4408 4404 4397
f 4409 4398 4402
f 4409 4405 4398
f 4410 4119 4120
f 4410 4120 4121
f 4410 4406 4119
f 4411 3946 4407
f 4411 4404 4408
f 4411 3947 3946
f 4411 4400 4404
f 4411 3948 3947
f 4411 4407 4400
f 4412 4401 4405
f 4412 4408 4401
f 4413 4409 4402
f 4413 4402 4406
f 4414 4121 4122
f 4414 4122 4123
f 4414 4410 4121
f 4415 3948 4411
f 4415 4411 4408
f 4415 3949 3948
f 4415 3950 3949
f 4416 4412 4405
f 4416 4405 4409
f 4416 4409 4413
f 4417 4413 4406
f 4417 4406 4410
f 4418 4123 4124
f 4418 4124 4125
f 4418 4414 4123
f 4419 4408 4412
f 4419 4415 4408
f 4419 3951 3950
f 4419 3952 3951
f 4419 3950 4415
f 4420 4416 4413
f 4421 4410 4414
f 4421 4417 4410
f 4422 4125 4126
f 4422 4126 4127
f 4422 4418 4125
f 4423 4419 4412
f 4423 3953 3952
f 4423 3954 3953
f 4423 3952 4419
f 4423 4412 4416
f 4424 4420 4413
f 4424 4413 4417
f 4425 4421 4414
f 4425 4414 4418
f 4426 4127 4128
f 4426 4128 4129
f 4426 4422 4127
f 4427 3955 3954
f 4427 3956 3955
f 4427 4416 4420
f 4427 4420 4424
f 4427 3954 4423
f 4427 4423 4416
f 4428 4417 4421
f 4428 4424 4417
f 4429 4418 4422
f 4429 4425 4418
f 4430 4129 4130
f 4430 4130 4131
f 4430 4426 4129
f 4431 3957 3956
f 4431 3958 3957
f 4431 3956 4427
f 4431 4427 4424
f 4432 4421 4425
f 4432 4428 4421
f 4432 4425 4429
f 4433 4429 4422
f 4433 4422 4426
f 4434 4131 4132
f 4434 4132 4133
f 4434 4430 4131
f 4435 4431 4424
f 4435 3959 3958
f 4435 3960 3959
f 4435 3958 4431
f 4435 4428 4432
f 4435 4424 4428
f 4436 4432 4429
f 4437 4433 4426
f 4437 4426 4430
f 4438 4434 4133
f 4438 4133 4134
f 4438 4134 4135
f 4439 4435 4432
f 4439 3961 3960
f 4439 3962 3961
f 4439 3960 4435
f 4440 4436 4429
f 4440 4429 4433
f 4441 4437 4430
f 4441 4430 4434
f 4442 4438 4135
f 4442 4135 4136
f 4442 4136 4137
f 4442 4137 4139
f 4443 3962 4439
f 4443 4436 4440
f 4443 3963 3962
f 4443 3964 3963
f 4443 4432 4436
f 4443 4439 4432
f 4444 4433 4437
f 4444 4440 4433
f 4445 4434 4438
f 4445 4441 4434
f 4446 3964 4443
f 4446 4443 4440
f 4446 3965 3964
f 4446 3966 3965
f 4447 4437 4441
f 4447 4444 4437
f 4447 4441 4445
f 4448 4139 4140
f 4448 4438 4442
f 4448 4445 4438
f 4448 4442 4139
f 4449 4446 4440
f 4449 3966 4446
f 4449 3967 3966
f 4449 3968 3967
f 4449 4440 4444
f 4450 4447 4445
f 4451 3968 4449
f 4451 3969 3968
f 4451 3970 3969
f 4451 4449 4444
f 4451 4444 4447
f 4452 4140 4141
f 4452 4141 4142
f 4452 4448 4140
f 4452 4445 4448
f 4452 4450 4445
f 4453 4447 4450
f 4453 4451 4447
f 4453 3971 3970
f 4453 3972 3971
f 4453 3970 4451
f 4453 4450 4452
f 4454 4452 4142
f 4454 3973 3972
f 4454 3974 3973
f 4454 4453 4452
f 4454 3972 4453
f 4454 4142 3974
f 4616 4456 4455
f 4616 4457 4456
f 4617 4458 4457
f 4617 4457 4616
f 4618 4459 4458
f 4618 4460 4459
f 4618 4458 4617
f 4619 4460 4618
f 4620 4461 4460
f 4620 4460 4619
f 4621 4462 4461
f 4621 4461 4620
f 4622 4463 4462
f 4622 4464 4463
f 4622 4462 4621
f 4623 4464 4622
f 4624 4465 4464
f 4624 4464 4623
f 4625 4466 4465
f 4625 4465 4624
f 4626 4467 4466
f 4626 4466 4625
f 4627 4468 4467
f 4627 4469 4468
f 4627 4467 4626
f 4628 4469 4627
f 4629 4470 4469
f 4629 4469 4628
f 4630 4471 4470
f 4630 4470 4629
f 4631 4472 4471
f 4631 4471 4630
f 4632 4473 4472
f 4632 4472 4631
f 4633 4474 4473
f 4633 4475 4474
f 4633 4473 4632
f 4634 4476 4475
f 4634 4475 4633
f 4635 4476 4634
f 4636 4476 4635
f 4636 4477 4476
f 4637 4477 4636
f 4637 4478 4477
f 4637 4479 4478
f 4638 4479 4637
f 4639 4479 4638
f 4639 4480 4479
f 4640 4480 4639
f 4640 4481 4480
f 4640 4482 4481
f 4641 4482 4640
f 4641 4483 4482
f 4642 4483 4641
f 4643 4483 4642
f 4643 4484 4483
f 4644 4485 4484
f 4644 4484 4643
f 4645 4486 4485
f 4645 4485 4644
f 4646 4487 4486
f 4646 4486 4645
f 4647 4488 4487
f 4647 4487 4646
f 4648 4489 4488
f 4648 4488 4647
f 4649 4490 4489
f 4649 4491 4490
f 4649 4489 4648
f 4650 4491 4649
f 4651 4492 4491
f 4651 4491 4650
f 4652 4493 4492
f 4652 4492 4651
f 4653 4494 4493
f 4653 4493 4652
f 4654 4495 4494
f 4654 4494 4653
f 4655 4496 4495
f 4655 4495 4654
f 4656 4497 4496
f 4656 4496 4655
f 4657 4498 4497
f 4657 4497 4656
f 4658 4499 4498
f 4658 4498 4657
f 4659 4500 4499
f 4659 4499 4658
f 4660 4501 4500
f 4660 4500 4659
f 4661 4501 4660
f 4661 4502 4501
f 4662 4502 4661
f 4662 4503 4502
f 4663 4503 4662
f 4663 4504 4503
f 4663 4505 4504
f 4664 4505 4663
f 4664 4506 4505
f 4665 4506 4664
f 4665 4507 4506
f 4666 4507 4665
f 4667 4507 4666
f 4667 4508 4507
f 4668 4508 4667
f 4668 4509 4508
f 4668 4510 4509
f 4669 4510 4668
f 4670 4510 4669
f 4670 4511 4510
f 4671 4511 4670
f 4671 4512 4511
f 4672 4512 4671
f 4672 4513 4512
f 4672 4514 4513
f 4673 4514 4672
f 4674 4514 4673
f 4674 4515 4514
f 4674 4516 4515
f 4675 4516 4674
f 4675 4517 4516
f 4676 4517 4675
f 4677 4518 4517
f 4677 4519 4518
f 4677 4517 4676
f 4678 4519 4677
f 4679 4520 4519
f 4679 4519 4678
f 4680 4521 4520
f 4680 4520 4679
f 4681 4522 4521
f 4681 4521 4680
f 4682 4523 4522
f 4682 4522 4681
f 4683 4524 4523
f 4683 4523 4682
f 4684 4525 4524
f 4684 4524 4683
f 4685 4526 4525
f 4685 4525 4684
f 4686 4527 4526
f 4686 4526 4685
f 4687 4527 4686
f 4687 4528 4527
f 4688 4528 4687
f 4688 4529 4528
f 4688 4530 4529
f 4689 4530 4688
f 4690 4530 4689
f 4690 4531 4530
f 4691 4531 4690
f 4691 4532 4531
f 4691 4533 4532
f 4692 4533 4691
f 4692 4534 4533
f 4693 4534 4692
f 4693 4535 4534
f 4694 4535 4693
f 4695 4535 4694
f 4695 4536 4535
f 4695 4537 4536
f 4696 4537 4695
f 4697 4537 4696
f 4697 4538 4537
f 4698 4538 4697
f 4698 4539 4538
f 4698 4540 4539
f 4699 4540 4698
f 4699 4541 4540
f 4700 4541 4699
f 4700 4542 4541
f 4701 4542 4700
f 4702 4542 4701
f 4702 4543 4542
f 4703 4543 4702
f 4703 4544 4543
f 4703 4545 4544
f 4704 4545 4703
f 4705 4545 4704
f 4705 4546 4545
f 4705 4547 4546
f 4706 4547 4705
f 4707 4547 4706
f 4707 4548 4547
f 4708 4548 4707
f 4708 4549 4548
f 4708 4550 4549
f 4709 4550 4708
f 4710 4550 4709
f 4710 4551 4550
f 4710 4552 4551
f 4711 4552 4710
f 4712 4552 4711
f 4712 4553 4552
f 4713 4553 4712
f 4713 4554 4553
f 4714 4554 4713
f 4714 4555 4554
f 4715 4556 4555
f 4715 4555 4714
f 4716 4557 4556
f 4716 4556 4715
f 4717 4558 4557
f 4717 4559 4558
f 4717 4557 4716
f 4718 4559 4717
f 4719 4560 4559
f 4719 4561 4560
f 4719 4559 4718
f 4720 4562 4561
f 4720 4561 4719
f 4721 4563 4562
f 4721 4562 4720
f 4722 4564 4563
f 4722 4563 4721
f 4723 4565 4564
f 4723 4564 4722
f 4724 4565 4723
f 4725 4566 4565
f 4725 4567 4566
f 4725 4565 4724
f 4726 4567 4725
f 4727 4568 4567
f 4727 4569 4568
f 4727 4567 4726
f 4728 4569 4727
f 4729 4570 4569
f 4729 4569 4728
f 4730 4571 4570
f 4730 4570 4729
f 4731 4572 4571
f 4731 4571 4730
f 4732 4573 4572
f 4732 4574 4573
f 4732 4572 4731
f 4733 4574 4732
f 4734 4575 4574
f 4734 4574 4733
f 4735 4576 4575
f 4735 4577 4576
f 4735 4575 4734
f 4736 4577 4735
f 4737 4577 4736
f 4737 4578 4577
f 4738 4578 4737
f 4738 4579 4578
f 4739 4579 4738
f 4739 4580 4579
f 4740 4580 4739
f 4740 4581 4580
f 4740 4582 4581
f 4741 4582 4740
f 4741 4583 4582
f 4742 4583 4741
f 4743 4584 4583
f 4743 4583 4742
f 4743 4585 4584
f 4744 4586 4585
f 4744 4585 4743
f 4745 4586 4744
f 4746 4587 4586
f 4746 4588 4587
f 4746 4586 4745
f 4747 4588 4746
f 4748 4589 4588
f 4748 4588 4747
f 4749 4590 4589
f 4749 4591 4590
f 4749 4589 4748
f 4750 4591 4749
f 4751 4592 4591
f 4751 4591 4750
f 4752 4593 4592
f 4752 4594 4593
f 4752 4592 4751
f 4753 4594 4752
f 4754 4595 4594
f 4754 4596 4595
f 4754 4594 4753
f 4755 4596 4754
f 4756 4597 4596
f 4756 4598 4597
f 4756 4596 4755
f 4757 4598 4756
f 4758 4599 4598
f 4758 4600 4599
f 4758 4598 4757
f 4759 4600 4758
f 4760 4601 4600
f 4760 4602 4601
f 4760 4600 4759
f 4761 4602 4760
f 4762 4602 4761
f 4762 4603 4602
f 4762 4604 4603
f 4763 4604 4762
f 4764 4604 4763
f 4764 4605 4604
f 4765 4605 4764
f 4765 4606 4605
f 4765 4607 4606
f 4766 4607 4765
f 4766 4608 4607
f 4767 4608 4766
f 4768 4608 4767
f 4768 4609 4608
f 4769 4609 4768
f 4769 4610 4609
f 4770 4610 4769
f 4770 4611 4610
f 4771 4611 4770
f 4771 4612 4611
f 4772 4612 4771
f 4772 4613 4612
f 4615 4613 4772
f 4615 4614 4613
f 4878 4874 4873
f 4878 4875 4874
f 4878 4876 4875
f 4878 4877 4876
f 4878 4873 4872
f 4863 4865 4864
f 4863 4866 4865
f 4863 4867 4866
f 4863 4868 4867
f 4863 4869 4868
f 4863 4870 4869
f 4863 4871 4870
f 4881 4880 4879
f 4882 4881 4879
f 4861 4863 4862
f 4859 4861 4860
f 4885 4884 4883
f 4888 4879 4878
f 4888 4883 4882
f 4888 4886 4885
f 4888 4887 4886
f 4888 4882 4879
f 4888 4885 4883
f 4850 4852 4851
f 4849 4852 4850
f 4895 4893 4892
f 4895 4894 4893
f 4898 4896 4895
f 4898 4897 4896
f 4844 4846 4845
f 4844 4847 4846
f 4844 4848 4847
f 4901 4898 4895
f 4901 4899 4898
f 4901 4900 4899
f 4902 4901 4895
f 4841 4843 4842
f 4840 4844 4843
f 4840 4843 4841
f 4904 4903 4902
f 4904 4902 4895
f 4839 4844 4840
f 4907 4905 4904
f 4907 4906 4905
f 4836 4838 4837
f 4908 4907 4904
f 4909 4908 4904
f 4834 4836 4835
f 4834 4839 4838
f 4834 4838 4836
f 4910 4909 4904
f 4911 4910 4904
f 4832 4834 4833
f 4832 4839 4834
f 4831 4848 4844
f 4831 4839 4832
f 4831 4852 4849
f 4831 4844 4839
f 4831 4849 4848
f 4831 4853 4852
f 4831 4854 4853
f 4831 4855 4854
f 4831 4856 4855
f 4913 4889 4888
f 4913 4890 4889
f 4913 4891 4890
f 4913 4892 4891
f 4913 4912 4911
f 4913 4895 4892
f 4913 4904 4895
f 4913 4911 4904
f 4827 4829 4828
f 4917 4914 4913
f 4917 4915 4914
f 4917 4916 4915
f 4826 4829 4827
f 4826 4830 4829
f 4826 4831 4830
f 4919 4918 4917
f 4824 4826 4825
f 4920 4888 4878
f 4920 4913 4888
f 4920 4919 4917
f 4920 4917 4913
f 4920 4878 4872
f 4920 4872 4871
f 4823 4826 4824
f 4822 4826 4823
f 4923 4921 4920
f 4923 4922 4921
f 4820 4822 4821
f 4818 4820 4819
f 4816 4818 4817
f 4816 4822 4820
f 4816 4820 4818
f 4928 4925 4924
f 4928 4926 4925
f 4928 4927 4926
f 4930 4924 4923
f 4930 4929 4928
f 4930 4928 4924
f 4773 4930 4923
f 4812 4814 4813
f 4811 4815 4814
f 4811 4814 4812
f 4775 4774 4773
f 4775 4863 4861
f 4775 4861 4859
f 4775 4920 4871
f 4775 4773 4923
f 4775 4923 4920
f 4775 4858 4857
f 4775 4859 4858
f 4775 4871 4863
f 4810 4816 4815
f 4810 4815 4811
f 4778 4776 4775
f 4778 4777 4776
f 4807 4809 4808
f 4807 4810 4809
f 4779 4778 4775
f 4781 4780 4779
f 4781 4779 4775
f 4803 4805 4804
f 4803 4806 4805
f 4783 4782 4781
f 4802 4810 4807
f 4802 4806 4803
f 4802 4807 4806
f 4784 4783 4781
f 4785 4784 4781
f 4785 4781 4775
f 4799 4801 4800
f 4799 4802 4801
f 4798 4802 4799
f 4789 4788 4787
f 4796 4798 4797
f 4796 4802 4798
f 4790 4786 4785
f 4790 4787 4786
f 4790 4785 4775
f 4790 4789 4787
f 4794 4796 4795
f 4792 4791 4790
f 4793 4775 4857
f 4793 4816 4810
f 4793 4856 4831
f 4793 4831 4826
f 4793 4810 4802
f 4793 4802 4796
f 4793 4792 4790
f 4793 4790 4775
f 4793 4826 4822
f 4793 4796 4794
f 4793 4822 4816
f 4793 4857 4856
f 5038 5035 5036
f 5038 5036 5037
f 5042 5040 5041
f 5052 5050 5051
f 5003 5004 5005
f 5058 5055 5056
f 5058 5056 5057
f 5000 5001 5002
f 5060 5055 5058
f 5060 5058 5059
f 4998 4999 5000
f 5062 5060 5061
f 5063 5060 5062
f 4995 4996 4997
f 4995 4997 4998
f 5065 5063 5064
f 5065 5060 5063
f 4994 5000 5002
f 4994 4998 5000
f 4994 4995 4998
f 4992 4993 4994
f 5068 5065 5066
f 5068 5066 5067
f 4989 4990 4991
f 4989 4991 4992
f 5071 5069 5070
f 5072 5069 5071
f 5073 5069 5072
f 4986 4989 4992
f 4986 4987 4988
f 4986 4988 4989
f 5074 5069 5073
f 5074 5068 5069
f 5074 5065 5068
f 4983 4984 4985
f 5077 5074 5075
f 5077 5075 5076
f 5078 5074 5077
f 4981 4982 4983
f 5079 5074 5078
f 5082 5079 5080
f 5082 5080 5081
f 4976 4977 4978
f 5084 5082 5083
f 4975 4976 4978
f 4975 4978 4979
f 4975 4979 4980
f 5085 5082 5084
f 4973 4974 4975
f 4973 4980 4981
f 4973 4975 4980
f 5087 5085 5086
f 5088 5085 5087
f 4971 4972 4973
f 4932 5088 4931
f 4933 5088 4932
f 4968 4969 4970
f 4967 4968 4970
f 4967 4970 4971
f 4935 4933 4934
f 4936 4933 4935
f 4937 5088 4933
f 4937 4933 4936
f 4964 4965 4966
f 4964 4966 4967
f 4963 4964 4967
f 4940 4937 4938
f 4940 4938 4939
f 4940 5082 5085
f 4940 5079 5082
f 4940 5085 5088
f 4940 5088 4937
f 4958 4959 4960
f 4958 4960 4961
f 4957 4958 4961
f 4957 4961 4962
f 4945 4942 4943
f 4945 4943 4944
f 4947 4945 4946
f 4948 4940 4941
f 4948 4941 4942
f 4948 4945 4947
f 4948 4942 4945
f 4953 4954 4955
f 4953 4955 4956
f 4949 4940 4948
f 4952 4953 4956
f 4951 5031 5032
f 4951 5032 5033
f 4951 5033 5034
f 4951 5034 5035
f 4951 5038 5039
f 4951 4992 4994
f 4951 5039 5040
f 4951 5042 5043
f 4951 4986 4992
f 4951 5043 5044
f 4951 5044 5045
f 4951 5045 5046
f 4951 5046 5047
f 4951 5047 5048
f 4951 5048 5049
f 4951 5074 5079
f 4951 5049 5050
f 4951 4949 4950
f 4951 5052 5053
f 4951 5053 5054
f 4951 5054 5055
f 4951 4956 4957
f 4951 5050 5052
f 4951 4983 4985
f 4951 5065 5074
f 4951 4962 4963
f 4951 5060 5065
f 4951 4971 4973
f 4951 5079 4940
f 4951 4981 4983
f 4951 4985 4986
f 4951 4952 4956
f 4951 5055 5060
f 4951 5003 5005
f 4951 4940 4949
f 4951 5002 5003
f 4951 4994 5002
f 4951 5005 5006
f 4951 4973 4981
f 4951 5006 5007
f 4951 5007 5008
f 4951 5008 5009
f 4951 5009 5010
f 4951 5010 5011
f 4951 5011 5012
f 4951 5012 5013
f 4951 5013 5014
f 4951 5014 5015
f 4951 5015 5016
f 4951 5016 5017
f 4951 5017 5018
f 4951 4963 4967
f 4951 5018 5019
f 4951 5019 5020
f 4951 5020 5021
f 4951 4967 4971
f 4951 5035 5038
f 4951 5021 5022
f 4951 5022 5023
f 4951 5023 5024
f 4951 5024 5025
f 4951 5025 5026
f 4951 5026 5027
f 4951 5027 5028
f 4951 5028 5029
f 4951 5040 5042
f 4951 5029 5030
f 4951 5030 5031
f 4951 4957 4962
