# Assembly coordinates in millimetres, Z-up.
mtllib Magnetic_Shield.mtl
o Magnetic_Shield
v 22.7490591 4.0112729 2.0000000 0.47 0.53 0.6
v 22.6186420 4.6911656 2.0000000 0.47 0.53 0.6
v 22.4679099 5.3668449 2.0000000 0.47 0.53 0.6
v 22.2969982 6.0377040 2.0000000 0.47 0.53 0.6
v 22.1060605 6.7031403 2.0000000 0.47 0.53 0.6
v 21.8952681 7.3625562 2.0000000 0.47 0.53 0.6
v 21.6648105 8.0153594 2.0000000 0.47 0.53 0.6
v 21.4148946 8.6609636 2.0000000 0.47 0.53 0.6
v 21.1457449 9.2987889 2.0000000 0.47 0.53 0.6
v 20.8576030 9.9282625 2.0000000 0.47 0.53 0.6
v 20.5507279 10.5488190 2.0000000 0.47 0.53 0.6
v 20.2253951 11.1599010 2.0000000 0.47 0.53 0.6
v 19.8818969 11.7609598 2.0000000 0.47 0.53 0.6
v 19.5205417 12.3514555 2.0000000 0.47 0.53 0.6
v 19.1416541 12.9308577 2.0000000 0.47 0.53 0.6
v 18.7455743 13.4986460 2.0000000 0.47 0.53 0.6
v 18.3326582 14.0543104 2.0000000 0.47 0.53 0.6
v 17.9032766 14.5973520 2.0000000 0.47 0.53 0.6
v 17.4578152 15.1272830 2.0000000 0.47 0.53 0.6
v 16.9966739 15.6436273 2.0000000 0.47 0.53 0.6
v 16.5202671 16.1459213 2.0000000 0.47 0.53 0.6
v 16.0290226 16.6337138 2.0000000 0.47 0.53 0.6
v 15.5233816 17.1065667 2.0000000 0.47 0.53 0.6
v 15.0037982 17.5640553 2.0000000 0.47 0.53 0.6
v 14.4707392 18.0057688 2.0000000 0.47 0.53 0.6
v 13.9246832 18.4313103 2.0000000 0.47 0.53 0.6
v 13.3661207 18.8402977 2.0000000 0.47 0.53 0.6
v 12.7955535 19.2323636 2.0000000 0.47 0.53 0.6
v 12.2134939 19.6071560 2.0000000 0.47 0.53 0.6
v 11.6204647 19.9643382 2.0000000 0.47 0.53 0.6
v 11.0169986 20.3035894 2.0000000 0.47 0.53 0.6
v 10.4036375 20.6246049 2.0000000 0.47 0.53 0.6
v 9.7809324 20.9270963 2.0000000 0.47 0.53 0.6
v 9.1494426 21.2107921 2.0000000 0.47 0.53 0.6
v 8.5097352 21.4754373 2.0000000 0.47 0.53 0.6
v 7.8623847 21.7207943 2.0000000 0.47 0.53 0.6
v 7.2079726 21.9466428 2.0000000 0.47 0.53 0.6
v 6.5470867 22.1527799 2.0000000 0.47 0.53 0.6
v 5.8803204 22.3390204 2.0000000 0.47 0.53 0.6
v 5.2082728 22.5051971 2.0000000 0.47 0.53 0.6
v 4.5315473 22.6511606 2.0000000 0.47 0.53 0.6
v 3.8507519 22.7767801 2.0000000 0.47 0.53 0.6
v 3.1664978 22.8819425 2.0000000 0.47 0.53 0.6
v 2.4793998 22.9665534 2.0000000 0.47 0.53 0.6
v 1.7900749 23.0305369 2.0000000 0.47 0.53 0.6
v 1.0991423 23.0738355 2.0000000 0.47 0.53 0.6
v 0.4072224 23.0964103 2.0000000 0.47 0.53 0.6
v -0.2850632 23.0982410 2.0000000 0.47 0.53 0.6
v -0.9770928 23.0793260 2.0000000 0.47 0.53 0.6
v -1.6682448 23.0396823 2.0000000 0.47 0.53 0.6
v -2.3578984 22.9793454 2.0000000 0.47 0.53 0.6
v -3.0454344 22.8983696 2.0000000 0.47 0.53 0.6
v -3.7302350 22.7968276 2.0000000 0.47 0.53 0.6
v -4.4116853 22.6748105 2.0000000 0.47 0.53 0.6
v -5.0891733 22.5324281 2.0000000 0.47 0.53 0.6
v -5.7620904 22.3698081 2.0000000 0.47 0.53 0.6
v -6.4298323 22.1870966 2.0000000 0.47 0.53 0.6
v -7.0917992 21.9844578 2.0000000 0.47 0.53 0.6
v -7.7473967 21.7620735 2.0000000 0.47 0.53 0.6
v -8.3960357 21.5201437 2.0000000 0.47 0.53 0.6
v -9.0371339 21.2588855 2.0000000 0.47 0.53 0.6
v -9.6701153 20.9785335 2.0000000 0.47 0.53 0.6
v -10.2944116 20.6793397 2.0000000 0.47 0.53 0.6
v -10.9094618 20.3615727 2.0000000 0.47 0.53 0.6
v -11.5147137 20.0255179 2.0000000 0.47 0.53 0.6
v -12.1096237 19.6714772 2.0000000 0.47 0.53 0.6
v -12.6936574 19.2997684 2.0000000 0.47 0.53 0.6
v -13.2662902 18.9107256 2.0000000 0.47 0.53 0.6
v -13.8270080 18.5046981 2.0000000 0.47 0.53 0.6
v -14.3753069 18.0820505 2.0000000 0.47 0.53 0.6
v -14.9106947 17.6431625 2.0000000 0.47 0.53 0.6
v -15.4326904 17.1884283 2.0000000 0.47 0.53 0.6
v -15.9408252 16.7182563 2.0000000 0.47 0.53 0.6
v -16.4346427 16.2330687 2.0000000 0.47 0.53 0.6
v -16.9136994 15.7333014 2.0000000 0.47 0.53 0.6
v -17.3775650 15.2194032 2.0000000 0.47 0.53 0.6
v -17.8258230 14.6918356 2.0000000 0.47 0.53 0.6
v -18.2580707 14.1510726 2.0000000 0.47 0.53 0.6
v -18.6739198 13.5975997 2.0000000 0.47 0.53 0.6
v -19.0729970 13.0319142 2.0000000 0.47 0.53 0.6
v -19.4549436 12.4545240 2.0000000 0.47 0.53 0.6
v -19.8194168 11.8659477 2.0000000 0.47 0.53 0.6
v -20.1660892 11.2667141 2.0000000 0.47 0.53 0.6
v -20.4946494 10.6573612 2.0000000 0.47 0.53 0.6
v -20.8048022 10.0384364 2.0000000 0.47 0.53 0.6
v -21.0962692 9.4104955 2.0000000 0.47 0.53 0.6
v -21.3687885 8.7741026 2.0000000 0.47 0.53 0.6
v -21.6221154 8.1298293 2.0000000 0.47 0.53 0.6
v -21.8560224 7.4782541 2.0000000 0.47 0.53 0.6
v -22.0702994 6.8199623 2.0000000 0.47 0.53 0.6
v -22.2647539 6.1555451 2.0000000 0.47 0.53 0.6
v -22.4392112 5.4855993 2.0000000 0.47 0.53 0.6
v -22.5935148 4.8107266 2.0000000 0.47 0.53 0.6
v -22.7275259 4.1315332 2.0000000 0.47 0.53 0.6
v -22.8411243 3.4486290 2.0000000 0.47 0.53 0.6
v -22.9342078 2.7626275 2.0000000 0.47 0.53 0.6
v -23.0066930 2.0741446 2.0000000 0.47 0.53 0.6
v -23.0585147 1.3837989 2.0000000 0.47 0.53 0.6
v -23.0896263 0.6922103 2.0000000 0.47 0.53 0.6
v -23.1000000 -0.0000000 2.0000000 0.47 0.53 0.6
v -23.0896263 -0.6922103 2.0000000 0.47 0.53 0.6
v -23.0585147 -1.3837989 2.0000000 0.47 0.53 0.6
v -23.0066930 -2.0741446 2.0000000 0.47 0.53 0.6
v -22.9342078 -2.7626275 2.0000000 0.47 0.53 0.6
v -22.8411243 -3.4486290 2.0000000 0.47 0.53 0.6
v -22.7275259 -4.1315332 2.0000000 0.47 0.53 0.6
v -22.5935148 -4.8107266 2.0000000 0.47 0.53 0.6
v -22.4392112 -5.4855993 2.0000000 0.47 0.53 0.6
v -22.2647539 -6.1555451 2.0000000 0.47 0.53 0.6
v -22.0702994 -6.8199623 2.0000000 0.47 0.53 0.6
v -21.8560224 -7.4782541 2.0000000 0.47 0.53 0.6
v -21.6221154 -8.1298293 2.0000000 0.47 0.53 0.6
v -21.3687885 -8.7741026 2.0000000 0.47 0.53 0.6
v -21.0962692 -9.4104955 2.0000000 0.47 0.53 0.6
v -20.8048022 -10.0384364 2.0000000 0.47 0.53 0.6
v -20.4946494 -10.6573612 2.0000000 0.47 0.53 0.6
v -20.1660892 -11.2667141 2.0000000 0.47 0.53 0.6
v -19.8194168 -11.8659477 2.0000000 0.47 0.53 0.6
v -19.4549436 -12.4545240 2.0000000 0.47 0.53 0.6
v -19.0729970 -13.0319142 2.0000000 0.47 0.53 0.6
v -18.6739198 -13.5975997 2.0000000 0.47 0.53 0.6
v -18.2580707 -14.1510726 2.0000000 0.47 0.53 0.6
v -17.8258230 -14.6918356 2.0000000 0.47 0.53 0.6
v -17.3775650 -15.2194032 2.0000000 0.47 0.53 0.6
v -16.9136994 -15.7333014 2.0000000 0.47 0.53 0.6
v -16.4346427 -16.2330687 2.0000000 0.47 0.53 0.6
v -15.9408252 -16.7182563 2.0000000 0.47 0.53 0.6
v -15.4326904 -17.1884283 2.0000000 0.47 0.53 0.6
v -14.9106947 -17.6431625 2.0000000 0.47 0.53 0.6
v -14.3753069 -18.0820505 2.0000000 0.47 0.53 0.6
v -13.8270080 -18.5046981 2.0000000 0.47 0.53 0.6
v -13.2662902 -18.9107256 2.0000000 0.47 0.53 0.6
v -12.6936574 -19.2997684 2.0000000 0.47 0.53 0.6
v -12.1096237 -19.6714772 2.0000000 0.47 0.53 0.6
v -11.5147137 -20.0255179 2.0000000 0.47 0.53 0.6
v -10.9094618 -20.3615727 2.0000000 0.47 0.53 0.6
v -10.2944116 -20.6793397 2.0000000 0.47 0.53 0.6
v -9.6701153 -20.9785335 2.0000000 0.47 0.53 0.6
v -9.0371339 -21.2588855 2.0000000 0.47 0.53 0.6
v -8.3960357 -21.5201437 2.0000000 0.47 0.53 0.6
v -7.7473967 -21.7620735 2.0000000 0.47 0.53 0.6
v -7.0917992 -21.9844578 2.0000000 0.47 0.53 0.6
v -6.4298323 -22.1870966 2.0000000 0.47 0.53 0.6
v -5.7620904 -22.3698081 2.0000000 0.47 0.53 0.6
v -5.0891733 -22.5324281 2.0000000 0.47 0.53 0.6
v -4.4116853 -22.6748105 2.0000000 0.47 0.53 0.6
v -3.7302350 -22.7968276 2.0000000 0.47 0.53 0.6
v -3.0454344 -22.8983696 2.0000000 0.47 0.53 0.6
v -2.3578984 -22.9793454 2.0000000 0.47 0.53 0.6
v -1.6682448 -23.0396823 2.0000000 0.47 0.53 0.6
v -0.9770928 -23.0793260 2.0000000 0.47 0.53 0.6
v -0.2850632 -23.0982410 2.0000000 0.47 0.53 0.6
v 0.4072224 -23.0964103 2.0000000 0.47 0.53 0.6
v 1.0991423 -23.0738355 2.0000000 0.47 0.53 0.6
v 1.7900749 -23.0305369 2.0000000 0.47 0.53 0.6
v 2.4793998 -22.9665534 2.0000000 0.47 0.53 0.6
v 3.1664978 -22.8819425 2.0000000 0.47 0.53 0.6
v 3.8507519 -22.7767801 2.0000000 0.47 0.53 0.6
v 4.5315473 -22.6511606 2.0000000 0.47 0.53 0.6
v 5.2082728 -22.5051971 2.0000000 0.47 0.53 0.6
v 5.8803204 -22.3390204 2.0000000 0.47 0.53 0.6
v 6.5470867 -22.1527799 2.0000000 0.47 0.53 0.6
v 7.2079726 -21.9466428 2.0000000 0.47 0.53 0.6
v 7.8623847 -21.7207943 2.0000000 0.47 0.53 0.6
v 8.5097352 -21.4754373 2.0000000 0.47 0.53 0.6
v 9.1494426 -21.2107921 2.0000000 0.47 0.53 0.6
v 9.7809324 -20.9270963 2.0000000 0.47 0.53 0.6
v 10.4036375 -20.6246049 2.0000000 0.47 0.53 0.6
v 11.0169986 -20.3035894 2.0000000 0.47 0.53 0.6
v 11.6204647 -19.9643382 2.0000000 0.47 0.53 0.6
v 12.2134939 -19.6071560 2.0000000 0.47 0.53 0.6
v 12.7955535 -19.2323636 2.0000000 0.47 0.53 0.6
v 13.3661207 -18.8402977 2.0000000 0.47 0.53 0.6
v 13.9246832 -18.4313103 2.0000000 0.47 0.53 0.6
v 14.4707392 -18.0057688 2.0000000 0.47 0.53 0.6
v 15.0037982 -17.5640553 2.0000000 0.47 0.53 0.6
v 15.5233816 -17.1065667 2.0000000 0.47 0.53 0.6
v 16.0290226 -16.6337138 2.0000000 0.47 0.53 0.6
v 16.5202671 -16.1459213 2.0000000 0.47 0.53 0.6
v 16.9966739 -15.6436273 2.0000000 0.47 0.53 0.6
v 17.4578152 -15.1272830 2.0000000 0.47 0.53 0.6
v 17.9032766 -14.5973520 2.0000000 0.47 0.53 0.6
v 18.3326582 -14.0543104 2.0000000 0.47 0.53 0.6
v 18.7455743 -13.4986460 2.0000000 0.47 0.53 0.6
v 19.1416541 -12.9308577 2.0000000 0.47 0.53 0.6
v 19.5205417 -12.3514555 2.0000000 0.47 0.53 0.6
v 19.8818969 -11.7609598 2.0000000 0.47 0.53 0.6
v 20.2253951 -11.1599010 2.0000000 0.47 0.53 0.6
v 20.5507279 -10.5488190 2.0000000 0.47 0.53 0.6
v 20.8576030 -9.9282625 2.0000000 0.47 0.53 0.6
v 21.1457449 -9.2987889 2.0000000 0.47 0.53 0.6
v 21.4148946 -8.6609636 2.0000000 0.47 0.53 0.6
v 21.6648105 -8.0153594 2.0000000 0.47 0.53 0.6
v 21.8952681 -7.3625562 2.0000000 0.47 0.53 0.6
v 22.1060605 -6.7031403 2.0000000 0.47 0.53 0.6
v 22.2969982 -6.0377040 2.0000000 0.47 0.53 0.6
v 22.4679099 -5.3668449 2.0000000 0.47 0.53 0.6
v 22.6186420 -4.6911656 2.0000000 0.47 0.53 0.6
v 22.7490591 -4.0112729 2.0000000 0.47 0.53 0.6
v 26.5405689 -4.6798184 2.0000000 0.47 0.53 0.6
v 26.5405689 4.6798184 2.0000000 0.47 0.53 0.6
v 26.3884156 5.4730265 2.0000000 0.47 0.53 0.6
v 26.2125616 6.2613191 2.0000000 0.47 0.53 0.6
v 26.0131646 7.0439880 2.0000000 0.47 0.53 0.6
v 25.7904039 7.8203304 2.0000000 0.47 0.53 0.6
v 25.5444795 8.5896489 2.0000000 0.47 0.53 0.6
v 25.2756122 9.3512526 2.0000000 0.47 0.53 0.6
v 24.9840437 10.1044575 2.0000000 0.47 0.53 0.6
v 24.6700357 10.8485870 2.0000000 0.47 0.53 0.6
v 24.3338702 11.5829729 2.0000000 0.47 0.53 0.6
v 23.9758492 12.3069555 2.0000000 0.47 0.53 0.6
v 23.5962943 13.0198846 2.0000000 0.47 0.53 0.6
v 23.1955464 13.7211198 2.0000000 0.47 0.53 0.6
v 22.7739653 14.4100314 2.0000000 0.47 0.53 0.6
v 22.3319297 15.0860006 2.0000000 0.47 0.53 0.6
v 21.8698367 15.7484203 2.0000000 0.47 0.53 0.6
v 21.3881013 16.3966955 2.0000000 0.47 0.53 0.6
v 20.8871561 17.0302440 2.0000000 0.47 0.53 0.6
v 20.3674510 17.6484968 2.0000000 0.47 0.53 0.6
v 19.8294529 18.2508985 2.0000000 0.47 0.53 0.6
v 19.2736450 18.8369082 2.0000000 0.47 0.53 0.6
v 18.7005264 19.4059994 2.0000000 0.47 0.53 0.6
v 18.1106118 19.9576612 2.0000000 0.47 0.53 0.6
v 17.5044312 20.4913979 2.0000000 0.47 0.53 0.6
v 16.8825290 21.0067302 2.0000000 0.47 0.53 0.6
v 16.2454637 21.5031953 2.0000000 0.47 0.53 0.6
v 15.5938075 21.9803473 2.0000000 0.47 0.53 0.6
v 14.9281457 22.4377576 2.0000000 0.47 0.53 0.6
v 14.2490762 22.8750154 2.0000000 0.47 0.53 0.6
v 13.5572088 23.2917279 2.0000000 0.47 0.53 0.6
v 12.8531650 23.6875210 2.0000000 0.47 0.53 0.6
v 12.1375771 24.0620390 2.0000000 0.47 0.53 0.6
v 11.4110879 24.4149457 2.0000000 0.47 0.53 0.6
v 10.6743497 24.7459241 2.0000000 0.47 0.53 0.6
v 9.9280243 25.0546769 2.0000000 0.47 0.53 0.6
v 9.1727821 25.3409267 2.0000000 0.47 0.53 0.6
v 8.4093014 25.6044166 2.0000000 0.47 0.53 0.6
v 7.6382678 25.8449099 2.0000000 0.47 0.53 0.6
v 6.8603738 26.0621904 2.0000000 0.47 0.53 0.6
v 6.0763183 26.2560632 2.0000000 0.47 0.53 0.6
v 5.2868052 26.4263541 2.0000000 0.47 0.53 0.6
v 4.4925439 26.5729101 2.0000000 0.47 0.53 0.6
v 3.6942475 26.6955996 2.0000000 0.47 0.53 0.6
v 2.8926331 26.7943123 2.0000000 0.47 0.53 0.6
v 2.0884207 26.8689598 2.0000000 0.47 0.53 0.6
v 1.2823326 26.9194748 2.0000000 0.47 0.53 0.6
v 0.4750928 26.9458120 2.0000000 0.47 0.53 0.6
v -0.3325737 26.9479479 2.0000000 0.47 0.53 0.6
v -1.1399416 26.9258804 2.0000000 0.47 0.53 0.6
v -1.9462856 26.8796293 2.0000000 0.47 0.53 0.6
v -2.7508815 26.8092363 2.0000000 0.47 0.53 0.6
v -3.5530067 26.7147645 2.0000000 0.47 0.53 0.6
v -4.3519408 26.5962988 2.0000000 0.47 0.53 0.6
v -5.1469662 26.4539456 2.0000000 0.47 0.53 0.6
v -5.9373689 26.2878328 2.0000000 0.47 0.53 0.6
v -6.7224388 26.0981094 2.0000000 0.47 0.53 0.6
v -7.5014710 25.8849461 2.0000000 0.47 0.53 0.6
v -8.2737658 25.6485341 2.0000000 0.47 0.53 0.6
v -9.0386294 25.3890858 2.0000000 0.47 0.53 0.6
v -9.7953750 25.1068343 2.0000000 0.47 0.53 0.6
v -10.5433229 24.8020330 2.0000000 0.47 0.53 0.6
v -11.2818012 24.4749558 2.0000000 0.47 0.53 0.6
v -12.0101468 24.1258963 2.0000000 0.47 0.53 0.6
v -12.7277055 23.7551681 2.0000000 0.47 0.53 0.6
v -13.4338327 23.3631042 2.0000000 0.47 0.53 0.6
v -14.1278943 22.9500567 2.0000000 0.47 0.53 0.6
v -14.8092670 22.5163965 2.0000000 0.47 0.53 0.6
v -15.4773386 22.0625132 2.0000000 0.47 0.53 0.6
v -16.1315093 21.5888144 2.0000000 0.47 0.53 0.6
v -16.7711914 21.0957256 2.0000000 0.47 0.53 0.6
v -17.3958105 20.5836896 2.0000000 0.47 0.53 0.6
v -18.0048054 20.0531664 2.0000000 0.47 0.53 0.6
v -18.5976294 19.5046323 2.0000000 0.47 0.53 0.6
v -19.1737498 18.9385802 2.0000000 0.47 0.53 0.6
v -19.7326493 18.3555183 2.0000000 0.47 0.53 0.6
v -20.2738259 17.7559704 2.0000000 0.47 0.53 0.6
v -20.7967935 17.1404749 2.0000000 0.47 0.53 0.6
v -21.3010824 16.5095847 2.0000000 0.47 0.53 0.6
v -21.7862398 15.8638664 2.0000000 0.47 0.53 0.6
v -22.2518298 15.2038999 2.0000000 0.47 0.53 0.6
v -22.6974343 14.5302780 2.0000000 0.47 0.53 0.6
v -23.1226530 13.8436057 2.0000000 0.47 0.53 0.6
v -23.5271041 13.1444998 2.0000000 0.47 0.53 0.6
v -23.9104243 12.4335881 2.0000000 0.47 0.53 0.6
v -24.2722692 11.7115091 2.0000000 0.47 0.53 0.6
v -24.6123141 10.9789115 2.0000000 0.47 0.53 0.6
v -24.9302533 10.2364531 2.0000000 0.47 0.53 0.6
v -25.2258014 9.4848008 2.0000000 0.47 0.53 0.6
v -25.4986928 8.7246297 2.0000000 0.47 0.53 0.6
v -25.7486826 7.9566226 2.0000000 0.47 0.53 0.6
v -25.9755462 7.1814693 2.0000000 0.47 0.53 0.6
v -26.1790798 6.3998659 2.0000000 0.47 0.53 0.6
v -26.3591006 5.6125144 2.0000000 0.47 0.53 0.6
v -26.5154469 4.8201221 2.0000000 0.47 0.53 0.6
v -26.6479783 4.0234005 2.0000000 0.47 0.53 0.6
v -26.7565758 3.2230654 2.0000000 0.47 0.53 0.6
v -26.8411419 2.4198354 2.0000000 0.47 0.53 0.6
v -26.9016005 1.6144320 2.0000000 0.47 0.53 0.6
v -26.9378974 0.8075787 2.0000000 0.47 0.53 0.6
v -26.9500000 -0.0000000 2.0000000 0.47 0.53 0.6
v -26.9378974 -0.8075787 2.0000000 0.47 0.53 0.6
v -26.9016005 -1.6144320 2.0000000 0.47 0.53 0.6
v -26.8411419 -2.4198354 2.0000000 0.47 0.53 0.6
v -26.7565758 -3.2230654 2.0000000 0.47 0.53 0.6
v -26.6479783 -4.0234005 2.0000000 0.47 0.53 0.6
v -26.5154469 -4.8201221 2.0000000 0.47 0.53 0.6
v -26.3591006 -5.6125144 2.0000000 0.47 0.53 0.6
v -26.1790798 -6.3998659 2.0000000 0.47 0.53 0.6
v -25.9755462 -7.1814693 2.0000000 0.47 0.53 0.6
v -25.7486826 -7.9566226 2.0000000 0.47 0.53 0.6
v -25.4986928 -8.7246297 2.0000000 0.47 0.53 0.6
v -25.2258014 -9.4848008 2.0000000 0.47 0.53 0.6
v -24.9302533 -10.2364531 2.0000000 0.47 0.53 0.6
v -24.6123141 -10.9789115 2.0000000 0.47 0.53 0.6
v -24.2722692 -11.7115091 2.0000000 0.47 0.53 0.6
v -23.9104243 -12.4335881 2.0000000 0.47 0.53 0.6
v -23.5271041 -13.1444998 2.0000000 0.47 0.53 0.6
v -23.1226530 -13.8436057 2.0000000 0.47 0.53 0.6
v -22.6974343 -14.5302780 2.0000000 0.47 0.53 0.6
v -22.2518298 -15.2038999 2.0000000 0.47 0.53 0.6
v -21.7862398 -15.8638664 2.0000000 0.47 0.53 0.6
v -21.3010824 -16.5095847 2.0000000 0.47 0.53 0.6
v -20.7967935 -17.1404749 2.0000000 0.47 0.53 0.6
v -20.2738259 -17.7559704 2.0000000 0.47 0.53 0.6
v -19.7326493 -18.3555183 2.0000000 0.47 0.53 0.6
v -19.1737498 -18.9385802 2.0000000 0.47 0.53 0.6
v -18.5976294 -19.5046323 2.0000000 0.47 0.53 0.6
v -18.0048054 -20.0531664 2.0000000 0.47 0.53 0.6
v -17.3958105 -20.5836896 2.0000000 0.47 0.53 0.6
v -16.7711914 -21.0957256 2.0000000 0.47 0.53 0.6
v -16.1315093 -21.5888144 2.0000000 0.47 0.53 0.6
v -15.4773386 -22.0625132 2.0000000 0.47 0.53 0.6
v -14.8092670 -22.5163965 2.0000000 0.47 0.53 0.6
v -14.1278943 -22.9500567 2.0000000 0.47 0.53 0.6
v -13.4338327 -23.3631042 2.0000000 0.47 0.53 0.6
v -12.7277055 -23.7551681 2.0000000 0.47 0.53 0.6
v -12.0101468 -24.1258963 2.0000000 0.47 0.53 0.6
v -11.2818012 -24.4749558 2.0000000 0.47 0.53 0.6
v -10.5433229 -24.8020330 2.0000000 0.47 0.53 0.6
v -9.7953750 -25.1068343 2.0000000 0.47 0.53 0.6
v -9.0386294 -25.3890858 2.0000000 0.47 0.53 0.6
v -8.2737658 -25.6485341 2.0000000 0.47 0.53 0.6
v -7.5014710 -25.8849461 2.0000000 0.47 0.53 0.6
v -6.7224388 -26.0981094 2.0000000 0.47 0.53 0.6
v -5.9373689 -26.2878328 2.0000000 0.47 0.53 0.6
v -5.1469662 -26.4539456 2.0000000 0.47 0.53 0.6
v -4.3519408 -26.5962988 2.0000000 0.47 0.53 0.6
v -3.5530067 -26.7147645 2.0000000 0.47 0.53 0.6
v -2.7508815 -26.8092363 2.0000000 0.47 0.53 0.6
v -1.9462856 -26.8796293 2.0000000 0.47 0.53 0.6
v -1.1399416 -26.9258804 2.0000000 0.47 0.53 0.6
v -0.3325737 -26.9479479 2.0000000 0.47 0.53 0.6
v 0.4750928 -26.9458120 2.0000000 0.47 0.53 0.6
v 1.2823326 -26.9194748 2.0000000 0.47 0.53 0.6
v 2.0884207 -26.8689598 2.0000000 0.47 0.53 0.6
v 2.8926331 -26.7943123 2.0000000 0.47 0.53 0.6
v 3.6942475 -26.6955996 2.0000000 0.47 0.53 0.6
v 4.4925439 -26.5729101 2.0000000 0.47 0.53 0.6
v 5.2868052 -26.4263541 2.0000000 0.47 0.53 0.6
v 6.0763183 -26.2560632 2.0000000 0.47 0.53 0.6
v 6.8603738 -26.0621904 2.0000000 0.47 0.53 0.6
v 7.6382678 -25.8449099 2.0000000 0.47 0.53 0.6
v 8.4093014 -25.6044166 2.0000000 0.47 0.53 0.6
v 9.1727821 -25.3409267 2.0000000 0.47 0.53 0.6
v 9.9280243 -25.0546769 2.0000000 0.47 0.53 0.6
v 10.6743497 -24.7459241 2.0000000 0.47 0.53 0.6
v 11.4110879 -24.4149457 2.0000000 0.47 0.53 0.6
v 12.1375771 -24.0620390 2.0000000 0.47 0.53 0.6
v 12.8531650 -23.6875210 2.0000000 0.47 0.53 0.6
v 13.5572088 -23.2917279 2.0000000 0.47 0.53 0.6
v 14.2490762 -22.8750154 2.0000000 0.47 0.53 0.6
v 14.9281457 -22.4377576 2.0000000 0.47 0.53 0.6
v 15.5938075 -21.9803473 2.0000000 0.47 0.53 0.6
v 16.2454637 -21.5031953 2.0000000 0.47 0.53 0.6
v 16.8825290 -21.0067302 2.0000000 0.47 0.53 0.6
v 17.5044312 -20.4913979 2.0000000 0.47 0.53 0.6
v 18.1106118 -19.9576612 2.0000000 0.47 0.53 0.6
v 18.7005264 -19.4059994 2.0000000 0.47 0.53 0.6
v 19.2736450 -18.8369082 2.0000000 0.47 0.53 0.6
v 19.8294529 -18.2508985 2.0000000 0.47 0.53 0.6
v 20.3674510 -17.6484968 2.0000000 0.47 0.53 0.6
v 20.8871561 -17.0302440 2.0000000 0.47 0.53 0.6
v 21.3881013 -16.3966955 2.0000000 0.47 0.53 0.6
v 21.8698367 -15.7484203 2.0000000 0.47 0.53 0.6
v 22.3319297 -15.0860006 2.0000000 0.47 0.53 0.6
v 22.7739653 -14.4100314 2.0000000 0.47 0.53 0.6
v 23.1955464 -13.7211198 2.0000000 0.47 0.53 0.6
v 23.5962943 -13.0198846 2.0000000 0.47 0.53 0.6
v 23.9758492 -12.3069555 2.0000000 0.47 0.53 0.6
v 24.3338702 -11.5829729 2.0000000 0.47 0.53 0.6
v 24.6700357 -10.8485870 2.0000000 0.47 0.53 0.6
v 24.9840437 -10.1044575 2.0000000 0.47 0.53 0.6
v 25.2756122 -9.3512526 2.0000000 0.47 0.53 0.6
v 25.5444795 -8.5896489 2.0000000 0.47 0.53 0.6
v 25.7904039 -7.8203304 2.0000000 0.47 0.53 0.6
v 26.0131646 -7.0439880 2.0000000 0.47 0.53 0.6
v 26.2125616 -6.2613191 2.0000000 0.47 0.53 0.6
v 26.3884156 -5.4730265 2.0000000 0.47 0.53 0.6
v 26.5405689 4.6798184 2.0000000 0.47 0.53 0.6
v 26.3884156 5.4730265 2.0000000 0.47 0.53 0.6
v 26.2125616 6.2613191 2.0000000 0.47 0.53 0.6
v 26.0131646 7.0439880 2.0000000 0.47 0.53 0.6
v 25.7904039 7.8203304 2.0000000 0.47 0.53 0.6
v 25.5444795 8.5896489 2.0000000 0.47 0.53 0.6
v 25.2756122 9.3512526 2.0000000 0.47 0.53 0.6
v 24.9840437 10.1044575 2.0000000 0.47 0.53 0.6
v 24.6700357 10.8485870 2.0000000 0.47 0.53 0.6
v 24.3338702 11.5829729 2.0000000 0.47 0.53 0.6
v 23.9758492 12.3069555 2.0000000 0.47 0.53 0.6
v 23.5962943 13.0198846 2.0000000 0.47 0.53 0.6
v 23.1955464 13.7211198 2.0000000 0.47 0.53 0.6
v 22.7739653 14.4100314 2.0000000 0.47 0.53 0.6
v 22.3319297 15.0860006 2.0000000 0.47 0.53 0.6
v 21.8698367 15.7484203 2.0000000 0.47 0.53 0.6
v 21.3881013 16.3966955 2.0000000 0.47 0.53 0.6
v 20.8871561 17.0302440 2.0000000 0.47 0.53 0.6
v 20.3674510 17.6484968 2.0000000 0.47 0.53 0.6
v 19.8294529 18.2508985 2.0000000 0.47 0.53 0.6
v 19.2736450 18.8369082 2.0000000 0.47 0.53 0.6
v 18.7005264 19.4059994 2.0000000 0.47 0.53 0.6
v 18.1106118 19.9576612 2.0000000 0.47 0.53 0.6
v 17.5044312 20.4913979 2.0000000 0.47 0.53 0.6
v 16.8825290 21.0067302 2.0000000 0.47 0.53 0.6
v 16.2454637 21.5031953 2.0000000 0.47 0.53 0.6
v 15.5938075 21.9803473 2.0000000 0.47 0.53 0.6
v 14.9281457 22.4377576 2.0000000 0.47 0.53 0.6
v 14.2490762 22.8750154 2.0000000 0.47 0.53 0.6
v 13.5572088 23.2917279 2.0000000 0.47 0.53 0.6
v 12.8531650 23.6875210 2.0000000 0.47 0.53 0.6
v 12.1375771 24.0620390 2.0000000 0.47 0.53 0.6
v 11.4110879 24.4149457 2.0000000 0.47 0.53 0.6
v 10.6743497 24.7459241 2.0000000 0.47 0.53 0.6
v 9.9280243 25.0546769 2.0000000 0.47 0.53 0.6
v 9.1727821 25.3409267 2.0000000 0.47 0.53 0.6
v 8.4093014 25.6044166 2.0000000 0.47 0.53 0.6
v 7.6382678 25.8449099 2.0000000 0.47 0.53 0.6
v 6.8603738 26.0621904 2.0000000 0.47 0.53 0.6
v 6.0763183 26.2560632 2.0000000 0.47 0.53 0.6
v 5.2868052 26.4263541 2.0000000 0.47 0.53 0.6
v 4.4925439 26.5729101 2.0000000 0.47 0.53 0.6
v 3.6942475 26.6955996 2.0000000 0.47 0.53 0.6
v 2.8926331 26.7943123 2.0000000 0.47 0.53 0.6
v 2.0884207 26.8689598 2.0000000 0.47 0.53 0.6
v 1.2823326 26.9194748 2.0000000 0.47 0.53 0.6
v 0.4750928 26.9458120 2.0000000 0.47 0.53 0.6
v -0.3325737 26.9479479 2.0000000 0.47 0.53 0.6
v -1.1399416 26.9258804 2.0000000 0.47 0.53 0.6
v -1.9462856 26.8796293 2.0000000 0.47 0.53 0.6
v -2.7508815 26.8092363 2.0000000 0.47 0.53 0.6
v -3.5530067 26.7147645 2.0000000 0.47 0.53 0.6
v -4.3519408 26.5962988 2.0000000 0.47 0.53 0.6
v -5.1469662 26.4539456 2.0000000 0.47 0.53 0.6
v -5.9373689 26.2878328 2.0000000 0.47 0.53 0.6
v -6.7224388 26.0981094 2.0000000 0.47 0.53 0.6
v -7.5014710 25.8849461 2.0000000 0.47 0.53 0.6
v -8.2737658 25.6485341 2.0000000 0.47 0.53 0.6
v -9.0386294 25.3890858 2.0000000 0.47 0.53 0.6
v -9.7953750 25.1068343 2.0000000 0.47 0.53 0.6
v -10.5433229 24.8020330 2.0000000 0.47 0.53 0.6
v -11.2818012 24.4749558 2.0000000 0.47 0.53 0.6
v -12.0101468 24.1258963 2.0000000 0.47 0.53 0.6
v -12.7277055 23.7551681 2.0000000 0.47 0.53 0.6
v -13.4338327 23.3631042 2.0000000 0.47 0.53 0.6
v -14.1278943 22.9500567 2.0000000 0.47 0.53 0.6
v -14.8092670 22.5163965 2.0000000 0.47 0.53 0.6
v -15.4773386 22.0625132 2.0000000 0.47 0.53 0.6
v -16.1315093 21.5888144 2.0000000 0.47 0.53 0.6
v -16.7711914 21.0957256 2.0000000 0.47 0.53 0.6
v -17.3958105 20.5836896 2.0000000 0.47 0.53 0.6
v -18.0048054 20.0531664 2.0000000 0.47 0.53 0.6
v -18.5976294 19.5046323 2.0000000 0.47 0.53 0.6
v -19.1737498 18.9385802 2.0000000 0.47 0.53 0.6
v -19.7326493 18.3555183 2.0000000 0.47 0.53 0.6
v -20.2738259 17.7559704 2.0000000 0.47 0.53 0.6
v -20.7967935 17.1404749 2.0000000 0.47 0.53 0.6
v -21.3010824 16.5095847 2.0000000 0.47 0.53 0.6
v -21.7862398 15.8638664 2.0000000 0.47 0.53 0.6
v -22.2518298 15.2038999 2.0000000 0.47 0.53 0.6
v -22.6974343 14.5302780 2.0000000 0.47 0.53 0.6
v -23.1226530 13.8436057 2.0000000 0.47 0.53 0.6
v -23.5271041 13.1444998 2.0000000 0.47 0.53 0.6
v -23.9104243 12.4335881 2.0000000 0.47 0.53 0.6
v -24.2722692 11.7115091 2.0000000 0.47 0.53 0.6
v -24.6123141 10.9789115 2.0000000 0.47 0.53 0.6
v -24.9302533 10.2364531 2.0000000 0.47 0.53 0.6
v -25.2258014 9.4848008 2.0000000 0.47 0.53 0.6
v -25.4986928 8.7246297 2.0000000 0.47 0.53 0.6
v -25.7486826 7.9566226 2.0000000 0.47 0.53 0.6
v -25.9755462 7.1814693 2.0000000 0.47 0.53 0.6
v -26.1790798 6.3998659 2.0000000 0.47 0.53 0.6
v -26.3591006 5.6125144 2.0000000 0.47 0.53 0.6
v -26.5154469 4.8201221 2.0000000 0.47 0.53 0.6
v -26.6479783 4.0234005 2.0000000 0.47 0.53 0.6
v -26.7565758 3.2230654 2.0000000 0.47 0.53 0.6
v -26.8411419 2.4198354 2.0000000 0.47 0.53 0.6
v -26.9016005 1.6144320 2.0000000 0.47 0.53 0.6
v -26.9378974 0.8075787 2.0000000 0.47 0.53 0.6
v -26.9500000 -0.0000000 2.0000000 0.47 0.53 0.6
v -26.9378974 -0.8075787 2.0000000 0.47 0.53 0.6
v -26.9016005 -1.6144320 2.0000000 0.47 0.53 0.6
v -26.8411419 -2.4198354 2.0000000 0.47 0.53 0.6
v -26.7565758 -3.2230654 2.0000000 0.47 0.53 0.6
v -26.6479783 -4.0234005 2.0000000 0.47 0.53 0.6
v -26.5154469 -4.8201221 2.0000000 0.47 0.53 0.6
v -26.3591006 -5.6125144 2.0000000 0.47 0.53 0.6
v -26.1790798 -6.3998659 2.0000000 0.47 0.53 0.6
v -25.9755462 -7.1814693 2.0000000 0.47 0.53 0.6
v -25.7486826 -7.9566226 2.0000000 0.47 0.53 0.6
v -25.4986928 -8.7246297 2.0000000 0.47 0.53 0.6
v -25.2258014 -9.4848008 2.0000000 0.47 0.53 0.6
v -24.9302533 -10.2364531 2.0000000 0.47 0.53 0.6
v -24.6123141 -10.9789115 2.0000000 0.47 0.53 0.6
v -24.2722692 -11.7115091 2.0000000 0.47 0.53 0.6
v -23.9104243 -12.4335881 2.0000000 0.47 0.53 0.6
v -23.5271041 -13.1444998 2.0000000 0.47 0.53 0.6
v -23.1226530 -13.8436057 2.0000000 0.47 0.53 0.6
v -22.6974343 -14.5302780 2.0000000 0.47 0.53 0.6
v -22.2518298 -15.2038999 2.0000000 0.47 0.53 0.6
v -21.7862398 -15.8638664 2.0000000 0.47 0.53 0.6
v -21.3010824 -16.5095847 2.0000000 0.47 0.53 0.6
v -20.7967935 -17.1404749 2.0000000 0.47 0.53 0.6
v -20.2738259 -17.7559704 2.0000000 0.47 0.53 0.6
v -19.7326493 -18.3555183 2.0000000 0.47 0.53 0.6
v -19.1737498 -18.9385802 2.0000000 0.47 0.53 0.6
v -18.5976294 -19.5046323 2.0000000 0.47 0.53 0.6
v -18.0048054 -20.0531664 2.0000000 0.47 0.53 0.6
v -17.3958105 -20.5836896 2.0000000 0.47 0.53 0.6
v -16.7711914 -21.0957256 2.0000000 0.47 0.53 0.6
v -16.1315093 -21.5888144 2.0000000 0.47 0.53 0.6
v -15.4773386 -22.0625132 2.0000000 0.47 0.53 0.6
v -14.8092670 -22.5163965 2.0000000 0.47 0.53 0.6
v -14.1278943 -22.9500567 2.0000000 0.47 0.53 0.6
v -13.4338327 -23.3631042 2.0000000 0.47 0.53 0.6
v -12.7277055 -23.7551681 2.0000000 0.47 0.53 0.6
v -12.0101468 -24.1258963 2.0000000 0.47 0.53 0.6
v -11.2818012 -24.4749558 2.0000000 0.47 0.53 0.6
v -10.5433229 -24.8020330 2.0000000 0.47 0.53 0.6
v -9.7953750 -25.1068343 2.0000000 0.47 0.53 0.6
v -9.0386294 -25.3890858 2.0000000 0.47 0.53 0.6
v -8.2737658 -25.6485341 2.0000000 0.47 0.53 0.6
v -7.5014710 -25.8849461 2.0000000 0.47 0.53 0.6
v -6.7224388 -26.0981094 2.0000000 0.47 0.53 0.6
v -5.9373689 -26.2878328 2.0000000 0.47 0.53 0.6
v -5.1469662 -26.4539456 2.0000000 0.47 0.53 0.6
v -4.3519408 -26.5962988 2.0000000 0.47 0.53 0.6
v -3.5530067 -26.7147645 2.0000000 0.47 0.53 0.6
v -2.7508815 -26.8092363 2.0000000 0.47 0.53 0.6
v -1.9462856 -26.8796293 2.0000000 0.47 0.53 0.6
v -1.1399416 -26.9258804 2.0000000 0.47 0.53 0.6
v -0.3325737 -26.9479479 2.0000000 0.47 0.53 0.6
v 0.4750928 -26.9458120 2.0000000 0.47 0.53 0.6
v 1.2823326 -26.9194748 2.0000000 0.47 0.53 0.6
v 2.0884207 -26.8689598 2.0000000 0.47 0.53 0.6
v 2.8926331 -26.7943123 2.0000000 0.47 0.53 0.6
v 3.6942475 -26.6955996 2.0000000 0.47 0.53 0.6
v 4.4925439 -26.5729101 2.0000000 0.47 0.53 0.6
v 5.2868052 -26.4263541 2.0000000 0.47 0.53 0.6
v 6.0763183 -26.2560632 2.0000000 0.47 0.53 0.6
v 6.8603738 -26.0621904 2.0000000 0.47 0.53 0.6
v 7.6382678 -25.8449099 2.0000000 0.47 0.53 0.6
v 8.4093014 -25.6044166 2.0000000 0.47 0.53 0.6
v 9.1727821 -25.3409267 2.0000000 0.47 0.53 0.6
v 9.9280243 -25.0546769 2.0000000 0.47 0.53 0.6
v 10.6743497 -24.7459241 2.0000000 0.47 0.53 0.6
v 11.4110879 -24.4149457 2.0000000 0.47 0.53 0.6
v 12.1375771 -24.0620390 2.0000000 0.47 0.53 0.6
v 12.8531650 -23.6875210 2.0000000 0.47 0.53 0.6
v 13.5572088 -23.2917279 2.0000000 0.47 0.53 0.6
v 14.2490762 -22.8750154 2.0000000 0.47 0.53 0.6
v 14.9281457 -22.4377576 2.0000000 0.47 0.53 0.6
v 15.5938075 -21.9803473 2.0000000 0.47 0.53 0.6
v 16.2454637 -21.5031953 2.0000000 0.47 0.53 0.6
v 16.8825290 -21.0067302 2.0000000 0.47 0.53 0.6
v 17.5044312 -20.4913979 2.0000000 0.47 0.53 0.6
v 18.1106118 -19.9576612 2.0000000 0.47 0.53 0.6
v 18.7005264 -19.4059994 2.0000000 0.47 0.53 0.6
v 19.2736450 -18.8369082 2.0000000 0.47 0.53 0.6
v 19.8294529 -18.2508985 2.0000000 0.47 0.53 0.6
v 20.3674510 -17.6484968 2.0000000 0.47 0.53 0.6
v 20.8871561 -17.0302440 2.0000000 0.47 0.53 0.6
v 21.3881013 -16.3966955 2.0000000 0.47 0.53 0.6
v 21.8698367 -15.7484203 2.0000000 0.47 0.53 0.6
v 22.3319297 -15.0860006 2.0000000 0.47 0.53 0.6
v 22.7739653 -14.4100314 2.0000000 0.47 0.53 0.6
v 23.1955464 -13.7211198 2.0000000 0.47 0.53 0.6
v 23.5962943 -13.0198846 2.0000000 0.47 0.53 0.6
v 23.9758492 -12.3069555 2.0000000 0.47 0.53 0.6
v 24.3338702 -11.5829729 2.0000000 0.47 0.53 0.6
v 24.6700357 -10.8485870 2.0000000 0.47 0.53 0.6
v 24.9840437 -10.1044575 2.0000000 0.47 0.53 0.6
v 25.2756122 -9.3512526 2.0000000 0.47 0.53 0.6
v 25.5444795 -8.5896489 2.0000000 0.47 0.53 0.6
v 25.7904039 -7.8203304 2.0000000 0.47 0.53 0.6
v 26.0131646 -7.0439880 2.0000000 0.47 0.53 0.6
v 26.2125616 -6.2613191 2.0000000 0.47 0.53 0.6
v 26.3884156 -5.4730265 2.0000000 0.47 0.53 0.6
v 26.5405689 -4.6798184 2.0000000 0.47 0.53 0.6
v 26.5405689 -4.6798184 2.7000000 0.47 0.53 0.6
v 26.5405689 4.6798184 2.7000000 0.47 0.53 0.6
v 26.3884156 5.4730265 2.7000000 0.47 0.53 0.6
v 26.2125616 6.2613191 2.7000000 0.47 0.53 0.6
v 26.0131646 7.0439880 2.7000000 0.47 0.53 0.6
v 25.7904039 7.8203304 2.7000000 0.47 0.53 0.6
v 25.5444795 8.5896489 2.7000000 0.47 0.53 0.6
v 25.2756122 9.3512526 2.7000000 0.47 0.53 0.6
v 24.9840437 10.1044575 2.7000000 0.47 0.53 0.6
v 24.6700357 10.8485870 2.7000000 0.47 0.53 0.6
v 24.3338702 11.5829729 2.7000000 0.47 0.53 0.6
v 23.9758492 12.3069555 2.7000000 0.47 0.53 0.6
v 23.5962943 13.0198846 2.7000000 0.47 0.53 0.6
v 23.1955464 13.7211198 2.7000000 0.47 0.53 0.6
v 22.7739653 14.4100314 2.7000000 0.47 0.53 0.6
v 22.3319297 15.0860006 2.7000000 0.47 0.53 0.6
v 21.8698367 15.7484203 2.7000000 0.47 0.53 0.6
v 21.3881013 16.3966955 2.7000000 0.47 0.53 0.6
v 20.8871561 17.0302440 2.7000000 0.47 0.53 0.6
v 20.3674510 17.6484968 2.7000000 0.47 0.53 0.6
v 19.8294529 18.2508985 2.7000000 0.47 0.53 0.6
v 19.2736450 18.8369082 2.7000000 0.47 0.53 0.6
v 18.7005264 19.4059994 2.7000000 0.47 0.53 0.6
v 18.1106118 19.9576612 2.7000000 0.47 0.53 0.6
v 17.5044312 20.4913979 2.7000000 0.47 0.53 0.6
v 16.8825290 21.0067302 2.7000000 0.47 0.53 0.6
v 16.2454637 21.5031953 2.7000000 0.47 0.53 0.6
v 15.5938075 21.9803473 2.7000000 0.47 0.53 0.6
v 14.9281457 22.4377576 2.7000000 0.47 0.53 0.6
v 14.2490762 22.8750154 2.7000000 0.47 0.53 0.6
v 13.5572088 23.2917279 2.7000000 0.47 0.53 0.6
v 12.8531650 23.6875210 2.7000000 0.47 0.53 0.6
v 12.1375771 24.0620390 2.7000000 0.47 0.53 0.6
v 11.4110879 24.4149457 2.7000000 0.47 0.53 0.6
v 10.6743497 24.7459241 2.7000000 0.47 0.53 0.6
v 9.9280243 25.0546769 2.7000000 0.47 0.53 0.6
v 9.1727821 25.3409267 2.7000000 0.47 0.53 0.6
v 8.4093014 25.6044166 2.7000000 0.47 0.53 0.6
v 7.6382678 25.8449099 2.7000000 0.47 0.53 0.6
v 6.8603738 26.0621904 2.7000000 0.47 0.53 0.6
v 6.0763183 26.2560632 2.7000000 0.47 0.53 0.6
v 5.2868052 26.4263541 2.7000000 0.47 0.53 0.6
v 4.4925439 26.5729101 2.7000000 0.47 0.53 0.6
v 3.6942475 26.6955996 2.7000000 0.47 0.53 0.6
v 2.8926331 26.7943123 2.7000000 0.47 0.53 0.6
v 2.0884207 26.8689598 2.7000000 0.47 0.53 0.6
v 1.2823326 26.9194748 2.7000000 0.47 0.53 0.6
v 0.4750928 26.9458120 2.7000000 0.47 0.53 0.6
v -0.3325737 26.9479479 2.7000000 0.47 0.53 0.6
v -1.1399416 26.9258804 2.7000000 0.47 0.53 0.6
v -1.9462856 26.8796293 2.7000000 0.47 0.53 0.6
v -2.7508815 26.8092363 2.7000000 0.47 0.53 0.6
v -3.5530067 26.7147645 2.7000000 0.47 0.53 0.6
v -4.3519408 26.5962988 2.7000000 0.47 0.53 0.6
v -5.1469662 26.4539456 2.7000000 0.47 0.53 0.6
v -5.9373689 26.2878328 2.7000000 0.47 0.53 0.6
v -6.7224388 26.0981094 2.7000000 0.47 0.53 0.6
v -7.5014710 25.8849461 2.7000000 0.47 0.53 0.6
v -8.2737658 25.6485341 2.7000000 0.47 0.53 0.6
v -9.0386294 25.3890858 2.7000000 0.47 0.53 0.6
v -9.7953750 25.1068343 2.7000000 0.47 0.53 0.6
v -10.5433229 24.8020330 2.7000000 0.47 0.53 0.6
v -11.2818012 24.4749558 2.7000000 0.47 0.53 0.6
v -12.0101468 24.1258963 2.7000000 0.47 0.53 0.6
v -12.7277055 23.7551681 2.7000000 0.47 0.53 0.6
v -13.4338327 23.3631042 2.7000000 0.47 0.53 0.6
v -14.1278943 22.9500567 2.7000000 0.47 0.53 0.6
v -14.8092670 22.5163965 2.7000000 0.47 0.53 0.6
v -15.4773386 22.0625132 2.7000000 0.47 0.53 0.6
v -16.1315093 21.5888144 2.7000000 0.47 0.53 0.6
v -16.7711914 21.0957256 2.7000000 0.47 0.53 0.6
v -17.3958105 20.5836896 2.7000000 0.47 0.53 0.6
v -18.0048054 20.0531664 2.7000000 0.47 0.53 0.6
v -18.5976294 19.5046323 2.7000000 0.47 0.53 0.6
v -19.1737498 18.9385802 2.7000000 0.47 0.53 0.6
v -19.7326493 18.3555183 2.7000000 0.47 0.53 0.6
v -20.2738259 17.7559704 2.7000000 0.47 0.53 0.6
v -20.7967935 17.1404749 2.7000000 0.47 0.53 0.6
v -21.3010824 16.5095847 2.7000000 0.47 0.53 0.6
v -21.7862398 15.8638664 2.7000000 0.47 0.53 0.6
v -22.2518298 15.2038999 2.7000000 0.47 0.53 0.6
v -22.6974343 14.5302780 2.7000000 0.47 0.53 0.6
v -23.1226530 13.8436057 2.7000000 0.47 0.53 0.6
v -23.5271041 13.1444998 2.7000000 0.47 0.53 0.6
v -23.9104243 12.4335881 2.7000000 0.47 0.53 0.6
v -24.2722692 11.7115091 2.7000000 0.47 0.53 0.6
v -24.6123141 10.9789115 2.7000000 0.47 0.53 0.6
v -24.9302533 10.2364531 2.7000000 0.47 0.53 0.6
v -25.2258014 9.4848008 2.7000000 0.47 0.53 0.6
v -25.4986928 8.7246297 2.7000000 0.47 0.53 0.6
v -25.7486826 7.9566226 2.7000000 0.47 0.53 0.6
v -25.9755462 7.1814693 2.7000000 0.47 0.53 0.6
v -26.1790798 6.3998659 2.7000000 0.47 0.53 0.6
v -26.3591006 5.6125144 2.7000000 0.47 0.53 0.6
v -26.5154469 4.8201221 2.7000000 0.47 0.53 0.6
v -26.6479783 4.0234005 2.7000000 0.47 0.53 0.6
v -26.7565758 3.2230654 2.7000000 0.47 0.53 0.6
v -26.8411419 2.4198354 2.7000000 0.47 0.53 0.6
v -26.9016005 1.6144320 2.7000000 0.47 0.53 0.6
v -26.9378974 0.8075787 2.7000000 0.47 0.53 0.6
v -26.9500000 -0.0000000 2.7000000 0.47 0.53 0.6
v -26.9378974 -0.8075787 2.7000000 0.47 0.53 0.6
v -26.9016005 -1.6144320 2.7000000 0.47 0.53 0.6
v -26.8411419 -2.4198354 2.7000000 0.47 0.53 0.6
v -26.7565758 -3.2230654 2.7000000 0.47 0.53 0.6
v -26.6479783 -4.0234005 2.7000000 0.47 0.53 0.6
v -26.5154469 -4.8201221 2.7000000 0.47 0.53 0.6
v -26.3591006 -5.6125144 2.7000000 0.47 0.53 0.6
v -26.1790798 -6.3998659 2.7000000 0.47 0.53 0.6
v -25.9755462 -7.1814693 2.7000000 0.47 0.53 0.6
v -25.7486826 -7.9566226 2.7000000 0.47 0.53 0.6
v -25.4986928 -8.7246297 2.7000000 0.47 0.53 0.6
v -25.2258014 -9.4848008 2.7000000 0.47 0.53 0.6
v -24.9302533 -10.2364531 2.7000000 0.47 0.53 0.6
v -24.6123141 -10.9789115 2.7000000 0.47 0.53 0.6
v -24.2722692 -11.7115091 2.7000000 0.47 0.53 0.6
v -23.9104243 -12.4335881 2.7000000 0.47 0.53 0.6
v -23.5271041 -13.1444998 2.7000000 0.47 0.53 0.6
v -23.1226530 -13.8436057 2.7000000 0.47 0.53 0.6
v -22.6974343 -14.5302780 2.7000000 0.47 0.53 0.6
v -22.2518298 -15.2038999 2.7000000 0.47 0.53 0.6
v -21.7862398 -15.8638664 2.7000000 0.47 0.53 0.6
v -21.3010824 -16.5095847 2.7000000 0.47 0.53 0.6
v -20.7967935 -17.1404749 2.7000000 0.47 0.53 0.6
v -20.2738259 -17.7559704 2.7000000 0.47 0.53 0.6
v -19.7326493 -18.3555183 2.7000000 0.47 0.53 0.6
v -19.1737498 -18.9385802 2.7000000 0.47 0.53 0.6
v -18.5976294 -19.5046323 2.7000000 0.47 0.53 0.6
v -18.0048054 -20.0531664 2.7000000 0.47 0.53 0.6
v -17.3958105 -20.5836896 2.7000000 0.47 0.53 0.6
v -16.7711914 -21.0957256 2.7000000 0.47 0.53 0.6
v -16.1315093 -21.5888144 2.7000000 0.47 0.53 0.6
v -15.4773386 -22.0625132 2.7000000 0.47 0.53 0.6
v -14.8092670 -22.5163965 2.7000000 0.47 0.53 0.6
v -14.1278943 -22.9500567 2.7000000 0.47 0.53 0.6
v -13.4338327 -23.3631042 2.7000000 0.47 0.53 0.6
v -12.7277055 -23.7551681 2.7000000 0.47 0.53 0.6
v -12.0101468 -24.1258963 2.7000000 0.47 0.53 0.6
v -11.2818012 -24.4749558 2.7000000 0.47 0.53 0.6
v -10.5433229 -24.8020330 2.7000000 0.47 0.53 0.6
v -9.7953750 -25.1068343 2.7000000 0.47 0.53 0.6
v -9.0386294 -25.3890858 2.7000000 0.47 0.53 0.6
v -8.2737658 -25.6485341 2.7000000 0.47 0.53 0.6
v -7.5014710 -25.8849461 2.7000000 0.47 0.53 0.6
v -6.7224388 -26.0981094 2.7000000 0.47 0.53 0.6
v -5.9373689 -26.2878328 2.7000000 0.47 0.53 0.6
v -5.1469662 -26.4539456 2.7000000 0.47 0.53 0.6
v -4.3519408 -26.5962988 2.7000000 0.47 0.53 0.6
v -3.5530067 -26.7147645 2.7000000 0.47 0.53 0.6
v -2.7508815 -26.8092363 2.7000000 0.47 0.53 0.6
v -1.9462856 -26.8796293 2.7000000 0.47 0.53 0.6
v -1.1399416 -26.9258804 2.7000000 0.47 0.53 0.6
v -0.3325737 -26.9479479 2.7000000 0.47 0.53 0.6
v 0.4750928 -26.9458120 2.7000000 0.47 0.53 0.6
v 1.2823326 -26.9194748 2.7000000 0.47 0.53 0.6
v 2.0884207 -26.8689598 2.7000000 0.47 0.53 0.6
v 2.8926331 -26.7943123 2.7000000 0.47 0.53 0.6
v 3.6942475 -26.6955996 2.7000000 0.47 0.53 0.6
v 4.4925439 -26.5729101 2.7000000 0.47 0.53 0.6
v 5.2868052 -26.4263541 2.7000000 0.47 0.53 0.6
v 6.0763183 -26.2560632 2.7000000 0.47 0.53 0.6
v 6.8603738 -26.0621904 2.7000000 0.47 0.53 0.6
v 7.6382678 -25.8449099 2.7000000 0.47 0.53 0.6
v 8.4093014 -25.6044166 2.7000000 0.47 0.53 0.6
v 9.1727821 -25.3409267 2.7000000 0.47 0.53 0.6
v 9.9280243 -25.0546769 2.7000000 0.47 0.53 0.6
v 10.6743497 -24.7459241 2.7000000 0.47 0.53 0.6
v 11.4110879 -24.4149457 2.7000000 0.47 0.53 0.6
v 12.1375771 -24.0620390 2.7000000 0.47 0.53 0.6
v 12.8531650 -23.6875210 2.7000000 0.47 0.53 0.6
v 13.5572088 -23.2917279 2.7000000 0.47 0.53 0.6
v 14.2490762 -22.8750154 2.7000000 0.47 0.53 0.6
v 14.9281457 -22.4377576 2.7000000 0.47 0.53 0.6
v 15.5938075 -21.9803473 2.7000000 0.47 0.53 0.6
v 16.2454637 -21.5031953 2.7000000 0.47 0.53 0.6
v 16.8825290 -21.0067302 2.7000000 0.47 0.53 0.6
v 17.5044312 -20.4913979 2.7000000 0.47 0.53 0.6
v 18.1106118 -19.9576612 2.7000000 0.47 0.53 0.6
v 18.7005264 -19.4059994 2.7000000 0.47 0.53 0.6
v 19.2736450 -18.8369082 2.7000000 0.47 0.53 0.6
v 19.8294529 -18.2508985 2.7000000 0.47 0.53 0.6
v 20.3674510 -17.6484968 2.7000000 0.47 0.53 0.6
v 20.8871561 -17.0302440 2.7000000 0.47 0.53 0.6
v 21.3881013 -16.3966955 2.7000000 0.47 0.53 0.6
v 21.8698367 -15.7484203 2.7000000 0.47 0.53 0.6
v 22.3319297 -15.0860006 2.7000000 0.47 0.53 0.6
v 22.7739653 -14.4100314 2.7000000 0.47 0.53 0.6
v 23.1955464 -13.7211198 2.7000000 0.47 0.53 0.6
v 23.5962943 -13.0198846 2.7000000 0.47 0.53 0.6
v 23.9758492 -12.3069555 2.7000000 0.47 0.53 0.6
v 24.3338702 -11.5829729 2.7000000 0.47 0.53 0.6
v 24.6700357 -10.8485870 2.7000000 0.47 0.53 0.6
v 24.9840437 -10.1044575 2.7000000 0.47 0.53 0.6
v 25.2756122 -9.3512526 2.7000000 0.47 0.53 0.6
v 25.5444795 -8.5896489 2.7000000 0.47 0.53 0.6
v 25.7904039 -7.8203304 2.7000000 0.47 0.53 0.6
v 26.0131646 -7.0439880 2.7000000 0.47 0.53 0.6
v 26.2125616 -6.2613191 2.7000000 0.47 0.53 0.6
v 26.3884156 -5.4730265 2.7000000 0.47 0.53 0.6
v 26.5405689 4.6798184 2.7000000 0.47 0.53 0.6
v 26.3884156 5.4730265 2.7000000 0.47 0.53 0.6
v 26.2125616 6.2613191 2.7000000 0.47 0.53 0.6
v 26.0131646 7.0439880 2.7000000 0.47 0.53 0.6
v 25.7904039 7.8203304 2.7000000 0.47 0.53 0.6
v 25.5444795 8.5896489 2.7000000 0.47 0.53 0.6
v 25.2756122 9.3512526 2.7000000 0.47 0.53 0.6
v 24.9840437 10.1044575 2.7000000 0.47 0.53 0.6
v 24.6700357 10.8485870 2.7000000 0.47 0.53 0.6
v 24.3338702 11.5829729 2.7000000 0.47 0.53 0.6
v 23.9758492 12.3069555 2.7000000 0.47 0.53 0.6
v 23.5962943 13.0198846 2.7000000 0.47 0.53 0.6
v 23.1955464 13.7211198 2.7000000 0.47 0.53 0.6
v 22.7739653 14.4100314 2.7000000 0.47 0.53 0.6
v 22.3319297 15.0860006 2.7000000 0.47 0.53 0.6
v 21.8698367 15.7484203 2.7000000 0.47 0.53 0.6
v 21.3881013 16.3966955 2.7000000 0.47 0.53 0.6
v 20.8871561 17.0302440 2.7000000 0.47 0.53 0.6
v 20.3674510 17.6484968 2.7000000 0.47 0.53 0.6
v 19.8294529 18.2508985 2.7000000 0.47 0.53 0.6
v 19.2736450 18.8369082 2.7000000 0.47 0.53 0.6
v 18.7005264 19.4059994 2.7000000 0.47 0.53 0.6
v 18.1106118 19.9576612 2.7000000 0.47 0.53 0.6
v 17.5044312 20.4913979 2.7000000 0.47 0.53 0.6
v 16.8825290 21.0067302 2.7000000 0.47 0.53 0.6
v 16.2454637 21.5031953 2.7000000 0.47 0.53 0.6
v 15.5938075 21.9803473 2.7000000 0.47 0.53 0.6
v 14.9281457 22.4377576 2.7000000 0.47 0.53 0.6
v 14.2490762 22.8750154 2.7000000 0.47 0.53 0.6
v 13.5572088 23.2917279 2.7000000 0.47 0.53 0.6
v 12.8531650 23.6875210 2.7000000 0.47 0.53 0.6
v 12.1375771 24.0620390 2.7000000 0.47 0.53 0.6
v 11.4110879 24.4149457 2.7000000 0.47 0.53 0.6
v 10.6743497 24.7459241 2.7000000 0.47 0.53 0.6
v 9.9280243 25.0546769 2.7000000 0.47 0.53 0.6
v 9.1727821 25.3409267 2.7000000 0.47 0.53 0.6
v 8.4093014 25.6044166 2.7000000 0.47 0.53 0.6
v 7.6382678 25.8449099 2.7000000 0.47 0.53 0.6
v 6.8603738 26.0621904 2.7000000 0.47 0.53 0.6
v 6.0763183 26.2560632 2.7000000 0.47 0.53 0.6
v 5.2868052 26.4263541 2.7000000 0.47 0.53 0.6
v 4.4925439 26.5729101 2.7000000 0.47 0.53 0.6
v 3.6942475 26.6955996 2.7000000 0.47 0.53 0.6
v 2.8926331 26.7943123 2.7000000 0.47 0.53 0.6
v 2.0884207 26.8689598 2.7000000 0.47 0.53 0.6
v 1.2823326 26.9194748 2.7000000 0.47 0.53 0.6
v 0.4750928 26.9458120 2.7000000 0.47 0.53 0.6
v -0.3325737 26.9479479 2.7000000 0.47 0.53 0.6
v -1.1399416 26.9258804 2.7000000 0.47 0.53 0.6
v -1.9462856 26.8796293 2.7000000 0.47 0.53 0.6
v -2.7508815 26.8092363 2.7000000 0.47 0.53 0.6
v -3.5530067 26.7147645 2.7000000 0.47 0.53 0.6
v -4.3519408 26.5962988 2.7000000 0.47 0.53 0.6
v -5.1469662 26.4539456 2.7000000 0.47 0.53 0.6
v -5.9373689 26.2878328 2.7000000 0.47 0.53 0.6
v -6.7224388 26.0981094 2.7000000 0.47 0.53 0.6
v -7.5014710 25.8849461 2.7000000 0.47 0.53 0.6
v -8.2737658 25.6485341 2.7000000 0.47 0.53 0.6
v -9.0386294 25.3890858 2.7000000 0.47 0.53 0.6
v -9.7953750 25.1068343 2.7000000 0.47 0.53 0.6
v -10.5433229 24.8020330 2.7000000 0.47 0.53 0.6
v -11.2818012 24.4749558 2.7000000 0.47 0.53 0.6
v -12.0101468 24.1258963 2.7000000 0.47 0.53 0.6
v -12.7277055 23.7551681 2.7000000 0.47 0.53 0.6
v -13.4338327 23.3631042 2.7000000 0.47 0.53 0.6
v -14.1278943 22.9500567 2.7000000 0.47 0.53 0.6
v -14.8092670 22.5163965 2.7000000 0.47 0.53 0.6
v -15.4773386 22.0625132 2.7000000 0.47 0.53 0.6
v -16.1315093 21.5888144 2.7000000 0.47 0.53 0.6
v -16.7711914 21.0957256 2.7000000 0.47 0.53 0.6
v -17.3958105 20.5836896 2.7000000 0.47 0.53 0.6
v -18.0048054 20.0531664 2.7000000 0.47 0.53 0.6
v -18.5976294 19.5046323 2.7000000 0.47 0.53 0.6
v -19.1737498 18.9385802 2.7000000 0.47 0.53 0.6
v -19.7326493 18.3555183 2.7000000 0.47 0.53 0.6
v -20.2738259 17.7559704 2.7000000 0.47 0.53 0.6
v -20.7967935 17.1404749 2.7000000 0.47 0.53 0.6
v -21.3010824 16.5095847 2.7000000 0.47 0.53 0.6
v -21.7862398 15.8638664 2.7000000 0.47 0.53 0.6
v -22.2518298 15.2038999 2.7000000 0.47 0.53 0.6
v -22.6974343 14.5302780 2.7000000 0.47 0.53 0.6
v -23.1226530 13.8436057 2.7000000 0.47 0.53 0.6
v -23.5271041 13.1444998 2.7000000 0.47 0.53 0.6
v -23.9104243 12.4335881 2.7000000 0.47 0.53 0.6
v -24.2722692 11.7115091 2.7000000 0.47 0.53 0.6
v -24.6123141 10.9789115 2.7000000 0.47 0.53 0.6
v -24.9302533 10.2364531 2.7000000 0.47 0.53 0.6
v -25.2258014 9.4848008 2.7000000 0.47 0.53 0.6
v -25.4986928 8.7246297 2.7000000 0.47 0.53 0.6
v -25.7486826 7.9566226 2.7000000 0.47 0.53 0.6
v -25.9755462 7.1814693 2.7000000 0.47 0.53 0.6
v -26.1790798 6.3998659 2.7000000 0.47 0.53 0.6
v -26.3591006 5.6125144 2.7000000 0.47 0.53 0.6
v -26.5154469 4.8201221 2.7000000 0.47 0.53 0.6
v -26.6479783 4.0234005 2.7000000 0.47 0.53 0.6
v -26.7565758 3.2230654 2.7000000 0.47 0.53 0.6
v -26.8411419 2.4198354 2.7000000 0.47 0.53 0.6
v -26.9016005 1.6144320 2.7000000 0.47 0.53 0.6
v -26.9378974 0.8075787 2.7000000 0.47 0.53 0.6
v -26.9500000 -0.0000000 2.7000000 0.47 0.53 0.6
v -26.9378974 -0.8075787 2.7000000 0.47 0.53 0.6
v -26.9016005 -1.6144320 2.7000000 0.47 0.53 0.6
v -26.8411419 -2.4198354 2.7000000 0.47 0.53 0.6
v -26.7565758 -3.2230654 2.7000000 0.47 0.53 0.6
v -26.6479783 -4.0234005 2.7000000 0.47 0.53 0.6
v -26.5154469 -4.8201221 2.7000000 0.47 0.53 0.6
v -26.3591006 -5.6125144 2.7000000 0.47 0.53 0.6
v -26.1790798 -6.3998659 2.7000000 0.47 0.53 0.6
v -25.9755462 -7.1814693 2.7000000 0.47 0.53 0.6
v -25.7486826 -7.9566226 2.7000000 0.47 0.53 0.6
v -25.4986928 -8.7246297 2.7000000 0.47 0.53 0.6
v -25.2258014 -9.4848008 2.7000000 0.47 0.53 0.6
v -24.9302533 -10.2364531 2.7000000 0.47 0.53 0.6
v -24.6123141 -10.9789115 2.7000000 0.47 0.53 0.6
v -24.2722692 -11.7115091 2.7000000 0.47 0.53 0.6
v -23.9104243 -12.4335881 2.7000000 0.47 0.53 0.6
v -23.5271041 -13.1444998 2.7000000 0.47 0.53 0.6
v -23.1226530 -13.8436057 2.7000000 0.47 0.53 0.6
v -22.6974343 -14.5302780 2.7000000 0.47 0.53 0.6
v -22.2518298 -15.2038999 2.7000000 0.47 0.53 0.6
v -21.7862398 -15.8638664 2.7000000 0.47 0.53 0.6
v -21.3010824 -16.5095847 2.7000000 0.47 0.53 0.6
v -20.7967935 -17.1404749 2.7000000 0.47 0.53 0.6
v -20.2738259 -17.7559704 2.7000000 0.47 0.53 0.6
v -19.7326493 -18.3555183 2.7000000 0.47 0.53 0.6
v -19.1737498 -18.9385802 2.7000000 0.47 0.53 0.6
v -18.5976294 -19.5046323 2.7000000 0.47 0.53 0.6
v -18.0048054 -20.0531664 2.7000000 0.47 0.53 0.6
v -17.3958105 -20.5836896 2.7000000 0.47 0.53 0.6
v -16.7711914 -21.0957256 2.7000000 0.47 0.53 0.6
v -16.1315093 -21.5888144 2.7000000 0.47 0.53 0.6
v -15.4773386 -22.0625132 2.7000000 0.47 0.53 0.6
v -14.8092670 -22.5163965 2.7000000 0.47 0.53 0.6
v -14.1278943 -22.9500567 2.7000000 0.47 0.53 0.6
v -13.4338327 -23.3631042 2.7000000 0.47 0.53 0.6
v -12.7277055 -23.7551681 2.7000000 0.47 0.53 0.6
v -12.0101468 -24.1258963 2.7000000 0.47 0.53 0.6
v -11.2818012 -24.4749558 2.7000000 0.47 0.53 0.6
v -10.5433229 -24.8020330 2.7000000 0.47 0.53 0.6
v -9.7953750 -25.1068343 2.7000000 0.47 0.53 0.6
v -9.0386294 -25.3890858 2.7000000 0.47 0.53 0.6
v -8.2737658 -25.6485341 2.7000000 0.47 0.53 0.6
v -7.5014710 -25.8849461 2.7000000 0.47 0.53 0.6
v -6.7224388 -26.0981094 2.7000000 0.47 0.53 0.6
v -5.9373689 -26.2878328 2.7000000 0.47 0.53 0.6
v -5.1469662 -26.4539456 2.7000000 0.47 0.53 0.6
v -4.3519408 -26.5962988 2.7000000 0.47 0.53 0.6
v -3.5530067 -26.7147645 2.7000000 0.47 0.53 0.6
v -2.7508815 -26.8092363 2.7000000 0.47 0.53 0.6
v -1.9462856 -26.8796293 2.7000000 0.47 0.53 0.6
v -1.1399416 -26.9258804 2.7000000 0.47 0.53 0.6
v -0.3325737 -26.9479479 2.7000000 0.47 0.53 0.6
v 0.4750928 -26.9458120 2.7000000 0.47 0.53 0.6
v 1.2823326 -26.9194748 2.7000000 0.47 0.53 0.6
v 2.0884207 -26.8689598 2.7000000 0.47 0.53 0.6
v 2.8926331 -26.7943123 2.7000000 0.47 0.53 0.6
v 3.6942475 -26.6955996 2.7000000 0.47 0.53 0.6
v 4.4925439 -26.5729101 2.7000000 0.47 0.53 0.6
v 5.2868052 -26.4263541 2.7000000 0.47 0.53 0.6
v 6.0763183 -26.2560632 2.7000000 0.47 0.53 0.6
v 6.8603738 -26.0621904 2.7000000 0.47 0.53 0.6
v 7.6382678 -25.8449099 2.7000000 0.47 0.53 0.6
v 8.4093014 -25.6044166 2.7000000 0.47 0.53 0.6
v 9.1727821 -25.3409267 2.7000000 0.47 0.53 0.6
v 9.9280243 -25.0546769 2.7000000 0.47 0.53 0.6
v 10.6743497 -24.7459241 2.7000000 0.47 0.53 0.6
v 11.4110879 -24.4149457 2.7000000 0.47 0.53 0.6
v 12.1375771 -24.0620390 2.7000000 0.47 0.53 0.6
v 12.8531650 -23.6875210 2.7000000 0.47 0.53 0.6
v 13.5572088 -23.2917279 2.7000000 0.47 0.53 0.6
v 14.2490762 -22.8750154 2.7000000 0.47 0.53 0.6
v 14.9281457 -22.4377576 2.7000000 0.47 0.53 0.6
v 15.5938075 -21.9803473 2.7000000 0.47 0.53 0.6
v 16.2454637 -21.5031953 2.7000000 0.47 0.53 0.6
v 16.8825290 -21.0067302 2.7000000 0.47 0.53 0.6
v 17.5044312 -20.4913979 2.7000000 0.47 0.53 0.6
v 18.1106118 -19.9576612 2.7000000 0.47 0.53 0.6
v 18.7005264 -19.4059994 2.7000000 0.47 0.53 0.6
v 19.2736450 -18.8369082 2.7000000 0.47 0.53 0.6
v 19.8294529 -18.2508985 2.7000000 0.47 0.53 0.6
v 20.3674510 -17.6484968 2.7000000 0.47 0.53 0.6
v 20.8871561 -17.0302440 2.7000000 0.47 0.53 0.6
v 21.3881013 -16.3966955 2.7000000 0.47 0.53 0.6
v 21.8698367 -15.7484203 2.7000000 0.47 0.53 0.6
v 22.3319297 -15.0860006 2.7000000 0.47 0.53 0.6
v 22.7739653 -14.4100314 2.7000000 0.47 0.53 0.6
v 23.1955464 -13.7211198 2.7000000 0.47 0.53 0.6
v 23.5962943 -13.0198846 2.7000000 0.47 0.53 0.6
v 23.9758492 -12.3069555 2.7000000 0.47 0.53 0.6
v 24.3338702 -11.5829729 2.7000000 0.47 0.53 0.6
v 24.6700357 -10.8485870 2.7000000 0.47 0.53 0.6
v 24.9840437 -10.1044575 2.7000000 0.47 0.53 0.6
v 25.2756122 -9.3512526 2.7000000 0.47 0.53 0.6
v 25.5444795 -8.5896489 2.7000000 0.47 0.53 0.6
v 25.7904039 -7.8203304 2.7000000 0.47 0.53 0.6
v 26.0131646 -7.0439880 2.7000000 0.47 0.53 0.6
v 26.2125616 -6.2613191 2.7000000 0.47 0.53 0.6
v 26.3884156 -5.4730265 2.7000000 0.47 0.53 0.6
v 26.5405689 -4.6798184 2.7000000 0.47 0.53 0.6
v 22.7490591 -4.0112729 2.7000000 0.47 0.53 0.6
v 22.7490591 4.0112729 2.7000000 0.47 0.53 0.6
v 22.6186420 4.6911656 2.7000000 0.47 0.53 0.6
v 22.4679099 5.3668449 2.7000000 0.47 0.53 0.6
v 22.2969982 6.0377040 2.7000000 0.47 0.53 0.6
v 22.1060605 6.7031403 2.7000000 0.47 0.53 0.6
v 21.8952681 7.3625562 2.7000000 0.47 0.53 0.6
v 21.6648105 8.0153594 2.7000000 0.47 0.53 0.6
v 21.4148946 8.6609636 2.7000000 0.47 0.53 0.6
v 21.1457449 9.2987889 2.7000000 0.47 0.53 0.6
v 20.8576030 9.9282625 2.7000000 0.47 0.53 0.6
v 20.5507279 10.5488190 2.7000000 0.47 0.53 0.6
v 20.2253951 11.1599010 2.7000000 0.47 0.53 0.6
v 19.8818969 11.7609598 2.7000000 0.47 0.53 0.6
v 19.5205417 12.3514555 2.7000000 0.47 0.53 0.6
v 19.1416541 12.9308577 2.7000000 0.47 0.53 0.6
v 18.7455743 13.4986460 2.7000000 0.47 0.53 0.6
v 18.3326582 14.0543104 2.7000000 0.47 0.53 0.6
v 17.9032766 14.5973520 2.7000000 0.47 0.53 0.6
v 17.4578152 15.1272830 2.7000000 0.47 0.53 0.6
v 16.9966739 15.6436273 2.7000000 0.47 0.53 0.6
v 16.5202671 16.1459213 2.7000000 0.47 0.53 0.6
v 16.0290226 16.6337138 2.7000000 0.47 0.53 0.6
v 15.5233816 17.1065667 2.7000000 0.47 0.53 0.6
v 15.0037982 17.5640553 2.7000000 0.47 0.53 0.6
v 14.4707392 18.0057688 2.7000000 0.47 0.53 0.6
v 13.9246832 18.4313103 2.7000000 0.47 0.53 0.6
v 13.3661207 18.8402977 2.7000000 0.47 0.53 0.6
v 12.7955535 19.2323636 2.7000000 0.47 0.53 0.6
v 12.2134939 19.6071560 2.7000000 0.47 0.53 0.6
v 11.6204647 19.9643382 2.7000000 0.47 0.53 0.6
v 11.0169986 20.3035894 2.7000000 0.47 0.53 0.6
v 10.4036375 20.6246049 2.7000000 0.47 0.53 0.6
v 9.7809324 20.9270963 2.7000000 0.47 0.53 0.6
v 9.1494426 21.2107921 2.7000000 0.47 0.53 0.6
v 8.5097352 21.4754373 2.7000000 0.47 0.53 0.6
v 7.8623847 21.7207943 2.7000000 0.47 0.53 0.6
v 7.2079726 21.9466428 2.7000000 0.47 0.53 0.6
v 6.5470867 22.1527799 2.7000000 0.47 0.53 0.6
v 5.8803204 22.3390204 2.7000000 0.47 0.53 0.6
v 5.2082728 22.5051971 2.7000000 0.47 0.53 0.6
v 4.5315473 22.6511606 2.7000000 0.47 0.53 0.6
v 3.8507519 22.7767801 2.7000000 0.47 0.53 0.6
v 3.1664978 22.8819425 2.7000000 0.47 0.53 0.6
v 2.4793998 22.9665534 2.7000000 0.47 0.53 0.6
v 1.7900749 23.0305369 2.7000000 0.47 0.53 0.6
v 1.0991423 23.0738355 2.7000000 0.47 0.53 0.6
v 0.4072224 23.0964103 2.7000000 0.47 0.53 0.6
v -0.2850632 23.0982410 2.7000000 0.47 0.53 0.6
v -0.9770928 23.0793260 2.7000000 0.47 0.53 0.6
v -1.6682448 23.0396823 2.7000000 0.47 0.53 0.6
v -2.3578984 22.9793454 2.7000000 0.47 0.53 0.6
v -3.0454344 22.8983696 2.7000000 0.47 0.53 0.6
v -3.7302350 22.7968276 2.7000000 0.47 0.53 0.6
v -4.4116853 22.6748105 2.7000000 0.47 0.53 0.6
v -5.0891733 22.5324281 2.7000000 0.47 0.53 0.6
v -5.7620904 22.3698081 2.7000000 0.47 0.53 0.6
v -6.4298323 22.1870966 2.7000000 0.47 0.53 0.6
v -7.0917992 21.9844578 2.7000000 0.47 0.53 0.6
v -7.7473967 21.7620735 2.7000000 0.47 0.53 0.6
v -8.3960357 21.5201437 2.7000000 0.47 0.53 0.6
v -9.0371339 21.2588855 2.7000000 0.47 0.53 0.6
v -9.6701153 20.9785335 2.7000000 0.47 0.53 0.6
v -10.2944116 20.6793397 2.7000000 0.47 0.53 0.6
v -10.9094618 20.3615727 2.7000000 0.47 0.53 0.6
v -11.5147137 20.0255179 2.7000000 0.47 0.53 0.6
v -12.1096237 19.6714772 2.7000000 0.47 0.53 0.6
v -12.6936574 19.2997684 2.7000000 0.47 0.53 0.6
v -13.2662902 18.9107256 2.7000000 0.47 0.53 0.6
v -13.8270080 18.5046981 2.7000000 0.47 0.53 0.6
v -14.3753069 18.0820505 2.7000000 0.47 0.53 0.6
v -14.9106947 17.6431625 2.7000000 0.47 0.53 0.6
v -15.4326904 17.1884283 2.7000000 0.47 0.53 0.6
v -15.9408252 16.7182563 2.7000000 0.47 0.53 0.6
v -16.4346427 16.2330687 2.7000000 0.47 0.53 0.6
v -16.9136994 15.7333014 2.7000000 0.47 0.53 0.6
v -17.3775650 15.2194032 2.7000000 0.47 0.53 0.6
v -17.8258230 14.6918356 2.7000000 0.47 0.53 0.6
v -18.2580707 14.1510726 2.7000000 0.47 0.53 0.6
v -18.6739198 13.5975997 2.7000000 0.47 0.53 0.6
v -19.0729970 13.0319142 2.7000000 0.47 0.53 0.6
v -19.4549436 12.4545240 2.7000000 0.47 0.53 0.6
v -19.8194168 11.8659477 2.7000000 0.47 0.53 0.6
v -20.1660892 11.2667141 2.7000000 0.47 0.53 0.6
v -20.4946494 10.6573612 2.7000000 0.47 0.53 0.6
v -20.8048022 10.0384364 2.7000000 0.47 0.53 0.6
v -21.0962692 9.4104955 2.7000000 0.47 0.53 0.6
v -21.3687885 8.7741026 2.7000000 0.47 0.53 0.6
v -21.6221154 8.1298293 2.7000000 0.47 0.53 0.6
v -21.8560224 7.4782541 2.7000000 0.47 0.53 0.6
v -22.0702994 6.8199623 2.7000000 0.47 0.53 0.6
v -22.2647539 6.1555451 2.7000000 0.47 0.53 0.6
v -22.4392112 5.4855993 2.7000000 0.47 0.53 0.6
v -22.5935148 4.8107266 2.7000000 0.47 0.53 0.6
v -22.7275259 4.1315332 2.7000000 0.47 0.53 0.6
v -22.8411243 3.4486290 2.7000000 0.47 0.53 0.6
v -22.9342078 2.7626275 2.7000000 0.47 0.53 0.6
v -23.0066930 2.0741446 2.7000000 0.47 0.53 0.6
v -23.0585147 1.3837989 2.7000000 0.47 0.53 0.6
v -23.0896263 0.6922103 2.7000000 0.47 0.53 0.6
v -23.1000000 -0.0000000 2.7000000 0.47 0.53 0.6
v -23.0896263 -0.6922103 2.7000000 0.47 0.53 0.6
v -23.0585147 -1.3837989 2.7000000 0.47 0.53 0.6
v -23.0066930 -2.0741446 2.7000000 0.47 0.53 0.6
v -22.9342078 -2.7626275 2.7000000 0.47 0.53 0.6
v -22.8411243 -3.4486290 2.7000000 0.47 0.53 0.6
v -22.7275259 -4.1315332 2.7000000 0.47 0.53 0.6
v -22.5935148 -4.8107266 2.7000000 0.47 0.53 0.6
v -22.4392112 -5.4855993 2.7000000 0.47 0.53 0.6
v -22.2647539 -6.1555451 2.7000000 0.47 0.53 0.6
v -22.0702994 -6.8199623 2.7000000 0.47 0.53 0.6
v -21.8560224 -7.4782541 2.7000000 0.47 0.53 0.6
v -21.6221154 -8.1298293 2.7000000 0.47 0.53 0.6
v -21.3687885 -8.7741026 2.7000000 0.47 0.53 0.6
v -21.0962692 -9.4104955 2.7000000 0.47 0.53 0.6
v -20.8048022 -10.0384364 2.7000000 0.47 0.53 0.6
v -20.4946494 -10.6573612 2.7000000 0.47 0.53 0.6
v -20.1660892 -11.2667141 2.7000000 0.47 0.53 0.6
v -19.8194168 -11.8659477 2.7000000 0.47 0.53 0.6
v -19.4549436 -12.4545240 2.7000000 0.47 0.53 0.6
v -19.0729970 -13.0319142 2.7000000 0.47 0.53 0.6
v -18.6739198 -13.5975997 2.7000000 0.47 0.53 0.6
v -18.2580707 -14.1510726 2.7000000 0.47 0.53 0.6
v -17.8258230 -14.6918356 2.7000000 0.47 0.53 0.6
v -17.3775650 -15.2194032 2.7000000 0.47 0.53 0.6
v -16.9136994 -15.7333014 2.7000000 0.47 0.53 0.6
v -16.4346427 -16.2330687 2.7000000 0.47 0.53 0.6
v -15.9408252 -16.7182563 2.7000000 0.47 0.53 0.6
v -15.4326904 -17.1884283 2.7000000 0.47 0.53 0.6
v -14.9106947 -17.6431625 2.7000000 0.47 0.53 0.6
v -14.3753069 -18.0820505 2.7000000 0.47 0.53 0.6
v -13.8270080 -18.5046981 2.7000000 0.47 0.53 0.6
v -13.2662902 -18.9107256 2.7000000 0.47 0.53 0.6
v -12.6936574 -19.2997684 2.7000000 0.47 0.53 0.6
v -12.1096237 -19.6714772 2.7000000 0.47 0.53 0.6
v -11.5147137 -20.0255179 2.7000000 0.47 0.53 0.6
v -10.9094618 -20.3615727 2.7000000 0.47 0.53 0.6
v -10.2944116 -20.6793397 2.7000000 0.47 0.53 0.6
v -9.6701153 -20.9785335 2.7000000 0.47 0.53 0.6
v -9.0371339 -21.2588855 2.7000000 0.47 0.53 0.6
v -8.3960357 -21.5201437 2.7000000 0.47 0.53 0.6
v -7.7473967 -21.7620735 2.7000000 0.47 0.53 0.6
v -7.0917992 -21.9844578 2.7000000 0.47 0.53 0.6
v -6.4298323 -22.1870966 2.7000000 0.47 0.53 0.6
v -5.7620904 -22.3698081 2.7000000 0.47 0.53 0.6
v -5.0891733 -22.5324281 2.7000000 0.47 0.53 0.6
v -4.4116853 -22.6748105 2.7000000 0.47 0.53 0.6
v -3.7302350 -22.7968276 2.7000000 0.47 0.53 0.6
v -3.0454344 -22.8983696 2.7000000 0.47 0.53 0.6
v -2.3578984 -22.9793454 2.7000000 0.47 0.53 0.6
v -1.6682448 -23.0396823 2.7000000 0.47 0.53 0.6
v -0.9770928 -23.0793260 2.7000000 0.47 0.53 0.6
v -0.2850632 -23.0982410 2.7000000 0.47 0.53 0.6
v 0.4072224 -23.0964103 2.7000000 0.47 0.53 0.6
v 1.0991423 -23.0738355 2.7000000 0.47 0.53 0.6
v 1.7900749 -23.0305369 2.7000000 0.47 0.53 0.6
v 2.4793998 -22.9665534 2.7000000 0.47 0.53 0.6
v 3.1664978 -22.8819425 2.7000000 0.47 0.53 0.6
v 3.8507519 -22.7767801 2.7000000 0.47 0.53 0.6
v 4.5315473 -22.6511606 2.7000000 0.47 0.53 0.6
v 5.2082728 -22.5051971 2.7000000 0.47 0.53 0.6
v 5.8803204 -22.3390204 2.7000000 0.47 0.53 0.6
v 6.5470867 -22.1527799 2.7000000 0.47 0.53 0.6
v 7.2079726 -21.9466428 2.7000000 0.47 0.53 0.6
v 7.8623847 -21.7207943 2.7000000 0.47 0.53 0.6
v 8.5097352 -21.4754373 2.7000000 0.47 0.53 0.6
v 9.1494426 -21.2107921 2.7000000 0.47 0.53 0.6
v 9.7809324 -20.9270963 2.7000000 0.47 0.53 0.6
v 10.4036375 -20.6246049 2.7000000 0.47 0.53 0.6
v 11.0169986 -20.3035894 2.7000000 0.47 0.53 0.6
v 11.6204647 -19.9643382 2.7000000 0.47 0.53 0.6
v 12.2134939 -19.6071560 2.7000000 0.47 0.53 0.6
v 12.7955535 -19.2323636 2.7000000 0.47 0.53 0.6
v 13.3661207 -18.8402977 2.7000000 0.47 0.53 0.6
v 13.9246832 -18.4313103 2.7000000 0.47 0.53 0.6
v 14.4707392 -18.0057688 2.7000000 0.47 0.53 0.6
v 15.0037982 -17.5640553 2.7000000 0.47 0.53 0.6
v 15.5233816 -17.1065667 2.7000000 0.47 0.53 0.6
v 16.0290226 -16.6337138 2.7000000 0.47 0.53 0.6
v 16.5202671 -16.1459213 2.7000000 0.47 0.53 0.6
v 16.9966739 -15.6436273 2.7000000 0.47 0.53 0.6
v 17.4578152 -15.1272830 2.7000000 0.47 0.53 0.6
v 17.9032766 -14.5973520 2.7000000 0.47 0.53 0.6
v 18.3326582 -14.0543104 2.7000000 0.47 0.53 0.6
v 18.7455743 -13.4986460 2.7000000 0.47 0.53 0.6
v 19.1416541 -12.9308577 2.7000000 0.47 0.53 0.6
v 19.5205417 -12.3514555 2.7000000 0.47 0.53 0.6
v 19.8818969 -11.7609598 2.7000000 0.47 0.53 0.6
v 20.2253951 -11.1599010 2.7000000 0.47 0.53 0.6
v 20.5507279 -10.5488190 2.7000000 0.47 0.53 0.6
v 20.8576030 -9.9282625 2.7000000 0.47 0.53 0.6
v 21.1457449 -9.2987889 2.7000000 0.47 0.53 0.6
v 21.4148946 -8.6609636 2.7000000 0.47 0.53 0.6
v 21.6648105 -8.0153594 2.7000000 0.47 0.53 0.6
v 21.8952681 -7.3625562 2.7000000 0.47 0.53 0.6
v 22.1060605 -6.7031403 2.7000000 0.47 0.53 0.6
v 22.2969982 -6.0377040 2.7000000 0.47 0.53 0.6
v 22.4679099 -5.3668449 2.7000000 0.47 0.53 0.6
v 22.6186420 -4.6911656 2.7000000 0.47 0.53 0.6
v 22.7490591 4.0112729 2.7000000 0.47 0.53 0.6
v 22.6186420 4.6911656 2.7000000 0.47 0.53 0.6
v 22.4679099 5.3668449 2.7000000 0.47 0.53 0.6
v 22.2969982 6.0377040 2.7000000 0.47 0.53 0.6
v 22.1060605 6.7031403 2.7000000 0.47 0.53 0.6
v 21.8952681 7.3625562 2.7000000 0.47 0.53 0.6
v 21.6648105 8.0153594 2.7000000 0.47 0.53 0.6
v 21.4148946 8.6609636 2.7000000 0.47 0.53 0.6
v 21.1457449 9.2987889 2.7000000 0.47 0.53 0.6
v 20.8576030 9.9282625 2.7000000 0.47 0.53 0.6
v 20.5507279 10.5488190 2.7000000 0.47 0.53 0.6
v 20.2253951 11.1599010 2.7000000 0.47 0.53 0.6
v 19.8818969 11.7609598 2.7000000 0.47 0.53 0.6
v 19.5205417 12.3514555 2.7000000 0.47 0.53 0.6
v 19.1416541 12.9308577 2.7000000 0.47 0.53 0.6
v 18.7455743 13.4986460 2.7000000 0.47 0.53 0.6
v 18.3326582 14.0543104 2.7000000 0.47 0.53 0.6
v 17.9032766 14.5973520 2.7000000 0.47 0.53 0.6
v 17.4578152 15.1272830 2.7000000 0.47 0.53 0.6
v 16.9966739 15.6436273 2.7000000 0.47 0.53 0.6
v 16.5202671 16.1459213 2.7000000 0.47 0.53 0.6
v 16.0290226 16.6337138 2.7000000 0.47 0.53 0.6
v 15.5233816 17.1065667 2.7000000 0.47 0.53 0.6
v 15.0037982 17.5640553 2.7000000 0.47 0.53 0.6
v 14.4707392 18.0057688 2.7000000 0.47 0.53 0.6
v 13.9246832 18.4313103 2.7000000 0.47 0.53 0.6
v 13.3661207 18.8402977 2.7000000 0.47 0.53 0.6
v 12.7955535 19.2323636 2.7000000 0.47 0.53 0.6
v 12.2134939 19.6071560 2.7000000 0.47 0.53 0.6
v 11.6204647 19.9643382 2.7000000 0.47 0.53 0.6
v 11.0169986 20.3035894 2.7000000 0.47 0.53 0.6
v 10.4036375 20.6246049 2.7000000 0.47 0.53 0.6
v 9.7809324 20.9270963 2.7000000 0.47 0.53 0.6
v 9.1494426 21.2107921 2.7000000 0.47 0.53 0.6
v 8.5097352 21.4754373 2.7000000 0.47 0.53 0.6
v 7.8623847 21.7207943 2.7000000 0.47 0.53 0.6
v 7.2079726 21.9466428 2.7000000 0.47 0.53 0.6
v 6.5470867 22.1527799 2.7000000 0.47 0.53 0.6
v 5.8803204 22.3390204 2.7000000 0.47 0.53 0.6
v 5.2082728 22.5051971 2.7000000 0.47 0.53 0.6
v 4.5315473 22.6511606 2.7000000 0.47 0.53 0.6
v 3.8507519 22.7767801 2.7000000 0.47 0.53 0.6
v 3.1664978 22.8819425 2.7000000 0.47 0.53 0.6
v 2.4793998 22.9665534 2.7000000 0.47 0.53 0.6
v 1.7900749 23.0305369 2.7000000 0.47 0.53 0.6
v 1.0991423 23.0738355 2.7000000 0.47 0.53 0.6
v 0.4072224 23.0964103 2.7000000 0.47 0.53 0.6
v -0.2850632 23.0982410 2.7000000 0.47 0.53 0.6
v -0.9770928 23.0793260 2.7000000 0.47 0.53 0.6
v -1.6682448 23.0396823 2.7000000 0.47 0.53 0.6
v -2.3578984 22.9793454 2.7000000 0.47 0.53 0.6
v -3.0454344 22.8983696 2.7000000 0.47 0.53 0.6
v -3.7302350 22.7968276 2.7000000 0.47 0.53 0.6
v -4.4116853 22.6748105 2.7000000 0.47 0.53 0.6
v -5.0891733 22.5324281 2.7000000 0.47 0.53 0.6
v -5.7620904 22.3698081 2.7000000 0.47 0.53 0.6
v -6.4298323 22.1870966 2.7000000 0.47 0.53 0.6
v -7.0917992 21.9844578 2.7000000 0.47 0.53 0.6
v -7.7473967 21.7620735 2.7000000 0.47 0.53 0.6
v -8.3960357 21.5201437 2.7000000 0.47 0.53 0.6
v -9.0371339 21.2588855 2.7000000 0.47 0.53 0.6
v -9.6701153 20.9785335 2.7000000 0.47 0.53 0.6
v -10.2944116 20.6793397 2.7000000 0.47 0.53 0.6
v -10.9094618 20.3615727 2.7000000 0.47 0.53 0.6
v -11.5147137 20.0255179 2.7000000 0.47 0.53 0.6
v -12.1096237 19.6714772 2.7000000 0.47 0.53 0.6
v -12.6936574 19.2997684 2.7000000 0.47 0.53 0.6
v -13.2662902 18.9107256 2.7000000 0.47 0.53 0.6
v -13.8270080 18.5046981 2.7000000 0.47 0.53 0.6
v -14.3753069 18.0820505 2.7000000 0.47 0.53 0.6
v -14.9106947 17.6431625 2.7000000 0.47 0.53 0.6
v -15.4326904 17.1884283 2.7000000 0.47 0.53 0.6
v -15.9408252 16.7182563 2.7000000 0.47 0.53 0.6
v -16.4346427 16.2330687 2.7000000 0.47 0.53 0.6
v -16.9136994 15.7333014 2.7000000 0.47 0.53 0.6
v -17.3775650 15.2194032 2.7000000 0.47 0.53 0.6
v -17.8258230 14.6918356 2.7000000 0.47 0.53 0.6
v -18.2580707 14.1510726 2.7000000 0.47 0.53 0.6
v -18.6739198 13.5975997 2.7000000 0.47 0.53 0.6
v -19.0729970 13.0319142 2.7000000 0.47 0.53 0.6
v -19.4549436 12.4545240 2.7000000 0.47 0.53 0.6
v -19.8194168 11.8659477 2.7000000 0.47 0.53 0.6
v -20.1660892 11.2667141 2.7000000 0.47 0.53 0.6
v -20.4946494 10.6573612 2.7000000 0.47 0.53 0.6
v -20.8048022 10.0384364 2.7000000 0.47 0.53 0.6
v -21.0962692 9.4104955 2.7000000 0.47 0.53 0.6
v -21.3687885 8.7741026 2.7000000 0.47 0.53 0.6
v -21.6221154 8.1298293 2.7000000 0.47 0.53 0.6
v -21.8560224 7.4782541 2.7000000 0.47 0.53 0.6
v -22.0702994 6.8199623 2.7000000 0.47 0.53 0.6
v -22.2647539 6.1555451 2.7000000 0.47 0.53 0.6
v -22.4392112 5.4855993 2.7000000 0.47 0.53 0.6
v -22.5935148 4.8107266 2.7000000 0.47 0.53 0.6
v -22.7275259 4.1315332 2.7000000 0.47 0.53 0.6
v -22.8411243 3.4486290 2.7000000 0.47 0.53 0.6
v -22.9342078 2.7626275 2.7000000 0.47 0.53 0.6
v -23.0066930 2.0741446 2.7000000 0.47 0.53 0.6
v -23.0585147 1.3837989 2.7000000 0.47 0.53 0.6
v -23.0896263 0.6922103 2.7000000 0.47 0.53 0.6
v -23.1000000 -0.0000000 2.7000000 0.47 0.53 0.6
v -23.0896263 -0.6922103 2.7000000 0.47 0.53 0.6
v -23.0585147 -1.3837989 2.7000000 0.47 0.53 0.6
v -23.0066930 -2.0741446 2.7000000 0.47 0.53 0.6
v -22.9342078 -2.7626275 2.7000000 0.47 0.53 0.6
v -22.8411243 -3.4486290 2.7000000 0.47 0.53 0.6
v -22.7275259 -4.1315332 2.7000000 0.47 0.53 0.6
v -22.5935148 -4.8107266 2.7000000 0.47 0.53 0.6
v -22.4392112 -5.4855993 2.7000000 0.47 0.53 0.6
v -22.2647539 -6.1555451 2.7000000 0.47 0.53 0.6
v -22.0702994 -6.8199623 2.7000000 0.47 0.53 0.6
v -21.8560224 -7.4782541 2.7000000 0.47 0.53 0.6
v -21.6221154 -8.1298293 2.7000000 0.47 0.53 0.6
v -21.3687885 -8.7741026 2.7000000 0.47 0.53 0.6
v -21.0962692 -9.4104955 2.7000000 0.47 0.53 0.6
v -20.8048022 -10.0384364 2.7000000 0.47 0.53 0.6
v -20.4946494 -10.6573612 2.7000000 0.47 0.53 0.6
v -20.1660892 -11.2667141 2.7000000 0.47 0.53 0.6
v -19.8194168 -11.8659477 2.7000000 0.47 0.53 0.6
v -19.4549436 -12.4545240 2.7000000 0.47 0.53 0.6
v -19.0729970 -13.0319142 2.7000000 0.47 0.53 0.6
v -18.6739198 -13.5975997 2.7000000 0.47 0.53 0.6
v -18.2580707 -14.1510726 2.7000000 0.47 0.53 0.6
v -17.8258230 -14.6918356 2.7000000 0.47 0.53 0.6
v -17.3775650 -15.2194032 2.7000000 0.47 0.53 0.6
v -16.9136994 -15.7333014 2.7000000 0.47 0.53 0.6
v -16.4346427 -16.2330687 2.7000000 0.47 0.53 0.6
v -15.9408252 -16.7182563 2.7000000 0.47 0.53 0.6
v -15.4326904 -17.1884283 2.7000000 0.47 0.53 0.6
v -14.9106947 -17.6431625 2.7000000 0.47 0.53 0.6
v -14.3753069 -18.0820505 2.7000000 0.47 0.53 0.6
v -13.8270080 -18.5046981 2.7000000 0.47 0.53 0.6
v -13.2662902 -18.9107256 2.7000000 0.47 0.53 0.6
v -12.6936574 -19.2997684 2.7000000 0.47 0.53 0.6
v -12.1096237 -19.6714772 2.7000000 0.47 0.53 0.6
v -11.5147137 -20.0255179 2.7000000 0.47 0.53 0.6
v -10.9094618 -20.3615727 2.7000000 0.47 0.53 0.6
v -10.2944116 -20.6793397 2.7000000 0.47 0.53 0.6
v -9.6701153 -20.9785335 2.7000000 0.47 0.53 0.6
v -9.0371339 -21.2588855 2.7000000 0.47 0.53 0.6
v -8.3960357 -21.5201437 2.7000000 0.47 0.53 0.6
v -7.7473967 -21.7620735 2.7000000 0.47 0.53 0.6
v -7.0917992 -21.9844578 2.7000000 0.47 0.53 0.6
v -6.4298323 -22.1870966 2.7000000 0.47 0.53 0.6
v -5.7620904 -22.3698081 2.7000000 0.47 0.53 0.6
v -5.0891733 -22.5324281 2.7000000 0.47 0.53 0.6
v -4.4116853 -22.6748105 2.7000000 0.47 0.53 0.6
v -3.7302350 -22.7968276 2.7000000 0.47 0.53 0.6
v -3.0454344 -22.8983696 2.7000000 0.47 0.53 0.6
v -2.3578984 -22.9793454 2.7000000 0.47 0.53 0.6
v -1.6682448 -23.0396823 2.7000000 0.47 0.53 0.6
v -0.9770928 -23.0793260 2.7000000 0.47 0.53 0.6
v -0.2850632 -23.0982410 2.7000000 0.47 0.53 0.6
v 0.4072224 -23.0964103 2.7000000 0.47 0.53 0.6
v 1.0991423 -23.0738355 2.7000000 0.47 0.53 0.6
v 1.7900749 -23.0305369 2.7000000 0.47 0.53 0.6
v 2.4793998 -22.9665534 2.7000000 0.47 0.53 0.6
v 3.1664978 -22.8819425 2.7000000 0.47 0.53 0.6
v 3.8507519 -22.7767801 2.7000000 0.47 0.53 0.6
v 4.5315473 -22.6511606 2.7000000 0.47 0.53 0.6
v 5.2082728 -22.5051971 2.7000000 0.47 0.53 0.6
v 5.8803204 -22.3390204 2.7000000 0.47 0.53 0.6
v 6.5470867 -22.1527799 2.7000000 0.47 0.53 0.6
v 7.2079726 -21.9466428 2.7000000 0.47 0.53 0.6
v 7.8623847 -21.7207943 2.7000000 0.47 0.53 0.6
v 8.5097352 -21.4754373 2.7000000 0.47 0.53 0.6
v 9.1494426 -21.2107921 2.7000000 0.47 0.53 0.6
v 9.7809324 -20.9270963 2.7000000 0.47 0.53 0.6
v 10.4036375 -20.6246049 2.7000000 0.47 0.53 0.6
v 11.0169986 -20.3035894 2.7000000 0.47 0.53 0.6
v 11.6204647 -19.9643382 2.7000000 0.47 0.53 0.6
v 12.2134939 -19.6071560 2.7000000 0.47 0.53 0.6
v 12.7955535 -19.2323636 2.7000000 0.47 0.53 0.6
v 13.3661207 -18.8402977 2.7000000 0.47 0.53 0.6
v 13.9246832 -18.4313103 2.7000000 0.47 0.53 0.6
v 14.4707392 -18.0057688 2.7000000 0.47 0.53 0.6
v 15.0037982 -17.5640553 2.7000000 0.47 0.53 0.6
v 15.5233816 -17.1065667 2.7000000 0.47 0.53 0.6
v 16.0290226 -16.6337138 2.7000000 0.47 0.53 0.6
v 16.5202671 -16.1459213 2.7000000 0.47 0.53 0.6
v 16.9966739 -15.6436273 2.7000000 0.47 0.53 0.6
v 17.4578152 -15.1272830 2.7000000 0.47 0.53 0.6
v 17.9032766 -14.5973520 2.7000000 0.47 0.53 0.6
v 18.3326582 -14.0543104 2.7000000 0.47 0.53 0.6
v 18.7455743 -13.4986460 2.7000000 0.47 0.53 0.6
v 19.1416541 -12.9308577 2.7000000 0.47 0.53 0.6
v 19.5205417 -12.3514555 2.7000000 0.47 0.53 0.6
v 19.8818969 -11.7609598 2.7000000 0.47 0.53 0.6
v 20.2253951 -11.1599010 2.7000000 0.47 0.53 0.6
v 20.5507279 -10.5488190 2.7000000 0.47 0.53 0.6
v 20.8576030 -9.9282625 2.7000000 0.47 0.53 0.6
v 21.1457449 -9.2987889 2.7000000 0.47 0.53 0.6
v 21.4148946 -8.6609636 2.7000000 0.47 0.53 0.6
v 21.6648105 -8.0153594 2.7000000 0.47 0.53 0.6
v 21.8952681 -7.3625562 2.7000000 0.47 0.53 0.6
v 22.1060605 -6.7031403 2.7000000 0.47 0.53 0.6
v 22.2969982 -6.0377040 2.7000000 0.47 0.53 0.6
v 22.4679099 -5.3668449 2.7000000 0.47 0.53 0.6
v 22.6186420 -4.6911656 2.7000000 0.47 0.53 0.6
v 22.7490591 -4.0112729 2.7000000 0.47 0.53 0.6
v 22.7490591 -4.0112729 2.0000000 0.47 0.53 0.6
v 22.7490591 4.0112729 2.0000000 0.47 0.53 0.6
v 22.6186420 4.6911656 2.0000000 0.47 0.53 0.6
v 22.4679099 5.3668449 2.0000000 0.47 0.53 0.6
v 22.2969982 6.0377040 2.0000000 0.47 0.53 0.6
v 22.1060605 6.7031403 2.0000000 0.47 0.53 0.6
v 21.8952681 7.3625562 2.0000000 0.47 0.53 0.6
v 21.6648105 8.0153594 2.0000000 0.47 0.53 0.6
v 21.4148946 8.6609636 2.0000000 0.47 0.53 0.6
v 21.1457449 9.2987889 2.0000000 0.47 0.53 0.6
v 20.8576030 9.9282625 2.0000000 0.47 0.53 0.6
v 20.5507279 10.5488190 2.0000000 0.47 0.53 0.6
v 20.2253951 11.1599010 2.0000000 0.47 0.53 0.6
v 19.8818969 11.7609598 2.0000000 0.47 0.53 0.6
v 19.5205417 12.3514555 2.0000000 0.47 0.53 0.6
v 19.1416541 12.9308577 2.0000000 0.47 0.53 0.6
v 18.7455743 13.4986460 2.0000000 0.47 0.53 0.6
v 18.3326582 14.0543104 2.0000000 0.47 0.53 0.6
v 17.9032766 14.5973520 2.0000000 0.47 0.53 0.6
v 17.4578152 15.1272830 2.0000000 0.47 0.53 0.6
v 16.9966739 15.6436273 2.0000000 0.47 0.53 0.6
v 16.5202671 16.1459213 2.0000000 0.47 0.53 0.6
v 16.0290226 16.6337138 2.0000000 0.47 0.53 0.6
v 15.5233816 17.1065667 2.0000000 0.47 0.53 0.6
v 15.0037982 17.5640553 2.0000000 0.47 0.53 0.6
v 14.4707392 18.0057688 2.0000000 0.47 0.53 0.6
v 13.9246832 18.4313103 2.0000000 0.47 0.53 0.6
v 13.3661207 18.8402977 2.0000000 0.47 0.53 0.6
v 12.7955535 19.2323636 2.0000000 0.47 0.53 0.6
v 12.2134939 19.6071560 2.0000000 0.47 0.53 0.6
v 11.6204647 19.9643382 2.0000000 0.47 0.53 0.6
v 11.0169986 20.3035894 2.0000000 0.47 0.53 0.6
v 10.4036375 20.6246049 2.0000000 0.47 0.53 0.6
v 9.7809324 20.9270963 2.0000000 0.47 0.53 0.6
v 9.1494426 21.2107921 2.0000000 0.47 0.53 0.6
v 8.5097352 21.4754373 2.0000000 0.47 0.53 0.6
v 7.8623847 21.7207943 2.0000000 0.47 0.53 0.6
v 7.2079726 21.9466428 2.0000000 0.47 0.53 0.6
v 6.5470867 22.1527799 2.0000000 0.47 0.53 0.6
v 5.8803204 22.3390204 2.0000000 0.47 0.53 0.6
v 5.2082728 22.5051971 2.0000000 0.47 0.53 0.6
v 4.5315473 22.6511606 2.0000000 0.47 0.53 0.6
v 3.8507519 22.7767801 2.0000000 0.47 0.53 0.6
v 3.1664978 22.8819425 2.0000000 0.47 0.53 0.6
v 2.4793998 22.9665534 2.0000000 0.47 0.53 0.6
v 1.7900749 23.0305369 2.0000000 0.47 0.53 0.6
v 1.0991423 23.0738355 2.0000000 0.47 0.53 0.6
v 0.4072224 23.0964103 2.0000000 0.47 0.53 0.6
v -0.2850632 23.0982410 2.0000000 0.47 0.53 0.6
v -0.9770928 23.0793260 2.0000000 0.47 0.53 0.6
v -1.6682448 23.0396823 2.0000000 0.47 0.53 0.6
v -2.3578984 22.9793454 2.0000000 0.47 0.53 0.6
v -3.0454344 22.8983696 2.0000000 0.47 0.53 0.6
v -3.7302350 22.7968276 2.0000000 0.47 0.53 0.6
v -4.4116853 22.6748105 2.0000000 0.47 0.53 0.6
v -5.0891733 22.5324281 2.0000000 0.47 0.53 0.6
v -5.7620904 22.3698081 2.0000000 0.47 0.53 0.6
v -6.4298323 22.1870966 2.0000000 0.47 0.53 0.6
v -7.0917992 21.9844578 2.0000000 0.47 0.53 0.6
v -7.7473967 21.7620735 2.0000000 0.47 0.53 0.6
v -8.3960357 21.5201437 2.0000000 0.47 0.53 0.6
v -9.0371339 21.2588855 2.0000000 0.47 0.53 0.6
v -9.6701153 20.9785335 2.0000000 0.47 0.53 0.6
v -10.2944116 20.6793397 2.0000000 0.47 0.53 0.6
v -10.9094618 20.3615727 2.0000000 0.47 0.53 0.6
v -11.5147137 20.0255179 2.0000000 0.47 0.53 0.6
v -12.1096237 19.6714772 2.0000000 0.47 0.53 0.6
v -12.6936574 19.2997684 2.0000000 0.47 0.53 0.6
v -13.2662902 18.9107256 2.0000000 0.47 0.53 0.6
v -13.8270080 18.5046981 2.0000000 0.47 0.53 0.6
v -14.3753069 18.0820505 2.0000000 0.47 0.53 0.6
v -14.9106947 17.6431625 2.0000000 0.47 0.53 0.6
v -15.4326904 17.1884283 2.0000000 0.47 0.53 0.6
v -15.9408252 16.7182563 2.0000000 0.47 0.53 0.6
v -16.4346427 16.2330687 2.0000000 0.47 0.53 0.6
v -16.9136994 15.7333014 2.0000000 0.47 0.53 0.6
v -17.3775650 15.2194032 2.0000000 0.47 0.53 0.6
v -17.8258230 14.6918356 2.0000000 0.47 0.53 0.6
v -18.2580707 14.1510726 2.0000000 0.47 0.53 0.6
v -18.6739198 13.5975997 2.0000000 0.47 0.53 0.6
v -19.0729970 13.0319142 2.0000000 0.47 0.53 0.6
v -19.4549436 12.4545240 2.0000000 0.47 0.53 0.6
v -19.8194168 11.8659477 2.0000000 0.47 0.53 0.6
v -20.1660892 11.2667141 2.0000000 0.47 0.53 0.6
v -20.4946494 10.6573612 2.0000000 0.47 0.53 0.6
v -20.8048022 10.0384364 2.0000000 0.47 0.53 0.6
v -21.0962692 9.4104955 2.0000000 0.47 0.53 0.6
v -21.3687885 8.7741026 2.0000000 0.47 0.53 0.6
v -21.6221154 8.1298293 2.0000000 0.47 0.53 0.6
v -21.8560224 7.4782541 2.0000000 0.47 0.53 0.6
v -22.0702994 6.8199623 2.0000000 0.47 0.53 0.6
v -22.2647539 6.1555451 2.0000000 0.47 0.53 0.6
v -22.4392112 5.4855993 2.0000000 0.47 0.53 0.6
v -22.5935148 4.8107266 2.0000000 0.47 0.53 0.6
v -22.7275259 4.1315332 2.0000000 0.47 0.53 0.6
v -22.8411243 3.4486290 2.0000000 0.47 0.53 0.6
v -22.9342078 2.7626275 2.0000000 0.47 0.53 0.6
v -23.0066930 2.0741446 2.0000000 0.47 0.53 0.6
v -23.0585147 1.3837989 2.0000000 0.47 0.53 0.6
v -23.0896263 0.6922103 2.0000000 0.47 0.53 0.6
v -23.1000000 -0.0000000 2.0000000 0.47 0.53 0.6
v -23.0896263 -0.6922103 2.0000000 0.47 0.53 0.6
v -23.0585147 -1.3837989 2.0000000 0.47 0.53 0.6
v -23.0066930 -2.0741446 2.0000000 0.47 0.53 0.6
v -22.9342078 -2.7626275 2.0000000 0.47 0.53 0.6
v -22.8411243 -3.4486290 2.0000000 0.47 0.53 0.6
v -22.7275259 -4.1315332 2.0000000 0.47 0.53 0.6
v -22.5935148 -4.8107266 2.0000000 0.47 0.53 0.6
v -22.4392112 -5.4855993 2.0000000 0.47 0.53 0.6
v -22.2647539 -6.1555451 2.0000000 0.47 0.53 0.6
v -22.0702994 -6.8199623 2.0000000 0.47 0.53 0.6
v -21.8560224 -7.4782541 2.0000000 0.47 0.53 0.6
v -21.6221154 -8.1298293 2.0000000 0.47 0.53 0.6
v -21.3687885 -8.7741026 2.0000000 0.47 0.53 0.6
v -21.0962692 -9.4104955 2.0000000 0.47 0.53 0.6
v -20.8048022 -10.0384364 2.0000000 0.47 0.53 0.6
v -20.4946494 -10.6573612 2.0000000 0.47 0.53 0.6
v -20.1660892 -11.2667141 2.0000000 0.47 0.53 0.6
v -19.8194168 -11.8659477 2.0000000 0.47 0.53 0.6
v -19.4549436 -12.4545240 2.0000000 0.47 0.53 0.6
v -19.0729970 -13.0319142 2.0000000 0.47 0.53 0.6
v -18.6739198 -13.5975997 2.0000000 0.47 0.53 0.6
v -18.2580707 -14.1510726 2.0000000 0.47 0.53 0.6
v -17.8258230 -14.6918356 2.0000000 0.47 0.53 0.6
v -17.3775650 -15.2194032 2.0000000 0.47 0.53 0.6
v -16.9136994 -15.7333014 2.0000000 0.47 0.53 0.6
v -16.4346427 -16.2330687 2.0000000 0.47 0.53 0.6
v -15.9408252 -16.7182563 2.0000000 0.47 0.53 0.6
v -15.4326904 -17.1884283 2.0000000 0.47 0.53 0.6
v -14.9106947 -17.6431625 2.0000000 0.47 0.53 0.6
v -14.3753069 -18.0820505 2.0000000 0.47 0.53 0.6
v -13.8270080 -18.5046981 2.0000000 0.47 0.53 0.6
v -13.2662902 -18.9107256 2.0000000 0.47 0.53 0.6
v -12.6936574 -19.2997684 2.0000000 0.47 0.53 0.6
v -12.1096237 -19.6714772 2.0000000 0.47 0.53 0.6
v -11.5147137 -20.0255179 2.0000000 0.47 0.53 0.6
v -10.9094618 -20.3615727 2.0000000 0.47 0.53 0.6
v -10.2944116 -20.6793397 2.0000000 0.47 0.53 0.6
v -9.6701153 -20.9785335 2.0000000 0.47 0.53 0.6
v -9.0371339 -21.2588855 2.0000000 0.47 0.53 0.6
v -8.3960357 -21.5201437 2.0000000 0.47 0.53 0.6
v -7.7473967 -21.7620735 2.0000000 0.47 0.53 0.6
v -7.0917992 -21.9844578 2.0000000 0.47 0.53 0.6
v -6.4298323 -22.1870966 2.0000000 0.47 0.53 0.6
v -5.7620904 -22.3698081 2.0000000 0.47 0.53 0.6
v -5.0891733 -22.5324281 2.0000000 0.47 0.53 0.6
v -4.4116853 -22.6748105 2.0000000 0.47 0.53 0.6
v -3.7302350 -22.7968276 2.0000000 0.47 0.53 0.6
v -3.0454344 -22.8983696 2.0000000 0.47 0.53 0.6
v -2.3578984 -22.9793454 2.0000000 0.47 0.53 0.6
v -1.6682448 -23.0396823 2.0000000 0.47 0.53 0.6
v -0.9770928 -23.0793260 2.0000000 0.47 0.53 0.6
v -0.2850632 -23.0982410 2.0000000 0.47 0.53 0.6
v 0.4072224 -23.0964103 2.0000000 0.47 0.53 0.6
v 1.0991423 -23.0738355 2.0000000 0.47 0.53 0.6
v 1.7900749 -23.0305369 2.0000000 0.47 0.53 0.6
v 2.4793998 -22.9665534 2.0000000 0.47 0.53 0.6
v 3.1664978 -22.8819425 2.0000000 0.47 0.53 0.6
v 3.8507519 -22.7767801 2.0000000 0.47 0.53 0.6
v 4.5315473 -22.6511606 2.0000000 0.47 0.53 0.6
v 5.2082728 -22.5051971 2.0000000 0.47 0.53 0.6
v 5.8803204 -22.3390204 2.0000000 0.47 0.53 0.6
v 6.5470867 -22.1527799 2.0000000 0.47 0.53 0.6
v 7.2079726 -21.9466428 2.0000000 0.47 0.53 0.6
v 7.8623847 -21.7207943 2.0000000 0.47 0.53 0.6
v 8.5097352 -21.4754373 2.0000000 0.47 0.53 0.6
v 9.1494426 -21.2107921 2.0000000 0.47 0.53 0.6
v 9.7809324 -20.9270963 2.0000000 0.47 0.53 0.6
v 10.4036375 -20.6246049 2.0000000 0.47 0.53 0.6
v 11.0169986 -20.3035894 2.0000000 0.47 0.53 0.6
v 11.6204647 -19.9643382 2.0000000 0.47 0.53 0.6
v 12.2134939 -19.6071560 2.0000000 0.47 0.53 0.6
v 12.7955535 -19.2323636 2.0000000 0.47 0.53 0.6
v 13.3661207 -18.8402977 2.0000000 0.47 0.53 0.6
v 13.9246832 -18.4313103 2.0000000 0.47 0.53 0.6
v 14.4707392 -18.0057688 2.0000000 0.47 0.53 0.6
v 15.0037982 -17.5640553 2.0000000 0.47 0.53 0.6
v 15.5233816 -17.1065667 2.0000000 0.47 0.53 0.6
v 16.0290226 -16.6337138 2.0000000 0.47 0.53 0.6
v 16.5202671 -16.1459213 2.0000000 0.47 0.53 0.6
v 16.9966739 -15.6436273 2.0000000 0.47 0.53 0.6
v 17.4578152 -15.1272830 2.0000000 0.47 0.53 0.6
v 17.9032766 -14.5973520 2.0000000 0.47 0.53 0.6
v 18.3326582 -14.0543104 2.0000000 0.47 0.53 0.6
v 18.7455743 -13.4986460 2.0000000 0.47 0.53 0.6
v 19.1416541 -12.9308577 2.0000000 0.47 0.53 0.6
v 19.5205417 -12.3514555 2.0000000 0.47 0.53 0.6
v 19.8818969 -11.7609598 2.0000000 0.47 0.53 0.6
v 20.2253951 -11.1599010 2.0000000 0.47 0.53 0.6
v 20.5507279 -10.5488190 2.0000000 0.47 0.53 0.6
v 20.8576030 -9.9282625 2.0000000 0.47 0.53 0.6
v 21.1457449 -9.2987889 2.0000000 0.47 0.53 0.6
v 21.4148946 -8.6609636 2.0000000 0.47 0.53 0.6
v 21.6648105 -8.0153594 2.0000000 0.47 0.53 0.6
v 21.8952681 -7.3625562 2.0000000 0.47 0.53 0.6
v 22.1060605 -6.7031403 2.0000000 0.47 0.53 0.6
v 22.2969982 -6.0377040 2.0000000 0.47 0.53 0.6
v 22.4679099 -5.3668449 2.0000000 0.47 0.53 0.6
v 22.6186420 -4.6911656 2.0000000 0.47 0.53 0.6
v 22.7490591 4.0112729 2.0000000 0.47 0.53 0.6
v 26.5405689 4.6798184 2.0000000 0.47 0.53 0.6
v 26.5405689 4.6798184 2.7000000 0.47 0.53 0.6
v 22.7490591 4.0112729 2.7000000 0.47 0.53 0.6
v 22.7490591 -4.0112729 2.0000000 0.47 0.53 0.6
v 26.5405689 -4.6798184 2.0000000 0.47 0.53 0.6
v 26.5405689 -4.6798184 2.7000000 0.47 0.53 0.6
v 22.7490591 -4.0112729 2.7000000 0.47 0.53 0.6
usemtl Magnetic_Shield
s off
f 185 384 184
f 185 385 384
f 183 184 384
f 183 383 382
f 183 384 383
f 186 385 185
f 186 386 385
f 182 183 382
f 187 386 186
f 187 387 386
f 181 182 382
f 181 382 381
f 188 387 187
f 188 388 387
f 188 389 388
f 180 380 379
f 180 381 380
f 180 181 381
f 189 389 188
f 189 390 389
f 179 180 379
f 190 390 189
f 178 379 378
f 178 179 379
f 191 390 190
f 191 391 390
f 177 378 377
f 177 178 378
f 192 392 391
f 192 391 191
f 176 177 377
f 176 377 376
f 193 393 392
f 193 394 393
f 193 392 192
f 175 376 375
f 175 176 376
f 194 394 193
f 174 175 375
f 174 375 374
f 195 394 194
f 195 395 394
f 173 174 374
f 173 374 373
f 196 395 195
f 196 396 395
f 172 173 373
f 172 373 372
f 197 396 196
f 197 397 396
f 171 172 372
f 171 371 370
f 171 372 371
f 198 397 197
f 198 398 397
f 170 171 370
f 199 398 198
f 199 200 398
f 169 170 370
f 169 369 368
f 169 370 369
f 168 169 368
f 167 168 368
f 167 368 367
f 166 167 367
f 166 366 365
f 166 367 366
f 165 166 365
f 165 365 364
f 164 165 364
f 164 364 363
f 163 164 363
f 162 163 363
f 162 363 362
f 161 362 361
f 161 162 362
f 160 161 361
f 160 361 360
f 159 160 360
f 159 360 359
f 158 359 358
f 158 159 359
f 2 201 1
f 2 202 201
f 157 358 357
f 157 158 358
f 3 202 2
f 3 203 202
f 156 357 356
f 156 157 357
f 4 204 203
f 4 205 204
f 4 203 3
f 155 356 355
f 155 156 356
f 5 205 4
f 154 355 354
f 154 155 355
f 6 206 205
f 6 207 206
f 6 205 5
f 153 154 354
f 153 354 353
f 7 207 6
f 152 153 353
f 152 353 352
f 8 208 207
f 8 209 208
f 8 207 7
f 151 152 352
f 151 352 351
f 9 209 8
f 150 151 351
f 150 351 350
f 10 210 209
f 10 209 9
f 149 150 350
f 149 350 349
f 11 211 210
f 11 210 10
f 148 349 348
f 148 149 349
f 12 212 211
f 12 211 11
f 147 348 347
f 147 148 348
f 13 213 212
f 13 212 12
f 146 147 347
f 146 347 346
f 14 214 213
f 14 213 13
f 145 146 346
f 145 346 345
f 15 215 214
f 15 214 14
f 144 345 344
f 144 145 345
f 16 216 215
f 16 215 15
f 143 144 344
f 143 344 343
f 17 217 216
f 17 218 217
f 17 216 16
f 142 343 342
f 142 143 343
f 18 219 218
f 18 218 17
f 141 342 341
f 141 142 342
f 19 220 219
f 19 219 18
f 140 341 340
f 140 141 341
f 20 220 19
f 20 221 220
f 139 340 339
f 139 140 340
f 21 221 20
f 138 139 339
f 138 339 338
f 22 222 221
f 22 221 21
f 137 138 338
f 137 338 337
f 223 222 22
f 23 223 22
f 136 137 337
f 136 337 336
f 24 224 223
f 24 223 23
f 135 136 336
f 135 336 335
f 25 225 224
f 25 224 24
f 134 335 334
f 134 135 335
f 26 226 225
f 26 225 25
f 133 334 333
f 133 134 334
f 227 226 26
f 27 227 26
f 132 133 333
f 332 132 333
f 28 227 27
f 228 227 28
f 331 131 132
f 331 132 332
f 130 131 331
f 229 28 29
f 229 228 28
f 330 130 331
f 129 130 330
f 230 29 30
f 230 229 29
f 329 129 330
f 231 30 31
f 231 230 30
f 328 128 129
f 328 129 329
f 232 231 31
f 232 31 32
f 327 127 128
f 327 128 328
f 233 232 32
f 233 32 33
f 326 127 327
f 326 126 127
f 234 233 33
f 234 33 34
f 325 125 126
f 325 126 326
f 235 234 34
f 235 34 35
f 324 125 325
f 324 124 125
f 236 35 36
f 236 36 37
f 236 235 35
f 323 124 324
f 323 123 124
f 237 236 37
f 322 122 123
f 322 123 323
f 238 37 38
f 238 237 37
f 321 121 122
f 321 122 322
f 239 38 39
f 239 238 38
f 320 120 121
f 320 121 321
f 240 39 40
f 240 239 39
f 319 119 120
f 319 120 320
f 241 40 41
f 241 240 40
f 318 118 119
f 318 119 319
f 242 41 42
f 242 42 43
f 242 241 41
f 317 116 117
f 317 117 118
f 317 118 318
f 243 242 43
f 316 116 317
f 244 43 44
f 244 243 43
f 315 116 316
f 315 115 116
f 245 244 44
f 245 44 45
f 314 114 115
f 314 115 315
f 246 245 45
f 246 45 46
f 246 46 47
f 313 113 114
f 313 114 314
f 247 246 47
f 312 111 112
f 312 112 113
f 312 113 313
f 248 247 47
f 248 47 48
f 311 111 312
f 249 248 48
f 249 48 49
f 310 110 111
f 310 111 311
f 250 49 50
f 250 50 51
f 250 249 49
f 309 109 110
f 309 110 310
f 251 250 51
f 308 108 109
f 308 109 309
f 252 51 52
f 252 251 51
f 307 107 108
f 307 108 308
f 253 52 53
f 253 252 52
f 306 105 106
f 306 106 107
f 306 107 307
f 254 53 54
f 254 253 53
f 305 105 306
f 255 254 54
f 255 54 55
f 255 55 56
f 304 105 305
f 304 104 105
f 256 255 56
f 303 102 103
f 303 103 104
f 303 104 304
f 257 256 56
f 257 56 57
f 302 101 102
f 302 102 303
f 258 257 57
f 258 57 58
f 301 101 302
f 259 258 58
f 259 58 59
f 300 101 301
f 300 100 101
f 260 259 59
f 260 59 60
f 299 100 300
f 299 99 100
f 261 260 60
f 261 60 61
f 261 61 62
f 298 99 299
f 298 98 99
f 262 261 62
f 297 98 298
f 297 97 98
f 263 262 62
f 263 62 63
f 296 97 297
f 296 96 97
f 264 263 63
f 264 63 64
f 295 96 296
f 295 95 96
f 265 264 64
f 265 64 65
f 294 95 295
f 294 94 95
f 266 65 66
f 266 265 65
f 293 94 294
f 293 93 94
f 267 266 66
f 267 66 67
f 292 93 293
f 292 92 93
f 268 267 67
f 268 67 68
f 291 92 292
f 291 91 92
f 269 268 68
f 269 68 69
f 290 91 291
f 290 89 90
f 290 90 91
f 270 69 70
f 270 269 69
f 289 89 290
f 271 270 70
f 271 70 71
f 288 89 289
f 288 88 89
f 272 271 71
f 272 71 72
f 287 88 288
f 287 87 88
f 273 272 72
f 273 72 73
f 286 87 287
f 286 85 86
f 286 86 87
f 274 273 73
f 274 73 74
f 285 85 286
f 285 84 85
f 275 274 74
f 275 74 75
f 275 75 76
f 284 84 285
f 276 275 76
f 283 84 284
f 283 82 83
f 283 83 84
f 277 276 76
f 277 76 77
f 282 82 283
f 282 81 82
f 278 77 78
f 278 277 77
f 281 81 282
f 279 78 79
f 279 278 78
f 280 81 281
f 280 79 80
f 280 80 81
f 280 279 79
f 600 399 400
f 600 599 399
f 601 400 401
f 601 600 400
f 602 401 402
f 602 601 401
f 603 402 403
f 603 602 402
f 604 403 404
f 604 603 403
f 605 404 405
f 605 604 404
f 606 405 406
f 606 406 407
f 606 605 405
f 607 606 407
f 608 407 408
f 608 408 409
f 608 607 407
f 609 608 409
f 610 409 410
f 610 410 411
f 610 609 409
f 611 610 411
f 612 411 412
f 612 611 411
f 613 412 413
f 613 413 414
f 613 612 412
f 614 613 414
f 615 414 415
f 615 614 414
f 616 415 416
f 616 615 415
f 617 416 417
f 617 616 416
f 618 417 418
f 618 617 417
f 619 418 419
f 619 618 418
f 620 419 420
f 620 619 419
f 621 420 421
f 621 620 420
f 622 421 422
f 622 621 421
f 623 422 423
f 623 423 424
f 623 622 422
f 624 623 424
f 625 624 424
f 625 424 425
f 626 625 425
f 626 425 426
f 626 426 427
f 627 626 427
f 628 627 427
f 628 427 428
f 629 628 428
f 629 428 429
f 630 629 429
f 630 429 430
f 631 630 430
f 631 430 431
f 631 431 432
f 632 631 432
f 633 432 433
f 633 632 432
f 634 433 434
f 634 633 433
f 635 434 435
f 635 634 434
f 636 435 436
f 636 635 435
f 637 436 437
f 637 636 436
f 638 437 438
f 638 637 437
f 639 438 439
f 639 439 440
f 639 638 438
f 640 440 441
f 640 639 440
f 641 640 441
f 642 441 442
f 642 641 441
f 643 442 443
f 643 642 442
f 644 443 444
f 644 643 443
f 645 444 445
f 645 644 444
f 646 445 446
f 646 645 445
f 647 446 447
f 647 447 448
f 647 646 446
f 648 647 448
f 649 448 449
f 649 648 448
f 650 449 450
f 650 649 449
f 651 650 450
f 651 450 451
f 652 651 451
f 652 451 452
f 653 652 452
f 653 452 453
f 653 453 454
f 654 653 454
f 655 654 454
f 655 454 455
f 656 655 455
f 656 455 456
f 657 656 456
f 657 456 457
f 658 657 457
f 658 457 458
f 658 458 459
f 659 658 459
f 660 659 459
f 660 459 460
f 661 660 460
f 661 460 461
f 662 661 461
f 662 461 462
f 663 662 462
f 663 462 463
f 664 663 463
f 664 463 464
f 665 664 464
f 665 464 465
f 666 465 466
f 666 665 465
f 666 466 467
f 667 467 468
f 667 666 467
f 668 667 468
f 669 468 469
f 669 469 470
f 669 668 468
f 670 669 470
f 671 670 470
f 671 470 471
f 672 471 472
f 672 472 473
f 672 671 471
f 673 473 474
f 673 672 473
f 674 474 475
f 674 673 474
f 675 674 475
f 676 675 475
f 676 475 476
f 676 476 477
f 677 676 477
f 678 677 477
f 678 477 478
f 678 478 479
f 679 678 479
f 679 479 480
f 680 679 480
f 680 480 481
f 681 680 481
f 682 681 481
f 682 481 482
f 682 482 483
f 683 682 483
f 683 483 484
f 684 683 484
f 685 684 484
f 685 484 485
f 686 685 485
f 686 485 486
f 687 686 486
f 687 486 487
f 687 487 488
f 688 687 488
f 689 688 488
f 689 488 489
f 689 489 490
f 690 689 490
f 691 690 490
f 691 490 491
f 692 691 491
f 692 491 492
f 692 492 493
f 693 692 493
f 694 693 493
f 694 493 494
f 695 694 494
f 695 494 495
f 696 695 495
f 696 495 496
f 696 496 497
f 697 696 497
f 698 697 497
f 698 497 498
f 699 499 500
f 699 698 498
f 699 498 499
f 700 699 500
f 701 500 501
f 701 700 500
f 702 501 502
f 702 701 501
f 703 502 503
f 703 702 502
f 704 503 504
f 704 703 503
f 705 504 505
f 705 505 506
f 705 704 504
f 706 705 506
f 707 506 507
f 707 706 506
f 708 507 508
f 708 707 507
f 709 508 509
f 709 509 510
f 709 708 508
f 710 709 510
f 711 510 511
f 711 710 510
f 712 511 512
f 712 512 513
f 712 711 511
f 713 712 513
f 714 513 514
f 714 713 513
f 715 514 515
f 715 714 514
f 716 515 516
f 716 715 515
f 717 516 517
f 717 716 516
f 718 517 518
f 718 717 517
f 719 518 519
f 719 718 518
f 720 519 520
f 720 719 519
f 721 520 521
f 721 720 520
f 722 521 522
f 722 522 523
f 722 721 521
f 723 722 523
f 724 523 524
f 724 723 523
f 725 524 525
f 725 525 526
f 725 724 524
f 726 725 526
f 727 726 526
f 727 526 527
f 728 727 527
f 728 527 528
f 729 728 528
f 729 528 529
f 729 529 530
f 730 729 530
f 730 530 531
f 731 730 531
f 732 731 531
f 732 531 532
f 733 732 532
f 733 532 533
f 733 533 534
f 734 733 534
f 735 534 535
f 735 734 534
f 736 535 536
f 736 536 537
f 736 735 535
f 737 736 537
f 738 537 538
f 738 737 537
f 739 538 539
f 739 738 538
f 740 539 540
f 740 739 539
f 741 540 541
f 741 740 540
f 742 541 542
f 742 741 541
f 743 542 543
f 743 742 542
f 744 543 544
f 744 743 543
f 745 544 545
f 745 744 544
f 746 545 546
f 746 546 547
f 746 745 545
f 747 547 548
f 747 746 547
f 748 747 548
f 749 548 549
f 749 549 550
f 749 748 548
f 750 749 550
f 751 550 551
f 751 551 552
f 751 750 550
f 752 751 552
f 753 752 552
f 753 552 553
f 754 753 553
f 754 553 554
f 755 754 554
f 755 554 555
f 755 555 556
f 756 755 556
f 757 756 556
f 757 556 557
f 757 557 558
f 758 757 558
f 759 758 558
f 759 558 559
f 760 759 559
f 760 559 560
f 761 760 560
f 761 560 561
f 761 561 562
f 762 761 562
f 763 762 562
f 763 562 563
f 764 763 563
f 764 563 564
f 764 564 565
f 765 764 565
f 766 765 565
f 766 565 566
f 766 566 567
f 767 766 567
f 768 567 568
f 768 568 569
f 768 767 567
f 769 768 569
f 770 569 570
f 770 570 571
f 770 769 569
f 771 770 571
f 772 571 572
f 772 572 573
f 772 771 571
f 773 772 573
f 774 573 574
f 774 773 573
f 775 574 575
f 775 774 574
f 776 575 576
f 776 576 577
f 776 775 575
f 777 776 577
f 778 777 577
f 778 577 578
f 779 778 578
f 779 578 579
f 779 579 580
f 780 779 580
f 781 780 580
f 781 580 581
f 781 581 582
f 782 781 582
f 783 782 582
f 783 582 583
f 783 583 584
f 784 783 584
f 785 784 584
f 785 584 585
f 785 585 586
f 786 785 586
f 787 786 586
f 787 586 587
f 788 787 587
f 788 587 588
f 788 588 589
f 789 788 589
f 789 589 590
f 790 789 590
f 791 790 590
f 791 590 591
f 791 591 592
f 792 791 592
f 792 592 593
f 793 792 593
f 794 793 593
f 794 593 594
f 794 594 595
f 795 794 595
f 796 795 595
f 796 595 596
f 598 796 596
f 598 596 597
f 1128 927 928
f 1129 928 929
f 1129 929 930
f 1129 1128 928
f 1127 927 1128
f 1130 1129 930
f 1126 926 927
f 1126 927 1127
f 1131 930 931
f 1131 931 932
f 1131 1130 930
f 1125 926 1126
f 1125 925 926
f 1132 1131 932
f 1124 924 925
f 1124 925 1125
f 1133 932 933
f 1133 1132 932
f 1123 922 923
f 1123 923 924
f 1123 924 1124
f 1134 933 934
f 1134 1133 933
f 1122 921 922
f 1122 922 1123
f 1135 1134 934
f 1135 934 935
f 1135 935 936
f 1121 920 921
f 1121 921 1122
f 1136 1135 936
f 1120 920 1121
f 1137 936 937
f 1137 937 938
f 1137 1136 936
f 1119 920 1120
f 1119 919 920
f 1138 1137 938
f 1138 938 939
f 1118 919 1119
f 1118 918 919
f 1139 1138 939
f 1139 939 940
f 1117 918 1118
f 1117 916 917
f 1117 917 918
f 1140 1139 940
f 1116 916 1117
f 1141 1140 940
f 1141 940 941
f 1115 915 916
f 1115 916 1116
f 1142 1141 941
f 1142 941 942
f 1114 914 915
f 1114 915 1115
f 1143 1142 942
f 1143 942 943
f 1113 912 913
f 1113 913 914
f 1113 914 1114
f 1144 943 944
f 1144 1143 943
f 1112 911 912
f 1112 912 1113
f 1145 944 945
f 1145 1144 944
f 1111 911 1112
f 1146 945 946
f 1146 1145 945
f 1110 909 910
f 1110 910 911
f 1110 911 1111
f 1147 1146 946
f 1147 946 947
f 1147 947 948
f 1109 909 1110
f 1148 1147 948
f 1148 948 949
f 1108 908 909
f 1108 909 1109
f 1149 1148 949
f 1107 906 907
f 1107 907 908
f 1107 908 1108
f 1150 1149 949
f 1150 949 950
f 1106 905 906
f 1106 906 1107
f 1151 950 951
f 1151 1150 950
f 1105 905 1106
f 1152 1151 951
f 1152 951 952
f 1152 952 953
f 1104 904 905
f 1104 905 1105
f 1153 1152 953
f 1103 902 903
f 1103 903 904
f 1103 904 1104
f 1154 953 954
f 1154 1153 953
f 1102 901 902
f 1102 902 1103
f 1155 1154 954
f 1155 954 955
f 1101 901 1102
f 1101 900 901
f 1156 1155 955
f 1156 955 956
f 1156 956 957
f 1100 900 1101
f 1157 1156 957
f 1099 899 900
f 1099 900 1100
f 1158 1157 957
f 1158 957 958
f 1158 958 959
f 1098 898 899
f 1098 899 1099
f 1159 1158 959
f 1097 897 898
f 1097 898 1098
f 1160 1159 959
f 1160 959 960
f 1096 897 1097
f 1096 896 897
f 1161 1160 960
f 1161 960 961
f 1161 961 962
f 1095 896 1096
f 1095 895 896
f 1162 1161 962
f 1094 895 1095
f 1094 893 894
f 1094 894 895
f 1163 962 963
f 1163 963 964
f 1163 1162 962
f 1093 893 1094
f 1164 1163 964
f 1092 893 1093
f 1092 892 893
f 1165 1164 964
f 1165 964 965
f 1091 891 892
f 1091 892 1092
f 1166 1165 965
f 1166 965 966
f 1090 891 1091
f 1090 890 891
f 1167 1166 966
f 1167 966 967
f 1089 890 1090
f 1089 889 890
f 1168 1167 967
f 1168 967 968
f 1168 968 969
f 1088 889 1089
f 1088 888 889
f 1169 1168 969
f 1087 888 1088
f 1087 887 888
f 1170 1169 969
f 1170 969 970
f 1086 887 1087
f 1086 885 886
f 1086 886 887
f 1171 1170 970
f 1171 970 971
f 1085 885 1086
f 1172 1171 971
f 1172 971 972
f 1084 885 1085
f 1084 884 885
f 1173 1172 972
f 1173 972 973
f 1083 884 1084
f 1083 883 884
f 1174 1173 973
f 1174 973 974
f 1082 883 1083
f 1082 882 883
f 881 882 1082
f 1175 1174 974
f 1175 974 975
f 1081 881 1082
f 1176 1175 975
f 1176 975 976
f 1080 881 1081
f 1080 880 881
f 1177 976 977
f 1177 1176 976
f 1079 879 880
f 1079 880 1080
f 878 879 1079
f 1178 977 978
f 1178 1177 977
f 1078 878 1079
f 877 878 1078
f 1179 978 979
f 1179 1178 978
f 1077 877 1078
f 1180 1179 979
f 1180 979 980
f 1076 876 877
f 1076 877 1077
f 1181 1180 980
f 981 1181 980
f 875 876 1076
f 875 1076 1075
f 982 1181 981
f 982 1182 1181
f 874 875 1075
f 874 1075 1074
f 1073 874 1074
f 983 1183 1182
f 983 1182 982
f 873 874 1073
f 984 1183 983
f 984 1184 1183
f 872 873 1073
f 872 1073 1072
f 1185 1184 984
f 985 1185 984
f 871 872 1072
f 871 1072 1071
f 986 1185 985
f 986 1186 1185
f 870 871 1071
f 870 1071 1070
f 987 1186 986
f 987 1187 1186
f 869 870 1070
f 869 1070 1069
f 988 1187 987
f 988 1188 1187
f 868 1068 1067
f 868 1069 1068
f 868 869 1069
f 989 1188 988
f 989 1189 1188
f 867 868 1067
f 990 1189 989
f 990 1190 1189
f 866 1067 1066
f 866 867 1067
f 991 1190 990
f 991 1191 1190
f 865 1066 1065
f 865 866 1066
f 992 1192 1191
f 992 1191 991
f 864 865 1065
f 864 1065 1064
f 993 1192 992
f 993 1193 1192
f 863 864 1064
f 863 1064 1063
f 994 1193 993
f 994 1194 1193
f 862 863 1063
f 862 1063 1062
f 995 1194 994
f 995 996 1194
f 861 862 1062
f 861 1061 1060
f 861 1062 1061
f 860 861 1060
f 859 860 1060
f 859 1060 1059
f 858 859 1059
f 858 1058 1057
f 858 1059 1058
f 857 858 1057
f 856 857 1057
f 856 1056 1055
f 856 1057 1056
f 855 856 1055
f 854 1055 1054
f 854 855 1055
f 853 1054 1053
f 853 854 1054
f 852 1053 1052
f 852 853 1053
f 851 1052 1051
f 851 852 1052
f 850 1051 1050
f 850 851 1051
f 849 850 1050
f 849 1050 1049
f 798 997 797
f 798 998 997
f 798 999 998
f 848 849 1049
f 848 1048 1047
f 848 1049 1048
f 799 999 798
f 847 848 1047
f 847 1047 1046
f 800 1000 999
f 800 999 799
f 846 847 1046
f 801 1001 1000
f 801 1000 800
f 845 846 1046
f 845 1045 1044
f 845 1046 1045
f 802 1002 1001
f 802 1001 801
f 844 845 1044
f 803 1003 1002
f 803 1002 802
f 843 1044 1043
f 843 844 1044
f 804 1004 1003
f 804 1005 1004
f 804 1003 803
f 842 1043 1042
f 842 843 1043
f 805 1005 804
f 841 1042 1041
f 841 842 1042
f 806 1005 805
f 806 1006 1005
f 840 1041 1040
f 840 841 1041
f 807 1007 1006
f 807 1006 806
f 839 840 1040
f 839 1040 1039
f 808 1007 807
f 808 1008 1007
f 808 1009 1008
f 838 839 1039
f 838 1038 1037
f 838 1039 1038
f 809 1010 1009
f 809 1009 808
f 837 838 1037
f 837 1037 1036
f 810 1010 809
f 836 837 1036
f 836 1036 1035
f 811 1011 1010
f 811 1010 810
f 835 836 1035
f 812 1012 1011
f 812 1013 1012
f 812 1011 811
f 834 1035 1034
f 834 835 1035
f 813 1014 1013
f 813 1013 812
f 833 1034 1033
f 833 834 1034
f 814 1014 813
f 832 833 1033
f 832 1033 1032
f 815 1015 1014
f 815 1014 814
f 831 1031 1030
f 831 1032 1031
f 831 832 1032
f 816 1016 1015
f 816 1015 815
f 830 831 1030
f 817 1017 1016
f 817 1016 816
f 829 1030 1029
f 829 830 1030
f 818 1018 1017
f 818 1017 817
f 828 1029 1028
f 828 829 1029
f 819 1019 1018
f 819 1018 818
f 827 828 1028
f 827 1028 1027
f 820 1020 1019
f 820 1021 1020
f 820 1019 819
f 826 1027 1026
f 826 827 1027
f 821 1022 1021
f 821 1021 820
f 825 1026 1025
f 825 826 1026
f 822 1022 821
f 824 1024 1023
f 824 1025 1024
f 824 825 1025
f 823 824 1023
f 823 1023 1022
f 823 1022 822
f 1396 1195 1196
f 1396 1395 1195
f 1397 1196 1197
f 1397 1396 1196
f 1398 1197 1198
f 1398 1397 1197
f 1399 1198 1199
f 1399 1398 1198
f 1400 1199 1200
f 1400 1399 1199
f 1401 1200 1201
f 1401 1400 1200
f 1402 1201 1202
f 1402 1401 1201
f 1403 1202 1203
f 1403 1402 1202
f 1404 1203 1204
f 1404 1204 1205
f 1404 1403 1203
f 1405 1404 1205
f 1405 1205 1206
f 1406 1405 1206
f 1407 1206 1207
f 1407 1406 1206
f 1408 1207 1208
f 1408 1407 1207
f 1409 1208 1209
f 1409 1209 1210
f 1409 1408 1208
f 1410 1409 1210
f 1411 1210 1211
f 1411 1211 1212
f 1411 1410 1210
f 1412 1411 1212
f 1413 1212 1213
f 1413 1412 1212
f 1414 1213 1214
f 1414 1413 1213
f 1415 1214 1215
f 1415 1414 1214
f 1416 1215 1216
f 1416 1415 1215
f 1417 1216 1217
f 1417 1416 1216
f 1418 1217 1218
f 1418 1218 1219
f 1418 1417 1217
f 1419 1219 1220
f 1419 1418 1219
f 1420 1220 1221
f 1420 1419 1220
f 1421 1420 1221
f 1422 1421 1221
f 1422 1221 1222
f 1422 1222 1223
f 1423 1422 1223
f 1423 1223 1224
f 1424 1423 1224
f 1424 1224 1225
f 1425 1424 1225
f 1426 1425 1225
f 1426 1225 1226
f 1427 1426 1226
f 1427 1226 1227
f 1427 1227 1228
f 1428 1427 1228
f 1428 1228 1229
f 1429 1428 1229
f 1430 1429 1229
f 1430 1229 1230
f 1431 1230 1231
f 1431 1430 1230
f 1432 1231 1232
f 1432 1431 1231
f 1433 1232 1233
f 1433 1432 1232
f 1434 1233 1234
f 1434 1433 1233
f 1435 1234 1235
f 1435 1235 1236
f 1435 1434 1234
f 1436 1236 1237
f 1436 1435 1236
f 1437 1436 1237
f 1438 1237 1238
f 1438 1437 1237
f 1439 1238 1239
f 1439 1438 1238
f 1440 1239 1240
f 1440 1439 1239
f 1441 1240 1241
f 1441 1440 1240
f 1442 1241 1242
f 1442 1441 1241
f 1443 1242 1243
f 1443 1243 1244
f 1443 1442 1242
f 1444 1443 1244
f 1445 1244 1245
f 1445 1444 1244
f 1446 1245 1246
f 1446 1445 1245
f 1447 1446 1246
f 1447 1246 1247
f 1448 1447 1247
f 1448 1247 1248
f 1449 1448 1248
f 1449 1248 1249
f 1449 1249 1250
f 1450 1449 1250
f 1451 1450 1250
f 1451 1250 1251
f 1452 1451 1251
f 1452 1251 1252
f 1453 1452 1252
f 1453 1252 1253
f 1454 1453 1253
f 1454 1253 1254
f 1455 1454 1254
f 1455 1254 1255
f 1455 1255 1256
f 1456 1455 1256
f 1457 1456 1256
f 1457 1256 1257
f 1458 1457 1257
f 1458 1257 1258
f 1459 1458 1258
f 1459 1258 1259
f 1460 1459 1259
f 1460 1259 1260
f 1461 1460 1260
f 1461 1260 1261
f 1461 1261 1262
f 1462 1262 1263
f 1462 1461 1262
f 1463 1263 1264
f 1463 1462 1263
f 1464 1463 1264
f 1465 1264 1265
f 1465 1464 1264
f 1466 1265 1266
f 1466 1266 1267
f 1466 1465 1265
f 1467 1466 1267
f 1468 1267 1268
f 1468 1268 1269
f 1468 1467 1267
f 1469 1269 1270
f 1469 1468 1269
f 1470 1469 1270
f 1471 1470 1270
f 1471 1270 1271
f 1471 1271 1272
f 1472 1471 1272
f 1472 1272 1273
f 1473 1472 1273
f 1474 1473 1273
f 1474 1273 1274
f 1475 1474 1274
f 1475 1274 1275
f 1475 1275 1276
f 1476 1475 1276
f 1477 1476 1276
f 1477 1276 1277
f 1477 1277 1278
f 1478 1477 1278
f 1478 1278 1279
f 1479 1478 1279
f 1480 1479 1279
f 1480 1279 1280
f 1481 1480 1280
f 1481 1280 1281
f 1481 1281 1282
f 1482 1481 1282
f 1483 1482 1282
f 1483 1282 1283
f 1484 1483 1283
f 1484 1283 1284
f 1484 1284 1285
f 1485 1484 1285
f 1486 1485 1285
f 1486 1285 1286
f 1487 1486 1286
f 1487 1286 1287
f 1488 1487 1287
f 1488 1287 1288
f 1488 1288 1289
f 1489 1488 1289
f 1490 1489 1289
f 1490 1289 1290
f 1491 1490 1290
f 1491 1290 1291
f 1492 1491 1291
f 1492 1291 1292
f 1492 1292 1293
f 1493 1492 1293
f 1494 1493 1293
f 1494 1293 1294
f 1495 1494 1294
f 1495 1294 1295
f 1496 1295 1296
f 1496 1495 1295
f 1497 1296 1297
f 1497 1496 1296
f 1498 1297 1298
f 1498 1497 1297
f 1499 1298 1299
f 1499 1498 1298
f 1500 1299 1300
f 1500 1300 1301
f 1500 1499 1299
f 1501 1500 1301
f 1502 1301 1302
f 1502 1501 1301
f 1503 1302 1303
f 1503 1502 1302
f 1504 1303 1304
f 1504 1503 1303
f 1505 1304 1305
f 1505 1504 1304
f 1506 1305 1306
f 1506 1505 1305
f 1507 1306 1307
f 1507 1506 1306
f 1508 1307 1308
f 1508 1507 1307
f 1509 1308 1309
f 1509 1309 1310
f 1509 1508 1308
f 1510 1509 1310
f 1511 1310 1311
f 1511 1510 1310
f 1512 1311 1312
f 1512 1312 1313
f 1512 1511 1311
f 1513 1512 1313
f 1514 1313 1314
f 1514 1513 1313
f 1515 1314 1315
f 1515 1514 1314
f 1516 1315 1316
f 1516 1316 1317
f 1516 1515 1315
f 1517 1516 1317
f 1518 1317 1318
f 1518 1517 1317
f 1519 1318 1319
f 1519 1518 1318
f 1520 1319 1320
f 1520 1519 1319
f 1521 1320 1321
f 1521 1321 1322
f 1521 1520 1320
f 1522 1521 1322
f 1523 1522 1322
f 1523 1322 1323
f 1524 1523 1323
f 1524 1323 1324
f 1525 1524 1324
f 1525 1324 1325
f 1525 1325 1326
f 1526 1525 1326
f 1526 1326 1327
f 1527 1526 1327
f 1527 1327 1328
f 1528 1527 1328
f 1529 1528 1328
f 1529 1328 1329
f 1530 1529 1329
f 1530 1329 1330
f 1531 1330 1331
f 1531 1530 1330
f 1531 1331 1332
f 1532 1531 1332
f 1533 1332 1333
f 1533 1532 1332
f 1534 1333 1334
f 1534 1334 1335
f 1534 1533 1333
f 1535 1335 1336
f 1535 1534 1335
f 1536 1535 1336
f 1537 1336 1337
f 1537 1337 1338
f 1537 1536 1336
f 1538 1537 1338
f 1539 1338 1339
f 1539 1339 1340
f 1539 1538 1338
f 1540 1539 1340
f 1541 1340 1341
f 1541 1341 1342
f 1541 1540 1340
f 1542 1541 1342
f 1543 1342 1343
f 1543 1343 1344
f 1543 1542 1342
f 1544 1543 1344
f 1545 1344 1345
f 1545 1345 1346
f 1545 1544 1344
f 1546 1545 1346
f 1547 1346 1347
f 1547 1347 1348
f 1547 1546 1346
f 1548 1547 1348
f 1549 1548 1348
f 1549 1348 1349
f 1549 1349 1350
f 1550 1549 1350
f 1551 1550 1350
f 1551 1350 1351
f 1551 1351 1352
f 1552 1551 1352
f 1553 1552 1352
f 1553 1352 1353
f 1553 1353 1354
f 1554 1553 1354
f 1554 1354 1355
f 1555 1554 1355
f 1556 1555 1355
f 1556 1355 1356
f 1557 1556 1356
f 1557 1356 1357
f 1557 1357 1358
f 1558 1557 1358
f 1559 1558 1358
f 1559 1358 1359
f 1560 1559 1359
f 1560 1359 1360
f 1561 1560 1360
f 1561 1360 1361
f 1561 1361 1362
f 1562 1561 1362
f 1563 1362 1363
f 1563 1562 1362
f 1563 1363 1364
f 1564 1364 1365
f 1564 1563 1364
f 1565 1564 1365
f 1566 1365 1366
f 1566 1565 1365
f 1567 1366 1367
f 1567 1566 1366
f 1568 1367 1368
f 1568 1368 1369
f 1568 1567 1367
f 1569 1568 1369
f 1570 1369 1370
f 1570 1569 1369
f 1571 1370 1371
f 1571 1570 1370
f 1572 1371 1372
f 1572 1571 1371
f 1573 1572 1372
f 1573 1372 1373
f 1574 1573 1373
f 1574 1373 1374
f 1574 1374 1375
f 1575 1574 1375
f 1575 1375 1376
f 1576 1575 1376
f 1576 1376 1377
f 1577 1576 1377
f 1577 1377 1378
f 1578 1577 1378
f 1579 1578 1378
f 1579 1378 1379
f 1580 1579 1379
f 1580 1379 1380
f 1581 1580 1380
f 1581 1380 1381
f 1581 1381 1382
f 1582 1581 1382
f 1583 1582 1382
f 1583 1382 1383
f 1583 1383 1384
f 1584 1583 1384
f 1585 1584 1384
f 1585 1384 1385
f 1586 1585 1385
f 1586 1385 1386
f 1587 1586 1386
f 1587 1386 1387
f 1587 1387 1388
f 1588 1587 1388
f 1589 1588 1388
f 1589 1388 1389
f 1589 1389 1390
f 1590 1589 1390
f 1591 1590 1390
f 1591 1390 1391
f 1592 1591 1391
f 1592 1391 1392
f 1394 1592 1392
f 1394 1392 1393
f 1594 1595 1596
f 1594 1596 1593
f 1598 1600 1599
f 1598 1597 1600
