# Assembly coordinates in millimetres, Z-up.
mtllib MagSafe_Magnet_Array.mtl
o MagSafe_Magnet_Array
v 22.6505783 3.9939081 0.8500000 0.24 0.63 0.74
v 22.5207258 4.6708575 0.8500000 0.24 0.63 0.74
v 22.3706462 5.3436118 0.8500000 0.24 0.63 0.74
v 22.2004744 6.0115668 0.8500000 0.24 0.63 0.74
v 22.0103632 6.6741224 0.8500000 0.24 0.63 0.74
v 21.8004834 7.3306837 0.8500000 0.24 0.63 0.74
v 21.5710234 7.9806609 0.8500000 0.24 0.63 0.74
v 21.3221894 8.6234702 0.8500000 0.24 0.63 0.74
v 21.0542048 9.2585344 0.8500000 0.24 0.63 0.74
v 20.7673104 9.8852830 0.8500000 0.24 0.63 0.74
v 20.4617637 10.5031531 0.8500000 0.24 0.63 0.74
v 20.1378393 11.1115898 0.8500000 0.24 0.63 0.74
v 19.7958281 11.7100466 0.8500000 0.24 0.63 0.74
v 19.4360372 12.2979860 0.8500000 0.24 0.63 0.74
v 19.0587898 12.8748799 0.8500000 0.24 0.63 0.74
v 18.6644247 13.4402103 0.8500000 0.24 0.63 0.74
v 18.2532961 13.9934693 0.8500000 0.24 0.63 0.74
v 17.8257733 14.5341600 0.8500000 0.24 0.63 0.74
v 17.3822402 15.0617969 0.8500000 0.24 0.63 0.74
v 16.9230953 15.5759060 0.8500000 0.24 0.63 0.74
v 16.4487508 16.0760255 0.8500000 0.24 0.63 0.74
v 15.9596329 16.5617064 0.8500000 0.24 0.63 0.74
v 15.4561808 17.0325123 0.8500000 0.24 0.63 0.74
v 14.9388467 17.4880204 0.8500000 0.24 0.63 0.74
v 14.4080953 17.9278217 0.8500000 0.24 0.63 0.74
v 13.8644032 18.3515210 0.8500000 0.24 0.63 0.74
v 13.3082587 18.7587379 0.8500000 0.24 0.63 0.74
v 12.7401615 19.1491067 0.8500000 0.24 0.63 0.74
v 12.1606216 19.5222766 0.8500000 0.24 0.63 0.74
v 11.5701597 19.8779125 0.8500000 0.24 0.63 0.74
v 10.9693060 20.2156951 0.8500000 0.24 0.63 0.74
v 10.3586001 20.5353209 0.8500000 0.24 0.63 0.74
v 9.7385907 20.8365028 0.8500000 0.24 0.63 0.74
v 9.1098346 21.1189705 0.8500000 0.24 0.63 0.74
v 8.4728965 21.3824700 0.8500000 0.24 0.63 0.74
v 7.8283484 21.6267649 0.8500000 0.24 0.63 0.74
v 7.1767693 21.8516357 0.8500000 0.24 0.63 0.74
v 6.5187443 22.0568804 0.8500000 0.24 0.63 0.74
v 5.8548645 22.2423147 0.8500000 0.24 0.63 0.74
v 5.1857262 22.4077720 0.8500000 0.24 0.63 0.74
v 4.5119303 22.5531037 0.8500000 0.24 0.63 0.74
v 3.8340820 22.6781793 0.8500000 0.24 0.63 0.74
v 3.1527901 22.7828864 0.8500000 0.24 0.63 0.74
v 2.4686665 22.8671311 0.8500000 0.24 0.63 0.74
v 1.7823257 22.9308376 0.8500000 0.24 0.63 0.74
v 1.0943841 22.9739488 0.8500000 0.24 0.63 0.74
v 0.4054595 22.9964259 0.8500000 0.24 0.63 0.74
v -0.2838292 22.9982487 0.8500000 0.24 0.63 0.74
v -0.9728629 22.9794155 0.8500000 0.24 0.63 0.74
v -1.6610229 22.9399434 0.8500000 0.24 0.63 0.74
v -2.3476911 22.8798677 0.8500000 0.24 0.63 0.74
v -3.0322507 22.7992424 0.8500000 0.24 0.63 0.74
v -3.7140868 22.6981400 0.8500000 0.24 0.63 0.74
v -4.3925871 22.5766512 0.8500000 0.24 0.63 0.74
v -5.0671423 22.4348851 0.8500000 0.24 0.63 0.74
v -5.7371463 22.2729691 0.8500000 0.24 0.63 0.74
v -6.4019975 22.0910486 0.8500000 0.24 0.63 0.74
v -7.0610988 21.8892870 0.8500000 0.24 0.63 0.74
v -7.7138581 21.6678654 0.8500000 0.24 0.63 0.74
v -8.3596893 21.4269829 0.8500000 0.24 0.63 0.74
v -8.9980121 21.1668557 0.8500000 0.24 0.63 0.74
v -9.6282534 20.8877174 0.8500000 0.24 0.63 0.74
v -10.2498470 20.5898188 0.8500000 0.24 0.63 0.74
v -10.8622347 20.2734274 0.8500000 0.24 0.63 0.74
v -11.4648665 19.9388273 0.8500000 0.24 0.63 0.74
v -12.0572011 19.5863192 0.8500000 0.24 0.63 0.74
v -12.6387065 19.2162197 0.8500000 0.24 0.63 0.74
v -13.2088604 18.8288610 0.8500000 0.24 0.63 0.74
v -13.7671508 18.4245912 0.8500000 0.24 0.63 0.74
v -14.3130762 18.0037732 0.8500000 0.24 0.63 0.74
v -14.8461462 17.5667852 0.8500000 0.24 0.63 0.74
v -15.3658822 17.1140195 0.8500000 0.24 0.63 0.74
v -15.8718173 16.6458829 0.8500000 0.24 0.63 0.74
v -16.3634970 16.1627957 0.8500000 0.24 0.63 0.74
v -16.8404799 15.6651919 0.8500000 0.24 0.63 0.74
v -17.3023375 15.1535183 0.8500000 0.24 0.63 0.74
v -17.7486549 14.6282346 0.8500000 0.24 0.63 0.74
v -18.1790314 14.0898125 0.8500000 0.24 0.63 0.74
v -18.5930803 13.5387357 0.8500000 0.24 0.63 0.74
v -18.9904299 12.9754990 0.8500000 0.24 0.63 0.74
v -19.3707231 12.4006083 0.8500000 0.24 0.63 0.74
v -19.7336185 11.8145800 0.8500000 0.24 0.63 0.74
v -20.0787901 11.2179404 0.8500000 0.24 0.63 0.74
v -20.4059279 10.6112254 0.8500000 0.24 0.63 0.74
v -20.7147381 9.9949799 0.8500000 0.24 0.63 0.74
v -21.0049434 9.3697575 0.8500000 0.24 0.63 0.74
v -21.2762829 8.7361195 0.8500000 0.24 0.63 0.74
v -21.5285132 8.0946352 0.8500000 0.24 0.63 0.74
v -21.7614076 7.4458807 0.8500000 0.24 0.63 0.74
v -21.9747570 6.7904386 0.8500000 0.24 0.63 0.74
v -22.1683696 6.1288977 0.8500000 0.24 0.63 0.74
v -22.3420718 5.4618521 0.8500000 0.24 0.63 0.74
v -22.4957073 4.7899010 0.8500000 0.24 0.63 0.74
v -22.6291383 4.1136478 0.8500000 0.24 0.63 0.74
v -22.7422449 3.4336999 0.8500000 0.24 0.63 0.74
v -22.8349256 2.7506680 0.8500000 0.24 0.63 0.74
v -22.9070970 2.0651656 0.8500000 0.24 0.63 0.74
v -22.9586943 1.3778084 0.8500000 0.24 0.63 0.74
v -22.9896713 0.6892137 0.8500000 0.24 0.63 0.74
v -23.0000000 -0.0000000 0.8500000 0.24 0.63 0.74
v -22.9896713 -0.6892137 0.8500000 0.24 0.63 0.74
v -22.9586943 -1.3778084 0.8500000 0.24 0.63 0.74
v -22.9070970 -2.0651656 0.8500000 0.24 0.63 0.74
v -22.8349256 -2.7506680 0.8500000 0.24 0.63 0.74
v -22.7422449 -3.4336999 0.8500000 0.24 0.63 0.74
v -22.6291383 -4.1136478 0.8500000 0.24 0.63 0.74
v -22.4957073 -4.7899010 0.8500000 0.24 0.63 0.74
v -22.3420718 -5.4618521 0.8500000 0.24 0.63 0.74
v -22.1683696 -6.1288977 0.8500000 0.24 0.63 0.74
v -21.9747570 -6.7904386 0.8500000 0.24 0.63 0.74
v -21.7614076 -7.4458807 0.8500000 0.24 0.63 0.74
v -21.5285132 -8.0946352 0.8500000 0.24 0.63 0.74
v -21.2762829 -8.7361195 0.8500000 0.24 0.63 0.74
v -21.0049434 -9.3697575 0.8500000 0.24 0.63 0.74
v -20.7147381 -9.9949799 0.8500000 0.24 0.63 0.74
v -20.4059279 -10.6112254 0.8500000 0.24 0.63 0.74
v -20.0787901 -11.2179404 0.8500000 0.24 0.63 0.74
v -19.7336185 -11.8145800 0.8500000 0.24 0.63 0.74
v -19.3707231 -12.4006083 0.8500000 0.24 0.63 0.74
v -18.9904299 -12.9754990 0.8500000 0.24 0.63 0.74
v -18.5930803 -13.5387357 0.8500000 0.24 0.63 0.74
v -18.1790314 -14.0898125 0.8500000 0.24 0.63 0.74
v -17.7486549 -14.6282346 0.8500000 0.24 0.63 0.74
v -17.3023375 -15.1535183 0.8500000 0.24 0.63 0.74
v -16.8404799 -15.6651919 0.8500000 0.24 0.63 0.74
v -16.3634970 -16.1627957 0.8500000 0.24 0.63 0.74
v -15.8718173 -16.6458829 0.8500000 0.24 0.63 0.74
v -15.3658822 -17.1140195 0.8500000 0.24 0.63 0.74
v -14.8461462 -17.5667852 0.8500000 0.24 0.63 0.74
v -14.3130762 -18.0037732 0.8500000 0.24 0.63 0.74
v -13.7671508 -18.4245912 0.8500000 0.24 0.63 0.74
v -13.2088604 -18.8288610 0.8500000 0.24 0.63 0.74
v -12.6387065 -19.2162197 0.8500000 0.24 0.63 0.74
v -12.0572011 -19.5863192 0.8500000 0.24 0.63 0.74
v -11.4648665 -19.9388273 0.8500000 0.24 0.63 0.74
v -10.8622347 -20.2734274 0.8500000 0.24 0.63 0.74
v -10.2498470 -20.5898188 0.8500000 0.24 0.63 0.74
v -9.6282534 -20.8877174 0.8500000 0.24 0.63 0.74
v -8.9980121 -21.1668557 0.8500000 0.24 0.63 0.74
v -8.3596893 -21.4269829 0.8500000 0.24 0.63 0.74
v -7.7138581 -21.6678654 0.8500000 0.24 0.63 0.74
v -7.0610988 -21.8892870 0.8500000 0.24 0.63 0.74
v -6.4019975 -22.0910486 0.8500000 0.24 0.63 0.74
v -5.7371463 -22.2729691 0.8500000 0.24 0.63 0.74
v -5.0671423 -22.4348851 0.8500000 0.24 0.63 0.74
v -4.3925871 -22.5766512 0.8500000 0.24 0.63 0.74
v -3.7140868 -22.6981400 0.8500000 0.24 0.63 0.74
v -3.0322507 -22.7992424 0.8500000 0.24 0.63 0.74
v -2.3476911 -22.8798677 0.8500000 0.24 0.63 0.74
v -1.6610229 -22.9399434 0.8500000 0.24 0.63 0.74
v -0.9728629 -22.9794155 0.8500000 0.24 0.63 0.74
v -0.2838292 -22.9982487 0.8500000 0.24 0.63 0.74
v 0.4054595 -22.9964259 0.8500000 0.24 0.63 0.74
v 1.0943841 -22.9739488 0.8500000 0.24 0.63 0.74
v 1.7823257 -22.9308376 0.8500000 0.24 0.63 0.74
v 2.4686665 -22.8671311 0.8500000 0.24 0.63 0.74
v 3.1527901 -22.7828864 0.8500000 0.24 0.63 0.74
v 3.8340820 -22.6781793 0.8500000 0.24 0.63 0.74
v 4.5119303 -22.5531037 0.8500000 0.24 0.63 0.74
v 5.1857262 -22.4077720 0.8500000 0.24 0.63 0.74
v 5.8548645 -22.2423147 0.8500000 0.24 0.63 0.74
v 6.5187443 -22.0568804 0.8500000 0.24 0.63 0.74
v 7.1767693 -21.8516357 0.8500000 0.24 0.63 0.74
v 7.8283484 -21.6267649 0.8500000 0.24 0.63 0.74
v 8.4728965 -21.3824700 0.8500000 0.24 0.63 0.74
v 9.1098346 -21.1189705 0.8500000 0.24 0.63 0.74
v 9.7385907 -20.8365028 0.8500000 0.24 0.63 0.74
v 10.3586001 -20.5353209 0.8500000 0.24 0.63 0.74
v 10.9693060 -20.2156951 0.8500000 0.24 0.63 0.74
v 11.5701597 -19.8779125 0.8500000 0.24 0.63 0.74
v 12.1606216 -19.5222766 0.8500000 0.24 0.63 0.74
v 12.7401615 -19.1491067 0.8500000 0.24 0.63 0.74
v 13.3082587 -18.7587379 0.8500000 0.24 0.63 0.74
v 13.8644032 -18.3515210 0.8500000 0.24 0.63 0.74
v 14.4080953 -17.9278217 0.8500000 0.24 0.63 0.74
v 14.9388467 -17.4880204 0.8500000 0.24 0.63 0.74
v 15.4561808 -17.0325123 0.8500000 0.24 0.63 0.74
v 15.9596329 -16.5617064 0.8500000 0.24 0.63 0.74
v 16.4487508 -16.0760255 0.8500000 0.24 0.63 0.74
v 16.9230953 -15.5759060 0.8500000 0.24 0.63 0.74
v 17.3822402 -15.0617969 0.8500000 0.24 0.63 0.74
v 17.8257733 -14.5341600 0.8500000 0.24 0.63 0.74
v 18.2532961 -13.9934693 0.8500000 0.24 0.63 0.74
v 18.6644247 -13.4402103 0.8500000 0.24 0.63 0.74
v 19.0587898 -12.8748799 0.8500000 0.24 0.63 0.74
v 19.4360372 -12.2979860 0.8500000 0.24 0.63 0.74
v 19.7958281 -11.7100466 0.8500000 0.24 0.63 0.74
v 20.1378393 -11.1115898 0.8500000 0.24 0.63 0.74
v 20.4617637 -10.5031531 0.8500000 0.24 0.63 0.74
v 20.7673104 -9.8852830 0.8500000 0.24 0.63 0.74
v 21.0542048 -9.2585344 0.8500000 0.24 0.63 0.74
v 21.3221894 -8.6234702 0.8500000 0.24 0.63 0.74
v 21.5710234 -7.9806609 0.8500000 0.24 0.63 0.74
v 21.8004834 -7.3306837 0.8500000 0.24 0.63 0.74
v 22.0103632 -6.6741224 0.8500000 0.24 0.63 0.74
v 22.2004744 -6.0115668 0.8500000 0.24 0.63 0.74
v 22.3706462 -5.3436118 0.8500000 0.24 0.63 0.74
v 22.5207258 -4.6708575 0.8500000 0.24 0.63 0.74
v 22.6505783 -3.9939081 0.8500000 0.24 0.63 0.74
v 26.6390497 -4.6971832 0.8500000 0.24 0.63 0.74
v 26.6390497 4.6971832 0.8500000 0.24 0.63 0.74
v 26.4863318 5.4933346 0.8500000 0.24 0.63 0.74
v 26.3098252 6.2845522 0.8500000 0.24 0.63 0.74
v 26.1096884 7.0701253 0.8500000 0.24 0.63 0.74
v 25.8861011 7.8493483 0.8500000 0.24 0.63 0.74
v 25.6392642 8.6215214 0.8500000 0.24 0.63 0.74
v 25.3693993 9.3859511 0.8500000 0.24 0.63 0.74
v 25.0767489 10.1419508 0.8500000 0.24 0.63 0.74
v 24.7615757 10.8888415 0.8500000 0.24 0.63 0.74
v 24.4241629 11.6259524 0.8500000 0.24 0.63 0.74
v 24.0648134 12.3526214 0.8500000 0.24 0.63 0.74
v 23.6838502 13.0681958 0.8500000 0.24 0.63 0.74
v 23.2816152 13.7720330 0.8500000 0.24 0.63 0.74
v 22.8584698 14.4635009 0.8500000 0.24 0.63 0.74
v 22.4147940 15.1419783 0.8500000 0.24 0.63 0.74
v 21.9509864 15.8068560 0.8500000 0.24 0.63 0.74
v 21.4674634 16.4575367 0.8500000 0.24 0.63 0.74
v 20.9646594 17.0934360 0.8500000 0.24 0.63 0.74
v 20.4430260 17.7139829 0.8500000 0.24 0.63 0.74
v 19.9030316 18.3186198 0.8500000 0.24 0.63 0.74
v 19.3451613 18.9068039 0.8500000 0.24 0.63 0.74
v 18.7699161 19.4780068 0.8500000 0.24 0.63 0.74
v 18.1778126 20.0317156 0.8500000 0.24 0.63 0.74
v 17.5693828 20.5674327 0.8500000 0.24 0.63 0.74
v 16.9451729 21.0846773 0.8500000 0.24 0.63 0.74
v 16.3057437 21.5829845 0.8500000 0.24 0.63 0.74
v 15.6516695 22.0619070 0.8500000 0.24 0.63 0.74
v 14.9835377 22.5210146 0.8500000 0.24 0.63 0.74
v 14.3019485 22.9598948 0.8500000 0.24 0.63 0.74
v 13.6075139 23.3781536 0.8500000 0.24 0.63 0.74
v 12.9008577 23.7754153 0.8500000 0.24 0.63 0.74
v 12.1826145 24.1513230 0.8500000 0.24 0.63 0.74
v 11.4534296 24.5055392 0.8500000 0.24 0.63 0.74
v 10.7139577 24.8377457 0.8500000 0.24 0.63 0.74
v 9.9648630 25.1476441 0.8500000 0.24 0.63 0.74
v 9.2068184 25.4349562 0.8500000 0.24 0.63 0.74
v 8.4405047 25.6994237 0.8500000 0.24 0.63 0.74
v 7.6666101 25.9408093 0.8500000 0.24 0.63 0.74
v 6.8858298 26.1588962 0.8500000 0.24 0.63 0.74
v 6.0988649 26.3534883 0.8500000 0.24 0.63 0.74
v 5.3064223 26.5244111 0.8500000 0.24 0.63 0.74
v 4.5092138 26.6715109 0.8500000 0.24 0.63 0.74
v 3.7079553 26.7946556 0.8500000 0.24 0.63 0.74
v 2.9033665 26.8937346 0.8500000 0.24 0.63 0.74
v 2.0961700 26.9686591 0.8500000 0.24 0.63 0.74
v 1.2870908 27.0193615 0.8500000 0.24 0.63 0.74
v 0.4768557 27.0457965 0.8500000 0.24 0.63 0.74
v -0.3338078 27.0479403 0.8500000 0.24 0.63 0.74
v -1.1441714 27.0257909 0.8500000 0.24 0.63 0.74
v -1.9535074 26.9793682 0.8500000 0.24 0.63 0.74
v -2.7610889 26.9087140 0.8500000 0.24 0.63 0.74
v -3.5661904 26.8138917 0.8500000 0.24 0.63 0.74
v -4.3680890 26.6949864 0.8500000 0.24 0.63 0.74
v -5.1660644 26.5521050 0.8500000 0.24 0.63 0.74
v -5.9593999 26.3853757 0.8500000 0.24 0.63 0.74
v -6.7473829 26.1949484 0.8500000 0.24 0.63 0.74
v -7.5293058 25.9809941 0.8500000 0.24 0.63 0.74
v -8.3044662 25.7437049 0.8500000 0.24 0.63 0.74
v -9.0721679 25.4832939 0.8500000 0.24 0.63 0.74
v -9.8317215 25.1999951 0.8500000 0.24 0.63 0.74
v -10.5824447 24.8940628 0.8500000 0.24 0.63 0.74
v -11.3236632 24.5657720 0.8500000 0.24 0.63 0.74
v -12.0547114 24.2154173 0.8500000 0.24 0.63 0.74
v -12.7749326 23.8433135 0.8500000 0.24 0.63 0.74
v -13.4836800 23.4497948 0.8500000 0.24 0.63 0.74
v -14.1803169 23.0352146 0.8500000 0.24 0.63 0.74
v -14.8642179 22.5999453 0.8500000 0.24 0.63 0.74
v -15.5347684 22.1443778 0.8500000 0.24 0.63 0.74
v -16.1913665 21.6689213 0.8500000 0.24 0.63 0.74
v -16.8334222 21.1740029 0.8500000 0.24 0.63 0.74
v -17.4603589 20.6600669 0.8500000 0.24 0.63 0.74
v -18.0716136 20.1275751 0.8500000 0.24 0.63 0.74
v -18.6666373 19.5770057 0.8500000 0.24 0.63 0.74
v -19.2448954 19.0088532 0.8500000 0.24 0.63 0.74
v -19.8058688 18.4236278 0.8500000 0.24 0.63 0.74
v -20.3490534 17.8218552 0.8500000 0.24 0.63 0.74
v -20.8739616 17.2040759 0.8500000 0.24 0.63 0.74
v -21.3801217 16.5708447 0.8500000 0.24 0.63 0.74
v -21.8670793 15.9227304 0.8500000 0.24 0.63 0.74
v -22.3343969 15.2603151 0.8500000 0.24 0.63 0.74
v -22.7816548 14.5841937 0.8500000 0.24 0.63 0.74
v -23.2084513 13.8949734 0.8500000 0.24 0.63 0.74
v -23.6144032 13.1932734 0.8500000 0.24 0.63 0.74
v -23.9991457 12.4797238 0.8500000 0.24 0.63 0.74
v -24.3623333 11.7549655 0.8500000 0.24 0.63 0.74
v -24.7036399 11.0196495 0.8500000 0.24 0.63 0.74
v -25.0227589 10.2744362 0.8500000 0.24 0.63 0.74
v -25.3194036 9.5199949 0.8500000 0.24 0.63 0.74
v -25.5933076 8.7570031 0.8500000 0.24 0.63 0.74
v -25.8442250 7.9861463 0.8500000 0.24 0.63 0.74
v -26.0719304 7.2081167 0.8500000 0.24 0.63 0.74
v -26.2762192 6.4236131 0.8500000 0.24 0.63 0.74
v -26.4569080 5.6333401 0.8500000 0.24 0.63 0.74
v -26.6138344 4.8380075 0.8500000 0.24 0.63 0.74
v -26.7468576 4.0383297 0.8500000 0.24 0.63 0.74
v -26.8558581 3.2350248 0.8500000 0.24 0.63 0.74
v -26.9407379 2.4288144 0.8500000 0.24 0.63 0.74
v -27.0014209 1.6204225 0.8500000 0.24 0.63 0.74
v -27.0378525 0.8105753 0.8500000 0.24 0.63 0.74
v -27.0500000 -0.0000000 0.8500000 0.24 0.63 0.74
v -27.0378525 -0.8105753 0.8500000 0.24 0.63 0.74
v -27.0014209 -1.6204225 0.8500000 0.24 0.63 0.74
v -26.9407379 -2.4288144 0.8500000 0.24 0.63 0.74
v -26.8558581 -3.2350248 0.8500000 0.24 0.63 0.74
v -26.7468576 -4.0383297 0.8500000 0.24 0.63 0.74
v -26.6138344 -4.8380075 0.8500000 0.24 0.63 0.74
v -26.4569080 -5.6333401 0.8500000 0.24 0.63 0.74
v -26.2762192 -6.4236131 0.8500000 0.24 0.63 0.74
v -26.0719304 -7.2081167 0.8500000 0.24 0.63 0.74
v -25.8442250 -7.9861463 0.8500000 0.24 0.63 0.74
v -25.5933076 -8.7570031 0.8500000 0.24 0.63 0.74
v -25.3194036 -9.5199949 0.8500000 0.24 0.63 0.74
v -25.0227589 -10.2744362 0.8500000 0.24 0.63 0.74
v -24.7036399 -11.0196495 0.8500000 0.24 0.63 0.74
v -24.3623333 -11.7549655 0.8500000 0.24 0.63 0.74
v -23.9991457 -12.4797238 0.8500000 0.24 0.63 0.74
v -23.6144032 -13.1932734 0.8500000 0.24 0.63 0.74
v -23.2084513 -13.8949734 0.8500000 0.24 0.63 0.74
v -22.7816548 -14.5841937 0.8500000 0.24 0.63 0.74
v -22.3343969 -15.2603151 0.8500000 0.24 0.63 0.74
v -21.8670793 -15.9227304 0.8500000 0.24 0.63 0.74
v -21.3801217 -16.5708447 0.8500000 0.24 0.63 0.74
v -20.8739616 -17.2040759 0.8500000 0.24 0.63 0.74
v -20.3490534 -17.8218552 0.8500000 0.24 0.63 0.74
v -19.8058688 -18.4236278 0.8500000 0.24 0.63 0.74
v -19.2448954 -19.0088532 0.8500000 0.24 0.63 0.74
v -18.6666373 -19.5770057 0.8500000 0.24 0.63 0.74
v -18.0716136 -20.1275751 0.8500000 0.24 0.63 0.74
v -17.4603589 -20.6600669 0.8500000 0.24 0.63 0.74
v -16.8334222 -21.1740029 0.8500000 0.24 0.63 0.74
v -16.1913665 -21.6689213 0.8500000 0.24 0.63 0.74
v -15.5347684 -22.1443778 0.8500000 0.24 0.63 0.74
v -14.8642179 -22.5999453 0.8500000 0.24 0.63 0.74
v -14.1803169 -23.0352146 0.8500000 0.24 0.63 0.74
v -13.4836800 -23.4497948 0.8500000 0.24 0.63 0.74
v -12.7749326 -23.8433135 0.8500000 0.24 0.63 0.74
v -12.0547114 -24.2154173 0.8500000 0.24 0.63 0.74
v -11.3236632 -24.5657720 0.8500000 0.24 0.63 0.74
v -10.5824447 -24.8940628 0.8500000 0.24 0.63 0.74
v -9.8317215 -25.1999951 0.8500000 0.24 0.63 0.74
v -9.0721679 -25.4832939 0.8500000 0.24 0.63 0.74
v -8.3044662 -25.7437049 0.8500000 0.24 0.63 0.74
v -7.5293058 -25.9809941 0.8500000 0.24 0.63 0.74
v -6.7473829 -26.1949484 0.8500000 0.24 0.63 0.74
v -5.9593999 -26.3853757 0.8500000 0.24 0.63 0.74
v -5.1660644 -26.5521050 0.8500000 0.24 0.63 0.74
v -4.3680890 -26.6949864 0.8500000 0.24 0.63 0.74
v -3.5661904 -26.8138917 0.8500000 0.24 0.63 0.74
v -2.7610889 -26.9087140 0.8500000 0.24 0.63 0.74
v -1.9535074 -26.9793682 0.8500000 0.24 0.63 0.74
v -1.1441714 -27.0257909 0.8500000 0.24 0.63 0.74
v -0.3338078 -27.0479403 0.8500000 0.24 0.63 0.74
v 0.4768557 -27.0457965 0.8500000 0.24 0.63 0.74
v 1.2870908 -27.0193615 0.8500000 0.24 0.63 0.74
v 2.0961700 -26.9686591 0.8500000 0.24 0.63 0.74
v 2.9033665 -26.8937346 0.8500000 0.24 0.63 0.74
v 3.7079553 -26.7946556 0.8500000 0.24 0.63 0.74
v 4.5092138 -26.6715109 0.8500000 0.24 0.63 0.74
v 5.3064223 -26.5244111 0.8500000 0.24 0.63 0.74
v 6.0988649 -26.3534883 0.8500000 0.24 0.63 0.74
v 6.8858298 -26.1588962 0.8500000 0.24 0.63 0.74
v 7.6666101 -25.9408093 0.8500000 0.24 0.63 0.74
v 8.4405047 -25.6994237 0.8500000 0.24 0.63 0.74
v 9.2068184 -25.4349562 0.8500000 0.24 0.63 0.74
v 9.9648630 -25.1476441 0.8500000 0.24 0.63 0.74
v 10.7139577 -24.8377457 0.8500000 0.24 0.63 0.74
v 11.4534296 -24.5055392 0.8500000 0.24 0.63 0.74
v 12.1826145 -24.1513230 0.8500000 0.24 0.63 0.74
v 12.9008577 -23.7754153 0.8500000 0.24 0.63 0.74
v 13.6075139 -23.3781536 0.8500000 0.24 0.63 0.74
v 14.3019485 -22.9598948 0.8500000 0.24 0.63 0.74
v 14.9835377 -22.5210146 0.8500000 0.24 0.63 0.74
v 15.6516695 -22.0619070 0.8500000 0.24 0.63 0.74
v 16.3057437 -21.5829845 0.8500000 0.24 0.63 0.74
v 16.9451729 -21.0846773 0.8500000 0.24 0.63 0.74
v 17.5693828 -20.5674327 0.8500000 0.24 0.63 0.74
v 18.1778126 -20.0317156 0.8500000 0.24 0.63 0.74
v 18.7699161 -19.4780068 0.8500000 0.24 0.63 0.74
v 19.3451613 -18.9068039 0.8500000 0.24 0.63 0.74
v 19.9030316 -18.3186198 0.8500000 0.24 0.63 0.74
v 20.4430260 -17.7139829 0.8500000 0.24 0.63 0.74
v 20.9646594 -17.0934360 0.8500000 0.24 0.63 0.74
v 21.4674634 -16.4575367 0.8500000 0.24 0.63 0.74
v 21.9509864 -15.8068560 0.8500000 0.24 0.63 0.74
v 22.4147940 -15.1419783 0.8500000 0.24 0.63 0.74
v 22.8584698 -14.4635009 0.8500000 0.24 0.63 0.74
v 23.2816152 -13.7720330 0.8500000 0.24 0.63 0.74
v 23.6838502 -13.0681958 0.8500000 0.24 0.63 0.74
v 24.0648134 -12.3526214 0.8500000 0.24 0.63 0.74
v 24.4241629 -11.6259524 0.8500000 0.24 0.63 0.74
v 24.7615757 -10.8888415 0.8500000 0.24 0.63 0.74
v 25.0767489 -10.1419508 0.8500000 0.24 0.63 0.74
v 25.3693993 -9.3859511 0.8500000 0.24 0.63 0.74
v 25.6392642 -8.6215214 0.8500000 0.24 0.63 0.74
v 25.8861011 -7.8493483 0.8500000 0.24 0.63 0.74
v 26.1096884 -7.0701253 0.8500000 0.24 0.63 0.74
v 26.3098252 -6.2845522 0.8500000 0.24 0.63 0.74
v 26.4863318 -5.4933346 0.8500000 0.24 0.63 0.74
v 26.6390497 4.6971832 0.8500000 0.24 0.63 0.74
v 26.4863318 5.4933346 0.8500000 0.24 0.63 0.74
v 26.3098252 6.2845522 0.8500000 0.24 0.63 0.74
v 26.1096884 7.0701253 0.8500000 0.24 0.63 0.74
v 25.8861011 7.8493483 0.8500000 0.24 0.63 0.74
v 25.6392642 8.6215214 0.8500000 0.24 0.63 0.74
v 25.3693993 9.3859511 0.8500000 0.24 0.63 0.74
v 25.0767489 10.1419508 0.8500000 0.24 0.63 0.74
v 24.7615757 10.8888415 0.8500000 0.24 0.63 0.74
v 24.4241629 11.6259524 0.8500000 0.24 0.63 0.74
v 24.0648134 12.3526214 0.8500000 0.24 0.63 0.74
v 23.6838502 13.0681958 0.8500000 0.24 0.63 0.74
v 23.2816152 13.7720330 0.8500000 0.24 0.63 0.74
v 22.8584698 14.4635009 0.8500000 0.24 0.63 0.74
v 22.4147940 15.1419783 0.8500000 0.24 0.63 0.74
v 21.9509864 15.8068560 0.8500000 0.24 0.63 0.74
v 21.4674634 16.4575367 0.8500000 0.24 0.63 0.74
v 20.9646594 17.0934360 0.8500000 0.24 0.63 0.74
v 20.4430260 17.7139829 0.8500000 0.24 0.63 0.74
v 19.9030316 18.3186198 0.8500000 0.24 0.63 0.74
v 19.3451613 18.9068039 0.8500000 0.24 0.63 0.74
v 18.7699161 19.4780068 0.8500000 0.24 0.63 0.74
v 18.1778126 20.0317156 0.8500000 0.24 0.63 0.74
v 17.5693828 20.5674327 0.8500000 0.24 0.63 0.74
v 16.9451729 21.0846773 0.8500000 0.24 0.63 0.74
v 16.3057437 21.5829845 0.8500000 0.24 0.63 0.74
v 15.6516695 22.0619070 0.8500000 0.24 0.63 0.74
v 14.9835377 22.5210146 0.8500000 0.24 0.63 0.74
v 14.3019485 22.9598948 0.8500000 0.24 0.63 0.74
v 13.6075139 23.3781536 0.8500000 0.24 0.63 0.74
v 12.9008577 23.7754153 0.8500000 0.24 0.63 0.74
v 12.1826145 24.1513230 0.8500000 0.24 0.63 0.74
v 11.4534296 24.5055392 0.8500000 0.24 0.63 0.74
v 10.7139577 24.8377457 0.8500000 0.24 0.63 0.74
v 9.9648630 25.1476441 0.8500000 0.24 0.63 0.74
v 9.2068184 25.4349562 0.8500000 0.24 0.63 0.74
v 8.4405047 25.6994237 0.8500000 0.24 0.63 0.74
v 7.6666101 25.9408093 0.8500000 0.24 0.63 0.74
v 6.8858298 26.1588962 0.8500000 0.24 0.63 0.74
v 6.0988649 26.3534883 0.8500000 0.24 0.63 0.74
v 5.3064223 26.5244111 0.8500000 0.24 0.63 0.74
v 4.5092138 26.6715109 0.8500000 0.24 0.63 0.74
v 3.7079553 26.7946556 0.8500000 0.24 0.63 0.74
v 2.9033665 26.8937346 0.8500000 0.24 0.63 0.74
v 2.0961700 26.9686591 0.8500000 0.24 0.63 0.74
v 1.2870908 27.0193615 0.8500000 0.24 0.63 0.74
v 0.4768557 27.0457965 0.8500000 0.24 0.63 0.74
v -0.3338078 27.0479403 0.8500000 0.24 0.63 0.74
v -1.1441714 27.0257909 0.8500000 0.24 0.63 0.74
v -1.9535074 26.9793682 0.8500000 0.24 0.63 0.74
v -2.7610889 26.9087140 0.8500000 0.24 0.63 0.74
v -3.5661904 26.8138917 0.8500000 0.24 0.63 0.74
v -4.3680890 26.6949864 0.8500000 0.24 0.63 0.74
v -5.1660644 26.5521050 0.8500000 0.24 0.63 0.74
v -5.9593999 26.3853757 0.8500000 0.24 0.63 0.74
v -6.7473829 26.1949484 0.8500000 0.24 0.63 0.74
v -7.5293058 25.9809941 0.8500000 0.24 0.63 0.74
v -8.3044662 25.7437049 0.8500000 0.24 0.63 0.74
v -9.0721679 25.4832939 0.8500000 0.24 0.63 0.74
v -9.8317215 25.1999951 0.8500000 0.24 0.63 0.74
v -10.5824447 24.8940628 0.8500000 0.24 0.63 0.74
v -11.3236632 24.5657720 0.8500000 0.24 0.63 0.74
v -12.0547114 24.2154173 0.8500000 0.24 0.63 0.74
v -12.7749326 23.8433135 0.8500000 0.24 0.63 0.74
v -13.4836800 23.4497948 0.8500000 0.24 0.63 0.74
v -14.1803169 23.0352146 0.8500000 0.24 0.63 0.74
v -14.8642179 22.5999453 0.8500000 0.24 0.63 0.74
v -15.5347684 22.1443778 0.8500000 0.24 0.63 0.74
v -16.1913665 21.6689213 0.8500000 0.24 0.63 0.74
v -16.8334222 21.1740029 0.8500000 0.24 0.63 0.74
v -17.4603589 20.6600669 0.8500000 0.24 0.63 0.74
v -18.0716136 20.1275751 0.8500000 0.24 0.63 0.74
v -18.6666373 19.5770057 0.8500000 0.24 0.63 0.74
v -19.2448954 19.0088532 0.8500000 0.24 0.63 0.74
v -19.8058688 18.4236278 0.8500000 0.24 0.63 0.74
v -20.3490534 17.8218552 0.8500000 0.24 0.63 0.74
v -20.8739616 17.2040759 0.8500000 0.24 0.63 0.74
v -21.3801217 16.5708447 0.8500000 0.24 0.63 0.74
v -21.8670793 15.9227304 0.8500000 0.24 0.63 0.74
v -22.3343969 15.2603151 0.8500000 0.24 0.63 0.74
v -22.7816548 14.5841937 0.8500000 0.24 0.63 0.74
v -23.2084513 13.8949734 0.8500000 0.24 0.63 0.74
v -23.6144032 13.1932734 0.8500000 0.24 0.63 0.74
v -23.9991457 12.4797238 0.8500000 0.24 0.63 0.74
v -24.3623333 11.7549655 0.8500000 0.24 0.63 0.74
v -24.7036399 11.0196495 0.8500000 0.24 0.63 0.74
v -25.0227589 10.2744362 0.8500000 0.24 0.63 0.74
v -25.3194036 9.5199949 0.8500000 0.24 0.63 0.74
v -25.5933076 8.7570031 0.8500000 0.24 0.63 0.74
v -25.8442250 7.9861463 0.8500000 0.24 0.63 0.74
v -26.0719304 7.2081167 0.8500000 0.24 0.63 0.74
v -26.2762192 6.4236131 0.8500000 0.24 0.63 0.74
v -26.4569080 5.6333401 0.8500000 0.24 0.63 0.74
v -26.6138344 4.8380075 0.8500000 0.24 0.63 0.74
v -26.7468576 4.0383297 0.8500000 0.24 0.63 0.74
v -26.8558581 3.2350248 0.8500000 0.24 0.63 0.74
v -26.9407379 2.4288144 0.8500000 0.24 0.63 0.74
v -27.0014209 1.6204225 0.8500000 0.24 0.63 0.74
v -27.0378525 0.8105753 0.8500000 0.24 0.63 0.74
v -27.0500000 -0.0000000 0.8500000 0.24 0.63 0.74
v -27.0378525 -0.8105753 0.8500000 0.24 0.63 0.74
v -27.0014209 -1.6204225 0.8500000 0.24 0.63 0.74
v -26.9407379 -2.4288144 0.8500000 0.24 0.63 0.74
v -26.8558581 -3.2350248 0.8500000 0.24 0.63 0.74
v -26.7468576 -4.0383297 0.8500000 0.24 0.63 0.74
v -26.6138344 -4.8380075 0.8500000 0.24 0.63 0.74
v -26.4569080 -5.6333401 0.8500000 0.24 0.63 0.74
v -26.2762192 -6.4236131 0.8500000 0.24 0.63 0.74
v -26.0719304 -7.2081167 0.8500000 0.24 0.63 0.74
v -25.8442250 -7.9861463 0.8500000 0.24 0.63 0.74
v -25.5933076 -8.7570031 0.8500000 0.24 0.63 0.74
v -25.3194036 -9.5199949 0.8500000 0.24 0.63 0.74
v -25.0227589 -10.2744362 0.8500000 0.24 0.63 0.74
v -24.7036399 -11.0196495 0.8500000 0.24 0.63 0.74
v -24.3623333 -11.7549655 0.8500000 0.24 0.63 0.74
v -23.9991457 -12.4797238 0.8500000 0.24 0.63 0.74
v -23.6144032 -13.1932734 0.8500000 0.24 0.63 0.74
v -23.2084513 -13.8949734 0.8500000 0.24 0.63 0.74
v -22.7816548 -14.5841937 0.8500000 0.24 0.63 0.74
v -22.3343969 -15.2603151 0.8500000 0.24 0.63 0.74
v -21.8670793 -15.9227304 0.8500000 0.24 0.63 0.74
v -21.3801217 -16.5708447 0.8500000 0.24 0.63 0.74
v -20.8739616 -17.2040759 0.8500000 0.24 0.63 0.74
v -20.3490534 -17.8218552 0.8500000 0.24 0.63 0.74
v -19.8058688 -18.4236278 0.8500000 0.24 0.63 0.74
v -19.2448954 -19.0088532 0.8500000 0.24 0.63 0.74
v -18.6666373 -19.5770057 0.8500000 0.24 0.63 0.74
v -18.0716136 -20.1275751 0.8500000 0.24 0.63 0.74
v -17.4603589 -20.6600669 0.8500000 0.24 0.63 0.74
v -16.8334222 -21.1740029 0.8500000 0.24 0.63 0.74
v -16.1913665 -21.6689213 0.8500000 0.24 0.63 0.74
v -15.5347684 -22.1443778 0.8500000 0.24 0.63 0.74
v -14.8642179 -22.5999453 0.8500000 0.24 0.63 0.74
v -14.1803169 -23.0352146 0.8500000 0.24 0.63 0.74
v -13.4836800 -23.4497948 0.8500000 0.24 0.63 0.74
v -12.7749326 -23.8433135 0.8500000 0.24 0.63 0.74
v -12.0547114 -24.2154173 0.8500000 0.24 0.63 0.74
v -11.3236632 -24.5657720 0.8500000 0.24 0.63 0.74
v -10.5824447 -24.8940628 0.8500000 0.24 0.63 0.74
v -9.8317215 -25.1999951 0.8500000 0.24 0.63 0.74
v -9.0721679 -25.4832939 0.8500000 0.24 0.63 0.74
v -8.3044662 -25.7437049 0.8500000 0.24 0.63 0.74
v -7.5293058 -25.9809941 0.8500000 0.24 0.63 0.74
v -6.7473829 -26.1949484 0.8500000 0.24 0.63 0.74
v -5.9593999 -26.3853757 0.8500000 0.24 0.63 0.74
v -5.1660644 -26.5521050 0.8500000 0.24 0.63 0.74
v -4.3680890 -26.6949864 0.8500000 0.24 0.63 0.74
v -3.5661904 -26.8138917 0.8500000 0.24 0.63 0.74
v -2.7610889 -26.9087140 0.8500000 0.24 0.63 0.74
v -1.9535074 -26.9793682 0.8500000 0.24 0.63 0.74
v -1.1441714 -27.0257909 0.8500000 0.24 0.63 0.74
v -0.3338078 -27.0479403 0.8500000 0.24 0.63 0.74
v 0.4768557 -27.0457965 0.8500000 0.24 0.63 0.74
v 1.2870908 -27.0193615 0.8500000 0.24 0.63 0.74
v 2.0961700 -26.9686591 0.8500000 0.24 0.63 0.74
v 2.9033665 -26.8937346 0.8500000 0.24 0.63 0.74
v 3.7079553 -26.7946556 0.8500000 0.24 0.63 0.74
v 4.5092138 -26.6715109 0.8500000 0.24 0.63 0.74
v 5.3064223 -26.5244111 0.8500000 0.24 0.63 0.74
v 6.0988649 -26.3534883 0.8500000 0.24 0.63 0.74
v 6.8858298 -26.1588962 0.8500000 0.24 0.63 0.74
v 7.6666101 -25.9408093 0.8500000 0.24 0.63 0.74
v 8.4405047 -25.6994237 0.8500000 0.24 0.63 0.74
v 9.2068184 -25.4349562 0.8500000 0.24 0.63 0.74
v 9.9648630 -25.1476441 0.8500000 0.24 0.63 0.74
v 10.7139577 -24.8377457 0.8500000 0.24 0.63 0.74
v 11.4534296 -24.5055392 0.8500000 0.24 0.63 0.74
v 12.1826145 -24.1513230 0.8500000 0.24 0.63 0.74
v 12.9008577 -23.7754153 0.8500000 0.24 0.63 0.74
v 13.6075139 -23.3781536 0.8500000 0.24 0.63 0.74
v 14.3019485 -22.9598948 0.8500000 0.24 0.63 0.74
v 14.9835377 -22.5210146 0.8500000 0.24 0.63 0.74
v 15.6516695 -22.0619070 0.8500000 0.24 0.63 0.74
v 16.3057437 -21.5829845 0.8500000 0.24 0.63 0.74
v 16.9451729 -21.0846773 0.8500000 0.24 0.63 0.74
v 17.5693828 -20.5674327 0.8500000 0.24 0.63 0.74
v 18.1778126 -20.0317156 0.8500000 0.24 0.63 0.74
v 18.7699161 -19.4780068 0.8500000 0.24 0.63 0.74
v 19.3451613 -18.9068039 0.8500000 0.24 0.63 0.74
v 19.9030316 -18.3186198 0.8500000 0.24 0.63 0.74
v 20.4430260 -17.7139829 0.8500000 0.24 0.63 0.74
v 20.9646594 -17.0934360 0.8500000 0.24 0.63 0.74
v 21.4674634 -16.4575367 0.8500000 0.24 0.63 0.74
v 21.9509864 -15.8068560 0.8500000 0.24 0.63 0.74
v 22.4147940 -15.1419783 0.8500000 0.24 0.63 0.74
v 22.8584698 -14.4635009 0.8500000 0.24 0.63 0.74
v 23.2816152 -13.7720330 0.8500000 0.24 0.63 0.74
v 23.6838502 -13.0681958 0.8500000 0.24 0.63 0.74
v 24.0648134 -12.3526214 0.8500000 0.24 0.63 0.74
v 24.4241629 -11.6259524 0.8500000 0.24 0.63 0.74
v 24.7615757 -10.8888415 0.8500000 0.24 0.63 0.74
v 25.0767489 -10.1419508 0.8500000 0.24 0.63 0.74
v 25.3693993 -9.3859511 0.8500000 0.24 0.63 0.74
v 25.6392642 -8.6215214 0.8500000 0.24 0.63 0.74
v 25.8861011 -7.8493483 0.8500000 0.24 0.63 0.74
v 26.1096884 -7.0701253 0.8500000 0.24 0.63 0.74
v 26.3098252 -6.2845522 0.8500000 0.24 0.63 0.74
v 26.4863318 -5.4933346 0.8500000 0.24 0.63 0.74
v 26.6390497 -4.6971832 0.8500000 0.24 0.63 0.74
v 26.6390497 -4.6971832 1.9500000 0.24 0.63 0.74
v 26.6390497 4.6971832 1.9500000 0.24 0.63 0.74
v 26.4863318 5.4933346 1.9500000 0.24 0.63 0.74
v 26.3098252 6.2845522 1.9500000 0.24 0.63 0.74
v 26.1096884 7.0701253 1.9500000 0.24 0.63 0.74
v 25.8861011 7.8493483 1.9500000 0.24 0.63 0.74
v 25.6392642 8.6215214 1.9500000 0.24 0.63 0.74
v 25.3693993 9.3859511 1.9500000 0.24 0.63 0.74
v 25.0767489 10.1419508 1.9500000 0.24 0.63 0.74
v 24.7615757 10.8888415 1.9500000 0.24 0.63 0.74
v 24.4241629 11.6259524 1.9500000 0.24 0.63 0.74
v 24.0648134 12.3526214 1.9500000 0.24 0.63 0.74
v 23.6838502 13.0681958 1.9500000 0.24 0.63 0.74
v 23.2816152 13.7720330 1.9500000 0.24 0.63 0.74
v 22.8584698 14.4635009 1.9500000 0.24 0.63 0.74
v 22.4147940 15.1419783 1.9500000 0.24 0.63 0.74
v 21.9509864 15.8068560 1.9500000 0.24 0.63 0.74
v 21.4674634 16.4575367 1.9500000 0.24 0.63 0.74
v 20.9646594 17.0934360 1.9500000 0.24 0.63 0.74
v 20.4430260 17.7139829 1.9500000 0.24 0.63 0.74
v 19.9030316 18.3186198 1.9500000 0.24 0.63 0.74
v 19.3451613 18.9068039 1.9500000 0.24 0.63 0.74
v 18.7699161 19.4780068 1.9500000 0.24 0.63 0.74
v 18.1778126 20.0317156 1.9500000 0.24 0.63 0.74
v 17.5693828 20.5674327 1.9500000 0.24 0.63 0.74
v 16.9451729 21.0846773 1.9500000 0.24 0.63 0.74
v 16.3057437 21.5829845 1.9500000 0.24 0.63 0.74
v 15.6516695 22.0619070 1.9500000 0.24 0.63 0.74
v 14.9835377 22.5210146 1.9500000 0.24 0.63 0.74
v 14.3019485 22.9598948 1.9500000 0.24 0.63 0.74
v 13.6075139 23.3781536 1.9500000 0.24 0.63 0.74
v 12.9008577 23.7754153 1.9500000 0.24 0.63 0.74
v 12.1826145 24.1513230 1.9500000 0.24 0.63 0.74
v 11.4534296 24.5055392 1.9500000 0.24 0.63 0.74
v 10.7139577 24.8377457 1.9500000 0.24 0.63 0.74
v 9.9648630 25.1476441 1.9500000 0.24 0.63 0.74
v 9.2068184 25.4349562 1.9500000 0.24 0.63 0.74
v 8.4405047 25.6994237 1.9500000 0.24 0.63 0.74
v 7.6666101 25.9408093 1.9500000 0.24 0.63 0.74
v 6.8858298 26.1588962 1.9500000 0.24 0.63 0.74
v 6.0988649 26.3534883 1.9500000 0.24 0.63 0.74
v 5.3064223 26.5244111 1.9500000 0.24 0.63 0.74
v 4.5092138 26.6715109 1.9500000 0.24 0.63 0.74
v 3.7079553 26.7946556 1.9500000 0.24 0.63 0.74
v 2.9033665 26.8937346 1.9500000 0.24 0.63 0.74
v 2.0961700 26.9686591 1.9500000 0.24 0.63 0.74
v 1.2870908 27.0193615 1.9500000 0.24 0.63 0.74
v 0.4768557 27.0457965 1.9500000 0.24 0.63 0.74
v -0.3338078 27.0479403 1.9500000 0.24 0.63 0.74
v -1.1441714 27.0257909 1.9500000 0.24 0.63 0.74
v -1.9535074 26.9793682 1.9500000 0.24 0.63 0.74
v -2.7610889 26.9087140 1.9500000 0.24 0.63 0.74
v -3.5661904 26.8138917 1.9500000 0.24 0.63 0.74
v -4.3680890 26.6949864 1.9500000 0.24 0.63 0.74
v -5.1660644 26.5521050 1.9500000 0.24 0.63 0.74
v -5.9593999 26.3853757 1.9500000 0.24 0.63 0.74
v -6.7473829 26.1949484 1.9500000 0.24 0.63 0.74
v -7.5293058 25.9809941 1.9500000 0.24 0.63 0.74
v -8.3044662 25.7437049 1.9500000 0.24 0.63 0.74
v -9.0721679 25.4832939 1.9500000 0.24 0.63 0.74
v -9.8317215 25.1999951 1.9500000 0.24 0.63 0.74
v -10.5824447 24.8940628 1.9500000 0.24 0.63 0.74
v -11.3236632 24.5657720 1.9500000 0.24 0.63 0.74
v -12.0547114 24.2154173 1.9500000 0.24 0.63 0.74
v -12.7749326 23.8433135 1.9500000 0.24 0.63 0.74
v -13.4836800 23.4497948 1.9500000 0.24 0.63 0.74
v -14.1803169 23.0352146 1.9500000 0.24 0.63 0.74
v -14.8642179 22.5999453 1.9500000 0.24 0.63 0.74
v -15.5347684 22.1443778 1.9500000 0.24 0.63 0.74
v -16.1913665 21.6689213 1.9500000 0.24 0.63 0.74
v -16.8334222 21.1740029 1.9500000 0.24 0.63 0.74
v -17.4603589 20.6600669 1.9500000 0.24 0.63 0.74
v -18.0716136 20.1275751 1.9500000 0.24 0.63 0.74
v -18.6666373 19.5770057 1.9500000 0.24 0.63 0.74
v -19.2448954 19.0088532 1.9500000 0.24 0.63 0.74
v -19.8058688 18.4236278 1.9500000 0.24 0.63 0.74
v -20.3490534 17.8218552 1.9500000 0.24 0.63 0.74
v -20.8739616 17.2040759 1.9500000 0.24 0.63 0.74
v -21.3801217 16.5708447 1.9500000 0.24 0.63 0.74
v -21.8670793 15.9227304 1.9500000 0.24 0.63 0.74
v -22.3343969 15.2603151 1.9500000 0.24 0.63 0.74
v -22.7816548 14.5841937 1.9500000 0.24 0.63 0.74
v -23.2084513 13.8949734 1.9500000 0.24 0.63 0.74
v -23.6144032 13.1932734 1.9500000 0.24 0.63 0.74
v -23.9991457 12.4797238 1.9500000 0.24 0.63 0.74
v -24.3623333 11.7549655 1.9500000 0.24 0.63 0.74
v -24.7036399 11.0196495 1.9500000 0.24 0.63 0.74
v -25.0227589 10.2744362 1.9500000 0.24 0.63 0.74
v -25.3194036 9.5199949 1.9500000 0.24 0.63 0.74
v -25.5933076 8.7570031 1.9500000 0.24 0.63 0.74
v -25.8442250 7.9861463 1.9500000 0.24 0.63 0.74
v -26.0719304 7.2081167 1.9500000 0.24 0.63 0.74
v -26.2762192 6.4236131 1.9500000 0.24 0.63 0.74
v -26.4569080 5.6333401 1.9500000 0.24 0.63 0.74
v -26.6138344 4.8380075 1.9500000 0.24 0.63 0.74
v -26.7468576 4.0383297 1.9500000 0.24 0.63 0.74
v -26.8558581 3.2350248 1.9500000 0.24 0.63 0.74
v -26.9407379 2.4288144 1.9500000 0.24 0.63 0.74
v -27.0014209 1.6204225 1.9500000 0.24 0.63 0.74
v -27.0378525 0.8105753 1.9500000 0.24 0.63 0.74
v -27.0500000 -0.0000000 1.9500000 0.24 0.63 0.74
v -27.0378525 -0.8105753 1.9500000 0.24 0.63 0.74
v -27.0014209 -1.6204225 1.9500000 0.24 0.63 0.74
v -26.9407379 -2.4288144 1.9500000 0.24 0.63 0.74
v -26.8558581 -3.2350248 1.9500000 0.24 0.63 0.74
v -26.7468576 -4.0383297 1.9500000 0.24 0.63 0.74
v -26.6138344 -4.8380075 1.9500000 0.24 0.63 0.74
v -26.4569080 -5.6333401 1.9500000 0.24 0.63 0.74
v -26.2762192 -6.4236131 1.9500000 0.24 0.63 0.74
v -26.0719304 -7.2081167 1.9500000 0.24 0.63 0.74
v -25.8442250 -7.9861463 1.9500000 0.24 0.63 0.74
v -25.5933076 -8.7570031 1.9500000 0.24 0.63 0.74
v -25.3194036 -9.5199949 1.9500000 0.24 0.63 0.74
v -25.0227589 -10.2744362 1.9500000 0.24 0.63 0.74
v -24.7036399 -11.0196495 1.9500000 0.24 0.63 0.74
v -24.3623333 -11.7549655 1.9500000 0.24 0.63 0.74
v -23.9991457 -12.4797238 1.9500000 0.24 0.63 0.74
v -23.6144032 -13.1932734 1.9500000 0.24 0.63 0.74
v -23.2084513 -13.8949734 1.9500000 0.24 0.63 0.74
v -22.7816548 -14.5841937 1.9500000 0.24 0.63 0.74
v -22.3343969 -15.2603151 1.9500000 0.24 0.63 0.74
v -21.8670793 -15.9227304 1.9500000 0.24 0.63 0.74
v -21.3801217 -16.5708447 1.9500000 0.24 0.63 0.74
v -20.8739616 -17.2040759 1.9500000 0.24 0.63 0.74
v -20.3490534 -17.8218552 1.9500000 0.24 0.63 0.74
v -19.8058688 -18.4236278 1.9500000 0.24 0.63 0.74
v -19.2448954 -19.0088532 1.9500000 0.24 0.63 0.74
v -18.6666373 -19.5770057 1.9500000 0.24 0.63 0.74
v -18.0716136 -20.1275751 1.9500000 0.24 0.63 0.74
v -17.4603589 -20.6600669 1.9500000 0.24 0.63 0.74
v -16.8334222 -21.1740029 1.9500000 0.24 0.63 0.74
v -16.1913665 -21.6689213 1.9500000 0.24 0.63 0.74
v -15.5347684 -22.1443778 1.9500000 0.24 0.63 0.74
v -14.8642179 -22.5999453 1.9500000 0.24 0.63 0.74
v -14.1803169 -23.0352146 1.9500000 0.24 0.63 0.74
v -13.4836800 -23.4497948 1.9500000 0.24 0.63 0.74
v -12.7749326 -23.8433135 1.9500000 0.24 0.63 0.74
v -12.0547114 -24.2154173 1.9500000 0.24 0.63 0.74
v -11.3236632 -24.5657720 1.9500000 0.24 0.63 0.74
v -10.5824447 -24.8940628 1.9500000 0.24 0.63 0.74
v -9.8317215 -25.1999951 1.9500000 0.24 0.63 0.74
v -9.0721679 -25.4832939 1.9500000 0.24 0.63 0.74
v -8.3044662 -25.7437049 1.9500000 0.24 0.63 0.74
v -7.5293058 -25.9809941 1.9500000 0.24 0.63 0.74
v -6.7473829 -26.1949484 1.9500000 0.24 0.63 0.74
v -5.9593999 -26.3853757 1.9500000 0.24 0.63 0.74
v -5.1660644 -26.5521050 1.9500000 0.24 0.63 0.74
v -4.3680890 -26.6949864 1.9500000 0.24 0.63 0.74
v -3.5661904 -26.8138917 1.9500000 0.24 0.63 0.74
v -2.7610889 -26.9087140 1.9500000 0.24 0.63 0.74
v -1.9535074 -26.9793682 1.9500000 0.24 0.63 0.74
v -1.1441714 -27.0257909 1.9500000 0.24 0.63 0.74
v -0.3338078 -27.0479403 1.9500000 0.24 0.63 0.74
v 0.4768557 -27.0457965 1.9500000 0.24 0.63 0.74
v 1.2870908 -27.0193615 1.9500000 0.24 0.63 0.74
v 2.0961700 -26.9686591 1.9500000 0.24 0.63 0.74
v 2.9033665 -26.8937346 1.9500000 0.24 0.63 0.74
v 3.7079553 -26.7946556 1.9500000 0.24 0.63 0.74
v 4.5092138 -26.6715109 1.9500000 0.24 0.63 0.74
v 5.3064223 -26.5244111 1.9500000 0.24 0.63 0.74
v 6.0988649 -26.3534883 1.9500000 0.24 0.63 0.74
v 6.8858298 -26.1588962 1.9500000 0.24 0.63 0.74
v 7.6666101 -25.9408093 1.9500000 0.24 0.63 0.74
v 8.4405047 -25.6994237 1.9500000 0.24 0.63 0.74
v 9.2068184 -25.4349562 1.9500000 0.24 0.63 0.74
v 9.9648630 -25.1476441 1.9500000 0.24 0.63 0.74
v 10.7139577 -24.8377457 1.9500000 0.24 0.63 0.74
v 11.4534296 -24.5055392 1.9500000 0.24 0.63 0.74
v 12.1826145 -24.1513230 1.9500000 0.24 0.63 0.74
v 12.9008577 -23.7754153 1.9500000 0.24 0.63 0.74
v 13.6075139 -23.3781536 1.9500000 0.24 0.63 0.74
v 14.3019485 -22.9598948 1.9500000 0.24 0.63 0.74
v 14.9835377 -22.5210146 1.9500000 0.24 0.63 0.74
v 15.6516695 -22.0619070 1.9500000 0.24 0.63 0.74
v 16.3057437 -21.5829845 1.9500000 0.24 0.63 0.74
v 16.9451729 -21.0846773 1.9500000 0.24 0.63 0.74
v 17.5693828 -20.5674327 1.9500000 0.24 0.63 0.74
v 18.1778126 -20.0317156 1.9500000 0.24 0.63 0.74
v 18.7699161 -19.4780068 1.9500000 0.24 0.63 0.74
v 19.3451613 -18.9068039 1.9500000 0.24 0.63 0.74
v 19.9030316 -18.3186198 1.9500000 0.24 0.63 0.74
v 20.4430260 -17.7139829 1.9500000 0.24 0.63 0.74
v 20.9646594 -17.0934360 1.9500000 0.24 0.63 0.74
v 21.4674634 -16.4575367 1.9500000 0.24 0.63 0.74
v 21.9509864 -15.8068560 1.9500000 0.24 0.63 0.74
v 22.4147940 -15.1419783 1.9500000 0.24 0.63 0.74
v 22.8584698 -14.4635009 1.9500000 0.24 0.63 0.74
v 23.2816152 -13.7720330 1.9500000 0.24 0.63 0.74
v 23.6838502 -13.0681958 1.9500000 0.24 0.63 0.74
v 24.0648134 -12.3526214 1.9500000 0.24 0.63 0.74
v 24.4241629 -11.6259524 1.9500000 0.24 0.63 0.74
v 24.7615757 -10.8888415 1.9500000 0.24 0.63 0.74
v 25.0767489 -10.1419508 1.9500000 0.24 0.63 0.74
v 25.3693993 -9.3859511 1.9500000 0.24 0.63 0.74
v 25.6392642 -8.6215214 1.9500000 0.24 0.63 0.74
v 25.8861011 -7.8493483 1.9500000 0.24 0.63 0.74
v 26.1096884 -7.0701253 1.9500000 0.24 0.63 0.74
v 26.3098252 -6.2845522 1.9500000 0.24 0.63 0.74
v 26.4863318 -5.4933346 1.9500000 0.24 0.63 0.74
v 26.6390497 4.6971832 1.9500000 0.24 0.63 0.74
v 26.4863318 5.4933346 1.9500000 0.24 0.63 0.74
v 26.3098252 6.2845522 1.9500000 0.24 0.63 0.74
v 26.1096884 7.0701253 1.9500000 0.24 0.63 0.74
v 25.8861011 7.8493483 1.9500000 0.24 0.63 0.74
v 25.6392642 8.6215214 1.9500000 0.24 0.63 0.74
v 25.3693993 9.3859511 1.9500000 0.24 0.63 0.74
v 25.0767489 10.1419508 1.9500000 0.24 0.63 0.74
v 24.7615757 10.8888415 1.9500000 0.24 0.63 0.74
v 24.4241629 11.6259524 1.9500000 0.24 0.63 0.74
v 24.0648134 12.3526214 1.9500000 0.24 0.63 0.74
v 23.6838502 13.0681958 1.9500000 0.24 0.63 0.74
v 23.2816152 13.7720330 1.9500000 0.24 0.63 0.74
v 22.8584698 14.4635009 1.9500000 0.24 0.63 0.74
v 22.4147940 15.1419783 1.9500000 0.24 0.63 0.74
v 21.9509864 15.8068560 1.9500000 0.24 0.63 0.74
v 21.4674634 16.4575367 1.9500000 0.24 0.63 0.74
v 20.9646594 17.0934360 1.9500000 0.24 0.63 0.74
v 20.4430260 17.7139829 1.9500000 0.24 0.63 0.74
v 19.9030316 18.3186198 1.9500000 0.24 0.63 0.74
v 19.3451613 18.9068039 1.9500000 0.24 0.63 0.74
v 18.7699161 19.4780068 1.9500000 0.24 0.63 0.74
v 18.1778126 20.0317156 1.9500000 0.24 0.63 0.74
v 17.5693828 20.5674327 1.9500000 0.24 0.63 0.74
v 16.9451729 21.0846773 1.9500000 0.24 0.63 0.74
v 16.3057437 21.5829845 1.9500000 0.24 0.63 0.74
v 15.6516695 22.0619070 1.9500000 0.24 0.63 0.74
v 14.9835377 22.5210146 1.9500000 0.24 0.63 0.74
v 14.3019485 22.9598948 1.9500000 0.24 0.63 0.74
v 13.6075139 23.3781536 1.9500000 0.24 0.63 0.74
v 12.9008577 23.7754153 1.9500000 0.24 0.63 0.74
v 12.1826145 24.1513230 1.9500000 0.24 0.63 0.74
v 11.4534296 24.5055392 1.9500000 0.24 0.63 0.74
v 10.7139577 24.8377457 1.9500000 0.24 0.63 0.74
v 9.9648630 25.1476441 1.9500000 0.24 0.63 0.74
v 9.2068184 25.4349562 1.9500000 0.24 0.63 0.74
v 8.4405047 25.6994237 1.9500000 0.24 0.63 0.74
v 7.6666101 25.9408093 1.9500000 0.24 0.63 0.74
v 6.8858298 26.1588962 1.9500000 0.24 0.63 0.74
v 6.0988649 26.3534883 1.9500000 0.24 0.63 0.74
v 5.3064223 26.5244111 1.9500000 0.24 0.63 0.74
v 4.5092138 26.6715109 1.9500000 0.24 0.63 0.74
v 3.7079553 26.7946556 1.9500000 0.24 0.63 0.74
v 2.9033665 26.8937346 1.9500000 0.24 0.63 0.74
v 2.0961700 26.9686591 1.9500000 0.24 0.63 0.74
v 1.2870908 27.0193615 1.9500000 0.24 0.63 0.74
v 0.4768557 27.0457965 1.9500000 0.24 0.63 0.74
v -0.3338078 27.0479403 1.9500000 0.24 0.63 0.74
v -1.1441714 27.0257909 1.9500000 0.24 0.63 0.74
v -1.9535074 26.9793682 1.9500000 0.24 0.63 0.74
v -2.7610889 26.9087140 1.9500000 0.24 0.63 0.74
v -3.5661904 26.8138917 1.9500000 0.24 0.63 0.74
v -4.3680890 26.6949864 1.9500000 0.24 0.63 0.74
v -5.1660644 26.5521050 1.9500000 0.24 0.63 0.74
v -5.9593999 26.3853757 1.9500000 0.24 0.63 0.74
v -6.7473829 26.1949484 1.9500000 0.24 0.63 0.74
v -7.5293058 25.9809941 1.9500000 0.24 0.63 0.74
v -8.3044662 25.7437049 1.9500000 0.24 0.63 0.74
v -9.0721679 25.4832939 1.9500000 0.24 0.63 0.74
v -9.8317215 25.1999951 1.9500000 0.24 0.63 0.74
v -10.5824447 24.8940628 1.9500000 0.24 0.63 0.74
v -11.3236632 24.5657720 1.9500000 0.24 0.63 0.74
v -12.0547114 24.2154173 1.9500000 0.24 0.63 0.74
v -12.7749326 23.8433135 1.9500000 0.24 0.63 0.74
v -13.4836800 23.4497948 1.9500000 0.24 0.63 0.74
v -14.1803169 23.0352146 1.9500000 0.24 0.63 0.74
v -14.8642179 22.5999453 1.9500000 0.24 0.63 0.74
v -15.5347684 22.1443778 1.9500000 0.24 0.63 0.74
v -16.1913665 21.6689213 1.9500000 0.24 0.63 0.74
v -16.8334222 21.1740029 1.9500000 0.24 0.63 0.74
v -17.4603589 20.6600669 1.9500000 0.24 0.63 0.74
v -18.0716136 20.1275751 1.9500000 0.24 0.63 0.74
v -18.6666373 19.5770057 1.9500000 0.24 0.63 0.74
v -19.2448954 19.0088532 1.9500000 0.24 0.63 0.74
v -19.8058688 18.4236278 1.9500000 0.24 0.63 0.74
v -20.3490534 17.8218552 1.9500000 0.24 0.63 0.74
v -20.8739616 17.2040759 1.9500000 0.24 0.63 0.74
v -21.3801217 16.5708447 1.9500000 0.24 0.63 0.74
v -21.8670793 15.9227304 1.9500000 0.24 0.63 0.74
v -22.3343969 15.2603151 1.9500000 0.24 0.63 0.74
v -22.7816548 14.5841937 1.9500000 0.24 0.63 0.74
v -23.2084513 13.8949734 1.9500000 0.24 0.63 0.74
v -23.6144032 13.1932734 1.9500000 0.24 0.63 0.74
v -23.9991457 12.4797238 1.9500000 0.24 0.63 0.74
v -24.3623333 11.7549655 1.9500000 0.24 0.63 0.74
v -24.7036399 11.0196495 1.9500000 0.24 0.63 0.74
v -25.0227589 10.2744362 1.9500000 0.24 0.63 0.74
v -25.3194036 9.5199949 1.9500000 0.24 0.63 0.74
v -25.5933076 8.7570031 1.9500000 0.24 0.63 0.74
v -25.8442250 7.9861463 1.9500000 0.24 0.63 0.74
v -26.0719304 7.2081167 1.9500000 0.24 0.63 0.74
v -26.2762192 6.4236131 1.9500000 0.24 0.63 0.74
v -26.4569080 5.6333401 1.9500000 0.24 0.63 0.74
v -26.6138344 4.8380075 1.9500000 0.24 0.63 0.74
v -26.7468576 4.0383297 1.9500000 0.24 0.63 0.74
v -26.8558581 3.2350248 1.9500000 0.24 0.63 0.74
v -26.9407379 2.4288144 1.9500000 0.24 0.63 0.74
v -27.0014209 1.6204225 1.9500000 0.24 0.63 0.74
v -27.0378525 0.8105753 1.9500000 0.24 0.63 0.74
v -27.0500000 -0.0000000 1.9500000 0.24 0.63 0.74
v -27.0378525 -0.8105753 1.9500000 0.24 0.63 0.74
v -27.0014209 -1.6204225 1.9500000 0.24 0.63 0.74
v -26.9407379 -2.4288144 1.9500000 0.24 0.63 0.74
v -26.8558581 -3.2350248 1.9500000 0.24 0.63 0.74
v -26.7468576 -4.0383297 1.9500000 0.24 0.63 0.74
v -26.6138344 -4.8380075 1.9500000 0.24 0.63 0.74
v -26.4569080 -5.6333401 1.9500000 0.24 0.63 0.74
v -26.2762192 -6.4236131 1.9500000 0.24 0.63 0.74
v -26.0719304 -7.2081167 1.9500000 0.24 0.63 0.74
v -25.8442250 -7.9861463 1.9500000 0.24 0.63 0.74
v -25.5933076 -8.7570031 1.9500000 0.24 0.63 0.74
v -25.3194036 -9.5199949 1.9500000 0.24 0.63 0.74
v -25.0227589 -10.2744362 1.9500000 0.24 0.63 0.74
v -24.7036399 -11.0196495 1.9500000 0.24 0.63 0.74
v -24.3623333 -11.7549655 1.9500000 0.24 0.63 0.74
v -23.9991457 -12.4797238 1.9500000 0.24 0.63 0.74
v -23.6144032 -13.1932734 1.9500000 0.24 0.63 0.74
v -23.2084513 -13.8949734 1.9500000 0.24 0.63 0.74
v -22.7816548 -14.5841937 1.9500000 0.24 0.63 0.74
v -22.3343969 -15.2603151 1.9500000 0.24 0.63 0.74
v -21.8670793 -15.9227304 1.9500000 0.24 0.63 0.74
v -21.3801217 -16.5708447 1.9500000 0.24 0.63 0.74
v -20.8739616 -17.2040759 1.9500000 0.24 0.63 0.74
v -20.3490534 -17.8218552 1.9500000 0.24 0.63 0.74
v -19.8058688 -18.4236278 1.9500000 0.24 0.63 0.74
v -19.2448954 -19.0088532 1.9500000 0.24 0.63 0.74
v -18.6666373 -19.5770057 1.9500000 0.24 0.63 0.74
v -18.0716136 -20.1275751 1.9500000 0.24 0.63 0.74
v -17.4603589 -20.6600669 1.9500000 0.24 0.63 0.74
v -16.8334222 -21.1740029 1.9500000 0.24 0.63 0.74
v -16.1913665 -21.6689213 1.9500000 0.24 0.63 0.74
v -15.5347684 -22.1443778 1.9500000 0.24 0.63 0.74
v -14.8642179 -22.5999453 1.9500000 0.24 0.63 0.74
v -14.1803169 -23.0352146 1.9500000 0.24 0.63 0.74
v -13.4836800 -23.4497948 1.9500000 0.24 0.63 0.74
v -12.7749326 -23.8433135 1.9500000 0.24 0.63 0.74
v -12.0547114 -24.2154173 1.9500000 0.24 0.63 0.74
v -11.3236632 -24.5657720 1.9500000 0.24 0.63 0.74
v -10.5824447 -24.8940628 1.9500000 0.24 0.63 0.74
v -9.8317215 -25.1999951 1.9500000 0.24 0.63 0.74
v -9.0721679 -25.4832939 1.9500000 0.24 0.63 0.74
v -8.3044662 -25.7437049 1.9500000 0.24 0.63 0.74
v -7.5293058 -25.9809941 1.9500000 0.24 0.63 0.74
v -6.7473829 -26.1949484 1.9500000 0.24 0.63 0.74
v -5.9593999 -26.3853757 1.9500000 0.24 0.63 0.74
v -5.1660644 -26.5521050 1.9500000 0.24 0.63 0.74
v -4.3680890 -26.6949864 1.9500000 0.24 0.63 0.74
v -3.5661904 -26.8138917 1.9500000 0.24 0.63 0.74
v -2.7610889 -26.9087140 1.9500000 0.24 0.63 0.74
v -1.9535074 -26.9793682 1.9500000 0.24 0.63 0.74
v -1.1441714 -27.0257909 1.9500000 0.24 0.63 0.74
v -0.3338078 -27.0479403 1.9500000 0.24 0.63 0.74
v 0.4768557 -27.0457965 1.9500000 0.24 0.63 0.74
v 1.2870908 -27.0193615 1.9500000 0.24 0.63 0.74
v 2.0961700 -26.9686591 1.9500000 0.24 0.63 0.74
v 2.9033665 -26.8937346 1.9500000 0.24 0.63 0.74
v 3.7079553 -26.7946556 1.9500000 0.24 0.63 0.74
v 4.5092138 -26.6715109 1.9500000 0.24 0.63 0.74
v 5.3064223 -26.5244111 1.9500000 0.24 0.63 0.74
v 6.0988649 -26.3534883 1.9500000 0.24 0.63 0.74
v 6.8858298 -26.1588962 1.9500000 0.24 0.63 0.74
v 7.6666101 -25.9408093 1.9500000 0.24 0.63 0.74
v 8.4405047 -25.6994237 1.9500000 0.24 0.63 0.74
v 9.2068184 -25.4349562 1.9500000 0.24 0.63 0.74
v 9.9648630 -25.1476441 1.9500000 0.24 0.63 0.74
v 10.7139577 -24.8377457 1.9500000 0.24 0.63 0.74
v 11.4534296 -24.5055392 1.9500000 0.24 0.63 0.74
v 12.1826145 -24.1513230 1.9500000 0.24 0.63 0.74
v 12.9008577 -23.7754153 1.9500000 0.24 0.63 0.74
v 13.6075139 -23.3781536 1.9500000 0.24 0.63 0.74
v 14.3019485 -22.9598948 1.9500000 0.24 0.63 0.74
v 14.9835377 -22.5210146 1.9500000 0.24 0.63 0.74
v 15.6516695 -22.0619070 1.9500000 0.24 0.63 0.74
v 16.3057437 -21.5829845 1.9500000 0.24 0.63 0.74
v 16.9451729 -21.0846773 1.9500000 0.24 0.63 0.74
v 17.5693828 -20.5674327 1.9500000 0.24 0.63 0.74
v 18.1778126 -20.0317156 1.9500000 0.24 0.63 0.74
v 18.7699161 -19.4780068 1.9500000 0.24 0.63 0.74
v 19.3451613 -18.9068039 1.9500000 0.24 0.63 0.74
v 19.9030316 -18.3186198 1.9500000 0.24 0.63 0.74
v 20.4430260 -17.7139829 1.9500000 0.24 0.63 0.74
v 20.9646594 -17.0934360 1.9500000 0.24 0.63 0.74
v 21.4674634 -16.4575367 1.9500000 0.24 0.63 0.74
v 21.9509864 -15.8068560 1.9500000 0.24 0.63 0.74
v 22.4147940 -15.1419783 1.9500000 0.24 0.63 0.74
v 22.8584698 -14.4635009 1.9500000 0.24 0.63 0.74
v 23.2816152 -13.7720330 1.9500000 0.24 0.63 0.74
v 23.6838502 -13.0681958 1.9500000 0.24 0.63 0.74
v 24.0648134 -12.3526214 1.9500000 0.24 0.63 0.74
v 24.4241629 -11.6259524 1.9500000 0.24 0.63 0.74
v 24.7615757 -10.8888415 1.9500000 0.24 0.63 0.74
v 25.0767489 -10.1419508 1.9500000 0.24 0.63 0.74
v 25.3693993 -9.3859511 1.9500000 0.24 0.63 0.74
v 25.6392642 -8.6215214 1.9500000 0.24 0.63 0.74
v 25.8861011 -7.8493483 1.9500000 0.24 0.63 0.74
v 26.1096884 -7.0701253 1.9500000 0.24 0.63 0.74
v 26.3098252 -6.2845522 1.9500000 0.24 0.63 0.74
v 26.4863318 -5.4933346 1.9500000 0.24 0.63 0.74
v 26.6390497 -4.6971832 1.9500000 0.24 0.63 0.74
v 22.6505783 -3.9939081 1.9500000 0.24 0.63 0.74
v 22.6505783 3.9939081 1.9500000 0.24 0.63 0.74
v 22.5207258 4.6708575 1.9500000 0.24 0.63 0.74
v 22.3706462 5.3436118 1.9500000 0.24 0.63 0.74
v 22.2004744 6.0115668 1.9500000 0.24 0.63 0.74
v 22.0103632 6.6741224 1.9500000 0.24 0.63 0.74
v 21.8004834 7.3306837 1.9500000 0.24 0.63 0.74
v 21.5710234 7.9806609 1.9500000 0.24 0.63 0.74
v 21.3221894 8.6234702 1.9500000 0.24 0.63 0.74
v 21.0542048 9.2585344 1.9500000 0.24 0.63 0.74
v 20.7673104 9.8852830 1.9500000 0.24 0.63 0.74
v 20.4617637 10.5031531 1.9500000 0.24 0.63 0.74
v 20.1378393 11.1115898 1.9500000 0.24 0.63 0.74
v 19.7958281 11.7100466 1.9500000 0.24 0.63 0.74
v 19.4360372 12.2979860 1.9500000 0.24 0.63 0.74
v 19.0587898 12.8748799 1.9500000 0.24 0.63 0.74
v 18.6644247 13.4402103 1.9500000 0.24 0.63 0.74
v 18.2532961 13.9934693 1.9500000 0.24 0.63 0.74
v 17.8257733 14.5341600 1.9500000 0.24 0.63 0.74
v 17.3822402 15.0617969 1.9500000 0.24 0.63 0.74
v 16.9230953 15.5759060 1.9500000 0.24 0.63 0.74
v 16.4487508 16.0760255 1.9500000 0.24 0.63 0.74
v 15.9596329 16.5617064 1.9500000 0.24 0.63 0.74
v 15.4561808 17.0325123 1.9500000 0.24 0.63 0.74
v 14.9388467 17.4880204 1.9500000 0.24 0.63 0.74
v 14.4080953 17.9278217 1.9500000 0.24 0.63 0.74
v 13.8644032 18.3515210 1.9500000 0.24 0.63 0.74
v 13.3082587 18.7587379 1.9500000 0.24 0.63 0.74
v 12.7401615 19.1491067 1.9500000 0.24 0.63 0.74
v 12.1606216 19.5222766 1.9500000 0.24 0.63 0.74
v 11.5701597 19.8779125 1.9500000 0.24 0.63 0.74
v 10.9693060 20.2156951 1.9500000 0.24 0.63 0.74
v 10.3586001 20.5353209 1.9500000 0.24 0.63 0.74
v 9.7385907 20.8365028 1.9500000 0.24 0.63 0.74
v 9.1098346 21.1189705 1.9500000 0.24 0.63 0.74
v 8.4728965 21.3824700 1.9500000 0.24 0.63 0.74
v 7.8283484 21.6267649 1.9500000 0.24 0.63 0.74
v 7.1767693 21.8516357 1.9500000 0.24 0.63 0.74
v 6.5187443 22.0568804 1.9500000 0.24 0.63 0.74
v 5.8548645 22.2423147 1.9500000 0.24 0.63 0.74
v 5.1857262 22.4077720 1.9500000 0.24 0.63 0.74
v 4.5119303 22.5531037 1.9500000 0.24 0.63 0.74
v 3.8340820 22.6781793 1.9500000 0.24 0.63 0.74
v 3.1527901 22.7828864 1.9500000 0.24 0.63 0.74
v 2.4686665 22.8671311 1.9500000 0.24 0.63 0.74
v 1.7823257 22.9308376 1.9500000 0.24 0.63 0.74
v 1.0943841 22.9739488 1.9500000 0.24 0.63 0.74
v 0.4054595 22.9964259 1.9500000 0.24 0.63 0.74
v -0.2838292 22.9982487 1.9500000 0.24 0.63 0.74
v -0.9728629 22.9794155 1.9500000 0.24 0.63 0.74
v -1.6610229 22.9399434 1.9500000 0.24 0.63 0.74
v -2.3476911 22.8798677 1.9500000 0.24 0.63 0.74
v -3.0322507 22.7992424 1.9500000 0.24 0.63 0.74
v -3.7140868 22.6981400 1.9500000 0.24 0.63 0.74
v -4.3925871 22.5766512 1.9500000 0.24 0.63 0.74
v -5.0671423 22.4348851 1.9500000 0.24 0.63 0.74
v -5.7371463 22.2729691 1.9500000 0.24 0.63 0.74
v -6.4019975 22.0910486 1.9500000 0.24 0.63 0.74
v -7.0610988 21.8892870 1.9500000 0.24 0.63 0.74
v -7.7138581 21.6678654 1.9500000 0.24 0.63 0.74
v -8.3596893 21.4269829 1.9500000 0.24 0.63 0.74
v -8.9980121 21.1668557 1.9500000 0.24 0.63 0.74
v -9.6282534 20.8877174 1.9500000 0.24 0.63 0.74
v -10.2498470 20.5898188 1.9500000 0.24 0.63 0.74
v -10.8622347 20.2734274 1.9500000 0.24 0.63 0.74
v -11.4648665 19.9388273 1.9500000 0.24 0.63 0.74
v -12.0572011 19.5863192 1.9500000 0.24 0.63 0.74
v -12.6387065 19.2162197 1.9500000 0.24 0.63 0.74
v -13.2088604 18.8288610 1.9500000 0.24 0.63 0.74
v -13.7671508 18.4245912 1.9500000 0.24 0.63 0.74
v -14.3130762 18.0037732 1.9500000 0.24 0.63 0.74
v -14.8461462 17.5667852 1.9500000 0.24 0.63 0.74
v -15.3658822 17.1140195 1.9500000 0.24 0.63 0.74
v -15.8718173 16.6458829 1.9500000 0.24 0.63 0.74
v -16.3634970 16.1627957 1.9500000 0.24 0.63 0.74
v -16.8404799 15.6651919 1.9500000 0.24 0.63 0.74
v -17.3023375 15.1535183 1.9500000 0.24 0.63 0.74
v -17.7486549 14.6282346 1.9500000 0.24 0.63 0.74
v -18.1790314 14.0898125 1.9500000 0.24 0.63 0.74
v -18.5930803 13.5387357 1.9500000 0.24 0.63 0.74
v -18.9904299 12.9754990 1.9500000 0.24 0.63 0.74
v -19.3707231 12.4006083 1.9500000 0.24 0.63 0.74
v -19.7336185 11.8145800 1.9500000 0.24 0.63 0.74
v -20.0787901 11.2179404 1.9500000 0.24 0.63 0.74
v -20.4059279 10.6112254 1.9500000 0.24 0.63 0.74
v -20.7147381 9.9949799 1.9500000 0.24 0.63 0.74
v -21.0049434 9.3697575 1.9500000 0.24 0.63 0.74
v -21.2762829 8.7361195 1.9500000 0.24 0.63 0.74
v -21.5285132 8.0946352 1.9500000 0.24 0.63 0.74
v -21.7614076 7.4458807 1.9500000 0.24 0.63 0.74
v -21.9747570 6.7904386 1.9500000 0.24 0.63 0.74
v -22.1683696 6.1288977 1.9500000 0.24 0.63 0.74
v -22.3420718 5.4618521 1.9500000 0.24 0.63 0.74
v -22.4957073 4.7899010 1.9500000 0.24 0.63 0.74
v -22.6291383 4.1136478 1.9500000 0.24 0.63 0.74
v -22.7422449 3.4336999 1.9500000 0.24 0.63 0.74
v -22.8349256 2.7506680 1.9500000 0.24 0.63 0.74
v -22.9070970 2.0651656 1.9500000 0.24 0.63 0.74
v -22.9586943 1.3778084 1.9500000 0.24 0.63 0.74
v -22.9896713 0.6892137 1.9500000 0.24 0.63 0.74
v -23.0000000 -0.0000000 1.9500000 0.24 0.63 0.74
v -22.9896713 -0.6892137 1.9500000 0.24 0.63 0.74
v -22.9586943 -1.3778084 1.9500000 0.24 0.63 0.74
v -22.9070970 -2.0651656 1.9500000 0.24 0.63 0.74
v -22.8349256 -2.7506680 1.9500000 0.24 0.63 0.74
v -22.7422449 -3.4336999 1.9500000 0.24 0.63 0.74
v -22.6291383 -4.1136478 1.9500000 0.24 0.63 0.74
v -22.4957073 -4.7899010 1.9500000 0.24 0.63 0.74
v -22.3420718 -5.4618521 1.9500000 0.24 0.63 0.74
v -22.1683696 -6.1288977 1.9500000 0.24 0.63 0.74
v -21.9747570 -6.7904386 1.9500000 0.24 0.63 0.74
v -21.7614076 -7.4458807 1.9500000 0.24 0.63 0.74
v -21.5285132 -8.0946352 1.9500000 0.24 0.63 0.74
v -21.2762829 -8.7361195 1.9500000 0.24 0.63 0.74
v -21.0049434 -9.3697575 1.9500000 0.24 0.63 0.74
v -20.7147381 -9.9949799 1.9500000 0.24 0.63 0.74
v -20.4059279 -10.6112254 1.9500000 0.24 0.63 0.74
v -20.0787901 -11.2179404 1.9500000 0.24 0.63 0.74
v -19.7336185 -11.8145800 1.9500000 0.24 0.63 0.74
v -19.3707231 -12.4006083 1.9500000 0.24 0.63 0.74
v -18.9904299 -12.9754990 1.9500000 0.24 0.63 0.74
v -18.5930803 -13.5387357 1.9500000 0.24 0.63 0.74
v -18.1790314 -14.0898125 1.9500000 0.24 0.63 0.74
v -17.7486549 -14.6282346 1.9500000 0.24 0.63 0.74
v -17.3023375 -15.1535183 1.9500000 0.24 0.63 0.74
v -16.8404799 -15.6651919 1.9500000 0.24 0.63 0.74
v -16.3634970 -16.1627957 1.9500000 0.24 0.63 0.74
v -15.8718173 -16.6458829 1.9500000 0.24 0.63 0.74
v -15.3658822 -17.1140195 1.9500000 0.24 0.63 0.74
v -14.8461462 -17.5667852 1.9500000 0.24 0.63 0.74
v -14.3130762 -18.0037732 1.9500000 0.24 0.63 0.74
v -13.7671508 -18.4245912 1.9500000 0.24 0.63 0.74
v -13.2088604 -18.8288610 1.9500000 0.24 0.63 0.74
v -12.6387065 -19.2162197 1.9500000 0.24 0.63 0.74
v -12.0572011 -19.5863192 1.9500000 0.24 0.63 0.74
v -11.4648665 -19.9388273 1.9500000 0.24 0.63 0.74
v -10.8622347 -20.2734274 1.9500000 0.24 0.63 0.74
v -10.2498470 -20.5898188 1.9500000 0.24 0.63 0.74
v -9.6282534 -20.8877174 1.9500000 0.24 0.63 0.74
v -8.9980121 -21.1668557 1.9500000 0.24 0.63 0.74
v -8.3596893 -21.4269829 1.9500000 0.24 0.63 0.74
v -7.7138581 -21.6678654 1.9500000 0.24 0.63 0.74
v -7.0610988 -21.8892870 1.9500000 0.24 0.63 0.74
v -6.4019975 -22.0910486 1.9500000 0.24 0.63 0.74
v -5.7371463 -22.2729691 1.9500000 0.24 0.63 0.74
v -5.0671423 -22.4348851 1.9500000 0.24 0.63 0.74
v -4.3925871 -22.5766512 1.9500000 0.24 0.63 0.74
v -3.7140868 -22.6981400 1.9500000 0.24 0.63 0.74
v -3.0322507 -22.7992424 1.9500000 0.24 0.63 0.74
v -2.3476911 -22.8798677 1.9500000 0.24 0.63 0.74
v -1.6610229 -22.9399434 1.9500000 0.24 0.63 0.74
v -0.9728629 -22.9794155 1.9500000 0.24 0.63 0.74
v -0.2838292 -22.9982487 1.9500000 0.24 0.63 0.74
v 0.4054595 -22.9964259 1.9500000 0.24 0.63 0.74
v 1.0943841 -22.9739488 1.9500000 0.24 0.63 0.74
v 1.7823257 -22.9308376 1.9500000 0.24 0.63 0.74
v 2.4686665 -22.8671311 1.9500000 0.24 0.63 0.74
v 3.1527901 -22.7828864 1.9500000 0.24 0.63 0.74
v 3.8340820 -22.6781793 1.9500000 0.24 0.63 0.74
v 4.5119303 -22.5531037 1.9500000 0.24 0.63 0.74
v 5.1857262 -22.4077720 1.9500000 0.24 0.63 0.74
v 5.8548645 -22.2423147 1.9500000 0.24 0.63 0.74
v 6.5187443 -22.0568804 1.9500000 0.24 0.63 0.74
v 7.1767693 -21.8516357 1.9500000 0.24 0.63 0.74
v 7.8283484 -21.6267649 1.9500000 0.24 0.63 0.74
v 8.4728965 -21.3824700 1.9500000 0.24 0.63 0.74
v 9.1098346 -21.1189705 1.9500000 0.24 0.63 0.74
v 9.7385907 -20.8365028 1.9500000 0.24 0.63 0.74
v 10.3586001 -20.5353209 1.9500000 0.24 0.63 0.74
v 10.9693060 -20.2156951 1.9500000 0.24 0.63 0.74
v 11.5701597 -19.8779125 1.9500000 0.24 0.63 0.74
v 12.1606216 -19.5222766 1.9500000 0.24 0.63 0.74
v 12.7401615 -19.1491067 1.9500000 0.24 0.63 0.74
v 13.3082587 -18.7587379 1.9500000 0.24 0.63 0.74
v 13.8644032 -18.3515210 1.9500000 0.24 0.63 0.74
v 14.4080953 -17.9278217 1.9500000 0.24 0.63 0.74
v 14.9388467 -17.4880204 1.9500000 0.24 0.63 0.74
v 15.4561808 -17.0325123 1.9500000 0.24 0.63 0.74
v 15.9596329 -16.5617064 1.9500000 0.24 0.63 0.74
v 16.4487508 -16.0760255 1.9500000 0.24 0.63 0.74
v 16.9230953 -15.5759060 1.9500000 0.24 0.63 0.74
v 17.3822402 -15.0617969 1.9500000 0.24 0.63 0.74
v 17.8257733 -14.5341600 1.9500000 0.24 0.63 0.74
v 18.2532961 -13.9934693 1.9500000 0.24 0.63 0.74
v 18.6644247 -13.4402103 1.9500000 0.24 0.63 0.74
v 19.0587898 -12.8748799 1.9500000 0.24 0.63 0.74
v 19.4360372 -12.2979860 1.9500000 0.24 0.63 0.74
v 19.7958281 -11.7100466 1.9500000 0.24 0.63 0.74
v 20.1378393 -11.1115898 1.9500000 0.24 0.63 0.74
v 20.4617637 -10.5031531 1.9500000 0.24 0.63 0.74
v 20.7673104 -9.8852830 1.9500000 0.24 0.63 0.74
v 21.0542048 -9.2585344 1.9500000 0.24 0.63 0.74
v 21.3221894 -8.6234702 1.9500000 0.24 0.63 0.74
v 21.5710234 -7.9806609 1.9500000 0.24 0.63 0.74
v 21.8004834 -7.3306837 1.9500000 0.24 0.63 0.74
v 22.0103632 -6.6741224 1.9500000 0.24 0.63 0.74
v 22.2004744 -6.0115668 1.9500000 0.24 0.63 0.74
v 22.3706462 -5.3436118 1.9500000 0.24 0.63 0.74
v 22.5207258 -4.6708575 1.9500000 0.24 0.63 0.74
v 22.6505783 3.9939081 1.9500000 0.24 0.63 0.74
v 22.5207258 4.6708575 1.9500000 0.24 0.63 0.74
v 22.3706462 5.3436118 1.9500000 0.24 0.63 0.74
v 22.2004744 6.0115668 1.9500000 0.24 0.63 0.74
v 22.0103632 6.6741224 1.9500000 0.24 0.63 0.74
v 21.8004834 7.3306837 1.9500000 0.24 0.63 0.74
v 21.5710234 7.9806609 1.9500000 0.24 0.63 0.74
v 21.3221894 8.6234702 1.9500000 0.24 0.63 0.74
v 21.0542048 9.2585344 1.9500000 0.24 0.63 0.74
v 20.7673104 9.8852830 1.9500000 0.24 0.63 0.74
v 20.4617637 10.5031531 1.9500000 0.24 0.63 0.74
v 20.1378393 11.1115898 1.9500000 0.24 0.63 0.74
v 19.7958281 11.7100466 1.9500000 0.24 0.63 0.74
v 19.4360372 12.2979860 1.9500000 0.24 0.63 0.74
v 19.0587898 12.8748799 1.9500000 0.24 0.63 0.74
v 18.6644247 13.4402103 1.9500000 0.24 0.63 0.74
v 18.2532961 13.9934693 1.9500000 0.24 0.63 0.74
v 17.8257733 14.5341600 1.9500000 0.24 0.63 0.74
v 17.3822402 15.0617969 1.9500000 0.24 0.63 0.74
v 16.9230953 15.5759060 1.9500000 0.24 0.63 0.74
v 16.4487508 16.0760255 1.9500000 0.24 0.63 0.74
v 15.9596329 16.5617064 1.9500000 0.24 0.63 0.74
v 15.4561808 17.0325123 1.9500000 0.24 0.63 0.74
v 14.9388467 17.4880204 1.9500000 0.24 0.63 0.74
v 14.4080953 17.9278217 1.9500000 0.24 0.63 0.74
v 13.8644032 18.3515210 1.9500000 0.24 0.63 0.74
v 13.3082587 18.7587379 1.9500000 0.24 0.63 0.74
v 12.7401615 19.1491067 1.9500000 0.24 0.63 0.74
v 12.1606216 19.5222766 1.9500000 0.24 0.63 0.74
v 11.5701597 19.8779125 1.9500000 0.24 0.63 0.74
v 10.9693060 20.2156951 1.9500000 0.24 0.63 0.74
v 10.3586001 20.5353209 1.9500000 0.24 0.63 0.74
v 9.7385907 20.8365028 1.9500000 0.24 0.63 0.74
v 9.1098346 21.1189705 1.9500000 0.24 0.63 0.74
v 8.4728965 21.3824700 1.9500000 0.24 0.63 0.74
v 7.8283484 21.6267649 1.9500000 0.24 0.63 0.74
v 7.1767693 21.8516357 1.9500000 0.24 0.63 0.74
v 6.5187443 22.0568804 1.9500000 0.24 0.63 0.74
v 5.8548645 22.2423147 1.9500000 0.24 0.63 0.74
v 5.1857262 22.4077720 1.9500000 0.24 0.63 0.74
v 4.5119303 22.5531037 1.9500000 0.24 0.63 0.74
v 3.8340820 22.6781793 1.9500000 0.24 0.63 0.74
v 3.1527901 22.7828864 1.9500000 0.24 0.63 0.74
v 2.4686665 22.8671311 1.9500000 0.24 0.63 0.74
v 1.7823257 22.9308376 1.9500000 0.24 0.63 0.74
v 1.0943841 22.9739488 1.9500000 0.24 0.63 0.74
v 0.4054595 22.9964259 1.9500000 0.24 0.63 0.74
v -0.2838292 22.9982487 1.9500000 0.24 0.63 0.74
v -0.9728629 22.9794155 1.9500000 0.24 0.63 0.74
v -1.6610229 22.9399434 1.9500000 0.24 0.63 0.74
v -2.3476911 22.8798677 1.9500000 0.24 0.63 0.74
v -3.0322507 22.7992424 1.9500000 0.24 0.63 0.74
v -3.7140868 22.6981400 1.9500000 0.24 0.63 0.74
v -4.3925871 22.5766512 1.9500000 0.24 0.63 0.74
v -5.0671423 22.4348851 1.9500000 0.24 0.63 0.74
v -5.7371463 22.2729691 1.9500000 0.24 0.63 0.74
v -6.4019975 22.0910486 1.9500000 0.24 0.63 0.74
v -7.0610988 21.8892870 1.9500000 0.24 0.63 0.74
v -7.7138581 21.6678654 1.9500000 0.24 0.63 0.74
v -8.3596893 21.4269829 1.9500000 0.24 0.63 0.74
v -8.9980121 21.1668557 1.9500000 0.24 0.63 0.74
v -9.6282534 20.8877174 1.9500000 0.24 0.63 0.74
v -10.2498470 20.5898188 1.9500000 0.24 0.63 0.74
v -10.8622347 20.2734274 1.9500000 0.24 0.63 0.74
v -11.4648665 19.9388273 1.9500000 0.24 0.63 0.74
v -12.0572011 19.5863192 1.9500000 0.24 0.63 0.74
v -12.6387065 19.2162197 1.9500000 0.24 0.63 0.74
v -13.2088604 18.8288610 1.9500000 0.24 0.63 0.74
v -13.7671508 18.4245912 1.9500000 0.24 0.63 0.74
v -14.3130762 18.0037732 1.9500000 0.24 0.63 0.74
v -14.8461462 17.5667852 1.9500000 0.24 0.63 0.74
v -15.3658822 17.1140195 1.9500000 0.24 0.63 0.74
v -15.8718173 16.6458829 1.9500000 0.24 0.63 0.74
v -16.3634970 16.1627957 1.9500000 0.24 0.63 0.74
v -16.8404799 15.6651919 1.9500000 0.24 0.63 0.74
v -17.3023375 15.1535183 1.9500000 0.24 0.63 0.74
v -17.7486549 14.6282346 1.9500000 0.24 0.63 0.74
v -18.1790314 14.0898125 1.9500000 0.24 0.63 0.74
v -18.5930803 13.5387357 1.9500000 0.24 0.63 0.74
v -18.9904299 12.9754990 1.9500000 0.24 0.63 0.74
v -19.3707231 12.4006083 1.9500000 0.24 0.63 0.74
v -19.7336185 11.8145800 1.9500000 0.24 0.63 0.74
v -20.0787901 11.2179404 1.9500000 0.24 0.63 0.74
v -20.4059279 10.6112254 1.9500000 0.24 0.63 0.74
v -20.7147381 9.9949799 1.9500000 0.24 0.63 0.74
v -21.0049434 9.3697575 1.9500000 0.24 0.63 0.74
v -21.2762829 8.7361195 1.9500000 0.24 0.63 0.74
v -21.5285132 8.0946352 1.9500000 0.24 0.63 0.74
v -21.7614076 7.4458807 1.9500000 0.24 0.63 0.74
v -21.9747570 6.7904386 1.9500000 0.24 0.63 0.74
v -22.1683696 6.1288977 1.9500000 0.24 0.63 0.74
v -22.3420718 5.4618521 1.9500000 0.24 0.63 0.74
v -22.4957073 4.7899010 1.9500000 0.24 0.63 0.74
v -22.6291383 4.1136478 1.9500000 0.24 0.63 0.74
v -22.7422449 3.4336999 1.9500000 0.24 0.63 0.74
v -22.8349256 2.7506680 1.9500000 0.24 0.63 0.74
v -22.9070970 2.0651656 1.9500000 0.24 0.63 0.74
v -22.9586943 1.3778084 1.9500000 0.24 0.63 0.74
v -22.9896713 0.6892137 1.9500000 0.24 0.63 0.74
v -23.0000000 -0.0000000 1.9500000 0.24 0.63 0.74
v -22.9896713 -0.6892137 1.9500000 0.24 0.63 0.74
v -22.9586943 -1.3778084 1.9500000 0.24 0.63 0.74
v -22.9070970 -2.0651656 1.9500000 0.24 0.63 0.74
v -22.8349256 -2.7506680 1.9500000 0.24 0.63 0.74
v -22.7422449 -3.4336999 1.9500000 0.24 0.63 0.74
v -22.6291383 -4.1136478 1.9500000 0.24 0.63 0.74
v -22.4957073 -4.7899010 1.9500000 0.24 0.63 0.74
v -22.3420718 -5.4618521 1.9500000 0.24 0.63 0.74
v -22.1683696 -6.1288977 1.9500000 0.24 0.63 0.74
v -21.9747570 -6.7904386 1.9500000 0.24 0.63 0.74
v -21.7614076 -7.4458807 1.9500000 0.24 0.63 0.74
v -21.5285132 -8.0946352 1.9500000 0.24 0.63 0.74
v -21.2762829 -8.7361195 1.9500000 0.24 0.63 0.74
v -21.0049434 -9.3697575 1.9500000 0.24 0.63 0.74
v -20.7147381 -9.9949799 1.9500000 0.24 0.63 0.74
v -20.4059279 -10.6112254 1.9500000 0.24 0.63 0.74
v -20.0787901 -11.2179404 1.9500000 0.24 0.63 0.74
v -19.7336185 -11.8145800 1.9500000 0.24 0.63 0.74
v -19.3707231 -12.4006083 1.9500000 0.24 0.63 0.74
v -18.9904299 -12.9754990 1.9500000 0.24 0.63 0.74
v -18.5930803 -13.5387357 1.9500000 0.24 0.63 0.74
v -18.1790314 -14.0898125 1.9500000 0.24 0.63 0.74
v -17.7486549 -14.6282346 1.9500000 0.24 0.63 0.74
v -17.3023375 -15.1535183 1.9500000 0.24 0.63 0.74
v -16.8404799 -15.6651919 1.9500000 0.24 0.63 0.74
v -16.3634970 -16.1627957 1.9500000 0.24 0.63 0.74
v -15.8718173 -16.6458829 1.9500000 0.24 0.63 0.74
v -15.3658822 -17.1140195 1.9500000 0.24 0.63 0.74
v -14.8461462 -17.5667852 1.9500000 0.24 0.63 0.74
v -14.3130762 -18.0037732 1.9500000 0.24 0.63 0.74
v -13.7671508 -18.4245912 1.9500000 0.24 0.63 0.74
v -13.2088604 -18.8288610 1.9500000 0.24 0.63 0.74
v -12.6387065 -19.2162197 1.9500000 0.24 0.63 0.74
v -12.0572011 -19.5863192 1.9500000 0.24 0.63 0.74
v -11.4648665 -19.9388273 1.9500000 0.24 0.63 0.74
v -10.8622347 -20.2734274 1.9500000 0.24 0.63 0.74
v -10.2498470 -20.5898188 1.9500000 0.24 0.63 0.74
v -9.6282534 -20.8877174 1.9500000 0.24 0.63 0.74
v -8.9980121 -21.1668557 1.9500000 0.24 0.63 0.74
v -8.3596893 -21.4269829 1.9500000 0.24 0.63 0.74
v -7.7138581 -21.6678654 1.9500000 0.24 0.63 0.74
v -7.0610988 -21.8892870 1.9500000 0.24 0.63 0.74
v -6.4019975 -22.0910486 1.9500000 0.24 0.63 0.74
v -5.7371463 -22.2729691 1.9500000 0.24 0.63 0.74
v -5.0671423 -22.4348851 1.9500000 0.24 0.63 0.74
v -4.3925871 -22.5766512 1.9500000 0.24 0.63 0.74
v -3.7140868 -22.6981400 1.9500000 0.24 0.63 0.74
v -3.0322507 -22.7992424 1.9500000 0.24 0.63 0.74
v -2.3476911 -22.8798677 1.9500000 0.24 0.63 0.74
v -1.6610229 -22.9399434 1.9500000 0.24 0.63 0.74
v -0.9728629 -22.9794155 1.9500000 0.24 0.63 0.74
v -0.2838292 -22.9982487 1.9500000 0.24 0.63 0.74
v 0.4054595 -22.9964259 1.9500000 0.24 0.63 0.74
v 1.0943841 -22.9739488 1.9500000 0.24 0.63 0.74
v 1.7823257 -22.9308376 1.9500000 0.24 0.63 0.74
v 2.4686665 -22.8671311 1.9500000 0.24 0.63 0.74
v 3.1527901 -22.7828864 1.9500000 0.24 0.63 0.74
v 3.8340820 -22.6781793 1.9500000 0.24 0.63 0.74
v 4.5119303 -22.5531037 1.9500000 0.24 0.63 0.74
v 5.1857262 -22.4077720 1.9500000 0.24 0.63 0.74
v 5.8548645 -22.2423147 1.9500000 0.24 0.63 0.74
v 6.5187443 -22.0568804 1.9500000 0.24 0.63 0.74
v 7.1767693 -21.8516357 1.9500000 0.24 0.63 0.74
v 7.8283484 -21.6267649 1.9500000 0.24 0.63 0.74
v 8.4728965 -21.3824700 1.9500000 0.24 0.63 0.74
v 9.1098346 -21.1189705 1.9500000 0.24 0.63 0.74
v 9.7385907 -20.8365028 1.9500000 0.24 0.63 0.74
v 10.3586001 -20.5353209 1.9500000 0.24 0.63 0.74
v 10.9693060 -20.2156951 1.9500000 0.24 0.63 0.74
v 11.5701597 -19.8779125 1.9500000 0.24 0.63 0.74
v 12.1606216 -19.5222766 1.9500000 0.24 0.63 0.74
v 12.7401615 -19.1491067 1.9500000 0.24 0.63 0.74
v 13.3082587 -18.7587379 1.9500000 0.24 0.63 0.74
v 13.8644032 -18.3515210 1.9500000 0.24 0.63 0.74
v 14.4080953 -17.9278217 1.9500000 0.24 0.63 0.74
v 14.9388467 -17.4880204 1.9500000 0.24 0.63 0.74
v 15.4561808 -17.0325123 1.9500000 0.24 0.63 0.74
v 15.9596329 -16.5617064 1.9500000 0.24 0.63 0.74
v 16.4487508 -16.0760255 1.9500000 0.24 0.63 0.74
v 16.9230953 -15.5759060 1.9500000 0.24 0.63 0.74
v 17.3822402 -15.0617969 1.9500000 0.24 0.63 0.74
v 17.8257733 -14.5341600 1.9500000 0.24 0.63 0.74
v 18.2532961 -13.9934693 1.9500000 0.24 0.63 0.74
v 18.6644247 -13.4402103 1.9500000 0.24 0.63 0.74
v 19.0587898 -12.8748799 1.9500000 0.24 0.63 0.74
v 19.4360372 -12.2979860 1.9500000 0.24 0.63 0.74
v 19.7958281 -11.7100466 1.9500000 0.24 0.63 0.74
v 20.1378393 -11.1115898 1.9500000 0.24 0.63 0.74
v 20.4617637 -10.5031531 1.9500000 0.24 0.63 0.74
v 20.7673104 -9.8852830 1.9500000 0.24 0.63 0.74
v 21.0542048 -9.2585344 1.9500000 0.24 0.63 0.74
v 21.3221894 -8.6234702 1.9500000 0.24 0.63 0.74
v 21.5710234 -7.9806609 1.9500000 0.24 0.63 0.74
v 21.8004834 -7.3306837 1.9500000 0.24 0.63 0.74
v 22.0103632 -6.6741224 1.9500000 0.24 0.63 0.74
v 22.2004744 -6.0115668 1.9500000 0.24 0.63 0.74
v 22.3706462 -5.3436118 1.9500000 0.24 0.63 0.74
v 22.5207258 -4.6708575 1.9500000 0.24 0.63 0.74
v 22.6505783 -3.9939081 1.9500000 0.24 0.63 0.74
v 22.6505783 -3.9939081 0.8500000 0.24 0.63 0.74
v 22.6505783 3.9939081 0.8500000 0.24 0.63 0.74
v 22.5207258 4.6708575 0.8500000 0.24 0.63 0.74
v 22.3706462 5.3436118 0.8500000 0.24 0.63 0.74
v 22.2004744 6.0115668 0.8500000 0.24 0.63 0.74
v 22.0103632 6.6741224 0.8500000 0.24 0.63 0.74
v 21.8004834 7.3306837 0.8500000 0.24 0.63 0.74
v 21.5710234 7.9806609 0.8500000 0.24 0.63 0.74
v 21.3221894 8.6234702 0.8500000 0.24 0.63 0.74
v 21.0542048 9.2585344 0.8500000 0.24 0.63 0.74
v 20.7673104 9.8852830 0.8500000 0.24 0.63 0.74
v 20.4617637 10.5031531 0.8500000 0.24 0.63 0.74
v 20.1378393 11.1115898 0.8500000 0.24 0.63 0.74
v 19.7958281 11.7100466 0.8500000 0.24 0.63 0.74
v 19.4360372 12.2979860 0.8500000 0.24 0.63 0.74
v 19.0587898 12.8748799 0.8500000 0.24 0.63 0.74
v 18.6644247 13.4402103 0.8500000 0.24 0.63 0.74
v 18.2532961 13.9934693 0.8500000 0.24 0.63 0.74
v 17.8257733 14.5341600 0.8500000 0.24 0.63 0.74
v 17.3822402 15.0617969 0.8500000 0.24 0.63 0.74
v 16.9230953 15.5759060 0.8500000 0.24 0.63 0.74
v 16.4487508 16.0760255 0.8500000 0.24 0.63 0.74
v 15.9596329 16.5617064 0.8500000 0.24 0.63 0.74
v 15.4561808 17.0325123 0.8500000 0.24 0.63 0.74
v 14.9388467 17.4880204 0.8500000 0.24 0.63 0.74
v 14.4080953 17.9278217 0.8500000 0.24 0.63 0.74
v 13.8644032 18.3515210 0.8500000 0.24 0.63 0.74
v 13.3082587 18.7587379 0.8500000 0.24 0.63 0.74
v 12.7401615 19.1491067 0.8500000 0.24 0.63 0.74
v 12.1606216 19.5222766 0.8500000 0.24 0.63 0.74
v 11.5701597 19.8779125 0.8500000 0.24 0.63 0.74
v 10.9693060 20.2156951 0.8500000 0.24 0.63 0.74
v 10.3586001 20.5353209 0.8500000 0.24 0.63 0.74
v 9.7385907 20.8365028 0.8500000 0.24 0.63 0.74
v 9.1098346 21.1189705 0.8500000 0.24 0.63 0.74
v 8.4728965 21.3824700 0.8500000 0.24 0.63 0.74
v 7.8283484 21.6267649 0.8500000 0.24 0.63 0.74
v 7.1767693 21.8516357 0.8500000 0.24 0.63 0.74
v 6.5187443 22.0568804 0.8500000 0.24 0.63 0.74
v 5.8548645 22.2423147 0.8500000 0.24 0.63 0.74
v 5.1857262 22.4077720 0.8500000 0.24 0.63 0.74
v 4.5119303 22.5531037 0.8500000 0.24 0.63 0.74
v 3.8340820 22.6781793 0.8500000 0.24 0.63 0.74
v 3.1527901 22.7828864 0.8500000 0.24 0.63 0.74
v 2.4686665 22.8671311 0.8500000 0.24 0.63 0.74
v 1.7823257 22.9308376 0.8500000 0.24 0.63 0.74
v 1.0943841 22.9739488 0.8500000 0.24 0.63 0.74
v 0.4054595 22.9964259 0.8500000 0.24 0.63 0.74
v -0.2838292 22.9982487 0.8500000 0.24 0.63 0.74
v -0.9728629 22.9794155 0.8500000 0.24 0.63 0.74
v -1.6610229 22.9399434 0.8500000 0.24 0.63 0.74
v -2.3476911 22.8798677 0.8500000 0.24 0.63 0.74
v -3.0322507 22.7992424 0.8500000 0.24 0.63 0.74
v -3.7140868 22.6981400 0.8500000 0.24 0.63 0.74
v -4.3925871 22.5766512 0.8500000 0.24 0.63 0.74
v -5.0671423 22.4348851 0.8500000 0.24 0.63 0.74
v -5.7371463 22.2729691 0.8500000 0.24 0.63 0.74
v -6.4019975 22.0910486 0.8500000 0.24 0.63 0.74
v -7.0610988 21.8892870 0.8500000 0.24 0.63 0.74
v -7.7138581 21.6678654 0.8500000 0.24 0.63 0.74
v -8.3596893 21.4269829 0.8500000 0.24 0.63 0.74
v -8.9980121 21.1668557 0.8500000 0.24 0.63 0.74
v -9.6282534 20.8877174 0.8500000 0.24 0.63 0.74
v -10.2498470 20.5898188 0.8500000 0.24 0.63 0.74
v -10.8622347 20.2734274 0.8500000 0.24 0.63 0.74
v -11.4648665 19.9388273 0.8500000 0.24 0.63 0.74
v -12.0572011 19.5863192 0.8500000 0.24 0.63 0.74
v -12.6387065 19.2162197 0.8500000 0.24 0.63 0.74
v -13.2088604 18.8288610 0.8500000 0.24 0.63 0.74
v -13.7671508 18.4245912 0.8500000 0.24 0.63 0.74
v -14.3130762 18.0037732 0.8500000 0.24 0.63 0.74
v -14.8461462 17.5667852 0.8500000 0.24 0.63 0.74
v -15.3658822 17.1140195 0.8500000 0.24 0.63 0.74
v -15.8718173 16.6458829 0.8500000 0.24 0.63 0.74
v -16.3634970 16.1627957 0.8500000 0.24 0.63 0.74
v -16.8404799 15.6651919 0.8500000 0.24 0.63 0.74
v -17.3023375 15.1535183 0.8500000 0.24 0.63 0.74
v -17.7486549 14.6282346 0.8500000 0.24 0.63 0.74
v -18.1790314 14.0898125 0.8500000 0.24 0.63 0.74
v -18.5930803 13.5387357 0.8500000 0.24 0.63 0.74
v -18.9904299 12.9754990 0.8500000 0.24 0.63 0.74
v -19.3707231 12.4006083 0.8500000 0.24 0.63 0.74
v -19.7336185 11.8145800 0.8500000 0.24 0.63 0.74
v -20.0787901 11.2179404 0.8500000 0.24 0.63 0.74
v -20.4059279 10.6112254 0.8500000 0.24 0.63 0.74
v -20.7147381 9.9949799 0.8500000 0.24 0.63 0.74
v -21.0049434 9.3697575 0.8500000 0.24 0.63 0.74
v -21.2762829 8.7361195 0.8500000 0.24 0.63 0.74
v -21.5285132 8.0946352 0.8500000 0.24 0.63 0.74
v -21.7614076 7.4458807 0.8500000 0.24 0.63 0.74
v -21.9747570 6.7904386 0.8500000 0.24 0.63 0.74
v -22.1683696 6.1288977 0.8500000 0.24 0.63 0.74
v -22.3420718 5.4618521 0.8500000 0.24 0.63 0.74
v -22.4957073 4.7899010 0.8500000 0.24 0.63 0.74
v -22.6291383 4.1136478 0.8500000 0.24 0.63 0.74
v -22.7422449 3.4336999 0.8500000 0.24 0.63 0.74
v -22.8349256 2.7506680 0.8500000 0.24 0.63 0.74
v -22.9070970 2.0651656 0.8500000 0.24 0.63 0.74
v -22.9586943 1.3778084 0.8500000 0.24 0.63 0.74
v -22.9896713 0.6892137 0.8500000 0.24 0.63 0.74
v -23.0000000 -0.0000000 0.8500000 0.24 0.63 0.74
v -22.9896713 -0.6892137 0.8500000 0.24 0.63 0.74
v -22.9586943 -1.3778084 0.8500000 0.24 0.63 0.74
v -22.9070970 -2.0651656 0.8500000 0.24 0.63 0.74
v -22.8349256 -2.7506680 0.8500000 0.24 0.63 0.74
v -22.7422449 -3.4336999 0.8500000 0.24 0.63 0.74
v -22.6291383 -4.1136478 0.8500000 0.24 0.63 0.74
v -22.4957073 -4.7899010 0.8500000 0.24 0.63 0.74
v -22.3420718 -5.4618521 0.8500000 0.24 0.63 0.74
v -22.1683696 -6.1288977 0.8500000 0.24 0.63 0.74
v -21.9747570 -6.7904386 0.8500000 0.24 0.63 0.74
v -21.7614076 -7.4458807 0.8500000 0.24 0.63 0.74
v -21.5285132 -8.0946352 0.8500000 0.24 0.63 0.74
v -21.2762829 -8.7361195 0.8500000 0.24 0.63 0.74
v -21.0049434 -9.3697575 0.8500000 0.24 0.63 0.74
v -20.7147381 -9.9949799 0.8500000 0.24 0.63 0.74
v -20.4059279 -10.6112254 0.8500000 0.24 0.63 0.74
v -20.0787901 -11.2179404 0.8500000 0.24 0.63 0.74
v -19.7336185 -11.8145800 0.8500000 0.24 0.63 0.74
v -19.3707231 -12.4006083 0.8500000 0.24 0.63 0.74
v -18.9904299 -12.9754990 0.8500000 0.24 0.63 0.74
v -18.5930803 -13.5387357 0.8500000 0.24 0.63 0.74
v -18.1790314 -14.0898125 0.8500000 0.24 0.63 0.74
v -17.7486549 -14.6282346 0.8500000 0.24 0.63 0.74
v -17.3023375 -15.1535183 0.8500000 0.24 0.63 0.74
v -16.8404799 -15.6651919 0.8500000 0.24 0.63 0.74
v -16.3634970 -16.1627957 0.8500000 0.24 0.63 0.74
v -15.8718173 -16.6458829 0.8500000 0.24 0.63 0.74
v -15.3658822 -17.1140195 0.8500000 0.24 0.63 0.74
v -14.8461462 -17.5667852 0.8500000 0.24 0.63 0.74
v -14.3130762 -18.0037732 0.8500000 0.24 0.63 0.74
v -13.7671508 -18.4245912 0.8500000 0.24 0.63 0.74
v -13.2088604 -18.8288610 0.8500000 0.24 0.63 0.74
v -12.6387065 -19.2162197 0.8500000 0.24 0.63 0.74
v -12.0572011 -19.5863192 0.8500000 0.24 0.63 0.74
v -11.4648665 -19.9388273 0.8500000 0.24 0.63 0.74
v -10.8622347 -20.2734274 0.8500000 0.24 0.63 0.74
v -10.2498470 -20.5898188 0.8500000 0.24 0.63 0.74
v -9.6282534 -20.8877174 0.8500000 0.24 0.63 0.74
v -8.9980121 -21.1668557 0.8500000 0.24 0.63 0.74
v -8.3596893 -21.4269829 0.8500000 0.24 0.63 0.74
v -7.7138581 -21.6678654 0.8500000 0.24 0.63 0.74
v -7.0610988 -21.8892870 0.8500000 0.24 0.63 0.74
v -6.4019975 -22.0910486 0.8500000 0.24 0.63 0.74
v -5.7371463 -22.2729691 0.8500000 0.24 0.63 0.74
v -5.0671423 -22.4348851 0.8500000 0.24 0.63 0.74
v -4.3925871 -22.5766512 0.8500000 0.24 0.63 0.74
v -3.7140868 -22.6981400 0.8500000 0.24 0.63 0.74
v -3.0322507 -22.7992424 0.8500000 0.24 0.63 0.74
v -2.3476911 -22.8798677 0.8500000 0.24 0.63 0.74
v -1.6610229 -22.9399434 0.8500000 0.24 0.63 0.74
v -0.9728629 -22.9794155 0.8500000 0.24 0.63 0.74
v -0.2838292 -22.9982487 0.8500000 0.24 0.63 0.74
v 0.4054595 -22.9964259 0.8500000 0.24 0.63 0.74
v 1.0943841 -22.9739488 0.8500000 0.24 0.63 0.74
v 1.7823257 -22.9308376 0.8500000 0.24 0.63 0.74
v 2.4686665 -22.8671311 0.8500000 0.24 0.63 0.74
v 3.1527901 -22.7828864 0.8500000 0.24 0.63 0.74
v 3.8340820 -22.6781793 0.8500000 0.24 0.63 0.74
v 4.5119303 -22.5531037 0.8500000 0.24 0.63 0.74
v 5.1857262 -22.4077720 0.8500000 0.24 0.63 0.74
v 5.8548645 -22.2423147 0.8500000 0.24 0.63 0.74
v 6.5187443 -22.0568804 0.8500000 0.24 0.63 0.74
v 7.1767693 -21.8516357 0.8500000 0.24 0.63 0.74
v 7.8283484 -21.6267649 0.8500000 0.24 0.63 0.74
v 8.4728965 -21.3824700 0.8500000 0.24 0.63 0.74
v 9.1098346 -21.1189705 0.8500000 0.24 0.63 0.74
v 9.7385907 -20.8365028 0.8500000 0.24 0.63 0.74
v 10.3586001 -20.5353209 0.8500000 0.24 0.63 0.74
v 10.9693060 -20.2156951 0.8500000 0.24 0.63 0.74
v 11.5701597 -19.8779125 0.8500000 0.24 0.63 0.74
v 12.1606216 -19.5222766 0.8500000 0.24 0.63 0.74
v 12.7401615 -19.1491067 0.8500000 0.24 0.63 0.74
v 13.3082587 -18.7587379 0.8500000 0.24 0.63 0.74
v 13.8644032 -18.3515210 0.8500000 0.24 0.63 0.74
v 14.4080953 -17.9278217 0.8500000 0.24 0.63 0.74
v 14.9388467 -17.4880204 0.8500000 0.24 0.63 0.74
v 15.4561808 -17.0325123 0.8500000 0.24 0.63 0.74
v 15.9596329 -16.5617064 0.8500000 0.24 0.63 0.74
v 16.4487508 -16.0760255 0.8500000 0.24 0.63 0.74
v 16.9230953 -15.5759060 0.8500000 0.24 0.63 0.74
v 17.3822402 -15.0617969 0.8500000 0.24 0.63 0.74
v 17.8257733 -14.5341600 0.8500000 0.24 0.63 0.74
v 18.2532961 -13.9934693 0.8500000 0.24 0.63 0.74
v 18.6644247 -13.4402103 0.8500000 0.24 0.63 0.74
v 19.0587898 -12.8748799 0.8500000 0.24 0.63 0.74
v 19.4360372 -12.2979860 0.8500000 0.24 0.63 0.74
v 19.7958281 -11.7100466 0.8500000 0.24 0.63 0.74
v 20.1378393 -11.1115898 0.8500000 0.24 0.63 0.74
v 20.4617637 -10.5031531 0.8500000 0.24 0.63 0.74
v 20.7673104 -9.8852830 0.8500000 0.24 0.63 0.74
v 21.0542048 -9.2585344 0.8500000 0.24 0.63 0.74
v 21.3221894 -8.6234702 0.8500000 0.24 0.63 0.74
v 21.5710234 -7.9806609 0.8500000 0.24 0.63 0.74
v 21.8004834 -7.3306837 0.8500000 0.24 0.63 0.74
v 22.0103632 -6.6741224 0.8500000 0.24 0.63 0.74
v 22.2004744 -6.0115668 0.8500000 0.24 0.63 0.74
v 22.3706462 -5.3436118 0.8500000 0.24 0.63 0.74
v 22.5207258 -4.6708575 0.8500000 0.24 0.63 0.74
v 22.6505783 3.9939081 0.8500000 0.24 0.63 0.74
v 26.6390497 4.6971832 0.8500000 0.24 0.63 0.74
v 26.6390497 4.6971832 1.9500000 0.24 0.63 0.74
v 22.6505783 3.9939081 1.9500000 0.24 0.63 0.74
v 22.6505783 -3.9939081 0.8500000 0.24 0.63 0.74
v 26.6390497 -4.6971832 0.8500000 0.24 0.63 0.74
v 26.6390497 -4.6971832 1.9500000 0.24 0.63 0.74
v 22.6505783 -3.9939081 1.9500000 0.24 0.63 0.74
usemtl MagSafe_Magnet_Array
s off
f 185 384 184
f 185 385 384
f 185 386 385
f 183 184 384
f 183 384 383
f 186 386 185
f 182 183 383
f 182 383 382
f 187 386 186
f 187 387 386
f 181 381 380
f 181 382 381
f 181 182 382
f 188 387 187
f 188 388 387
f 180 380 379
f 180 181 380
f 189 388 188
f 189 389 388
f 189 390 389
f 179 180 379
f 190 390 189
f 178 179 379
f 178 379 378
f 191 390 190
f 191 391 390
f 191 392 391
f 177 378 377
f 177 178 378
f 192 392 191
f 192 393 392
f 176 377 376
f 176 177 377
f 193 393 192
f 175 176 376
f 175 375 374
f 175 376 375
f 194 394 393
f 194 395 394
f 194 393 193
f 174 175 374
f 195 395 194
f 173 174 374
f 173 374 373
f 196 395 195
f 196 396 395
f 172 173 373
f 172 373 372
f 197 396 196
f 197 397 396
f 171 172 372
f 171 372 371
f 198 397 197
f 198 398 397
f 198 200 398
f 170 171 371
f 170 371 370
f 199 200 198
f 169 170 370
f 169 369 368
f 169 370 369
f 168 368 367
f 168 169 368
f 167 168 367
f 166 167 367
f 166 366 365
f 166 367 366
f 165 166 365
f 165 365 364
f 164 165 364
f 163 164 364
f 163 364 363
f 162 362 361
f 162 363 362
f 162 163 363
f 161 162 361
f 160 361 360
f 160 161 361
f 159 360 359
f 159 160 360
f 1 202 201
f 158 159 359
f 158 359 358
f 2 202 1
f 157 158 358
f 157 358 357
f 3 202 2
f 3 203 202
f 156 357 356
f 156 157 357
f 4 204 203
f 4 203 3
f 155 356 355
f 155 156 356
f 5 205 204
f 5 204 4
f 154 355 354
f 154 155 355
f 6 206 205
f 6 205 5
f 153 154 354
f 153 354 353
f 7 207 206
f 7 206 6
f 152 153 353
f 152 352 351
f 152 353 352
f 8 208 207
f 8 207 7
f 151 152 351
f 9 209 208
f 9 208 8
f 150 151 351
f 150 351 350
f 10 210 209
f 10 211 210
f 10 209 9
f 149 150 350
f 149 350 349
f 11 211 10
f 148 149 349
f 148 349 348
f 12 212 211
f 12 213 212
f 12 211 11
f 147 148 348
f 147 348 347
f 13 213 12
f 146 147 347
f 146 347 346
f 14 214 213
f 14 213 13
f 145 345 344
f 145 346 345
f 145 146 346
f 15 215 214
f 15 214 14
f 144 145 344
f 16 216 215
f 16 215 15
f 143 344 343
f 143 144 344
f 17 217 216
f 17 216 16
f 142 343 342
f 142 143 343
f 18 218 217
f 18 217 17
f 141 342 341
f 141 142 342
f 19 218 18
f 19 219 218
f 140 341 340
f 140 141 341
f 20 219 19
f 20 220 219
f 20 221 220
f 139 140 340
f 139 340 339
f 21 221 20
f 138 139 339
f 138 339 338
f 22 222 221
f 22 221 21
f 137 338 337
f 137 138 338
f 223 222 22
f 23 223 22
f 136 137 337
f 136 337 336
f 24 224 223
f 24 223 23
f 135 136 336
f 135 336 335
f 334 135 335
f 25 225 224
f 25 224 24
f 134 135 334
f 226 225 25
f 26 226 25
f 133 334 333
f 133 134 334
f 27 227 226
f 27 226 26
f 332 132 133
f 332 133 333
f 228 27 28
f 228 227 27
f 131 132 332
f 331 131 332
f 29 228 28
f 130 131 331
f 229 228 29
f 330 130 331
f 230 29 30
f 230 229 29
f 329 129 130
f 329 130 330
f 31 230 30
f 128 129 329
f 231 230 31
f 328 128 329
f 232 231 31
f 232 31 32
f 327 127 128
f 327 128 328
f 126 127 327
f 233 232 32
f 233 32 33
f 326 126 327
f 234 233 33
f 234 33 34
f 325 126 326
f 325 124 125
f 325 125 126
f 235 234 34
f 235 34 35
f 324 123 124
f 324 124 325
f 236 35 36
f 236 36 37
f 236 235 35
f 323 123 324
f 237 236 37
f 322 123 323
f 322 122 123
f 238 37 38
f 238 38 39
f 238 237 37
f 321 121 122
f 321 122 322
f 239 39 40
f 239 238 39
f 320 119 120
f 320 120 121
f 320 121 321
f 240 239 40
f 319 119 320
f 241 40 41
f 241 240 40
f 318 117 118
f 318 118 119
f 318 119 319
f 242 41 42
f 242 241 41
f 317 117 318
f 243 42 43
f 243 242 42
f 316 115 116
f 316 116 117
f 316 117 317
f 244 43 44
f 244 243 43
f 315 115 316
f 245 44 45
f 245 244 44
f 314 114 115
f 314 115 315
f 246 245 45
f 246 45 46
f 313 113 114
f 313 114 314
f 247 246 46
f 247 46 47
f 312 112 113
f 312 113 313
f 248 247 47
f 248 47 48
f 311 111 112
f 311 112 312
f 249 248 48
f 249 48 49
f 310 110 111
f 310 111 311
f 250 49 50
f 250 249 49
f 309 108 109
f 309 109 110
f 309 110 310
f 251 50 51
f 251 51 52
f 251 250 50
f 308 107 108
f 308 108 309
f 252 251 52
f 307 107 308
f 253 52 53
f 253 53 54
f 253 252 52
f 306 106 107
f 306 107 307
f 254 54 55
f 254 253 54
f 305 104 105
f 305 105 106
f 305 106 306
f 255 254 55
f 304 104 305
f 256 255 55
f 256 55 56
f 256 56 57
f 303 103 104
f 303 104 304
f 257 256 57
f 302 102 103
f 302 103 303
f 258 257 57
f 258 57 58
f 258 58 59
f 301 101 102
f 301 102 302
f 259 258 59
f 300 101 301
f 300 99 100
f 300 100 101
f 260 259 59
f 260 59 60
f 299 99 300
f 261 60 61
f 261 61 62
f 261 260 60
f 298 99 299
f 298 97 98
f 298 98 99
f 262 261 62
f 297 97 298
f 263 62 63
f 263 262 62
f 296 97 297
f 296 96 97
f 264 63 64
f 264 64 65
f 264 263 63
f 295 96 296
f 295 94 95
f 295 95 96
f 265 264 65
f 294 94 295
f 294 93 94
f 266 265 65
f 266 65 66
f 293 93 294
f 267 66 67
f 267 266 66
f 292 93 293
f 292 92 93
f 268 267 67
f 268 67 68
f 268 68 69
f 291 92 292
f 291 90 91
f 291 91 92
f 269 268 69
f 290 90 291
f 290 89 90
f 270 269 69
f 270 69 70
f 270 70 71
f 289 89 290
f 271 270 71
f 288 89 289
f 288 87 88
f 288 88 89
f 272 271 71
f 272 71 72
f 287 87 288
f 273 272 72
f 273 72 73
f 286 87 287
f 286 85 86
f 286 86 87
f 274 273 73
f 274 73 74
f 285 85 286
f 275 274 74
f 275 74 75
f 284 85 285
f 284 84 85
f 276 75 76
f 276 275 75
f 283 84 284
f 283 82 83
f 283 83 84
f 277 276 76
f 277 76 77
f 277 77 78
f 282 82 283
f 278 277 78
f 278 78 79
f 281 82 282
f 281 81 82
f 279 79 80
f 279 278 79
f 280 80 81
f 280 81 281
f 280 279 80
f 600 399 400
f 600 599 399
f 601 400 401
f 601 600 400
f 602 401 402
f 602 601 401
f 603 402 403
f 603 602 402
f 604 403 404
f 604 603 403
f 605 404 405
f 605 604 404
f 606 405 406
f 606 605 405
f 607 406 407
f 607 606 406
f 608 407 408
f 608 607 407
f 609 408 409
f 609 409 410
f 609 608 408
f 610 609 410
f 611 410 411
f 611 610 410
f 612 411 412
f 612 412 413
f 612 611 411
f 613 413 414
f 613 612 413
f 614 613 414
f 615 414 415
f 615 614 414
f 616 415 416
f 616 416 417
f 616 615 415
f 617 417 418
f 617 616 417
f 618 418 419
f 618 617 418
f 619 618 419
f 620 419 420
f 620 619 419
f 621 420 421
f 621 620 420
f 622 421 422
f 622 621 421
f 623 422 423
f 623 622 422
f 624 423 424
f 624 623 423
f 625 424 425
f 625 624 424
f 626 625 425
f 626 425 426
f 626 426 427
f 627 626 427
f 628 627 427
f 628 427 428
f 629 628 428
f 629 428 429
f 630 629 429
f 630 429 430
f 630 430 431
f 631 630 431
f 631 431 432
f 632 631 432
f 633 432 433
f 633 433 434
f 633 632 432
f 634 633 434
f 635 434 435
f 635 634 434
f 636 435 436
f 636 436 437
f 636 635 435
f 637 636 437
f 638 437 438
f 638 637 437
f 639 438 439
f 639 638 438
f 640 439 440
f 640 639 439
f 641 440 441
f 641 640 440
f 642 441 442
f 642 641 441
f 643 442 443
f 643 642 442
f 644 443 444
f 644 643 443
f 645 444 445
f 645 644 444
f 646 445 446
f 646 645 445
f 647 446 447
f 647 646 446
f 648 447 448
f 648 647 447
f 649 448 449
f 649 648 448
f 650 649 449
f 650 449 450
f 651 650 450
f 651 450 451
f 652 651 451
f 652 451 452
f 653 652 452
f 653 452 453
f 654 653 453
f 654 453 454
f 655 654 454
f 655 454 455
f 656 655 455
f 656 455 456
f 657 656 456
f 657 456 457
f 658 657 457
f 658 457 458
f 659 658 458
f 659 458 459
f 660 659 459
f 660 459 460
f 661 660 460
f 661 460 461
f 662 661 461
f 662 461 462
f 663 662 462
f 663 462 463
f 664 663 463
f 664 463 464
f 665 664 464
f 665 464 465
f 666 465 466
f 666 665 465
f 667 466 467
f 667 666 466
f 668 467 468
f 668 667 467
f 669 468 469
f 669 668 468
f 670 469 470
f 670 669 469
f 671 470 471
f 671 670 470
f 672 471 472
f 672 671 471
f 673 472 473
f 673 473 474
f 673 672 472
f 674 673 474
f 675 674 474
f 675 474 475
f 676 675 475
f 676 475 476
f 677 676 476
f 677 476 477
f 678 677 477
f 678 477 478
f 679 678 478
f 679 478 479
f 680 679 479
f 680 479 480
f 681 680 480
f 681 480 481
f 682 681 481
f 682 481 482
f 683 682 482
f 683 482 483
f 683 483 484
f 684 683 484
f 685 684 484
f 685 484 485
f 686 685 485
f 686 485 486
f 687 686 486
f 687 486 487
f 688 687 487
f 688 487 488
f 689 688 488
f 689 488 489
f 689 489 490
f 690 689 490
f 691 690 490
f 691 490 491
f 692 691 491
f 692 491 492
f 693 692 492
f 693 492 493
f 694 693 493
f 694 493 494
f 695 694 494
f 695 494 495
f 696 695 495
f 696 495 496
f 697 696 496
f 697 496 497
f 698 697 497
f 698 497 498
f 699 698 498
f 699 498 499
f 700 499 500
f 700 500 501
f 700 699 499
f 701 700 501
f 702 501 502
f 702 502 503
f 702 701 501
f 703 702 503
f 704 503 504
f 704 703 503
f 705 504 505
f 705 704 504
f 706 505 506
f 706 705 505
f 707 506 507
f 707 706 506
f 708 507 508
f 708 707 507
f 709 508 509
f 709 708 508
f 710 509 510
f 710 709 509
f 711 510 511
f 711 710 510
f 712 511 512
f 712 711 511
f 713 512 513
f 713 513 514
f 713 712 512
f 714 713 514
f 715 514 515
f 715 515 516
f 715 714 514
f 716 715 516
f 717 516 517
f 717 716 516
f 718 517 518
f 718 717 517
f 719 518 519
f 719 718 518
f 720 519 520
f 720 719 519
f 721 520 521
f 721 720 520
f 722 521 522
f 722 522 523
f 722 721 521
f 723 722 523
f 724 523 524
f 724 723 523
f 725 524 525
f 725 724 524
f 726 725 525
f 726 525 526
f 726 526 527
f 727 726 527
f 728 727 527
f 728 527 528
f 728 528 529
f 729 728 529
f 730 729 529
f 730 529 530
f 730 530 531
f 731 730 531
f 732 731 531
f 732 531 532
f 733 732 532
f 733 532 533
f 734 533 534
f 734 733 533
f 735 534 535
f 735 734 534
f 736 535 536
f 736 735 535
f 737 536 537
f 737 736 536
f 738 537 538
f 738 737 537
f 739 538 539
f 739 539 540
f 739 738 538
f 740 739 540
f 741 540 541
f 741 541 542
f 741 740 540
f 742 741 542
f 743 542 543
f 743 742 542
f 744 543 544
f 744 544 545
f 744 743 543
f 745 545 546
f 745 744 545
f 746 745 546
f 747 546 547
f 747 746 546
f 748 547 548
f 748 548 549
f 748 747 547
f 749 549 550
f 749 748 549
f 750 749 550
f 751 550 551
f 751 750 550
f 752 751 551
f 752 551 552
f 753 752 552
f 753 552 553
f 754 753 553
f 754 553 554
f 755 754 554
f 755 554 555
f 756 755 555
f 756 555 556
f 757 756 556
f 757 556 557
f 758 757 557
f 758 557 558
f 758 558 559
f 759 758 559
f 759 559 560
f 760 759 560
f 760 560 561
f 761 760 561
f 762 761 561
f 762 561 562
f 762 562 563
f 763 762 563
f 764 763 563
f 764 563 564
f 764 564 565
f 765 764 565
f 765 565 566
f 766 765 566
f 767 566 567
f 767 766 566
f 768 567 568
f 768 767 567
f 769 568 569
f 769 768 568
f 769 569 570
f 770 769 570
f 771 570 571
f 771 571 572
f 771 770 570
f 772 771 572
f 773 572 573
f 773 573 574
f 773 772 572
f 774 773 574
f 775 574 575
f 775 774 574
f 776 575 576
f 776 775 575
f 777 776 576
f 777 576 577
f 778 777 577
f 778 577 578
f 778 578 579
f 779 778 579
f 780 779 579
f 780 579 580
f 780 580 581
f 781 780 581
f 782 781 581
f 782 581 582
f 783 782 582
f 783 582 583
f 783 583 584
f 784 783 584
f 785 784 584
f 785 584 585
f 786 785 585
f 786 585 586
f 787 786 586
f 787 586 587
f 788 787 587
f 788 587 588
f 788 588 589
f 789 788 589
f 790 789 589
f 790 589 590
f 790 590 591
f 791 790 591
f 792 791 591
f 792 591 592
f 793 792 592
f 793 592 593
f 793 593 594
f 794 793 594
f 795 794 594
f 795 594 595
f 796 795 595
f 796 595 596
f 796 596 597
f 598 796 597
f 1129 928 929
f 1129 1128 928
f 1127 927 928
f 1127 928 1128
f 1130 929 930
f 1130 1129 929
f 1126 925 926
f 1126 926 927
f 1126 927 1127
f 1131 930 931
f 1131 1130 930
f 1125 925 1126
f 1132 931 932
f 1132 1131 931
f 1124 925 1125
f 1124 923 924
f 1124 924 925
f 1133 932 933
f 1133 1132 932
f 1123 922 923
f 1123 923 1124
f 1134 933 934
f 1134 1133 933
f 1122 922 1123
f 1135 1134 934
f 1135 934 935
f 1121 920 921
f 1121 921 922
f 1121 922 1122
f 1136 935 936
f 1136 1135 935
f 1120 920 1121
f 1137 936 937
f 1137 1136 936
f 1119 920 1120
f 1119 919 920
f 1138 1137 937
f 1138 937 938
f 1118 919 1119
f 1118 917 918
f 1118 918 919
f 1139 1138 938
f 1139 938 939
f 1117 917 1118
f 1140 1139 939
f 1140 939 940
f 1116 915 916
f 1116 916 917
f 1116 917 1117
f 1141 1140 940
f 1141 940 941
f 1141 941 942
f 1115 914 915
f 1115 915 1116
f 1142 1141 942
f 1114 914 1115
f 1143 1142 942
f 1143 942 943
f 1113 912 913
f 1113 913 914
f 1113 914 1114
f 1144 1143 943
f 1144 943 944
f 1112 912 1113
f 1112 911 912
f 1145 1144 944
f 1145 944 945
f 1111 911 1112
f 1146 945 946
f 1146 1145 945
f 1110 910 911
f 1110 911 1111
f 1147 946 947
f 1147 947 948
f 1147 1146 946
f 1109 908 909
f 1109 909 910
f 1109 910 1110
f 1148 1147 948
f 1108 908 1109
f 1108 907 908
f 1149 948 949
f 1149 949 950
f 1149 1148 948
f 1107 907 1108
f 1150 1149 950
f 1106 906 907
f 1106 907 1107
f 1151 950 951
f 1151 1150 950
f 1105 904 905
f 1105 905 906
f 1105 906 1106
f 1152 951 952
f 1152 952 953
f 1152 1151 951
f 1104 904 1105
f 1153 1152 953
f 1103 902 903
f 1103 903 904
f 1103 904 1104
f 1154 953 954
f 1154 954 955
f 1154 1153 953
f 1102 902 1103
f 1155 1154 955
f 1101 900 901
f 1101 901 902
f 1101 902 1102
f 1156 1155 955
f 1156 955 956
f 1156 956 957
f 1100 900 1101
f 1157 1156 957
f 1099 899 900
f 1099 900 1100
f 1158 1157 957
f 1158 957 958
f 1098 899 1099
f 1098 898 899
f 1159 1158 958
f 1159 958 959
f 1097 897 898
f 1097 898 1098
f 1097 896 897
f 1160 1159 959
f 1160 959 960
f 1096 896 1097
f 1161 1160 960
f 1161 960 961
f 1095 896 1096
f 1095 894 895
f 1095 895 896
f 1162 961 962
f 1162 1161 961
f 1094 894 1095
f 1163 1162 962
f 1163 962 963
f 1093 894 1094
f 1093 893 894
f 1164 963 964
f 1164 1163 963
f 1092 893 1093
f 1092 892 893
f 1165 1164 964
f 1165 964 965
f 1091 890 891
f 1091 891 892
f 1091 892 1092
f 1166 1165 965
f 1166 965 966
f 1090 890 1091
f 1167 966 967
f 1167 1166 966
f 1089 890 1090
f 1089 889 890
f 1168 1167 967
f 1168 967 968
f 1088 889 1089
f 1088 887 888
f 1088 888 889
f 1169 1168 968
f 1169 968 969
f 1087 887 1088
f 1170 1169 969
f 1170 969 970
f 1086 887 1087
f 1086 885 886
f 1086 886 887
f 1171 1170 970
f 1171 970 971
f 1085 885 1086
f 1172 1171 971
f 1172 971 972
f 1084 885 1085
f 1084 884 885
f 1173 1172 972
f 1173 972 973
f 1173 973 974
f 1083 884 1084
f 1083 883 884
f 1174 1173 974
f 1082 883 1083
f 1082 882 883
f 1175 1174 974
f 1175 974 975
f 1081 882 1082
f 1081 881 882
f 1176 1175 975
f 1176 975 976
f 1080 881 1081
f 1080 880 881
f 1177 1176 976
f 1177 976 977
f 1079 880 1080
f 1079 879 880
f 1178 977 978
f 1178 1177 977
f 1078 878 879
f 1078 879 1079
f 1179 1178 978
f 1179 978 979
f 1077 877 878
f 1077 878 1078
f 1180 979 980
f 1180 1179 979
f 1076 876 877
f 1076 877 1077
f 981 1181 1180
f 981 1180 980
f 875 876 1076
f 875 1076 1075
f 982 1181 981
f 982 1182 1181
f 874 875 1075
f 874 1075 1074
f 983 1182 982
f 983 1183 1182
f 873 874 1074
f 873 1074 1073
f 1184 1183 983
f 984 1184 983
f 872 873 1073
f 872 1073 1072
f 985 1184 984
f 985 1185 1184
f 871 872 1072
f 871 1072 1071
f 986 1185 985
f 986 1186 1185
f 1187 1186 986
f 870 871 1071
f 870 1071 1070
f 987 1187 986
f 987 1188 1187
f 869 870 1070
f 869 1070 1069
f 988 1188 987
f 868 1068 1067
f 868 1069 1068
f 868 869 1069
f 989 1188 988
f 989 1189 1188
f 867 1067 1066
f 867 868 1067
f 990 1189 989
f 990 1190 1189
f 990 1191 1190
f 866 867 1066
f 991 1191 990
f 865 1066 1065
f 865 866 1066
f 992 1191 991
f 992 1192 1191
f 864 865 1065
f 864 1065 1064
f 993 1192 992
f 993 1193 1192
f 993 1194 1193
f 863 864 1064
f 863 1063 1062
f 863 1064 1063
f 994 1194 993
f 862 863 1062
f 995 1194 994
f 995 996 1194
f 861 862 1062
f 861 1062 1061
f 860 861 1061
f 860 1061 1060
f 859 860 1060
f 859 1059 1058
f 859 1060 1059
f 858 859 1058
f 857 858 1058
f 857 1058 1057
f 856 857 1057
f 856 1057 1056
f 855 1056 1055
f 855 856 1056
f 854 1054 1053
f 854 1055 1054
f 854 855 1055
f 853 854 1053
f 852 1053 1052
f 852 853 1053
f 851 1052 1051
f 851 852 1052
f 850 851 1051
f 850 1050 1049
f 850 1051 1050
f 849 850 1049
f 798 997 797
f 798 998 997
f 848 849 1049
f 848 1049 1048
f 799 1000 999
f 799 998 798
f 799 999 998
f 847 848 1048
f 847 1048 1047
f 800 1000 799
f 846 847 1047
f 846 1047 1046
f 801 1001 1000
f 801 1000 800
f 845 846 1046
f 845 1046 1045
f 802 1002 1001
f 802 1003 1002
f 802 1001 801
f 844 1045 1044
f 844 845 1045
f 803 1003 802
f 843 1043 1042
f 843 1044 1043
f 843 844 1044
f 804 1004 1003
f 804 1003 803
f 842 1042 1041
f 842 843 1042
f 805 1005 1004
f 805 1004 804
f 841 842 1041
f 841 1041 1040
f 806 1006 1005
f 806 1007 1006
f 806 1005 805
f 840 841 1040
f 807 1008 1007
f 807 1007 806
f 839 1039 1038
f 839 1040 1039
f 839 840 1040
f 808 1009 1008
f 808 1008 807
f 838 839 1038
f 809 1009 808
f 837 838 1038
f 837 1038 1037
f 810 1010 1009
f 810 1009 809
f 836 837 1037
f 836 1037 1036
f 811 1011 1010
f 811 1010 810
f 835 1036 1035
f 835 836 1036
f 812 1012 1011
f 812 1013 1012
f 812 1011 811
f 834 1035 1034
f 834 835 1035
f 813 1013 812
f 833 1034 1033
f 833 834 1034
f 814 1014 1013
f 814 1013 813
f 832 833 1033
f 832 1032 1031
f 832 1033 1032
f 815 1015 1014
f 815 1014 814
f 831 832 1031
f 831 1031 1030
f 816 1016 1015
f 816 1015 815
f 830 831 1030
f 817 1017 1016
f 817 1018 1017
f 817 1016 816
f 829 1030 1029
f 829 830 1030
f 818 1018 817
f 828 1029 1028
f 828 829 1029
f 819 1019 1018
f 819 1018 818
f 827 1027 1026
f 827 1028 1027
f 827 828 1028
f 820 1020 1019
f 820 1019 819
f 826 827 1026
f 821 1021 1020
f 821 1020 820
f 825 1026 1025
f 825 826 1026
f 822 1022 1021
f 822 1023 1022
f 822 1021 821
f 824 1025 1024
f 824 825 1025
f 823 1024 1023
f 823 1023 822
f 823 824 1024
f 1396 1195 1196
f 1396 1395 1195
f 1397 1196 1197
f 1397 1396 1196
f 1398 1197 1198
f 1398 1397 1197
f 1399 1198 1199
f 1399 1398 1198
f 1400 1199 1200
f 1400 1399 1199
f 1401 1200 1201
f 1401 1400 1200
f 1402 1201 1202
f 1402 1401 1201
f 1403 1202 1203
f 1403 1402 1202
f 1404 1203 1204
f 1404 1403 1203
f 1405 1204 1205
f 1405 1205 1206
f 1405 1404 1204
f 1406 1405 1206
f 1407 1206 1207
f 1407 1406 1206
f 1408 1207 1208
f 1408 1208 1209
f 1408 1407 1207
f 1409 1209 1210
f 1409 1408 1209
f 1410 1409 1210
f 1411 1210 1211
f 1411 1410 1210
f 1412 1211 1212
f 1412 1212 1213
f 1412 1411 1211
f 1413 1213 1214
f 1413 1412 1213
f 1414 1214 1215
f 1414 1413 1214
f 1415 1414 1215
f 1416 1215 1216
f 1416 1415 1215
f 1417 1216 1217
f 1417 1416 1216
f 1418 1217 1218
f 1418 1417 1217
f 1419 1218 1219
f 1419 1418 1218
f 1420 1219 1220
f 1420 1419 1219
f 1421 1220 1221
f 1421 1420 1220
f 1422 1421 1221
f 1422 1221 1222
f 1422 1222 1223
f 1423 1422 1223
f 1424 1423 1223
f 1424 1223 1224
f 1425 1424 1224
f 1425 1224 1225
f 1426 1425 1225
f 1426 1225 1226
f 1426 1226 1227
f 1427 1426 1227
f 1427 1227 1228
f 1428 1427 1228
f 1429 1228 1229
f 1429 1229 1230
f 1429 1428 1228
f 1430 1429 1230
f 1431 1230 1231
f 1431 1430 1230
f 1432 1231 1232
f 1432 1232 1233
f 1432 1431 1231
f 1433 1432 1233
f 1434 1233 1234
f 1434 1433 1233
f 1435 1234 1235
f 1435 1434 1234
f 1436 1235 1236
f 1436 1435 1235
f 1437 1236 1237
f 1437 1436 1236
f 1438 1237 1238
f 1438 1437 1237
f 1439 1238 1239
f 1439 1438 1238
f 1440 1239 1240
f 1440 1439 1239
f 1441 1240 1241
f 1441 1440 1240
f 1442 1241 1242
f 1442 1441 1241
f 1443 1242 1243
f 1443 1442 1242
f 1444 1243 1244
f 1444 1443 1243
f 1445 1244 1245
f 1445 1444 1244
f 1446 1445 1245
f 1446 1245 1246
f 1447 1446 1246
f 1447 1246 1247
f 1448 1447 1247
f 1448 1247 1248
f 1449 1448 1248
f 1449 1248 1249
f 1450 1449 1249
f 1450 1249 1250
f 1451 1450 1250
f 1451 1250 1251
f 1452 1451 1251
f 1452 1251 1252
f 1453 1452 1252
f 1453 1252 1253
f 1454 1453 1253
f 1454 1253 1254
f 1455 1454 1254
f 1455 1254 1255
f 1456 1455 1255
f 1456 1255 1256
f 1457 1456 1256
f 1457 1256 1257
f 1458 1457 1257
f 1458 1257 1258
f 1459 1458 1258
f 1459 1258 1259
f 1460 1459 1259
f 1460 1259 1260
f 1461 1460 1260
f 1461 1260 1261
f 1462 1261 1262
f 1462 1461 1261
f 1463 1262 1263
f 1463 1462 1262
f 1464 1263 1264
f 1464 1463 1263
f 1465 1264 1265
f 1465 1464 1264
f 1466 1265 1266
f 1466 1465 1265
f 1467 1266 1267
f 1467 1466 1266
f 1468 1267 1268
f 1468 1467 1267
f 1469 1268 1269
f 1469 1269 1270
f 1469 1468 1268
f 1470 1469 1270
f 1471 1470 1270
f 1471 1270 1271
f 1472 1471 1271
f 1472 1271 1272
f 1473 1472 1272
f 1473 1272 1273
f 1474 1473 1273
f 1474 1273 1274
f 1475 1474 1274
f 1475 1274 1275
f 1476 1475 1275
f 1476 1275 1276
f 1477 1476 1276
f 1477 1276 1277
f 1478 1477 1277
f 1478 1277 1278
f 1479 1478 1278
f 1479 1278 1279
f 1479 1279 1280
f 1480 1479 1280
f 1481 1480 1280
f 1481 1280 1281
f 1482 1481 1281
f 1482 1281 1282
f 1483 1482 1282
f 1483 1282 1283
f 1484 1483 1283
f 1484 1283 1284
f 1485 1484 1284
f 1485 1284 1285
f 1485 1285 1286
f 1486 1485 1286
f 1487 1486 1286
f 1487 1286 1287
f 1488 1487 1287
f 1488 1287 1288
f 1489 1488 1288
f 1489 1288 1289
f 1490 1489 1289
f 1490 1289 1290
f 1491 1490 1290
f 1491 1290 1291
f 1492 1491 1291
f 1492 1291 1292
f 1493 1492 1292
f 1493 1292 1293
f 1494 1493 1293
f 1494 1293 1294
f 1495 1494 1294
f 1495 1294 1295
f 1496 1295 1296
f 1496 1296 1297
f 1496 1495 1295
f 1497 1496 1297
f 1498 1297 1298
f 1498 1298 1299
f 1498 1497 1297
f 1499 1498 1299
f 1500 1299 1300
f 1500 1499 1299
f 1501 1300 1301
f 1501 1500 1300
f 1502 1301 1302
f 1502 1501 1301
f 1503 1302 1303
f 1503 1502 1302
f 1504 1303 1304
f 1504 1503 1303
f 1505 1304 1305
f 1505 1504 1304
f 1506 1305 1306
f 1506 1505 1305
f 1507 1306 1307
f 1507 1506 1306
f 1508 1307 1308
f 1508 1507 1307
f 1509 1308 1309
f 1509 1309 1310
f 1509 1508 1308
f 1510 1509 1310
f 1511 1310 1311
f 1511 1311 1312
f 1511 1510 1310
f 1512 1511 1312
f 1513 1312 1313
f 1513 1512 1312
f 1514 1313 1314
f 1514 1513 1313
f 1515 1314 1315
f 1515 1514 1314
f 1516 1315 1316
f 1516 1515 1315
f 1517 1316 1317
f 1517 1516 1316
f 1518 1317 1318
f 1518 1318 1319
f 1518 1517 1317
f 1519 1518 1319
f 1520 1319 1320
f 1520 1519 1319
f 1521 1320 1321
f 1521 1520 1320
f 1522 1521 1321
f 1522 1321 1322
f 1522 1322 1323
f 1523 1522 1323
f 1524 1523 1323
f 1524 1323 1324
f 1524 1324 1325
f 1525 1524 1325
f 1526 1525 1325
f 1526 1325 1326
f 1526 1326 1327
f 1527 1526 1327
f 1528 1527 1327
f 1528 1327 1328
f 1529 1528 1328
f 1529 1328 1329
f 1530 1329 1330
f 1530 1529 1329
f 1531 1330 1331
f 1531 1530 1330
f 1532 1331 1332
f 1532 1531 1331
f 1533 1332 1333
f 1533 1532 1332
f 1534 1333 1334
f 1534 1533 1333
f 1535 1334 1335
f 1535 1335 1336
f 1535 1534 1334
f 1536 1535 1336
f 1537 1336 1337
f 1537 1337 1338
f 1537 1536 1336
f 1538 1537 1338
f 1539 1338 1339
f 1539 1538 1338
f 1540 1339 1340
f 1540 1340 1341
f 1540 1539 1339
f 1541 1341 1342
f 1541 1540 1341
f 1542 1541 1342
f 1543 1342 1343
f 1543 1542 1342
f 1544 1343 1344
f 1544 1344 1345
f 1544 1543 1343
f 1545 1345 1346
f 1545 1544 1345
f 1546 1545 1346
f 1547 1346 1347
f 1547 1546 1346
f 1548 1547 1347
f 1548 1347 1348
f 1549 1548 1348
f 1549 1348 1349
f 1550 1549 1349
f 1550 1349 1350
f 1551 1550 1350
f 1551 1350 1351
f 1552 1551 1351
f 1552 1351 1352
f 1553 1552 1352
f 1553 1352 1353
f 1554 1553 1353
f 1554 1353 1354
f 1554 1354 1355
f 1555 1554 1355
f 1555 1355 1356
f 1556 1555 1356
f 1556 1356 1357
f 1557 1556 1357
f 1558 1557 1357
f 1558 1357 1358
f 1558 1358 1359
f 1559 1558 1359
f 1560 1559 1359
f 1560 1359 1360
f 1560 1360 1361
f 1561 1560 1361
f 1561 1361 1362
f 1562 1561 1362
f 1563 1362 1363
f 1563 1562 1362
f 1564 1363 1364
f 1564 1563 1363
f 1565 1364 1365
f 1565 1564 1364
f 1565 1365 1366
f 1566 1565 1366
f 1567 1366 1367
f 1567 1367 1368
f 1567 1566 1366
f 1568 1567 1368
f 1569 1368 1369
f 1569 1369 1370
f 1569 1568 1368
f 1570 1569 1370
f 1571 1370 1371
f 1571 1570 1370
f 1572 1371 1372
f 1572 1571 1371
f 1573 1572 1372
f 1573 1372 1373
f 1574 1573 1373
f 1574 1373 1374
f 1574 1374 1375
f 1575 1574 1375
f 1576 1575 1375
f 1576 1375 1376
f 1576 1376 1377
f 1577 1576 1377
f 1578 1577 1377
f 1578 1377 1378
f 1579 1578 1378
f 1579 1378 1379
f 1579 1379 1380
f 1580 1579 1380
f 1581 1580 1380
f 1581 1380 1381
f 1582 1581 1381
f 1582 1381 1382
f 1583 1582 1382
f 1583 1382 1383
f 1584 1583 1383
f 1584 1383 1384
f 1584 1384 1385
f 1585 1584 1385
f 1586 1585 1385
f 1586 1385 1386
f 1586 1386 1387
f 1587 1586 1387
f 1588 1587 1387
f 1588 1387 1388
f 1589 1588 1388
f 1589 1388 1389
f 1589 1389 1390
f 1590 1589 1390
f 1591 1590 1390
f 1591 1390 1391
f 1592 1591 1391
f 1592 1391 1392
f 1592 1392 1393
f 1394 1592 1393
f 1594 1595 1596
f 1594 1596 1593
f 1598 1600 1599
f 1598 1597 1600
