# Assembly coordinates in millimetres, Z-up.
mtllib PCB_Spacers.mtl
o PCB_Spacers
v 13.6551299 11.4551299 8.1000000 0.7 0.72 0.74
v 13.6551299 11.4551299 11.0000000 0.7 0.72 0.74
v 13.6533905 11.5425942 11.0000000 0.7 0.72 0.74
v 13.6481753 11.6299202 11.0000000 0.7 0.72 0.74
v 13.6394924 11.7169699 11.0000000 0.7 0.72 0.74
v 13.6273556 11.8036055 11.0000000 0.7 0.72 0.74
v 13.6117841 11.8896901 11.0000000 0.7 0.72 0.74
v 13.5928024 11.9750876 11.0000000 0.7 0.72 0.74
v 13.5704406 12.0596630 11.0000000 0.7 0.72 0.74
v 13.5447341 12.1432824 11.0000000 0.7 0.72 0.74
v 13.5157236 12.2258137 11.0000000 0.7 0.72 0.74
v 13.4834547 12.3071264 11.0000000 0.7 0.72 0.74
v 13.4479787 12.3870920 11.0000000 0.7 0.72 0.74
v 13.4093516 12.4655839 11.0000000 0.7 0.72 0.74
v 13.3676345 12.5424781 11.0000000 0.7 0.72 0.74
v 13.3228933 12.6176529 11.0000000 0.7 0.72 0.74
v 13.2751987 12.6909896 11.0000000 0.7 0.72 0.74
v 13.2246263 12.7623721 11.0000000 0.7 0.72 0.74
v 13.1712559 12.8316876 11.0000000 0.7 0.72 0.74
v 13.1151720 12.8988265 11.0000000 0.7 0.72 0.74
v 13.0564632 12.9636826 11.0000000 0.7 0.72 0.74
v 12.9952224 13.0261534 11.0000000 0.7 0.72 0.74
v 12.9315464 13.0861400 11.0000000 0.7 0.72 0.74
v 12.8655359 13.1435477 11.0000000 0.7 0.72 0.74
v 12.7972952 13.1982857 11.0000000 0.7 0.72 0.74
v 12.7269323 13.2502674 11.0000000 0.7 0.72 0.74
v 12.6545584 13.2994105 11.0000000 0.7 0.72 0.74
v 12.5802879 13.3456376 11.0000000 0.7 0.72 0.74
v 12.5042384 13.3888753 11.0000000 0.7 0.72 0.74
v 12.4265300 13.4290553 11.0000000 0.7 0.72 0.74
v 12.3472856 13.4661142 11.0000000 0.7 0.72 0.74
v 12.2666305 13.4999934 11.0000000 0.7 0.72 0.74
v 12.1846923 13.5306391 11.0000000 0.7 0.72 0.74
v 12.1016005 13.5580031 11.0000000 0.7 0.72 0.74
v 12.0174864 13.5820420 11.0000000 0.7 0.72 0.74
v 11.9324832 13.6027177 11.0000000 0.7 0.72 0.74
v 11.8467252 13.6199978 11.0000000 0.7 0.72 0.74
v 11.7603480 13.6338547 11.0000000 0.7 0.72 0.74
v 11.6734882 13.6442666 11.0000000 0.7 0.72 0.74
v 11.5862831 13.6512170 11.0000000 0.7 0.72 0.74
v 11.4988707 13.6546950 11.0000000 0.7 0.72 0.74
v 11.4113890 13.6546950 11.0000000 0.7 0.72 0.74
v 11.3239766 13.6512170 11.0000000 0.7 0.72 0.74
v 11.2367715 13.6442666 11.0000000 0.7 0.72 0.74
v 11.1499117 13.6338547 11.0000000 0.7 0.72 0.74
v 11.0635345 13.6199978 11.0000000 0.7 0.72 0.74
v 10.9777765 13.6027177 11.0000000 0.7 0.72 0.74
v 10.8927733 13.5820420 11.0000000 0.7 0.72 0.74
v 10.8086593 13.5580031 11.0000000 0.7 0.72 0.74
v 10.7255674 13.5306391 11.0000000 0.7 0.72 0.74
v 10.6436292 13.4999934 11.0000000 0.7 0.72 0.74
v 10.5629741 13.4661142 11.0000000 0.7 0.72 0.74
v 10.4837298 13.4290553 11.0000000 0.7 0.72 0.74
v 10.4060214 13.3888753 11.0000000 0.7 0.72 0.74
v 10.3299718 13.3456376 11.0000000 0.7 0.72 0.74
v 10.2557014 13.2994105 11.0000000 0.7 0.72 0.74
v 10.1833275 13.2502674 11.0000000 0.7 0.72 0.74
v 10.1129645 13.1982857 11.0000000 0.7 0.72 0.74
v 10.0447239 13.1435477 11.0000000 0.7 0.72 0.74
v 9.9787133 13.0861400 11.0000000 0.7 0.72 0.74
v 9.9150373 13.0261534 11.0000000 0.7 0.72 0.74
v 9.8537965 12.9636826 11.0000000 0.7 0.72 0.74
v 9.7950877 12.8988265 11.0000000 0.7 0.72 0.74
v 9.7390038 12.8316876 11.0000000 0.7 0.72 0.74
v 9.6856334 12.7623721 11.0000000 0.7 0.72 0.74
v 9.6350610 12.6909896 11.0000000 0.7 0.72 0.74
v 9.5873665 12.6176529 11.0000000 0.7 0.72 0.74
v 9.5426253 12.5424781 11.0000000 0.7 0.72 0.74
v 9.5009081 12.4655839 11.0000000 0.7 0.72 0.74
v 9.4622810 12.3870920 11.0000000 0.7 0.72 0.74
v 9.4268050 12.3071264 11.0000000 0.7 0.72 0.74
v 9.3945362 12.2258137 11.0000000 0.7 0.72 0.74
v 9.3655256 12.1432824 11.0000000 0.7 0.72 0.74
v 9.3398191 12.0596630 11.0000000 0.7 0.72 0.74
v 9.3174573 11.9750876 11.0000000 0.7 0.72 0.74
v 9.2984756 11.8896901 11.0000000 0.7 0.72 0.74
v 9.2829041 11.8036055 11.0000000 0.7 0.72 0.74
v 9.2707673 11.7169699 11.0000000 0.7 0.72 0.74
v 9.2620844 11.6299202 11.0000000 0.7 0.72 0.74
v 9.2568692 11.5425942 11.0000000 0.7 0.72 0.74
v 9.2551299 11.4551299 11.0000000 0.7 0.72 0.74
v 9.2568692 11.3676655 11.0000000 0.7 0.72 0.74
v 9.2620844 11.2803395 11.0000000 0.7 0.72 0.74
v 9.2707673 11.1932898 11.0000000 0.7 0.72 0.74
v 9.2829041 11.1066542 11.0000000 0.7 0.72 0.74
v 9.2984756 11.0205696 11.0000000 0.7 0.72 0.74
v 9.3174573 10.9351721 11.0000000 0.7 0.72 0.74
v 9.3398191 10.8505968 11.0000000 0.7 0.72 0.74
v 9.3655256 10.7669773 11.0000000 0.7 0.72 0.74
v 9.3945362 10.6844460 11.0000000 0.7 0.72 0.74
v 9.4268050 10.6031333 11.0000000 0.7 0.72 0.74
v 9.4622810 10.5231677 11.0000000 0.7 0.72 0.74
v 9.5009081 10.4446758 11.0000000 0.7 0.72 0.74
v 9.5426253 10.3677816 11.0000000 0.7 0.72 0.74
v 9.5873665 10.2926068 11.0000000 0.7 0.72 0.74
v 9.6350610 10.2192701 11.0000000 0.7 0.72 0.74
v 9.6856334 10.1478876 11.0000000 0.7 0.72 0.74
v 9.7390038 10.0785721 11.0000000 0.7 0.72 0.74
v 9.7950877 10.0114332 11.0000000 0.7 0.72 0.74
v 9.8537965 9.9465771 11.0000000 0.7 0.72 0.74
v 9.9150373 9.8841063 11.0000000 0.7 0.72 0.74
v 9.9787133 9.8241197 11.0000000 0.7 0.72 0.74
v 10.0447239 9.7667120 11.0000000 0.7 0.72 0.74
v 10.1129645 9.7119740 11.0000000 0.7 0.72 0.74
v 10.1833275 9.6599924 11.0000000 0.7 0.72 0.74
v 10.2557014 9.6108492 11.0000000 0.7 0.72 0.74
v 10.3299718 9.5646222 11.0000000 0.7 0.72 0.74
v 10.4060214 9.5213844 11.0000000 0.7 0.72 0.74
v 10.4837298 9.4812044 11.0000000 0.7 0.72 0.74
v 10.5629741 9.4441455 11.0000000 0.7 0.72 0.74
v 10.6436292 9.4102664 11.0000000 0.7 0.72 0.74
v 10.7255674 9.3796206 11.0000000 0.7 0.72 0.74
v 10.8086593 9.3522566 11.0000000 0.7 0.72 0.74
v 10.8927733 9.3282178 11.0000000 0.7 0.72 0.74
v 10.9777765 9.3075420 11.0000000 0.7 0.72 0.74
v 11.0635345 9.2902619 11.0000000 0.7 0.72 0.74
v 11.1499117 9.2764050 11.0000000 0.7 0.72 0.74
v 11.2367715 9.2659931 11.0000000 0.7 0.72 0.74
v 11.3239766 9.2590427 11.0000000 0.7 0.72 0.74
v 11.4113890 9.2555647 11.0000000 0.7 0.72 0.74
v 11.4988707 9.2555647 11.0000000 0.7 0.72 0.74
v 11.5862831 9.2590427 11.0000000 0.7 0.72 0.74
v 11.6734882 9.2659931 11.0000000 0.7 0.72 0.74
v 11.7603480 9.2764050 11.0000000 0.7 0.72 0.74
v 11.8467252 9.2902619 11.0000000 0.7 0.72 0.74
v 11.9324832 9.3075420 11.0000000 0.7 0.72 0.74
v 12.0174864 9.3282178 11.0000000 0.7 0.72 0.74
v 12.1016005 9.3522566 11.0000000 0.7 0.72 0.74
v 12.1846923 9.3796206 11.0000000 0.7 0.72 0.74
v 12.2666305 9.4102664 11.0000000 0.7 0.72 0.74
v 12.3472856 9.4441455 11.0000000 0.7 0.72 0.74
v 12.4265300 9.4812044 11.0000000 0.7 0.72 0.74
v 12.5042384 9.5213844 11.0000000 0.7 0.72 0.74
v 12.5802879 9.5646222 11.0000000 0.7 0.72 0.74
v 12.6545584 9.6108492 11.0000000 0.7 0.72 0.74
v 12.7269323 9.6599924 11.0000000 0.7 0.72 0.74
v 12.7972952 9.7119740 11.0000000 0.7 0.72 0.74
v 12.8655359 9.7667120 11.0000000 0.7 0.72 0.74
v 12.9315464 9.8241197 11.0000000 0.7 0.72 0.74
v 12.9952224 9.8841063 11.0000000 0.7 0.72 0.74
v 13.0564632 9.9465771 11.0000000 0.7 0.72 0.74
v 13.1151720 10.0114332 11.0000000 0.7 0.72 0.74
v 13.1712559 10.0785721 11.0000000 0.7 0.72 0.74
v 13.2246263 10.1478876 11.0000000 0.7 0.72 0.74
v 13.2751987 10.2192701 11.0000000 0.7 0.72 0.74
v 13.3228933 10.2926068 11.0000000 0.7 0.72 0.74
v 13.3676345 10.3677816 11.0000000 0.7 0.72 0.74
v 13.4093516 10.4446758 11.0000000 0.7 0.72 0.74
v 13.4479787 10.5231677 11.0000000 0.7 0.72 0.74
v 13.4834547 10.6031333 11.0000000 0.7 0.72 0.74
v 13.5157236 10.6844460 11.0000000 0.7 0.72 0.74
v 13.5447341 10.7669773 11.0000000 0.7 0.72 0.74
v 13.5704406 10.8505968 11.0000000 0.7 0.72 0.74
v 13.5928024 10.9351721 11.0000000 0.7 0.72 0.74
v 13.6117841 11.0205696 11.0000000 0.7 0.72 0.74
v 13.6273556 11.1066542 11.0000000 0.7 0.72 0.74
v 13.6394924 11.1932898 11.0000000 0.7 0.72 0.74
v 13.6481753 11.2803395 11.0000000 0.7 0.72 0.74
v 13.6533905 11.3676655 11.0000000 0.7 0.72 0.74
v 13.6551299 11.4551299 11.0000000 0.7 0.72 0.74
v 13.6551299 11.4551299 8.1000000 0.7 0.72 0.74
v 13.6533905 11.5425942 8.1000000 0.7 0.72 0.74
v 13.6481753 11.6299202 8.1000000 0.7 0.72 0.74
v 13.6394924 11.7169699 8.1000000 0.7 0.72 0.74
v 13.6273556 11.8036055 8.1000000 0.7 0.72 0.74
v 13.6117841 11.8896901 8.1000000 0.7 0.72 0.74
v 13.5928024 11.9750876 8.1000000 0.7 0.72 0.74
v 13.5704406 12.0596630 8.1000000 0.7 0.72 0.74
v 13.5447341 12.1432824 8.1000000 0.7 0.72 0.74
v 13.5157236 12.2258137 8.1000000 0.7 0.72 0.74
v 13.4834547 12.3071264 8.1000000 0.7 0.72 0.74
v 13.4479787 12.3870920 8.1000000 0.7 0.72 0.74
v 13.4093516 12.4655839 8.1000000 0.7 0.72 0.74
v 13.3676345 12.5424781 8.1000000 0.7 0.72 0.74
v 13.3228933 12.6176529 8.1000000 0.7 0.72 0.74
v 13.2751987 12.6909896 8.1000000 0.7 0.72 0.74
v 13.2246263 12.7623721 8.1000000 0.7 0.72 0.74
v 13.1712559 12.8316876 8.1000000 0.7 0.72 0.74
v 13.1151720 12.8988265 8.1000000 0.7 0.72 0.74
v 13.0564632 12.9636826 8.1000000 0.7 0.72 0.74
v 12.9952224 13.0261534 8.1000000 0.7 0.72 0.74
v 12.9315464 13.0861400 8.1000000 0.7 0.72 0.74
v 12.8655359 13.1435477 8.1000000 0.7 0.72 0.74
v 12.7972952 13.1982857 8.1000000 0.7 0.72 0.74
v 12.7269323 13.2502674 8.1000000 0.7 0.72 0.74
v 12.6545584 13.2994105 8.1000000 0.7 0.72 0.74
v 12.5802879 13.3456376 8.1000000 0.7 0.72 0.74
v 12.5042384 13.3888753 8.1000000 0.7 0.72 0.74
v 12.4265300 13.4290553 8.1000000 0.7 0.72 0.74
v 12.3472856 13.4661142 8.1000000 0.7 0.72 0.74
v 12.2666305 13.4999934 8.1000000 0.7 0.72 0.74
v 12.1846923 13.5306391 8.1000000 0.7 0.72 0.74
v 12.1016005 13.5580031 8.1000000 0.7 0.72 0.74
v 12.0174864 13.5820420 8.1000000 0.7 0.72 0.74
v 11.9324832 13.6027177 8.1000000 0.7 0.72 0.74
v 11.8467252 13.6199978 8.1000000 0.7 0.72 0.74
v 11.7603480 13.6338547 8.1000000 0.7 0.72 0.74
v 11.6734882 13.6442666 8.1000000 0.7 0.72 0.74
v 11.5862831 13.6512170 8.1000000 0.7 0.72 0.74
v 11.4988707 13.6546950 8.1000000 0.7 0.72 0.74
v 11.4113890 13.6546950 8.1000000 0.7 0.72 0.74
v 11.3239766 13.6512170 8.1000000 0.7 0.72 0.74
v 11.2367715 13.6442666 8.1000000 0.7 0.72 0.74
v 11.1499117 13.6338547 8.1000000 0.7 0.72 0.74
v 11.0635345 13.6199978 8.1000000 0.7 0.72 0.74
v 10.9777765 13.6027177 8.1000000 0.7 0.72 0.74
v 10.8927733 13.5820420 8.1000000 0.7 0.72 0.74
v 10.8086593 13.5580031 8.1000000 0.7 0.72 0.74
v 10.7255674 13.5306391 8.1000000 0.7 0.72 0.74
v 10.6436292 13.4999934 8.1000000 0.7 0.72 0.74
v 10.5629741 13.4661142 8.1000000 0.7 0.72 0.74
v 10.4837298 13.4290553 8.1000000 0.7 0.72 0.74
v 10.4060214 13.3888753 8.1000000 0.7 0.72 0.74
v 10.3299718 13.3456376 8.1000000 0.7 0.72 0.74
v 10.2557014 13.2994105 8.1000000 0.7 0.72 0.74
v 10.1833275 13.2502674 8.1000000 0.7 0.72 0.74
v 10.1129645 13.1982857 8.1000000 0.7 0.72 0.74
v 10.0447239 13.1435477 8.1000000 0.7 0.72 0.74
v 9.9787133 13.0861400 8.1000000 0.7 0.72 0.74
v 9.9150373 13.0261534 8.1000000 0.7 0.72 0.74
v 9.8537965 12.9636826 8.1000000 0.7 0.72 0.74
v 9.7950877 12.8988265 8.1000000 0.7 0.72 0.74
v 9.7390038 12.8316876 8.1000000 0.7 0.72 0.74
v 9.6856334 12.7623721 8.1000000 0.7 0.72 0.74
v 9.6350610 12.6909896 8.1000000 0.7 0.72 0.74
v 9.5873665 12.6176529 8.1000000 0.7 0.72 0.74
v 9.5426253 12.5424781 8.1000000 0.7 0.72 0.74
v 9.5009081 12.4655839 8.1000000 0.7 0.72 0.74
v 9.4622810 12.3870920 8.1000000 0.7 0.72 0.74
v 9.4268050 12.3071264 8.1000000 0.7 0.72 0.74
v 9.3945362 12.2258137 8.1000000 0.7 0.72 0.74
v 9.3655256 12.1432824 8.1000000 0.7 0.72 0.74
v 9.3398191 12.0596630 8.1000000 0.7 0.72 0.74
v 9.3174573 11.9750876 8.1000000 0.7 0.72 0.74
v 9.2984756 11.8896901 8.1000000 0.7 0.72 0.74
v 9.2829041 11.8036055 8.1000000 0.7 0.72 0.74
v 9.2707673 11.7169699 8.1000000 0.7 0.72 0.74
v 9.2620844 11.6299202 8.1000000 0.7 0.72 0.74
v 9.2568692 11.5425942 8.1000000 0.7 0.72 0.74
v 9.2551299 11.4551299 8.1000000 0.7 0.72 0.74
v 9.2568692 11.3676655 8.1000000 0.7 0.72 0.74
v 9.2620844 11.2803395 8.1000000 0.7 0.72 0.74
v 9.2707673 11.1932898 8.1000000 0.7 0.72 0.74
v 9.2829041 11.1066542 8.1000000 0.7 0.72 0.74
v 9.2984756 11.0205696 8.1000000 0.7 0.72 0.74
v 9.3174573 10.9351721 8.1000000 0.7 0.72 0.74
v 9.3398191 10.8505968 8.1000000 0.7 0.72 0.74
v 9.3655256 10.7669773 8.1000000 0.7 0.72 0.74
v 9.3945362 10.6844460 8.1000000 0.7 0.72 0.74
v 9.4268050 10.6031333 8.1000000 0.7 0.72 0.74
v 9.4622810 10.5231677 8.1000000 0.7 0.72 0.74
v 9.5009081 10.4446758 8.1000000 0.7 0.72 0.74
v 9.5426253 10.3677816 8.1000000 0.7 0.72 0.74
v 9.5873665 10.2926068 8.1000000 0.7 0.72 0.74
v 9.6350610 10.2192701 8.1000000 0.7 0.72 0.74
v 9.6856334 10.1478876 8.1000000 0.7 0.72 0.74
v 9.7390038 10.0785721 8.1000000 0.7 0.72 0.74
v 9.7950877 10.0114332 8.1000000 0.7 0.72 0.74
v 9.8537965 9.9465771 8.1000000 0.7 0.72 0.74
v 9.9150373 9.8841063 8.1000000 0.7 0.72 0.74
v 9.9787133 9.8241197 8.1000000 0.7 0.72 0.74
v 10.0447239 9.7667120 8.1000000 0.7 0.72 0.74
v 10.1129645 9.7119740 8.1000000 0.7 0.72 0.74
v 10.1833275 9.6599924 8.1000000 0.7 0.72 0.74
v 10.2557014 9.6108492 8.1000000 0.7 0.72 0.74
v 10.3299718 9.5646222 8.1000000 0.7 0.72 0.74
v 10.4060214 9.5213844 8.1000000 0.7 0.72 0.74
v 10.4837298 9.4812044 8.1000000 0.7 0.72 0.74
v 10.5629741 9.4441455 8.1000000 0.7 0.72 0.74
v 10.6436292 9.4102664 8.1000000 0.7 0.72 0.74
v 10.7255674 9.3796206 8.1000000 0.7 0.72 0.74
v 10.8086593 9.3522566 8.1000000 0.7 0.72 0.74
v 10.8927733 9.3282178 8.1000000 0.7 0.72 0.74
v 10.9777765 9.3075420 8.1000000 0.7 0.72 0.74
v 11.0635345 9.2902619 8.1000000 0.7 0.72 0.74
v 11.1499117 9.2764050 8.1000000 0.7 0.72 0.74
v 11.2367715 9.2659931 8.1000000 0.7 0.72 0.74
v 11.3239766 9.2590427 8.1000000 0.7 0.72 0.74
v 11.4113890 9.2555647 8.1000000 0.7 0.72 0.74
v 11.4988707 9.2555647 8.1000000 0.7 0.72 0.74
v 11.5862831 9.2590427 8.1000000 0.7 0.72 0.74
v 11.6734882 9.2659931 8.1000000 0.7 0.72 0.74
v 11.7603480 9.2764050 8.1000000 0.7 0.72 0.74
v 11.8467252 9.2902619 8.1000000 0.7 0.72 0.74
v 11.9324832 9.3075420 8.1000000 0.7 0.72 0.74
v 12.0174864 9.3282178 8.1000000 0.7 0.72 0.74
v 12.1016005 9.3522566 8.1000000 0.7 0.72 0.74
v 12.1846923 9.3796206 8.1000000 0.7 0.72 0.74
v 12.2666305 9.4102664 8.1000000 0.7 0.72 0.74
v 12.3472856 9.4441455 8.1000000 0.7 0.72 0.74
v 12.4265300 9.4812044 8.1000000 0.7 0.72 0.74
v 12.5042384 9.5213844 8.1000000 0.7 0.72 0.74
v 12.5802879 9.5646222 8.1000000 0.7 0.72 0.74
v 12.6545584 9.6108492 8.1000000 0.7 0.72 0.74
v 12.7269323 9.6599924 8.1000000 0.7 0.72 0.74
v 12.7972952 9.7119740 8.1000000 0.7 0.72 0.74
v 12.8655359 9.7667120 8.1000000 0.7 0.72 0.74
v 12.9315464 9.8241197 8.1000000 0.7 0.72 0.74
v 12.9952224 9.8841063 8.1000000 0.7 0.72 0.74
v 13.0564632 9.9465771 8.1000000 0.7 0.72 0.74
v 13.1151720 10.0114332 8.1000000 0.7 0.72 0.74
v 13.1712559 10.0785721 8.1000000 0.7 0.72 0.74
v 13.2246263 10.1478876 8.1000000 0.7 0.72 0.74
v 13.2751987 10.2192701 8.1000000 0.7 0.72 0.74
v 13.3228933 10.2926068 8.1000000 0.7 0.72 0.74
v 13.3676345 10.3677816 8.1000000 0.7 0.72 0.74
v 13.4093516 10.4446758 8.1000000 0.7 0.72 0.74
v 13.4479787 10.5231677 8.1000000 0.7 0.72 0.74
v 13.4834547 10.6031333 8.1000000 0.7 0.72 0.74
v 13.5157236 10.6844460 8.1000000 0.7 0.72 0.74
v 13.5447341 10.7669773 8.1000000 0.7 0.72 0.74
v 13.5704406 10.8505968 8.1000000 0.7 0.72 0.74
v 13.5928024 10.9351721 8.1000000 0.7 0.72 0.74
v 13.6117841 11.0205696 8.1000000 0.7 0.72 0.74
v 13.6273556 11.1066542 8.1000000 0.7 0.72 0.74
v 13.6394924 11.1932898 8.1000000 0.7 0.72 0.74
v 13.6481753 11.2803395 8.1000000 0.7 0.72 0.74
v 13.6533905 11.3676655 8.1000000 0.7 0.72 0.74
v 13.1551299 11.4551299 8.1000000 0.7 0.72 0.74
v 13.1551299 11.4551299 11.0000000 0.7 0.72 0.74
v 13.1537858 11.5227159 11.0000000 0.7 0.72 0.74
v 13.1497559 11.5901951 11.0000000 0.7 0.72 0.74
v 13.1430464 11.6574608 11.0000000 0.7 0.72 0.74
v 13.1336679 11.7244065 11.0000000 0.7 0.72 0.74
v 13.1216354 11.7909264 11.0000000 0.7 0.72 0.74
v 13.1069677 11.8569154 11.0000000 0.7 0.72 0.74
v 13.0896882 11.9222691 11.0000000 0.7 0.72 0.74
v 13.0698241 11.9868841 11.0000000 0.7 0.72 0.74
v 13.0474068 12.0506583 11.0000000 0.7 0.72 0.74
v 13.0224718 12.1134909 11.0000000 0.7 0.72 0.74
v 12.9950585 12.1752824 11.0000000 0.7 0.72 0.74
v 12.9652103 12.2359352 11.0000000 0.7 0.72 0.74
v 12.9329743 12.2953535 11.0000000 0.7 0.72 0.74
v 12.8984016 12.3534431 11.0000000 0.7 0.72 0.74
v 12.8615467 12.4101124 11.0000000 0.7 0.72 0.74
v 12.8224680 12.4652716 11.0000000 0.7 0.72 0.74
v 12.7812273 12.5188336 11.0000000 0.7 0.72 0.74
v 12.7378897 12.5707136 11.0000000 0.7 0.72 0.74
v 12.6925238 12.6208297 11.0000000 0.7 0.72 0.74
v 12.6452014 12.6691026 11.0000000 0.7 0.72 0.74
v 12.5959972 12.7154559 11.0000000 0.7 0.72 0.74
v 12.5449890 12.7598164 11.0000000 0.7 0.72 0.74
v 12.4922576 12.8021139 11.0000000 0.7 0.72 0.74
v 12.4378863 12.8422816 11.0000000 0.7 0.72 0.74
v 12.3819610 12.8802558 11.0000000 0.7 0.72 0.74
v 12.3245702 12.9159767 11.0000000 0.7 0.72 0.74
v 12.2658046 12.9493877 11.0000000 0.7 0.72 0.74
v 12.2057572 12.9804359 11.0000000 0.7 0.72 0.74
v 12.1445229 13.0090723 11.0000000 0.7 0.72 0.74
v 12.0821985 13.0352516 11.0000000 0.7 0.72 0.74
v 12.0188826 13.0589325 11.0000000 0.7 0.72 0.74
v 11.9546753 13.0800773 11.0000000 0.7 0.72 0.74
v 11.8896781 13.0986528 11.0000000 0.7 0.72 0.74
v 11.8239938 13.1146296 11.0000000 0.7 0.72 0.74
v 11.7577263 13.1279823 11.0000000 0.7 0.72 0.74
v 11.6909803 13.1386899 11.0000000 0.7 0.72 0.74
v 11.6238613 13.1467355 11.0000000 0.7 0.72 0.74
v 11.5564756 13.1521063 11.0000000 0.7 0.72 0.74
v 11.4889296 13.1547938 11.0000000 0.7 0.72 0.74
v 11.4213301 13.1547938 11.0000000 0.7 0.72 0.74
v 11.3537841 13.1521063 11.0000000 0.7 0.72 0.74
v 11.2863984 13.1467355 11.0000000 0.7 0.72 0.74
v 11.2192795 13.1386899 11.0000000 0.7 0.72 0.74
v 11.1525334 13.1279823 11.0000000 0.7 0.72 0.74
v 11.0862659 13.1146296 11.0000000 0.7 0.72 0.74
v 11.0205816 13.0986528 11.0000000 0.7 0.72 0.74
v 10.9555844 13.0800773 11.0000000 0.7 0.72 0.74
v 10.8913771 13.0589325 11.0000000 0.7 0.72 0.74
v 10.8280612 13.0352516 11.0000000 0.7 0.72 0.74
v 10.7657368 13.0090723 11.0000000 0.7 0.72 0.74
v 10.7045025 12.9804359 11.0000000 0.7 0.72 0.74
v 10.6444551 12.9493877 11.0000000 0.7 0.72 0.74
v 10.5856895 12.9159767 11.0000000 0.7 0.72 0.74
v 10.5282987 12.8802558 11.0000000 0.7 0.72 0.74
v 10.4723735 12.8422816 11.0000000 0.7 0.72 0.74
v 10.4180021 12.8021139 11.0000000 0.7 0.72 0.74
v 10.3652707 12.7598164 11.0000000 0.7 0.72 0.74
v 10.3142625 12.7154559 11.0000000 0.7 0.72 0.74
v 10.2650583 12.6691026 11.0000000 0.7 0.72 0.74
v 10.2177359 12.6208297 11.0000000 0.7 0.72 0.74
v 10.1723700 12.5707136 11.0000000 0.7 0.72 0.74
v 10.1290324 12.5188336 11.0000000 0.7 0.72 0.74
v 10.0877917 12.4652716 11.0000000 0.7 0.72 0.74
v 10.0487130 12.4101124 11.0000000 0.7 0.72 0.74
v 10.0118581 12.3534431 11.0000000 0.7 0.72 0.74
v 9.9772854 12.2953535 11.0000000 0.7 0.72 0.74
v 9.9450494 12.2359352 11.0000000 0.7 0.72 0.74
v 9.9152012 12.1752824 11.0000000 0.7 0.72 0.74
v 9.8877879 12.1134909 11.0000000 0.7 0.72 0.74
v 9.8628529 12.0506583 11.0000000 0.7 0.72 0.74
v 9.8404356 11.9868841 11.0000000 0.7 0.72 0.74
v 9.8205715 11.9222691 11.0000000 0.7 0.72 0.74
v 9.8032920 11.8569154 11.0000000 0.7 0.72 0.74
v 9.7886243 11.7909264 11.0000000 0.7 0.72 0.74
v 9.7765918 11.7244065 11.0000000 0.7 0.72 0.74
v 9.7672133 11.6574608 11.0000000 0.7 0.72 0.74
v 9.7605038 11.5901951 11.0000000 0.7 0.72 0.74
v 9.7564739 11.5227159 11.0000000 0.7 0.72 0.74
v 9.7551299 11.4551299 11.0000000 0.7 0.72 0.74
v 9.7564739 11.3875438 11.0000000 0.7 0.72 0.74
v 9.7605038 11.3200646 11.0000000 0.7 0.72 0.74
v 9.7672133 11.2527989 11.0000000 0.7 0.72 0.74
v 9.7765918 11.1858532 11.0000000 0.7 0.72 0.74
v 9.7886243 11.1193333 11.0000000 0.7 0.72 0.74
v 9.8032920 11.0533443 11.0000000 0.7 0.72 0.74
v 9.8205715 10.9879906 11.0000000 0.7 0.72 0.74
v 9.8404356 10.9233756 11.0000000 0.7 0.72 0.74
v 9.8628529 10.8596014 11.0000000 0.7 0.72 0.74
v 9.8877879 10.7967689 11.0000000 0.7 0.72 0.74
v 9.9152012 10.7349773 11.0000000 0.7 0.72 0.74
v 9.9450494 10.6743245 11.0000000 0.7 0.72 0.74
v 9.9772854 10.6149062 11.0000000 0.7 0.72 0.74
v 10.0118581 10.5568166 11.0000000 0.7 0.72 0.74
v 10.0487130 10.5001473 11.0000000 0.7 0.72 0.74
v 10.0877917 10.4449881 11.0000000 0.7 0.72 0.74
v 10.1290324 10.3914261 11.0000000 0.7 0.72 0.74
v 10.1723700 10.3395461 11.0000000 0.7 0.72 0.74
v 10.2177359 10.2894300 11.0000000 0.7 0.72 0.74
v 10.2650583 10.2411571 11.0000000 0.7 0.72 0.74
v 10.3142625 10.1948038 11.0000000 0.7 0.72 0.74
v 10.3652707 10.1504433 11.0000000 0.7 0.72 0.74
v 10.4180021 10.1081458 11.0000000 0.7 0.72 0.74
v 10.4723735 10.0679781 11.0000000 0.7 0.72 0.74
v 10.5282987 10.0300039 11.0000000 0.7 0.72 0.74
v 10.5856895 9.9942830 11.0000000 0.7 0.72 0.74
v 10.6444551 9.9608720 11.0000000 0.7 0.72 0.74
v 10.7045025 9.9298238 11.0000000 0.7 0.72 0.74
v 10.7657368 9.9011874 11.0000000 0.7 0.72 0.74
v 10.8280612 9.8750081 11.0000000 0.7 0.72 0.74
v 10.8913771 9.8513272 11.0000000 0.7 0.72 0.74
v 10.9555844 9.8301824 11.0000000 0.7 0.72 0.74
v 11.0205816 9.8116069 11.0000000 0.7 0.72 0.74
v 11.0862659 9.7956301 11.0000000 0.7 0.72 0.74
v 11.1525334 9.7822774 11.0000000 0.7 0.72 0.74
v 11.2192795 9.7715698 11.0000000 0.7 0.72 0.74
v 11.2863984 9.7635242 11.0000000 0.7 0.72 0.74
v 11.3537841 9.7581534 11.0000000 0.7 0.72 0.74
v 11.4213301 9.7554659 11.0000000 0.7 0.72 0.74
v 11.4889296 9.7554659 11.0000000 0.7 0.72 0.74
v 11.5564756 9.7581534 11.0000000 0.7 0.72 0.74
v 11.6238613 9.7635242 11.0000000 0.7 0.72 0.74
v 11.6909803 9.7715698 11.0000000 0.7 0.72 0.74
v 11.7577263 9.7822774 11.0000000 0.7 0.72 0.74
v 11.8239938 9.7956301 11.0000000 0.7 0.72 0.74
v 11.8896781 9.8116069 11.0000000 0.7 0.72 0.74
v 11.9546753 9.8301824 11.0000000 0.7 0.72 0.74
v 12.0188826 9.8513272 11.0000000 0.7 0.72 0.74
v 12.0821985 9.8750081 11.0000000 0.7 0.72 0.74
v 12.1445229 9.9011874 11.0000000 0.7 0.72 0.74
v 12.2057572 9.9298238 11.0000000 0.7 0.72 0.74
v 12.2658046 9.9608720 11.0000000 0.7 0.72 0.74
v 12.3245702 9.9942830 11.0000000 0.7 0.72 0.74
v 12.3819610 10.0300039 11.0000000 0.7 0.72 0.74
v 12.4378863 10.0679781 11.0000000 0.7 0.72 0.74
v 12.4922576 10.1081458 11.0000000 0.7 0.72 0.74
v 12.5449890 10.1504433 11.0000000 0.7 0.72 0.74
v 12.5959972 10.1948038 11.0000000 0.7 0.72 0.74
v 12.6452014 10.2411571 11.0000000 0.7 0.72 0.74
v 12.6925238 10.2894300 11.0000000 0.7 0.72 0.74
v 12.7378897 10.3395461 11.0000000 0.7 0.72 0.74
v 12.7812273 10.3914261 11.0000000 0.7 0.72 0.74
v 12.8224680 10.4449881 11.0000000 0.7 0.72 0.74
v 12.8615467 10.5001473 11.0000000 0.7 0.72 0.74
v 12.8984016 10.5568166 11.0000000 0.7 0.72 0.74
v 12.9329743 10.6149062 11.0000000 0.7 0.72 0.74
v 12.9652103 10.6743245 11.0000000 0.7 0.72 0.74
v 12.9950585 10.7349773 11.0000000 0.7 0.72 0.74
v 13.0224718 10.7967689 11.0000000 0.7 0.72 0.74
v 13.0474068 10.8596014 11.0000000 0.7 0.72 0.74
v 13.0698241 10.9233756 11.0000000 0.7 0.72 0.74
v 13.0896882 10.9879906 11.0000000 0.7 0.72 0.74
v 13.1069677 11.0533443 11.0000000 0.7 0.72 0.74
v 13.1216354 11.1193333 11.0000000 0.7 0.72 0.74
v 13.1336679 11.1858532 11.0000000 0.7 0.72 0.74
v 13.1430464 11.2527989 11.0000000 0.7 0.72 0.74
v 13.1497559 11.3200646 11.0000000 0.7 0.72 0.74
v 13.1537858 11.3875438 11.0000000 0.7 0.72 0.74
v 13.1551299 11.4551299 11.0000000 0.7 0.72 0.74
v 13.1551299 11.4551299 8.1000000 0.7 0.72 0.74
v 13.1537858 11.5227159 8.1000000 0.7 0.72 0.74
v 13.1497559 11.5901951 8.1000000 0.7 0.72 0.74
v 13.1430464 11.6574608 8.1000000 0.7 0.72 0.74
v 13.1336679 11.7244065 8.1000000 0.7 0.72 0.74
v 13.1216354 11.7909264 8.1000000 0.7 0.72 0.74
v 13.1069677 11.8569154 8.1000000 0.7 0.72 0.74
v 13.0896882 11.9222691 8.1000000 0.7 0.72 0.74
v 13.0698241 11.9868841 8.1000000 0.7 0.72 0.74
v 13.0474068 12.0506583 8.1000000 0.7 0.72 0.74
v 13.0224718 12.1134909 8.1000000 0.7 0.72 0.74
v 12.9950585 12.1752824 8.1000000 0.7 0.72 0.74
v 12.9652103 12.2359352 8.1000000 0.7 0.72 0.74
v 12.9329743 12.2953535 8.1000000 0.7 0.72 0.74
v 12.8984016 12.3534431 8.1000000 0.7 0.72 0.74
v 12.8615467 12.4101124 8.1000000 0.7 0.72 0.74
v 12.8224680 12.4652716 8.1000000 0.7 0.72 0.74
v 12.7812273 12.5188336 8.1000000 0.7 0.72 0.74
v 12.7378897 12.5707136 8.1000000 0.7 0.72 0.74
v 12.6925238 12.6208297 8.1000000 0.7 0.72 0.74
v 12.6452014 12.6691026 8.1000000 0.7 0.72 0.74
v 12.5959972 12.7154559 8.1000000 0.7 0.72 0.74
v 12.5449890 12.7598164 8.1000000 0.7 0.72 0.74
v 12.4922576 12.8021139 8.1000000 0.7 0.72 0.74
v 12.4378863 12.8422816 8.1000000 0.7 0.72 0.74
v 12.3819610 12.8802558 8.1000000 0.7 0.72 0.74
v 12.3245702 12.9159767 8.1000000 0.7 0.72 0.74
v 12.2658046 12.9493877 8.1000000 0.7 0.72 0.74
v 12.2057572 12.9804359 8.1000000 0.7 0.72 0.74
v 12.1445229 13.0090723 8.1000000 0.7 0.72 0.74
v 12.0821985 13.0352516 8.1000000 0.7 0.72 0.74
v 12.0188826 13.0589325 8.1000000 0.7 0.72 0.74
v 11.9546753 13.0800773 8.1000000 0.7 0.72 0.74
v 11.8896781 13.0986528 8.1000000 0.7 0.72 0.74
v 11.8239938 13.1146296 8.1000000 0.7 0.72 0.74
v 11.7577263 13.1279823 8.1000000 0.7 0.72 0.74
v 11.6909803 13.1386899 8.1000000 0.7 0.72 0.74
v 11.6238613 13.1467355 8.1000000 0.7 0.72 0.74
v 11.5564756 13.1521063 8.1000000 0.7 0.72 0.74
v 11.4889296 13.1547938 8.1000000 0.7 0.72 0.74
v 11.4213301 13.1547938 8.1000000 0.7 0.72 0.74
v 11.3537841 13.1521063 8.1000000 0.7 0.72 0.74
v 11.2863984 13.1467355 8.1000000 0.7 0.72 0.74
v 11.2192795 13.1386899 8.1000000 0.7 0.72 0.74
v 11.1525334 13.1279823 8.1000000 0.7 0.72 0.74
v 11.0862659 13.1146296 8.1000000 0.7 0.72 0.74
v 11.0205816 13.0986528 8.1000000 0.7 0.72 0.74
v 10.9555844 13.0800773 8.1000000 0.7 0.72 0.74
v 10.8913771 13.0589325 8.1000000 0.7 0.72 0.74
v 10.8280612 13.0352516 8.1000000 0.7 0.72 0.74
v 10.7657368 13.0090723 8.1000000 0.7 0.72 0.74
v 10.7045025 12.9804359 8.1000000 0.7 0.72 0.74
v 10.6444551 12.9493877 8.1000000 0.7 0.72 0.74
v 10.5856895 12.9159767 8.1000000 0.7 0.72 0.74
v 10.5282987 12.8802558 8.1000000 0.7 0.72 0.74
v 10.4723735 12.8422816 8.1000000 0.7 0.72 0.74
v 10.4180021 12.8021139 8.1000000 0.7 0.72 0.74
v 10.3652707 12.7598164 8.1000000 0.7 0.72 0.74
v 10.3142625 12.7154559 8.1000000 0.7 0.72 0.74
v 10.2650583 12.6691026 8.1000000 0.7 0.72 0.74
v 10.2177359 12.6208297 8.1000000 0.7 0.72 0.74
v 10.1723700 12.5707136 8.1000000 0.7 0.72 0.74
v 10.1290324 12.5188336 8.1000000 0.7 0.72 0.74
v 10.0877917 12.4652716 8.1000000 0.7 0.72 0.74
v 10.0487130 12.4101124 8.1000000 0.7 0.72 0.74
v 10.0118581 12.3534431 8.1000000 0.7 0.72 0.74
v 9.9772854 12.2953535 8.1000000 0.7 0.72 0.74
v 9.9450494 12.2359352 8.1000000 0.7 0.72 0.74
v 9.9152012 12.1752824 8.1000000 0.7 0.72 0.74
v 9.8877879 12.1134909 8.1000000 0.7 0.72 0.74
v 9.8628529 12.0506583 8.1000000 0.7 0.72 0.74
v 9.8404356 11.9868841 8.1000000 0.7 0.72 0.74
v 9.8205715 11.9222691 8.1000000 0.7 0.72 0.74
v 9.8032920 11.8569154 8.1000000 0.7 0.72 0.74
v 9.7886243 11.7909264 8.1000000 0.7 0.72 0.74
v 9.7765918 11.7244065 8.1000000 0.7 0.72 0.74
v 9.7672133 11.6574608 8.1000000 0.7 0.72 0.74
v 9.7605038 11.5901951 8.1000000 0.7 0.72 0.74
v 9.7564739 11.5227159 8.1000000 0.7 0.72 0.74
v 9.7551299 11.4551299 8.1000000 0.7 0.72 0.74
v 9.7564739 11.3875438 8.1000000 0.7 0.72 0.74
v 9.7605038 11.3200646 8.1000000 0.7 0.72 0.74
v 9.7672133 11.2527989 8.1000000 0.7 0.72 0.74
v 9.7765918 11.1858532 8.1000000 0.7 0.72 0.74
v 9.7886243 11.1193333 8.1000000 0.7 0.72 0.74
v 9.8032920 11.0533443 8.1000000 0.7 0.72 0.74
v 9.8205715 10.9879906 8.1000000 0.7 0.72 0.74
v 9.8404356 10.9233756 8.1000000 0.7 0.72 0.74
v 9.8628529 10.8596014 8.1000000 0.7 0.72 0.74
v 9.8877879 10.7967689 8.1000000 0.7 0.72 0.74
v 9.9152012 10.7349773 8.1000000 0.7 0.72 0.74
v 9.9450494 10.6743245 8.1000000 0.7 0.72 0.74
v 9.9772854 10.6149062 8.1000000 0.7 0.72 0.74
v 10.0118581 10.5568166 8.1000000 0.7 0.72 0.74
v 10.0487130 10.5001473 8.1000000 0.7 0.72 0.74
v 10.0877917 10.4449881 8.1000000 0.7 0.72 0.74
v 10.1290324 10.3914261 8.1000000 0.7 0.72 0.74
v 10.1723700 10.3395461 8.1000000 0.7 0.72 0.74
v 10.2177359 10.2894300 8.1000000 0.7 0.72 0.74
v 10.2650583 10.2411571 8.1000000 0.7 0.72 0.74
v 10.3142625 10.1948038 8.1000000 0.7 0.72 0.74
v 10.3652707 10.1504433 8.1000000 0.7 0.72 0.74
v 10.4180021 10.1081458 8.1000000 0.7 0.72 0.74
v 10.4723735 10.0679781 8.1000000 0.7 0.72 0.74
v 10.5282987 10.0300039 8.1000000 0.7 0.72 0.74
v 10.5856895 9.9942830 8.1000000 0.7 0.72 0.74
v 10.6444551 9.9608720 8.1000000 0.7 0.72 0.74
v 10.7045025 9.9298238 8.1000000 0.7 0.72 0.74
v 10.7657368 9.9011874 8.1000000 0.7 0.72 0.74
v 10.8280612 9.8750081 8.1000000 0.7 0.72 0.74
v 10.8913771 9.8513272 8.1000000 0.7 0.72 0.74
v 10.9555844 9.8301824 8.1000000 0.7 0.72 0.74
v 11.0205816 9.8116069 8.1000000 0.7 0.72 0.74
v 11.0862659 9.7956301 8.1000000 0.7 0.72 0.74
v 11.1525334 9.7822774 8.1000000 0.7 0.72 0.74
v 11.2192795 9.7715698 8.1000000 0.7 0.72 0.74
v 11.2863984 9.7635242 8.1000000 0.7 0.72 0.74
v 11.3537841 9.7581534 8.1000000 0.7 0.72 0.74
v 11.4213301 9.7554659 8.1000000 0.7 0.72 0.74
v 11.4889296 9.7554659 8.1000000 0.7 0.72 0.74
v 11.5564756 9.7581534 8.1000000 0.7 0.72 0.74
v 11.6238613 9.7635242 8.1000000 0.7 0.72 0.74
v 11.6909803 9.7715698 8.1000000 0.7 0.72 0.74
v 11.7577263 9.7822774 8.1000000 0.7 0.72 0.74
v 11.8239938 9.7956301 8.1000000 0.7 0.72 0.74
v 11.8896781 9.8116069 8.1000000 0.7 0.72 0.74
v 11.9546753 9.8301824 8.1000000 0.7 0.72 0.74
v 12.0188826 9.8513272 8.1000000 0.7 0.72 0.74
v 12.0821985 9.8750081 8.1000000 0.7 0.72 0.74
v 12.1445229 9.9011874 8.1000000 0.7 0.72 0.74
v 12.2057572 9.9298238 8.1000000 0.7 0.72 0.74
v 12.2658046 9.9608720 8.1000000 0.7 0.72 0.74
v 12.3245702 9.9942830 8.1000000 0.7 0.72 0.74
v 12.3819610 10.0300039 8.1000000 0.7 0.72 0.74
v 12.4378863 10.0679781 8.1000000 0.7 0.72 0.74
v 12.4922576 10.1081458 8.1000000 0.7 0.72 0.74
v 12.5449890 10.1504433 8.1000000 0.7 0.72 0.74
v 12.5959972 10.1948038 8.1000000 0.7 0.72 0.74
v 12.6452014 10.2411571 8.1000000 0.7 0.72 0.74
v 12.6925238 10.2894300 8.1000000 0.7 0.72 0.74
v 12.7378897 10.3395461 8.1000000 0.7 0.72 0.74
v 12.7812273 10.3914261 8.1000000 0.7 0.72 0.74
v 12.8224680 10.4449881 8.1000000 0.7 0.72 0.74
v 12.8615467 10.5001473 8.1000000 0.7 0.72 0.74
v 12.8984016 10.5568166 8.1000000 0.7 0.72 0.74
v 12.9329743 10.6149062 8.1000000 0.7 0.72 0.74
v 12.9652103 10.6743245 8.1000000 0.7 0.72 0.74
v 12.9950585 10.7349773 8.1000000 0.7 0.72 0.74
v 13.0224718 10.7967689 8.1000000 0.7 0.72 0.74
v 13.0474068 10.8596014 8.1000000 0.7 0.72 0.74
v 13.0698241 10.9233756 8.1000000 0.7 0.72 0.74
v 13.0896882 10.9879906 8.1000000 0.7 0.72 0.74
v 13.1069677 11.0533443 8.1000000 0.7 0.72 0.74
v 13.1216354 11.1193333 8.1000000 0.7 0.72 0.74
v 13.1336679 11.1858532 8.1000000 0.7 0.72 0.74
v 13.1430464 11.2527989 8.1000000 0.7 0.72 0.74
v 13.1497559 11.3200646 8.1000000 0.7 0.72 0.74
v 13.1537858 11.3875438 8.1000000 0.7 0.72 0.74
v 13.6551299 11.4551299 8.1000000 0.7 0.72 0.74
v 13.6533905 11.5425942 8.1000000 0.7 0.72 0.74
v 13.6481753 11.6299202 8.1000000 0.7 0.72 0.74
v 13.6394924 11.7169699 8.1000000 0.7 0.72 0.74
v 13.6273556 11.8036055 8.1000000 0.7 0.72 0.74
v 13.6117841 11.8896901 8.1000000 0.7 0.72 0.74
v 13.5928024 11.9750876 8.1000000 0.7 0.72 0.74
v 13.5704406 12.0596630 8.1000000 0.7 0.72 0.74
v 13.5447341 12.1432824 8.1000000 0.7 0.72 0.74
v 13.5157236 12.2258137 8.1000000 0.7 0.72 0.74
v 13.4834547 12.3071264 8.1000000 0.7 0.72 0.74
v 13.4479787 12.3870920 8.1000000 0.7 0.72 0.74
v 13.4093516 12.4655839 8.1000000 0.7 0.72 0.74
v 13.3676345 12.5424781 8.1000000 0.7 0.72 0.74
v 13.3228933 12.6176529 8.1000000 0.7 0.72 0.74
v 13.2751987 12.6909896 8.1000000 0.7 0.72 0.74
v 13.2246263 12.7623721 8.1000000 0.7 0.72 0.74
v 13.1712559 12.8316876 8.1000000 0.7 0.72 0.74
v 13.1151720 12.8988265 8.1000000 0.7 0.72 0.74
v 13.0564632 12.9636826 8.1000000 0.7 0.72 0.74
v 12.9952224 13.0261534 8.1000000 0.7 0.72 0.74
v 12.9315464 13.0861400 8.1000000 0.7 0.72 0.74
v 12.8655359 13.1435477 8.1000000 0.7 0.72 0.74
v 12.7972952 13.1982857 8.1000000 0.7 0.72 0.74
v 12.7269323 13.2502674 8.1000000 0.7 0.72 0.74
v 12.6545584 13.2994105 8.1000000 0.7 0.72 0.74
v 12.5802879 13.3456376 8.1000000 0.7 0.72 0.74
v 12.5042384 13.3888753 8.1000000 0.7 0.72 0.74
v 12.4265300 13.4290553 8.1000000 0.7 0.72 0.74
v 12.3472856 13.4661142 8.1000000 0.7 0.72 0.74
v 12.2666305 13.4999934 8.1000000 0.7 0.72 0.74
v 12.1846923 13.5306391 8.1000000 0.7 0.72 0.74
v 12.1016005 13.5580031 8.1000000 0.7 0.72 0.74
v 12.0174864 13.5820420 8.1000000 0.7 0.72 0.74
v 11.9324832 13.6027177 8.1000000 0.7 0.72 0.74
v 11.8467252 13.6199978 8.1000000 0.7 0.72 0.74
v 11.7603480 13.6338547 8.1000000 0.7 0.72 0.74
v 11.6734882 13.6442666 8.1000000 0.7 0.72 0.74
v 11.5862831 13.6512170 8.1000000 0.7 0.72 0.74
v 11.4988707 13.6546950 8.1000000 0.7 0.72 0.74
v 11.4113890 13.6546950 8.1000000 0.7 0.72 0.74
v 11.3239766 13.6512170 8.1000000 0.7 0.72 0.74
v 11.2367715 13.6442666 8.1000000 0.7 0.72 0.74
v 11.1499117 13.6338547 8.1000000 0.7 0.72 0.74
v 11.0635345 13.6199978 8.1000000 0.7 0.72 0.74
v 10.9777765 13.6027177 8.1000000 0.7 0.72 0.74
v 10.8927733 13.5820420 8.1000000 0.7 0.72 0.74
v 10.8086593 13.5580031 8.1000000 0.7 0.72 0.74
v 10.7255674 13.5306391 8.1000000 0.7 0.72 0.74
v 10.6436292 13.4999934 8.1000000 0.7 0.72 0.74
v 10.5629741 13.4661142 8.1000000 0.7 0.72 0.74
v 10.4837298 13.4290553 8.1000000 0.7 0.72 0.74
v 10.4060214 13.3888753 8.1000000 0.7 0.72 0.74
v 10.3299718 13.3456376 8.1000000 0.7 0.72 0.74
v 10.2557014 13.2994105 8.1000000 0.7 0.72 0.74
v 10.1833275 13.2502674 8.1000000 0.7 0.72 0.74
v 10.1129645 13.1982857 8.1000000 0.7 0.72 0.74
v 10.0447239 13.1435477 8.1000000 0.7 0.72 0.74
v 9.9787133 13.0861400 8.1000000 0.7 0.72 0.74
v 9.9150373 13.0261534 8.1000000 0.7 0.72 0.74
v 9.8537965 12.9636826 8.1000000 0.7 0.72 0.74
v 9.7950877 12.8988265 8.1000000 0.7 0.72 0.74
v 9.7390038 12.8316876 8.1000000 0.7 0.72 0.74
v 9.6856334 12.7623721 8.1000000 0.7 0.72 0.74
v 9.6350610 12.6909896 8.1000000 0.7 0.72 0.74
v 9.5873665 12.6176529 8.1000000 0.7 0.72 0.74
v 9.5426253 12.5424781 8.1000000 0.7 0.72 0.74
v 9.5009081 12.4655839 8.1000000 0.7 0.72 0.74
v 9.4622810 12.3870920 8.1000000 0.7 0.72 0.74
v 9.4268050 12.3071264 8.1000000 0.7 0.72 0.74
v 9.3945362 12.2258137 8.1000000 0.7 0.72 0.74
v 9.3655256 12.1432824 8.1000000 0.7 0.72 0.74
v 9.3398191 12.0596630 8.1000000 0.7 0.72 0.74
v 9.3174573 11.9750876 8.1000000 0.7 0.72 0.74
v 9.2984756 11.8896901 8.1000000 0.7 0.72 0.74
v 9.2829041 11.8036055 8.1000000 0.7 0.72 0.74
v 9.2707673 11.7169699 8.1000000 0.7 0.72 0.74
v 9.2620844 11.6299202 8.1000000 0.7 0.72 0.74
v 9.2568692 11.5425942 8.1000000 0.7 0.72 0.74
v 9.2551299 11.4551299 8.1000000 0.7 0.72 0.74
v 9.2568692 11.3676655 8.1000000 0.7 0.72 0.74
v 9.2620844 11.2803395 8.1000000 0.7 0.72 0.74
v 9.2707673 11.1932898 8.1000000 0.7 0.72 0.74
v 9.2829041 11.1066542 8.1000000 0.7 0.72 0.74
v 9.2984756 11.0205696 8.1000000 0.7 0.72 0.74
v 9.3174573 10.9351721 8.1000000 0.7 0.72 0.74
v 9.3398191 10.8505968 8.1000000 0.7 0.72 0.74
v 9.3655256 10.7669773 8.1000000 0.7 0.72 0.74
v 9.3945362 10.6844460 8.1000000 0.7 0.72 0.74
v 9.4268050 10.6031333 8.1000000 0.7 0.72 0.74
v 9.4622810 10.5231677 8.1000000 0.7 0.72 0.74
v 9.5009081 10.4446758 8.1000000 0.7 0.72 0.74
v 9.5426253 10.3677816 8.1000000 0.7 0.72 0.74
v 9.5873665 10.2926068 8.1000000 0.7 0.72 0.74
v 9.6350610 10.2192701 8.1000000 0.7 0.72 0.74
v 9.6856334 10.1478876 8.1000000 0.7 0.72 0.74
v 9.7390038 10.0785721 8.1000000 0.7 0.72 0.74
v 9.7950877 10.0114332 8.1000000 0.7 0.72 0.74
v 9.8537965 9.9465771 8.1000000 0.7 0.72 0.74
v 9.9150373 9.8841063 8.1000000 0.7 0.72 0.74
v 9.9787133 9.8241197 8.1000000 0.7 0.72 0.74
v 10.0447239 9.7667120 8.1000000 0.7 0.72 0.74
v 10.1129645 9.7119740 8.1000000 0.7 0.72 0.74
v 10.1833275 9.6599924 8.1000000 0.7 0.72 0.74
v 10.2557014 9.6108492 8.1000000 0.7 0.72 0.74
v 10.3299718 9.5646222 8.1000000 0.7 0.72 0.74
v 10.4060214 9.5213844 8.1000000 0.7 0.72 0.74
v 10.4837298 9.4812044 8.1000000 0.7 0.72 0.74
v 10.5629741 9.4441455 8.1000000 0.7 0.72 0.74
v 10.6436292 9.4102664 8.1000000 0.7 0.72 0.74
v 10.7255674 9.3796206 8.1000000 0.7 0.72 0.74
v 10.8086593 9.3522566 8.1000000 0.7 0.72 0.74
v 10.8927733 9.3282178 8.1000000 0.7 0.72 0.74
v 10.9777765 9.3075420 8.1000000 0.7 0.72 0.74
v 11.0635345 9.2902619 8.1000000 0.7 0.72 0.74
v 11.1499117 9.2764050 8.1000000 0.7 0.72 0.74
v 11.2367715 9.2659931 8.1000000 0.7 0.72 0.74
v 11.3239766 9.2590427 8.1000000 0.7 0.72 0.74
v 11.4113890 9.2555647 8.1000000 0.7 0.72 0.74
v 11.4988707 9.2555647 8.1000000 0.7 0.72 0.74
v 11.5862831 9.2590427 8.1000000 0.7 0.72 0.74
v 11.6734882 9.2659931 8.1000000 0.7 0.72 0.74
v 11.7603480 9.2764050 8.1000000 0.7 0.72 0.74
v 11.8467252 9.2902619 8.1000000 0.7 0.72 0.74
v 11.9324832 9.3075420 8.1000000 0.7 0.72 0.74
v 12.0174864 9.3282178 8.1000000 0.7 0.72 0.74
v 12.1016005 9.3522566 8.1000000 0.7 0.72 0.74
v 12.1846923 9.3796206 8.1000000 0.7 0.72 0.74
v 12.2666305 9.4102664 8.1000000 0.7 0.72 0.74
v 12.3472856 9.4441455 8.1000000 0.7 0.72 0.74
v 12.4265300 9.4812044 8.1000000 0.7 0.72 0.74
v 12.5042384 9.5213844 8.1000000 0.7 0.72 0.74
v 12.5802879 9.5646222 8.1000000 0.7 0.72 0.74
v 12.6545584 9.6108492 8.1000000 0.7 0.72 0.74
v 12.7269323 9.6599924 8.1000000 0.7 0.72 0.74
v 12.7972952 9.7119740 8.1000000 0.7 0.72 0.74
v 12.8655359 9.7667120 8.1000000 0.7 0.72 0.74
v 12.9315464 9.8241197 8.1000000 0.7 0.72 0.74
v 12.9952224 9.8841063 8.1000000 0.7 0.72 0.74
v 13.0564632 9.9465771 8.1000000 0.7 0.72 0.74
v 13.1151720 10.0114332 8.1000000 0.7 0.72 0.74
v 13.1712559 10.0785721 8.1000000 0.7 0.72 0.74
v 13.2246263 10.1478876 8.1000000 0.7 0.72 0.74
v 13.2751987 10.2192701 8.1000000 0.7 0.72 0.74
v 13.3228933 10.2926068 8.1000000 0.7 0.72 0.74
v 13.3676345 10.3677816 8.1000000 0.7 0.72 0.74
v 13.4093516 10.4446758 8.1000000 0.7 0.72 0.74
v 13.4479787 10.5231677 8.1000000 0.7 0.72 0.74
v 13.4834547 10.6031333 8.1000000 0.7 0.72 0.74
v 13.5157236 10.6844460 8.1000000 0.7 0.72 0.74
v 13.5447341 10.7669773 8.1000000 0.7 0.72 0.74
v 13.5704406 10.8505968 8.1000000 0.7 0.72 0.74
v 13.5928024 10.9351721 8.1000000 0.7 0.72 0.74
v 13.6117841 11.0205696 8.1000000 0.7 0.72 0.74
v 13.6273556 11.1066542 8.1000000 0.7 0.72 0.74
v 13.6394924 11.1932898 8.1000000 0.7 0.72 0.74
v 13.6481753 11.2803395 8.1000000 0.7 0.72 0.74
v 13.6533905 11.3676655 8.1000000 0.7 0.72 0.74
v 13.1551299 11.4551299 8.1000000 0.7 0.72 0.74
v 13.1537858 11.5227159 8.1000000 0.7 0.72 0.74
v 13.1497559 11.5901951 8.1000000 0.7 0.72 0.74
v 13.1430464 11.6574608 8.1000000 0.7 0.72 0.74
v 13.1336679 11.7244065 8.1000000 0.7 0.72 0.74
v 13.1216354 11.7909264 8.1000000 0.7 0.72 0.74
v 13.1069677 11.8569154 8.1000000 0.7 0.72 0.74
v 13.0896882 11.9222691 8.1000000 0.7 0.72 0.74
v 13.0698241 11.9868841 8.1000000 0.7 0.72 0.74
v 13.0474068 12.0506583 8.1000000 0.7 0.72 0.74
v 13.0224718 12.1134909 8.1000000 0.7 0.72 0.74
v 12.9950585 12.1752824 8.1000000 0.7 0.72 0.74
v 12.9652103 12.2359352 8.1000000 0.7 0.72 0.74
v 12.9329743 12.2953535 8.1000000 0.7 0.72 0.74
v 12.8984016 12.3534431 8.1000000 0.7 0.72 0.74
v 12.8615467 12.4101124 8.1000000 0.7 0.72 0.74
v 12.8224680 12.4652716 8.1000000 0.7 0.72 0.74
v 12.7812273 12.5188336 8.1000000 0.7 0.72 0.74
v 12.7378897 12.5707136 8.1000000 0.7 0.72 0.74
v 12.6925238 12.6208297 8.1000000 0.7 0.72 0.74
v 12.6452014 12.6691026 8.1000000 0.7 0.72 0.74
v 12.5959972 12.7154559 8.1000000 0.7 0.72 0.74
v 12.5449890 12.7598164 8.1000000 0.7 0.72 0.74
v 12.4922576 12.8021139 8.1000000 0.7 0.72 0.74
v 12.4378863 12.8422816 8.1000000 0.7 0.72 0.74
v 12.3819610 12.8802558 8.1000000 0.7 0.72 0.74
v 12.3245702 12.9159767 8.1000000 0.7 0.72 0.74
v 12.2658046 12.9493877 8.1000000 0.7 0.72 0.74
v 12.2057572 12.9804359 8.1000000 0.7 0.72 0.74
v 12.1445229 13.0090723 8.1000000 0.7 0.72 0.74
v 12.0821985 13.0352516 8.1000000 0.7 0.72 0.74
v 12.0188826 13.0589325 8.1000000 0.7 0.72 0.74
v 11.9546753 13.0800773 8.1000000 0.7 0.72 0.74
v 11.8896781 13.0986528 8.1000000 0.7 0.72 0.74
v 11.8239938 13.1146296 8.1000000 0.7 0.72 0.74
v 11.7577263 13.1279823 8.1000000 0.7 0.72 0.74
v 11.6909803 13.1386899 8.1000000 0.7 0.72 0.74
v 11.6238613 13.1467355 8.1000000 0.7 0.72 0.74
v 11.5564756 13.1521063 8.1000000 0.7 0.72 0.74
v 11.4889296 13.1547938 8.1000000 0.7 0.72 0.74
v 11.4213301 13.1547938 8.1000000 0.7 0.72 0.74
v 11.3537841 13.1521063 8.1000000 0.7 0.72 0.74
v 11.2863984 13.1467355 8.1000000 0.7 0.72 0.74
v 11.2192795 13.1386899 8.1000000 0.7 0.72 0.74
v 11.1525334 13.1279823 8.1000000 0.7 0.72 0.74
v 11.0862659 13.1146296 8.1000000 0.7 0.72 0.74
v 11.0205816 13.0986528 8.1000000 0.7 0.72 0.74
v 10.9555844 13.0800773 8.1000000 0.7 0.72 0.74
v 10.8913771 13.0589325 8.1000000 0.7 0.72 0.74
v 10.8280612 13.0352516 8.1000000 0.7 0.72 0.74
v 10.7657368 13.0090723 8.1000000 0.7 0.72 0.74
v 10.7045025 12.9804359 8.1000000 0.7 0.72 0.74
v 10.6444551 12.9493877 8.1000000 0.7 0.72 0.74
v 10.5856895 12.9159767 8.1000000 0.7 0.72 0.74
v 10.5282987 12.8802558 8.1000000 0.7 0.72 0.74
v 10.4723735 12.8422816 8.1000000 0.7 0.72 0.74
v 10.4180021 12.8021139 8.1000000 0.7 0.72 0.74
v 10.3652707 12.7598164 8.1000000 0.7 0.72 0.74
v 10.3142625 12.7154559 8.1000000 0.7 0.72 0.74
v 10.2650583 12.6691026 8.1000000 0.7 0.72 0.74
v 10.2177359 12.6208297 8.1000000 0.7 0.72 0.74
v 10.1723700 12.5707136 8.1000000 0.7 0.72 0.74
v 10.1290324 12.5188336 8.1000000 0.7 0.72 0.74
v 10.0877917 12.4652716 8.1000000 0.7 0.72 0.74
v 10.0487130 12.4101124 8.1000000 0.7 0.72 0.74
v 10.0118581 12.3534431 8.1000000 0.7 0.72 0.74
v 9.9772854 12.2953535 8.1000000 0.7 0.72 0.74
v 9.9450494 12.2359352 8.1000000 0.7 0.72 0.74
v 9.9152012 12.1752824 8.1000000 0.7 0.72 0.74
v 9.8877879 12.1134909 8.1000000 0.7 0.72 0.74
v 9.8628529 12.0506583 8.1000000 0.7 0.72 0.74
v 9.8404356 11.9868841 8.1000000 0.7 0.72 0.74
v 9.8205715 11.9222691 8.1000000 0.7 0.72 0.74
v 9.8032920 11.8569154 8.1000000 0.7 0.72 0.74
v 9.7886243 11.7909264 8.1000000 0.7 0.72 0.74
v 9.7765918 11.7244065 8.1000000 0.7 0.72 0.74
v 9.7672133 11.6574608 8.1000000 0.7 0.72 0.74
v 9.7605038 11.5901951 8.1000000 0.7 0.72 0.74
v 9.7564739 11.5227159 8.1000000 0.7 0.72 0.74
v 9.7551299 11.4551299 8.1000000 0.7 0.72 0.74
v 9.7564739 11.3875438 8.1000000 0.7 0.72 0.74
v 9.7605038 11.3200646 8.1000000 0.7 0.72 0.74
v 9.7672133 11.2527989 8.1000000 0.7 0.72 0.74
v 9.7765918 11.1858532 8.1000000 0.7 0.72 0.74
v 9.7886243 11.1193333 8.1000000 0.7 0.72 0.74
v 9.8032920 11.0533443 8.1000000 0.7 0.72 0.74
v 9.8205715 10.9879906 8.1000000 0.7 0.72 0.74
v 9.8404356 10.9233756 8.1000000 0.7 0.72 0.74
v 9.8628529 10.8596014 8.1000000 0.7 0.72 0.74
v 9.8877879 10.7967689 8.1000000 0.7 0.72 0.74
v 9.9152012 10.7349773 8.1000000 0.7 0.72 0.74
v 9.9450494 10.6743245 8.1000000 0.7 0.72 0.74
v 9.9772854 10.6149062 8.1000000 0.7 0.72 0.74
v 10.0118581 10.5568166 8.1000000 0.7 0.72 0.74
v 10.0487130 10.5001473 8.1000000 0.7 0.72 0.74
v 10.0877917 10.4449881 8.1000000 0.7 0.72 0.74
v 10.1290324 10.3914261 8.1000000 0.7 0.72 0.74
v 10.1723700 10.3395461 8.1000000 0.7 0.72 0.74
v 10.2177359 10.2894300 8.1000000 0.7 0.72 0.74
v 10.2650583 10.2411571 8.1000000 0.7 0.72 0.74
v 10.3142625 10.1948038 8.1000000 0.7 0.72 0.74
v 10.3652707 10.1504433 8.1000000 0.7 0.72 0.74
v 10.4180021 10.1081458 8.1000000 0.7 0.72 0.74
v 10.4723735 10.0679781 8.1000000 0.7 0.72 0.74
v 10.5282987 10.0300039 8.1000000 0.7 0.72 0.74
v 10.5856895 9.9942830 8.1000000 0.7 0.72 0.74
v 10.6444551 9.9608720 8.1000000 0.7 0.72 0.74
v 10.7045025 9.9298238 8.1000000 0.7 0.72 0.74
v 10.7657368 9.9011874 8.1000000 0.7 0.72 0.74
v 10.8280612 9.8750081 8.1000000 0.7 0.72 0.74
v 10.8913771 9.8513272 8.1000000 0.7 0.72 0.74
v 10.9555844 9.8301824 8.1000000 0.7 0.72 0.74
v 11.0205816 9.8116069 8.1000000 0.7 0.72 0.74
v 11.0862659 9.7956301 8.1000000 0.7 0.72 0.74
v 11.1525334 9.7822774 8.1000000 0.7 0.72 0.74
v 11.2192795 9.7715698 8.1000000 0.7 0.72 0.74
v 11.2863984 9.7635242 8.1000000 0.7 0.72 0.74
v 11.3537841 9.7581534 8.1000000 0.7 0.72 0.74
v 11.4213301 9.7554659 8.1000000 0.7 0.72 0.74
v 11.4889296 9.7554659 8.1000000 0.7 0.72 0.74
v 11.5564756 9.7581534 8.1000000 0.7 0.72 0.74
v 11.6238613 9.7635242 8.1000000 0.7 0.72 0.74
v 11.6909803 9.7715698 8.1000000 0.7 0.72 0.74
v 11.7577263 9.7822774 8.1000000 0.7 0.72 0.74
v 11.8239938 9.7956301 8.1000000 0.7 0.72 0.74
v 11.8896781 9.8116069 8.1000000 0.7 0.72 0.74
v 11.9546753 9.8301824 8.1000000 0.7 0.72 0.74
v 12.0188826 9.8513272 8.1000000 0.7 0.72 0.74
v 12.0821985 9.8750081 8.1000000 0.7 0.72 0.74
v 12.1445229 9.9011874 8.1000000 0.7 0.72 0.74
v 12.2057572 9.9298238 8.1000000 0.7 0.72 0.74
v 12.2658046 9.9608720 8.1000000 0.7 0.72 0.74
v 12.3245702 9.9942830 8.1000000 0.7 0.72 0.74
v 12.3819610 10.0300039 8.1000000 0.7 0.72 0.74
v 12.4378863 10.0679781 8.1000000 0.7 0.72 0.74
v 12.4922576 10.1081458 8.1000000 0.7 0.72 0.74
v 12.5449890 10.1504433 8.1000000 0.7 0.72 0.74
v 12.5959972 10.1948038 8.1000000 0.7 0.72 0.74
v 12.6452014 10.2411571 8.1000000 0.7 0.72 0.74
v 12.6925238 10.2894300 8.1000000 0.7 0.72 0.74
v 12.7378897 10.3395461 8.1000000 0.7 0.72 0.74
v 12.7812273 10.3914261 8.1000000 0.7 0.72 0.74
v 12.8224680 10.4449881 8.1000000 0.7 0.72 0.74
v 12.8615467 10.5001473 8.1000000 0.7 0.72 0.74
v 12.8984016 10.5568166 8.1000000 0.7 0.72 0.74
v 12.9329743 10.6149062 8.1000000 0.7 0.72 0.74
v 12.9652103 10.6743245 8.1000000 0.7 0.72 0.74
v 12.9950585 10.7349773 8.1000000 0.7 0.72 0.74
v 13.0224718 10.7967689 8.1000000 0.7 0.72 0.74
v 13.0474068 10.8596014 8.1000000 0.7 0.72 0.74
v 13.0698241 10.9233756 8.1000000 0.7 0.72 0.74
v 13.0896882 10.9879906 8.1000000 0.7 0.72 0.74
v 13.1069677 11.0533443 8.1000000 0.7 0.72 0.74
v 13.1216354 11.1193333 8.1000000 0.7 0.72 0.74
v 13.1336679 11.1858532 8.1000000 0.7 0.72 0.74
v 13.1430464 11.2527989 8.1000000 0.7 0.72 0.74
v 13.1497559 11.3200646 8.1000000 0.7 0.72 0.74
v 13.1537858 11.3875438 8.1000000 0.7 0.72 0.74
v 13.6551299 11.4551299 11.0000000 0.7 0.72 0.74
v 13.6533905 11.5425942 11.0000000 0.7 0.72 0.74
v 13.6481753 11.6299202 11.0000000 0.7 0.72 0.74
v 13.6394924 11.7169699 11.0000000 0.7 0.72 0.74
v 13.6273556 11.8036055 11.0000000 0.7 0.72 0.74
v 13.6117841 11.8896901 11.0000000 0.7 0.72 0.74
v 13.5928024 11.9750876 11.0000000 0.7 0.72 0.74
v 13.5704406 12.0596630 11.0000000 0.7 0.72 0.74
v 13.5447341 12.1432824 11.0000000 0.7 0.72 0.74
v 13.5157236 12.2258137 11.0000000 0.7 0.72 0.74
v 13.4834547 12.3071264 11.0000000 0.7 0.72 0.74
v 13.4479787 12.3870920 11.0000000 0.7 0.72 0.74
v 13.4093516 12.4655839 11.0000000 0.7 0.72 0.74
v 13.3676345 12.5424781 11.0000000 0.7 0.72 0.74
v 13.3228933 12.6176529 11.0000000 0.7 0.72 0.74
v 13.2751987 12.6909896 11.0000000 0.7 0.72 0.74
v 13.2246263 12.7623721 11.0000000 0.7 0.72 0.74
v 13.1712559 12.8316876 11.0000000 0.7 0.72 0.74
v 13.1151720 12.8988265 11.0000000 0.7 0.72 0.74
v 13.0564632 12.9636826 11.0000000 0.7 0.72 0.74
v 12.9952224 13.0261534 11.0000000 0.7 0.72 0.74
v 12.9315464 13.0861400 11.0000000 0.7 0.72 0.74
v 12.8655359 13.1435477 11.0000000 0.7 0.72 0.74
v 12.7972952 13.1982857 11.0000000 0.7 0.72 0.74
v 12.7269323 13.2502674 11.0000000 0.7 0.72 0.74
v 12.6545584 13.2994105 11.0000000 0.7 0.72 0.74
v 12.5802879 13.3456376 11.0000000 0.7 0.72 0.74
v 12.5042384 13.3888753 11.0000000 0.7 0.72 0.74
v 12.4265300 13.4290553 11.0000000 0.7 0.72 0.74
v 12.3472856 13.4661142 11.0000000 0.7 0.72 0.74
v 12.2666305 13.4999934 11.0000000 0.7 0.72 0.74
v 12.1846923 13.5306391 11.0000000 0.7 0.72 0.74
v 12.1016005 13.5580031 11.0000000 0.7 0.72 0.74
v 12.0174864 13.5820420 11.0000000 0.7 0.72 0.74
v 11.9324832 13.6027177 11.0000000 0.7 0.72 0.74
v 11.8467252 13.6199978 11.0000000 0.7 0.72 0.74
v 11.7603480 13.6338547 11.0000000 0.7 0.72 0.74
v 11.6734882 13.6442666 11.0000000 0.7 0.72 0.74
v 11.5862831 13.6512170 11.0000000 0.7 0.72 0.74
v 11.4988707 13.6546950 11.0000000 0.7 0.72 0.74
v 11.4113890 13.6546950 11.0000000 0.7 0.72 0.74
v 11.3239766 13.6512170 11.0000000 0.7 0.72 0.74
v 11.2367715 13.6442666 11.0000000 0.7 0.72 0.74
v 11.1499117 13.6338547 11.0000000 0.7 0.72 0.74
v 11.0635345 13.6199978 11.0000000 0.7 0.72 0.74
v 10.9777765 13.6027177 11.0000000 0.7 0.72 0.74
v 10.8927733 13.5820420 11.0000000 0.7 0.72 0.74
v 10.8086593 13.5580031 11.0000000 0.7 0.72 0.74
v 10.7255674 13.5306391 11.0000000 0.7 0.72 0.74
v 10.6436292 13.4999934 11.0000000 0.7 0.72 0.74
v 10.5629741 13.4661142 11.0000000 0.7 0.72 0.74
v 10.4837298 13.4290553 11.0000000 0.7 0.72 0.74
v 10.4060214 13.3888753 11.0000000 0.7 0.72 0.74
v 10.3299718 13.3456376 11.0000000 0.7 0.72 0.74
v 10.2557014 13.2994105 11.0000000 0.7 0.72 0.74
v 10.1833275 13.2502674 11.0000000 0.7 0.72 0.74
v 10.1129645 13.1982857 11.0000000 0.7 0.72 0.74
v 10.0447239 13.1435477 11.0000000 0.7 0.72 0.74
v 9.9787133 13.0861400 11.0000000 0.7 0.72 0.74
v 9.9150373 13.0261534 11.0000000 0.7 0.72 0.74
v 9.8537965 12.9636826 11.0000000 0.7 0.72 0.74
v 9.7950877 12.8988265 11.0000000 0.7 0.72 0.74
v 9.7390038 12.8316876 11.0000000 0.7 0.72 0.74
v 9.6856334 12.7623721 11.0000000 0.7 0.72 0.74
v 9.6350610 12.6909896 11.0000000 0.7 0.72 0.74
v 9.5873665 12.6176529 11.0000000 0.7 0.72 0.74
v 9.5426253 12.5424781 11.0000000 0.7 0.72 0.74
v 9.5009081 12.4655839 11.0000000 0.7 0.72 0.74
v 9.4622810 12.3870920 11.0000000 0.7 0.72 0.74
v 9.4268050 12.3071264 11.0000000 0.7 0.72 0.74
v 9.3945362 12.2258137 11.0000000 0.7 0.72 0.74
v 9.3655256 12.1432824 11.0000000 0.7 0.72 0.74
v 9.3398191 12.0596630 11.0000000 0.7 0.72 0.74
v 9.3174573 11.9750876 11.0000000 0.7 0.72 0.74
v 9.2984756 11.8896901 11.0000000 0.7 0.72 0.74
v 9.2829041 11.8036055 11.0000000 0.7 0.72 0.74
v 9.2707673 11.7169699 11.0000000 0.7 0.72 0.74
v 9.2620844 11.6299202 11.0000000 0.7 0.72 0.74
v 9.2568692 11.5425942 11.0000000 0.7 0.72 0.74
v 9.2551299 11.4551299 11.0000000 0.7 0.72 0.74
v 9.2568692 11.3676655 11.0000000 0.7 0.72 0.74
v 9.2620844 11.2803395 11.0000000 0.7 0.72 0.74
v 9.2707673 11.1932898 11.0000000 0.7 0.72 0.74
v 9.2829041 11.1066542 11.0000000 0.7 0.72 0.74
v 9.2984756 11.0205696 11.0000000 0.7 0.72 0.74
v 9.3174573 10.9351721 11.0000000 0.7 0.72 0.74
v 9.3398191 10.8505968 11.0000000 0.7 0.72 0.74
v 9.3655256 10.7669773 11.0000000 0.7 0.72 0.74
v 9.3945362 10.6844460 11.0000000 0.7 0.72 0.74
v 9.4268050 10.6031333 11.0000000 0.7 0.72 0.74
v 9.4622810 10.5231677 11.0000000 0.7 0.72 0.74
v 9.5009081 10.4446758 11.0000000 0.7 0.72 0.74
v 9.5426253 10.3677816 11.0000000 0.7 0.72 0.74
v 9.5873665 10.2926068 11.0000000 0.7 0.72 0.74
v 9.6350610 10.2192701 11.0000000 0.7 0.72 0.74
v 9.6856334 10.1478876 11.0000000 0.7 0.72 0.74
v 9.7390038 10.0785721 11.0000000 0.7 0.72 0.74
v 9.7950877 10.0114332 11.0000000 0.7 0.72 0.74
v 9.8537965 9.9465771 11.0000000 0.7 0.72 0.74
v 9.9150373 9.8841063 11.0000000 0.7 0.72 0.74
v 9.9787133 9.8241197 11.0000000 0.7 0.72 0.74
v 10.0447239 9.7667120 11.0000000 0.7 0.72 0.74
v 10.1129645 9.7119740 11.0000000 0.7 0.72 0.74
v 10.1833275 9.6599924 11.0000000 0.7 0.72 0.74
v 10.2557014 9.6108492 11.0000000 0.7 0.72 0.74
v 10.3299718 9.5646222 11.0000000 0.7 0.72 0.74
v 10.4060214 9.5213844 11.0000000 0.7 0.72 0.74
v 10.4837298 9.4812044 11.0000000 0.7 0.72 0.74
v 10.5629741 9.4441455 11.0000000 0.7 0.72 0.74
v 10.6436292 9.4102664 11.0000000 0.7 0.72 0.74
v 10.7255674 9.3796206 11.0000000 0.7 0.72 0.74
v 10.8086593 9.3522566 11.0000000 0.7 0.72 0.74
v 10.8927733 9.3282178 11.0000000 0.7 0.72 0.74
v 10.9777765 9.3075420 11.0000000 0.7 0.72 0.74
v 11.0635345 9.2902619 11.0000000 0.7 0.72 0.74
v 11.1499117 9.2764050 11.0000000 0.7 0.72 0.74
v 11.2367715 9.2659931 11.0000000 0.7 0.72 0.74
v 11.3239766 9.2590427 11.0000000 0.7 0.72 0.74
v 11.4113890 9.2555647 11.0000000 0.7 0.72 0.74
v 11.4988707 9.2555647 11.0000000 0.7 0.72 0.74
v 11.5862831 9.2590427 11.0000000 0.7 0.72 0.74
v 11.6734882 9.2659931 11.0000000 0.7 0.72 0.74
v 11.7603480 9.2764050 11.0000000 0.7 0.72 0.74
v 11.8467252 9.2902619 11.0000000 0.7 0.72 0.74
v 11.9324832 9.3075420 11.0000000 0.7 0.72 0.74
v 12.0174864 9.3282178 11.0000000 0.7 0.72 0.74
v 12.1016005 9.3522566 11.0000000 0.7 0.72 0.74
v 12.1846923 9.3796206 11.0000000 0.7 0.72 0.74
v 12.2666305 9.4102664 11.0000000 0.7 0.72 0.74
v 12.3472856 9.4441455 11.0000000 0.7 0.72 0.74
v 12.4265300 9.4812044 11.0000000 0.7 0.72 0.74
v 12.5042384 9.5213844 11.0000000 0.7 0.72 0.74
v 12.5802879 9.5646222 11.0000000 0.7 0.72 0.74
v 12.6545584 9.6108492 11.0000000 0.7 0.72 0.74
v 12.7269323 9.6599924 11.0000000 0.7 0.72 0.74
v 12.7972952 9.7119740 11.0000000 0.7 0.72 0.74
v 12.8655359 9.7667120 11.0000000 0.7 0.72 0.74
v 12.9315464 9.8241197 11.0000000 0.7 0.72 0.74
v 12.9952224 9.8841063 11.0000000 0.7 0.72 0.74
v 13.0564632 9.9465771 11.0000000 0.7 0.72 0.74
v 13.1151720 10.0114332 11.0000000 0.7 0.72 0.74
v 13.1712559 10.0785721 11.0000000 0.7 0.72 0.74
v 13.2246263 10.1478876 11.0000000 0.7 0.72 0.74
v 13.2751987 10.2192701 11.0000000 0.7 0.72 0.74
v 13.3228933 10.2926068 11.0000000 0.7 0.72 0.74
v 13.3676345 10.3677816 11.0000000 0.7 0.72 0.74
v 13.4093516 10.4446758 11.0000000 0.7 0.72 0.74
v 13.4479787 10.5231677 11.0000000 0.7 0.72 0.74
v 13.4834547 10.6031333 11.0000000 0.7 0.72 0.74
v 13.5157236 10.6844460 11.0000000 0.7 0.72 0.74
v 13.5447341 10.7669773 11.0000000 0.7 0.72 0.74
v 13.5704406 10.8505968 11.0000000 0.7 0.72 0.74
v 13.5928024 10.9351721 11.0000000 0.7 0.72 0.74
v 13.6117841 11.0205696 11.0000000 0.7 0.72 0.74
v 13.6273556 11.1066542 11.0000000 0.7 0.72 0.74
v 13.6394924 11.1932898 11.0000000 0.7 0.72 0.74
v 13.6481753 11.2803395 11.0000000 0.7 0.72 0.74
v 13.6533905 11.3676655 11.0000000 0.7 0.72 0.74
v 13.1551299 11.4551299 11.0000000 0.7 0.72 0.74
v 13.1537858 11.5227159 11.0000000 0.7 0.72 0.74
v 13.1497559 11.5901951 11.0000000 0.7 0.72 0.74
v 13.1430464 11.6574608 11.0000000 0.7 0.72 0.74
v 13.1336679 11.7244065 11.0000000 0.7 0.72 0.74
v 13.1216354 11.7909264 11.0000000 0.7 0.72 0.74
v 13.1069677 11.8569154 11.0000000 0.7 0.72 0.74
v 13.0896882 11.9222691 11.0000000 0.7 0.72 0.74
v 13.0698241 11.9868841 11.0000000 0.7 0.72 0.74
v 13.0474068 12.0506583 11.0000000 0.7 0.72 0.74
v 13.0224718 12.1134909 11.0000000 0.7 0.72 0.74
v 12.9950585 12.1752824 11.0000000 0.7 0.72 0.74
v 12.9652103 12.2359352 11.0000000 0.7 0.72 0.74
v 12.9329743 12.2953535 11.0000000 0.7 0.72 0.74
v 12.8984016 12.3534431 11.0000000 0.7 0.72 0.74
v 12.8615467 12.4101124 11.0000000 0.7 0.72 0.74
v 12.8224680 12.4652716 11.0000000 0.7 0.72 0.74
v 12.7812273 12.5188336 11.0000000 0.7 0.72 0.74
v 12.7378897 12.5707136 11.0000000 0.7 0.72 0.74
v 12.6925238 12.6208297 11.0000000 0.7 0.72 0.74
v 12.6452014 12.6691026 11.0000000 0.7 0.72 0.74
v 12.5959972 12.7154559 11.0000000 0.7 0.72 0.74
v 12.5449890 12.7598164 11.0000000 0.7 0.72 0.74
v 12.4922576 12.8021139 11.0000000 0.7 0.72 0.74
v 12.4378863 12.8422816 11.0000000 0.7 0.72 0.74
v 12.3819610 12.8802558 11.0000000 0.7 0.72 0.74
v 12.3245702 12.9159767 11.0000000 0.7 0.72 0.74
v 12.2658046 12.9493877 11.0000000 0.7 0.72 0.74
v 12.2057572 12.9804359 11.0000000 0.7 0.72 0.74
v 12.1445229 13.0090723 11.0000000 0.7 0.72 0.74
v 12.0821985 13.0352516 11.0000000 0.7 0.72 0.74
v 12.0188826 13.0589325 11.0000000 0.7 0.72 0.74
v 11.9546753 13.0800773 11.0000000 0.7 0.72 0.74
v 11.8896781 13.0986528 11.0000000 0.7 0.72 0.74
v 11.8239938 13.1146296 11.0000000 0.7 0.72 0.74
v 11.7577263 13.1279823 11.0000000 0.7 0.72 0.74
v 11.6909803 13.1386899 11.0000000 0.7 0.72 0.74
v 11.6238613 13.1467355 11.0000000 0.7 0.72 0.74
v 11.5564756 13.1521063 11.0000000 0.7 0.72 0.74
v 11.4889296 13.1547938 11.0000000 0.7 0.72 0.74
v 11.4213301 13.1547938 11.0000000 0.7 0.72 0.74
v 11.3537841 13.1521063 11.0000000 0.7 0.72 0.74
v 11.2863984 13.1467355 11.0000000 0.7 0.72 0.74
v 11.2192795 13.1386899 11.0000000 0.7 0.72 0.74
v 11.1525334 13.1279823 11.0000000 0.7 0.72 0.74
v 11.0862659 13.1146296 11.0000000 0.7 0.72 0.74
v 11.0205816 13.0986528 11.0000000 0.7 0.72 0.74
v 10.9555844 13.0800773 11.0000000 0.7 0.72 0.74
v 10.8913771 13.0589325 11.0000000 0.7 0.72 0.74
v 10.8280612 13.0352516 11.0000000 0.7 0.72 0.74
v 10.7657368 13.0090723 11.0000000 0.7 0.72 0.74
v 10.7045025 12.9804359 11.0000000 0.7 0.72 0.74
v 10.6444551 12.9493877 11.0000000 0.7 0.72 0.74
v 10.5856895 12.9159767 11.0000000 0.7 0.72 0.74
v 10.5282987 12.8802558 11.0000000 0.7 0.72 0.74
v 10.4723735 12.8422816 11.0000000 0.7 0.72 0.74
v 10.4180021 12.8021139 11.0000000 0.7 0.72 0.74
v 10.3652707 12.7598164 11.0000000 0.7 0.72 0.74
v 10.3142625 12.7154559 11.0000000 0.7 0.72 0.74
v 10.2650583 12.6691026 11.0000000 0.7 0.72 0.74
v 10.2177359 12.6208297 11.0000000 0.7 0.72 0.74
v 10.1723700 12.5707136 11.0000000 0.7 0.72 0.74
v 10.1290324 12.5188336 11.0000000 0.7 0.72 0.74
v 10.0877917 12.4652716 11.0000000 0.7 0.72 0.74
v 10.0487130 12.4101124 11.0000000 0.7 0.72 0.74
v 10.0118581 12.3534431 11.0000000 0.7 0.72 0.74
v 9.9772854 12.2953535 11.0000000 0.7 0.72 0.74
v 9.9450494 12.2359352 11.0000000 0.7 0.72 0.74
v 9.9152012 12.1752824 11.0000000 0.7 0.72 0.74
v 9.8877879 12.1134909 11.0000000 0.7 0.72 0.74
v 9.8628529 12.0506583 11.0000000 0.7 0.72 0.74
v 9.8404356 11.9868841 11.0000000 0.7 0.72 0.74
v 9.8205715 11.9222691 11.0000000 0.7 0.72 0.74
v 9.8032920 11.8569154 11.0000000 0.7 0.72 0.74
v 9.7886243 11.7909264 11.0000000 0.7 0.72 0.74
v 9.7765918 11.7244065 11.0000000 0.7 0.72 0.74
v 9.7672133 11.6574608 11.0000000 0.7 0.72 0.74
v 9.7605038 11.5901951 11.0000000 0.7 0.72 0.74
v 9.7564739 11.5227159 11.0000000 0.7 0.72 0.74
v 9.7551299 11.4551299 11.0000000 0.7 0.72 0.74
v 9.7564739 11.3875438 11.0000000 0.7 0.72 0.74
v 9.7605038 11.3200646 11.0000000 0.7 0.72 0.74
v 9.7672133 11.2527989 11.0000000 0.7 0.72 0.74
v 9.7765918 11.1858532 11.0000000 0.7 0.72 0.74
v 9.7886243 11.1193333 11.0000000 0.7 0.72 0.74
v 9.8032920 11.0533443 11.0000000 0.7 0.72 0.74
v 9.8205715 10.9879906 11.0000000 0.7 0.72 0.74
v 9.8404356 10.9233756 11.0000000 0.7 0.72 0.74
v 9.8628529 10.8596014 11.0000000 0.7 0.72 0.74
v 9.8877879 10.7967689 11.0000000 0.7 0.72 0.74
v 9.9152012 10.7349773 11.0000000 0.7 0.72 0.74
v 9.9450494 10.6743245 11.0000000 0.7 0.72 0.74
v 9.9772854 10.6149062 11.0000000 0.7 0.72 0.74
v 10.0118581 10.5568166 11.0000000 0.7 0.72 0.74
v 10.0487130 10.5001473 11.0000000 0.7 0.72 0.74
v 10.0877917 10.4449881 11.0000000 0.7 0.72 0.74
v 10.1290324 10.3914261 11.0000000 0.7 0.72 0.74
v 10.1723700 10.3395461 11.0000000 0.7 0.72 0.74
v 10.2177359 10.2894300 11.0000000 0.7 0.72 0.74
v 10.2650583 10.2411571 11.0000000 0.7 0.72 0.74
v 10.3142625 10.1948038 11.0000000 0.7 0.72 0.74
v 10.3652707 10.1504433 11.0000000 0.7 0.72 0.74
v 10.4180021 10.1081458 11.0000000 0.7 0.72 0.74
v 10.4723735 10.0679781 11.0000000 0.7 0.72 0.74
v 10.5282987 10.0300039 11.0000000 0.7 0.72 0.74
v 10.5856895 9.9942830 11.0000000 0.7 0.72 0.74
v 10.6444551 9.9608720 11.0000000 0.7 0.72 0.74
v 10.7045025 9.9298238 11.0000000 0.7 0.72 0.74
v 10.7657368 9.9011874 11.0000000 0.7 0.72 0.74
v 10.8280612 9.8750081 11.0000000 0.7 0.72 0.74
v 10.8913771 9.8513272 11.0000000 0.7 0.72 0.74
v 10.9555844 9.8301824 11.0000000 0.7 0.72 0.74
v 11.0205816 9.8116069 11.0000000 0.7 0.72 0.74
v 11.0862659 9.7956301 11.0000000 0.7 0.72 0.74
v 11.1525334 9.7822774 11.0000000 0.7 0.72 0.74
v 11.2192795 9.7715698 11.0000000 0.7 0.72 0.74
v 11.2863984 9.7635242 11.0000000 0.7 0.72 0.74
v 11.3537841 9.7581534 11.0000000 0.7 0.72 0.74
v 11.4213301 9.7554659 11.0000000 0.7 0.72 0.74
v 11.4889296 9.7554659 11.0000000 0.7 0.72 0.74
v 11.5564756 9.7581534 11.0000000 0.7 0.72 0.74
v 11.6238613 9.7635242 11.0000000 0.7 0.72 0.74
v 11.6909803 9.7715698 11.0000000 0.7 0.72 0.74
v 11.7577263 9.7822774 11.0000000 0.7 0.72 0.74
v 11.8239938 9.7956301 11.0000000 0.7 0.72 0.74
v 11.8896781 9.8116069 11.0000000 0.7 0.72 0.74
v 11.9546753 9.8301824 11.0000000 0.7 0.72 0.74
v 12.0188826 9.8513272 11.0000000 0.7 0.72 0.74
v 12.0821985 9.8750081 11.0000000 0.7 0.72 0.74
v 12.1445229 9.9011874 11.0000000 0.7 0.72 0.74
v 12.2057572 9.9298238 11.0000000 0.7 0.72 0.74
v 12.2658046 9.9608720 11.0000000 0.7 0.72 0.74
v 12.3245702 9.9942830 11.0000000 0.7 0.72 0.74
v 12.3819610 10.0300039 11.0000000 0.7 0.72 0.74
v 12.4378863 10.0679781 11.0000000 0.7 0.72 0.74
v 12.4922576 10.1081458 11.0000000 0.7 0.72 0.74
v 12.5449890 10.1504433 11.0000000 0.7 0.72 0.74
v 12.5959972 10.1948038 11.0000000 0.7 0.72 0.74
v 12.6452014 10.2411571 11.0000000 0.7 0.72 0.74
v 12.6925238 10.2894300 11.0000000 0.7 0.72 0.74
v 12.7378897 10.3395461 11.0000000 0.7 0.72 0.74
v 12.7812273 10.3914261 11.0000000 0.7 0.72 0.74
v 12.8224680 10.4449881 11.0000000 0.7 0.72 0.74
v 12.8615467 10.5001473 11.0000000 0.7 0.72 0.74
v 12.8984016 10.5568166 11.0000000 0.7 0.72 0.74
v 12.9329743 10.6149062 11.0000000 0.7 0.72 0.74
v 12.9652103 10.6743245 11.0000000 0.7 0.72 0.74
v 12.9950585 10.7349773 11.0000000 0.7 0.72 0.74
v 13.0224718 10.7967689 11.0000000 0.7 0.72 0.74
v 13.0474068 10.8596014 11.0000000 0.7 0.72 0.74
v 13.0698241 10.9233756 11.0000000 0.7 0.72 0.74
v 13.0896882 10.9879906 11.0000000 0.7 0.72 0.74
v 13.1069677 11.0533443 11.0000000 0.7 0.72 0.74
v 13.1216354 11.1193333 11.0000000 0.7 0.72 0.74
v 13.1336679 11.1858532 11.0000000 0.7 0.72 0.74
v 13.1430464 11.2527989 11.0000000 0.7 0.72 0.74
v 13.1497559 11.3200646 11.0000000 0.7 0.72 0.74
v 13.1537858 11.3875438 11.0000000 0.7 0.72 0.74
v -9.2551299 11.4551299 8.1000000 0.7 0.72 0.74
v -9.2551299 11.4551299 11.0000000 0.7 0.72 0.74
v -9.2568692 11.5425942 11.0000000 0.7 0.72 0.74
v -9.2620844 11.6299202 11.0000000 0.7 0.72 0.74
v -9.2707673 11.7169699 11.0000000 0.7 0.72 0.74
v -9.2829041 11.8036055 11.0000000 0.7 0.72 0.74
v -9.2984756 11.8896901 11.0000000 0.7 0.72 0.74
v -9.3174573 11.9750876 11.0000000 0.7 0.72 0.74
v -9.3398191 12.0596630 11.0000000 0.7 0.72 0.74
v -9.3655256 12.1432824 11.0000000 0.7 0.72 0.74
v -9.3945362 12.2258137 11.0000000 0.7 0.72 0.74
v -9.4268050 12.3071264 11.0000000 0.7 0.72 0.74
v -9.4622810 12.3870920 11.0000000 0.7 0.72 0.74
v -9.5009081 12.4655839 11.0000000 0.7 0.72 0.74
v -9.5426253 12.5424781 11.0000000 0.7 0.72 0.74
v -9.5873665 12.6176529 11.0000000 0.7 0.72 0.74
v -9.6350610 12.6909896 11.0000000 0.7 0.72 0.74
v -9.6856334 12.7623721 11.0000000 0.7 0.72 0.74
v -9.7390038 12.8316876 11.0000000 0.7 0.72 0.74
v -9.7950877 12.8988265 11.0000000 0.7 0.72 0.74
v -9.8537965 12.9636826 11.0000000 0.7 0.72 0.74
v -9.9150373 13.0261534 11.0000000 0.7 0.72 0.74
v -9.9787133 13.0861400 11.0000000 0.7 0.72 0.74
v -10.0447239 13.1435477 11.0000000 0.7 0.72 0.74
v -10.1129645 13.1982857 11.0000000 0.7 0.72 0.74
v -10.1833275 13.2502674 11.0000000 0.7 0.72 0.74
v -10.2557014 13.2994105 11.0000000 0.7 0.72 0.74
v -10.3299718 13.3456376 11.0000000 0.7 0.72 0.74
v -10.4060214 13.3888753 11.0000000 0.7 0.72 0.74
v -10.4837298 13.4290553 11.0000000 0.7 0.72 0.74
v -10.5629741 13.4661142 11.0000000 0.7 0.72 0.74
v -10.6436292 13.4999934 11.0000000 0.7 0.72 0.74
v -10.7255674 13.5306391 11.0000000 0.7 0.72 0.74
v -10.8086593 13.5580031 11.0000000 0.7 0.72 0.74
v -10.8927733 13.5820420 11.0000000 0.7 0.72 0.74
v -10.9777765 13.6027177 11.0000000 0.7 0.72 0.74
v -11.0635345 13.6199978 11.0000000 0.7 0.72 0.74
v -11.1499117 13.6338547 11.0000000 0.7 0.72 0.74
v -11.2367715 13.6442666 11.0000000 0.7 0.72 0.74
v -11.3239766 13.6512170 11.0000000 0.7 0.72 0.74
v -11.4113890 13.6546950 11.0000000 0.7 0.72 0.74
v -11.4988707 13.6546950 11.0000000 0.7 0.72 0.74
v -11.5862831 13.6512170 11.0000000 0.7 0.72 0.74
v -11.6734882 13.6442666 11.0000000 0.7 0.72 0.74
v -11.7603480 13.6338547 11.0000000 0.7 0.72 0.74
v -11.8467252 13.6199978 11.0000000 0.7 0.72 0.74
v -11.9324832 13.6027177 11.0000000 0.7 0.72 0.74
v -12.0174864 13.5820420 11.0000000 0.7 0.72 0.74
v -12.1016005 13.5580031 11.0000000 0.7 0.72 0.74
v -12.1846923 13.5306391 11.0000000 0.7 0.72 0.74
v -12.2666305 13.4999934 11.0000000 0.7 0.72 0.74
v -12.3472856 13.4661142 11.0000000 0.7 0.72 0.74
v -12.4265300 13.4290553 11.0000000 0.7 0.72 0.74
v -12.5042384 13.3888753 11.0000000 0.7 0.72 0.74
v -12.5802879 13.3456376 11.0000000 0.7 0.72 0.74
v -12.6545584 13.2994105 11.0000000 0.7 0.72 0.74
v -12.7269323 13.2502674 11.0000000 0.7 0.72 0.74
v -12.7972952 13.1982857 11.0000000 0.7 0.72 0.74
v -12.8655359 13.1435477 11.0000000 0.7 0.72 0.74
v -12.9315464 13.0861400 11.0000000 0.7 0.72 0.74
v -12.9952224 13.0261534 11.0000000 0.7 0.72 0.74
v -13.0564632 12.9636826 11.0000000 0.7 0.72 0.74
v -13.1151720 12.8988265 11.0000000 0.7 0.72 0.74
v -13.1712559 12.8316876 11.0000000 0.7 0.72 0.74
v -13.2246263 12.7623721 11.0000000 0.7 0.72 0.74
v -13.2751987 12.6909896 11.0000000 0.7 0.72 0.74
v -13.3228933 12.6176529 11.0000000 0.7 0.72 0.74
v -13.3676345 12.5424781 11.0000000 0.7 0.72 0.74
v -13.4093516 12.4655839 11.0000000 0.7 0.72 0.74
v -13.4479787 12.3870920 11.0000000 0.7 0.72 0.74
v -13.4834547 12.3071264 11.0000000 0.7 0.72 0.74
v -13.5157236 12.2258137 11.0000000 0.7 0.72 0.74
v -13.5447341 12.1432824 11.0000000 0.7 0.72 0.74
v -13.5704406 12.0596630 11.0000000 0.7 0.72 0.74
v -13.5928024 11.9750876 11.0000000 0.7 0.72 0.74
v -13.6117841 11.8896901 11.0000000 0.7 0.72 0.74
v -13.6273556 11.8036055 11.0000000 0.7 0.72 0.74
v -13.6394924 11.7169699 11.0000000 0.7 0.72 0.74
v -13.6481753 11.6299202 11.0000000 0.7 0.72 0.74
v -13.6533905 11.5425942 11.0000000 0.7 0.72 0.74
v -13.6551299 11.4551299 11.0000000 0.7 0.72 0.74
v -13.6533905 11.3676655 11.0000000 0.7 0.72 0.74
v -13.6481753 11.2803395 11.0000000 0.7 0.72 0.74
v -13.6394924 11.1932898 11.0000000 0.7 0.72 0.74
v -13.6273556 11.1066542 11.0000000 0.7 0.72 0.74
v -13.6117841 11.0205696 11.0000000 0.7 0.72 0.74
v -13.5928024 10.9351721 11.0000000 0.7 0.72 0.74
v -13.5704406 10.8505968 11.0000000 0.7 0.72 0.74
v -13.5447341 10.7669773 11.0000000 0.7 0.72 0.74
v -13.5157236 10.6844460 11.0000000 0.7 0.72 0.74
v -13.4834547 10.6031333 11.0000000 0.7 0.72 0.74
v -13.4479787 10.5231677 11.0000000 0.7 0.72 0.74
v -13.4093516 10.4446758 11.0000000 0.7 0.72 0.74
v -13.3676345 10.3677816 11.0000000 0.7 0.72 0.74
v -13.3228933 10.2926068 11.0000000 0.7 0.72 0.74
v -13.2751987 10.2192701 11.0000000 0.7 0.72 0.74
v -13.2246263 10.1478876 11.0000000 0.7 0.72 0.74
v -13.1712559 10.0785721 11.0000000 0.7 0.72 0.74
v -13.1151720 10.0114332 11.0000000 0.7 0.72 0.74
v -13.0564632 9.9465771 11.0000000 0.7 0.72 0.74
v -12.9952224 9.8841063 11.0000000 0.7 0.72 0.74
v -12.9315464 9.8241197 11.0000000 0.7 0.72 0.74
v -12.8655359 9.7667120 11.0000000 0.7 0.72 0.74
v -12.7972952 9.7119740 11.0000000 0.7 0.72 0.74
v -12.7269323 9.6599924 11.0000000 0.7 0.72 0.74
v -12.6545584 9.6108492 11.0000000 0.7 0.72 0.74
v -12.5802879 9.5646222 11.0000000 0.7 0.72 0.74
v -12.5042384 9.5213844 11.0000000 0.7 0.72 0.74
v -12.4265300 9.4812044 11.0000000 0.7 0.72 0.74
v -12.3472856 9.4441455 11.0000000 0.7 0.72 0.74
v -12.2666305 9.4102664 11.0000000 0.7 0.72 0.74
v -12.1846923 9.3796206 11.0000000 0.7 0.72 0.74
v -12.1016005 9.3522566 11.0000000 0.7 0.72 0.74
v -12.0174864 9.3282178 11.0000000 0.7 0.72 0.74
v -11.9324832 9.3075420 11.0000000 0.7 0.72 0.74
v -11.8467252 9.2902619 11.0000000 0.7 0.72 0.74
v -11.7603480 9.2764050 11.0000000 0.7 0.72 0.74
v -11.6734882 9.2659931 11.0000000 0.7 0.72 0.74
v -11.5862831 9.2590427 11.0000000 0.7 0.72 0.74
v -11.4988707 9.2555647 11.0000000 0.7 0.72 0.74
v -11.4113890 9.2555647 11.0000000 0.7 0.72 0.74
v -11.3239766 9.2590427 11.0000000 0.7 0.72 0.74
v -11.2367715 9.2659931 11.0000000 0.7 0.72 0.74
v -11.1499117 9.2764050 11.0000000 0.7 0.72 0.74
v -11.0635345 9.2902619 11.0000000 0.7 0.72 0.74
v -10.9777765 9.3075420 11.0000000 0.7 0.72 0.74
v -10.8927733 9.3282178 11.0000000 0.7 0.72 0.74
v -10.8086593 9.3522566 11.0000000 0.7 0.72 0.74
v -10.7255674 9.3796206 11.0000000 0.7 0.72 0.74
v -10.6436292 9.4102664 11.0000000 0.7 0.72 0.74
v -10.5629741 9.4441455 11.0000000 0.7 0.72 0.74
v -10.4837298 9.4812044 11.0000000 0.7 0.72 0.74
v -10.4060214 9.5213844 11.0000000 0.7 0.72 0.74
v -10.3299718 9.5646222 11.0000000 0.7 0.72 0.74
v -10.2557014 9.6108492 11.0000000 0.7 0.72 0.74
v -10.1833275 9.6599924 11.0000000 0.7 0.72 0.74
v -10.1129645 9.7119740 11.0000000 0.7 0.72 0.74
v -10.0447239 9.7667120 11.0000000 0.7 0.72 0.74
v -9.9787133 9.8241197 11.0000000 0.7 0.72 0.74
v -9.9150373 9.8841063 11.0000000 0.7 0.72 0.74
v -9.8537965 9.9465771 11.0000000 0.7 0.72 0.74
v -9.7950877 10.0114332 11.0000000 0.7 0.72 0.74
v -9.7390038 10.0785721 11.0000000 0.7 0.72 0.74
v -9.6856334 10.1478876 11.0000000 0.7 0.72 0.74
v -9.6350610 10.2192701 11.0000000 0.7 0.72 0.74
v -9.5873665 10.2926068 11.0000000 0.7 0.72 0.74
v -9.5426253 10.3677816 11.0000000 0.7 0.72 0.74
v -9.5009081 10.4446758 11.0000000 0.7 0.72 0.74
v -9.4622810 10.5231677 11.0000000 0.7 0.72 0.74
v -9.4268050 10.6031333 11.0000000 0.7 0.72 0.74
v -9.3945362 10.6844460 11.0000000 0.7 0.72 0.74
v -9.3655256 10.7669773 11.0000000 0.7 0.72 0.74
v -9.3398191 10.8505968 11.0000000 0.7 0.72 0.74
v -9.3174573 10.9351721 11.0000000 0.7 0.72 0.74
v -9.2984756 11.0205696 11.0000000 0.7 0.72 0.74
v -9.2829041 11.1066542 11.0000000 0.7 0.72 0.74
v -9.2707673 11.1932898 11.0000000 0.7 0.72 0.74
v -9.2620844 11.2803395 11.0000000 0.7 0.72 0.74
v -9.2568692 11.3676655 11.0000000 0.7 0.72 0.74
v -9.2551299 11.4551299 11.0000000 0.7 0.72 0.74
v -9.2551299 11.4551299 8.1000000 0.7 0.72 0.74
v -9.2568692 11.5425942 8.1000000 0.7 0.72 0.74
v -9.2620844 11.6299202 8.1000000 0.7 0.72 0.74
v -9.2707673 11.7169699 8.1000000 0.7 0.72 0.74
v -9.2829041 11.8036055 8.1000000 0.7 0.72 0.74
v -9.2984756 11.8896901 8.1000000 0.7 0.72 0.74
v -9.3174573 11.9750876 8.1000000 0.7 0.72 0.74
v -9.3398191 12.0596630 8.1000000 0.7 0.72 0.74
v -9.3655256 12.1432824 8.1000000 0.7 0.72 0.74
v -9.3945362 12.2258137 8.1000000 0.7 0.72 0.74
v -9.4268050 12.3071264 8.1000000 0.7 0.72 0.74
v -9.4622810 12.3870920 8.1000000 0.7 0.72 0.74
v -9.5009081 12.4655839 8.1000000 0.7 0.72 0.74
v -9.5426253 12.5424781 8.1000000 0.7 0.72 0.74
v -9.5873665 12.6176529 8.1000000 0.7 0.72 0.74
v -9.6350610 12.6909896 8.1000000 0.7 0.72 0.74
v -9.6856334 12.7623721 8.1000000 0.7 0.72 0.74
v -9.7390038 12.8316876 8.1000000 0.7 0.72 0.74
v -9.7950877 12.8988265 8.1000000 0.7 0.72 0.74
v -9.8537965 12.9636826 8.1000000 0.7 0.72 0.74
v -9.9150373 13.0261534 8.1000000 0.7 0.72 0.74
v -9.9787133 13.0861400 8.1000000 0.7 0.72 0.74
v -10.0447239 13.1435477 8.1000000 0.7 0.72 0.74
v -10.1129645 13.1982857 8.1000000 0.7 0.72 0.74
v -10.1833275 13.2502674 8.1000000 0.7 0.72 0.74
v -10.2557014 13.2994105 8.1000000 0.7 0.72 0.74
v -10.3299718 13.3456376 8.1000000 0.7 0.72 0.74
v -10.4060214 13.3888753 8.1000000 0.7 0.72 0.74
v -10.4837298 13.4290553 8.1000000 0.7 0.72 0.74
v -10.5629741 13.4661142 8.1000000 0.7 0.72 0.74
v -10.6436292 13.4999934 8.1000000 0.7 0.72 0.74
v -10.7255674 13.5306391 8.1000000 0.7 0.72 0.74
v -10.8086593 13.5580031 8.1000000 0.7 0.72 0.74
v -10.8927733 13.5820420 8.1000000 0.7 0.72 0.74
v -10.9777765 13.6027177 8.1000000 0.7 0.72 0.74
v -11.0635345 13.6199978 8.1000000 0.7 0.72 0.74
v -11.1499117 13.6338547 8.1000000 0.7 0.72 0.74
v -11.2367715 13.6442666 8.1000000 0.7 0.72 0.74
v -11.3239766 13.6512170 8.1000000 0.7 0.72 0.74
v -11.4113890 13.6546950 8.1000000 0.7 0.72 0.74
v -11.4988707 13.6546950 8.1000000 0.7 0.72 0.74
v -11.5862831 13.6512170 8.1000000 0.7 0.72 0.74
v -11.6734882 13.6442666 8.1000000 0.7 0.72 0.74
v -11.7603480 13.6338547 8.1000000 0.7 0.72 0.74
v -11.8467252 13.6199978 8.1000000 0.7 0.72 0.74
v -11.9324832 13.6027177 8.1000000 0.7 0.72 0.74
v -12.0174864 13.5820420 8.1000000 0.7 0.72 0.74
v -12.1016005 13.5580031 8.1000000 0.7 0.72 0.74
v -12.1846923 13.5306391 8.1000000 0.7 0.72 0.74
v -12.2666305 13.4999934 8.1000000 0.7 0.72 0.74
v -12.3472856 13.4661142 8.1000000 0.7 0.72 0.74
v -12.4265300 13.4290553 8.1000000 0.7 0.72 0.74
v -12.5042384 13.3888753 8.1000000 0.7 0.72 0.74
v -12.5802879 13.3456376 8.1000000 0.7 0.72 0.74
v -12.6545584 13.2994105 8.1000000 0.7 0.72 0.74
v -12.7269323 13.2502674 8.1000000 0.7 0.72 0.74
v -12.7972952 13.1982857 8.1000000 0.7 0.72 0.74
v -12.8655359 13.1435477 8.1000000 0.7 0.72 0.74
v -12.9315464 13.0861400 8.1000000 0.7 0.72 0.74
v -12.9952224 13.0261534 8.1000000 0.7 0.72 0.74
v -13.0564632 12.9636826 8.1000000 0.7 0.72 0.74
v -13.1151720 12.8988265 8.1000000 0.7 0.72 0.74
v -13.1712559 12.8316876 8.1000000 0.7 0.72 0.74
v -13.2246263 12.7623721 8.1000000 0.7 0.72 0.74
v -13.2751987 12.6909896 8.1000000 0.7 0.72 0.74
v -13.3228933 12.6176529 8.1000000 0.7 0.72 0.74
v -13.3676345 12.5424781 8.1000000 0.7 0.72 0.74
v -13.4093516 12.4655839 8.1000000 0.7 0.72 0.74
v -13.4479787 12.3870920 8.1000000 0.7 0.72 0.74
v -13.4834547 12.3071264 8.1000000 0.7 0.72 0.74
v -13.5157236 12.2258137 8.1000000 0.7 0.72 0.74
v -13.5447341 12.1432824 8.1000000 0.7 0.72 0.74
v -13.5704406 12.0596630 8.1000000 0.7 0.72 0.74
v -13.5928024 11.9750876 8.1000000 0.7 0.72 0.74
v -13.6117841 11.8896901 8.1000000 0.7 0.72 0.74
v -13.6273556 11.8036055 8.1000000 0.7 0.72 0.74
v -13.6394924 11.7169699 8.1000000 0.7 0.72 0.74
v -13.6481753 11.6299202 8.1000000 0.7 0.72 0.74
v -13.6533905 11.5425942 8.1000000 0.7 0.72 0.74
v -13.6551299 11.4551299 8.1000000 0.7 0.72 0.74
v -13.6533905 11.3676655 8.1000000 0.7 0.72 0.74
v -13.6481753 11.2803395 8.1000000 0.7 0.72 0.74
v -13.6394924 11.1932898 8.1000000 0.7 0.72 0.74
v -13.6273556 11.1066542 8.1000000 0.7 0.72 0.74
v -13.6117841 11.0205696 8.1000000 0.7 0.72 0.74
v -13.5928024 10.9351721 8.1000000 0.7 0.72 0.74
v -13.5704406 10.8505968 8.1000000 0.7 0.72 0.74
v -13.5447341 10.7669773 8.1000000 0.7 0.72 0.74
v -13.5157236 10.6844460 8.1000000 0.7 0.72 0.74
v -13.4834547 10.6031333 8.1000000 0.7 0.72 0.74
v -13.4479787 10.5231677 8.1000000 0.7 0.72 0.74
v -13.4093516 10.4446758 8.1000000 0.7 0.72 0.74
v -13.3676345 10.3677816 8.1000000 0.7 0.72 0.74
v -13.3228933 10.2926068 8.1000000 0.7 0.72 0.74
v -13.2751987 10.2192701 8.1000000 0.7 0.72 0.74
v -13.2246263 10.1478876 8.1000000 0.7 0.72 0.74
v -13.1712559 10.0785721 8.1000000 0.7 0.72 0.74
v -13.1151720 10.0114332 8.1000000 0.7 0.72 0.74
v -13.0564632 9.9465771 8.1000000 0.7 0.72 0.74
v -12.9952224 9.8841063 8.1000000 0.7 0.72 0.74
v -12.9315464 9.8241197 8.1000000 0.7 0.72 0.74
v -12.8655359 9.7667120 8.1000000 0.7 0.72 0.74
v -12.7972952 9.7119740 8.1000000 0.7 0.72 0.74
v -12.7269323 9.6599924 8.1000000 0.7 0.72 0.74
v -12.6545584 9.6108492 8.1000000 0.7 0.72 0.74
v -12.5802879 9.5646222 8.1000000 0.7 0.72 0.74
v -12.5042384 9.5213844 8.1000000 0.7 0.72 0.74
v -12.4265300 9.4812044 8.1000000 0.7 0.72 0.74
v -12.3472856 9.4441455 8.1000000 0.7 0.72 0.74
v -12.2666305 9.4102664 8.1000000 0.7 0.72 0.74
v -12.1846923 9.3796206 8.1000000 0.7 0.72 0.74
v -12.1016005 9.3522566 8.1000000 0.7 0.72 0.74
v -12.0174864 9.3282178 8.1000000 0.7 0.72 0.74
v -11.9324832 9.3075420 8.1000000 0.7 0.72 0.74
v -11.8467252 9.2902619 8.1000000 0.7 0.72 0.74
v -11.7603480 9.2764050 8.1000000 0.7 0.72 0.74
v -11.6734882 9.2659931 8.1000000 0.7 0.72 0.74
v -11.5862831 9.2590427 8.1000000 0.7 0.72 0.74
v -11.4988707 9.2555647 8.1000000 0.7 0.72 0.74
v -11.4113890 9.2555647 8.1000000 0.7 0.72 0.74
v -11.3239766 9.2590427 8.1000000 0.7 0.72 0.74
v -11.2367715 9.2659931 8.1000000 0.7 0.72 0.74
v -11.1499117 9.2764050 8.1000000 0.7 0.72 0.74
v -11.0635345 9.2902619 8.1000000 0.7 0.72 0.74
v -10.9777765 9.3075420 8.1000000 0.7 0.72 0.74
v -10.8927733 9.3282178 8.1000000 0.7 0.72 0.74
v -10.8086593 9.3522566 8.1000000 0.7 0.72 0.74
v -10.7255674 9.3796206 8.1000000 0.7 0.72 0.74
v -10.6436292 9.4102664 8.1000000 0.7 0.72 0.74
v -10.5629741 9.4441455 8.1000000 0.7 0.72 0.74
v -10.4837298 9.4812044 8.1000000 0.7 0.72 0.74
v -10.4060214 9.5213844 8.1000000 0.7 0.72 0.74
v -10.3299718 9.5646222 8.1000000 0.7 0.72 0.74
v -10.2557014 9.6108492 8.1000000 0.7 0.72 0.74
v -10.1833275 9.6599924 8.1000000 0.7 0.72 0.74
v -10.1129645 9.7119740 8.1000000 0.7 0.72 0.74
v -10.0447239 9.7667120 8.1000000 0.7 0.72 0.74
v -9.9787133 9.8241197 8.1000000 0.7 0.72 0.74
v -9.9150373 9.8841063 8.1000000 0.7 0.72 0.74
v -9.8537965 9.9465771 8.1000000 0.7 0.72 0.74
v -9.7950877 10.0114332 8.1000000 0.7 0.72 0.74
v -9.7390038 10.0785721 8.1000000 0.7 0.72 0.74
v -9.6856334 10.1478876 8.1000000 0.7 0.72 0.74
v -9.6350610 10.2192701 8.1000000 0.7 0.72 0.74
v -9.5873665 10.2926068 8.1000000 0.7 0.72 0.74
v -9.5426253 10.3677816 8.1000000 0.7 0.72 0.74
v -9.5009081 10.4446758 8.1000000 0.7 0.72 0.74
v -9.4622810 10.5231677 8.1000000 0.7 0.72 0.74
v -9.4268050 10.6031333 8.1000000 0.7 0.72 0.74
v -9.3945362 10.6844460 8.1000000 0.7 0.72 0.74
v -9.3655256 10.7669773 8.1000000 0.7 0.72 0.74
v -9.3398191 10.8505968 8.1000000 0.7 0.72 0.74
v -9.3174573 10.9351721 8.1000000 0.7 0.72 0.74
v -9.2984756 11.0205696 8.1000000 0.7 0.72 0.74
v -9.2829041 11.1066542 8.1000000 0.7 0.72 0.74
v -9.2707673 11.1932898 8.1000000 0.7 0.72 0.74
v -9.2620844 11.2803395 8.1000000 0.7 0.72 0.74
v -9.2568692 11.3676655 8.1000000 0.7 0.72 0.74
v -9.7551299 11.4551299 8.1000000 0.7 0.72 0.74
v -9.7551299 11.4551299 11.0000000 0.7 0.72 0.74
v -9.7564739 11.5227159 11.0000000 0.7 0.72 0.74
v -9.7605038 11.5901951 11.0000000 0.7 0.72 0.74
v -9.7672133 11.6574608 11.0000000 0.7 0.72 0.74
v -9.7765918 11.7244065 11.0000000 0.7 0.72 0.74
v -9.7886243 11.7909264 11.0000000 0.7 0.72 0.74
v -9.8032920 11.8569154 11.0000000 0.7 0.72 0.74
v -9.8205715 11.9222691 11.0000000 0.7 0.72 0.74
v -9.8404356 11.9868841 11.0000000 0.7 0.72 0.74
v -9.8628529 12.0506583 11.0000000 0.7 0.72 0.74
v -9.8877879 12.1134909 11.0000000 0.7 0.72 0.74
v -9.9152012 12.1752824 11.0000000 0.7 0.72 0.74
v -9.9450494 12.2359352 11.0000000 0.7 0.72 0.74
v -9.9772854 12.2953535 11.0000000 0.7 0.72 0.74
v -10.0118581 12.3534431 11.0000000 0.7 0.72 0.74
v -10.0487130 12.4101124 11.0000000 0.7 0.72 0.74
v -10.0877917 12.4652716 11.0000000 0.7 0.72 0.74
v -10.1290324 12.5188336 11.0000000 0.7 0.72 0.74
v -10.1723700 12.5707136 11.0000000 0.7 0.72 0.74
v -10.2177359 12.6208297 11.0000000 0.7 0.72 0.74
v -10.2650583 12.6691026 11.0000000 0.7 0.72 0.74
v -10.3142625 12.7154559 11.0000000 0.7 0.72 0.74
v -10.3652707 12.7598164 11.0000000 0.7 0.72 0.74
v -10.4180021 12.8021139 11.0000000 0.7 0.72 0.74
v -10.4723735 12.8422816 11.0000000 0.7 0.72 0.74
v -10.5282987 12.8802558 11.0000000 0.7 0.72 0.74
v -10.5856895 12.9159767 11.0000000 0.7 0.72 0.74
v -10.6444551 12.9493877 11.0000000 0.7 0.72 0.74
v -10.7045025 12.9804359 11.0000000 0.7 0.72 0.74
v -10.7657368 13.0090723 11.0000000 0.7 0.72 0.74
v -10.8280612 13.0352516 11.0000000 0.7 0.72 0.74
v -10.8913771 13.0589325 11.0000000 0.7 0.72 0.74
v -10.9555844 13.0800773 11.0000000 0.7 0.72 0.74
v -11.0205816 13.0986528 11.0000000 0.7 0.72 0.74
v -11.0862659 13.1146296 11.0000000 0.7 0.72 0.74
v -11.1525334 13.1279823 11.0000000 0.7 0.72 0.74
v -11.2192795 13.1386899 11.0000000 0.7 0.72 0.74
v -11.2863984 13.1467355 11.0000000 0.7 0.72 0.74
v -11.3537841 13.1521063 11.0000000 0.7 0.72 0.74
v -11.4213301 13.1547938 11.0000000 0.7 0.72 0.74
v -11.4889296 13.1547938 11.0000000 0.7 0.72 0.74
v -11.5564756 13.1521063 11.0000000 0.7 0.72 0.74
v -11.6238613 13.1467355 11.0000000 0.7 0.72 0.74
v -11.6909803 13.1386899 11.0000000 0.7 0.72 0.74
v -11.7577263 13.1279823 11.0000000 0.7 0.72 0.74
v -11.8239938 13.1146296 11.0000000 0.7 0.72 0.74
v -11.8896781 13.0986528 11.0000000 0.7 0.72 0.74
v -11.9546753 13.0800773 11.0000000 0.7 0.72 0.74
v -12.0188826 13.0589325 11.0000000 0.7 0.72 0.74
v -12.0821985 13.0352516 11.0000000 0.7 0.72 0.74
v -12.1445229 13.0090723 11.0000000 0.7 0.72 0.74
v -12.2057572 12.9804359 11.0000000 0.7 0.72 0.74
v -12.2658046 12.9493877 11.0000000 0.7 0.72 0.74
v -12.3245702 12.9159767 11.0000000 0.7 0.72 0.74
v -12.3819610 12.8802558 11.0000000 0.7 0.72 0.74
v -12.4378863 12.8422816 11.0000000 0.7 0.72 0.74
v -12.4922576 12.8021139 11.0000000 0.7 0.72 0.74
v -12.5449890 12.7598164 11.0000000 0.7 0.72 0.74
v -12.5959972 12.7154559 11.0000000 0.7 0.72 0.74
v -12.6452014 12.6691026 11.0000000 0.7 0.72 0.74
v -12.6925238 12.6208297 11.0000000 0.7 0.72 0.74
v -12.7378897 12.5707136 11.0000000 0.7 0.72 0.74
v -12.7812273 12.5188336 11.0000000 0.7 0.72 0.74
v -12.8224680 12.4652716 11.0000000 0.7 0.72 0.74
v -12.8615467 12.4101124 11.0000000 0.7 0.72 0.74
v -12.8984016 12.3534431 11.0000000 0.7 0.72 0.74
v -12.9329743 12.2953535 11.0000000 0.7 0.72 0.74
v -12.9652103 12.2359352 11.0000000 0.7 0.72 0.74
v -12.9950585 12.1752824 11.0000000 0.7 0.72 0.74
v -13.0224718 12.1134909 11.0000000 0.7 0.72 0.74
v -13.0474068 12.0506583 11.0000000 0.7 0.72 0.74
v -13.0698241 11.9868841 11.0000000 0.7 0.72 0.74
v -13.0896882 11.9222691 11.0000000 0.7 0.72 0.74
v -13.1069677 11.8569154 11.0000000 0.7 0.72 0.74
v -13.1216354 11.7909264 11.0000000 0.7 0.72 0.74
v -13.1336679 11.7244065 11.0000000 0.7 0.72 0.74
v -13.1430464 11.6574608 11.0000000 0.7 0.72 0.74
v -13.1497559 11.5901951 11.0000000 0.7 0.72 0.74
v -13.1537858 11.5227159 11.0000000 0.7 0.72 0.74
v -13.1551299 11.4551299 11.0000000 0.7 0.72 0.74
v -13.1537858 11.3875438 11.0000000 0.7 0.72 0.74
v -13.1497559 11.3200646 11.0000000 0.7 0.72 0.74
v -13.1430464 11.2527989 11.0000000 0.7 0.72 0.74
v -13.1336679 11.1858532 11.0000000 0.7 0.72 0.74
v -13.1216354 11.1193333 11.0000000 0.7 0.72 0.74
v -13.1069677 11.0533443 11.0000000 0.7 0.72 0.74
v -13.0896882 10.9879906 11.0000000 0.7 0.72 0.74
v -13.0698241 10.9233756 11.0000000 0.7 0.72 0.74
v -13.0474068 10.8596014 11.0000000 0.7 0.72 0.74
v -13.0224718 10.7967689 11.0000000 0.7 0.72 0.74
v -12.9950585 10.7349773 11.0000000 0.7 0.72 0.74
v -12.9652103 10.6743245 11.0000000 0.7 0.72 0.74
v -12.9329743 10.6149062 11.0000000 0.7 0.72 0.74
v -12.8984016 10.5568166 11.0000000 0.7 0.72 0.74
v -12.8615467 10.5001473 11.0000000 0.7 0.72 0.74
v -12.8224680 10.4449881 11.0000000 0.7 0.72 0.74
v -12.7812273 10.3914261 11.0000000 0.7 0.72 0.74
v -12.7378897 10.3395461 11.0000000 0.7 0.72 0.74
v -12.6925238 10.2894300 11.0000000 0.7 0.72 0.74
v -12.6452014 10.2411571 11.0000000 0.7 0.72 0.74
v -12.5959972 10.1948038 11.0000000 0.7 0.72 0.74
v -12.5449890 10.1504433 11.0000000 0.7 0.72 0.74
v -12.4922576 10.1081458 11.0000000 0.7 0.72 0.74
v -12.4378863 10.0679781 11.0000000 0.7 0.72 0.74
v -12.3819610 10.0300039 11.0000000 0.7 0.72 0.74
v -12.3245702 9.9942830 11.0000000 0.7 0.72 0.74
v -12.2658046 9.9608720 11.0000000 0.7 0.72 0.74
v -12.2057572 9.9298238 11.0000000 0.7 0.72 0.74
v -12.1445229 9.9011874 11.0000000 0.7 0.72 0.74
v -12.0821985 9.8750081 11.0000000 0.7 0.72 0.74
v -12.0188826 9.8513272 11.0000000 0.7 0.72 0.74
v -11.9546753 9.8301824 11.0000000 0.7 0.72 0.74
v -11.8896781 9.8116069 11.0000000 0.7 0.72 0.74
v -11.8239938 9.7956301 11.0000000 0.7 0.72 0.74
v -11.7577263 9.7822774 11.0000000 0.7 0.72 0.74
v -11.6909803 9.7715698 11.0000000 0.7 0.72 0.74
v -11.6238613 9.7635242 11.0000000 0.7 0.72 0.74
v -11.5564756 9.7581534 11.0000000 0.7 0.72 0.74
v -11.4889296 9.7554659 11.0000000 0.7 0.72 0.74
v -11.4213301 9.7554659 11.0000000 0.7 0.72 0.74
v -11.3537841 9.7581534 11.0000000 0.7 0.72 0.74
v -11.2863984 9.7635242 11.0000000 0.7 0.72 0.74
v -11.2192795 9.7715698 11.0000000 0.7 0.72 0.74
v -11.1525334 9.7822774 11.0000000 0.7 0.72 0.74
v -11.0862659 9.7956301 11.0000000 0.7 0.72 0.74
v -11.0205816 9.8116069 11.0000000 0.7 0.72 0.74
v -10.9555844 9.8301824 11.0000000 0.7 0.72 0.74
v -10.8913771 9.8513272 11.0000000 0.7 0.72 0.74
v -10.8280612 9.8750081 11.0000000 0.7 0.72 0.74
v -10.7657368 9.9011874 11.0000000 0.7 0.72 0.74
v -10.7045025 9.9298238 11.0000000 0.7 0.72 0.74
v -10.6444551 9.9608720 11.0000000 0.7 0.72 0.74
v -10.5856895 9.9942830 11.0000000 0.7 0.72 0.74
v -10.5282987 10.0300039 11.0000000 0.7 0.72 0.74
v -10.4723735 10.0679781 11.0000000 0.7 0.72 0.74
v -10.4180021 10.1081458 11.0000000 0.7 0.72 0.74
v -10.3652707 10.1504433 11.0000000 0.7 0.72 0.74
v -10.3142625 10.1948038 11.0000000 0.7 0.72 0.74
v -10.2650583 10.2411571 11.0000000 0.7 0.72 0.74
v -10.2177359 10.2894300 11.0000000 0.7 0.72 0.74
v -10.1723700 10.3395461 11.0000000 0.7 0.72 0.74
v -10.1290324 10.3914261 11.0000000 0.7 0.72 0.74
v -10.0877917 10.4449881 11.0000000 0.7 0.72 0.74
v -10.0487130 10.5001473 11.0000000 0.7 0.72 0.74
v -10.0118581 10.5568166 11.0000000 0.7 0.72 0.74
v -9.9772854 10.6149062 11.0000000 0.7 0.72 0.74
v -9.9450494 10.6743245 11.0000000 0.7 0.72 0.74
v -9.9152012 10.7349773 11.0000000 0.7 0.72 0.74
v -9.8877879 10.7967689 11.0000000 0.7 0.72 0.74
v -9.8628529 10.8596014 11.0000000 0.7 0.72 0.74
v -9.8404356 10.9233756 11.0000000 0.7 0.72 0.74
v -9.8205715 10.9879906 11.0000000 0.7 0.72 0.74
v -9.8032920 11.0533443 11.0000000 0.7 0.72 0.74
v -9.7886243 11.1193333 11.0000000 0.7 0.72 0.74
v -9.7765918 11.1858532 11.0000000 0.7 0.72 0.74
v -9.7672133 11.2527989 11.0000000 0.7 0.72 0.74
v -9.7605038 11.3200646 11.0000000 0.7 0.72 0.74
v -9.7564739 11.3875438 11.0000000 0.7 0.72 0.74
v -9.7551299 11.4551299 11.0000000 0.7 0.72 0.74
v -9.7551299 11.4551299 8.1000000 0.7 0.72 0.74
v -9.7564739 11.5227159 8.1000000 0.7 0.72 0.74
v -9.7605038 11.5901951 8.1000000 0.7 0.72 0.74
v -9.7672133 11.6574608 8.1000000 0.7 0.72 0.74
v -9.7765918 11.7244065 8.1000000 0.7 0.72 0.74
v -9.7886243 11.7909264 8.1000000 0.7 0.72 0.74
v -9.8032920 11.8569154 8.1000000 0.7 0.72 0.74
v -9.8205715 11.9222691 8.1000000 0.7 0.72 0.74
v -9.8404356 11.9868841 8.1000000 0.7 0.72 0.74
v -9.8628529 12.0506583 8.1000000 0.7 0.72 0.74
v -9.8877879 12.1134909 8.1000000 0.7 0.72 0.74
v -9.9152012 12.1752824 8.1000000 0.7 0.72 0.74
v -9.9450494 12.2359352 8.1000000 0.7 0.72 0.74
v -9.9772854 12.2953535 8.1000000 0.7 0.72 0.74
v -10.0118581 12.3534431 8.1000000 0.7 0.72 0.74
v -10.0487130 12.4101124 8.1000000 0.7 0.72 0.74
v -10.0877917 12.4652716 8.1000000 0.7 0.72 0.74
v -10.1290324 12.5188336 8.1000000 0.7 0.72 0.74
v -10.1723700 12.5707136 8.1000000 0.7 0.72 0.74
v -10.2177359 12.6208297 8.1000000 0.7 0.72 0.74
v -10.2650583 12.6691026 8.1000000 0.7 0.72 0.74
v -10.3142625 12.7154559 8.1000000 0.7 0.72 0.74
v -10.3652707 12.7598164 8.1000000 0.7 0.72 0.74
v -10.4180021 12.8021139 8.1000000 0.7 0.72 0.74
v -10.4723735 12.8422816 8.1000000 0.7 0.72 0.74
v -10.5282987 12.8802558 8.1000000 0.7 0.72 0.74
v -10.5856895 12.9159767 8.1000000 0.7 0.72 0.74
v -10.6444551 12.9493877 8.1000000 0.7 0.72 0.74
v -10.7045025 12.9804359 8.1000000 0.7 0.72 0.74
v -10.7657368 13.0090723 8.1000000 0.7 0.72 0.74
v -10.8280612 13.0352516 8.1000000 0.7 0.72 0.74
v -10.8913771 13.0589325 8.1000000 0.7 0.72 0.74
v -10.9555844 13.0800773 8.1000000 0.7 0.72 0.74
v -11.0205816 13.0986528 8.1000000 0.7 0.72 0.74
v -11.0862659 13.1146296 8.1000000 0.7 0.72 0.74
v -11.1525334 13.1279823 8.1000000 0.7 0.72 0.74
v -11.2192795 13.1386899 8.1000000 0.7 0.72 0.74
v -11.2863984 13.1467355 8.1000000 0.7 0.72 0.74
v -11.3537841 13.1521063 8.1000000 0.7 0.72 0.74
v -11.4213301 13.1547938 8.1000000 0.7 0.72 0.74
v -11.4889296 13.1547938 8.1000000 0.7 0.72 0.74
v -11.5564756 13.1521063 8.1000000 0.7 0.72 0.74
v -11.6238613 13.1467355 8.1000000 0.7 0.72 0.74
v -11.6909803 13.1386899 8.1000000 0.7 0.72 0.74
v -11.7577263 13.1279823 8.1000000 0.7 0.72 0.74
v -11.8239938 13.1146296 8.1000000 0.7 0.72 0.74
v -11.8896781 13.0986528 8.1000000 0.7 0.72 0.74
v -11.9546753 13.0800773 8.1000000 0.7 0.72 0.74
v -12.0188826 13.0589325 8.1000000 0.7 0.72 0.74
v -12.0821985 13.0352516 8.1000000 0.7 0.72 0.74
v -12.1445229 13.0090723 8.1000000 0.7 0.72 0.74
v -12.2057572 12.9804359 8.1000000 0.7 0.72 0.74
v -12.2658046 12.9493877 8.1000000 0.7 0.72 0.74
v -12.3245702 12.9159767 8.1000000 0.7 0.72 0.74
v -12.3819610 12.8802558 8.1000000 0.7 0.72 0.74
v -12.4378863 12.8422816 8.1000000 0.7 0.72 0.74
v -12.4922576 12.8021139 8.1000000 0.7 0.72 0.74
v -12.5449890 12.7598164 8.1000000 0.7 0.72 0.74
v -12.5959972 12.7154559 8.1000000 0.7 0.72 0.74
v -12.6452014 12.6691026 8.1000000 0.7 0.72 0.74
v -12.6925238 12.6208297 8.1000000 0.7 0.72 0.74
v -12.7378897 12.5707136 8.1000000 0.7 0.72 0.74
v -12.7812273 12.5188336 8.1000000 0.7 0.72 0.74
v -12.8224680 12.4652716 8.1000000 0.7 0.72 0.74
v -12.8615467 12.4101124 8.1000000 0.7 0.72 0.74
v -12.8984016 12.3534431 8.1000000 0.7 0.72 0.74
v -12.9329743 12.2953535 8.1000000 0.7 0.72 0.74
v -12.9652103 12.2359352 8.1000000 0.7 0.72 0.74
v -12.9950585 12.1752824 8.1000000 0.7 0.72 0.74
v -13.0224718 12.1134909 8.1000000 0.7 0.72 0.74
v -13.0474068 12.0506583 8.1000000 0.7 0.72 0.74
v -13.0698241 11.9868841 8.1000000 0.7 0.72 0.74
v -13.0896882 11.9222691 8.1000000 0.7 0.72 0.74
v -13.1069677 11.8569154 8.1000000 0.7 0.72 0.74
v -13.1216354 11.7909264 8.1000000 0.7 0.72 0.74
v -13.1336679 11.7244065 8.1000000 0.7 0.72 0.74
v -13.1430464 11.6574608 8.1000000 0.7 0.72 0.74
v -13.1497559 11.5901951 8.1000000 0.7 0.72 0.74
v -13.1537858 11.5227159 8.1000000 0.7 0.72 0.74
v -13.1551299 11.4551299 8.1000000 0.7 0.72 0.74
v -13.1537858 11.3875438 8.1000000 0.7 0.72 0.74
v -13.1497559 11.3200646 8.1000000 0.7 0.72 0.74
v -13.1430464 11.2527989 8.1000000 0.7 0.72 0.74
v -13.1336679 11.1858532 8.1000000 0.7 0.72 0.74
v -13.1216354 11.1193333 8.1000000 0.7 0.72 0.74
v -13.1069677 11.0533443 8.1000000 0.7 0.72 0.74
v -13.0896882 10.9879906 8.1000000 0.7 0.72 0.74
v -13.0698241 10.9233756 8.1000000 0.7 0.72 0.74
v -13.0474068 10.8596014 8.1000000 0.7 0.72 0.74
v -13.0224718 10.7967689 8.1000000 0.7 0.72 0.74
v -12.9950585 10.7349773 8.1000000 0.7 0.72 0.74
v -12.9652103 10.6743245 8.1000000 0.7 0.72 0.74
v -12.9329743 10.6149062 8.1000000 0.7 0.72 0.74
v -12.8984016 10.5568166 8.1000000 0.7 0.72 0.74
v -12.8615467 10.5001473 8.1000000 0.7 0.72 0.74
v -12.8224680 10.4449881 8.1000000 0.7 0.72 0.74
v -12.7812273 10.3914261 8.1000000 0.7 0.72 0.74
v -12.7378897 10.3395461 8.1000000 0.7 0.72 0.74
v -12.6925238 10.2894300 8.1000000 0.7 0.72 0.74
v -12.6452014 10.2411571 8.1000000 0.7 0.72 0.74
v -12.5959972 10.1948038 8.1000000 0.7 0.72 0.74
v -12.5449890 10.1504433 8.1000000 0.7 0.72 0.74
v -12.4922576 10.1081458 8.1000000 0.7 0.72 0.74
v -12.4378863 10.0679781 8.1000000 0.7 0.72 0.74
v -12.3819610 10.0300039 8.1000000 0.7 0.72 0.74
v -12.3245702 9.9942830 8.1000000 0.7 0.72 0.74
v -12.2658046 9.9608720 8.1000000 0.7 0.72 0.74
v -12.2057572 9.9298238 8.1000000 0.7 0.72 0.74
v -12.1445229 9.9011874 8.1000000 0.7 0.72 0.74
v -12.0821985 9.8750081 8.1000000 0.7 0.72 0.74
v -12.0188826 9.8513272 8.1000000 0.7 0.72 0.74
v -11.9546753 9.8301824 8.1000000 0.7 0.72 0.74
v -11.8896781 9.8116069 8.1000000 0.7 0.72 0.74
v -11.8239938 9.7956301 8.1000000 0.7 0.72 0.74
v -11.7577263 9.7822774 8.1000000 0.7 0.72 0.74
v -11.6909803 9.7715698 8.1000000 0.7 0.72 0.74
v -11.6238613 9.7635242 8.1000000 0.7 0.72 0.74
v -11.5564756 9.7581534 8.1000000 0.7 0.72 0.74
v -11.4889296 9.7554659 8.1000000 0.7 0.72 0.74
v -11.4213301 9.7554659 8.1000000 0.7 0.72 0.74
v -11.3537841 9.7581534 8.1000000 0.7 0.72 0.74
v -11.2863984 9.7635242 8.1000000 0.7 0.72 0.74
v -11.2192795 9.7715698 8.1000000 0.7 0.72 0.74
v -11.1525334 9.7822774 8.1000000 0.7 0.72 0.74
v -11.0862659 9.7956301 8.1000000 0.7 0.72 0.74
v -11.0205816 9.8116069 8.1000000 0.7 0.72 0.74
v -10.9555844 9.8301824 8.1000000 0.7 0.72 0.74
v -10.8913771 9.8513272 8.1000000 0.7 0.72 0.74
v -10.8280612 9.8750081 8.1000000 0.7 0.72 0.74
v -10.7657368 9.9011874 8.1000000 0.7 0.72 0.74
v -10.7045025 9.9298238 8.1000000 0.7 0.72 0.74
v -10.6444551 9.9608720 8.1000000 0.7 0.72 0.74
v -10.5856895 9.9942830 8.1000000 0.7 0.72 0.74
v -10.5282987 10.0300039 8.1000000 0.7 0.72 0.74
v -10.4723735 10.0679781 8.1000000 0.7 0.72 0.74
v -10.4180021 10.1081458 8.1000000 0.7 0.72 0.74
v -10.3652707 10.1504433 8.1000000 0.7 0.72 0.74
v -10.3142625 10.1948038 8.1000000 0.7 0.72 0.74
v -10.2650583 10.2411571 8.1000000 0.7 0.72 0.74
v -10.2177359 10.2894300 8.1000000 0.7 0.72 0.74
v -10.1723700 10.3395461 8.1000000 0.7 0.72 0.74
v -10.1290324 10.3914261 8.1000000 0.7 0.72 0.74
v -10.0877917 10.4449881 8.1000000 0.7 0.72 0.74
v -10.0487130 10.5001473 8.1000000 0.7 0.72 0.74
v -10.0118581 10.5568166 8.1000000 0.7 0.72 0.74
v -9.9772854 10.6149062 8.1000000 0.7 0.72 0.74
v -9.9450494 10.6743245 8.1000000 0.7 0.72 0.74
v -9.9152012 10.7349773 8.1000000 0.7 0.72 0.74
v -9.8877879 10.7967689 8.1000000 0.7 0.72 0.74
v -9.8628529 10.8596014 8.1000000 0.7 0.72 0.74
v -9.8404356 10.9233756 8.1000000 0.7 0.72 0.74
v -9.8205715 10.9879906 8.1000000 0.7 0.72 0.74
v -9.8032920 11.0533443 8.1000000 0.7 0.72 0.74
v -9.7886243 11.1193333 8.1000000 0.7 0.72 0.74
v -9.7765918 11.1858532 8.1000000 0.7 0.72 0.74
v -9.7672133 11.2527989 8.1000000 0.7 0.72 0.74
v -9.7605038 11.3200646 8.1000000 0.7 0.72 0.74
v -9.7564739 11.3875438 8.1000000 0.7 0.72 0.74
v -9.2551299 11.4551299 8.1000000 0.7 0.72 0.74
v -9.2568692 11.5425942 8.1000000 0.7 0.72 0.74
v -9.2620844 11.6299202 8.1000000 0.7 0.72 0.74
v -9.2707673 11.7169699 8.1000000 0.7 0.72 0.74
v -9.2829041 11.8036055 8.1000000 0.7 0.72 0.74
v -9.2984756 11.8896901 8.1000000 0.7 0.72 0.74
v -9.3174573 11.9750876 8.1000000 0.7 0.72 0.74
v -9.3398191 12.0596630 8.1000000 0.7 0.72 0.74
v -9.3655256 12.1432824 8.1000000 0.7 0.72 0.74
v -9.3945362 12.2258137 8.1000000 0.7 0.72 0.74
v -9.4268050 12.3071264 8.1000000 0.7 0.72 0.74
v -9.4622810 12.3870920 8.1000000 0.7 0.72 0.74
v -9.5009081 12.4655839 8.1000000 0.7 0.72 0.74
v -9.5426253 12.5424781 8.1000000 0.7 0.72 0.74
v -9.5873665 12.6176529 8.1000000 0.7 0.72 0.74
v -9.6350610 12.6909896 8.1000000 0.7 0.72 0.74
v -9.6856334 12.7623721 8.1000000 0.7 0.72 0.74
v -9.7390038 12.8316876 8.1000000 0.7 0.72 0.74
v -9.7950877 12.8988265 8.1000000 0.7 0.72 0.74
v -9.8537965 12.9636826 8.1000000 0.7 0.72 0.74
v -9.9150373 13.0261534 8.1000000 0.7 0.72 0.74
v -9.9787133 13.0861400 8.1000000 0.7 0.72 0.74
v -10.0447239 13.1435477 8.1000000 0.7 0.72 0.74
v -10.1129645 13.1982857 8.1000000 0.7 0.72 0.74
v -10.1833275 13.2502674 8.1000000 0.7 0.72 0.74
v -10.2557014 13.2994105 8.1000000 0.7 0.72 0.74
v -10.3299718 13.3456376 8.1000000 0.7 0.72 0.74
v -10.4060214 13.3888753 8.1000000 0.7 0.72 0.74
v -10.4837298 13.4290553 8.1000000 0.7 0.72 0.74
v -10.5629741 13.4661142 8.1000000 0.7 0.72 0.74
v -10.6436292 13.4999934 8.1000000 0.7 0.72 0.74
v -10.7255674 13.5306391 8.1000000 0.7 0.72 0.74
v -10.8086593 13.5580031 8.1000000 0.7 0.72 0.74
v -10.8927733 13.5820420 8.1000000 0.7 0.72 0.74
v -10.9777765 13.6027177 8.1000000 0.7 0.72 0.74
v -11.0635345 13.6199978 8.1000000 0.7 0.72 0.74
v -11.1499117 13.6338547 8.1000000 0.7 0.72 0.74
v -11.2367715 13.6442666 8.1000000 0.7 0.72 0.74
v -11.3239766 13.6512170 8.1000000 0.7 0.72 0.74
v -11.4113890 13.6546950 8.1000000 0.7 0.72 0.74
v -11.4988707 13.6546950 8.1000000 0.7 0.72 0.74
v -11.5862831 13.6512170 8.1000000 0.7 0.72 0.74
v -11.6734882 13.6442666 8.1000000 0.7 0.72 0.74
v -11.7603480 13.6338547 8.1000000 0.7 0.72 0.74
v -11.8467252 13.6199978 8.1000000 0.7 0.72 0.74
v -11.9324832 13.6027177 8.1000000 0.7 0.72 0.74
v -12.0174864 13.5820420 8.1000000 0.7 0.72 0.74
v -12.1016005 13.5580031 8.1000000 0.7 0.72 0.74
v -12.1846923 13.5306391 8.1000000 0.7 0.72 0.74
v -12.2666305 13.4999934 8.1000000 0.7 0.72 0.74
v -12.3472856 13.4661142 8.1000000 0.7 0.72 0.74
v -12.4265300 13.4290553 8.1000000 0.7 0.72 0.74
v -12.5042384 13.3888753 8.1000000 0.7 0.72 0.74
v -12.5802879 13.3456376 8.1000000 0.7 0.72 0.74
v -12.6545584 13.2994105 8.1000000 0.7 0.72 0.74
v -12.7269323 13.2502674 8.1000000 0.7 0.72 0.74
v -12.7972952 13.1982857 8.1000000 0.7 0.72 0.74
v -12.8655359 13.1435477 8.1000000 0.7 0.72 0.74
v -12.9315464 13.0861400 8.1000000 0.7 0.72 0.74
v -12.9952224 13.0261534 8.1000000 0.7 0.72 0.74
v -13.0564632 12.9636826 8.1000000 0.7 0.72 0.74
v -13.1151720 12.8988265 8.1000000 0.7 0.72 0.74
v -13.1712559 12.8316876 8.1000000 0.7 0.72 0.74
v -13.2246263 12.7623721 8.1000000 0.7 0.72 0.74
v -13.2751987 12.6909896 8.1000000 0.7 0.72 0.74
v -13.3228933 12.6176529 8.1000000 0.7 0.72 0.74
v -13.3676345 12.5424781 8.1000000 0.7 0.72 0.74
v -13.4093516 12.4655839 8.1000000 0.7 0.72 0.74
v -13.4479787 12.3870920 8.1000000 0.7 0.72 0.74
v -13.4834547 12.3071264 8.1000000 0.7 0.72 0.74
v -13.5157236 12.2258137 8.1000000 0.7 0.72 0.74
v -13.5447341 12.1432824 8.1000000 0.7 0.72 0.74
v -13.5704406 12.0596630 8.1000000 0.7 0.72 0.74
v -13.5928024 11.9750876 8.1000000 0.7 0.72 0.74
v -13.6117841 11.8896901 8.1000000 0.7 0.72 0.74
v -13.6273556 11.8036055 8.1000000 0.7 0.72 0.74
v -13.6394924 11.7169699 8.1000000 0.7 0.72 0.74
v -13.6481753 11.6299202 8.1000000 0.7 0.72 0.74
v -13.6533905 11.5425942 8.1000000 0.7 0.72 0.74
v -13.6551299 11.4551299 8.1000000 0.7 0.72 0.74
v -13.6533905 11.3676655 8.1000000 0.7 0.72 0.74
v -13.6481753 11.2803395 8.1000000 0.7 0.72 0.74
v -13.6394924 11.1932898 8.1000000 0.7 0.72 0.74
v -13.6273556 11.1066542 8.1000000 0.7 0.72 0.74
v -13.6117841 11.0205696 8.1000000 0.7 0.72 0.74
v -13.5928024 10.9351721 8.1000000 0.7 0.72 0.74
v -13.5704406 10.8505968 8.1000000 0.7 0.72 0.74
v -13.5447341 10.7669773 8.1000000 0.7 0.72 0.74
v -13.5157236 10.6844460 8.1000000 0.7 0.72 0.74
v -13.4834547 10.6031333 8.1000000 0.7 0.72 0.74
v -13.4479787 10.5231677 8.1000000 0.7 0.72 0.74
v -13.4093516 10.4446758 8.1000000 0.7 0.72 0.74
v -13.3676345 10.3677816 8.1000000 0.7 0.72 0.74
v -13.3228933 10.2926068 8.1000000 0.7 0.72 0.74
v -13.2751987 10.2192701 8.1000000 0.7 0.72 0.74
v -13.2246263 10.1478876 8.1000000 0.7 0.72 0.74
v -13.1712559 10.0785721 8.1000000 0.7 0.72 0.74
v -13.1151720 10.0114332 8.1000000 0.7 0.72 0.74
v -13.0564632 9.9465771 8.1000000 0.7 0.72 0.74
v -12.9952224 9.8841063 8.1000000 0.7 0.72 0.74
v -12.9315464 9.8241197 8.1000000 0.7 0.72 0.74
v -12.8655359 9.7667120 8.1000000 0.7 0.72 0.74
v -12.7972952 9.7119740 8.1000000 0.7 0.72 0.74
v -12.7269323 9.6599924 8.1000000 0.7 0.72 0.74
v -12.6545584 9.6108492 8.1000000 0.7 0.72 0.74
v -12.5802879 9.5646222 8.1000000 0.7 0.72 0.74
v -12.5042384 9.5213844 8.1000000 0.7 0.72 0.74
v -12.4265300 9.4812044 8.1000000 0.7 0.72 0.74
v -12.3472856 9.4441455 8.1000000 0.7 0.72 0.74
v -12.2666305 9.4102664 8.1000000 0.7 0.72 0.74
v -12.1846923 9.3796206 8.1000000 0.7 0.72 0.74
v -12.1016005 9.3522566 8.1000000 0.7 0.72 0.74
v -12.0174864 9.3282178 8.1000000 0.7 0.72 0.74
v -11.9324832 9.3075420 8.1000000 0.7 0.72 0.74
v -11.8467252 9.2902619 8.1000000 0.7 0.72 0.74
v -11.7603480 9.2764050 8.1000000 0.7 0.72 0.74
v -11.6734882 9.2659931 8.1000000 0.7 0.72 0.74
v -11.5862831 9.2590427 8.1000000 0.7 0.72 0.74
v -11.4988707 9.2555647 8.1000000 0.7 0.72 0.74
v -11.4113890 9.2555647 8.1000000 0.7 0.72 0.74
v -11.3239766 9.2590427 8.1000000 0.7 0.72 0.74
v -11.2367715 9.2659931 8.1000000 0.7 0.72 0.74
v -11.1499117 9.2764050 8.1000000 0.7 0.72 0.74
v -11.0635345 9.2902619 8.1000000 0.7 0.72 0.74
v -10.9777765 9.3075420 8.1000000 0.7 0.72 0.74
v -10.8927733 9.3282178 8.1000000 0.7 0.72 0.74
v -10.8086593 9.3522566 8.1000000 0.7 0.72 0.74
v -10.7255674 9.3796206 8.1000000 0.7 0.72 0.74
v -10.6436292 9.4102664 8.1000000 0.7 0.72 0.74
v -10.5629741 9.4441455 8.1000000 0.7 0.72 0.74
v -10.4837298 9.4812044 8.1000000 0.7 0.72 0.74
v -10.4060214 9.5213844 8.1000000 0.7 0.72 0.74
v -10.3299718 9.5646222 8.1000000 0.7 0.72 0.74
v -10.2557014 9.6108492 8.1000000 0.7 0.72 0.74
v -10.1833275 9.6599924 8.1000000 0.7 0.72 0.74
v -10.1129645 9.7119740 8.1000000 0.7 0.72 0.74
v -10.0447239 9.7667120 8.1000000 0.7 0.72 0.74
v -9.9787133 9.8241197 8.1000000 0.7 0.72 0.74
v -9.9150373 9.8841063 8.1000000 0.7 0.72 0.74
v -9.8537965 9.9465771 8.1000000 0.7 0.72 0.74
v -9.7950877 10.0114332 8.1000000 0.7 0.72 0.74
v -9.7390038 10.0785721 8.1000000 0.7 0.72 0.74
v -9.6856334 10.1478876 8.1000000 0.7 0.72 0.74
v -9.6350610 10.2192701 8.1000000 0.7 0.72 0.74
v -9.5873665 10.2926068 8.1000000 0.7 0.72 0.74
v -9.5426253 10.3677816 8.1000000 0.7 0.72 0.74
v -9.5009081 10.4446758 8.1000000 0.7 0.72 0.74
v -9.4622810 10.5231677 8.1000000 0.7 0.72 0.74
v -9.4268050 10.6031333 8.1000000 0.7 0.72 0.74
v -9.3945362 10.6844460 8.1000000 0.7 0.72 0.74
v -9.3655256 10.7669773 8.1000000 0.7 0.72 0.74
v -9.3398191 10.8505968 8.1000000 0.7 0.72 0.74
v -9.3174573 10.9351721 8.1000000 0.7 0.72 0.74
v -9.2984756 11.0205696 8.1000000 0.7 0.72 0.74
v -9.2829041 11.1066542 8.1000000 0.7 0.72 0.74
v -9.2707673 11.1932898 8.1000000 0.7 0.72 0.74
v -9.2620844 11.2803395 8.1000000 0.7 0.72 0.74
v -9.2568692 11.3676655 8.1000000 0.7 0.72 0.74
v -9.7551299 11.4551299 8.1000000 0.7 0.72 0.74
v -9.7564739 11.5227159 8.1000000 0.7 0.72 0.74
v -9.7605038 11.5901951 8.1000000 0.7 0.72 0.74
v -9.7672133 11.6574608 8.1000000 0.7 0.72 0.74
v -9.7765918 11.7244065 8.1000000 0.7 0.72 0.74
v -9.7886243 11.7909264 8.1000000 0.7 0.72 0.74
v -9.8032920 11.8569154 8.1000000 0.7 0.72 0.74
v -9.8205715 11.9222691 8.1000000 0.7 0.72 0.74
v -9.8404356 11.9868841 8.1000000 0.7 0.72 0.74
v -9.8628529 12.0506583 8.1000000 0.7 0.72 0.74
v -9.8877879 12.1134909 8.1000000 0.7 0.72 0.74
v -9.9152012 12.1752824 8.1000000 0.7 0.72 0.74
v -9.9450494 12.2359352 8.1000000 0.7 0.72 0.74
v -9.9772854 12.2953535 8.1000000 0.7 0.72 0.74
v -10.0118581 12.3534431 8.1000000 0.7 0.72 0.74
v -10.0487130 12.4101124 8.1000000 0.7 0.72 0.74
v -10.0877917 12.4652716 8.1000000 0.7 0.72 0.74
v -10.1290324 12.5188336 8.1000000 0.7 0.72 0.74
v -10.1723700 12.5707136 8.1000000 0.7 0.72 0.74
v -10.2177359 12.6208297 8.1000000 0.7 0.72 0.74
v -10.2650583 12.6691026 8.1000000 0.7 0.72 0.74
v -10.3142625 12.7154559 8.1000000 0.7 0.72 0.74
v -10.3652707 12.7598164 8.1000000 0.7 0.72 0.74
v -10.4180021 12.8021139 8.1000000 0.7 0.72 0.74
v -10.4723735 12.8422816 8.1000000 0.7 0.72 0.74
v -10.5282987 12.8802558 8.1000000 0.7 0.72 0.74
v -10.5856895 12.9159767 8.1000000 0.7 0.72 0.74
v -10.6444551 12.9493877 8.1000000 0.7 0.72 0.74
v -10.7045025 12.9804359 8.1000000 0.7 0.72 0.74
v -10.7657368 13.0090723 8.1000000 0.7 0.72 0.74
v -10.8280612 13.0352516 8.1000000 0.7 0.72 0.74
v -10.8913771 13.0589325 8.1000000 0.7 0.72 0.74
v -10.9555844 13.0800773 8.1000000 0.7 0.72 0.74
v -11.0205816 13.0986528 8.1000000 0.7 0.72 0.74
v -11.0862659 13.1146296 8.1000000 0.7 0.72 0.74
v -11.1525334 13.1279823 8.1000000 0.7 0.72 0.74
v -11.2192795 13.1386899 8.1000000 0.7 0.72 0.74
v -11.2863984 13.1467355 8.1000000 0.7 0.72 0.74
v -11.3537841 13.1521063 8.1000000 0.7 0.72 0.74
v -11.4213301 13.1547938 8.1000000 0.7 0.72 0.74
v -11.4889296 13.1547938 8.1000000 0.7 0.72 0.74
v -11.5564756 13.1521063 8.1000000 0.7 0.72 0.74
v -11.6238613 13.1467355 8.1000000 0.7 0.72 0.74
v -11.6909803 13.1386899 8.1000000 0.7 0.72 0.74
v -11.7577263 13.1279823 8.1000000 0.7 0.72 0.74
v -11.8239938 13.1146296 8.1000000 0.7 0.72 0.74
v -11.8896781 13.0986528 8.1000000 0.7 0.72 0.74
v -11.9546753 13.0800773 8.1000000 0.7 0.72 0.74
v -12.0188826 13.0589325 8.1000000 0.7 0.72 0.74
v -12.0821985 13.0352516 8.1000000 0.7 0.72 0.74
v -12.1445229 13.0090723 8.1000000 0.7 0.72 0.74
v -12.2057572 12.9804359 8.1000000 0.7 0.72 0.74
v -12.2658046 12.9493877 8.1000000 0.7 0.72 0.74
v -12.3245702 12.9159767 8.1000000 0.7 0.72 0.74
v -12.3819610 12.8802558 8.1000000 0.7 0.72 0.74
v -12.4378863 12.8422816 8.1000000 0.7 0.72 0.74
v -12.4922576 12.8021139 8.1000000 0.7 0.72 0.74
v -12.5449890 12.7598164 8.1000000 0.7 0.72 0.74
v -12.5959972 12.7154559 8.1000000 0.7 0.72 0.74
v -12.6452014 12.6691026 8.1000000 0.7 0.72 0.74
v -12.6925238 12.6208297 8.1000000 0.7 0.72 0.74
v -12.7378897 12.5707136 8.1000000 0.7 0.72 0.74
v -12.7812273 12.5188336 8.1000000 0.7 0.72 0.74
v -12.8224680 12.4652716 8.1000000 0.7 0.72 0.74
v -12.8615467 12.4101124 8.1000000 0.7 0.72 0.74
v -12.8984016 12.3534431 8.1000000 0.7 0.72 0.74
v -12.9329743 12.2953535 8.1000000 0.7 0.72 0.74
v -12.9652103 12.2359352 8.1000000 0.7 0.72 0.74
v -12.9950585 12.1752824 8.1000000 0.7 0.72 0.74
v -13.0224718 12.1134909 8.1000000 0.7 0.72 0.74
v -13.0474068 12.0506583 8.1000000 0.7 0.72 0.74
v -13.0698241 11.9868841 8.1000000 0.7 0.72 0.74
v -13.0896882 11.9222691 8.1000000 0.7 0.72 0.74
v -13.1069677 11.8569154 8.1000000 0.7 0.72 0.74
v -13.1216354 11.7909264 8.1000000 0.7 0.72 0.74
v -13.1336679 11.7244065 8.1000000 0.7 0.72 0.74
v -13.1430464 11.6574608 8.1000000 0.7 0.72 0.74
v -13.1497559 11.5901951 8.1000000 0.7 0.72 0.74
v -13.1537858 11.5227159 8.1000000 0.7 0.72 0.74
v -13.1551299 11.4551299 8.1000000 0.7 0.72 0.74
v -13.1537858 11.3875438 8.1000000 0.7 0.72 0.74
v -13.1497559 11.3200646 8.1000000 0.7 0.72 0.74
v -13.1430464 11.2527989 8.1000000 0.7 0.72 0.74
v -13.1336679 11.1858532 8.1000000 0.7 0.72 0.74
v -13.1216354 11.1193333 8.1000000 0.7 0.72 0.74
v -13.1069677 11.0533443 8.1000000 0.7 0.72 0.74
v -13.0896882 10.9879906 8.1000000 0.7 0.72 0.74
v -13.0698241 10.9233756 8.1000000 0.7 0.72 0.74
v -13.0474068 10.8596014 8.1000000 0.7 0.72 0.74
v -13.0224718 10.7967689 8.1000000 0.7 0.72 0.74
v -12.9950585 10.7349773 8.1000000 0.7 0.72 0.74
v -12.9652103 10.6743245 8.1000000 0.7 0.72 0.74
v -12.9329743 10.6149062 8.1000000 0.7 0.72 0.74
v -12.8984016 10.5568166 8.1000000 0.7 0.72 0.74
v -12.8615467 10.5001473 8.1000000 0.7 0.72 0.74
v -12.8224680 10.4449881 8.1000000 0.7 0.72 0.74
v -12.7812273 10.3914261 8.1000000 0.7 0.72 0.74
v -12.7378897 10.3395461 8.1000000 0.7 0.72 0.74
v -12.6925238 10.2894300 8.1000000 0.7 0.72 0.74
v -12.6452014 10.2411571 8.1000000 0.7 0.72 0.74
v -12.5959972 10.1948038 8.1000000 0.7 0.72 0.74
v -12.5449890 10.1504433 8.1000000 0.7 0.72 0.74
v -12.4922576 10.1081458 8.1000000 0.7 0.72 0.74
v -12.4378863 10.0679781 8.1000000 0.7 0.72 0.74
v -12.3819610 10.0300039 8.1000000 0.7 0.72 0.74
v -12.3245702 9.9942830 8.1000000 0.7 0.72 0.74
v -12.2658046 9.9608720 8.1000000 0.7 0.72 0.74
v -12.2057572 9.9298238 8.1000000 0.7 0.72 0.74
v -12.1445229 9.9011874 8.1000000 0.7 0.72 0.74
v -12.0821985 9.8750081 8.1000000 0.7 0.72 0.74
v -12.0188826 9.8513272 8.1000000 0.7 0.72 0.74
v -11.9546753 9.8301824 8.1000000 0.7 0.72 0.74
v -11.8896781 9.8116069 8.1000000 0.7 0.72 0.74
v -11.8239938 9.7956301 8.1000000 0.7 0.72 0.74
v -11.7577263 9.7822774 8.1000000 0.7 0.72 0.74
v -11.6909803 9.7715698 8.1000000 0.7 0.72 0.74
v -11.6238613 9.7635242 8.1000000 0.7 0.72 0.74
v -11.5564756 9.7581534 8.1000000 0.7 0.72 0.74
v -11.4889296 9.7554659 8.1000000 0.7 0.72 0.74
v -11.4213301 9.7554659 8.1000000 0.7 0.72 0.74
v -11.3537841 9.7581534 8.1000000 0.7 0.72 0.74
v -11.2863984 9.7635242 8.1000000 0.7 0.72 0.74
v -11.2192795 9.7715698 8.1000000 0.7 0.72 0.74
v -11.1525334 9.7822774 8.1000000 0.7 0.72 0.74
v -11.0862659 9.7956301 8.1000000 0.7 0.72 0.74
v -11.0205816 9.8116069 8.1000000 0.7 0.72 0.74
v -10.9555844 9.8301824 8.1000000 0.7 0.72 0.74
v -10.8913771 9.8513272 8.1000000 0.7 0.72 0.74
v -10.8280612 9.8750081 8.1000000 0.7 0.72 0.74
v -10.7657368 9.9011874 8.1000000 0.7 0.72 0.74
v -10.7045025 9.9298238 8.1000000 0.7 0.72 0.74
v -10.6444551 9.9608720 8.1000000 0.7 0.72 0.74
v -10.5856895 9.9942830 8.1000000 0.7 0.72 0.74
v -10.5282987 10.0300039 8.1000000 0.7 0.72 0.74
v -10.4723735 10.0679781 8.1000000 0.7 0.72 0.74
v -10.4180021 10.1081458 8.1000000 0.7 0.72 0.74
v -10.3652707 10.1504433 8.1000000 0.7 0.72 0.74
v -10.3142625 10.1948038 8.1000000 0.7 0.72 0.74
v -10.2650583 10.2411571 8.1000000 0.7 0.72 0.74
v -10.2177359 10.2894300 8.1000000 0.7 0.72 0.74
v -10.1723700 10.3395461 8.1000000 0.7 0.72 0.74
v -10.1290324 10.3914261 8.1000000 0.7 0.72 0.74
v -10.0877917 10.4449881 8.1000000 0.7 0.72 0.74
v -10.0487130 10.5001473 8.1000000 0.7 0.72 0.74
v -10.0118581 10.5568166 8.1000000 0.7 0.72 0.74
v -9.9772854 10.6149062 8.1000000 0.7 0.72 0.74
v -9.9450494 10.6743245 8.1000000 0.7 0.72 0.74
v -9.9152012 10.7349773 8.1000000 0.7 0.72 0.74
v -9.8877879 10.7967689 8.1000000 0.7 0.72 0.74
v -9.8628529 10.8596014 8.1000000 0.7 0.72 0.74
v -9.8404356 10.9233756 8.1000000 0.7 0.72 0.74
v -9.8205715 10.9879906 8.1000000 0.7 0.72 0.74
v -9.8032920 11.0533443 8.1000000 0.7 0.72 0.74
v -9.7886243 11.1193333 8.1000000 0.7 0.72 0.74
v -9.7765918 11.1858532 8.1000000 0.7 0.72 0.74
v -9.7672133 11.2527989 8.1000000 0.7 0.72 0.74
v -9.7605038 11.3200646 8.1000000 0.7 0.72 0.74
v -9.7564739 11.3875438 8.1000000 0.7 0.72 0.74
v -9.2551299 11.4551299 11.0000000 0.7 0.72 0.74
v -9.2568692 11.5425942 11.0000000 0.7 0.72 0.74
v -9.2620844 11.6299202 11.0000000 0.7 0.72 0.74
v -9.2707673 11.7169699 11.0000000 0.7 0.72 0.74
v -9.2829041 11.8036055 11.0000000 0.7 0.72 0.74
v -9.2984756 11.8896901 11.0000000 0.7 0.72 0.74
v -9.3174573 11.9750876 11.0000000 0.7 0.72 0.74
v -9.3398191 12.0596630 11.0000000 0.7 0.72 0.74
v -9.3655256 12.1432824 11.0000000 0.7 0.72 0.74
v -9.3945362 12.2258137 11.0000000 0.7 0.72 0.74
v -9.4268050 12.3071264 11.0000000 0.7 0.72 0.74
v -9.4622810 12.3870920 11.0000000 0.7 0.72 0.74
v -9.5009081 12.4655839 11.0000000 0.7 0.72 0.74
v -9.5426253 12.5424781 11.0000000 0.7 0.72 0.74
v -9.5873665 12.6176529 11.0000000 0.7 0.72 0.74
v -9.6350610 12.6909896 11.0000000 0.7 0.72 0.74
v -9.6856334 12.7623721 11.0000000 0.7 0.72 0.74
v -9.7390038 12.8316876 11.0000000 0.7 0.72 0.74
v -9.7950877 12.8988265 11.0000000 0.7 0.72 0.74
v -9.8537965 12.9636826 11.0000000 0.7 0.72 0.74
v -9.9150373 13.0261534 11.0000000 0.7 0.72 0.74
v -9.9787133 13.0861400 11.0000000 0.7 0.72 0.74
v -10.0447239 13.1435477 11.0000000 0.7 0.72 0.74
v -10.1129645 13.1982857 11.0000000 0.7 0.72 0.74
v -10.1833275 13.2502674 11.0000000 0.7 0.72 0.74
v -10.2557014 13.2994105 11.0000000 0.7 0.72 0.74
v -10.3299718 13.3456376 11.0000000 0.7 0.72 0.74
v -10.4060214 13.3888753 11.0000000 0.7 0.72 0.74
v -10.4837298 13.4290553 11.0000000 0.7 0.72 0.74
v -10.5629741 13.4661142 11.0000000 0.7 0.72 0.74
v -10.6436292 13.4999934 11.0000000 0.7 0.72 0.74
v -10.7255674 13.5306391 11.0000000 0.7 0.72 0.74
v -10.8086593 13.5580031 11.0000000 0.7 0.72 0.74
v -10.8927733 13.5820420 11.0000000 0.7 0.72 0.74
v -10.9777765 13.6027177 11.0000000 0.7 0.72 0.74
v -11.0635345 13.6199978 11.0000000 0.7 0.72 0.74
v -11.1499117 13.6338547 11.0000000 0.7 0.72 0.74
v -11.2367715 13.6442666 11.0000000 0.7 0.72 0.74
v -11.3239766 13.6512170 11.0000000 0.7 0.72 0.74
v -11.4113890 13.6546950 11.0000000 0.7 0.72 0.74
v -11.4988707 13.6546950 11.0000000 0.7 0.72 0.74
v -11.5862831 13.6512170 11.0000000 0.7 0.72 0.74
v -11.6734882 13.6442666 11.0000000 0.7 0.72 0.74
v -11.7603480 13.6338547 11.0000000 0.7 0.72 0.74
v -11.8467252 13.6199978 11.0000000 0.7 0.72 0.74
v -11.9324832 13.6027177 11.0000000 0.7 0.72 0.74
v -12.0174864 13.5820420 11.0000000 0.7 0.72 0.74
v -12.1016005 13.5580031 11.0000000 0.7 0.72 0.74
v -12.1846923 13.5306391 11.0000000 0.7 0.72 0.74
v -12.2666305 13.4999934 11.0000000 0.7 0.72 0.74
v -12.3472856 13.4661142 11.0000000 0.7 0.72 0.74
v -12.4265300 13.4290553 11.0000000 0.7 0.72 0.74
v -12.5042384 13.3888753 11.0000000 0.7 0.72 0.74
v -12.5802879 13.3456376 11.0000000 0.7 0.72 0.74
v -12.6545584 13.2994105 11.0000000 0.7 0.72 0.74
v -12.7269323 13.2502674 11.0000000 0.7 0.72 0.74
v -12.7972952 13.1982857 11.0000000 0.7 0.72 0.74
v -12.8655359 13.1435477 11.0000000 0.7 0.72 0.74
v -12.9315464 13.0861400 11.0000000 0.7 0.72 0.74
v -12.9952224 13.0261534 11.0000000 0.7 0.72 0.74
v -13.0564632 12.9636826 11.0000000 0.7 0.72 0.74
v -13.1151720 12.8988265 11.0000000 0.7 0.72 0.74
v -13.1712559 12.8316876 11.0000000 0.7 0.72 0.74
v -13.2246263 12.7623721 11.0000000 0.7 0.72 0.74
v -13.2751987 12.6909896 11.0000000 0.7 0.72 0.74
v -13.3228933 12.6176529 11.0000000 0.7 0.72 0.74
v -13.3676345 12.5424781 11.0000000 0.7 0.72 0.74
v -13.4093516 12.4655839 11.0000000 0.7 0.72 0.74
v -13.4479787 12.3870920 11.0000000 0.7 0.72 0.74
v -13.4834547 12.3071264 11.0000000 0.7 0.72 0.74
v -13.5157236 12.2258137 11.0000000 0.7 0.72 0.74
v -13.5447341 12.1432824 11.0000000 0.7 0.72 0.74
v -13.5704406 12.0596630 11.0000000 0.7 0.72 0.74
v -13.5928024 11.9750876 11.0000000 0.7 0.72 0.74
v -13.6117841 11.8896901 11.0000000 0.7 0.72 0.74
v -13.6273556 11.8036055 11.0000000 0.7 0.72 0.74
v -13.6394924 11.7169699 11.0000000 0.7 0.72 0.74
v -13.6481753 11.6299202 11.0000000 0.7 0.72 0.74
v -13.6533905 11.5425942 11.0000000 0.7 0.72 0.74
v -13.6551299 11.4551299 11.0000000 0.7 0.72 0.74
v -13.6533905 11.3676655 11.0000000 0.7 0.72 0.74
v -13.6481753 11.2803395 11.0000000 0.7 0.72 0.74
v -13.6394924 11.1932898 11.0000000 0.7 0.72 0.74
v -13.6273556 11.1066542 11.0000000 0.7 0.72 0.74
v -13.6117841 11.0205696 11.0000000 0.7 0.72 0.74
v -13.5928024 10.9351721 11.0000000 0.7 0.72 0.74
v -13.5704406 10.8505968 11.0000000 0.7 0.72 0.74
v -13.5447341 10.7669773 11.0000000 0.7 0.72 0.74
v -13.5157236 10.6844460 11.0000000 0.7 0.72 0.74
v -13.4834547 10.6031333 11.0000000 0.7 0.72 0.74
v -13.4479787 10.5231677 11.0000000 0.7 0.72 0.74
v -13.4093516 10.4446758 11.0000000 0.7 0.72 0.74
v -13.3676345 10.3677816 11.0000000 0.7 0.72 0.74
v -13.3228933 10.2926068 11.0000000 0.7 0.72 0.74
v -13.2751987 10.2192701 11.0000000 0.7 0.72 0.74
v -13.2246263 10.1478876 11.0000000 0.7 0.72 0.74
v -13.1712559 10.0785721 11.0000000 0.7 0.72 0.74
v -13.1151720 10.0114332 11.0000000 0.7 0.72 0.74
v -13.0564632 9.9465771 11.0000000 0.7 0.72 0.74
v -12.9952224 9.8841063 11.0000000 0.7 0.72 0.74
v -12.9315464 9.8241197 11.0000000 0.7 0.72 0.74
v -12.8655359 9.7667120 11.0000000 0.7 0.72 0.74
v -12.7972952 9.7119740 11.0000000 0.7 0.72 0.74
v -12.7269323 9.6599924 11.0000000 0.7 0.72 0.74
v -12.6545584 9.6108492 11.0000000 0.7 0.72 0.74
v -12.5802879 9.5646222 11.0000000 0.7 0.72 0.74
v -12.5042384 9.5213844 11.0000000 0.7 0.72 0.74
v -12.4265300 9.4812044 11.0000000 0.7 0.72 0.74
v -12.3472856 9.4441455 11.0000000 0.7 0.72 0.74
v -12.2666305 9.4102664 11.0000000 0.7 0.72 0.74
v -12.1846923 9.3796206 11.0000000 0.7 0.72 0.74
v -12.1016005 9.3522566 11.0000000 0.7 0.72 0.74
v -12.0174864 9.3282178 11.0000000 0.7 0.72 0.74
v -11.9324832 9.3075420 11.0000000 0.7 0.72 0.74
v -11.8467252 9.2902619 11.0000000 0.7 0.72 0.74
v -11.7603480 9.2764050 11.0000000 0.7 0.72 0.74
v -11.6734882 9.2659931 11.0000000 0.7 0.72 0.74
v -11.5862831 9.2590427 11.0000000 0.7 0.72 0.74
v -11.4988707 9.2555647 11.0000000 0.7 0.72 0.74
v -11.4113890 9.2555647 11.0000000 0.7 0.72 0.74
v -11.3239766 9.2590427 11.0000000 0.7 0.72 0.74
v -11.2367715 9.2659931 11.0000000 0.7 0.72 0.74
v -11.1499117 9.2764050 11.0000000 0.7 0.72 0.74
v -11.0635345 9.2902619 11.0000000 0.7 0.72 0.74
v -10.9777765 9.3075420 11.0000000 0.7 0.72 0.74
v -10.8927733 9.3282178 11.0000000 0.7 0.72 0.74
v -10.8086593 9.3522566 11.0000000 0.7 0.72 0.74
v -10.7255674 9.3796206 11.0000000 0.7 0.72 0.74
v -10.6436292 9.4102664 11.0000000 0.7 0.72 0.74
v -10.5629741 9.4441455 11.0000000 0.7 0.72 0.74
v -10.4837298 9.4812044 11.0000000 0.7 0.72 0.74
v -10.4060214 9.5213844 11.0000000 0.7 0.72 0.74
v -10.3299718 9.5646222 11.0000000 0.7 0.72 0.74
v -10.2557014 9.6108492 11.0000000 0.7 0.72 0.74
v -10.1833275 9.6599924 11.0000000 0.7 0.72 0.74
v -10.1129645 9.7119740 11.0000000 0.7 0.72 0.74
v -10.0447239 9.7667120 11.0000000 0.7 0.72 0.74
v -9.9787133 9.8241197 11.0000000 0.7 0.72 0.74
v -9.9150373 9.8841063 11.0000000 0.7 0.72 0.74
v -9.8537965 9.9465771 11.0000000 0.7 0.72 0.74
v -9.7950877 10.0114332 11.0000000 0.7 0.72 0.74
v -9.7390038 10.0785721 11.0000000 0.7 0.72 0.74
v -9.6856334 10.1478876 11.0000000 0.7 0.72 0.74
v -9.6350610 10.2192701 11.0000000 0.7 0.72 0.74
v -9.5873665 10.2926068 11.0000000 0.7 0.72 0.74
v -9.5426253 10.3677816 11.0000000 0.7 0.72 0.74
v -9.5009081 10.4446758 11.0000000 0.7 0.72 0.74
v -9.4622810 10.5231677 11.0000000 0.7 0.72 0.74
v -9.4268050 10.6031333 11.0000000 0.7 0.72 0.74
v -9.3945362 10.6844460 11.0000000 0.7 0.72 0.74
v -9.3655256 10.7669773 11.0000000 0.7 0.72 0.74
v -9.3398191 10.8505968 11.0000000 0.7 0.72 0.74
v -9.3174573 10.9351721 11.0000000 0.7 0.72 0.74
v -9.2984756 11.0205696 11.0000000 0.7 0.72 0.74
v -9.2829041 11.1066542 11.0000000 0.7 0.72 0.74
v -9.2707673 11.1932898 11.0000000 0.7 0.72 0.74
v -9.2620844 11.2803395 11.0000000 0.7 0.72 0.74
v -9.2568692 11.3676655 11.0000000 0.7 0.72 0.74
v -9.7551299 11.4551299 11.0000000 0.7 0.72 0.74
v -9.7564739 11.5227159 11.0000000 0.7 0.72 0.74
v -9.7605038 11.5901951 11.0000000 0.7 0.72 0.74
v -9.7672133 11.6574608 11.0000000 0.7 0.72 0.74
v -9.7765918 11.7244065 11.0000000 0.7 0.72 0.74
v -9.7886243 11.7909264 11.0000000 0.7 0.72 0.74
v -9.8032920 11.8569154 11.0000000 0.7 0.72 0.74
v -9.8205715 11.9222691 11.0000000 0.7 0.72 0.74
v -9.8404356 11.9868841 11.0000000 0.7 0.72 0.74
v -9.8628529 12.0506583 11.0000000 0.7 0.72 0.74
v -9.8877879 12.1134909 11.0000000 0.7 0.72 0.74
v -9.9152012 12.1752824 11.0000000 0.7 0.72 0.74
v -9.9450494 12.2359352 11.0000000 0.7 0.72 0.74
v -9.9772854 12.2953535 11.0000000 0.7 0.72 0.74
v -10.0118581 12.3534431 11.0000000 0.7 0.72 0.74
v -10.0487130 12.4101124 11.0000000 0.7 0.72 0.74
v -10.0877917 12.4652716 11.0000000 0.7 0.72 0.74
v -10.1290324 12.5188336 11.0000000 0.7 0.72 0.74
v -10.1723700 12.5707136 11.0000000 0.7 0.72 0.74
v -10.2177359 12.6208297 11.0000000 0.7 0.72 0.74
v -10.2650583 12.6691026 11.0000000 0.7 0.72 0.74
v -10.3142625 12.7154559 11.0000000 0.7 0.72 0.74
v -10.3652707 12.7598164 11.0000000 0.7 0.72 0.74
v -10.4180021 12.8021139 11.0000000 0.7 0.72 0.74
v -10.4723735 12.8422816 11.0000000 0.7 0.72 0.74
v -10.5282987 12.8802558 11.0000000 0.7 0.72 0.74
v -10.5856895 12.9159767 11.0000000 0.7 0.72 0.74
v -10.6444551 12.9493877 11.0000000 0.7 0.72 0.74
v -10.7045025 12.9804359 11.0000000 0.7 0.72 0.74
v -10.7657368 13.0090723 11.0000000 0.7 0.72 0.74
v -10.8280612 13.0352516 11.0000000 0.7 0.72 0.74
v -10.8913771 13.0589325 11.0000000 0.7 0.72 0.74
v -10.9555844 13.0800773 11.0000000 0.7 0.72 0.74
v -11.0205816 13.0986528 11.0000000 0.7 0.72 0.74
v -11.0862659 13.1146296 11.0000000 0.7 0.72 0.74
v -11.1525334 13.1279823 11.0000000 0.7 0.72 0.74
v -11.2192795 13.1386899 11.0000000 0.7 0.72 0.74
v -11.2863984 13.1467355 11.0000000 0.7 0.72 0.74
v -11.3537841 13.1521063 11.0000000 0.7 0.72 0.74
v -11.4213301 13.1547938 11.0000000 0.7 0.72 0.74
v -11.4889296 13.1547938 11.0000000 0.7 0.72 0.74
v -11.5564756 13.1521063 11.0000000 0.7 0.72 0.74
v -11.6238613 13.1467355 11.0000000 0.7 0.72 0.74
v -11.6909803 13.1386899 11.0000000 0.7 0.72 0.74
v -11.7577263 13.1279823 11.0000000 0.7 0.72 0.74
v -11.8239938 13.1146296 11.0000000 0.7 0.72 0.74
v -11.8896781 13.0986528 11.0000000 0.7 0.72 0.74
v -11.9546753 13.0800773 11.0000000 0.7 0.72 0.74
v -12.0188826 13.0589325 11.0000000 0.7 0.72 0.74
v -12.0821985 13.0352516 11.0000000 0.7 0.72 0.74
v -12.1445229 13.0090723 11.0000000 0.7 0.72 0.74
v -12.2057572 12.9804359 11.0000000 0.7 0.72 0.74
v -12.2658046 12.9493877 11.0000000 0.7 0.72 0.74
v -12.3245702 12.9159767 11.0000000 0.7 0.72 0.74
v -12.3819610 12.8802558 11.0000000 0.7 0.72 0.74
v -12.4378863 12.8422816 11.0000000 0.7 0.72 0.74
v -12.4922576 12.8021139 11.0000000 0.7 0.72 0.74
v -12.5449890 12.7598164 11.0000000 0.7 0.72 0.74
v -12.5959972 12.7154559 11.0000000 0.7 0.72 0.74
v -12.6452014 12.6691026 11.0000000 0.7 0.72 0.74
v -12.6925238 12.6208297 11.0000000 0.7 0.72 0.74
v -12.7378897 12.5707136 11.0000000 0.7 0.72 0.74
v -12.7812273 12.5188336 11.0000000 0.7 0.72 0.74
v -12.8224680 12.4652716 11.0000000 0.7 0.72 0.74
v -12.8615467 12.4101124 11.0000000 0.7 0.72 0.74
v -12.8984016 12.3534431 11.0000000 0.7 0.72 0.74
v -12.9329743 12.2953535 11.0000000 0.7 0.72 0.74
v -12.9652103 12.2359352 11.0000000 0.7 0.72 0.74
v -12.9950585 12.1752824 11.0000000 0.7 0.72 0.74
v -13.0224718 12.1134909 11.0000000 0.7 0.72 0.74
v -13.0474068 12.0506583 11.0000000 0.7 0.72 0.74
v -13.0698241 11.9868841 11.0000000 0.7 0.72 0.74
v -13.0896882 11.9222691 11.0000000 0.7 0.72 0.74
v -13.1069677 11.8569154 11.0000000 0.7 0.72 0.74
v -13.1216354 11.7909264 11.0000000 0.7 0.72 0.74
v -13.1336679 11.7244065 11.0000000 0.7 0.72 0.74
v -13.1430464 11.6574608 11.0000000 0.7 0.72 0.74
v -13.1497559 11.5901951 11.0000000 0.7 0.72 0.74
v -13.1537858 11.5227159 11.0000000 0.7 0.72 0.74
v -13.1551299 11.4551299 11.0000000 0.7 0.72 0.74
v -13.1537858 11.3875438 11.0000000 0.7 0.72 0.74
v -13.1497559 11.3200646 11.0000000 0.7 0.72 0.74
v -13.1430464 11.2527989 11.0000000 0.7 0.72 0.74
v -13.1336679 11.1858532 11.0000000 0.7 0.72 0.74
v -13.1216354 11.1193333 11.0000000 0.7 0.72 0.74
v -13.1069677 11.0533443 11.0000000 0.7 0.72 0.74
v -13.0896882 10.9879906 11.0000000 0.7 0.72 0.74
v -13.0698241 10.9233756 11.0000000 0.7 0.72 0.74
v -13.0474068 10.8596014 11.0000000 0.7 0.72 0.74
v -13.0224718 10.7967689 11.0000000 0.7 0.72 0.74
v -12.9950585 10.7349773 11.0000000 0.7 0.72 0.74
v -12.9652103 10.6743245 11.0000000 0.7 0.72 0.74
v -12.9329743 10.6149062 11.0000000 0.7 0.72 0.74
v -12.8984016 10.5568166 11.0000000 0.7 0.72 0.74
v -12.8615467 10.5001473 11.0000000 0.7 0.72 0.74
v -12.8224680 10.4449881 11.0000000 0.7 0.72 0.74
v -12.7812273 10.3914261 11.0000000 0.7 0.72 0.74
v -12.7378897 10.3395461 11.0000000 0.7 0.72 0.74
v -12.6925238 10.2894300 11.0000000 0.7 0.72 0.74
v -12.6452014 10.2411571 11.0000000 0.7 0.72 0.74
v -12.5959972 10.1948038 11.0000000 0.7 0.72 0.74
v -12.5449890 10.1504433 11.0000000 0.7 0.72 0.74
v -12.4922576 10.1081458 11.0000000 0.7 0.72 0.74
v -12.4378863 10.0679781 11.0000000 0.7 0.72 0.74
v -12.3819610 10.0300039 11.0000000 0.7 0.72 0.74
v -12.3245702 9.9942830 11.0000000 0.7 0.72 0.74
v -12.2658046 9.9608720 11.0000000 0.7 0.72 0.74
v -12.2057572 9.9298238 11.0000000 0.7 0.72 0.74
v -12.1445229 9.9011874 11.0000000 0.7 0.72 0.74
v -12.0821985 9.8750081 11.0000000 0.7 0.72 0.74
v -12.0188826 9.8513272 11.0000000 0.7 0.72 0.74
v -11.9546753 9.8301824 11.0000000 0.7 0.72 0.74
v -11.8896781 9.8116069 11.0000000 0.7 0.72 0.74
v -11.8239938 9.7956301 11.0000000 0.7 0.72 0.74
v -11.7577263 9.7822774 11.0000000 0.7 0.72 0.74
v -11.6909803 9.7715698 11.0000000 0.7 0.72 0.74
v -11.6238613 9.7635242 11.0000000 0.7 0.72 0.74
v -11.5564756 9.7581534 11.0000000 0.7 0.72 0.74
v -11.4889296 9.7554659 11.0000000 0.7 0.72 0.74
v -11.4213301 9.7554659 11.0000000 0.7 0.72 0.74
v -11.3537841 9.7581534 11.0000000 0.7 0.72 0.74
v -11.2863984 9.7635242 11.0000000 0.7 0.72 0.74
v -11.2192795 9.7715698 11.0000000 0.7 0.72 0.74
v -11.1525334 9.7822774 11.0000000 0.7 0.72 0.74
v -11.0862659 9.7956301 11.0000000 0.7 0.72 0.74
v -11.0205816 9.8116069 11.0000000 0.7 0.72 0.74
v -10.9555844 9.8301824 11.0000000 0.7 0.72 0.74
v -10.8913771 9.8513272 11.0000000 0.7 0.72 0.74
v -10.8280612 9.8750081 11.0000000 0.7 0.72 0.74
v -10.7657368 9.9011874 11.0000000 0.7 0.72 0.74
v -10.7045025 9.9298238 11.0000000 0.7 0.72 0.74
v -10.6444551 9.9608720 11.0000000 0.7 0.72 0.74
v -10.5856895 9.9942830 11.0000000 0.7 0.72 0.74
v -10.5282987 10.0300039 11.0000000 0.7 0.72 0.74
v -10.4723735 10.0679781 11.0000000 0.7 0.72 0.74
v -10.4180021 10.1081458 11.0000000 0.7 0.72 0.74
v -10.3652707 10.1504433 11.0000000 0.7 0.72 0.74
v -10.3142625 10.1948038 11.0000000 0.7 0.72 0.74
v -10.2650583 10.2411571 11.0000000 0.7 0.72 0.74
v -10.2177359 10.2894300 11.0000000 0.7 0.72 0.74
v -10.1723700 10.3395461 11.0000000 0.7 0.72 0.74
v -10.1290324 10.3914261 11.0000000 0.7 0.72 0.74
v -10.0877917 10.4449881 11.0000000 0.7 0.72 0.74
v -10.0487130 10.5001473 11.0000000 0.7 0.72 0.74
v -10.0118581 10.5568166 11.0000000 0.7 0.72 0.74
v -9.9772854 10.6149062 11.0000000 0.7 0.72 0.74
v -9.9450494 10.6743245 11.0000000 0.7 0.72 0.74
v -9.9152012 10.7349773 11.0000000 0.7 0.72 0.74
v -9.8877879 10.7967689 11.0000000 0.7 0.72 0.74
v -9.8628529 10.8596014 11.0000000 0.7 0.72 0.74
v -9.8404356 10.9233756 11.0000000 0.7 0.72 0.74
v -9.8205715 10.9879906 11.0000000 0.7 0.72 0.74
v -9.8032920 11.0533443 11.0000000 0.7 0.72 0.74
v -9.7886243 11.1193333 11.0000000 0.7 0.72 0.74
v -9.7765918 11.1858532 11.0000000 0.7 0.72 0.74
v -9.7672133 11.2527989 11.0000000 0.7 0.72 0.74
v -9.7605038 11.3200646 11.0000000 0.7 0.72 0.74
v -9.7564739 11.3875438 11.0000000 0.7 0.72 0.74
v -9.2551299 -11.4551299 8.1000000 0.7 0.72 0.74
v -9.2551299 -11.4551299 11.0000000 0.7 0.72 0.74
v -9.2568692 -11.3676655 11.0000000 0.7 0.72 0.74
v -9.2620844 -11.2803395 11.0000000 0.7 0.72 0.74
v -9.2707673 -11.1932898 11.0000000 0.7 0.72 0.74
v -9.2829041 -11.1066542 11.0000000 0.7 0.72 0.74
v -9.2984756 -11.0205696 11.0000000 0.7 0.72 0.74
v -9.3174573 -10.9351721 11.0000000 0.7 0.72 0.74
v -9.3398191 -10.8505968 11.0000000 0.7 0.72 0.74
v -9.3655256 -10.7669773 11.0000000 0.7 0.72 0.74
v -9.3945362 -10.6844460 11.0000000 0.7 0.72 0.74
v -9.4268050 -10.6031333 11.0000000 0.7 0.72 0.74
v -9.4622810 -10.5231677 11.0000000 0.7 0.72 0.74
v -9.5009081 -10.4446758 11.0000000 0.7 0.72 0.74
v -9.5426253 -10.3677816 11.0000000 0.7 0.72 0.74
v -9.5873665 -10.2926068 11.0000000 0.7 0.72 0.74
v -9.6350610 -10.2192701 11.0000000 0.7 0.72 0.74
v -9.6856334 -10.1478876 11.0000000 0.7 0.72 0.74
v -9.7390038 -10.0785721 11.0000000 0.7 0.72 0.74
v -9.7950877 -10.0114332 11.0000000 0.7 0.72 0.74
v -9.8537965 -9.9465771 11.0000000 0.7 0.72 0.74
v -9.9150373 -9.8841063 11.0000000 0.7 0.72 0.74
v -9.9787133 -9.8241197 11.0000000 0.7 0.72 0.74
v -10.0447239 -9.7667120 11.0000000 0.7 0.72 0.74
v -10.1129645 -9.7119740 11.0000000 0.7 0.72 0.74
v -10.1833275 -9.6599924 11.0000000 0.7 0.72 0.74
v -10.2557014 -9.6108492 11.0000000 0.7 0.72 0.74
v -10.3299718 -9.5646222 11.0000000 0.7 0.72 0.74
v -10.4060214 -9.5213844 11.0000000 0.7 0.72 0.74
v -10.4837298 -9.4812044 11.0000000 0.7 0.72 0.74
v -10.5629741 -9.4441455 11.0000000 0.7 0.72 0.74
v -10.6436292 -9.4102664 11.0000000 0.7 0.72 0.74
v -10.7255674 -9.3796206 11.0000000 0.7 0.72 0.74
v -10.8086593 -9.3522566 11.0000000 0.7 0.72 0.74
v -10.8927733 -9.3282178 11.0000000 0.7 0.72 0.74
v -10.9777765 -9.3075420 11.0000000 0.7 0.72 0.74
v -11.0635345 -9.2902619 11.0000000 0.7 0.72 0.74
v -11.1499117 -9.2764050 11.0000000 0.7 0.72 0.74
v -11.2367715 -9.2659931 11.0000000 0.7 0.72 0.74
v -11.3239766 -9.2590427 11.0000000 0.7 0.72 0.74
v -11.4113890 -9.2555647 11.0000000 0.7 0.72 0.74
v -11.4988707 -9.2555647 11.0000000 0.7 0.72 0.74
v -11.5862831 -9.2590427 11.0000000 0.7 0.72 0.74
v -11.6734882 -9.2659931 11.0000000 0.7 0.72 0.74
v -11.7603480 -9.2764050 11.0000000 0.7 0.72 0.74
v -11.8467252 -9.2902619 11.0000000 0.7 0.72 0.74
v -11.9324832 -9.3075420 11.0000000 0.7 0.72 0.74
v -12.0174864 -9.3282178 11.0000000 0.7 0.72 0.74
v -12.1016005 -9.3522566 11.0000000 0.7 0.72 0.74
v -12.1846923 -9.3796206 11.0000000 0.7 0.72 0.74
v -12.2666305 -9.4102664 11.0000000 0.7 0.72 0.74
v -12.3472856 -9.4441455 11.0000000 0.7 0.72 0.74
v -12.4265300 -9.4812044 11.0000000 0.7 0.72 0.74
v -12.5042384 -9.5213844 11.0000000 0.7 0.72 0.74
v -12.5802879 -9.5646222 11.0000000 0.7 0.72 0.74
v -12.6545584 -9.6108492 11.0000000 0.7 0.72 0.74
v -12.7269323 -9.6599924 11.0000000 0.7 0.72 0.74
v -12.7972952 -9.7119740 11.0000000 0.7 0.72 0.74
v -12.8655359 -9.7667120 11.0000000 0.7 0.72 0.74
v -12.9315464 -9.8241197 11.0000000 0.7 0.72 0.74
v -12.9952224 -9.8841063 11.0000000 0.7 0.72 0.74
v -13.0564632 -9.9465771 11.0000000 0.7 0.72 0.74
v -13.1151720 -10.0114332 11.0000000 0.7 0.72 0.74
v -13.1712559 -10.0785721 11.0000000 0.7 0.72 0.74
v -13.2246263 -10.1478876 11.0000000 0.7 0.72 0.74
v -13.2751987 -10.2192701 11.0000000 0.7 0.72 0.74
v -13.3228933 -10.2926068 11.0000000 0.7 0.72 0.74
v -13.3676345 -10.3677816 11.0000000 0.7 0.72 0.74
v -13.4093516 -10.4446758 11.0000000 0.7 0.72 0.74
v -13.4479787 -10.5231677 11.0000000 0.7 0.72 0.74
v -13.4834547 -10.6031333 11.0000000 0.7 0.72 0.74
v -13.5157236 -10.6844460 11.0000000 0.7 0.72 0.74
v -13.5447341 -10.7669773 11.0000000 0.7 0.72 0.74
v -13.5704406 -10.8505968 11.0000000 0.7 0.72 0.74
v -13.5928024 -10.9351721 11.0000000 0.7 0.72 0.74
v -13.6117841 -11.0205696 11.0000000 0.7 0.72 0.74
v -13.6273556 -11.1066542 11.0000000 0.7 0.72 0.74
v -13.6394924 -11.1932898 11.0000000 0.7 0.72 0.74
v -13.6481753 -11.2803395 11.0000000 0.7 0.72 0.74
v -13.6533905 -11.3676655 11.0000000 0.7 0.72 0.74
v -13.6551299 -11.4551299 11.0000000 0.7 0.72 0.74
v -13.6533905 -11.5425942 11.0000000 0.7 0.72 0.74
v -13.6481753 -11.6299202 11.0000000 0.7 0.72 0.74
v -13.6394924 -11.7169699 11.0000000 0.7 0.72 0.74
v -13.6273556 -11.8036055 11.0000000 0.7 0.72 0.74
v -13.6117841 -11.8896901 11.0000000 0.7 0.72 0.74
v -13.5928024 -11.9750876 11.0000000 0.7 0.72 0.74
v -13.5704406 -12.0596630 11.0000000 0.7 0.72 0.74
v -13.5447341 -12.1432824 11.0000000 0.7 0.72 0.74
v -13.5157236 -12.2258137 11.0000000 0.7 0.72 0.74
v -13.4834547 -12.3071264 11.0000000 0.7 0.72 0.74
v -13.4479787 -12.3870920 11.0000000 0.7 0.72 0.74
v -13.4093516 -12.4655839 11.0000000 0.7 0.72 0.74
v -13.3676345 -12.5424781 11.0000000 0.7 0.72 0.74
v -13.3228933 -12.6176529 11.0000000 0.7 0.72 0.74
v -13.2751987 -12.6909896 11.0000000 0.7 0.72 0.74
v -13.2246263 -12.7623721 11.0000000 0.7 0.72 0.74
v -13.1712559 -12.8316876 11.0000000 0.7 0.72 0.74
v -13.1151720 -12.8988265 11.0000000 0.7 0.72 0.74
v -13.0564632 -12.9636826 11.0000000 0.7 0.72 0.74
v -12.9952224 -13.0261534 11.0000000 0.7 0.72 0.74
v -12.9315464 -13.0861400 11.0000000 0.7 0.72 0.74
v -12.8655359 -13.1435477 11.0000000 0.7 0.72 0.74
v -12.7972952 -13.1982857 11.0000000 0.7 0.72 0.74
v -12.7269323 -13.2502674 11.0000000 0.7 0.72 0.74
v -12.6545584 -13.2994105 11.0000000 0.7 0.72 0.74
v -12.5802879 -13.3456376 11.0000000 0.7 0.72 0.74
v -12.5042384 -13.3888753 11.0000000 0.7 0.72 0.74
v -12.4265300 -13.4290553 11.0000000 0.7 0.72 0.74
v -12.3472856 -13.4661142 11.0000000 0.7 0.72 0.74
v -12.2666305 -13.4999934 11.0000000 0.7 0.72 0.74
v -12.1846923 -13.5306391 11.0000000 0.7 0.72 0.74
v -12.1016005 -13.5580031 11.0000000 0.7 0.72 0.74
v -12.0174864 -13.5820420 11.0000000 0.7 0.72 0.74
v -11.9324832 -13.6027177 11.0000000 0.7 0.72 0.74
v -11.8467252 -13.6199978 11.0000000 0.7 0.72 0.74
v -11.7603480 -13.6338547 11.0000000 0.7 0.72 0.74
v -11.6734882 -13.6442666 11.0000000 0.7 0.72 0.74
v -11.5862831 -13.6512170 11.0000000 0.7 0.72 0.74
v -11.4988707 -13.6546950 11.0000000 0.7 0.72 0.74
v -11.4113890 -13.6546950 11.0000000 0.7 0.72 0.74
v -11.3239766 -13.6512170 11.0000000 0.7 0.72 0.74
v -11.2367715 -13.6442666 11.0000000 0.7 0.72 0.74
v -11.1499117 -13.6338547 11.0000000 0.7 0.72 0.74
v -11.0635345 -13.6199978 11.0000000 0.7 0.72 0.74
v -10.9777765 -13.6027177 11.0000000 0.7 0.72 0.74
v -10.8927733 -13.5820420 11.0000000 0.7 0.72 0.74
v -10.8086593 -13.5580031 11.0000000 0.7 0.72 0.74
v -10.7255674 -13.5306391 11.0000000 0.7 0.72 0.74
v -10.6436292 -13.4999934 11.0000000 0.7 0.72 0.74
v -10.5629741 -13.4661142 11.0000000 0.7 0.72 0.74
v -10.4837298 -13.4290553 11.0000000 0.7 0.72 0.74
v -10.4060214 -13.3888753 11.0000000 0.7 0.72 0.74
v -10.3299718 -13.3456376 11.0000000 0.7 0.72 0.74
v -10.2557014 -13.2994105 11.0000000 0.7 0.72 0.74
v -10.1833275 -13.2502674 11.0000000 0.7 0.72 0.74
v -10.1129645 -13.1982857 11.0000000 0.7 0.72 0.74
v -10.0447239 -13.1435477 11.0000000 0.7 0.72 0.74
v -9.9787133 -13.0861400 11.0000000 0.7 0.72 0.74
v -9.9150373 -13.0261534 11.0000000 0.7 0.72 0.74
v -9.8537965 -12.9636826 11.0000000 0.7 0.72 0.74
v -9.7950877 -12.8988265 11.0000000 0.7 0.72 0.74
v -9.7390038 -12.8316876 11.0000000 0.7 0.72 0.74
v -9.6856334 -12.7623721 11.0000000 0.7 0.72 0.74
v -9.6350610 -12.6909896 11.0000000 0.7 0.72 0.74
v -9.5873665 -12.6176529 11.0000000 0.7 0.72 0.74
v -9.5426253 -12.5424781 11.0000000 0.7 0.72 0.74
v -9.5009081 -12.4655839 11.0000000 0.7 0.72 0.74
v -9.4622810 -12.3870920 11.0000000 0.7 0.72 0.74
v -9.4268050 -12.3071264 11.0000000 0.7 0.72 0.74
v -9.3945362 -12.2258137 11.0000000 0.7 0.72 0.74
v -9.3655256 -12.1432824 11.0000000 0.7 0.72 0.74
v -9.3398191 -12.0596630 11.0000000 0.7 0.72 0.74
v -9.3174573 -11.9750876 11.0000000 0.7 0.72 0.74
v -9.2984756 -11.8896901 11.0000000 0.7 0.72 0.74
v -9.2829041 -11.8036055 11.0000000 0.7 0.72 0.74
v -9.2707673 -11.7169699 11.0000000 0.7 0.72 0.74
v -9.2620844 -11.6299202 11.0000000 0.7 0.72 0.74
v -9.2568692 -11.5425942 11.0000000 0.7 0.72 0.74
v -9.2551299 -11.4551299 11.0000000 0.7 0.72 0.74
v -9.2551299 -11.4551299 8.1000000 0.7 0.72 0.74
v -9.2568692 -11.3676655 8.1000000 0.7 0.72 0.74
v -9.2620844 -11.2803395 8.1000000 0.7 0.72 0.74
v -9.2707673 -11.1932898 8.1000000 0.7 0.72 0.74
v -9.2829041 -11.1066542 8.1000000 0.7 0.72 0.74
v -9.2984756 -11.0205696 8.1000000 0.7 0.72 0.74
v -9.3174573 -10.9351721 8.1000000 0.7 0.72 0.74
v -9.3398191 -10.8505968 8.1000000 0.7 0.72 0.74
v -9.3655256 -10.7669773 8.1000000 0.7 0.72 0.74
v -9.3945362 -10.6844460 8.1000000 0.7 0.72 0.74
v -9.4268050 -10.6031333 8.1000000 0.7 0.72 0.74
v -9.4622810 -10.5231677 8.1000000 0.7 0.72 0.74
v -9.5009081 -10.4446758 8.1000000 0.7 0.72 0.74
v -9.5426253 -10.3677816 8.1000000 0.7 0.72 0.74
v -9.5873665 -10.2926068 8.1000000 0.7 0.72 0.74
v -9.6350610 -10.2192701 8.1000000 0.7 0.72 0.74
v -9.6856334 -10.1478876 8.1000000 0.7 0.72 0.74
v -9.7390038 -10.0785721 8.1000000 0.7 0.72 0.74
v -9.7950877 -10.0114332 8.1000000 0.7 0.72 0.74
v -9.8537965 -9.9465771 8.1000000 0.7 0.72 0.74
v -9.9150373 -9.8841063 8.1000000 0.7 0.72 0.74
v -9.9787133 -9.8241197 8.1000000 0.7 0.72 0.74
v -10.0447239 -9.7667120 8.1000000 0.7 0.72 0.74
v -10.1129645 -9.7119740 8.1000000 0.7 0.72 0.74
v -10.1833275 -9.6599924 8.1000000 0.7 0.72 0.74
v -10.2557014 -9.6108492 8.1000000 0.7 0.72 0.74
v -10.3299718 -9.5646222 8.1000000 0.7 0.72 0.74
v -10.4060214 -9.5213844 8.1000000 0.7 0.72 0.74
v -10.4837298 -9.4812044 8.1000000 0.7 0.72 0.74
v -10.5629741 -9.4441455 8.1000000 0.7 0.72 0.74
v -10.6436292 -9.4102664 8.1000000 0.7 0.72 0.74
v -10.7255674 -9.3796206 8.1000000 0.7 0.72 0.74
v -10.8086593 -9.3522566 8.1000000 0.7 0.72 0.74
v -10.8927733 -9.3282178 8.1000000 0.7 0.72 0.74
v -10.9777765 -9.3075420 8.1000000 0.7 0.72 0.74
v -11.0635345 -9.2902619 8.1000000 0.7 0.72 0.74
v -11.1499117 -9.2764050 8.1000000 0.7 0.72 0.74
v -11.2367715 -9.2659931 8.1000000 0.7 0.72 0.74
v -11.3239766 -9.2590427 8.1000000 0.7 0.72 0.74
v -11.4113890 -9.2555647 8.1000000 0.7 0.72 0.74
v -11.4988707 -9.2555647 8.1000000 0.7 0.72 0.74
v -11.5862831 -9.2590427 8.1000000 0.7 0.72 0.74
v -11.6734882 -9.2659931 8.1000000 0.7 0.72 0.74
v -11.7603480 -9.2764050 8.1000000 0.7 0.72 0.74
v -11.8467252 -9.2902619 8.1000000 0.7 0.72 0.74
v -11.9324832 -9.3075420 8.1000000 0.7 0.72 0.74
v -12.0174864 -9.3282178 8.1000000 0.7 0.72 0.74
v -12.1016005 -9.3522566 8.1000000 0.7 0.72 0.74
v -12.1846923 -9.3796206 8.1000000 0.7 0.72 0.74
v -12.2666305 -9.4102664 8.1000000 0.7 0.72 0.74
v -12.3472856 -9.4441455 8.1000000 0.7 0.72 0.74
v -12.4265300 -9.4812044 8.1000000 0.7 0.72 0.74
v -12.5042384 -9.5213844 8.1000000 0.7 0.72 0.74
v -12.5802879 -9.5646222 8.1000000 0.7 0.72 0.74
v -12.6545584 -9.6108492 8.1000000 0.7 0.72 0.74
v -12.7269323 -9.6599924 8.1000000 0.7 0.72 0.74
v -12.7972952 -9.7119740 8.1000000 0.7 0.72 0.74
v -12.8655359 -9.7667120 8.1000000 0.7 0.72 0.74
v -12.9315464 -9.8241197 8.1000000 0.7 0.72 0.74
v -12.9952224 -9.8841063 8.1000000 0.7 0.72 0.74
v -13.0564632 -9.9465771 8.1000000 0.7 0.72 0.74
v -13.1151720 -10.0114332 8.1000000 0.7 0.72 0.74
v -13.1712559 -10.0785721 8.1000000 0.7 0.72 0.74
v -13.2246263 -10.1478876 8.1000000 0.7 0.72 0.74
v -13.2751987 -10.2192701 8.1000000 0.7 0.72 0.74
v -13.3228933 -10.2926068 8.1000000 0.7 0.72 0.74
v -13.3676345 -10.3677816 8.1000000 0.7 0.72 0.74
v -13.4093516 -10.4446758 8.1000000 0.7 0.72 0.74
v -13.4479787 -10.5231677 8.1000000 0.7 0.72 0.74
v -13.4834547 -10.6031333 8.1000000 0.7 0.72 0.74
v -13.5157236 -10.6844460 8.1000000 0.7 0.72 0.74
v -13.5447341 -10.7669773 8.1000000 0.7 0.72 0.74
v -13.5704406 -10.8505968 8.1000000 0.7 0.72 0.74
v -13.5928024 -10.9351721 8.1000000 0.7 0.72 0.74
v -13.6117841 -11.0205696 8.1000000 0.7 0.72 0.74
v -13.6273556 -11.1066542 8.1000000 0.7 0.72 0.74
v -13.6394924 -11.1932898 8.1000000 0.7 0.72 0.74
v -13.6481753 -11.2803395 8.1000000 0.7 0.72 0.74
v -13.6533905 -11.3676655 8.1000000 0.7 0.72 0.74
v -13.6551299 -11.4551299 8.1000000 0.7 0.72 0.74
v -13.6533905 -11.5425942 8.1000000 0.7 0.72 0.74
v -13.6481753 -11.6299202 8.1000000 0.7 0.72 0.74
v -13.6394924 -11.7169699 8.1000000 0.7 0.72 0.74
v -13.6273556 -11.8036055 8.1000000 0.7 0.72 0.74
v -13.6117841 -11.8896901 8.1000000 0.7 0.72 0.74
v -13.5928024 -11.9750876 8.1000000 0.7 0.72 0.74
v -13.5704406 -12.0596630 8.1000000 0.7 0.72 0.74
v -13.5447341 -12.1432824 8.1000000 0.7 0.72 0.74
v -13.5157236 -12.2258137 8.1000000 0.7 0.72 0.74
v -13.4834547 -12.3071264 8.1000000 0.7 0.72 0.74
v -13.4479787 -12.3870920 8.1000000 0.7 0.72 0.74
v -13.4093516 -12.4655839 8.1000000 0.7 0.72 0.74
v -13.3676345 -12.5424781 8.1000000 0.7 0.72 0.74
v -13.3228933 -12.6176529 8.1000000 0.7 0.72 0.74
v -13.2751987 -12.6909896 8.1000000 0.7 0.72 0.74
v -13.2246263 -12.7623721 8.1000000 0.7 0.72 0.74
v -13.1712559 -12.8316876 8.1000000 0.7 0.72 0.74
v -13.1151720 -12.8988265 8.1000000 0.7 0.72 0.74
v -13.0564632 -12.9636826 8.1000000 0.7 0.72 0.74
v -12.9952224 -13.0261534 8.1000000 0.7 0.72 0.74
v -12.9315464 -13.0861400 8.1000000 0.7 0.72 0.74
v -12.8655359 -13.1435477 8.1000000 0.7 0.72 0.74
v -12.7972952 -13.1982857 8.1000000 0.7 0.72 0.74
v -12.7269323 -13.2502674 8.1000000 0.7 0.72 0.74
v -12.6545584 -13.2994105 8.1000000 0.7 0.72 0.74
v -12.5802879 -13.3456376 8.1000000 0.7 0.72 0.74
v -12.5042384 -13.3888753 8.1000000 0.7 0.72 0.74
v -12.4265300 -13.4290553 8.1000000 0.7 0.72 0.74
v -12.3472856 -13.4661142 8.1000000 0.7 0.72 0.74
v -12.2666305 -13.4999934 8.1000000 0.7 0.72 0.74
v -12.1846923 -13.5306391 8.1000000 0.7 0.72 0.74
v -12.1016005 -13.5580031 8.1000000 0.7 0.72 0.74
v -12.0174864 -13.5820420 8.1000000 0.7 0.72 0.74
v -11.9324832 -13.6027177 8.1000000 0.7 0.72 0.74
v -11.8467252 -13.6199978 8.1000000 0.7 0.72 0.74
v -11.7603480 -13.6338547 8.1000000 0.7 0.72 0.74
v -11.6734882 -13.6442666 8.1000000 0.7 0.72 0.74
v -11.5862831 -13.6512170 8.1000000 0.7 0.72 0.74
v -11.4988707 -13.6546950 8.1000000 0.7 0.72 0.74
v -11.4113890 -13.6546950 8.1000000 0.7 0.72 0.74
v -11.3239766 -13.6512170 8.1000000 0.7 0.72 0.74
v -11.2367715 -13.6442666 8.1000000 0.7 0.72 0.74
v -11.1499117 -13.6338547 8.1000000 0.7 0.72 0.74
v -11.0635345 -13.6199978 8.1000000 0.7 0.72 0.74
v -10.9777765 -13.6027177 8.1000000 0.7 0.72 0.74
v -10.8927733 -13.5820420 8.1000000 0.7 0.72 0.74
v -10.8086593 -13.5580031 8.1000000 0.7 0.72 0.74
v -10.7255674 -13.5306391 8.1000000 0.7 0.72 0.74
v -10.6436292 -13.4999934 8.1000000 0.7 0.72 0.74
v -10.5629741 -13.4661142 8.1000000 0.7 0.72 0.74
v -10.4837298 -13.4290553 8.1000000 0.7 0.72 0.74
v -10.4060214 -13.3888753 8.1000000 0.7 0.72 0.74
v -10.3299718 -13.3456376 8.1000000 0.7 0.72 0.74
v -10.2557014 -13.2994105 8.1000000 0.7 0.72 0.74
v -10.1833275 -13.2502674 8.1000000 0.7 0.72 0.74
v -10.1129645 -13.1982857 8.1000000 0.7 0.72 0.74
v -10.0447239 -13.1435477 8.1000000 0.7 0.72 0.74
v -9.9787133 -13.0861400 8.1000000 0.7 0.72 0.74
v -9.9150373 -13.0261534 8.1000000 0.7 0.72 0.74
v -9.8537965 -12.9636826 8.1000000 0.7 0.72 0.74
v -9.7950877 -12.8988265 8.1000000 0.7 0.72 0.74
v -9.7390038 -12.8316876 8.1000000 0.7 0.72 0.74
v -9.6856334 -12.7623721 8.1000000 0.7 0.72 0.74
v -9.6350610 -12.6909896 8.1000000 0.7 0.72 0.74
v -9.5873665 -12.6176529 8.1000000 0.7 0.72 0.74
v -9.5426253 -12.5424781 8.1000000 0.7 0.72 0.74
v -9.5009081 -12.4655839 8.1000000 0.7 0.72 0.74
v -9.4622810 -12.3870920 8.1000000 0.7 0.72 0.74
v -9.4268050 -12.3071264 8.1000000 0.7 0.72 0.74
v -9.3945362 -12.2258137 8.1000000 0.7 0.72 0.74
v -9.3655256 -12.1432824 8.1000000 0.7 0.72 0.74
v -9.3398191 -12.0596630 8.1000000 0.7 0.72 0.74
v -9.3174573 -11.9750876 8.1000000 0.7 0.72 0.74
v -9.2984756 -11.8896901 8.1000000 0.7 0.72 0.74
v -9.2829041 -11.8036055 8.1000000 0.7 0.72 0.74
v -9.2707673 -11.7169699 8.1000000 0.7 0.72 0.74
v -9.2620844 -11.6299202 8.1000000 0.7 0.72 0.74
v -9.2568692 -11.5425942 8.1000000 0.7 0.72 0.74
v -9.7551299 -11.4551299 8.1000000 0.7 0.72 0.74
v -9.7551299 -11.4551299 11.0000000 0.7 0.72 0.74
v -9.7564739 -11.3875438 11.0000000 0.7 0.72 0.74
v -9.7605038 -11.3200646 11.0000000 0.7 0.72 0.74
v -9.7672133 -11.2527989 11.0000000 0.7 0.72 0.74
v -9.7765918 -11.1858532 11.0000000 0.7 0.72 0.74
v -9.7886243 -11.1193333 11.0000000 0.7 0.72 0.74
v -9.8032920 -11.0533443 11.0000000 0.7 0.72 0.74
v -9.8205715 -10.9879906 11.0000000 0.7 0.72 0.74
v -9.8404356 -10.9233756 11.0000000 0.7 0.72 0.74
v -9.8628529 -10.8596014 11.0000000 0.7 0.72 0.74
v -9.8877879 -10.7967689 11.0000000 0.7 0.72 0.74
v -9.9152012 -10.7349773 11.0000000 0.7 0.72 0.74
v -9.9450494 -10.6743245 11.0000000 0.7 0.72 0.74
v -9.9772854 -10.6149062 11.0000000 0.7 0.72 0.74
v -10.0118581 -10.5568166 11.0000000 0.7 0.72 0.74
v -10.0487130 -10.5001473 11.0000000 0.7 0.72 0.74
v -10.0877917 -10.4449881 11.0000000 0.7 0.72 0.74
v -10.1290324 -10.3914261 11.0000000 0.7 0.72 0.74
v -10.1723700 -10.3395461 11.0000000 0.7 0.72 0.74
v -10.2177359 -10.2894300 11.0000000 0.7 0.72 0.74
v -10.2650583 -10.2411571 11.0000000 0.7 0.72 0.74
v -10.3142625 -10.1948038 11.0000000 0.7 0.72 0.74
v -10.3652707 -10.1504433 11.0000000 0.7 0.72 0.74
v -10.4180021 -10.1081458 11.0000000 0.7 0.72 0.74
v -10.4723735 -10.0679781 11.0000000 0.7 0.72 0.74
v -10.5282987 -10.0300039 11.0000000 0.7 0.72 0.74
v -10.5856895 -9.9942830 11.0000000 0.7 0.72 0.74
v -10.6444551 -9.9608720 11.0000000 0.7 0.72 0.74
v -10.7045025 -9.9298238 11.0000000 0.7 0.72 0.74
v -10.7657368 -9.9011874 11.0000000 0.7 0.72 0.74
v -10.8280612 -9.8750081 11.0000000 0.7 0.72 0.74
v -10.8913771 -9.8513272 11.0000000 0.7 0.72 0.74
v -10.9555844 -9.8301824 11.0000000 0.7 0.72 0.74
v -11.0205816 -9.8116069 11.0000000 0.7 0.72 0.74
v -11.0862659 -9.7956301 11.0000000 0.7 0.72 0.74
v -11.1525334 -9.7822774 11.0000000 0.7 0.72 0.74
v -11.2192795 -9.7715698 11.0000000 0.7 0.72 0.74
v -11.2863984 -9.7635242 11.0000000 0.7 0.72 0.74
v -11.3537841 -9.7581534 11.0000000 0.7 0.72 0.74
v -11.4213301 -9.7554659 11.0000000 0.7 0.72 0.74
v -11.4889296 -9.7554659 11.0000000 0.7 0.72 0.74
v -11.5564756 -9.7581534 11.0000000 0.7 0.72 0.74
v -11.6238613 -9.7635242 11.0000000 0.7 0.72 0.74
v -11.6909803 -9.7715698 11.0000000 0.7 0.72 0.74
v -11.7577263 -9.7822774 11.0000000 0.7 0.72 0.74
v -11.8239938 -9.7956301 11.0000000 0.7 0.72 0.74
v -11.8896781 -9.8116069 11.0000000 0.7 0.72 0.74
v -11.9546753 -9.8301824 11.0000000 0.7 0.72 0.74
v -12.0188826 -9.8513272 11.0000000 0.7 0.72 0.74
v -12.0821985 -9.8750081 11.0000000 0.7 0.72 0.74
v -12.1445229 -9.9011874 11.0000000 0.7 0.72 0.74
v -12.2057572 -9.9298238 11.0000000 0.7 0.72 0.74
v -12.2658046 -9.9608720 11.0000000 0.7 0.72 0.74
v -12.3245702 -9.9942830 11.0000000 0.7 0.72 0.74
v -12.3819610 -10.0300039 11.0000000 0.7 0.72 0.74
v -12.4378863 -10.0679781 11.0000000 0.7 0.72 0.74
v -12.4922576 -10.1081458 11.0000000 0.7 0.72 0.74
v -12.5449890 -10.1504433 11.0000000 0.7 0.72 0.74
v -12.5959972 -10.1948038 11.0000000 0.7 0.72 0.74
v -12.6452014 -10.2411571 11.0000000 0.7 0.72 0.74
v -12.6925238 -10.2894300 11.0000000 0.7 0.72 0.74
v -12.7378897 -10.3395461 11.0000000 0.7 0.72 0.74
v -12.7812273 -10.3914261 11.0000000 0.7 0.72 0.74
v -12.8224680 -10.4449881 11.0000000 0.7 0.72 0.74
v -12.8615467 -10.5001473 11.0000000 0.7 0.72 0.74
v -12.8984016 -10.5568166 11.0000000 0.7 0.72 0.74
v -12.9329743 -10.6149062 11.0000000 0.7 0.72 0.74
v -12.9652103 -10.6743245 11.0000000 0.7 0.72 0.74
v -12.9950585 -10.7349773 11.0000000 0.7 0.72 0.74
v -13.0224718 -10.7967689 11.0000000 0.7 0.72 0.74
v -13.0474068 -10.8596014 11.0000000 0.7 0.72 0.74
v -13.0698241 -10.9233756 11.0000000 0.7 0.72 0.74
v -13.0896882 -10.9879906 11.0000000 0.7 0.72 0.74
v -13.1069677 -11.0533443 11.0000000 0.7 0.72 0.74
v -13.1216354 -11.1193333 11.0000000 0.7 0.72 0.74
v -13.1336679 -11.1858532 11.0000000 0.7 0.72 0.74
v -13.1430464 -11.2527989 11.0000000 0.7 0.72 0.74
v -13.1497559 -11.3200646 11.0000000 0.7 0.72 0.74
v -13.1537858 -11.3875438 11.0000000 0.7 0.72 0.74
v -13.1551299 -11.4551299 11.0000000 0.7 0.72 0.74
v -13.1537858 -11.5227159 11.0000000 0.7 0.72 0.74
v -13.1497559 -11.5901951 11.0000000 0.7 0.72 0.74
v -13.1430464 -11.6574608 11.0000000 0.7 0.72 0.74
v -13.1336679 -11.7244065 11.0000000 0.7 0.72 0.74
v -13.1216354 -11.7909264 11.0000000 0.7 0.72 0.74
v -13.1069677 -11.8569154 11.0000000 0.7 0.72 0.74
v -13.0896882 -11.9222691 11.0000000 0.7 0.72 0.74
v -13.0698241 -11.9868841 11.0000000 0.7 0.72 0.74
v -13.0474068 -12.0506583 11.0000000 0.7 0.72 0.74
v -13.0224718 -12.1134909 11.0000000 0.7 0.72 0.74
v -12.9950585 -12.1752824 11.0000000 0.7 0.72 0.74
v -12.9652103 -12.2359352 11.0000000 0.7 0.72 0.74
v -12.9329743 -12.2953535 11.0000000 0.7 0.72 0.74
v -12.8984016 -12.3534431 11.0000000 0.7 0.72 0.74
v -12.8615467 -12.4101124 11.0000000 0.7 0.72 0.74
v -12.8224680 -12.4652716 11.0000000 0.7 0.72 0.74
v -12.7812273 -12.5188336 11.0000000 0.7 0.72 0.74
v -12.7378897 -12.5707136 11.0000000 0.7 0.72 0.74
v -12.6925238 -12.6208297 11.0000000 0.7 0.72 0.74
v -12.6452014 -12.6691026 11.0000000 0.7 0.72 0.74
v -12.5959972 -12.7154559 11.0000000 0.7 0.72 0.74
v -12.5449890 -12.7598164 11.0000000 0.7 0.72 0.74
v -12.4922576 -12.8021139 11.0000000 0.7 0.72 0.74
v -12.4378863 -12.8422816 11.0000000 0.7 0.72 0.74
v -12.3819610 -12.8802558 11.0000000 0.7 0.72 0.74
v -12.3245702 -12.9159767 11.0000000 0.7 0.72 0.74
v -12.2658046 -12.9493877 11.0000000 0.7 0.72 0.74
v -12.2057572 -12.9804359 11.0000000 0.7 0.72 0.74
v -12.1445229 -13.0090723 11.0000000 0.7 0.72 0.74
v -12.0821985 -13.0352516 11.0000000 0.7 0.72 0.74
v -12.0188826 -13.0589325 11.0000000 0.7 0.72 0.74
v -11.9546753 -13.0800773 11.0000000 0.7 0.72 0.74
v -11.8896781 -13.0986528 11.0000000 0.7 0.72 0.74
v -11.8239938 -13.1146296 11.0000000 0.7 0.72 0.74
v -11.7577263 -13.1279823 11.0000000 0.7 0.72 0.74
v -11.6909803 -13.1386899 11.0000000 0.7 0.72 0.74
v -11.6238613 -13.1467355 11.0000000 0.7 0.72 0.74
v -11.5564756 -13.1521063 11.0000000 0.7 0.72 0.74
v -11.4889296 -13.1547938 11.0000000 0.7 0.72 0.74
v -11.4213301 -13.1547938 11.0000000 0.7 0.72 0.74
v -11.3537841 -13.1521063 11.0000000 0.7 0.72 0.74
v -11.2863984 -13.1467355 11.0000000 0.7 0.72 0.74
v -11.2192795 -13.1386899 11.0000000 0.7 0.72 0.74
v -11.1525334 -13.1279823 11.0000000 0.7 0.72 0.74
v -11.0862659 -13.1146296 11.0000000 0.7 0.72 0.74
v -11.0205816 -13.0986528 11.0000000 0.7 0.72 0.74
v -10.9555844 -13.0800773 11.0000000 0.7 0.72 0.74
v -10.8913771 -13.0589325 11.0000000 0.7 0.72 0.74
v -10.8280612 -13.0352516 11.0000000 0.7 0.72 0.74
v -10.7657368 -13.0090723 11.0000000 0.7 0.72 0.74
v -10.7045025 -12.9804359 11.0000000 0.7 0.72 0.74
v -10.6444551 -12.9493877 11.0000000 0.7 0.72 0.74
v -10.5856895 -12.9159767 11.0000000 0.7 0.72 0.74
v -10.5282987 -12.8802558 11.0000000 0.7 0.72 0.74
v -10.4723735 -12.8422816 11.0000000 0.7 0.72 0.74
v -10.4180021 -12.8021139 11.0000000 0.7 0.72 0.74
v -10.3652707 -12.7598164 11.0000000 0.7 0.72 0.74
v -10.3142625 -12.7154559 11.0000000 0.7 0.72 0.74
v -10.2650583 -12.6691026 11.0000000 0.7 0.72 0.74
v -10.2177359 -12.6208297 11.0000000 0.7 0.72 0.74
v -10.1723700 -12.5707136 11.0000000 0.7 0.72 0.74
v -10.1290324 -12.5188336 11.0000000 0.7 0.72 0.74
v -10.0877917 -12.4652716 11.0000000 0.7 0.72 0.74
v -10.0487130 -12.4101124 11.0000000 0.7 0.72 0.74
v -10.0118581 -12.3534431 11.0000000 0.7 0.72 0.74
v -9.9772854 -12.2953535 11.0000000 0.7 0.72 0.74
v -9.9450494 -12.2359352 11.0000000 0.7 0.72 0.74
v -9.9152012 -12.1752824 11.0000000 0.7 0.72 0.74
v -9.8877879 -12.1134909 11.0000000 0.7 0.72 0.74
v -9.8628529 -12.0506583 11.0000000 0.7 0.72 0.74
v -9.8404356 -11.9868841 11.0000000 0.7 0.72 0.74
v -9.8205715 -11.9222691 11.0000000 0.7 0.72 0.74
v -9.8032920 -11.8569154 11.0000000 0.7 0.72 0.74
v -9.7886243 -11.7909264 11.0000000 0.7 0.72 0.74
v -9.7765918 -11.7244065 11.0000000 0.7 0.72 0.74
v -9.7672133 -11.6574608 11.0000000 0.7 0.72 0.74
v -9.7605038 -11.5901951 11.0000000 0.7 0.72 0.74
v -9.7564739 -11.5227159 11.0000000 0.7 0.72 0.74
v -9.7551299 -11.4551299 11.0000000 0.7 0.72 0.74
v -9.7551299 -11.4551299 8.1000000 0.7 0.72 0.74
v -9.7564739 -11.3875438 8.1000000 0.7 0.72 0.74
v -9.7605038 -11.3200646 8.1000000 0.7 0.72 0.74
v -9.7672133 -11.2527989 8.1000000 0.7 0.72 0.74
v -9.7765918 -11.1858532 8.1000000 0.7 0.72 0.74
v -9.7886243 -11.1193333 8.1000000 0.7 0.72 0.74
v -9.8032920 -11.0533443 8.1000000 0.7 0.72 0.74
v -9.8205715 -10.9879906 8.1000000 0.7 0.72 0.74
v -9.8404356 -10.9233756 8.1000000 0.7 0.72 0.74
v -9.8628529 -10.8596014 8.1000000 0.7 0.72 0.74
v -9.8877879 -10.7967689 8.1000000 0.7 0.72 0.74
v -9.9152012 -10.7349773 8.1000000 0.7 0.72 0.74
v -9.9450494 -10.6743245 8.1000000 0.7 0.72 0.74
v -9.9772854 -10.6149062 8.1000000 0.7 0.72 0.74
v -10.0118581 -10.5568166 8.1000000 0.7 0.72 0.74
v -10.0487130 -10.5001473 8.1000000 0.7 0.72 0.74
v -10.0877917 -10.4449881 8.1000000 0.7 0.72 0.74
v -10.1290324 -10.3914261 8.1000000 0.7 0.72 0.74
v -10.1723700 -10.3395461 8.1000000 0.7 0.72 0.74
v -10.2177359 -10.2894300 8.1000000 0.7 0.72 0.74
v -10.2650583 -10.2411571 8.1000000 0.7 0.72 0.74
v -10.3142625 -10.1948038 8.1000000 0.7 0.72 0.74
v -10.3652707 -10.1504433 8.1000000 0.7 0.72 0.74
v -10.4180021 -10.1081458 8.1000000 0.7 0.72 0.74
v -10.4723735 -10.0679781 8.1000000 0.7 0.72 0.74
v -10.5282987 -10.0300039 8.1000000 0.7 0.72 0.74
v -10.5856895 -9.9942830 8.1000000 0.7 0.72 0.74
v -10.6444551 -9.9608720 8.1000000 0.7 0.72 0.74
v -10.7045025 -9.9298238 8.1000000 0.7 0.72 0.74
v -10.7657368 -9.9011874 8.1000000 0.7 0.72 0.74
v -10.8280612 -9.8750081 8.1000000 0.7 0.72 0.74
v -10.8913771 -9.8513272 8.1000000 0.7 0.72 0.74
v -10.9555844 -9.8301824 8.1000000 0.7 0.72 0.74
v -11.0205816 -9.8116069 8.1000000 0.7 0.72 0.74
v -11.0862659 -9.7956301 8.1000000 0.7 0.72 0.74
v -11.1525334 -9.7822774 8.1000000 0.7 0.72 0.74
v -11.2192795 -9.7715698 8.1000000 0.7 0.72 0.74
v -11.2863984 -9.7635242 8.1000000 0.7 0.72 0.74
v -11.3537841 -9.7581534 8.1000000 0.7 0.72 0.74
v -11.4213301 -9.7554659 8.1000000 0.7 0.72 0.74
v -11.4889296 -9.7554659 8.1000000 0.7 0.72 0.74
v -11.5564756 -9.7581534 8.1000000 0.7 0.72 0.74
v -11.6238613 -9.7635242 8.1000000 0.7 0.72 0.74
v -11.6909803 -9.7715698 8.1000000 0.7 0.72 0.74
v -11.7577263 -9.7822774 8.1000000 0.7 0.72 0.74
v -11.8239938 -9.7956301 8.1000000 0.7 0.72 0.74
v -11.8896781 -9.8116069 8.1000000 0.7 0.72 0.74
v -11.9546753 -9.8301824 8.1000000 0.7 0.72 0.74
v -12.0188826 -9.8513272 8.1000000 0.7 0.72 0.74
v -12.0821985 -9.8750081 8.1000000 0.7 0.72 0.74
v -12.1445229 -9.9011874 8.1000000 0.7 0.72 0.74
v -12.2057572 -9.9298238 8.1000000 0.7 0.72 0.74
v -12.2658046 -9.9608720 8.1000000 0.7 0.72 0.74
v -12.3245702 -9.9942830 8.1000000 0.7 0.72 0.74
v -12.3819610 -10.0300039 8.1000000 0.7 0.72 0.74
v -12.4378863 -10.0679781 8.1000000 0.7 0.72 0.74
v -12.4922576 -10.1081458 8.1000000 0.7 0.72 0.74
v -12.5449890 -10.1504433 8.1000000 0.7 0.72 0.74
v -12.5959972 -10.1948038 8.1000000 0.7 0.72 0.74
v -12.6452014 -10.2411571 8.1000000 0.7 0.72 0.74
v -12.6925238 -10.2894300 8.1000000 0.7 0.72 0.74
v -12.7378897 -10.3395461 8.1000000 0.7 0.72 0.74
v -12.7812273 -10.3914261 8.1000000 0.7 0.72 0.74
v -12.8224680 -10.4449881 8.1000000 0.7 0.72 0.74
v -12.8615467 -10.5001473 8.1000000 0.7 0.72 0.74
v -12.8984016 -10.5568166 8.1000000 0.7 0.72 0.74
v -12.9329743 -10.6149062 8.1000000 0.7 0.72 0.74
v -12.9652103 -10.6743245 8.1000000 0.7 0.72 0.74
v -12.9950585 -10.7349773 8.1000000 0.7 0.72 0.74
v -13.0224718 -10.7967689 8.1000000 0.7 0.72 0.74
v -13.0474068 -10.8596014 8.1000000 0.7 0.72 0.74
v -13.0698241 -10.9233756 8.1000000 0.7 0.72 0.74
v -13.0896882 -10.9879906 8.1000000 0.7 0.72 0.74
v -13.1069677 -11.0533443 8.1000000 0.7 0.72 0.74
v -13.1216354 -11.1193333 8.1000000 0.7 0.72 0.74
v -13.1336679 -11.1858532 8.1000000 0.7 0.72 0.74
v -13.1430464 -11.2527989 8.1000000 0.7 0.72 0.74
v -13.1497559 -11.3200646 8.1000000 0.7 0.72 0.74
v -13.1537858 -11.3875438 8.1000000 0.7 0.72 0.74
v -13.1551299 -11.4551299 8.1000000 0.7 0.72 0.74
v -13.1537858 -11.5227159 8.1000000 0.7 0.72 0.74
v -13.1497559 -11.5901951 8.1000000 0.7 0.72 0.74
v -13.1430464 -11.6574608 8.1000000 0.7 0.72 0.74
v -13.1336679 -11.7244065 8.1000000 0.7 0.72 0.74
v -13.1216354 -11.7909264 8.1000000 0.7 0.72 0.74
v -13.1069677 -11.8569154 8.1000000 0.7 0.72 0.74
v -13.0896882 -11.9222691 8.1000000 0.7 0.72 0.74
v -13.0698241 -11.9868841 8.1000000 0.7 0.72 0.74
v -13.0474068 -12.0506583 8.1000000 0.7 0.72 0.74
v -13.0224718 -12.1134909 8.1000000 0.7 0.72 0.74
v -12.9950585 -12.1752824 8.1000000 0.7 0.72 0.74
v -12.9652103 -12.2359352 8.1000000 0.7 0.72 0.74
v -12.9329743 -12.2953535 8.1000000 0.7 0.72 0.74
v -12.8984016 -12.3534431 8.1000000 0.7 0.72 0.74
v -12.8615467 -12.4101124 8.1000000 0.7 0.72 0.74
v -12.8224680 -12.4652716 8.1000000 0.7 0.72 0.74
v -12.7812273 -12.5188336 8.1000000 0.7 0.72 0.74
v -12.7378897 -12.5707136 8.1000000 0.7 0.72 0.74
v -12.6925238 -12.6208297 8.1000000 0.7 0.72 0.74
v -12.6452014 -12.6691026 8.1000000 0.7 0.72 0.74
v -12.5959972 -12.7154559 8.1000000 0.7 0.72 0.74
v -12.5449890 -12.7598164 8.1000000 0.7 0.72 0.74
v -12.4922576 -12.8021139 8.1000000 0.7 0.72 0.74
v -12.4378863 -12.8422816 8.1000000 0.7 0.72 0.74
v -12.3819610 -12.8802558 8.1000000 0.7 0.72 0.74
v -12.3245702 -12.9159767 8.1000000 0.7 0.72 0.74
v -12.2658046 -12.9493877 8.1000000 0.7 0.72 0.74
v -12.2057572 -12.9804359 8.1000000 0.7 0.72 0.74
v -12.1445229 -13.0090723 8.1000000 0.7 0.72 0.74
v -12.0821985 -13.0352516 8.1000000 0.7 0.72 0.74
v -12.0188826 -13.0589325 8.1000000 0.7 0.72 0.74
v -11.9546753 -13.0800773 8.1000000 0.7 0.72 0.74
v -11.8896781 -13.0986528 8.1000000 0.7 0.72 0.74
v -11.8239938 -13.1146296 8.1000000 0.7 0.72 0.74
v -11.7577263 -13.1279823 8.1000000 0.7 0.72 0.74
v -11.6909803 -13.1386899 8.1000000 0.7 0.72 0.74
v -11.6238613 -13.1467355 8.1000000 0.7 0.72 0.74
v -11.5564756 -13.1521063 8.1000000 0.7 0.72 0.74
v -11.4889296 -13.1547938 8.1000000 0.7 0.72 0.74
v -11.4213301 -13.1547938 8.1000000 0.7 0.72 0.74
v -11.3537841 -13.1521063 8.1000000 0.7 0.72 0.74
v -11.2863984 -13.1467355 8.1000000 0.7 0.72 0.74
v -11.2192795 -13.1386899 8.1000000 0.7 0.72 0.74
v -11.1525334 -13.1279823 8.1000000 0.7 0.72 0.74
v -11.0862659 -13.1146296 8.1000000 0.7 0.72 0.74
v -11.0205816 -13.0986528 8.1000000 0.7 0.72 0.74
v -10.9555844 -13.0800773 8.1000000 0.7 0.72 0.74
v -10.8913771 -13.0589325 8.1000000 0.7 0.72 0.74
v -10.8280612 -13.0352516 8.1000000 0.7 0.72 0.74
v -10.7657368 -13.0090723 8.1000000 0.7 0.72 0.74
v -10.7045025 -12.9804359 8.1000000 0.7 0.72 0.74
v -10.6444551 -12.9493877 8.1000000 0.7 0.72 0.74
v -10.5856895 -12.9159767 8.1000000 0.7 0.72 0.74
v -10.5282987 -12.8802558 8.1000000 0.7 0.72 0.74
v -10.4723735 -12.8422816 8.1000000 0.7 0.72 0.74
v -10.4180021 -12.8021139 8.1000000 0.7 0.72 0.74
v -10.3652707 -12.7598164 8.1000000 0.7 0.72 0.74
v -10.3142625 -12.7154559 8.1000000 0.7 0.72 0.74
v -10.2650583 -12.6691026 8.1000000 0.7 0.72 0.74
v -10.2177359 -12.6208297 8.1000000 0.7 0.72 0.74
v -10.1723700 -12.5707136 8.1000000 0.7 0.72 0.74
v -10.1290324 -12.5188336 8.1000000 0.7 0.72 0.74
v -10.0877917 -12.4652716 8.1000000 0.7 0.72 0.74
v -10.0487130 -12.4101124 8.1000000 0.7 0.72 0.74
v -10.0118581 -12.3534431 8.1000000 0.7 0.72 0.74
v -9.9772854 -12.2953535 8.1000000 0.7 0.72 0.74
v -9.9450494 -12.2359352 8.1000000 0.7 0.72 0.74
v -9.9152012 -12.1752824 8.1000000 0.7 0.72 0.74
v -9.8877879 -12.1134909 8.1000000 0.7 0.72 0.74
v -9.8628529 -12.0506583 8.1000000 0.7 0.72 0.74
v -9.8404356 -11.9868841 8.1000000 0.7 0.72 0.74
v -9.8205715 -11.9222691 8.1000000 0.7 0.72 0.74
v -9.8032920 -11.8569154 8.1000000 0.7 0.72 0.74
v -9.7886243 -11.7909264 8.1000000 0.7 0.72 0.74
v -9.7765918 -11.7244065 8.1000000 0.7 0.72 0.74
v -9.7672133 -11.6574608 8.1000000 0.7 0.72 0.74
v -9.7605038 -11.5901951 8.1000000 0.7 0.72 0.74
v -9.7564739 -11.5227159 8.1000000 0.7 0.72 0.74
v -9.2551299 -11.4551299 8.1000000 0.7 0.72 0.74
v -9.2568692 -11.3676655 8.1000000 0.7 0.72 0.74
v -9.2620844 -11.2803395 8.1000000 0.7 0.72 0.74
v -9.2707673 -11.1932898 8.1000000 0.7 0.72 0.74
v -9.2829041 -11.1066542 8.1000000 0.7 0.72 0.74
v -9.2984756 -11.0205696 8.1000000 0.7 0.72 0.74
v -9.3174573 -10.9351721 8.1000000 0.7 0.72 0.74
v -9.3398191 -10.8505968 8.1000000 0.7 0.72 0.74
v -9.3655256 -10.7669773 8.1000000 0.7 0.72 0.74
v -9.3945362 -10.6844460 8.1000000 0.7 0.72 0.74
v -9.4268050 -10.6031333 8.1000000 0.7 0.72 0.74
v -9.4622810 -10.5231677 8.1000000 0.7 0.72 0.74
v -9.5009081 -10.4446758 8.1000000 0.7 0.72 0.74
v -9.5426253 -10.3677816 8.1000000 0.7 0.72 0.74
v -9.5873665 -10.2926068 8.1000000 0.7 0.72 0.74
v -9.6350610 -10.2192701 8.1000000 0.7 0.72 0.74
v -9.6856334 -10.1478876 8.1000000 0.7 0.72 0.74
v -9.7390038 -10.0785721 8.1000000 0.7 0.72 0.74
v -9.7950877 -10.0114332 8.1000000 0.7 0.72 0.74
v -9.8537965 -9.9465771 8.1000000 0.7 0.72 0.74
v -9.9150373 -9.8841063 8.1000000 0.7 0.72 0.74
v -9.9787133 -9.8241197 8.1000000 0.7 0.72 0.74
v -10.0447239 -9.7667120 8.1000000 0.7 0.72 0.74
v -10.1129645 -9.7119740 8.1000000 0.7 0.72 0.74
v -10.1833275 -9.6599924 8.1000000 0.7 0.72 0.74
v -10.2557014 -9.6108492 8.1000000 0.7 0.72 0.74
v -10.3299718 -9.5646222 8.1000000 0.7 0.72 0.74
v -10.4060214 -9.5213844 8.1000000 0.7 0.72 0.74
v -10.4837298 -9.4812044 8.1000000 0.7 0.72 0.74
v -10.5629741 -9.4441455 8.1000000 0.7 0.72 0.74
v -10.6436292 -9.4102664 8.1000000 0.7 0.72 0.74
v -10.7255674 -9.3796206 8.1000000 0.7 0.72 0.74
v -10.8086593 -9.3522566 8.1000000 0.7 0.72 0.74
v -10.8927733 -9.3282178 8.1000000 0.7 0.72 0.74
v -10.9777765 -9.3075420 8.1000000 0.7 0.72 0.74
v -11.0635345 -9.2902619 8.1000000 0.7 0.72 0.74
v -11.1499117 -9.2764050 8.1000000 0.7 0.72 0.74
v -11.2367715 -9.2659931 8.1000000 0.7 0.72 0.74
v -11.3239766 -9.2590427 8.1000000 0.7 0.72 0.74
v -11.4113890 -9.2555647 8.1000000 0.7 0.72 0.74
v -11.4988707 -9.2555647 8.1000000 0.7 0.72 0.74
v -11.5862831 -9.2590427 8.1000000 0.7 0.72 0.74
v -11.6734882 -9.2659931 8.1000000 0.7 0.72 0.74
v -11.7603480 -9.2764050 8.1000000 0.7 0.72 0.74
v -11.8467252 -9.2902619 8.1000000 0.7 0.72 0.74
v -11.9324832 -9.3075420 8.1000000 0.7 0.72 0.74
v -12.0174864 -9.3282178 8.1000000 0.7 0.72 0.74
v -12.1016005 -9.3522566 8.1000000 0.7 0.72 0.74
v -12.1846923 -9.3796206 8.1000000 0.7 0.72 0.74
v -12.2666305 -9.4102664 8.1000000 0.7 0.72 0.74
v -12.3472856 -9.4441455 8.1000000 0.7 0.72 0.74
v -12.4265300 -9.4812044 8.1000000 0.7 0.72 0.74
v -12.5042384 -9.5213844 8.1000000 0.7 0.72 0.74
v -12.5802879 -9.5646222 8.1000000 0.7 0.72 0.74
v -12.6545584 -9.6108492 8.1000000 0.7 0.72 0.74
v -12.7269323 -9.6599924 8.1000000 0.7 0.72 0.74
v -12.7972952 -9.7119740 8.1000000 0.7 0.72 0.74
v -12.8655359 -9.7667120 8.1000000 0.7 0.72 0.74
v -12.9315464 -9.8241197 8.1000000 0.7 0.72 0.74
v -12.9952224 -9.8841063 8.1000000 0.7 0.72 0.74
v -13.0564632 -9.9465771 8.1000000 0.7 0.72 0.74
v -13.1151720 -10.0114332 8.1000000 0.7 0.72 0.74
v -13.1712559 -10.0785721 8.1000000 0.7 0.72 0.74
v -13.2246263 -10.1478876 8.1000000 0.7 0.72 0.74
v -13.2751987 -10.2192701 8.1000000 0.7 0.72 0.74
v -13.3228933 -10.2926068 8.1000000 0.7 0.72 0.74
v -13.3676345 -10.3677816 8.1000000 0.7 0.72 0.74
v -13.4093516 -10.4446758 8.1000000 0.7 0.72 0.74
v -13.4479787 -10.5231677 8.1000000 0.7 0.72 0.74
v -13.4834547 -10.6031333 8.1000000 0.7 0.72 0.74
v -13.5157236 -10.6844460 8.1000000 0.7 0.72 0.74
v -13.5447341 -10.7669773 8.1000000 0.7 0.72 0.74
v -13.5704406 -10.8505968 8.1000000 0.7 0.72 0.74
v -13.5928024 -10.9351721 8.1000000 0.7 0.72 0.74
v -13.6117841 -11.0205696 8.1000000 0.7 0.72 0.74
v -13.6273556 -11.1066542 8.1000000 0.7 0.72 0.74
v -13.6394924 -11.1932898 8.1000000 0.7 0.72 0.74
v -13.6481753 -11.2803395 8.1000000 0.7 0.72 0.74
v -13.6533905 -11.3676655 8.1000000 0.7 0.72 0.74
v -13.6551299 -11.4551299 8.1000000 0.7 0.72 0.74
v -13.6533905 -11.5425942 8.1000000 0.7 0.72 0.74
v -13.6481753 -11.6299202 8.1000000 0.7 0.72 0.74
v -13.6394924 -11.7169699 8.1000000 0.7 0.72 0.74
v -13.6273556 -11.8036055 8.1000000 0.7 0.72 0.74
v -13.6117841 -11.8896901 8.1000000 0.7 0.72 0.74
v -13.5928024 -11.9750876 8.1000000 0.7 0.72 0.74
v -13.5704406 -12.0596630 8.1000000 0.7 0.72 0.74
v -13.5447341 -12.1432824 8.1000000 0.7 0.72 0.74
v -13.5157236 -12.2258137 8.1000000 0.7 0.72 0.74
v -13.4834547 -12.3071264 8.1000000 0.7 0.72 0.74
v -13.4479787 -12.3870920 8.1000000 0.7 0.72 0.74
v -13.4093516 -12.4655839 8.1000000 0.7 0.72 0.74
v -13.3676345 -12.5424781 8.1000000 0.7 0.72 0.74
v -13.3228933 -12.6176529 8.1000000 0.7 0.72 0.74
v -13.2751987 -12.6909896 8.1000000 0.7 0.72 0.74
v -13.2246263 -12.7623721 8.1000000 0.7 0.72 0.74
v -13.1712559 -12.8316876 8.1000000 0.7 0.72 0.74
v -13.1151720 -12.8988265 8.1000000 0.7 0.72 0.74
v -13.0564632 -12.9636826 8.1000000 0.7 0.72 0.74
v -12.9952224 -13.0261534 8.1000000 0.7 0.72 0.74
v -12.9315464 -13.0861400 8.1000000 0.7 0.72 0.74
v -12.8655359 -13.1435477 8.1000000 0.7 0.72 0.74
v -12.7972952 -13.1982857 8.1000000 0.7 0.72 0.74
v -12.7269323 -13.2502674 8.1000000 0.7 0.72 0.74
v -12.6545584 -13.2994105 8.1000000 0.7 0.72 0.74
v -12.5802879 -13.3456376 8.1000000 0.7 0.72 0.74
v -12.5042384 -13.3888753 8.1000000 0.7 0.72 0.74
v -12.4265300 -13.4290553 8.1000000 0.7 0.72 0.74
v -12.3472856 -13.4661142 8.1000000 0.7 0.72 0.74
v -12.2666305 -13.4999934 8.1000000 0.7 0.72 0.74
v -12.1846923 -13.5306391 8.1000000 0.7 0.72 0.74
v -12.1016005 -13.5580031 8.1000000 0.7 0.72 0.74
v -12.0174864 -13.5820420 8.1000000 0.7 0.72 0.74
v -11.9324832 -13.6027177 8.1000000 0.7 0.72 0.74
v -11.8467252 -13.6199978 8.1000000 0.7 0.72 0.74
v -11.7603480 -13.6338547 8.1000000 0.7 0.72 0.74
v -11.6734882 -13.6442666 8.1000000 0.7 0.72 0.74
v -11.5862831 -13.6512170 8.1000000 0.7 0.72 0.74
v -11.4988707 -13.6546950 8.1000000 0.7 0.72 0.74
v -11.4113890 -13.6546950 8.1000000 0.7 0.72 0.74
v -11.3239766 -13.6512170 8.1000000 0.7 0.72 0.74
v -11.2367715 -13.6442666 8.1000000 0.7 0.72 0.74
v -11.1499117 -13.6338547 8.1000000 0.7 0.72 0.74
v -11.0635345 -13.6199978 8.1000000 0.7 0.72 0.74
v -10.9777765 -13.6027177 8.1000000 0.7 0.72 0.74
v -10.8927733 -13.5820420 8.1000000 0.7 0.72 0.74
v -10.8086593 -13.5580031 8.1000000 0.7 0.72 0.74
v -10.7255674 -13.5306391 8.1000000 0.7 0.72 0.74
v -10.6436292 -13.4999934 8.1000000 0.7 0.72 0.74
v -10.5629741 -13.4661142 8.1000000 0.7 0.72 0.74
v -10.4837298 -13.4290553 8.1000000 0.7 0.72 0.74
v -10.4060214 -13.3888753 8.1000000 0.7 0.72 0.74
v -10.3299718 -13.3456376 8.1000000 0.7 0.72 0.74
v -10.2557014 -13.2994105 8.1000000 0.7 0.72 0.74
v -10.1833275 -13.2502674 8.1000000 0.7 0.72 0.74
v -10.1129645 -13.1982857 8.1000000 0.7 0.72 0.74
v -10.0447239 -13.1435477 8.1000000 0.7 0.72 0.74
v -9.9787133 -13.0861400 8.1000000 0.7 0.72 0.74
v -9.9150373 -13.0261534 8.1000000 0.7 0.72 0.74
v -9.8537965 -12.9636826 8.1000000 0.7 0.72 0.74
v -9.7950877 -12.8988265 8.1000000 0.7 0.72 0.74
v -9.7390038 -12.8316876 8.1000000 0.7 0.72 0.74
v -9.6856334 -12.7623721 8.1000000 0.7 0.72 0.74
v -9.6350610 -12.6909896 8.1000000 0.7 0.72 0.74
v -9.5873665 -12.6176529 8.1000000 0.7 0.72 0.74
v -9.5426253 -12.5424781 8.1000000 0.7 0.72 0.74
v -9.5009081 -12.4655839 8.1000000 0.7 0.72 0.74
v -9.4622810 -12.3870920 8.1000000 0.7 0.72 0.74
v -9.4268050 -12.3071264 8.1000000 0.7 0.72 0.74
v -9.3945362 -12.2258137 8.1000000 0.7 0.72 0.74
v -9.3655256 -12.1432824 8.1000000 0.7 0.72 0.74
v -9.3398191 -12.0596630 8.1000000 0.7 0.72 0.74
v -9.3174573 -11.9750876 8.1000000 0.7 0.72 0.74
v -9.2984756 -11.8896901 8.1000000 0.7 0.72 0.74
v -9.2829041 -11.8036055 8.1000000 0.7 0.72 0.74
v -9.2707673 -11.7169699 8.1000000 0.7 0.72 0.74
v -9.2620844 -11.6299202 8.1000000 0.7 0.72 0.74
v -9.2568692 -11.5425942 8.1000000 0.7 0.72 0.74
v -9.7551299 -11.4551299 8.1000000 0.7 0.72 0.74
v -9.7564739 -11.3875438 8.1000000 0.7 0.72 0.74
v -9.7605038 -11.3200646 8.1000000 0.7 0.72 0.74
v -9.7672133 -11.2527989 8.1000000 0.7 0.72 0.74
v -9.7765918 -11.1858532 8.1000000 0.7 0.72 0.74
v -9.7886243 -11.1193333 8.1000000 0.7 0.72 0.74
v -9.8032920 -11.0533443 8.1000000 0.7 0.72 0.74
v -9.8205715 -10.9879906 8.1000000 0.7 0.72 0.74
v -9.8404356 -10.9233756 8.1000000 0.7 0.72 0.74
v -9.8628529 -10.8596014 8.1000000 0.7 0.72 0.74
v -9.8877879 -10.7967689 8.1000000 0.7 0.72 0.74
v -9.9152012 -10.7349773 8.1000000 0.7 0.72 0.74
v -9.9450494 -10.6743245 8.1000000 0.7 0.72 0.74
v -9.9772854 -10.6149062 8.1000000 0.7 0.72 0.74
v -10.0118581 -10.5568166 8.1000000 0.7 0.72 0.74
v -10.0487130 -10.5001473 8.1000000 0.7 0.72 0.74
v -10.0877917 -10.4449881 8.1000000 0.7 0.72 0.74
v -10.1290324 -10.3914261 8.1000000 0.7 0.72 0.74
v -10.1723700 -10.3395461 8.1000000 0.7 0.72 0.74
v -10.2177359 -10.2894300 8.1000000 0.7 0.72 0.74
v -10.2650583 -10.2411571 8.1000000 0.7 0.72 0.74
v -10.3142625 -10.1948038 8.1000000 0.7 0.72 0.74
v -10.3652707 -10.1504433 8.1000000 0.7 0.72 0.74
v -10.4180021 -10.1081458 8.1000000 0.7 0.72 0.74
v -10.4723735 -10.0679781 8.1000000 0.7 0.72 0.74
v -10.5282987 -10.0300039 8.1000000 0.7 0.72 0.74
v -10.5856895 -9.9942830 8.1000000 0.7 0.72 0.74
v -10.6444551 -9.9608720 8.1000000 0.7 0.72 0.74
v -10.7045025 -9.9298238 8.1000000 0.7 0.72 0.74
v -10.7657368 -9.9011874 8.1000000 0.7 0.72 0.74
v -10.8280612 -9.8750081 8.1000000 0.7 0.72 0.74
v -10.8913771 -9.8513272 8.1000000 0.7 0.72 0.74
v -10.9555844 -9.8301824 8.1000000 0.7 0.72 0.74
v -11.0205816 -9.8116069 8.1000000 0.7 0.72 0.74
v -11.0862659 -9.7956301 8.1000000 0.7 0.72 0.74
v -11.1525334 -9.7822774 8.1000000 0.7 0.72 0.74
v -11.2192795 -9.7715698 8.1000000 0.7 0.72 0.74
v -11.2863984 -9.7635242 8.1000000 0.7 0.72 0.74
v -11.3537841 -9.7581534 8.1000000 0.7 0.72 0.74
v -11.4213301 -9.7554659 8.1000000 0.7 0.72 0.74
v -11.4889296 -9.7554659 8.1000000 0.7 0.72 0.74
v -11.5564756 -9.7581534 8.1000000 0.7 0.72 0.74
v -11.6238613 -9.7635242 8.1000000 0.7 0.72 0.74
v -11.6909803 -9.7715698 8.1000000 0.7 0.72 0.74
v -11.7577263 -9.7822774 8.1000000 0.7 0.72 0.74
v -11.8239938 -9.7956301 8.1000000 0.7 0.72 0.74
v -11.8896781 -9.8116069 8.1000000 0.7 0.72 0.74
v -11.9546753 -9.8301824 8.1000000 0.7 0.72 0.74
v -12.0188826 -9.8513272 8.1000000 0.7 0.72 0.74
v -12.0821985 -9.8750081 8.1000000 0.7 0.72 0.74
v -12.1445229 -9.9011874 8.1000000 0.7 0.72 0.74
v -12.2057572 -9.9298238 8.1000000 0.7 0.72 0.74
v -12.2658046 -9.9608720 8.1000000 0.7 0.72 0.74
v -12.3245702 -9.9942830 8.1000000 0.7 0.72 0.74
v -12.3819610 -10.0300039 8.1000000 0.7 0.72 0.74
v -12.4378863 -10.0679781 8.1000000 0.7 0.72 0.74
v -12.4922576 -10.1081458 8.1000000 0.7 0.72 0.74
v -12.5449890 -10.1504433 8.1000000 0.7 0.72 0.74
v -12.5959972 -10.1948038 8.1000000 0.7 0.72 0.74
v -12.6452014 -10.2411571 8.1000000 0.7 0.72 0.74
v -12.6925238 -10.2894300 8.1000000 0.7 0.72 0.74
v -12.7378897 -10.3395461 8.1000000 0.7 0.72 0.74
v -12.7812273 -10.3914261 8.1000000 0.7 0.72 0.74
v -12.8224680 -10.4449881 8.1000000 0.7 0.72 0.74
v -12.8615467 -10.5001473 8.1000000 0.7 0.72 0.74
v -12.8984016 -10.5568166 8.1000000 0.7 0.72 0.74
v -12.9329743 -10.6149062 8.1000000 0.7 0.72 0.74
v -12.9652103 -10.6743245 8.1000000 0.7 0.72 0.74
v -12.9950585 -10.7349773 8.1000000 0.7 0.72 0.74
v -13.0224718 -10.7967689 8.1000000 0.7 0.72 0.74
v -13.0474068 -10.8596014 8.1000000 0.7 0.72 0.74
v -13.0698241 -10.9233756 8.1000000 0.7 0.72 0.74
v -13.0896882 -10.9879906 8.1000000 0.7 0.72 0.74
v -13.1069677 -11.0533443 8.1000000 0.7 0.72 0.74
v -13.1216354 -11.1193333 8.1000000 0.7 0.72 0.74
v -13.1336679 -11.1858532 8.1000000 0.7 0.72 0.74
v -13.1430464 -11.2527989 8.1000000 0.7 0.72 0.74
v -13.1497559 -11.3200646 8.1000000 0.7 0.72 0.74
v -13.1537858 -11.3875438 8.1000000 0.7 0.72 0.74
v -13.1551299 -11.4551299 8.1000000 0.7 0.72 0.74
v -13.1537858 -11.5227159 8.1000000 0.7 0.72 0.74
v -13.1497559 -11.5901951 8.1000000 0.7 0.72 0.74
v -13.1430464 -11.6574608 8.1000000 0.7 0.72 0.74
v -13.1336679 -11.7244065 8.1000000 0.7 0.72 0.74
v -13.1216354 -11.7909264 8.1000000 0.7 0.72 0.74
v -13.1069677 -11.8569154 8.1000000 0.7 0.72 0.74
v -13.0896882 -11.9222691 8.1000000 0.7 0.72 0.74
v -13.0698241 -11.9868841 8.1000000 0.7 0.72 0.74
v -13.0474068 -12.0506583 8.1000000 0.7 0.72 0.74
v -13.0224718 -12.1134909 8.1000000 0.7 0.72 0.74
v -12.9950585 -12.1752824 8.1000000 0.7 0.72 0.74
v -12.9652103 -12.2359352 8.1000000 0.7 0.72 0.74
v -12.9329743 -12.2953535 8.1000000 0.7 0.72 0.74
v -12.8984016 -12.3534431 8.1000000 0.7 0.72 0.74
v -12.8615467 -12.4101124 8.1000000 0.7 0.72 0.74
v -12.8224680 -12.4652716 8.1000000 0.7 0.72 0.74
v -12.7812273 -12.5188336 8.1000000 0.7 0.72 0.74
v -12.7378897 -12.5707136 8.1000000 0.7 0.72 0.74
v -12.6925238 -12.6208297 8.1000000 0.7 0.72 0.74
v -12.6452014 -12.6691026 8.1000000 0.7 0.72 0.74
v -12.5959972 -12.7154559 8.1000000 0.7 0.72 0.74
v -12.5449890 -12.7598164 8.1000000 0.7 0.72 0.74
v -12.4922576 -12.8021139 8.1000000 0.7 0.72 0.74
v -12.4378863 -12.8422816 8.1000000 0.7 0.72 0.74
v -12.3819610 -12.8802558 8.1000000 0.7 0.72 0.74
v -12.3245702 -12.9159767 8.1000000 0.7 0.72 0.74
v -12.2658046 -12.9493877 8.1000000 0.7 0.72 0.74
v -12.2057572 -12.9804359 8.1000000 0.7 0.72 0.74
v -12.1445229 -13.0090723 8.1000000 0.7 0.72 0.74
v -12.0821985 -13.0352516 8.1000000 0.7 0.72 0.74
v -12.0188826 -13.0589325 8.1000000 0.7 0.72 0.74
v -11.9546753 -13.0800773 8.1000000 0.7 0.72 0.74
v -11.8896781 -13.0986528 8.1000000 0.7 0.72 0.74
v -11.8239938 -13.1146296 8.1000000 0.7 0.72 0.74
v -11.7577263 -13.1279823 8.1000000 0.7 0.72 0.74
v -11.6909803 -13.1386899 8.1000000 0.7 0.72 0.74
v -11.6238613 -13.1467355 8.1000000 0.7 0.72 0.74
v -11.5564756 -13.1521063 8.1000000 0.7 0.72 0.74
v -11.4889296 -13.1547938 8.1000000 0.7 0.72 0.74
v -11.4213301 -13.1547938 8.1000000 0.7 0.72 0.74
v -11.3537841 -13.1521063 8.1000000 0.7 0.72 0.74
v -11.2863984 -13.1467355 8.1000000 0.7 0.72 0.74
v -11.2192795 -13.1386899 8.1000000 0.7 0.72 0.74
v -11.1525334 -13.1279823 8.1000000 0.7 0.72 0.74
v -11.0862659 -13.1146296 8.1000000 0.7 0.72 0.74
v -11.0205816 -13.0986528 8.1000000 0.7 0.72 0.74
v -10.9555844 -13.0800773 8.1000000 0.7 0.72 0.74
v -10.8913771 -13.0589325 8.1000000 0.7 0.72 0.74
v -10.8280612 -13.0352516 8.1000000 0.7 0.72 0.74
v -10.7657368 -13.0090723 8.1000000 0.7 0.72 0.74
v -10.7045025 -12.9804359 8.1000000 0.7 0.72 0.74
v -10.6444551 -12.9493877 8.1000000 0.7 0.72 0.74
v -10.5856895 -12.9159767 8.1000000 0.7 0.72 0.74
v -10.5282987 -12.8802558 8.1000000 0.7 0.72 0.74
v -10.4723735 -12.8422816 8.1000000 0.7 0.72 0.74
v -10.4180021 -12.8021139 8.1000000 0.7 0.72 0.74
v -10.3652707 -12.7598164 8.1000000 0.7 0.72 0.74
v -10.3142625 -12.7154559 8.1000000 0.7 0.72 0.74
v -10.2650583 -12.6691026 8.1000000 0.7 0.72 0.74
v -10.2177359 -12.6208297 8.1000000 0.7 0.72 0.74
v -10.1723700 -12.5707136 8.1000000 0.7 0.72 0.74
v -10.1290324 -12.5188336 8.1000000 0.7 0.72 0.74
v -10.0877917 -12.4652716 8.1000000 0.7 0.72 0.74
v -10.0487130 -12.4101124 8.1000000 0.7 0.72 0.74
v -10.0118581 -12.3534431 8.1000000 0.7 0.72 0.74
v -9.9772854 -12.2953535 8.1000000 0.7 0.72 0.74
v -9.9450494 -12.2359352 8.1000000 0.7 0.72 0.74
v -9.9152012 -12.1752824 8.1000000 0.7 0.72 0.74
v -9.8877879 -12.1134909 8.1000000 0.7 0.72 0.74
v -9.8628529 -12.0506583 8.1000000 0.7 0.72 0.74
v -9.8404356 -11.9868841 8.1000000 0.7 0.72 0.74
v -9.8205715 -11.9222691 8.1000000 0.7 0.72 0.74
v -9.8032920 -11.8569154 8.1000000 0.7 0.72 0.74
v -9.7886243 -11.7909264 8.1000000 0.7 0.72 0.74
v -9.7765918 -11.7244065 8.1000000 0.7 0.72 0.74
v -9.7672133 -11.6574608 8.1000000 0.7 0.72 0.74
v -9.7605038 -11.5901951 8.1000000 0.7 0.72 0.74
v -9.7564739 -11.5227159 8.1000000 0.7 0.72 0.74
v -9.2551299 -11.4551299 11.0000000 0.7 0.72 0.74
v -9.2568692 -11.3676655 11.0000000 0.7 0.72 0.74
v -9.2620844 -11.2803395 11.0000000 0.7 0.72 0.74
v -9.2707673 -11.1932898 11.0000000 0.7 0.72 0.74
v -9.2829041 -11.1066542 11.0000000 0.7 0.72 0.74
v -9.2984756 -11.0205696 11.0000000 0.7 0.72 0.74
v -9.3174573 -10.9351721 11.0000000 0.7 0.72 0.74
v -9.3398191 -10.8505968 11.0000000 0.7 0.72 0.74
v -9.3655256 -10.7669773 11.0000000 0.7 0.72 0.74
v -9.3945362 -10.6844460 11.0000000 0.7 0.72 0.74
v -9.4268050 -10.6031333 11.0000000 0.7 0.72 0.74
v -9.4622810 -10.5231677 11.0000000 0.7 0.72 0.74
v -9.5009081 -10.4446758 11.0000000 0.7 0.72 0.74
v -9.5426253 -10.3677816 11.0000000 0.7 0.72 0.74
v -9.5873665 -10.2926068 11.0000000 0.7 0.72 0.74
v -9.6350610 -10.2192701 11.0000000 0.7 0.72 0.74
v -9.6856334 -10.1478876 11.0000000 0.7 0.72 0.74
v -9.7390038 -10.0785721 11.0000000 0.7 0.72 0.74
v -9.7950877 -10.0114332 11.0000000 0.7 0.72 0.74
v -9.8537965 -9.9465771 11.0000000 0.7 0.72 0.74
v -9.9150373 -9.8841063 11.0000000 0.7 0.72 0.74
v -9.9787133 -9.8241197 11.0000000 0.7 0.72 0.74
v -10.0447239 -9.7667120 11.0000000 0.7 0.72 0.74
v -10.1129645 -9.7119740 11.0000000 0.7 0.72 0.74
v -10.1833275 -9.6599924 11.0000000 0.7 0.72 0.74
v -10.2557014 -9.6108492 11.0000000 0.7 0.72 0.74
v -10.3299718 -9.5646222 11.0000000 0.7 0.72 0.74
v -10.4060214 -9.5213844 11.0000000 0.7 0.72 0.74
v -10.4837298 -9.4812044 11.0000000 0.7 0.72 0.74
v -10.5629741 -9.4441455 11.0000000 0.7 0.72 0.74
v -10.6436292 -9.4102664 11.0000000 0.7 0.72 0.74
v -10.7255674 -9.3796206 11.0000000 0.7 0.72 0.74
v -10.8086593 -9.3522566 11.0000000 0.7 0.72 0.74
v -10.8927733 -9.3282178 11.0000000 0.7 0.72 0.74
v -10.9777765 -9.3075420 11.0000000 0.7 0.72 0.74
v -11.0635345 -9.2902619 11.0000000 0.7 0.72 0.74
v -11.1499117 -9.2764050 11.0000000 0.7 0.72 0.74
v -11.2367715 -9.2659931 11.0000000 0.7 0.72 0.74
v -11.3239766 -9.2590427 11.0000000 0.7 0.72 0.74
v -11.4113890 -9.2555647 11.0000000 0.7 0.72 0.74
v -11.4988707 -9.2555647 11.0000000 0.7 0.72 0.74
v -11.5862831 -9.2590427 11.0000000 0.7 0.72 0.74
v -11.6734882 -9.2659931 11.0000000 0.7 0.72 0.74
v -11.7603480 -9.2764050 11.0000000 0.7 0.72 0.74
v -11.8467252 -9.2902619 11.0000000 0.7 0.72 0.74
v -11.9324832 -9.3075420 11.0000000 0.7 0.72 0.74
v -12.0174864 -9.3282178 11.0000000 0.7 0.72 0.74
v -12.1016005 -9.3522566 11.0000000 0.7 0.72 0.74
v -12.1846923 -9.3796206 11.0000000 0.7 0.72 0.74
v -12.2666305 -9.4102664 11.0000000 0.7 0.72 0.74
v -12.3472856 -9.4441455 11.0000000 0.7 0.72 0.74
v -12.4265300 -9.4812044 11.0000000 0.7 0.72 0.74
v -12.5042384 -9.5213844 11.0000000 0.7 0.72 0.74
v -12.5802879 -9.5646222 11.0000000 0.7 0.72 0.74
v -12.6545584 -9.6108492 11.0000000 0.7 0.72 0.74
v -12.7269323 -9.6599924 11.0000000 0.7 0.72 0.74
v -12.7972952 -9.7119740 11.0000000 0.7 0.72 0.74
v -12.8655359 -9.7667120 11.0000000 0.7 0.72 0.74
v -12.9315464 -9.8241197 11.0000000 0.7 0.72 0.74
v -12.9952224 -9.8841063 11.0000000 0.7 0.72 0.74
v -13.0564632 -9.9465771 11.0000000 0.7 0.72 0.74
v -13.1151720 -10.0114332 11.0000000 0.7 0.72 0.74
v -13.1712559 -10.0785721 11.0000000 0.7 0.72 0.74
v -13.2246263 -10.1478876 11.0000000 0.7 0.72 0.74
v -13.2751987 -10.2192701 11.0000000 0.7 0.72 0.74
v -13.3228933 -10.2926068 11.0000000 0.7 0.72 0.74
v -13.3676345 -10.3677816 11.0000000 0.7 0.72 0.74
v -13.4093516 -10.4446758 11.0000000 0.7 0.72 0.74
v -13.4479787 -10.5231677 11.0000000 0.7 0.72 0.74
v -13.4834547 -10.6031333 11.0000000 0.7 0.72 0.74
v -13.5157236 -10.6844460 11.0000000 0.7 0.72 0.74
v -13.5447341 -10.7669773 11.0000000 0.7 0.72 0.74
v -13.5704406 -10.8505968 11.0000000 0.7 0.72 0.74
v -13.5928024 -10.9351721 11.0000000 0.7 0.72 0.74
v -13.6117841 -11.0205696 11.0000000 0.7 0.72 0.74
v -13.6273556 -11.1066542 11.0000000 0.7 0.72 0.74
v -13.6394924 -11.1932898 11.0000000 0.7 0.72 0.74
v -13.6481753 -11.2803395 11.0000000 0.7 0.72 0.74
v -13.6533905 -11.3676655 11.0000000 0.7 0.72 0.74
v -13.6551299 -11.4551299 11.0000000 0.7 0.72 0.74
v -13.6533905 -11.5425942 11.0000000 0.7 0.72 0.74
v -13.6481753 -11.6299202 11.0000000 0.7 0.72 0.74
v -13.6394924 -11.7169699 11.0000000 0.7 0.72 0.74
v -13.6273556 -11.8036055 11.0000000 0.7 0.72 0.74
v -13.6117841 -11.8896901 11.0000000 0.7 0.72 0.74
v -13.5928024 -11.9750876 11.0000000 0.7 0.72 0.74
v -13.5704406 -12.0596630 11.0000000 0.7 0.72 0.74
v -13.5447341 -12.1432824 11.0000000 0.7 0.72 0.74
v -13.5157236 -12.2258137 11.0000000 0.7 0.72 0.74
v -13.4834547 -12.3071264 11.0000000 0.7 0.72 0.74
v -13.4479787 -12.3870920 11.0000000 0.7 0.72 0.74
v -13.4093516 -12.4655839 11.0000000 0.7 0.72 0.74
v -13.3676345 -12.5424781 11.0000000 0.7 0.72 0.74
v -13.3228933 -12.6176529 11.0000000 0.7 0.72 0.74
v -13.2751987 -12.6909896 11.0000000 0.7 0.72 0.74
v -13.2246263 -12.7623721 11.0000000 0.7 0.72 0.74
v -13.1712559 -12.8316876 11.0000000 0.7 0.72 0.74
v -13.1151720 -12.8988265 11.0000000 0.7 0.72 0.74
v -13.0564632 -12.9636826 11.0000000 0.7 0.72 0.74
v -12.9952224 -13.0261534 11.0000000 0.7 0.72 0.74
v -12.9315464 -13.0861400 11.0000000 0.7 0.72 0.74
v -12.8655359 -13.1435477 11.0000000 0.7 0.72 0.74
v -12.7972952 -13.1982857 11.0000000 0.7 0.72 0.74
v -12.7269323 -13.2502674 11.0000000 0.7 0.72 0.74
v -12.6545584 -13.2994105 11.0000000 0.7 0.72 0.74
v -12.5802879 -13.3456376 11.0000000 0.7 0.72 0.74
v -12.5042384 -13.3888753 11.0000000 0.7 0.72 0.74
v -12.4265300 -13.4290553 11.0000000 0.7 0.72 0.74
v -12.3472856 -13.4661142 11.0000000 0.7 0.72 0.74
v -12.2666305 -13.4999934 11.0000000 0.7 0.72 0.74
v -12.1846923 -13.5306391 11.0000000 0.7 0.72 0.74
v -12.1016005 -13.5580031 11.0000000 0.7 0.72 0.74
v -12.0174864 -13.5820420 11.0000000 0.7 0.72 0.74
v -11.9324832 -13.6027177 11.0000000 0.7 0.72 0.74
v -11.8467252 -13.6199978 11.0000000 0.7 0.72 0.74
v -11.7603480 -13.6338547 11.0000000 0.7 0.72 0.74
v -11.6734882 -13.6442666 11.0000000 0.7 0.72 0.74
v -11.5862831 -13.6512170 11.0000000 0.7 0.72 0.74
v -11.4988707 -13.6546950 11.0000000 0.7 0.72 0.74
v -11.4113890 -13.6546950 11.0000000 0.7 0.72 0.74
v -11.3239766 -13.6512170 11.0000000 0.7 0.72 0.74
v -11.2367715 -13.6442666 11.0000000 0.7 0.72 0.74
v -11.1499117 -13.6338547 11.0000000 0.7 0.72 0.74
v -11.0635345 -13.6199978 11.0000000 0.7 0.72 0.74
v -10.9777765 -13.6027177 11.0000000 0.7 0.72 0.74
v -10.8927733 -13.5820420 11.0000000 0.7 0.72 0.74
v -10.8086593 -13.5580031 11.0000000 0.7 0.72 0.74
v -10.7255674 -13.5306391 11.0000000 0.7 0.72 0.74
v -10.6436292 -13.4999934 11.0000000 0.7 0.72 0.74
v -10.5629741 -13.4661142 11.0000000 0.7 0.72 0.74
v -10.4837298 -13.4290553 11.0000000 0.7 0.72 0.74
v -10.4060214 -13.3888753 11.0000000 0.7 0.72 0.74
v -10.3299718 -13.3456376 11.0000000 0.7 0.72 0.74
v -10.2557014 -13.2994105 11.0000000 0.7 0.72 0.74
v -10.1833275 -13.2502674 11.0000000 0.7 0.72 0.74
v -10.1129645 -13.1982857 11.0000000 0.7 0.72 0.74
v -10.0447239 -13.1435477 11.0000000 0.7 0.72 0.74
v -9.9787133 -13.0861400 11.0000000 0.7 0.72 0.74
v -9.9150373 -13.0261534 11.0000000 0.7 0.72 0.74
v -9.8537965 -12.9636826 11.0000000 0.7 0.72 0.74
v -9.7950877 -12.8988265 11.0000000 0.7 0.72 0.74
v -9.7390038 -12.8316876 11.0000000 0.7 0.72 0.74
v -9.6856334 -12.7623721 11.0000000 0.7 0.72 0.74
v -9.6350610 -12.6909896 11.0000000 0.7 0.72 0.74
v -9.5873665 -12.6176529 11.0000000 0.7 0.72 0.74
v -9.5426253 -12.5424781 11.0000000 0.7 0.72 0.74
v -9.5009081 -12.4655839 11.0000000 0.7 0.72 0.74
v -9.4622810 -12.3870920 11.0000000 0.7 0.72 0.74
v -9.4268050 -12.3071264 11.0000000 0.7 0.72 0.74
v -9.3945362 -12.2258137 11.0000000 0.7 0.72 0.74
v -9.3655256 -12.1432824 11.0000000 0.7 0.72 0.74
v -9.3398191 -12.0596630 11.0000000 0.7 0.72 0.74
v -9.3174573 -11.9750876 11.0000000 0.7 0.72 0.74
v -9.2984756 -11.8896901 11.0000000 0.7 0.72 0.74
v -9.2829041 -11.8036055 11.0000000 0.7 0.72 0.74
v -9.2707673 -11.7169699 11.0000000 0.7 0.72 0.74
v -9.2620844 -11.6299202 11.0000000 0.7 0.72 0.74
v -9.2568692 -11.5425942 11.0000000 0.7 0.72 0.74
v -9.7551299 -11.4551299 11.0000000 0.7 0.72 0.74
v -9.7564739 -11.3875438 11.0000000 0.7 0.72 0.74
v -9.7605038 -11.3200646 11.0000000 0.7 0.72 0.74
v -9.7672133 -11.2527989 11.0000000 0.7 0.72 0.74
v -9.7765918 -11.1858532 11.0000000 0.7 0.72 0.74
v -9.7886243 -11.1193333 11.0000000 0.7 0.72 0.74
v -9.8032920 -11.0533443 11.0000000 0.7 0.72 0.74
v -9.8205715 -10.9879906 11.0000000 0.7 0.72 0.74
v -9.8404356 -10.9233756 11.0000000 0.7 0.72 0.74
v -9.8628529 -10.8596014 11.0000000 0.7 0.72 0.74
v -9.8877879 -10.7967689 11.0000000 0.7 0.72 0.74
v -9.9152012 -10.7349773 11.0000000 0.7 0.72 0.74
v -9.9450494 -10.6743245 11.0000000 0.7 0.72 0.74
v -9.9772854 -10.6149062 11.0000000 0.7 0.72 0.74
v -10.0118581 -10.5568166 11.0000000 0.7 0.72 0.74
v -10.0487130 -10.5001473 11.0000000 0.7 0.72 0.74
v -10.0877917 -10.4449881 11.0000000 0.7 0.72 0.74
v -10.1290324 -10.3914261 11.0000000 0.7 0.72 0.74
v -10.1723700 -10.3395461 11.0000000 0.7 0.72 0.74
v -10.2177359 -10.2894300 11.0000000 0.7 0.72 0.74
v -10.2650583 -10.2411571 11.0000000 0.7 0.72 0.74
v -10.3142625 -10.1948038 11.0000000 0.7 0.72 0.74
v -10.3652707 -10.1504433 11.0000000 0.7 0.72 0.74
v -10.4180021 -10.1081458 11.0000000 0.7 0.72 0.74
v -10.4723735 -10.0679781 11.0000000 0.7 0.72 0.74
v -10.5282987 -10.0300039 11.0000000 0.7 0.72 0.74
v -10.5856895 -9.9942830 11.0000000 0.7 0.72 0.74
v -10.6444551 -9.9608720 11.0000000 0.7 0.72 0.74
v -10.7045025 -9.9298238 11.0000000 0.7 0.72 0.74
v -10.7657368 -9.9011874 11.0000000 0.7 0.72 0.74
v -10.8280612 -9.8750081 11.0000000 0.7 0.72 0.74
v -10.8913771 -9.8513272 11.0000000 0.7 0.72 0.74
v -10.9555844 -9.8301824 11.0000000 0.7 0.72 0.74
v -11.0205816 -9.8116069 11.0000000 0.7 0.72 0.74
v -11.0862659 -9.7956301 11.0000000 0.7 0.72 0.74
v -11.1525334 -9.7822774 11.0000000 0.7 0.72 0.74
v -11.2192795 -9.7715698 11.0000000 0.7 0.72 0.74
v -11.2863984 -9.7635242 11.0000000 0.7 0.72 0.74
v -11.3537841 -9.7581534 11.0000000 0.7 0.72 0.74
v -11.4213301 -9.7554659 11.0000000 0.7 0.72 0.74
v -11.4889296 -9.7554659 11.0000000 0.7 0.72 0.74
v -11.5564756 -9.7581534 11.0000000 0.7 0.72 0.74
v -11.6238613 -9.7635242 11.0000000 0.7 0.72 0.74
v -11.6909803 -9.7715698 11.0000000 0.7 0.72 0.74
v -11.7577263 -9.7822774 11.0000000 0.7 0.72 0.74
v -11.8239938 -9.7956301 11.0000000 0.7 0.72 0.74
v -11.8896781 -9.8116069 11.0000000 0.7 0.72 0.74
v -11.9546753 -9.8301824 11.0000000 0.7 0.72 0.74
v -12.0188826 -9.8513272 11.0000000 0.7 0.72 0.74
v -12.0821985 -9.8750081 11.0000000 0.7 0.72 0.74
v -12.1445229 -9.9011874 11.0000000 0.7 0.72 0.74
v -12.2057572 -9.9298238 11.0000000 0.7 0.72 0.74
v -12.2658046 -9.9608720 11.0000000 0.7 0.72 0.74
v -12.3245702 -9.9942830 11.0000000 0.7 0.72 0.74
v -12.3819610 -10.0300039 11.0000000 0.7 0.72 0.74
v -12.4378863 -10.0679781 11.0000000 0.7 0.72 0.74
v -12.4922576 -10.1081458 11.0000000 0.7 0.72 0.74
v -12.5449890 -10.1504433 11.0000000 0.7 0.72 0.74
v -12.5959972 -10.1948038 11.0000000 0.7 0.72 0.74
v -12.6452014 -10.2411571 11.0000000 0.7 0.72 0.74
v -12.6925238 -10.2894300 11.0000000 0.7 0.72 0.74
v -12.7378897 -10.3395461 11.0000000 0.7 0.72 0.74
v -12.7812273 -10.3914261 11.0000000 0.7 0.72 0.74
v -12.8224680 -10.4449881 11.0000000 0.7 0.72 0.74
v -12.8615467 -10.5001473 11.0000000 0.7 0.72 0.74
v -12.8984016 -10.5568166 11.0000000 0.7 0.72 0.74
v -12.9329743 -10.6149062 11.0000000 0.7 0.72 0.74
v -12.9652103 -10.6743245 11.0000000 0.7 0.72 0.74
v -12.9950585 -10.7349773 11.0000000 0.7 0.72 0.74
v -13.0224718 -10.7967689 11.0000000 0.7 0.72 0.74
v -13.0474068 -10.8596014 11.0000000 0.7 0.72 0.74
v -13.0698241 -10.9233756 11.0000000 0.7 0.72 0.74
v -13.0896882 -10.9879906 11.0000000 0.7 0.72 0.74
v -13.1069677 -11.0533443 11.0000000 0.7 0.72 0.74
v -13.1216354 -11.1193333 11.0000000 0.7 0.72 0.74
v -13.1336679 -11.1858532 11.0000000 0.7 0.72 0.74
v -13.1430464 -11.2527989 11.0000000 0.7 0.72 0.74
v -13.1497559 -11.3200646 11.0000000 0.7 0.72 0.74
v -13.1537858 -11.3875438 11.0000000 0.7 0.72 0.74
v -13.1551299 -11.4551299 11.0000000 0.7 0.72 0.74
v -13.1537858 -11.5227159 11.0000000 0.7 0.72 0.74
v -13.1497559 -11.5901951 11.0000000 0.7 0.72 0.74
v -13.1430464 -11.6574608 11.0000000 0.7 0.72 0.74
v -13.1336679 -11.7244065 11.0000000 0.7 0.72 0.74
v -13.1216354 -11.7909264 11.0000000 0.7 0.72 0.74
v -13.1069677 -11.8569154 11.0000000 0.7 0.72 0.74
v -13.0896882 -11.9222691 11.0000000 0.7 0.72 0.74
v -13.0698241 -11.9868841 11.0000000 0.7 0.72 0.74
v -13.0474068 -12.0506583 11.0000000 0.7 0.72 0.74
v -13.0224718 -12.1134909 11.0000000 0.7 0.72 0.74
v -12.9950585 -12.1752824 11.0000000 0.7 0.72 0.74
v -12.9652103 -12.2359352 11.0000000 0.7 0.72 0.74
v -12.9329743 -12.2953535 11.0000000 0.7 0.72 0.74
v -12.8984016 -12.3534431 11.0000000 0.7 0.72 0.74
v -12.8615467 -12.4101124 11.0000000 0.7 0.72 0.74
v -12.8224680 -12.4652716 11.0000000 0.7 0.72 0.74
v -12.7812273 -12.5188336 11.0000000 0.7 0.72 0.74
v -12.7378897 -12.5707136 11.0000000 0.7 0.72 0.74
v -12.6925238 -12.6208297 11.0000000 0.7 0.72 0.74
v -12.6452014 -12.6691026 11.0000000 0.7 0.72 0.74
v -12.5959972 -12.7154559 11.0000000 0.7 0.72 0.74
v -12.5449890 -12.7598164 11.0000000 0.7 0.72 0.74
v -12.4922576 -12.8021139 11.0000000 0.7 0.72 0.74
v -12.4378863 -12.8422816 11.0000000 0.7 0.72 0.74
v -12.3819610 -12.8802558 11.0000000 0.7 0.72 0.74
v -12.3245702 -12.9159767 11.0000000 0.7 0.72 0.74
v -12.2658046 -12.9493877 11.0000000 0.7 0.72 0.74
v -12.2057572 -12.9804359 11.0000000 0.7 0.72 0.74
v -12.1445229 -13.0090723 11.0000000 0.7 0.72 0.74
v -12.0821985 -13.0352516 11.0000000 0.7 0.72 0.74
v -12.0188826 -13.0589325 11.0000000 0.7 0.72 0.74
v -11.9546753 -13.0800773 11.0000000 0.7 0.72 0.74
v -11.8896781 -13.0986528 11.0000000 0.7 0.72 0.74
v -11.8239938 -13.1146296 11.0000000 0.7 0.72 0.74
v -11.7577263 -13.1279823 11.0000000 0.7 0.72 0.74
v -11.6909803 -13.1386899 11.0000000 0.7 0.72 0.74
v -11.6238613 -13.1467355 11.0000000 0.7 0.72 0.74
v -11.5564756 -13.1521063 11.0000000 0.7 0.72 0.74
v -11.4889296 -13.1547938 11.0000000 0.7 0.72 0.74
v -11.4213301 -13.1547938 11.0000000 0.7 0.72 0.74
v -11.3537841 -13.1521063 11.0000000 0.7 0.72 0.74
v -11.2863984 -13.1467355 11.0000000 0.7 0.72 0.74
v -11.2192795 -13.1386899 11.0000000 0.7 0.72 0.74
v -11.1525334 -13.1279823 11.0000000 0.7 0.72 0.74
v -11.0862659 -13.1146296 11.0000000 0.7 0.72 0.74
v -11.0205816 -13.0986528 11.0000000 0.7 0.72 0.74
v -10.9555844 -13.0800773 11.0000000 0.7 0.72 0.74
v -10.8913771 -13.0589325 11.0000000 0.7 0.72 0.74
v -10.8280612 -13.0352516 11.0000000 0.7 0.72 0.74
v -10.7657368 -13.0090723 11.0000000 0.7 0.72 0.74
v -10.7045025 -12.9804359 11.0000000 0.7 0.72 0.74
v -10.6444551 -12.9493877 11.0000000 0.7 0.72 0.74
v -10.5856895 -12.9159767 11.0000000 0.7 0.72 0.74
v -10.5282987 -12.8802558 11.0000000 0.7 0.72 0.74
v -10.4723735 -12.8422816 11.0000000 0.7 0.72 0.74
v -10.4180021 -12.8021139 11.0000000 0.7 0.72 0.74
v -10.3652707 -12.7598164 11.0000000 0.7 0.72 0.74
v -10.3142625 -12.7154559 11.0000000 0.7 0.72 0.74
v -10.2650583 -12.6691026 11.0000000 0.7 0.72 0.74
v -10.2177359 -12.6208297 11.0000000 0.7 0.72 0.74
v -10.1723700 -12.5707136 11.0000000 0.7 0.72 0.74
v -10.1290324 -12.5188336 11.0000000 0.7 0.72 0.74
v -10.0877917 -12.4652716 11.0000000 0.7 0.72 0.74
v -10.0487130 -12.4101124 11.0000000 0.7 0.72 0.74
v -10.0118581 -12.3534431 11.0000000 0.7 0.72 0.74
v -9.9772854 -12.2953535 11.0000000 0.7 0.72 0.74
v -9.9450494 -12.2359352 11.0000000 0.7 0.72 0.74
v -9.9152012 -12.1752824 11.0000000 0.7 0.72 0.74
v -9.8877879 -12.1134909 11.0000000 0.7 0.72 0.74
v -9.8628529 -12.0506583 11.0000000 0.7 0.72 0.74
v -9.8404356 -11.9868841 11.0000000 0.7 0.72 0.74
v -9.8205715 -11.9222691 11.0000000 0.7 0.72 0.74
v -9.8032920 -11.8569154 11.0000000 0.7 0.72 0.74
v -9.7886243 -11.7909264 11.0000000 0.7 0.72 0.74
v -9.7765918 -11.7244065 11.0000000 0.7 0.72 0.74
v -9.7672133 -11.6574608 11.0000000 0.7 0.72 0.74
v -9.7605038 -11.5901951 11.0000000 0.7 0.72 0.74
v -9.7564739 -11.5227159 11.0000000 0.7 0.72 0.74
v 13.6551299 -11.4551299 8.1000000 0.7 0.72 0.74
v 13.6551299 -11.4551299 11.0000000 0.7 0.72 0.74
v 13.6533905 -11.3676655 11.0000000 0.7 0.72 0.74
v 13.6481753 -11.2803395 11.0000000 0.7 0.72 0.74
v 13.6394924 -11.1932898 11.0000000 0.7 0.72 0.74
v 13.6273556 -11.1066542 11.0000000 0.7 0.72 0.74
v 13.6117841 -11.0205696 11.0000000 0.7 0.72 0.74
v 13.5928024 -10.9351721 11.0000000 0.7 0.72 0.74
v 13.5704406 -10.8505968 11.0000000 0.7 0.72 0.74
v 13.5447341 -10.7669773 11.0000000 0.7 0.72 0.74
v 13.5157236 -10.6844460 11.0000000 0.7 0.72 0.74
v 13.4834547 -10.6031333 11.0000000 0.7 0.72 0.74
v 13.4479787 -10.5231677 11.0000000 0.7 0.72 0.74
v 13.4093516 -10.4446758 11.0000000 0.7 0.72 0.74
v 13.3676345 -10.3677816 11.0000000 0.7 0.72 0.74
v 13.3228933 -10.2926068 11.0000000 0.7 0.72 0.74
v 13.2751987 -10.2192701 11.0000000 0.7 0.72 0.74
v 13.2246263 -10.1478876 11.0000000 0.7 0.72 0.74
v 13.1712559 -10.0785721 11.0000000 0.7 0.72 0.74
v 13.1151720 -10.0114332 11.0000000 0.7 0.72 0.74
v 13.0564632 -9.9465771 11.0000000 0.7 0.72 0.74
v 12.9952224 -9.8841063 11.0000000 0.7 0.72 0.74
v 12.9315464 -9.8241197 11.0000000 0.7 0.72 0.74
v 12.8655359 -9.7667120 11.0000000 0.7 0.72 0.74
v 12.7972952 -9.7119740 11.0000000 0.7 0.72 0.74
v 12.7269323 -9.6599924 11.0000000 0.7 0.72 0.74
v 12.6545584 -9.6108492 11.0000000 0.7 0.72 0.74
v 12.5802879 -9.5646222 11.0000000 0.7 0.72 0.74
v 12.5042384 -9.5213844 11.0000000 0.7 0.72 0.74
v 12.4265300 -9.4812044 11.0000000 0.7 0.72 0.74
v 12.3472856 -9.4441455 11.0000000 0.7 0.72 0.74
v 12.2666305 -9.4102664 11.0000000 0.7 0.72 0.74
v 12.1846923 -9.3796206 11.0000000 0.7 0.72 0.74
v 12.1016005 -9.3522566 11.0000000 0.7 0.72 0.74
v 12.0174864 -9.3282178 11.0000000 0.7 0.72 0.74
v 11.9324832 -9.3075420 11.0000000 0.7 0.72 0.74
v 11.8467252 -9.2902619 11.0000000 0.7 0.72 0.74
v 11.7603480 -9.2764050 11.0000000 0.7 0.72 0.74
v 11.6734882 -9.2659931 11.0000000 0.7 0.72 0.74
v 11.5862831 -9.2590427 11.0000000 0.7 0.72 0.74
v 11.4988707 -9.2555647 11.0000000 0.7 0.72 0.74
v 11.4113890 -9.2555647 11.0000000 0.7 0.72 0.74
v 11.3239766 -9.2590427 11.0000000 0.7 0.72 0.74
v 11.2367715 -9.2659931 11.0000000 0.7 0.72 0.74
v 11.1499117 -9.2764050 11.0000000 0.7 0.72 0.74
v 11.0635345 -9.2902619 11.0000000 0.7 0.72 0.74
v 10.9777765 -9.3075420 11.0000000 0.7 0.72 0.74
v 10.8927733 -9.3282178 11.0000000 0.7 0.72 0.74
v 10.8086593 -9.3522566 11.0000000 0.7 0.72 0.74
v 10.7255674 -9.3796206 11.0000000 0.7 0.72 0.74
v 10.6436292 -9.4102664 11.0000000 0.7 0.72 0.74
v 10.5629741 -9.4441455 11.0000000 0.7 0.72 0.74
v 10.4837298 -9.4812044 11.0000000 0.7 0.72 0.74
v 10.4060214 -9.5213844 11.0000000 0.7 0.72 0.74
v 10.3299718 -9.5646222 11.0000000 0.7 0.72 0.74
v 10.2557014 -9.6108492 11.0000000 0.7 0.72 0.74
v 10.1833275 -9.6599924 11.0000000 0.7 0.72 0.74
v 10.1129645 -9.7119740 11.0000000 0.7 0.72 0.74
v 10.0447239 -9.7667120 11.0000000 0.7 0.72 0.74
v 9.9787133 -9.8241197 11.0000000 0.7 0.72 0.74
v 9.9150373 -9.8841063 11.0000000 0.7 0.72 0.74
v 9.8537965 -9.9465771 11.0000000 0.7 0.72 0.74
v 9.7950877 -10.0114332 11.0000000 0.7 0.72 0.74
v 9.7390038 -10.0785721 11.0000000 0.7 0.72 0.74
v 9.6856334 -10.1478876 11.0000000 0.7 0.72 0.74
v 9.6350610 -10.2192701 11.0000000 0.7 0.72 0.74
v 9.5873665 -10.2926068 11.0000000 0.7 0.72 0.74
v 9.5426253 -10.3677816 11.0000000 0.7 0.72 0.74
v 9.5009081 -10.4446758 11.0000000 0.7 0.72 0.74
v 9.4622810 -10.5231677 11.0000000 0.7 0.72 0.74
v 9.4268050 -10.6031333 11.0000000 0.7 0.72 0.74
v 9.3945362 -10.6844460 11.0000000 0.7 0.72 0.74
v 9.3655256 -10.7669773 11.0000000 0.7 0.72 0.74
v 9.3398191 -10.8505968 11.0000000 0.7 0.72 0.74
v 9.3174573 -10.9351721 11.0000000 0.7 0.72 0.74
v 9.2984756 -11.0205696 11.0000000 0.7 0.72 0.74
v 9.2829041 -11.1066542 11.0000000 0.7 0.72 0.74
v 9.2707673 -11.1932898 11.0000000 0.7 0.72 0.74
v 9.2620844 -11.2803395 11.0000000 0.7 0.72 0.74
v 9.2568692 -11.3676655 11.0000000 0.7 0.72 0.74
v 9.2551299 -11.4551299 11.0000000 0.7 0.72 0.74
v 9.2568692 -11.5425942 11.0000000 0.7 0.72 0.74
v 9.2620844 -11.6299202 11.0000000 0.7 0.72 0.74
v 9.2707673 -11.7169699 11.0000000 0.7 0.72 0.74
v 9.2829041 -11.8036055 11.0000000 0.7 0.72 0.74
v 9.2984756 -11.8896901 11.0000000 0.7 0.72 0.74
v 9.3174573 -11.9750876 11.0000000 0.7 0.72 0.74
v 9.3398191 -12.0596630 11.0000000 0.7 0.72 0.74
v 9.3655256 -12.1432824 11.0000000 0.7 0.72 0.74
v 9.3945362 -12.2258137 11.0000000 0.7 0.72 0.74
v 9.4268050 -12.3071264 11.0000000 0.7 0.72 0.74
v 9.4622810 -12.3870920 11.0000000 0.7 0.72 0.74
v 9.5009081 -12.4655839 11.0000000 0.7 0.72 0.74
v 9.5426253 -12.5424781 11.0000000 0.7 0.72 0.74
v 9.5873665 -12.6176529 11.0000000 0.7 0.72 0.74
v 9.6350610 -12.6909896 11.0000000 0.7 0.72 0.74
v 9.6856334 -12.7623721 11.0000000 0.7 0.72 0.74
v 9.7390038 -12.8316876 11.0000000 0.7 0.72 0.74
v 9.7950877 -12.8988265 11.0000000 0.7 0.72 0.74
v 9.8537965 -12.9636826 11.0000000 0.7 0.72 0.74
v 9.9150373 -13.0261534 11.0000000 0.7 0.72 0.74
v 9.9787133 -13.0861400 11.0000000 0.7 0.72 0.74
v 10.0447239 -13.1435477 11.0000000 0.7 0.72 0.74
v 10.1129645 -13.1982857 11.0000000 0.7 0.72 0.74
v 10.1833275 -13.2502674 11.0000000 0.7 0.72 0.74
v 10.2557014 -13.2994105 11.0000000 0.7 0.72 0.74
v 10.3299718 -13.3456376 11.0000000 0.7 0.72 0.74
v 10.4060214 -13.3888753 11.0000000 0.7 0.72 0.74
v 10.4837298 -13.4290553 11.0000000 0.7 0.72 0.74
v 10.5629741 -13.4661142 11.0000000 0.7 0.72 0.74
v 10.6436292 -13.4999934 11.0000000 0.7 0.72 0.74
v 10.7255674 -13.5306391 11.0000000 0.7 0.72 0.74
v 10.8086593 -13.5580031 11.0000000 0.7 0.72 0.74
v 10.8927733 -13.5820420 11.0000000 0.7 0.72 0.74
v 10.9777765 -13.6027177 11.0000000 0.7 0.72 0.74
v 11.0635345 -13.6199978 11.0000000 0.7 0.72 0.74
v 11.1499117 -13.6338547 11.0000000 0.7 0.72 0.74
v 11.2367715 -13.6442666 11.0000000 0.7 0.72 0.74
v 11.3239766 -13.6512170 11.0000000 0.7 0.72 0.74
v 11.4113890 -13.6546950 11.0000000 0.7 0.72 0.74
v 11.4988707 -13.6546950 11.0000000 0.7 0.72 0.74
v 11.5862831 -13.6512170 11.0000000 0.7 0.72 0.74
v 11.6734882 -13.6442666 11.0000000 0.7 0.72 0.74
v 11.7603480 -13.6338547 11.0000000 0.7 0.72 0.74
v 11.8467252 -13.6199978 11.0000000 0.7 0.72 0.74
v 11.9324832 -13.6027177 11.0000000 0.7 0.72 0.74
v 12.0174864 -13.5820420 11.0000000 0.7 0.72 0.74
v 12.1016005 -13.5580031 11.0000000 0.7 0.72 0.74
v 12.1846923 -13.5306391 11.0000000 0.7 0.72 0.74
v 12.2666305 -13.4999934 11.0000000 0.7 0.72 0.74
v 12.3472856 -13.4661142 11.0000000 0.7 0.72 0.74
v 12.4265300 -13.4290553 11.0000000 0.7 0.72 0.74
v 12.5042384 -13.3888753 11.0000000 0.7 0.72 0.74
v 12.5802879 -13.3456376 11.0000000 0.7 0.72 0.74
v 12.6545584 -13.2994105 11.0000000 0.7 0.72 0.74
v 12.7269323 -13.2502674 11.0000000 0.7 0.72 0.74
v 12.7972952 -13.1982857 11.0000000 0.7 0.72 0.74
v 12.8655359 -13.1435477 11.0000000 0.7 0.72 0.74
v 12.9315464 -13.0861400 11.0000000 0.7 0.72 0.74
v 12.9952224 -13.0261534 11.0000000 0.7 0.72 0.74
v 13.0564632 -12.9636826 11.0000000 0.7 0.72 0.74
v 13.1151720 -12.8988265 11.0000000 0.7 0.72 0.74
v 13.1712559 -12.8316876 11.0000000 0.7 0.72 0.74
v 13.2246263 -12.7623721 11.0000000 0.7 0.72 0.74
v 13.2751987 -12.6909896 11.0000000 0.7 0.72 0.74
v 13.3228933 -12.6176529 11.0000000 0.7 0.72 0.74
v 13.3676345 -12.5424781 11.0000000 0.7 0.72 0.74
v 13.4093516 -12.4655839 11.0000000 0.7 0.72 0.74
v 13.4479787 -12.3870920 11.0000000 0.7 0.72 0.74
v 13.4834547 -12.3071264 11.0000000 0.7 0.72 0.74
v 13.5157236 -12.2258137 11.0000000 0.7 0.72 0.74
v 13.5447341 -12.1432824 11.0000000 0.7 0.72 0.74
v 13.5704406 -12.0596630 11.0000000 0.7 0.72 0.74
v 13.5928024 -11.9750876 11.0000000 0.7 0.72 0.74
v 13.6117841 -11.8896901 11.0000000 0.7 0.72 0.74
v 13.6273556 -11.8036055 11.0000000 0.7 0.72 0.74
v 13.6394924 -11.7169699 11.0000000 0.7 0.72 0.74
v 13.6481753 -11.6299202 11.0000000 0.7 0.72 0.74
v 13.6533905 -11.5425942 11.0000000 0.7 0.72 0.74
v 13.6551299 -11.4551299 11.0000000 0.7 0.72 0.74
v 13.6551299 -11.4551299 8.1000000 0.7 0.72 0.74
v 13.6533905 -11.3676655 8.1000000 0.7 0.72 0.74
v 13.6481753 -11.2803395 8.1000000 0.7 0.72 0.74
v 13.6394924 -11.1932898 8.1000000 0.7 0.72 0.74
v 13.6273556 -11.1066542 8.1000000 0.7 0.72 0.74
v 13.6117841 -11.0205696 8.1000000 0.7 0.72 0.74
v 13.5928024 -10.9351721 8.1000000 0.7 0.72 0.74
v 13.5704406 -10.8505968 8.1000000 0.7 0.72 0.74
v 13.5447341 -10.7669773 8.1000000 0.7 0.72 0.74
v 13.5157236 -10.6844460 8.1000000 0.7 0.72 0.74
v 13.4834547 -10.6031333 8.1000000 0.7 0.72 0.74
v 13.4479787 -10.5231677 8.1000000 0.7 0.72 0.74
v 13.4093516 -10.4446758 8.1000000 0.7 0.72 0.74
v 13.3676345 -10.3677816 8.1000000 0.7 0.72 0.74
v 13.3228933 -10.2926068 8.1000000 0.7 0.72 0.74
v 13.2751987 -10.2192701 8.1000000 0.7 0.72 0.74
v 13.2246263 -10.1478876 8.1000000 0.7 0.72 0.74
v 13.1712559 -10.0785721 8.1000000 0.7 0.72 0.74
v 13.1151720 -10.0114332 8.1000000 0.7 0.72 0.74
v 13.0564632 -9.9465771 8.1000000 0.7 0.72 0.74
v 12.9952224 -9.8841063 8.1000000 0.7 0.72 0.74
v 12.9315464 -9.8241197 8.1000000 0.7 0.72 0.74
v 12.8655359 -9.7667120 8.1000000 0.7 0.72 0.74
v 12.7972952 -9.7119740 8.1000000 0.7 0.72 0.74
v 12.7269323 -9.6599924 8.1000000 0.7 0.72 0.74
v 12.6545584 -9.6108492 8.1000000 0.7 0.72 0.74
v 12.5802879 -9.5646222 8.1000000 0.7 0.72 0.74
v 12.5042384 -9.5213844 8.1000000 0.7 0.72 0.74
v 12.4265300 -9.4812044 8.1000000 0.7 0.72 0.74
v 12.3472856 -9.4441455 8.1000000 0.7 0.72 0.74
v 12.2666305 -9.4102664 8.1000000 0.7 0.72 0.74
v 12.1846923 -9.3796206 8.1000000 0.7 0.72 0.74
v 12.1016005 -9.3522566 8.1000000 0.7 0.72 0.74
v 12.0174864 -9.3282178 8.1000000 0.7 0.72 0.74
v 11.9324832 -9.3075420 8.1000000 0.7 0.72 0.74
v 11.8467252 -9.2902619 8.1000000 0.7 0.72 0.74
v 11.7603480 -9.2764050 8.1000000 0.7 0.72 0.74
v 11.6734882 -9.2659931 8.1000000 0.7 0.72 0.74
v 11.5862831 -9.2590427 8.1000000 0.7 0.72 0.74
v 11.4988707 -9.2555647 8.1000000 0.7 0.72 0.74
v 11.4113890 -9.2555647 8.1000000 0.7 0.72 0.74
v 11.3239766 -9.2590427 8.1000000 0.7 0.72 0.74
v 11.2367715 -9.2659931 8.1000000 0.7 0.72 0.74
v 11.1499117 -9.2764050 8.1000000 0.7 0.72 0.74
v 11.0635345 -9.2902619 8.1000000 0.7 0.72 0.74
v 10.9777765 -9.3075420 8.1000000 0.7 0.72 0.74
v 10.8927733 -9.3282178 8.1000000 0.7 0.72 0.74
v 10.8086593 -9.3522566 8.1000000 0.7 0.72 0.74
v 10.7255674 -9.3796206 8.1000000 0.7 0.72 0.74
v 10.6436292 -9.4102664 8.1000000 0.7 0.72 0.74
v 10.5629741 -9.4441455 8.1000000 0.7 0.72 0.74
v 10.4837298 -9.4812044 8.1000000 0.7 0.72 0.74
v 10.4060214 -9.5213844 8.1000000 0.7 0.72 0.74
v 10.3299718 -9.5646222 8.1000000 0.7 0.72 0.74
v 10.2557014 -9.6108492 8.1000000 0.7 0.72 0.74
v 10.1833275 -9.6599924 8.1000000 0.7 0.72 0.74
v 10.1129645 -9.7119740 8.1000000 0.7 0.72 0.74
v 10.0447239 -9.7667120 8.1000000 0.7 0.72 0.74
v 9.9787133 -9.8241197 8.1000000 0.7 0.72 0.74
v 9.9150373 -9.8841063 8.1000000 0.7 0.72 0.74
v 9.8537965 -9.9465771 8.1000000 0.7 0.72 0.74
v 9.7950877 -10.0114332 8.1000000 0.7 0.72 0.74
v 9.7390038 -10.0785721 8.1000000 0.7 0.72 0.74
v 9.6856334 -10.1478876 8.1000000 0.7 0.72 0.74
v 9.6350610 -10.2192701 8.1000000 0.7 0.72 0.74
v 9.5873665 -10.2926068 8.1000000 0.7 0.72 0.74
v 9.5426253 -10.3677816 8.1000000 0.7 0.72 0.74
v 9.5009081 -10.4446758 8.1000000 0.7 0.72 0.74
v 9.4622810 -10.5231677 8.1000000 0.7 0.72 0.74
v 9.4268050 -10.6031333 8.1000000 0.7 0.72 0.74
v 9.3945362 -10.6844460 8.1000000 0.7 0.72 0.74
v 9.3655256 -10.7669773 8.1000000 0.7 0.72 0.74
v 9.3398191 -10.8505968 8.1000000 0.7 0.72 0.74
v 9.3174573 -10.9351721 8.1000000 0.7 0.72 0.74
v 9.2984756 -11.0205696 8.1000000 0.7 0.72 0.74
v 9.2829041 -11.1066542 8.1000000 0.7 0.72 0.74
v 9.2707673 -11.1932898 8.1000000 0.7 0.72 0.74
v 9.2620844 -11.2803395 8.1000000 0.7 0.72 0.74
v 9.2568692 -11.3676655 8.1000000 0.7 0.72 0.74
v 9.2551299 -11.4551299 8.1000000 0.7 0.72 0.74
v 9.2568692 -11.5425942 8.1000000 0.7 0.72 0.74
v 9.2620844 -11.6299202 8.1000000 0.7 0.72 0.74
v 9.2707673 -11.7169699 8.1000000 0.7 0.72 0.74
v 9.2829041 -11.8036055 8.1000000 0.7 0.72 0.74
v 9.2984756 -11.8896901 8.1000000 0.7 0.72 0.74
v 9.3174573 -11.9750876 8.1000000 0.7 0.72 0.74
v 9.3398191 -12.0596630 8.1000000 0.7 0.72 0.74
v 9.3655256 -12.1432824 8.1000000 0.7 0.72 0.74
v 9.3945362 -12.2258137 8.1000000 0.7 0.72 0.74
v 9.4268050 -12.3071264 8.1000000 0.7 0.72 0.74
v 9.4622810 -12.3870920 8.1000000 0.7 0.72 0.74
v 9.5009081 -12.4655839 8.1000000 0.7 0.72 0.74
v 9.5426253 -12.5424781 8.1000000 0.7 0.72 0.74
v 9.5873665 -12.6176529 8.1000000 0.7 0.72 0.74
v 9.6350610 -12.6909896 8.1000000 0.7 0.72 0.74
v 9.6856334 -12.7623721 8.1000000 0.7 0.72 0.74
v 9.7390038 -12.8316876 8.1000000 0.7 0.72 0.74
v 9.7950877 -12.8988265 8.1000000 0.7 0.72 0.74
v 9.8537965 -12.9636826 8.1000000 0.7 0.72 0.74
v 9.9150373 -13.0261534 8.1000000 0.7 0.72 0.74
v 9.9787133 -13.0861400 8.1000000 0.7 0.72 0.74
v 10.0447239 -13.1435477 8.1000000 0.7 0.72 0.74
v 10.1129645 -13.1982857 8.1000000 0.7 0.72 0.74
v 10.1833275 -13.2502674 8.1000000 0.7 0.72 0.74
v 10.2557014 -13.2994105 8.1000000 0.7 0.72 0.74
v 10.3299718 -13.3456376 8.1000000 0.7 0.72 0.74
v 10.4060214 -13.3888753 8.1000000 0.7 0.72 0.74
v 10.4837298 -13.4290553 8.1000000 0.7 0.72 0.74
v 10.5629741 -13.4661142 8.1000000 0.7 0.72 0.74
v 10.6436292 -13.4999934 8.1000000 0.7 0.72 0.74
v 10.7255674 -13.5306391 8.1000000 0.7 0.72 0.74
v 10.8086593 -13.5580031 8.1000000 0.7 0.72 0.74
v 10.8927733 -13.5820420 8.1000000 0.7 0.72 0.74
v 10.9777765 -13.6027177 8.1000000 0.7 0.72 0.74
v 11.0635345 -13.6199978 8.1000000 0.7 0.72 0.74
v 11.1499117 -13.6338547 8.1000000 0.7 0.72 0.74
v 11.2367715 -13.6442666 8.1000000 0.7 0.72 0.74
v 11.3239766 -13.6512170 8.1000000 0.7 0.72 0.74
v 11.4113890 -13.6546950 8.1000000 0.7 0.72 0.74
v 11.4988707 -13.6546950 8.1000000 0.7 0.72 0.74
v 11.5862831 -13.6512170 8.1000000 0.7 0.72 0.74
v 11.6734882 -13.6442666 8.1000000 0.7 0.72 0.74
v 11.7603480 -13.6338547 8.1000000 0.7 0.72 0.74
v 11.8467252 -13.6199978 8.1000000 0.7 0.72 0.74
v 11.9324832 -13.6027177 8.1000000 0.7 0.72 0.74
v 12.0174864 -13.5820420 8.1000000 0.7 0.72 0.74
v 12.1016005 -13.5580031 8.1000000 0.7 0.72 0.74
v 12.1846923 -13.5306391 8.1000000 0.7 0.72 0.74
v 12.2666305 -13.4999934 8.1000000 0.7 0.72 0.74
v 12.3472856 -13.4661142 8.1000000 0.7 0.72 0.74
v 12.4265300 -13.4290553 8.1000000 0.7 0.72 0.74
v 12.5042384 -13.3888753 8.1000000 0.7 0.72 0.74
v 12.5802879 -13.3456376 8.1000000 0.7 0.72 0.74
v 12.6545584 -13.2994105 8.1000000 0.7 0.72 0.74
v 12.7269323 -13.2502674 8.1000000 0.7 0.72 0.74
v 12.7972952 -13.1982857 8.1000000 0.7 0.72 0.74
v 12.8655359 -13.1435477 8.1000000 0.7 0.72 0.74
v 12.9315464 -13.0861400 8.1000000 0.7 0.72 0.74
v 12.9952224 -13.0261534 8.1000000 0.7 0.72 0.74
v 13.0564632 -12.9636826 8.1000000 0.7 0.72 0.74
v 13.1151720 -12.8988265 8.1000000 0.7 0.72 0.74
v 13.1712559 -12.8316876 8.1000000 0.7 0.72 0.74
v 13.2246263 -12.7623721 8.1000000 0.7 0.72 0.74
v 13.2751987 -12.6909896 8.1000000 0.7 0.72 0.74
v 13.3228933 -12.6176529 8.1000000 0.7 0.72 0.74
v 13.3676345 -12.5424781 8.1000000 0.7 0.72 0.74
v 13.4093516 -12.4655839 8.1000000 0.7 0.72 0.74
v 13.4479787 -12.3870920 8.1000000 0.7 0.72 0.74
v 13.4834547 -12.3071264 8.1000000 0.7 0.72 0.74
v 13.5157236 -12.2258137 8.1000000 0.7 0.72 0.74
v 13.5447341 -12.1432824 8.1000000 0.7 0.72 0.74
v 13.5704406 -12.0596630 8.1000000 0.7 0.72 0.74
v 13.5928024 -11.9750876 8.1000000 0.7 0.72 0.74
v 13.6117841 -11.8896901 8.1000000 0.7 0.72 0.74
v 13.6273556 -11.8036055 8.1000000 0.7 0.72 0.74
v 13.6394924 -11.7169699 8.1000000 0.7 0.72 0.74
v 13.6481753 -11.6299202 8.1000000 0.7 0.72 0.74
v 13.6533905 -11.5425942 8.1000000 0.7 0.72 0.74
v 13.1551299 -11.4551299 8.1000000 0.7 0.72 0.74
v 13.1551299 -11.4551299 11.0000000 0.7 0.72 0.74
v 13.1537858 -11.3875438 11.0000000 0.7 0.72 0.74
v 13.1497559 -11.3200646 11.0000000 0.7 0.72 0.74
v 13.1430464 -11.2527989 11.0000000 0.7 0.72 0.74
v 13.1336679 -11.1858532 11.0000000 0.7 0.72 0.74
v 13.1216354 -11.1193333 11.0000000 0.7 0.72 0.74
v 13.1069677 -11.0533443 11.0000000 0.7 0.72 0.74
v 13.0896882 -10.9879906 11.0000000 0.7 0.72 0.74
v 13.0698241 -10.9233756 11.0000000 0.7 0.72 0.74
v 13.0474068 -10.8596014 11.0000000 0.7 0.72 0.74
v 13.0224718 -10.7967689 11.0000000 0.7 0.72 0.74
v 12.9950585 -10.7349773 11.0000000 0.7 0.72 0.74
v 12.9652103 -10.6743245 11.0000000 0.7 0.72 0.74
v 12.9329743 -10.6149062 11.0000000 0.7 0.72 0.74
v 12.8984016 -10.5568166 11.0000000 0.7 0.72 0.74
v 12.8615467 -10.5001473 11.0000000 0.7 0.72 0.74
v 12.8224680 -10.4449881 11.0000000 0.7 0.72 0.74
v 12.7812273 -10.3914261 11.0000000 0.7 0.72 0.74
v 12.7378897 -10.3395461 11.0000000 0.7 0.72 0.74
v 12.6925238 -10.2894300 11.0000000 0.7 0.72 0.74
v 12.6452014 -10.2411571 11.0000000 0.7 0.72 0.74
v 12.5959972 -10.1948038 11.0000000 0.7 0.72 0.74
v 12.5449890 -10.1504433 11.0000000 0.7 0.72 0.74
v 12.4922576 -10.1081458 11.0000000 0.7 0.72 0.74
v 12.4378863 -10.0679781 11.0000000 0.7 0.72 0.74
v 12.3819610 -10.0300039 11.0000000 0.7 0.72 0.74
v 12.3245702 -9.9942830 11.0000000 0.7 0.72 0.74
v 12.2658046 -9.9608720 11.0000000 0.7 0.72 0.74
v 12.2057572 -9.9298238 11.0000000 0.7 0.72 0.74
v 12.1445229 -9.9011874 11.0000000 0.7 0.72 0.74
v 12.0821985 -9.8750081 11.0000000 0.7 0.72 0.74
v 12.0188826 -9.8513272 11.0000000 0.7 0.72 0.74
v 11.9546753 -9.8301824 11.0000000 0.7 0.72 0.74
v 11.8896781 -9.8116069 11.0000000 0.7 0.72 0.74
v 11.8239938 -9.7956301 11.0000000 0.7 0.72 0.74
v 11.7577263 -9.7822774 11.0000000 0.7 0.72 0.74
v 11.6909803 -9.7715698 11.0000000 0.7 0.72 0.74
v 11.6238613 -9.7635242 11.0000000 0.7 0.72 0.74
v 11.5564756 -9.7581534 11.0000000 0.7 0.72 0.74
v 11.4889296 -9.7554659 11.0000000 0.7 0.72 0.74
v 11.4213301 -9.7554659 11.0000000 0.7 0.72 0.74
v 11.3537841 -9.7581534 11.0000000 0.7 0.72 0.74
v 11.2863984 -9.7635242 11.0000000 0.7 0.72 0.74
v 11.2192795 -9.7715698 11.0000000 0.7 0.72 0.74
v 11.1525334 -9.7822774 11.0000000 0.7 0.72 0.74
v 11.0862659 -9.7956301 11.0000000 0.7 0.72 0.74
v 11.0205816 -9.8116069 11.0000000 0.7 0.72 0.74
v 10.9555844 -9.8301824 11.0000000 0.7 0.72 0.74
v 10.8913771 -9.8513272 11.0000000 0.7 0.72 0.74
v 10.8280612 -9.8750081 11.0000000 0.7 0.72 0.74
v 10.7657368 -9.9011874 11.0000000 0.7 0.72 0.74
v 10.7045025 -9.9298238 11.0000000 0.7 0.72 0.74
v 10.6444551 -9.9608720 11.0000000 0.7 0.72 0.74
v 10.5856895 -9.9942830 11.0000000 0.7 0.72 0.74
v 10.5282987 -10.0300039 11.0000000 0.7 0.72 0.74
v 10.4723735 -10.0679781 11.0000000 0.7 0.72 0.74
v 10.4180021 -10.1081458 11.0000000 0.7 0.72 0.74
v 10.3652707 -10.1504433 11.0000000 0.7 0.72 0.74
v 10.3142625 -10.1948038 11.0000000 0.7 0.72 0.74
v 10.2650583 -10.2411571 11.0000000 0.7 0.72 0.74
v 10.2177359 -10.2894300 11.0000000 0.7 0.72 0.74
v 10.1723700 -10.3395461 11.0000000 0.7 0.72 0.74
v 10.1290324 -10.3914261 11.0000000 0.7 0.72 0.74
v 10.0877917 -10.4449881 11.0000000 0.7 0.72 0.74
v 10.0487130 -10.5001473 11.0000000 0.7 0.72 0.74
v 10.0118581 -10.5568166 11.0000000 0.7 0.72 0.74
v 9.9772854 -10.6149062 11.0000000 0.7 0.72 0.74
v 9.9450494 -10.6743245 11.0000000 0.7 0.72 0.74
v 9.9152012 -10.7349773 11.0000000 0.7 0.72 0.74
v 9.8877879 -10.7967689 11.0000000 0.7 0.72 0.74
v 9.8628529 -10.8596014 11.0000000 0.7 0.72 0.74
v 9.8404356 -10.9233756 11.0000000 0.7 0.72 0.74
v 9.8205715 -10.9879906 11.0000000 0.7 0.72 0.74
v 9.8032920 -11.0533443 11.0000000 0.7 0.72 0.74
v 9.7886243 -11.1193333 11.0000000 0.7 0.72 0.74
v 9.7765918 -11.1858532 11.0000000 0.7 0.72 0.74
v 9.7672133 -11.2527989 11.0000000 0.7 0.72 0.74
v 9.7605038 -11.3200646 11.0000000 0.7 0.72 0.74
v 9.7564739 -11.3875438 11.0000000 0.7 0.72 0.74
v 9.7551299 -11.4551299 11.0000000 0.7 0.72 0.74
v 9.7564739 -11.5227159 11.0000000 0.7 0.72 0.74
v 9.7605038 -11.5901951 11.0000000 0.7 0.72 0.74
v 9.7672133 -11.6574608 11.0000000 0.7 0.72 0.74
v 9.7765918 -11.7244065 11.0000000 0.7 0.72 0.74
v 9.7886243 -11.7909264 11.0000000 0.7 0.72 0.74
v 9.8032920 -11.8569154 11.0000000 0.7 0.72 0.74
v 9.8205715 -11.9222691 11.0000000 0.7 0.72 0.74
v 9.8404356 -11.9868841 11.0000000 0.7 0.72 0.74
v 9.8628529 -12.0506583 11.0000000 0.7 0.72 0.74
v 9.8877879 -12.1134909 11.0000000 0.7 0.72 0.74
v 9.9152012 -12.1752824 11.0000000 0.7 0.72 0.74
v 9.9450494 -12.2359352 11.0000000 0.7 0.72 0.74
v 9.9772854 -12.2953535 11.0000000 0.7 0.72 0.74
v 10.0118581 -12.3534431 11.0000000 0.7 0.72 0.74
v 10.0487130 -12.4101124 11.0000000 0.7 0.72 0.74
v 10.0877917 -12.4652716 11.0000000 0.7 0.72 0.74
v 10.1290324 -12.5188336 11.0000000 0.7 0.72 0.74
v 10.1723700 -12.5707136 11.0000000 0.7 0.72 0.74
v 10.2177359 -12.6208297 11.0000000 0.7 0.72 0.74
v 10.2650583 -12.6691026 11.0000000 0.7 0.72 0.74
v 10.3142625 -12.7154559 11.0000000 0.7 0.72 0.74
v 10.3652707 -12.7598164 11.0000000 0.7 0.72 0.74
v 10.4180021 -12.8021139 11.0000000 0.7 0.72 0.74
v 10.4723735 -12.8422816 11.0000000 0.7 0.72 0.74
v 10.5282987 -12.8802558 11.0000000 0.7 0.72 0.74
v 10.5856895 -12.9159767 11.0000000 0.7 0.72 0.74
v 10.6444551 -12.9493877 11.0000000 0.7 0.72 0.74
v 10.7045025 -12.9804359 11.0000000 0.7 0.72 0.74
v 10.7657368 -13.0090723 11.0000000 0.7 0.72 0.74
v 10.8280612 -13.0352516 11.0000000 0.7 0.72 0.74
v 10.8913771 -13.0589325 11.0000000 0.7 0.72 0.74
v 10.9555844 -13.0800773 11.0000000 0.7 0.72 0.74
v 11.0205816 -13.0986528 11.0000000 0.7 0.72 0.74
v 11.0862659 -13.1146296 11.0000000 0.7 0.72 0.74
v 11.1525334 -13.1279823 11.0000000 0.7 0.72 0.74
v 11.2192795 -13.1386899 11.0000000 0.7 0.72 0.74
v 11.2863984 -13.1467355 11.0000000 0.7 0.72 0.74
v 11.3537841 -13.1521063 11.0000000 0.7 0.72 0.74
v 11.4213301 -13.1547938 11.0000000 0.7 0.72 0.74
v 11.4889296 -13.1547938 11.0000000 0.7 0.72 0.74
v 11.5564756 -13.1521063 11.0000000 0.7 0.72 0.74
v 11.6238613 -13.1467355 11.0000000 0.7 0.72 0.74
v 11.6909803 -13.1386899 11.0000000 0.7 0.72 0.74
v 11.7577263 -13.1279823 11.0000000 0.7 0.72 0.74
v 11.8239938 -13.1146296 11.0000000 0.7 0.72 0.74
v 11.8896781 -13.0986528 11.0000000 0.7 0.72 0.74
v 11.9546753 -13.0800773 11.0000000 0.7 0.72 0.74
v 12.0188826 -13.0589325 11.0000000 0.7 0.72 0.74
v 12.0821985 -13.0352516 11.0000000 0.7 0.72 0.74
v 12.1445229 -13.0090723 11.0000000 0.7 0.72 0.74
v 12.2057572 -12.9804359 11.0000000 0.7 0.72 0.74
v 12.2658046 -12.9493877 11.0000000 0.7 0.72 0.74
v 12.3245702 -12.9159767 11.0000000 0.7 0.72 0.74
v 12.3819610 -12.8802558 11.0000000 0.7 0.72 0.74
v 12.4378863 -12.8422816 11.0000000 0.7 0.72 0.74
v 12.4922576 -12.8021139 11.0000000 0.7 0.72 0.74
v 12.5449890 -12.7598164 11.0000000 0.7 0.72 0.74
v 12.5959972 -12.7154559 11.0000000 0.7 0.72 0.74
v 12.6452014 -12.6691026 11.0000000 0.7 0.72 0.74
v 12.6925238 -12.6208297 11.0000000 0.7 0.72 0.74
v 12.7378897 -12.5707136 11.0000000 0.7 0.72 0.74
v 12.7812273 -12.5188336 11.0000000 0.7 0.72 0.74
v 12.8224680 -12.4652716 11.0000000 0.7 0.72 0.74
v 12.8615467 -12.4101124 11.0000000 0.7 0.72 0.74
v 12.8984016 -12.3534431 11.0000000 0.7 0.72 0.74
v 12.9329743 -12.2953535 11.0000000 0.7 0.72 0.74
v 12.9652103 -12.2359352 11.0000000 0.7 0.72 0.74
v 12.9950585 -12.1752824 11.0000000 0.7 0.72 0.74
v 13.0224718 -12.1134909 11.0000000 0.7 0.72 0.74
v 13.0474068 -12.0506583 11.0000000 0.7 0.72 0.74
v 13.0698241 -11.9868841 11.0000000 0.7 0.72 0.74
v 13.0896882 -11.9222691 11.0000000 0.7 0.72 0.74
v 13.1069677 -11.8569154 11.0000000 0.7 0.72 0.74
v 13.1216354 -11.7909264 11.0000000 0.7 0.72 0.74
v 13.1336679 -11.7244065 11.0000000 0.7 0.72 0.74
v 13.1430464 -11.6574608 11.0000000 0.7 0.72 0.74
v 13.1497559 -11.5901951 11.0000000 0.7 0.72 0.74
v 13.1537858 -11.5227159 11.0000000 0.7 0.72 0.74
v 13.1551299 -11.4551299 11.0000000 0.7 0.72 0.74
v 13.1551299 -11.4551299 8.1000000 0.7 0.72 0.74
v 13.1537858 -11.3875438 8.1000000 0.7 0.72 0.74
v 13.1497559 -11.3200646 8.1000000 0.7 0.72 0.74
v 13.1430464 -11.2527989 8.1000000 0.7 0.72 0.74
v 13.1336679 -11.1858532 8.1000000 0.7 0.72 0.74
v 13.1216354 -11.1193333 8.1000000 0.7 0.72 0.74
v 13.1069677 -11.0533443 8.1000000 0.7 0.72 0.74
v 13.0896882 -10.9879906 8.1000000 0.7 0.72 0.74
v 13.0698241 -10.9233756 8.1000000 0.7 0.72 0.74
v 13.0474068 -10.8596014 8.1000000 0.7 0.72 0.74
v 13.0224718 -10.7967689 8.1000000 0.7 0.72 0.74
v 12.9950585 -10.7349773 8.1000000 0.7 0.72 0.74
v 12.9652103 -10.6743245 8.1000000 0.7 0.72 0.74
v 12.9329743 -10.6149062 8.1000000 0.7 0.72 0.74
v 12.8984016 -10.5568166 8.1000000 0.7 0.72 0.74
v 12.8615467 -10.5001473 8.1000000 0.7 0.72 0.74
v 12.8224680 -10.4449881 8.1000000 0.7 0.72 0.74
v 12.7812273 -10.3914261 8.1000000 0.7 0.72 0.74
v 12.7378897 -10.3395461 8.1000000 0.7 0.72 0.74
v 12.6925238 -10.2894300 8.1000000 0.7 0.72 0.74
v 12.6452014 -10.2411571 8.1000000 0.7 0.72 0.74
v 12.5959972 -10.1948038 8.1000000 0.7 0.72 0.74
v 12.5449890 -10.1504433 8.1000000 0.7 0.72 0.74
v 12.4922576 -10.1081458 8.1000000 0.7 0.72 0.74
v 12.4378863 -10.0679781 8.1000000 0.7 0.72 0.74
v 12.3819610 -10.0300039 8.1000000 0.7 0.72 0.74
v 12.3245702 -9.9942830 8.1000000 0.7 0.72 0.74
v 12.2658046 -9.9608720 8.1000000 0.7 0.72 0.74
v 12.2057572 -9.9298238 8.1000000 0.7 0.72 0.74
v 12.1445229 -9.9011874 8.1000000 0.7 0.72 0.74
v 12.0821985 -9.8750081 8.1000000 0.7 0.72 0.74
v 12.0188826 -9.8513272 8.1000000 0.7 0.72 0.74
v 11.9546753 -9.8301824 8.1000000 0.7 0.72 0.74
v 11.8896781 -9.8116069 8.1000000 0.7 0.72 0.74
v 11.8239938 -9.7956301 8.1000000 0.7 0.72 0.74
v 11.7577263 -9.7822774 8.1000000 0.7 0.72 0.74
v 11.6909803 -9.7715698 8.1000000 0.7 0.72 0.74
v 11.6238613 -9.7635242 8.1000000 0.7 0.72 0.74
v 11.5564756 -9.7581534 8.1000000 0.7 0.72 0.74
v 11.4889296 -9.7554659 8.1000000 0.7 0.72 0.74
v 11.4213301 -9.7554659 8.1000000 0.7 0.72 0.74
v 11.3537841 -9.7581534 8.1000000 0.7 0.72 0.74
v 11.2863984 -9.7635242 8.1000000 0.7 0.72 0.74
v 11.2192795 -9.7715698 8.1000000 0.7 0.72 0.74
v 11.1525334 -9.7822774 8.1000000 0.7 0.72 0.74
v 11.0862659 -9.7956301 8.1000000 0.7 0.72 0.74
v 11.0205816 -9.8116069 8.1000000 0.7 0.72 0.74
v 10.9555844 -9.8301824 8.1000000 0.7 0.72 0.74
v 10.8913771 -9.8513272 8.1000000 0.7 0.72 0.74
v 10.8280612 -9.8750081 8.1000000 0.7 0.72 0.74
v 10.7657368 -9.9011874 8.1000000 0.7 0.72 0.74
v 10.7045025 -9.9298238 8.1000000 0.7 0.72 0.74
v 10.6444551 -9.9608720 8.1000000 0.7 0.72 0.74
v 10.5856895 -9.9942830 8.1000000 0.7 0.72 0.74
v 10.5282987 -10.0300039 8.1000000 0.7 0.72 0.74
v 10.4723735 -10.0679781 8.1000000 0.7 0.72 0.74
v 10.4180021 -10.1081458 8.1000000 0.7 0.72 0.74
v 10.3652707 -10.1504433 8.1000000 0.7 0.72 0.74
v 10.3142625 -10.1948038 8.1000000 0.7 0.72 0.74
v 10.2650583 -10.2411571 8.1000000 0.7 0.72 0.74
v 10.2177359 -10.2894300 8.1000000 0.7 0.72 0.74
v 10.1723700 -10.3395461 8.1000000 0.7 0.72 0.74
v 10.1290324 -10.3914261 8.1000000 0.7 0.72 0.74
v 10.0877917 -10.4449881 8.1000000 0.7 0.72 0.74
v 10.0487130 -10.5001473 8.1000000 0.7 0.72 0.74
v 10.0118581 -10.5568166 8.1000000 0.7 0.72 0.74
v 9.9772854 -10.6149062 8.1000000 0.7 0.72 0.74
v 9.9450494 -10.6743245 8.1000000 0.7 0.72 0.74
v 9.9152012 -10.7349773 8.1000000 0.7 0.72 0.74
v 9.8877879 -10.7967689 8.1000000 0.7 0.72 0.74
v 9.8628529 -10.8596014 8.1000000 0.7 0.72 0.74
v 9.8404356 -10.9233756 8.1000000 0.7 0.72 0.74
v 9.8205715 -10.9879906 8.1000000 0.7 0.72 0.74
v 9.8032920 -11.0533443 8.1000000 0.7 0.72 0.74
v 9.7886243 -11.1193333 8.1000000 0.7 0.72 0.74
v 9.7765918 -11.1858532 8.1000000 0.7 0.72 0.74
v 9.7672133 -11.2527989 8.1000000 0.7 0.72 0.74
v 9.7605038 -11.3200646 8.1000000 0.7 0.72 0.74
v 9.7564739 -11.3875438 8.1000000 0.7 0.72 0.74
v 9.7551299 -11.4551299 8.1000000 0.7 0.72 0.74
v 9.7564739 -11.5227159 8.1000000 0.7 0.72 0.74
v 9.7605038 -11.5901951 8.1000000 0.7 0.72 0.74
v 9.7672133 -11.6574608 8.1000000 0.7 0.72 0.74
v 9.7765918 -11.7244065 8.1000000 0.7 0.72 0.74
v 9.7886243 -11.7909264 8.1000000 0.7 0.72 0.74
v 9.8032920 -11.8569154 8.1000000 0.7 0.72 0.74
v 9.8205715 -11.9222691 8.1000000 0.7 0.72 0.74
v 9.8404356 -11.9868841 8.1000000 0.7 0.72 0.74
v 9.8628529 -12.0506583 8.1000000 0.7 0.72 0.74
v 9.8877879 -12.1134909 8.1000000 0.7 0.72 0.74
v 9.9152012 -12.1752824 8.1000000 0.7 0.72 0.74
v 9.9450494 -12.2359352 8.1000000 0.7 0.72 0.74
v 9.9772854 -12.2953535 8.1000000 0.7 0.72 0.74
v 10.0118581 -12.3534431 8.1000000 0.7 0.72 0.74
v 10.0487130 -12.4101124 8.1000000 0.7 0.72 0.74
v 10.0877917 -12.4652716 8.1000000 0.7 0.72 0.74
v 10.1290324 -12.5188336 8.1000000 0.7 0.72 0.74
v 10.1723700 -12.5707136 8.1000000 0.7 0.72 0.74
v 10.2177359 -12.6208297 8.1000000 0.7 0.72 0.74
v 10.2650583 -12.6691026 8.1000000 0.7 0.72 0.74
v 10.3142625 -12.7154559 8.1000000 0.7 0.72 0.74
v 10.3652707 -12.7598164 8.1000000 0.7 0.72 0.74
v 10.4180021 -12.8021139 8.1000000 0.7 0.72 0.74
v 10.4723735 -12.8422816 8.1000000 0.7 0.72 0.74
v 10.5282987 -12.8802558 8.1000000 0.7 0.72 0.74
v 10.5856895 -12.9159767 8.1000000 0.7 0.72 0.74
v 10.6444551 -12.9493877 8.1000000 0.7 0.72 0.74
v 10.7045025 -12.9804359 8.1000000 0.7 0.72 0.74
v 10.7657368 -13.0090723 8.1000000 0.7 0.72 0.74
v 10.8280612 -13.0352516 8.1000000 0.7 0.72 0.74
v 10.8913771 -13.0589325 8.1000000 0.7 0.72 0.74
v 10.9555844 -13.0800773 8.1000000 0.7 0.72 0.74
v 11.0205816 -13.0986528 8.1000000 0.7 0.72 0.74
v 11.0862659 -13.1146296 8.1000000 0.7 0.72 0.74
v 11.1525334 -13.1279823 8.1000000 0.7 0.72 0.74
v 11.2192795 -13.1386899 8.1000000 0.7 0.72 0.74
v 11.2863984 -13.1467355 8.1000000 0.7 0.72 0.74
v 11.3537841 -13.1521063 8.1000000 0.7 0.72 0.74
v 11.4213301 -13.1547938 8.1000000 0.7 0.72 0.74
v 11.4889296 -13.1547938 8.1000000 0.7 0.72 0.74
v 11.5564756 -13.1521063 8.1000000 0.7 0.72 0.74
v 11.6238613 -13.1467355 8.1000000 0.7 0.72 0.74
v 11.6909803 -13.1386899 8.1000000 0.7 0.72 0.74
v 11.7577263 -13.1279823 8.1000000 0.7 0.72 0.74
v 11.8239938 -13.1146296 8.1000000 0.7 0.72 0.74
v 11.8896781 -13.0986528 8.1000000 0.7 0.72 0.74
v 11.9546753 -13.0800773 8.1000000 0.7 0.72 0.74
v 12.0188826 -13.0589325 8.1000000 0.7 0.72 0.74
v 12.0821985 -13.0352516 8.1000000 0.7 0.72 0.74
v 12.1445229 -13.0090723 8.1000000 0.7 0.72 0.74
v 12.2057572 -12.9804359 8.1000000 0.7 0.72 0.74
v 12.2658046 -12.9493877 8.1000000 0.7 0.72 0.74
v 12.3245702 -12.9159767 8.1000000 0.7 0.72 0.74
v 12.3819610 -12.8802558 8.1000000 0.7 0.72 0.74
v 12.4378863 -12.8422816 8.1000000 0.7 0.72 0.74
v 12.4922576 -12.8021139 8.1000000 0.7 0.72 0.74
v 12.5449890 -12.7598164 8.1000000 0.7 0.72 0.74
v 12.5959972 -12.7154559 8.1000000 0.7 0.72 0.74
v 12.6452014 -12.6691026 8.1000000 0.7 0.72 0.74
v 12.6925238 -12.6208297 8.1000000 0.7 0.72 0.74
v 12.7378897 -12.5707136 8.1000000 0.7 0.72 0.74
v 12.7812273 -12.5188336 8.1000000 0.7 0.72 0.74
v 12.8224680 -12.4652716 8.1000000 0.7 0.72 0.74
v 12.8615467 -12.4101124 8.1000000 0.7 0.72 0.74
v 12.8984016 -12.3534431 8.1000000 0.7 0.72 0.74
v 12.9329743 -12.2953535 8.1000000 0.7 0.72 0.74
v 12.9652103 -12.2359352 8.1000000 0.7 0.72 0.74
v 12.9950585 -12.1752824 8.1000000 0.7 0.72 0.74
v 13.0224718 -12.1134909 8.1000000 0.7 0.72 0.74
v 13.0474068 -12.0506583 8.1000000 0.7 0.72 0.74
v 13.0698241 -11.9868841 8.1000000 0.7 0.72 0.74
v 13.0896882 -11.9222691 8.1000000 0.7 0.72 0.74
v 13.1069677 -11.8569154 8.1000000 0.7 0.72 0.74
v 13.1216354 -11.7909264 8.1000000 0.7 0.72 0.74
v 13.1336679 -11.7244065 8.1000000 0.7 0.72 0.74
v 13.1430464 -11.6574608 8.1000000 0.7 0.72 0.74
v 13.1497559 -11.5901951 8.1000000 0.7 0.72 0.74
v 13.1537858 -11.5227159 8.1000000 0.7 0.72 0.74
v 13.6551299 -11.4551299 8.1000000 0.7 0.72 0.74
v 13.6533905 -11.3676655 8.1000000 0.7 0.72 0.74
v 13.6481753 -11.2803395 8.1000000 0.7 0.72 0.74
v 13.6394924 -11.1932898 8.1000000 0.7 0.72 0.74
v 13.6273556 -11.1066542 8.1000000 0.7 0.72 0.74
v 13.6117841 -11.0205696 8.1000000 0.7 0.72 0.74
v 13.5928024 -10.9351721 8.1000000 0.7 0.72 0.74
v 13.5704406 -10.8505968 8.1000000 0.7 0.72 0.74
v 13.5447341 -10.7669773 8.1000000 0.7 0.72 0.74
v 13.5157236 -10.6844460 8.1000000 0.7 0.72 0.74
v 13.4834547 -10.6031333 8.1000000 0.7 0.72 0.74
v 13.4479787 -10.5231677 8.1000000 0.7 0.72 0.74
v 13.4093516 -10.4446758 8.1000000 0.7 0.72 0.74
v 13.3676345 -10.3677816 8.1000000 0.7 0.72 0.74
v 13.3228933 -10.2926068 8.1000000 0.7 0.72 0.74
v 13.2751987 -10.2192701 8.1000000 0.7 0.72 0.74
v 13.2246263 -10.1478876 8.1000000 0.7 0.72 0.74
v 13.1712559 -10.0785721 8.1000000 0.7 0.72 0.74
v 13.1151720 -10.0114332 8.1000000 0.7 0.72 0.74
v 13.0564632 -9.9465771 8.1000000 0.7 0.72 0.74
v 12.9952224 -9.8841063 8.1000000 0.7 0.72 0.74
v 12.9315464 -9.8241197 8.1000000 0.7 0.72 0.74
v 12.8655359 -9.7667120 8.1000000 0.7 0.72 0.74
v 12.7972952 -9.7119740 8.1000000 0.7 0.72 0.74
v 12.7269323 -9.6599924 8.1000000 0.7 0.72 0.74
v 12.6545584 -9.6108492 8.1000000 0.7 0.72 0.74
v 12.5802879 -9.5646222 8.1000000 0.7 0.72 0.74
v 12.5042384 -9.5213844 8.1000000 0.7 0.72 0.74
v 12.4265300 -9.4812044 8.1000000 0.7 0.72 0.74
v 12.3472856 -9.4441455 8.1000000 0.7 0.72 0.74
v 12.2666305 -9.4102664 8.1000000 0.7 0.72 0.74
v 12.1846923 -9.3796206 8.1000000 0.7 0.72 0.74
v 12.1016005 -9.3522566 8.1000000 0.7 0.72 0.74
v 12.0174864 -9.3282178 8.1000000 0.7 0.72 0.74
v 11.9324832 -9.3075420 8.1000000 0.7 0.72 0.74
v 11.8467252 -9.2902619 8.1000000 0.7 0.72 0.74
v 11.7603480 -9.2764050 8.1000000 0.7 0.72 0.74
v 11.6734882 -9.2659931 8.1000000 0.7 0.72 0.74
v 11.5862831 -9.2590427 8.1000000 0.7 0.72 0.74
v 11.4988707 -9.2555647 8.1000000 0.7 0.72 0.74
v 11.4113890 -9.2555647 8.1000000 0.7 0.72 0.74
v 11.3239766 -9.2590427 8.1000000 0.7 0.72 0.74
v 11.2367715 -9.2659931 8.1000000 0.7 0.72 0.74
v 11.1499117 -9.2764050 8.1000000 0.7 0.72 0.74
v 11.0635345 -9.2902619 8.1000000 0.7 0.72 0.74
v 10.9777765 -9.3075420 8.1000000 0.7 0.72 0.74
v 10.8927733 -9.3282178 8.1000000 0.7 0.72 0.74
v 10.8086593 -9.3522566 8.1000000 0.7 0.72 0.74
v 10.7255674 -9.3796206 8.1000000 0.7 0.72 0.74
v 10.6436292 -9.4102664 8.1000000 0.7 0.72 0.74
v 10.5629741 -9.4441455 8.1000000 0.7 0.72 0.74
v 10.4837298 -9.4812044 8.1000000 0.7 0.72 0.74
v 10.4060214 -9.5213844 8.1000000 0.7 0.72 0.74
v 10.3299718 -9.5646222 8.1000000 0.7 0.72 0.74
v 10.2557014 -9.6108492 8.1000000 0.7 0.72 0.74
v 10.1833275 -9.6599924 8.1000000 0.7 0.72 0.74
v 10.1129645 -9.7119740 8.1000000 0.7 0.72 0.74
v 10.0447239 -9.7667120 8.1000000 0.7 0.72 0.74
v 9.9787133 -9.8241197 8.1000000 0.7 0.72 0.74
v 9.9150373 -9.8841063 8.1000000 0.7 0.72 0.74
v 9.8537965 -9.9465771 8.1000000 0.7 0.72 0.74
v 9.7950877 -10.0114332 8.1000000 0.7 0.72 0.74
v 9.7390038 -10.0785721 8.1000000 0.7 0.72 0.74
v 9.6856334 -10.1478876 8.1000000 0.7 0.72 0.74
v 9.6350610 -10.2192701 8.1000000 0.7 0.72 0.74
v 9.5873665 -10.2926068 8.1000000 0.7 0.72 0.74
v 9.5426253 -10.3677816 8.1000000 0.7 0.72 0.74
v 9.5009081 -10.4446758 8.1000000 0.7 0.72 0.74
v 9.4622810 -10.5231677 8.1000000 0.7 0.72 0.74
v 9.4268050 -10.6031333 8.1000000 0.7 0.72 0.74
v 9.3945362 -10.6844460 8.1000000 0.7 0.72 0.74
v 9.3655256 -10.7669773 8.1000000 0.7 0.72 0.74
v 9.3398191 -10.8505968 8.1000000 0.7 0.72 0.74
v 9.3174573 -10.9351721 8.1000000 0.7 0.72 0.74
v 9.2984756 -11.0205696 8.1000000 0.7 0.72 0.74
v 9.2829041 -11.1066542 8.1000000 0.7 0.72 0.74
v 9.2707673 -11.1932898 8.1000000 0.7 0.72 0.74
v 9.2620844 -11.2803395 8.1000000 0.7 0.72 0.74
v 9.2568692 -11.3676655 8.1000000 0.7 0.72 0.74
v 9.2551299 -11.4551299 8.1000000 0.7 0.72 0.74
v 9.2568692 -11.5425942 8.1000000 0.7 0.72 0.74
v 9.2620844 -11.6299202 8.1000000 0.7 0.72 0.74
v 9.2707673 -11.7169699 8.1000000 0.7 0.72 0.74
v 9.2829041 -11.8036055 8.1000000 0.7 0.72 0.74
v 9.2984756 -11.8896901 8.1000000 0.7 0.72 0.74
v 9.3174573 -11.9750876 8.1000000 0.7 0.72 0.74
v 9.3398191 -12.0596630 8.1000000 0.7 0.72 0.74
v 9.3655256 -12.1432824 8.1000000 0.7 0.72 0.74
v 9.3945362 -12.2258137 8.1000000 0.7 0.72 0.74
v 9.4268050 -12.3071264 8.1000000 0.7 0.72 0.74
v 9.4622810 -12.3870920 8.1000000 0.7 0.72 0.74
v 9.5009081 -12.4655839 8.1000000 0.7 0.72 0.74
v 9.5426253 -12.5424781 8.1000000 0.7 0.72 0.74
v 9.5873665 -12.6176529 8.1000000 0.7 0.72 0.74
v 9.6350610 -12.6909896 8.1000000 0.7 0.72 0.74
v 9.6856334 -12.7623721 8.1000000 0.7 0.72 0.74
v 9.7390038 -12.8316876 8.1000000 0.7 0.72 0.74
v 9.7950877 -12.8988265 8.1000000 0.7 0.72 0.74
v 9.8537965 -12.9636826 8.1000000 0.7 0.72 0.74
v 9.9150373 -13.0261534 8.1000000 0.7 0.72 0.74
v 9.9787133 -13.0861400 8.1000000 0.7 0.72 0.74
v 10.0447239 -13.1435477 8.1000000 0.7 0.72 0.74
v 10.1129645 -13.1982857 8.1000000 0.7 0.72 0.74
v 10.1833275 -13.2502674 8.1000000 0.7 0.72 0.74
v 10.2557014 -13.2994105 8.1000000 0.7 0.72 0.74
v 10.3299718 -13.3456376 8.1000000 0.7 0.72 0.74
v 10.4060214 -13.3888753 8.1000000 0.7 0.72 0.74
v 10.4837298 -13.4290553 8.1000000 0.7 0.72 0.74
v 10.5629741 -13.4661142 8.1000000 0.7 0.72 0.74
v 10.6436292 -13.4999934 8.1000000 0.7 0.72 0.74
v 10.7255674 -13.5306391 8.1000000 0.7 0.72 0.74
v 10.8086593 -13.5580031 8.1000000 0.7 0.72 0.74
v 10.8927733 -13.5820420 8.1000000 0.7 0.72 0.74
v 10.9777765 -13.6027177 8.1000000 0.7 0.72 0.74
v 11.0635345 -13.6199978 8.1000000 0.7 0.72 0.74
v 11.1499117 -13.6338547 8.1000000 0.7 0.72 0.74
v 11.2367715 -13.6442666 8.1000000 0.7 0.72 0.74
v 11.3239766 -13.6512170 8.1000000 0.7 0.72 0.74
v 11.4113890 -13.6546950 8.1000000 0.7 0.72 0.74
v 11.4988707 -13.6546950 8.1000000 0.7 0.72 0.74
v 11.5862831 -13.6512170 8.1000000 0.7 0.72 0.74
v 11.6734882 -13.6442666 8.1000000 0.7 0.72 0.74
v 11.7603480 -13.6338547 8.1000000 0.7 0.72 0.74
v 11.8467252 -13.6199978 8.1000000 0.7 0.72 0.74
v 11.9324832 -13.6027177 8.1000000 0.7 0.72 0.74
v 12.0174864 -13.5820420 8.1000000 0.7 0.72 0.74
v 12.1016005 -13.5580031 8.1000000 0.7 0.72 0.74
v 12.1846923 -13.5306391 8.1000000 0.7 0.72 0.74
v 12.2666305 -13.4999934 8.1000000 0.7 0.72 0.74
v 12.3472856 -13.4661142 8.1000000 0.7 0.72 0.74
v 12.4265300 -13.4290553 8.1000000 0.7 0.72 0.74
v 12.5042384 -13.3888753 8.1000000 0.7 0.72 0.74
v 12.5802879 -13.3456376 8.1000000 0.7 0.72 0.74
v 12.6545584 -13.2994105 8.1000000 0.7 0.72 0.74
v 12.7269323 -13.2502674 8.1000000 0.7 0.72 0.74
v 12.7972952 -13.1982857 8.1000000 0.7 0.72 0.74
v 12.8655359 -13.1435477 8.1000000 0.7 0.72 0.74
v 12.9315464 -13.0861400 8.1000000 0.7 0.72 0.74
v 12.9952224 -13.0261534 8.1000000 0.7 0.72 0.74
v 13.0564632 -12.9636826 8.1000000 0.7 0.72 0.74
v 13.1151720 -12.8988265 8.1000000 0.7 0.72 0.74
v 13.1712559 -12.8316876 8.1000000 0.7 0.72 0.74
v 13.2246263 -12.7623721 8.1000000 0.7 0.72 0.74
v 13.2751987 -12.6909896 8.1000000 0.7 0.72 0.74
v 13.3228933 -12.6176529 8.1000000 0.7 0.72 0.74
v 13.3676345 -12.5424781 8.1000000 0.7 0.72 0.74
v 13.4093516 -12.4655839 8.1000000 0.7 0.72 0.74
v 13.4479787 -12.3870920 8.1000000 0.7 0.72 0.74
v 13.4834547 -12.3071264 8.1000000 0.7 0.72 0.74
v 13.5157236 -12.2258137 8.1000000 0.7 0.72 0.74
v 13.5447341 -12.1432824 8.1000000 0.7 0.72 0.74
v 13.5704406 -12.0596630 8.1000000 0.7 0.72 0.74
v 13.5928024 -11.9750876 8.1000000 0.7 0.72 0.74
v 13.6117841 -11.8896901 8.1000000 0.7 0.72 0.74
v 13.6273556 -11.8036055 8.1000000 0.7 0.72 0.74
v 13.6394924 -11.7169699 8.1000000 0.7 0.72 0.74
v 13.6481753 -11.6299202 8.1000000 0.7 0.72 0.74
v 13.6533905 -11.5425942 8.1000000 0.7 0.72 0.74
v 13.1551299 -11.4551299 8.1000000 0.7 0.72 0.74
v 13.1537858 -11.3875438 8.1000000 0.7 0.72 0.74
v 13.1497559 -11.3200646 8.1000000 0.7 0.72 0.74
v 13.1430464 -11.2527989 8.1000000 0.7 0.72 0.74
v 13.1336679 -11.1858532 8.1000000 0.7 0.72 0.74
v 13.1216354 -11.1193333 8.1000000 0.7 0.72 0.74
v 13.1069677 -11.0533443 8.1000000 0.7 0.72 0.74
v 13.0896882 -10.9879906 8.1000000 0.7 0.72 0.74
v 13.0698241 -10.9233756 8.1000000 0.7 0.72 0.74
v 13.0474068 -10.8596014 8.1000000 0.7 0.72 0.74
v 13.0224718 -10.7967689 8.1000000 0.7 0.72 0.74
v 12.9950585 -10.7349773 8.1000000 0.7 0.72 0.74
v 12.9652103 -10.6743245 8.1000000 0.7 0.72 0.74
v 12.9329743 -10.6149062 8.1000000 0.7 0.72 0.74
v 12.8984016 -10.5568166 8.1000000 0.7 0.72 0.74
v 12.8615467 -10.5001473 8.1000000 0.7 0.72 0.74
v 12.8224680 -10.4449881 8.1000000 0.7 0.72 0.74
v 12.7812273 -10.3914261 8.1000000 0.7 0.72 0.74
v 12.7378897 -10.3395461 8.1000000 0.7 0.72 0.74
v 12.6925238 -10.2894300 8.1000000 0.7 0.72 0.74
v 12.6452014 -10.2411571 8.1000000 0.7 0.72 0.74
v 12.5959972 -10.1948038 8.1000000 0.7 0.72 0.74
v 12.5449890 -10.1504433 8.1000000 0.7 0.72 0.74
v 12.4922576 -10.1081458 8.1000000 0.7 0.72 0.74
v 12.4378863 -10.0679781 8.1000000 0.7 0.72 0.74
v 12.3819610 -10.0300039 8.1000000 0.7 0.72 0.74
v 12.3245702 -9.9942830 8.1000000 0.7 0.72 0.74
v 12.2658046 -9.9608720 8.1000000 0.7 0.72 0.74
v 12.2057572 -9.9298238 8.1000000 0.7 0.72 0.74
v 12.1445229 -9.9011874 8.1000000 0.7 0.72 0.74
v 12.0821985 -9.8750081 8.1000000 0.7 0.72 0.74
v 12.0188826 -9.8513272 8.1000000 0.7 0.72 0.74
v 11.9546753 -9.8301824 8.1000000 0.7 0.72 0.74
v 11.8896781 -9.8116069 8.1000000 0.7 0.72 0.74
v 11.8239938 -9.7956301 8.1000000 0.7 0.72 0.74
v 11.7577263 -9.7822774 8.1000000 0.7 0.72 0.74
v 11.6909803 -9.7715698 8.1000000 0.7 0.72 0.74
v 11.6238613 -9.7635242 8.1000000 0.7 0.72 0.74
v 11.5564756 -9.7581534 8.1000000 0.7 0.72 0.74
v 11.4889296 -9.7554659 8.1000000 0.7 0.72 0.74
v 11.4213301 -9.7554659 8.1000000 0.7 0.72 0.74
v 11.3537841 -9.7581534 8.1000000 0.7 0.72 0.74
v 11.2863984 -9.7635242 8.1000000 0.7 0.72 0.74
v 11.2192795 -9.7715698 8.1000000 0.7 0.72 0.74
v 11.1525334 -9.7822774 8.1000000 0.7 0.72 0.74
v 11.0862659 -9.7956301 8.1000000 0.7 0.72 0.74
v 11.0205816 -9.8116069 8.1000000 0.7 0.72 0.74
v 10.9555844 -9.8301824 8.1000000 0.7 0.72 0.74
v 10.8913771 -9.8513272 8.1000000 0.7 0.72 0.74
v 10.8280612 -9.8750081 8.1000000 0.7 0.72 0.74
v 10.7657368 -9.9011874 8.1000000 0.7 0.72 0.74
v 10.7045025 -9.9298238 8.1000000 0.7 0.72 0.74
v 10.6444551 -9.9608720 8.1000000 0.7 0.72 0.74
v 10.5856895 -9.9942830 8.1000000 0.7 0.72 0.74
v 10.5282987 -10.0300039 8.1000000 0.7 0.72 0.74
v 10.4723735 -10.0679781 8.1000000 0.7 0.72 0.74
v 10.4180021 -10.1081458 8.1000000 0.7 0.72 0.74
v 10.3652707 -10.1504433 8.1000000 0.7 0.72 0.74
v 10.3142625 -10.1948038 8.1000000 0.7 0.72 0.74
v 10.2650583 -10.2411571 8.1000000 0.7 0.72 0.74
v 10.2177359 -10.2894300 8.1000000 0.7 0.72 0.74
v 10.1723700 -10.3395461 8.1000000 0.7 0.72 0.74
v 10.1290324 -10.3914261 8.1000000 0.7 0.72 0.74
v 10.0877917 -10.4449881 8.1000000 0.7 0.72 0.74
v 10.0487130 -10.5001473 8.1000000 0.7 0.72 0.74
v 10.0118581 -10.5568166 8.1000000 0.7 0.72 0.74
v 9.9772854 -10.6149062 8.1000000 0.7 0.72 0.74
v 9.9450494 -10.6743245 8.1000000 0.7 0.72 0.74
v 9.9152012 -10.7349773 8.1000000 0.7 0.72 0.74
v 9.8877879 -10.7967689 8.1000000 0.7 0.72 0.74
v 9.8628529 -10.8596014 8.1000000 0.7 0.72 0.74
v 9.8404356 -10.9233756 8.1000000 0.7 0.72 0.74
v 9.8205715 -10.9879906 8.1000000 0.7 0.72 0.74
v 9.8032920 -11.0533443 8.1000000 0.7 0.72 0.74
v 9.7886243 -11.1193333 8.1000000 0.7 0.72 0.74
v 9.7765918 -11.1858532 8.1000000 0.7 0.72 0.74
v 9.7672133 -11.2527989 8.1000000 0.7 0.72 0.74
v 9.7605038 -11.3200646 8.1000000 0.7 0.72 0.74
v 9.7564739 -11.3875438 8.1000000 0.7 0.72 0.74
v 9.7551299 -11.4551299 8.1000000 0.7 0.72 0.74
v 9.7564739 -11.5227159 8.1000000 0.7 0.72 0.74
v 9.7605038 -11.5901951 8.1000000 0.7 0.72 0.74
v 9.7672133 -11.6574608 8.1000000 0.7 0.72 0.74
v 9.7765918 -11.7244065 8.1000000 0.7 0.72 0.74
v 9.7886243 -11.7909264 8.1000000 0.7 0.72 0.74
v 9.8032920 -11.8569154 8.1000000 0.7 0.72 0.74
v 9.8205715 -11.9222691 8.1000000 0.7 0.72 0.74
v 9.8404356 -11.9868841 8.1000000 0.7 0.72 0.74
v 9.8628529 -12.0506583 8.1000000 0.7 0.72 0.74
v 9.8877879 -12.1134909 8.1000000 0.7 0.72 0.74
v 9.9152012 -12.1752824 8.1000000 0.7 0.72 0.74
v 9.9450494 -12.2359352 8.1000000 0.7 0.72 0.74
v 9.9772854 -12.2953535 8.1000000 0.7 0.72 0.74
v 10.0118581 -12.3534431 8.1000000 0.7 0.72 0.74
v 10.0487130 -12.4101124 8.1000000 0.7 0.72 0.74
v 10.0877917 -12.4652716 8.1000000 0.7 0.72 0.74
v 10.1290324 -12.5188336 8.1000000 0.7 0.72 0.74
v 10.1723700 -12.5707136 8.1000000 0.7 0.72 0.74
v 10.2177359 -12.6208297 8.1000000 0.7 0.72 0.74
v 10.2650583 -12.6691026 8.1000000 0.7 0.72 0.74
v 10.3142625 -12.7154559 8.1000000 0.7 0.72 0.74
v 10.3652707 -12.7598164 8.1000000 0.7 0.72 0.74
v 10.4180021 -12.8021139 8.1000000 0.7 0.72 0.74
v 10.4723735 -12.8422816 8.1000000 0.7 0.72 0.74
v 10.5282987 -12.8802558 8.1000000 0.7 0.72 0.74
v 10.5856895 -12.9159767 8.1000000 0.7 0.72 0.74
v 10.6444551 -12.9493877 8.1000000 0.7 0.72 0.74
v 10.7045025 -12.9804359 8.1000000 0.7 0.72 0.74
v 10.7657368 -13.0090723 8.1000000 0.7 0.72 0.74
v 10.8280612 -13.0352516 8.1000000 0.7 0.72 0.74
v 10.8913771 -13.0589325 8.1000000 0.7 0.72 0.74
v 10.9555844 -13.0800773 8.1000000 0.7 0.72 0.74
v 11.0205816 -13.0986528 8.1000000 0.7 0.72 0.74
v 11.0862659 -13.1146296 8.1000000 0.7 0.72 0.74
v 11.1525334 -13.1279823 8.1000000 0.7 0.72 0.74
v 11.2192795 -13.1386899 8.1000000 0.7 0.72 0.74
v 11.2863984 -13.1467355 8.1000000 0.7 0.72 0.74
v 11.3537841 -13.1521063 8.1000000 0.7 0.72 0.74
v 11.4213301 -13.1547938 8.1000000 0.7 0.72 0.74
v 11.4889296 -13.1547938 8.1000000 0.7 0.72 0.74
v 11.5564756 -13.1521063 8.1000000 0.7 0.72 0.74
v 11.6238613 -13.1467355 8.1000000 0.7 0.72 0.74
v 11.6909803 -13.1386899 8.1000000 0.7 0.72 0.74
v 11.7577263 -13.1279823 8.1000000 0.7 0.72 0.74
v 11.8239938 -13.1146296 8.1000000 0.7 0.72 0.74
v 11.8896781 -13.0986528 8.1000000 0.7 0.72 0.74
v 11.9546753 -13.0800773 8.1000000 0.7 0.72 0.74
v 12.0188826 -13.0589325 8.1000000 0.7 0.72 0.74
v 12.0821985 -13.0352516 8.1000000 0.7 0.72 0.74
v 12.1445229 -13.0090723 8.1000000 0.7 0.72 0.74
v 12.2057572 -12.9804359 8.1000000 0.7 0.72 0.74
v 12.2658046 -12.9493877 8.1000000 0.7 0.72 0.74
v 12.3245702 -12.9159767 8.1000000 0.7 0.72 0.74
v 12.3819610 -12.8802558 8.1000000 0.7 0.72 0.74
v 12.4378863 -12.8422816 8.1000000 0.7 0.72 0.74
v 12.4922576 -12.8021139 8.1000000 0.7 0.72 0.74
v 12.5449890 -12.7598164 8.1000000 0.7 0.72 0.74
v 12.5959972 -12.7154559 8.1000000 0.7 0.72 0.74
v 12.6452014 -12.6691026 8.1000000 0.7 0.72 0.74
v 12.6925238 -12.6208297 8.1000000 0.7 0.72 0.74
v 12.7378897 -12.5707136 8.1000000 0.7 0.72 0.74
v 12.7812273 -12.5188336 8.1000000 0.7 0.72 0.74
v 12.8224680 -12.4652716 8.1000000 0.7 0.72 0.74
v 12.8615467 -12.4101124 8.1000000 0.7 0.72 0.74
v 12.8984016 -12.3534431 8.1000000 0.7 0.72 0.74
v 12.9329743 -12.2953535 8.1000000 0.7 0.72 0.74
v 12.9652103 -12.2359352 8.1000000 0.7 0.72 0.74
v 12.9950585 -12.1752824 8.1000000 0.7 0.72 0.74
v 13.0224718 -12.1134909 8.1000000 0.7 0.72 0.74
v 13.0474068 -12.0506583 8.1000000 0.7 0.72 0.74
v 13.0698241 -11.9868841 8.1000000 0.7 0.72 0.74
v 13.0896882 -11.9222691 8.1000000 0.7 0.72 0.74
v 13.1069677 -11.8569154 8.1000000 0.7 0.72 0.74
v 13.1216354 -11.7909264 8.1000000 0.7 0.72 0.74
v 13.1336679 -11.7244065 8.1000000 0.7 0.72 0.74
v 13.1430464 -11.6574608 8.1000000 0.7 0.72 0.74
v 13.1497559 -11.5901951 8.1000000 0.7 0.72 0.74
v 13.1537858 -11.5227159 8.1000000 0.7 0.72 0.74
v 13.6551299 -11.4551299 11.0000000 0.7 0.72 0.74
v 13.6533905 -11.3676655 11.0000000 0.7 0.72 0.74
v 13.6481753 -11.2803395 11.0000000 0.7 0.72 0.74
v 13.6394924 -11.1932898 11.0000000 0.7 0.72 0.74
v 13.6273556 -11.1066542 11.0000000 0.7 0.72 0.74
v 13.6117841 -11.0205696 11.0000000 0.7 0.72 0.74
v 13.5928024 -10.9351721 11.0000000 0.7 0.72 0.74
v 13.5704406 -10.8505968 11.0000000 0.7 0.72 0.74
v 13.5447341 -10.7669773 11.0000000 0.7 0.72 0.74
v 13.5157236 -10.6844460 11.0000000 0.7 0.72 0.74
v 13.4834547 -10.6031333 11.0000000 0.7 0.72 0.74
v 13.4479787 -10.5231677 11.0000000 0.7 0.72 0.74
v 13.4093516 -10.4446758 11.0000000 0.7 0.72 0.74
v 13.3676345 -10.3677816 11.0000000 0.7 0.72 0.74
v 13.3228933 -10.2926068 11.0000000 0.7 0.72 0.74
v 13.2751987 -10.2192701 11.0000000 0.7 0.72 0.74
v 13.2246263 -10.1478876 11.0000000 0.7 0.72 0.74
v 13.1712559 -10.0785721 11.0000000 0.7 0.72 0.74
v 13.1151720 -10.0114332 11.0000000 0.7 0.72 0.74
v 13.0564632 -9.9465771 11.0000000 0.7 0.72 0.74
v 12.9952224 -9.8841063 11.0000000 0.7 0.72 0.74
v 12.9315464 -9.8241197 11.0000000 0.7 0.72 0.74
v 12.8655359 -9.7667120 11.0000000 0.7 0.72 0.74
v 12.7972952 -9.7119740 11.0000000 0.7 0.72 0.74
v 12.7269323 -9.6599924 11.0000000 0.7 0.72 0.74
v 12.6545584 -9.6108492 11.0000000 0.7 0.72 0.74
v 12.5802879 -9.5646222 11.0000000 0.7 0.72 0.74
v 12.5042384 -9.5213844 11.0000000 0.7 0.72 0.74
v 12.4265300 -9.4812044 11.0000000 0.7 0.72 0.74
v 12.3472856 -9.4441455 11.0000000 0.7 0.72 0.74
v 12.2666305 -9.4102664 11.0000000 0.7 0.72 0.74
v 12.1846923 -9.3796206 11.0000000 0.7 0.72 0.74
v 12.1016005 -9.3522566 11.0000000 0.7 0.72 0.74
v 12.0174864 -9.3282178 11.0000000 0.7 0.72 0.74
v 11.9324832 -9.3075420 11.0000000 0.7 0.72 0.74
v 11.8467252 -9.2902619 11.0000000 0.7 0.72 0.74
v 11.7603480 -9.2764050 11.0000000 0.7 0.72 0.74
v 11.6734882 -9.2659931 11.0000000 0.7 0.72 0.74
v 11.5862831 -9.2590427 11.0000000 0.7 0.72 0.74
v 11.4988707 -9.2555647 11.0000000 0.7 0.72 0.74
v 11.4113890 -9.2555647 11.0000000 0.7 0.72 0.74
v 11.3239766 -9.2590427 11.0000000 0.7 0.72 0.74
v 11.2367715 -9.2659931 11.0000000 0.7 0.72 0.74
v 11.1499117 -9.2764050 11.0000000 0.7 0.72 0.74
v 11.0635345 -9.2902619 11.0000000 0.7 0.72 0.74
v 10.9777765 -9.3075420 11.0000000 0.7 0.72 0.74
v 10.8927733 -9.3282178 11.0000000 0.7 0.72 0.74
v 10.8086593 -9.3522566 11.0000000 0.7 0.72 0.74
v 10.7255674 -9.3796206 11.0000000 0.7 0.72 0.74
v 10.6436292 -9.4102664 11.0000000 0.7 0.72 0.74
v 10.5629741 -9.4441455 11.0000000 0.7 0.72 0.74
v 10.4837298 -9.4812044 11.0000000 0.7 0.72 0.74
v 10.4060214 -9.5213844 11.0000000 0.7 0.72 0.74
v 10.3299718 -9.5646222 11.0000000 0.7 0.72 0.74
v 10.2557014 -9.6108492 11.0000000 0.7 0.72 0.74
v 10.1833275 -9.6599924 11.0000000 0.7 0.72 0.74
v 10.1129645 -9.7119740 11.0000000 0.7 0.72 0.74
v 10.0447239 -9.7667120 11.0000000 0.7 0.72 0.74
v 9.9787133 -9.8241197 11.0000000 0.7 0.72 0.74
v 9.9150373 -9.8841063 11.0000000 0.7 0.72 0.74
v 9.8537965 -9.9465771 11.0000000 0.7 0.72 0.74
v 9.7950877 -10.0114332 11.0000000 0.7 0.72 0.74
v 9.7390038 -10.0785721 11.0000000 0.7 0.72 0.74
v 9.6856334 -10.1478876 11.0000000 0.7 0.72 0.74
v 9.6350610 -10.2192701 11.0000000 0.7 0.72 0.74
v 9.5873665 -10.2926068 11.0000000 0.7 0.72 0.74
v 9.5426253 -10.3677816 11.0000000 0.7 0.72 0.74
v 9.5009081 -10.4446758 11.0000000 0.7 0.72 0.74
v 9.4622810 -10.5231677 11.0000000 0.7 0.72 0.74
v 9.4268050 -10.6031333 11.0000000 0.7 0.72 0.74
v 9.3945362 -10.6844460 11.0000000 0.7 0.72 0.74
v 9.3655256 -10.7669773 11.0000000 0.7 0.72 0.74
v 9.3398191 -10.8505968 11.0000000 0.7 0.72 0.74
v 9.3174573 -10.9351721 11.0000000 0.7 0.72 0.74
v 9.2984756 -11.0205696 11.0000000 0.7 0.72 0.74
v 9.2829041 -11.1066542 11.0000000 0.7 0.72 0.74
v 9.2707673 -11.1932898 11.0000000 0.7 0.72 0.74
v 9.2620844 -11.2803395 11.0000000 0.7 0.72 0.74
v 9.2568692 -11.3676655 11.0000000 0.7 0.72 0.74
v 9.2551299 -11.4551299 11.0000000 0.7 0.72 0.74
v 9.2568692 -11.5425942 11.0000000 0.7 0.72 0.74
v 9.2620844 -11.6299202 11.0000000 0.7 0.72 0.74
v 9.2707673 -11.7169699 11.0000000 0.7 0.72 0.74
v 9.2829041 -11.8036055 11.0000000 0.7 0.72 0.74
v 9.2984756 -11.8896901 11.0000000 0.7 0.72 0.74
v 9.3174573 -11.9750876 11.0000000 0.7 0.72 0.74
v 9.3398191 -12.0596630 11.0000000 0.7 0.72 0.74
v 9.3655256 -12.1432824 11.0000000 0.7 0.72 0.74
v 9.3945362 -12.2258137 11.0000000 0.7 0.72 0.74
v 9.4268050 -12.3071264 11.0000000 0.7 0.72 0.74
v 9.4622810 -12.3870920 11.0000000 0.7 0.72 0.74
v 9.5009081 -12.4655839 11.0000000 0.7 0.72 0.74
v 9.5426253 -12.5424781 11.0000000 0.7 0.72 0.74
v 9.5873665 -12.6176529 11.0000000 0.7 0.72 0.74
v 9.6350610 -12.6909896 11.0000000 0.7 0.72 0.74
v 9.6856334 -12.7623721 11.0000000 0.7 0.72 0.74
v 9.7390038 -12.8316876 11.0000000 0.7 0.72 0.74
v 9.7950877 -12.8988265 11.0000000 0.7 0.72 0.74
v 9.8537965 -12.9636826 11.0000000 0.7 0.72 0.74
v 9.9150373 -13.0261534 11.0000000 0.7 0.72 0.74
v 9.9787133 -13.0861400 11.0000000 0.7 0.72 0.74
v 10.0447239 -13.1435477 11.0000000 0.7 0.72 0.74
v 10.1129645 -13.1982857 11.0000000 0.7 0.72 0.74
v 10.1833275 -13.2502674 11.0000000 0.7 0.72 0.74
v 10.2557014 -13.2994105 11.0000000 0.7 0.72 0.74
v 10.3299718 -13.3456376 11.0000000 0.7 0.72 0.74
v 10.4060214 -13.3888753 11.0000000 0.7 0.72 0.74
v 10.4837298 -13.4290553 11.0000000 0.7 0.72 0.74
v 10.5629741 -13.4661142 11.0000000 0.7 0.72 0.74
v 10.6436292 -13.4999934 11.0000000 0.7 0.72 0.74
v 10.7255674 -13.5306391 11.0000000 0.7 0.72 0.74
v 10.8086593 -13.5580031 11.0000000 0.7 0.72 0.74
v 10.8927733 -13.5820420 11.0000000 0.7 0.72 0.74
v 10.9777765 -13.6027177 11.0000000 0.7 0.72 0.74
v 11.0635345 -13.6199978 11.0000000 0.7 0.72 0.74
v 11.1499117 -13.6338547 11.0000000 0.7 0.72 0.74
v 11.2367715 -13.6442666 11.0000000 0.7 0.72 0.74
v 11.3239766 -13.6512170 11.0000000 0.7 0.72 0.74
v 11.4113890 -13.6546950 11.0000000 0.7 0.72 0.74
v 11.4988707 -13.6546950 11.0000000 0.7 0.72 0.74
v 11.5862831 -13.6512170 11.0000000 0.7 0.72 0.74
v 11.6734882 -13.6442666 11.0000000 0.7 0.72 0.74
v 11.7603480 -13.6338547 11.0000000 0.7 0.72 0.74
v 11.8467252 -13.6199978 11.0000000 0.7 0.72 0.74
v 11.9324832 -13.6027177 11.0000000 0.7 0.72 0.74
v 12.0174864 -13.5820420 11.0000000 0.7 0.72 0.74
v 12.1016005 -13.5580031 11.0000000 0.7 0.72 0.74
v 12.1846923 -13.5306391 11.0000000 0.7 0.72 0.74
v 12.2666305 -13.4999934 11.0000000 0.7 0.72 0.74
v 12.3472856 -13.4661142 11.0000000 0.7 0.72 0.74
v 12.4265300 -13.4290553 11.0000000 0.7 0.72 0.74
v 12.5042384 -13.3888753 11.0000000 0.7 0.72 0.74
v 12.5802879 -13.3456376 11.0000000 0.7 0.72 0.74
v 12.6545584 -13.2994105 11.0000000 0.7 0.72 0.74
v 12.7269323 -13.2502674 11.0000000 0.7 0.72 0.74
v 12.7972952 -13.1982857 11.0000000 0.7 0.72 0.74
v 12.8655359 -13.1435477 11.0000000 0.7 0.72 0.74
v 12.9315464 -13.0861400 11.0000000 0.7 0.72 0.74
v 12.9952224 -13.0261534 11.0000000 0.7 0.72 0.74
v 13.0564632 -12.9636826 11.0000000 0.7 0.72 0.74
v 13.1151720 -12.8988265 11.0000000 0.7 0.72 0.74
v 13.1712559 -12.8316876 11.0000000 0.7 0.72 0.74
v 13.2246263 -12.7623721 11.0000000 0.7 0.72 0.74
v 13.2751987 -12.6909896 11.0000000 0.7 0.72 0.74
v 13.3228933 -12.6176529 11.0000000 0.7 0.72 0.74
v 13.3676345 -12.5424781 11.0000000 0.7 0.72 0.74
v 13.4093516 -12.4655839 11.0000000 0.7 0.72 0.74
v 13.4479787 -12.3870920 11.0000000 0.7 0.72 0.74
v 13.4834547 -12.3071264 11.0000000 0.7 0.72 0.74
v 13.5157236 -12.2258137 11.0000000 0.7 0.72 0.74
v 13.5447341 -12.1432824 11.0000000 0.7 0.72 0.74
v 13.5704406 -12.0596630 11.0000000 0.7 0.72 0.74
v 13.5928024 -11.9750876 11.0000000 0.7 0.72 0.74
v 13.6117841 -11.8896901 11.0000000 0.7 0.72 0.74
v 13.6273556 -11.8036055 11.0000000 0.7 0.72 0.74
v 13.6394924 -11.7169699 11.0000000 0.7 0.72 0.74
v 13.6481753 -11.6299202 11.0000000 0.7 0.72 0.74
v 13.6533905 -11.5425942 11.0000000 0.7 0.72 0.74
v 13.1551299 -11.4551299 11.0000000 0.7 0.72 0.74
v 13.1537858 -11.3875438 11.0000000 0.7 0.72 0.74
v 13.1497559 -11.3200646 11.0000000 0.7 0.72 0.74
v 13.1430464 -11.2527989 11.0000000 0.7 0.72 0.74
v 13.1336679 -11.1858532 11.0000000 0.7 0.72 0.74
v 13.1216354 -11.1193333 11.0000000 0.7 0.72 0.74
v 13.1069677 -11.0533443 11.0000000 0.7 0.72 0.74
v 13.0896882 -10.9879906 11.0000000 0.7 0.72 0.74
v 13.0698241 -10.9233756 11.0000000 0.7 0.72 0.74
v 13.0474068 -10.8596014 11.0000000 0.7 0.72 0.74
v 13.0224718 -10.7967689 11.0000000 0.7 0.72 0.74
v 12.9950585 -10.7349773 11.0000000 0.7 0.72 0.74
v 12.9652103 -10.6743245 11.0000000 0.7 0.72 0.74
v 12.9329743 -10.6149062 11.0000000 0.7 0.72 0.74
v 12.8984016 -10.5568166 11.0000000 0.7 0.72 0.74
v 12.8615467 -10.5001473 11.0000000 0.7 0.72 0.74
v 12.8224680 -10.4449881 11.0000000 0.7 0.72 0.74
v 12.7812273 -10.3914261 11.0000000 0.7 0.72 0.74
v 12.7378897 -10.3395461 11.0000000 0.7 0.72 0.74
v 12.6925238 -10.2894300 11.0000000 0.7 0.72 0.74
v 12.6452014 -10.2411571 11.0000000 0.7 0.72 0.74
v 12.5959972 -10.1948038 11.0000000 0.7 0.72 0.74
v 12.5449890 -10.1504433 11.0000000 0.7 0.72 0.74
v 12.4922576 -10.1081458 11.0000000 0.7 0.72 0.74
v 12.4378863 -10.0679781 11.0000000 0.7 0.72 0.74
v 12.3819610 -10.0300039 11.0000000 0.7 0.72 0.74
v 12.3245702 -9.9942830 11.0000000 0.7 0.72 0.74
v 12.2658046 -9.9608720 11.0000000 0.7 0.72 0.74
v 12.2057572 -9.9298238 11.0000000 0.7 0.72 0.74
v 12.1445229 -9.9011874 11.0000000 0.7 0.72 0.74
v 12.0821985 -9.8750081 11.0000000 0.7 0.72 0.74
v 12.0188826 -9.8513272 11.0000000 0.7 0.72 0.74
v 11.9546753 -9.8301824 11.0000000 0.7 0.72 0.74
v 11.8896781 -9.8116069 11.0000000 0.7 0.72 0.74
v 11.8239938 -9.7956301 11.0000000 0.7 0.72 0.74
v 11.7577263 -9.7822774 11.0000000 0.7 0.72 0.74
v 11.6909803 -9.7715698 11.0000000 0.7 0.72 0.74
v 11.6238613 -9.7635242 11.0000000 0.7 0.72 0.74
v 11.5564756 -9.7581534 11.0000000 0.7 0.72 0.74
v 11.4889296 -9.7554659 11.0000000 0.7 0.72 0.74
v 11.4213301 -9.7554659 11.0000000 0.7 0.72 0.74
v 11.3537841 -9.7581534 11.0000000 0.7 0.72 0.74
v 11.2863984 -9.7635242 11.0000000 0.7 0.72 0.74
v 11.2192795 -9.7715698 11.0000000 0.7 0.72 0.74
v 11.1525334 -9.7822774 11.0000000 0.7 0.72 0.74
v 11.0862659 -9.7956301 11.0000000 0.7 0.72 0.74
v 11.0205816 -9.8116069 11.0000000 0.7 0.72 0.74
v 10.9555844 -9.8301824 11.0000000 0.7 0.72 0.74
v 10.8913771 -9.8513272 11.0000000 0.7 0.72 0.74
v 10.8280612 -9.8750081 11.0000000 0.7 0.72 0.74
v 10.7657368 -9.9011874 11.0000000 0.7 0.72 0.74
v 10.7045025 -9.9298238 11.0000000 0.7 0.72 0.74
v 10.6444551 -9.9608720 11.0000000 0.7 0.72 0.74
v 10.5856895 -9.9942830 11.0000000 0.7 0.72 0.74
v 10.5282987 -10.0300039 11.0000000 0.7 0.72 0.74
v 10.4723735 -10.0679781 11.0000000 0.7 0.72 0.74
v 10.4180021 -10.1081458 11.0000000 0.7 0.72 0.74
v 10.3652707 -10.1504433 11.0000000 0.7 0.72 0.74
v 10.3142625 -10.1948038 11.0000000 0.7 0.72 0.74
v 10.2650583 -10.2411571 11.0000000 0.7 0.72 0.74
v 10.2177359 -10.2894300 11.0000000 0.7 0.72 0.74
v 10.1723700 -10.3395461 11.0000000 0.7 0.72 0.74
v 10.1290324 -10.3914261 11.0000000 0.7 0.72 0.74
v 10.0877917 -10.4449881 11.0000000 0.7 0.72 0.74
v 10.0487130 -10.5001473 11.0000000 0.7 0.72 0.74
v 10.0118581 -10.5568166 11.0000000 0.7 0.72 0.74
v 9.9772854 -10.6149062 11.0000000 0.7 0.72 0.74
v 9.9450494 -10.6743245 11.0000000 0.7 0.72 0.74
v 9.9152012 -10.7349773 11.0000000 0.7 0.72 0.74
v 9.8877879 -10.7967689 11.0000000 0.7 0.72 0.74
v 9.8628529 -10.8596014 11.0000000 0.7 0.72 0.74
v 9.8404356 -10.9233756 11.0000000 0.7 0.72 0.74
v 9.8205715 -10.9879906 11.0000000 0.7 0.72 0.74
v 9.8032920 -11.0533443 11.0000000 0.7 0.72 0.74
v 9.7886243 -11.1193333 11.0000000 0.7 0.72 0.74
v 9.7765918 -11.1858532 11.0000000 0.7 0.72 0.74
v 9.7672133 -11.2527989 11.0000000 0.7 0.72 0.74
v 9.7605038 -11.3200646 11.0000000 0.7 0.72 0.74
v 9.7564739 -11.3875438 11.0000000 0.7 0.72 0.74
v 9.7551299 -11.4551299 11.0000000 0.7 0.72 0.74
v 9.7564739 -11.5227159 11.0000000 0.7 0.72 0.74
v 9.7605038 -11.5901951 11.0000000 0.7 0.72 0.74
v 9.7672133 -11.6574608 11.0000000 0.7 0.72 0.74
v 9.7765918 -11.7244065 11.0000000 0.7 0.72 0.74
v 9.7886243 -11.7909264 11.0000000 0.7 0.72 0.74
v 9.8032920 -11.8569154 11.0000000 0.7 0.72 0.74
v 9.8205715 -11.9222691 11.0000000 0.7 0.72 0.74
v 9.8404356 -11.9868841 11.0000000 0.7 0.72 0.74
v 9.8628529 -12.0506583 11.0000000 0.7 0.72 0.74
v 9.8877879 -12.1134909 11.0000000 0.7 0.72 0.74
v 9.9152012 -12.1752824 11.0000000 0.7 0.72 0.74
v 9.9450494 -12.2359352 11.0000000 0.7 0.72 0.74
v 9.9772854 -12.2953535 11.0000000 0.7 0.72 0.74
v 10.0118581 -12.3534431 11.0000000 0.7 0.72 0.74
v 10.0487130 -12.4101124 11.0000000 0.7 0.72 0.74
v 10.0877917 -12.4652716 11.0000000 0.7 0.72 0.74
v 10.1290324 -12.5188336 11.0000000 0.7 0.72 0.74
v 10.1723700 -12.5707136 11.0000000 0.7 0.72 0.74
v 10.2177359 -12.6208297 11.0000000 0.7 0.72 0.74
v 10.2650583 -12.6691026 11.0000000 0.7 0.72 0.74
v 10.3142625 -12.7154559 11.0000000 0.7 0.72 0.74
v 10.3652707 -12.7598164 11.0000000 0.7 0.72 0.74
v 10.4180021 -12.8021139 11.0000000 0.7 0.72 0.74
v 10.4723735 -12.8422816 11.0000000 0.7 0.72 0.74
v 10.5282987 -12.8802558 11.0000000 0.7 0.72 0.74
v 10.5856895 -12.9159767 11.0000000 0.7 0.72 0.74
v 10.6444551 -12.9493877 11.0000000 0.7 0.72 0.74
v 10.7045025 -12.9804359 11.0000000 0.7 0.72 0.74
v 10.7657368 -13.0090723 11.0000000 0.7 0.72 0.74
v 10.8280612 -13.0352516 11.0000000 0.7 0.72 0.74
v 10.8913771 -13.0589325 11.0000000 0.7 0.72 0.74
v 10.9555844 -13.0800773 11.0000000 0.7 0.72 0.74
v 11.0205816 -13.0986528 11.0000000 0.7 0.72 0.74
v 11.0862659 -13.1146296 11.0000000 0.7 0.72 0.74
v 11.1525334 -13.1279823 11.0000000 0.7 0.72 0.74
v 11.2192795 -13.1386899 11.0000000 0.7 0.72 0.74
v 11.2863984 -13.1467355 11.0000000 0.7 0.72 0.74
v 11.3537841 -13.1521063 11.0000000 0.7 0.72 0.74
v 11.4213301 -13.1547938 11.0000000 0.7 0.72 0.74
v 11.4889296 -13.1547938 11.0000000 0.7 0.72 0.74
v 11.5564756 -13.1521063 11.0000000 0.7 0.72 0.74
v 11.6238613 -13.1467355 11.0000000 0.7 0.72 0.74
v 11.6909803 -13.1386899 11.0000000 0.7 0.72 0.74
v 11.7577263 -13.1279823 11.0000000 0.7 0.72 0.74
v 11.8239938 -13.1146296 11.0000000 0.7 0.72 0.74
v 11.8896781 -13.0986528 11.0000000 0.7 0.72 0.74
v 11.9546753 -13.0800773 11.0000000 0.7 0.72 0.74
v 12.0188826 -13.0589325 11.0000000 0.7 0.72 0.74
v 12.0821985 -13.0352516 11.0000000 0.7 0.72 0.74
v 12.1445229 -13.0090723 11.0000000 0.7 0.72 0.74
v 12.2057572 -12.9804359 11.0000000 0.7 0.72 0.74
v 12.2658046 -12.9493877 11.0000000 0.7 0.72 0.74
v 12.3245702 -12.9159767 11.0000000 0.7 0.72 0.74
v 12.3819610 -12.8802558 11.0000000 0.7 0.72 0.74
v 12.4378863 -12.8422816 11.0000000 0.7 0.72 0.74
v 12.4922576 -12.8021139 11.0000000 0.7 0.72 0.74
v 12.5449890 -12.7598164 11.0000000 0.7 0.72 0.74
v 12.5959972 -12.7154559 11.0000000 0.7 0.72 0.74
v 12.6452014 -12.6691026 11.0000000 0.7 0.72 0.74
v 12.6925238 -12.6208297 11.0000000 0.7 0.72 0.74
v 12.7378897 -12.5707136 11.0000000 0.7 0.72 0.74
v 12.7812273 -12.5188336 11.0000000 0.7 0.72 0.74
v 12.8224680 -12.4652716 11.0000000 0.7 0.72 0.74
v 12.8615467 -12.4101124 11.0000000 0.7 0.72 0.74
v 12.8984016 -12.3534431 11.0000000 0.7 0.72 0.74
v 12.9329743 -12.2953535 11.0000000 0.7 0.72 0.74
v 12.9652103 -12.2359352 11.0000000 0.7 0.72 0.74
v 12.9950585 -12.1752824 11.0000000 0.7 0.72 0.74
v 13.0224718 -12.1134909 11.0000000 0.7 0.72 0.74
v 13.0474068 -12.0506583 11.0000000 0.7 0.72 0.74
v 13.0698241 -11.9868841 11.0000000 0.7 0.72 0.74
v 13.0896882 -11.9222691 11.0000000 0.7 0.72 0.74
v 13.1069677 -11.8569154 11.0000000 0.7 0.72 0.74
v 13.1216354 -11.7909264 11.0000000 0.7 0.72 0.74
v 13.1336679 -11.7244065 11.0000000 0.7 0.72 0.74
v 13.1430464 -11.6574608 11.0000000 0.7 0.72 0.74
v 13.1497559 -11.5901951 11.0000000 0.7 0.72 0.74
v 13.1537858 -11.5227159 11.0000000 0.7 0.72 0.74
usemtl PCB_Spacers
s off
f 162 2 1
f 162 3 2
f 163 4 3
f 163 5 4
f 163 3 162
f 164 5 163
f 165 6 5
f 165 5 164
f 166 7 6
f 166 8 7
f 166 6 165
f 167 9 8
f 167 8 166
f 168 9 167
f 169 10 9
f 169 11 10
f 169 9 168
f 170 12 11
f 170 11 169
f 171 12 170
f 172 13 12
f 172 12 171
f 173 14 13
f 173 13 172
f 174 15 14
f 174 14 173
f 175 16 15
f 175 15 174
f 176 17 16
f 176 16 175
f 177 18 17
f 177 17 176
f 178 19 18
f 178 18 177
f 179 20 19
f 179 19 178
f 180 21 20
f 180 22 21
f 180 20 179
f 181 22 180
f 182 22 181
f 182 23 22
f 183 23 182
f 183 24 23
f 184 24 183
f 184 25 24
f 184 26 25
f 185 26 184
f 186 26 185
f 186 27 26
f 187 27 186
f 187 28 27
f 188 29 28
f 188 28 187
f 189 30 29
f 189 29 188
f 190 31 30
f 190 30 189
f 191 32 31
f 191 31 190
f 192 33 32
f 192 32 191
f 193 34 33
f 193 35 34
f 193 33 192
f 194 35 193
f 195 36 35
f 195 35 194
f 196 37 36
f 196 36 195
f 197 38 37
f 197 39 38
f 197 37 196
f 198 40 39
f 198 39 197
f 199 40 198
f 200 41 40
f 200 42 41
f 200 40 199
f 201 42 200
f 202 43 42
f 202 44 43
f 202 42 201
f 203 44 202
f 204 45 44
f 204 46 45
f 204 44 203
f 205 47 46
f 205 46 204
f 206 47 205
f 207 47 206
f 207 48 47
f 207 49 48
f 208 49 207
f 209 49 208
f 209 50 49
f 209 51 50
f 210 51 209
f 211 51 210
f 211 52 51
f 211 53 52
f 212 53 211
f 213 53 212
f 213 54 53
f 213 55 54
f 214 55 213
f 215 55 214
f 215 56 55
f 216 56 215
f 216 57 56
f 217 57 216
f 217 58 57
f 217 59 58
f 218 59 217
f 219 59 218
f 219 60 59
f 220 60 219
f 220 61 60
f 220 62 61
f 221 62 220
f 222 62 221
f 222 63 62
f 223 64 63
f 223 65 64
f 223 63 222
f 224 65 223
f 225 66 65
f 225 65 224
f 226 67 66
f 226 66 225
f 227 68 67
f 227 69 68
f 227 67 226
f 228 69 227
f 229 70 69
f 229 71 70
f 229 69 228
f 230 71 229
f 231 72 71
f 231 71 230
f 232 73 72
f 232 74 73
f 232 72 231
f 233 74 232
f 234 74 233
f 234 75 74
f 234 76 75
f 235 76 234
f 236 76 235
f 236 77 76
f 237 77 236
f 237 78 77
f 238 78 237
f 238 79 78
f 239 79 238
f 239 80 79
f 240 80 239
f 240 81 80
f 241 81 240
f 241 82 81
f 242 82 241
f 242 83 82
f 243 83 242
f 243 84 83
f 243 85 84
f 244 85 243
f 245 85 244
f 245 86 85
f 246 86 245
f 246 87 86
f 247 87 246
f 247 88 87
f 248 88 247
f 248 89 88
f 248 90 89
f 249 90 248
f 250 90 249
f 250 91 90
f 250 92 91
f 251 92 250
f 252 92 251
f 252 93 92
f 253 93 252
f 253 94 93
f 254 94 253
f 254 95 94
f 255 96 95
f 255 95 254
f 256 97 96
f 256 96 255
f 257 97 256
f 257 98 97
f 258 98 257
f 258 99 98
f 259 99 258
f 259 100 99
f 259 101 100
f 260 101 259
f 261 102 101
f 261 101 260
f 262 103 102
f 262 102 261
f 263 104 103
f 263 103 262
f 264 105 104
f 264 104 263
f 265 106 105
f 265 105 264
f 266 107 106
f 266 108 107
f 266 106 265
f 267 108 266
f 268 109 108
f 268 110 109
f 268 108 267
f 269 110 268
f 270 111 110
f 270 112 111
f 270 110 269
f 271 112 270
f 272 113 112
f 272 114 113
f 272 112 271
f 273 115 114
f 273 114 272
f 274 115 273
f 275 116 115
f 275 115 274
f 276 117 116
f 276 118 117
f 276 116 275
f 277 118 276
f 278 119 118
f 278 120 119
f 278 118 277
f 279 120 278
f 280 121 120
f 280 120 279
f 281 122 121
f 281 121 280
f 282 123 122
f 282 122 281
f 283 123 282
f 283 124 123
f 283 125 124
f 284 125 283
f 285 125 284
f 285 126 125
f 286 126 285
f 286 127 126
f 287 127 286
f 287 128 127
f 288 128 287
f 288 129 128
f 289 130 129
f 289 129 288
f 290 131 130
f 290 130 289
f 291 132 131
f 291 131 290
f 292 133 132
f 292 132 291
f 293 134 133
f 293 133 292
f 294 135 134
f 294 134 293
f 295 136 135
f 295 135 294
f 296 137 136
f 296 136 295
f 297 138 137
f 297 137 296
f 298 139 138
f 298 138 297
f 299 140 139
f 299 139 298
f 300 141 140
f 300 140 299
f 301 142 141
f 301 141 300
f 302 143 142
f 302 142 301
f 303 144 143
f 303 143 302
f 304 145 144
f 304 144 303
f 305 146 145
f 305 145 304
f 306 147 146
f 306 146 305
f 307 148 147
f 307 147 306
f 308 148 307
f 308 149 148
f 309 149 308
f 309 150 149
f 310 150 309
f 310 151 150
f 311 151 310
f 311 152 151
f 312 152 311
f 312 153 152
f 313 153 312
f 313 154 153
f 314 154 313
f 314 155 154
f 315 155 314
f 315 156 155
f 316 156 315
f 316 157 156
f 317 157 316
f 317 158 157
f 318 158 317
f 318 159 158
f 161 159 318
f 161 160 159
f 480 319 320
f 480 320 321
f 481 321 322
f 481 322 323
f 481 480 321
f 482 481 323
f 483 323 324
f 483 482 323
f 484 324 325
f 484 325 326
f 484 483 324
f 485 326 327
f 485 484 326
f 486 485 327
f 487 327 328
f 487 328 329
f 487 486 327
f 488 329 330
f 488 487 329
f 489 488 330
f 490 330 331
f 490 489 330
f 491 331 332
f 491 490 331
f 492 332 333
f 492 491 332
f 493 333 334
f 493 492 333
f 494 334 335
f 494 493 334
f 495 335 336
f 495 494 335
f 496 336 337
f 496 495 336
f 497 337 338
f 497 496 337
f 498 338 339
f 498 339 340
f 498 497 338
f 499 498 340
f 500 499 340
f 500 340 341
f 501 500 341
f 501 341 342
f 502 501 342
f 502 342 343
f 502 343 344
f 503 502 344
f 504 503 344
f 504 344 345
f 505 504 345
f 505 345 346
f 506 346 347
f 506 505 346
f 507 347 348
f 507 506 347
f 508 348 349
f 508 507 348
f 509 349 350
f 509 508 349
f 510 350 351
f 510 509 350
f 511 351 352
f 511 352 353
f 511 510 351
f 512 511 353
f 513 353 354
f 513 512 353
f 514 354 355
f 514 513 354
f 515 355 356
f 515 356 357
f 515 514 355
f 516 357 358
f 516 515 357
f 517 516 358
f 518 358 359
f 518 359 360
f 518 517 358
f 519 518 360
f 520 360 361
f 520 361 362
f 520 519 360
f 521 520 362
f 522 362 363
f 522 363 364
f 522 521 362
f 523 364 365
f 523 522 364
f 524 523 365
f 525 524 365
f 525 365 366
f 525 366 367
f 526 525 367
f 527 526 367
f 527 367 368
f 527 368 369
f 528 527 369
f 529 528 369
f 529 369 370
f 529 370 371
f 530 529 371
f 531 530 371
f 531 371 372
f 531 372 373
f 532 531 373
f 533 532 373
f 533 373 374
f 534 533 374
f 534 374 375
f 535 534 375
f 535 375 376
f 535 376 377
f 536 535 377
f 537 536 377
f 537 377 378
f 538 537 378
f 538 378 379
f 538 379 380
f 539 538 380
f 540 539 380
f 540 380 381
f 541 381 382
f 541 382 383
f 541 540 381
f 542 541 383
f 543 383 384
f 543 542 383
f 544 384 385
f 544 543 384
f 545 385 386
f 545 386 387
f 545 544 385
f 546 545 387
f 547 387 388
f 547 388 389
f 547 546 387
f 548 547 389
f 549 389 390
f 549 548 389
f 550 390 391
f 550 391 392
f 550 549 390
f 551 550 392
f 552 551 392
f 552 392 393
f 552 393 394
f 553 552 394
f 554 553 394
f 554 394 395
f 555 554 395
f 555 395 396
f 556 555 396
f 556 396 397
f 557 556 397
f 557 397 398
f 558 557 398
f 558 398 399
f 559 558 399
f 559 399 400
f 560 559 400
f 560 400 401
f 561 560 401
f 561 401 402
f 561 402 403
f 562 561 403
f 563 562 403
f 563 403 404
f 564 563 404
f 564 404 405
f 565 564 405
f 565 405 406
f 566 565 406
f 566 406 407
f 566 407 408
f 567 566 408
f 568 567 408
f 568 408 409
f 568 409 410
f 569 568 410
f 570 569 410
f 570 410 411
f 571 570 411
f 571 411 412
f 572 571 412
f 572 412 413
f 573 413 414
f 573 572 413
f 574 414 415
f 574 573 414
f 575 574 415
f 575 415 416
f 576 575 416
f 576 416 417
f 577 576 417
f 577 417 418
f 577 418 419
f 578 577 419
f 579 419 420
f 579 578 419
f 580 420 421
f 580 579 420
f 581 421 422
f 581 580 421
f 582 422 423
f 582 581 422
f 583 423 424
f 583 582 423
f 584 424 425
f 584 425 426
f 584 583 424
f 585 584 426
f 586 426 427
f 586 427 428
f 586 585 426
f 587 586 428
f 588 428 429
f 588 429 430
f 588 587 428
f 589 588 430
f 590 430 431
f 590 431 432
f 590 589 430
f 591 432 433
f 591 590 432
f 592 591 433
f 593 433 434
f 593 592 433
f 594 434 435
f 594 435 436
f 594 593 434
f 595 594 436
f 596 436 437
f 596 437 438
f 596 595 436
f 597 596 438
f 598 438 439
f 598 597 438
f 599 439 440
f 599 598 439
f 600 440 441
f 600 599 440
f 601 600 441
f 601 441 442
f 601 442 443
f 602 601 443
f 603 602 443
f 603 443 444
f 604 603 444
f 604 444 445
f 605 604 445
f 605 445 446
f 606 605 446
f 606 446 447
f 607 447 448
f 607 606 447
f 608 448 449
f 608 607 448
f 609 449 450
f 609 608 449
f 610 450 451
f 610 609 450
f 611 451 452
f 611 610 451
f 612 452 453
f 612 611 452
f 613 453 454
f 613 612 453
f 614 454 455
f 614 613 454
f 615 455 456
f 615 614 455
f 616 456 457
f 616 615 456
f 617 457 458
f 617 616 457
f 618 458 459
f 618 617 458
f 619 459 460
f 619 618 459
f 620 460 461
f 620 619 460
f 621 461 462
f 621 620 461
f 622 462 463
f 622 621 462
f 623 463 464
f 623 622 463
f 624 464 465
f 624 623 464
f 625 465 466
f 625 624 465
f 626 625 466
f 626 466 467
f 627 626 467
f 627 467 468
f 628 627 468
f 628 468 469
f 629 628 469
f 629 469 470
f 630 629 470
f 630 470 471
f 631 630 471
f 631 471 472
f 632 631 472
f 632 472 473
f 633 632 473
f 633 473 474
f 634 633 474
f 634 474 475
f 635 634 475
f 635 475 476
f 636 635 476
f 636 476 477
f 479 636 477
f 479 477 478
f 894 737 736
f 893 894 736
f 893 736 735
f 895 738 737
f 895 737 894
f 892 893 735
f 892 735 734
f 896 739 738
f 896 738 895
f 891 892 734
f 891 734 733
f 897 740 739
f 897 739 896
f 890 733 732
f 890 891 733
f 898 741 740
f 898 740 897
f 889 890 732
f 889 732 731
f 899 742 741
f 899 741 898
f 888 889 731
f 888 731 730
f 900 743 742
f 900 742 899
f 887 888 730
f 887 730 729
f 901 743 900
f 901 744 743
f 886 887 729
f 886 729 728
f 902 745 744
f 902 744 901
f 885 886 728
f 885 728 727
f 903 746 745
f 903 745 902
f 884 885 727
f 884 727 726
f 904 747 746
f 904 746 903
f 883 884 726
f 883 726 725
f 905 748 747
f 905 747 904
f 882 883 725
f 882 725 724
f 906 749 748
f 906 748 905
f 881 882 724
f 881 724 723
f 907 749 906
f 880 881 723
f 880 723 722
f 908 750 749
f 908 751 750
f 908 749 907
f 879 880 722
f 879 722 721
f 909 752 751
f 909 751 908
f 878 879 721
f 878 721 720
f 910 753 752
f 910 752 909
f 877 878 720
f 877 719 718
f 877 720 719
f 911 754 753
f 911 753 910
f 876 877 718
f 912 755 754
f 912 754 911
f 875 876 718
f 875 718 717
f 913 755 912
f 874 717 716
f 874 875 717
f 914 756 755
f 914 757 756
f 914 755 913
f 873 716 715
f 873 874 716
f 915 758 757
f 915 757 914
f 872 873 715
f 872 715 714
f 916 759 758
f 916 758 915
f 871 714 713
f 871 872 714
f 917 759 916
f 870 871 713
f 870 713 712
f 918 759 917
f 918 760 759
f 918 761 760
f 869 870 712
f 869 711 710
f 869 712 711
f 919 761 918
f 919 762 761
f 868 869 710
f 920 762 919
f 867 710 709
f 867 868 710
f 921 763 762
f 921 764 763
f 921 762 920
f 866 867 709
f 866 709 708
f 922 764 921
f 865 866 708
f 865 707 706
f 865 708 707
f 923 764 922
f 923 765 764
f 864 865 706
f 924 765 923
f 924 766 765
f 863 864 706
f 863 705 704
f 863 706 705
f 925 767 766
f 925 766 924
f 862 863 704
f 862 704 703
f 926 768 767
f 926 767 925
f 861 862 703
f 927 769 768
f 927 768 926
f 860 861 703
f 860 703 702
f 928 769 927
f 928 770 769
f 859 702 701
f 859 860 702
f 929 771 770
f 929 770 928
f 858 701 700
f 858 859 701
f 699 858 700
f 930 772 771
f 930 771 929
f 773 772 930
f 857 858 699
f 698 857 699
f 931 773 930
f 856 857 698
f 932 773 931
f 932 774 773
f 697 856 698
f 855 856 697
f 933 774 932
f 933 775 774
f 696 854 855
f 696 855 697
f 934 775 933
f 776 775 934
f 695 854 696
f 695 853 854
f 777 776 934
f 777 934 935
f 936 777 935
f 694 852 853
f 694 853 695
f 778 777 936
f 693 851 852
f 693 852 694
f 779 778 936
f 779 936 937
f 692 850 851
f 692 851 693
f 780 779 937
f 780 937 938
f 691 848 849
f 691 849 850
f 691 850 692
f 781 939 940
f 781 780 938
f 781 938 939
f 690 848 691
f 782 781 940
f 689 847 848
f 689 848 690
f 783 940 941
f 783 782 940
f 688 845 846
f 688 846 847
f 688 847 689
f 784 941 942
f 784 783 941
f 687 845 688
f 785 942 943
f 785 784 942
f 686 844 845
f 686 845 687
f 786 943 944
f 786 785 943
f 685 843 844
f 685 844 686
f 787 944 945
f 787 786 944
f 684 842 843
f 684 843 685
f 788 945 946
f 788 787 945
f 683 841 842
f 683 842 684
f 789 946 947
f 789 788 946
f 682 840 841
f 682 841 683
f 790 947 948
f 790 789 947
f 681 839 840
f 681 840 682
f 791 948 949
f 791 790 948
f 680 838 839
f 680 839 681
f 680 837 838
f 792 949 950
f 792 791 949
f 679 837 680
f 793 950 951
f 793 792 950
f 678 837 679
f 678 836 837
f 794 951 952
f 794 952 795
f 794 793 951
f 677 836 678
f 677 835 836
f 637 795 796
f 637 794 795
f 676 835 677
f 676 833 834
f 676 834 835
f 638 637 796
f 675 833 676
f 639 638 796
f 639 796 797
f 674 833 675
f 674 832 833
f 640 797 798
f 640 639 797
f 673 832 674
f 673 831 832
f 641 640 798
f 641 798 799
f 641 799 800
f 672 831 673
f 672 830 831
f 642 641 800
f 671 830 672
f 671 828 829
f 671 829 830
f 643 800 801
f 643 642 800
f 670 828 671
f 644 801 802
f 644 643 801
f 669 828 670
f 669 827 828
f 645 802 803
f 645 644 802
f 668 826 827
f 668 827 669
f 646 645 803
f 646 803 804
f 667 825 826
f 667 826 668
f 647 804 805
f 647 805 806
f 647 646 804
f 666 824 825
f 666 825 667
f 648 647 806
f 665 824 666
f 665 823 824
f 649 648 806
f 649 806 807
f 664 823 665
f 664 822 823
f 650 649 807
f 650 807 808
f 650 808 809
f 663 822 664
f 663 821 822
f 651 650 809
f 662 821 663
f 662 820 821
f 652 651 809
f 652 809 810
f 652 810 811
f 661 820 662
f 661 819 820
f 653 652 811
f 660 819 661
f 660 818 819
f 654 653 811
f 654 811 812
f 659 818 660
f 659 817 818
f 655 654 812
f 655 812 813
f 658 817 659
f 658 816 817
f 656 655 813
f 656 813 814
f 657 816 658
f 657 656 814
f 657 814 815
f 657 815 816
f 1210 1052 1053
f 1209 1052 1210
f 1209 1051 1052
f 1211 1053 1054
f 1211 1210 1053
f 1208 1051 1209
f 1208 1050 1051
f 1212 1054 1055
f 1212 1211 1054
f 1207 1050 1208
f 1207 1049 1050
f 1213 1055 1056
f 1213 1212 1055
f 1206 1048 1049
f 1206 1049 1207
f 1214 1056 1057
f 1214 1213 1056
f 1205 1048 1206
f 1205 1047 1048
f 1215 1057 1058
f 1215 1214 1057
f 1204 1047 1205
f 1204 1046 1047
f 1216 1058 1059
f 1216 1215 1058
f 1203 1046 1204
f 1203 1045 1046
f 1217 1216 1059
f 1217 1059 1060
f 1202 1045 1203
f 1202 1044 1045
f 1218 1060 1061
f 1218 1217 1060
f 1201 1044 1202
f 1201 1043 1044
f 1219 1061 1062
f 1219 1218 1061
f 1200 1043 1201
f 1200 1042 1043
f 1220 1062 1063
f 1220 1219 1062
f 1199 1042 1200
f 1199 1041 1042
f 1221 1063 1064
f 1221 1220 1063
f 1198 1041 1199
f 1198 1040 1041
f 1222 1064 1065
f 1222 1221 1064
f 1197 1040 1198
f 1197 1039 1040
f 1223 1222 1065
f 1196 1039 1197
f 1196 1038 1039
f 1224 1065 1066
f 1224 1066 1067
f 1224 1223 1065
f 1195 1038 1196
f 1195 1037 1038
f 1225 1067 1068
f 1225 1224 1067
f 1194 1037 1195
f 1194 1036 1037
f 1226 1068 1069
f 1226 1225 1068
f 1193 1036 1194
f 1193 1034 1035
f 1193 1035 1036
f 1227 1069 1070
f 1227 1226 1069
f 1192 1034 1193
f 1228 1070 1071
f 1228 1227 1070
f 1191 1034 1192
f 1191 1033 1034
f 1229 1228 1071
f 1190 1032 1033
f 1190 1033 1191
f 1230 1071 1072
f 1230 1072 1073
f 1230 1229 1071
f 1189 1031 1032
f 1189 1032 1190
f 1231 1073 1074
f 1231 1230 1073
f 1188 1031 1189
f 1188 1030 1031
f 1232 1074 1075
f 1232 1231 1074
f 1187 1029 1030
f 1187 1030 1188
f 1233 1232 1075
f 1186 1029 1187
f 1186 1028 1029
f 1234 1233 1075
f 1234 1075 1076
f 1234 1076 1077
f 1185 1028 1186
f 1185 1026 1027
f 1185 1027 1028
f 1235 1234 1077
f 1235 1077 1078
f 1184 1026 1185
f 1236 1235 1078
f 1183 1025 1026
f 1183 1026 1184
f 1237 1078 1079
f 1237 1079 1080
f 1237 1236 1078
f 1182 1025 1183
f 1182 1024 1025
f 1238 1237 1080
f 1181 1024 1182
f 1181 1022 1023
f 1181 1023 1024
f 1239 1238 1080
f 1239 1080 1081
f 1180 1022 1181
f 1240 1239 1081
f 1240 1081 1082
f 1179 1022 1180
f 1179 1020 1021
f 1179 1021 1022
f 1241 1082 1083
f 1241 1240 1082
f 1178 1020 1179
f 1178 1019 1020
f 1242 1083 1084
f 1242 1241 1083
f 1177 1019 1178
f 1243 1084 1085
f 1243 1242 1084
f 1176 1019 1177
f 1176 1018 1019
f 1244 1243 1085
f 1244 1085 1086
f 1175 1017 1018
f 1175 1018 1176
f 1245 1086 1087
f 1245 1244 1086
f 1174 1016 1017
f 1174 1017 1175
f 1015 1016 1174
f 1246 1087 1088
f 1246 1245 1087
f 1089 1246 1088
f 1173 1015 1174
f 1014 1015 1173
f 1247 1246 1089
f 1172 1014 1173
f 1248 1247 1089
f 1248 1089 1090
f 1013 1014 1172
f 1171 1013 1172
f 1249 1248 1090
f 1249 1090 1091
f 1012 1171 1170
f 1012 1013 1171
f 1250 1249 1091
f 1092 1250 1091
f 1011 1012 1170
f 1011 1170 1169
f 1093 1250 1092
f 1093 1251 1250
f 1252 1251 1093
f 1010 1169 1168
f 1010 1011 1169
f 1094 1252 1093
f 1009 1168 1167
f 1009 1010 1168
f 1095 1252 1094
f 1095 1253 1252
f 1008 1167 1166
f 1008 1009 1167
f 1096 1253 1095
f 1096 1254 1253
f 1007 1165 1164
f 1007 1166 1165
f 1007 1008 1166
f 1097 1256 1255
f 1097 1254 1096
f 1097 1255 1254
f 1006 1007 1164
f 1098 1256 1097
f 1005 1164 1163
f 1005 1006 1164
f 1099 1257 1256
f 1099 1256 1098
f 1004 1162 1161
f 1004 1163 1162
f 1004 1005 1163
f 1100 1258 1257
f 1100 1257 1099
f 1003 1004 1161
f 1101 1259 1258
f 1101 1258 1100
f 1002 1161 1160
f 1002 1003 1161
f 1102 1260 1259
f 1102 1259 1101
f 1001 1160 1159
f 1001 1002 1160
f 1103 1261 1260
f 1103 1260 1102
f 1000 1159 1158
f 1000 1001 1159
f 1104 1262 1261
f 1104 1261 1103
f 999 1158 1157
f 999 1000 1158
f 1105 1263 1262
f 1105 1262 1104
f 998 1157 1156
f 998 999 1157
f 1106 1264 1263
f 1106 1263 1105
f 997 1156 1155
f 997 998 1156
f 1107 1265 1264
f 1107 1264 1106
f 996 1155 1154
f 996 997 1155
f 996 1154 1153
f 1108 1266 1265
f 1108 1265 1107
f 995 996 1153
f 1109 1267 1266
f 1109 1266 1108
f 994 995 1153
f 994 1153 1152
f 1110 1268 1267
f 1110 1111 1268
f 1110 1267 1109
f 993 994 1152
f 993 1152 1151
f 953 1112 1111
f 953 1111 1110
f 992 993 1151
f 992 1150 1149
f 992 1151 1150
f 954 1112 953
f 991 992 1149
f 955 1112 954
f 955 1113 1112
f 990 991 1149
f 990 1149 1148
f 956 1114 1113
f 956 1113 955
f 989 990 1148
f 989 1148 1147
f 957 1114 956
f 957 1115 1114
f 957 1116 1115
f 988 989 1147
f 988 1147 1146
f 958 1116 957
f 987 988 1146
f 987 1145 1144
f 987 1146 1145
f 959 1117 1116
f 959 1116 958
f 986 987 1144
f 960 1118 1117
f 960 1117 959
f 985 986 1144
f 985 1144 1143
f 961 1119 1118
f 961 1118 960
f 984 1143 1142
f 984 985 1143
f 962 1119 961
f 962 1120 1119
f 983 1142 1141
f 983 984 1142
f 963 1121 1120
f 963 1122 1121
f 963 1120 962
f 982 1141 1140
f 982 983 1141
f 964 1122 963
f 981 982 1140
f 981 1140 1139
f 965 1122 964
f 965 1123 1122
f 980 981 1139
f 980 1139 1138
f 966 1123 965
f 966 1124 1123
f 966 1125 1124
f 979 980 1138
f 979 1138 1137
f 967 1125 966
f 978 979 1137
f 978 1137 1136
f 968 1125 967
f 968 1126 1125
f 968 1127 1126
f 977 978 1136
f 977 1136 1135
f 969 1127 968
f 976 977 1135
f 976 1135 1134
f 970 1127 969
f 970 1128 1127
f 975 976 1134
f 975 1134 1133
f 971 1128 970
f 971 1129 1128
f 974 975 1133
f 974 1133 1132
f 972 1129 971
f 972 1130 1129
f 973 974 1132
f 973 1130 972
f 973 1131 1130
f 973 1132 1131
f 1430 1270 1269
f 1430 1271 1270
f 1431 1272 1271
f 1431 1273 1272
f 1431 1271 1430
f 1432 1273 1431
f 1433 1274 1273
f 1433 1273 1432
f 1434 1275 1274
f 1434 1276 1275
f 1434 1274 1433
f 1435 1277 1276
f 1435 1276 1434
f 1436 1277 1435
f 1437 1278 1277
f 1437 1279 1278
f 1437 1277 1436
f 1438 1280 1279
f 1438 1279 1437
f 1439 1280 1438
f 1440 1281 1280
f 1440 1280 1439
f 1441 1282 1281
f 1441 1281 1440
f 1442 1283 1282
f 1442 1282 1441
f 1443 1284 1283
f 1443 1283 1442
f 1444 1285 1284
f 1444 1284 1443
f 1445 1286 1285
f 1445 1285 1444
f 1446 1287 1286
f 1446 1286 1445
f 1447 1288 1287
f 1447 1287 1446
f 1448 1289 1288
f 1448 1290 1289
f 1448 1288 1447
f 1449 1290 1448
f 1450 1290 1449
f 1450 1291 1290
f 1451 1291 1450
f 1451 1292 1291
f 1452 1292 1451
f 1452 1293 1292
f 1452 1294 1293
f 1453 1294 1452
f 1454 1294 1453
f 1454 1295 1294
f 1455 1295 1454
f 1455 1296 1295
f 1456 1297 1296
f 1456 1296 1455
f 1457 1298 1297
f 1457 1297 1456
f 1458 1299 1298
f 1458 1298 1457
f 1459 1300 1299
f 1459 1299 1458
f 1460 1301 1300
f 1460 1300 1459
f 1461 1302 1301
f 1461 1303 1302
f 1461 1301 1460
f 1462 1303 1461
f 1463 1304 1303
f 1463 1303 1462
f 1464 1305 1304
f 1464 1304 1463
f 1465 1306 1305
f 1465 1307 1306
f 1465 1305 1464
f 1466 1308 1307
f 1466 1307 1465
f 1467 1308 1466
f 1468 1309 1308
f 1468 1310 1309
f 1468 1308 1467
f 1469 1310 1468
f 1470 1311 1310
f 1470 1312 1311
f 1470 1310 1469
f 1471 1312 1470
f 1472 1313 1312
f 1472 1314 1313
f 1472 1312 1471
f 1473 1315 1314
f 1473 1314 1472
f 1474 1315 1473
f 1475 1315 1474
f 1475 1316 1315
f 1475 1317 1316
f 1476 1317 1475
f 1477 1317 1476
f 1477 1318 1317
f 1477 1319 1318
f 1478 1319 1477
f 1479 1319 1478
f 1479 1320 1319
f 1479 1321 1320
f 1480 1321 1479
f 1481 1321 1480
f 1481 1322 1321
f 1481 1323 1322
f 1482 1323 1481
f 1483 1323 1482
f 1483 1324 1323
f 1484 1324 1483
f 1484 1325 1324
f 1485 1325 1484
f 1485 1326 1325
f 1485 1327 1326
f 1486 1327 1485
f 1487 1327 1486
f 1487 1328 1327
f 1488 1328 1487
f 1488 1329 1328
f 1488 1330 1329
f 1489 1330 1488
f 1490 1330 1489
f 1490 1331 1330
f 1491 1332 1331
f 1491 1333 1332
f 1491 1331 1490
f 1492 1333 1491
f 1493 1334 1333
f 1493 1333 1492
f 1494 1335 1334
f 1494 1334 1493
f 1495 1336 1335
f 1495 1337 1336
f 1495 1335 1494
f 1496 1337 1495
f 1497 1338 1337
f 1497 1339 1338
f 1497 1337 1496
f 1498 1339 1497
f 1499 1340 1339
f 1499 1339 1498
f 1500 1341 1340
f 1500 1342 1341
f 1500 1340 1499
f 1501 1342 1500
f 1502 1342 1501
f 1502 1343 1342
f 1502 1344 1343
f 1503 1344 1502
f 1504 1344 1503
f 1504 1345 1344
f 1505 1345 1504
f 1505 1346 1345
f 1506 1346 1505
f 1506 1347 1346
f 1507 1347 1506
f 1507 1348 1347
f 1508 1348 1507
f 1508 1349 1348
f 1509 1349 1508
f 1509 1350 1349
f 1510 1350 1509
f 1510 1351 1350
f 1511 1351 1510
f 1511 1352 1351
f 1511 1353 1352
f 1512 1353 1511
f 1513 1353 1512
f 1513 1354 1353
f 1514 1354 1513
f 1514 1355 1354
f 1515 1355 1514
f 1515 1356 1355
f 1516 1356 1515
f 1516 1357 1356
f 1516 1358 1357
f 1517 1358 1516
f 1518 1358 1517
f 1518 1359 1358
f 1518 1360 1359
f 1519 1360 1518
f 1520 1360 1519
f 1520 1361 1360
f 1521 1361 1520
f 1521 1362 1361
f 1522 1362 1521
f 1522 1363 1362
f 1523 1364 1363
f 1523 1363 1522
f 1524 1365 1364
f 1524 1364 1523
f 1525 1365 1524
f 1525 1366 1365
f 1526 1366 1525
f 1526 1367 1366
f 1527 1367 1526
f 1527 1368 1367
f 1527 1369 1368
f 1528 1369 1527
f 1529 1370 1369
f 1529 1369 1528
f 1530 1371 1370
f 1530 1370 1529
f 1531 1372 1371
f 1531 1371 1530
f 1532 1373 1372
f 1532 1372 1531
f 1533 1374 1373
f 1533 1373 1532
f 1534 1375 1374
f 1534 1376 1375
f 1534 1374 1533
f 1535 1376 1534
f 1536 1377 1376
f 1536 1378 1377
f 1536 1376 1535
f 1537 1378 1536
f 1538 1379 1378
f 1538 1380 1379
f 1538 1378 1537
f 1539 1380 1538
f 1540 1381 1380
f 1540 1382 1381
f 1540 1380 1539
f 1541 1383 1382
f 1541 1382 1540
f 1542 1383 1541
f 1543 1384 1383
f 1543 1383 1542
f 1544 1385 1384
f 1544 1386 1385
f 1544 1384 1543
f 1545 1386 1544
f 1546 1387 1386
f 1546 1388 1387
f 1546 1386 1545
f 1547 1388 1546
f 1548 1389 1388
f 1548 1388 1547
f 1549 1390 1389
f 1549 1389 1548
f 1550 1391 1390
f 1550 1390 1549
f 1551 1391 1550
f 1551 1392 1391
f 1551 1393 1392
f 1552 1393 1551
f 1553 1393 1552
f 1553 1394 1393
f 1554 1394 1553
f 1554 1395 1394
f 1555 1395 1554
f 1555 1396 1395
f 1556 1396 1555
f 1556 1397 1396
f 1557 1398 1397
f 1557 1397 1556
f 1558 1399 1398
f 1558 1398 1557
f 1559 1400 1399
f 1559 1399 1558
f 1560 1401 1400
f 1560 1400 1559
f 1561 1402 1401
f 1561 1401 1560
f 1562 1403 1402
f 1562 1402 1561
f 1563 1404 1403
f 1563 1403 1562
f 1564 1405 1404
f 1564 1404 1563
f 1565 1406 1405
f 1565 1405 1564
f 1566 1407 1406
f 1566 1406 1565
f 1567 1408 1407
f 1567 1407 1566
f 1568 1409 1408
f 1568 1408 1567
f 1569 1410 1409
f 1569 1409 1568
f 1570 1411 1410
f 1570 1410 1569
f 1571 1412 1411
f 1571 1411 1570
f 1572 1413 1412
f 1572 1412 1571
f 1573 1414 1413
f 1573 1413 1572
f 1574 1415 1414
f 1574 1414 1573
f 1575 1416 1415
f 1575 1415 1574
f 1576 1416 1575
f 1576 1417 1416
f 1577 1417 1576
f 1577 1418 1417
f 1578 1418 1577
f 1578 1419 1418
f 1579 1419 1578
f 1579 1420 1419
f 1580 1420 1579
f 1580 1421 1420
f 1581 1421 1580
f 1581 1422 1421
f 1582 1422 1581
f 1582 1423 1422
f 1583 1423 1582
f 1583 1424 1423
f 1584 1424 1583
f 1584 1425 1424
f 1585 1425 1584
f 1585 1426 1425
f 1586 1426 1585
f 1586 1427 1426
f 1429 1427 1586
f 1429 1428 1427
f 1748 1587 1588
f 1748 1588 1589
f 1749 1589 1590
f 1749 1590 1591
f 1749 1748 1589
f 1750 1749 1591
f 1751 1591 1592
f 1751 1750 1591
f 1752 1592 1593
f 1752 1593 1594
f 1752 1751 1592
f 1753 1594 1595
f 1753 1752 1594
f 1754 1753 1595
f 1755 1595 1596
f 1755 1596 1597
f 1755 1754 1595
f 1756 1597 1598
f 1756 1755 1597
f 1757 1756 1598
f 1758 1598 1599
f 1758 1757 1598
f 1759 1599 1600
f 1759 1758 1599
f 1760 1600 1601
f 1760 1759 1600
f 1761 1601 1602
f 1761 1760 1601
f 1762 1602 1603
f 1762 1761 1602
f 1763 1603 1604
f 1763 1762 1603
f 1764 1604 1605
f 1764 1763 1604
f 1765 1605 1606
f 1765 1764 1605
f 1766 1606 1607
f 1766 1607 1608
f 1766 1765 1606
f 1767 1766 1608
f 1768 1767 1608
f 1768 1608 1609
f 1769 1768 1609
f 1769 1609 1610
f 1770 1769 1610
f 1770 1610 1611
f 1770 1611 1612
f 1771 1770 1612
f 1772 1771 1612
f 1772 1612 1613
f 1773 1772 1613
f 1773 1613 1614
f 1774 1614 1615
f 1774 1773 1614
f 1775 1615 1616
f 1775 1774 1615
f 1776 1616 1617
f 1776 1775 1616
f 1777 1617 1618
f 1777 1776 1617
f 1778 1618 1619
f 1778 1777 1618
f 1779 1619 1620
f 1779 1620 1621
f 1779 1778 1619
f 1780 1779 1621
f 1781 1621 1622
f 1781 1780 1621
f 1782 1622 1623
f 1782 1781 1622
f 1783 1623 1624
f 1783 1624 1625
f 1783 1782 1623
f 1784 1625 1626
f 1784 1783 1625
f 1785 1784 1626
f 1786 1626 1627
f 1786 1627 1628
f 1786 1785 1626
f 1787 1786 1628
f 1788 1628 1629
f 1788 1629 1630
f 1788 1787 1628
f 1789 1788 1630
f 1790 1630 1631
f 1790 1631 1632
f 1790 1789 1630
f 1791 1632 1633
f 1791 1790 1632
f 1792 1791 1633
f 1793 1792 1633
f 1793 1633 1634
f 1793 1634 1635
f 1794 1793 1635
f 1795 1794 1635
f 1795 1635 1636
f 1795 1636 1637
f 1796 1795 1637
f 1797 1796 1637
f 1797 1637 1638
f 1797 1638 1639
f 1798 1797 1639
f 1799 1798 1639
f 1799 1639 1640
f 1799 1640 1641
f 1800 1799 1641
f 1801 1800 1641
f 1801 1641 1642
f 1802 1801 1642
f 1802 1642 1643
f 1803 1802 1643
f 1803 1643 1644
f 1803 1644 1645
f 1804 1803 1645
f 1805 1804 1645
f 1805 1645 1646
f 1806 1805 1646
f 1806 1646 1647
f 1806 1647 1648
f 1807 1806 1648
f 1808 1807 1648
f 1808 1648 1649
f 1809 1649 1650
f 1809 1650 1651
f 1809 1808 1649
f 1810 1809 1651
f 1811 1651 1652
f 1811 1810 1651
f 1812 1652 1653
f 1812 1811 1652
f 1813 1653 1654
f 1813 1654 1655
f 1813 1812 1653
f 1814 1813 1655
f 1815 1655 1656
f 1815 1656 1657
f 1815 1814 1655
f 1816 1815 1657
f 1817 1657 1658
f 1817 1816 1657
f 1818 1658 1659
f 1818 1659 1660
f 1818 1817 1658
f 1819 1818 1660
f 1820 1819 1660
f 1820 1660 1661
f 1820 1661 1662
f 1821 1820 1662
f 1822 1821 1662
f 1822 1662 1663
f 1823 1822 1663
f 1823 1663 1664
f 1824 1823 1664
f 1824 1664 1665
f 1825 1824 1665
f 1825 1665 1666
f 1826 1825 1666
f 1826 1666 1667
f 1827 1826 1667
f 1827 1667 1668
f 1828 1827 1668
f 1828 1668 1669
f 1829 1828 1669
f 1829 1669 1670
f 1829 1670 1671
f 1830 1829 1671
f 1831 1830 1671
f 1831 1671 1672
f 1832 1831 1672
f 1832 1672 1673
f 1833 1832 1673
f 1833 1673 1674
f 1834 1833 1674
f 1834 1674 1675
f 1834 1675 1676
f 1835 1834 1676
f 1836 1835 1676
f 1836 1676 1677
f 1836 1677 1678
f 1837 1836 1678
f 1838 1837 1678
f 1838 1678 1679
f 1839 1838 1679
f 1839 1679 1680
f 1840 1839 1680
f 1840 1680 1681
f 1841 1681 1682
f 1841 1840 1681
f 1842 1682 1683
f 1842 1841 1682
f 1843 1842 1683
f 1843 1683 1684
f 1844 1843 1684
f 1844 1684 1685
f 1845 1844 1685
f 1845 1685 1686
f 1845 1686 1687
f 1846 1845 1687
f 1847 1687 1688
f 1847 1846 1687
f 1848 1688 1689
f 1848 1847 1688
f 1849 1689 1690
f 1849 1848 1689
f 1850 1690 1691
f 1850 1849 1690
f 1851 1691 1692
f 1851 1850 1691
f 1852 1692 1693
f 1852 1693 1694
f 1852 1851 1692
f 1853 1852 1694
f 1854 1694 1695
f 1854 1695 1696
f 1854 1853 1694
f 1855 1854 1696
f 1856 1696 1697
f 1856 1697 1698
f 1856 1855 1696
f 1857 1856 1698
f 1858 1698 1699
f 1858 1699 1700
f 1858 1857 1698
f 1859 1700 1701
f 1859 1858 1700
f 1860 1859 1701
f 1861 1701 1702
f 1861 1860 1701
f 1862 1702 1703
f 1862 1703 1704
f 1862 1861 1702
f 1863 1862 1704
f 1864 1704 1705
f 1864 1705 1706
f 1864 1863 1704
f 1865 1864 1706
f 1866 1706 1707
f 1866 1865 1706
f 1867 1707 1708
f 1867 1866 1707
f 1868 1708 1709
f 1868 1867 1708
f 1869 1868 1709
f 1869 1709 1710
f 1869 1710 1711
f 1870 1869 1711
f 1871 1870 1711
f 1871 1711 1712
f 1872 1871 1712
f 1872 1712 1713
f 1873 1872 1713
f 1873 1713 1714
f 1874 1873 1714
f 1874 1714 1715
f 1875 1715 1716
f 1875 1874 1715
f 1876 1716 1717
f 1876 1875 1716
f 1877 1717 1718
f 1877 1876 1717
f 1878 1718 1719
f 1878 1877 1718
f 1879 1719 1720
f 1879 1878 1719
f 1880 1720 1721
f 1880 1879 1720
f 1881 1721 1722
f 1881 1880 1721
f 1882 1722 1723
f 1882 1881 1722
f 1883 1723 1724
f 1883 1882 1723
f 1884 1724 1725
f 1884 1883 1724
f 1885 1725 1726
f 1885 1884 1725
f 1886 1726 1727
f 1886 1885 1726
f 1887 1727 1728
f 1887 1886 1727
f 1888 1728 1729
f 1888 1887 1728
f 1889 1729 1730
f 1889 1888 1729
f 1890 1730 1731
f 1890 1889 1730
f 1891 1731 1732
f 1891 1890 1731
f 1892 1732 1733
f 1892 1891 1732
f 1893 1733 1734
f 1893 1892 1733
f 1894 1893 1734
f 1894 1734 1735
f 1895 1894 1735
f 1895 1735 1736
f 1896 1895 1736
f 1896 1736 1737
f 1897 1896 1737
f 1897 1737 1738
f 1898 1897 1738
f 1898 1738 1739
f 1899 1898 1739
f 1899 1739 1740
f 1900 1899 1740
f 1900 1740 1741
f 1901 1900 1741
f 1901 1741 1742
f 1902 1901 1742
f 1902 1742 1743
f 1903 1902 1743
f 1903 1743 1744
f 1904 1903 1744
f 1904 1744 1745
f 1747 1904 1745
f 1747 1745 1746
f 2161 2162 2004
f 2161 2004 2003
f 2163 2006 2005
f 2163 2004 2162
f 2163 2005 2004
f 2160 2161 2003
f 2160 2003 2002
f 2164 2007 2006
f 2164 2006 2163
f 2159 2160 2002
f 2159 2002 2001
f 2165 2008 2007
f 2165 2007 2164
f 2158 2001 2000
f 2158 2159 2001
f 2166 2009 2008
f 2166 2008 2165
f 2157 2158 2000
f 2157 2000 1999
f 2167 2009 2166
f 2156 2157 1999
f 2156 1999 1998
f 2168 2010 2009
f 2168 2009 2167
f 2168 2011 2010
f 2155 2156 1998
f 2155 1998 1997
f 2169 2012 2011
f 2169 2011 2168
f 2154 2155 1997
f 2154 1997 1996
f 2170 2013 2012
f 2170 2012 2169
f 2153 2154 1996
f 2153 1996 1995
f 2171 2014 2013
f 2171 2013 2170
f 2152 2153 1995
f 2152 1995 1994
f 2172 2014 2171
f 2151 2152 1994
f 2151 1994 1993
f 2173 2015 2014
f 2173 2016 2015
f 2173 2014 2172
f 2150 2151 1993
f 2150 1993 1992
f 2174 2017 2016
f 2174 2016 2173
f 2149 2150 1992
f 2149 1992 1991
f 2175 2018 2017
f 2175 2017 2174
f 2148 2149 1991
f 2148 1991 1990
f 2176 2019 2018
f 2176 2018 2175
f 2147 2148 1990
f 2147 1990 1989
f 2177 2019 2176
f 2177 2020 2019
f 2146 2147 1989
f 2146 1989 1988
f 2178 2020 2177
f 2145 2146 1988
f 2145 1988 1987
f 2179 2021 2020
f 2179 2020 2178
f 2144 2145 1987
f 2144 1987 1986
f 2180 2022 2021
f 2180 2021 2179
f 2143 1986 1985
f 2143 2144 1986
f 2181 2023 2022
f 2181 2022 2180
f 2142 1985 1984
f 2142 2143 1985
f 2182 2024 2023
f 2182 2025 2024
f 2182 2023 2181
f 2141 1984 1983
f 2141 2142 1984
f 2183 2026 2025
f 2183 2025 2182
f 2140 2141 1983
f 2140 1983 1982
f 2184 2027 2026
f 2184 2026 2183
f 2139 2140 1982
f 2139 1982 1981
f 2185 2027 2184
f 2185 2028 2027
f 2138 2139 1981
f 2138 1981 1980
f 2186 2029 2028
f 2186 2028 2185
f 2137 2138 1980
f 2137 1980 1979
f 2187 2029 2186
f 2187 2030 2029
f 2136 2137 1979
f 2136 1979 1978
f 2188 2031 2030
f 2188 2030 2187
f 2135 2136 1978
f 2135 1977 1976
f 2135 1978 1977
f 2189 2032 2031
f 2189 2031 2188
f 2134 2135 1976
f 2190 2033 2032
f 2190 2032 2189
f 2133 2134 1976
f 2133 1976 1975
f 2191 2033 2190
f 2132 2133 1975
f 2132 1975 1974
f 2192 2034 2033
f 2192 2035 2034
f 2192 2033 2191
f 2131 2132 1974
f 2131 1974 1973
f 2193 2035 2192
f 2130 1973 1972
f 2130 2131 1973
f 2194 2035 2193
f 2194 2036 2035
f 2129 2130 1972
f 2129 1972 1971
f 2195 2037 2036
f 2195 2038 2037
f 2195 2036 2194
f 2128 1970 1969
f 2128 1971 1970
f 2128 2129 1971
f 2196 2039 2038
f 2196 2038 2195
f 2127 2128 1969
f 2197 2039 2196
f 2126 1969 1968
f 2126 2127 1969
f 1967 2126 1968
f 2198 2040 2039
f 2198 2039 2197
f 2125 2126 1967
f 2199 2040 2198
f 2199 2041 2040
f 2124 2125 1967
f 2124 1967 1966
f 2042 2041 2199
f 2200 2042 2199
f 1965 2124 1966
f 2123 2124 1965
f 2201 2043 2042
f 2201 2042 2200
f 1964 2123 1965
f 1964 2122 2123
f 2044 2043 2201
f 2044 2201 2202
f 1963 2121 2122
f 1963 2122 1964
f 2045 2044 2202
f 2045 2202 2203
f 1962 2120 2121
f 1962 2121 1963
f 2046 2045 2203
f 2046 2203 2204
f 1961 2119 2120
f 1961 2120 1962
f 2047 2046 2204
f 2047 2204 2205
f 2047 2205 2206
f 1960 2118 2119
f 1960 2119 1961
f 2048 2047 2206
f 1959 2117 2118
f 1959 2118 1960
f 2049 2048 2206
f 2049 2206 2207
f 1958 2116 2117
f 1958 2117 1959
f 2050 2207 2208
f 2050 2049 2207
f 1957 2115 2116
f 1957 2116 1958
f 2051 2208 2209
f 2051 2050 2208
f 1956 2114 2115
f 1956 2115 1957
f 2052 2209 2210
f 2052 2210 2211
f 2052 2051 2209
f 1955 2113 2114
f 1955 2114 1956
f 2053 2052 2211
f 1954 2113 1955
f 1954 2112 2113
f 2054 2211 2212
f 2054 2053 2211
f 1953 2111 2112
f 1953 2112 1954
f 2055 2212 2213
f 2055 2213 2214
f 2055 2054 2212
f 1952 2111 1953
f 1952 2110 2111
f 2056 2214 2215
f 2056 2055 2214
f 1951 2109 2110
f 1951 2110 1952
f 2057 2215 2216
f 2057 2056 2215
f 1950 2107 2108
f 1950 2108 2109
f 1950 2109 1951
f 2058 2057 2216
f 1949 2107 1950
f 2059 2216 2217
f 2059 2058 2216
f 1948 2106 2107
f 1948 2107 1949
f 2060 2217 2218
f 2060 2059 2217
f 1947 2106 1948
f 1947 2105 2106
f 2061 2218 2219
f 2061 2060 2218
f 1946 2105 1947
f 1946 2104 2105
f 2062 2061 2219
f 2062 2219 2220
f 2062 2220 2063
f 1945 2104 1946
f 1945 2103 2104
f 1905 2062 2063
f 1944 2103 1945
f 1944 2101 2102
f 1944 2102 2103
f 1906 1905 2063
f 1906 2063 2064
f 1906 2064 2065
f 1943 2101 1944
f 1907 1906 2065
f 1907 2065 2066
f 1942 2101 1943
f 1942 2100 2101
f 1908 1907 2066
f 1908 2066 2067
f 1941 2100 1942
f 1941 2099 2100
f 1909 1908 2067
f 1940 2099 1941
f 1940 2098 2099
f 1910 2067 2068
f 1910 2068 2069
f 1910 1909 2067
f 1939 2098 1940
f 1939 2097 2098
f 1911 1910 2069
f 1938 2097 1939
f 1938 2096 2097
f 1912 2069 2070
f 1912 1911 2069
f 1937 2095 2096
f 1937 2096 1938
f 1913 1912 2070
f 1913 2070 2071
f 1936 2093 2094
f 1936 2094 2095
f 1936 2095 1937
f 1914 2071 2072
f 1914 1913 2071
f 1935 2093 1936
f 1915 2072 2073
f 1915 1914 2072
f 1934 2093 1935
f 1934 2092 2093
f 1916 1915 2073
f 1916 2073 2074
f 1916 2074 2075
f 1933 2092 1934
f 1933 2091 2092
f 1917 1916 2075
f 1932 2091 1933
f 1932 2090 2091
f 1918 2075 2076
f 1918 2076 2077
f 1918 1917 2075
f 1931 2090 1932
f 1931 2089 2090
f 1919 1918 2077
f 1930 2089 1931
f 1930 2088 2089
f 1920 1919 2077
f 1920 2077 2078
f 1920 2078 2079
f 1929 2088 1930
f 1929 2087 2088
f 1921 1920 2079
f 1928 2087 1929
f 1928 2085 2086
f 1928 2086 2087
f 1922 1921 2079
f 1922 2079 2080
f 1927 2085 1928
f 1923 1922 2080
f 1923 2080 2081
f 1926 2085 1927
f 1926 2084 2085
f 1924 1923 2081
f 1924 2081 2082
f 1925 2084 1926
f 1925 1924 2082
f 1925 2082 2083
f 1925 2083 2084
f 2477 2320 2478
f 2477 2319 2320
f 2479 2321 2322
f 2479 2478 2320
f 2479 2320 2321
f 2476 2319 2477
f 2476 2318 2319
f 2480 2322 2323
f 2480 2479 2322
f 2475 2318 2476
f 2475 2317 2318
f 2481 2323 2324
f 2481 2480 2323
f 2474 2316 2317
f 2474 2317 2475
f 2482 2324 2325
f 2482 2481 2324
f 2473 2316 2474
f 2473 2315 2316
f 2483 2482 2325
f 2472 2315 2473
f 2472 2314 2315
f 2484 2325 2326
f 2484 2483 2325
f 2484 2326 2327
f 2471 2314 2472
f 2471 2313 2314
f 2485 2327 2328
f 2485 2484 2327
f 2470 2313 2471
f 2470 2312 2313
f 2486 2328 2329
f 2486 2485 2328
f 2469 2312 2470
f 2469 2311 2312
f 2487 2329 2330
f 2487 2486 2329
f 2468 2311 2469
f 2468 2310 2311
f 2488 2487 2330
f 2467 2310 2468
f 2467 2309 2310
f 2489 2330 2331
f 2489 2331 2332
f 2489 2488 2330
f 2466 2309 2467
f 2466 2308 2309
f 2490 2332 2333
f 2490 2489 2332
f 2465 2308 2466
f 2465 2307 2308
f 2491 2333 2334
f 2491 2490 2333
f 2464 2307 2465
f 2464 2306 2307
f 2492 2334 2335
f 2492 2491 2334
f 2463 2306 2464
f 2463 2305 2306
f 2493 2492 2335
f 2493 2335 2336
f 2462 2305 2463
f 2462 2304 2305
f 2494 2493 2336
f 2461 2304 2462
f 2461 2303 2304
f 2495 2336 2337
f 2495 2494 2336
f 2460 2303 2461
f 2460 2302 2303
f 2496 2337 2338
f 2496 2495 2337
f 2459 2301 2302
f 2459 2302 2460
f 2497 2338 2339
f 2497 2496 2338
f 2458 2300 2301
f 2458 2301 2459
f 2498 2339 2340
f 2498 2340 2341
f 2498 2497 2339
f 2457 2299 2300
f 2457 2300 2458
f 2499 2341 2342
f 2499 2498 2341
f 2456 2299 2457
f 2456 2298 2299
f 2500 2342 2343
f 2500 2499 2342
f 2455 2298 2456
f 2455 2297 2298
f 2501 2500 2343
f 2501 2343 2344
f 2454 2297 2455
f 2454 2296 2297
f 2502 2344 2345
f 2502 2501 2344
f 2453 2296 2454
f 2453 2295 2296
f 2503 2502 2345
f 2503 2345 2346
f 2452 2295 2453
f 2452 2294 2295
f 2504 2346 2347
f 2504 2503 2346
f 2451 2294 2452
f 2451 2292 2293
f 2451 2293 2294
f 2505 2347 2348
f 2505 2504 2347
f 2450 2292 2451
f 2506 2348 2349
f 2506 2505 2348
f 2449 2292 2450
f 2449 2291 2292
f 2507 2506 2349
f 2448 2291 2449
f 2448 2290 2291
f 2508 2349 2350
f 2508 2350 2351
f 2508 2507 2349
f 2447 2290 2448
f 2447 2289 2290
f 2509 2508 2351
f 2446 2288 2289
f 2446 2289 2447
f 2510 2509 2351
f 2510 2351 2352
f 2445 2288 2446
f 2445 2287 2288
f 2511 2352 2353
f 2511 2353 2354
f 2511 2510 2352
f 2444 2285 2286
f 2444 2286 2287
f 2444 2287 2445
f 2512 2354 2355
f 2512 2511 2354
f 2443 2285 2444
f 2513 2512 2355
f 2442 2284 2285
f 2442 2285 2443
f 2283 2284 2442
f 2514 2355 2356
f 2514 2513 2355
f 2441 2283 2442
f 2515 2514 2356
f 2515 2356 2357
f 2440 2283 2441
f 2440 2282 2283
f 2358 2515 2357
f 2516 2515 2358
f 2281 2282 2440
f 2439 2281 2440
f 2517 2358 2359
f 2517 2516 2358
f 2280 2281 2439
f 2280 2439 2438
f 2360 2517 2359
f 2360 2518 2517
f 2279 2438 2437
f 2279 2280 2438
f 2361 2518 2360
f 2361 2519 2518
f 2278 2437 2436
f 2278 2279 2437
f 2362 2519 2361
f 2362 2520 2519
f 2277 2436 2435
f 2277 2278 2436
f 2363 2520 2362
f 2363 2521 2520
f 2363 2522 2521
f 2276 2435 2434
f 2276 2277 2435
f 2364 2522 2363
f 2275 2434 2433
f 2275 2276 2434
f 2365 2522 2364
f 2365 2523 2522
f 2274 2433 2432
f 2274 2275 2433
f 2366 2524 2523
f 2366 2523 2365
f 2273 2432 2431
f 2273 2274 2432
f 2367 2525 2524
f 2367 2524 2366
f 2272 2431 2430
f 2272 2273 2431
f 2368 2526 2525
f 2368 2527 2526
f 2368 2525 2367
f 2271 2430 2429
f 2271 2272 2430
f 2369 2527 2368
f 2270 2271 2429
f 2270 2429 2428
f 2370 2528 2527
f 2370 2527 2369
f 2269 2428 2427
f 2269 2270 2428
f 2371 2529 2528
f 2371 2530 2529
f 2371 2528 2370
f 2268 2269 2427
f 2268 2427 2426
f 2372 2531 2530
f 2372 2530 2371
f 2267 2426 2425
f 2267 2268 2426
f 2373 2532 2531
f 2373 2531 2372
f 2266 2424 2423
f 2266 2425 2424
f 2266 2267 2425
f 2374 2532 2373
f 2265 2266 2423
f 2375 2533 2532
f 2375 2532 2374
f 2264 2423 2422
f 2264 2265 2423
f 2376 2534 2533
f 2376 2533 2375
f 2263 2264 2422
f 2263 2422 2421
f 2377 2535 2534
f 2377 2534 2376
f 2262 2263 2421
f 2262 2421 2420
f 2378 2535 2377
f 2378 2536 2535
f 2378 2379 2536
f 2261 2262 2420
f 2261 2420 2419
f 2221 2379 2378
f 2260 2261 2419
f 2260 2418 2417
f 2260 2419 2418
f 2222 2379 2221
f 2222 2380 2379
f 2222 2381 2380
f 2259 2260 2417
f 2223 2381 2222
f 2223 2382 2381
f 2258 2259 2417
f 2258 2417 2416
f 2224 2382 2223
f 2224 2383 2382
f 2257 2258 2416
f 2257 2416 2415
f 2225 2383 2224
f 2256 2257 2415
f 2256 2415 2414
f 2226 2384 2383
f 2226 2385 2384
f 2226 2383 2225
f 2255 2256 2414
f 2255 2414 2413
f 2227 2385 2226
f 2254 2255 2413
f 2254 2413 2412
f 2228 2386 2385
f 2228 2385 2227
f 2253 2412 2411
f 2253 2254 2412
f 2229 2386 2228
f 2229 2387 2386
f 2252 2410 2409
f 2252 2411 2410
f 2252 2253 2411
f 2230 2388 2387
f 2230 2387 2229
f 2251 2252 2409
f 2231 2389 2388
f 2231 2388 2230
f 2250 2251 2409
f 2250 2409 2408
f 2232 2389 2231
f 2232 2390 2389
f 2232 2391 2390
f 2249 2250 2408
f 2249 2408 2407
f 2233 2391 2232
f 2248 2249 2407
f 2248 2407 2406
f 2234 2392 2391
f 2234 2393 2392
f 2234 2391 2233
f 2247 2248 2406
f 2247 2406 2405
f 2235 2393 2234
f 2246 2247 2405
f 2246 2405 2404
f 2236 2393 2235
f 2236 2394 2393
f 2236 2395 2394
f 2245 2246 2404
f 2245 2404 2403
f 2237 2395 2236
f 2244 2245 2403
f 2244 2402 2401
f 2244 2403 2402
f 2238 2395 2237
f 2238 2396 2395
f 2243 2244 2401
f 2239 2396 2238
f 2239 2397 2396
f 2242 2243 2401
f 2242 2401 2400
f 2240 2397 2239
f 2240 2398 2397
f 2241 2242 2400
f 2241 2398 2240
f 2241 2399 2398
f 2241 2400 2399
f 2698 2538 2537
f 2698 2539 2538
f 2699 2540 2539
f 2699 2541 2540
f 2699 2539 2698
f 2700 2541 2699
f 2701 2542 2541
f 2701 2541 2700
f 2702 2543 2542
f 2702 2544 2543
f 2702 2542 2701
f 2703 2545 2544
f 2703 2544 2702
f 2704 2545 2703
f 2705 2546 2545
f 2705 2547 2546
f 2705 2545 2704
f 2706 2548 2547
f 2706 2547 2705
f 2707 2548 2706
f 2708 2549 2548
f 2708 2548 2707
f 2709 2550 2549
f 2709 2549 2708
f 2710 2551 2550
f 2710 2550 2709
f 2711 2552 2551
f 2711 2551 2710
f 2712 2553 2552
f 2712 2552 2711
f 2713 2554 2553
f 2713 2553 2712
f 2714 2555 2554
f 2714 2554 2713
f 2715 2556 2555
f 2715 2555 2714
f 2716 2557 2556
f 2716 2558 2557
f 2716 2556 2715
f 2717 2558 2716
f 2718 2558 2717
f 2718 2559 2558
f 2719 2559 2718
f 2719 2560 2559
f 2720 2560 2719
f 2720 2561 2560
f 2720 2562 2561
f 2721 2562 2720
f 2722 2562 2721
f 2722 2563 2562
f 2723 2563 2722
f 2723 2564 2563
f 2724 2565 2564
f 2724 2564 2723
f 2725 2566 2565
f 2725 2565 2724
f 2726 2567 2566
f 2726 2566 2725
f 2727 2568 2567
f 2727 2567 2726
f 2728 2569 2568
f 2728 2568 2727
f 2729 2570 2569
f 2729 2571 2570
f 2729 2569 2728
f 2730 2571 2729
f 2731 2572 2571
f 2731 2571 2730
f 2732 2573 2572
f 2732 2572 2731
f 2733 2574 2573
f 2733 2575 2574
f 2733 2573 2732
f 2734 2576 2575
f 2734 2575 2733
f 2735 2576 2734
f 2736 2577 2576
f 2736 2578 2577
f 2736 2576 2735
f 2737 2578 2736
f 2738 2579 2578
f 2738 2580 2579
f 2738 2578 2737
f 2739 2580 2738
f 2740 2581 2580
f 2740 2582 2581
f 2740 2580 2739
f 2741 2583 2582
f 2741 2582 2740
f 2742 2583 2741
f 2743 2583 2742
f 2743 2584 2583
f 2743 2585 2584
f 2744 2585 2743
f 2745 2585 2744
f 2745 2586 2585
f 2745 2587 2586
f 2746 2587 2745
f 2747 2587 2746
f 2747 2588 2587
f 2747 2589 2588
f 2748 2589 2747
f 2749 2589 2748
f 2749 2590 2589
f 2749 2591 2590
f 2750 2591 2749
f 2751 2591 2750
f 2751 2592 2591
f 2752 2592 2751
f 2752 2593 2592
f 2753 2593 2752
f 2753 2594 2593
f 2753 2595 2594
f 2754 2595 2753
f 2755 2595 2754
f 2755 2596 2595
f 2756 2596 2755
f 2756 2597 2596
f 2756 2598 2597
f 2757 2598 2756
f 2758 2598 2757
f 2758 2599 2598
f 2759 2600 2599
f 2759 2601 2600
f 2759 2599 2758
f 2760 2601 2759
f 2761 2602 2601
f 2761 2601 2760
f 2762 2603 2602
f 2762 2602 2761
f 2763 2604 2603
f 2763 2605 2604
f 2763 2603 2762
f 2764 2605 2763
f 2765 2606 2605
f 2765 2607 2606
f 2765 2605 2764
f 2766 2607 2765
f 2767 2608 2607
f 2767 2607 2766
f 2768 2609 2608
f 2768 2610 2609
f 2768 2608 2767
f 2769 2610 2768
f 2770 2610 2769
f 2770 2611 2610
f 2770 2612 2611
f 2771 2612 2770
f 2772 2612 2771
f 2772 2613 2612
f 2773 2613 2772
f 2773 2614 2613
f 2774 2614 2773
f 2774 2615 2614
f 2775 2615 2774
f 2775 2616 2615
f 2776 2616 2775
f 2776 2617 2616
f 2777 2617 2776
f 2777 2618 2617
f 2778 2618 2777
f 2778 2619 2618
f 2779 2619 2778
f 2779 2620 2619
f 2779 2621 2620
f 2780 2621 2779
f 2781 2621 2780
f 2781 2622 2621
f 2782 2622 2781
f 2782 2623 2622
f 2783 2623 2782
f 2783 2624 2623
f 2784 2624 2783
f 2784 2625 2624
f 2784 2626 2625
f 2785 2626 2784
f 2786 2626 2785
f 2786 2627 2626
f 2786 2628 2627
f 2787 2628 2786
f 2788 2628 2787
f 2788 2629 2628
f 2789 2629 2788
f 2789 2630 2629
f 2790 2630 2789
f 2790 2631 2630
f 2791 2632 2631
f 2791 2631 2790
f 2792 2633 2632
f 2792 2632 2791
f 2793 2633 2792
f 2793 2634 2633
f 2794 2634 2793
f 2794 2635 2634
f 2795 2635 2794
f 2795 2636 2635
f 2795 2637 2636
f 2796 2637 2795
f 2797 2638 2637
f 2797 2637 2796
f 2798 2639 2638
f 2798 2638 2797
f 2799 2640 2639
f 2799 2639 2798
f 2800 2641 2640
f 2800 2640 2799
f 2801 2642 2641
f 2801 2641 2800
f 2802 2643 2642
f 2802 2644 2643
f 2802 2642 2801
f 2803 2644 2802
f 2804 2645 2644
f 2804 2646 2645
f 2804 2644 2803
f 2805 2646 2804
f 2806 2647 2646
f 2806 2648 2647
f 2806 2646 2805
f 2807 2648 2806
f 2808 2649 2648
f 2808 2650 2649
f 2808 2648 2807
f 2809 2651 2650
f 2809 2650 2808
f 2810 2651 2809
f 2811 2652 2651
f 2811 2651 2810
f 2812 2653 2652
f 2812 2654 2653
f 2812 2652 2811
f 2813 2654 2812
f 2814 2655 2654
f 2814 2656 2655
f 2814 2654 2813
f 2815 2656 2814
f 2816 2657 2656
f 2816 2656 2815
f 2817 2658 2657
f 2817 2657 2816
f 2818 2659 2658
f 2818 2658 2817
f 2819 2659 2818
f 2819 2660 2659
f 2819 2661 2660
f 2820 2661 2819
f 2821 2661 2820
f 2821 2662 2661
f 2822 2662 2821
f 2822 2663 2662
f 2823 2663 2822
f 2823 2664 2663
f 2824 2664 2823
f 2824 2665 2664
f 2825 2666 2665
f 2825 2665 2824
f 2826 2667 2666
f 2826 2666 2825
f 2827 2668 2667
f 2827 2667 2826
f 2828 2669 2668
f 2828 2668 2827
f 2829 2670 2669
f 2829 2669 2828
f 2830 2671 2670
f 2830 2670 2829
f 2831 2672 2671
f 2831 2671 2830
f 2832 2673 2672
f 2832 2672 2831
f 2833 2674 2673
f 2833 2673 2832
f 2834 2675 2674
f 2834 2674 2833
f 2835 2676 2675
f 2835 2675 2834
f 2836 2677 2676
f 2836 2676 2835
f 2837 2678 2677
f 2837 2677 2836
f 2838 2679 2678
f 2838 2678 2837
f 2839 2680 2679
f 2839 2679 2838
f 2840 2681 2680
f 2840 2680 2839
f 2841 2682 2681
f 2841 2681 2840
f 2842 2683 2682
f 2842 2682 2841
f 2843 2684 2683
f 2843 2683 2842
f 2844 2684 2843
f 2844 2685 2684
f 2845 2685 2844
f 2845 2686 2685
f 2846 2686 2845
f 2846 2687 2686
f 2847 2687 2846
f 2847 2688 2687
f 2848 2688 2847
f 2848 2689 2688
f 2849 2689 2848
f 2849 2690 2689
f 2850 2690 2849
f 2850 2691 2690
f 2851 2691 2850
f 2851 2692 2691
f 2852 2692 2851
f 2852 2693 2692
f 2853 2693 2852
f 2853 2694 2693
f 2854 2694 2853
f 2854 2695 2694
f 2697 2695 2854
f 2697 2696 2695
f 3016 2855 2856
f 3016 2856 2857
f 3017 2857 2858
f 3017 2858 2859
f 3017 3016 2857
f 3018 3017 2859
f 3019 2859 2860
f 3019 3018 2859
f 3020 2860 2861
f 3020 2861 2862
f 3020 3019 2860
f 3021 2862 2863
f 3021 3020 2862
f 3022 3021 2863
f 3023 2863 2864
f 3023 2864 2865
f 3023 3022 2863
f 3024 2865 2866
f 3024 3023 2865
f 3025 3024 2866
f 3026 2866 2867
f 3026 3025 2866
f 3027 2867 2868
f 3027 3026 2867
f 3028 2868 2869
f 3028 3027 2868
f 3029 2869 2870
f 3029 3028 2869
f 3030 2870 2871
f 3030 3029 2870
f 3031 2871 2872
f 3031 3030 2871
f 3032 2872 2873
f 3032 3031 2872
f 3033 2873 2874
f 3033 3032 2873
f 3034 2874 2875
f 3034 2875 2876
f 3034 3033 2874
f 3035 3034 2876
f 3036 3035 2876
f 3036 2876 2877
f 3037 3036 2877
f 3037 2877 2878
f 3038 3037 2878
f 3038 2878 2879
f 3038 2879 2880
f 3039 3038 2880
f 3040 3039 2880
f 3040 2880 2881
f 3041 3040 2881
f 3041 2881 2882
f 3042 2882 2883
f 3042 3041 2882
f 3043 2883 2884
f 3043 3042 2883
f 3044 2884 2885
f 3044 3043 2884
f 3045 2885 2886
f 3045 3044 2885
f 3046 2886 2887
f 3046 3045 2886
f 3047 2887 2888
f 3047 2888 2889
f 3047 3046 2887
f 3048 3047 2889
f 3049 2889 2890
f 3049 3048 2889
f 3050 2890 2891
f 3050 3049 2890
f 3051 2891 2892
f 3051 2892 2893
f 3051 3050 2891
f 3052 2893 2894
f 3052 3051 2893
f 3053 3052 2894
f 3054 2894 2895
f 3054 2895 2896
f 3054 3053 2894
f 3055 3054 2896
f 3056 2896 2897
f 3056 2897 2898
f 3056 3055 2896
f 3057 3056 2898
f 3058 2898 2899
f 3058 2899 2900
f 3058 3057 2898
f 3059 2900 2901
f 3059 3058 2900
f 3060 3059 2901
f 3061 3060 2901
f 3061 2901 2902
f 3061 2902 2903
f 3062 3061 2903
f 3063 3062 2903
f 3063 2903 2904
f 3063 2904 2905
f 3064 3063 2905
f 3065 3064 2905
f 3065 2905 2906
f 3065 2906 2907
f 3066 3065 2907
f 3067 3066 2907
f 3067 2907 2908
f 3067 2908 2909
f 3068 3067 2909
f 3069 3068 2909
f 3069 2909 2910
f 3070 3069 2910
f 3070 2910 2911
f 3071 3070 2911
f 3071 2911 2912
f 3071 2912 2913
f 3072 3071 2913
f 3073 3072 2913
f 3073 2913 2914
f 3074 3073 2914
f 3074 2914 2915
f 3074 2915 2916
f 3075 3074 2916
f 3076 3075 2916
f 3076 2916 2917
f 3077 2917 2918
f 3077 2918 2919
f 3077 3076 2917
f 3078 3077 2919
f 3079 2919 2920
f 3079 3078 2919
f 3080 2920 2921
f 3080 3079 2920
f 3081 2921 2922
f 3081 2922 2923
f 3081 3080 2921
f 3082 3081 2923
f 3083 2923 2924
f 3083 2924 2925
f 3083 3082 2923
f 3084 3083 2925
f 3085 2925 2926
f 3085 3084 2925
f 3086 2926 2927
f 3086 2927 2928
f 3086 3085 2926
f 3087 3086 2928
f 3088 3087 2928
f 3088 2928 2929
f 3088 2929 2930
f 3089 3088 2930
f 3090 3089 2930
f 3090 2930 2931
f 3091 3090 2931
f 3091 2931 2932
f 3092 3091 2932
f 3092 2932 2933
f 3093 3092 2933
f 3093 2933 2934
f 3094 3093 2934
f 3094 2934 2935
f 3095 3094 2935
f 3095 2935 2936
f 3096 3095 2936
f 3096 2936 2937
f 3097 3096 2937
f 3097 2937 2938
f 3097 2938 2939
f 3098 3097 2939
f 3099 3098 2939
f 3099 2939 2940
f 3100 3099 2940
f 3100 2940 2941
f 3101 3100 2941
f 3101 2941 2942
f 3102 3101 2942
f 3102 2942 2943
f 3102 2943 2944
f 3103 3102 2944
f 3104 3103 2944
f 3104 2944 2945
f 3104 2945 2946
f 3105 3104 2946
f 3106 3105 2946
f 3106 2946 2947
f 3107 3106 2947
f 3107 2947 2948
f 3108 3107 2948
f 3108 2948 2949
f 3109 2949 2950
f 3109 3108 2949
f 3110 2950 2951
f 3110 3109 2950
f 3111 3110 2951
f 3111 2951 2952
f 3112 3111 2952
f 3112 2952 2953
f 3113 3112 2953
f 3113 2953 2954
f 3113 2954 2955
f 3114 3113 2955
f 3115 2955 2956
f 3115 3114 2955
f 3116 2956 2957
f 3116 3115 2956
f 3117 2957 2958
f 3117 3116 2957
f 3118 2958 2959
f 3118 3117 2958
f 3119 2959 2960
f 3119 3118 2959
f 3120 2960 2961
f 3120 2961 2962
f 3120 3119 2960
f 3121 3120 2962
f 3122 2962 2963
f 3122 2963 2964
f 3122 3121 2962
f 3123 3122 2964
f 3124 2964 2965
f 3124 2965 2966
f 3124 3123 2964
f 3125 3124 2966
f 3126 2966 2967
f 3126 2967 2968
f 3126 3125 2966
f 3127 2968 2969
f 3127 3126 2968
f 3128 3127 2969
f 3129 2969 2970
f 3129 3128 2969
f 3130 2970 2971
f 3130 2971 2972
f 3130 3129 2970
f 3131 3130 2972
f 3132 2972 2973
f 3132 2973 2974
f 3132 3131 2972
f 3133 3132 2974
f 3134 2974 2975
f 3134 3133 2974
f 3135 2975 2976
f 3135 3134 2975
f 3136 2976 2977
f 3136 3135 2976
f 3137 3136 2977
f 3137 2977 2978
f 3137 2978 2979
f 3138 3137 2979
f 3139 3138 2979
f 3139 2979 2980
f 3140 3139 2980
f 3140 2980 2981
f 3141 3140 2981
f 3141 2981 2982
f 3142 3141 2982
f 3142 2982 2983
f 3143 2983 2984
f 3143 3142 2983
f 3144 2984 2985
f 3144 3143 2984
f 3145 2985 2986
f 3145 3144 2985
f 3146 2986 2987
f 3146 3145 2986
f 3147 2987 2988
f 3147 3146 2987
f 3148 2988 2989
f 3148 3147 2988
f 3149 2989 2990
f 3149 3148 2989
f 3150 2990 2991
f 3150 3149 2990
f 3151 2991 2992
f 3151 3150 2991
f 3152 2992 2993
f 3152 3151 2992
f 3153 2993 2994
f 3153 3152 2993
f 3154 2994 2995
f 3154 3153 2994
f 3155 2995 2996
f 3155 3154 2995
f 3156 2996 2997
f 3156 3155 2996
f 3157 2997 2998
f 3157 3156 2997
f 3158 2998 2999
f 3158 3157 2998
f 3159 2999 3000
f 3159 3158 2999
f 3160 3000 3001
f 3160 3159 3000
f 3161 3001 3002
f 3161 3160 3001
f 3162 3161 3002
f 3162 3002 3003
f 3163 3162 3003
f 3163 3003 3004
f 3164 3163 3004
f 3164 3004 3005
f 3165 3164 3005
f 3165 3005 3006
f 3166 3165 3006
f 3166 3006 3007
f 3167 3166 3007
f 3167 3007 3008
f 3168 3167 3008
f 3168 3008 3009
f 3169 3168 3009
f 3169 3009 3010
f 3170 3169 3010
f 3170 3010 3011
f 3171 3170 3011
f 3171 3011 3012
f 3172 3171 3012
f 3172 3012 3013
f 3015 3172 3013
f 3015 3013 3014
f 3430 3273 3272
f 3429 3430 3272
f 3429 3272 3271
f 3431 3274 3273
f 3431 3273 3430
f 3428 3429 3271
f 3428 3271 3270
f 3432 3275 3274
f 3432 3274 3431
f 3427 3428 3270
f 3427 3270 3269
f 3433 3276 3275
f 3433 3275 3432
f 3426 3269 3268
f 3426 3427 3269
f 3434 3277 3276
f 3434 3276 3433
f 3425 3426 3268
f 3425 3268 3267
f 3435 3278 3277
f 3435 3277 3434
f 3424 3425 3267
f 3424 3267 3266
f 3436 3279 3278
f 3436 3278 3435
f 3423 3424 3266
f 3423 3266 3265
f 3437 3279 3436
f 3422 3423 3265
f 3422 3265 3264
f 3438 3280 3279
f 3438 3279 3437
f 3421 3422 3264
f 3421 3264 3263
f 3439 3281 3280
f 3439 3282 3281
f 3439 3280 3438
f 3420 3421 3263
f 3420 3263 3262
f 3440 3283 3282
f 3440 3282 3439
f 3419 3420 3262
f 3419 3262 3261
f 3441 3284 3283
f 3441 3283 3440
f 3418 3419 3261
f 3418 3261 3260
f 3442 3284 3441
f 3417 3418 3260
f 3417 3260 3259
f 3443 3285 3284
f 3443 3286 3285
f 3443 3284 3442
f 3416 3417 3259
f 3416 3259 3258
f 3444 3287 3286
f 3444 3286 3443
f 3415 3416 3258
f 3415 3258 3257
f 3445 3288 3287
f 3445 3287 3444
f 3414 3415 3257
f 3414 3257 3256
f 3446 3288 3445
f 3413 3414 3256
f 3413 3256 3255
f 3447 3289 3288
f 3447 3288 3446
f 3412 3413 3255
f 3412 3255 3254
f 3448 3290 3289
f 3448 3291 3290
f 3448 3289 3447
f 3411 3254 3253
f 3411 3412 3254
f 3449 3292 3291
f 3449 3291 3448
f 3410 3253 3252
f 3410 3411 3253
f 3450 3293 3292
f 3450 3292 3449
f 3409 3252 3251
f 3409 3410 3252
f 3451 3294 3293
f 3451 3293 3450
f 3408 3409 3251
f 3408 3251 3250
f 3452 3295 3294
f 3452 3294 3451
f 3407 3408 3250
f 3407 3250 3249
f 3453 3295 3452
f 3406 3407 3249
f 3406 3249 3248
f 3454 3295 3453
f 3454 3296 3295
f 3405 3406 3248
f 3405 3247 3246
f 3405 3248 3247
f 3455 3296 3454
f 3455 3297 3296
f 3455 3298 3297
f 3404 3405 3246
f 3456 3298 3455
f 3456 3299 3298
f 3403 3246 3245
f 3403 3404 3246
f 3457 3299 3456
f 3402 3403 3245
f 3402 3245 3244
f 3458 3300 3299
f 3458 3299 3457
f 3458 3301 3300
f 3401 3402 3244
f 3401 3244 3243
f 3459 3301 3458
f 3400 3401 3243
f 3400 3242 3241
f 3400 3243 3242
f 3460 3302 3301
f 3460 3301 3459
f 3399 3400 3241
f 3399 3241 3240
f 3461 3303 3302
f 3461 3302 3460
f 3398 3240 3239
f 3398 3399 3240
f 3462 3304 3303
f 3462 3305 3304
f 3462 3303 3461
f 3397 3398 3239
f 3463 3305 3462
f 3396 3239 3238
f 3396 3397 3239
f 3464 3306 3305
f 3464 3307 3306
f 3464 3305 3463
f 3395 3238 3237
f 3395 3396 3238
f 3465 3307 3464
f 3308 3307 3465
f 3394 3395 3237
f 3394 3237 3236
f 3466 3308 3465
f 3393 3394 3236
f 3393 3236 3235
f 3234 3393 3235
f 3467 3308 3466
f 3467 3309 3308
f 3392 3393 3234
f 3310 3309 3467
f 3468 3310 3467
f 3233 3392 3234
f 3391 3392 3233
f 3469 3310 3468
f 3469 3311 3310
f 3232 3390 3391
f 3232 3391 3233
f 3312 3311 3469
f 3312 3469 3470
f 3389 3390 3232
f 3231 3389 3232
f 3313 3312 3470
f 3313 3470 3471
f 3230 3388 3389
f 3230 3389 3231
f 3314 3313 3471
f 3314 3471 3472
f 3229 3387 3388
f 3229 3388 3230
f 3315 3314 3472
f 3315 3472 3473
f 3228 3386 3387
f 3228 3387 3229
f 3316 3315 3473
f 3316 3473 3474
f 3316 3474 3475
f 3227 3385 3386
f 3227 3386 3228
f 3317 3316 3475
f 3226 3384 3385
f 3226 3385 3227
f 3318 3475 3476
f 3318 3317 3475
f 3225 3383 3384
f 3225 3384 3226
f 3319 3476 3477
f 3319 3477 3478
f 3319 3318 3476
f 3224 3382 3383
f 3224 3383 3225
f 3320 3319 3478
f 3223 3381 3382
f 3223 3382 3224
f 3321 3478 3479
f 3321 3320 3478
f 3222 3380 3381
f 3222 3381 3223
f 3322 3479 3480
f 3322 3480 3481
f 3322 3321 3479
f 3221 3379 3380
f 3221 3380 3222
f 3323 3481 3482
f 3323 3322 3481
f 3220 3378 3379
f 3220 3379 3221
f 3324 3323 3482
f 3219 3377 3378
f 3219 3378 3220
f 3325 3482 3483
f 3325 3324 3482
f 3218 3375 3376
f 3218 3376 3377
f 3218 3377 3219
f 3326 3483 3484
f 3326 3325 3483
f 3217 3375 3218
f 3327 3484 3485
f 3327 3485 3486
f 3327 3326 3484
f 3216 3374 3375
f 3216 3375 3217
f 3328 3327 3486
f 3215 3374 3216
f 3215 3373 3374
f 3329 3486 3487
f 3329 3328 3486
f 3214 3373 3215
f 3214 3371 3372
f 3214 3372 3373
f 3330 3487 3488
f 3330 3329 3487
f 3213 3371 3214
f 3173 3330 3488
f 3173 3488 3331
f 3212 3371 3213
f 3212 3370 3371
f 3174 3173 3331
f 3174 3331 3332
f 3174 3332 3333
f 3211 3370 3212
f 3211 3369 3370
f 3175 3174 3333
f 3175 3333 3334
f 3210 3369 3211
f 3210 3368 3369
f 3176 3175 3334
f 3176 3334 3335
f 3209 3368 3210
f 3209 3367 3368
f 3177 3176 3335
f 3208 3367 3209
f 3208 3366 3367
f 3178 3335 3336
f 3178 3336 3337
f 3178 3177 3335
f 3207 3366 3208
f 3207 3365 3366
f 3179 3178 3337
f 3179 3337 3338
f 3206 3365 3207
f 3206 3364 3365
f 3180 3179 3338
f 3205 3363 3364
f 3205 3364 3206
f 3181 3180 3338
f 3181 3338 3339
f 3181 3339 3340
f 3204 3362 3363
f 3204 3363 3205
f 3182 3181 3340
f 3203 3361 3362
f 3203 3362 3204
f 3183 3340 3341
f 3183 3182 3340
f 3202 3361 3203
f 3202 3360 3361
f 3184 3183 3341
f 3184 3341 3342
f 3201 3360 3202
f 3201 3359 3360
f 3185 3342 3343
f 3185 3184 3342
f 3200 3359 3201
f 3200 3358 3359
f 3186 3185 3343
f 3186 3343 3344
f 3199 3358 3200
f 3199 3357 3358
f 3187 3186 3344
f 3187 3344 3345
f 3187 3345 3346
f 3198 3357 3199
f 3198 3356 3357
f 3188 3346 3347
f 3188 3187 3346
f 3197 3356 3198
f 3197 3355 3356
f 3189 3188 3347
f 3189 3347 3348
f 3196 3355 3197
f 3196 3354 3355
f 3190 3189 3348
f 3195 3354 3196
f 3195 3353 3354
f 3191 3190 3348
f 3191 3348 3349
f 3194 3353 3195
f 3194 3352 3353
f 3192 3191 3349
f 3192 3349 3350
f 3193 3352 3194
f 3193 3192 3350
f 3193 3350 3351
f 3193 3351 3352
f 3746 3588 3589
f 3745 3588 3746
f 3745 3587 3588
f 3747 3589 3590
f 3747 3746 3589
f 3744 3587 3745
f 3744 3586 3587
f 3748 3590 3591
f 3748 3747 3590
f 3743 3586 3744
f 3743 3585 3586
f 3749 3591 3592
f 3749 3748 3591
f 3742 3584 3585
f 3742 3585 3743
f 3750 3592 3593
f 3750 3749 3592
f 3741 3584 3742
f 3741 3583 3584
f 3751 3593 3594
f 3751 3750 3593
f 3740 3583 3741
f 3740 3582 3583
f 3752 3594 3595
f 3752 3751 3594
f 3739 3582 3740
f 3739 3581 3582
f 3753 3752 3595
f 3738 3581 3739
f 3738 3580 3581
f 3754 3595 3596
f 3754 3753 3595
f 3737 3580 3738
f 3737 3579 3580
f 3755 3596 3597
f 3755 3597 3598
f 3755 3754 3596
f 3736 3579 3737
f 3736 3578 3579
f 3756 3598 3599
f 3756 3755 3598
f 3735 3578 3736
f 3735 3577 3578
f 3757 3599 3600
f 3757 3756 3599
f 3734 3577 3735
f 3734 3576 3577
f 3758 3757 3600
f 3733 3576 3734
f 3733 3575 3576
f 3759 3600 3601
f 3759 3601 3602
f 3759 3758 3600
f 3732 3575 3733
f 3732 3574 3575
f 3760 3602 3603
f 3760 3759 3602
f 3731 3574 3732
f 3731 3573 3574
f 3761 3603 3604
f 3761 3760 3603
f 3730 3573 3731
f 3730 3572 3573
f 3762 3761 3604
f 3729 3572 3730
f 3729 3571 3572
f 3763 3604 3605
f 3763 3762 3604
f 3728 3571 3729
f 3728 3570 3571
f 3764 3605 3606
f 3764 3606 3607
f 3764 3763 3605
f 3727 3569 3570
f 3727 3570 3728
f 3765 3607 3608
f 3765 3764 3607
f 3726 3568 3569
f 3726 3569 3727
f 3766 3608 3609
f 3766 3765 3608
f 3725 3567 3568
f 3725 3568 3726
f 3767 3609 3610
f 3767 3766 3609
f 3724 3567 3725
f 3724 3566 3567
f 3768 3610 3611
f 3768 3767 3610
f 3723 3566 3724
f 3723 3565 3566
f 3769 3768 3611
f 3722 3565 3723
f 3722 3564 3565
f 3770 3769 3611
f 3770 3611 3612
f 3721 3564 3722
f 3721 3562 3563
f 3721 3563 3564
f 3771 3770 3612
f 3771 3612 3613
f 3771 3613 3614
f 3720 3562 3721
f 3772 3771 3614
f 3772 3614 3615
f 3719 3561 3562
f 3719 3562 3720
f 3773 3772 3615
f 3718 3561 3719
f 3718 3560 3561
f 3774 3615 3616
f 3774 3773 3615
f 3774 3616 3617
f 3717 3560 3718
f 3717 3559 3560
f 3775 3774 3617
f 3716 3559 3717
f 3716 3557 3558
f 3716 3558 3559
f 3776 3617 3618
f 3776 3775 3617
f 3715 3557 3716
f 3715 3556 3557
f 3777 3618 3619
f 3777 3776 3618
f 3714 3555 3556
f 3714 3556 3715
f 3778 3619 3620
f 3778 3620 3621
f 3778 3777 3619
f 3713 3555 3714
f 3779 3778 3621
f 3712 3554 3555
f 3712 3555 3713
f 3780 3621 3622
f 3780 3622 3623
f 3780 3779 3621
f 3711 3553 3554
f 3711 3554 3712
f 3781 3780 3623
f 3624 3781 3623
f 3710 3553 3711
f 3710 3552 3553
f 3782 3781 3624
f 3709 3552 3710
f 3709 3551 3552
f 3550 3551 3709
f 3783 3782 3624
f 3783 3624 3625
f 3708 3550 3709
f 3626 3783 3625
f 3784 3783 3626
f 3549 3550 3708
f 3707 3549 3708
f 3785 3784 3626
f 3785 3626 3627
f 3548 3707 3706
f 3548 3549 3707
f 3628 3785 3627
f 3628 3786 3785
f 3705 3548 3706
f 3547 3548 3705
f 3629 3786 3628
f 3629 3787 3786
f 3546 3705 3704
f 3546 3547 3705
f 3630 3787 3629
f 3630 3788 3787
f 3545 3704 3703
f 3545 3546 3704
f 3631 3788 3630
f 3631 3789 3788
f 3544 3703 3702
f 3544 3545 3703
f 3632 3789 3631
f 3632 3790 3789
f 3632 3791 3790
f 3543 3702 3701
f 3543 3544 3702
f 3633 3791 3632
f 3542 3701 3700
f 3542 3543 3701
f 3634 3792 3791
f 3634 3791 3633
f 3541 3700 3699
f 3541 3542 3700
f 3635 3793 3792
f 3635 3794 3793
f 3635 3792 3634
f 3540 3699 3698
f 3540 3541 3699
f 3636 3794 3635
f 3539 3698 3697
f 3539 3540 3698
f 3637 3795 3794
f 3637 3794 3636
f 3538 3697 3696
f 3538 3539 3697
f 3638 3796 3795
f 3638 3797 3796
f 3638 3795 3637
f 3537 3696 3695
f 3537 3538 3696
f 3639 3798 3797
f 3639 3797 3638
f 3536 3695 3694
f 3536 3537 3695
f 3640 3798 3639
f 3535 3694 3693
f 3535 3536 3694
f 3641 3799 3798
f 3641 3798 3640
f 3534 3692 3691
f 3534 3693 3692
f 3534 3535 3693
f 3642 3800 3799
f 3642 3799 3641
f 3533 3534 3691
f 3643 3801 3800
f 3643 3802 3801
f 3643 3800 3642
f 3532 3691 3690
f 3532 3533 3691
f 3644 3802 3643
f 3531 3532 3690
f 3531 3690 3689
f 3645 3803 3802
f 3645 3802 3644
f 3530 3531 3689
f 3530 3688 3687
f 3530 3689 3688
f 3646 3804 3803
f 3646 3803 3645
f 3529 3530 3687
f 3489 3804 3646
f 3489 3647 3804
f 3528 3529 3687
f 3528 3687 3686
f 3490 3647 3489
f 3490 3648 3647
f 3490 3649 3648
f 3527 3528 3686
f 3527 3686 3685
f 3491 3649 3490
f 3491 3650 3649
f 3526 3527 3685
f 3526 3685 3684
f 3492 3650 3491
f 3492 3651 3650
f 3525 3526 3684
f 3525 3684 3683
f 3493 3651 3492
f 3524 3525 3683
f 3524 3683 3682
f 3494 3652 3651
f 3494 3653 3652
f 3494 3651 3493
f 3523 3524 3682
f 3523 3682 3681
f 3495 3653 3494
f 3495 3654 3653
f 3522 3523 3681
f 3522 3681 3680
f 3496 3654 3495
f 3521 3680 3679
f 3521 3522 3680
f 3497 3654 3496
f 3497 3655 3654
f 3497 3656 3655
f 3520 3679 3678
f 3520 3521 3679
f 3498 3656 3497
f 3519 3678 3677
f 3519 3520 3678
f 3499 3657 3656
f 3499 3656 3498
f 3518 3519 3677
f 3518 3677 3676
f 3500 3657 3499
f 3500 3658 3657
f 3517 3518 3676
f 3517 3676 3675
f 3501 3659 3658
f 3501 3658 3500
f 3516 3517 3675
f 3516 3675 3674
f 3502 3659 3501
f 3502 3660 3659
f 3515 3516 3674
f 3515 3674 3673
f 3503 3660 3502
f 3503 3661 3660
f 3503 3662 3661
f 3514 3515 3673
f 3514 3673 3672
f 3504 3663 3662
f 3504 3662 3503
f 3513 3514 3672
f 3513 3672 3671
f 3505 3663 3504
f 3505 3664 3663
f 3512 3513 3671
f 3512 3671 3670
f 3506 3664 3505
f 3511 3512 3670
f 3511 3670 3669
f 3507 3664 3506
f 3507 3665 3664
f 3510 3511 3669
f 3510 3669 3668
f 3508 3665 3507
f 3508 3666 3665
f 3509 3510 3668
f 3509 3666 3508
f 3509 3667 3666
f 3509 3668 3667
f 3966 3806 3805
f 3966 3807 3806
f 3967 3808 3807
f 3967 3809 3808
f 3967 3807 3966
f 3968 3809 3967
f 3969 3810 3809
f 3969 3809 3968
f 3970 3811 3810
f 3970 3812 3811
f 3970 3810 3969
f 3971 3813 3812
f 3971 3812 3970
f 3972 3813 3971
f 3973 3814 3813
f 3973 3815 3814
f 3973 3813 3972
f 3974 3816 3815
f 3974 3815 3973
f 3975 3816 3974
f 3976 3817 3816
f 3976 3816 3975
f 3977 3818 3817
f 3977 3817 3976
f 3978 3819 3818
f 3978 3818 3977
f 3979 3820 3819
f 3979 3819 3978
f 3980 3821 3820
f 3980 3820 3979
f 3981 3822 3821
f 3981 3821 3980
f 3982 3823 3822
f 3982 3822 3981
f 3983 3824 3823
f 3983 3823 3982
f 3984 3825 3824
f 3984 3826 3825
f 3984 3824 3983
f 3985 3826 3984
f 3986 3826 3985
f 3986 3827 3826
f 3987 3827 3986
f 3987 3828 3827
f 3988 3828 3987
f 3988 3829 3828
f 3988 3830 3829
f 3989 3830 3988
f 3990 3830 3989
f 3990 3831 3830
f 3991 3831 3990
f 3991 3832 3831
f 3992 3833 3832
f 3992 3832 3991
f 3993 3834 3833
f 3993 3833 3992
f 3994 3835 3834
f 3994 3834 3993
f 3995 3836 3835
f 3995 3835 3994
f 3996 3837 3836
f 3996 3836 3995
f 3997 3838 3837
f 3997 3839 3838
f 3997 3837 3996
f 3998 3839 3997
f 3999 3840 3839
f 3999 3839 3998
f 4000 3841 3840
f 4000 3840 3999
f 4001 3842 3841
f 4001 3843 3842
f 4001 3841 4000
f 4002 3844 3843
f 4002 3843 4001
f 4003 3844 4002
f 4004 3845 3844
f 4004 3846 3845
f 4004 3844 4003
f 4005 3846 4004
f 4006 3847 3846
f 4006 3848 3847
f 4006 3846 4005
f 4007 3848 4006
f 4008 3849 3848
f 4008 3850 3849
f 4008 3848 4007
f 4009 3851 3850
f 4009 3850 4008
f 4010 3851 4009
f 4011 3851 4010
f 4011 3852 3851
f 4011 3853 3852
f 4012 3853 4011
f 4013 3853 4012
f 4013 3854 3853
f 4013 3855 3854
f 4014 3855 4013
f 4015 3855 4014
f 4015 3856 3855
f 4015 3857 3856
f 4016 3857 4015
f 4017 3857 4016
f 4017 3858 3857
f 4017 3859 3858
f 4018 3859 4017
f 4019 3859 4018
f 4019 3860 3859
f 4020 3860 4019
f 4020 3861 3860
f 4021 3861 4020
f 4021 3862 3861
f 4021 3863 3862
f 4022 3863 4021
f 4023 3863 4022
f 4023 3864 3863
f 4024 3864 4023
f 4024 3865 3864
f 4024 3866 3865
f 4025 3866 4024
f 4026 3866 4025
f 4026 3867 3866
f 4027 3868 3867
f 4027 3869 3868
f 4027 3867 4026
f 4028 3869 4027
f 4029 3870 3869
f 4029 3869 4028
f 4030 3871 3870
f 4030 3870 4029
f 4031 3872 3871
f 4031 3873 3872
f 4031 3871 4030
f 4032 3873 4031
f 4033 3874 3873
f 4033 3875 3874
f 4033 3873 4032
f 4034 3875 4033
f 4035 3876 3875
f 4035 3875 4034
f 4036 3877 3876
f 4036 3878 3877
f 4036 3876 4035
f 4037 3878 4036
f 4038 3878 4037
f 4038 3879 3878
f 4038 3880 3879
f 4039 3880 4038
f 4040 3880 4039
f 4040 3881 3880
f 4041 3881 4040
f 4041 3882 3881
f 4042 3882 4041
f 4042 3883 3882
f 4043 3883 4042
f 4043 3884 3883
f 4044 3884 4043
f 4044 3885 3884
f 4045 3885 4044
f 4045 3886 3885
f 4046 3886 4045
f 4046 3887 3886
f 4047 3887 4046
f 4047 3888 3887
f 4047 3889 3888
f 4048 3889 4047
f 4049 3889 4048
f 4049 3890 3889
f 4050 3890 4049
f 4050 3891 3890
f 4051 3891 4050
f 4051 3892 3891
f 4052 3892 4051
f 4052 3893 3892
f 4052 3894 3893
f 4053 3894 4052
f 4054 3894 4053
f 4054 3895 3894
f 4054 3896 3895
f 4055 3896 4054
f 4056 3896 4055
f 4056 3897 3896
f 4057 3897 4056
f 4057 3898 3897
f 4058 3898 4057
f 4058 3899 3898
f 4059 3900 3899
f 4059 3899 4058
f 4060 3901 3900
f 4060 3900 4059
f 4061 3901 4060
f 4061 3902 3901
f 4062 3902 4061
f 4062 3903 3902
f 4063 3903 4062
f 4063 3904 3903
f 4063 3905 3904
f 4064 3905 4063
f 4065 3906 3905
f 4065 3905 4064
f 4066 3907 3906
f 4066 3906 4065
f 4067 3908 3907
f 4067 3907 4066
f 4068 3909 3908
f 4068 3908 4067
f 4069 3910 3909
f 4069 3909 4068
f 4070 3911 3910
f 4070 3912 3911
f 4070 3910 4069
f 4071 3912 4070
f 4072 3913 3912
f 4072 3914 3913
f 4072 3912 4071
f 4073 3914 4072
f 4074 3915 3914
f 4074 3916 3915
f 4074 3914 4073
f 4075 3916 4074
f 4076 3917 3916
f 4076 3918 3917
f 4076 3916 4075
f 4077 3919 3918
f 4077 3918 4076
f 4078 3919 4077
f 4079 3920 3919
f 4079 3919 4078
f 4080 3921 3920
f 4080 3922 3921
f 4080 3920 4079
f 4081 3922 4080
f 4082 3923 3922
f 4082 3924 3923
f 4082 3922 4081
f 4083 3924 4082
f 4084 3925 3924
f 4084 3924 4083
f 4085 3926 3925
f 4085 3925 4084
f 4086 3927 3926
f 4086 3926 4085
f 4087 3927 4086
f 4087 3928 3927
f 4087 3929 3928
f 4088 3929 4087
f 4089 3929 4088
f 4089 3930 3929
f 4090 3930 4089
f 4090 3931 3930
f 4091 3931 4090
f 4091 3932 3931
f 4092 3932 4091
f 4092 3933 3932
f 4093 3934 3933
f 4093 3933 4092
f 4094 3935 3934
f 4094 3934 4093
f 4095 3936 3935
f 4095 3935 4094
f 4096 3937 3936
f 4096 3936 4095
f 4097 3938 3937
f 4097 3937 4096
f 4098 3939 3938
f 4098 3938 4097
f 4099 3940 3939
f 4099 3939 4098
f 4100 3941 3940
f 4100 3940 4099
f 4101 3942 3941
f 4101 3941 4100
f 4102 3943 3942
f 4102 3942 4101
f 4103 3944 3943
f 4103 3943 4102
f 4104 3945 3944
f 4104 3944 4103
f 4105 3946 3945
f 4105 3945 4104
f 4106 3947 3946
f 4106 3946 4105
f 4107 3948 3947
f 4107 3947 4106
f 4108 3949 3948
f 4108 3948 4107
f 4109 3950 3949
f 4109 3949 4108
f 4110 3951 3950
f 4110 3950 4109
f 4111 3952 3951
f 4111 3951 4110
f 4112 3952 4111
f 4112 3953 3952
f 4113 3953 4112
f 4113 3954 3953
f 4114 3954 4113
f 4114 3955 3954
f 4115 3955 4114
f 4115 3956 3955
f 4116 3956 4115
f 4116 3957 3956
f 4117 3957 4116
f 4117 3958 3957
f 4118 3958 4117
f 4118 3959 3958
f 4119 3959 4118
f 4119 3960 3959
f 4120 3960 4119
f 4120 3961 3960
f 4121 3961 4120
f 4121 3962 3961
f 4122 3962 4121
f 4122 3963 3962
f 3965 3963 4122
f 3965 3964 3963
f 4284 4123 4124
f 4284 4124 4125
f 4285 4125 4126
f 4285 4126 4127
f 4285 4284 4125
f 4286 4285 4127
f 4287 4127 4128
f 4287 4286 4127
f 4288 4128 4129
f 4288 4129 4130
f 4288 4287 4128
f 4289 4130 4131
f 4289 4288 4130
f 4290 4289 4131
f 4291 4131 4132
f 4291 4132 4133
f 4291 4290 4131
f 4292 4133 4134
f 4292 4291 4133
f 4293 4292 4134
f 4294 4134 4135
f 4294 4293 4134
f 4295 4135 4136
f 4295 4294 4135
f 4296 4136 4137
f 4296 4295 4136
f 4297 4137 4138
f 4297 4296 4137
f 4298 4138 4139
f 4298 4297 4138
f 4299 4139 4140
f 4299 4298 4139
f 4300 4140 4141
f 4300 4299 4140
f 4301 4141 4142
f 4301 4300 4141
f 4302 4142 4143
f 4302 4143 4144
f 4302 4301 4142
f 4303 4302 4144
f 4304 4303 4144
f 4304 4144 4145
f 4305 4304 4145
f 4305 4145 4146
f 4306 4305 4146
f 4306 4146 4147
f 4306 4147 4148
f 4307 4306 4148
f 4308 4307 4148
f 4308 4148 4149
f 4309 4308 4149
f 4309 4149 4150
f 4310 4150 4151
f 4310 4309 4150
f 4311 4151 4152
f 4311 4310 4151
f 4312 4152 4153
f 4312 4311 4152
f 4313 4153 4154
f 4313 4312 4153
f 4314 4154 4155
f 4314 4313 4154
f 4315 4155 4156
f 4315 4156 4157
f 4315 4314 4155
f 4316 4315 4157
f 4317 4157 4158
f 4317 4316 4157
f 4318 4158 4159
f 4318 4317 4158
f 4319 4159 4160
f 4319 4160 4161
f 4319 4318 4159
f 4320 4161 4162
f 4320 4319 4161
f 4321 4320 4162
f 4322 4162 4163
f 4322 4163 4164
f 4322 4321 4162
f 4323 4322 4164
f 4324 4164 4165
f 4324 4165 4166
f 4324 4323 4164
f 4325 4324 4166
f 4326 4166 4167
f 4326 4167 4168
f 4326 4325 4166
f 4327 4168 4169
f 4327 4326 4168
f 4328 4327 4169
f 4329 4328 4169
f 4329 4169 4170
f 4329 4170 4171
f 4330 4329 4171
f 4331 4330 4171
f 4331 4171 4172
f 4331 4172 4173
f 4332 4331 4173
f 4333 4332 4173
f 4333 4173 4174
f 4333 4174 4175
f 4334 4333 4175
f 4335 4334 4175
f 4335 4175 4176
f 4335 4176 4177
f 4336 4335 4177
f 4337 4336 4177
f 4337 4177 4178
f 4338 4337 4178
f 4338 4178 4179
f 4339 4338 4179
f 4339 4179 4180
f 4339 4180 4181
f 4340 4339 4181
f 4341 4340 4181
f 4341 4181 4182
f 4342 4341 4182
f 4342 4182 4183
f 4342 4183 4184
f 4343 4342 4184
f 4344 4343 4184
f 4344 4184 4185
f 4345 4185 4186
f 4345 4186 4187
f 4345 4344 4185
f 4346 4345 4187
f 4347 4187 4188
f 4347 4346 4187
f 4348 4188 4189
f 4348 4347 4188
f 4349 4189 4190
f 4349 4190 4191
f 4349 4348 4189
f 4350 4349 4191
f 4351 4191 4192
f 4351 4192 4193
f 4351 4350 4191
f 4352 4351 4193
f 4353 4193 4194
f 4353 4352 4193
f 4354 4194 4195
f 4354 4195 4196
f 4354 4353 4194
f 4355 4354 4196
f 4356 4355 4196
f 4356 4196 4197
f 4356 4197 4198
f 4357 4356 4198
f 4358 4357 4198
f 4358 4198 4199
f 4359 4358 4199
f 4359 4199 4200
f 4360 4359 4200
f 4360 4200 4201
f 4361 4360 4201
f 4361 4201 4202
f 4362 4361 4202
f 4362 4202 4203
f 4363 4362 4203
f 4363 4203 4204
f 4364 4363 4204
f 4364 4204 4205
f 4365 4364 4205
f 4365 4205 4206
f 4365 4206 4207
f 4366 4365 4207
f 4367 4366 4207
f 4367 4207 4208
f 4368 4367 4208
f 4368 4208 4209
f 4369 4368 4209
f 4369 4209 4210
f 4370 4369 4210
f 4370 4210 4211
f 4370 4211 4212
f 4371 4370 4212
f 4372 4371 4212
f 4372 4212 4213
f 4372 4213 4214
f 4373 4372 4214
f 4374 4373 4214
f 4374 4214 4215
f 4375 4374 4215
f 4375 4215 4216
f 4376 4375 4216
f 4376 4216 4217
f 4377 4217 4218
f 4377 4376 4217
f 4378 4218 4219
f 4378 4377 4218
f 4379 4378 4219
f 4379 4219 4220
f 4380 4379 4220
f 4380 4220 4221
f 4381 4380 4221
f 4381 4221 4222
f 4381 4222 4223
f 4382 4381 4223
f 4383 4223 4224
f 4383 4382 4223
f 4384 4224 4225
f 4384 4383 4224
f 4385 4225 4226
f 4385 4384 4225
f 4386 4226 4227
f 4386 4385 4226
f 4387 4227 4228
f 4387 4386 4227
f 4388 4228 4229
f 4388 4229 4230
f 4388 4387 4228
f 4389 4388 4230
f 4390 4230 4231
f 4390 4231 4232
f 4390 4389 4230
f 4391 4390 4232
f 4392 4232 4233
f 4392 4233 4234
f 4392 4391 4232
f 4393 4392 4234
f 4394 4234 4235
f 4394 4235 4236
f 4394 4393 4234
f 4395 4236 4237
f 4395 4394 4236
f 4396 4395 4237
f 4397 4237 4238
f 4397 4396 4237
f 4398 4238 4239
f 4398 4239 4240
f 4398 4397 4238
f 4399 4398 4240
f 4400 4240 4241
f 4400 4241 4242
f 4400 4399 4240
f 4401 4400 4242
f 4402 4242 4243
f 4402 4401 4242
f 4403 4243 4244
f 4403 4402 4243
f 4404 4244 4245
f 4404 4403 4244
f 4405 4404 4245
f 4405 4245 4246
f 4405 4246 4247
f 4406 4405 4247
f 4407 4406 4247
f 4407 4247 4248
f 4408 4407 4248
f 4408 4248 4249
f 4409 4408 4249
f 4409 4249 4250
f 4410 4409 4250
f 4410 4250 4251
f 4411 4251 4252
f 4411 4410 4251
f 4412 4252 4253
f 4412 4411 4252
f 4413 4253 4254
f 4413 4412 4253
f 4414 4254 4255
f 4414 4413 4254
f 4415 4255 4256
f 4415 4414 4255
f 4416 4256 4257
f 4416 4415 4256
f 4417 4257 4258
f 4417 4416 4257
f 4418 4258 4259
f 4418 4417 4258
f 4419 4259 4260
f 4419 4418 4259
f 4420 4260 4261
f 4420 4419 4260
f 4421 4261 4262
f 4421 4420 4261
f 4422 4262 4263
f 4422 4421 4262
f 4423 4263 4264
f 4423 4422 4263
f 4424 4264 4265
f 4424 4423 4264
f 4425 4265 4266
f 4425 4424 4265
f 4426 4266 4267
f 4426 4425 4266
f 4427 4267 4268
f 4427 4426 4267
f 4428 4268 4269
f 4428 4427 4268
f 4429 4269 4270
f 4429 4428 4269
f 4430 4429 4270
f 4430 4270 4271
f 4431 4430 4271
f 4431 4271 4272
f 4432 4431 4272
f 4432 4272 4273
f 4433 4432 4273
f 4433 4273 4274
f 4434 4433 4274
f 4434 4274 4275
f 4435 4434 4275
f 4435 4275 4276
f 4436 4435 4276
f 4436 4276 4277
f 4437 4436 4277
f 4437 4277 4278
f 4438 4437 4278
f 4438 4278 4279
f 4439 4438 4279
f 4439 4279 4280
f 4440 4439 4280
f 4440 4280 4281
f 4283 4440 4281
f 4283 4281 4282
f 4698 4541 4540
f 4697 4698 4540
f 4697 4540 4539
f 4699 4542 4541
f 4699 4541 4698
f 4696 4697 4539
f 4696 4539 4538
f 4700 4543 4542
f 4700 4542 4699
f 4695 4696 4538
f 4695 4538 4537
f 4701 4544 4543
f 4701 4543 4700
f 4694 4537 4536
f 4694 4695 4537
f 4702 4545 4544
f 4702 4544 4701
f 4693 4694 4536
f 4693 4536 4535
f 4703 4546 4545
f 4703 4545 4702
f 4692 4693 4535
f 4692 4535 4534
f 4704 4547 4546
f 4704 4546 4703
f 4691 4692 4534
f 4691 4534 4533
f 4705 4547 4704
f 4705 4548 4547
f 4690 4691 4533
f 4690 4533 4532
f 4706 4549 4548
f 4706 4548 4705
f 4689 4690 4532
f 4689 4532 4531
f 4707 4550 4549
f 4707 4549 4706
f 4688 4689 4531
f 4688 4531 4530
f 4708 4551 4550
f 4708 4550 4707
f 4687 4688 4530
f 4687 4530 4529
f 4709 4552 4551
f 4709 4551 4708
f 4686 4687 4529
f 4686 4529 4528
f 4710 4553 4552
f 4710 4552 4709
f 4685 4686 4528
f 4685 4528 4527
f 4711 4553 4710
f 4684 4685 4527
f 4684 4527 4526
f 4712 4554 4553
f 4712 4555 4554
f 4712 4553 4711
f 4683 4684 4526
f 4683 4526 4525
f 4713 4556 4555
f 4713 4555 4712
f 4682 4683 4525
f 4682 4525 4524
f 4714 4557 4556
f 4714 4556 4713
f 4681 4682 4524
f 4681 4523 4522
f 4681 4524 4523
f 4715 4558 4557
f 4715 4557 4714
f 4680 4681 4522
f 4716 4559 4558
f 4716 4558 4715
f 4679 4680 4522
f 4679 4522 4521
f 4717 4559 4716
f 4678 4521 4520
f 4678 4679 4521
f 4718 4560 4559
f 4718 4561 4560
f 4718 4559 4717
f 4677 4520 4519
f 4677 4678 4520
f 4719 4562 4561
f 4719 4561 4718
f 4676 4677 4519
f 4676 4519 4518
f 4720 4563 4562
f 4720 4562 4719
f 4675 4518 4517
f 4675 4676 4518
f 4721 4563 4720
f 4674 4675 4517
f 4674 4517 4516
f 4722 4563 4721
f 4722 4564 4563
f 4722 4565 4564
f 4673 4674 4516
f 4673 4515 4514
f 4673 4516 4515
f 4723 4565 4722
f 4723 4566 4565
f 4672 4673 4514
f 4724 4566 4723
f 4671 4514 4513
f 4671 4672 4514
f 4725 4567 4566
f 4725 4568 4567
f 4725 4566 4724
f 4670 4671 4513
f 4670 4513 4512
f 4726 4568 4725
f 4669 4670 4512
f 4669 4511 4510
f 4669 4512 4511
f 4727 4568 4726
f 4727 4569 4568
f 4668 4669 4510
f 4728 4569 4727
f 4728 4570 4569
f 4667 4668 4510
f 4667 4509 4508
f 4667 4510 4509
f 4729 4571 4570
f 4729 4570 4728
f 4666 4667 4508
f 4666 4508 4507
f 4730 4572 4571
f 4730 4571 4729
f 4665 4666 4507
f 4731 4573 4572
f 4731 4572 4730
f 4664 4665 4507
f 4664 4507 4506
f 4732 4573 4731
f 4732 4574 4573
f 4663 4506 4505
f 4663 4664 4506
f 4733 4575 4574
f 4733 4574 4732
f 4662 4505 4504
f 4662 4663 4505
f 4503 4662 4504
f 4734 4576 4575
f 4734 4575 4733
f 4577 4576 4734
f 4661 4662 4503
f 4502 4661 4503
f 4735 4577 4734
f 4660 4661 4502
f 4736 4577 4735
f 4736 4578 4577
f 4501 4660 4502
f 4659 4660 4501
f 4737 4578 4736
f 4737 4579 4578
f 4500 4658 4659
f 4500 4659 4501
f 4738 4579 4737
f 4580 4579 4738
f 4499 4658 4500
f 4499 4657 4658
f 4581 4580 4738
f 4581 4738 4739
f 4740 4581 4739
f 4498 4656 4657
f 4498 4657 4499
f 4582 4581 4740
f 4497 4655 4656
f 4497 4656 4498
f 4583 4582 4740
f 4583 4740 4741
f 4496 4654 4655
f 4496 4655 4497
f 4584 4583 4741
f 4584 4741 4742
f 4495 4652 4653
f 4495 4653 4654
f 4495 4654 4496
f 4585 4743 4744
f 4585 4584 4742
f 4585 4742 4743
f 4494 4652 4495
f 4586 4585 4744
f 4493 4651 4652
f 4493 4652 4494
f 4587 4744 4745
f 4587 4586 4744
f 4492 4649 4650
f 4492 4650 4651
f 4492 4651 4493
f 4588 4745 4746
f 4588 4587 4745
f 4491 4649 4492
f 4589 4746 4747
f 4589 4588 4746
f 4490 4648 4649
f 4490 4649 4491
f 4590 4747 4748
f 4590 4589 4747
f 4489 4647 4648
f 4489 4648 4490
f 4591 4748 4749
f 4591 4590 4748
f 4488 4646 4647
f 4488 4647 4489
f 4592 4749 4750
f 4592 4591 4749
f 4487 4645 4646
f 4487 4646 4488
f 4593 4750 4751
f 4593 4592 4750
f 4486 4644 4645
f 4486 4645 4487
f 4594 4751 4752
f 4594 4593 4751
f 4485 4643 4644
f 4485 4644 4486
f 4595 4752 4753
f 4595 4594 4752
f 4484 4642 4643
f 4484 4643 4485
f 4484 4641 4642
f 4596 4753 4754
f 4596 4595 4753
f 4483 4641 4484
f 4597 4754 4755
f 4597 4596 4754
f 4482 4641 4483
f 4482 4640 4641
f 4598 4755 4756
f 4598 4756 4599
f 4598 4597 4755
f 4481 4640 4482
f 4481 4639 4640
f 4441 4599 4600
f 4441 4598 4599
f 4480 4639 4481
f 4480 4637 4638
f 4480 4638 4639
f 4442 4441 4600
f 4479 4637 4480
f 4443 4442 4600
f 4443 4600 4601
f 4478 4637 4479
f 4478 4636 4637
f 4444 4601 4602
f 4444 4443 4601
f 4477 4636 4478
f 4477 4635 4636
f 4445 4444 4602
f 4445 4602 4603
f 4445 4603 4604
f 4476 4635 4477
f 4476 4634 4635
f 4446 4445 4604
f 4475 4634 4476
f 4475 4632 4633
f 4475 4633 4634
f 4447 4604 4605
f 4447 4446 4604
f 4474 4632 4475
f 4448 4605 4606
f 4448 4447 4605
f 4473 4632 4474
f 4473 4631 4632
f 4449 4606 4607
f 4449 4448 4606
f 4472 4630 4631
f 4472 4631 4473
f 4450 4449 4607
f 4450 4607 4608
f 4471 4629 4630
f 4471 4630 4472
f 4451 4608 4609
f 4451 4609 4610
f 4451 4450 4608
f 4470 4628 4629
f 4470 4629 4471
f 4452 4451 4610
f 4469 4628 4470
f 4469 4627 4628
f 4453 4452 4610
f 4453 4610 4611
f 4468 4627 4469
f 4468 4626 4627
f 4454 4453 4611
f 4454 4611 4612
f 4454 4612 4613
f 4467 4626 4468
f 4467 4625 4626
f 4455 4454 4613
f 4466 4625 4467
f 4466 4624 4625
f 4456 4455 4613
f 4456 4613 4614
f 4456 4614 4615
f 4465 4624 4466
f 4465 4623 4624
f 4457 4456 4615
f 4464 4623 4465
f 4464 4622 4623
f 4458 4457 4615
f 4458 4615 4616
f 4463 4622 4464
f 4463 4621 4622
f 4459 4458 4616
f 4459 4616 4617
f 4462 4621 4463
f 4462 4620 4621
f 4460 4459 4617
f 4460 4617 4618
f 4461 4620 4462
f 4461 4460 4618
f 4461 4618 4619
f 4461 4619 4620
f 5014 4856 4857
f 5013 4856 5014
f 5013 4855 4856
f 5015 4857 4858
f 5015 5014 4857
f 5012 4855 5013
f 5012 4854 4855
f 5016 4858 4859
f 5016 5015 4858
f 5011 4854 5012
f 5011 4853 4854
f 5017 4859 4860
f 5017 5016 4859
f 5010 4852 4853
f 5010 4853 5011
f 5018 4860 4861
f 5018 5017 4860
f 5009 4852 5010
f 5009 4851 4852
f 5019 4861 4862
f 5019 5018 4861
f 5008 4851 5009
f 5008 4850 4851
f 5020 4862 4863
f 5020 5019 4862
f 5007 4850 5008
f 5007 4849 4850
f 5021 5020 4863
f 5021 4863 4864
f 5006 4849 5007
f 5006 4848 4849
f 5022 4864 4865
f 5022 5021 4864
f 5005 4848 5006
f 5005 4847 4848
f 5023 4865 4866
f 5023 5022 4865
f 5004 4847 5005
f 5004 4846 4847
f 5024 4866 4867
f 5024 5023 4866
f 5003 4846 5004
f 5003 4845 4846
f 5025 4867 4868
f 5025 5024 4867
f 5002 4845 5003
f 5002 4844 4845
f 5026 4868 4869
f 5026 5025 4868
f 5001 4844 5002
f 5001 4843 4844
f 5027 5026 4869
f 5000 4843 5001
f 5000 4842 4843
f 5028 4869 4870
f 5028 4870 4871
f 5028 5027 4869
f 4999 4842 5000
f 4999 4841 4842
f 5029 4871 4872
f 5029 5028 4871
f 4998 4841 4999
f 4998 4840 4841
f 5030 4872 4873
f 5030 5029 4872
f 4997 4840 4998
f 4997 4838 4839
f 4997 4839 4840
f 5031 4873 4874
f 5031 5030 4873
f 4996 4838 4997
f 5032 4874 4875
f 5032 5031 4874
f 4995 4838 4996
f 4995 4837 4838
f 5033 5032 4875
f 4994 4836 4837
f 4994 4837 4995
f 5034 4875 4876
f 5034 4876 4877
f 5034 5033 4875
f 4993 4835 4836
f 4993 4836 4994
f 5035 4877 4878
f 5035 5034 4877
f 4992 4835 4993
f 4992 4834 4835
f 5036 4878 4879
f 5036 5035 4878
f 4991 4833 4834
f 4991 4834 4992
f 5037 5036 4879
f 4990 4833 4991
f 4990 4832 4833
f 5038 5037 4879
f 5038 4879 4880
f 5038 4880 4881
f 4989 4832 4990
f 4989 4830 4831
f 4989 4831 4832
f 5039 5038 4881
f 5039 4881 4882
f 4988 4830 4989
f 5040 5039 4882
f 4987 4829 4830
f 4987 4830 4988
f 5041 4882 4883
f 5041 4883 4884
f 5041 5040 4882
f 4986 4829 4987
f 4986 4828 4829
f 5042 5041 4884
f 4985 4828 4986
f 4985 4826 4827
f 4985 4827 4828
f 5043 5042 4884
f 5043 4884 4885
f 4984 4826 4985
f 5044 5043 4885
f 5044 4885 4886
f 4983 4826 4984
f 4983 4824 4825
f 4983 4825 4826
f 5045 4886 4887
f 5045 5044 4886
f 4982 4824 4983
f 4982 4823 4824
f 5046 4887 4888
f 5046 5045 4887
f 4981 4823 4982
f 5047 4888 4889
f 5047 5046 4888
f 4980 4823 4981
f 4980 4822 4823
f 5048 5047 4889
f 5048 4889 4890
f 4979 4821 4822
f 4979 4822 4980
f 5049 4890 4891
f 5049 5048 4890
f 4978 4820 4821
f 4978 4821 4979
f 4819 4820 4978
f 5050 4891 4892
f 5050 5049 4891
f 4893 5050 4892
f 4977 4819 4978
f 4818 4819 4977
f 5051 5050 4893
f 4976 4818 4977
f 5052 5051 4893
f 5052 4893 4894
f 4817 4818 4976
f 4975 4817 4976
f 5053 5052 4894
f 5053 4894 4895
f 4816 4975 4974
f 4816 4817 4975
f 5054 5053 4895
f 4896 5054 4895
f 4815 4816 4974
f 4815 4974 4973
f 4897 5054 4896
f 4897 5055 5054
f 5056 5055 4897
f 4814 4973 4972
f 4814 4815 4973
f 4898 5056 4897
f 4813 4972 4971
f 4813 4814 4972
f 4899 5056 4898
f 4899 5057 5056
f 4812 4971 4970
f 4812 4813 4971
f 4900 5057 4899
f 4900 5058 5057
f 4811 4969 4968
f 4811 4970 4969
f 4811 4812 4970
f 4901 5060 5059
f 4901 5058 4900
f 4901 5059 5058
f 4810 4811 4968
f 4902 5060 4901
f 4809 4968 4967
f 4809 4810 4968
f 4903 5061 5060
f 4903 5060 4902
f 4808 4966 4965
f 4808 4967 4966
f 4808 4809 4967
f 4904 5062 5061
f 4904 5061 4903
f 4807 4808 4965
f 4905 5063 5062
f 4905 5062 4904
f 4806 4965 4964
f 4806 4807 4965
f 4906 5064 5063
f 4906 5063 4905
f 4805 4964 4963
f 4805 4806 4964
f 4907 5065 5064
f 4907 5064 4906
f 4804 4963 4962
f 4804 4805 4963
f 4908 5066 5065
f 4908 5065 4907
f 4803 4962 4961
f 4803 4804 4962
f 4909 5067 5066
f 4909 5066 4908
f 4802 4961 4960
f 4802 4803 4961
f 4910 5068 5067
f 4910 5067 4909
f 4801 4960 4959
f 4801 4802 4960
f 4911 5069 5068
f 4911 5068 4910
f 4800 4959 4958
f 4800 4801 4959
f 4800 4958 4957
f 4912 5070 5069
f 4912 5069 4911
f 4799 4800 4957
f 4913 5071 5070
f 4913 5070 4912
f 4798 4799 4957
f 4798 4957 4956
f 4914 5072 5071
f 4914 4915 5072
f 4914 5071 4913
f 4797 4798 4956
f 4797 4956 4955
f 4757 4916 4915
f 4757 4915 4914
f 4796 4797 4955
f 4796 4954 4953
f 4796 4955 4954
f 4758 4916 4757
f 4795 4796 4953
f 4759 4916 4758
f 4759 4917 4916
f 4794 4795 4953
f 4794 4953 4952
f 4760 4918 4917
f 4760 4917 4759
f 4793 4794 4952
f 4793 4952 4951
f 4761 4918 4760
f 4761 4919 4918
f 4761 4920 4919
f 4792 4793 4951
f 4792 4951 4950
f 4762 4920 4761
f 4791 4792 4950
f 4791 4949 4948
f 4791 4950 4949
f 4763 4921 4920
f 4763 4920 4762
f 4790 4791 4948
f 4764 4922 4921
f 4764 4921 4763
f 4789 4790 4948
f 4789 4948 4947
f 4765 4923 4922
f 4765 4922 4764
f 4788 4947 4946
f 4788 4789 4947
f 4766 4923 4765
f 4766 4924 4923
f 4787 4946 4945
f 4787 4788 4946
f 4767 4925 4924
f 4767 4926 4925
f 4767 4924 4766
f 4786 4945 4944
f 4786 4787 4945
f 4768 4926 4767
f 4785 4786 4944
f 4785 4944 4943
f 4769 4926 4768
f 4769 4927 4926
f 4784 4785 4943
f 4784 4943 4942
f 4770 4927 4769
f 4770 4928 4927
f 4770 4929 4928
f 4783 4784 4942
f 4783 4942 4941
f 4771 4929 4770
f 4782 4783 4941
f 4782 4941 4940
f 4772 4929 4771
f 4772 4930 4929
f 4772 4931 4930
f 4781 4782 4940
f 4781 4940 4939
f 4773 4931 4772
f 4780 4781 4939
f 4780 4939 4938
f 4774 4931 4773
f 4774 4932 4931
f 4779 4780 4938
f 4779 4938 4937
f 4775 4932 4774
f 4775 4933 4932
f 4778 4779 4937
f 4778 4937 4936
f 4776 4933 4775
f 4776 4934 4933
f 4777 4778 4936
f 4777 4934 4776
f 4777 4935 4934
f 4777 4936 4935
