# Assembly coordinates in millimetres, Z-up.
mtllib Rotating_Cap.mtl
o Rotating_Cap
v 30.1979718 0.3500000 14.0000000 0.13 0.19 0.26
v 30.7980113 0.3500000 14.0000000 0.13 0.19 0.26
v 30.1884455 0.8353210 14.0000000 0.13 0.19 0.26
v 30.1711199 1.3204263 14.0000000 0.13 0.19 0.26
v 30.1459995 1.8051904 14.0000000 0.13 0.19 0.26
v 30.7445102 1.8479967 14.0000000 0.13 0.19 0.26
v 30.7296278 2.0808594 14.0000000 0.13 0.19 0.26
v 30.7129817 2.3136027 14.0000000 0.13 0.19 0.26
v 30.6945728 2.5462132 14.0000000 0.13 0.19 0.26
v 30.0960621 2.5034069 14.0000000 0.13 0.19 0.26
v 30.0519376 2.9868118 14.0000000 0.13 0.19 0.26
v 30.0000492 3.4694450 14.0000000 0.13 0.19 0.26
v 29.9404102 3.9511820 14.0000000 0.13 0.19 0.26
v 30.5343421 4.0365765 14.0000000 0.13 0.19 0.26
v 30.5028854 4.2677842 14.0000000 0.13 0.19 0.26
v 30.4696780 4.4987469 14.0000000 0.13 0.19 0.26
v 30.4347218 4.7294515 14.0000000 0.13 0.19 0.26
v 29.8407898 4.6440570 14.0000000 0.13 0.19 0.26
v 29.7622920 5.1230824 14.0000000 0.13 0.19 0.26
v 29.6761051 5.6007843 14.0000000 0.13 0.19 0.26
v 29.5822513 6.0770392 14.0000000 0.13 0.19 0.26
v 30.1685781 6.2045868 14.0000000 0.13 0.19 0.26
v 30.1207073 6.4329613 14.0000000 0.13 0.19 0.26
v 30.0711078 6.6609666 14.0000000 0.13 0.19 0.26
v 30.0197824 6.8885896 14.0000000 0.13 0.19 0.26
v 29.4334556 6.7610420 14.0000000 0.13 0.19 0.26
v 29.3209846 7.2332470 14.0000000 0.13 0.19 0.26
v 29.2009384 7.7035832 14.0000000 0.13 0.19 0.26
v 29.0733481 8.1719293 14.0000000 0.13 0.19 0.26
v 29.6490818 8.3409799 14.0000000 0.13 0.19 0.26
v 29.5850410 8.5653575 14.0000000 0.13 0.19 0.26
v 29.5193021 8.7892435 14.0000000 0.13 0.19 0.26
v 29.4518690 9.0126250 14.0000000 0.13 0.19 0.26
v 28.8761354 8.8435743 14.0000000 0.13 0.19 0.26
v 28.7302642 9.3065526 14.0000000 0.13 0.19 0.26
v 28.5769704 9.7671265 14.0000000 0.13 0.19 0.26
v 28.4162938 10.2251770 14.0000000 0.13 0.19 0.26
v 28.9785007 10.4348693 14.0000000 0.13 0.19 0.26
v 28.8986161 10.6541066 14.0000000 0.13 0.19 0.26
v 28.8170729 10.8727324 14.0000000 0.13 0.19 0.26
v 28.7338758 11.0907342 14.0000000 0.13 0.19 0.26
v 28.1716689 10.8810418 14.0000000 0.13 0.19 0.26
v 27.9931409 11.3324342 14.0000000 0.13 0.19 0.26
v 27.8073808 11.7808987 14.0000000 0.13 0.19 0.26
v 27.6144366 12.2263196 14.0000000 0.13 0.19 0.26
v 28.1602517 12.4755851 14.0000000 0.13 0.19 0.26
v 28.0649305 12.6885648 14.0000000 0.13 0.19 0.26
v 27.9679984 12.9008164 14.0000000 0.13 0.19 0.26
v 27.8694612 13.1123275 14.0000000 0.13 0.19 0.26
v 27.3236461 12.8630620 14.0000000 0.13 0.19 0.26
v 27.1133710 13.3005682 14.0000000 0.13 0.19 0.26
v 26.8960911 13.7346382 14.0000000 0.13 0.19 0.26
v 26.6718625 14.1651597 14.0000000 0.13 0.19 0.26
v 27.1985046 14.4527281 14.0000000 0.13 0.19 0.26
v 27.0882324 14.6583651 14.0000000 0.13 0.19 0.26
v 26.9764055 14.8631607 14.0000000 0.13 0.19 0.26
v 26.8630303 15.0671034 14.0000000 0.13 0.19 0.26
v 26.3363882 14.7795350 14.0000000 0.13 0.19 0.26
v 26.0954375 15.2009256 14.0000000 0.13 0.19 0.26
v 25.8477450 15.6183890 14.0000000 0.13 0.19 0.26
v 25.5933747 16.0318174 14.0000000 0.13 0.19 0.26
v 26.0981601 16.3562233 14.0000000 0.13 0.19 0.26
v 25.9734989 16.5534696 14.0000000 0.13 0.19 0.26
v 25.8473470 16.7497658 14.0000000 0.13 0.19 0.26
v 25.7197115 16.9451007 14.0000000 0.13 0.19 0.26
v 25.2149262 16.6206949 14.0000000 0.13 0.19 0.26
v 24.9445277 17.0238226 14.0000000 0.13 0.19 0.26
v 24.6676848 17.4225522 14.0000000 0.13 0.19 0.26
v 24.3844690 17.8167806 14.0000000 0.13 0.19 0.26
v 24.8648254 18.1763709 14.0000000 0.13 0.19 0.26
v 24.7264104 18.3642214 14.0000000 0.13 0.19 0.26
v 24.5865763 18.5510180 14.0000000 0.13 0.19 0.26
v 24.4453310 18.7367498 14.0000000 0.13 0.19 0.26
v 23.9649746 18.3771595 14.0000000 0.13 0.19 0.26
v 23.6665063 18.7599701 14.0000000 0.13 0.19 0.26
v 23.3619238 19.1379340 14.0000000 0.13 0.19 0.26
v 23.0513056 19.5109536 14.0000000 0.13 0.19 0.26
v 23.5047852 19.9038959 14.0000000 0.13 0.19 0.26
v 23.3533218 20.0813934 14.0000000 0.13 0.19 0.26
v 23.2005180 20.2577384 14.0000000 0.13 0.19 0.26
v 23.0463827 20.4329206 14.0000000 0.13 0.19 0.26
v 22.5929031 20.0399783 14.0000000 0.13 0.19 0.26
v 22.2678858 20.4005211 14.0000000 0.13 0.19 0.26
v 21.9371157 20.7557933 14.0000000 0.13 0.19 0.26
v 21.6006780 21.1057033 14.0000000 0.13 0.19 0.26
v 22.0249700 21.5299953 14.0000000 0.13 0.19 0.26
v 21.8612300 21.6962352 14.0000000 0.13 0.19 0.26
v 21.6962352 21.8612300 14.0000000 0.13 0.19 0.26
v 21.5299953 22.0249700 14.0000000 0.13 0.19 0.26
v 21.1057033 21.6006780 14.0000000 0.13 0.19 0.26
v 20.7557933 21.9371157 14.0000000 0.13 0.19 0.26
v 20.4005211 22.2678858 14.0000000 0.13 0.19 0.26
v 20.0399783 22.5929031 14.0000000 0.13 0.19 0.26
v 20.4329206 23.0463827 14.0000000 0.13 0.19 0.26
v 20.2577384 23.2005180 14.0000000 0.13 0.19 0.26
v 20.0813934 23.3533218 14.0000000 0.13 0.19 0.26
v 19.9038959 23.5047852 14.0000000 0.13 0.19 0.26
v 19.5109536 23.0513056 14.0000000 0.13 0.19 0.26
v 19.1379340 23.3619238 14.0000000 0.13 0.19 0.26
v 18.7599701 23.6665063 14.0000000 0.13 0.19 0.26
v 18.3771595 23.9649746 14.0000000 0.13 0.19 0.26
v 18.7367498 24.4453310 14.0000000 0.13 0.19 0.26
v 18.5510180 24.5865763 14.0000000 0.13 0.19 0.26
v 18.3642214 24.7264104 14.0000000 0.13 0.19 0.26
v 18.1763709 24.8648254 14.0000000 0.13 0.19 0.26
v 17.8167806 24.3844690 14.0000000 0.13 0.19 0.26
v 17.4225522 24.6676848 14.0000000 0.13 0.19 0.26
v 17.0238226 24.9445277 14.0000000 0.13 0.19 0.26
v 16.6206949 25.2149262 14.0000000 0.13 0.19 0.26
v 16.9451007 25.7197115 14.0000000 0.13 0.19 0.26
v 16.7497658 25.8473470 14.0000000 0.13 0.19 0.26
v 16.5534696 25.9734989 14.0000000 0.13 0.19 0.26
v 16.3562233 26.0981601 14.0000000 0.13 0.19 0.26
v 16.0318174 25.5933747 14.0000000 0.13 0.19 0.26
v 15.6183890 25.8477450 14.0000000 0.13 0.19 0.26
v 15.2009256 26.0954375 14.0000000 0.13 0.19 0.26
v 14.7795350 26.3363882 14.0000000 0.13 0.19 0.26
v 15.0671034 26.8630303 14.0000000 0.13 0.19 0.26
v 14.8631607 26.9764055 14.0000000 0.13 0.19 0.26
v 14.6583651 27.0882324 14.0000000 0.13 0.19 0.26
v 14.4527281 27.1985046 14.0000000 0.13 0.19 0.26
v 14.1651597 26.6718625 14.0000000 0.13 0.19 0.26
v 13.7346382 26.8960911 14.0000000 0.13 0.19 0.26
v 13.3005682 27.1133710 14.0000000 0.13 0.19 0.26
v 12.8630620 27.3236461 14.0000000 0.13 0.19 0.26
v 13.1123275 27.8694612 14.0000000 0.13 0.19 0.26
v 12.9008164 27.9679984 14.0000000 0.13 0.19 0.26
v 12.6885648 28.0649305 14.0000000 0.13 0.19 0.26
v 12.4755851 28.1602517 14.0000000 0.13 0.19 0.26
v 12.2263196 27.6144366 14.0000000 0.13 0.19 0.26
v 11.7808987 27.8073808 14.0000000 0.13 0.19 0.26
v 11.3324342 27.9931409 14.0000000 0.13 0.19 0.26
v 10.8810418 28.1716689 14.0000000 0.13 0.19 0.26
v 11.0907342 28.7338758 14.0000000 0.13 0.19 0.26
v 10.8727324 28.8170729 14.0000000 0.13 0.19 0.26
v 10.6541066 28.8986161 14.0000000 0.13 0.19 0.26
v 10.4348693 28.9785007 14.0000000 0.13 0.19 0.26
v 10.2251770 28.4162938 14.0000000 0.13 0.19 0.26
v 9.7671265 28.5769704 14.0000000 0.13 0.19 0.26
v 9.3065526 28.7302642 14.0000000 0.13 0.19 0.26
v 8.8435743 28.8761354 14.0000000 0.13 0.19 0.26
v 9.0126250 29.4518690 14.0000000 0.13 0.19 0.26
v 8.7892435 29.5193021 14.0000000 0.13 0.19 0.26
v 8.5653575 29.5850410 14.0000000 0.13 0.19 0.26
v 8.3409799 29.6490818 14.0000000 0.13 0.19 0.26
v 8.1719293 29.0733481 14.0000000 0.13 0.19 0.26
v 7.7035832 29.2009384 14.0000000 0.13 0.19 0.26
v 7.2332470 29.3209846 14.0000000 0.13 0.19 0.26
v 6.7610420 29.4334556 14.0000000 0.13 0.19 0.26
v 6.8885896 30.0197824 14.0000000 0.13 0.19 0.26
v 6.6609666 30.0711078 14.0000000 0.13 0.19 0.26
v 6.4329613 30.1207073 14.0000000 0.13 0.19 0.26
v 6.2045868 30.1685781 14.0000000 0.13 0.19 0.26
v 6.0770392 29.5822513 14.0000000 0.13 0.19 0.26
v 5.6007843 29.6761051 14.0000000 0.13 0.19 0.26
v 5.1230824 29.7622920 14.0000000 0.13 0.19 0.26
v 4.6440570 29.8407898 14.0000000 0.13 0.19 0.26
v 4.7294515 30.4347218 14.0000000 0.13 0.19 0.26
v 4.4987469 30.4696780 14.0000000 0.13 0.19 0.26
v 4.2677842 30.5028854 14.0000000 0.13 0.19 0.26
v 4.0365765 30.5343421 14.0000000 0.13 0.19 0.26
v 3.9511820 29.9404102 14.0000000 0.13 0.19 0.26
v 3.4694450 30.0000492 14.0000000 0.13 0.19 0.26
v 2.9868118 30.0519376 14.0000000 0.13 0.19 0.26
v 2.5034069 30.0960621 14.0000000 0.13 0.19 0.26
v 2.5462132 30.6945728 14.0000000 0.13 0.19 0.26
v 2.3136027 30.7129817 14.0000000 0.13 0.19 0.26
v 2.0808594 30.7296278 14.0000000 0.13 0.19 0.26
v 1.8479967 30.7445102 14.0000000 0.13 0.19 0.26
v 1.8051904 30.1459995 14.0000000 0.13 0.19 0.26
v 1.3204263 30.1711199 14.0000000 0.13 0.19 0.26
v 0.8353210 30.1884455 14.0000000 0.13 0.19 0.26
v 0.3500000 30.1979718 14.0000000 0.13 0.19 0.26
v 0.3500000 30.7980113 14.0000000 0.13 0.19 0.26
v 0.1166689 30.7997790 14.0000000 0.13 0.19 0.26
v -0.1166689 30.7997790 14.0000000 0.13 0.19 0.26
v -0.3500000 30.7980113 14.0000000 0.13 0.19 0.26
v -0.3500000 30.1979718 14.0000000 0.13 0.19 0.26
v -0.8353210 30.1884455 14.0000000 0.13 0.19 0.26
v -1.3204263 30.1711199 14.0000000 0.13 0.19 0.26
v -1.8051904 30.1459995 14.0000000 0.13 0.19 0.26
v -1.8479967 30.7445102 14.0000000 0.13 0.19 0.26
v -2.0808594 30.7296278 14.0000000 0.13 0.19 0.26
v -2.3136027 30.7129817 14.0000000 0.13 0.19 0.26
v -2.5462132 30.6945728 14.0000000 0.13 0.19 0.26
v -2.5034069 30.0960621 14.0000000 0.13 0.19 0.26
v -2.9868118 30.0519376 14.0000000 0.13 0.19 0.26
v -3.4694450 30.0000492 14.0000000 0.13 0.19 0.26
v -3.9511820 29.9404102 14.0000000 0.13 0.19 0.26
v -4.0365765 30.5343421 14.0000000 0.13 0.19 0.26
v -4.2677842 30.5028854 14.0000000 0.13 0.19 0.26
v -4.4987469 30.4696780 14.0000000 0.13 0.19 0.26
v -4.7294515 30.4347218 14.0000000 0.13 0.19 0.26
v -4.6440570 29.8407898 14.0000000 0.13 0.19 0.26
v -5.1230824 29.7622920 14.0000000 0.13 0.19 0.26
v -5.6007843 29.6761051 14.0000000 0.13 0.19 0.26
v -6.0770392 29.5822513 14.0000000 0.13 0.19 0.26
v -6.2045868 30.1685781 14.0000000 0.13 0.19 0.26
v -6.4329613 30.1207073 14.0000000 0.13 0.19 0.26
v -6.6609666 30.0711078 14.0000000 0.13 0.19 0.26
v -6.8885896 30.0197824 14.0000000 0.13 0.19 0.26
v -6.7610420 29.4334556 14.0000000 0.13 0.19 0.26
v -7.2332470 29.3209846 14.0000000 0.13 0.19 0.26
v -7.7035832 29.2009384 14.0000000 0.13 0.19 0.26
v -8.1719293 29.0733481 14.0000000 0.13 0.19 0.26
v -8.3409799 29.6490818 14.0000000 0.13 0.19 0.26
v -8.5653575 29.5850410 14.0000000 0.13 0.19 0.26
v -8.7892435 29.5193021 14.0000000 0.13 0.19 0.26
v -9.0126250 29.4518690 14.0000000 0.13 0.19 0.26
v -8.8435743 28.8761354 14.0000000 0.13 0.19 0.26
v -9.3065526 28.7302642 14.0000000 0.13 0.19 0.26
v -9.7671265 28.5769704 14.0000000 0.13 0.19 0.26
v -10.2251770 28.4162938 14.0000000 0.13 0.19 0.26
v -10.4348693 28.9785007 14.0000000 0.13 0.19 0.26
v -10.6541066 28.8986161 14.0000000 0.13 0.19 0.26
v -10.8727324 28.8170729 14.0000000 0.13 0.19 0.26
v -11.0907342 28.7338758 14.0000000 0.13 0.19 0.26
v -10.8810418 28.1716689 14.0000000 0.13 0.19 0.26
v -11.3324342 27.9931409 14.0000000 0.13 0.19 0.26
v -11.7808987 27.8073808 14.0000000 0.13 0.19 0.26
v -12.2263196 27.6144366 14.0000000 0.13 0.19 0.26
v -12.4755851 28.1602517 14.0000000 0.13 0.19 0.26
v -12.6885648 28.0649305 14.0000000 0.13 0.19 0.26
v -12.9008164 27.9679984 14.0000000 0.13 0.19 0.26
v -13.1123275 27.8694612 14.0000000 0.13 0.19 0.26
v -12.8630620 27.3236461 14.0000000 0.13 0.19 0.26
v -13.3005682 27.1133710 14.0000000 0.13 0.19 0.26
v -13.7346382 26.8960911 14.0000000 0.13 0.19 0.26
v -14.1651597 26.6718625 14.0000000 0.13 0.19 0.26
v -14.4527281 27.1985046 14.0000000 0.13 0.19 0.26
v -14.6583651 27.0882324 14.0000000 0.13 0.19 0.26
v -14.8631607 26.9764055 14.0000000 0.13 0.19 0.26
v -15.0671034 26.8630303 14.0000000 0.13 0.19 0.26
v -14.7795350 26.3363882 14.0000000 0.13 0.19 0.26
v -15.2009256 26.0954375 14.0000000 0.13 0.19 0.26
v -15.6183890 25.8477450 14.0000000 0.13 0.19 0.26
v -16.0318174 25.5933747 14.0000000 0.13 0.19 0.26
v -16.3562233 26.0981601 14.0000000 0.13 0.19 0.26
v -16.5534696 25.9734989 14.0000000 0.13 0.19 0.26
v -16.7497658 25.8473470 14.0000000 0.13 0.19 0.26
v -16.9451007 25.7197115 14.0000000 0.13 0.19 0.26
v -16.6206949 25.2149262 14.0000000 0.13 0.19 0.26
v -17.0238226 24.9445277 14.0000000 0.13 0.19 0.26
v -17.4225522 24.6676848 14.0000000 0.13 0.19 0.26
v -17.8167806 24.3844690 14.0000000 0.13 0.19 0.26
v -18.1763709 24.8648254 14.0000000 0.13 0.19 0.26
v -18.3642214 24.7264104 14.0000000 0.13 0.19 0.26
v -18.5510180 24.5865763 14.0000000 0.13 0.19 0.26
v -18.7367498 24.4453310 14.0000000 0.13 0.19 0.26
v -18.3771595 23.9649746 14.0000000 0.13 0.19 0.26
v -18.7599701 23.6665063 14.0000000 0.13 0.19 0.26
v -19.1379340 23.3619238 14.0000000 0.13 0.19 0.26
v -19.5109536 23.0513056 14.0000000 0.13 0.19 0.26
v -19.9038959 23.5047852 14.0000000 0.13 0.19 0.26
v -20.0813934 23.3533218 14.0000000 0.13 0.19 0.26
v -20.2577384 23.2005180 14.0000000 0.13 0.19 0.26
v -20.4329206 23.0463827 14.0000000 0.13 0.19 0.26
v -20.0399783 22.5929031 14.0000000 0.13 0.19 0.26
v -20.4005211 22.2678858 14.0000000 0.13 0.19 0.26
v -20.7557933 21.9371157 14.0000000 0.13 0.19 0.26
v -21.1057033 21.6006780 14.0000000 0.13 0.19 0.26
v -21.5299953 22.0249700 14.0000000 0.13 0.19 0.26
v -21.6962352 21.8612300 14.0000000 0.13 0.19 0.26
v -21.8612300 21.6962352 14.0000000 0.13 0.19 0.26
v -22.0249700 21.5299953 14.0000000 0.13 0.19 0.26
v -21.6006780 21.1057033 14.0000000 0.13 0.19 0.26
v -21.9371157 20.7557933 14.0000000 0.13 0.19 0.26
v -22.2678858 20.4005211 14.0000000 0.13 0.19 0.26
v -22.5929031 20.0399783 14.0000000 0.13 0.19 0.26
v -23.0463827 20.4329206 14.0000000 0.13 0.19 0.26
v -23.2005180 20.2577384 14.0000000 0.13 0.19 0.26
v -23.3533218 20.0813934 14.0000000 0.13 0.19 0.26
v -23.5047852 19.9038959 14.0000000 0.13 0.19 0.26
v -23.0513056 19.5109536 14.0000000 0.13 0.19 0.26
v -23.3619238 19.1379340 14.0000000 0.13 0.19 0.26
v -23.6665063 18.7599701 14.0000000 0.13 0.19 0.26
v -23.9649746 18.3771595 14.0000000 0.13 0.19 0.26
v -24.4453310 18.7367498 14.0000000 0.13 0.19 0.26
v -24.5865763 18.5510180 14.0000000 0.13 0.19 0.26
v -24.7264104 18.3642214 14.0000000 0.13 0.19 0.26
v -24.8648254 18.1763709 14.0000000 0.13 0.19 0.26
v -24.3844690 17.8167806 14.0000000 0.13 0.19 0.26
v -24.6676848 17.4225522 14.0000000 0.13 0.19 0.26
v -24.9445277 17.0238226 14.0000000 0.13 0.19 0.26
v -25.2149262 16.6206949 14.0000000 0.13 0.19 0.26
v -25.7197115 16.9451007 14.0000000 0.13 0.19 0.26
v -25.8473470 16.7497658 14.0000000 0.13 0.19 0.26
v -25.9734989 16.5534696 14.0000000 0.13 0.19 0.26
v -26.0981601 16.3562233 14.0000000 0.13 0.19 0.26
v -25.5933747 16.0318174 14.0000000 0.13 0.19 0.26
v -25.8477450 15.6183890 14.0000000 0.13 0.19 0.26
v -26.0954375 15.2009256 14.0000000 0.13 0.19 0.26
v -26.3363882 14.7795350 14.0000000 0.13 0.19 0.26
v -26.8630303 15.0671034 14.0000000 0.13 0.19 0.26
v -26.9764055 14.8631607 14.0000000 0.13 0.19 0.26
v -27.0882324 14.6583651 14.0000000 0.13 0.19 0.26
v -27.1985046 14.4527281 14.0000000 0.13 0.19 0.26
v -26.6718625 14.1651597 14.0000000 0.13 0.19 0.26
v -26.8960911 13.7346382 14.0000000 0.13 0.19 0.26
v -27.1133710 13.3005682 14.0000000 0.13 0.19 0.26
v -27.3236461 12.8630620 14.0000000 0.13 0.19 0.26
v -27.8694612 13.1123275 14.0000000 0.13 0.19 0.26
v -27.9679984 12.9008164 14.0000000 0.13 0.19 0.26
v -28.0649305 12.6885648 14.0000000 0.13 0.19 0.26
v -28.1602517 12.4755851 14.0000000 0.13 0.19 0.26
v -27.6144366 12.2263196 14.0000000 0.13 0.19 0.26
v -27.8073808 11.7808987 14.0000000 0.13 0.19 0.26
v -27.9931409 11.3324342 14.0000000 0.13 0.19 0.26
v -28.1716689 10.8810418 14.0000000 0.13 0.19 0.26
v -28.7338758 11.0907342 14.0000000 0.13 0.19 0.26
v -28.8170729 10.8727324 14.0000000 0.13 0.19 0.26
v -28.8986161 10.6541066 14.0000000 0.13 0.19 0.26
v -28.9785007 10.4348693 14.0000000 0.13 0.19 0.26
v -28.4162938 10.2251770 14.0000000 0.13 0.19 0.26
v -28.5769704 9.7671265 14.0000000 0.13 0.19 0.26
v -28.7302642 9.3065526 14.0000000 0.13 0.19 0.26
v -28.8761354 8.8435743 14.0000000 0.13 0.19 0.26
v -29.4518690 9.0126250 14.0000000 0.13 0.19 0.26
v -29.5193021 8.7892435 14.0000000 0.13 0.19 0.26
v -29.5850410 8.5653575 14.0000000 0.13 0.19 0.26
v -29.6490818 8.3409799 14.0000000 0.13 0.19 0.26
v -29.0733481 8.1719293 14.0000000 0.13 0.19 0.26
v -29.2009384 7.7035832 14.0000000 0.13 0.19 0.26
v -29.3209846 7.2332470 14.0000000 0.13 0.19 0.26
v -29.4334556 6.7610420 14.0000000 0.13 0.19 0.26
v -30.0197824 6.8885896 14.0000000 0.13 0.19 0.26
v -30.0711078 6.6609666 14.0000000 0.13 0.19 0.26
v -30.1207073 6.4329613 14.0000000 0.13 0.19 0.26
v -30.1685781 6.2045868 14.0000000 0.13 0.19 0.26
v -29.5822513 6.0770392 14.0000000 0.13 0.19 0.26
v -29.6761051 5.6007843 14.0000000 0.13 0.19 0.26
v -29.7622920 5.1230824 14.0000000 0.13 0.19 0.26
v -29.8407898 4.6440570 14.0000000 0.13 0.19 0.26
v -30.4347218 4.7294515 14.0000000 0.13 0.19 0.26
v -30.4696780 4.4987469 14.0000000 0.13 0.19 0.26
v -30.5028854 4.2677842 14.0000000 0.13 0.19 0.26
v -30.5343421 4.0365765 14.0000000 0.13 0.19 0.26
v -29.9404102 3.9511820 14.0000000 0.13 0.19 0.26
v -30.0000492 3.4694450 14.0000000 0.13 0.19 0.26
v -30.0519376 2.9868118 14.0000000 0.13 0.19 0.26
v -30.0960621 2.5034069 14.0000000 0.13 0.19 0.26
v -30.6945728 2.5462132 14.0000000 0.13 0.19 0.26
v -30.7129817 2.3136027 14.0000000 0.13 0.19 0.26
v -30.7296278 2.0808594 14.0000000 0.13 0.19 0.26
v -30.7445102 1.8479967 14.0000000 0.13 0.19 0.26
v -30.1459995 1.8051904 14.0000000 0.13 0.19 0.26
v -30.1711199 1.3204263 14.0000000 0.13 0.19 0.26
v -30.1884455 0.8353210 14.0000000 0.13 0.19 0.26
v -30.1979718 0.3500000 14.0000000 0.13 0.19 0.26
v -30.7980113 0.3500000 14.0000000 0.13 0.19 0.26
v -30.7997790 0.1166689 14.0000000 0.13 0.19 0.26
v -30.7997790 -0.1166689 14.0000000 0.13 0.19 0.26
v -30.7980113 -0.3500000 14.0000000 0.13 0.19 0.26
v -30.1979718 -0.3500000 14.0000000 0.13 0.19 0.26
v -30.1884455 -0.8353210 14.0000000 0.13 0.19 0.26
v -30.1711199 -1.3204263 14.0000000 0.13 0.19 0.26
v -30.1459995 -1.8051904 14.0000000 0.13 0.19 0.26
v -30.7445102 -1.8479967 14.0000000 0.13 0.19 0.26
v -30.7296278 -2.0808594 14.0000000 0.13 0.19 0.26
v -30.7129817 -2.3136027 14.0000000 0.13 0.19 0.26
v -30.6945728 -2.5462132 14.0000000 0.13 0.19 0.26
v -30.0960621 -2.5034069 14.0000000 0.13 0.19 0.26
v -30.0519376 -2.9868118 14.0000000 0.13 0.19 0.26
v -30.0000492 -3.4694450 14.0000000 0.13 0.19 0.26
v -29.9404102 -3.9511820 14.0000000 0.13 0.19 0.26
v -30.5343421 -4.0365765 14.0000000 0.13 0.19 0.26
v -30.5028854 -4.2677842 14.0000000 0.13 0.19 0.26
v -30.4696780 -4.4987469 14.0000000 0.13 0.19 0.26
v -30.4347218 -4.7294515 14.0000000 0.13 0.19 0.26
v -29.8407898 -4.6440570 14.0000000 0.13 0.19 0.26
v -29.7622920 -5.1230824 14.0000000 0.13 0.19 0.26
v -29.6761051 -5.6007843 14.0000000 0.13 0.19 0.26
v -29.5822513 -6.0770392 14.0000000 0.13 0.19 0.26
v -30.1685781 -6.2045868 14.0000000 0.13 0.19 0.26
v -30.1207073 -6.4329613 14.0000000 0.13 0.19 0.26
v -30.0711078 -6.6609666 14.0000000 0.13 0.19 0.26
v -30.0197824 -6.8885896 14.0000000 0.13 0.19 0.26
v -29.4334556 -6.7610420 14.0000000 0.13 0.19 0.26
v -29.3209846 -7.2332470 14.0000000 0.13 0.19 0.26
v -29.2009384 -7.7035832 14.0000000 0.13 0.19 0.26
v -29.0733481 -8.1719293 14.0000000 0.13 0.19 0.26
v -29.6490818 -8.3409799 14.0000000 0.13 0.19 0.26
v -29.5850410 -8.5653575 14.0000000 0.13 0.19 0.26
v -29.5193021 -8.7892435 14.0000000 0.13 0.19 0.26
v -29.4518690 -9.0126250 14.0000000 0.13 0.19 0.26
v -28.8761354 -8.8435743 14.0000000 0.13 0.19 0.26
v -28.7302642 -9.3065526 14.0000000 0.13 0.19 0.26
v -28.5769704 -9.7671265 14.0000000 0.13 0.19 0.26
v -28.4162938 -10.2251770 14.0000000 0.13 0.19 0.26
v -28.9785007 -10.4348693 14.0000000 0.13 0.19 0.26
v -28.8986161 -10.6541066 14.0000000 0.13 0.19 0.26
v -28.8170729 -10.8727324 14.0000000 0.13 0.19 0.26
v -28.7338758 -11.0907342 14.0000000 0.13 0.19 0.26
v -28.1716689 -10.8810418 14.0000000 0.13 0.19 0.26
v -27.9931409 -11.3324342 14.0000000 0.13 0.19 0.26
v -27.8073808 -11.7808987 14.0000000 0.13 0.19 0.26
v -27.6144366 -12.2263196 14.0000000 0.13 0.19 0.26
v -28.1602517 -12.4755851 14.0000000 0.13 0.19 0.26
v -28.0649305 -12.6885648 14.0000000 0.13 0.19 0.26
v -27.9679984 -12.9008164 14.0000000 0.13 0.19 0.26
v -27.8694612 -13.1123275 14.0000000 0.13 0.19 0.26
v -27.3236461 -12.8630620 14.0000000 0.13 0.19 0.26
v -27.1133710 -13.3005682 14.0000000 0.13 0.19 0.26
v -26.8960911 -13.7346382 14.0000000 0.13 0.19 0.26
v -26.6718625 -14.1651597 14.0000000 0.13 0.19 0.26
v -27.1985046 -14.4527281 14.0000000 0.13 0.19 0.26
v -27.0882324 -14.6583651 14.0000000 0.13 0.19 0.26
v -26.9764055 -14.8631607 14.0000000 0.13 0.19 0.26
v -26.8630303 -15.0671034 14.0000000 0.13 0.19 0.26
v -26.3363882 -14.7795350 14.0000000 0.13 0.19 0.26
v -26.0954375 -15.2009256 14.0000000 0.13 0.19 0.26
v -25.8477450 -15.6183890 14.0000000 0.13 0.19 0.26
v -25.5933747 -16.0318174 14.0000000 0.13 0.19 0.26
v -26.0981601 -16.3562233 14.0000000 0.13 0.19 0.26
v -25.9734989 -16.5534696 14.0000000 0.13 0.19 0.26
v -25.8473470 -16.7497658 14.0000000 0.13 0.19 0.26
v -25.7197115 -16.9451007 14.0000000 0.13 0.19 0.26
v -25.2149262 -16.6206949 14.0000000 0.13 0.19 0.26
v -24.9445277 -17.0238226 14.0000000 0.13 0.19 0.26
v -24.6676848 -17.4225522 14.0000000 0.13 0.19 0.26
v -24.3844690 -17.8167806 14.0000000 0.13 0.19 0.26
v -24.8648254 -18.1763709 14.0000000 0.13 0.19 0.26
v -24.7264104 -18.3642214 14.0000000 0.13 0.19 0.26
v -24.5865763 -18.5510180 14.0000000 0.13 0.19 0.26
v -24.4453310 -18.7367498 14.0000000 0.13 0.19 0.26
v -23.9649746 -18.3771595 14.0000000 0.13 0.19 0.26
v -23.6665063 -18.7599701 14.0000000 0.13 0.19 0.26
v -23.3619238 -19.1379340 14.0000000 0.13 0.19 0.26
v -23.0513056 -19.5109536 14.0000000 0.13 0.19 0.26
v -23.5047852 -19.9038959 14.0000000 0.13 0.19 0.26
v -23.3533218 -20.0813934 14.0000000 0.13 0.19 0.26
v -23.2005180 -20.2577384 14.0000000 0.13 0.19 0.26
v -23.0463827 -20.4329206 14.0000000 0.13 0.19 0.26
v -22.5929031 -20.0399783 14.0000000 0.13 0.19 0.26
v -22.2678858 -20.4005211 14.0000000 0.13 0.19 0.26
v -21.9371157 -20.7557933 14.0000000 0.13 0.19 0.26
v -21.6006780 -21.1057033 14.0000000 0.13 0.19 0.26
v -22.0249700 -21.5299953 14.0000000 0.13 0.19 0.26
v -21.8612300 -21.6962352 14.0000000 0.13 0.19 0.26
v -21.6962352 -21.8612300 14.0000000 0.13 0.19 0.26
v -21.5299953 -22.0249700 14.0000000 0.13 0.19 0.26
v -21.1057033 -21.6006780 14.0000000 0.13 0.19 0.26
v -20.7557933 -21.9371157 14.0000000 0.13 0.19 0.26
v -20.4005211 -22.2678858 14.0000000 0.13 0.19 0.26
v -20.0399783 -22.5929031 14.0000000 0.13 0.19 0.26
v -20.4329206 -23.0463827 14.0000000 0.13 0.19 0.26
v -20.2577384 -23.2005180 14.0000000 0.13 0.19 0.26
v -20.0813934 -23.3533218 14.0000000 0.13 0.19 0.26
v -19.9038959 -23.5047852 14.0000000 0.13 0.19 0.26
v -19.5109536 -23.0513056 14.0000000 0.13 0.19 0.26
v -19.1379340 -23.3619238 14.0000000 0.13 0.19 0.26
v -18.7599701 -23.6665063 14.0000000 0.13 0.19 0.26
v -18.3771595 -23.9649746 14.0000000 0.13 0.19 0.26
v -18.7367498 -24.4453310 14.0000000 0.13 0.19 0.26
v -18.5510180 -24.5865763 14.0000000 0.13 0.19 0.26
v -18.3642214 -24.7264104 14.0000000 0.13 0.19 0.26
v -18.1763709 -24.8648254 14.0000000 0.13 0.19 0.26
v -17.8167806 -24.3844690 14.0000000 0.13 0.19 0.26
v -17.4225522 -24.6676848 14.0000000 0.13 0.19 0.26
v -17.0238226 -24.9445277 14.0000000 0.13 0.19 0.26
v -16.6206949 -25.2149262 14.0000000 0.13 0.19 0.26
v -16.9451007 -25.7197115 14.0000000 0.13 0.19 0.26
v -16.7497658 -25.8473470 14.0000000 0.13 0.19 0.26
v -16.5534696 -25.9734989 14.0000000 0.13 0.19 0.26
v -16.3562233 -26.0981601 14.0000000 0.13 0.19 0.26
v -16.0318174 -25.5933747 14.0000000 0.13 0.19 0.26
v -15.6183890 -25.8477450 14.0000000 0.13 0.19 0.26
v -15.2009256 -26.0954375 14.0000000 0.13 0.19 0.26
v -14.7795350 -26.3363882 14.0000000 0.13 0.19 0.26
v -15.0671034 -26.8630303 14.0000000 0.13 0.19 0.26
v -14.8631607 -26.9764055 14.0000000 0.13 0.19 0.26
v -14.6583651 -27.0882324 14.0000000 0.13 0.19 0.26
v -14.4527281 -27.1985046 14.0000000 0.13 0.19 0.26
v -14.1651597 -26.6718625 14.0000000 0.13 0.19 0.26
v -13.7346382 -26.8960911 14.0000000 0.13 0.19 0.26
v -13.3005682 -27.1133710 14.0000000 0.13 0.19 0.26
v -12.8630620 -27.3236461 14.0000000 0.13 0.19 0.26
v -13.1123275 -27.8694612 14.0000000 0.13 0.19 0.26
v -12.9008164 -27.9679984 14.0000000 0.13 0.19 0.26
v -12.6885648 -28.0649305 14.0000000 0.13 0.19 0.26
v -12.4755851 -28.1602517 14.0000000 0.13 0.19 0.26
v -12.2263196 -27.6144366 14.0000000 0.13 0.19 0.26
v -11.7808987 -27.8073808 14.0000000 0.13 0.19 0.26
v -11.3324342 -27.9931409 14.0000000 0.13 0.19 0.26
v -10.8810418 -28.1716689 14.0000000 0.13 0.19 0.26
v -11.0907342 -28.7338758 14.0000000 0.13 0.19 0.26
v -10.8727324 -28.8170729 14.0000000 0.13 0.19 0.26
v -10.6541066 -28.8986161 14.0000000 0.13 0.19 0.26
v -10.4348693 -28.9785007 14.0000000 0.13 0.19 0.26
v -10.2251770 -28.4162938 14.0000000 0.13 0.19 0.26
v -9.7671265 -28.5769704 14.0000000 0.13 0.19 0.26
v -9.3065526 -28.7302642 14.0000000 0.13 0.19 0.26
v -8.8435743 -28.8761354 14.0000000 0.13 0.19 0.26
v -9.0126250 -29.4518690 14.0000000 0.13 0.19 0.26
v -8.7892435 -29.5193021 14.0000000 0.13 0.19 0.26
v -8.5653575 -29.5850410 14.0000000 0.13 0.19 0.26
v -8.3409799 -29.6490818 14.0000000 0.13 0.19 0.26
v -8.1719293 -29.0733481 14.0000000 0.13 0.19 0.26
v -7.7035832 -29.2009384 14.0000000 0.13 0.19 0.26
v -7.2332470 -29.3209846 14.0000000 0.13 0.19 0.26
v -6.7610420 -29.4334556 14.0000000 0.13 0.19 0.26
v -6.8885896 -30.0197824 14.0000000 0.13 0.19 0.26
v -6.6609666 -30.0711078 14.0000000 0.13 0.19 0.26
v -6.4329613 -30.1207073 14.0000000 0.13 0.19 0.26
v -6.2045868 -30.1685781 14.0000000 0.13 0.19 0.26
v -6.0770392 -29.5822513 14.0000000 0.13 0.19 0.26
v -5.6007843 -29.6761051 14.0000000 0.13 0.19 0.26
v -5.1230824 -29.7622920 14.0000000 0.13 0.19 0.26
v -4.6440570 -29.8407898 14.0000000 0.13 0.19 0.26
v -4.7294515 -30.4347218 14.0000000 0.13 0.19 0.26
v -4.4987469 -30.4696780 14.0000000 0.13 0.19 0.26
v -4.2677842 -30.5028854 14.0000000 0.13 0.19 0.26
v -4.0365765 -30.5343421 14.0000000 0.13 0.19 0.26
v -3.9511820 -29.9404102 14.0000000 0.13 0.19 0.26
v -3.4694450 -30.0000492 14.0000000 0.13 0.19 0.26
v -2.9868118 -30.0519376 14.0000000 0.13 0.19 0.26
v -2.5034069 -30.0960621 14.0000000 0.13 0.19 0.26
v -2.5462132 -30.6945728 14.0000000 0.13 0.19 0.26
v -2.3136027 -30.7129817 14.0000000 0.13 0.19 0.26
v -2.0808594 -30.7296278 14.0000000 0.13 0.19 0.26
v -1.8479967 -30.7445102 14.0000000 0.13 0.19 0.26
v -1.8051904 -30.1459995 14.0000000 0.13 0.19 0.26
v -1.3204263 -30.1711199 14.0000000 0.13 0.19 0.26
v -0.8353210 -30.1884455 14.0000000 0.13 0.19 0.26
v -0.3500000 -30.1979718 14.0000000 0.13 0.19 0.26
v -0.3500000 -30.7980113 14.0000000 0.13 0.19 0.26
v -0.1166689 -30.7997790 14.0000000 0.13 0.19 0.26
v 0.1166689 -30.7997790 14.0000000 0.13 0.19 0.26
v 0.3500000 -30.7980113 14.0000000 0.13 0.19 0.26
v 0.3500000 -30.1979718 14.0000000 0.13 0.19 0.26
v 0.8353210 -30.1884455 14.0000000 0.13 0.19 0.26
v 1.3204263 -30.1711199 14.0000000 0.13 0.19 0.26
v 1.8051904 -30.1459995 14.0000000 0.13 0.19 0.26
v 1.8479967 -30.7445102 14.0000000 0.13 0.19 0.26
v 2.0808594 -30.7296278 14.0000000 0.13 0.19 0.26
v 2.3136027 -30.7129817 14.0000000 0.13 0.19 0.26
v 2.5462132 -30.6945728 14.0000000 0.13 0.19 0.26
v 2.5034069 -30.0960621 14.0000000 0.13 0.19 0.26
v 2.9868118 -30.0519376 14.0000000 0.13 0.19 0.26
v 3.4694450 -30.0000492 14.0000000 0.13 0.19 0.26
v 3.9511820 -29.9404102 14.0000000 0.13 0.19 0.26
v 4.0365765 -30.5343421 14.0000000 0.13 0.19 0.26
v 4.2677842 -30.5028854 14.0000000 0.13 0.19 0.26
v 4.4987469 -30.4696780 14.0000000 0.13 0.19 0.26
v 4.7294515 -30.4347218 14.0000000 0.13 0.19 0.26
v 4.6440570 -29.8407898 14.0000000 0.13 0.19 0.26
v 5.1230824 -29.7622920 14.0000000 0.13 0.19 0.26
v 5.6007843 -29.6761051 14.0000000 0.13 0.19 0.26
v 6.0770392 -29.5822513 14.0000000 0.13 0.19 0.26
v 6.2045868 -30.1685781 14.0000000 0.13 0.19 0.26
v 6.4329613 -30.1207073 14.0000000 0.13 0.19 0.26
v 6.6609666 -30.0711078 14.0000000 0.13 0.19 0.26
v 6.8885896 -30.0197824 14.0000000 0.13 0.19 0.26
v 6.7610420 -29.4334556 14.0000000 0.13 0.19 0.26
v 7.2332470 -29.3209846 14.0000000 0.13 0.19 0.26
v 7.7035832 -29.2009384 14.0000000 0.13 0.19 0.26
v 8.1719293 -29.0733481 14.0000000 0.13 0.19 0.26
v 8.3409799 -29.6490818 14.0000000 0.13 0.19 0.26
v 8.5653575 -29.5850410 14.0000000 0.13 0.19 0.26
v 8.7892435 -29.5193021 14.0000000 0.13 0.19 0.26
v 9.0126250 -29.4518690 14.0000000 0.13 0.19 0.26
v 8.8435743 -28.8761354 14.0000000 0.13 0.19 0.26
v 9.3065526 -28.7302642 14.0000000 0.13 0.19 0.26
v 9.7671265 -28.5769704 14.0000000 0.13 0.19 0.26
v 10.2251770 -28.4162938 14.0000000 0.13 0.19 0.26
v 10.4348693 -28.9785007 14.0000000 0.13 0.19 0.26
v 10.6541066 -28.8986161 14.0000000 0.13 0.19 0.26
v 10.8727324 -28.8170729 14.0000000 0.13 0.19 0.26
v 11.0907342 -28.7338758 14.0000000 0.13 0.19 0.26
v 10.8810418 -28.1716689 14.0000000 0.13 0.19 0.26
v 11.3324342 -27.9931409 14.0000000 0.13 0.19 0.26
v 11.7808987 -27.8073808 14.0000000 0.13 0.19 0.26
v 12.2263196 -27.6144366 14.0000000 0.13 0.19 0.26
v 12.4755851 -28.1602517 14.0000000 0.13 0.19 0.26
v 12.6885648 -28.0649305 14.0000000 0.13 0.19 0.26
v 12.9008164 -27.9679984 14.0000000 0.13 0.19 0.26
v 13.1123275 -27.8694612 14.0000000 0.13 0.19 0.26
v 12.8630620 -27.3236461 14.0000000 0.13 0.19 0.26
v 13.3005682 -27.1133710 14.0000000 0.13 0.19 0.26
v 13.7346382 -26.8960911 14.0000000 0.13 0.19 0.26
v 14.1651597 -26.6718625 14.0000000 0.13 0.19 0.26
v 14.4527281 -27.1985046 14.0000000 0.13 0.19 0.26
v 14.6583651 -27.0882324 14.0000000 0.13 0.19 0.26
v 14.8631607 -26.9764055 14.0000000 0.13 0.19 0.26
v 15.0671034 -26.8630303 14.0000000 0.13 0.19 0.26
v 14.7795350 -26.3363882 14.0000000 0.13 0.19 0.26
v 15.2009256 -26.0954375 14.0000000 0.13 0.19 0.26
v 15.6183890 -25.8477450 14.0000000 0.13 0.19 0.26
v 16.0318174 -25.5933747 14.0000000 0.13 0.19 0.26
v 16.3562233 -26.0981601 14.0000000 0.13 0.19 0.26
v 16.5534696 -25.9734989 14.0000000 0.13 0.19 0.26
v 16.7497658 -25.8473470 14.0000000 0.13 0.19 0.26
v 16.9451007 -25.7197115 14.0000000 0.13 0.19 0.26
v 16.6206949 -25.2149262 14.0000000 0.13 0.19 0.26
v 17.0238226 -24.9445277 14.0000000 0.13 0.19 0.26
v 17.4225522 -24.6676848 14.0000000 0.13 0.19 0.26
v 17.8167806 -24.3844690 14.0000000 0.13 0.19 0.26
v 18.1763709 -24.8648254 14.0000000 0.13 0.19 0.26
v 18.3642214 -24.7264104 14.0000000 0.13 0.19 0.26
v 18.5510180 -24.5865763 14.0000000 0.13 0.19 0.26
v 18.7367498 -24.4453310 14.0000000 0.13 0.19 0.26
v 18.3771595 -23.9649746 14.0000000 0.13 0.19 0.26
v 18.7599701 -23.6665063 14.0000000 0.13 0.19 0.26
v 19.1379340 -23.3619238 14.0000000 0.13 0.19 0.26
v 19.5109536 -23.0513056 14.0000000 0.13 0.19 0.26
v 19.9038959 -23.5047852 14.0000000 0.13 0.19 0.26
v 20.0813934 -23.3533218 14.0000000 0.13 0.19 0.26
v 20.2577384 -23.2005180 14.0000000 0.13 0.19 0.26
v 20.4329206 -23.0463827 14.0000000 0.13 0.19 0.26
v 20.0399783 -22.5929031 14.0000000 0.13 0.19 0.26
v 20.4005211 -22.2678858 14.0000000 0.13 0.19 0.26
v 20.7557933 -21.9371157 14.0000000 0.13 0.19 0.26
v 21.1057033 -21.6006780 14.0000000 0.13 0.19 0.26
v 21.5299953 -22.0249700 14.0000000 0.13 0.19 0.26
v 21.6962352 -21.8612300 14.0000000 0.13 0.19 0.26
v 21.8612300 -21.6962352 14.0000000 0.13 0.19 0.26
v 22.0249700 -21.5299953 14.0000000 0.13 0.19 0.26
v 21.6006780 -21.1057033 14.0000000 0.13 0.19 0.26
v 21.9371157 -20.7557933 14.0000000 0.13 0.19 0.26
v 22.2678858 -20.4005211 14.0000000 0.13 0.19 0.26
v 22.5929031 -20.0399783 14.0000000 0.13 0.19 0.26
v 23.0463827 -20.4329206 14.0000000 0.13 0.19 0.26
v 23.2005180 -20.2577384 14.0000000 0.13 0.19 0.26
v 23.3533218 -20.0813934 14.0000000 0.13 0.19 0.26
v 23.5047852 -19.9038959 14.0000000 0.13 0.19 0.26
v 23.0513056 -19.5109536 14.0000000 0.13 0.19 0.26
v 23.3619238 -19.1379340 14.0000000 0.13 0.19 0.26
v 23.6665063 -18.7599701 14.0000000 0.13 0.19 0.26
v 23.9649746 -18.3771595 14.0000000 0.13 0.19 0.26
v 24.4453310 -18.7367498 14.0000000 0.13 0.19 0.26
v 24.5865763 -18.5510180 14.0000000 0.13 0.19 0.26
v 24.7264104 -18.3642214 14.0000000 0.13 0.19 0.26
v 24.8648254 -18.1763709 14.0000000 0.13 0.19 0.26
v 24.3844690 -17.8167806 14.0000000 0.13 0.19 0.26
v 24.6676848 -17.4225522 14.0000000 0.13 0.19 0.26
v 24.9445277 -17.0238226 14.0000000 0.13 0.19 0.26
v 25.2149262 -16.6206949 14.0000000 0.13 0.19 0.26
v 25.7197115 -16.9451007 14.0000000 0.13 0.19 0.26
v 25.8473470 -16.7497658 14.0000000 0.13 0.19 0.26
v 25.9734989 -16.5534696 14.0000000 0.13 0.19 0.26
v 26.0981601 -16.3562233 14.0000000 0.13 0.19 0.26
v 25.5933747 -16.0318174 14.0000000 0.13 0.19 0.26
v 25.8477450 -15.6183890 14.0000000 0.13 0.19 0.26
v 26.0954375 -15.2009256 14.0000000 0.13 0.19 0.26
v 26.3363882 -14.7795350 14.0000000 0.13 0.19 0.26
v 26.8630303 -15.0671034 14.0000000 0.13 0.19 0.26
v 26.9764055 -14.8631607 14.0000000 0.13 0.19 0.26
v 27.0882324 -14.6583651 14.0000000 0.13 0.19 0.26
v 27.1985046 -14.4527281 14.0000000 0.13 0.19 0.26
v 26.6718625 -14.1651597 14.0000000 0.13 0.19 0.26
v 26.8960911 -13.7346382 14.0000000 0.13 0.19 0.26
v 27.1133710 -13.3005682 14.0000000 0.13 0.19 0.26
v 27.3236461 -12.8630620 14.0000000 0.13 0.19 0.26
v 27.8694612 -13.1123275 14.0000000 0.13 0.19 0.26
v 27.9679984 -12.9008164 14.0000000 0.13 0.19 0.26
v 28.0649305 -12.6885648 14.0000000 0.13 0.19 0.26
v 28.1602517 -12.4755851 14.0000000 0.13 0.19 0.26
v 27.6144366 -12.2263196 14.0000000 0.13 0.19 0.26
v 27.8073808 -11.7808987 14.0000000 0.13 0.19 0.26
v 27.9931409 -11.3324342 14.0000000 0.13 0.19 0.26
v 28.1716689 -10.8810418 14.0000000 0.13 0.19 0.26
v 28.7338758 -11.0907342 14.0000000 0.13 0.19 0.26
v 28.8170729 -10.8727324 14.0000000 0.13 0.19 0.26
v 28.8986161 -10.6541066 14.0000000 0.13 0.19 0.26
v 28.9785007 -10.4348693 14.0000000 0.13 0.19 0.26
v 28.4162938 -10.2251770 14.0000000 0.13 0.19 0.26
v 28.5769704 -9.7671265 14.0000000 0.13 0.19 0.26
v 28.7302642 -9.3065526 14.0000000 0.13 0.19 0.26
v 28.8761354 -8.8435743 14.0000000 0.13 0.19 0.26
v 29.4518690 -9.0126250 14.0000000 0.13 0.19 0.26
v 29.5193021 -8.7892435 14.0000000 0.13 0.19 0.26
v 29.5850410 -8.5653575 14.0000000 0.13 0.19 0.26
v 29.6490818 -8.3409799 14.0000000 0.13 0.19 0.26
v 29.0733481 -8.1719293 14.0000000 0.13 0.19 0.26
v 29.2009384 -7.7035832 14.0000000 0.13 0.19 0.26
v 29.3209846 -7.2332470 14.0000000 0.13 0.19 0.26
v 29.4334556 -6.7610420 14.0000000 0.13 0.19 0.26
v 30.0197824 -6.8885896 14.0000000 0.13 0.19 0.26
v 30.0711078 -6.6609666 14.0000000 0.13 0.19 0.26
v 30.1207073 -6.4329613 14.0000000 0.13 0.19 0.26
v 30.1685781 -6.2045868 14.0000000 0.13 0.19 0.26
v 29.5822513 -6.0770392 14.0000000 0.13 0.19 0.26
v 29.6761051 -5.6007843 14.0000000 0.13 0.19 0.26
v 29.7622920 -5.1230824 14.0000000 0.13 0.19 0.26
v 29.8407898 -4.6440570 14.0000000 0.13 0.19 0.26
v 30.4347218 -4.7294515 14.0000000 0.13 0.19 0.26
v 30.4696780 -4.4987469 14.0000000 0.13 0.19 0.26
v 30.5028854 -4.2677842 14.0000000 0.13 0.19 0.26
v 30.5343421 -4.0365765 14.0000000 0.13 0.19 0.26
v 29.9404102 -3.9511820 14.0000000 0.13 0.19 0.26
v 30.0000492 -3.4694450 14.0000000 0.13 0.19 0.26
v 30.0519376 -2.9868118 14.0000000 0.13 0.19 0.26
v 30.0960621 -2.5034069 14.0000000 0.13 0.19 0.26
v 30.6945728 -2.5462132 14.0000000 0.13 0.19 0.26
v 30.7129817 -2.3136027 14.0000000 0.13 0.19 0.26
v 30.7296278 -2.0808594 14.0000000 0.13 0.19 0.26
v 30.7445102 -1.8479967 14.0000000 0.13 0.19 0.26
v 30.1459995 -1.8051904 14.0000000 0.13 0.19 0.26
v 30.1711199 -1.3204263 14.0000000 0.13 0.19 0.26
v 30.1884455 -0.8353210 14.0000000 0.13 0.19 0.26
v 30.1979718 -0.3500000 14.0000000 0.13 0.19 0.26
v 30.7980113 -0.3500000 14.0000000 0.13 0.19 0.26
v 30.7997790 -0.1166689 14.0000000 0.13 0.19 0.26
v 30.7997790 0.1166689 14.0000000 0.13 0.19 0.26
v -14.8964102 -25.0013393 14.0000000 0.13 0.19 0.26
v -3.8464102 -5.8621778 14.0000000 0.13 0.19 0.26
v -3.1535898 -6.2621778 14.0000000 0.13 0.19 0.26
v -14.2035898 -25.4013393 14.0000000 0.13 0.19 0.26
v -11.5056397 -26.7318210 14.0000000 0.13 0.19 0.26
v -3.0483358 -6.3140834 14.0000000 0.13 0.19 0.26
v -2.3092322 -6.6202301 14.0000000 0.13 0.19 0.26
v -10.7665361 -27.0379678 14.0000000 0.13 0.19 0.26
v -7.9180045 -28.0049139 14.0000000 0.13 0.19 0.26
v -2.1981036 -6.6579532 14.0000000 0.13 0.19 0.26
v -1.4253630 -6.8650084 14.0000000 0.13 0.19 0.26
v -7.1452639 -28.2119692 14.0000000 0.13 0.19 0.26
v -4.1948901 -28.7988350 14.0000000 0.13 0.19 0.26
v -1.3102613 -6.8879036 14.0000000 0.13 0.19 0.26
v -0.5171054 -6.9923245 14.0000000 0.13 0.19 0.26
v -3.4017342 -28.9032559 14.0000000 0.13 0.19 0.26
v -0.4000000 -29.1000000 14.0000000 0.13 0.19 0.26
v -0.4000000 -7.0000000 14.0000000 0.13 0.19 0.26
v 0.4000000 -7.0000000 14.0000000 0.13 0.19 0.26
v 0.4000000 -29.1000000 14.0000000 0.13 0.19 0.26
v -25.4013393 -14.2035898 14.0000000 0.13 0.19 0.26
v -6.2621778 -3.1535898 14.0000000 0.13 0.19 0.26
v -5.8621778 -3.8464102 14.0000000 0.13 0.19 0.26
v -25.0013393 -14.8964102 14.0000000 0.13 0.19 0.26
v -27.0379678 -10.7665361 14.0000000 0.13 0.19 0.26
v -6.6202301 -2.3092322 14.0000000 0.13 0.19 0.26
v -6.3140834 -3.0483358 14.0000000 0.13 0.19 0.26
v -26.7318210 -11.5056397 14.0000000 0.13 0.19 0.26
v -28.2119692 -7.1452639 14.0000000 0.13 0.19 0.26
v -6.8650084 -1.4253630 14.0000000 0.13 0.19 0.26
v -6.6579532 -2.1981036 14.0000000 0.13 0.19 0.26
v -28.0049139 -7.9180045 14.0000000 0.13 0.19 0.26
v -28.9032559 -3.4017342 14.0000000 0.13 0.19 0.26
v -6.9923245 -0.5171054 14.0000000 0.13 0.19 0.26
v -6.8879036 -1.3102613 14.0000000 0.13 0.19 0.26
v -28.7988350 -4.1948901 14.0000000 0.13 0.19 0.26
v -20.8596500 -20.2939646 14.0000000 0.13 0.19 0.26
v -5.2325902 -4.6669048 14.0000000 0.13 0.19 0.26
v -4.6669048 -5.2325902 14.0000000 0.13 0.19 0.26
v -20.2939646 -20.8596500 14.0000000 0.13 0.19 0.26
v -18.0322989 -22.8430776 14.0000000 0.13 0.19 0.26
v -4.5786713 -5.3099688 14.0000000 0.13 0.19 0.26
v -3.9439887 -5.7969780 14.0000000 0.13 0.19 0.26
v -17.3976162 -23.3300868 14.0000000 0.13 0.19 0.26
v -23.3300868 -17.3976162 14.0000000 0.13 0.19 0.26
v -5.7969780 -3.9439887 14.0000000 0.13 0.19 0.26
v -5.3099688 -4.5786713 14.0000000 0.13 0.19 0.26
v -22.8430776 -18.0322989 14.0000000 0.13 0.19 0.26
v 3.4017342 -28.9032559 14.0000000 0.13 0.19 0.26
v 0.5171054 -6.9923245 14.0000000 0.13 0.19 0.26
v 1.3102613 -6.8879036 14.0000000 0.13 0.19 0.26
v 4.1948901 -28.7988350 14.0000000 0.13 0.19 0.26
v 7.1452639 -28.2119692 14.0000000 0.13 0.19 0.26
v 1.4253630 -6.8650084 14.0000000 0.13 0.19 0.26
v 2.1981036 -6.6579532 14.0000000 0.13 0.19 0.26
v 7.9180045 -28.0049139 14.0000000 0.13 0.19 0.26
v 10.7665361 -27.0379678 14.0000000 0.13 0.19 0.26
v 2.3092322 -6.6202301 14.0000000 0.13 0.19 0.26
v 3.0483358 -6.3140834 14.0000000 0.13 0.19 0.26
v 11.5056397 -26.7318210 14.0000000 0.13 0.19 0.26
v 14.2035898 -25.4013393 14.0000000 0.13 0.19 0.26
v 3.1535898 -6.2621778 14.0000000 0.13 0.19 0.26
v 3.8464102 -5.8621778 14.0000000 0.13 0.19 0.26
v 14.8964102 -25.0013393 14.0000000 0.13 0.19 0.26
v 17.3976162 -23.3300868 14.0000000 0.13 0.19 0.26
v 3.9439887 -5.7969780 14.0000000 0.13 0.19 0.26
v 4.5786713 -5.3099688 14.0000000 0.13 0.19 0.26
v 18.0322989 -22.8430776 14.0000000 0.13 0.19 0.26
v 20.2939646 -20.8596500 14.0000000 0.13 0.19 0.26
v 4.6669048 -5.2325902 14.0000000 0.13 0.19 0.26
v 5.2325902 -4.6669048 14.0000000 0.13 0.19 0.26
v 20.8596500 -20.2939646 14.0000000 0.13 0.19 0.26
v 22.8430776 -18.0322989 14.0000000 0.13 0.19 0.26
v 5.3099688 -4.5786713 14.0000000 0.13 0.19 0.26
v 5.7969780 -3.9439887 14.0000000 0.13 0.19 0.26
v 23.3300868 -17.3976162 14.0000000 0.13 0.19 0.26
v 25.0013393 -14.8964102 14.0000000 0.13 0.19 0.26
v 5.8621778 -3.8464102 14.0000000 0.13 0.19 0.26
v 6.2621778 -3.1535898 14.0000000 0.13 0.19 0.26
v 25.4013393 -14.2035898 14.0000000 0.13 0.19 0.26
v 26.7318210 -11.5056397 14.0000000 0.13 0.19 0.26
v 6.3140834 -3.0483358 14.0000000 0.13 0.19 0.26
v 6.6202301 -2.3092322 14.0000000 0.13 0.19 0.26
v 27.0379678 -10.7665361 14.0000000 0.13 0.19 0.26
v 28.0049139 -7.9180045 14.0000000 0.13 0.19 0.26
v 6.6579532 -2.1981036 14.0000000 0.13 0.19 0.26
v 6.8650084 -1.4253630 14.0000000 0.13 0.19 0.26
v 28.2119692 -7.1452639 14.0000000 0.13 0.19 0.26
v 28.7988350 -4.1948901 14.0000000 0.13 0.19 0.26
v 6.8879036 -1.3102613 14.0000000 0.13 0.19 0.26
v 6.9923245 -0.5171054 14.0000000 0.13 0.19 0.26
v 28.9032559 -3.4017342 14.0000000 0.13 0.19 0.26
v 29.1000000 -0.4000000 14.0000000 0.13 0.19 0.26
v 7.0000000 -0.4000000 14.0000000 0.13 0.19 0.26
v 7.0000000 0.4000000 14.0000000 0.13 0.19 0.26
v 29.1000000 0.4000000 14.0000000 0.13 0.19 0.26
v -29.1000000 0.4000000 14.0000000 0.13 0.19 0.26
v -7.0000000 0.4000000 14.0000000 0.13 0.19 0.26
v -7.0000000 -0.4000000 14.0000000 0.13 0.19 0.26
v -29.1000000 -0.4000000 14.0000000 0.13 0.19 0.26
v -28.7988350 4.1948901 14.0000000 0.13 0.19 0.26
v -6.8879036 1.3102613 14.0000000 0.13 0.19 0.26
v -6.9923245 0.5171054 14.0000000 0.13 0.19 0.26
v -28.9032559 3.4017342 14.0000000 0.13 0.19 0.26
v -28.0049139 7.9180045 14.0000000 0.13 0.19 0.26
v -6.6579532 2.1981036 14.0000000 0.13 0.19 0.26
v -6.8650084 1.4253630 14.0000000 0.13 0.19 0.26
v -28.2119692 7.1452639 14.0000000 0.13 0.19 0.26
v -26.7318210 11.5056397 14.0000000 0.13 0.19 0.26
v -6.3140834 3.0483358 14.0000000 0.13 0.19 0.26
v -6.6202301 2.3092322 14.0000000 0.13 0.19 0.26
v -27.0379678 10.7665361 14.0000000 0.13 0.19 0.26
v -25.0013393 14.8964102 14.0000000 0.13 0.19 0.26
v -5.8621778 3.8464102 14.0000000 0.13 0.19 0.26
v -6.2621778 3.1535898 14.0000000 0.13 0.19 0.26
v -25.4013393 14.2035898 14.0000000 0.13 0.19 0.26
v -22.8430776 18.0322989 14.0000000 0.13 0.19 0.26
v -5.3099688 4.5786713 14.0000000 0.13 0.19 0.26
v -5.7969780 3.9439887 14.0000000 0.13 0.19 0.26
v -23.3300868 17.3976162 14.0000000 0.13 0.19 0.26
v -20.2939646 20.8596500 14.0000000 0.13 0.19 0.26
v -4.6669048 5.2325902 14.0000000 0.13 0.19 0.26
v -5.2325902 4.6669048 14.0000000 0.13 0.19 0.26
v -20.8596500 20.2939646 14.0000000 0.13 0.19 0.26
v -17.3976162 23.3300868 14.0000000 0.13 0.19 0.26
v -3.9439887 5.7969780 14.0000000 0.13 0.19 0.26
v -4.5786713 5.3099688 14.0000000 0.13 0.19 0.26
v -18.0322989 22.8430776 14.0000000 0.13 0.19 0.26
v -14.2035898 25.4013393 14.0000000 0.13 0.19 0.26
v -3.1535898 6.2621778 14.0000000 0.13 0.19 0.26
v -3.8464102 5.8621778 14.0000000 0.13 0.19 0.26
v -14.8964102 25.0013393 14.0000000 0.13 0.19 0.26
v -10.7665361 27.0379678 14.0000000 0.13 0.19 0.26
v -2.3092322 6.6202301 14.0000000 0.13 0.19 0.26
v -3.0483358 6.3140834 14.0000000 0.13 0.19 0.26
v -11.5056397 26.7318210 14.0000000 0.13 0.19 0.26
v -7.1452639 28.2119692 14.0000000 0.13 0.19 0.26
v -1.4253630 6.8650084 14.0000000 0.13 0.19 0.26
v -2.1981036 6.6579532 14.0000000 0.13 0.19 0.26
v -7.9180045 28.0049139 14.0000000 0.13 0.19 0.26
v -3.4017342 28.9032559 14.0000000 0.13 0.19 0.26
v -0.5171054 6.9923245 14.0000000 0.13 0.19 0.26
v -1.3102613 6.8879036 14.0000000 0.13 0.19 0.26
v -4.1948901 28.7988350 14.0000000 0.13 0.19 0.26
v 23.3300868 17.3976162 14.0000000 0.13 0.19 0.26
v 5.7969780 3.9439887 14.0000000 0.13 0.19 0.26
v 5.3099688 4.5786713 14.0000000 0.13 0.19 0.26
v 22.8430776 18.0322989 14.0000000 0.13 0.19 0.26
v 18.0322989 22.8430776 14.0000000 0.13 0.19 0.26
v 4.5786713 5.3099688 14.0000000 0.13 0.19 0.26
v 3.9439887 5.7969780 14.0000000 0.13 0.19 0.26
v 17.3976162 23.3300868 14.0000000 0.13 0.19 0.26
v 20.8596500 20.2939646 14.0000000 0.13 0.19 0.26
v 5.2325902 4.6669048 14.0000000 0.13 0.19 0.26
v 4.6669048 5.2325902 14.0000000 0.13 0.19 0.26
v 20.2939646 20.8596500 14.0000000 0.13 0.19 0.26
v 28.9032559 3.4017342 14.0000000 0.13 0.19 0.26
v 6.9923245 0.5171054 14.0000000 0.13 0.19 0.26
v 6.8879036 1.3102613 14.0000000 0.13 0.19 0.26
v 28.7988350 4.1948901 14.0000000 0.13 0.19 0.26
v 28.2119692 7.1452639 14.0000000 0.13 0.19 0.26
v 6.8650084 1.4253630 14.0000000 0.13 0.19 0.26
v 6.6579532 2.1981036 14.0000000 0.13 0.19 0.26
v 28.0049139 7.9180045 14.0000000 0.13 0.19 0.26
v 27.0379678 10.7665361 14.0000000 0.13 0.19 0.26
v 6.6202301 2.3092322 14.0000000 0.13 0.19 0.26
v 6.3140834 3.0483358 14.0000000 0.13 0.19 0.26
v 26.7318210 11.5056397 14.0000000 0.13 0.19 0.26
v 25.4013393 14.2035898 14.0000000 0.13 0.19 0.26
v 6.2621778 3.1535898 14.0000000 0.13 0.19 0.26
v 5.8621778 3.8464102 14.0000000 0.13 0.19 0.26
v 25.0013393 14.8964102 14.0000000 0.13 0.19 0.26
v 0.4000000 29.1000000 14.0000000 0.13 0.19 0.26
v 0.4000000 7.0000000 14.0000000 0.13 0.19 0.26
v -0.4000000 7.0000000 14.0000000 0.13 0.19 0.26
v -0.4000000 29.1000000 14.0000000 0.13 0.19 0.26
v 4.1948901 28.7988350 14.0000000 0.13 0.19 0.26
v 1.3102613 6.8879036 14.0000000 0.13 0.19 0.26
v 0.5171054 6.9923245 14.0000000 0.13 0.19 0.26
v 3.4017342 28.9032559 14.0000000 0.13 0.19 0.26
v 7.9180045 28.0049139 14.0000000 0.13 0.19 0.26
v 2.1981036 6.6579532 14.0000000 0.13 0.19 0.26
v 1.4253630 6.8650084 14.0000000 0.13 0.19 0.26
v 7.1452639 28.2119692 14.0000000 0.13 0.19 0.26
v 11.5056397 26.7318210 14.0000000 0.13 0.19 0.26
v 3.0483358 6.3140834 14.0000000 0.13 0.19 0.26
v 2.3092322 6.6202301 14.0000000 0.13 0.19 0.26
v 10.7665361 27.0379678 14.0000000 0.13 0.19 0.26
v 14.8964102 25.0013393 14.0000000 0.13 0.19 0.26
v 3.8464102 5.8621778 14.0000000 0.13 0.19 0.26
v 3.1535898 6.2621778 14.0000000 0.13 0.19 0.26
v 14.2035898 25.4013393 14.0000000 0.13 0.19 0.26
v 30.1979718 0.3500000 1.0000000 0.13 0.19 0.26
v 30.7980113 0.3500000 1.0000000 0.13 0.19 0.26
v 30.1979718 0.3500000 14.0000000 0.13 0.19 0.26
v 30.7980113 0.3500000 14.0000000 0.13 0.19 0.26
v 30.1459995 1.8051904 1.0000000 0.13 0.19 0.26
v 30.1459995 1.8051904 14.0000000 0.13 0.19 0.26
v 30.1979718 0.3500000 1.0000000 0.13 0.19 0.26
v 30.1884455 0.8353210 1.0000000 0.13 0.19 0.26
v 30.1711199 1.3204263 1.0000000 0.13 0.19 0.26
v 30.1979718 0.3500000 14.0000000 0.13 0.19 0.26
v 30.1884455 0.8353210 14.0000000 0.13 0.19 0.26
v 30.1711199 1.3204263 14.0000000 0.13 0.19 0.26
v 30.7980113 -0.3500000 1.0000000 0.13 0.19 0.26
v 30.7997790 -0.1166689 1.0000000 0.13 0.19 0.26
v 30.7997790 0.1166689 1.0000000 0.13 0.19 0.26
v 30.7980113 0.3500000 1.0000000 0.13 0.19 0.26
v 30.7980113 -0.3500000 14.0000000 0.13 0.19 0.26
v 30.7997790 -0.1166689 14.0000000 0.13 0.19 0.26
v 30.7997790 0.1166689 14.0000000 0.13 0.19 0.26
v 30.7980113 0.3500000 14.0000000 0.13 0.19 0.26
v 30.1459995 1.8051904 1.0000000 0.13 0.19 0.26
v 30.7445102 1.8479967 1.0000000 0.13 0.19 0.26
v 30.1459995 1.8051904 14.0000000 0.13 0.19 0.26
v 30.7445102 1.8479967 14.0000000 0.13 0.19 0.26
v 30.1979718 -0.3500000 1.0000000 0.13 0.19 0.26
v 30.7980113 -0.3500000 1.0000000 0.13 0.19 0.26
v 30.1979718 -0.3500000 14.0000000 0.13 0.19 0.26
v 30.7980113 -0.3500000 14.0000000 0.13 0.19 0.26
v 30.6945728 2.5462132 1.0000000 0.13 0.19 0.26
v 30.7129817 2.3136027 1.0000000 0.13 0.19 0.26
v 30.7296278 2.0808594 1.0000000 0.13 0.19 0.26
v 30.7445102 1.8479967 1.0000000 0.13 0.19 0.26
v 30.7445102 1.8479967 14.0000000 0.13 0.19 0.26
v 30.7296278 2.0808594 14.0000000 0.13 0.19 0.26
v 30.7129817 2.3136027 14.0000000 0.13 0.19 0.26
v 30.6945728 2.5462132 14.0000000 0.13 0.19 0.26
v 30.1979718 -0.3500000 14.0000000 0.13 0.19 0.26
v 30.1979718 -0.3500000 1.0000000 0.13 0.19 0.26
v 30.1459995 -1.8051904 1.0000000 0.13 0.19 0.26
v 30.1711199 -1.3204263 1.0000000 0.13 0.19 0.26
v 30.1884455 -0.8353210 1.0000000 0.13 0.19 0.26
v 30.1459995 -1.8051904 14.0000000 0.13 0.19 0.26
v 30.1711199 -1.3204263 14.0000000 0.13 0.19 0.26
v 30.1884455 -0.8353210 14.0000000 0.13 0.19 0.26
v 30.0960621 2.5034069 1.0000000 0.13 0.19 0.26
v 30.6945728 2.5462132 1.0000000 0.13 0.19 0.26
v 30.0960621 2.5034069 14.0000000 0.13 0.19 0.26
v 30.6945728 2.5462132 14.0000000 0.13 0.19 0.26
v 30.1459995 -1.8051904 1.0000000 0.13 0.19 0.26
v 30.7445102 -1.8479967 1.0000000 0.13 0.19 0.26
v 30.1459995 -1.8051904 14.0000000 0.13 0.19 0.26
v 30.7445102 -1.8479967 14.0000000 0.13 0.19 0.26
v 29.9404102 3.9511820 1.0000000 0.13 0.19 0.26
v 29.9404102 3.9511820 14.0000000 0.13 0.19 0.26
v 30.0960621 2.5034069 1.0000000 0.13 0.19 0.26
v 30.0519376 2.9868118 1.0000000 0.13 0.19 0.26
v 30.0000492 3.4694450 1.0000000 0.13 0.19 0.26
v 30.0960621 2.5034069 14.0000000 0.13 0.19 0.26
v 30.0519376 2.9868118 14.0000000 0.13 0.19 0.26
v 30.0000492 3.4694450 14.0000000 0.13 0.19 0.26
v 30.7445102 -1.8479967 14.0000000 0.13 0.19 0.26
v 30.7445102 -1.8479967 1.0000000 0.13 0.19 0.26
v 30.7296278 -2.0808594 1.0000000 0.13 0.19 0.26
v 30.7129817 -2.3136027 1.0000000 0.13 0.19 0.26
v 30.6945728 -2.5462132 1.0000000 0.13 0.19 0.26
v 30.6945728 -2.5462132 14.0000000 0.13 0.19 0.26
v 30.7129817 -2.3136027 14.0000000 0.13 0.19 0.26
v 30.7296278 -2.0808594 14.0000000 0.13 0.19 0.26
v 29.9404102 3.9511820 1.0000000 0.13 0.19 0.26
v 30.5343421 4.0365765 1.0000000 0.13 0.19 0.26
v 29.9404102 3.9511820 14.0000000 0.13 0.19 0.26
v 30.5343421 4.0365765 14.0000000 0.13 0.19 0.26
v 30.0960621 -2.5034069 1.0000000 0.13 0.19 0.26
v 30.6945728 -2.5462132 1.0000000 0.13 0.19 0.26
v 30.0960621 -2.5034069 14.0000000 0.13 0.19 0.26
v 30.6945728 -2.5462132 14.0000000 0.13 0.19 0.26
v 30.4347218 4.7294515 1.0000000 0.13 0.19 0.26
v 30.4696780 4.4987469 1.0000000 0.13 0.19 0.26
v 30.5028854 4.2677842 1.0000000 0.13 0.19 0.26
v 30.5343421 4.0365765 1.0000000 0.13 0.19 0.26
v 30.5343421 4.0365765 14.0000000 0.13 0.19 0.26
v 30.5028854 4.2677842 14.0000000 0.13 0.19 0.26
v 30.4696780 4.4987469 14.0000000 0.13 0.19 0.26
v 30.4347218 4.7294515 14.0000000 0.13 0.19 0.26
v 30.0960621 -2.5034069 1.0000000 0.13 0.19 0.26
v 30.0960621 -2.5034069 14.0000000 0.13 0.19 0.26
v 29.9404102 -3.9511820 1.0000000 0.13 0.19 0.26
v 30.0000492 -3.4694450 1.0000000 0.13 0.19 0.26
v 30.0519376 -2.9868118 1.0000000 0.13 0.19 0.26
v 29.9404102 -3.9511820 14.0000000 0.13 0.19 0.26
v 30.0000492 -3.4694450 14.0000000 0.13 0.19 0.26
v 30.0519376 -2.9868118 14.0000000 0.13 0.19 0.26
v 29.8407898 4.6440570 1.0000000 0.13 0.19 0.26
v 30.4347218 4.7294515 1.0000000 0.13 0.19 0.26
v 29.8407898 4.6440570 14.0000000 0.13 0.19 0.26
v 30.4347218 4.7294515 14.0000000 0.13 0.19 0.26
v 29.9404102 -3.9511820 1.0000000 0.13 0.19 0.26
v 30.5343421 -4.0365765 1.0000000 0.13 0.19 0.26
v 29.9404102 -3.9511820 14.0000000 0.13 0.19 0.26
v 30.5343421 -4.0365765 14.0000000 0.13 0.19 0.26
v 29.5822513 6.0770392 1.0000000 0.13 0.19 0.26
v 29.5822513 6.0770392 14.0000000 0.13 0.19 0.26
v 29.8407898 4.6440570 1.0000000 0.13 0.19 0.26
v 29.7622920 5.1230824 1.0000000 0.13 0.19 0.26
v 29.6761051 5.6007843 1.0000000 0.13 0.19 0.26
v 29.8407898 4.6440570 14.0000000 0.13 0.19 0.26
v 29.7622920 5.1230824 14.0000000 0.13 0.19 0.26
v 29.6761051 5.6007843 14.0000000 0.13 0.19 0.26
v 30.5343421 -4.0365765 14.0000000 0.13 0.19 0.26
v 30.5343421 -4.0365765 1.0000000 0.13 0.19 0.26
v 30.5028854 -4.2677842 1.0000000 0.13 0.19 0.26
v 30.4696780 -4.4987469 1.0000000 0.13 0.19 0.26
v 30.4347218 -4.7294515 1.0000000 0.13 0.19 0.26
v 30.4347218 -4.7294515 14.0000000 0.13 0.19 0.26
v 30.4696780 -4.4987469 14.0000000 0.13 0.19 0.26
v 30.5028854 -4.2677842 14.0000000 0.13 0.19 0.26
v 29.5822513 6.0770392 1.0000000 0.13 0.19 0.26
v 30.1685781 6.2045868 1.0000000 0.13 0.19 0.26
v 29.5822513 6.0770392 14.0000000 0.13 0.19 0.26
v 30.1685781 6.2045868 14.0000000 0.13 0.19 0.26
v 29.8407898 -4.6440570 1.0000000 0.13 0.19 0.26
v 30.4347218 -4.7294515 1.0000000 0.13 0.19 0.26
v 29.8407898 -4.6440570 14.0000000 0.13 0.19 0.26
v 30.4347218 -4.7294515 14.0000000 0.13 0.19 0.26
v 30.0197824 6.8885896 1.0000000 0.13 0.19 0.26
v 30.0711078 6.6609666 1.0000000 0.13 0.19 0.26
v 30.1207073 6.4329613 1.0000000 0.13 0.19 0.26
v 30.1685781 6.2045868 1.0000000 0.13 0.19 0.26
v 30.1685781 6.2045868 14.0000000 0.13 0.19 0.26
v 30.1207073 6.4329613 14.0000000 0.13 0.19 0.26
v 30.0711078 6.6609666 14.0000000 0.13 0.19 0.26
v 30.0197824 6.8885896 14.0000000 0.13 0.19 0.26
v 29.8407898 -4.6440570 1.0000000 0.13 0.19 0.26
v 29.8407898 -4.6440570 14.0000000 0.13 0.19 0.26
v 29.5822513 -6.0770392 1.0000000 0.13 0.19 0.26
v 29.6761051 -5.6007843 1.0000000 0.13 0.19 0.26
v 29.7622920 -5.1230824 1.0000000 0.13 0.19 0.26
v 29.5822513 -6.0770392 14.0000000 0.13 0.19 0.26
v 29.6761051 -5.6007843 14.0000000 0.13 0.19 0.26
v 29.7622920 -5.1230824 14.0000000 0.13 0.19 0.26
v 29.4334556 6.7610420 1.0000000 0.13 0.19 0.26
v 30.0197824 6.8885896 1.0000000 0.13 0.19 0.26
v 29.4334556 6.7610420 14.0000000 0.13 0.19 0.26
v 30.0197824 6.8885896 14.0000000 0.13 0.19 0.26
v 29.5822513 -6.0770392 1.0000000 0.13 0.19 0.26
v 30.1685781 -6.2045868 1.0000000 0.13 0.19 0.26
v 29.5822513 -6.0770392 14.0000000 0.13 0.19 0.26
v 30.1685781 -6.2045868 14.0000000 0.13 0.19 0.26
v 29.0733481 8.1719293 1.0000000 0.13 0.19 0.26
v 29.0733481 8.1719293 14.0000000 0.13 0.19 0.26
v 29.4334556 6.7610420 1.0000000 0.13 0.19 0.26
v 29.3209846 7.2332470 1.0000000 0.13 0.19 0.26
v 29.2009384 7.7035832 1.0000000 0.13 0.19 0.26
v 29.4334556 6.7610420 14.0000000 0.13 0.19 0.26
v 29.3209846 7.2332470 14.0000000 0.13 0.19 0.26
v 29.2009384 7.7035832 14.0000000 0.13 0.19 0.26
v 30.1685781 -6.2045868 14.0000000 0.13 0.19 0.26
v 30.1685781 -6.2045868 1.0000000 0.13 0.19 0.26
v 30.1207073 -6.4329613 1.0000000 0.13 0.19 0.26
v 30.0711078 -6.6609666 1.0000000 0.13 0.19 0.26
v 30.0197824 -6.8885896 1.0000000 0.13 0.19 0.26
v 30.0197824 -6.8885896 14.0000000 0.13 0.19 0.26
v 30.0711078 -6.6609666 14.0000000 0.13 0.19 0.26
v 30.1207073 -6.4329613 14.0000000 0.13 0.19 0.26
v 29.0733481 8.1719293 1.0000000 0.13 0.19 0.26
v 29.6490818 8.3409799 1.0000000 0.13 0.19 0.26
v 29.0733481 8.1719293 14.0000000 0.13 0.19 0.26
v 29.6490818 8.3409799 14.0000000 0.13 0.19 0.26
v 29.4334556 -6.7610420 1.0000000 0.13 0.19 0.26
v 30.0197824 -6.8885896 1.0000000 0.13 0.19 0.26
v 29.4334556 -6.7610420 14.0000000 0.13 0.19 0.26
v 30.0197824 -6.8885896 14.0000000 0.13 0.19 0.26
v 29.4518690 9.0126250 1.0000000 0.13 0.19 0.26
v 29.5193021 8.7892435 1.0000000 0.13 0.19 0.26
v 29.5850410 8.5653575 1.0000000 0.13 0.19 0.26
v 29.6490818 8.3409799 1.0000000 0.13 0.19 0.26
v 29.6490818 8.3409799 14.0000000 0.13 0.19 0.26
v 29.5850410 8.5653575 14.0000000 0.13 0.19 0.26
v 29.5193021 8.7892435 14.0000000 0.13 0.19 0.26
v 29.4518690 9.0126250 14.0000000 0.13 0.19 0.26
v 29.4334556 -6.7610420 1.0000000 0.13 0.19 0.26
v 29.4334556 -6.7610420 14.0000000 0.13 0.19 0.26
v 29.0733481 -8.1719293 1.0000000 0.13 0.19 0.26
v 29.2009384 -7.7035832 1.0000000 0.13 0.19 0.26
v 29.3209846 -7.2332470 1.0000000 0.13 0.19 0.26
v 29.0733481 -8.1719293 14.0000000 0.13 0.19 0.26
v 29.2009384 -7.7035832 14.0000000 0.13 0.19 0.26
v 29.3209846 -7.2332470 14.0000000 0.13 0.19 0.26
v 28.8761354 8.8435743 1.0000000 0.13 0.19 0.26
v 29.4518690 9.0126250 1.0000000 0.13 0.19 0.26
v 28.8761354 8.8435743 14.0000000 0.13 0.19 0.26
v 29.4518690 9.0126250 14.0000000 0.13 0.19 0.26
v 29.0733481 -8.1719293 1.0000000 0.13 0.19 0.26
v 29.6490818 -8.3409799 1.0000000 0.13 0.19 0.26
v 29.0733481 -8.1719293 14.0000000 0.13 0.19 0.26
v 29.6490818 -8.3409799 14.0000000 0.13 0.19 0.26
v 28.4162938 10.2251770 1.0000000 0.13 0.19 0.26
v 28.4162938 10.2251770 14.0000000 0.13 0.19 0.26
v 28.8761354 8.8435743 1.0000000 0.13 0.19 0.26
v 28.7302642 9.3065526 1.0000000 0.13 0.19 0.26
v 28.5769704 9.7671265 1.0000000 0.13 0.19 0.26
v 28.8761354 8.8435743 14.0000000 0.13 0.19 0.26
v 28.7302642 9.3065526 14.0000000 0.13 0.19 0.26
v 28.5769704 9.7671265 14.0000000 0.13 0.19 0.26
v 29.6490818 -8.3409799 14.0000000 0.13 0.19 0.26
v 29.6490818 -8.3409799 1.0000000 0.13 0.19 0.26
v 29.5850410 -8.5653575 1.0000000 0.13 0.19 0.26
v 29.5193021 -8.7892435 1.0000000 0.13 0.19 0.26
v 29.4518690 -9.0126250 1.0000000 0.13 0.19 0.26
v 29.4518690 -9.0126250 14.0000000 0.13 0.19 0.26
v 29.5193021 -8.7892435 14.0000000 0.13 0.19 0.26
v 29.5850410 -8.5653575 14.0000000 0.13 0.19 0.26
v 28.4162938 10.2251770 1.0000000 0.13 0.19 0.26
v 28.9785007 10.4348693 1.0000000 0.13 0.19 0.26
v 28.4162938 10.2251770 14.0000000 0.13 0.19 0.26
v 28.9785007 10.4348693 14.0000000 0.13 0.19 0.26
v 28.8761354 -8.8435743 1.0000000 0.13 0.19 0.26
v 29.4518690 -9.0126250 1.0000000 0.13 0.19 0.26
v 28.8761354 -8.8435743 14.0000000 0.13 0.19 0.26
v 29.4518690 -9.0126250 14.0000000 0.13 0.19 0.26
v 28.7338758 11.0907342 1.0000000 0.13 0.19 0.26
v 28.8170729 10.8727324 1.0000000 0.13 0.19 0.26
v 28.8986161 10.6541066 1.0000000 0.13 0.19 0.26
v 28.9785007 10.4348693 1.0000000 0.13 0.19 0.26
v 28.9785007 10.4348693 14.0000000 0.13 0.19 0.26
v 28.8986161 10.6541066 14.0000000 0.13 0.19 0.26
v 28.8170729 10.8727324 14.0000000 0.13 0.19 0.26
v 28.7338758 11.0907342 14.0000000 0.13 0.19 0.26
v 28.8761354 -8.8435743 1.0000000 0.13 0.19 0.26
v 28.8761354 -8.8435743 14.0000000 0.13 0.19 0.26
v 28.4162938 -10.2251770 1.0000000 0.13 0.19 0.26
v 28.5769704 -9.7671265 1.0000000 0.13 0.19 0.26
v 28.7302642 -9.3065526 1.0000000 0.13 0.19 0.26
v 28.4162938 -10.2251770 14.0000000 0.13 0.19 0.26
v 28.5769704 -9.7671265 14.0000000 0.13 0.19 0.26
v 28.7302642 -9.3065526 14.0000000 0.13 0.19 0.26
v 28.1716689 10.8810418 1.0000000 0.13 0.19 0.26
v 28.7338758 11.0907342 1.0000000 0.13 0.19 0.26
v 28.1716689 10.8810418 14.0000000 0.13 0.19 0.26
v 28.7338758 11.0907342 14.0000000 0.13 0.19 0.26
v 28.4162938 -10.2251770 1.0000000 0.13 0.19 0.26
v 28.9785007 -10.4348693 1.0000000 0.13 0.19 0.26
v 28.4162938 -10.2251770 14.0000000 0.13 0.19 0.26
v 28.9785007 -10.4348693 14.0000000 0.13 0.19 0.26
v 27.6144366 12.2263196 1.0000000 0.13 0.19 0.26
v 27.6144366 12.2263196 14.0000000 0.13 0.19 0.26
v 28.1716689 10.8810418 1.0000000 0.13 0.19 0.26
v 27.9931409 11.3324342 1.0000000 0.13 0.19 0.26
v 27.8073808 11.7808987 1.0000000 0.13 0.19 0.26
v 28.1716689 10.8810418 14.0000000 0.13 0.19 0.26
v 27.9931409 11.3324342 14.0000000 0.13 0.19 0.26
v 27.8073808 11.7808987 14.0000000 0.13 0.19 0.26
v 28.9785007 -10.4348693 14.0000000 0.13 0.19 0.26
v 28.9785007 -10.4348693 1.0000000 0.13 0.19 0.26
v 28.8986161 -10.6541066 1.0000000 0.13 0.19 0.26
v 28.8170729 -10.8727324 1.0000000 0.13 0.19 0.26
v 28.7338758 -11.0907342 1.0000000 0.13 0.19 0.26
v 28.7338758 -11.0907342 14.0000000 0.13 0.19 0.26
v 28.8170729 -10.8727324 14.0000000 0.13 0.19 0.26
v 28.8986161 -10.6541066 14.0000000 0.13 0.19 0.26
v 27.6144366 12.2263196 1.0000000 0.13 0.19 0.26
v 28.1602517 12.4755851 1.0000000 0.13 0.19 0.26
v 27.6144366 12.2263196 14.0000000 0.13 0.19 0.26
v 28.1602517 12.4755851 14.0000000 0.13 0.19 0.26
v 28.1716689 -10.8810418 1.0000000 0.13 0.19 0.26
v 28.7338758 -11.0907342 1.0000000 0.13 0.19 0.26
v 28.1716689 -10.8810418 14.0000000 0.13 0.19 0.26
v 28.7338758 -11.0907342 14.0000000 0.13 0.19 0.26
v 27.8694612 13.1123275 1.0000000 0.13 0.19 0.26
v 27.9679984 12.9008164 1.0000000 0.13 0.19 0.26
v 28.0649305 12.6885648 1.0000000 0.13 0.19 0.26
v 28.1602517 12.4755851 1.0000000 0.13 0.19 0.26
v 28.1602517 12.4755851 14.0000000 0.13 0.19 0.26
v 28.0649305 12.6885648 14.0000000 0.13 0.19 0.26
v 27.9679984 12.9008164 14.0000000 0.13 0.19 0.26
v 27.8694612 13.1123275 14.0000000 0.13 0.19 0.26
v 28.1716689 -10.8810418 1.0000000 0.13 0.19 0.26
v 28.1716689 -10.8810418 14.0000000 0.13 0.19 0.26
v 27.6144366 -12.2263196 1.0000000 0.13 0.19 0.26
v 27.8073808 -11.7808987 1.0000000 0.13 0.19 0.26
v 27.9931409 -11.3324342 1.0000000 0.13 0.19 0.26
v 27.6144366 -12.2263196 14.0000000 0.13 0.19 0.26
v 27.8073808 -11.7808987 14.0000000 0.13 0.19 0.26
v 27.9931409 -11.3324342 14.0000000 0.13 0.19 0.26
v 27.3236461 12.8630620 1.0000000 0.13 0.19 0.26
v 27.8694612 13.1123275 1.0000000 0.13 0.19 0.26
v 27.3236461 12.8630620 14.0000000 0.13 0.19 0.26
v 27.8694612 13.1123275 14.0000000 0.13 0.19 0.26
v 27.6144366 -12.2263196 1.0000000 0.13 0.19 0.26
v 28.1602517 -12.4755851 1.0000000 0.13 0.19 0.26
v 27.6144366 -12.2263196 14.0000000 0.13 0.19 0.26
v 28.1602517 -12.4755851 14.0000000 0.13 0.19 0.26
v 26.6718625 14.1651597 1.0000000 0.13 0.19 0.26
v 26.6718625 14.1651597 14.0000000 0.13 0.19 0.26
v 27.3236461 12.8630620 1.0000000 0.13 0.19 0.26
v 27.1133710 13.3005682 1.0000000 0.13 0.19 0.26
v 26.8960911 13.7346382 1.0000000 0.13 0.19 0.26
v 27.3236461 12.8630620 14.0000000 0.13 0.19 0.26
v 27.1133710 13.3005682 14.0000000 0.13 0.19 0.26
v 26.8960911 13.7346382 14.0000000 0.13 0.19 0.26
v 28.1602517 -12.4755851 14.0000000 0.13 0.19 0.26
v 28.1602517 -12.4755851 1.0000000 0.13 0.19 0.26
v 28.0649305 -12.6885648 1.0000000 0.13 0.19 0.26
v 27.9679984 -12.9008164 1.0000000 0.13 0.19 0.26
v 27.8694612 -13.1123275 1.0000000 0.13 0.19 0.26
v 27.8694612 -13.1123275 14.0000000 0.13 0.19 0.26
v 27.9679984 -12.9008164 14.0000000 0.13 0.19 0.26
v 28.0649305 -12.6885648 14.0000000 0.13 0.19 0.26
v 26.6718625 14.1651597 1.0000000 0.13 0.19 0.26
v 27.1985046 14.4527281 1.0000000 0.13 0.19 0.26
v 26.6718625 14.1651597 14.0000000 0.13 0.19 0.26
v 27.1985046 14.4527281 14.0000000 0.13 0.19 0.26
v 27.3236461 -12.8630620 1.0000000 0.13 0.19 0.26
v 27.8694612 -13.1123275 1.0000000 0.13 0.19 0.26
v 27.3236461 -12.8630620 14.0000000 0.13 0.19 0.26
v 27.8694612 -13.1123275 14.0000000 0.13 0.19 0.26
v 26.8630303 15.0671034 1.0000000 0.13 0.19 0.26
v 26.9764055 14.8631607 1.0000000 0.13 0.19 0.26
v 27.0882324 14.6583651 1.0000000 0.13 0.19 0.26
v 27.1985046 14.4527281 1.0000000 0.13 0.19 0.26
v 27.1985046 14.4527281 14.0000000 0.13 0.19 0.26
v 27.0882324 14.6583651 14.0000000 0.13 0.19 0.26
v 26.9764055 14.8631607 14.0000000 0.13 0.19 0.26
v 26.8630303 15.0671034 14.0000000 0.13 0.19 0.26
v 27.3236461 -12.8630620 1.0000000 0.13 0.19 0.26
v 27.3236461 -12.8630620 14.0000000 0.13 0.19 0.26
v 26.6718625 -14.1651597 1.0000000 0.13 0.19 0.26
v 26.8960911 -13.7346382 1.0000000 0.13 0.19 0.26
v 27.1133710 -13.3005682 1.0000000 0.13 0.19 0.26
v 26.6718625 -14.1651597 14.0000000 0.13 0.19 0.26
v 26.8960911 -13.7346382 14.0000000 0.13 0.19 0.26
v 27.1133710 -13.3005682 14.0000000 0.13 0.19 0.26
v 26.3363882 14.7795350 1.0000000 0.13 0.19 0.26
v 26.8630303 15.0671034 1.0000000 0.13 0.19 0.26
v 26.3363882 14.7795350 14.0000000 0.13 0.19 0.26
v 26.8630303 15.0671034 14.0000000 0.13 0.19 0.26
v 26.6718625 -14.1651597 1.0000000 0.13 0.19 0.26
v 27.1985046 -14.4527281 1.0000000 0.13 0.19 0.26
v 26.6718625 -14.1651597 14.0000000 0.13 0.19 0.26
v 27.1985046 -14.4527281 14.0000000 0.13 0.19 0.26
v 25.5933747 16.0318174 1.0000000 0.13 0.19 0.26
v 25.5933747 16.0318174 14.0000000 0.13 0.19 0.26
v 26.3363882 14.7795350 1.0000000 0.13 0.19 0.26
v 26.0954375 15.2009256 1.0000000 0.13 0.19 0.26
v 25.8477450 15.6183890 1.0000000 0.13 0.19 0.26
v 26.3363882 14.7795350 14.0000000 0.13 0.19 0.26
v 26.0954375 15.2009256 14.0000000 0.13 0.19 0.26
v 25.8477450 15.6183890 14.0000000 0.13 0.19 0.26
v 27.1985046 -14.4527281 14.0000000 0.13 0.19 0.26
v 27.1985046 -14.4527281 1.0000000 0.13 0.19 0.26
v 27.0882324 -14.6583651 1.0000000 0.13 0.19 0.26
v 26.9764055 -14.8631607 1.0000000 0.13 0.19 0.26
v 26.8630303 -15.0671034 1.0000000 0.13 0.19 0.26
v 26.8630303 -15.0671034 14.0000000 0.13 0.19 0.26
v 26.9764055 -14.8631607 14.0000000 0.13 0.19 0.26
v 27.0882324 -14.6583651 14.0000000 0.13 0.19 0.26
v 25.5933747 16.0318174 1.0000000 0.13 0.19 0.26
v 26.0981601 16.3562233 1.0000000 0.13 0.19 0.26
v 25.5933747 16.0318174 14.0000000 0.13 0.19 0.26
v 26.0981601 16.3562233 14.0000000 0.13 0.19 0.26
v 26.3363882 -14.7795350 1.0000000 0.13 0.19 0.26
v 26.8630303 -15.0671034 1.0000000 0.13 0.19 0.26
v 26.3363882 -14.7795350 14.0000000 0.13 0.19 0.26
v 26.8630303 -15.0671034 14.0000000 0.13 0.19 0.26
v 25.7197115 16.9451007 1.0000000 0.13 0.19 0.26
v 25.8473470 16.7497658 1.0000000 0.13 0.19 0.26
v 25.9734989 16.5534696 1.0000000 0.13 0.19 0.26
v 26.0981601 16.3562233 1.0000000 0.13 0.19 0.26
v 26.0981601 16.3562233 14.0000000 0.13 0.19 0.26
v 25.9734989 16.5534696 14.0000000 0.13 0.19 0.26
v 25.8473470 16.7497658 14.0000000 0.13 0.19 0.26
v 25.7197115 16.9451007 14.0000000 0.13 0.19 0.26
v 26.3363882 -14.7795350 1.0000000 0.13 0.19 0.26
v 26.3363882 -14.7795350 14.0000000 0.13 0.19 0.26
v 25.5933747 -16.0318174 1.0000000 0.13 0.19 0.26
v 25.8477450 -15.6183890 1.0000000 0.13 0.19 0.26
v 26.0954375 -15.2009256 1.0000000 0.13 0.19 0.26
v 25.5933747 -16.0318174 14.0000000 0.13 0.19 0.26
v 25.8477450 -15.6183890 14.0000000 0.13 0.19 0.26
v 26.0954375 -15.2009256 14.0000000 0.13 0.19 0.26
v 25.2149262 16.6206949 1.0000000 0.13 0.19 0.26
v 25.7197115 16.9451007 1.0000000 0.13 0.19 0.26
v 25.2149262 16.6206949 14.0000000 0.13 0.19 0.26
v 25.7197115 16.9451007 14.0000000 0.13 0.19 0.26
v 25.5933747 -16.0318174 1.0000000 0.13 0.19 0.26
v 26.0981601 -16.3562233 1.0000000 0.13 0.19 0.26
v 25.5933747 -16.0318174 14.0000000 0.13 0.19 0.26
v 26.0981601 -16.3562233 14.0000000 0.13 0.19 0.26
v 24.3844690 17.8167806 1.0000000 0.13 0.19 0.26
v 24.3844690 17.8167806 14.0000000 0.13 0.19 0.26
v 25.2149262 16.6206949 1.0000000 0.13 0.19 0.26
v 24.9445277 17.0238226 1.0000000 0.13 0.19 0.26
v 24.6676848 17.4225522 1.0000000 0.13 0.19 0.26
v 25.2149262 16.6206949 14.0000000 0.13 0.19 0.26
v 24.9445277 17.0238226 14.0000000 0.13 0.19 0.26
v 24.6676848 17.4225522 14.0000000 0.13 0.19 0.26
v 26.0981601 -16.3562233 14.0000000 0.13 0.19 0.26
v 26.0981601 -16.3562233 1.0000000 0.13 0.19 0.26
v 25.9734989 -16.5534696 1.0000000 0.13 0.19 0.26
v 25.8473470 -16.7497658 1.0000000 0.13 0.19 0.26
v 25.7197115 -16.9451007 1.0000000 0.13 0.19 0.26
v 25.7197115 -16.9451007 14.0000000 0.13 0.19 0.26
v 25.8473470 -16.7497658 14.0000000 0.13 0.19 0.26
v 25.9734989 -16.5534696 14.0000000 0.13 0.19 0.26
v 24.3844690 17.8167806 1.0000000 0.13 0.19 0.26
v 24.8648254 18.1763709 1.0000000 0.13 0.19 0.26
v 24.3844690 17.8167806 14.0000000 0.13 0.19 0.26
v 24.8648254 18.1763709 14.0000000 0.13 0.19 0.26
v 25.2149262 -16.6206949 1.0000000 0.13 0.19 0.26
v 25.7197115 -16.9451007 1.0000000 0.13 0.19 0.26
v 25.2149262 -16.6206949 14.0000000 0.13 0.19 0.26
v 25.7197115 -16.9451007 14.0000000 0.13 0.19 0.26
v 24.4453310 18.7367498 1.0000000 0.13 0.19 0.26
v 24.5865763 18.5510180 1.0000000 0.13 0.19 0.26
v 24.7264104 18.3642214 1.0000000 0.13 0.19 0.26
v 24.8648254 18.1763709 1.0000000 0.13 0.19 0.26
v 24.8648254 18.1763709 14.0000000 0.13 0.19 0.26
v 24.7264104 18.3642214 14.0000000 0.13 0.19 0.26
v 24.5865763 18.5510180 14.0000000 0.13 0.19 0.26
v 24.4453310 18.7367498 14.0000000 0.13 0.19 0.26
v 25.2149262 -16.6206949 1.0000000 0.13 0.19 0.26
v 25.2149262 -16.6206949 14.0000000 0.13 0.19 0.26
v 24.3844690 -17.8167806 1.0000000 0.13 0.19 0.26
v 24.6676848 -17.4225522 1.0000000 0.13 0.19 0.26
v 24.9445277 -17.0238226 1.0000000 0.13 0.19 0.26
v 24.3844690 -17.8167806 14.0000000 0.13 0.19 0.26
v 24.6676848 -17.4225522 14.0000000 0.13 0.19 0.26
v 24.9445277 -17.0238226 14.0000000 0.13 0.19 0.26
v 23.9649746 18.3771595 1.0000000 0.13 0.19 0.26
v 24.4453310 18.7367498 1.0000000 0.13 0.19 0.26
v 23.9649746 18.3771595 14.0000000 0.13 0.19 0.26
v 24.4453310 18.7367498 14.0000000 0.13 0.19 0.26
v 24.3844690 -17.8167806 1.0000000 0.13 0.19 0.26
v 24.8648254 -18.1763709 1.0000000 0.13 0.19 0.26
v 24.3844690 -17.8167806 14.0000000 0.13 0.19 0.26
v 24.8648254 -18.1763709 14.0000000 0.13 0.19 0.26
v 23.0513056 19.5109536 1.0000000 0.13 0.19 0.26
v 23.0513056 19.5109536 14.0000000 0.13 0.19 0.26
v 23.9649746 18.3771595 1.0000000 0.13 0.19 0.26
v 23.6665063 18.7599701 1.0000000 0.13 0.19 0.26
v 23.3619238 19.1379340 1.0000000 0.13 0.19 0.26
v 23.9649746 18.3771595 14.0000000 0.13 0.19 0.26
v 23.6665063 18.7599701 14.0000000 0.13 0.19 0.26
v 23.3619238 19.1379340 14.0000000 0.13 0.19 0.26
v 24.8648254 -18.1763709 14.0000000 0.13 0.19 0.26
v 24.8648254 -18.1763709 1.0000000 0.13 0.19 0.26
v 24.7264104 -18.3642214 1.0000000 0.13 0.19 0.26
v 24.5865763 -18.5510180 1.0000000 0.13 0.19 0.26
v 24.4453310 -18.7367498 1.0000000 0.13 0.19 0.26
v 24.4453310 -18.7367498 14.0000000 0.13 0.19 0.26
v 24.5865763 -18.5510180 14.0000000 0.13 0.19 0.26
v 24.7264104 -18.3642214 14.0000000 0.13 0.19 0.26
v 23.0513056 19.5109536 1.0000000 0.13 0.19 0.26
v 23.5047852 19.9038959 1.0000000 0.13 0.19 0.26
v 23.0513056 19.5109536 14.0000000 0.13 0.19 0.26
v 23.5047852 19.9038959 14.0000000 0.13 0.19 0.26
v 23.9649746 -18.3771595 1.0000000 0.13 0.19 0.26
v 24.4453310 -18.7367498 1.0000000 0.13 0.19 0.26
v 23.9649746 -18.3771595 14.0000000 0.13 0.19 0.26
v 24.4453310 -18.7367498 14.0000000 0.13 0.19 0.26
v 23.0463827 20.4329206 1.0000000 0.13 0.19 0.26
v 23.2005180 20.2577384 1.0000000 0.13 0.19 0.26
v 23.3533218 20.0813934 1.0000000 0.13 0.19 0.26
v 23.5047852 19.9038959 1.0000000 0.13 0.19 0.26
v 23.5047852 19.9038959 14.0000000 0.13 0.19 0.26
v 23.3533218 20.0813934 14.0000000 0.13 0.19 0.26
v 23.2005180 20.2577384 14.0000000 0.13 0.19 0.26
v 23.0463827 20.4329206 14.0000000 0.13 0.19 0.26
v 23.9649746 -18.3771595 1.0000000 0.13 0.19 0.26
v 23.9649746 -18.3771595 14.0000000 0.13 0.19 0.26
v 23.0513056 -19.5109536 1.0000000 0.13 0.19 0.26
v 23.3619238 -19.1379340 1.0000000 0.13 0.19 0.26
v 23.6665063 -18.7599701 1.0000000 0.13 0.19 0.26
v 23.0513056 -19.5109536 14.0000000 0.13 0.19 0.26
v 23.3619238 -19.1379340 14.0000000 0.13 0.19 0.26
v 23.6665063 -18.7599701 14.0000000 0.13 0.19 0.26
v 22.5929031 20.0399783 1.0000000 0.13 0.19 0.26
v 23.0463827 20.4329206 1.0000000 0.13 0.19 0.26
v 22.5929031 20.0399783 14.0000000 0.13 0.19 0.26
v 23.0463827 20.4329206 14.0000000 0.13 0.19 0.26
v 23.0513056 -19.5109536 1.0000000 0.13 0.19 0.26
v 23.5047852 -19.9038959 1.0000000 0.13 0.19 0.26
v 23.0513056 -19.5109536 14.0000000 0.13 0.19 0.26
v 23.5047852 -19.9038959 14.0000000 0.13 0.19 0.26
v 21.6006780 21.1057033 1.0000000 0.13 0.19 0.26
v 21.6006780 21.1057033 14.0000000 0.13 0.19 0.26
v 22.5929031 20.0399783 1.0000000 0.13 0.19 0.26
v 22.2678858 20.4005211 1.0000000 0.13 0.19 0.26
v 21.9371157 20.7557933 1.0000000 0.13 0.19 0.26
v 22.5929031 20.0399783 14.0000000 0.13 0.19 0.26
v 22.2678858 20.4005211 14.0000000 0.13 0.19 0.26
v 21.9371157 20.7557933 14.0000000 0.13 0.19 0.26
v 23.5047852 -19.9038959 14.0000000 0.13 0.19 0.26
v 23.5047852 -19.9038959 1.0000000 0.13 0.19 0.26
v 23.3533218 -20.0813934 1.0000000 0.13 0.19 0.26
v 23.2005180 -20.2577384 1.0000000 0.13 0.19 0.26
v 23.0463827 -20.4329206 1.0000000 0.13 0.19 0.26
v 23.0463827 -20.4329206 14.0000000 0.13 0.19 0.26
v 23.2005180 -20.2577384 14.0000000 0.13 0.19 0.26
v 23.3533218 -20.0813934 14.0000000 0.13 0.19 0.26
v 21.6006780 21.1057033 1.0000000 0.13 0.19 0.26
v 22.0249700 21.5299953 1.0000000 0.13 0.19 0.26
v 21.6006780 21.1057033 14.0000000 0.13 0.19 0.26
v 22.0249700 21.5299953 14.0000000 0.13 0.19 0.26
v 22.5929031 -20.0399783 1.0000000 0.13 0.19 0.26
v 23.0463827 -20.4329206 1.0000000 0.13 0.19 0.26
v 22.5929031 -20.0399783 14.0000000 0.13 0.19 0.26
v 23.0463827 -20.4329206 14.0000000 0.13 0.19 0.26
v 21.5299953 22.0249700 1.0000000 0.13 0.19 0.26
v 21.6962352 21.8612300 1.0000000 0.13 0.19 0.26
v 21.8612300 21.6962352 1.0000000 0.13 0.19 0.26
v 22.0249700 21.5299953 1.0000000 0.13 0.19 0.26
v 22.0249700 21.5299953 14.0000000 0.13 0.19 0.26
v 21.8612300 21.6962352 14.0000000 0.13 0.19 0.26
v 21.6962352 21.8612300 14.0000000 0.13 0.19 0.26
v 21.5299953 22.0249700 14.0000000 0.13 0.19 0.26
v 22.5929031 -20.0399783 1.0000000 0.13 0.19 0.26
v 22.5929031 -20.0399783 14.0000000 0.13 0.19 0.26
v 21.6006780 -21.1057033 1.0000000 0.13 0.19 0.26
v 21.9371157 -20.7557933 1.0000000 0.13 0.19 0.26
v 22.2678858 -20.4005211 1.0000000 0.13 0.19 0.26
v 21.6006780 -21.1057033 14.0000000 0.13 0.19 0.26
v 21.9371157 -20.7557933 14.0000000 0.13 0.19 0.26
v 22.2678858 -20.4005211 14.0000000 0.13 0.19 0.26
v 21.1057033 21.6006780 1.0000000 0.13 0.19 0.26
v 21.5299953 22.0249700 1.0000000 0.13 0.19 0.26
v 21.1057033 21.6006780 14.0000000 0.13 0.19 0.26
v 21.5299953 22.0249700 14.0000000 0.13 0.19 0.26
v 21.6006780 -21.1057033 1.0000000 0.13 0.19 0.26
v 22.0249700 -21.5299953 1.0000000 0.13 0.19 0.26
v 21.6006780 -21.1057033 14.0000000 0.13 0.19 0.26
v 22.0249700 -21.5299953 14.0000000 0.13 0.19 0.26
v 20.0399783 22.5929031 1.0000000 0.13 0.19 0.26
v 20.0399783 22.5929031 14.0000000 0.13 0.19 0.26
v 21.1057033 21.6006780 1.0000000 0.13 0.19 0.26
v 20.7557933 21.9371157 1.0000000 0.13 0.19 0.26
v 20.4005211 22.2678858 1.0000000 0.13 0.19 0.26
v 21.1057033 21.6006780 14.0000000 0.13 0.19 0.26
v 20.7557933 21.9371157 14.0000000 0.13 0.19 0.26
v 20.4005211 22.2678858 14.0000000 0.13 0.19 0.26
v 22.0249700 -21.5299953 14.0000000 0.13 0.19 0.26
v 22.0249700 -21.5299953 1.0000000 0.13 0.19 0.26
v 21.8612300 -21.6962352 1.0000000 0.13 0.19 0.26
v 21.6962352 -21.8612300 1.0000000 0.13 0.19 0.26
v 21.5299953 -22.0249700 1.0000000 0.13 0.19 0.26
v 21.5299953 -22.0249700 14.0000000 0.13 0.19 0.26
v 21.6962352 -21.8612300 14.0000000 0.13 0.19 0.26
v 21.8612300 -21.6962352 14.0000000 0.13 0.19 0.26
v 20.0399783 22.5929031 1.0000000 0.13 0.19 0.26
v 20.4329206 23.0463827 1.0000000 0.13 0.19 0.26
v 20.0399783 22.5929031 14.0000000 0.13 0.19 0.26
v 20.4329206 23.0463827 14.0000000 0.13 0.19 0.26
v 21.1057033 -21.6006780 1.0000000 0.13 0.19 0.26
v 21.5299953 -22.0249700 1.0000000 0.13 0.19 0.26
v 21.1057033 -21.6006780 14.0000000 0.13 0.19 0.26
v 21.5299953 -22.0249700 14.0000000 0.13 0.19 0.26
v 19.9038959 23.5047852 1.0000000 0.13 0.19 0.26
v 20.0813934 23.3533218 1.0000000 0.13 0.19 0.26
v 20.2577384 23.2005180 1.0000000 0.13 0.19 0.26
v 20.4329206 23.0463827 1.0000000 0.13 0.19 0.26
v 20.4329206 23.0463827 14.0000000 0.13 0.19 0.26
v 20.2577384 23.2005180 14.0000000 0.13 0.19 0.26
v 20.0813934 23.3533218 14.0000000 0.13 0.19 0.26
v 19.9038959 23.5047852 14.0000000 0.13 0.19 0.26
v 21.1057033 -21.6006780 1.0000000 0.13 0.19 0.26
v 21.1057033 -21.6006780 14.0000000 0.13 0.19 0.26
v 20.0399783 -22.5929031 1.0000000 0.13 0.19 0.26
v 20.4005211 -22.2678858 1.0000000 0.13 0.19 0.26
v 20.7557933 -21.9371157 1.0000000 0.13 0.19 0.26
v 20.0399783 -22.5929031 14.0000000 0.13 0.19 0.26
v 20.4005211 -22.2678858 14.0000000 0.13 0.19 0.26
v 20.7557933 -21.9371157 14.0000000 0.13 0.19 0.26
v 19.5109536 23.0513056 1.0000000 0.13 0.19 0.26
v 19.9038959 23.5047852 1.0000000 0.13 0.19 0.26
v 19.5109536 23.0513056 14.0000000 0.13 0.19 0.26
v 19.9038959 23.5047852 14.0000000 0.13 0.19 0.26
v 20.0399783 -22.5929031 1.0000000 0.13 0.19 0.26
v 20.4329206 -23.0463827 1.0000000 0.13 0.19 0.26
v 20.0399783 -22.5929031 14.0000000 0.13 0.19 0.26
v 20.4329206 -23.0463827 14.0000000 0.13 0.19 0.26
v 18.3771595 23.9649746 1.0000000 0.13 0.19 0.26
v 18.3771595 23.9649746 14.0000000 0.13 0.19 0.26
v 19.5109536 23.0513056 1.0000000 0.13 0.19 0.26
v 19.1379340 23.3619238 1.0000000 0.13 0.19 0.26
v 18.7599701 23.6665063 1.0000000 0.13 0.19 0.26
v 19.5109536 23.0513056 14.0000000 0.13 0.19 0.26
v 19.1379340 23.3619238 14.0000000 0.13 0.19 0.26
v 18.7599701 23.6665063 14.0000000 0.13 0.19 0.26
v 20.4329206 -23.0463827 14.0000000 0.13 0.19 0.26
v 20.4329206 -23.0463827 1.0000000 0.13 0.19 0.26
v 20.2577384 -23.2005180 1.0000000 0.13 0.19 0.26
v 20.0813934 -23.3533218 1.0000000 0.13 0.19 0.26
v 19.9038959 -23.5047852 1.0000000 0.13 0.19 0.26
v 19.9038959 -23.5047852 14.0000000 0.13 0.19 0.26
v 20.0813934 -23.3533218 14.0000000 0.13 0.19 0.26
v 20.2577384 -23.2005180 14.0000000 0.13 0.19 0.26
v 18.3771595 23.9649746 1.0000000 0.13 0.19 0.26
v 18.7367498 24.4453310 1.0000000 0.13 0.19 0.26
v 18.3771595 23.9649746 14.0000000 0.13 0.19 0.26
v 18.7367498 24.4453310 14.0000000 0.13 0.19 0.26
v 19.5109536 -23.0513056 1.0000000 0.13 0.19 0.26
v 19.9038959 -23.5047852 1.0000000 0.13 0.19 0.26
v 19.5109536 -23.0513056 14.0000000 0.13 0.19 0.26
v 19.9038959 -23.5047852 14.0000000 0.13 0.19 0.26
v 18.1763709 24.8648254 1.0000000 0.13 0.19 0.26
v 18.3642214 24.7264104 1.0000000 0.13 0.19 0.26
v 18.5510180 24.5865763 1.0000000 0.13 0.19 0.26
v 18.7367498 24.4453310 1.0000000 0.13 0.19 0.26
v 18.7367498 24.4453310 14.0000000 0.13 0.19 0.26
v 18.5510180 24.5865763 14.0000000 0.13 0.19 0.26
v 18.3642214 24.7264104 14.0000000 0.13 0.19 0.26
v 18.1763709 24.8648254 14.0000000 0.13 0.19 0.26
v 19.5109536 -23.0513056 1.0000000 0.13 0.19 0.26
v 19.5109536 -23.0513056 14.0000000 0.13 0.19 0.26
v 18.3771595 -23.9649746 1.0000000 0.13 0.19 0.26
v 18.7599701 -23.6665063 1.0000000 0.13 0.19 0.26
v 19.1379340 -23.3619238 1.0000000 0.13 0.19 0.26
v 18.3771595 -23.9649746 14.0000000 0.13 0.19 0.26
v 18.7599701 -23.6665063 14.0000000 0.13 0.19 0.26
v 19.1379340 -23.3619238 14.0000000 0.13 0.19 0.26
v 17.8167806 24.3844690 1.0000000 0.13 0.19 0.26
v 18.1763709 24.8648254 1.0000000 0.13 0.19 0.26
v 17.8167806 24.3844690 14.0000000 0.13 0.19 0.26
v 18.1763709 24.8648254 14.0000000 0.13 0.19 0.26
v 18.3771595 -23.9649746 1.0000000 0.13 0.19 0.26
v 18.7367498 -24.4453310 1.0000000 0.13 0.19 0.26
v 18.3771595 -23.9649746 14.0000000 0.13 0.19 0.26
v 18.7367498 -24.4453310 14.0000000 0.13 0.19 0.26
v 16.6206949 25.2149262 1.0000000 0.13 0.19 0.26
v 16.6206949 25.2149262 14.0000000 0.13 0.19 0.26
v 17.8167806 24.3844690 1.0000000 0.13 0.19 0.26
v 17.4225522 24.6676848 1.0000000 0.13 0.19 0.26
v 17.0238226 24.9445277 1.0000000 0.13 0.19 0.26
v 17.8167806 24.3844690 14.0000000 0.13 0.19 0.26
v 17.4225522 24.6676848 14.0000000 0.13 0.19 0.26
v 17.0238226 24.9445277 14.0000000 0.13 0.19 0.26
v 18.7367498 -24.4453310 14.0000000 0.13 0.19 0.26
v 18.7367498 -24.4453310 1.0000000 0.13 0.19 0.26
v 18.5510180 -24.5865763 1.0000000 0.13 0.19 0.26
v 18.3642214 -24.7264104 1.0000000 0.13 0.19 0.26
v 18.1763709 -24.8648254 1.0000000 0.13 0.19 0.26
v 18.1763709 -24.8648254 14.0000000 0.13 0.19 0.26
v 18.3642214 -24.7264104 14.0000000 0.13 0.19 0.26
v 18.5510180 -24.5865763 14.0000000 0.13 0.19 0.26
v 16.6206949 25.2149262 1.0000000 0.13 0.19 0.26
v 16.9451007 25.7197115 1.0000000 0.13 0.19 0.26
v 16.6206949 25.2149262 14.0000000 0.13 0.19 0.26
v 16.9451007 25.7197115 14.0000000 0.13 0.19 0.26
v 17.8167806 -24.3844690 1.0000000 0.13 0.19 0.26
v 18.1763709 -24.8648254 1.0000000 0.13 0.19 0.26
v 17.8167806 -24.3844690 14.0000000 0.13 0.19 0.26
v 18.1763709 -24.8648254 14.0000000 0.13 0.19 0.26
v 16.3562233 26.0981601 1.0000000 0.13 0.19 0.26
v 16.5534696 25.9734989 1.0000000 0.13 0.19 0.26
v 16.7497658 25.8473470 1.0000000 0.13 0.19 0.26
v 16.9451007 25.7197115 1.0000000 0.13 0.19 0.26
v 16.9451007 25.7197115 14.0000000 0.13 0.19 0.26
v 16.7497658 25.8473470 14.0000000 0.13 0.19 0.26
v 16.5534696 25.9734989 14.0000000 0.13 0.19 0.26
v 16.3562233 26.0981601 14.0000000 0.13 0.19 0.26
v 17.8167806 -24.3844690 1.0000000 0.13 0.19 0.26
v 17.8167806 -24.3844690 14.0000000 0.13 0.19 0.26
v 16.6206949 -25.2149262 1.0000000 0.13 0.19 0.26
v 17.0238226 -24.9445277 1.0000000 0.13 0.19 0.26
v 17.4225522 -24.6676848 1.0000000 0.13 0.19 0.26
v 16.6206949 -25.2149262 14.0000000 0.13 0.19 0.26
v 17.0238226 -24.9445277 14.0000000 0.13 0.19 0.26
v 17.4225522 -24.6676848 14.0000000 0.13 0.19 0.26
v 16.0318174 25.5933747 1.0000000 0.13 0.19 0.26
v 16.3562233 26.0981601 1.0000000 0.13 0.19 0.26
v 16.0318174 25.5933747 14.0000000 0.13 0.19 0.26
v 16.3562233 26.0981601 14.0000000 0.13 0.19 0.26
v 16.6206949 -25.2149262 1.0000000 0.13 0.19 0.26
v 16.9451007 -25.7197115 1.0000000 0.13 0.19 0.26
v 16.6206949 -25.2149262 14.0000000 0.13 0.19 0.26
v 16.9451007 -25.7197115 14.0000000 0.13 0.19 0.26
v 14.7795350 26.3363882 1.0000000 0.13 0.19 0.26
v 14.7795350 26.3363882 14.0000000 0.13 0.19 0.26
v 16.0318174 25.5933747 1.0000000 0.13 0.19 0.26
v 15.6183890 25.8477450 1.0000000 0.13 0.19 0.26
v 15.2009256 26.0954375 1.0000000 0.13 0.19 0.26
v 16.0318174 25.5933747 14.0000000 0.13 0.19 0.26
v 15.6183890 25.8477450 14.0000000 0.13 0.19 0.26
v 15.2009256 26.0954375 14.0000000 0.13 0.19 0.26
v 16.9451007 -25.7197115 14.0000000 0.13 0.19 0.26
v 16.9451007 -25.7197115 1.0000000 0.13 0.19 0.26
v 16.7497658 -25.8473470 1.0000000 0.13 0.19 0.26
v 16.5534696 -25.9734989 1.0000000 0.13 0.19 0.26
v 16.3562233 -26.0981601 1.0000000 0.13 0.19 0.26
v 16.3562233 -26.0981601 14.0000000 0.13 0.19 0.26
v 16.5534696 -25.9734989 14.0000000 0.13 0.19 0.26
v 16.7497658 -25.8473470 14.0000000 0.13 0.19 0.26
v 14.7795350 26.3363882 1.0000000 0.13 0.19 0.26
v 15.0671034 26.8630303 1.0000000 0.13 0.19 0.26
v 14.7795350 26.3363882 14.0000000 0.13 0.19 0.26
v 15.0671034 26.8630303 14.0000000 0.13 0.19 0.26
v 16.0318174 -25.5933747 1.0000000 0.13 0.19 0.26
v 16.3562233 -26.0981601 1.0000000 0.13 0.19 0.26
v 16.0318174 -25.5933747 14.0000000 0.13 0.19 0.26
v 16.3562233 -26.0981601 14.0000000 0.13 0.19 0.26
v 14.4527281 27.1985046 1.0000000 0.13 0.19 0.26
v 14.6583651 27.0882324 1.0000000 0.13 0.19 0.26
v 14.8631607 26.9764055 1.0000000 0.13 0.19 0.26
v 15.0671034 26.8630303 1.0000000 0.13 0.19 0.26
v 15.0671034 26.8630303 14.0000000 0.13 0.19 0.26
v 14.8631607 26.9764055 14.0000000 0.13 0.19 0.26
v 14.6583651 27.0882324 14.0000000 0.13 0.19 0.26
v 14.4527281 27.1985046 14.0000000 0.13 0.19 0.26
v 16.0318174 -25.5933747 1.0000000 0.13 0.19 0.26
v 16.0318174 -25.5933747 14.0000000 0.13 0.19 0.26
v 14.7795350 -26.3363882 1.0000000 0.13 0.19 0.26
v 15.2009256 -26.0954375 1.0000000 0.13 0.19 0.26
v 15.6183890 -25.8477450 1.0000000 0.13 0.19 0.26
v 14.7795350 -26.3363882 14.0000000 0.13 0.19 0.26
v 15.2009256 -26.0954375 14.0000000 0.13 0.19 0.26
v 15.6183890 -25.8477450 14.0000000 0.13 0.19 0.26
v 14.1651597 26.6718625 1.0000000 0.13 0.19 0.26
v 14.4527281 27.1985046 1.0000000 0.13 0.19 0.26
v 14.1651597 26.6718625 14.0000000 0.13 0.19 0.26
v 14.4527281 27.1985046 14.0000000 0.13 0.19 0.26
v 14.7795350 -26.3363882 1.0000000 0.13 0.19 0.26
v 15.0671034 -26.8630303 1.0000000 0.13 0.19 0.26
v 14.7795350 -26.3363882 14.0000000 0.13 0.19 0.26
v 15.0671034 -26.8630303 14.0000000 0.13 0.19 0.26
v 12.8630620 27.3236461 1.0000000 0.13 0.19 0.26
v 12.8630620 27.3236461 14.0000000 0.13 0.19 0.26
v 14.1651597 26.6718625 1.0000000 0.13 0.19 0.26
v 13.7346382 26.8960911 1.0000000 0.13 0.19 0.26
v 13.3005682 27.1133710 1.0000000 0.13 0.19 0.26
v 14.1651597 26.6718625 14.0000000 0.13 0.19 0.26
v 13.7346382 26.8960911 14.0000000 0.13 0.19 0.26
v 13.3005682 27.1133710 14.0000000 0.13 0.19 0.26
v 15.0671034 -26.8630303 14.0000000 0.13 0.19 0.26
v 15.0671034 -26.8630303 1.0000000 0.13 0.19 0.26
v 14.8631607 -26.9764055 1.0000000 0.13 0.19 0.26
v 14.6583651 -27.0882324 1.0000000 0.13 0.19 0.26
v 14.4527281 -27.1985046 1.0000000 0.13 0.19 0.26
v 14.4527281 -27.1985046 14.0000000 0.13 0.19 0.26
v 14.6583651 -27.0882324 14.0000000 0.13 0.19 0.26
v 14.8631607 -26.9764055 14.0000000 0.13 0.19 0.26
v 12.8630620 27.3236461 1.0000000 0.13 0.19 0.26
v 13.1123275 27.8694612 1.0000000 0.13 0.19 0.26
v 12.8630620 27.3236461 14.0000000 0.13 0.19 0.26
v 13.1123275 27.8694612 14.0000000 0.13 0.19 0.26
v 14.1651597 -26.6718625 1.0000000 0.13 0.19 0.26
v 14.4527281 -27.1985046 1.0000000 0.13 0.19 0.26
v 14.1651597 -26.6718625 14.0000000 0.13 0.19 0.26
v 14.4527281 -27.1985046 14.0000000 0.13 0.19 0.26
v 12.4755851 28.1602517 1.0000000 0.13 0.19 0.26
v 12.6885648 28.0649305 1.0000000 0.13 0.19 0.26
v 12.9008164 27.9679984 1.0000000 0.13 0.19 0.26
v 13.1123275 27.8694612 1.0000000 0.13 0.19 0.26
v 13.1123275 27.8694612 14.0000000 0.13 0.19 0.26
v 12.9008164 27.9679984 14.0000000 0.13 0.19 0.26
v 12.6885648 28.0649305 14.0000000 0.13 0.19 0.26
v 12.4755851 28.1602517 14.0000000 0.13 0.19 0.26
v 14.1651597 -26.6718625 1.0000000 0.13 0.19 0.26
v 14.1651597 -26.6718625 14.0000000 0.13 0.19 0.26
v 12.8630620 -27.3236461 1.0000000 0.13 0.19 0.26
v 13.3005682 -27.1133710 1.0000000 0.13 0.19 0.26
v 13.7346382 -26.8960911 1.0000000 0.13 0.19 0.26
v 12.8630620 -27.3236461 14.0000000 0.13 0.19 0.26
v 13.3005682 -27.1133710 14.0000000 0.13 0.19 0.26
v 13.7346382 -26.8960911 14.0000000 0.13 0.19 0.26
v 12.2263196 27.6144366 1.0000000 0.13 0.19 0.26
v 12.4755851 28.1602517 1.0000000 0.13 0.19 0.26
v 12.2263196 27.6144366 14.0000000 0.13 0.19 0.26
v 12.4755851 28.1602517 14.0000000 0.13 0.19 0.26
v 12.8630620 -27.3236461 1.0000000 0.13 0.19 0.26
v 13.1123275 -27.8694612 1.0000000 0.13 0.19 0.26
v 12.8630620 -27.3236461 14.0000000 0.13 0.19 0.26
v 13.1123275 -27.8694612 14.0000000 0.13 0.19 0.26
v 10.8810418 28.1716689 1.0000000 0.13 0.19 0.26
v 10.8810418 28.1716689 14.0000000 0.13 0.19 0.26
v 12.2263196 27.6144366 1.0000000 0.13 0.19 0.26
v 11.7808987 27.8073808 1.0000000 0.13 0.19 0.26
v 11.3324342 27.9931409 1.0000000 0.13 0.19 0.26
v 12.2263196 27.6144366 14.0000000 0.13 0.19 0.26
v 11.7808987 27.8073808 14.0000000 0.13 0.19 0.26
v 11.3324342 27.9931409 14.0000000 0.13 0.19 0.26
v 13.1123275 -27.8694612 14.0000000 0.13 0.19 0.26
v 13.1123275 -27.8694612 1.0000000 0.13 0.19 0.26
v 12.9008164 -27.9679984 1.0000000 0.13 0.19 0.26
v 12.6885648 -28.0649305 1.0000000 0.13 0.19 0.26
v 12.4755851 -28.1602517 1.0000000 0.13 0.19 0.26
v 12.4755851 -28.1602517 14.0000000 0.13 0.19 0.26
v 12.6885648 -28.0649305 14.0000000 0.13 0.19 0.26
v 12.9008164 -27.9679984 14.0000000 0.13 0.19 0.26
v 10.8810418 28.1716689 1.0000000 0.13 0.19 0.26
v 11.0907342 28.7338758 1.0000000 0.13 0.19 0.26
v 10.8810418 28.1716689 14.0000000 0.13 0.19 0.26
v 11.0907342 28.7338758 14.0000000 0.13 0.19 0.26
v 12.2263196 -27.6144366 1.0000000 0.13 0.19 0.26
v 12.4755851 -28.1602517 1.0000000 0.13 0.19 0.26
v 12.2263196 -27.6144366 14.0000000 0.13 0.19 0.26
v 12.4755851 -28.1602517 14.0000000 0.13 0.19 0.26
v 10.4348693 28.9785007 1.0000000 0.13 0.19 0.26
v 10.6541066 28.8986161 1.0000000 0.13 0.19 0.26
v 10.8727324 28.8170729 1.0000000 0.13 0.19 0.26
v 11.0907342 28.7338758 1.0000000 0.13 0.19 0.26
v 11.0907342 28.7338758 14.0000000 0.13 0.19 0.26
v 10.8727324 28.8170729 14.0000000 0.13 0.19 0.26
v 10.6541066 28.8986161 14.0000000 0.13 0.19 0.26
v 10.4348693 28.9785007 14.0000000 0.13 0.19 0.26
v 12.2263196 -27.6144366 1.0000000 0.13 0.19 0.26
v 12.2263196 -27.6144366 14.0000000 0.13 0.19 0.26
v 10.8810418 -28.1716689 1.0000000 0.13 0.19 0.26
v 11.3324342 -27.9931409 1.0000000 0.13 0.19 0.26
v 11.7808987 -27.8073808 1.0000000 0.13 0.19 0.26
v 10.8810418 -28.1716689 14.0000000 0.13 0.19 0.26
v 11.3324342 -27.9931409 14.0000000 0.13 0.19 0.26
v 11.7808987 -27.8073808 14.0000000 0.13 0.19 0.26
v 10.2251770 28.4162938 1.0000000 0.13 0.19 0.26
v 10.4348693 28.9785007 1.0000000 0.13 0.19 0.26
v 10.2251770 28.4162938 14.0000000 0.13 0.19 0.26
v 10.4348693 28.9785007 14.0000000 0.13 0.19 0.26
v 10.8810418 -28.1716689 1.0000000 0.13 0.19 0.26
v 11.0907342 -28.7338758 1.0000000 0.13 0.19 0.26
v 10.8810418 -28.1716689 14.0000000 0.13 0.19 0.26
v 11.0907342 -28.7338758 14.0000000 0.13 0.19 0.26
v 8.8435743 28.8761354 1.0000000 0.13 0.19 0.26
v 8.8435743 28.8761354 14.0000000 0.13 0.19 0.26
v 10.2251770 28.4162938 1.0000000 0.13 0.19 0.26
v 9.7671265 28.5769704 1.0000000 0.13 0.19 0.26
v 9.3065526 28.7302642 1.0000000 0.13 0.19 0.26
v 10.2251770 28.4162938 14.0000000 0.13 0.19 0.26
v 9.7671265 28.5769704 14.0000000 0.13 0.19 0.26
v 9.3065526 28.7302642 14.0000000 0.13 0.19 0.26
v 11.0907342 -28.7338758 14.0000000 0.13 0.19 0.26
v 11.0907342 -28.7338758 1.0000000 0.13 0.19 0.26
v 10.8727324 -28.8170729 1.0000000 0.13 0.19 0.26
v 10.6541066 -28.8986161 1.0000000 0.13 0.19 0.26
v 10.4348693 -28.9785007 1.0000000 0.13 0.19 0.26
v 10.4348693 -28.9785007 14.0000000 0.13 0.19 0.26
v 10.6541066 -28.8986161 14.0000000 0.13 0.19 0.26
v 10.8727324 -28.8170729 14.0000000 0.13 0.19 0.26
v 8.8435743 28.8761354 1.0000000 0.13 0.19 0.26
v 9.0126250 29.4518690 1.0000000 0.13 0.19 0.26
v 8.8435743 28.8761354 14.0000000 0.13 0.19 0.26
v 9.0126250 29.4518690 14.0000000 0.13 0.19 0.26
v 10.2251770 -28.4162938 1.0000000 0.13 0.19 0.26
v 10.4348693 -28.9785007 1.0000000 0.13 0.19 0.26
v 10.2251770 -28.4162938 14.0000000 0.13 0.19 0.26
v 10.4348693 -28.9785007 14.0000000 0.13 0.19 0.26
v 8.3409799 29.6490818 1.0000000 0.13 0.19 0.26
v 8.5653575 29.5850410 1.0000000 0.13 0.19 0.26
v 8.7892435 29.5193021 1.0000000 0.13 0.19 0.26
v 9.0126250 29.4518690 1.0000000 0.13 0.19 0.26
v 9.0126250 29.4518690 14.0000000 0.13 0.19 0.26
v 8.7892435 29.5193021 14.0000000 0.13 0.19 0.26
v 8.5653575 29.5850410 14.0000000 0.13 0.19 0.26
v 8.3409799 29.6490818 14.0000000 0.13 0.19 0.26
v 10.2251770 -28.4162938 1.0000000 0.13 0.19 0.26
v 10.2251770 -28.4162938 14.0000000 0.13 0.19 0.26
v 8.8435743 -28.8761354 1.0000000 0.13 0.19 0.26
v 9.3065526 -28.7302642 1.0000000 0.13 0.19 0.26
v 9.7671265 -28.5769704 1.0000000 0.13 0.19 0.26
v 8.8435743 -28.8761354 14.0000000 0.13 0.19 0.26
v 9.3065526 -28.7302642 14.0000000 0.13 0.19 0.26
v 9.7671265 -28.5769704 14.0000000 0.13 0.19 0.26
v 8.1719293 29.0733481 1.0000000 0.13 0.19 0.26
v 8.3409799 29.6490818 1.0000000 0.13 0.19 0.26
v 8.1719293 29.0733481 14.0000000 0.13 0.19 0.26
v 8.3409799 29.6490818 14.0000000 0.13 0.19 0.26
v 8.8435743 -28.8761354 1.0000000 0.13 0.19 0.26
v 9.0126250 -29.4518690 1.0000000 0.13 0.19 0.26
v 8.8435743 -28.8761354 14.0000000 0.13 0.19 0.26
v 9.0126250 -29.4518690 14.0000000 0.13 0.19 0.26
v 6.7610420 29.4334556 1.0000000 0.13 0.19 0.26
v 6.7610420 29.4334556 14.0000000 0.13 0.19 0.26
v 8.1719293 29.0733481 1.0000000 0.13 0.19 0.26
v 7.7035832 29.2009384 1.0000000 0.13 0.19 0.26
v 7.2332470 29.3209846 1.0000000 0.13 0.19 0.26
v 8.1719293 29.0733481 14.0000000 0.13 0.19 0.26
v 7.7035832 29.2009384 14.0000000 0.13 0.19 0.26
v 7.2332470 29.3209846 14.0000000 0.13 0.19 0.26
v 9.0126250 -29.4518690 14.0000000 0.13 0.19 0.26
v 9.0126250 -29.4518690 1.0000000 0.13 0.19 0.26
v 8.7892435 -29.5193021 1.0000000 0.13 0.19 0.26
v 8.5653575 -29.5850410 1.0000000 0.13 0.19 0.26
v 8.3409799 -29.6490818 1.0000000 0.13 0.19 0.26
v 8.3409799 -29.6490818 14.0000000 0.13 0.19 0.26
v 8.5653575 -29.5850410 14.0000000 0.13 0.19 0.26
v 8.7892435 -29.5193021 14.0000000 0.13 0.19 0.26
v 6.7610420 29.4334556 1.0000000 0.13 0.19 0.26
v 6.8885896 30.0197824 1.0000000 0.13 0.19 0.26
v 6.7610420 29.4334556 14.0000000 0.13 0.19 0.26
v 6.8885896 30.0197824 14.0000000 0.13 0.19 0.26
v 8.1719293 -29.0733481 1.0000000 0.13 0.19 0.26
v 8.3409799 -29.6490818 1.0000000 0.13 0.19 0.26
v 8.1719293 -29.0733481 14.0000000 0.13 0.19 0.26
v 8.3409799 -29.6490818 14.0000000 0.13 0.19 0.26
v 6.2045868 30.1685781 1.0000000 0.13 0.19 0.26
v 6.4329613 30.1207073 1.0000000 0.13 0.19 0.26
v 6.6609666 30.0711078 1.0000000 0.13 0.19 0.26
v 6.8885896 30.0197824 1.0000000 0.13 0.19 0.26
v 6.8885896 30.0197824 14.0000000 0.13 0.19 0.26
v 6.6609666 30.0711078 14.0000000 0.13 0.19 0.26
v 6.4329613 30.1207073 14.0000000 0.13 0.19 0.26
v 6.2045868 30.1685781 14.0000000 0.13 0.19 0.26
v 8.1719293 -29.0733481 1.0000000 0.13 0.19 0.26
v 8.1719293 -29.0733481 14.0000000 0.13 0.19 0.26
v 6.7610420 -29.4334556 1.0000000 0.13 0.19 0.26
v 7.2332470 -29.3209846 1.0000000 0.13 0.19 0.26
v 7.7035832 -29.2009384 1.0000000 0.13 0.19 0.26
v 6.7610420 -29.4334556 14.0000000 0.13 0.19 0.26
v 7.2332470 -29.3209846 14.0000000 0.13 0.19 0.26
v 7.7035832 -29.2009384 14.0000000 0.13 0.19 0.26
v 6.0770392 29.5822513 1.0000000 0.13 0.19 0.26
v 6.2045868 30.1685781 1.0000000 0.13 0.19 0.26
v 6.0770392 29.5822513 14.0000000 0.13 0.19 0.26
v 6.2045868 30.1685781 14.0000000 0.13 0.19 0.26
v 6.7610420 -29.4334556 1.0000000 0.13 0.19 0.26
v 6.8885896 -30.0197824 1.0000000 0.13 0.19 0.26
v 6.7610420 -29.4334556 14.0000000 0.13 0.19 0.26
v 6.8885896 -30.0197824 14.0000000 0.13 0.19 0.26
v 4.6440570 29.8407898 1.0000000 0.13 0.19 0.26
v 4.6440570 29.8407898 14.0000000 0.13 0.19 0.26
v 6.0770392 29.5822513 1.0000000 0.13 0.19 0.26
v 5.6007843 29.6761051 1.0000000 0.13 0.19 0.26
v 5.1230824 29.7622920 1.0000000 0.13 0.19 0.26
v 6.0770392 29.5822513 14.0000000 0.13 0.19 0.26
v 5.6007843 29.6761051 14.0000000 0.13 0.19 0.26
v 5.1230824 29.7622920 14.0000000 0.13 0.19 0.26
v 6.8885896 -30.0197824 14.0000000 0.13 0.19 0.26
v 6.8885896 -30.0197824 1.0000000 0.13 0.19 0.26
v 6.6609666 -30.0711078 1.0000000 0.13 0.19 0.26
v 6.4329613 -30.1207073 1.0000000 0.13 0.19 0.26
v 6.2045868 -30.1685781 1.0000000 0.13 0.19 0.26
v 6.2045868 -30.1685781 14.0000000 0.13 0.19 0.26
v 6.4329613 -30.1207073 14.0000000 0.13 0.19 0.26
v 6.6609666 -30.0711078 14.0000000 0.13 0.19 0.26
v 4.6440570 29.8407898 1.0000000 0.13 0.19 0.26
v 4.7294515 30.4347218 1.0000000 0.13 0.19 0.26
v 4.6440570 29.8407898 14.0000000 0.13 0.19 0.26
v 4.7294515 30.4347218 14.0000000 0.13 0.19 0.26
v 6.0770392 -29.5822513 1.0000000 0.13 0.19 0.26
v 6.2045868 -30.1685781 1.0000000 0.13 0.19 0.26
v 6.0770392 -29.5822513 14.0000000 0.13 0.19 0.26
v 6.2045868 -30.1685781 14.0000000 0.13 0.19 0.26
v 4.0365765 30.5343421 1.0000000 0.13 0.19 0.26
v 4.2677842 30.5028854 1.0000000 0.13 0.19 0.26
v 4.4987469 30.4696780 1.0000000 0.13 0.19 0.26
v 4.7294515 30.4347218 1.0000000 0.13 0.19 0.26
v 4.7294515 30.4347218 14.0000000 0.13 0.19 0.26
v 4.4987469 30.4696780 14.0000000 0.13 0.19 0.26
v 4.2677842 30.5028854 14.0000000 0.13 0.19 0.26
v 4.0365765 30.5343421 14.0000000 0.13 0.19 0.26
v 6.0770392 -29.5822513 1.0000000 0.13 0.19 0.26
v 6.0770392 -29.5822513 14.0000000 0.13 0.19 0.26
v 4.6440570 -29.8407898 1.0000000 0.13 0.19 0.26
v 5.1230824 -29.7622920 1.0000000 0.13 0.19 0.26
v 5.6007843 -29.6761051 1.0000000 0.13 0.19 0.26
v 4.6440570 -29.8407898 14.0000000 0.13 0.19 0.26
v 5.1230824 -29.7622920 14.0000000 0.13 0.19 0.26
v 5.6007843 -29.6761051 14.0000000 0.13 0.19 0.26
v 3.9511820 29.9404102 1.0000000 0.13 0.19 0.26
v 4.0365765 30.5343421 1.0000000 0.13 0.19 0.26
v 3.9511820 29.9404102 14.0000000 0.13 0.19 0.26
v 4.0365765 30.5343421 14.0000000 0.13 0.19 0.26
v 4.6440570 -29.8407898 1.0000000 0.13 0.19 0.26
v 4.7294515 -30.4347218 1.0000000 0.13 0.19 0.26
v 4.6440570 -29.8407898 14.0000000 0.13 0.19 0.26
v 4.7294515 -30.4347218 14.0000000 0.13 0.19 0.26
v 2.5034069 30.0960621 1.0000000 0.13 0.19 0.26
v 2.5034069 30.0960621 14.0000000 0.13 0.19 0.26
v 3.9511820 29.9404102 1.0000000 0.13 0.19 0.26
v 3.4694450 30.0000492 1.0000000 0.13 0.19 0.26
v 2.9868118 30.0519376 1.0000000 0.13 0.19 0.26
v 3.9511820 29.9404102 14.0000000 0.13 0.19 0.26
v 3.4694450 30.0000492 14.0000000 0.13 0.19 0.26
v 2.9868118 30.0519376 14.0000000 0.13 0.19 0.26
v 4.7294515 -30.4347218 14.0000000 0.13 0.19 0.26
v 4.7294515 -30.4347218 1.0000000 0.13 0.19 0.26
v 4.4987469 -30.4696780 1.0000000 0.13 0.19 0.26
v 4.2677842 -30.5028854 1.0000000 0.13 0.19 0.26
v 4.0365765 -30.5343421 1.0000000 0.13 0.19 0.26
v 4.0365765 -30.5343421 14.0000000 0.13 0.19 0.26
v 4.2677842 -30.5028854 14.0000000 0.13 0.19 0.26
v 4.4987469 -30.4696780 14.0000000 0.13 0.19 0.26
v 2.5034069 30.0960621 1.0000000 0.13 0.19 0.26
v 2.5462132 30.6945728 1.0000000 0.13 0.19 0.26
v 2.5034069 30.0960621 14.0000000 0.13 0.19 0.26
v 2.5462132 30.6945728 14.0000000 0.13 0.19 0.26
v 3.9511820 -29.9404102 1.0000000 0.13 0.19 0.26
v 4.0365765 -30.5343421 1.0000000 0.13 0.19 0.26
v 3.9511820 -29.9404102 14.0000000 0.13 0.19 0.26
v 4.0365765 -30.5343421 14.0000000 0.13 0.19 0.26
v 1.8479967 30.7445102 1.0000000 0.13 0.19 0.26
v 2.0808594 30.7296278 1.0000000 0.13 0.19 0.26
v 2.3136027 30.7129817 1.0000000 0.13 0.19 0.26
v 2.5462132 30.6945728 1.0000000 0.13 0.19 0.26
v 2.5462132 30.6945728 14.0000000 0.13 0.19 0.26
v 2.3136027 30.7129817 14.0000000 0.13 0.19 0.26
v 2.0808594 30.7296278 14.0000000 0.13 0.19 0.26
v 1.8479967 30.7445102 14.0000000 0.13 0.19 0.26
v 3.9511820 -29.9404102 1.0000000 0.13 0.19 0.26
v 3.9511820 -29.9404102 14.0000000 0.13 0.19 0.26
v 2.5034069 -30.0960621 1.0000000 0.13 0.19 0.26
v 2.9868118 -30.0519376 1.0000000 0.13 0.19 0.26
v 3.4694450 -30.0000492 1.0000000 0.13 0.19 0.26
v 2.5034069 -30.0960621 14.0000000 0.13 0.19 0.26
v 2.9868118 -30.0519376 14.0000000 0.13 0.19 0.26
v 3.4694450 -30.0000492 14.0000000 0.13 0.19 0.26
v 1.8051904 30.1459995 1.0000000 0.13 0.19 0.26
v 1.8479967 30.7445102 1.0000000 0.13 0.19 0.26
v 1.8051904 30.1459995 14.0000000 0.13 0.19 0.26
v 1.8479967 30.7445102 14.0000000 0.13 0.19 0.26
v 2.5034069 -30.0960621 1.0000000 0.13 0.19 0.26
v 2.5462132 -30.6945728 1.0000000 0.13 0.19 0.26
v 2.5034069 -30.0960621 14.0000000 0.13 0.19 0.26
v 2.5462132 -30.6945728 14.0000000 0.13 0.19 0.26
v 0.3500000 30.1979718 1.0000000 0.13 0.19 0.26
v 0.3500000 30.1979718 14.0000000 0.13 0.19 0.26
v 1.8051904 30.1459995 1.0000000 0.13 0.19 0.26
v 1.3204263 30.1711199 1.0000000 0.13 0.19 0.26
v 0.8353210 30.1884455 1.0000000 0.13 0.19 0.26
v 1.8051904 30.1459995 14.0000000 0.13 0.19 0.26
v 1.3204263 30.1711199 14.0000000 0.13 0.19 0.26
v 0.8353210 30.1884455 14.0000000 0.13 0.19 0.26
v 2.5462132 -30.6945728 14.0000000 0.13 0.19 0.26
v 2.5462132 -30.6945728 1.0000000 0.13 0.19 0.26
v 2.3136027 -30.7129817 1.0000000 0.13 0.19 0.26
v 2.0808594 -30.7296278 1.0000000 0.13 0.19 0.26
v 1.8479967 -30.7445102 1.0000000 0.13 0.19 0.26
v 1.8479967 -30.7445102 14.0000000 0.13 0.19 0.26
v 2.0808594 -30.7296278 14.0000000 0.13 0.19 0.26
v 2.3136027 -30.7129817 14.0000000 0.13 0.19 0.26
v 0.3500000 30.1979718 1.0000000 0.13 0.19 0.26
v 0.3500000 30.7980113 1.0000000 0.13 0.19 0.26
v 0.3500000 30.1979718 14.0000000 0.13 0.19 0.26
v 0.3500000 30.7980113 14.0000000 0.13 0.19 0.26
v 1.8051904 -30.1459995 1.0000000 0.13 0.19 0.26
v 1.8479967 -30.7445102 1.0000000 0.13 0.19 0.26
v 1.8051904 -30.1459995 14.0000000 0.13 0.19 0.26
v 1.8479967 -30.7445102 14.0000000 0.13 0.19 0.26
v -0.3500000 30.7980113 1.0000000 0.13 0.19 0.26
v -0.1166689 30.7997790 1.0000000 0.13 0.19 0.26
v 0.1166689 30.7997790 1.0000000 0.13 0.19 0.26
v 0.3500000 30.7980113 1.0000000 0.13 0.19 0.26
v 0.3500000 30.7980113 14.0000000 0.13 0.19 0.26
v 0.1166689 30.7997790 14.0000000 0.13 0.19 0.26
v -0.1166689 30.7997790 14.0000000 0.13 0.19 0.26
v -0.3500000 30.7980113 14.0000000 0.13 0.19 0.26
v 1.8051904 -30.1459995 1.0000000 0.13 0.19 0.26
v 1.8051904 -30.1459995 14.0000000 0.13 0.19 0.26
v 0.3500000 -30.1979718 1.0000000 0.13 0.19 0.26
v 0.8353210 -30.1884455 1.0000000 0.13 0.19 0.26
v 1.3204263 -30.1711199 1.0000000 0.13 0.19 0.26
v 0.3500000 -30.1979718 14.0000000 0.13 0.19 0.26
v 0.8353210 -30.1884455 14.0000000 0.13 0.19 0.26
v 1.3204263 -30.1711199 14.0000000 0.13 0.19 0.26
v -0.3500000 30.1979718 1.0000000 0.13 0.19 0.26
v -0.3500000 30.7980113 1.0000000 0.13 0.19 0.26
v -0.3500000 30.1979718 14.0000000 0.13 0.19 0.26
v -0.3500000 30.7980113 14.0000000 0.13 0.19 0.26
v 0.3500000 -30.1979718 1.0000000 0.13 0.19 0.26
v 0.3500000 -30.7980113 1.0000000 0.13 0.19 0.26
v 0.3500000 -30.1979718 14.0000000 0.13 0.19 0.26
v 0.3500000 -30.7980113 14.0000000 0.13 0.19 0.26
v -1.8051904 30.1459995 1.0000000 0.13 0.19 0.26
v -1.8051904 30.1459995 14.0000000 0.13 0.19 0.26
v -0.3500000 30.1979718 1.0000000 0.13 0.19 0.26
v -0.8353210 30.1884455 1.0000000 0.13 0.19 0.26
v -1.3204263 30.1711199 1.0000000 0.13 0.19 0.26
v -0.3500000 30.1979718 14.0000000 0.13 0.19 0.26
v -0.8353210 30.1884455 14.0000000 0.13 0.19 0.26
v -1.3204263 30.1711199 14.0000000 0.13 0.19 0.26
v 0.3500000 -30.7980113 14.0000000 0.13 0.19 0.26
v 0.3500000 -30.7980113 1.0000000 0.13 0.19 0.26
v 0.1166689 -30.7997790 1.0000000 0.13 0.19 0.26
v -0.1166689 -30.7997790 1.0000000 0.13 0.19 0.26
v -0.3500000 -30.7980113 1.0000000 0.13 0.19 0.26
v -0.3500000 -30.7980113 14.0000000 0.13 0.19 0.26
v -0.1166689 -30.7997790 14.0000000 0.13 0.19 0.26
v 0.1166689 -30.7997790 14.0000000 0.13 0.19 0.26
v -1.8051904 30.1459995 1.0000000 0.13 0.19 0.26
v -1.8479967 30.7445102 1.0000000 0.13 0.19 0.26
v -1.8051904 30.1459995 14.0000000 0.13 0.19 0.26
v -1.8479967 30.7445102 14.0000000 0.13 0.19 0.26
v -0.3500000 -30.1979718 1.0000000 0.13 0.19 0.26
v -0.3500000 -30.7980113 1.0000000 0.13 0.19 0.26
v -0.3500000 -30.1979718 14.0000000 0.13 0.19 0.26
v -0.3500000 -30.7980113 14.0000000 0.13 0.19 0.26
v -2.5462132 30.6945728 1.0000000 0.13 0.19 0.26
v -2.3136027 30.7129817 1.0000000 0.13 0.19 0.26
v -2.0808594 30.7296278 1.0000000 0.13 0.19 0.26
v -1.8479967 30.7445102 1.0000000 0.13 0.19 0.26
v -1.8479967 30.7445102 14.0000000 0.13 0.19 0.26
v -2.0808594 30.7296278 14.0000000 0.13 0.19 0.26
v -2.3136027 30.7129817 14.0000000 0.13 0.19 0.26
v -2.5462132 30.6945728 14.0000000 0.13 0.19 0.26
v -0.3500000 -30.1979718 1.0000000 0.13 0.19 0.26
v -0.3500000 -30.1979718 14.0000000 0.13 0.19 0.26
v -1.8051904 -30.1459995 1.0000000 0.13 0.19 0.26
v -1.3204263 -30.1711199 1.0000000 0.13 0.19 0.26
v -0.8353210 -30.1884455 1.0000000 0.13 0.19 0.26
v -1.8051904 -30.1459995 14.0000000 0.13 0.19 0.26
v -1.3204263 -30.1711199 14.0000000 0.13 0.19 0.26
v -0.8353210 -30.1884455 14.0000000 0.13 0.19 0.26
v -2.5034069 30.0960621 1.0000000 0.13 0.19 0.26
v -2.5462132 30.6945728 1.0000000 0.13 0.19 0.26
v -2.5034069 30.0960621 14.0000000 0.13 0.19 0.26
v -2.5462132 30.6945728 14.0000000 0.13 0.19 0.26
v -1.8051904 -30.1459995 1.0000000 0.13 0.19 0.26
v -1.8479967 -30.7445102 1.0000000 0.13 0.19 0.26
v -1.8051904 -30.1459995 14.0000000 0.13 0.19 0.26
v -1.8479967 -30.7445102 14.0000000 0.13 0.19 0.26
v -3.9511820 29.9404102 1.0000000 0.13 0.19 0.26
v -3.9511820 29.9404102 14.0000000 0.13 0.19 0.26
v -2.5034069 30.0960621 1.0000000 0.13 0.19 0.26
v -2.9868118 30.0519376 1.0000000 0.13 0.19 0.26
v -3.4694450 30.0000492 1.0000000 0.13 0.19 0.26
v -2.5034069 30.0960621 14.0000000 0.13 0.19 0.26
v -2.9868118 30.0519376 14.0000000 0.13 0.19 0.26
v -3.4694450 30.0000492 14.0000000 0.13 0.19 0.26
v -1.8479967 -30.7445102 14.0000000 0.13 0.19 0.26
v -1.8479967 -30.7445102 1.0000000 0.13 0.19 0.26
v -2.0808594 -30.7296278 1.0000000 0.13 0.19 0.26
v -2.3136027 -30.7129817 1.0000000 0.13 0.19 0.26
v -2.5462132 -30.6945728 1.0000000 0.13 0.19 0.26
v -2.5462132 -30.6945728 14.0000000 0.13 0.19 0.26
v -2.3136027 -30.7129817 14.0000000 0.13 0.19 0.26
v -2.0808594 -30.7296278 14.0000000 0.13 0.19 0.26
v -3.9511820 29.9404102 1.0000000 0.13 0.19 0.26
v -4.0365765 30.5343421 1.0000000 0.13 0.19 0.26
v -3.9511820 29.9404102 14.0000000 0.13 0.19 0.26
v -4.0365765 30.5343421 14.0000000 0.13 0.19 0.26
v -2.5034069 -30.0960621 1.0000000 0.13 0.19 0.26
v -2.5462132 -30.6945728 1.0000000 0.13 0.19 0.26
v -2.5034069 -30.0960621 14.0000000 0.13 0.19 0.26
v -2.5462132 -30.6945728 14.0000000 0.13 0.19 0.26
v -4.7294515 30.4347218 1.0000000 0.13 0.19 0.26
v -4.4987469 30.4696780 1.0000000 0.13 0.19 0.26
v -4.2677842 30.5028854 1.0000000 0.13 0.19 0.26
v -4.0365765 30.5343421 1.0000000 0.13 0.19 0.26
v -4.0365765 30.5343421 14.0000000 0.13 0.19 0.26
v -4.2677842 30.5028854 14.0000000 0.13 0.19 0.26
v -4.4987469 30.4696780 14.0000000 0.13 0.19 0.26
v -4.7294515 30.4347218 14.0000000 0.13 0.19 0.26
v -2.5034069 -30.0960621 1.0000000 0.13 0.19 0.26
v -2.5034069 -30.0960621 14.0000000 0.13 0.19 0.26
v -3.9511820 -29.9404102 1.0000000 0.13 0.19 0.26
v -3.4694450 -30.0000492 1.0000000 0.13 0.19 0.26
v -2.9868118 -30.0519376 1.0000000 0.13 0.19 0.26
v -3.9511820 -29.9404102 14.0000000 0.13 0.19 0.26
v -3.4694450 -30.0000492 14.0000000 0.13 0.19 0.26
v -2.9868118 -30.0519376 14.0000000 0.13 0.19 0.26
v -4.6440570 29.8407898 1.0000000 0.13 0.19 0.26
v -4.7294515 30.4347218 1.0000000 0.13 0.19 0.26
v -4.6440570 29.8407898 14.0000000 0.13 0.19 0.26
v -4.7294515 30.4347218 14.0000000 0.13 0.19 0.26
v -3.9511820 -29.9404102 1.0000000 0.13 0.19 0.26
v -4.0365765 -30.5343421 1.0000000 0.13 0.19 0.26
v -3.9511820 -29.9404102 14.0000000 0.13 0.19 0.26
v -4.0365765 -30.5343421 14.0000000 0.13 0.19 0.26
v -6.0770392 29.5822513 1.0000000 0.13 0.19 0.26
v -6.0770392 29.5822513 14.0000000 0.13 0.19 0.26
v -4.6440570 29.8407898 1.0000000 0.13 0.19 0.26
v -5.1230824 29.7622920 1.0000000 0.13 0.19 0.26
v -5.6007843 29.6761051 1.0000000 0.13 0.19 0.26
v -4.6440570 29.8407898 14.0000000 0.13 0.19 0.26
v -5.1230824 29.7622920 14.0000000 0.13 0.19 0.26
v -5.6007843 29.6761051 14.0000000 0.13 0.19 0.26
v -4.0365765 -30.5343421 14.0000000 0.13 0.19 0.26
v -4.0365765 -30.5343421 1.0000000 0.13 0.19 0.26
v -4.2677842 -30.5028854 1.0000000 0.13 0.19 0.26
v -4.4987469 -30.4696780 1.0000000 0.13 0.19 0.26
v -4.7294515 -30.4347218 1.0000000 0.13 0.19 0.26
v -4.7294515 -30.4347218 14.0000000 0.13 0.19 0.26
v -4.4987469 -30.4696780 14.0000000 0.13 0.19 0.26
v -4.2677842 -30.5028854 14.0000000 0.13 0.19 0.26
v -6.0770392 29.5822513 1.0000000 0.13 0.19 0.26
v -6.2045868 30.1685781 1.0000000 0.13 0.19 0.26
v -6.0770392 29.5822513 14.0000000 0.13 0.19 0.26
v -6.2045868 30.1685781 14.0000000 0.13 0.19 0.26
v -4.6440570 -29.8407898 1.0000000 0.13 0.19 0.26
v -4.7294515 -30.4347218 1.0000000 0.13 0.19 0.26
v -4.6440570 -29.8407898 14.0000000 0.13 0.19 0.26
v -4.7294515 -30.4347218 14.0000000 0.13 0.19 0.26
v -6.8885896 30.0197824 1.0000000 0.13 0.19 0.26
v -6.6609666 30.0711078 1.0000000 0.13 0.19 0.26
v -6.4329613 30.1207073 1.0000000 0.13 0.19 0.26
v -6.2045868 30.1685781 1.0000000 0.13 0.19 0.26
v -6.2045868 30.1685781 14.0000000 0.13 0.19 0.26
v -6.4329613 30.1207073 14.0000000 0.13 0.19 0.26
v -6.6609666 30.0711078 14.0000000 0.13 0.19 0.26
v -6.8885896 30.0197824 14.0000000 0.13 0.19 0.26
v -4.6440570 -29.8407898 1.0000000 0.13 0.19 0.26
v -4.6440570 -29.8407898 14.0000000 0.13 0.19 0.26
v -6.0770392 -29.5822513 1.0000000 0.13 0.19 0.26
v -5.6007843 -29.6761051 1.0000000 0.13 0.19 0.26
v -5.1230824 -29.7622920 1.0000000 0.13 0.19 0.26
v -6.0770392 -29.5822513 14.0000000 0.13 0.19 0.26
v -5.6007843 -29.6761051 14.0000000 0.13 0.19 0.26
v -5.1230824 -29.7622920 14.0000000 0.13 0.19 0.26
v -6.7610420 29.4334556 1.0000000 0.13 0.19 0.26
v -6.8885896 30.0197824 1.0000000 0.13 0.19 0.26
v -6.7610420 29.4334556 14.0000000 0.13 0.19 0.26
v -6.8885896 30.0197824 14.0000000 0.13 0.19 0.26
v -6.0770392 -29.5822513 1.0000000 0.13 0.19 0.26
v -6.2045868 -30.1685781 1.0000000 0.13 0.19 0.26
v -6.0770392 -29.5822513 14.0000000 0.13 0.19 0.26
v -6.2045868 -30.1685781 14.0000000 0.13 0.19 0.26
v -8.1719293 29.0733481 1.0000000 0.13 0.19 0.26
v -8.1719293 29.0733481 14.0000000 0.13 0.19 0.26
v -6.7610420 29.4334556 1.0000000 0.13 0.19 0.26
v -7.2332470 29.3209846 1.0000000 0.13 0.19 0.26
v -7.7035832 29.2009384 1.0000000 0.13 0.19 0.26
v -6.7610420 29.4334556 14.0000000 0.13 0.19 0.26
v -7.2332470 29.3209846 14.0000000 0.13 0.19 0.26
v -7.7035832 29.2009384 14.0000000 0.13 0.19 0.26
v -6.2045868 -30.1685781 14.0000000 0.13 0.19 0.26
v -6.2045868 -30.1685781 1.0000000 0.13 0.19 0.26
v -6.4329613 -30.1207073 1.0000000 0.13 0.19 0.26
v -6.6609666 -30.0711078 1.0000000 0.13 0.19 0.26
v -6.8885896 -30.0197824 1.0000000 0.13 0.19 0.26
v -6.8885896 -30.0197824 14.0000000 0.13 0.19 0.26
v -6.6609666 -30.0711078 14.0000000 0.13 0.19 0.26
v -6.4329613 -30.1207073 14.0000000 0.13 0.19 0.26
v -8.1719293 29.0733481 1.0000000 0.13 0.19 0.26
v -8.3409799 29.6490818 1.0000000 0.13 0.19 0.26
v -8.1719293 29.0733481 14.0000000 0.13 0.19 0.26
v -8.3409799 29.6490818 14.0000000 0.13 0.19 0.26
v -6.7610420 -29.4334556 1.0000000 0.13 0.19 0.26
v -6.8885896 -30.0197824 1.0000000 0.13 0.19 0.26
v -6.7610420 -29.4334556 14.0000000 0.13 0.19 0.26
v -6.8885896 -30.0197824 14.0000000 0.13 0.19 0.26
v -9.0126250 29.4518690 1.0000000 0.13 0.19 0.26
v -8.7892435 29.5193021 1.0000000 0.13 0.19 0.26
v -8.5653575 29.5850410 1.0000000 0.13 0.19 0.26
v -8.3409799 29.6490818 1.0000000 0.13 0.19 0.26
v -8.3409799 29.6490818 14.0000000 0.13 0.19 0.26
v -8.5653575 29.5850410 14.0000000 0.13 0.19 0.26
v -8.7892435 29.5193021 14.0000000 0.13 0.19 0.26
v -9.0126250 29.4518690 14.0000000 0.13 0.19 0.26
v -6.7610420 -29.4334556 1.0000000 0.13 0.19 0.26
v -6.7610420 -29.4334556 14.0000000 0.13 0.19 0.26
v -8.1719293 -29.0733481 1.0000000 0.13 0.19 0.26
v -7.7035832 -29.2009384 1.0000000 0.13 0.19 0.26
v -7.2332470 -29.3209846 1.0000000 0.13 0.19 0.26
v -8.1719293 -29.0733481 14.0000000 0.13 0.19 0.26
v -7.7035832 -29.2009384 14.0000000 0.13 0.19 0.26
v -7.2332470 -29.3209846 14.0000000 0.13 0.19 0.26
v -8.8435743 28.8761354 1.0000000 0.13 0.19 0.26
v -9.0126250 29.4518690 1.0000000 0.13 0.19 0.26
v -8.8435743 28.8761354 14.0000000 0.13 0.19 0.26
v -9.0126250 29.4518690 14.0000000 0.13 0.19 0.26
v -8.1719293 -29.0733481 1.0000000 0.13 0.19 0.26
v -8.3409799 -29.6490818 1.0000000 0.13 0.19 0.26
v -8.1719293 -29.0733481 14.0000000 0.13 0.19 0.26
v -8.3409799 -29.6490818 14.0000000 0.13 0.19 0.26
v -10.2251770 28.4162938 1.0000000 0.13 0.19 0.26
v -10.2251770 28.4162938 14.0000000 0.13 0.19 0.26
v -8.8435743 28.8761354 1.0000000 0.13 0.19 0.26
v -9.3065526 28.7302642 1.0000000 0.13 0.19 0.26
v -9.7671265 28.5769704 1.0000000 0.13 0.19 0.26
v -8.8435743 28.8761354 14.0000000 0.13 0.19 0.26
v -9.3065526 28.7302642 14.0000000 0.13 0.19 0.26
v -9.7671265 28.5769704 14.0000000 0.13 0.19 0.26
v -8.3409799 -29.6490818 14.0000000 0.13 0.19 0.26
v -8.3409799 -29.6490818 1.0000000 0.13 0.19 0.26
v -8.5653575 -29.5850410 1.0000000 0.13 0.19 0.26
v -8.7892435 -29.5193021 1.0000000 0.13 0.19 0.26
v -9.0126250 -29.4518690 1.0000000 0.13 0.19 0.26
v -9.0126250 -29.4518690 14.0000000 0.13 0.19 0.26
v -8.7892435 -29.5193021 14.0000000 0.13 0.19 0.26
v -8.5653575 -29.5850410 14.0000000 0.13 0.19 0.26
v -10.2251770 28.4162938 1.0000000 0.13 0.19 0.26
v -10.4348693 28.9785007 1.0000000 0.13 0.19 0.26
v -10.2251770 28.4162938 14.0000000 0.13 0.19 0.26
v -10.4348693 28.9785007 14.0000000 0.13 0.19 0.26
v -8.8435743 -28.8761354 1.0000000 0.13 0.19 0.26
v -9.0126250 -29.4518690 1.0000000 0.13 0.19 0.26
v -8.8435743 -28.8761354 14.0000000 0.13 0.19 0.26
v -9.0126250 -29.4518690 14.0000000 0.13 0.19 0.26
v -11.0907342 28.7338758 1.0000000 0.13 0.19 0.26
v -10.8727324 28.8170729 1.0000000 0.13 0.19 0.26
v -10.6541066 28.8986161 1.0000000 0.13 0.19 0.26
v -10.4348693 28.9785007 1.0000000 0.13 0.19 0.26
v -10.4348693 28.9785007 14.0000000 0.13 0.19 0.26
v -10.6541066 28.8986161 14.0000000 0.13 0.19 0.26
v -10.8727324 28.8170729 14.0000000 0.13 0.19 0.26
v -11.0907342 28.7338758 14.0000000 0.13 0.19 0.26
v -8.8435743 -28.8761354 1.0000000 0.13 0.19 0.26
v -8.8435743 -28.8761354 14.0000000 0.13 0.19 0.26
v -10.2251770 -28.4162938 1.0000000 0.13 0.19 0.26
v -9.7671265 -28.5769704 1.0000000 0.13 0.19 0.26
v -9.3065526 -28.7302642 1.0000000 0.13 0.19 0.26
v -10.2251770 -28.4162938 14.0000000 0.13 0.19 0.26
v -9.7671265 -28.5769704 14.0000000 0.13 0.19 0.26
v -9.3065526 -28.7302642 14.0000000 0.13 0.19 0.26
v -10.8810418 28.1716689 1.0000000 0.13 0.19 0.26
v -11.0907342 28.7338758 1.0000000 0.13 0.19 0.26
v -10.8810418 28.1716689 14.0000000 0.13 0.19 0.26
v -11.0907342 28.7338758 14.0000000 0.13 0.19 0.26
v -10.2251770 -28.4162938 1.0000000 0.13 0.19 0.26
v -10.4348693 -28.9785007 1.0000000 0.13 0.19 0.26
v -10.2251770 -28.4162938 14.0000000 0.13 0.19 0.26
v -10.4348693 -28.9785007 14.0000000 0.13 0.19 0.26
v -12.2263196 27.6144366 1.0000000 0.13 0.19 0.26
v -12.2263196 27.6144366 14.0000000 0.13 0.19 0.26
v -10.8810418 28.1716689 1.0000000 0.13 0.19 0.26
v -11.3324342 27.9931409 1.0000000 0.13 0.19 0.26
v -11.7808987 27.8073808 1.0000000 0.13 0.19 0.26
v -10.8810418 28.1716689 14.0000000 0.13 0.19 0.26
v -11.3324342 27.9931409 14.0000000 0.13 0.19 0.26
v -11.7808987 27.8073808 14.0000000 0.13 0.19 0.26
v -10.4348693 -28.9785007 14.0000000 0.13 0.19 0.26
v -10.4348693 -28.9785007 1.0000000 0.13 0.19 0.26
v -10.6541066 -28.8986161 1.0000000 0.13 0.19 0.26
v -10.8727324 -28.8170729 1.0000000 0.13 0.19 0.26
v -11.0907342 -28.7338758 1.0000000 0.13 0.19 0.26
v -11.0907342 -28.7338758 14.0000000 0.13 0.19 0.26
v -10.8727324 -28.8170729 14.0000000 0.13 0.19 0.26
v -10.6541066 -28.8986161 14.0000000 0.13 0.19 0.26
v -12.2263196 27.6144366 1.0000000 0.13 0.19 0.26
v -12.4755851 28.1602517 1.0000000 0.13 0.19 0.26
v -12.2263196 27.6144366 14.0000000 0.13 0.19 0.26
v -12.4755851 28.1602517 14.0000000 0.13 0.19 0.26
v -10.8810418 -28.1716689 1.0000000 0.13 0.19 0.26
v -11.0907342 -28.7338758 1.0000000 0.13 0.19 0.26
v -10.8810418 -28.1716689 14.0000000 0.13 0.19 0.26
v -11.0907342 -28.7338758 14.0000000 0.13 0.19 0.26
v -13.1123275 27.8694612 1.0000000 0.13 0.19 0.26
v -12.9008164 27.9679984 1.0000000 0.13 0.19 0.26
v -12.6885648 28.0649305 1.0000000 0.13 0.19 0.26
v -12.4755851 28.1602517 1.0000000 0.13 0.19 0.26
v -12.4755851 28.1602517 14.0000000 0.13 0.19 0.26
v -12.6885648 28.0649305 14.0000000 0.13 0.19 0.26
v -12.9008164 27.9679984 14.0000000 0.13 0.19 0.26
v -13.1123275 27.8694612 14.0000000 0.13 0.19 0.26
v -10.8810418 -28.1716689 1.0000000 0.13 0.19 0.26
v -10.8810418 -28.1716689 14.0000000 0.13 0.19 0.26
v -12.2263196 -27.6144366 1.0000000 0.13 0.19 0.26
v -11.7808987 -27.8073808 1.0000000 0.13 0.19 0.26
v -11.3324342 -27.9931409 1.0000000 0.13 0.19 0.26
v -12.2263196 -27.6144366 14.0000000 0.13 0.19 0.26
v -11.7808987 -27.8073808 14.0000000 0.13 0.19 0.26
v -11.3324342 -27.9931409 14.0000000 0.13 0.19 0.26
v -12.8630620 27.3236461 1.0000000 0.13 0.19 0.26
v -13.1123275 27.8694612 1.0000000 0.13 0.19 0.26
v -12.8630620 27.3236461 14.0000000 0.13 0.19 0.26
v -13.1123275 27.8694612 14.0000000 0.13 0.19 0.26
v -12.2263196 -27.6144366 1.0000000 0.13 0.19 0.26
v -12.4755851 -28.1602517 1.0000000 0.13 0.19 0.26
v -12.2263196 -27.6144366 14.0000000 0.13 0.19 0.26
v -12.4755851 -28.1602517 14.0000000 0.13 0.19 0.26
v -14.1651597 26.6718625 1.0000000 0.13 0.19 0.26
v -14.1651597 26.6718625 14.0000000 0.13 0.19 0.26
v -12.8630620 27.3236461 1.0000000 0.13 0.19 0.26
v -13.3005682 27.1133710 1.0000000 0.13 0.19 0.26
v -13.7346382 26.8960911 1.0000000 0.13 0.19 0.26
v -12.8630620 27.3236461 14.0000000 0.13 0.19 0.26
v -13.3005682 27.1133710 14.0000000 0.13 0.19 0.26
v -13.7346382 26.8960911 14.0000000 0.13 0.19 0.26
v -12.4755851 -28.1602517 14.0000000 0.13 0.19 0.26
v -12.4755851 -28.1602517 1.0000000 0.13 0.19 0.26
v -12.6885648 -28.0649305 1.0000000 0.13 0.19 0.26
v -12.9008164 -27.9679984 1.0000000 0.13 0.19 0.26
v -13.1123275 -27.8694612 1.0000000 0.13 0.19 0.26
v -13.1123275 -27.8694612 14.0000000 0.13 0.19 0.26
v -12.9008164 -27.9679984 14.0000000 0.13 0.19 0.26
v -12.6885648 -28.0649305 14.0000000 0.13 0.19 0.26
v -14.1651597 26.6718625 1.0000000 0.13 0.19 0.26
v -14.4527281 27.1985046 1.0000000 0.13 0.19 0.26
v -14.1651597 26.6718625 14.0000000 0.13 0.19 0.26
v -14.4527281 27.1985046 14.0000000 0.13 0.19 0.26
v -12.8630620 -27.3236461 1.0000000 0.13 0.19 0.26
v -13.1123275 -27.8694612 1.0000000 0.13 0.19 0.26
v -12.8630620 -27.3236461 14.0000000 0.13 0.19 0.26
v -13.1123275 -27.8694612 14.0000000 0.13 0.19 0.26
v -15.0671034 26.8630303 1.0000000 0.13 0.19 0.26
v -14.8631607 26.9764055 1.0000000 0.13 0.19 0.26
v -14.6583651 27.0882324 1.0000000 0.13 0.19 0.26
v -14.4527281 27.1985046 1.0000000 0.13 0.19 0.26
v -14.4527281 27.1985046 14.0000000 0.13 0.19 0.26
v -14.6583651 27.0882324 14.0000000 0.13 0.19 0.26
v -14.8631607 26.9764055 14.0000000 0.13 0.19 0.26
v -15.0671034 26.8630303 14.0000000 0.13 0.19 0.26
v -12.8630620 -27.3236461 1.0000000 0.13 0.19 0.26
v -12.8630620 -27.3236461 14.0000000 0.13 0.19 0.26
v -14.1651597 -26.6718625 1.0000000 0.13 0.19 0.26
v -13.7346382 -26.8960911 1.0000000 0.13 0.19 0.26
v -13.3005682 -27.1133710 1.0000000 0.13 0.19 0.26
v -14.1651597 -26.6718625 14.0000000 0.13 0.19 0.26
v -13.7346382 -26.8960911 14.0000000 0.13 0.19 0.26
v -13.3005682 -27.1133710 14.0000000 0.13 0.19 0.26
v -14.7795350 26.3363882 1.0000000 0.13 0.19 0.26
v -15.0671034 26.8630303 1.0000000 0.13 0.19 0.26
v -14.7795350 26.3363882 14.0000000 0.13 0.19 0.26
v -15.0671034 26.8630303 14.0000000 0.13 0.19 0.26
v -14.1651597 -26.6718625 1.0000000 0.13 0.19 0.26
v -14.4527281 -27.1985046 1.0000000 0.13 0.19 0.26
v -14.1651597 -26.6718625 14.0000000 0.13 0.19 0.26
v -14.4527281 -27.1985046 14.0000000 0.13 0.19 0.26
v -16.0318174 25.5933747 1.0000000 0.13 0.19 0.26
v -16.0318174 25.5933747 14.0000000 0.13 0.19 0.26
v -14.7795350 26.3363882 1.0000000 0.13 0.19 0.26
v -15.2009256 26.0954375 1.0000000 0.13 0.19 0.26
v -15.6183890 25.8477450 1.0000000 0.13 0.19 0.26
v -14.7795350 26.3363882 14.0000000 0.13 0.19 0.26
v -15.2009256 26.0954375 14.0000000 0.13 0.19 0.26
v -15.6183890 25.8477450 14.0000000 0.13 0.19 0.26
v -14.4527281 -27.1985046 14.0000000 0.13 0.19 0.26
v -14.4527281 -27.1985046 1.0000000 0.13 0.19 0.26
v -14.6583651 -27.0882324 1.0000000 0.13 0.19 0.26
v -14.8631607 -26.9764055 1.0000000 0.13 0.19 0.26
v -15.0671034 -26.8630303 1.0000000 0.13 0.19 0.26
v -15.0671034 -26.8630303 14.0000000 0.13 0.19 0.26
v -14.8631607 -26.9764055 14.0000000 0.13 0.19 0.26
v -14.6583651 -27.0882324 14.0000000 0.13 0.19 0.26
v -16.0318174 25.5933747 1.0000000 0.13 0.19 0.26
v -16.3562233 26.0981601 1.0000000 0.13 0.19 0.26
v -16.0318174 25.5933747 14.0000000 0.13 0.19 0.26
v -16.3562233 26.0981601 14.0000000 0.13 0.19 0.26
v -14.7795350 -26.3363882 1.0000000 0.13 0.19 0.26
v -15.0671034 -26.8630303 1.0000000 0.13 0.19 0.26
v -14.7795350 -26.3363882 14.0000000 0.13 0.19 0.26
v -15.0671034 -26.8630303 14.0000000 0.13 0.19 0.26
v -16.9451007 25.7197115 1.0000000 0.13 0.19 0.26
v -16.7497658 25.8473470 1.0000000 0.13 0.19 0.26
v -16.5534696 25.9734989 1.0000000 0.13 0.19 0.26
v -16.3562233 26.0981601 1.0000000 0.13 0.19 0.26
v -16.3562233 26.0981601 14.0000000 0.13 0.19 0.26
v -16.5534696 25.9734989 14.0000000 0.13 0.19 0.26
v -16.7497658 25.8473470 14.0000000 0.13 0.19 0.26
v -16.9451007 25.7197115 14.0000000 0.13 0.19 0.26
v -14.7795350 -26.3363882 1.0000000 0.13 0.19 0.26
v -14.7795350 -26.3363882 14.0000000 0.13 0.19 0.26
v -16.0318174 -25.5933747 1.0000000 0.13 0.19 0.26
v -15.6183890 -25.8477450 1.0000000 0.13 0.19 0.26
v -15.2009256 -26.0954375 1.0000000 0.13 0.19 0.26
v -16.0318174 -25.5933747 14.0000000 0.13 0.19 0.26
v -15.6183890 -25.8477450 14.0000000 0.13 0.19 0.26
v -15.2009256 -26.0954375 14.0000000 0.13 0.19 0.26
v -16.6206949 25.2149262 1.0000000 0.13 0.19 0.26
v -16.9451007 25.7197115 1.0000000 0.13 0.19 0.26
v -16.6206949 25.2149262 14.0000000 0.13 0.19 0.26
v -16.9451007 25.7197115 14.0000000 0.13 0.19 0.26
v -16.0318174 -25.5933747 1.0000000 0.13 0.19 0.26
v -16.3562233 -26.0981601 1.0000000 0.13 0.19 0.26
v -16.0318174 -25.5933747 14.0000000 0.13 0.19 0.26
v -16.3562233 -26.0981601 14.0000000 0.13 0.19 0.26
v -17.8167806 24.3844690 1.0000000 0.13 0.19 0.26
v -17.8167806 24.3844690 14.0000000 0.13 0.19 0.26
v -16.6206949 25.2149262 1.0000000 0.13 0.19 0.26
v -17.0238226 24.9445277 1.0000000 0.13 0.19 0.26
v -17.4225522 24.6676848 1.0000000 0.13 0.19 0.26
v -16.6206949 25.2149262 14.0000000 0.13 0.19 0.26
v -17.0238226 24.9445277 14.0000000 0.13 0.19 0.26
v -17.4225522 24.6676848 14.0000000 0.13 0.19 0.26
v -16.3562233 -26.0981601 14.0000000 0.13 0.19 0.26
v -16.3562233 -26.0981601 1.0000000 0.13 0.19 0.26
v -16.5534696 -25.9734989 1.0000000 0.13 0.19 0.26
v -16.7497658 -25.8473470 1.0000000 0.13 0.19 0.26
v -16.9451007 -25.7197115 1.0000000 0.13 0.19 0.26
v -16.9451007 -25.7197115 14.0000000 0.13 0.19 0.26
v -16.7497658 -25.8473470 14.0000000 0.13 0.19 0.26
v -16.5534696 -25.9734989 14.0000000 0.13 0.19 0.26
v -17.8167806 24.3844690 1.0000000 0.13 0.19 0.26
v -18.1763709 24.8648254 1.0000000 0.13 0.19 0.26
v -17.8167806 24.3844690 14.0000000 0.13 0.19 0.26
v -18.1763709 24.8648254 14.0000000 0.13 0.19 0.26
v -16.6206949 -25.2149262 1.0000000 0.13 0.19 0.26
v -16.9451007 -25.7197115 1.0000000 0.13 0.19 0.26
v -16.6206949 -25.2149262 14.0000000 0.13 0.19 0.26
v -16.9451007 -25.7197115 14.0000000 0.13 0.19 0.26
v -18.7367498 24.4453310 1.0000000 0.13 0.19 0.26
v -18.5510180 24.5865763 1.0000000 0.13 0.19 0.26
v -18.3642214 24.7264104 1.0000000 0.13 0.19 0.26
v -18.1763709 24.8648254 1.0000000 0.13 0.19 0.26
v -18.1763709 24.8648254 14.0000000 0.13 0.19 0.26
v -18.3642214 24.7264104 14.0000000 0.13 0.19 0.26
v -18.5510180 24.5865763 14.0000000 0.13 0.19 0.26
v -18.7367498 24.4453310 14.0000000 0.13 0.19 0.26
v -16.6206949 -25.2149262 1.0000000 0.13 0.19 0.26
v -16.6206949 -25.2149262 14.0000000 0.13 0.19 0.26
v -17.8167806 -24.3844690 1.0000000 0.13 0.19 0.26
v -17.4225522 -24.6676848 1.0000000 0.13 0.19 0.26
v -17.0238226 -24.9445277 1.0000000 0.13 0.19 0.26
v -17.8167806 -24.3844690 14.0000000 0.13 0.19 0.26
v -17.4225522 -24.6676848 14.0000000 0.13 0.19 0.26
v -17.0238226 -24.9445277 14.0000000 0.13 0.19 0.26
v -18.3771595 23.9649746 1.0000000 0.13 0.19 0.26
v -18.7367498 24.4453310 1.0000000 0.13 0.19 0.26
v -18.3771595 23.9649746 14.0000000 0.13 0.19 0.26
v -18.7367498 24.4453310 14.0000000 0.13 0.19 0.26
v -17.8167806 -24.3844690 1.0000000 0.13 0.19 0.26
v -18.1763709 -24.8648254 1.0000000 0.13 0.19 0.26
v -17.8167806 -24.3844690 14.0000000 0.13 0.19 0.26
v -18.1763709 -24.8648254 14.0000000 0.13 0.19 0.26
v -19.5109536 23.0513056 1.0000000 0.13 0.19 0.26
v -19.5109536 23.0513056 14.0000000 0.13 0.19 0.26
v -18.3771595 23.9649746 1.0000000 0.13 0.19 0.26
v -18.7599701 23.6665063 1.0000000 0.13 0.19 0.26
v -19.1379340 23.3619238 1.0000000 0.13 0.19 0.26
v -18.3771595 23.9649746 14.0000000 0.13 0.19 0.26
v -18.7599701 23.6665063 14.0000000 0.13 0.19 0.26
v -19.1379340 23.3619238 14.0000000 0.13 0.19 0.26
v -18.1763709 -24.8648254 14.0000000 0.13 0.19 0.26
v -18.1763709 -24.8648254 1.0000000 0.13 0.19 0.26
v -18.3642214 -24.7264104 1.0000000 0.13 0.19 0.26
v -18.5510180 -24.5865763 1.0000000 0.13 0.19 0.26
v -18.7367498 -24.4453310 1.0000000 0.13 0.19 0.26
v -18.7367498 -24.4453310 14.0000000 0.13 0.19 0.26
v -18.5510180 -24.5865763 14.0000000 0.13 0.19 0.26
v -18.3642214 -24.7264104 14.0000000 0.13 0.19 0.26
v -19.5109536 23.0513056 1.0000000 0.13 0.19 0.26
v -19.9038959 23.5047852 1.0000000 0.13 0.19 0.26
v -19.5109536 23.0513056 14.0000000 0.13 0.19 0.26
v -19.9038959 23.5047852 14.0000000 0.13 0.19 0.26
v -18.3771595 -23.9649746 1.0000000 0.13 0.19 0.26
v -18.7367498 -24.4453310 1.0000000 0.13 0.19 0.26
v -18.3771595 -23.9649746 14.0000000 0.13 0.19 0.26
v -18.7367498 -24.4453310 14.0000000 0.13 0.19 0.26
v -20.4329206 23.0463827 1.0000000 0.13 0.19 0.26
v -20.2577384 23.2005180 1.0000000 0.13 0.19 0.26
v -20.0813934 23.3533218 1.0000000 0.13 0.19 0.26
v -19.9038959 23.5047852 1.0000000 0.13 0.19 0.26
v -19.9038959 23.5047852 14.0000000 0.13 0.19 0.26
v -20.0813934 23.3533218 14.0000000 0.13 0.19 0.26
v -20.2577384 23.2005180 14.0000000 0.13 0.19 0.26
v -20.4329206 23.0463827 14.0000000 0.13 0.19 0.26
v -18.3771595 -23.9649746 1.0000000 0.13 0.19 0.26
v -18.3771595 -23.9649746 14.0000000 0.13 0.19 0.26
v -19.5109536 -23.0513056 1.0000000 0.13 0.19 0.26
v -19.1379340 -23.3619238 1.0000000 0.13 0.19 0.26
v -18.7599701 -23.6665063 1.0000000 0.13 0.19 0.26
v -19.5109536 -23.0513056 14.0000000 0.13 0.19 0.26
v -19.1379340 -23.3619238 14.0000000 0.13 0.19 0.26
v -18.7599701 -23.6665063 14.0000000 0.13 0.19 0.26
v -20.0399783 22.5929031 1.0000000 0.13 0.19 0.26
v -20.4329206 23.0463827 1.0000000 0.13 0.19 0.26
v -20.0399783 22.5929031 14.0000000 0.13 0.19 0.26
v -20.4329206 23.0463827 14.0000000 0.13 0.19 0.26
v -19.5109536 -23.0513056 1.0000000 0.13 0.19 0.26
v -19.9038959 -23.5047852 1.0000000 0.13 0.19 0.26
v -19.5109536 -23.0513056 14.0000000 0.13 0.19 0.26
v -19.9038959 -23.5047852 14.0000000 0.13 0.19 0.26
v -21.1057033 21.6006780 1.0000000 0.13 0.19 0.26
v -21.1057033 21.6006780 14.0000000 0.13 0.19 0.26
v -20.0399783 22.5929031 1.0000000 0.13 0.19 0.26
v -20.4005211 22.2678858 1.0000000 0.13 0.19 0.26
v -20.7557933 21.9371157 1.0000000 0.13 0.19 0.26
v -20.0399783 22.5929031 14.0000000 0.13 0.19 0.26
v -20.4005211 22.2678858 14.0000000 0.13 0.19 0.26
v -20.7557933 21.9371157 14.0000000 0.13 0.19 0.26
v -19.9038959 -23.5047852 14.0000000 0.13 0.19 0.26
v -19.9038959 -23.5047852 1.0000000 0.13 0.19 0.26
v -20.0813934 -23.3533218 1.0000000 0.13 0.19 0.26
v -20.2577384 -23.2005180 1.0000000 0.13 0.19 0.26
v -20.4329206 -23.0463827 1.0000000 0.13 0.19 0.26
v -20.4329206 -23.0463827 14.0000000 0.13 0.19 0.26
v -20.2577384 -23.2005180 14.0000000 0.13 0.19 0.26
v -20.0813934 -23.3533218 14.0000000 0.13 0.19 0.26
v -21.1057033 21.6006780 1.0000000 0.13 0.19 0.26
v -21.5299953 22.0249700 1.0000000 0.13 0.19 0.26
v -21.1057033 21.6006780 14.0000000 0.13 0.19 0.26
v -21.5299953 22.0249700 14.0000000 0.13 0.19 0.26
v -20.0399783 -22.5929031 1.0000000 0.13 0.19 0.26
v -20.4329206 -23.0463827 1.0000000 0.13 0.19 0.26
v -20.0399783 -22.5929031 14.0000000 0.13 0.19 0.26
v -20.4329206 -23.0463827 14.0000000 0.13 0.19 0.26
v -22.0249700 21.5299953 1.0000000 0.13 0.19 0.26
v -21.8612300 21.6962352 1.0000000 0.13 0.19 0.26
v -21.6962352 21.8612300 1.0000000 0.13 0.19 0.26
v -21.5299953 22.0249700 1.0000000 0.13 0.19 0.26
v -21.5299953 22.0249700 14.0000000 0.13 0.19 0.26
v -21.6962352 21.8612300 14.0000000 0.13 0.19 0.26
v -21.8612300 21.6962352 14.0000000 0.13 0.19 0.26
v -22.0249700 21.5299953 14.0000000 0.13 0.19 0.26
v -20.0399783 -22.5929031 1.0000000 0.13 0.19 0.26
v -20.0399783 -22.5929031 14.0000000 0.13 0.19 0.26
v -21.1057033 -21.6006780 1.0000000 0.13 0.19 0.26
v -20.7557933 -21.9371157 1.0000000 0.13 0.19 0.26
v -20.4005211 -22.2678858 1.0000000 0.13 0.19 0.26
v -21.1057033 -21.6006780 14.0000000 0.13 0.19 0.26
v -20.7557933 -21.9371157 14.0000000 0.13 0.19 0.26
v -20.4005211 -22.2678858 14.0000000 0.13 0.19 0.26
v -21.6006780 21.1057033 1.0000000 0.13 0.19 0.26
v -22.0249700 21.5299953 1.0000000 0.13 0.19 0.26
v -21.6006780 21.1057033 14.0000000 0.13 0.19 0.26
v -22.0249700 21.5299953 14.0000000 0.13 0.19 0.26
v -21.1057033 -21.6006780 1.0000000 0.13 0.19 0.26
v -21.5299953 -22.0249700 1.0000000 0.13 0.19 0.26
v -21.1057033 -21.6006780 14.0000000 0.13 0.19 0.26
v -21.5299953 -22.0249700 14.0000000 0.13 0.19 0.26
v -22.5929031 20.0399783 1.0000000 0.13 0.19 0.26
v -22.5929031 20.0399783 14.0000000 0.13 0.19 0.26
v -21.6006780 21.1057033 1.0000000 0.13 0.19 0.26
v -21.9371157 20.7557933 1.0000000 0.13 0.19 0.26
v -22.2678858 20.4005211 1.0000000 0.13 0.19 0.26
v -21.6006780 21.1057033 14.0000000 0.13 0.19 0.26
v -21.9371157 20.7557933 14.0000000 0.13 0.19 0.26
v -22.2678858 20.4005211 14.0000000 0.13 0.19 0.26
v -21.5299953 -22.0249700 14.0000000 0.13 0.19 0.26
v -21.5299953 -22.0249700 1.0000000 0.13 0.19 0.26
v -21.6962352 -21.8612300 1.0000000 0.13 0.19 0.26
v -21.8612300 -21.6962352 1.0000000 0.13 0.19 0.26
v -22.0249700 -21.5299953 1.0000000 0.13 0.19 0.26
v -22.0249700 -21.5299953 14.0000000 0.13 0.19 0.26
v -21.8612300 -21.6962352 14.0000000 0.13 0.19 0.26
v -21.6962352 -21.8612300 14.0000000 0.13 0.19 0.26
v -22.5929031 20.0399783 1.0000000 0.13 0.19 0.26
v -23.0463827 20.4329206 1.0000000 0.13 0.19 0.26
v -22.5929031 20.0399783 14.0000000 0.13 0.19 0.26
v -23.0463827 20.4329206 14.0000000 0.13 0.19 0.26
v -21.6006780 -21.1057033 1.0000000 0.13 0.19 0.26
v -22.0249700 -21.5299953 1.0000000 0.13 0.19 0.26
v -21.6006780 -21.1057033 14.0000000 0.13 0.19 0.26
v -22.0249700 -21.5299953 14.0000000 0.13 0.19 0.26
v -23.5047852 19.9038959 1.0000000 0.13 0.19 0.26
v -23.3533218 20.0813934 1.0000000 0.13 0.19 0.26
v -23.2005180 20.2577384 1.0000000 0.13 0.19 0.26
v -23.0463827 20.4329206 1.0000000 0.13 0.19 0.26
v -23.0463827 20.4329206 14.0000000 0.13 0.19 0.26
v -23.2005180 20.2577384 14.0000000 0.13 0.19 0.26
v -23.3533218 20.0813934 14.0000000 0.13 0.19 0.26
v -23.5047852 19.9038959 14.0000000 0.13 0.19 0.26
v -21.6006780 -21.1057033 1.0000000 0.13 0.19 0.26
v -21.6006780 -21.1057033 14.0000000 0.13 0.19 0.26
v -22.5929031 -20.0399783 1.0000000 0.13 0.19 0.26
v -22.2678858 -20.4005211 1.0000000 0.13 0.19 0.26
v -21.9371157 -20.7557933 1.0000000 0.13 0.19 0.26
v -22.5929031 -20.0399783 14.0000000 0.13 0.19 0.26
v -22.2678858 -20.4005211 14.0000000 0.13 0.19 0.26
v -21.9371157 -20.7557933 14.0000000 0.13 0.19 0.26
v -23.0513056 19.5109536 1.0000000 0.13 0.19 0.26
v -23.5047852 19.9038959 1.0000000 0.13 0.19 0.26
v -23.0513056 19.5109536 14.0000000 0.13 0.19 0.26
v -23.5047852 19.9038959 14.0000000 0.13 0.19 0.26
v -22.5929031 -20.0399783 1.0000000 0.13 0.19 0.26
v -23.0463827 -20.4329206 1.0000000 0.13 0.19 0.26
v -22.5929031 -20.0399783 14.0000000 0.13 0.19 0.26
v -23.0463827 -20.4329206 14.0000000 0.13 0.19 0.26
v -23.9649746 18.3771595 1.0000000 0.13 0.19 0.26
v -23.9649746 18.3771595 14.0000000 0.13 0.19 0.26
v -23.0513056 19.5109536 1.0000000 0.13 0.19 0.26
v -23.3619238 19.1379340 1.0000000 0.13 0.19 0.26
v -23.6665063 18.7599701 1.0000000 0.13 0.19 0.26
v -23.0513056 19.5109536 14.0000000 0.13 0.19 0.26
v -23.3619238 19.1379340 14.0000000 0.13 0.19 0.26
v -23.6665063 18.7599701 14.0000000 0.13 0.19 0.26
v -23.0463827 -20.4329206 14.0000000 0.13 0.19 0.26
v -23.0463827 -20.4329206 1.0000000 0.13 0.19 0.26
v -23.2005180 -20.2577384 1.0000000 0.13 0.19 0.26
v -23.3533218 -20.0813934 1.0000000 0.13 0.19 0.26
v -23.5047852 -19.9038959 1.0000000 0.13 0.19 0.26
v -23.5047852 -19.9038959 14.0000000 0.13 0.19 0.26
v -23.3533218 -20.0813934 14.0000000 0.13 0.19 0.26
v -23.2005180 -20.2577384 14.0000000 0.13 0.19 0.26
v -23.9649746 18.3771595 1.0000000 0.13 0.19 0.26
v -24.4453310 18.7367498 1.0000000 0.13 0.19 0.26
v -23.9649746 18.3771595 14.0000000 0.13 0.19 0.26
v -24.4453310 18.7367498 14.0000000 0.13 0.19 0.26
v -23.0513056 -19.5109536 1.0000000 0.13 0.19 0.26
v -23.5047852 -19.9038959 1.0000000 0.13 0.19 0.26
v -23.0513056 -19.5109536 14.0000000 0.13 0.19 0.26
v -23.5047852 -19.9038959 14.0000000 0.13 0.19 0.26
v -24.8648254 18.1763709 1.0000000 0.13 0.19 0.26
v -24.7264104 18.3642214 1.0000000 0.13 0.19 0.26
v -24.5865763 18.5510180 1.0000000 0.13 0.19 0.26
v -24.4453310 18.7367498 1.0000000 0.13 0.19 0.26
v -24.4453310 18.7367498 14.0000000 0.13 0.19 0.26
v -24.5865763 18.5510180 14.0000000 0.13 0.19 0.26
v -24.7264104 18.3642214 14.0000000 0.13 0.19 0.26
v -24.8648254 18.1763709 14.0000000 0.13 0.19 0.26
v -23.0513056 -19.5109536 1.0000000 0.13 0.19 0.26
v -23.0513056 -19.5109536 14.0000000 0.13 0.19 0.26
v -23.9649746 -18.3771595 1.0000000 0.13 0.19 0.26
v -23.6665063 -18.7599701 1.0000000 0.13 0.19 0.26
v -23.3619238 -19.1379340 1.0000000 0.13 0.19 0.26
v -23.9649746 -18.3771595 14.0000000 0.13 0.19 0.26
v -23.6665063 -18.7599701 14.0000000 0.13 0.19 0.26
v -23.3619238 -19.1379340 14.0000000 0.13 0.19 0.26
v -24.3844690 17.8167806 1.0000000 0.13 0.19 0.26
v -24.8648254 18.1763709 1.0000000 0.13 0.19 0.26
v -24.3844690 17.8167806 14.0000000 0.13 0.19 0.26
v -24.8648254 18.1763709 14.0000000 0.13 0.19 0.26
v -23.9649746 -18.3771595 1.0000000 0.13 0.19 0.26
v -24.4453310 -18.7367498 1.0000000 0.13 0.19 0.26
v -23.9649746 -18.3771595 14.0000000 0.13 0.19 0.26
v -24.4453310 -18.7367498 14.0000000 0.13 0.19 0.26
v -25.2149262 16.6206949 1.0000000 0.13 0.19 0.26
v -25.2149262 16.6206949 14.0000000 0.13 0.19 0.26
v -24.3844690 17.8167806 1.0000000 0.13 0.19 0.26
v -24.6676848 17.4225522 1.0000000 0.13 0.19 0.26
v -24.9445277 17.0238226 1.0000000 0.13 0.19 0.26
v -24.3844690 17.8167806 14.0000000 0.13 0.19 0.26
v -24.6676848 17.4225522 14.0000000 0.13 0.19 0.26
v -24.9445277 17.0238226 14.0000000 0.13 0.19 0.26
v -24.4453310 -18.7367498 14.0000000 0.13 0.19 0.26
v -24.4453310 -18.7367498 1.0000000 0.13 0.19 0.26
v -24.5865763 -18.5510180 1.0000000 0.13 0.19 0.26
v -24.7264104 -18.3642214 1.0000000 0.13 0.19 0.26
v -24.8648254 -18.1763709 1.0000000 0.13 0.19 0.26
v -24.8648254 -18.1763709 14.0000000 0.13 0.19 0.26
v -24.7264104 -18.3642214 14.0000000 0.13 0.19 0.26
v -24.5865763 -18.5510180 14.0000000 0.13 0.19 0.26
v -25.2149262 16.6206949 1.0000000 0.13 0.19 0.26
v -25.7197115 16.9451007 1.0000000 0.13 0.19 0.26
v -25.2149262 16.6206949 14.0000000 0.13 0.19 0.26
v -25.7197115 16.9451007 14.0000000 0.13 0.19 0.26
v -24.3844690 -17.8167806 1.0000000 0.13 0.19 0.26
v -24.8648254 -18.1763709 1.0000000 0.13 0.19 0.26
v -24.3844690 -17.8167806 14.0000000 0.13 0.19 0.26
v -24.8648254 -18.1763709 14.0000000 0.13 0.19 0.26
v -26.0981601 16.3562233 1.0000000 0.13 0.19 0.26
v -25.9734989 16.5534696 1.0000000 0.13 0.19 0.26
v -25.8473470 16.7497658 1.0000000 0.13 0.19 0.26
v -25.7197115 16.9451007 1.0000000 0.13 0.19 0.26
v -25.7197115 16.9451007 14.0000000 0.13 0.19 0.26
v -25.8473470 16.7497658 14.0000000 0.13 0.19 0.26
v -25.9734989 16.5534696 14.0000000 0.13 0.19 0.26
v -26.0981601 16.3562233 14.0000000 0.13 0.19 0.26
v -24.3844690 -17.8167806 1.0000000 0.13 0.19 0.26
v -24.3844690 -17.8167806 14.0000000 0.13 0.19 0.26
v -25.2149262 -16.6206949 1.0000000 0.13 0.19 0.26
v -24.9445277 -17.0238226 1.0000000 0.13 0.19 0.26
v -24.6676848 -17.4225522 1.0000000 0.13 0.19 0.26
v -25.2149262 -16.6206949 14.0000000 0.13 0.19 0.26
v -24.9445277 -17.0238226 14.0000000 0.13 0.19 0.26
v -24.6676848 -17.4225522 14.0000000 0.13 0.19 0.26
v -25.5933747 16.0318174 1.0000000 0.13 0.19 0.26
v -26.0981601 16.3562233 1.0000000 0.13 0.19 0.26
v -25.5933747 16.0318174 14.0000000 0.13 0.19 0.26
v -26.0981601 16.3562233 14.0000000 0.13 0.19 0.26
v -25.2149262 -16.6206949 1.0000000 0.13 0.19 0.26
v -25.7197115 -16.9451007 1.0000000 0.13 0.19 0.26
v -25.2149262 -16.6206949 14.0000000 0.13 0.19 0.26
v -25.7197115 -16.9451007 14.0000000 0.13 0.19 0.26
v -26.3363882 14.7795350 1.0000000 0.13 0.19 0.26
v -26.3363882 14.7795350 14.0000000 0.13 0.19 0.26
v -25.5933747 16.0318174 1.0000000 0.13 0.19 0.26
v -25.8477450 15.6183890 1.0000000 0.13 0.19 0.26
v -26.0954375 15.2009256 1.0000000 0.13 0.19 0.26
v -25.5933747 16.0318174 14.0000000 0.13 0.19 0.26
v -25.8477450 15.6183890 14.0000000 0.13 0.19 0.26
v -26.0954375 15.2009256 14.0000000 0.13 0.19 0.26
v -25.7197115 -16.9451007 14.0000000 0.13 0.19 0.26
v -25.7197115 -16.9451007 1.0000000 0.13 0.19 0.26
v -25.8473470 -16.7497658 1.0000000 0.13 0.19 0.26
v -25.9734989 -16.5534696 1.0000000 0.13 0.19 0.26
v -26.0981601 -16.3562233 1.0000000 0.13 0.19 0.26
v -26.0981601 -16.3562233 14.0000000 0.13 0.19 0.26
v -25.9734989 -16.5534696 14.0000000 0.13 0.19 0.26
v -25.8473470 -16.7497658 14.0000000 0.13 0.19 0.26
v -26.3363882 14.7795350 1.0000000 0.13 0.19 0.26
v -26.8630303 15.0671034 1.0000000 0.13 0.19 0.26
v -26.3363882 14.7795350 14.0000000 0.13 0.19 0.26
v -26.8630303 15.0671034 14.0000000 0.13 0.19 0.26
v -25.5933747 -16.0318174 1.0000000 0.13 0.19 0.26
v -26.0981601 -16.3562233 1.0000000 0.13 0.19 0.26
v -25.5933747 -16.0318174 14.0000000 0.13 0.19 0.26
v -26.0981601 -16.3562233 14.0000000 0.13 0.19 0.26
v -27.1985046 14.4527281 1.0000000 0.13 0.19 0.26
v -27.0882324 14.6583651 1.0000000 0.13 0.19 0.26
v -26.9764055 14.8631607 1.0000000 0.13 0.19 0.26
v -26.8630303 15.0671034 1.0000000 0.13 0.19 0.26
v -26.8630303 15.0671034 14.0000000 0.13 0.19 0.26
v -26.9764055 14.8631607 14.0000000 0.13 0.19 0.26
v -27.0882324 14.6583651 14.0000000 0.13 0.19 0.26
v -27.1985046 14.4527281 14.0000000 0.13 0.19 0.26
v -25.5933747 -16.0318174 1.0000000 0.13 0.19 0.26
v -25.5933747 -16.0318174 14.0000000 0.13 0.19 0.26
v -26.3363882 -14.7795350 1.0000000 0.13 0.19 0.26
v -26.0954375 -15.2009256 1.0000000 0.13 0.19 0.26
v -25.8477450 -15.6183890 1.0000000 0.13 0.19 0.26
v -26.3363882 -14.7795350 14.0000000 0.13 0.19 0.26
v -26.0954375 -15.2009256 14.0000000 0.13 0.19 0.26
v -25.8477450 -15.6183890 14.0000000 0.13 0.19 0.26
v -26.6718625 14.1651597 1.0000000 0.13 0.19 0.26
v -27.1985046 14.4527281 1.0000000 0.13 0.19 0.26
v -26.6718625 14.1651597 14.0000000 0.13 0.19 0.26
v -27.1985046 14.4527281 14.0000000 0.13 0.19 0.26
v -26.3363882 -14.7795350 1.0000000 0.13 0.19 0.26
v -26.8630303 -15.0671034 1.0000000 0.13 0.19 0.26
v -26.3363882 -14.7795350 14.0000000 0.13 0.19 0.26
v -26.8630303 -15.0671034 14.0000000 0.13 0.19 0.26
v -27.3236461 12.8630620 1.0000000 0.13 0.19 0.26
v -27.3236461 12.8630620 14.0000000 0.13 0.19 0.26
v -26.6718625 14.1651597 1.0000000 0.13 0.19 0.26
v -26.8960911 13.7346382 1.0000000 0.13 0.19 0.26
v -27.1133710 13.3005682 1.0000000 0.13 0.19 0.26
v -26.6718625 14.1651597 14.0000000 0.13 0.19 0.26
v -26.8960911 13.7346382 14.0000000 0.13 0.19 0.26
v -27.1133710 13.3005682 14.0000000 0.13 0.19 0.26
v -26.8630303 -15.0671034 14.0000000 0.13 0.19 0.26
v -26.8630303 -15.0671034 1.0000000 0.13 0.19 0.26
v -26.9764055 -14.8631607 1.0000000 0.13 0.19 0.26
v -27.0882324 -14.6583651 1.0000000 0.13 0.19 0.26
v -27.1985046 -14.4527281 1.0000000 0.13 0.19 0.26
v -27.1985046 -14.4527281 14.0000000 0.13 0.19 0.26
v -27.0882324 -14.6583651 14.0000000 0.13 0.19 0.26
v -26.9764055 -14.8631607 14.0000000 0.13 0.19 0.26
v -27.3236461 12.8630620 1.0000000 0.13 0.19 0.26
v -27.8694612 13.1123275 1.0000000 0.13 0.19 0.26
v -27.3236461 12.8630620 14.0000000 0.13 0.19 0.26
v -27.8694612 13.1123275 14.0000000 0.13 0.19 0.26
v -26.6718625 -14.1651597 1.0000000 0.13 0.19 0.26
v -27.1985046 -14.4527281 1.0000000 0.13 0.19 0.26
v -26.6718625 -14.1651597 14.0000000 0.13 0.19 0.26
v -27.1985046 -14.4527281 14.0000000 0.13 0.19 0.26
v -28.1602517 12.4755851 1.0000000 0.13 0.19 0.26
v -28.0649305 12.6885648 1.0000000 0.13 0.19 0.26
v -27.9679984 12.9008164 1.0000000 0.13 0.19 0.26
v -27.8694612 13.1123275 1.0000000 0.13 0.19 0.26
v -27.8694612 13.1123275 14.0000000 0.13 0.19 0.26
v -27.9679984 12.9008164 14.0000000 0.13 0.19 0.26
v -28.0649305 12.6885648 14.0000000 0.13 0.19 0.26
v -28.1602517 12.4755851 14.0000000 0.13 0.19 0.26
v -26.6718625 -14.1651597 1.0000000 0.13 0.19 0.26
v -26.6718625 -14.1651597 14.0000000 0.13 0.19 0.26
v -27.3236461 -12.8630620 1.0000000 0.13 0.19 0.26
v -27.1133710 -13.3005682 1.0000000 0.13 0.19 0.26
v -26.8960911 -13.7346382 1.0000000 0.13 0.19 0.26
v -27.3236461 -12.8630620 14.0000000 0.13 0.19 0.26
v -27.1133710 -13.3005682 14.0000000 0.13 0.19 0.26
v -26.8960911 -13.7346382 14.0000000 0.13 0.19 0.26
v -27.6144366 12.2263196 1.0000000 0.13 0.19 0.26
v -28.1602517 12.4755851 1.0000000 0.13 0.19 0.26
v -27.6144366 12.2263196 14.0000000 0.13 0.19 0.26
v -28.1602517 12.4755851 14.0000000 0.13 0.19 0.26
v -27.3236461 -12.8630620 1.0000000 0.13 0.19 0.26
v -27.8694612 -13.1123275 1.0000000 0.13 0.19 0.26
v -27.3236461 -12.8630620 14.0000000 0.13 0.19 0.26
v -27.8694612 -13.1123275 14.0000000 0.13 0.19 0.26
v -28.1716689 10.8810418 1.0000000 0.13 0.19 0.26
v -28.1716689 10.8810418 14.0000000 0.13 0.19 0.26
v -27.6144366 12.2263196 1.0000000 0.13 0.19 0.26
v -27.8073808 11.7808987 1.0000000 0.13 0.19 0.26
v -27.9931409 11.3324342 1.0000000 0.13 0.19 0.26
v -27.6144366 12.2263196 14.0000000 0.13 0.19 0.26
v -27.8073808 11.7808987 14.0000000 0.13 0.19 0.26
v -27.9931409 11.3324342 14.0000000 0.13 0.19 0.26
v -27.8694612 -13.1123275 14.0000000 0.13 0.19 0.26
v -27.8694612 -13.1123275 1.0000000 0.13 0.19 0.26
v -27.9679984 -12.9008164 1.0000000 0.13 0.19 0.26
v -28.0649305 -12.6885648 1.0000000 0.13 0.19 0.26
v -28.1602517 -12.4755851 1.0000000 0.13 0.19 0.26
v -28.1602517 -12.4755851 14.0000000 0.13 0.19 0.26
v -28.0649305 -12.6885648 14.0000000 0.13 0.19 0.26
v -27.9679984 -12.9008164 14.0000000 0.13 0.19 0.26
v -28.1716689 10.8810418 1.0000000 0.13 0.19 0.26
v -28.7338758 11.0907342 1.0000000 0.13 0.19 0.26
v -28.1716689 10.8810418 14.0000000 0.13 0.19 0.26
v -28.7338758 11.0907342 14.0000000 0.13 0.19 0.26
v -27.6144366 -12.2263196 1.0000000 0.13 0.19 0.26
v -28.1602517 -12.4755851 1.0000000 0.13 0.19 0.26
v -27.6144366 -12.2263196 14.0000000 0.13 0.19 0.26
v -28.1602517 -12.4755851 14.0000000 0.13 0.19 0.26
v -28.9785007 10.4348693 1.0000000 0.13 0.19 0.26
v -28.8986161 10.6541066 1.0000000 0.13 0.19 0.26
v -28.8170729 10.8727324 1.0000000 0.13 0.19 0.26
v -28.7338758 11.0907342 1.0000000 0.13 0.19 0.26
v -28.7338758 11.0907342 14.0000000 0.13 0.19 0.26
v -28.8170729 10.8727324 14.0000000 0.13 0.19 0.26
v -28.8986161 10.6541066 14.0000000 0.13 0.19 0.26
v -28.9785007 10.4348693 14.0000000 0.13 0.19 0.26
v -27.6144366 -12.2263196 1.0000000 0.13 0.19 0.26
v -27.6144366 -12.2263196 14.0000000 0.13 0.19 0.26
v -28.1716689 -10.8810418 1.0000000 0.13 0.19 0.26
v -27.9931409 -11.3324342 1.0000000 0.13 0.19 0.26
v -27.8073808 -11.7808987 1.0000000 0.13 0.19 0.26
v -28.1716689 -10.8810418 14.0000000 0.13 0.19 0.26
v -27.9931409 -11.3324342 14.0000000 0.13 0.19 0.26
v -27.8073808 -11.7808987 14.0000000 0.13 0.19 0.26
v -28.4162938 10.2251770 1.0000000 0.13 0.19 0.26
v -28.9785007 10.4348693 1.0000000 0.13 0.19 0.26
v -28.4162938 10.2251770 14.0000000 0.13 0.19 0.26
v -28.9785007 10.4348693 14.0000000 0.13 0.19 0.26
v -28.1716689 -10.8810418 1.0000000 0.13 0.19 0.26
v -28.7338758 -11.0907342 1.0000000 0.13 0.19 0.26
v -28.1716689 -10.8810418 14.0000000 0.13 0.19 0.26
v -28.7338758 -11.0907342 14.0000000 0.13 0.19 0.26
v -28.8761354 8.8435743 1.0000000 0.13 0.19 0.26
v -28.8761354 8.8435743 14.0000000 0.13 0.19 0.26
v -28.4162938 10.2251770 1.0000000 0.13 0.19 0.26
v -28.5769704 9.7671265 1.0000000 0.13 0.19 0.26
v -28.7302642 9.3065526 1.0000000 0.13 0.19 0.26
v -28.4162938 10.2251770 14.0000000 0.13 0.19 0.26
v -28.5769704 9.7671265 14.0000000 0.13 0.19 0.26
v -28.7302642 9.3065526 14.0000000 0.13 0.19 0.26
v -28.7338758 -11.0907342 14.0000000 0.13 0.19 0.26
v -28.7338758 -11.0907342 1.0000000 0.13 0.19 0.26
v -28.8170729 -10.8727324 1.0000000 0.13 0.19 0.26
v -28.8986161 -10.6541066 1.0000000 0.13 0.19 0.26
v -28.9785007 -10.4348693 1.0000000 0.13 0.19 0.26
v -28.9785007 -10.4348693 14.0000000 0.13 0.19 0.26
v -28.8986161 -10.6541066 14.0000000 0.13 0.19 0.26
v -28.8170729 -10.8727324 14.0000000 0.13 0.19 0.26
v -28.8761354 8.8435743 1.0000000 0.13 0.19 0.26
v -29.4518690 9.0126250 1.0000000 0.13 0.19 0.26
v -28.8761354 8.8435743 14.0000000 0.13 0.19 0.26
v -29.4518690 9.0126250 14.0000000 0.13 0.19 0.26
v -28.4162938 -10.2251770 1.0000000 0.13 0.19 0.26
v -28.9785007 -10.4348693 1.0000000 0.13 0.19 0.26
v -28.4162938 -10.2251770 14.0000000 0.13 0.19 0.26
v -28.9785007 -10.4348693 14.0000000 0.13 0.19 0.26
v -29.6490818 8.3409799 1.0000000 0.13 0.19 0.26
v -29.5850410 8.5653575 1.0000000 0.13 0.19 0.26
v -29.5193021 8.7892435 1.0000000 0.13 0.19 0.26
v -29.4518690 9.0126250 1.0000000 0.13 0.19 0.26
v -29.4518690 9.0126250 14.0000000 0.13 0.19 0.26
v -29.5193021 8.7892435 14.0000000 0.13 0.19 0.26
v -29.5850410 8.5653575 14.0000000 0.13 0.19 0.26
v -29.6490818 8.3409799 14.0000000 0.13 0.19 0.26
v -28.4162938 -10.2251770 1.0000000 0.13 0.19 0.26
v -28.4162938 -10.2251770 14.0000000 0.13 0.19 0.26
v -28.8761354 -8.8435743 1.0000000 0.13 0.19 0.26
v -28.7302642 -9.3065526 1.0000000 0.13 0.19 0.26
v -28.5769704 -9.7671265 1.0000000 0.13 0.19 0.26
v -28.8761354 -8.8435743 14.0000000 0.13 0.19 0.26
v -28.7302642 -9.3065526 14.0000000 0.13 0.19 0.26
v -28.5769704 -9.7671265 14.0000000 0.13 0.19 0.26
v -29.0733481 8.1719293 1.0000000 0.13 0.19 0.26
v -29.6490818 8.3409799 1.0000000 0.13 0.19 0.26
v -29.0733481 8.1719293 14.0000000 0.13 0.19 0.26
v -29.6490818 8.3409799 14.0000000 0.13 0.19 0.26
v -28.8761354 -8.8435743 1.0000000 0.13 0.19 0.26
v -29.4518690 -9.0126250 1.0000000 0.13 0.19 0.26
v -28.8761354 -8.8435743 14.0000000 0.13 0.19 0.26
v -29.4518690 -9.0126250 14.0000000 0.13 0.19 0.26
v -29.4334556 6.7610420 1.0000000 0.13 0.19 0.26
v -29.4334556 6.7610420 14.0000000 0.13 0.19 0.26
v -29.0733481 8.1719293 1.0000000 0.13 0.19 0.26
v -29.2009384 7.7035832 1.0000000 0.13 0.19 0.26
v -29.3209846 7.2332470 1.0000000 0.13 0.19 0.26
v -29.0733481 8.1719293 14.0000000 0.13 0.19 0.26
v -29.2009384 7.7035832 14.0000000 0.13 0.19 0.26
v -29.3209846 7.2332470 14.0000000 0.13 0.19 0.26
v -29.4518690 -9.0126250 14.0000000 0.13 0.19 0.26
v -29.4518690 -9.0126250 1.0000000 0.13 0.19 0.26
v -29.5193021 -8.7892435 1.0000000 0.13 0.19 0.26
v -29.5850410 -8.5653575 1.0000000 0.13 0.19 0.26
v -29.6490818 -8.3409799 1.0000000 0.13 0.19 0.26
v -29.6490818 -8.3409799 14.0000000 0.13 0.19 0.26
v -29.5850410 -8.5653575 14.0000000 0.13 0.19 0.26
v -29.5193021 -8.7892435 14.0000000 0.13 0.19 0.26
v -29.4334556 6.7610420 1.0000000 0.13 0.19 0.26
v -30.0197824 6.8885896 1.0000000 0.13 0.19 0.26
v -29.4334556 6.7610420 14.0000000 0.13 0.19 0.26
v -30.0197824 6.8885896 14.0000000 0.13 0.19 0.26
v -29.0733481 -8.1719293 1.0000000 0.13 0.19 0.26
v -29.6490818 -8.3409799 1.0000000 0.13 0.19 0.26
v -29.0733481 -8.1719293 14.0000000 0.13 0.19 0.26
v -29.6490818 -8.3409799 14.0000000 0.13 0.19 0.26
v -30.1685781 6.2045868 1.0000000 0.13 0.19 0.26
v -30.1207073 6.4329613 1.0000000 0.13 0.19 0.26
v -30.0711078 6.6609666 1.0000000 0.13 0.19 0.26
v -30.0197824 6.8885896 1.0000000 0.13 0.19 0.26
v -30.0197824 6.8885896 14.0000000 0.13 0.19 0.26
v -30.0711078 6.6609666 14.0000000 0.13 0.19 0.26
v -30.1207073 6.4329613 14.0000000 0.13 0.19 0.26
v -30.1685781 6.2045868 14.0000000 0.13 0.19 0.26
v -29.0733481 -8.1719293 1.0000000 0.13 0.19 0.26
v -29.0733481 -8.1719293 14.0000000 0.13 0.19 0.26
v -29.4334556 -6.7610420 1.0000000 0.13 0.19 0.26
v -29.3209846 -7.2332470 1.0000000 0.13 0.19 0.26
v -29.2009384 -7.7035832 1.0000000 0.13 0.19 0.26
v -29.4334556 -6.7610420 14.0000000 0.13 0.19 0.26
v -29.3209846 -7.2332470 14.0000000 0.13 0.19 0.26
v -29.2009384 -7.7035832 14.0000000 0.13 0.19 0.26
v -29.5822513 6.0770392 1.0000000 0.13 0.19 0.26
v -30.1685781 6.2045868 1.0000000 0.13 0.19 0.26
v -29.5822513 6.0770392 14.0000000 0.13 0.19 0.26
v -30.1685781 6.2045868 14.0000000 0.13 0.19 0.26
v -29.4334556 -6.7610420 1.0000000 0.13 0.19 0.26
v -30.0197824 -6.8885896 1.0000000 0.13 0.19 0.26
v -29.4334556 -6.7610420 14.0000000 0.13 0.19 0.26
v -30.0197824 -6.8885896 14.0000000 0.13 0.19 0.26
v -29.8407898 4.6440570 1.0000000 0.13 0.19 0.26
v -29.8407898 4.6440570 14.0000000 0.13 0.19 0.26
v -29.5822513 6.0770392 1.0000000 0.13 0.19 0.26
v -29.6761051 5.6007843 1.0000000 0.13 0.19 0.26
v -29.7622920 5.1230824 1.0000000 0.13 0.19 0.26
v -29.5822513 6.0770392 14.0000000 0.13 0.19 0.26
v -29.6761051 5.6007843 14.0000000 0.13 0.19 0.26
v -29.7622920 5.1230824 14.0000000 0.13 0.19 0.26
v -30.0197824 -6.8885896 14.0000000 0.13 0.19 0.26
v -30.0197824 -6.8885896 1.0000000 0.13 0.19 0.26
v -30.0711078 -6.6609666 1.0000000 0.13 0.19 0.26
v -30.1207073 -6.4329613 1.0000000 0.13 0.19 0.26
v -30.1685781 -6.2045868 1.0000000 0.13 0.19 0.26
v -30.1685781 -6.2045868 14.0000000 0.13 0.19 0.26
v -30.1207073 -6.4329613 14.0000000 0.13 0.19 0.26
v -30.0711078 -6.6609666 14.0000000 0.13 0.19 0.26
v -29.8407898 4.6440570 1.0000000 0.13 0.19 0.26
v -30.4347218 4.7294515 1.0000000 0.13 0.19 0.26
v -29.8407898 4.6440570 14.0000000 0.13 0.19 0.26
v -30.4347218 4.7294515 14.0000000 0.13 0.19 0.26
v -29.5822513 -6.0770392 1.0000000 0.13 0.19 0.26
v -30.1685781 -6.2045868 1.0000000 0.13 0.19 0.26
v -29.5822513 -6.0770392 14.0000000 0.13 0.19 0.26
v -30.1685781 -6.2045868 14.0000000 0.13 0.19 0.26
v -30.5343421 4.0365765 1.0000000 0.13 0.19 0.26
v -30.5028854 4.2677842 1.0000000 0.13 0.19 0.26
v -30.4696780 4.4987469 1.0000000 0.13 0.19 0.26
v -30.4347218 4.7294515 1.0000000 0.13 0.19 0.26
v -30.4347218 4.7294515 14.0000000 0.13 0.19 0.26
v -30.4696780 4.4987469 14.0000000 0.13 0.19 0.26
v -30.5028854 4.2677842 14.0000000 0.13 0.19 0.26
v -30.5343421 4.0365765 14.0000000 0.13 0.19 0.26
v -29.5822513 -6.0770392 1.0000000 0.13 0.19 0.26
v -29.5822513 -6.0770392 14.0000000 0.13 0.19 0.26
v -29.8407898 -4.6440570 1.0000000 0.13 0.19 0.26
v -29.7622920 -5.1230824 1.0000000 0.13 0.19 0.26
v -29.6761051 -5.6007843 1.0000000 0.13 0.19 0.26
v -29.8407898 -4.6440570 14.0000000 0.13 0.19 0.26
v -29.7622920 -5.1230824 14.0000000 0.13 0.19 0.26
v -29.6761051 -5.6007843 14.0000000 0.13 0.19 0.26
v -29.9404102 3.9511820 1.0000000 0.13 0.19 0.26
v -30.5343421 4.0365765 1.0000000 0.13 0.19 0.26
v -29.9404102 3.9511820 14.0000000 0.13 0.19 0.26
v -30.5343421 4.0365765 14.0000000 0.13 0.19 0.26
v -29.8407898 -4.6440570 1.0000000 0.13 0.19 0.26
v -30.4347218 -4.7294515 1.0000000 0.13 0.19 0.26
v -29.8407898 -4.6440570 14.0000000 0.13 0.19 0.26
v -30.4347218 -4.7294515 14.0000000 0.13 0.19 0.26
v -30.0960621 2.5034069 1.0000000 0.13 0.19 0.26
v -30.0960621 2.5034069 14.0000000 0.13 0.19 0.26
v -29.9404102 3.9511820 1.0000000 0.13 0.19 0.26
v -30.0000492 3.4694450 1.0000000 0.13 0.19 0.26
v -30.0519376 2.9868118 1.0000000 0.13 0.19 0.26
v -29.9404102 3.9511820 14.0000000 0.13 0.19 0.26
v -30.0000492 3.4694450 14.0000000 0.13 0.19 0.26
v -30.0519376 2.9868118 14.0000000 0.13 0.19 0.26
v -30.4347218 -4.7294515 14.0000000 0.13 0.19 0.26
v -30.4347218 -4.7294515 1.0000000 0.13 0.19 0.26
v -30.4696780 -4.4987469 1.0000000 0.13 0.19 0.26
v -30.5028854 -4.2677842 1.0000000 0.13 0.19 0.26
v -30.5343421 -4.0365765 1.0000000 0.13 0.19 0.26
v -30.5343421 -4.0365765 14.0000000 0.13 0.19 0.26
v -30.5028854 -4.2677842 14.0000000 0.13 0.19 0.26
v -30.4696780 -4.4987469 14.0000000 0.13 0.19 0.26
v -30.0960621 2.5034069 1.0000000 0.13 0.19 0.26
v -30.6945728 2.5462132 1.0000000 0.13 0.19 0.26
v -30.0960621 2.5034069 14.0000000 0.13 0.19 0.26
v -30.6945728 2.5462132 14.0000000 0.13 0.19 0.26
v -29.9404102 -3.9511820 1.0000000 0.13 0.19 0.26
v -30.5343421 -4.0365765 1.0000000 0.13 0.19 0.26
v -29.9404102 -3.9511820 14.0000000 0.13 0.19 0.26
v -30.5343421 -4.0365765 14.0000000 0.13 0.19 0.26
v -30.7445102 1.8479967 1.0000000 0.13 0.19 0.26
v -30.7296278 2.0808594 1.0000000 0.13 0.19 0.26
v -30.7129817 2.3136027 1.0000000 0.13 0.19 0.26
v -30.6945728 2.5462132 1.0000000 0.13 0.19 0.26
v -30.6945728 2.5462132 14.0000000 0.13 0.19 0.26
v -30.7129817 2.3136027 14.0000000 0.13 0.19 0.26
v -30.7296278 2.0808594 14.0000000 0.13 0.19 0.26
v -30.7445102 1.8479967 14.0000000 0.13 0.19 0.26
v -29.9404102 -3.9511820 1.0000000 0.13 0.19 0.26
v -29.9404102 -3.9511820 14.0000000 0.13 0.19 0.26
v -30.0960621 -2.5034069 1.0000000 0.13 0.19 0.26
v -30.0519376 -2.9868118 1.0000000 0.13 0.19 0.26
v -30.0000492 -3.4694450 1.0000000 0.13 0.19 0.26
v -30.0960621 -2.5034069 14.0000000 0.13 0.19 0.26
v -30.0519376 -2.9868118 14.0000000 0.13 0.19 0.26
v -30.0000492 -3.4694450 14.0000000 0.13 0.19 0.26
v -30.1459995 1.8051904 1.0000000 0.13 0.19 0.26
v -30.7445102 1.8479967 1.0000000 0.13 0.19 0.26
v -30.1459995 1.8051904 14.0000000 0.13 0.19 0.26
v -30.7445102 1.8479967 14.0000000 0.13 0.19 0.26
v -30.0960621 -2.5034069 1.0000000 0.13 0.19 0.26
v -30.6945728 -2.5462132 1.0000000 0.13 0.19 0.26
v -30.0960621 -2.5034069 14.0000000 0.13 0.19 0.26
v -30.6945728 -2.5462132 14.0000000 0.13 0.19 0.26
v -30.1979718 0.3500000 1.0000000 0.13 0.19 0.26
v -30.1979718 0.3500000 14.0000000 0.13 0.19 0.26
v -30.1459995 1.8051904 1.0000000 0.13 0.19 0.26
v -30.1711199 1.3204263 1.0000000 0.13 0.19 0.26
v -30.1884455 0.8353210 1.0000000 0.13 0.19 0.26
v -30.1459995 1.8051904 14.0000000 0.13 0.19 0.26
v -30.1711199 1.3204263 14.0000000 0.13 0.19 0.26
v -30.1884455 0.8353210 14.0000000 0.13 0.19 0.26
v -30.6945728 -2.5462132 14.0000000 0.13 0.19 0.26
v -30.6945728 -2.5462132 1.0000000 0.13 0.19 0.26
v -30.7129817 -2.3136027 1.0000000 0.13 0.19 0.26
v -30.7296278 -2.0808594 1.0000000 0.13 0.19 0.26
v -30.7445102 -1.8479967 1.0000000 0.13 0.19 0.26
v -30.7445102 -1.8479967 14.0000000 0.13 0.19 0.26
v -30.7296278 -2.0808594 14.0000000 0.13 0.19 0.26
v -30.7129817 -2.3136027 14.0000000 0.13 0.19 0.26
v -30.1979718 0.3500000 1.0000000 0.13 0.19 0.26
v -30.7980113 0.3500000 1.0000000 0.13 0.19 0.26
v -30.1979718 0.3500000 14.0000000 0.13 0.19 0.26
v -30.7980113 0.3500000 14.0000000 0.13 0.19 0.26
v -30.1459995 -1.8051904 1.0000000 0.13 0.19 0.26
v -30.7445102 -1.8479967 1.0000000 0.13 0.19 0.26
v -30.1459995 -1.8051904 14.0000000 0.13 0.19 0.26
v -30.7445102 -1.8479967 14.0000000 0.13 0.19 0.26
v -30.7980113 -0.3500000 14.0000000 0.13 0.19 0.26
v -30.7980113 -0.3500000 1.0000000 0.13 0.19 0.26
v -30.7997790 -0.1166689 1.0000000 0.13 0.19 0.26
v -30.7997790 0.1166689 1.0000000 0.13 0.19 0.26
v -30.7980113 0.3500000 1.0000000 0.13 0.19 0.26
v -30.7980113 0.3500000 14.0000000 0.13 0.19 0.26
v -30.7997790 0.1166689 14.0000000 0.13 0.19 0.26
v -30.7997790 -0.1166689 14.0000000 0.13 0.19 0.26
v -30.1459995 -1.8051904 1.0000000 0.13 0.19 0.26
v -30.1459995 -1.8051904 14.0000000 0.13 0.19 0.26
v -30.1979718 -0.3500000 1.0000000 0.13 0.19 0.26
v -30.1884455 -0.8353210 1.0000000 0.13 0.19 0.26
v -30.1711199 -1.3204263 1.0000000 0.13 0.19 0.26
v -30.1979718 -0.3500000 14.0000000 0.13 0.19 0.26
v -30.1884455 -0.8353210 14.0000000 0.13 0.19 0.26
v -30.1711199 -1.3204263 14.0000000 0.13 0.19 0.26
v -30.1979718 -0.3500000 1.0000000 0.13 0.19 0.26
v -30.7980113 -0.3500000 1.0000000 0.13 0.19 0.26
v -30.1979718 -0.3500000 14.0000000 0.13 0.19 0.26
v -30.7980113 -0.3500000 14.0000000 0.13 0.19 0.26
v -14.8964102 -25.0013393 13.7000000 0.13 0.19 0.26
v -14.8964102 -25.0013393 14.0000000 0.13 0.19 0.26
v -3.8464102 -5.8621778 13.7000000 0.13 0.19 0.26
v -3.8464102 -5.8621778 14.0000000 0.13 0.19 0.26
v -14.8964102 -25.0013393 13.7000000 0.13 0.19 0.26
v -14.8964102 -25.0013393 14.0000000 0.13 0.19 0.26
v -14.2035898 -25.4013393 13.7000000 0.13 0.19 0.26
v -14.2035898 -25.4013393 14.0000000 0.13 0.19 0.26
v -14.2035898 -25.4013393 13.7000000 0.13 0.19 0.26
v -14.2035898 -25.4013393 14.0000000 0.13 0.19 0.26
v -3.1535898 -6.2621778 13.7000000 0.13 0.19 0.26
v -3.1535898 -6.2621778 14.0000000 0.13 0.19 0.26
v -3.8464102 -5.8621778 13.7000000 0.13 0.19 0.26
v -3.8464102 -5.8621778 14.0000000 0.13 0.19 0.26
v -3.1535898 -6.2621778 13.7000000 0.13 0.19 0.26
v -3.1535898 -6.2621778 14.0000000 0.13 0.19 0.26
v -11.5056397 -26.7318210 13.7000000 0.13 0.19 0.26
v -11.5056397 -26.7318210 14.0000000 0.13 0.19 0.26
v -3.0483358 -6.3140834 13.7000000 0.13 0.19 0.26
v -3.0483358 -6.3140834 14.0000000 0.13 0.19 0.26
v -11.5056397 -26.7318210 13.7000000 0.13 0.19 0.26
v -11.5056397 -26.7318210 14.0000000 0.13 0.19 0.26
v -10.7665361 -27.0379678 13.7000000 0.13 0.19 0.26
v -10.7665361 -27.0379678 14.0000000 0.13 0.19 0.26
v -10.7665361 -27.0379678 13.7000000 0.13 0.19 0.26
v -10.7665361 -27.0379678 14.0000000 0.13 0.19 0.26
v -2.3092322 -6.6202301 13.7000000 0.13 0.19 0.26
v -2.3092322 -6.6202301 14.0000000 0.13 0.19 0.26
v -3.0483358 -6.3140834 13.7000000 0.13 0.19 0.26
v -3.0483358 -6.3140834 14.0000000 0.13 0.19 0.26
v -2.3092322 -6.6202301 13.7000000 0.13 0.19 0.26
v -2.3092322 -6.6202301 14.0000000 0.13 0.19 0.26
v -7.9180045 -28.0049139 13.7000000 0.13 0.19 0.26
v -7.9180045 -28.0049139 14.0000000 0.13 0.19 0.26
v -2.1981036 -6.6579532 13.7000000 0.13 0.19 0.26
v -2.1981036 -6.6579532 14.0000000 0.13 0.19 0.26
v -7.9180045 -28.0049139 13.7000000 0.13 0.19 0.26
v -7.9180045 -28.0049139 14.0000000 0.13 0.19 0.26
v -7.1452639 -28.2119692 13.7000000 0.13 0.19 0.26
v -7.1452639 -28.2119692 14.0000000 0.13 0.19 0.26
v -7.1452639 -28.2119692 13.7000000 0.13 0.19 0.26
v -7.1452639 -28.2119692 14.0000000 0.13 0.19 0.26
v -1.4253630 -6.8650084 13.7000000 0.13 0.19 0.26
v -1.4253630 -6.8650084 14.0000000 0.13 0.19 0.26
v -2.1981036 -6.6579532 13.7000000 0.13 0.19 0.26
v -2.1981036 -6.6579532 14.0000000 0.13 0.19 0.26
v -1.4253630 -6.8650084 13.7000000 0.13 0.19 0.26
v -1.4253630 -6.8650084 14.0000000 0.13 0.19 0.26
v -4.1948901 -28.7988350 13.7000000 0.13 0.19 0.26
v -4.1948901 -28.7988350 14.0000000 0.13 0.19 0.26
v -1.3102613 -6.8879036 13.7000000 0.13 0.19 0.26
v -1.3102613 -6.8879036 14.0000000 0.13 0.19 0.26
v -4.1948901 -28.7988350 13.7000000 0.13 0.19 0.26
v -4.1948901 -28.7988350 14.0000000 0.13 0.19 0.26
v -3.4017342 -28.9032559 13.7000000 0.13 0.19 0.26
v -3.4017342 -28.9032559 14.0000000 0.13 0.19 0.26
v -3.4017342 -28.9032559 13.7000000 0.13 0.19 0.26
v -3.4017342 -28.9032559 14.0000000 0.13 0.19 0.26
v -0.5171054 -6.9923245 13.7000000 0.13 0.19 0.26
v -0.5171054 -6.9923245 14.0000000 0.13 0.19 0.26
v -1.3102613 -6.8879036 13.7000000 0.13 0.19 0.26
v -1.3102613 -6.8879036 14.0000000 0.13 0.19 0.26
v -0.5171054 -6.9923245 13.7000000 0.13 0.19 0.26
v -0.5171054 -6.9923245 14.0000000 0.13 0.19 0.26
v -0.4000000 -29.1000000 13.7000000 0.13 0.19 0.26
v -0.4000000 -29.1000000 14.0000000 0.13 0.19 0.26
v -0.4000000 -7.0000000 13.7000000 0.13 0.19 0.26
v -0.4000000 -7.0000000 14.0000000 0.13 0.19 0.26
v -0.4000000 -29.1000000 13.7000000 0.13 0.19 0.26
v -0.4000000 -29.1000000 14.0000000 0.13 0.19 0.26
v 0.4000000 -29.1000000 13.7000000 0.13 0.19 0.26
v 0.4000000 -29.1000000 14.0000000 0.13 0.19 0.26
v 0.4000000 -29.1000000 13.7000000 0.13 0.19 0.26
v 0.4000000 -29.1000000 14.0000000 0.13 0.19 0.26
v 0.4000000 -7.0000000 13.7000000 0.13 0.19 0.26
v 0.4000000 -7.0000000 14.0000000 0.13 0.19 0.26
v -0.4000000 -7.0000000 13.7000000 0.13 0.19 0.26
v -0.4000000 -7.0000000 14.0000000 0.13 0.19 0.26
v 0.4000000 -7.0000000 13.7000000 0.13 0.19 0.26
v 0.4000000 -7.0000000 14.0000000 0.13 0.19 0.26
v -25.4013393 -14.2035898 13.7000000 0.13 0.19 0.26
v -25.4013393 -14.2035898 14.0000000 0.13 0.19 0.26
v -6.2621778 -3.1535898 13.7000000 0.13 0.19 0.26
v -6.2621778 -3.1535898 14.0000000 0.13 0.19 0.26
v -25.4013393 -14.2035898 13.7000000 0.13 0.19 0.26
v -25.4013393 -14.2035898 14.0000000 0.13 0.19 0.26
v -25.0013393 -14.8964102 13.7000000 0.13 0.19 0.26
v -25.0013393 -14.8964102 14.0000000 0.13 0.19 0.26
v -25.0013393 -14.8964102 13.7000000 0.13 0.19 0.26
v -25.0013393 -14.8964102 14.0000000 0.13 0.19 0.26
v -5.8621778 -3.8464102 13.7000000 0.13 0.19 0.26
v -5.8621778 -3.8464102 14.0000000 0.13 0.19 0.26
v -6.2621778 -3.1535898 13.7000000 0.13 0.19 0.26
v -6.2621778 -3.1535898 14.0000000 0.13 0.19 0.26
v -5.8621778 -3.8464102 13.7000000 0.13 0.19 0.26
v -5.8621778 -3.8464102 14.0000000 0.13 0.19 0.26
v -27.0379678 -10.7665361 13.7000000 0.13 0.19 0.26
v -27.0379678 -10.7665361 14.0000000 0.13 0.19 0.26
v -6.6202301 -2.3092322 13.7000000 0.13 0.19 0.26
v -6.6202301 -2.3092322 14.0000000 0.13 0.19 0.26
v -27.0379678 -10.7665361 13.7000000 0.13 0.19 0.26
v -27.0379678 -10.7665361 14.0000000 0.13 0.19 0.26
v -26.7318210 -11.5056397 13.7000000 0.13 0.19 0.26
v -26.7318210 -11.5056397 14.0000000 0.13 0.19 0.26
v -26.7318210 -11.5056397 13.7000000 0.13 0.19 0.26
v -26.7318210 -11.5056397 14.0000000 0.13 0.19 0.26
v -6.3140834 -3.0483358 13.7000000 0.13 0.19 0.26
v -6.3140834 -3.0483358 14.0000000 0.13 0.19 0.26
v -6.6202301 -2.3092322 13.7000000 0.13 0.19 0.26
v -6.6202301 -2.3092322 14.0000000 0.13 0.19 0.26
v -6.3140834 -3.0483358 13.7000000 0.13 0.19 0.26
v -6.3140834 -3.0483358 14.0000000 0.13 0.19 0.26
v -28.2119692 -7.1452639 13.7000000 0.13 0.19 0.26
v -28.2119692 -7.1452639 14.0000000 0.13 0.19 0.26
v -6.8650084 -1.4253630 13.7000000 0.13 0.19 0.26
v -6.8650084 -1.4253630 14.0000000 0.13 0.19 0.26
v -28.2119692 -7.1452639 13.7000000 0.13 0.19 0.26
v -28.2119692 -7.1452639 14.0000000 0.13 0.19 0.26
v -28.0049139 -7.9180045 13.7000000 0.13 0.19 0.26
v -28.0049139 -7.9180045 14.0000000 0.13 0.19 0.26
v -28.0049139 -7.9180045 13.7000000 0.13 0.19 0.26
v -28.0049139 -7.9180045 14.0000000 0.13 0.19 0.26
v -6.6579532 -2.1981036 13.7000000 0.13 0.19 0.26
v -6.6579532 -2.1981036 14.0000000 0.13 0.19 0.26
v -6.8650084 -1.4253630 13.7000000 0.13 0.19 0.26
v -6.8650084 -1.4253630 14.0000000 0.13 0.19 0.26
v -6.6579532 -2.1981036 13.7000000 0.13 0.19 0.26
v -6.6579532 -2.1981036 14.0000000 0.13 0.19 0.26
v -28.9032559 -3.4017342 13.7000000 0.13 0.19 0.26
v -28.9032559 -3.4017342 14.0000000 0.13 0.19 0.26
v -6.9923245 -0.5171054 13.7000000 0.13 0.19 0.26
v -6.9923245 -0.5171054 14.0000000 0.13 0.19 0.26
v -28.9032559 -3.4017342 13.7000000 0.13 0.19 0.26
v -28.9032559 -3.4017342 14.0000000 0.13 0.19 0.26
v -28.7988350 -4.1948901 13.7000000 0.13 0.19 0.26
v -28.7988350 -4.1948901 14.0000000 0.13 0.19 0.26
v -28.7988350 -4.1948901 13.7000000 0.13 0.19 0.26
v -28.7988350 -4.1948901 14.0000000 0.13 0.19 0.26
v -6.8879036 -1.3102613 13.7000000 0.13 0.19 0.26
v -6.8879036 -1.3102613 14.0000000 0.13 0.19 0.26
v -6.9923245 -0.5171054 13.7000000 0.13 0.19 0.26
v -6.9923245 -0.5171054 14.0000000 0.13 0.19 0.26
v -6.8879036 -1.3102613 13.7000000 0.13 0.19 0.26
v -6.8879036 -1.3102613 14.0000000 0.13 0.19 0.26
v -20.8596500 -20.2939646 13.7000000 0.13 0.19 0.26
v -20.8596500 -20.2939646 14.0000000 0.13 0.19 0.26
v -5.2325902 -4.6669048 13.7000000 0.13 0.19 0.26
v -5.2325902 -4.6669048 14.0000000 0.13 0.19 0.26
v -20.8596500 -20.2939646 13.7000000 0.13 0.19 0.26
v -20.8596500 -20.2939646 14.0000000 0.13 0.19 0.26
v -20.2939646 -20.8596500 13.7000000 0.13 0.19 0.26
v -20.2939646 -20.8596500 14.0000000 0.13 0.19 0.26
v -20.2939646 -20.8596500 13.7000000 0.13 0.19 0.26
v -20.2939646 -20.8596500 14.0000000 0.13 0.19 0.26
v -4.6669048 -5.2325902 13.7000000 0.13 0.19 0.26
v -4.6669048 -5.2325902 14.0000000 0.13 0.19 0.26
v -5.2325902 -4.6669048 13.7000000 0.13 0.19 0.26
v -5.2325902 -4.6669048 14.0000000 0.13 0.19 0.26
v -4.6669048 -5.2325902 13.7000000 0.13 0.19 0.26
v -4.6669048 -5.2325902 14.0000000 0.13 0.19 0.26
v -18.0322989 -22.8430776 13.7000000 0.13 0.19 0.26
v -18.0322989 -22.8430776 14.0000000 0.13 0.19 0.26
v -4.5786713 -5.3099688 13.7000000 0.13 0.19 0.26
v -4.5786713 -5.3099688 14.0000000 0.13 0.19 0.26
v -18.0322989 -22.8430776 13.7000000 0.13 0.19 0.26
v -18.0322989 -22.8430776 14.0000000 0.13 0.19 0.26
v -17.3976162 -23.3300868 13.7000000 0.13 0.19 0.26
v -17.3976162 -23.3300868 14.0000000 0.13 0.19 0.26
v -17.3976162 -23.3300868 13.7000000 0.13 0.19 0.26
v -17.3976162 -23.3300868 14.0000000 0.13 0.19 0.26
v -3.9439887 -5.7969780 13.7000000 0.13 0.19 0.26
v -3.9439887 -5.7969780 14.0000000 0.13 0.19 0.26
v -4.5786713 -5.3099688 13.7000000 0.13 0.19 0.26
v -4.5786713 -5.3099688 14.0000000 0.13 0.19 0.26
v -3.9439887 -5.7969780 13.7000000 0.13 0.19 0.26
v -3.9439887 -5.7969780 14.0000000 0.13 0.19 0.26
v -23.3300868 -17.3976162 13.7000000 0.13 0.19 0.26
v -23.3300868 -17.3976162 14.0000000 0.13 0.19 0.26
v -5.7969780 -3.9439887 13.7000000 0.13 0.19 0.26
v -5.7969780 -3.9439887 14.0000000 0.13 0.19 0.26
v -23.3300868 -17.3976162 13.7000000 0.13 0.19 0.26
v -23.3300868 -17.3976162 14.0000000 0.13 0.19 0.26
v -22.8430776 -18.0322989 13.7000000 0.13 0.19 0.26
v -22.8430776 -18.0322989 14.0000000 0.13 0.19 0.26
v -22.8430776 -18.0322989 13.7000000 0.13 0.19 0.26
v -22.8430776 -18.0322989 14.0000000 0.13 0.19 0.26
v -5.3099688 -4.5786713 13.7000000 0.13 0.19 0.26
v -5.3099688 -4.5786713 14.0000000 0.13 0.19 0.26
v -5.7969780 -3.9439887 13.7000000 0.13 0.19 0.26
v -5.7969780 -3.9439887 14.0000000 0.13 0.19 0.26
v -5.3099688 -4.5786713 13.7000000 0.13 0.19 0.26
v -5.3099688 -4.5786713 14.0000000 0.13 0.19 0.26
v 3.4017342 -28.9032559 13.7000000 0.13 0.19 0.26
v 3.4017342 -28.9032559 14.0000000 0.13 0.19 0.26
v 0.5171054 -6.9923245 13.7000000 0.13 0.19 0.26
v 0.5171054 -6.9923245 14.0000000 0.13 0.19 0.26
v 3.4017342 -28.9032559 13.7000000 0.13 0.19 0.26
v 3.4017342 -28.9032559 14.0000000 0.13 0.19 0.26
v 4.1948901 -28.7988350 13.7000000 0.13 0.19 0.26
v 4.1948901 -28.7988350 14.0000000 0.13 0.19 0.26
v 4.1948901 -28.7988350 13.7000000 0.13 0.19 0.26
v 4.1948901 -28.7988350 14.0000000 0.13 0.19 0.26
v 1.3102613 -6.8879036 13.7000000 0.13 0.19 0.26
v 1.3102613 -6.8879036 14.0000000 0.13 0.19 0.26
v 0.5171054 -6.9923245 13.7000000 0.13 0.19 0.26
v 0.5171054 -6.9923245 14.0000000 0.13 0.19 0.26
v 1.3102613 -6.8879036 13.7000000 0.13 0.19 0.26
v 1.3102613 -6.8879036 14.0000000 0.13 0.19 0.26
v 7.1452639 -28.2119692 13.7000000 0.13 0.19 0.26
v 7.1452639 -28.2119692 14.0000000 0.13 0.19 0.26
v 1.4253630 -6.8650084 13.7000000 0.13 0.19 0.26
v 1.4253630 -6.8650084 14.0000000 0.13 0.19 0.26
v 7.1452639 -28.2119692 13.7000000 0.13 0.19 0.26
v 7.1452639 -28.2119692 14.0000000 0.13 0.19 0.26
v 7.9180045 -28.0049139 13.7000000 0.13 0.19 0.26
v 7.9180045 -28.0049139 14.0000000 0.13 0.19 0.26
v 7.9180045 -28.0049139 13.7000000 0.13 0.19 0.26
v 7.9180045 -28.0049139 14.0000000 0.13 0.19 0.26
v 2.1981036 -6.6579532 13.7000000 0.13 0.19 0.26
v 2.1981036 -6.6579532 14.0000000 0.13 0.19 0.26
v 1.4253630 -6.8650084 13.7000000 0.13 0.19 0.26
v 1.4253630 -6.8650084 14.0000000 0.13 0.19 0.26
v 2.1981036 -6.6579532 13.7000000 0.13 0.19 0.26
v 2.1981036 -6.6579532 14.0000000 0.13 0.19 0.26
v 10.7665361 -27.0379678 13.7000000 0.13 0.19 0.26
v 10.7665361 -27.0379678 14.0000000 0.13 0.19 0.26
v 2.3092322 -6.6202301 13.7000000 0.13 0.19 0.26
v 2.3092322 -6.6202301 14.0000000 0.13 0.19 0.26
v 10.7665361 -27.0379678 13.7000000 0.13 0.19 0.26
v 10.7665361 -27.0379678 14.0000000 0.13 0.19 0.26
v 11.5056397 -26.7318210 13.7000000 0.13 0.19 0.26
v 11.5056397 -26.7318210 14.0000000 0.13 0.19 0.26
v 11.5056397 -26.7318210 13.7000000 0.13 0.19 0.26
v 11.5056397 -26.7318210 14.0000000 0.13 0.19 0.26
v 3.0483358 -6.3140834 13.7000000 0.13 0.19 0.26
v 3.0483358 -6.3140834 14.0000000 0.13 0.19 0.26
v 2.3092322 -6.6202301 13.7000000 0.13 0.19 0.26
v 2.3092322 -6.6202301 14.0000000 0.13 0.19 0.26
v 3.0483358 -6.3140834 13.7000000 0.13 0.19 0.26
v 3.0483358 -6.3140834 14.0000000 0.13 0.19 0.26
v 14.2035898 -25.4013393 13.7000000 0.13 0.19 0.26
v 14.2035898 -25.4013393 14.0000000 0.13 0.19 0.26
v 3.1535898 -6.2621778 13.7000000 0.13 0.19 0.26
v 3.1535898 -6.2621778 14.0000000 0.13 0.19 0.26
v 14.2035898 -25.4013393 13.7000000 0.13 0.19 0.26
v 14.2035898 -25.4013393 14.0000000 0.13 0.19 0.26
v 14.8964102 -25.0013393 13.7000000 0.13 0.19 0.26
v 14.8964102 -25.0013393 14.0000000 0.13 0.19 0.26
v 14.8964102 -25.0013393 13.7000000 0.13 0.19 0.26
v 14.8964102 -25.0013393 14.0000000 0.13 0.19 0.26
v 3.8464102 -5.8621778 13.7000000 0.13 0.19 0.26
v 3.8464102 -5.8621778 14.0000000 0.13 0.19 0.26
v 3.1535898 -6.2621778 13.7000000 0.13 0.19 0.26
v 3.1535898 -6.2621778 14.0000000 0.13 0.19 0.26
v 3.8464102 -5.8621778 13.7000000 0.13 0.19 0.26
v 3.8464102 -5.8621778 14.0000000 0.13 0.19 0.26
v 17.3976162 -23.3300868 13.7000000 0.13 0.19 0.26
v 17.3976162 -23.3300868 14.0000000 0.13 0.19 0.26
v 3.9439887 -5.7969780 13.7000000 0.13 0.19 0.26
v 3.9439887 -5.7969780 14.0000000 0.13 0.19 0.26
v 17.3976162 -23.3300868 13.7000000 0.13 0.19 0.26
v 17.3976162 -23.3300868 14.0000000 0.13 0.19 0.26
v 18.0322989 -22.8430776 13.7000000 0.13 0.19 0.26
v 18.0322989 -22.8430776 14.0000000 0.13 0.19 0.26
v 18.0322989 -22.8430776 13.7000000 0.13 0.19 0.26
v 18.0322989 -22.8430776 14.0000000 0.13 0.19 0.26
v 4.5786713 -5.3099688 13.7000000 0.13 0.19 0.26
v 4.5786713 -5.3099688 14.0000000 0.13 0.19 0.26
v 3.9439887 -5.7969780 13.7000000 0.13 0.19 0.26
v 3.9439887 -5.7969780 14.0000000 0.13 0.19 0.26
v 4.5786713 -5.3099688 13.7000000 0.13 0.19 0.26
v 4.5786713 -5.3099688 14.0000000 0.13 0.19 0.26
v 20.2939646 -20.8596500 13.7000000 0.13 0.19 0.26
v 20.2939646 -20.8596500 14.0000000 0.13 0.19 0.26
v 4.6669048 -5.2325902 13.7000000 0.13 0.19 0.26
v 4.6669048 -5.2325902 14.0000000 0.13 0.19 0.26
v 20.2939646 -20.8596500 13.7000000 0.13 0.19 0.26
v 20.2939646 -20.8596500 14.0000000 0.13 0.19 0.26
v 20.8596500 -20.2939646 13.7000000 0.13 0.19 0.26
v 20.8596500 -20.2939646 14.0000000 0.13 0.19 0.26
v 20.8596500 -20.2939646 13.7000000 0.13 0.19 0.26
v 20.8596500 -20.2939646 14.0000000 0.13 0.19 0.26
v 5.2325902 -4.6669048 13.7000000 0.13 0.19 0.26
v 5.2325902 -4.6669048 14.0000000 0.13 0.19 0.26
v 4.6669048 -5.2325902 13.7000000 0.13 0.19 0.26
v 4.6669048 -5.2325902 14.0000000 0.13 0.19 0.26
v 5.2325902 -4.6669048 13.7000000 0.13 0.19 0.26
v 5.2325902 -4.6669048 14.0000000 0.13 0.19 0.26
v 22.8430776 -18.0322989 13.7000000 0.13 0.19 0.26
v 22.8430776 -18.0322989 14.0000000 0.13 0.19 0.26
v 5.3099688 -4.5786713 13.7000000 0.13 0.19 0.26
v 5.3099688 -4.5786713 14.0000000 0.13 0.19 0.26
v 22.8430776 -18.0322989 13.7000000 0.13 0.19 0.26
v 22.8430776 -18.0322989 14.0000000 0.13 0.19 0.26
v 23.3300868 -17.3976162 13.7000000 0.13 0.19 0.26
v 23.3300868 -17.3976162 14.0000000 0.13 0.19 0.26
v 23.3300868 -17.3976162 13.7000000 0.13 0.19 0.26
v 23.3300868 -17.3976162 14.0000000 0.13 0.19 0.26
v 5.7969780 -3.9439887 13.7000000 0.13 0.19 0.26
v 5.7969780 -3.9439887 14.0000000 0.13 0.19 0.26
v 5.3099688 -4.5786713 13.7000000 0.13 0.19 0.26
v 5.3099688 -4.5786713 14.0000000 0.13 0.19 0.26
v 5.7969780 -3.9439887 13.7000000 0.13 0.19 0.26
v 5.7969780 -3.9439887 14.0000000 0.13 0.19 0.26
v 25.0013393 -14.8964102 13.7000000 0.13 0.19 0.26
v 25.0013393 -14.8964102 14.0000000 0.13 0.19 0.26
v 5.8621778 -3.8464102 13.7000000 0.13 0.19 0.26
v 5.8621778 -3.8464102 14.0000000 0.13 0.19 0.26
v 25.0013393 -14.8964102 13.7000000 0.13 0.19 0.26
v 25.0013393 -14.8964102 14.0000000 0.13 0.19 0.26
v 25.4013393 -14.2035898 13.7000000 0.13 0.19 0.26
v 25.4013393 -14.2035898 14.0000000 0.13 0.19 0.26
v 25.4013393 -14.2035898 13.7000000 0.13 0.19 0.26
v 25.4013393 -14.2035898 14.0000000 0.13 0.19 0.26
v 6.2621778 -3.1535898 13.7000000 0.13 0.19 0.26
v 6.2621778 -3.1535898 14.0000000 0.13 0.19 0.26
v 5.8621778 -3.8464102 13.7000000 0.13 0.19 0.26
v 5.8621778 -3.8464102 14.0000000 0.13 0.19 0.26
v 6.2621778 -3.1535898 13.7000000 0.13 0.19 0.26
v 6.2621778 -3.1535898 14.0000000 0.13 0.19 0.26
v 26.7318210 -11.5056397 13.7000000 0.13 0.19 0.26
v 26.7318210 -11.5056397 14.0000000 0.13 0.19 0.26
v 6.3140834 -3.0483358 13.7000000 0.13 0.19 0.26
v 6.3140834 -3.0483358 14.0000000 0.13 0.19 0.26
v 26.7318210 -11.5056397 13.7000000 0.13 0.19 0.26
v 26.7318210 -11.5056397 14.0000000 0.13 0.19 0.26
v 27.0379678 -10.7665361 13.7000000 0.13 0.19 0.26
v 27.0379678 -10.7665361 14.0000000 0.13 0.19 0.26
v 27.0379678 -10.7665361 13.7000000 0.13 0.19 0.26
v 27.0379678 -10.7665361 14.0000000 0.13 0.19 0.26
v 6.6202301 -2.3092322 13.7000000 0.13 0.19 0.26
v 6.6202301 -2.3092322 14.0000000 0.13 0.19 0.26
v 6.3140834 -3.0483358 13.7000000 0.13 0.19 0.26
v 6.3140834 -3.0483358 14.0000000 0.13 0.19 0.26
v 6.6202301 -2.3092322 13.7000000 0.13 0.19 0.26
v 6.6202301 -2.3092322 14.0000000 0.13 0.19 0.26
v 28.0049139 -7.9180045 13.7000000 0.13 0.19 0.26
v 28.0049139 -7.9180045 14.0000000 0.13 0.19 0.26
v 6.6579532 -2.1981036 13.7000000 0.13 0.19 0.26
v 6.6579532 -2.1981036 14.0000000 0.13 0.19 0.26
v 28.0049139 -7.9180045 13.7000000 0.13 0.19 0.26
v 28.0049139 -7.9180045 14.0000000 0.13 0.19 0.26
v 28.2119692 -7.1452639 13.7000000 0.13 0.19 0.26
v 28.2119692 -7.1452639 14.0000000 0.13 0.19 0.26
v 28.2119692 -7.1452639 13.7000000 0.13 0.19 0.26
v 28.2119692 -7.1452639 14.0000000 0.13 0.19 0.26
v 6.8650084 -1.4253630 13.7000000 0.13 0.19 0.26
v 6.8650084 -1.4253630 14.0000000 0.13 0.19 0.26
v 6.6579532 -2.1981036 13.7000000 0.13 0.19 0.26
v 6.6579532 -2.1981036 14.0000000 0.13 0.19 0.26
v 6.8650084 -1.4253630 13.7000000 0.13 0.19 0.26
v 6.8650084 -1.4253630 14.0000000 0.13 0.19 0.26
v 28.7988350 -4.1948901 13.7000000 0.13 0.19 0.26
v 28.7988350 -4.1948901 14.0000000 0.13 0.19 0.26
v 6.8879036 -1.3102613 13.7000000 0.13 0.19 0.26
v 6.8879036 -1.3102613 14.0000000 0.13 0.19 0.26
v 28.7988350 -4.1948901 13.7000000 0.13 0.19 0.26
v 28.7988350 -4.1948901 14.0000000 0.13 0.19 0.26
v 28.9032559 -3.4017342 13.7000000 0.13 0.19 0.26
v 28.9032559 -3.4017342 14.0000000 0.13 0.19 0.26
v 28.9032559 -3.4017342 13.7000000 0.13 0.19 0.26
v 28.9032559 -3.4017342 14.0000000 0.13 0.19 0.26
v 6.9923245 -0.5171054 13.7000000 0.13 0.19 0.26
v 6.9923245 -0.5171054 14.0000000 0.13 0.19 0.26
v 6.8879036 -1.3102613 13.7000000 0.13 0.19 0.26
v 6.8879036 -1.3102613 14.0000000 0.13 0.19 0.26
v 6.9923245 -0.5171054 13.7000000 0.13 0.19 0.26
v 6.9923245 -0.5171054 14.0000000 0.13 0.19 0.26
v 29.1000000 -0.4000000 13.7000000 0.13 0.19 0.26
v 29.1000000 -0.4000000 14.0000000 0.13 0.19 0.26
v 7.0000000 -0.4000000 13.7000000 0.13 0.19 0.26
v 7.0000000 -0.4000000 14.0000000 0.13 0.19 0.26
v 29.1000000 -0.4000000 13.7000000 0.13 0.19 0.26
v 29.1000000 -0.4000000 14.0000000 0.13 0.19 0.26
v 29.1000000 0.4000000 13.7000000 0.13 0.19 0.26
v 29.1000000 0.4000000 14.0000000 0.13 0.19 0.26
v 29.1000000 0.4000000 13.7000000 0.13 0.19 0.26
v 29.1000000 0.4000000 14.0000000 0.13 0.19 0.26
v 7.0000000 0.4000000 13.7000000 0.13 0.19 0.26
v 7.0000000 0.4000000 14.0000000 0.13 0.19 0.26
v 7.0000000 -0.4000000 13.7000000 0.13 0.19 0.26
v 7.0000000 -0.4000000 14.0000000 0.13 0.19 0.26
v 7.0000000 0.4000000 13.7000000 0.13 0.19 0.26
v 7.0000000 0.4000000 14.0000000 0.13 0.19 0.26
v -29.1000000 0.4000000 13.7000000 0.13 0.19 0.26
v -29.1000000 0.4000000 14.0000000 0.13 0.19 0.26
v -7.0000000 0.4000000 13.7000000 0.13 0.19 0.26
v -7.0000000 0.4000000 14.0000000 0.13 0.19 0.26
v -29.1000000 0.4000000 13.7000000 0.13 0.19 0.26
v -29.1000000 0.4000000 14.0000000 0.13 0.19 0.26
v -29.1000000 -0.4000000 13.7000000 0.13 0.19 0.26
v -29.1000000 -0.4000000 14.0000000 0.13 0.19 0.26
v -29.1000000 -0.4000000 13.7000000 0.13 0.19 0.26
v -29.1000000 -0.4000000 14.0000000 0.13 0.19 0.26
v -7.0000000 -0.4000000 13.7000000 0.13 0.19 0.26
v -7.0000000 -0.4000000 14.0000000 0.13 0.19 0.26
v -7.0000000 0.4000000 13.7000000 0.13 0.19 0.26
v -7.0000000 0.4000000 14.0000000 0.13 0.19 0.26
v -7.0000000 -0.4000000 13.7000000 0.13 0.19 0.26
v -7.0000000 -0.4000000 14.0000000 0.13 0.19 0.26
v -28.7988350 4.1948901 13.7000000 0.13 0.19 0.26
v -28.7988350 4.1948901 14.0000000 0.13 0.19 0.26
v -6.8879036 1.3102613 13.7000000 0.13 0.19 0.26
v -6.8879036 1.3102613 14.0000000 0.13 0.19 0.26
v -28.7988350 4.1948901 13.7000000 0.13 0.19 0.26
v -28.7988350 4.1948901 14.0000000 0.13 0.19 0.26
v -28.9032559 3.4017342 13.7000000 0.13 0.19 0.26
v -28.9032559 3.4017342 14.0000000 0.13 0.19 0.26
v -28.9032559 3.4017342 13.7000000 0.13 0.19 0.26
v -28.9032559 3.4017342 14.0000000 0.13 0.19 0.26
v -6.9923245 0.5171054 13.7000000 0.13 0.19 0.26
v -6.9923245 0.5171054 14.0000000 0.13 0.19 0.26
v -6.8879036 1.3102613 13.7000000 0.13 0.19 0.26
v -6.8879036 1.3102613 14.0000000 0.13 0.19 0.26
v -6.9923245 0.5171054 13.7000000 0.13 0.19 0.26
v -6.9923245 0.5171054 14.0000000 0.13 0.19 0.26
v -28.0049139 7.9180045 13.7000000 0.13 0.19 0.26
v -28.0049139 7.9180045 14.0000000 0.13 0.19 0.26
v -6.6579532 2.1981036 13.7000000 0.13 0.19 0.26
v -6.6579532 2.1981036 14.0000000 0.13 0.19 0.26
v -28.0049139 7.9180045 13.7000000 0.13 0.19 0.26
v -28.0049139 7.9180045 14.0000000 0.13 0.19 0.26
v -28.2119692 7.1452639 13.7000000 0.13 0.19 0.26
v -28.2119692 7.1452639 14.0000000 0.13 0.19 0.26
v -28.2119692 7.1452639 13.7000000 0.13 0.19 0.26
v -28.2119692 7.1452639 14.0000000 0.13 0.19 0.26
v -6.8650084 1.4253630 13.7000000 0.13 0.19 0.26
v -6.8650084 1.4253630 14.0000000 0.13 0.19 0.26
v -6.6579532 2.1981036 13.7000000 0.13 0.19 0.26
v -6.6579532 2.1981036 14.0000000 0.13 0.19 0.26
v -6.8650084 1.4253630 13.7000000 0.13 0.19 0.26
v -6.8650084 1.4253630 14.0000000 0.13 0.19 0.26
v -26.7318210 11.5056397 13.7000000 0.13 0.19 0.26
v -26.7318210 11.5056397 14.0000000 0.13 0.19 0.26
v -6.3140834 3.0483358 13.7000000 0.13 0.19 0.26
v -6.3140834 3.0483358 14.0000000 0.13 0.19 0.26
v -26.7318210 11.5056397 13.7000000 0.13 0.19 0.26
v -26.7318210 11.5056397 14.0000000 0.13 0.19 0.26
v -27.0379678 10.7665361 13.7000000 0.13 0.19 0.26
v -27.0379678 10.7665361 14.0000000 0.13 0.19 0.26
v -27.0379678 10.7665361 13.7000000 0.13 0.19 0.26
v -27.0379678 10.7665361 14.0000000 0.13 0.19 0.26
v -6.6202301 2.3092322 13.7000000 0.13 0.19 0.26
v -6.6202301 2.3092322 14.0000000 0.13 0.19 0.26
v -6.3140834 3.0483358 13.7000000 0.13 0.19 0.26
v -6.3140834 3.0483358 14.0000000 0.13 0.19 0.26
v -6.6202301 2.3092322 13.7000000 0.13 0.19 0.26
v -6.6202301 2.3092322 14.0000000 0.13 0.19 0.26
v -25.0013393 14.8964102 13.7000000 0.13 0.19 0.26
v -25.0013393 14.8964102 14.0000000 0.13 0.19 0.26
v -5.8621778 3.8464102 13.7000000 0.13 0.19 0.26
v -5.8621778 3.8464102 14.0000000 0.13 0.19 0.26
v -25.0013393 14.8964102 13.7000000 0.13 0.19 0.26
v -25.0013393 14.8964102 14.0000000 0.13 0.19 0.26
v -25.4013393 14.2035898 13.7000000 0.13 0.19 0.26
v -25.4013393 14.2035898 14.0000000 0.13 0.19 0.26
v -25.4013393 14.2035898 13.7000000 0.13 0.19 0.26
v -25.4013393 14.2035898 14.0000000 0.13 0.19 0.26
v -6.2621778 3.1535898 13.7000000 0.13 0.19 0.26
v -6.2621778 3.1535898 14.0000000 0.13 0.19 0.26
v -5.8621778 3.8464102 13.7000000 0.13 0.19 0.26
v -5.8621778 3.8464102 14.0000000 0.13 0.19 0.26
v -6.2621778 3.1535898 13.7000000 0.13 0.19 0.26
v -6.2621778 3.1535898 14.0000000 0.13 0.19 0.26
v -22.8430776 18.0322989 13.7000000 0.13 0.19 0.26
v -22.8430776 18.0322989 14.0000000 0.13 0.19 0.26
v -5.3099688 4.5786713 13.7000000 0.13 0.19 0.26
v -5.3099688 4.5786713 14.0000000 0.13 0.19 0.26
v -22.8430776 18.0322989 13.7000000 0.13 0.19 0.26
v -22.8430776 18.0322989 14.0000000 0.13 0.19 0.26
v -23.3300868 17.3976162 13.7000000 0.13 0.19 0.26
v -23.3300868 17.3976162 14.0000000 0.13 0.19 0.26
v -23.3300868 17.3976162 13.7000000 0.13 0.19 0.26
v -23.3300868 17.3976162 14.0000000 0.13 0.19 0.26
v -5.7969780 3.9439887 13.7000000 0.13 0.19 0.26
v -5.7969780 3.9439887 14.0000000 0.13 0.19 0.26
v -5.3099688 4.5786713 13.7000000 0.13 0.19 0.26
v -5.3099688 4.5786713 14.0000000 0.13 0.19 0.26
v -5.7969780 3.9439887 13.7000000 0.13 0.19 0.26
v -5.7969780 3.9439887 14.0000000 0.13 0.19 0.26
v -20.2939646 20.8596500 13.7000000 0.13 0.19 0.26
v -20.2939646 20.8596500 14.0000000 0.13 0.19 0.26
v -4.6669048 5.2325902 13.7000000 0.13 0.19 0.26
v -4.6669048 5.2325902 14.0000000 0.13 0.19 0.26
v -20.2939646 20.8596500 13.7000000 0.13 0.19 0.26
v -20.2939646 20.8596500 14.0000000 0.13 0.19 0.26
v -20.8596500 20.2939646 13.7000000 0.13 0.19 0.26
v -20.8596500 20.2939646 14.0000000 0.13 0.19 0.26
v -20.8596500 20.2939646 13.7000000 0.13 0.19 0.26
v -20.8596500 20.2939646 14.0000000 0.13 0.19 0.26
v -5.2325902 4.6669048 13.7000000 0.13 0.19 0.26
v -5.2325902 4.6669048 14.0000000 0.13 0.19 0.26
v -4.6669048 5.2325902 13.7000000 0.13 0.19 0.26
v -4.6669048 5.2325902 14.0000000 0.13 0.19 0.26
v -5.2325902 4.6669048 13.7000000 0.13 0.19 0.26
v -5.2325902 4.6669048 14.0000000 0.13 0.19 0.26
v -17.3976162 23.3300868 13.7000000 0.13 0.19 0.26
v -17.3976162 23.3300868 14.0000000 0.13 0.19 0.26
v -3.9439887 5.7969780 13.7000000 0.13 0.19 0.26
v -3.9439887 5.7969780 14.0000000 0.13 0.19 0.26
v -17.3976162 23.3300868 13.7000000 0.13 0.19 0.26
v -17.3976162 23.3300868 14.0000000 0.13 0.19 0.26
v -18.0322989 22.8430776 13.7000000 0.13 0.19 0.26
v -18.0322989 22.8430776 14.0000000 0.13 0.19 0.26
v -18.0322989 22.8430776 13.7000000 0.13 0.19 0.26
v -18.0322989 22.8430776 14.0000000 0.13 0.19 0.26
v -4.5786713 5.3099688 13.7000000 0.13 0.19 0.26
v -4.5786713 5.3099688 14.0000000 0.13 0.19 0.26
v -3.9439887 5.7969780 13.7000000 0.13 0.19 0.26
v -3.9439887 5.7969780 14.0000000 0.13 0.19 0.26
v -4.5786713 5.3099688 13.7000000 0.13 0.19 0.26
v -4.5786713 5.3099688 14.0000000 0.13 0.19 0.26
v -14.2035898 25.4013393 13.7000000 0.13 0.19 0.26
v -14.2035898 25.4013393 14.0000000 0.13 0.19 0.26
v -3.1535898 6.2621778 13.7000000 0.13 0.19 0.26
v -3.1535898 6.2621778 14.0000000 0.13 0.19 0.26
v -14.2035898 25.4013393 13.7000000 0.13 0.19 0.26
v -14.2035898 25.4013393 14.0000000 0.13 0.19 0.26
v -14.8964102 25.0013393 13.7000000 0.13 0.19 0.26
v -14.8964102 25.0013393 14.0000000 0.13 0.19 0.26
v -14.8964102 25.0013393 13.7000000 0.13 0.19 0.26
v -14.8964102 25.0013393 14.0000000 0.13 0.19 0.26
v -3.8464102 5.8621778 13.7000000 0.13 0.19 0.26
v -3.8464102 5.8621778 14.0000000 0.13 0.19 0.26
v -3.1535898 6.2621778 13.7000000 0.13 0.19 0.26
v -3.1535898 6.2621778 14.0000000 0.13 0.19 0.26
v -3.8464102 5.8621778 13.7000000 0.13 0.19 0.26
v -3.8464102 5.8621778 14.0000000 0.13 0.19 0.26
v -10.7665361 27.0379678 13.7000000 0.13 0.19 0.26
v -10.7665361 27.0379678 14.0000000 0.13 0.19 0.26
v -2.3092322 6.6202301 13.7000000 0.13 0.19 0.26
v -2.3092322 6.6202301 14.0000000 0.13 0.19 0.26
v -10.7665361 27.0379678 13.7000000 0.13 0.19 0.26
v -10.7665361 27.0379678 14.0000000 0.13 0.19 0.26
v -11.5056397 26.7318210 13.7000000 0.13 0.19 0.26
v -11.5056397 26.7318210 14.0000000 0.13 0.19 0.26
v -11.5056397 26.7318210 13.7000000 0.13 0.19 0.26
v -11.5056397 26.7318210 14.0000000 0.13 0.19 0.26
v -3.0483358 6.3140834 13.7000000 0.13 0.19 0.26
v -3.0483358 6.3140834 14.0000000 0.13 0.19 0.26
v -2.3092322 6.6202301 13.7000000 0.13 0.19 0.26
v -2.3092322 6.6202301 14.0000000 0.13 0.19 0.26
v -3.0483358 6.3140834 13.7000000 0.13 0.19 0.26
v -3.0483358 6.3140834 14.0000000 0.13 0.19 0.26
v -7.1452639 28.2119692 13.7000000 0.13 0.19 0.26
v -7.1452639 28.2119692 14.0000000 0.13 0.19 0.26
v -1.4253630 6.8650084 13.7000000 0.13 0.19 0.26
v -1.4253630 6.8650084 14.0000000 0.13 0.19 0.26
v -7.1452639 28.2119692 13.7000000 0.13 0.19 0.26
v -7.1452639 28.2119692 14.0000000 0.13 0.19 0.26
v -7.9180045 28.0049139 13.7000000 0.13 0.19 0.26
v -7.9180045 28.0049139 14.0000000 0.13 0.19 0.26
v -7.9180045 28.0049139 13.7000000 0.13 0.19 0.26
v -7.9180045 28.0049139 14.0000000 0.13 0.19 0.26
v -2.1981036 6.6579532 13.7000000 0.13 0.19 0.26
v -2.1981036 6.6579532 14.0000000 0.13 0.19 0.26
v -1.4253630 6.8650084 13.7000000 0.13 0.19 0.26
v -1.4253630 6.8650084 14.0000000 0.13 0.19 0.26
v -2.1981036 6.6579532 13.7000000 0.13 0.19 0.26
v -2.1981036 6.6579532 14.0000000 0.13 0.19 0.26
v -3.4017342 28.9032559 13.7000000 0.13 0.19 0.26
v -3.4017342 28.9032559 14.0000000 0.13 0.19 0.26
v -0.5171054 6.9923245 13.7000000 0.13 0.19 0.26
v -0.5171054 6.9923245 14.0000000 0.13 0.19 0.26
v -3.4017342 28.9032559 13.7000000 0.13 0.19 0.26
v -3.4017342 28.9032559 14.0000000 0.13 0.19 0.26
v -4.1948901 28.7988350 13.7000000 0.13 0.19 0.26
v -4.1948901 28.7988350 14.0000000 0.13 0.19 0.26
v -4.1948901 28.7988350 13.7000000 0.13 0.19 0.26
v -4.1948901 28.7988350 14.0000000 0.13 0.19 0.26
v -1.3102613 6.8879036 13.7000000 0.13 0.19 0.26
v -1.3102613 6.8879036 14.0000000 0.13 0.19 0.26
v -0.5171054 6.9923245 13.7000000 0.13 0.19 0.26
v -0.5171054 6.9923245 14.0000000 0.13 0.19 0.26
v -1.3102613 6.8879036 13.7000000 0.13 0.19 0.26
v -1.3102613 6.8879036 14.0000000 0.13 0.19 0.26
v 23.3300868 17.3976162 13.7000000 0.13 0.19 0.26
v 23.3300868 17.3976162 14.0000000 0.13 0.19 0.26
v 5.7969780 3.9439887 13.7000000 0.13 0.19 0.26
v 5.7969780 3.9439887 14.0000000 0.13 0.19 0.26
v 23.3300868 17.3976162 13.7000000 0.13 0.19 0.26
v 23.3300868 17.3976162 14.0000000 0.13 0.19 0.26
v 22.8430776 18.0322989 13.7000000 0.13 0.19 0.26
v 22.8430776 18.0322989 14.0000000 0.13 0.19 0.26
v 22.8430776 18.0322989 13.7000000 0.13 0.19 0.26
v 22.8430776 18.0322989 14.0000000 0.13 0.19 0.26
v 5.3099688 4.5786713 13.7000000 0.13 0.19 0.26
v 5.3099688 4.5786713 14.0000000 0.13 0.19 0.26
v 5.7969780 3.9439887 13.7000000 0.13 0.19 0.26
v 5.7969780 3.9439887 14.0000000 0.13 0.19 0.26
v 5.3099688 4.5786713 13.7000000 0.13 0.19 0.26
v 5.3099688 4.5786713 14.0000000 0.13 0.19 0.26
v 18.0322989 22.8430776 13.7000000 0.13 0.19 0.26
v 18.0322989 22.8430776 14.0000000 0.13 0.19 0.26
v 4.5786713 5.3099688 13.7000000 0.13 0.19 0.26
v 4.5786713 5.3099688 14.0000000 0.13 0.19 0.26
v 18.0322989 22.8430776 13.7000000 0.13 0.19 0.26
v 18.0322989 22.8430776 14.0000000 0.13 0.19 0.26
v 17.3976162 23.3300868 13.7000000 0.13 0.19 0.26
v 17.3976162 23.3300868 14.0000000 0.13 0.19 0.26
v 17.3976162 23.3300868 13.7000000 0.13 0.19 0.26
v 17.3976162 23.3300868 14.0000000 0.13 0.19 0.26
v 3.9439887 5.7969780 13.7000000 0.13 0.19 0.26
v 3.9439887 5.7969780 14.0000000 0.13 0.19 0.26
v 4.5786713 5.3099688 13.7000000 0.13 0.19 0.26
v 4.5786713 5.3099688 14.0000000 0.13 0.19 0.26
v 3.9439887 5.7969780 13.7000000 0.13 0.19 0.26
v 3.9439887 5.7969780 14.0000000 0.13 0.19 0.26
v 20.8596500 20.2939646 13.7000000 0.13 0.19 0.26
v 20.8596500 20.2939646 14.0000000 0.13 0.19 0.26
v 5.2325902 4.6669048 13.7000000 0.13 0.19 0.26
v 5.2325902 4.6669048 14.0000000 0.13 0.19 0.26
v 20.8596500 20.2939646 13.7000000 0.13 0.19 0.26
v 20.8596500 20.2939646 14.0000000 0.13 0.19 0.26
v 20.2939646 20.8596500 13.7000000 0.13 0.19 0.26
v 20.2939646 20.8596500 14.0000000 0.13 0.19 0.26
v 20.2939646 20.8596500 13.7000000 0.13 0.19 0.26
v 20.2939646 20.8596500 14.0000000 0.13 0.19 0.26
v 4.6669048 5.2325902 13.7000000 0.13 0.19 0.26
v 4.6669048 5.2325902 14.0000000 0.13 0.19 0.26
v 5.2325902 4.6669048 13.7000000 0.13 0.19 0.26
v 5.2325902 4.6669048 14.0000000 0.13 0.19 0.26
v 4.6669048 5.2325902 13.7000000 0.13 0.19 0.26
v 4.6669048 5.2325902 14.0000000 0.13 0.19 0.26
v 28.9032559 3.4017342 13.7000000 0.13 0.19 0.26
v 28.9032559 3.4017342 14.0000000 0.13 0.19 0.26
v 6.9923245 0.5171054 13.7000000 0.13 0.19 0.26
v 6.9923245 0.5171054 14.0000000 0.13 0.19 0.26
v 28.9032559 3.4017342 13.7000000 0.13 0.19 0.26
v 28.9032559 3.4017342 14.0000000 0.13 0.19 0.26
v 28.7988350 4.1948901 13.7000000 0.13 0.19 0.26
v 28.7988350 4.1948901 14.0000000 0.13 0.19 0.26
v 28.7988350 4.1948901 13.7000000 0.13 0.19 0.26
v 28.7988350 4.1948901 14.0000000 0.13 0.19 0.26
v 6.8879036 1.3102613 13.7000000 0.13 0.19 0.26
v 6.8879036 1.3102613 14.0000000 0.13 0.19 0.26
v 6.9923245 0.5171054 13.7000000 0.13 0.19 0.26
v 6.9923245 0.5171054 14.0000000 0.13 0.19 0.26
v 6.8879036 1.3102613 13.7000000 0.13 0.19 0.26
v 6.8879036 1.3102613 14.0000000 0.13 0.19 0.26
v 28.2119692 7.1452639 13.7000000 0.13 0.19 0.26
v 28.2119692 7.1452639 14.0000000 0.13 0.19 0.26
v 6.8650084 1.4253630 13.7000000 0.13 0.19 0.26
v 6.8650084 1.4253630 14.0000000 0.13 0.19 0.26
v 28.2119692 7.1452639 13.7000000 0.13 0.19 0.26
v 28.2119692 7.1452639 14.0000000 0.13 0.19 0.26
v 28.0049139 7.9180045 13.7000000 0.13 0.19 0.26
v 28.0049139 7.9180045 14.0000000 0.13 0.19 0.26
v 28.0049139 7.9180045 13.7000000 0.13 0.19 0.26
v 28.0049139 7.9180045 14.0000000 0.13 0.19 0.26
v 6.6579532 2.1981036 13.7000000 0.13 0.19 0.26
v 6.6579532 2.1981036 14.0000000 0.13 0.19 0.26
v 6.8650084 1.4253630 13.7000000 0.13 0.19 0.26
v 6.8650084 1.4253630 14.0000000 0.13 0.19 0.26
v 6.6579532 2.1981036 13.7000000 0.13 0.19 0.26
v 6.6579532 2.1981036 14.0000000 0.13 0.19 0.26
v 27.0379678 10.7665361 13.7000000 0.13 0.19 0.26
v 27.0379678 10.7665361 14.0000000 0.13 0.19 0.26
v 6.6202301 2.3092322 13.7000000 0.13 0.19 0.26
v 6.6202301 2.3092322 14.0000000 0.13 0.19 0.26
v 27.0379678 10.7665361 13.7000000 0.13 0.19 0.26
v 27.0379678 10.7665361 14.0000000 0.13 0.19 0.26
v 26.7318210 11.5056397 13.7000000 0.13 0.19 0.26
v 26.7318210 11.5056397 14.0000000 0.13 0.19 0.26
v 26.7318210 11.5056397 13.7000000 0.13 0.19 0.26
v 26.7318210 11.5056397 14.0000000 0.13 0.19 0.26
v 6.3140834 3.0483358 13.7000000 0.13 0.19 0.26
v 6.3140834 3.0483358 14.0000000 0.13 0.19 0.26
v 6.6202301 2.3092322 13.7000000 0.13 0.19 0.26
v 6.6202301 2.3092322 14.0000000 0.13 0.19 0.26
v 6.3140834 3.0483358 13.7000000 0.13 0.19 0.26
v 6.3140834 3.0483358 14.0000000 0.13 0.19 0.26
v 25.4013393 14.2035898 13.7000000 0.13 0.19 0.26
v 25.4013393 14.2035898 14.0000000 0.13 0.19 0.26
v 6.2621778 3.1535898 13.7000000 0.13 0.19 0.26
v 6.2621778 3.1535898 14.0000000 0.13 0.19 0.26
v 25.4013393 14.2035898 13.7000000 0.13 0.19 0.26
v 25.4013393 14.2035898 14.0000000 0.13 0.19 0.26
v 25.0013393 14.8964102 13.7000000 0.13 0.19 0.26
v 25.0013393 14.8964102 14.0000000 0.13 0.19 0.26
v 25.0013393 14.8964102 13.7000000 0.13 0.19 0.26
v 25.0013393 14.8964102 14.0000000 0.13 0.19 0.26
v 5.8621778 3.8464102 13.7000000 0.13 0.19 0.26
v 5.8621778 3.8464102 14.0000000 0.13 0.19 0.26
v 6.2621778 3.1535898 13.7000000 0.13 0.19 0.26
v 6.2621778 3.1535898 14.0000000 0.13 0.19 0.26
v 5.8621778 3.8464102 13.7000000 0.13 0.19 0.26
v 5.8621778 3.8464102 14.0000000 0.13 0.19 0.26
v 0.4000000 29.1000000 13.7000000 0.13 0.19 0.26
v 0.4000000 29.1000000 14.0000000 0.13 0.19 0.26
v 0.4000000 7.0000000 13.7000000 0.13 0.19 0.26
v 0.4000000 7.0000000 14.0000000 0.13 0.19 0.26
v 0.4000000 29.1000000 13.7000000 0.13 0.19 0.26
v 0.4000000 29.1000000 14.0000000 0.13 0.19 0.26
v -0.4000000 29.1000000 13.7000000 0.13 0.19 0.26
v -0.4000000 29.1000000 14.0000000 0.13 0.19 0.26
v -0.4000000 29.1000000 13.7000000 0.13 0.19 0.26
v -0.4000000 29.1000000 14.0000000 0.13 0.19 0.26
v -0.4000000 7.0000000 13.7000000 0.13 0.19 0.26
v -0.4000000 7.0000000 14.0000000 0.13 0.19 0.26
v 0.4000000 7.0000000 13.7000000 0.13 0.19 0.26
v 0.4000000 7.0000000 14.0000000 0.13 0.19 0.26
v -0.4000000 7.0000000 13.7000000 0.13 0.19 0.26
v -0.4000000 7.0000000 14.0000000 0.13 0.19 0.26
v 4.1948901 28.7988350 13.7000000 0.13 0.19 0.26
v 4.1948901 28.7988350 14.0000000 0.13 0.19 0.26
v 1.3102613 6.8879036 13.7000000 0.13 0.19 0.26
v 1.3102613 6.8879036 14.0000000 0.13 0.19 0.26
v 4.1948901 28.7988350 13.7000000 0.13 0.19 0.26
v 4.1948901 28.7988350 14.0000000 0.13 0.19 0.26
v 3.4017342 28.9032559 13.7000000 0.13 0.19 0.26
v 3.4017342 28.9032559 14.0000000 0.13 0.19 0.26
v 3.4017342 28.9032559 13.7000000 0.13 0.19 0.26
v 3.4017342 28.9032559 14.0000000 0.13 0.19 0.26
v 0.5171054 6.9923245 13.7000000 0.13 0.19 0.26
v 0.5171054 6.9923245 14.0000000 0.13 0.19 0.26
v 1.3102613 6.8879036 13.7000000 0.13 0.19 0.26
v 1.3102613 6.8879036 14.0000000 0.13 0.19 0.26
v 0.5171054 6.9923245 13.7000000 0.13 0.19 0.26
v 0.5171054 6.9923245 14.0000000 0.13 0.19 0.26
v 7.9180045 28.0049139 13.7000000 0.13 0.19 0.26
v 7.9180045 28.0049139 14.0000000 0.13 0.19 0.26
v 2.1981036 6.6579532 13.7000000 0.13 0.19 0.26
v 2.1981036 6.6579532 14.0000000 0.13 0.19 0.26
v 7.9180045 28.0049139 13.7000000 0.13 0.19 0.26
v 7.9180045 28.0049139 14.0000000 0.13 0.19 0.26
v 7.1452639 28.2119692 13.7000000 0.13 0.19 0.26
v 7.1452639 28.2119692 14.0000000 0.13 0.19 0.26
v 7.1452639 28.2119692 13.7000000 0.13 0.19 0.26
v 7.1452639 28.2119692 14.0000000 0.13 0.19 0.26
v 1.4253630 6.8650084 13.7000000 0.13 0.19 0.26
v 1.4253630 6.8650084 14.0000000 0.13 0.19 0.26
v 2.1981036 6.6579532 13.7000000 0.13 0.19 0.26
v 2.1981036 6.6579532 14.0000000 0.13 0.19 0.26
v 1.4253630 6.8650084 13.7000000 0.13 0.19 0.26
v 1.4253630 6.8650084 14.0000000 0.13 0.19 0.26
v 11.5056397 26.7318210 13.7000000 0.13 0.19 0.26
v 11.5056397 26.7318210 14.0000000 0.13 0.19 0.26
v 3.0483358 6.3140834 13.7000000 0.13 0.19 0.26
v 3.0483358 6.3140834 14.0000000 0.13 0.19 0.26
v 11.5056397 26.7318210 13.7000000 0.13 0.19 0.26
v 11.5056397 26.7318210 14.0000000 0.13 0.19 0.26
v 10.7665361 27.0379678 13.7000000 0.13 0.19 0.26
v 10.7665361 27.0379678 14.0000000 0.13 0.19 0.26
v 10.7665361 27.0379678 13.7000000 0.13 0.19 0.26
v 10.7665361 27.0379678 14.0000000 0.13 0.19 0.26
v 2.3092322 6.6202301 13.7000000 0.13 0.19 0.26
v 2.3092322 6.6202301 14.0000000 0.13 0.19 0.26
v 3.0483358 6.3140834 13.7000000 0.13 0.19 0.26
v 3.0483358 6.3140834 14.0000000 0.13 0.19 0.26
v 2.3092322 6.6202301 13.7000000 0.13 0.19 0.26
v 2.3092322 6.6202301 14.0000000 0.13 0.19 0.26
v 14.8964102 25.0013393 13.7000000 0.13 0.19 0.26
v 14.8964102 25.0013393 14.0000000 0.13 0.19 0.26
v 3.8464102 5.8621778 13.7000000 0.13 0.19 0.26
v 3.8464102 5.8621778 14.0000000 0.13 0.19 0.26
v 14.8964102 25.0013393 13.7000000 0.13 0.19 0.26
v 14.8964102 25.0013393 14.0000000 0.13 0.19 0.26
v 14.2035898 25.4013393 13.7000000 0.13 0.19 0.26
v 14.2035898 25.4013393 14.0000000 0.13 0.19 0.26
v 14.2035898 25.4013393 13.7000000 0.13 0.19 0.26
v 14.2035898 25.4013393 14.0000000 0.13 0.19 0.26
v 3.1535898 6.2621778 13.7000000 0.13 0.19 0.26
v 3.1535898 6.2621778 14.0000000 0.13 0.19 0.26
v 3.8464102 5.8621778 13.7000000 0.13 0.19 0.26
v 3.8464102 5.8621778 14.0000000 0.13 0.19 0.26
v 3.1535898 6.2621778 13.7000000 0.13 0.19 0.26
v 3.1535898 6.2621778 14.0000000 0.13 0.19 0.26
v 30.1979718 0.3500000 1.0000000 0.13 0.19 0.26
v 30.7980113 0.3500000 1.0000000 0.13 0.19 0.26
v 30.1884455 0.8353210 1.0000000 0.13 0.19 0.26
v 30.1711199 1.3204263 1.0000000 0.13 0.19 0.26
v 30.1459995 1.8051904 1.0000000 0.13 0.19 0.26
v 30.7445102 1.8479967 1.0000000 0.13 0.19 0.26
v 30.6945728 2.5462132 1.0000000 0.13 0.19 0.26
v 30.7129817 2.3136027 1.0000000 0.13 0.19 0.26
v 30.7296278 2.0808594 1.0000000 0.13 0.19 0.26
v 30.0960621 2.5034069 1.0000000 0.13 0.19 0.26
v 30.0519376 2.9868118 1.0000000 0.13 0.19 0.26
v 30.0000492 3.4694450 1.0000000 0.13 0.19 0.26
v 29.9404102 3.9511820 1.0000000 0.13 0.19 0.26
v 30.5343421 4.0365765 1.0000000 0.13 0.19 0.26
v 30.4347218 4.7294515 1.0000000 0.13 0.19 0.26
v 30.4696780 4.4987469 1.0000000 0.13 0.19 0.26
v 30.5028854 4.2677842 1.0000000 0.13 0.19 0.26
v 29.8407898 4.6440570 1.0000000 0.13 0.19 0.26
v 29.7622920 5.1230824 1.0000000 0.13 0.19 0.26
v 29.6761051 5.6007843 1.0000000 0.13 0.19 0.26
v 29.5822513 6.0770392 1.0000000 0.13 0.19 0.26
v 30.1685781 6.2045868 1.0000000 0.13 0.19 0.26
v 30.0197824 6.8885896 1.0000000 0.13 0.19 0.26
v 30.0711078 6.6609666 1.0000000 0.13 0.19 0.26
v 30.1207073 6.4329613 1.0000000 0.13 0.19 0.26
v 29.4334556 6.7610420 1.0000000 0.13 0.19 0.26
v 29.3209846 7.2332470 1.0000000 0.13 0.19 0.26
v 29.2009384 7.7035832 1.0000000 0.13 0.19 0.26
v 29.0733481 8.1719293 1.0000000 0.13 0.19 0.26
v 29.6490818 8.3409799 1.0000000 0.13 0.19 0.26
v 29.4518690 9.0126250 1.0000000 0.13 0.19 0.26
v 29.5193021 8.7892435 1.0000000 0.13 0.19 0.26
v 29.5850410 8.5653575 1.0000000 0.13 0.19 0.26
v 28.8761354 8.8435743 1.0000000 0.13 0.19 0.26
v 28.7302642 9.3065526 1.0000000 0.13 0.19 0.26
v 28.5769704 9.7671265 1.0000000 0.13 0.19 0.26
v 28.4162938 10.2251770 1.0000000 0.13 0.19 0.26
v 28.9785007 10.4348693 1.0000000 0.13 0.19 0.26
v 28.7338758 11.0907342 1.0000000 0.13 0.19 0.26
v 28.8170729 10.8727324 1.0000000 0.13 0.19 0.26
v 28.8986161 10.6541066 1.0000000 0.13 0.19 0.26
v 28.1716689 10.8810418 1.0000000 0.13 0.19 0.26
v 27.9931409 11.3324342 1.0000000 0.13 0.19 0.26
v 27.8073808 11.7808987 1.0000000 0.13 0.19 0.26
v 27.6144366 12.2263196 1.0000000 0.13 0.19 0.26
v 28.1602517 12.4755851 1.0000000 0.13 0.19 0.26
v 27.8694612 13.1123275 1.0000000 0.13 0.19 0.26
v 27.9679984 12.9008164 1.0000000 0.13 0.19 0.26
v 28.0649305 12.6885648 1.0000000 0.13 0.19 0.26
v 27.3236461 12.8630620 1.0000000 0.13 0.19 0.26
v 27.1133710 13.3005682 1.0000000 0.13 0.19 0.26
v 26.8960911 13.7346382 1.0000000 0.13 0.19 0.26
v 26.6718625 14.1651597 1.0000000 0.13 0.19 0.26
v 27.1985046 14.4527281 1.0000000 0.13 0.19 0.26
v 26.8630303 15.0671034 1.0000000 0.13 0.19 0.26
v 26.9764055 14.8631607 1.0000000 0.13 0.19 0.26
v 27.0882324 14.6583651 1.0000000 0.13 0.19 0.26
v 26.3363882 14.7795350 1.0000000 0.13 0.19 0.26
v 26.0954375 15.2009256 1.0000000 0.13 0.19 0.26
v 25.8477450 15.6183890 1.0000000 0.13 0.19 0.26
v 25.5933747 16.0318174 1.0000000 0.13 0.19 0.26
v 26.0981601 16.3562233 1.0000000 0.13 0.19 0.26
v 25.7197115 16.9451007 1.0000000 0.13 0.19 0.26
v 25.8473470 16.7497658 1.0000000 0.13 0.19 0.26
v 25.9734989 16.5534696 1.0000000 0.13 0.19 0.26
v 25.2149262 16.6206949 1.0000000 0.13 0.19 0.26
v 24.9445277 17.0238226 1.0000000 0.13 0.19 0.26
v 24.6676848 17.4225522 1.0000000 0.13 0.19 0.26
v 24.3844690 17.8167806 1.0000000 0.13 0.19 0.26
v 24.8648254 18.1763709 1.0000000 0.13 0.19 0.26
v 24.4453310 18.7367498 1.0000000 0.13 0.19 0.26
v 24.5865763 18.5510180 1.0000000 0.13 0.19 0.26
v 24.7264104 18.3642214 1.0000000 0.13 0.19 0.26
v 23.9649746 18.3771595 1.0000000 0.13 0.19 0.26
v 23.6665063 18.7599701 1.0000000 0.13 0.19 0.26
v 23.3619238 19.1379340 1.0000000 0.13 0.19 0.26
v 23.0513056 19.5109536 1.0000000 0.13 0.19 0.26
v 23.5047852 19.9038959 1.0000000 0.13 0.19 0.26
v 23.0463827 20.4329206 1.0000000 0.13 0.19 0.26
v 23.2005180 20.2577384 1.0000000 0.13 0.19 0.26
v 23.3533218 20.0813934 1.0000000 0.13 0.19 0.26
v 22.5929031 20.0399783 1.0000000 0.13 0.19 0.26
v 22.2678858 20.4005211 1.0000000 0.13 0.19 0.26
v 21.9371157 20.7557933 1.0000000 0.13 0.19 0.26
v 21.6006780 21.1057033 1.0000000 0.13 0.19 0.26
v 22.0249700 21.5299953 1.0000000 0.13 0.19 0.26
v 21.5299953 22.0249700 1.0000000 0.13 0.19 0.26
v 21.6962352 21.8612300 1.0000000 0.13 0.19 0.26
v 21.8612300 21.6962352 1.0000000 0.13 0.19 0.26
v 21.1057033 21.6006780 1.0000000 0.13 0.19 0.26
v 20.7557933 21.9371157 1.0000000 0.13 0.19 0.26
v 20.4005211 22.2678858 1.0000000 0.13 0.19 0.26
v 20.0399783 22.5929031 1.0000000 0.13 0.19 0.26
v 20.4329206 23.0463827 1.0000000 0.13 0.19 0.26
v 19.9038959 23.5047852 1.0000000 0.13 0.19 0.26
v 20.0813934 23.3533218 1.0000000 0.13 0.19 0.26
v 20.2577384 23.2005180 1.0000000 0.13 0.19 0.26
v 19.5109536 23.0513056 1.0000000 0.13 0.19 0.26
v 19.1379340 23.3619238 1.0000000 0.13 0.19 0.26
v 18.7599701 23.6665063 1.0000000 0.13 0.19 0.26
v 18.3771595 23.9649746 1.0000000 0.13 0.19 0.26
v 18.7367498 24.4453310 1.0000000 0.13 0.19 0.26
v 18.1763709 24.8648254 1.0000000 0.13 0.19 0.26
v 18.3642214 24.7264104 1.0000000 0.13 0.19 0.26
v 18.5510180 24.5865763 1.0000000 0.13 0.19 0.26
v 17.8167806 24.3844690 1.0000000 0.13 0.19 0.26
v 17.4225522 24.6676848 1.0000000 0.13 0.19 0.26
v 17.0238226 24.9445277 1.0000000 0.13 0.19 0.26
v 16.6206949 25.2149262 1.0000000 0.13 0.19 0.26
v 16.9451007 25.7197115 1.0000000 0.13 0.19 0.26
v 16.3562233 26.0981601 1.0000000 0.13 0.19 0.26
v 16.5534696 25.9734989 1.0000000 0.13 0.19 0.26
v 16.7497658 25.8473470 1.0000000 0.13 0.19 0.26
v 16.0318174 25.5933747 1.0000000 0.13 0.19 0.26
v 15.6183890 25.8477450 1.0000000 0.13 0.19 0.26
v 15.2009256 26.0954375 1.0000000 0.13 0.19 0.26
v 14.7795350 26.3363882 1.0000000 0.13 0.19 0.26
v 15.0671034 26.8630303 1.0000000 0.13 0.19 0.26
v 14.4527281 27.1985046 1.0000000 0.13 0.19 0.26
v 14.6583651 27.0882324 1.0000000 0.13 0.19 0.26
v 14.8631607 26.9764055 1.0000000 0.13 0.19 0.26
v 14.1651597 26.6718625 1.0000000 0.13 0.19 0.26
v 13.7346382 26.8960911 1.0000000 0.13 0.19 0.26
v 13.3005682 27.1133710 1.0000000 0.13 0.19 0.26
v 12.8630620 27.3236461 1.0000000 0.13 0.19 0.26
v 13.1123275 27.8694612 1.0000000 0.13 0.19 0.26
v 12.4755851 28.1602517 1.0000000 0.13 0.19 0.26
v 12.6885648 28.0649305 1.0000000 0.13 0.19 0.26
v 12.9008164 27.9679984 1.0000000 0.13 0.19 0.26
v 12.2263196 27.6144366 1.0000000 0.13 0.19 0.26
v 11.7808987 27.8073808 1.0000000 0.13 0.19 0.26
v 11.3324342 27.9931409 1.0000000 0.13 0.19 0.26
v 10.8810418 28.1716689 1.0000000 0.13 0.19 0.26
v 11.0907342 28.7338758 1.0000000 0.13 0.19 0.26
v 10.4348693 28.9785007 1.0000000 0.13 0.19 0.26
v 10.6541066 28.8986161 1.0000000 0.13 0.19 0.26
v 10.8727324 28.8170729 1.0000000 0.13 0.19 0.26
v 10.2251770 28.4162938 1.0000000 0.13 0.19 0.26
v 9.7671265 28.5769704 1.0000000 0.13 0.19 0.26
v 9.3065526 28.7302642 1.0000000 0.13 0.19 0.26
v 8.8435743 28.8761354 1.0000000 0.13 0.19 0.26
v 9.0126250 29.4518690 1.0000000 0.13 0.19 0.26
v 8.3409799 29.6490818 1.0000000 0.13 0.19 0.26
v 8.5653575 29.5850410 1.0000000 0.13 0.19 0.26
v 8.7892435 29.5193021 1.0000000 0.13 0.19 0.26
v 8.1719293 29.0733481 1.0000000 0.13 0.19 0.26
v 7.7035832 29.2009384 1.0000000 0.13 0.19 0.26
v 7.2332470 29.3209846 1.0000000 0.13 0.19 0.26
v 6.7610420 29.4334556 1.0000000 0.13 0.19 0.26
v 6.8885896 30.0197824 1.0000000 0.13 0.19 0.26
v 6.2045868 30.1685781 1.0000000 0.13 0.19 0.26
v 6.4329613 30.1207073 1.0000000 0.13 0.19 0.26
v 6.6609666 30.0711078 1.0000000 0.13 0.19 0.26
v 6.0770392 29.5822513 1.0000000 0.13 0.19 0.26
v 5.6007843 29.6761051 1.0000000 0.13 0.19 0.26
v 5.1230824 29.7622920 1.0000000 0.13 0.19 0.26
v 4.6440570 29.8407898 1.0000000 0.13 0.19 0.26
v 4.7294515 30.4347218 1.0000000 0.13 0.19 0.26
v 4.0365765 30.5343421 1.0000000 0.13 0.19 0.26
v 4.2677842 30.5028854 1.0000000 0.13 0.19 0.26
v 4.4987469 30.4696780 1.0000000 0.13 0.19 0.26
v 3.9511820 29.9404102 1.0000000 0.13 0.19 0.26
v 3.4694450 30.0000492 1.0000000 0.13 0.19 0.26
v 2.9868118 30.0519376 1.0000000 0.13 0.19 0.26
v 2.5034069 30.0960621 1.0000000 0.13 0.19 0.26
v 2.5462132 30.6945728 1.0000000 0.13 0.19 0.26
v 1.8479967 30.7445102 1.0000000 0.13 0.19 0.26
v 2.0808594 30.7296278 1.0000000 0.13 0.19 0.26
v 2.3136027 30.7129817 1.0000000 0.13 0.19 0.26
v 1.8051904 30.1459995 1.0000000 0.13 0.19 0.26
v 1.3204263 30.1711199 1.0000000 0.13 0.19 0.26
v 0.8353210 30.1884455 1.0000000 0.13 0.19 0.26
v 0.3500000 30.1979718 1.0000000 0.13 0.19 0.26
v 0.3500000 30.7980113 1.0000000 0.13 0.19 0.26
v -0.3500000 30.7980113 1.0000000 0.13 0.19 0.26
v -0.1166689 30.7997790 1.0000000 0.13 0.19 0.26
v 0.1166689 30.7997790 1.0000000 0.13 0.19 0.26
v -0.3500000 30.1979718 1.0000000 0.13 0.19 0.26
v -0.8353210 30.1884455 1.0000000 0.13 0.19 0.26
v -1.3204263 30.1711199 1.0000000 0.13 0.19 0.26
v -1.8051904 30.1459995 1.0000000 0.13 0.19 0.26
v -1.8479967 30.7445102 1.0000000 0.13 0.19 0.26
v -2.5462132 30.6945728 1.0000000 0.13 0.19 0.26
v -2.3136027 30.7129817 1.0000000 0.13 0.19 0.26
v -2.0808594 30.7296278 1.0000000 0.13 0.19 0.26
v -2.5034069 30.0960621 1.0000000 0.13 0.19 0.26
v -2.9868118 30.0519376 1.0000000 0.13 0.19 0.26
v -3.4694450 30.0000492 1.0000000 0.13 0.19 0.26
v -3.9511820 29.9404102 1.0000000 0.13 0.19 0.26
v -4.0365765 30.5343421 1.0000000 0.13 0.19 0.26
v -4.7294515 30.4347218 1.0000000 0.13 0.19 0.26
v -4.4987469 30.4696780 1.0000000 0.13 0.19 0.26
v -4.2677842 30.5028854 1.0000000 0.13 0.19 0.26
v -4.6440570 29.8407898 1.0000000 0.13 0.19 0.26
v -5.1230824 29.7622920 1.0000000 0.13 0.19 0.26
v -5.6007843 29.6761051 1.0000000 0.13 0.19 0.26
v -6.0770392 29.5822513 1.0000000 0.13 0.19 0.26
v -6.2045868 30.1685781 1.0000000 0.13 0.19 0.26
v -6.8885896 30.0197824 1.0000000 0.13 0.19 0.26
v -6.6609666 30.0711078 1.0000000 0.13 0.19 0.26
v -6.4329613 30.1207073 1.0000000 0.13 0.19 0.26
v -6.7610420 29.4334556 1.0000000 0.13 0.19 0.26
v -7.2332470 29.3209846 1.0000000 0.13 0.19 0.26
v -7.7035832 29.2009384 1.0000000 0.13 0.19 0.26
v -8.1719293 29.0733481 1.0000000 0.13 0.19 0.26
v -8.3409799 29.6490818 1.0000000 0.13 0.19 0.26
v -9.0126250 29.4518690 1.0000000 0.13 0.19 0.26
v -8.7892435 29.5193021 1.0000000 0.13 0.19 0.26
v -8.5653575 29.5850410 1.0000000 0.13 0.19 0.26
v -8.8435743 28.8761354 1.0000000 0.13 0.19 0.26
v -9.3065526 28.7302642 1.0000000 0.13 0.19 0.26
v -9.7671265 28.5769704 1.0000000 0.13 0.19 0.26
v -10.2251770 28.4162938 1.0000000 0.13 0.19 0.26
v -10.4348693 28.9785007 1.0000000 0.13 0.19 0.26
v -11.0907342 28.7338758 1.0000000 0.13 0.19 0.26
v -10.8727324 28.8170729 1.0000000 0.13 0.19 0.26
v -10.6541066 28.8986161 1.0000000 0.13 0.19 0.26
v -10.8810418 28.1716689 1.0000000 0.13 0.19 0.26
v -11.3324342 27.9931409 1.0000000 0.13 0.19 0.26
v -11.7808987 27.8073808 1.0000000 0.13 0.19 0.26
v -12.2263196 27.6144366 1.0000000 0.13 0.19 0.26
v -12.4755851 28.1602517 1.0000000 0.13 0.19 0.26
v -13.1123275 27.8694612 1.0000000 0.13 0.19 0.26
v -12.9008164 27.9679984 1.0000000 0.13 0.19 0.26
v -12.6885648 28.0649305 1.0000000 0.13 0.19 0.26
v -12.8630620 27.3236461 1.0000000 0.13 0.19 0.26
v -13.3005682 27.1133710 1.0000000 0.13 0.19 0.26
v -13.7346382 26.8960911 1.0000000 0.13 0.19 0.26
v -14.1651597 26.6718625 1.0000000 0.13 0.19 0.26
v -14.4527281 27.1985046 1.0000000 0.13 0.19 0.26
v -15.0671034 26.8630303 1.0000000 0.13 0.19 0.26
v -14.8631607 26.9764055 1.0000000 0.13 0.19 0.26
v -14.6583651 27.0882324 1.0000000 0.13 0.19 0.26
v -14.7795350 26.3363882 1.0000000 0.13 0.19 0.26
v -15.2009256 26.0954375 1.0000000 0.13 0.19 0.26
v -15.6183890 25.8477450 1.0000000 0.13 0.19 0.26
v -16.0318174 25.5933747 1.0000000 0.13 0.19 0.26
v -16.3562233 26.0981601 1.0000000 0.13 0.19 0.26
v -16.9451007 25.7197115 1.0000000 0.13 0.19 0.26
v -16.7497658 25.8473470 1.0000000 0.13 0.19 0.26
v -16.5534696 25.9734989 1.0000000 0.13 0.19 0.26
v -16.6206949 25.2149262 1.0000000 0.13 0.19 0.26
v -17.0238226 24.9445277 1.0000000 0.13 0.19 0.26
v -17.4225522 24.6676848 1.0000000 0.13 0.19 0.26
v -17.8167806 24.3844690 1.0000000 0.13 0.19 0.26
v -18.1763709 24.8648254 1.0000000 0.13 0.19 0.26
v -18.7367498 24.4453310 1.0000000 0.13 0.19 0.26
v -18.5510180 24.5865763 1.0000000 0.13 0.19 0.26
v -18.3642214 24.7264104 1.0000000 0.13 0.19 0.26
v -18.3771595 23.9649746 1.0000000 0.13 0.19 0.26
v -18.7599701 23.6665063 1.0000000 0.13 0.19 0.26
v -19.1379340 23.3619238 1.0000000 0.13 0.19 0.26
v -19.5109536 23.0513056 1.0000000 0.13 0.19 0.26
v -19.9038959 23.5047852 1.0000000 0.13 0.19 0.26
v -20.4329206 23.0463827 1.0000000 0.13 0.19 0.26
v -20.2577384 23.2005180 1.0000000 0.13 0.19 0.26
v -20.0813934 23.3533218 1.0000000 0.13 0.19 0.26
v -20.0399783 22.5929031 1.0000000 0.13 0.19 0.26
v -20.4005211 22.2678858 1.0000000 0.13 0.19 0.26
v -20.7557933 21.9371157 1.0000000 0.13 0.19 0.26
v -21.1057033 21.6006780 1.0000000 0.13 0.19 0.26
v -21.5299953 22.0249700 1.0000000 0.13 0.19 0.26
v -22.0249700 21.5299953 1.0000000 0.13 0.19 0.26
v -21.8612300 21.6962352 1.0000000 0.13 0.19 0.26
v -21.6962352 21.8612300 1.0000000 0.13 0.19 0.26
v -21.6006780 21.1057033 1.0000000 0.13 0.19 0.26
v -21.9371157 20.7557933 1.0000000 0.13 0.19 0.26
v -22.2678858 20.4005211 1.0000000 0.13 0.19 0.26
v -22.5929031 20.0399783 1.0000000 0.13 0.19 0.26
v -23.0463827 20.4329206 1.0000000 0.13 0.19 0.26
v -23.5047852 19.9038959 1.0000000 0.13 0.19 0.26
v -23.3533218 20.0813934 1.0000000 0.13 0.19 0.26
v -23.2005180 20.2577384 1.0000000 0.13 0.19 0.26
v -23.0513056 19.5109536 1.0000000 0.13 0.19 0.26
v -23.3619238 19.1379340 1.0000000 0.13 0.19 0.26
v -23.6665063 18.7599701 1.0000000 0.13 0.19 0.26
v -23.9649746 18.3771595 1.0000000 0.13 0.19 0.26
v -24.4453310 18.7367498 1.0000000 0.13 0.19 0.26
v -24.8648254 18.1763709 1.0000000 0.13 0.19 0.26
v -24.7264104 18.3642214 1.0000000 0.13 0.19 0.26
v -24.5865763 18.5510180 1.0000000 0.13 0.19 0.26
v -24.3844690 17.8167806 1.0000000 0.13 0.19 0.26
v -24.6676848 17.4225522 1.0000000 0.13 0.19 0.26
v -24.9445277 17.0238226 1.0000000 0.13 0.19 0.26
v -25.2149262 16.6206949 1.0000000 0.13 0.19 0.26
v -25.7197115 16.9451007 1.0000000 0.13 0.19 0.26
v -26.0981601 16.3562233 1.0000000 0.13 0.19 0.26
v -25.9734989 16.5534696 1.0000000 0.13 0.19 0.26
v -25.8473470 16.7497658 1.0000000 0.13 0.19 0.26
v -25.5933747 16.0318174 1.0000000 0.13 0.19 0.26
v -25.8477450 15.6183890 1.0000000 0.13 0.19 0.26
v -26.0954375 15.2009256 1.0000000 0.13 0.19 0.26
v -26.3363882 14.7795350 1.0000000 0.13 0.19 0.26
v -26.8630303 15.0671034 1.0000000 0.13 0.19 0.26
v -27.1985046 14.4527281 1.0000000 0.13 0.19 0.26
v -27.0882324 14.6583651 1.0000000 0.13 0.19 0.26
v -26.9764055 14.8631607 1.0000000 0.13 0.19 0.26
v -26.6718625 14.1651597 1.0000000 0.13 0.19 0.26
v -26.8960911 13.7346382 1.0000000 0.13 0.19 0.26
v -27.1133710 13.3005682 1.0000000 0.13 0.19 0.26
v -27.3236461 12.8630620 1.0000000 0.13 0.19 0.26
v -27.8694612 13.1123275 1.0000000 0.13 0.19 0.26
v -28.1602517 12.4755851 1.0000000 0.13 0.19 0.26
v -28.0649305 12.6885648 1.0000000 0.13 0.19 0.26
v -27.9679984 12.9008164 1.0000000 0.13 0.19 0.26
v -27.6144366 12.2263196 1.0000000 0.13 0.19 0.26
v -27.8073808 11.7808987 1.0000000 0.13 0.19 0.26
v -27.9931409 11.3324342 1.0000000 0.13 0.19 0.26
v -28.1716689 10.8810418 1.0000000 0.13 0.19 0.26
v -28.7338758 11.0907342 1.0000000 0.13 0.19 0.26
v -28.9785007 10.4348693 1.0000000 0.13 0.19 0.26
v -28.8986161 10.6541066 1.0000000 0.13 0.19 0.26
v -28.8170729 10.8727324 1.0000000 0.13 0.19 0.26
v -28.4162938 10.2251770 1.0000000 0.13 0.19 0.26
v -28.5769704 9.7671265 1.0000000 0.13 0.19 0.26
v -28.7302642 9.3065526 1.0000000 0.13 0.19 0.26
v -28.8761354 8.8435743 1.0000000 0.13 0.19 0.26
v -29.4518690 9.0126250 1.0000000 0.13 0.19 0.26
v -29.6490818 8.3409799 1.0000000 0.13 0.19 0.26
v -29.5850410 8.5653575 1.0000000 0.13 0.19 0.26
v -29.5193021 8.7892435 1.0000000 0.13 0.19 0.26
v -29.0733481 8.1719293 1.0000000 0.13 0.19 0.26
v -29.2009384 7.7035832 1.0000000 0.13 0.19 0.26
v -29.3209846 7.2332470 1.0000000 0.13 0.19 0.26
v -29.4334556 6.7610420 1.0000000 0.13 0.19 0.26
v -30.0197824 6.8885896 1.0000000 0.13 0.19 0.26
v -30.1685781 6.2045868 1.0000000 0.13 0.19 0.26
v -30.1207073 6.4329613 1.0000000 0.13 0.19 0.26
v -30.0711078 6.6609666 1.0000000 0.13 0.19 0.26
v -29.5822513 6.0770392 1.0000000 0.13 0.19 0.26
v -29.6761051 5.6007843 1.0000000 0.13 0.19 0.26
v -29.7622920 5.1230824 1.0000000 0.13 0.19 0.26
v -29.8407898 4.6440570 1.0000000 0.13 0.19 0.26
v -30.4347218 4.7294515 1.0000000 0.13 0.19 0.26
v -30.5343421 4.0365765 1.0000000 0.13 0.19 0.26
v -30.5028854 4.2677842 1.0000000 0.13 0.19 0.26
v -30.4696780 4.4987469 1.0000000 0.13 0.19 0.26
v -29.9404102 3.9511820 1.0000000 0.13 0.19 0.26
v -30.0000492 3.4694450 1.0000000 0.13 0.19 0.26
v -30.0519376 2.9868118 1.0000000 0.13 0.19 0.26
v -30.0960621 2.5034069 1.0000000 0.13 0.19 0.26
v -30.6945728 2.5462132 1.0000000 0.13 0.19 0.26
v -30.7445102 1.8479967 1.0000000 0.13 0.19 0.26
v -30.7296278 2.0808594 1.0000000 0.13 0.19 0.26
v -30.7129817 2.3136027 1.0000000 0.13 0.19 0.26
v -30.1459995 1.8051904 1.0000000 0.13 0.19 0.26
v -30.1711199 1.3204263 1.0000000 0.13 0.19 0.26
v -30.1884455 0.8353210 1.0000000 0.13 0.19 0.26
v -30.1979718 0.3500000 1.0000000 0.13 0.19 0.26
v -30.7980113 0.3500000 1.0000000 0.13 0.19 0.26
v -30.7980113 -0.3500000 1.0000000 0.13 0.19 0.26
v -30.7997790 -0.1166689 1.0000000 0.13 0.19 0.26
v -30.7997790 0.1166689 1.0000000 0.13 0.19 0.26
v -30.1979718 -0.3500000 1.0000000 0.13 0.19 0.26
v -30.1884455 -0.8353210 1.0000000 0.13 0.19 0.26
v -30.1711199 -1.3204263 1.0000000 0.13 0.19 0.26
v -30.1459995 -1.8051904 1.0000000 0.13 0.19 0.26
v -30.7445102 -1.8479967 1.0000000 0.13 0.19 0.26
v -30.6945728 -2.5462132 1.0000000 0.13 0.19 0.26
v -30.7129817 -2.3136027 1.0000000 0.13 0.19 0.26
v -30.7296278 -2.0808594 1.0000000 0.13 0.19 0.26
v -30.0960621 -2.5034069 1.0000000 0.13 0.19 0.26
v -30.0519376 -2.9868118 1.0000000 0.13 0.19 0.26
v -30.0000492 -3.4694450 1.0000000 0.13 0.19 0.26
v -29.9404102 -3.9511820 1.0000000 0.13 0.19 0.26
v -30.5343421 -4.0365765 1.0000000 0.13 0.19 0.26
v -30.4347218 -4.7294515 1.0000000 0.13 0.19 0.26
v -30.4696780 -4.4987469 1.0000000 0.13 0.19 0.26
v -30.5028854 -4.2677842 1.0000000 0.13 0.19 0.26
v -29.8407898 -4.6440570 1.0000000 0.13 0.19 0.26
v -29.7622920 -5.1230824 1.0000000 0.13 0.19 0.26
v -29.6761051 -5.6007843 1.0000000 0.13 0.19 0.26
v -29.5822513 -6.0770392 1.0000000 0.13 0.19 0.26
v -30.1685781 -6.2045868 1.0000000 0.13 0.19 0.26
v -30.0197824 -6.8885896 1.0000000 0.13 0.19 0.26
v -30.0711078 -6.6609666 1.0000000 0.13 0.19 0.26
v -30.1207073 -6.4329613 1.0000000 0.13 0.19 0.26
v -29.4334556 -6.7610420 1.0000000 0.13 0.19 0.26
v -29.3209846 -7.2332470 1.0000000 0.13 0.19 0.26
v -29.2009384 -7.7035832 1.0000000 0.13 0.19 0.26
v -29.0733481 -8.1719293 1.0000000 0.13 0.19 0.26
v -29.6490818 -8.3409799 1.0000000 0.13 0.19 0.26
v -29.4518690 -9.0126250 1.0000000 0.13 0.19 0.26
v -29.5193021 -8.7892435 1.0000000 0.13 0.19 0.26
v -29.5850410 -8.5653575 1.0000000 0.13 0.19 0.26
v -28.8761354 -8.8435743 1.0000000 0.13 0.19 0.26
v -28.7302642 -9.3065526 1.0000000 0.13 0.19 0.26
v -28.5769704 -9.7671265 1.0000000 0.13 0.19 0.26
v -28.4162938 -10.2251770 1.0000000 0.13 0.19 0.26
v -28.9785007 -10.4348693 1.0000000 0.13 0.19 0.26
v -28.7338758 -11.0907342 1.0000000 0.13 0.19 0.26
v -28.8170729 -10.8727324 1.0000000 0.13 0.19 0.26
v -28.8986161 -10.6541066 1.0000000 0.13 0.19 0.26
v -28.1716689 -10.8810418 1.0000000 0.13 0.19 0.26
v -27.9931409 -11.3324342 1.0000000 0.13 0.19 0.26
v -27.8073808 -11.7808987 1.0000000 0.13 0.19 0.26
v -27.6144366 -12.2263196 1.0000000 0.13 0.19 0.26
v -28.1602517 -12.4755851 1.0000000 0.13 0.19 0.26
v -27.8694612 -13.1123275 1.0000000 0.13 0.19 0.26
v -27.9679984 -12.9008164 1.0000000 0.13 0.19 0.26
v -28.0649305 -12.6885648 1.0000000 0.13 0.19 0.26
v -27.3236461 -12.8630620 1.0000000 0.13 0.19 0.26
v -27.1133710 -13.3005682 1.0000000 0.13 0.19 0.26
v -26.8960911 -13.7346382 1.0000000 0.13 0.19 0.26
v -26.6718625 -14.1651597 1.0000000 0.13 0.19 0.26
v -27.1985046 -14.4527281 1.0000000 0.13 0.19 0.26
v -26.8630303 -15.0671034 1.0000000 0.13 0.19 0.26
v -26.9764055 -14.8631607 1.0000000 0.13 0.19 0.26
v -27.0882324 -14.6583651 1.0000000 0.13 0.19 0.26
v -26.3363882 -14.7795350 1.0000000 0.13 0.19 0.26
v -26.0954375 -15.2009256 1.0000000 0.13 0.19 0.26
v -25.8477450 -15.6183890 1.0000000 0.13 0.19 0.26
v -25.5933747 -16.0318174 1.0000000 0.13 0.19 0.26
v -26.0981601 -16.3562233 1.0000000 0.13 0.19 0.26
v -25.7197115 -16.9451007 1.0000000 0.13 0.19 0.26
v -25.8473470 -16.7497658 1.0000000 0.13 0.19 0.26
v -25.9734989 -16.5534696 1.0000000 0.13 0.19 0.26
v -25.2149262 -16.6206949 1.0000000 0.13 0.19 0.26
v -24.9445277 -17.0238226 1.0000000 0.13 0.19 0.26
v -24.6676848 -17.4225522 1.0000000 0.13 0.19 0.26
v -24.3844690 -17.8167806 1.0000000 0.13 0.19 0.26
v -24.8648254 -18.1763709 1.0000000 0.13 0.19 0.26
v -24.4453310 -18.7367498 1.0000000 0.13 0.19 0.26
v -24.5865763 -18.5510180 1.0000000 0.13 0.19 0.26
v -24.7264104 -18.3642214 1.0000000 0.13 0.19 0.26
v -23.9649746 -18.3771595 1.0000000 0.13 0.19 0.26
v -23.6665063 -18.7599701 1.0000000 0.13 0.19 0.26
v -23.3619238 -19.1379340 1.0000000 0.13 0.19 0.26
v -23.0513056 -19.5109536 1.0000000 0.13 0.19 0.26
v -23.5047852 -19.9038959 1.0000000 0.13 0.19 0.26
v -23.0463827 -20.4329206 1.0000000 0.13 0.19 0.26
v -23.2005180 -20.2577384 1.0000000 0.13 0.19 0.26
v -23.3533218 -20.0813934 1.0000000 0.13 0.19 0.26
v -22.5929031 -20.0399783 1.0000000 0.13 0.19 0.26
v -22.2678858 -20.4005211 1.0000000 0.13 0.19 0.26
v -21.9371157 -20.7557933 1.0000000 0.13 0.19 0.26
v -21.6006780 -21.1057033 1.0000000 0.13 0.19 0.26
v -22.0249700 -21.5299953 1.0000000 0.13 0.19 0.26
v -21.5299953 -22.0249700 1.0000000 0.13 0.19 0.26
v -21.6962352 -21.8612300 1.0000000 0.13 0.19 0.26
v -21.8612300 -21.6962352 1.0000000 0.13 0.19 0.26
v -21.1057033 -21.6006780 1.0000000 0.13 0.19 0.26
v -20.7557933 -21.9371157 1.0000000 0.13 0.19 0.26
v -20.4005211 -22.2678858 1.0000000 0.13 0.19 0.26
v -20.0399783 -22.5929031 1.0000000 0.13 0.19 0.26
v -20.4329206 -23.0463827 1.0000000 0.13 0.19 0.26
v -19.9038959 -23.5047852 1.0000000 0.13 0.19 0.26
v -20.0813934 -23.3533218 1.0000000 0.13 0.19 0.26
v -20.2577384 -23.2005180 1.0000000 0.13 0.19 0.26
v -19.5109536 -23.0513056 1.0000000 0.13 0.19 0.26
v -19.1379340 -23.3619238 1.0000000 0.13 0.19 0.26
v -18.7599701 -23.6665063 1.0000000 0.13 0.19 0.26
v -18.3771595 -23.9649746 1.0000000 0.13 0.19 0.26
v -18.7367498 -24.4453310 1.0000000 0.13 0.19 0.26
v -18.1763709 -24.8648254 1.0000000 0.13 0.19 0.26
v -18.3642214 -24.7264104 1.0000000 0.13 0.19 0.26
v -18.5510180 -24.5865763 1.0000000 0.13 0.19 0.26
v -17.8167806 -24.3844690 1.0000000 0.13 0.19 0.26
v -17.4225522 -24.6676848 1.0000000 0.13 0.19 0.26
v -17.0238226 -24.9445277 1.0000000 0.13 0.19 0.26
v -16.6206949 -25.2149262 1.0000000 0.13 0.19 0.26
v -16.9451007 -25.7197115 1.0000000 0.13 0.19 0.26
v -16.3562233 -26.0981601 1.0000000 0.13 0.19 0.26
v -16.5534696 -25.9734989 1.0000000 0.13 0.19 0.26
v -16.7497658 -25.8473470 1.0000000 0.13 0.19 0.26
v -16.0318174 -25.5933747 1.0000000 0.13 0.19 0.26
v -15.6183890 -25.8477450 1.0000000 0.13 0.19 0.26
v -15.2009256 -26.0954375 1.0000000 0.13 0.19 0.26
v -14.7795350 -26.3363882 1.0000000 0.13 0.19 0.26
v -15.0671034 -26.8630303 1.0000000 0.13 0.19 0.26
v -14.4527281 -27.1985046 1.0000000 0.13 0.19 0.26
v -14.6583651 -27.0882324 1.0000000 0.13 0.19 0.26
v -14.8631607 -26.9764055 1.0000000 0.13 0.19 0.26
v -14.1651597 -26.6718625 1.0000000 0.13 0.19 0.26
v -13.7346382 -26.8960911 1.0000000 0.13 0.19 0.26
v -13.3005682 -27.1133710 1.0000000 0.13 0.19 0.26
v -12.8630620 -27.3236461 1.0000000 0.13 0.19 0.26
v -13.1123275 -27.8694612 1.0000000 0.13 0.19 0.26
v -12.4755851 -28.1602517 1.0000000 0.13 0.19 0.26
v -12.6885648 -28.0649305 1.0000000 0.13 0.19 0.26
v -12.9008164 -27.9679984 1.0000000 0.13 0.19 0.26
v -12.2263196 -27.6144366 1.0000000 0.13 0.19 0.26
v -11.7808987 -27.8073808 1.0000000 0.13 0.19 0.26
v -11.3324342 -27.9931409 1.0000000 0.13 0.19 0.26
v -10.8810418 -28.1716689 1.0000000 0.13 0.19 0.26
v -11.0907342 -28.7338758 1.0000000 0.13 0.19 0.26
v -10.4348693 -28.9785007 1.0000000 0.13 0.19 0.26
v -10.6541066 -28.8986161 1.0000000 0.13 0.19 0.26
v -10.8727324 -28.8170729 1.0000000 0.13 0.19 0.26
v -10.2251770 -28.4162938 1.0000000 0.13 0.19 0.26
v -9.7671265 -28.5769704 1.0000000 0.13 0.19 0.26
v -9.3065526 -28.7302642 1.0000000 0.13 0.19 0.26
v -8.8435743 -28.8761354 1.0000000 0.13 0.19 0.26
v -9.0126250 -29.4518690 1.0000000 0.13 0.19 0.26
v -8.3409799 -29.6490818 1.0000000 0.13 0.19 0.26
v -8.5653575 -29.5850410 1.0000000 0.13 0.19 0.26
v -8.7892435 -29.5193021 1.0000000 0.13 0.19 0.26
v -8.1719293 -29.0733481 1.0000000 0.13 0.19 0.26
v -7.7035832 -29.2009384 1.0000000 0.13 0.19 0.26
v -7.2332470 -29.3209846 1.0000000 0.13 0.19 0.26
v -6.7610420 -29.4334556 1.0000000 0.13 0.19 0.26
v -6.8885896 -30.0197824 1.0000000 0.13 0.19 0.26
v -6.2045868 -30.1685781 1.0000000 0.13 0.19 0.26
v -6.4329613 -30.1207073 1.0000000 0.13 0.19 0.26
v -6.6609666 -30.0711078 1.0000000 0.13 0.19 0.26
v -6.0770392 -29.5822513 1.0000000 0.13 0.19 0.26
v -5.6007843 -29.6761051 1.0000000 0.13 0.19 0.26
v -5.1230824 -29.7622920 1.0000000 0.13 0.19 0.26
v -4.6440570 -29.8407898 1.0000000 0.13 0.19 0.26
v -4.7294515 -30.4347218 1.0000000 0.13 0.19 0.26
v -4.0365765 -30.5343421 1.0000000 0.13 0.19 0.26
v -4.2677842 -30.5028854 1.0000000 0.13 0.19 0.26
v -4.4987469 -30.4696780 1.0000000 0.13 0.19 0.26
v -3.9511820 -29.9404102 1.0000000 0.13 0.19 0.26
v -3.4694450 -30.0000492 1.0000000 0.13 0.19 0.26
v -2.9868118 -30.0519376 1.0000000 0.13 0.19 0.26
v -2.5034069 -30.0960621 1.0000000 0.13 0.19 0.26
v -2.5462132 -30.6945728 1.0000000 0.13 0.19 0.26
v -1.8479967 -30.7445102 1.0000000 0.13 0.19 0.26
v -2.0808594 -30.7296278 1.0000000 0.13 0.19 0.26
v -2.3136027 -30.7129817 1.0000000 0.13 0.19 0.26
v -1.8051904 -30.1459995 1.0000000 0.13 0.19 0.26
v -1.3204263 -30.1711199 1.0000000 0.13 0.19 0.26
v -0.8353210 -30.1884455 1.0000000 0.13 0.19 0.26
v -0.3500000 -30.1979718 1.0000000 0.13 0.19 0.26
v -0.3500000 -30.7980113 1.0000000 0.13 0.19 0.26
v 0.3500000 -30.7980113 1.0000000 0.13 0.19 0.26
v 0.1166689 -30.7997790 1.0000000 0.13 0.19 0.26
v -0.1166689 -30.7997790 1.0000000 0.13 0.19 0.26
v 0.3500000 -30.1979718 1.0000000 0.13 0.19 0.26
v 0.8353210 -30.1884455 1.0000000 0.13 0.19 0.26
v 1.3204263 -30.1711199 1.0000000 0.13 0.19 0.26
v 1.8051904 -30.1459995 1.0000000 0.13 0.19 0.26
v 1.8479967 -30.7445102 1.0000000 0.13 0.19 0.26
v 2.5462132 -30.6945728 1.0000000 0.13 0.19 0.26
v 2.3136027 -30.7129817 1.0000000 0.13 0.19 0.26
v 2.0808594 -30.7296278 1.0000000 0.13 0.19 0.26
v 2.5034069 -30.0960621 1.0000000 0.13 0.19 0.26
v 2.9868118 -30.0519376 1.0000000 0.13 0.19 0.26
v 3.4694450 -30.0000492 1.0000000 0.13 0.19 0.26
v 3.9511820 -29.9404102 1.0000000 0.13 0.19 0.26
v 4.0365765 -30.5343421 1.0000000 0.13 0.19 0.26
v 4.7294515 -30.4347218 1.0000000 0.13 0.19 0.26
v 4.4987469 -30.4696780 1.0000000 0.13 0.19 0.26
v 4.2677842 -30.5028854 1.0000000 0.13 0.19 0.26
v 4.6440570 -29.8407898 1.0000000 0.13 0.19 0.26
v 5.1230824 -29.7622920 1.0000000 0.13 0.19 0.26
v 5.6007843 -29.6761051 1.0000000 0.13 0.19 0.26
v 6.0770392 -29.5822513 1.0000000 0.13 0.19 0.26
v 6.2045868 -30.1685781 1.0000000 0.13 0.19 0.26
v 6.8885896 -30.0197824 1.0000000 0.13 0.19 0.26
v 6.6609666 -30.0711078 1.0000000 0.13 0.19 0.26
v 6.4329613 -30.1207073 1.0000000 0.13 0.19 0.26
v 6.7610420 -29.4334556 1.0000000 0.13 0.19 0.26
v 7.2332470 -29.3209846 1.0000000 0.13 0.19 0.26
v 7.7035832 -29.2009384 1.0000000 0.13 0.19 0.26
v 8.1719293 -29.0733481 1.0000000 0.13 0.19 0.26
v 8.3409799 -29.6490818 1.0000000 0.13 0.19 0.26
v 9.0126250 -29.4518690 1.0000000 0.13 0.19 0.26
v 8.7892435 -29.5193021 1.0000000 0.13 0.19 0.26
v 8.5653575 -29.5850410 1.0000000 0.13 0.19 0.26
v 8.8435743 -28.8761354 1.0000000 0.13 0.19 0.26
v 9.3065526 -28.7302642 1.0000000 0.13 0.19 0.26
v 9.7671265 -28.5769704 1.0000000 0.13 0.19 0.26
v 10.2251770 -28.4162938 1.0000000 0.13 0.19 0.26
v 10.4348693 -28.9785007 1.0000000 0.13 0.19 0.26
v 11.0907342 -28.7338758 1.0000000 0.13 0.19 0.26
v 10.8727324 -28.8170729 1.0000000 0.13 0.19 0.26
v 10.6541066 -28.8986161 1.0000000 0.13 0.19 0.26
v 10.8810418 -28.1716689 1.0000000 0.13 0.19 0.26
v 11.3324342 -27.9931409 1.0000000 0.13 0.19 0.26
v 11.7808987 -27.8073808 1.0000000 0.13 0.19 0.26
v 12.2263196 -27.6144366 1.0000000 0.13 0.19 0.26
v 12.4755851 -28.1602517 1.0000000 0.13 0.19 0.26
v 13.1123275 -27.8694612 1.0000000 0.13 0.19 0.26
v 12.9008164 -27.9679984 1.0000000 0.13 0.19 0.26
v 12.6885648 -28.0649305 1.0000000 0.13 0.19 0.26
v 12.8630620 -27.3236461 1.0000000 0.13 0.19 0.26
v 13.3005682 -27.1133710 1.0000000 0.13 0.19 0.26
v 13.7346382 -26.8960911 1.0000000 0.13 0.19 0.26
v 14.1651597 -26.6718625 1.0000000 0.13 0.19 0.26
v 14.4527281 -27.1985046 1.0000000 0.13 0.19 0.26
v 15.0671034 -26.8630303 1.0000000 0.13 0.19 0.26
v 14.8631607 -26.9764055 1.0000000 0.13 0.19 0.26
v 14.6583651 -27.0882324 1.0000000 0.13 0.19 0.26
v 14.7795350 -26.3363882 1.0000000 0.13 0.19 0.26
v 15.2009256 -26.0954375 1.0000000 0.13 0.19 0.26
v 15.6183890 -25.8477450 1.0000000 0.13 0.19 0.26
v 16.0318174 -25.5933747 1.0000000 0.13 0.19 0.26
v 16.3562233 -26.0981601 1.0000000 0.13 0.19 0.26
v 16.9451007 -25.7197115 1.0000000 0.13 0.19 0.26
v 16.7497658 -25.8473470 1.0000000 0.13 0.19 0.26
v 16.5534696 -25.9734989 1.0000000 0.13 0.19 0.26
v 16.6206949 -25.2149262 1.0000000 0.13 0.19 0.26
v 17.0238226 -24.9445277 1.0000000 0.13 0.19 0.26
v 17.4225522 -24.6676848 1.0000000 0.13 0.19 0.26
v 17.8167806 -24.3844690 1.0000000 0.13 0.19 0.26
v 18.1763709 -24.8648254 1.0000000 0.13 0.19 0.26
v 18.7367498 -24.4453310 1.0000000 0.13 0.19 0.26
v 18.5510180 -24.5865763 1.0000000 0.13 0.19 0.26
v 18.3642214 -24.7264104 1.0000000 0.13 0.19 0.26
v 18.3771595 -23.9649746 1.0000000 0.13 0.19 0.26
v 18.7599701 -23.6665063 1.0000000 0.13 0.19 0.26
v 19.1379340 -23.3619238 1.0000000 0.13 0.19 0.26
v 19.5109536 -23.0513056 1.0000000 0.13 0.19 0.26
v 19.9038959 -23.5047852 1.0000000 0.13 0.19 0.26
v 20.4329206 -23.0463827 1.0000000 0.13 0.19 0.26
v 20.2577384 -23.2005180 1.0000000 0.13 0.19 0.26
v 20.0813934 -23.3533218 1.0000000 0.13 0.19 0.26
v 20.0399783 -22.5929031 1.0000000 0.13 0.19 0.26
v 20.4005211 -22.2678858 1.0000000 0.13 0.19 0.26
v 20.7557933 -21.9371157 1.0000000 0.13 0.19 0.26
v 21.1057033 -21.6006780 1.0000000 0.13 0.19 0.26
v 21.5299953 -22.0249700 1.0000000 0.13 0.19 0.26
v 22.0249700 -21.5299953 1.0000000 0.13 0.19 0.26
v 21.8612300 -21.6962352 1.0000000 0.13 0.19 0.26
v 21.6962352 -21.8612300 1.0000000 0.13 0.19 0.26
v 21.6006780 -21.1057033 1.0000000 0.13 0.19 0.26
v 21.9371157 -20.7557933 1.0000000 0.13 0.19 0.26
v 22.2678858 -20.4005211 1.0000000 0.13 0.19 0.26
v 22.5929031 -20.0399783 1.0000000 0.13 0.19 0.26
v 23.0463827 -20.4329206 1.0000000 0.13 0.19 0.26
v 23.5047852 -19.9038959 1.0000000 0.13 0.19 0.26
v 23.3533218 -20.0813934 1.0000000 0.13 0.19 0.26
v 23.2005180 -20.2577384 1.0000000 0.13 0.19 0.26
v 23.0513056 -19.5109536 1.0000000 0.13 0.19 0.26
v 23.3619238 -19.1379340 1.0000000 0.13 0.19 0.26
v 23.6665063 -18.7599701 1.0000000 0.13 0.19 0.26
v 23.9649746 -18.3771595 1.0000000 0.13 0.19 0.26
v 24.4453310 -18.7367498 1.0000000 0.13 0.19 0.26
v 24.8648254 -18.1763709 1.0000000 0.13 0.19 0.26
v 24.7264104 -18.3642214 1.0000000 0.13 0.19 0.26
v 24.5865763 -18.5510180 1.0000000 0.13 0.19 0.26
v 24.3844690 -17.8167806 1.0000000 0.13 0.19 0.26
v 24.6676848 -17.4225522 1.0000000 0.13 0.19 0.26
v 24.9445277 -17.0238226 1.0000000 0.13 0.19 0.26
v 25.2149262 -16.6206949 1.0000000 0.13 0.19 0.26
v 25.7197115 -16.9451007 1.0000000 0.13 0.19 0.26
v 26.0981601 -16.3562233 1.0000000 0.13 0.19 0.26
v 25.9734989 -16.5534696 1.0000000 0.13 0.19 0.26
v 25.8473470 -16.7497658 1.0000000 0.13 0.19 0.26
v 25.5933747 -16.0318174 1.0000000 0.13 0.19 0.26
v 25.8477450 -15.6183890 1.0000000 0.13 0.19 0.26
v 26.0954375 -15.2009256 1.0000000 0.13 0.19 0.26
v 26.3363882 -14.7795350 1.0000000 0.13 0.19 0.26
v 26.8630303 -15.0671034 1.0000000 0.13 0.19 0.26
v 27.1985046 -14.4527281 1.0000000 0.13 0.19 0.26
v 27.0882324 -14.6583651 1.0000000 0.13 0.19 0.26
v 26.9764055 -14.8631607 1.0000000 0.13 0.19 0.26
v 26.6718625 -14.1651597 1.0000000 0.13 0.19 0.26
v 26.8960911 -13.7346382 1.0000000 0.13 0.19 0.26
v 27.1133710 -13.3005682 1.0000000 0.13 0.19 0.26
v 27.3236461 -12.8630620 1.0000000 0.13 0.19 0.26
v 27.8694612 -13.1123275 1.0000000 0.13 0.19 0.26
v 28.1602517 -12.4755851 1.0000000 0.13 0.19 0.26
v 28.0649305 -12.6885648 1.0000000 0.13 0.19 0.26
v 27.9679984 -12.9008164 1.0000000 0.13 0.19 0.26
v 27.6144366 -12.2263196 1.0000000 0.13 0.19 0.26
v 27.8073808 -11.7808987 1.0000000 0.13 0.19 0.26
v 27.9931409 -11.3324342 1.0000000 0.13 0.19 0.26
v 28.1716689 -10.8810418 1.0000000 0.13 0.19 0.26
v 28.7338758 -11.0907342 1.0000000 0.13 0.19 0.26
v 28.9785007 -10.4348693 1.0000000 0.13 0.19 0.26
v 28.8986161 -10.6541066 1.0000000 0.13 0.19 0.26
v 28.8170729 -10.8727324 1.0000000 0.13 0.19 0.26
v 28.4162938 -10.2251770 1.0000000 0.13 0.19 0.26
v 28.5769704 -9.7671265 1.0000000 0.13 0.19 0.26
v 28.7302642 -9.3065526 1.0000000 0.13 0.19 0.26
v 28.8761354 -8.8435743 1.0000000 0.13 0.19 0.26
v 29.4518690 -9.0126250 1.0000000 0.13 0.19 0.26
v 29.6490818 -8.3409799 1.0000000 0.13 0.19 0.26
v 29.5850410 -8.5653575 1.0000000 0.13 0.19 0.26
v 29.5193021 -8.7892435 1.0000000 0.13 0.19 0.26
v 29.0733481 -8.1719293 1.0000000 0.13 0.19 0.26
v 29.2009384 -7.7035832 1.0000000 0.13 0.19 0.26
v 29.3209846 -7.2332470 1.0000000 0.13 0.19 0.26
v 29.4334556 -6.7610420 1.0000000 0.13 0.19 0.26
v 30.0197824 -6.8885896 1.0000000 0.13 0.19 0.26
v 30.1685781 -6.2045868 1.0000000 0.13 0.19 0.26
v 30.1207073 -6.4329613 1.0000000 0.13 0.19 0.26
v 30.0711078 -6.6609666 1.0000000 0.13 0.19 0.26
v 29.5822513 -6.0770392 1.0000000 0.13 0.19 0.26
v 29.6761051 -5.6007843 1.0000000 0.13 0.19 0.26
v 29.7622920 -5.1230824 1.0000000 0.13 0.19 0.26
v 29.8407898 -4.6440570 1.0000000 0.13 0.19 0.26
v 30.4347218 -4.7294515 1.0000000 0.13 0.19 0.26
v 30.5343421 -4.0365765 1.0000000 0.13 0.19 0.26
v 30.5028854 -4.2677842 1.0000000 0.13 0.19 0.26
v 30.4696780 -4.4987469 1.0000000 0.13 0.19 0.26
v 29.9404102 -3.9511820 1.0000000 0.13 0.19 0.26
v 30.0000492 -3.4694450 1.0000000 0.13 0.19 0.26
v 30.0519376 -2.9868118 1.0000000 0.13 0.19 0.26
v 30.0960621 -2.5034069 1.0000000 0.13 0.19 0.26
v 30.6945728 -2.5462132 1.0000000 0.13 0.19 0.26
v 30.7445102 -1.8479967 1.0000000 0.13 0.19 0.26
v 30.7296278 -2.0808594 1.0000000 0.13 0.19 0.26
v 30.7129817 -2.3136027 1.0000000 0.13 0.19 0.26
v 30.1459995 -1.8051904 1.0000000 0.13 0.19 0.26
v 30.1711199 -1.3204263 1.0000000 0.13 0.19 0.26
v 30.1884455 -0.8353210 1.0000000 0.13 0.19 0.26
v 30.1979718 -0.3500000 1.0000000 0.13 0.19 0.26
v 30.7980113 -0.3500000 1.0000000 0.13 0.19 0.26
v 30.7997790 -0.1166689 1.0000000 0.13 0.19 0.26
v 30.7997790 0.1166689 1.0000000 0.13 0.19 0.26
v 29.2500000 0.0000000 1.0000000 0.13 0.19 0.26
v 29.2268749 1.1628781 1.0000000 0.13 0.19 0.26
v 29.1575360 2.3239174 1.0000000 0.13 0.19 0.26
v 29.0420932 3.4812821 1.0000000 0.13 0.19 0.26
v 28.8807288 4.6331422 1.0000000 0.13 0.19 0.26
v 28.6736980 5.7776764 1.0000000 0.13 0.19 0.26
v 28.4213282 6.9130748 1.0000000 0.13 0.19 0.26
v 28.1240185 8.0375423 1.0000000 0.13 0.19 0.26
v 27.7822389 9.1493008 1.0000000 0.13 0.19 0.26
v 27.3965298 10.2465923 1.0000000 0.13 0.19 0.26
v 26.9675013 11.3276819 1.0000000 0.13 0.19 0.26
v 26.4958315 12.3908600 1.0000000 0.13 0.19 0.26
v 25.9822664 13.4344457 1.0000000 0.13 0.19 0.26
v 25.4276180 14.4567888 1.0000000 0.13 0.19 0.26
v 24.8327633 15.4562727 1.0000000 0.13 0.19 0.26
v 24.1986430 16.4313170 1.0000000 0.13 0.19 0.26
v 23.5262595 17.3803801 1.0000000 0.13 0.19 0.26
v 22.8166763 18.3019612 1.0000000 0.13 0.19 0.26
v 22.0710151 19.1946032 1.0000000 0.13 0.19 0.26
v 21.2904552 20.0568945 1.0000000 0.13 0.19 0.26
v 20.4762307 20.8874718 1.0000000 0.13 0.19 0.26
v 19.6296290 21.6850217 1.0000000 0.13 0.19 0.26
v 18.7519889 22.4482831 1.0000000 0.13 0.19 0.26
v 17.8446980 23.1760491 1.0000000 0.13 0.19 0.26
v 16.9091910 23.8671691 1.0000000 0.13 0.19 0.26
v 15.9469471 24.5205501 1.0000000 0.13 0.19 0.26
v 14.9594878 25.1351592 1.0000000 0.13 0.19 0.26
v 13.9483744 25.7100243 1.0000000 0.13 0.19 0.26
v 12.9152058 26.2442367 1.0000000 0.13 0.19 0.26
v 11.8616156 26.7369515 1.0000000 0.13 0.19 0.26
v 10.7892698 27.1873897 1.0000000 0.13 0.19 0.26
v 9.6998639 27.5948390 1.0000000 0.13 0.19 0.26
v 8.5951205 27.9586552 1.0000000 0.13 0.19 0.26
v 7.4767865 28.2782631 1.0000000 0.13 0.19 0.26
v 6.3466301 28.5531572 1.0000000 0.13 0.19 0.26
v 5.2064384 28.7829029 1.0000000 0.13 0.19 0.26
v 4.0580143 28.9671369 1.0000000 0.13 0.19 0.26
v 2.9031736 29.1055679 1.0000000 0.13 0.19 0.26
v 1.7437424 29.1979770 1.0000000 0.13 0.19 0.26
v 0.5815540 29.2442181 1.0000000 0.13 0.19 0.26
v -0.5815540 29.2442181 1.0000000 0.13 0.19 0.26
v -1.7437424 29.1979770 1.0000000 0.13 0.19 0.26
v -2.9031736 29.1055679 1.0000000 0.13 0.19 0.26
v -4.0580143 28.9671369 1.0000000 0.13 0.19 0.26
v -5.2064384 28.7829029 1.0000000 0.13 0.19 0.26
v -6.3466301 28.5531572 1.0000000 0.13 0.19 0.26
v -7.4767865 28.2782631 1.0000000 0.13 0.19 0.26
v -8.5951205 27.9586552 1.0000000 0.13 0.19 0.26
v -9.6998639 27.5948390 1.0000000 0.13 0.19 0.26
v -10.7892698 27.1873897 1.0000000 0.13 0.19 0.26
v -11.8616156 26.7369515 1.0000000 0.13 0.19 0.26
v -12.9152058 26.2442367 1.0000000 0.13 0.19 0.26
v -13.9483744 25.7100243 1.0000000 0.13 0.19 0.26
v -14.9594878 25.1351592 1.0000000 0.13 0.19 0.26
v -15.9469471 24.5205501 1.0000000 0.13 0.19 0.26
v -16.9091910 23.8671691 1.0000000 0.13 0.19 0.26
v -17.8446980 23.1760491 1.0000000 0.13 0.19 0.26
v -18.7519889 22.4482831 1.0000000 0.13 0.19 0.26
v -19.6296290 21.6850217 1.0000000 0.13 0.19 0.26
v -20.4762307 20.8874718 1.0000000 0.13 0.19 0.26
v -21.2904552 20.0568945 1.0000000 0.13 0.19 0.26
v -22.0710151 19.1946032 1.0000000 0.13 0.19 0.26
v -22.8166763 18.3019612 1.0000000 0.13 0.19 0.26
v -23.5262595 17.3803801 1.0000000 0.13 0.19 0.26
v -24.1986430 16.4313170 1.0000000 0.13 0.19 0.26
v -24.8327633 15.4562727 1.0000000 0.13 0.19 0.26
v -25.4276180 14.4567888 1.0000000 0.13 0.19 0.26
v -25.9822664 13.4344457 1.0000000 0.13 0.19 0.26
v -26.4958315 12.3908600 1.0000000 0.13 0.19 0.26
v -26.9675013 11.3276819 1.0000000 0.13 0.19 0.26
v -27.3965298 10.2465923 1.0000000 0.13 0.19 0.26
v -27.7822389 9.1493008 1.0000000 0.13 0.19 0.26
v -28.1240185 8.0375423 1.0000000 0.13 0.19 0.26
v -28.4213282 6.9130748 1.0000000 0.13 0.19 0.26
v -28.6736980 5.7776764 1.0000000 0.13 0.19 0.26
v -28.8807288 4.6331422 1.0000000 0.13 0.19 0.26
v -29.0420932 3.4812821 1.0000000 0.13 0.19 0.26
v -29.1575360 2.3239174 1.0000000 0.13 0.19 0.26
v -29.2268749 1.1628781 1.0000000 0.13 0.19 0.26
v -29.2500000 -0.0000000 1.0000000 0.13 0.19 0.26
v -29.2268749 -1.1628781 1.0000000 0.13 0.19 0.26
v -29.1575360 -2.3239174 1.0000000 0.13 0.19 0.26
v -29.0420932 -3.4812821 1.0000000 0.13 0.19 0.26
v -28.8807288 -4.6331422 1.0000000 0.13 0.19 0.26
v -28.6736980 -5.7776764 1.0000000 0.13 0.19 0.26
v -28.4213282 -6.9130748 1.0000000 0.13 0.19 0.26
v -28.1240185 -8.0375423 1.0000000 0.13 0.19 0.26
v -27.7822389 -9.1493008 1.0000000 0.13 0.19 0.26
v -27.3965298 -10.2465923 1.0000000 0.13 0.19 0.26
v -26.9675013 -11.3276819 1.0000000 0.13 0.19 0.26
v -26.4958315 -12.3908600 1.0000000 0.13 0.19 0.26
v -25.9822664 -13.4344457 1.0000000 0.13 0.19 0.26
v -25.4276180 -14.4567888 1.0000000 0.13 0.19 0.26
v -24.8327633 -15.4562727 1.0000000 0.13 0.19 0.26
v -24.1986430 -16.4313170 1.0000000 0.13 0.19 0.26
v -23.5262595 -17.3803801 1.0000000 0.13 0.19 0.26
v -22.8166763 -18.3019612 1.0000000 0.13 0.19 0.26
v -22.0710151 -19.1946032 1.0000000 0.13 0.19 0.26
v -21.2904552 -20.0568945 1.0000000 0.13 0.19 0.26
v -20.4762307 -20.8874718 1.0000000 0.13 0.19 0.26
v -19.6296290 -21.6850217 1.0000000 0.13 0.19 0.26
v -18.7519889 -22.4482831 1.0000000 0.13 0.19 0.26
v -17.8446980 -23.1760491 1.0000000 0.13 0.19 0.26
v -16.9091910 -23.8671691 1.0000000 0.13 0.19 0.26
v -15.9469471 -24.5205501 1.0000000 0.13 0.19 0.26
v -14.9594878 -25.1351592 1.0000000 0.13 0.19 0.26
v -13.9483744 -25.7100243 1.0000000 0.13 0.19 0.26
v -12.9152058 -26.2442367 1.0000000 0.13 0.19 0.26
v -11.8616156 -26.7369515 1.0000000 0.13 0.19 0.26
v -10.7892698 -27.1873897 1.0000000 0.13 0.19 0.26
v -9.6998639 -27.5948390 1.0000000 0.13 0.19 0.26
v -8.5951205 -27.9586552 1.0000000 0.13 0.19 0.26
v -7.4767865 -28.2782631 1.0000000 0.13 0.19 0.26
v -6.3466301 -28.5531572 1.0000000 0.13 0.19 0.26
v -5.2064384 -28.7829029 1.0000000 0.13 0.19 0.26
v -4.0580143 -28.9671369 1.0000000 0.13 0.19 0.26
v -2.9031736 -29.1055679 1.0000000 0.13 0.19 0.26
v -1.7437424 -29.1979770 1.0000000 0.13 0.19 0.26
v -0.5815540 -29.2442181 1.0000000 0.13 0.19 0.26
v 0.5815540 -29.2442181 1.0000000 0.13 0.19 0.26
v 1.7437424 -29.1979770 1.0000000 0.13 0.19 0.26
v 2.9031736 -29.1055679 1.0000000 0.13 0.19 0.26
v 4.0580143 -28.9671369 1.0000000 0.13 0.19 0.26
v 5.2064384 -28.7829029 1.0000000 0.13 0.19 0.26
v 6.3466301 -28.5531572 1.0000000 0.13 0.19 0.26
v 7.4767865 -28.2782631 1.0000000 0.13 0.19 0.26
v 8.5951205 -27.9586552 1.0000000 0.13 0.19 0.26
v 9.6998639 -27.5948390 1.0000000 0.13 0.19 0.26
v 10.7892698 -27.1873897 1.0000000 0.13 0.19 0.26
v 11.8616156 -26.7369515 1.0000000 0.13 0.19 0.26
v 12.9152058 -26.2442367 1.0000000 0.13 0.19 0.26
v 13.9483744 -25.7100243 1.0000000 0.13 0.19 0.26
v 14.9594878 -25.1351592 1.0000000 0.13 0.19 0.26
v 15.9469471 -24.5205501 1.0000000 0.13 0.19 0.26
v 16.9091910 -23.8671691 1.0000000 0.13 0.19 0.26
v 17.8446980 -23.1760491 1.0000000 0.13 0.19 0.26
v 18.7519889 -22.4482831 1.0000000 0.13 0.19 0.26
v 19.6296290 -21.6850217 1.0000000 0.13 0.19 0.26
v 20.4762307 -20.8874718 1.0000000 0.13 0.19 0.26
v 21.2904552 -20.0568945 1.0000000 0.13 0.19 0.26
v 22.0710151 -19.1946032 1.0000000 0.13 0.19 0.26
v 22.8166763 -18.3019612 1.0000000 0.13 0.19 0.26
v 23.5262595 -17.3803801 1.0000000 0.13 0.19 0.26
v 24.1986430 -16.4313170 1.0000000 0.13 0.19 0.26
v 24.8327633 -15.4562727 1.0000000 0.13 0.19 0.26
v 25.4276180 -14.4567888 1.0000000 0.13 0.19 0.26
v 25.9822664 -13.4344457 1.0000000 0.13 0.19 0.26
v 26.4958315 -12.3908600 1.0000000 0.13 0.19 0.26
v 26.9675013 -11.3276819 1.0000000 0.13 0.19 0.26
v 27.3965298 -10.2465923 1.0000000 0.13 0.19 0.26
v 27.7822389 -9.1493008 1.0000000 0.13 0.19 0.26
v 28.1240185 -8.0375423 1.0000000 0.13 0.19 0.26
v 28.4213282 -6.9130748 1.0000000 0.13 0.19 0.26
v 28.6736980 -5.7776764 1.0000000 0.13 0.19 0.26
v 28.8807288 -4.6331422 1.0000000 0.13 0.19 0.26
v 29.0420932 -3.4812821 1.0000000 0.13 0.19 0.26
v 29.1575360 -2.3239174 1.0000000 0.13 0.19 0.26
v 29.2268749 -1.1628781 1.0000000 0.13 0.19 0.26
v -3.8464102 -5.8621778 13.7000000 0.13 0.19 0.26
v -3.1535898 -6.2621778 13.7000000 0.13 0.19 0.26
v -14.8964102 -25.0013393 13.7000000 0.13 0.19 0.26
v -14.2035898 -25.4013393 13.7000000 0.13 0.19 0.26
v -3.0483358 -6.3140834 13.7000000 0.13 0.19 0.26
v -2.3092322 -6.6202301 13.7000000 0.13 0.19 0.26
v -11.5056397 -26.7318210 13.7000000 0.13 0.19 0.26
v -10.7665361 -27.0379678 13.7000000 0.13 0.19 0.26
v -2.1981036 -6.6579532 13.7000000 0.13 0.19 0.26
v -1.4253630 -6.8650084 13.7000000 0.13 0.19 0.26
v -7.9180045 -28.0049139 13.7000000 0.13 0.19 0.26
v -7.1452639 -28.2119692 13.7000000 0.13 0.19 0.26
v -1.3102613 -6.8879036 13.7000000 0.13 0.19 0.26
v -0.5171054 -6.9923245 13.7000000 0.13 0.19 0.26
v -4.1948901 -28.7988350 13.7000000 0.13 0.19 0.26
v -3.4017342 -28.9032559 13.7000000 0.13 0.19 0.26
v -0.4000000 -7.0000000 13.7000000 0.13 0.19 0.26
v 0.4000000 -7.0000000 13.7000000 0.13 0.19 0.26
v -0.4000000 -29.1000000 13.7000000 0.13 0.19 0.26
v 0.4000000 -29.1000000 13.7000000 0.13 0.19 0.26
v -6.2621778 -3.1535898 13.7000000 0.13 0.19 0.26
v -5.8621778 -3.8464102 13.7000000 0.13 0.19 0.26
v -25.4013393 -14.2035898 13.7000000 0.13 0.19 0.26
v -25.0013393 -14.8964102 13.7000000 0.13 0.19 0.26
v -6.6202301 -2.3092322 13.7000000 0.13 0.19 0.26
v -6.3140834 -3.0483358 13.7000000 0.13 0.19 0.26
v -27.0379678 -10.7665361 13.7000000 0.13 0.19 0.26
v -26.7318210 -11.5056397 13.7000000 0.13 0.19 0.26
v -6.8650084 -1.4253630 13.7000000 0.13 0.19 0.26
v -6.6579532 -2.1981036 13.7000000 0.13 0.19 0.26
v -28.2119692 -7.1452639 13.7000000 0.13 0.19 0.26
v -28.0049139 -7.9180045 13.7000000 0.13 0.19 0.26
v -6.9923245 -0.5171054 13.7000000 0.13 0.19 0.26
v -6.8879036 -1.3102613 13.7000000 0.13 0.19 0.26
v -28.9032559 -3.4017342 13.7000000 0.13 0.19 0.26
v -28.7988350 -4.1948901 13.7000000 0.13 0.19 0.26
v -5.2325902 -4.6669048 13.7000000 0.13 0.19 0.26
v -4.6669048 -5.2325902 13.7000000 0.13 0.19 0.26
v -20.8596500 -20.2939646 13.7000000 0.13 0.19 0.26
v -20.2939646 -20.8596500 13.7000000 0.13 0.19 0.26
v -4.5786713 -5.3099688 13.7000000 0.13 0.19 0.26
v -3.9439887 -5.7969780 13.7000000 0.13 0.19 0.26
v -18.0322989 -22.8430776 13.7000000 0.13 0.19 0.26
v -17.3976162 -23.3300868 13.7000000 0.13 0.19 0.26
v -5.7969780 -3.9439887 13.7000000 0.13 0.19 0.26
v -5.3099688 -4.5786713 13.7000000 0.13 0.19 0.26
v -23.3300868 -17.3976162 13.7000000 0.13 0.19 0.26
v -22.8430776 -18.0322989 13.7000000 0.13 0.19 0.26
v 0.5171054 -6.9923245 13.7000000 0.13 0.19 0.26
v 1.3102613 -6.8879036 13.7000000 0.13 0.19 0.26
v 3.4017342 -28.9032559 13.7000000 0.13 0.19 0.26
v 4.1948901 -28.7988350 13.7000000 0.13 0.19 0.26
v 1.4253630 -6.8650084 13.7000000 0.13 0.19 0.26
v 2.1981036 -6.6579532 13.7000000 0.13 0.19 0.26
v 7.1452639 -28.2119692 13.7000000 0.13 0.19 0.26
v 7.9180045 -28.0049139 13.7000000 0.13 0.19 0.26
v 2.3092322 -6.6202301 13.7000000 0.13 0.19 0.26
v 3.0483358 -6.3140834 13.7000000 0.13 0.19 0.26
v 10.7665361 -27.0379678 13.7000000 0.13 0.19 0.26
v 11.5056397 -26.7318210 13.7000000 0.13 0.19 0.26
v 3.1535898 -6.2621778 13.7000000 0.13 0.19 0.26
v 3.8464102 -5.8621778 13.7000000 0.13 0.19 0.26
v 14.2035898 -25.4013393 13.7000000 0.13 0.19 0.26
v 14.8964102 -25.0013393 13.7000000 0.13 0.19 0.26
v 3.9439887 -5.7969780 13.7000000 0.13 0.19 0.26
v 4.5786713 -5.3099688 13.7000000 0.13 0.19 0.26
v 17.3976162 -23.3300868 13.7000000 0.13 0.19 0.26
v 18.0322989 -22.8430776 13.7000000 0.13 0.19 0.26
v 4.6669048 -5.2325902 13.7000000 0.13 0.19 0.26
v 5.2325902 -4.6669048 13.7000000 0.13 0.19 0.26
v 20.2939646 -20.8596500 13.7000000 0.13 0.19 0.26
v 20.8596500 -20.2939646 13.7000000 0.13 0.19 0.26
v 5.3099688 -4.5786713 13.7000000 0.13 0.19 0.26
v 5.7969780 -3.9439887 13.7000000 0.13 0.19 0.26
v 22.8430776 -18.0322989 13.7000000 0.13 0.19 0.26
v 23.3300868 -17.3976162 13.7000000 0.13 0.19 0.26
v 5.8621778 -3.8464102 13.7000000 0.13 0.19 0.26
v 6.2621778 -3.1535898 13.7000000 0.13 0.19 0.26
v 25.0013393 -14.8964102 13.7000000 0.13 0.19 0.26
v 25.4013393 -14.2035898 13.7000000 0.13 0.19 0.26
v 6.3140834 -3.0483358 13.7000000 0.13 0.19 0.26
v 6.6202301 -2.3092322 13.7000000 0.13 0.19 0.26
v 26.7318210 -11.5056397 13.7000000 0.13 0.19 0.26
v 27.0379678 -10.7665361 13.7000000 0.13 0.19 0.26
v 6.6579532 -2.1981036 13.7000000 0.13 0.19 0.26
v 6.8650084 -1.4253630 13.7000000 0.13 0.19 0.26
v 28.0049139 -7.9180045 13.7000000 0.13 0.19 0.26
v 28.2119692 -7.1452639 13.7000000 0.13 0.19 0.26
v 6.8879036 -1.3102613 13.7000000 0.13 0.19 0.26
v 6.9923245 -0.5171054 13.7000000 0.13 0.19 0.26
v 28.7988350 -4.1948901 13.7000000 0.13 0.19 0.26
v 28.9032559 -3.4017342 13.7000000 0.13 0.19 0.26
v 7.0000000 -0.4000000 13.7000000 0.13 0.19 0.26
v 7.0000000 0.4000000 13.7000000 0.13 0.19 0.26
v 29.1000000 -0.4000000 13.7000000 0.13 0.19 0.26
v 29.1000000 0.4000000 13.7000000 0.13 0.19 0.26
v -7.0000000 0.4000000 13.7000000 0.13 0.19 0.26
v -7.0000000 -0.4000000 13.7000000 0.13 0.19 0.26
v -29.1000000 0.4000000 13.7000000 0.13 0.19 0.26
v -29.1000000 -0.4000000 13.7000000 0.13 0.19 0.26
v -6.8879036 1.3102613 13.7000000 0.13 0.19 0.26
v -6.9923245 0.5171054 13.7000000 0.13 0.19 0.26
v -28.7988350 4.1948901 13.7000000 0.13 0.19 0.26
v -28.9032559 3.4017342 13.7000000 0.13 0.19 0.26
v -6.6579532 2.1981036 13.7000000 0.13 0.19 0.26
v -6.8650084 1.4253630 13.7000000 0.13 0.19 0.26
v -28.0049139 7.9180045 13.7000000 0.13 0.19 0.26
v -28.2119692 7.1452639 13.7000000 0.13 0.19 0.26
v -6.3140834 3.0483358 13.7000000 0.13 0.19 0.26
v -6.6202301 2.3092322 13.7000000 0.13 0.19 0.26
v -26.7318210 11.5056397 13.7000000 0.13 0.19 0.26
v -27.0379678 10.7665361 13.7000000 0.13 0.19 0.26
v -5.8621778 3.8464102 13.7000000 0.13 0.19 0.26
v -6.2621778 3.1535898 13.7000000 0.13 0.19 0.26
v -25.0013393 14.8964102 13.7000000 0.13 0.19 0.26
v -25.4013393 14.2035898 13.7000000 0.13 0.19 0.26
v -5.3099688 4.5786713 13.7000000 0.13 0.19 0.26
v -5.7969780 3.9439887 13.7000000 0.13 0.19 0.26
v -22.8430776 18.0322989 13.7000000 0.13 0.19 0.26
v -23.3300868 17.3976162 13.7000000 0.13 0.19 0.26
v -4.6669048 5.2325902 13.7000000 0.13 0.19 0.26
v -5.2325902 4.6669048 13.7000000 0.13 0.19 0.26
v -20.2939646 20.8596500 13.7000000 0.13 0.19 0.26
v -20.8596500 20.2939646 13.7000000 0.13 0.19 0.26
v -3.9439887 5.7969780 13.7000000 0.13 0.19 0.26
v -4.5786713 5.3099688 13.7000000 0.13 0.19 0.26
v -17.3976162 23.3300868 13.7000000 0.13 0.19 0.26
v -18.0322989 22.8430776 13.7000000 0.13 0.19 0.26
v -3.1535898 6.2621778 13.7000000 0.13 0.19 0.26
v -3.8464102 5.8621778 13.7000000 0.13 0.19 0.26
v -14.2035898 25.4013393 13.7000000 0.13 0.19 0.26
v -14.8964102 25.0013393 13.7000000 0.13 0.19 0.26
v -2.3092322 6.6202301 13.7000000 0.13 0.19 0.26
v -3.0483358 6.3140834 13.7000000 0.13 0.19 0.26
v -10.7665361 27.0379678 13.7000000 0.13 0.19 0.26
v -11.5056397 26.7318210 13.7000000 0.13 0.19 0.26
v -1.4253630 6.8650084 13.7000000 0.13 0.19 0.26
v -2.1981036 6.6579532 13.7000000 0.13 0.19 0.26
v -7.1452639 28.2119692 13.7000000 0.13 0.19 0.26
v -7.9180045 28.0049139 13.7000000 0.13 0.19 0.26
v -0.5171054 6.9923245 13.7000000 0.13 0.19 0.26
v -1.3102613 6.8879036 13.7000000 0.13 0.19 0.26
v -3.4017342 28.9032559 13.7000000 0.13 0.19 0.26
v -4.1948901 28.7988350 13.7000000 0.13 0.19 0.26
v 5.7969780 3.9439887 13.7000000 0.13 0.19 0.26
v 5.3099688 4.5786713 13.7000000 0.13 0.19 0.26
v 23.3300868 17.3976162 13.7000000 0.13 0.19 0.26
v 22.8430776 18.0322989 13.7000000 0.13 0.19 0.26
v 4.5786713 5.3099688 13.7000000 0.13 0.19 0.26
v 3.9439887 5.7969780 13.7000000 0.13 0.19 0.26
v 18.0322989 22.8430776 13.7000000 0.13 0.19 0.26
v 17.3976162 23.3300868 13.7000000 0.13 0.19 0.26
v 5.2325902 4.6669048 13.7000000 0.13 0.19 0.26
v 4.6669048 5.2325902 13.7000000 0.13 0.19 0.26
v 20.8596500 20.2939646 13.7000000 0.13 0.19 0.26
v 20.2939646 20.8596500 13.7000000 0.13 0.19 0.26
v 6.9923245 0.5171054 13.7000000 0.13 0.19 0.26
v 6.8879036 1.3102613 13.7000000 0.13 0.19 0.26
v 28.9032559 3.4017342 13.7000000 0.13 0.19 0.26
v 28.7988350 4.1948901 13.7000000 0.13 0.19 0.26
v 6.8650084 1.4253630 13.7000000 0.13 0.19 0.26
v 6.6579532 2.1981036 13.7000000 0.13 0.19 0.26
v 28.2119692 7.1452639 13.7000000 0.13 0.19 0.26
v 28.0049139 7.9180045 13.7000000 0.13 0.19 0.26
v 6.6202301 2.3092322 13.7000000 0.13 0.19 0.26
v 6.3140834 3.0483358 13.7000000 0.13 0.19 0.26
v 27.0379678 10.7665361 13.7000000 0.13 0.19 0.26
v 26.7318210 11.5056397 13.7000000 0.13 0.19 0.26
v 6.2621778 3.1535898 13.7000000 0.13 0.19 0.26
v 5.8621778 3.8464102 13.7000000 0.13 0.19 0.26
v 25.4013393 14.2035898 13.7000000 0.13 0.19 0.26
v 25.0013393 14.8964102 13.7000000 0.13 0.19 0.26
v 0.4000000 7.0000000 13.7000000 0.13 0.19 0.26
v -0.4000000 7.0000000 13.7000000 0.13 0.19 0.26
v 0.4000000 29.1000000 13.7000000 0.13 0.19 0.26
v -0.4000000 29.1000000 13.7000000 0.13 0.19 0.26
v 1.3102613 6.8879036 13.7000000 0.13 0.19 0.26
v 0.5171054 6.9923245 13.7000000 0.13 0.19 0.26
v 4.1948901 28.7988350 13.7000000 0.13 0.19 0.26
v 3.4017342 28.9032559 13.7000000 0.13 0.19 0.26
v 2.1981036 6.6579532 13.7000000 0.13 0.19 0.26
v 1.4253630 6.8650084 13.7000000 0.13 0.19 0.26
v 7.9180045 28.0049139 13.7000000 0.13 0.19 0.26
v 7.1452639 28.2119692 13.7000000 0.13 0.19 0.26
v 3.0483358 6.3140834 13.7000000 0.13 0.19 0.26
v 2.3092322 6.6202301 13.7000000 0.13 0.19 0.26
v 11.5056397 26.7318210 13.7000000 0.13 0.19 0.26
v 10.7665361 27.0379678 13.7000000 0.13 0.19 0.26
v 3.8464102 5.8621778 13.7000000 0.13 0.19 0.26
v 3.1535898 6.2621778 13.7000000 0.13 0.19 0.26
v 14.8964102 25.0013393 13.7000000 0.13 0.19 0.26
v 14.2035898 25.4013393 13.7000000 0.13 0.19 0.26
v 29.2500000 0.0000000 1.0000000 0.13 0.19 0.26
v 29.2268749 1.1628781 1.0000000 0.13 0.19 0.26
v 29.1575360 2.3239174 1.0000000 0.13 0.19 0.26
v 29.0420932 3.4812821 1.0000000 0.13 0.19 0.26
v 28.8807288 4.6331422 1.0000000 0.13 0.19 0.26
v 28.6736980 5.7776764 1.0000000 0.13 0.19 0.26
v 28.4213282 6.9130748 1.0000000 0.13 0.19 0.26
v 28.1240185 8.0375423 1.0000000 0.13 0.19 0.26
v 27.7822389 9.1493008 1.0000000 0.13 0.19 0.26
v 27.3965298 10.2465923 1.0000000 0.13 0.19 0.26
v 26.9675013 11.3276819 1.0000000 0.13 0.19 0.26
v 26.4958315 12.3908600 1.0000000 0.13 0.19 0.26
v 25.9822664 13.4344457 1.0000000 0.13 0.19 0.26
v 25.4276180 14.4567888 1.0000000 0.13 0.19 0.26
v 24.8327633 15.4562727 1.0000000 0.13 0.19 0.26
v 24.1986430 16.4313170 1.0000000 0.13 0.19 0.26
v 23.5262595 17.3803801 1.0000000 0.13 0.19 0.26
v 22.8166763 18.3019612 1.0000000 0.13 0.19 0.26
v 22.0710151 19.1946032 1.0000000 0.13 0.19 0.26
v 21.2904552 20.0568945 1.0000000 0.13 0.19 0.26
v 20.4762307 20.8874718 1.0000000 0.13 0.19 0.26
v 19.6296290 21.6850217 1.0000000 0.13 0.19 0.26
v 18.7519889 22.4482831 1.0000000 0.13 0.19 0.26
v 17.8446980 23.1760491 1.0000000 0.13 0.19 0.26
v 16.9091910 23.8671691 1.0000000 0.13 0.19 0.26
v 15.9469471 24.5205501 1.0000000 0.13 0.19 0.26
v 14.9594878 25.1351592 1.0000000 0.13 0.19 0.26
v 13.9483744 25.7100243 1.0000000 0.13 0.19 0.26
v 12.9152058 26.2442367 1.0000000 0.13 0.19 0.26
v 11.8616156 26.7369515 1.0000000 0.13 0.19 0.26
v 10.7892698 27.1873897 1.0000000 0.13 0.19 0.26
v 9.6998639 27.5948390 1.0000000 0.13 0.19 0.26
v 8.5951205 27.9586552 1.0000000 0.13 0.19 0.26
v 7.4767865 28.2782631 1.0000000 0.13 0.19 0.26
v 6.3466301 28.5531572 1.0000000 0.13 0.19 0.26
v 5.2064384 28.7829029 1.0000000 0.13 0.19 0.26
v 4.0580143 28.9671369 1.0000000 0.13 0.19 0.26
v 2.9031736 29.1055679 1.0000000 0.13 0.19 0.26
v 1.7437424 29.1979770 1.0000000 0.13 0.19 0.26
v 0.5815540 29.2442181 1.0000000 0.13 0.19 0.26
v -0.5815540 29.2442181 1.0000000 0.13 0.19 0.26
v -1.7437424 29.1979770 1.0000000 0.13 0.19 0.26
v -2.9031736 29.1055679 1.0000000 0.13 0.19 0.26
v -4.0580143 28.9671369 1.0000000 0.13 0.19 0.26
v -5.2064384 28.7829029 1.0000000 0.13 0.19 0.26
v -6.3466301 28.5531572 1.0000000 0.13 0.19 0.26
v -7.4767865 28.2782631 1.0000000 0.13 0.19 0.26
v -8.5951205 27.9586552 1.0000000 0.13 0.19 0.26
v -9.6998639 27.5948390 1.0000000 0.13 0.19 0.26
v -10.7892698 27.1873897 1.0000000 0.13 0.19 0.26
v -11.8616156 26.7369515 1.0000000 0.13 0.19 0.26
v -12.9152058 26.2442367 1.0000000 0.13 0.19 0.26
v -13.9483744 25.7100243 1.0000000 0.13 0.19 0.26
v -14.9594878 25.1351592 1.0000000 0.13 0.19 0.26
v -15.9469471 24.5205501 1.0000000 0.13 0.19 0.26
v -16.9091910 23.8671691 1.0000000 0.13 0.19 0.26
v -17.8446980 23.1760491 1.0000000 0.13 0.19 0.26
v -18.7519889 22.4482831 1.0000000 0.13 0.19 0.26
v -19.6296290 21.6850217 1.0000000 0.13 0.19 0.26
v -20.4762307 20.8874718 1.0000000 0.13 0.19 0.26
v -21.2904552 20.0568945 1.0000000 0.13 0.19 0.26
v -22.0710151 19.1946032 1.0000000 0.13 0.19 0.26
v -22.8166763 18.3019612 1.0000000 0.13 0.19 0.26
v -23.5262595 17.3803801 1.0000000 0.13 0.19 0.26
v -24.1986430 16.4313170 1.0000000 0.13 0.19 0.26
v -24.8327633 15.4562727 1.0000000 0.13 0.19 0.26
v -25.4276180 14.4567888 1.0000000 0.13 0.19 0.26
v -25.9822664 13.4344457 1.0000000 0.13 0.19 0.26
v -26.4958315 12.3908600 1.0000000 0.13 0.19 0.26
v -26.9675013 11.3276819 1.0000000 0.13 0.19 0.26
v -27.3965298 10.2465923 1.0000000 0.13 0.19 0.26
v -27.7822389 9.1493008 1.0000000 0.13 0.19 0.26
v -28.1240185 8.0375423 1.0000000 0.13 0.19 0.26
v -28.4213282 6.9130748 1.0000000 0.13 0.19 0.26
v -28.6736980 5.7776764 1.0000000 0.13 0.19 0.26
v -28.8807288 4.6331422 1.0000000 0.13 0.19 0.26
v -29.0420932 3.4812821 1.0000000 0.13 0.19 0.26
v -29.1575360 2.3239174 1.0000000 0.13 0.19 0.26
v -29.2268749 1.1628781 1.0000000 0.13 0.19 0.26
v -29.2500000 -0.0000000 1.0000000 0.13 0.19 0.26
v -29.2268749 -1.1628781 1.0000000 0.13 0.19 0.26
v -29.1575360 -2.3239174 1.0000000 0.13 0.19 0.26
v -29.0420932 -3.4812821 1.0000000 0.13 0.19 0.26
v -28.8807288 -4.6331422 1.0000000 0.13 0.19 0.26
v -28.6736980 -5.7776764 1.0000000 0.13 0.19 0.26
v -28.4213282 -6.9130748 1.0000000 0.13 0.19 0.26
v -28.1240185 -8.0375423 1.0000000 0.13 0.19 0.26
v -27.7822389 -9.1493008 1.0000000 0.13 0.19 0.26
v -27.3965298 -10.2465923 1.0000000 0.13 0.19 0.26
v -26.9675013 -11.3276819 1.0000000 0.13 0.19 0.26
v -26.4958315 -12.3908600 1.0000000 0.13 0.19 0.26
v -25.9822664 -13.4344457 1.0000000 0.13 0.19 0.26
v -25.4276180 -14.4567888 1.0000000 0.13 0.19 0.26
v -24.8327633 -15.4562727 1.0000000 0.13 0.19 0.26
v -24.1986430 -16.4313170 1.0000000 0.13 0.19 0.26
v -23.5262595 -17.3803801 1.0000000 0.13 0.19 0.26
v -22.8166763 -18.3019612 1.0000000 0.13 0.19 0.26
v -22.0710151 -19.1946032 1.0000000 0.13 0.19 0.26
v -21.2904552 -20.0568945 1.0000000 0.13 0.19 0.26
v -20.4762307 -20.8874718 1.0000000 0.13 0.19 0.26
v -19.6296290 -21.6850217 1.0000000 0.13 0.19 0.26
v -18.7519889 -22.4482831 1.0000000 0.13 0.19 0.26
v -17.8446980 -23.1760491 1.0000000 0.13 0.19 0.26
v -16.9091910 -23.8671691 1.0000000 0.13 0.19 0.26
v -15.9469471 -24.5205501 1.0000000 0.13 0.19 0.26
v -14.9594878 -25.1351592 1.0000000 0.13 0.19 0.26
v -13.9483744 -25.7100243 1.0000000 0.13 0.19 0.26
v -12.9152058 -26.2442367 1.0000000 0.13 0.19 0.26
v -11.8616156 -26.7369515 1.0000000 0.13 0.19 0.26
v -10.7892698 -27.1873897 1.0000000 0.13 0.19 0.26
v -9.6998639 -27.5948390 1.0000000 0.13 0.19 0.26
v -8.5951205 -27.9586552 1.0000000 0.13 0.19 0.26
v -7.4767865 -28.2782631 1.0000000 0.13 0.19 0.26
v -6.3466301 -28.5531572 1.0000000 0.13 0.19 0.26
v -5.2064384 -28.7829029 1.0000000 0.13 0.19 0.26
v -4.0580143 -28.9671369 1.0000000 0.13 0.19 0.26
v -2.9031736 -29.1055679 1.0000000 0.13 0.19 0.26
v -1.7437424 -29.1979770 1.0000000 0.13 0.19 0.26
v -0.5815540 -29.2442181 1.0000000 0.13 0.19 0.26
v 0.5815540 -29.2442181 1.0000000 0.13 0.19 0.26
v 1.7437424 -29.1979770 1.0000000 0.13 0.19 0.26
v 2.9031736 -29.1055679 1.0000000 0.13 0.19 0.26
v 4.0580143 -28.9671369 1.0000000 0.13 0.19 0.26
v 5.2064384 -28.7829029 1.0000000 0.13 0.19 0.26
v 6.3466301 -28.5531572 1.0000000 0.13 0.19 0.26
v 7.4767865 -28.2782631 1.0000000 0.13 0.19 0.26
v 8.5951205 -27.9586552 1.0000000 0.13 0.19 0.26
v 9.6998639 -27.5948390 1.0000000 0.13 0.19 0.26
v 10.7892698 -27.1873897 1.0000000 0.13 0.19 0.26
v 11.8616156 -26.7369515 1.0000000 0.13 0.19 0.26
v 12.9152058 -26.2442367 1.0000000 0.13 0.19 0.26
v 13.9483744 -25.7100243 1.0000000 0.13 0.19 0.26
v 14.9594878 -25.1351592 1.0000000 0.13 0.19 0.26
v 15.9469471 -24.5205501 1.0000000 0.13 0.19 0.26
v 16.9091910 -23.8671691 1.0000000 0.13 0.19 0.26
v 17.8446980 -23.1760491 1.0000000 0.13 0.19 0.26
v 18.7519889 -22.4482831 1.0000000 0.13 0.19 0.26
v 19.6296290 -21.6850217 1.0000000 0.13 0.19 0.26
v 20.4762307 -20.8874718 1.0000000 0.13 0.19 0.26
v 21.2904552 -20.0568945 1.0000000 0.13 0.19 0.26
v 22.0710151 -19.1946032 1.0000000 0.13 0.19 0.26
v 22.8166763 -18.3019612 1.0000000 0.13 0.19 0.26
v 23.5262595 -17.3803801 1.0000000 0.13 0.19 0.26
v 24.1986430 -16.4313170 1.0000000 0.13 0.19 0.26
v 24.8327633 -15.4562727 1.0000000 0.13 0.19 0.26
v 25.4276180 -14.4567888 1.0000000 0.13 0.19 0.26
v 25.9822664 -13.4344457 1.0000000 0.13 0.19 0.26
v 26.4958315 -12.3908600 1.0000000 0.13 0.19 0.26
v 26.9675013 -11.3276819 1.0000000 0.13 0.19 0.26
v 27.3965298 -10.2465923 1.0000000 0.13 0.19 0.26
v 27.7822389 -9.1493008 1.0000000 0.13 0.19 0.26
v 28.1240185 -8.0375423 1.0000000 0.13 0.19 0.26
v 28.4213282 -6.9130748 1.0000000 0.13 0.19 0.26
v 28.6736980 -5.7776764 1.0000000 0.13 0.19 0.26
v 28.8807288 -4.6331422 1.0000000 0.13 0.19 0.26
v 29.0420932 -3.4812821 1.0000000 0.13 0.19 0.26
v 29.1575360 -2.3239174 1.0000000 0.13 0.19 0.26
v 29.2268749 -1.1628781 1.0000000 0.13 0.19 0.26
v 29.2500000 0.0000000 1.0000000 0.13 0.19 0.26
v 29.2500000 0.0000000 11.5000000 0.13 0.19 0.26
v 29.2500000 0.0000000 11.5000000 0.13 0.19 0.26
v 29.2268749 -1.1628781 11.5000000 0.13 0.19 0.26
v 29.1575360 -2.3239174 11.5000000 0.13 0.19 0.26
v 29.0420932 -3.4812821 11.5000000 0.13 0.19 0.26
v 28.8807288 -4.6331422 11.5000000 0.13 0.19 0.26
v 28.6736980 -5.7776764 11.5000000 0.13 0.19 0.26
v 28.4213282 -6.9130748 11.5000000 0.13 0.19 0.26
v 28.1240185 -8.0375423 11.5000000 0.13 0.19 0.26
v 27.7822389 -9.1493008 11.5000000 0.13 0.19 0.26
v 27.3965298 -10.2465923 11.5000000 0.13 0.19 0.26
v 26.9675013 -11.3276819 11.5000000 0.13 0.19 0.26
v 26.4958315 -12.3908600 11.5000000 0.13 0.19 0.26
v 25.9822664 -13.4344457 11.5000000 0.13 0.19 0.26
v 25.4276180 -14.4567888 11.5000000 0.13 0.19 0.26
v 24.8327633 -15.4562727 11.5000000 0.13 0.19 0.26
v 24.1986430 -16.4313170 11.5000000 0.13 0.19 0.26
v 23.5262595 -17.3803801 11.5000000 0.13 0.19 0.26
v 22.8166763 -18.3019612 11.5000000 0.13 0.19 0.26
v 22.0710151 -19.1946032 11.5000000 0.13 0.19 0.26
v 21.2904552 -20.0568945 11.5000000 0.13 0.19 0.26
v 20.4762307 -20.8874718 11.5000000 0.13 0.19 0.26
v 19.6296290 -21.6850217 11.5000000 0.13 0.19 0.26
v 18.7519889 -22.4482831 11.5000000 0.13 0.19 0.26
v 17.8446980 -23.1760491 11.5000000 0.13 0.19 0.26
v 16.9091910 -23.8671691 11.5000000 0.13 0.19 0.26
v 15.9469471 -24.5205501 11.5000000 0.13 0.19 0.26
v 14.9594878 -25.1351592 11.5000000 0.13 0.19 0.26
v 13.9483744 -25.7100243 11.5000000 0.13 0.19 0.26
v 12.9152058 -26.2442367 11.5000000 0.13 0.19 0.26
v 11.8616156 -26.7369515 11.5000000 0.13 0.19 0.26
v 10.7892698 -27.1873897 11.5000000 0.13 0.19 0.26
v 9.6998639 -27.5948390 11.5000000 0.13 0.19 0.26
v 8.5951205 -27.9586552 11.5000000 0.13 0.19 0.26
v 7.4767865 -28.2782631 11.5000000 0.13 0.19 0.26
v 6.3466301 -28.5531572 11.5000000 0.13 0.19 0.26
v 5.2064384 -28.7829029 11.5000000 0.13 0.19 0.26
v 4.0580143 -28.9671369 11.5000000 0.13 0.19 0.26
v 2.9031736 -29.1055679 11.5000000 0.13 0.19 0.26
v 1.7437424 -29.1979770 11.5000000 0.13 0.19 0.26
v 0.5815540 -29.2442181 11.5000000 0.13 0.19 0.26
v -0.5815540 -29.2442181 11.5000000 0.13 0.19 0.26
v -1.7437424 -29.1979770 11.5000000 0.13 0.19 0.26
v -2.9031736 -29.1055679 11.5000000 0.13 0.19 0.26
v -4.0580143 -28.9671369 11.5000000 0.13 0.19 0.26
v -5.2064384 -28.7829029 11.5000000 0.13 0.19 0.26
v -6.3466301 -28.5531572 11.5000000 0.13 0.19 0.26
v -7.4767865 -28.2782631 11.5000000 0.13 0.19 0.26
v -8.5951205 -27.9586552 11.5000000 0.13 0.19 0.26
v -9.6998639 -27.5948390 11.5000000 0.13 0.19 0.26
v -10.7892698 -27.1873897 11.5000000 0.13 0.19 0.26
v -11.8616156 -26.7369515 11.5000000 0.13 0.19 0.26
v -12.9152058 -26.2442367 11.5000000 0.13 0.19 0.26
v -13.9483744 -25.7100243 11.5000000 0.13 0.19 0.26
v -14.9594878 -25.1351592 11.5000000 0.13 0.19 0.26
v -15.9469471 -24.5205501 11.5000000 0.13 0.19 0.26
v -16.9091910 -23.8671691 11.5000000 0.13 0.19 0.26
v -17.8446980 -23.1760491 11.5000000 0.13 0.19 0.26
v -18.7519889 -22.4482831 11.5000000 0.13 0.19 0.26
v -19.6296290 -21.6850217 11.5000000 0.13 0.19 0.26
v -20.4762307 -20.8874718 11.5000000 0.13 0.19 0.26
v -21.2904552 -20.0568945 11.5000000 0.13 0.19 0.26
v -22.0710151 -19.1946032 11.5000000 0.13 0.19 0.26
v -22.8166763 -18.3019612 11.5000000 0.13 0.19 0.26
v -23.5262595 -17.3803801 11.5000000 0.13 0.19 0.26
v -24.1986430 -16.4313170 11.5000000 0.13 0.19 0.26
v -24.8327633 -15.4562727 11.5000000 0.13 0.19 0.26
v -25.4276180 -14.4567888 11.5000000 0.13 0.19 0.26
v -25.9822664 -13.4344457 11.5000000 0.13 0.19 0.26
v -26.4958315 -12.3908600 11.5000000 0.13 0.19 0.26
v -26.9675013 -11.3276819 11.5000000 0.13 0.19 0.26
v -27.3965298 -10.2465923 11.5000000 0.13 0.19 0.26
v -27.7822389 -9.1493008 11.5000000 0.13 0.19 0.26
v -28.1240185 -8.0375423 11.5000000 0.13 0.19 0.26
v -28.4213282 -6.9130748 11.5000000 0.13 0.19 0.26
v -28.6736980 -5.7776764 11.5000000 0.13 0.19 0.26
v -28.8807288 -4.6331422 11.5000000 0.13 0.19 0.26
v -29.0420932 -3.4812821 11.5000000 0.13 0.19 0.26
v -29.1575360 -2.3239174 11.5000000 0.13 0.19 0.26
v -29.2268749 -1.1628781 11.5000000 0.13 0.19 0.26
v -29.2500000 0.0000000 11.5000000 0.13 0.19 0.26
v -29.2268749 1.1628781 11.5000000 0.13 0.19 0.26
v -29.1575360 2.3239174 11.5000000 0.13 0.19 0.26
v -29.0420932 3.4812821 11.5000000 0.13 0.19 0.26
v -28.8807288 4.6331422 11.5000000 0.13 0.19 0.26
v -28.6736980 5.7776764 11.5000000 0.13 0.19 0.26
v -28.4213282 6.9130748 11.5000000 0.13 0.19 0.26
v -28.1240185 8.0375423 11.5000000 0.13 0.19 0.26
v -27.7822389 9.1493008 11.5000000 0.13 0.19 0.26
v -27.3965298 10.2465923 11.5000000 0.13 0.19 0.26
v -26.9675013 11.3276819 11.5000000 0.13 0.19 0.26
v -26.4958315 12.3908600 11.5000000 0.13 0.19 0.26
v -25.9822664 13.4344457 11.5000000 0.13 0.19 0.26
v -25.4276180 14.4567888 11.5000000 0.13 0.19 0.26
v -24.8327633 15.4562727 11.5000000 0.13 0.19 0.26
v -24.1986430 16.4313170 11.5000000 0.13 0.19 0.26
v -23.5262595 17.3803801 11.5000000 0.13 0.19 0.26
v -22.8166763 18.3019612 11.5000000 0.13 0.19 0.26
v -22.0710151 19.1946032 11.5000000 0.13 0.19 0.26
v -21.2904552 20.0568945 11.5000000 0.13 0.19 0.26
v -20.4762307 20.8874718 11.5000000 0.13 0.19 0.26
v -19.6296290 21.6850217 11.5000000 0.13 0.19 0.26
v -18.7519889 22.4482831 11.5000000 0.13 0.19 0.26
v -17.8446980 23.1760491 11.5000000 0.13 0.19 0.26
v -16.9091910 23.8671691 11.5000000 0.13 0.19 0.26
v -15.9469471 24.5205501 11.5000000 0.13 0.19 0.26
v -14.9594878 25.1351592 11.5000000 0.13 0.19 0.26
v -13.9483744 25.7100243 11.5000000 0.13 0.19 0.26
v -12.9152058 26.2442367 11.5000000 0.13 0.19 0.26
v -11.8616156 26.7369515 11.5000000 0.13 0.19 0.26
v -10.7892698 27.1873897 11.5000000 0.13 0.19 0.26
v -9.6998639 27.5948390 11.5000000 0.13 0.19 0.26
v -8.5951205 27.9586552 11.5000000 0.13 0.19 0.26
v -7.4767865 28.2782631 11.5000000 0.13 0.19 0.26
v -6.3466301 28.5531572 11.5000000 0.13 0.19 0.26
v -5.2064384 28.7829029 11.5000000 0.13 0.19 0.26
v -4.0580143 28.9671369 11.5000000 0.13 0.19 0.26
v -2.9031736 29.1055679 11.5000000 0.13 0.19 0.26
v -1.7437424 29.1979770 11.5000000 0.13 0.19 0.26
v -0.5815540 29.2442181 11.5000000 0.13 0.19 0.26
v 0.5815540 29.2442181 11.5000000 0.13 0.19 0.26
v 1.7437424 29.1979770 11.5000000 0.13 0.19 0.26
v 2.9031736 29.1055679 11.5000000 0.13 0.19 0.26
v 4.0580143 28.9671369 11.5000000 0.13 0.19 0.26
v 5.2064384 28.7829029 11.5000000 0.13 0.19 0.26
v 6.3466301 28.5531572 11.5000000 0.13 0.19 0.26
v 7.4767865 28.2782631 11.5000000 0.13 0.19 0.26
v 8.5951205 27.9586552 11.5000000 0.13 0.19 0.26
v 9.6998639 27.5948390 11.5000000 0.13 0.19 0.26
v 10.7892698 27.1873897 11.5000000 0.13 0.19 0.26
v 11.8616156 26.7369515 11.5000000 0.13 0.19 0.26
v 12.9152058 26.2442367 11.5000000 0.13 0.19 0.26
v 13.9483744 25.7100243 11.5000000 0.13 0.19 0.26
v 14.9594878 25.1351592 11.5000000 0.13 0.19 0.26
v 15.9469471 24.5205501 11.5000000 0.13 0.19 0.26
v 16.9091910 23.8671691 11.5000000 0.13 0.19 0.26
v 17.8446980 23.1760491 11.5000000 0.13 0.19 0.26
v 18.7519889 22.4482831 11.5000000 0.13 0.19 0.26
v 19.6296290 21.6850217 11.5000000 0.13 0.19 0.26
v 20.4762307 20.8874718 11.5000000 0.13 0.19 0.26
v 21.2904552 20.0568945 11.5000000 0.13 0.19 0.26
v 22.0710151 19.1946032 11.5000000 0.13 0.19 0.26
v 22.8166763 18.3019612 11.5000000 0.13 0.19 0.26
v 23.5262595 17.3803801 11.5000000 0.13 0.19 0.26
v 24.1986430 16.4313170 11.5000000 0.13 0.19 0.26
v 24.8327633 15.4562727 11.5000000 0.13 0.19 0.26
v 25.4276180 14.4567888 11.5000000 0.13 0.19 0.26
v 25.9822664 13.4344457 11.5000000 0.13 0.19 0.26
v 26.4958315 12.3908600 11.5000000 0.13 0.19 0.26
v 26.9675013 11.3276819 11.5000000 0.13 0.19 0.26
v 27.3965298 10.2465923 11.5000000 0.13 0.19 0.26
v 27.7822389 9.1493008 11.5000000 0.13 0.19 0.26
v 28.1240185 8.0375423 11.5000000 0.13 0.19 0.26
v 28.4213282 6.9130748 11.5000000 0.13 0.19 0.26
v 28.6736980 5.7776764 11.5000000 0.13 0.19 0.26
v 28.8807288 4.6331422 11.5000000 0.13 0.19 0.26
v 29.0420932 3.4812821 11.5000000 0.13 0.19 0.26
v 29.1575360 2.3239174 11.5000000 0.13 0.19 0.26
v 29.2268749 1.1628781 11.5000000 0.13 0.19 0.26
v 29.2500000 0.0000000 11.5000000 0.13 0.19 0.26
v 29.2268749 -1.1628781 11.5000000 0.13 0.19 0.26
v 29.1575360 -2.3239174 11.5000000 0.13 0.19 0.26
v 29.0420932 -3.4812821 11.5000000 0.13 0.19 0.26
v 28.8807288 -4.6331422 11.5000000 0.13 0.19 0.26
v 28.6736980 -5.7776764 11.5000000 0.13 0.19 0.26
v 28.4213282 -6.9130748 11.5000000 0.13 0.19 0.26
v 28.1240185 -8.0375423 11.5000000 0.13 0.19 0.26
v 27.7822389 -9.1493008 11.5000000 0.13 0.19 0.26
v 27.3965298 -10.2465923 11.5000000 0.13 0.19 0.26
v 26.9675013 -11.3276819 11.5000000 0.13 0.19 0.26
v 26.4958315 -12.3908600 11.5000000 0.13 0.19 0.26
v 25.9822664 -13.4344457 11.5000000 0.13 0.19 0.26
v 25.4276180 -14.4567888 11.5000000 0.13 0.19 0.26
v 24.8327633 -15.4562727 11.5000000 0.13 0.19 0.26
v 24.1986430 -16.4313170 11.5000000 0.13 0.19 0.26
v 23.5262595 -17.3803801 11.5000000 0.13 0.19 0.26
v 22.8166763 -18.3019612 11.5000000 0.13 0.19 0.26
v 22.0710151 -19.1946032 11.5000000 0.13 0.19 0.26
v 21.2904552 -20.0568945 11.5000000 0.13 0.19 0.26
v 20.4762307 -20.8874718 11.5000000 0.13 0.19 0.26
v 19.6296290 -21.6850217 11.5000000 0.13 0.19 0.26
v 18.7519889 -22.4482831 11.5000000 0.13 0.19 0.26
v 17.8446980 -23.1760491 11.5000000 0.13 0.19 0.26
v 16.9091910 -23.8671691 11.5000000 0.13 0.19 0.26
v 15.9469471 -24.5205501 11.5000000 0.13 0.19 0.26
v 14.9594878 -25.1351592 11.5000000 0.13 0.19 0.26
v 13.9483744 -25.7100243 11.5000000 0.13 0.19 0.26
v 12.9152058 -26.2442367 11.5000000 0.13 0.19 0.26
v 11.8616156 -26.7369515 11.5000000 0.13 0.19 0.26
v 10.7892698 -27.1873897 11.5000000 0.13 0.19 0.26
v 9.6998639 -27.5948390 11.5000000 0.13 0.19 0.26
v 8.5951205 -27.9586552 11.5000000 0.13 0.19 0.26
v 7.4767865 -28.2782631 11.5000000 0.13 0.19 0.26
v 6.3466301 -28.5531572 11.5000000 0.13 0.19 0.26
v 5.2064384 -28.7829029 11.5000000 0.13 0.19 0.26
v 4.0580143 -28.9671369 11.5000000 0.13 0.19 0.26
v 2.9031736 -29.1055679 11.5000000 0.13 0.19 0.26
v 1.7437424 -29.1979770 11.5000000 0.13 0.19 0.26
v 0.5815540 -29.2442181 11.5000000 0.13 0.19 0.26
v -0.5815540 -29.2442181 11.5000000 0.13 0.19 0.26
v -1.7437424 -29.1979770 11.5000000 0.13 0.19 0.26
v -2.9031736 -29.1055679 11.5000000 0.13 0.19 0.26
v -4.0580143 -28.9671369 11.5000000 0.13 0.19 0.26
v -5.2064384 -28.7829029 11.5000000 0.13 0.19 0.26
v -6.3466301 -28.5531572 11.5000000 0.13 0.19 0.26
v -7.4767865 -28.2782631 11.5000000 0.13 0.19 0.26
v -8.5951205 -27.9586552 11.5000000 0.13 0.19 0.26
v -9.6998639 -27.5948390 11.5000000 0.13 0.19 0.26
v -10.7892698 -27.1873897 11.5000000 0.13 0.19 0.26
v -11.8616156 -26.7369515 11.5000000 0.13 0.19 0.26
v -12.9152058 -26.2442367 11.5000000 0.13 0.19 0.26
v -13.9483744 -25.7100243 11.5000000 0.13 0.19 0.26
v -14.9594878 -25.1351592 11.5000000 0.13 0.19 0.26
v -15.9469471 -24.5205501 11.5000000 0.13 0.19 0.26
v -16.9091910 -23.8671691 11.5000000 0.13 0.19 0.26
v -17.8446980 -23.1760491 11.5000000 0.13 0.19 0.26
v -18.7519889 -22.4482831 11.5000000 0.13 0.19 0.26
v -19.6296290 -21.6850217 11.5000000 0.13 0.19 0.26
v -20.4762307 -20.8874718 11.5000000 0.13 0.19 0.26
v -21.2904552 -20.0568945 11.5000000 0.13 0.19 0.26
v -22.0710151 -19.1946032 11.5000000 0.13 0.19 0.26
v -22.8166763 -18.3019612 11.5000000 0.13 0.19 0.26
v -23.5262595 -17.3803801 11.5000000 0.13 0.19 0.26
v -24.1986430 -16.4313170 11.5000000 0.13 0.19 0.26
v -24.8327633 -15.4562727 11.5000000 0.13 0.19 0.26
v -25.4276180 -14.4567888 11.5000000 0.13 0.19 0.26
v -25.9822664 -13.4344457 11.5000000 0.13 0.19 0.26
v -26.4958315 -12.3908600 11.5000000 0.13 0.19 0.26
v -26.9675013 -11.3276819 11.5000000 0.13 0.19 0.26
v -27.3965298 -10.2465923 11.5000000 0.13 0.19 0.26
v -27.7822389 -9.1493008 11.5000000 0.13 0.19 0.26
v -28.1240185 -8.0375423 11.5000000 0.13 0.19 0.26
v -28.4213282 -6.9130748 11.5000000 0.13 0.19 0.26
v -28.6736980 -5.7776764 11.5000000 0.13 0.19 0.26
v -28.8807288 -4.6331422 11.5000000 0.13 0.19 0.26
v -29.0420932 -3.4812821 11.5000000 0.13 0.19 0.26
v -29.1575360 -2.3239174 11.5000000 0.13 0.19 0.26
v -29.2268749 -1.1628781 11.5000000 0.13 0.19 0.26
v -29.2500000 0.0000000 11.5000000 0.13 0.19 0.26
v -29.2268749 1.1628781 11.5000000 0.13 0.19 0.26
v -29.1575360 2.3239174 11.5000000 0.13 0.19 0.26
v -29.0420932 3.4812821 11.5000000 0.13 0.19 0.26
v -28.8807288 4.6331422 11.5000000 0.13 0.19 0.26
v -28.6736980 5.7776764 11.5000000 0.13 0.19 0.26
v -28.4213282 6.9130748 11.5000000 0.13 0.19 0.26
v -28.1240185 8.0375423 11.5000000 0.13 0.19 0.26
v -27.7822389 9.1493008 11.5000000 0.13 0.19 0.26
v -27.3965298 10.2465923 11.5000000 0.13 0.19 0.26
v -26.9675013 11.3276819 11.5000000 0.13 0.19 0.26
v -26.4958315 12.3908600 11.5000000 0.13 0.19 0.26
v -25.9822664 13.4344457 11.5000000 0.13 0.19 0.26
v -25.4276180 14.4567888 11.5000000 0.13 0.19 0.26
v -24.8327633 15.4562727 11.5000000 0.13 0.19 0.26
v -24.1986430 16.4313170 11.5000000 0.13 0.19 0.26
v -23.5262595 17.3803801 11.5000000 0.13 0.19 0.26
v -22.8166763 18.3019612 11.5000000 0.13 0.19 0.26
v -22.0710151 19.1946032 11.5000000 0.13 0.19 0.26
v -21.2904552 20.0568945 11.5000000 0.13 0.19 0.26
v -20.4762307 20.8874718 11.5000000 0.13 0.19 0.26
v -19.6296290 21.6850217 11.5000000 0.13 0.19 0.26
v -18.7519889 22.4482831 11.5000000 0.13 0.19 0.26
v -17.8446980 23.1760491 11.5000000 0.13 0.19 0.26
v -16.9091910 23.8671691 11.5000000 0.13 0.19 0.26
v -15.9469471 24.5205501 11.5000000 0.13 0.19 0.26
v -14.9594878 25.1351592 11.5000000 0.13 0.19 0.26
v -13.9483744 25.7100243 11.5000000 0.13 0.19 0.26
v -12.9152058 26.2442367 11.5000000 0.13 0.19 0.26
v -11.8616156 26.7369515 11.5000000 0.13 0.19 0.26
v -10.7892698 27.1873897 11.5000000 0.13 0.19 0.26
v -9.6998639 27.5948390 11.5000000 0.13 0.19 0.26
v -8.5951205 27.9586552 11.5000000 0.13 0.19 0.26
v -7.4767865 28.2782631 11.5000000 0.13 0.19 0.26
v -6.3466301 28.5531572 11.5000000 0.13 0.19 0.26
v -5.2064384 28.7829029 11.5000000 0.13 0.19 0.26
v -4.0580143 28.9671369 11.5000000 0.13 0.19 0.26
v -2.9031736 29.1055679 11.5000000 0.13 0.19 0.26
v -1.7437424 29.1979770 11.5000000 0.13 0.19 0.26
v -0.5815540 29.2442181 11.5000000 0.13 0.19 0.26
v 0.5815540 29.2442181 11.5000000 0.13 0.19 0.26
v 1.7437424 29.1979770 11.5000000 0.13 0.19 0.26
v 2.9031736 29.1055679 11.5000000 0.13 0.19 0.26
v 4.0580143 28.9671369 11.5000000 0.13 0.19 0.26
v 5.2064384 28.7829029 11.5000000 0.13 0.19 0.26
v 6.3466301 28.5531572 11.5000000 0.13 0.19 0.26
v 7.4767865 28.2782631 11.5000000 0.13 0.19 0.26
v 8.5951205 27.9586552 11.5000000 0.13 0.19 0.26
v 9.6998639 27.5948390 11.5000000 0.13 0.19 0.26
v 10.7892698 27.1873897 11.5000000 0.13 0.19 0.26
v 11.8616156 26.7369515 11.5000000 0.13 0.19 0.26
v 12.9152058 26.2442367 11.5000000 0.13 0.19 0.26
v 13.9483744 25.7100243 11.5000000 0.13 0.19 0.26
v 14.9594878 25.1351592 11.5000000 0.13 0.19 0.26
v 15.9469471 24.5205501 11.5000000 0.13 0.19 0.26
v 16.9091910 23.8671691 11.5000000 0.13 0.19 0.26
v 17.8446980 23.1760491 11.5000000 0.13 0.19 0.26
v 18.7519889 22.4482831 11.5000000 0.13 0.19 0.26
v 19.6296290 21.6850217 11.5000000 0.13 0.19 0.26
v 20.4762307 20.8874718 11.5000000 0.13 0.19 0.26
v 21.2904552 20.0568945 11.5000000 0.13 0.19 0.26
v 22.0710151 19.1946032 11.5000000 0.13 0.19 0.26
v 22.8166763 18.3019612 11.5000000 0.13 0.19 0.26
v 23.5262595 17.3803801 11.5000000 0.13 0.19 0.26
v 24.1986430 16.4313170 11.5000000 0.13 0.19 0.26
v 24.8327633 15.4562727 11.5000000 0.13 0.19 0.26
v 25.4276180 14.4567888 11.5000000 0.13 0.19 0.26
v 25.9822664 13.4344457 11.5000000 0.13 0.19 0.26
v 26.4958315 12.3908600 11.5000000 0.13 0.19 0.26
v 26.9675013 11.3276819 11.5000000 0.13 0.19 0.26
v 27.3965298 10.2465923 11.5000000 0.13 0.19 0.26
v 27.7822389 9.1493008 11.5000000 0.13 0.19 0.26
v 28.1240185 8.0375423 11.5000000 0.13 0.19 0.26
v 28.4213282 6.9130748 11.5000000 0.13 0.19 0.26
v 28.6736980 5.7776764 11.5000000 0.13 0.19 0.26
v 28.8807288 4.6331422 11.5000000 0.13 0.19 0.26
v 29.0420932 3.4812821 11.5000000 0.13 0.19 0.26
v 29.1575360 2.3239174 11.5000000 0.13 0.19 0.26
v 29.2268749 1.1628781 11.5000000 0.13 0.19 0.26
v 20.1500000 0.0000000 11.5000000 0.13 0.19 0.26
v 20.1340694 0.8010938 11.5000000 0.13 0.19 0.26
v 20.0863026 1.6009209 11.5000000 0.13 0.19 0.26
v 20.0067753 2.3982166 11.5000000 0.13 0.19 0.26
v 19.8956131 3.1917202 11.5000000 0.13 0.19 0.26
v 19.7529919 3.9801771 11.5000000 0.13 0.19 0.26
v 19.5791372 4.7623404 11.5000000 0.13 0.19 0.26
v 19.3743238 5.5369736 11.5000000 0.13 0.19 0.26
v 19.1388757 6.3028516 11.5000000 0.13 0.19 0.26
v 18.8731650 7.0587636 11.5000000 0.13 0.19 0.26
v 18.5776120 7.8035142 11.5000000 0.13 0.19 0.26
v 18.2526839 8.5359258 11.5000000 0.13 0.19 0.26
v 17.8988946 9.2548404 11.5000000 0.13 0.19 0.26
v 17.5168035 9.9591212 11.5000000 0.13 0.19 0.26
v 17.1070147 10.6476545 11.5000000 0.13 0.19 0.26
v 16.6701763 11.3193517 11.5000000 0.13 0.19 0.26
v 16.2069788 11.9731507 11.5000000 0.13 0.19 0.26
v 15.7181548 12.6080177 11.5000000 0.13 0.19 0.26
v 15.2044771 13.2229488 11.5000000 0.13 0.19 0.26
v 14.6667580 13.8169718 11.5000000 0.13 0.19 0.26
v 14.1058478 14.3891472 11.5000000 0.13 0.19 0.26
v 13.5226333 14.9385705 11.5000000 0.13 0.19 0.26
v 12.9180368 15.4643728 11.5000000 0.13 0.19 0.26
v 12.2930142 15.9657227 11.5000000 0.13 0.19 0.26
v 11.6485538 16.4418276 11.5000000 0.13 0.19 0.26
v 10.9856747 16.8919345 11.5000000 0.13 0.19 0.26
v 10.3054249 17.3153319 11.5000000 0.13 0.19 0.26
v 9.6088802 17.7113501 11.5000000 0.13 0.19 0.26
v 8.8971418 18.0793630 11.5000000 0.13 0.19 0.26
v 8.1713352 18.4187888 11.5000000 0.13 0.19 0.26
v 7.4326081 18.7290907 11.5000000 0.13 0.19 0.26
v 6.6821285 19.0097780 11.5000000 0.13 0.19 0.26
v 5.9210830 19.2604069 11.5000000 0.13 0.19 0.26
v 5.1506751 19.4805812 11.5000000 0.13 0.19 0.26
v 4.3721230 19.6699527 11.5000000 0.13 0.19 0.26
v 3.5866576 19.8282220 11.5000000 0.13 0.19 0.26
v 2.7955210 19.9551387 11.5000000 0.13 0.19 0.26
v 1.9999640 20.0505023 11.5000000 0.13 0.19 0.26
v 1.2012448 20.1141620 11.5000000 0.13 0.19 0.26
v 0.4006261 20.1460169 11.5000000 0.13 0.19 0.26
v -0.4006261 20.1460169 11.5000000 0.13 0.19 0.26
v -1.2012448 20.1141620 11.5000000 0.13 0.19 0.26
v -1.9999640 20.0505023 11.5000000 0.13 0.19 0.26
v -2.7955210 19.9551387 11.5000000 0.13 0.19 0.26
v -3.5866576 19.8282220 11.5000000 0.13 0.19 0.26
v -4.3721230 19.6699527 11.5000000 0.13 0.19 0.26
v -5.1506751 19.4805812 11.5000000 0.13 0.19 0.26
v -5.9210830 19.2604069 11.5000000 0.13 0.19 0.26
v -6.6821285 19.0097780 11.5000000 0.13 0.19 0.26
v -7.4326081 18.7290907 11.5000000 0.13 0.19 0.26
v -8.1713352 18.4187888 11.5000000 0.13 0.19 0.26
v -8.8971418 18.0793630 11.5000000 0.13 0.19 0.26
v -9.6088802 17.7113501 11.5000000 0.13 0.19 0.26
v -10.3054249 17.3153319 11.5000000 0.13 0.19 0.26
v -10.9856747 16.8919345 11.5000000 0.13 0.19 0.26
v -11.6485538 16.4418276 11.5000000 0.13 0.19 0.26
v -12.2930142 15.9657227 11.5000000 0.13 0.19 0.26
v -12.9180368 15.4643728 11.5000000 0.13 0.19 0.26
v -13.5226333 14.9385705 11.5000000 0.13 0.19 0.26
v -14.1058478 14.3891472 11.5000000 0.13 0.19 0.26
v -14.6667580 13.8169718 11.5000000 0.13 0.19 0.26
v -15.2044771 13.2229488 11.5000000 0.13 0.19 0.26
v -15.7181548 12.6080177 11.5000000 0.13 0.19 0.26
v -16.2069788 11.9731507 11.5000000 0.13 0.19 0.26
v -16.6701763 11.3193517 11.5000000 0.13 0.19 0.26
v -17.1070147 10.6476545 11.5000000 0.13 0.19 0.26
v -17.5168035 9.9591212 11.5000000 0.13 0.19 0.26
v -17.8988946 9.2548404 11.5000000 0.13 0.19 0.26
v -18.2526839 8.5359258 11.5000000 0.13 0.19 0.26
v -18.5776120 7.8035142 11.5000000 0.13 0.19 0.26
v -18.8731650 7.0587636 11.5000000 0.13 0.19 0.26
v -19.1388757 6.3028516 11.5000000 0.13 0.19 0.26
v -19.3743238 5.5369736 11.5000000 0.13 0.19 0.26
v -19.5791372 4.7623404 11.5000000 0.13 0.19 0.26
v -19.7529919 3.9801771 11.5000000 0.13 0.19 0.26
v -19.8956131 3.1917202 11.5000000 0.13 0.19 0.26
v -20.0067753 2.3982166 11.5000000 0.13 0.19 0.26
v -20.0863026 1.6009209 11.5000000 0.13 0.19 0.26
v -20.1340694 0.8010938 11.5000000 0.13 0.19 0.26
v -20.1500000 -0.0000000 11.5000000 0.13 0.19 0.26
v -20.1340694 -0.8010938 11.5000000 0.13 0.19 0.26
v -20.0863026 -1.6009209 11.5000000 0.13 0.19 0.26
v -20.0067753 -2.3982166 11.5000000 0.13 0.19 0.26
v -19.8956131 -3.1917202 11.5000000 0.13 0.19 0.26
v -19.7529919 -3.9801771 11.5000000 0.13 0.19 0.26
v -19.5791372 -4.7623404 11.5000000 0.13 0.19 0.26
v -19.3743238 -5.5369736 11.5000000 0.13 0.19 0.26
v -19.1388757 -6.3028516 11.5000000 0.13 0.19 0.26
v -18.8731650 -7.0587636 11.5000000 0.13 0.19 0.26
v -18.5776120 -7.8035142 11.5000000 0.13 0.19 0.26
v -18.2526839 -8.5359258 11.5000000 0.13 0.19 0.26
v -17.8988946 -9.2548404 11.5000000 0.13 0.19 0.26
v -17.5168035 -9.9591212 11.5000000 0.13 0.19 0.26
v -17.1070147 -10.6476545 11.5000000 0.13 0.19 0.26
v -16.6701763 -11.3193517 11.5000000 0.13 0.19 0.26
v -16.2069788 -11.9731507 11.5000000 0.13 0.19 0.26
v -15.7181548 -12.6080177 11.5000000 0.13 0.19 0.26
v -15.2044771 -13.2229488 11.5000000 0.13 0.19 0.26
v -14.6667580 -13.8169718 11.5000000 0.13 0.19 0.26
v -14.1058478 -14.3891472 11.5000000 0.13 0.19 0.26
v -13.5226333 -14.9385705 11.5000000 0.13 0.19 0.26
v -12.9180368 -15.4643728 11.5000000 0.13 0.19 0.26
v -12.2930142 -15.9657227 11.5000000 0.13 0.19 0.26
v -11.6485538 -16.4418276 11.5000000 0.13 0.19 0.26
v -10.9856747 -16.8919345 11.5000000 0.13 0.19 0.26
v -10.3054249 -17.3153319 11.5000000 0.13 0.19 0.26
v -9.6088802 -17.7113501 11.5000000 0.13 0.19 0.26
v -8.8971418 -18.0793630 11.5000000 0.13 0.19 0.26
v -8.1713352 -18.4187888 11.5000000 0.13 0.19 0.26
v -7.4326081 -18.7290907 11.5000000 0.13 0.19 0.26
v -6.6821285 -19.0097780 11.5000000 0.13 0.19 0.26
v -5.9210830 -19.2604069 11.5000000 0.13 0.19 0.26
v -5.1506751 -19.4805812 11.5000000 0.13 0.19 0.26
v -4.3721230 -19.6699527 11.5000000 0.13 0.19 0.26
v -3.5866576 -19.8282220 11.5000000 0.13 0.19 0.26
v -2.7955210 -19.9551387 11.5000000 0.13 0.19 0.26
v -1.9999640 -20.0505023 11.5000000 0.13 0.19 0.26
v -1.2012448 -20.1141620 11.5000000 0.13 0.19 0.26
v -0.4006261 -20.1460169 11.5000000 0.13 0.19 0.26
v 0.4006261 -20.1460169 11.5000000 0.13 0.19 0.26
v 1.2012448 -20.1141620 11.5000000 0.13 0.19 0.26
v 1.9999640 -20.0505023 11.5000000 0.13 0.19 0.26
v 2.7955210 -19.9551387 11.5000000 0.13 0.19 0.26
v 3.5866576 -19.8282220 11.5000000 0.13 0.19 0.26
v 4.3721230 -19.6699527 11.5000000 0.13 0.19 0.26
v 5.1506751 -19.4805812 11.5000000 0.13 0.19 0.26
v 5.9210830 -19.2604069 11.5000000 0.13 0.19 0.26
v 6.6821285 -19.0097780 11.5000000 0.13 0.19 0.26
v 7.4326081 -18.7290907 11.5000000 0.13 0.19 0.26
v 8.1713352 -18.4187888 11.5000000 0.13 0.19 0.26
v 8.8971418 -18.0793630 11.5000000 0.13 0.19 0.26
v 9.6088802 -17.7113501 11.5000000 0.13 0.19 0.26
v 10.3054249 -17.3153319 11.5000000 0.13 0.19 0.26
v 10.9856747 -16.8919345 11.5000000 0.13 0.19 0.26
v 11.6485538 -16.4418276 11.5000000 0.13 0.19 0.26
v 12.2930142 -15.9657227 11.5000000 0.13 0.19 0.26
v 12.9180368 -15.4643728 11.5000000 0.13 0.19 0.26
v 13.5226333 -14.9385705 11.5000000 0.13 0.19 0.26
v 14.1058478 -14.3891472 11.5000000 0.13 0.19 0.26
v 14.6667580 -13.8169718 11.5000000 0.13 0.19 0.26
v 15.2044771 -13.2229488 11.5000000 0.13 0.19 0.26
v 15.7181548 -12.6080177 11.5000000 0.13 0.19 0.26
v 16.2069788 -11.9731507 11.5000000 0.13 0.19 0.26
v 16.6701763 -11.3193517 11.5000000 0.13 0.19 0.26
v 17.1070147 -10.6476545 11.5000000 0.13 0.19 0.26
v 17.5168035 -9.9591212 11.5000000 0.13 0.19 0.26
v 17.8988946 -9.2548404 11.5000000 0.13 0.19 0.26
v 18.2526839 -8.5359258 11.5000000 0.13 0.19 0.26
v 18.5776120 -7.8035142 11.5000000 0.13 0.19 0.26
v 18.8731650 -7.0587636 11.5000000 0.13 0.19 0.26
v 19.1388757 -6.3028516 11.5000000 0.13 0.19 0.26
v 19.3743238 -5.5369736 11.5000000 0.13 0.19 0.26
v 19.5791372 -4.7623404 11.5000000 0.13 0.19 0.26
v 19.7529919 -3.9801771 11.5000000 0.13 0.19 0.26
v 19.8956131 -3.1917202 11.5000000 0.13 0.19 0.26
v 20.0067753 -2.3982166 11.5000000 0.13 0.19 0.26
v 20.0863026 -1.6009209 11.5000000 0.13 0.19 0.26
v 20.1340694 -0.8010938 11.5000000 0.13 0.19 0.26
v 20.1500000 0.0000000 11.5000000 0.13 0.19 0.26
v 20.1340694 0.8010938 11.5000000 0.13 0.19 0.26
v 20.0863026 1.6009209 11.5000000 0.13 0.19 0.26
v 20.0067753 2.3982166 11.5000000 0.13 0.19 0.26
v 19.8956131 3.1917202 11.5000000 0.13 0.19 0.26
v 19.7529919 3.9801771 11.5000000 0.13 0.19 0.26
v 19.5791372 4.7623404 11.5000000 0.13 0.19 0.26
v 19.3743238 5.5369736 11.5000000 0.13 0.19 0.26
v 19.1388757 6.3028516 11.5000000 0.13 0.19 0.26
v 18.8731650 7.0587636 11.5000000 0.13 0.19 0.26
v 18.5776120 7.8035142 11.5000000 0.13 0.19 0.26
v 18.2526839 8.5359258 11.5000000 0.13 0.19 0.26
v 17.8988946 9.2548404 11.5000000 0.13 0.19 0.26
v 17.5168035 9.9591212 11.5000000 0.13 0.19 0.26
v 17.1070147 10.6476545 11.5000000 0.13 0.19 0.26
v 16.6701763 11.3193517 11.5000000 0.13 0.19 0.26
v 16.2069788 11.9731507 11.5000000 0.13 0.19 0.26
v 15.7181548 12.6080177 11.5000000 0.13 0.19 0.26
v 15.2044771 13.2229488 11.5000000 0.13 0.19 0.26
v 14.6667580 13.8169718 11.5000000 0.13 0.19 0.26
v 14.1058478 14.3891472 11.5000000 0.13 0.19 0.26
v 13.5226333 14.9385705 11.5000000 0.13 0.19 0.26
v 12.9180368 15.4643728 11.5000000 0.13 0.19 0.26
v 12.2930142 15.9657227 11.5000000 0.13 0.19 0.26
v 11.6485538 16.4418276 11.5000000 0.13 0.19 0.26
v 10.9856747 16.8919345 11.5000000 0.13 0.19 0.26
v 10.3054249 17.3153319 11.5000000 0.13 0.19 0.26
v 9.6088802 17.7113501 11.5000000 0.13 0.19 0.26
v 8.8971418 18.0793630 11.5000000 0.13 0.19 0.26
v 8.1713352 18.4187888 11.5000000 0.13 0.19 0.26
v 7.4326081 18.7290907 11.5000000 0.13 0.19 0.26
v 6.6821285 19.0097780 11.5000000 0.13 0.19 0.26
v 5.9210830 19.2604069 11.5000000 0.13 0.19 0.26
v 5.1506751 19.4805812 11.5000000 0.13 0.19 0.26
v 4.3721230 19.6699527 11.5000000 0.13 0.19 0.26
v 3.5866576 19.8282220 11.5000000 0.13 0.19 0.26
v 2.7955210 19.9551387 11.5000000 0.13 0.19 0.26
v 1.9999640 20.0505023 11.5000000 0.13 0.19 0.26
v 1.2012448 20.1141620 11.5000000 0.13 0.19 0.26
v 0.4006261 20.1460169 11.5000000 0.13 0.19 0.26
v -0.4006261 20.1460169 11.5000000 0.13 0.19 0.26
v -1.2012448 20.1141620 11.5000000 0.13 0.19 0.26
v -1.9999640 20.0505023 11.5000000 0.13 0.19 0.26
v -2.7955210 19.9551387 11.5000000 0.13 0.19 0.26
v -3.5866576 19.8282220 11.5000000 0.13 0.19 0.26
v -4.3721230 19.6699527 11.5000000 0.13 0.19 0.26
v -5.1506751 19.4805812 11.5000000 0.13 0.19 0.26
v -5.9210830 19.2604069 11.5000000 0.13 0.19 0.26
v -6.6821285 19.0097780 11.5000000 0.13 0.19 0.26
v -7.4326081 18.7290907 11.5000000 0.13 0.19 0.26
v -8.1713352 18.4187888 11.5000000 0.13 0.19 0.26
v -8.8971418 18.0793630 11.5000000 0.13 0.19 0.26
v -9.6088802 17.7113501 11.5000000 0.13 0.19 0.26
v -10.3054249 17.3153319 11.5000000 0.13 0.19 0.26
v -10.9856747 16.8919345 11.5000000 0.13 0.19 0.26
v -11.6485538 16.4418276 11.5000000 0.13 0.19 0.26
v -12.2930142 15.9657227 11.5000000 0.13 0.19 0.26
v -12.9180368 15.4643728 11.5000000 0.13 0.19 0.26
v -13.5226333 14.9385705 11.5000000 0.13 0.19 0.26
v -14.1058478 14.3891472 11.5000000 0.13 0.19 0.26
v -14.6667580 13.8169718 11.5000000 0.13 0.19 0.26
v -15.2044771 13.2229488 11.5000000 0.13 0.19 0.26
v -15.7181548 12.6080177 11.5000000 0.13 0.19 0.26
v -16.2069788 11.9731507 11.5000000 0.13 0.19 0.26
v -16.6701763 11.3193517 11.5000000 0.13 0.19 0.26
v -17.1070147 10.6476545 11.5000000 0.13 0.19 0.26
v -17.5168035 9.9591212 11.5000000 0.13 0.19 0.26
v -17.8988946 9.2548404 11.5000000 0.13 0.19 0.26
v -18.2526839 8.5359258 11.5000000 0.13 0.19 0.26
v -18.5776120 7.8035142 11.5000000 0.13 0.19 0.26
v -18.8731650 7.0587636 11.5000000 0.13 0.19 0.26
v -19.1388757 6.3028516 11.5000000 0.13 0.19 0.26
v -19.3743238 5.5369736 11.5000000 0.13 0.19 0.26
v -19.5791372 4.7623404 11.5000000 0.13 0.19 0.26
v -19.7529919 3.9801771 11.5000000 0.13 0.19 0.26
v -19.8956131 3.1917202 11.5000000 0.13 0.19 0.26
v -20.0067753 2.3982166 11.5000000 0.13 0.19 0.26
v -20.0863026 1.6009209 11.5000000 0.13 0.19 0.26
v -20.1340694 0.8010938 11.5000000 0.13 0.19 0.26
v -20.1500000 -0.0000000 11.5000000 0.13 0.19 0.26
v -20.1340694 -0.8010938 11.5000000 0.13 0.19 0.26
v -20.0863026 -1.6009209 11.5000000 0.13 0.19 0.26
v -20.0067753 -2.3982166 11.5000000 0.13 0.19 0.26
v -19.8956131 -3.1917202 11.5000000 0.13 0.19 0.26
v -19.7529919 -3.9801771 11.5000000 0.13 0.19 0.26
v -19.5791372 -4.7623404 11.5000000 0.13 0.19 0.26
v -19.3743238 -5.5369736 11.5000000 0.13 0.19 0.26
v -19.1388757 -6.3028516 11.5000000 0.13 0.19 0.26
v -18.8731650 -7.0587636 11.5000000 0.13 0.19 0.26
v -18.5776120 -7.8035142 11.5000000 0.13 0.19 0.26
v -18.2526839 -8.5359258 11.5000000 0.13 0.19 0.26
v -17.8988946 -9.2548404 11.5000000 0.13 0.19 0.26
v -17.5168035 -9.9591212 11.5000000 0.13 0.19 0.26
v -17.1070147 -10.6476545 11.5000000 0.13 0.19 0.26
v -16.6701763 -11.3193517 11.5000000 0.13 0.19 0.26
v -16.2069788 -11.9731507 11.5000000 0.13 0.19 0.26
v -15.7181548 -12.6080177 11.5000000 0.13 0.19 0.26
v -15.2044771 -13.2229488 11.5000000 0.13 0.19 0.26
v -14.6667580 -13.8169718 11.5000000 0.13 0.19 0.26
v -14.1058478 -14.3891472 11.5000000 0.13 0.19 0.26
v -13.5226333 -14.9385705 11.5000000 0.13 0.19 0.26
v -12.9180368 -15.4643728 11.5000000 0.13 0.19 0.26
v -12.2930142 -15.9657227 11.5000000 0.13 0.19 0.26
v -11.6485538 -16.4418276 11.5000000 0.13 0.19 0.26
v -10.9856747 -16.8919345 11.5000000 0.13 0.19 0.26
v -10.3054249 -17.3153319 11.5000000 0.13 0.19 0.26
v -9.6088802 -17.7113501 11.5000000 0.13 0.19 0.26
v -8.8971418 -18.0793630 11.5000000 0.13 0.19 0.26
v -8.1713352 -18.4187888 11.5000000 0.13 0.19 0.26
v -7.4326081 -18.7290907 11.5000000 0.13 0.19 0.26
v -6.6821285 -19.0097780 11.5000000 0.13 0.19 0.26
v -5.9210830 -19.2604069 11.5000000 0.13 0.19 0.26
v -5.1506751 -19.4805812 11.5000000 0.13 0.19 0.26
v -4.3721230 -19.6699527 11.5000000 0.13 0.19 0.26
v -3.5866576 -19.8282220 11.5000000 0.13 0.19 0.26
v -2.7955210 -19.9551387 11.5000000 0.13 0.19 0.26
v -1.9999640 -20.0505023 11.5000000 0.13 0.19 0.26
v -1.2012448 -20.1141620 11.5000000 0.13 0.19 0.26
v -0.4006261 -20.1460169 11.5000000 0.13 0.19 0.26
v 0.4006261 -20.1460169 11.5000000 0.13 0.19 0.26
v 1.2012448 -20.1141620 11.5000000 0.13 0.19 0.26
v 1.9999640 -20.0505023 11.5000000 0.13 0.19 0.26
v 2.7955210 -19.9551387 11.5000000 0.13 0.19 0.26
v 3.5866576 -19.8282220 11.5000000 0.13 0.19 0.26
v 4.3721230 -19.6699527 11.5000000 0.13 0.19 0.26
v 5.1506751 -19.4805812 11.5000000 0.13 0.19 0.26
v 5.9210830 -19.2604069 11.5000000 0.13 0.19 0.26
v 6.6821285 -19.0097780 11.5000000 0.13 0.19 0.26
v 7.4326081 -18.7290907 11.5000000 0.13 0.19 0.26
v 8.1713352 -18.4187888 11.5000000 0.13 0.19 0.26
v 8.8971418 -18.0793630 11.5000000 0.13 0.19 0.26
v 9.6088802 -17.7113501 11.5000000 0.13 0.19 0.26
v 10.3054249 -17.3153319 11.5000000 0.13 0.19 0.26
v 10.9856747 -16.8919345 11.5000000 0.13 0.19 0.26
v 11.6485538 -16.4418276 11.5000000 0.13 0.19 0.26
v 12.2930142 -15.9657227 11.5000000 0.13 0.19 0.26
v 12.9180368 -15.4643728 11.5000000 0.13 0.19 0.26
v 13.5226333 -14.9385705 11.5000000 0.13 0.19 0.26
v 14.1058478 -14.3891472 11.5000000 0.13 0.19 0.26
v 14.6667580 -13.8169718 11.5000000 0.13 0.19 0.26
v 15.2044771 -13.2229488 11.5000000 0.13 0.19 0.26
v 15.7181548 -12.6080177 11.5000000 0.13 0.19 0.26
v 16.2069788 -11.9731507 11.5000000 0.13 0.19 0.26
v 16.6701763 -11.3193517 11.5000000 0.13 0.19 0.26
v 17.1070147 -10.6476545 11.5000000 0.13 0.19 0.26
v 17.5168035 -9.9591212 11.5000000 0.13 0.19 0.26
v 17.8988946 -9.2548404 11.5000000 0.13 0.19 0.26
v 18.2526839 -8.5359258 11.5000000 0.13 0.19 0.26
v 18.5776120 -7.8035142 11.5000000 0.13 0.19 0.26
v 18.8731650 -7.0587636 11.5000000 0.13 0.19 0.26
v 19.1388757 -6.3028516 11.5000000 0.13 0.19 0.26
v 19.3743238 -5.5369736 11.5000000 0.13 0.19 0.26
v 19.5791372 -4.7623404 11.5000000 0.13 0.19 0.26
v 19.7529919 -3.9801771 11.5000000 0.13 0.19 0.26
v 19.8956131 -3.1917202 11.5000000 0.13 0.19 0.26
v 20.0067753 -2.3982166 11.5000000 0.13 0.19 0.26
v 20.0863026 -1.6009209 11.5000000 0.13 0.19 0.26
v 20.1340694 -0.8010938 11.5000000 0.13 0.19 0.26
v 20.1500000 0.0000000 11.5000000 0.13 0.19 0.26
v 20.1500000 0.0000000 12.8000000 0.13 0.19 0.26
v 20.1500000 0.0000000 12.8000000 0.13 0.19 0.26
v 20.1340694 -0.8010938 12.8000000 0.13 0.19 0.26
v 20.0863026 -1.6009209 12.8000000 0.13 0.19 0.26
v 20.0067753 -2.3982166 12.8000000 0.13 0.19 0.26
v 19.8956131 -3.1917202 12.8000000 0.13 0.19 0.26
v 19.7529919 -3.9801771 12.8000000 0.13 0.19 0.26
v 19.5791372 -4.7623404 12.8000000 0.13 0.19 0.26
v 19.3743238 -5.5369736 12.8000000 0.13 0.19 0.26
v 19.1388757 -6.3028516 12.8000000 0.13 0.19 0.26
v 18.8731650 -7.0587636 12.8000000 0.13 0.19 0.26
v 18.5776120 -7.8035142 12.8000000 0.13 0.19 0.26
v 18.2526839 -8.5359258 12.8000000 0.13 0.19 0.26
v 17.8988946 -9.2548404 12.8000000 0.13 0.19 0.26
v 17.5168035 -9.9591212 12.8000000 0.13 0.19 0.26
v 17.1070147 -10.6476545 12.8000000 0.13 0.19 0.26
v 16.6701763 -11.3193517 12.8000000 0.13 0.19 0.26
v 16.2069788 -11.9731507 12.8000000 0.13 0.19 0.26
v 15.7181548 -12.6080177 12.8000000 0.13 0.19 0.26
v 15.2044771 -13.2229488 12.8000000 0.13 0.19 0.26
v 14.6667580 -13.8169718 12.8000000 0.13 0.19 0.26
v 14.1058478 -14.3891472 12.8000000 0.13 0.19 0.26
v 13.5226333 -14.9385705 12.8000000 0.13 0.19 0.26
v 12.9180368 -15.4643728 12.8000000 0.13 0.19 0.26
v 12.2930142 -15.9657227 12.8000000 0.13 0.19 0.26
v 11.6485538 -16.4418276 12.8000000 0.13 0.19 0.26
v 10.9856747 -16.8919345 12.8000000 0.13 0.19 0.26
v 10.3054249 -17.3153319 12.8000000 0.13 0.19 0.26
v 9.6088802 -17.7113501 12.8000000 0.13 0.19 0.26
v 8.8971418 -18.0793630 12.8000000 0.13 0.19 0.26
v 8.1713352 -18.4187888 12.8000000 0.13 0.19 0.26
v 7.4326081 -18.7290907 12.8000000 0.13 0.19 0.26
v 6.6821285 -19.0097780 12.8000000 0.13 0.19 0.26
v 5.9210830 -19.2604069 12.8000000 0.13 0.19 0.26
v 5.1506751 -19.4805812 12.8000000 0.13 0.19 0.26
v 4.3721230 -19.6699527 12.8000000 0.13 0.19 0.26
v 3.5866576 -19.8282220 12.8000000 0.13 0.19 0.26
v 2.7955210 -19.9551387 12.8000000 0.13 0.19 0.26
v 1.9999640 -20.0505023 12.8000000 0.13 0.19 0.26
v 1.2012448 -20.1141620 12.8000000 0.13 0.19 0.26
v 0.4006261 -20.1460169 12.8000000 0.13 0.19 0.26
v -0.4006261 -20.1460169 12.8000000 0.13 0.19 0.26
v -1.2012448 -20.1141620 12.8000000 0.13 0.19 0.26
v -1.9999640 -20.0505023 12.8000000 0.13 0.19 0.26
v -2.7955210 -19.9551387 12.8000000 0.13 0.19 0.26
v -3.5866576 -19.8282220 12.8000000 0.13 0.19 0.26
v -4.3721230 -19.6699527 12.8000000 0.13 0.19 0.26
v -5.1506751 -19.4805812 12.8000000 0.13 0.19 0.26
v -5.9210830 -19.2604069 12.8000000 0.13 0.19 0.26
v -6.6821285 -19.0097780 12.8000000 0.13 0.19 0.26
v -7.4326081 -18.7290907 12.8000000 0.13 0.19 0.26
v -8.1713352 -18.4187888 12.8000000 0.13 0.19 0.26
v -8.8971418 -18.0793630 12.8000000 0.13 0.19 0.26
v -9.6088802 -17.7113501 12.8000000 0.13 0.19 0.26
v -10.3054249 -17.3153319 12.8000000 0.13 0.19 0.26
v -10.9856747 -16.8919345 12.8000000 0.13 0.19 0.26
v -11.6485538 -16.4418276 12.8000000 0.13 0.19 0.26
v -12.2930142 -15.9657227 12.8000000 0.13 0.19 0.26
v -12.9180368 -15.4643728 12.8000000 0.13 0.19 0.26
v -13.5226333 -14.9385705 12.8000000 0.13 0.19 0.26
v -14.1058478 -14.3891472 12.8000000 0.13 0.19 0.26
v -14.6667580 -13.8169718 12.8000000 0.13 0.19 0.26
v -15.2044771 -13.2229488 12.8000000 0.13 0.19 0.26
v -15.7181548 -12.6080177 12.8000000 0.13 0.19 0.26
v -16.2069788 -11.9731507 12.8000000 0.13 0.19 0.26
v -16.6701763 -11.3193517 12.8000000 0.13 0.19 0.26
v -17.1070147 -10.6476545 12.8000000 0.13 0.19 0.26
v -17.5168035 -9.9591212 12.8000000 0.13 0.19 0.26
v -17.8988946 -9.2548404 12.8000000 0.13 0.19 0.26
v -18.2526839 -8.5359258 12.8000000 0.13 0.19 0.26
v -18.5776120 -7.8035142 12.8000000 0.13 0.19 0.26
v -18.8731650 -7.0587636 12.8000000 0.13 0.19 0.26
v -19.1388757 -6.3028516 12.8000000 0.13 0.19 0.26
v -19.3743238 -5.5369736 12.8000000 0.13 0.19 0.26
v -19.5791372 -4.7623404 12.8000000 0.13 0.19 0.26
v -19.7529919 -3.9801771 12.8000000 0.13 0.19 0.26
v -19.8956131 -3.1917202 12.8000000 0.13 0.19 0.26
v -20.0067753 -2.3982166 12.8000000 0.13 0.19 0.26
v -20.0863026 -1.6009209 12.8000000 0.13 0.19 0.26
v -20.1340694 -0.8010938 12.8000000 0.13 0.19 0.26
v -20.1500000 0.0000000 12.8000000 0.13 0.19 0.26
v -20.1340694 0.8010938 12.8000000 0.13 0.19 0.26
v -20.0863026 1.6009209 12.8000000 0.13 0.19 0.26
v -20.0067753 2.3982166 12.8000000 0.13 0.19 0.26
v -19.8956131 3.1917202 12.8000000 0.13 0.19 0.26
v -19.7529919 3.9801771 12.8000000 0.13 0.19 0.26
v -19.5791372 4.7623404 12.8000000 0.13 0.19 0.26
v -19.3743238 5.5369736 12.8000000 0.13 0.19 0.26
v -19.1388757 6.3028516 12.8000000 0.13 0.19 0.26
v -18.8731650 7.0587636 12.8000000 0.13 0.19 0.26
v -18.5776120 7.8035142 12.8000000 0.13 0.19 0.26
v -18.2526839 8.5359258 12.8000000 0.13 0.19 0.26
v -17.8988946 9.2548404 12.8000000 0.13 0.19 0.26
v -17.5168035 9.9591212 12.8000000 0.13 0.19 0.26
v -17.1070147 10.6476545 12.8000000 0.13 0.19 0.26
v -16.6701763 11.3193517 12.8000000 0.13 0.19 0.26
v -16.2069788 11.9731507 12.8000000 0.13 0.19 0.26
v -15.7181548 12.6080177 12.8000000 0.13 0.19 0.26
v -15.2044771 13.2229488 12.8000000 0.13 0.19 0.26
v -14.6667580 13.8169718 12.8000000 0.13 0.19 0.26
v -14.1058478 14.3891472 12.8000000 0.13 0.19 0.26
v -13.5226333 14.9385705 12.8000000 0.13 0.19 0.26
v -12.9180368 15.4643728 12.8000000 0.13 0.19 0.26
v -12.2930142 15.9657227 12.8000000 0.13 0.19 0.26
v -11.6485538 16.4418276 12.8000000 0.13 0.19 0.26
v -10.9856747 16.8919345 12.8000000 0.13 0.19 0.26
v -10.3054249 17.3153319 12.8000000 0.13 0.19 0.26
v -9.6088802 17.7113501 12.8000000 0.13 0.19 0.26
v -8.8971418 18.0793630 12.8000000 0.13 0.19 0.26
v -8.1713352 18.4187888 12.8000000 0.13 0.19 0.26
v -7.4326081 18.7290907 12.8000000 0.13 0.19 0.26
v -6.6821285 19.0097780 12.8000000 0.13 0.19 0.26
v -5.9210830 19.2604069 12.8000000 0.13 0.19 0.26
v -5.1506751 19.4805812 12.8000000 0.13 0.19 0.26
v -4.3721230 19.6699527 12.8000000 0.13 0.19 0.26
v -3.5866576 19.8282220 12.8000000 0.13 0.19 0.26
v -2.7955210 19.9551387 12.8000000 0.13 0.19 0.26
v -1.9999640 20.0505023 12.8000000 0.13 0.19 0.26
v -1.2012448 20.1141620 12.8000000 0.13 0.19 0.26
v -0.4006261 20.1460169 12.8000000 0.13 0.19 0.26
v 0.4006261 20.1460169 12.8000000 0.13 0.19 0.26
v 1.2012448 20.1141620 12.8000000 0.13 0.19 0.26
v 1.9999640 20.0505023 12.8000000 0.13 0.19 0.26
v 2.7955210 19.9551387 12.8000000 0.13 0.19 0.26
v 3.5866576 19.8282220 12.8000000 0.13 0.19 0.26
v 4.3721230 19.6699527 12.8000000 0.13 0.19 0.26
v 5.1506751 19.4805812 12.8000000 0.13 0.19 0.26
v 5.9210830 19.2604069 12.8000000 0.13 0.19 0.26
v 6.6821285 19.0097780 12.8000000 0.13 0.19 0.26
v 7.4326081 18.7290907 12.8000000 0.13 0.19 0.26
v 8.1713352 18.4187888 12.8000000 0.13 0.19 0.26
v 8.8971418 18.0793630 12.8000000 0.13 0.19 0.26
v 9.6088802 17.7113501 12.8000000 0.13 0.19 0.26
v 10.3054249 17.3153319 12.8000000 0.13 0.19 0.26
v 10.9856747 16.8919345 12.8000000 0.13 0.19 0.26
v 11.6485538 16.4418276 12.8000000 0.13 0.19 0.26
v 12.2930142 15.9657227 12.8000000 0.13 0.19 0.26
v 12.9180368 15.4643728 12.8000000 0.13 0.19 0.26
v 13.5226333 14.9385705 12.8000000 0.13 0.19 0.26
v 14.1058478 14.3891472 12.8000000 0.13 0.19 0.26
v 14.6667580 13.8169718 12.8000000 0.13 0.19 0.26
v 15.2044771 13.2229488 12.8000000 0.13 0.19 0.26
v 15.7181548 12.6080177 12.8000000 0.13 0.19 0.26
v 16.2069788 11.9731507 12.8000000 0.13 0.19 0.26
v 16.6701763 11.3193517 12.8000000 0.13 0.19 0.26
v 17.1070147 10.6476545 12.8000000 0.13 0.19 0.26
v 17.5168035 9.9591212 12.8000000 0.13 0.19 0.26
v 17.8988946 9.2548404 12.8000000 0.13 0.19 0.26
v 18.2526839 8.5359258 12.8000000 0.13 0.19 0.26
v 18.5776120 7.8035142 12.8000000 0.13 0.19 0.26
v 18.8731650 7.0587636 12.8000000 0.13 0.19 0.26
v 19.1388757 6.3028516 12.8000000 0.13 0.19 0.26
v 19.3743238 5.5369736 12.8000000 0.13 0.19 0.26
v 19.5791372 4.7623404 12.8000000 0.13 0.19 0.26
v 19.7529919 3.9801771 12.8000000 0.13 0.19 0.26
v 19.8956131 3.1917202 12.8000000 0.13 0.19 0.26
v 20.0067753 2.3982166 12.8000000 0.13 0.19 0.26
v 20.0863026 1.6009209 12.8000000 0.13 0.19 0.26
v 20.1340694 0.8010938 12.8000000 0.13 0.19 0.26
v 20.1500000 0.0000000 12.8000000 0.13 0.19 0.26
v 20.1340694 -0.8010938 12.8000000 0.13 0.19 0.26
v 20.0863026 -1.6009209 12.8000000 0.13 0.19 0.26
v 20.0067753 -2.3982166 12.8000000 0.13 0.19 0.26
v 19.8956131 -3.1917202 12.8000000 0.13 0.19 0.26
v 19.7529919 -3.9801771 12.8000000 0.13 0.19 0.26
v 19.5791372 -4.7623404 12.8000000 0.13 0.19 0.26
v 19.3743238 -5.5369736 12.8000000 0.13 0.19 0.26
v 19.1388757 -6.3028516 12.8000000 0.13 0.19 0.26
v 18.8731650 -7.0587636 12.8000000 0.13 0.19 0.26
v 18.5776120 -7.8035142 12.8000000 0.13 0.19 0.26
v 18.2526839 -8.5359258 12.8000000 0.13 0.19 0.26
v 17.8988946 -9.2548404 12.8000000 0.13 0.19 0.26
v 17.5168035 -9.9591212 12.8000000 0.13 0.19 0.26
v 17.1070147 -10.6476545 12.8000000 0.13 0.19 0.26
v 16.6701763 -11.3193517 12.8000000 0.13 0.19 0.26
v 16.2069788 -11.9731507 12.8000000 0.13 0.19 0.26
v 15.7181548 -12.6080177 12.8000000 0.13 0.19 0.26
v 15.2044771 -13.2229488 12.8000000 0.13 0.19 0.26
v 14.6667580 -13.8169718 12.8000000 0.13 0.19 0.26
v 14.1058478 -14.3891472 12.8000000 0.13 0.19 0.26
v 13.5226333 -14.9385705 12.8000000 0.13 0.19 0.26
v 12.9180368 -15.4643728 12.8000000 0.13 0.19 0.26
v 12.2930142 -15.9657227 12.8000000 0.13 0.19 0.26
v 11.6485538 -16.4418276 12.8000000 0.13 0.19 0.26
v 10.9856747 -16.8919345 12.8000000 0.13 0.19 0.26
v 10.3054249 -17.3153319 12.8000000 0.13 0.19 0.26
v 9.6088802 -17.7113501 12.8000000 0.13 0.19 0.26
v 8.8971418 -18.0793630 12.8000000 0.13 0.19 0.26
v 8.1713352 -18.4187888 12.8000000 0.13 0.19 0.26
v 7.4326081 -18.7290907 12.8000000 0.13 0.19 0.26
v 6.6821285 -19.0097780 12.8000000 0.13 0.19 0.26
v 5.9210830 -19.2604069 12.8000000 0.13 0.19 0.26
v 5.1506751 -19.4805812 12.8000000 0.13 0.19 0.26
v 4.3721230 -19.6699527 12.8000000 0.13 0.19 0.26
v 3.5866576 -19.8282220 12.8000000 0.13 0.19 0.26
v 2.7955210 -19.9551387 12.8000000 0.13 0.19 0.26
v 1.9999640 -20.0505023 12.8000000 0.13 0.19 0.26
v 1.2012448 -20.1141620 12.8000000 0.13 0.19 0.26
v 0.4006261 -20.1460169 12.8000000 0.13 0.19 0.26
v -0.4006261 -20.1460169 12.8000000 0.13 0.19 0.26
v -1.2012448 -20.1141620 12.8000000 0.13 0.19 0.26
v -1.9999640 -20.0505023 12.8000000 0.13 0.19 0.26
v -2.7955210 -19.9551387 12.8000000 0.13 0.19 0.26
v -3.5866576 -19.8282220 12.8000000 0.13 0.19 0.26
v -4.3721230 -19.6699527 12.8000000 0.13 0.19 0.26
v -5.1506751 -19.4805812 12.8000000 0.13 0.19 0.26
v -5.9210830 -19.2604069 12.8000000 0.13 0.19 0.26
v -6.6821285 -19.0097780 12.8000000 0.13 0.19 0.26
v -7.4326081 -18.7290907 12.8000000 0.13 0.19 0.26
v -8.1713352 -18.4187888 12.8000000 0.13 0.19 0.26
v -8.8971418 -18.0793630 12.8000000 0.13 0.19 0.26
v -9.6088802 -17.7113501 12.8000000 0.13 0.19 0.26
v -10.3054249 -17.3153319 12.8000000 0.13 0.19 0.26
v -10.9856747 -16.8919345 12.8000000 0.13 0.19 0.26
v -11.6485538 -16.4418276 12.8000000 0.13 0.19 0.26
v -12.2930142 -15.9657227 12.8000000 0.13 0.19 0.26
v -12.9180368 -15.4643728 12.8000000 0.13 0.19 0.26
v -13.5226333 -14.9385705 12.8000000 0.13 0.19 0.26
v -14.1058478 -14.3891472 12.8000000 0.13 0.19 0.26
v -14.6667580 -13.8169718 12.8000000 0.13 0.19 0.26
v -15.2044771 -13.2229488 12.8000000 0.13 0.19 0.26
v -15.7181548 -12.6080177 12.8000000 0.13 0.19 0.26
v -16.2069788 -11.9731507 12.8000000 0.13 0.19 0.26
v -16.6701763 -11.3193517 12.8000000 0.13 0.19 0.26
v -17.1070147 -10.6476545 12.8000000 0.13 0.19 0.26
v -17.5168035 -9.9591212 12.8000000 0.13 0.19 0.26
v -17.8988946 -9.2548404 12.8000000 0.13 0.19 0.26
v -18.2526839 -8.5359258 12.8000000 0.13 0.19 0.26
v -18.5776120 -7.8035142 12.8000000 0.13 0.19 0.26
v -18.8731650 -7.0587636 12.8000000 0.13 0.19 0.26
v -19.1388757 -6.3028516 12.8000000 0.13 0.19 0.26
v -19.3743238 -5.5369736 12.8000000 0.13 0.19 0.26
v -19.5791372 -4.7623404 12.8000000 0.13 0.19 0.26
v -19.7529919 -3.9801771 12.8000000 0.13 0.19 0.26
v -19.8956131 -3.1917202 12.8000000 0.13 0.19 0.26
v -20.0067753 -2.3982166 12.8000000 0.13 0.19 0.26
v -20.0863026 -1.6009209 12.8000000 0.13 0.19 0.26
v -20.1340694 -0.8010938 12.8000000 0.13 0.19 0.26
v -20.1500000 0.0000000 12.8000000 0.13 0.19 0.26
v -20.1340694 0.8010938 12.8000000 0.13 0.19 0.26
v -20.0863026 1.6009209 12.8000000 0.13 0.19 0.26
v -20.0067753 2.3982166 12.8000000 0.13 0.19 0.26
v -19.8956131 3.1917202 12.8000000 0.13 0.19 0.26
v -19.7529919 3.9801771 12.8000000 0.13 0.19 0.26
v -19.5791372 4.7623404 12.8000000 0.13 0.19 0.26
v -19.3743238 5.5369736 12.8000000 0.13 0.19 0.26
v -19.1388757 6.3028516 12.8000000 0.13 0.19 0.26
v -18.8731650 7.0587636 12.8000000 0.13 0.19 0.26
v -18.5776120 7.8035142 12.8000000 0.13 0.19 0.26
v -18.2526839 8.5359258 12.8000000 0.13 0.19 0.26
v -17.8988946 9.2548404 12.8000000 0.13 0.19 0.26
v -17.5168035 9.9591212 12.8000000 0.13 0.19 0.26
v -17.1070147 10.6476545 12.8000000 0.13 0.19 0.26
v -16.6701763 11.3193517 12.8000000 0.13 0.19 0.26
v -16.2069788 11.9731507 12.8000000 0.13 0.19 0.26
v -15.7181548 12.6080177 12.8000000 0.13 0.19 0.26
v -15.2044771 13.2229488 12.8000000 0.13 0.19 0.26
v -14.6667580 13.8169718 12.8000000 0.13 0.19 0.26
v -14.1058478 14.3891472 12.8000000 0.13 0.19 0.26
v -13.5226333 14.9385705 12.8000000 0.13 0.19 0.26
v -12.9180368 15.4643728 12.8000000 0.13 0.19 0.26
v -12.2930142 15.9657227 12.8000000 0.13 0.19 0.26
v -11.6485538 16.4418276 12.8000000 0.13 0.19 0.26
v -10.9856747 16.8919345 12.8000000 0.13 0.19 0.26
v -10.3054249 17.3153319 12.8000000 0.13 0.19 0.26
v -9.6088802 17.7113501 12.8000000 0.13 0.19 0.26
v -8.8971418 18.0793630 12.8000000 0.13 0.19 0.26
v -8.1713352 18.4187888 12.8000000 0.13 0.19 0.26
v -7.4326081 18.7290907 12.8000000 0.13 0.19 0.26
v -6.6821285 19.0097780 12.8000000 0.13 0.19 0.26
v -5.9210830 19.2604069 12.8000000 0.13 0.19 0.26
v -5.1506751 19.4805812 12.8000000 0.13 0.19 0.26
v -4.3721230 19.6699527 12.8000000 0.13 0.19 0.26
v -3.5866576 19.8282220 12.8000000 0.13 0.19 0.26
v -2.7955210 19.9551387 12.8000000 0.13 0.19 0.26
v -1.9999640 20.0505023 12.8000000 0.13 0.19 0.26
v -1.2012448 20.1141620 12.8000000 0.13 0.19 0.26
v -0.4006261 20.1460169 12.8000000 0.13 0.19 0.26
v 0.4006261 20.1460169 12.8000000 0.13 0.19 0.26
v 1.2012448 20.1141620 12.8000000 0.13 0.19 0.26
v 1.9999640 20.0505023 12.8000000 0.13 0.19 0.26
v 2.7955210 19.9551387 12.8000000 0.13 0.19 0.26
v 3.5866576 19.8282220 12.8000000 0.13 0.19 0.26
v 4.3721230 19.6699527 12.8000000 0.13 0.19 0.26
v 5.1506751 19.4805812 12.8000000 0.13 0.19 0.26
v 5.9210830 19.2604069 12.8000000 0.13 0.19 0.26
v 6.6821285 19.0097780 12.8000000 0.13 0.19 0.26
v 7.4326081 18.7290907 12.8000000 0.13 0.19 0.26
v 8.1713352 18.4187888 12.8000000 0.13 0.19 0.26
v 8.8971418 18.0793630 12.8000000 0.13 0.19 0.26
v 9.6088802 17.7113501 12.8000000 0.13 0.19 0.26
v 10.3054249 17.3153319 12.8000000 0.13 0.19 0.26
v 10.9856747 16.8919345 12.8000000 0.13 0.19 0.26
v 11.6485538 16.4418276 12.8000000 0.13 0.19 0.26
v 12.2930142 15.9657227 12.8000000 0.13 0.19 0.26
v 12.9180368 15.4643728 12.8000000 0.13 0.19 0.26
v 13.5226333 14.9385705 12.8000000 0.13 0.19 0.26
v 14.1058478 14.3891472 12.8000000 0.13 0.19 0.26
v 14.6667580 13.8169718 12.8000000 0.13 0.19 0.26
v 15.2044771 13.2229488 12.8000000 0.13 0.19 0.26
v 15.7181548 12.6080177 12.8000000 0.13 0.19 0.26
v 16.2069788 11.9731507 12.8000000 0.13 0.19 0.26
v 16.6701763 11.3193517 12.8000000 0.13 0.19 0.26
v 17.1070147 10.6476545 12.8000000 0.13 0.19 0.26
v 17.5168035 9.9591212 12.8000000 0.13 0.19 0.26
v 17.8988946 9.2548404 12.8000000 0.13 0.19 0.26
v 18.2526839 8.5359258 12.8000000 0.13 0.19 0.26
v 18.5776120 7.8035142 12.8000000 0.13 0.19 0.26
v 18.8731650 7.0587636 12.8000000 0.13 0.19 0.26
v 19.1388757 6.3028516 12.8000000 0.13 0.19 0.26
v 19.3743238 5.5369736 12.8000000 0.13 0.19 0.26
v 19.5791372 4.7623404 12.8000000 0.13 0.19 0.26
v 19.7529919 3.9801771 12.8000000 0.13 0.19 0.26
v 19.8956131 3.1917202 12.8000000 0.13 0.19 0.26
v 20.0067753 2.3982166 12.8000000 0.13 0.19 0.26
v 20.0863026 1.6009209 12.8000000 0.13 0.19 0.26
v 20.1340694 0.8010938 12.8000000 0.13 0.19 0.26
v 19.4000000 0.0000000 12.8000000 0.13 0.19 0.26
v 19.3846623 0.7712764 12.8000000 0.13 0.19 0.26
v 19.3386735 1.5413332 12.8000000 0.13 0.19 0.26
v 19.2621062 2.3089529 12.8000000 0.13 0.19 0.26
v 19.1550816 3.0729217 12.8000000 0.13 0.19 0.26
v 19.0177689 3.8320315 12.8000000 0.13 0.19 0.26
v 18.8503852 4.5850821 12.8000000 0.13 0.19 0.26
v 18.6531951 5.3308828 12.8000000 0.13 0.19 0.26
v 18.4265106 6.0682542 12.8000000 0.13 0.19 0.26
v 18.1706899 6.7960304 12.8000000 0.13 0.19 0.26
v 17.8861376 7.5130608 12.8000000 0.13 0.19 0.26
v 17.5733036 8.2182114 12.8000000 0.13 0.19 0.26
v 17.2326827 8.9103674 12.8000000 0.13 0.19 0.26
v 16.8648133 9.5884343 12.8000000 0.13 0.19 0.26
v 16.4702772 10.2513398 12.8000000 0.13 0.19 0.26
v 16.0496982 10.8980359 12.8000000 0.13 0.19 0.26
v 15.6037414 11.5275000 12.8000000 0.13 0.19 0.26
v 15.1331118 12.1387367 12.8000000 0.13 0.19 0.26
v 14.6385536 12.7307795 12.8000000 0.13 0.19 0.26
v 14.1208489 13.3026924 12.8000000 0.13 0.19 0.26
v 13.5808162 13.8535710 12.8000000 0.13 0.19 0.26
v 13.0193095 14.3825443 12.8000000 0.13 0.19 0.26
v 12.4372166 14.8887758 12.8000000 0.13 0.19 0.26
v 11.8354578 15.3714651 12.8000000 0.13 0.19 0.26
v 11.2149848 15.8298489 12.8000000 0.13 0.19 0.26
v 10.5767786 16.2632025 12.8000000 0.13 0.19 0.26
v 9.9218483 16.6708406 12.8000000 0.13 0.19 0.26
v 9.2512295 17.0521187 12.8000000 0.13 0.19 0.26
v 8.5659827 17.4064339 12.8000000 0.13 0.19 0.26
v 7.8671912 17.7332259 12.8000000 0.13 0.19 0.26
v 7.1559601 18.0319781 12.8000000 0.13 0.19 0.26
v 6.4334140 18.3022180 12.8000000 0.13 0.19 0.26
v 5.7006953 18.5435184 12.8000000 0.13 0.19 0.26
v 4.9589627 18.7554976 12.8000000 0.13 0.19 0.26
v 4.2093889 18.9378205 12.8000000 0.13 0.19 0.26
v 3.4531592 19.0901988 12.8000000 0.13 0.19 0.26
v 2.6914693 19.2123916 12.8000000 0.13 0.19 0.26
v 1.9255237 19.3042057 12.8000000 0.13 0.19 0.26
v 1.1565334 19.3654959 12.8000000 0.13 0.19 0.26
v 0.3857144 19.3961652 12.8000000 0.13 0.19 0.26
v -0.3857144 19.3961652 12.8000000 0.13 0.19 0.26
v -1.1565334 19.3654959 12.8000000 0.13 0.19 0.26
v -1.9255237 19.3042057 12.8000000 0.13 0.19 0.26
v -2.6914693 19.2123916 12.8000000 0.13 0.19 0.26
v -3.4531592 19.0901988 12.8000000 0.13 0.19 0.26
v -4.2093889 18.9378205 12.8000000 0.13 0.19 0.26
v -4.9589627 18.7554976 12.8000000 0.13 0.19 0.26
v -5.7006953 18.5435184 12.8000000 0.13 0.19 0.26
v -6.4334140 18.3022180 12.8000000 0.13 0.19 0.26
v -7.1559601 18.0319781 12.8000000 0.13 0.19 0.26
v -7.8671912 17.7332259 12.8000000 0.13 0.19 0.26
v -8.5659827 17.4064339 12.8000000 0.13 0.19 0.26
v -9.2512295 17.0521187 12.8000000 0.13 0.19 0.26
v -9.9218483 16.6708406 12.8000000 0.13 0.19 0.26
v -10.5767786 16.2632025 12.8000000 0.13 0.19 0.26
v -11.2149848 15.8298489 12.8000000 0.13 0.19 0.26
v -11.8354578 15.3714651 12.8000000 0.13 0.19 0.26
v -12.4372166 14.8887758 12.8000000 0.13 0.19 0.26
v -13.0193095 14.3825443 12.8000000 0.13 0.19 0.26
v -13.5808162 13.8535710 12.8000000 0.13 0.19 0.26
v -14.1208489 13.3026924 12.8000000 0.13 0.19 0.26
v -14.6385536 12.7307795 12.8000000 0.13 0.19 0.26
v -15.1331118 12.1387367 12.8000000 0.13 0.19 0.26
v -15.6037414 11.5275000 12.8000000 0.13 0.19 0.26
v -16.0496982 10.8980359 12.8000000 0.13 0.19 0.26
v -16.4702772 10.2513398 12.8000000 0.13 0.19 0.26
v -16.8648133 9.5884343 12.8000000 0.13 0.19 0.26
v -17.2326827 8.9103674 12.8000000 0.13 0.19 0.26
v -17.5733036 8.2182114 12.8000000 0.13 0.19 0.26
v -17.8861376 7.5130608 12.8000000 0.13 0.19 0.26
v -18.1706899 6.7960304 12.8000000 0.13 0.19 0.26
v -18.4265106 6.0682542 12.8000000 0.13 0.19 0.26
v -18.6531951 5.3308828 12.8000000 0.13 0.19 0.26
v -18.8503852 4.5850821 12.8000000 0.13 0.19 0.26
v -19.0177689 3.8320315 12.8000000 0.13 0.19 0.26
v -19.1550816 3.0729217 12.8000000 0.13 0.19 0.26
v -19.2621062 2.3089529 12.8000000 0.13 0.19 0.26
v -19.3386735 1.5413332 12.8000000 0.13 0.19 0.26
v -19.3846623 0.7712764 12.8000000 0.13 0.19 0.26
v -19.4000000 -0.0000000 12.8000000 0.13 0.19 0.26
v -19.3846623 -0.7712764 12.8000000 0.13 0.19 0.26
v -19.3386735 -1.5413332 12.8000000 0.13 0.19 0.26
v -19.2621062 -2.3089529 12.8000000 0.13 0.19 0.26
v -19.1550816 -3.0729217 12.8000000 0.13 0.19 0.26
v -19.0177689 -3.8320315 12.8000000 0.13 0.19 0.26
v -18.8503852 -4.5850821 12.8000000 0.13 0.19 0.26
v -18.6531951 -5.3308828 12.8000000 0.13 0.19 0.26
v -18.4265106 -6.0682542 12.8000000 0.13 0.19 0.26
v -18.1706899 -6.7960304 12.8000000 0.13 0.19 0.26
v -17.8861376 -7.5130608 12.8000000 0.13 0.19 0.26
v -17.5733036 -8.2182114 12.8000000 0.13 0.19 0.26
v -17.2326827 -8.9103674 12.8000000 0.13 0.19 0.26
v -16.8648133 -9.5884343 12.8000000 0.13 0.19 0.26
v -16.4702772 -10.2513398 12.8000000 0.13 0.19 0.26
v -16.0496982 -10.8980359 12.8000000 0.13 0.19 0.26
v -15.6037414 -11.5275000 12.8000000 0.13 0.19 0.26
v -15.1331118 -12.1387367 12.8000000 0.13 0.19 0.26
v -14.6385536 -12.7307795 12.8000000 0.13 0.19 0.26
v -14.1208489 -13.3026924 12.8000000 0.13 0.19 0.26
v -13.5808162 -13.8535710 12.8000000 0.13 0.19 0.26
v -13.0193095 -14.3825443 12.8000000 0.13 0.19 0.26
v -12.4372166 -14.8887758 12.8000000 0.13 0.19 0.26
v -11.8354578 -15.3714651 12.8000000 0.13 0.19 0.26
v -11.2149848 -15.8298489 12.8000000 0.13 0.19 0.26
v -10.5767786 -16.2632025 12.8000000 0.13 0.19 0.26
v -9.9218483 -16.6708406 12.8000000 0.13 0.19 0.26
v -9.2512295 -17.0521187 12.8000000 0.13 0.19 0.26
v -8.5659827 -17.4064339 12.8000000 0.13 0.19 0.26
v -7.8671912 -17.7332259 12.8000000 0.13 0.19 0.26
v -7.1559601 -18.0319781 12.8000000 0.13 0.19 0.26
v -6.4334140 -18.3022180 12.8000000 0.13 0.19 0.26
v -5.7006953 -18.5435184 12.8000000 0.13 0.19 0.26
v -4.9589627 -18.7554976 12.8000000 0.13 0.19 0.26
v -4.2093889 -18.9378205 12.8000000 0.13 0.19 0.26
v -3.4531592 -19.0901988 12.8000000 0.13 0.19 0.26
v -2.6914693 -19.2123916 12.8000000 0.13 0.19 0.26
v -1.9255237 -19.3042057 12.8000000 0.13 0.19 0.26
v -1.1565334 -19.3654959 12.8000000 0.13 0.19 0.26
v -0.3857144 -19.3961652 12.8000000 0.13 0.19 0.26
v 0.3857144 -19.3961652 12.8000000 0.13 0.19 0.26
v 1.1565334 -19.3654959 12.8000000 0.13 0.19 0.26
v 1.9255237 -19.3042057 12.8000000 0.13 0.19 0.26
v 2.6914693 -19.2123916 12.8000000 0.13 0.19 0.26
v 3.4531592 -19.0901988 12.8000000 0.13 0.19 0.26
v 4.2093889 -18.9378205 12.8000000 0.13 0.19 0.26
v 4.9589627 -18.7554976 12.8000000 0.13 0.19 0.26
v 5.7006953 -18.5435184 12.8000000 0.13 0.19 0.26
v 6.4334140 -18.3022180 12.8000000 0.13 0.19 0.26
v 7.1559601 -18.0319781 12.8000000 0.13 0.19 0.26
v 7.8671912 -17.7332259 12.8000000 0.13 0.19 0.26
v 8.5659827 -17.4064339 12.8000000 0.13 0.19 0.26
v 9.2512295 -17.0521187 12.8000000 0.13 0.19 0.26
v 9.9218483 -16.6708406 12.8000000 0.13 0.19 0.26
v 10.5767786 -16.2632025 12.8000000 0.13 0.19 0.26
v 11.2149848 -15.8298489 12.8000000 0.13 0.19 0.26
v 11.8354578 -15.3714651 12.8000000 0.13 0.19 0.26
v 12.4372166 -14.8887758 12.8000000 0.13 0.19 0.26
v 13.0193095 -14.3825443 12.8000000 0.13 0.19 0.26
v 13.5808162 -13.8535710 12.8000000 0.13 0.19 0.26
v 14.1208489 -13.3026924 12.8000000 0.13 0.19 0.26
v 14.6385536 -12.7307795 12.8000000 0.13 0.19 0.26
v 15.1331118 -12.1387367 12.8000000 0.13 0.19 0.26
v 15.6037414 -11.5275000 12.8000000 0.13 0.19 0.26
v 16.0496982 -10.8980359 12.8000000 0.13 0.19 0.26
v 16.4702772 -10.2513398 12.8000000 0.13 0.19 0.26
v 16.8648133 -9.5884343 12.8000000 0.13 0.19 0.26
v 17.2326827 -8.9103674 12.8000000 0.13 0.19 0.26
v 17.5733036 -8.2182114 12.8000000 0.13 0.19 0.26
v 17.8861376 -7.5130608 12.8000000 0.13 0.19 0.26
v 18.1706899 -6.7960304 12.8000000 0.13 0.19 0.26
v 18.4265106 -6.0682542 12.8000000 0.13 0.19 0.26
v 18.6531951 -5.3308828 12.8000000 0.13 0.19 0.26
v 18.8503852 -4.5850821 12.8000000 0.13 0.19 0.26
v 19.0177689 -3.8320315 12.8000000 0.13 0.19 0.26
v 19.1550816 -3.0729217 12.8000000 0.13 0.19 0.26
v 19.2621062 -2.3089529 12.8000000 0.13 0.19 0.26
v 19.3386735 -1.5413332 12.8000000 0.13 0.19 0.26
v 19.3846623 -0.7712764 12.8000000 0.13 0.19 0.26
v 19.3935556 0.5000000 8.5500000 0.13 0.19 0.26
v 19.3935556 0.5000000 12.0500000 0.13 0.19 0.26
v 19.3582700 1.2717636 8.5500000 0.13 0.19 0.26
v 19.2922844 2.0415103 8.5500000 0.13 0.19 0.26
v 19.1957033 2.8080194 8.5500000 0.13 0.19 0.26
v 19.0686801 3.5700753 8.5500000 0.13 0.19 0.26
v 18.9114162 4.3264695 8.5500000 0.13 0.19 0.26
v 18.7241609 5.0760024 8.5500000 0.13 0.19 0.26
v 18.5072111 5.8174853 8.5500000 0.13 0.19 0.26
v 18.2609111 6.5497424 8.5500000 0.13 0.19 0.26
v 17.9856513 7.2716123 8.5500000 0.13 0.19 0.26
v 17.6818684 7.9819503 8.5500000 0.13 0.19 0.26
v 17.3500440 8.6796298 8.5500000 0.13 0.19 0.26
v 16.9907044 9.3635444 8.5500000 0.13 0.19 0.26
v 16.6044195 10.0326095 8.5500000 0.13 0.19 0.26
v 16.1918019 10.6857640 8.5500000 0.13 0.19 0.26
v 15.7535059 11.3219721 8.5500000 0.13 0.19 0.26
v 15.2902267 11.9402248 8.5500000 0.13 0.19 0.26
v 14.8026989 12.5395417 8.5500000 0.13 0.19 0.26
v 14.2916957 13.1189723 8.5500000 0.13 0.19 0.26
v 13.7580275 13.6775978 8.5500000 0.13 0.19 0.26
v 13.2025406 14.2145321 8.5500000 0.13 0.19 0.26
v 12.6261160 14.7289237 8.5500000 0.13 0.19 0.26
v 12.0296678 15.2199570 8.5500000 0.13 0.19 0.26
v 11.4141420 15.6868532 8.5500000 0.13 0.19 0.26
v 10.7805146 16.1288718 8.5500000 0.13 0.19 0.26
v 10.1297905 16.5453118 8.5500000 0.13 0.19 0.26
v 10.1297905 16.5453118 12.0500000 0.13 0.19 0.26
v 9.8439937 16.7169312 12.0500000 0.13 0.19 0.26
v 9.5552902 16.8836142 12.0500000 0.13 0.19 0.26
v 9.2637651 17.0453118 12.0500000 0.13 0.19 0.26
v 9.2637651 17.0453118 8.5500000 0.13 0.19 0.26
v 8.5777554 17.4006354 8.5500000 0.13 0.19 0.26
v 7.8781424 17.7283635 8.5500000 0.13 0.19 0.26
v 7.1660355 18.0279765 8.5500000 0.13 0.19 0.26
v 6.4425641 18.2989991 8.5500000 0.13 0.19 0.26
v 5.7088756 18.5410016 8.5500000 0.13 0.19 0.26
v 4.9661334 18.7536002 8.5500000 0.13 0.19 0.26
v 4.2155155 18.9364577 8.5500000 0.13 0.19 0.26
v 3.4582122 19.0892841 8.5500000 0.13 0.19 0.26
v 2.6954247 19.2118371 8.5500000 0.13 0.19 0.26
v 1.9283625 19.3039224 8.5500000 0.13 0.19 0.26
v 1.1582421 19.3653938 8.5500000 0.13 0.19 0.26
v 0.3862849 19.3961538 8.5500000 0.13 0.19 0.26
v -0.3862849 19.3961538 8.5500000 0.13 0.19 0.26
v -1.1582421 19.3653938 8.5500000 0.13 0.19 0.26
v -1.9283625 19.3039224 8.5500000 0.13 0.19 0.26
v -2.6954247 19.2118371 8.5500000 0.13 0.19 0.26
v -3.4582122 19.0892841 8.5500000 0.13 0.19 0.26
v -4.2155155 18.9364577 8.5500000 0.13 0.19 0.26
v -4.9661334 18.7536002 8.5500000 0.13 0.19 0.26
v -5.7088756 18.5410016 8.5500000 0.13 0.19 0.26
v -6.4425641 18.2989991 8.5500000 0.13 0.19 0.26
v -7.1660355 18.0279765 8.5500000 0.13 0.19 0.26
v -7.8781424 17.7283635 8.5500000 0.13 0.19 0.26
v -8.5777554 17.4006354 8.5500000 0.13 0.19 0.26
v -9.2637651 17.0453118 8.5500000 0.13 0.19 0.26
v -9.2637651 17.0453118 12.0500000 0.13 0.19 0.26
v -9.5552902 16.8836142 12.0500000 0.13 0.19 0.26
v -9.8439937 16.7169312 12.0500000 0.13 0.19 0.26
v -10.1297905 16.5453118 12.0500000 0.13 0.19 0.26
v -10.1297905 16.5453118 8.5500000 0.13 0.19 0.26
v -10.7805146 16.1288718 8.5500000 0.13 0.19 0.26
v -11.4141420 15.6868532 8.5500000 0.13 0.19 0.26
v -12.0296678 15.2199570 8.5500000 0.13 0.19 0.26
v -12.6261160 14.7289237 8.5500000 0.13 0.19 0.26
v -13.2025406 14.2145321 8.5500000 0.13 0.19 0.26
v -13.7580275 13.6775978 8.5500000 0.13 0.19 0.26
v -14.2916957 13.1189723 8.5500000 0.13 0.19 0.26
v -14.8026989 12.5395417 8.5500000 0.13 0.19 0.26
v -15.2902267 11.9402248 8.5500000 0.13 0.19 0.26
v -15.7535059 11.3219721 8.5500000 0.13 0.19 0.26
v -16.1918019 10.6857640 8.5500000 0.13 0.19 0.26
v -16.6044195 10.0326095 8.5500000 0.13 0.19 0.26
v -16.9907044 9.3635444 8.5500000 0.13 0.19 0.26
v -17.3500440 8.6796298 8.5500000 0.13 0.19 0.26
v -17.6818684 7.9819503 8.5500000 0.13 0.19 0.26
v -17.9856513 7.2716123 8.5500000 0.13 0.19 0.26
v -18.2609111 6.5497424 8.5500000 0.13 0.19 0.26
v -18.5072111 5.8174853 8.5500000 0.13 0.19 0.26
v -18.7241609 5.0760024 8.5500000 0.13 0.19 0.26
v -18.9114162 4.3264695 8.5500000 0.13 0.19 0.26
v -19.0686801 3.5700753 8.5500000 0.13 0.19 0.26
v -19.1957033 2.8080194 8.5500000 0.13 0.19 0.26
v -19.2922844 2.0415103 8.5500000 0.13 0.19 0.26
v -19.3582700 1.2717636 8.5500000 0.13 0.19 0.26
v -19.3935556 0.5000000 8.5500000 0.13 0.19 0.26
v -19.3935556 0.5000000 12.0500000 0.13 0.19 0.26
v -19.3992839 0.1666831 12.0500000 0.13 0.19 0.26
v -19.3992839 -0.1666831 12.0500000 0.13 0.19 0.26
v -19.3935556 -0.5000000 12.0500000 0.13 0.19 0.26
v -19.3935556 -0.5000000 8.5500000 0.13 0.19 0.26
v -19.3582700 -1.2717636 8.5500000 0.13 0.19 0.26
v -19.2922844 -2.0415103 8.5500000 0.13 0.19 0.26
v -19.1957033 -2.8080194 8.5500000 0.13 0.19 0.26
v -19.0686801 -3.5700753 8.5500000 0.13 0.19 0.26
v -18.9114162 -4.3264695 8.5500000 0.13 0.19 0.26
v -18.7241609 -5.0760024 8.5500000 0.13 0.19 0.26
v -18.5072111 -5.8174853 8.5500000 0.13 0.19 0.26
v -18.2609111 -6.5497424 8.5500000 0.13 0.19 0.26
v -17.9856513 -7.2716123 8.5500000 0.13 0.19 0.26
v -17.6818684 -7.9819503 8.5500000 0.13 0.19 0.26
v -17.3500440 -8.6796298 8.5500000 0.13 0.19 0.26
v -16.9907044 -9.3635444 8.5500000 0.13 0.19 0.26
v -16.6044195 -10.0326095 8.5500000 0.13 0.19 0.26
v -16.1918019 -10.6857640 8.5500000 0.13 0.19 0.26
v -15.7535059 -11.3219721 8.5500000 0.13 0.19 0.26
v -15.2902267 -11.9402248 8.5500000 0.13 0.19 0.26
v -14.8026989 -12.5395417 8.5500000 0.13 0.19 0.26
v -14.2916957 -13.1189723 8.5500000 0.13 0.19 0.26
v -13.7580275 -13.6775978 8.5500000 0.13 0.19 0.26
v -13.2025406 -14.2145321 8.5500000 0.13 0.19 0.26
v -12.6261160 -14.7289237 8.5500000 0.13 0.19 0.26
v -12.0296678 -15.2199570 8.5500000 0.13 0.19 0.26
v -11.4141420 -15.6868532 8.5500000 0.13 0.19 0.26
v -10.7805146 -16.1288718 8.5500000 0.13 0.19 0.26
v -10.1297905 -16.5453118 8.5500000 0.13 0.19 0.26
v -10.1297905 -16.5453118 12.0500000 0.13 0.19 0.26
v -9.8439937 -16.7169312 12.0500000 0.13 0.19 0.26
v -9.5552902 -16.8836142 12.0500000 0.13 0.19 0.26
v -9.2637651 -17.0453118 12.0500000 0.13 0.19 0.26
v -9.2637651 -17.0453118 8.5500000 0.13 0.19 0.26
v -8.5777554 -17.4006354 8.5500000 0.13 0.19 0.26
v -7.8781424 -17.7283635 8.5500000 0.13 0.19 0.26
v -7.1660355 -18.0279765 8.5500000 0.13 0.19 0.26
v -6.4425641 -18.2989991 8.5500000 0.13 0.19 0.26
v -5.7088756 -18.5410016 8.5500000 0.13 0.19 0.26
v -4.9661334 -18.7536002 8.5500000 0.13 0.19 0.26
v -4.2155155 -18.9364577 8.5500000 0.13 0.19 0.26
v -3.4582122 -19.0892841 8.5500000 0.13 0.19 0.26
v -2.6954247 -19.2118371 8.5500000 0.13 0.19 0.26
v -1.9283625 -19.3039224 8.5500000 0.13 0.19 0.26
v -1.1582421 -19.3653938 8.5500000 0.13 0.19 0.26
v -0.3862849 -19.3961538 8.5500000 0.13 0.19 0.26
v 0.3862849 -19.3961538 8.5500000 0.13 0.19 0.26
v 1.1582421 -19.3653938 8.5500000 0.13 0.19 0.26
v 1.9283625 -19.3039224 8.5500000 0.13 0.19 0.26
v 2.6954247 -19.2118371 8.5500000 0.13 0.19 0.26
v 3.4582122 -19.0892841 8.5500000 0.13 0.19 0.26
v 4.2155155 -18.9364577 8.5500000 0.13 0.19 0.26
v 4.9661334 -18.7536002 8.5500000 0.13 0.19 0.26
v 5.7088756 -18.5410016 8.5500000 0.13 0.19 0.26
v 6.4425641 -18.2989991 8.5500000 0.13 0.19 0.26
v 7.1660355 -18.0279765 8.5500000 0.13 0.19 0.26
v 7.8781424 -17.7283635 8.5500000 0.13 0.19 0.26
v 8.5777554 -17.4006354 8.5500000 0.13 0.19 0.26
v 9.2637651 -17.0453118 8.5500000 0.13 0.19 0.26
v 9.2637651 -17.0453118 12.0500000 0.13 0.19 0.26
v 9.5552902 -16.8836142 12.0500000 0.13 0.19 0.26
v 9.8439937 -16.7169312 12.0500000 0.13 0.19 0.26
v 10.1297905 -16.5453118 12.0500000 0.13 0.19 0.26
v 10.1297905 -16.5453118 8.5500000 0.13 0.19 0.26
v 10.7805146 -16.1288718 8.5500000 0.13 0.19 0.26
v 11.4141420 -15.6868532 8.5500000 0.13 0.19 0.26
v 12.0296678 -15.2199570 8.5500000 0.13 0.19 0.26
v 12.6261160 -14.7289237 8.5500000 0.13 0.19 0.26
v 13.2025406 -14.2145321 8.5500000 0.13 0.19 0.26
v 13.7580275 -13.6775978 8.5500000 0.13 0.19 0.26
v 14.2916957 -13.1189723 8.5500000 0.13 0.19 0.26
v 14.8026989 -12.5395417 8.5500000 0.13 0.19 0.26
v 15.2902267 -11.9402248 8.5500000 0.13 0.19 0.26
v 15.7535059 -11.3219721 8.5500000 0.13 0.19 0.26
v 16.1918019 -10.6857640 8.5500000 0.13 0.19 0.26
v 16.6044195 -10.0326095 8.5500000 0.13 0.19 0.26
v 16.9907044 -9.3635444 8.5500000 0.13 0.19 0.26
v 17.3500440 -8.6796298 8.5500000 0.13 0.19 0.26
v 17.6818684 -7.9819503 8.5500000 0.13 0.19 0.26
v 17.9856513 -7.2716123 8.5500000 0.13 0.19 0.26
v 18.2609111 -6.5497424 8.5500000 0.13 0.19 0.26
v 18.5072111 -5.8174853 8.5500000 0.13 0.19 0.26
v 18.7241609 -5.0760024 8.5500000 0.13 0.19 0.26
v 18.9114162 -4.3264695 8.5500000 0.13 0.19 0.26
v 19.0686801 -3.5700753 8.5500000 0.13 0.19 0.26
v 19.1957033 -2.8080194 8.5500000 0.13 0.19 0.26
v 19.2922844 -2.0415103 8.5500000 0.13 0.19 0.26
v 19.3582700 -1.2717636 8.5500000 0.13 0.19 0.26
v 19.3935556 -0.5000000 8.5500000 0.13 0.19 0.26
v 19.3935556 -0.5000000 12.0500000 0.13 0.19 0.26
v 19.3971357 -0.3333538 12.0500000 0.13 0.19 0.26
v 19.3992839 -0.1666831 12.0500000 0.13 0.19 0.26
v 19.4000000 0.0000000 12.0500000 0.13 0.19 0.26
v 19.4000000 0.0000000 12.8000000 0.13 0.19 0.26
v 19.4000000 0.0000000 12.8000000 0.13 0.19 0.26
v 19.3846623 0.7712764 12.8000000 0.13 0.19 0.26
v 19.3386735 1.5413332 12.8000000 0.13 0.19 0.26
v 19.2621062 2.3089529 12.8000000 0.13 0.19 0.26
v 19.1550816 3.0729217 12.8000000 0.13 0.19 0.26
v 19.0177689 3.8320315 12.8000000 0.13 0.19 0.26
v 18.8503852 4.5850821 12.8000000 0.13 0.19 0.26
v 18.6531951 5.3308828 12.8000000 0.13 0.19 0.26
v 18.4265106 6.0682542 12.8000000 0.13 0.19 0.26
v 18.1706899 6.7960304 12.8000000 0.13 0.19 0.26
v 17.8861376 7.5130608 12.8000000 0.13 0.19 0.26
v 17.5733036 8.2182114 12.8000000 0.13 0.19 0.26
v 17.2326827 8.9103674 12.8000000 0.13 0.19 0.26
v 16.8648133 9.5884343 12.8000000 0.13 0.19 0.26
v 16.4702772 10.2513398 12.8000000 0.13 0.19 0.26
v 16.0496982 10.8980359 12.8000000 0.13 0.19 0.26
v 15.6037414 11.5275000 12.8000000 0.13 0.19 0.26
v 15.1331118 12.1387367 12.8000000 0.13 0.19 0.26
v 14.6385536 12.7307795 12.8000000 0.13 0.19 0.26
v 14.1208489 13.3026924 12.8000000 0.13 0.19 0.26
v 13.5808162 13.8535710 12.8000000 0.13 0.19 0.26
v 13.0193095 14.3825443 12.8000000 0.13 0.19 0.26
v 12.4372166 14.8887758 12.8000000 0.13 0.19 0.26
v 11.8354578 15.3714651 12.8000000 0.13 0.19 0.26
v 11.2149848 15.8298489 12.8000000 0.13 0.19 0.26
v 10.5767786 16.2632025 12.8000000 0.13 0.19 0.26
v 9.9218483 16.6708406 12.8000000 0.13 0.19 0.26
v 9.2512295 17.0521187 12.8000000 0.13 0.19 0.26
v 8.5659827 17.4064339 12.8000000 0.13 0.19 0.26
v 7.8671912 17.7332259 12.8000000 0.13 0.19 0.26
v 7.1559601 18.0319781 12.8000000 0.13 0.19 0.26
v 6.4334140 18.3022180 12.8000000 0.13 0.19 0.26
v 5.7006953 18.5435184 12.8000000 0.13 0.19 0.26
v 4.9589627 18.7554976 12.8000000 0.13 0.19 0.26
v 4.2093889 18.9378205 12.8000000 0.13 0.19 0.26
v 3.4531592 19.0901988 12.8000000 0.13 0.19 0.26
v 2.6914693 19.2123916 12.8000000 0.13 0.19 0.26
v 1.9255237 19.3042057 12.8000000 0.13 0.19 0.26
v 1.1565334 19.3654959 12.8000000 0.13 0.19 0.26
v 0.3857144 19.3961652 12.8000000 0.13 0.19 0.26
v -0.3857144 19.3961652 12.8000000 0.13 0.19 0.26
v -1.1565334 19.3654959 12.8000000 0.13 0.19 0.26
v -1.9255237 19.3042057 12.8000000 0.13 0.19 0.26
v -2.6914693 19.2123916 12.8000000 0.13 0.19 0.26
v -3.4531592 19.0901988 12.8000000 0.13 0.19 0.26
v -4.2093889 18.9378205 12.8000000 0.13 0.19 0.26
v -4.9589627 18.7554976 12.8000000 0.13 0.19 0.26
v -5.7006953 18.5435184 12.8000000 0.13 0.19 0.26
v -6.4334140 18.3022180 12.8000000 0.13 0.19 0.26
v -7.1559601 18.0319781 12.8000000 0.13 0.19 0.26
v -7.8671912 17.7332259 12.8000000 0.13 0.19 0.26
v -8.5659827 17.4064339 12.8000000 0.13 0.19 0.26
v -9.2512295 17.0521187 12.8000000 0.13 0.19 0.26
v -9.9218483 16.6708406 12.8000000 0.13 0.19 0.26
v -10.5767786 16.2632025 12.8000000 0.13 0.19 0.26
v -11.2149848 15.8298489 12.8000000 0.13 0.19 0.26
v -11.8354578 15.3714651 12.8000000 0.13 0.19 0.26
v -12.4372166 14.8887758 12.8000000 0.13 0.19 0.26
v -13.0193095 14.3825443 12.8000000 0.13 0.19 0.26
v -13.5808162 13.8535710 12.8000000 0.13 0.19 0.26
v -14.1208489 13.3026924 12.8000000 0.13 0.19 0.26
v -14.6385536 12.7307795 12.8000000 0.13 0.19 0.26
v -15.1331118 12.1387367 12.8000000 0.13 0.19 0.26
v -15.6037414 11.5275000 12.8000000 0.13 0.19 0.26
v -16.0496982 10.8980359 12.8000000 0.13 0.19 0.26
v -16.4702772 10.2513398 12.8000000 0.13 0.19 0.26
v -16.8648133 9.5884343 12.8000000 0.13 0.19 0.26
v -17.2326827 8.9103674 12.8000000 0.13 0.19 0.26
v -17.5733036 8.2182114 12.8000000 0.13 0.19 0.26
v -17.8861376 7.5130608 12.8000000 0.13 0.19 0.26
v -18.1706899 6.7960304 12.8000000 0.13 0.19 0.26
v -18.4265106 6.0682542 12.8000000 0.13 0.19 0.26
v -18.6531951 5.3308828 12.8000000 0.13 0.19 0.26
v -18.8503852 4.5850821 12.8000000 0.13 0.19 0.26
v -19.0177689 3.8320315 12.8000000 0.13 0.19 0.26
v -19.1550816 3.0729217 12.8000000 0.13 0.19 0.26
v -19.2621062 2.3089529 12.8000000 0.13 0.19 0.26
v -19.3386735 1.5413332 12.8000000 0.13 0.19 0.26
v -19.3846623 0.7712764 12.8000000 0.13 0.19 0.26
v -19.4000000 -0.0000000 12.8000000 0.13 0.19 0.26
v -19.3846623 -0.7712764 12.8000000 0.13 0.19 0.26
v -19.3386735 -1.5413332 12.8000000 0.13 0.19 0.26
v -19.2621062 -2.3089529 12.8000000 0.13 0.19 0.26
v -19.1550816 -3.0729217 12.8000000 0.13 0.19 0.26
v -19.0177689 -3.8320315 12.8000000 0.13 0.19 0.26
v -18.8503852 -4.5850821 12.8000000 0.13 0.19 0.26
v -18.6531951 -5.3308828 12.8000000 0.13 0.19 0.26
v -18.4265106 -6.0682542 12.8000000 0.13 0.19 0.26
v -18.1706899 -6.7960304 12.8000000 0.13 0.19 0.26
v -17.8861376 -7.5130608 12.8000000 0.13 0.19 0.26
v -17.5733036 -8.2182114 12.8000000 0.13 0.19 0.26
v -17.2326827 -8.9103674 12.8000000 0.13 0.19 0.26
v -16.8648133 -9.5884343 12.8000000 0.13 0.19 0.26
v -16.4702772 -10.2513398 12.8000000 0.13 0.19 0.26
v -16.0496982 -10.8980359 12.8000000 0.13 0.19 0.26
v -15.6037414 -11.5275000 12.8000000 0.13 0.19 0.26
v -15.1331118 -12.1387367 12.8000000 0.13 0.19 0.26
v -14.6385536 -12.7307795 12.8000000 0.13 0.19 0.26
v -14.1208489 -13.3026924 12.8000000 0.13 0.19 0.26
v -13.5808162 -13.8535710 12.8000000 0.13 0.19 0.26
v -13.0193095 -14.3825443 12.8000000 0.13 0.19 0.26
v -12.4372166 -14.8887758 12.8000000 0.13 0.19 0.26
v -11.8354578 -15.3714651 12.8000000 0.13 0.19 0.26
v -11.2149848 -15.8298489 12.8000000 0.13 0.19 0.26
v -10.5767786 -16.2632025 12.8000000 0.13 0.19 0.26
v -9.9218483 -16.6708406 12.8000000 0.13 0.19 0.26
v -9.2512295 -17.0521187 12.8000000 0.13 0.19 0.26
v -8.5659827 -17.4064339 12.8000000 0.13 0.19 0.26
v -7.8671912 -17.7332259 12.8000000 0.13 0.19 0.26
v -7.1559601 -18.0319781 12.8000000 0.13 0.19 0.26
v -6.4334140 -18.3022180 12.8000000 0.13 0.19 0.26
v -5.7006953 -18.5435184 12.8000000 0.13 0.19 0.26
v -4.9589627 -18.7554976 12.8000000 0.13 0.19 0.26
v -4.2093889 -18.9378205 12.8000000 0.13 0.19 0.26
v -3.4531592 -19.0901988 12.8000000 0.13 0.19 0.26
v -2.6914693 -19.2123916 12.8000000 0.13 0.19 0.26
v -1.9255237 -19.3042057 12.8000000 0.13 0.19 0.26
v -1.1565334 -19.3654959 12.8000000 0.13 0.19 0.26
v -0.3857144 -19.3961652 12.8000000 0.13 0.19 0.26
v 0.3857144 -19.3961652 12.8000000 0.13 0.19 0.26
v 1.1565334 -19.3654959 12.8000000 0.13 0.19 0.26
v 1.9255237 -19.3042057 12.8000000 0.13 0.19 0.26
v 2.6914693 -19.2123916 12.8000000 0.13 0.19 0.26
v 3.4531592 -19.0901988 12.8000000 0.13 0.19 0.26
v 4.2093889 -18.9378205 12.8000000 0.13 0.19 0.26
v 4.9589627 -18.7554976 12.8000000 0.13 0.19 0.26
v 5.7006953 -18.5435184 12.8000000 0.13 0.19 0.26
v 6.4334140 -18.3022180 12.8000000 0.13 0.19 0.26
v 7.1559601 -18.0319781 12.8000000 0.13 0.19 0.26
v 7.8671912 -17.7332259 12.8000000 0.13 0.19 0.26
v 8.5659827 -17.4064339 12.8000000 0.13 0.19 0.26
v 9.2512295 -17.0521187 12.8000000 0.13 0.19 0.26
v 9.9218483 -16.6708406 12.8000000 0.13 0.19 0.26
v 10.5767786 -16.2632025 12.8000000 0.13 0.19 0.26
v 11.2149848 -15.8298489 12.8000000 0.13 0.19 0.26
v 11.8354578 -15.3714651 12.8000000 0.13 0.19 0.26
v 12.4372166 -14.8887758 12.8000000 0.13 0.19 0.26
v 13.0193095 -14.3825443 12.8000000 0.13 0.19 0.26
v 13.5808162 -13.8535710 12.8000000 0.13 0.19 0.26
v 14.1208489 -13.3026924 12.8000000 0.13 0.19 0.26
v 14.6385536 -12.7307795 12.8000000 0.13 0.19 0.26
v 15.1331118 -12.1387367 12.8000000 0.13 0.19 0.26
v 15.6037414 -11.5275000 12.8000000 0.13 0.19 0.26
v 16.0496982 -10.8980359 12.8000000 0.13 0.19 0.26
v 16.4702772 -10.2513398 12.8000000 0.13 0.19 0.26
v 16.8648133 -9.5884343 12.8000000 0.13 0.19 0.26
v 17.2326827 -8.9103674 12.8000000 0.13 0.19 0.26
v 17.5733036 -8.2182114 12.8000000 0.13 0.19 0.26
v 17.8861376 -7.5130608 12.8000000 0.13 0.19 0.26
v 18.1706899 -6.7960304 12.8000000 0.13 0.19 0.26
v 18.4265106 -6.0682542 12.8000000 0.13 0.19 0.26
v 18.6531951 -5.3308828 12.8000000 0.13 0.19 0.26
v 18.8503852 -4.5850821 12.8000000 0.13 0.19 0.26
v 19.0177689 -3.8320315 12.8000000 0.13 0.19 0.26
v 19.1550816 -3.0729217 12.8000000 0.13 0.19 0.26
v 19.2621062 -2.3089529 12.8000000 0.13 0.19 0.26
v 19.3386735 -1.5413332 12.8000000 0.13 0.19 0.26
v 19.3846623 -0.7712764 12.8000000 0.13 0.19 0.26
v 19.4000000 0.0000000 12.0500000 0.13 0.19 0.26
v 19.3992839 0.1666831 12.0500000 0.13 0.19 0.26
v 19.3971357 0.3333538 12.0500000 0.13 0.19 0.26
v 18.5932784 0.5000000 12.0500000 0.13 0.19 0.26
v 19.3935556 0.5000000 12.0500000 0.13 0.19 0.26
v 19.3935556 0.5000000 8.5500000 0.13 0.19 0.26
v 19.8937176 0.5000000 8.5500000 0.13 0.19 0.26
v 19.8937176 0.5000000 8.1500000 0.13 0.19 0.26
v 19.3935556 0.5000000 7.9000000 0.13 0.19 0.26
v 19.5174055 0.5000000 7.9619045 0.13 0.19 0.26
v 19.6420457 0.5000000 8.0242043 0.13 0.19 0.26
v 19.3935556 0.5000000 6.9000000 0.13 0.19 0.26
v 18.5932784 0.5000000 6.9000000 0.13 0.19 0.26
v 18.5932784 0.5000000 12.0500000 0.13 0.19 0.26
v 19.3935556 0.5000000 12.0500000 0.13 0.19 0.26
v 18.5970125 0.3333556 12.0500000 0.13 0.19 0.26
v 18.5992531 0.1666845 12.0500000 0.13 0.19 0.26
v 18.6000000 0.0000000 12.0500000 0.13 0.19 0.26
v 18.5992531 -0.1666845 12.0500000 0.13 0.19 0.26
v 18.5970125 -0.3333556 12.0500000 0.13 0.19 0.26
v 18.5932784 -0.5000000 12.0500000 0.13 0.19 0.26
v 19.3935556 -0.5000000 12.0500000 0.13 0.19 0.26
v 19.3971357 -0.3333538 12.0500000 0.13 0.19 0.26
v 19.3992839 -0.1666831 12.0500000 0.13 0.19 0.26
v 19.4000000 0.0000000 12.0500000 0.13 0.19 0.26
v 19.3992839 0.1666831 12.0500000 0.13 0.19 0.26
v 19.3971357 0.3333538 12.0500000 0.13 0.19 0.26
v 18.5932784 -0.5000000 12.0500000 0.13 0.19 0.26
v 19.3935556 -0.5000000 12.0500000 0.13 0.19 0.26
v 19.3935556 -0.5000000 8.5500000 0.13 0.19 0.26
v 19.8937176 -0.5000000 8.5500000 0.13 0.19 0.26
v 19.8937176 -0.5000000 8.1500000 0.13 0.19 0.26
v 19.3935556 -0.5000000 7.9000000 0.13 0.19 0.26
v 19.5174055 -0.5000000 7.9619045 0.13 0.19 0.26
v 19.6420457 -0.5000000 8.0242043 0.13 0.19 0.26
v 19.3935556 -0.5000000 6.9000000 0.13 0.19 0.26
v 18.5932784 -0.5000000 6.9000000 0.13 0.19 0.26
v 10.3798715 -16.9784648 8.5500000 0.13 0.19 0.26
v 10.1297905 -16.5453118 8.5500000 0.13 0.19 0.26
v 11.0485011 -16.5511517 8.5500000 0.13 0.19 0.26
v 11.6995634 -16.0975220 8.5500000 0.13 0.19 0.26
v 12.3320232 -15.6182970 8.5500000 0.13 0.19 0.26
v 12.9448750 -15.1142387 8.5500000 0.13 0.19 0.26
v 13.5371441 -14.5861485 8.5500000 0.13 0.19 0.26
v 14.1078890 -14.0348661 8.5500000 0.13 0.19 0.26
v 14.6562022 -13.4612681 8.5500000 0.13 0.19 0.26
v 15.1812117 -12.8662664 8.5500000 0.13 0.19 0.26
v 15.6820829 -12.2508071 8.5500000 0.13 0.19 0.26
v 16.1580193 -11.6158689 8.5500000 0.13 0.19 0.26
v 16.6082643 -10.9624613 8.5500000 0.13 0.19 0.26
v 17.0321018 -10.2916232 8.5500000 0.13 0.19 0.26
v 17.4288580 -9.6044212 8.5500000 0.13 0.19 0.26
v 17.7979021 -8.9019481 8.5500000 0.13 0.19 0.26
v 18.1386473 -8.1853208 8.5500000 0.13 0.19 0.26
v 18.4505517 -7.4556786 8.5500000 0.13 0.19 0.26
v 18.7331194 -6.7141818 8.5500000 0.13 0.19 0.26
v 18.9859012 -5.9620094 8.5500000 0.13 0.19 0.26
v 19.2084951 -5.2003572 8.5500000 0.13 0.19 0.26
v 19.4005472 -4.4304365 8.5500000 0.13 0.19 0.26
v 19.5617522 -3.6534712 8.5500000 0.13 0.19 0.26
v 19.6918536 -2.8706969 8.5500000 0.13 0.19 0.26
v 19.7906447 -2.0833581 8.5500000 0.13 0.19 0.26
v 19.8579684 -1.2927068 8.5500000 0.13 0.19 0.26
v 19.8937176 -0.5000000 8.5500000 0.13 0.19 0.26
v 19.3935556 -0.5000000 8.5500000 0.13 0.19 0.26
v 10.7805146 -16.1288718 8.5500000 0.13 0.19 0.26
v 11.4141420 -15.6868532 8.5500000 0.13 0.19 0.26
v 12.0296678 -15.2199570 8.5500000 0.13 0.19 0.26
v 12.6261160 -14.7289237 8.5500000 0.13 0.19 0.26
v 13.2025406 -14.2145321 8.5500000 0.13 0.19 0.26
v 13.7580275 -13.6775978 8.5500000 0.13 0.19 0.26
v 14.2916957 -13.1189723 8.5500000 0.13 0.19 0.26
v 14.8026989 -12.5395417 8.5500000 0.13 0.19 0.26
v 15.2902267 -11.9402248 8.5500000 0.13 0.19 0.26
v 15.7535059 -11.3219721 8.5500000 0.13 0.19 0.26
v 16.1918019 -10.6857640 8.5500000 0.13 0.19 0.26
v 16.6044195 -10.0326095 8.5500000 0.13 0.19 0.26
v 16.9907044 -9.3635444 8.5500000 0.13 0.19 0.26
v 17.3500440 -8.6796298 8.5500000 0.13 0.19 0.26
v 17.6818684 -7.9819503 8.5500000 0.13 0.19 0.26
v 17.9856513 -7.2716123 8.5500000 0.13 0.19 0.26
v 18.2609111 -6.5497424 8.5500000 0.13 0.19 0.26
v 18.5072111 -5.8174853 8.5500000 0.13 0.19 0.26
v 18.7241609 -5.0760024 8.5500000 0.13 0.19 0.26
v 18.9114162 -4.3264695 8.5500000 0.13 0.19 0.26
v 19.0686801 -3.5700753 8.5500000 0.13 0.19 0.26
v 19.1957033 -2.8080194 8.5500000 0.13 0.19 0.26
v 19.2922844 -2.0415103 8.5500000 0.13 0.19 0.26
v 19.3582700 -1.2717636 8.5500000 0.13 0.19 0.26
v 9.7296519 -15.8522514 12.0500000 0.13 0.19 0.26
v 10.1297905 -16.5453118 12.0500000 0.13 0.19 0.26
v 10.1297905 -16.5453118 8.5500000 0.13 0.19 0.26
v 10.3798715 -16.9784648 8.5500000 0.13 0.19 0.26
v 10.3798715 -16.9784648 8.1500000 0.13 0.19 0.26
v 10.1297905 -16.5453118 7.9000000 0.13 0.19 0.26
v 10.1917154 -16.6525690 7.9619045 0.13 0.19 0.26
v 10.2540356 -16.7605106 8.0242043 0.13 0.19 0.26
v 10.1297905 -16.5453118 6.9000000 0.13 0.19 0.26
v 9.7296519 -15.8522514 6.9000000 0.13 0.19 0.26
v 9.7296519 -15.8522514 12.0500000 0.13 0.19 0.26
v 10.1297905 -16.5453118 12.0500000 0.13 0.19 0.26
v 9.4439796 -16.0240834 12.0500000 0.13 0.19 0.26
v 9.1552735 -16.1907679 12.0500000 0.13 0.19 0.26
v 8.8636265 -16.3522514 12.0500000 0.13 0.19 0.26
v 9.2637651 -17.0453118 12.0500000 0.13 0.19 0.26
v 9.5552902 -16.8836142 12.0500000 0.13 0.19 0.26
v 9.8439937 -16.7169312 12.0500000 0.13 0.19 0.26
v 8.8636265 -16.3522514 12.0500000 0.13 0.19 0.26
v 9.2637651 -17.0453118 12.0500000 0.13 0.19 0.26
v 9.2637651 -17.0453118 8.5500000 0.13 0.19 0.26
v 9.5138461 -17.4784648 8.5500000 0.13 0.19 0.26
v 9.5138461 -17.4784648 8.1500000 0.13 0.19 0.26
v 9.2637651 -17.0453118 7.9000000 0.13 0.19 0.26
v 9.3256900 -17.1525690 7.9619045 0.13 0.19 0.26
v 9.3880102 -17.2605106 8.0242043 0.13 0.19 0.26
v 9.2637651 -17.0453118 6.9000000 0.13 0.19 0.26
v 8.8636265 -16.3522514 6.9000000 0.13 0.19 0.26
v -9.5138461 -17.4784648 8.5500000 0.13 0.19 0.26
v -9.2637651 -17.0453118 8.5500000 0.13 0.19 0.26
v -8.8094673 -17.8438585 8.5500000 0.13 0.19 0.26
v -8.0910813 -18.1808802 8.5500000 0.13 0.19 0.26
v -7.3598304 -18.4889939 8.5500000 0.13 0.19 0.26
v -6.6168772 -18.7677099 8.5500000 0.13 0.19 0.26
v -5.8634031 -19.0165850 8.5500000 0.13 0.19 0.26
v -5.1006061 -19.2352234 8.5500000 0.13 0.19 0.26
v -4.3296990 -19.4232774 8.5500000 0.13 0.19 0.26
v -3.5519077 -19.5804482 8.5500000 0.13 0.19 0.26
v -2.7684688 -19.7064858 8.5500000 0.13 0.19 0.26
v -1.9806279 -19.8011897 8.5500000 0.13 0.19 0.26
v -1.1896378 -19.8644094 8.5500000 0.13 0.19 0.26
v -0.3967562 -19.8960444 8.5500000 0.13 0.19 0.26
v 0.3967562 -19.8960444 8.5500000 0.13 0.19 0.26
v 1.1896378 -19.8644094 8.5500000 0.13 0.19 0.26
v 1.9806279 -19.8011897 8.5500000 0.13 0.19 0.26
v 2.7684688 -19.7064858 8.5500000 0.13 0.19 0.26
v 3.5519077 -19.5804482 8.5500000 0.13 0.19 0.26
v 4.3296990 -19.4232774 8.5500000 0.13 0.19 0.26
v 5.1006061 -19.2352234 8.5500000 0.13 0.19 0.26
v 5.8634031 -19.0165850 8.5500000 0.13 0.19 0.26
v 6.6168772 -18.7677099 8.5500000 0.13 0.19 0.26
v 7.3598304 -18.4889939 8.5500000 0.13 0.19 0.26
v 8.0910813 -18.1808802 8.5500000 0.13 0.19 0.26
v 8.8094673 -17.8438585 8.5500000 0.13 0.19 0.26
v 9.5138461 -17.4784648 8.5500000 0.13 0.19 0.26
v 9.2637651 -17.0453118 8.5500000 0.13 0.19 0.26
v -8.5777554 -17.4006354 8.5500000 0.13 0.19 0.26
v -7.8781424 -17.7283635 8.5500000 0.13 0.19 0.26
v -7.1660355 -18.0279765 8.5500000 0.13 0.19 0.26
v -6.4425641 -18.2989991 8.5500000 0.13 0.19 0.26
v -5.7088756 -18.5410016 8.5500000 0.13 0.19 0.26
v -4.9661334 -18.7536002 8.5500000 0.13 0.19 0.26
v -4.2155155 -18.9364577 8.5500000 0.13 0.19 0.26
v -3.4582122 -19.0892841 8.5500000 0.13 0.19 0.26
v -2.6954247 -19.2118371 8.5500000 0.13 0.19 0.26
v -1.9283625 -19.3039224 8.5500000 0.13 0.19 0.26
v -1.1582421 -19.3653938 8.5500000 0.13 0.19 0.26
v -0.3862849 -19.3961538 8.5500000 0.13 0.19 0.26
v 0.3862849 -19.3961538 8.5500000 0.13 0.19 0.26
v 1.1582421 -19.3653938 8.5500000 0.13 0.19 0.26
v 1.9283625 -19.3039224 8.5500000 0.13 0.19 0.26
v 2.6954247 -19.2118371 8.5500000 0.13 0.19 0.26
v 3.4582122 -19.0892841 8.5500000 0.13 0.19 0.26
v 4.2155155 -18.9364577 8.5500000 0.13 0.19 0.26
v 4.9661334 -18.7536002 8.5500000 0.13 0.19 0.26
v 5.7088756 -18.5410016 8.5500000 0.13 0.19 0.26
v 6.4425641 -18.2989991 8.5500000 0.13 0.19 0.26
v 7.1660355 -18.0279765 8.5500000 0.13 0.19 0.26
v 7.8781424 -17.7283635 8.5500000 0.13 0.19 0.26
v 8.5777554 -17.4006354 8.5500000 0.13 0.19 0.26
v -8.8636265 -16.3522514 12.0500000 0.13 0.19 0.26
v -9.2637651 -17.0453118 12.0500000 0.13 0.19 0.26
v -9.2637651 -17.0453118 8.5500000 0.13 0.19 0.26
v -9.5138461 -17.4784648 8.5500000 0.13 0.19 0.26
v -9.5138461 -17.4784648 8.1500000 0.13 0.19 0.26
v -9.2637651 -17.0453118 7.9000000 0.13 0.19 0.26
v -9.3256900 -17.1525690 7.9619045 0.13 0.19 0.26
v -9.3880102 -17.2605106 8.0242043 0.13 0.19 0.26
v -9.2637651 -17.0453118 6.9000000 0.13 0.19 0.26
v -8.8636265 -16.3522514 6.9000000 0.13 0.19 0.26
v -8.8636265 -16.3522514 12.0500000 0.13 0.19 0.26
v -9.2637651 -17.0453118 12.0500000 0.13 0.19 0.26
v -9.1552735 -16.1907679 12.0500000 0.13 0.19 0.26
v -9.4439796 -16.0240834 12.0500000 0.13 0.19 0.26
v -9.7296519 -15.8522514 12.0500000 0.13 0.19 0.26
v -10.1297905 -16.5453118 12.0500000 0.13 0.19 0.26
v -9.8439937 -16.7169312 12.0500000 0.13 0.19 0.26
v -9.5552902 -16.8836142 12.0500000 0.13 0.19 0.26
v -9.7296519 -15.8522514 12.0500000 0.13 0.19 0.26
v -10.1297905 -16.5453118 12.0500000 0.13 0.19 0.26
v -10.1297905 -16.5453118 8.5500000 0.13 0.19 0.26
v -10.3798715 -16.9784648 8.5500000 0.13 0.19 0.26
v -10.3798715 -16.9784648 8.1500000 0.13 0.19 0.26
v -10.1297905 -16.5453118 7.9000000 0.13 0.19 0.26
v -10.1917154 -16.6525690 7.9619045 0.13 0.19 0.26
v -10.2540356 -16.7605106 8.0242043 0.13 0.19 0.26
v -10.1297905 -16.5453118 6.9000000 0.13 0.19 0.26
v -9.7296519 -15.8522514 6.9000000 0.13 0.19 0.26
v -19.8937176 -0.5000000 8.5500000 0.13 0.19 0.26
v -19.3935556 -0.5000000 8.5500000 0.13 0.19 0.26
v -19.8579684 -1.2927068 8.5500000 0.13 0.19 0.26
v -19.7906447 -2.0833581 8.5500000 0.13 0.19 0.26
v -19.6918536 -2.8706969 8.5500000 0.13 0.19 0.26
v -19.5617522 -3.6534712 8.5500000 0.13 0.19 0.26
v -19.4005472 -4.4304365 8.5500000 0.13 0.19 0.26
v -19.2084951 -5.2003572 8.5500000 0.13 0.19 0.26
v -18.9859012 -5.9620094 8.5500000 0.13 0.19 0.26
v -18.7331194 -6.7141818 8.5500000 0.13 0.19 0.26
v -18.4505517 -7.4556786 8.5500000 0.13 0.19 0.26
v -18.1386473 -8.1853208 8.5500000 0.13 0.19 0.26
v -17.7979021 -8.9019481 8.5500000 0.13 0.19 0.26
v -17.4288580 -9.6044212 8.5500000 0.13 0.19 0.26
v -17.0321018 -10.2916232 8.5500000 0.13 0.19 0.26
v -16.6082643 -10.9624613 8.5500000 0.13 0.19 0.26
v -16.1580193 -11.6158689 8.5500000 0.13 0.19 0.26
v -15.6820829 -12.2508071 8.5500000 0.13 0.19 0.26
v -15.1812117 -12.8662664 8.5500000 0.13 0.19 0.26
v -14.6562022 -13.4612681 8.5500000 0.13 0.19 0.26
v -14.1078890 -14.0348661 8.5500000 0.13 0.19 0.26
v -13.5371441 -14.5861485 8.5500000 0.13 0.19 0.26
v -12.9448750 -15.1142387 8.5500000 0.13 0.19 0.26
v -12.3320232 -15.6182970 8.5500000 0.13 0.19 0.26
v -11.6995634 -16.0975220 8.5500000 0.13 0.19 0.26
v -11.0485011 -16.5511517 8.5500000 0.13 0.19 0.26
v -10.3798715 -16.9784648 8.5500000 0.13 0.19 0.26
v -10.1297905 -16.5453118 8.5500000 0.13 0.19 0.26
v -19.3582700 -1.2717636 8.5500000 0.13 0.19 0.26
v -19.2922844 -2.0415103 8.5500000 0.13 0.19 0.26
v -19.1957033 -2.8080194 8.5500000 0.13 0.19 0.26
v -19.0686801 -3.5700753 8.5500000 0.13 0.19 0.26
v -18.9114162 -4.3264695 8.5500000 0.13 0.19 0.26
v -18.7241609 -5.0760024 8.5500000 0.13 0.19 0.26
v -18.5072111 -5.8174853 8.5500000 0.13 0.19 0.26
v -18.2609111 -6.5497424 8.5500000 0.13 0.19 0.26
v -17.9856513 -7.2716123 8.5500000 0.13 0.19 0.26
v -17.6818684 -7.9819503 8.5500000 0.13 0.19 0.26
v -17.3500440 -8.6796298 8.5500000 0.13 0.19 0.26
v -16.9907044 -9.3635444 8.5500000 0.13 0.19 0.26
v -16.6044195 -10.0326095 8.5500000 0.13 0.19 0.26
v -16.1918019 -10.6857640 8.5500000 0.13 0.19 0.26
v -15.7535059 -11.3219721 8.5500000 0.13 0.19 0.26
v -15.2902267 -11.9402248 8.5500000 0.13 0.19 0.26
v -14.8026989 -12.5395417 8.5500000 0.13 0.19 0.26
v -14.2916957 -13.1189723 8.5500000 0.13 0.19 0.26
v -13.7580275 -13.6775978 8.5500000 0.13 0.19 0.26
v -13.2025406 -14.2145321 8.5500000 0.13 0.19 0.26
v -12.6261160 -14.7289237 8.5500000 0.13 0.19 0.26
v -12.0296678 -15.2199570 8.5500000 0.13 0.19 0.26
v -11.4141420 -15.6868532 8.5500000 0.13 0.19 0.26
v -10.7805146 -16.1288718 8.5500000 0.13 0.19 0.26
v -18.5932784 -0.5000000 12.0500000 0.13 0.19 0.26
v -19.3935556 -0.5000000 12.0500000 0.13 0.19 0.26
v -19.3935556 -0.5000000 8.5500000 0.13 0.19 0.26
v -19.8937176 -0.5000000 8.5500000 0.13 0.19 0.26
v -19.8937176 -0.5000000 8.1500000 0.13 0.19 0.26
v -19.3935556 -0.5000000 7.9000000 0.13 0.19 0.26
v -19.5174055 -0.5000000 7.9619045 0.13 0.19 0.26
v -19.6420457 -0.5000000 8.0242043 0.13 0.19 0.26
v -19.3935556 -0.5000000 6.9000000 0.13 0.19 0.26
v -18.5932784 -0.5000000 6.9000000 0.13 0.19 0.26
v -18.5932784 -0.5000000 12.0500000 0.13 0.19 0.26
v -19.3935556 -0.5000000 12.0500000 0.13 0.19 0.26
v -18.5992531 -0.1666845 12.0500000 0.13 0.19 0.26
v -18.5992531 0.1666845 12.0500000 0.13 0.19 0.26
v -18.5932784 0.5000000 12.0500000 0.13 0.19 0.26
v -19.3935556 0.5000000 12.0500000 0.13 0.19 0.26
v -19.3992839 0.1666831 12.0500000 0.13 0.19 0.26
v -19.3992839 -0.1666831 12.0500000 0.13 0.19 0.26
v -18.5932784 0.5000000 12.0500000 0.13 0.19 0.26
v -19.3935556 0.5000000 12.0500000 0.13 0.19 0.26
v -19.3935556 0.5000000 8.5500000 0.13 0.19 0.26
v -19.8937176 0.5000000 8.5500000 0.13 0.19 0.26
v -19.8937176 0.5000000 8.1500000 0.13 0.19 0.26
v -19.3935556 0.5000000 7.9000000 0.13 0.19 0.26
v -19.5174055 0.5000000 7.9619045 0.13 0.19 0.26
v -19.6420457 0.5000000 8.0242043 0.13 0.19 0.26
v -19.3935556 0.5000000 6.9000000 0.13 0.19 0.26
v -18.5932784 0.5000000 6.9000000 0.13 0.19 0.26
v -10.3798715 16.9784648 8.5500000 0.13 0.19 0.26
v -10.1297905 16.5453118 8.5500000 0.13 0.19 0.26
v -11.0485011 16.5511517 8.5500000 0.13 0.19 0.26
v -11.6995634 16.0975220 8.5500000 0.13 0.19 0.26
v -12.3320232 15.6182970 8.5500000 0.13 0.19 0.26
v -12.9448750 15.1142387 8.5500000 0.13 0.19 0.26
v -13.5371441 14.5861485 8.5500000 0.13 0.19 0.26
v -14.1078890 14.0348661 8.5500000 0.13 0.19 0.26
v -14.6562022 13.4612681 8.5500000 0.13 0.19 0.26
v -15.1812117 12.8662664 8.5500000 0.13 0.19 0.26
v -15.6820829 12.2508071 8.5500000 0.13 0.19 0.26
v -16.1580193 11.6158689 8.5500000 0.13 0.19 0.26
v -16.6082643 10.9624613 8.5500000 0.13 0.19 0.26
v -17.0321018 10.2916232 8.5500000 0.13 0.19 0.26
v -17.4288580 9.6044212 8.5500000 0.13 0.19 0.26
v -17.7979021 8.9019481 8.5500000 0.13 0.19 0.26
v -18.1386473 8.1853208 8.5500000 0.13 0.19 0.26
v -18.4505517 7.4556786 8.5500000 0.13 0.19 0.26
v -18.7331194 6.7141818 8.5500000 0.13 0.19 0.26
v -18.9859012 5.9620094 8.5500000 0.13 0.19 0.26
v -19.2084951 5.2003572 8.5500000 0.13 0.19 0.26
v -19.4005472 4.4304365 8.5500000 0.13 0.19 0.26
v -19.5617522 3.6534712 8.5500000 0.13 0.19 0.26
v -19.6918536 2.8706969 8.5500000 0.13 0.19 0.26
v -19.7906447 2.0833581 8.5500000 0.13 0.19 0.26
v -19.8579684 1.2927068 8.5500000 0.13 0.19 0.26
v -19.8937176 0.5000000 8.5500000 0.13 0.19 0.26
v -19.3935556 0.5000000 8.5500000 0.13 0.19 0.26
v -10.7805146 16.1288718 8.5500000 0.13 0.19 0.26
v -11.4141420 15.6868532 8.5500000 0.13 0.19 0.26
v -12.0296678 15.2199570 8.5500000 0.13 0.19 0.26
v -12.6261160 14.7289237 8.5500000 0.13 0.19 0.26
v -13.2025406 14.2145321 8.5500000 0.13 0.19 0.26
v -13.7580275 13.6775978 8.5500000 0.13 0.19 0.26
v -14.2916957 13.1189723 8.5500000 0.13 0.19 0.26
v -14.8026989 12.5395417 8.5500000 0.13 0.19 0.26
v -15.2902267 11.9402248 8.5500000 0.13 0.19 0.26
v -15.7535059 11.3219721 8.5500000 0.13 0.19 0.26
v -16.1918019 10.6857640 8.5500000 0.13 0.19 0.26
v -16.6044195 10.0326095 8.5500000 0.13 0.19 0.26
v -16.9907044 9.3635444 8.5500000 0.13 0.19 0.26
v -17.3500440 8.6796298 8.5500000 0.13 0.19 0.26
v -17.6818684 7.9819503 8.5500000 0.13 0.19 0.26
v -17.9856513 7.2716123 8.5500000 0.13 0.19 0.26
v -18.2609111 6.5497424 8.5500000 0.13 0.19 0.26
v -18.5072111 5.8174853 8.5500000 0.13 0.19 0.26
v -18.7241609 5.0760024 8.5500000 0.13 0.19 0.26
v -18.9114162 4.3264695 8.5500000 0.13 0.19 0.26
v -19.0686801 3.5700753 8.5500000 0.13 0.19 0.26
v -19.1957033 2.8080194 8.5500000 0.13 0.19 0.26
v -19.2922844 2.0415103 8.5500000 0.13 0.19 0.26
v -19.3582700 1.2717636 8.5500000 0.13 0.19 0.26
v -9.7296519 15.8522514 12.0500000 0.13 0.19 0.26
v -10.1297905 16.5453118 12.0500000 0.13 0.19 0.26
v -10.1297905 16.5453118 8.5500000 0.13 0.19 0.26
v -10.3798715 16.9784648 8.5500000 0.13 0.19 0.26
v -10.3798715 16.9784648 8.1500000 0.13 0.19 0.26
v -10.1297905 16.5453118 7.9000000 0.13 0.19 0.26
v -10.1917154 16.6525690 7.9619045 0.13 0.19 0.26
v -10.2540356 16.7605106 8.0242043 0.13 0.19 0.26
v -10.1297905 16.5453118 6.9000000 0.13 0.19 0.26
v -9.7296519 15.8522514 6.9000000 0.13 0.19 0.26
v -9.7296519 15.8522514 12.0500000 0.13 0.19 0.26
v -10.1297905 16.5453118 12.0500000 0.13 0.19 0.26
v -9.4439796 16.0240834 12.0500000 0.13 0.19 0.26
v -9.1552735 16.1907679 12.0500000 0.13 0.19 0.26
v -8.8636265 16.3522514 12.0500000 0.13 0.19 0.26
v -9.2637651 17.0453118 12.0500000 0.13 0.19 0.26
v -9.5552902 16.8836142 12.0500000 0.13 0.19 0.26
v -9.8439937 16.7169312 12.0500000 0.13 0.19 0.26
v -8.8636265 16.3522514 12.0500000 0.13 0.19 0.26
v -9.2637651 17.0453118 12.0500000 0.13 0.19 0.26
v -9.2637651 17.0453118 8.5500000 0.13 0.19 0.26
v -9.5138461 17.4784648 8.5500000 0.13 0.19 0.26
v -9.5138461 17.4784648 8.1500000 0.13 0.19 0.26
v -9.2637651 17.0453118 7.9000000 0.13 0.19 0.26
v -9.3256900 17.1525690 7.9619045 0.13 0.19 0.26
v -9.3880102 17.2605106 8.0242043 0.13 0.19 0.26
v -9.2637651 17.0453118 6.9000000 0.13 0.19 0.26
v -8.8636265 16.3522514 6.9000000 0.13 0.19 0.26
v 9.5138461 17.4784648 8.5500000 0.13 0.19 0.26
v 9.2637651 17.0453118 8.5500000 0.13 0.19 0.26
v 8.8094673 17.8438585 8.5500000 0.13 0.19 0.26
v 8.0910813 18.1808802 8.5500000 0.13 0.19 0.26
v 7.3598304 18.4889939 8.5500000 0.13 0.19 0.26
v 6.6168772 18.7677099 8.5500000 0.13 0.19 0.26
v 5.8634031 19.0165850 8.5500000 0.13 0.19 0.26
v 5.1006061 19.2352234 8.5500000 0.13 0.19 0.26
v 4.3296990 19.4232774 8.5500000 0.13 0.19 0.26
v 3.5519077 19.5804482 8.5500000 0.13 0.19 0.26
v 2.7684688 19.7064858 8.5500000 0.13 0.19 0.26
v 1.9806279 19.8011897 8.5500000 0.13 0.19 0.26
v 1.1896378 19.8644094 8.5500000 0.13 0.19 0.26
v 0.3967562 19.8960444 8.5500000 0.13 0.19 0.26
v -0.3967562 19.8960444 8.5500000 0.13 0.19 0.26
v -1.1896378 19.8644094 8.5500000 0.13 0.19 0.26
v -1.9806279 19.8011897 8.5500000 0.13 0.19 0.26
v -2.7684688 19.7064858 8.5500000 0.13 0.19 0.26
v -3.5519077 19.5804482 8.5500000 0.13 0.19 0.26
v -4.3296990 19.4232774 8.5500000 0.13 0.19 0.26
v -5.1006061 19.2352234 8.5500000 0.13 0.19 0.26
v -5.8634031 19.0165850 8.5500000 0.13 0.19 0.26
v -6.6168772 18.7677099 8.5500000 0.13 0.19 0.26
v -7.3598304 18.4889939 8.5500000 0.13 0.19 0.26
v -8.0910813 18.1808802 8.5500000 0.13 0.19 0.26
v -8.8094673 17.8438585 8.5500000 0.13 0.19 0.26
v -9.5138461 17.4784648 8.5500000 0.13 0.19 0.26
v -9.2637651 17.0453118 8.5500000 0.13 0.19 0.26
v 8.5777554 17.4006354 8.5500000 0.13 0.19 0.26
v 7.8781424 17.7283635 8.5500000 0.13 0.19 0.26
v 7.1660355 18.0279765 8.5500000 0.13 0.19 0.26
v 6.4425641 18.2989991 8.5500000 0.13 0.19 0.26
v 5.7088756 18.5410016 8.5500000 0.13 0.19 0.26
v 4.9661334 18.7536002 8.5500000 0.13 0.19 0.26
v 4.2155155 18.9364577 8.5500000 0.13 0.19 0.26
v 3.4582122 19.0892841 8.5500000 0.13 0.19 0.26
v 2.6954247 19.2118371 8.5500000 0.13 0.19 0.26
v 1.9283625 19.3039224 8.5500000 0.13 0.19 0.26
v 1.1582421 19.3653938 8.5500000 0.13 0.19 0.26
v 0.3862849 19.3961538 8.5500000 0.13 0.19 0.26
v -0.3862849 19.3961538 8.5500000 0.13 0.19 0.26
v -1.1582421 19.3653938 8.5500000 0.13 0.19 0.26
v -1.9283625 19.3039224 8.5500000 0.13 0.19 0.26
v -2.6954247 19.2118371 8.5500000 0.13 0.19 0.26
v -3.4582122 19.0892841 8.5500000 0.13 0.19 0.26
v -4.2155155 18.9364577 8.5500000 0.13 0.19 0.26
v -4.9661334 18.7536002 8.5500000 0.13 0.19 0.26
v -5.7088756 18.5410016 8.5500000 0.13 0.19 0.26
v -6.4425641 18.2989991 8.5500000 0.13 0.19 0.26
v -7.1660355 18.0279765 8.5500000 0.13 0.19 0.26
v -7.8781424 17.7283635 8.5500000 0.13 0.19 0.26
v -8.5777554 17.4006354 8.5500000 0.13 0.19 0.26
v 8.8636265 16.3522514 12.0500000 0.13 0.19 0.26
v 9.2637651 17.0453118 12.0500000 0.13 0.19 0.26
v 9.2637651 17.0453118 8.5500000 0.13 0.19 0.26
v 9.5138461 17.4784648 8.5500000 0.13 0.19 0.26
v 9.5138461 17.4784648 8.1500000 0.13 0.19 0.26
v 9.2637651 17.0453118 7.9000000 0.13 0.19 0.26
v 9.3256900 17.1525690 7.9619045 0.13 0.19 0.26
v 9.3880102 17.2605106 8.0242043 0.13 0.19 0.26
v 9.2637651 17.0453118 6.9000000 0.13 0.19 0.26
v 8.8636265 16.3522514 6.9000000 0.13 0.19 0.26
v 8.8636265 16.3522514 12.0500000 0.13 0.19 0.26
v 9.2637651 17.0453118 12.0500000 0.13 0.19 0.26
v 9.1552735 16.1907679 12.0500000 0.13 0.19 0.26
v 9.4439796 16.0240834 12.0500000 0.13 0.19 0.26
v 9.7296519 15.8522514 12.0500000 0.13 0.19 0.26
v 10.1297905 16.5453118 12.0500000 0.13 0.19 0.26
v 9.8439937 16.7169312 12.0500000 0.13 0.19 0.26
v 9.5552902 16.8836142 12.0500000 0.13 0.19 0.26
v 9.7296519 15.8522514 12.0500000 0.13 0.19 0.26
v 10.1297905 16.5453118 12.0500000 0.13 0.19 0.26
v 10.1297905 16.5453118 8.5500000 0.13 0.19 0.26
v 10.3798715 16.9784648 8.5500000 0.13 0.19 0.26
v 10.3798715 16.9784648 8.1500000 0.13 0.19 0.26
v 10.1297905 16.5453118 7.9000000 0.13 0.19 0.26
v 10.1917154 16.6525690 7.9619045 0.13 0.19 0.26
v 10.2540356 16.7605106 8.0242043 0.13 0.19 0.26
v 10.1297905 16.5453118 6.9000000 0.13 0.19 0.26
v 9.7296519 15.8522514 6.9000000 0.13 0.19 0.26
v 19.8937176 0.5000000 8.5500000 0.13 0.19 0.26
v 19.3935556 0.5000000 8.5500000 0.13 0.19 0.26
v 19.8579684 1.2927068 8.5500000 0.13 0.19 0.26
v 19.7906447 2.0833581 8.5500000 0.13 0.19 0.26
v 19.6918536 2.8706969 8.5500000 0.13 0.19 0.26
v 19.5617522 3.6534712 8.5500000 0.13 0.19 0.26
v 19.4005472 4.4304365 8.5500000 0.13 0.19 0.26
v 19.2084951 5.2003572 8.5500000 0.13 0.19 0.26
v 18.9859012 5.9620094 8.5500000 0.13 0.19 0.26
v 18.7331194 6.7141818 8.5500000 0.13 0.19 0.26
v 18.4505517 7.4556786 8.5500000 0.13 0.19 0.26
v 18.1386473 8.1853208 8.5500000 0.13 0.19 0.26
v 17.7979021 8.9019481 8.5500000 0.13 0.19 0.26
v 17.4288580 9.6044212 8.5500000 0.13 0.19 0.26
v 17.0321018 10.2916232 8.5500000 0.13 0.19 0.26
v 16.6082643 10.9624613 8.5500000 0.13 0.19 0.26
v 16.1580193 11.6158689 8.5500000 0.13 0.19 0.26
v 15.6820829 12.2508071 8.5500000 0.13 0.19 0.26
v 15.1812117 12.8662664 8.5500000 0.13 0.19 0.26
v 14.6562022 13.4612681 8.5500000 0.13 0.19 0.26
v 14.1078890 14.0348661 8.5500000 0.13 0.19 0.26
v 13.5371441 14.5861485 8.5500000 0.13 0.19 0.26
v 12.9448750 15.1142387 8.5500000 0.13 0.19 0.26
v 12.3320232 15.6182970 8.5500000 0.13 0.19 0.26
v 11.6995634 16.0975220 8.5500000 0.13 0.19 0.26
v 11.0485011 16.5511517 8.5500000 0.13 0.19 0.26
v 10.3798715 16.9784648 8.5500000 0.13 0.19 0.26
v 10.1297905 16.5453118 8.5500000 0.13 0.19 0.26
v 19.3582700 1.2717636 8.5500000 0.13 0.19 0.26
v 19.2922844 2.0415103 8.5500000 0.13 0.19 0.26
v 19.1957033 2.8080194 8.5500000 0.13 0.19 0.26
v 19.0686801 3.5700753 8.5500000 0.13 0.19 0.26
v 18.9114162 4.3264695 8.5500000 0.13 0.19 0.26
v 18.7241609 5.0760024 8.5500000 0.13 0.19 0.26
v 18.5072111 5.8174853 8.5500000 0.13 0.19 0.26
v 18.2609111 6.5497424 8.5500000 0.13 0.19 0.26
v 17.9856513 7.2716123 8.5500000 0.13 0.19 0.26
v 17.6818684 7.9819503 8.5500000 0.13 0.19 0.26
v 17.3500440 8.6796298 8.5500000 0.13 0.19 0.26
v 16.9907044 9.3635444 8.5500000 0.13 0.19 0.26
v 16.6044195 10.0326095 8.5500000 0.13 0.19 0.26
v 16.1918019 10.6857640 8.5500000 0.13 0.19 0.26
v 15.7535059 11.3219721 8.5500000 0.13 0.19 0.26
v 15.2902267 11.9402248 8.5500000 0.13 0.19 0.26
v 14.8026989 12.5395417 8.5500000 0.13 0.19 0.26
v 14.2916957 13.1189723 8.5500000 0.13 0.19 0.26
v 13.7580275 13.6775978 8.5500000 0.13 0.19 0.26
v 13.2025406 14.2145321 8.5500000 0.13 0.19 0.26
v 12.6261160 14.7289237 8.5500000 0.13 0.19 0.26
v 12.0296678 15.2199570 8.5500000 0.13 0.19 0.26
v 11.4141420 15.6868532 8.5500000 0.13 0.19 0.26
v 10.7805146 16.1288718 8.5500000 0.13 0.19 0.26
v 18.6000000 0.0000000 12.8000000 0.13 0.19 0.26
v 18.5852948 -0.7394712 12.8000000 0.13 0.19 0.26
v 18.5412024 -1.4777731 12.8000000 0.13 0.19 0.26
v 18.4677926 -2.2137384 12.8000000 0.13 0.19 0.26
v 18.3651814 -2.9462033 12.8000000 0.13 0.19 0.26
v 18.2335310 -3.6740096 12.8000000 0.13 0.19 0.26
v 18.0730497 -4.3960066 12.8000000 0.13 0.19 0.26
v 17.8839912 -5.1110525 12.8000000 0.13 0.19 0.26
v 17.6666545 -5.8180169 12.8000000 0.13 0.19 0.26
v 17.4213831 -6.5157818 12.8000000 0.13 0.19 0.26
v 17.1485649 -7.2032438 12.8000000 0.13 0.19 0.26
v 16.8486313 -7.8793161 12.8000000 0.13 0.19 0.26
v 16.5220566 -8.5429296 12.8000000 0.13 0.19 0.26
v 16.1693571 -9.1930349 12.8000000 0.13 0.19 0.26
v 15.7910905 -9.8286042 12.8000000 0.13 0.19 0.26
v 15.3878550 -10.4486324 12.8000000 0.13 0.19 0.26
v 14.9602881 -11.0521391 12.8000000 0.13 0.19 0.26
v 14.5090659 -11.6381702 12.8000000 0.13 0.19 0.26
v 14.0349019 -12.2057989 12.8000000 0.13 0.19 0.26
v 13.5385459 -12.7541278 12.8000000 0.13 0.19 0.26
v 13.0207826 -13.2822897 12.8000000 0.13 0.19 0.26
v 12.4824308 -13.7894497 12.8000000 0.13 0.19 0.26
v 11.9243417 -14.2748056 12.8000000 0.13 0.19 0.26
v 11.3473977 -14.7375902 12.8000000 0.13 0.19 0.26
v 10.7525112 -15.1770716 12.8000000 0.13 0.19 0.26
v 10.1406228 -15.5925550 12.8000000 0.13 0.19 0.26
v 9.5126999 -15.9833833 12.8000000 0.13 0.19 0.26
v 8.8697355 -16.3489385 12.8000000 0.13 0.19 0.26
v 8.2127463 -16.6886428 12.8000000 0.13 0.19 0.26
v 7.5427710 -17.0019589 12.8000000 0.13 0.19 0.26
v 6.8608690 -17.2883914 12.8000000 0.13 0.19 0.26
v 6.1681186 -17.5474874 12.8000000 0.13 0.19 0.26
v 5.4656151 -17.7788372 12.8000000 0.13 0.19 0.26
v 4.7544694 -17.9820750 12.8000000 0.13 0.19 0.26
v 4.0358058 -18.1568794 12.8000000 0.13 0.19 0.26
v 3.3107609 -18.3029741 12.8000000 0.13 0.19 0.26
v 2.5804809 -18.4201281 12.8000000 0.13 0.19 0.26
v 1.8461207 -18.5081560 12.8000000 0.13 0.19 0.26
v 1.1088413 -18.5669187 12.8000000 0.13 0.19 0.26
v 0.3698087 -18.5963233 12.8000000 0.13 0.19 0.26
v -0.3698087 -18.5963233 12.8000000 0.13 0.19 0.26
v -1.1088413 -18.5669187 12.8000000 0.13 0.19 0.26
v -1.8461207 -18.5081560 12.8000000 0.13 0.19 0.26
v -2.5804809 -18.4201281 12.8000000 0.13 0.19 0.26
v -3.3107609 -18.3029741 12.8000000 0.13 0.19 0.26
v -4.0358058 -18.1568794 12.8000000 0.13 0.19 0.26
v -4.7544694 -17.9820750 12.8000000 0.13 0.19 0.26
v -5.4656151 -17.7788372 12.8000000 0.13 0.19 0.26
v -6.1681186 -17.5474874 12.8000000 0.13 0.19 0.26
v -6.8608690 -17.2883914 12.8000000 0.13 0.19 0.26
v -7.5427710 -17.0019589 12.8000000 0.13 0.19 0.26
v -8.2127463 -16.6886428 12.8000000 0.13 0.19 0.26
v -8.8697355 -16.3489385 12.8000000 0.13 0.19 0.26
v -9.5126999 -15.9833833 12.8000000 0.13 0.19 0.26
v -10.1406228 -15.5925550 12.8000000 0.13 0.19 0.26
v -10.7525112 -15.1770716 12.8000000 0.13 0.19 0.26
v -11.3473977 -14.7375902 12.8000000 0.13 0.19 0.26
v -11.9243417 -14.2748056 12.8000000 0.13 0.19 0.26
v -12.4824308 -13.7894497 12.8000000 0.13 0.19 0.26
v -13.0207826 -13.2822897 12.8000000 0.13 0.19 0.26
v -13.5385459 -12.7541278 12.8000000 0.13 0.19 0.26
v -14.0349019 -12.2057989 12.8000000 0.13 0.19 0.26
v -14.5090659 -11.6381702 12.8000000 0.13 0.19 0.26
v -14.9602881 -11.0521391 12.8000000 0.13 0.19 0.26
v -15.3878550 -10.4486324 12.8000000 0.13 0.19 0.26
v -15.7910905 -9.8286042 12.8000000 0.13 0.19 0.26
v -16.1693571 -9.1930349 12.8000000 0.13 0.19 0.26
v -16.5220566 -8.5429296 12.8000000 0.13 0.19 0.26
v -16.8486313 -7.8793161 12.8000000 0.13 0.19 0.26
v -17.1485649 -7.2032438 12.8000000 0.13 0.19 0.26
v -17.4213831 -6.5157818 12.8000000 0.13 0.19 0.26
v -17.6666545 -5.8180169 12.8000000 0.13 0.19 0.26
v -17.8839912 -5.1110525 12.8000000 0.13 0.19 0.26
v -18.0730497 -4.3960066 12.8000000 0.13 0.19 0.26
v -18.2335310 -3.6740096 12.8000000 0.13 0.19 0.26
v -18.3651814 -2.9462033 12.8000000 0.13 0.19 0.26
v -18.4677926 -2.2137384 12.8000000 0.13 0.19 0.26
v -18.5412024 -1.4777731 12.8000000 0.13 0.19 0.26
v -18.5852948 -0.7394712 12.8000000 0.13 0.19 0.26
v -18.6000000 0.0000000 12.8000000 0.13 0.19 0.26
v -18.5852948 0.7394712 12.8000000 0.13 0.19 0.26
v -18.5412024 1.4777731 12.8000000 0.13 0.19 0.26
v -18.4677926 2.2137384 12.8000000 0.13 0.19 0.26
v -18.3651814 2.9462033 12.8000000 0.13 0.19 0.26
v -18.2335310 3.6740096 12.8000000 0.13 0.19 0.26
v -18.0730497 4.3960066 12.8000000 0.13 0.19 0.26
v -17.8839912 5.1110525 12.8000000 0.13 0.19 0.26
v -17.6666545 5.8180169 12.8000000 0.13 0.19 0.26
v -17.4213831 6.5157818 12.8000000 0.13 0.19 0.26
v -17.1485649 7.2032438 12.8000000 0.13 0.19 0.26
v -16.8486313 7.8793161 12.8000000 0.13 0.19 0.26
v -16.5220566 8.5429296 12.8000000 0.13 0.19 0.26
v -16.1693571 9.1930349 12.8000000 0.13 0.19 0.26
v -15.7910905 9.8286042 12.8000000 0.13 0.19 0.26
v -15.3878550 10.4486324 12.8000000 0.13 0.19 0.26
v -14.9602881 11.0521391 12.8000000 0.13 0.19 0.26
v -14.5090659 11.6381702 12.8000000 0.13 0.19 0.26
v -14.0349019 12.2057989 12.8000000 0.13 0.19 0.26
v -13.5385459 12.7541278 12.8000000 0.13 0.19 0.26
v -13.0207826 13.2822897 12.8000000 0.13 0.19 0.26
v -12.4824308 13.7894497 12.8000000 0.13 0.19 0.26
v -11.9243417 14.2748056 12.8000000 0.13 0.19 0.26
v -11.3473977 14.7375902 12.8000000 0.13 0.19 0.26
v -10.7525112 15.1770716 12.8000000 0.13 0.19 0.26
v -10.1406228 15.5925550 12.8000000 0.13 0.19 0.26
v -9.5126999 15.9833833 12.8000000 0.13 0.19 0.26
v -8.8697355 16.3489385 12.8000000 0.13 0.19 0.26
v -8.2127463 16.6886428 12.8000000 0.13 0.19 0.26
v -7.5427710 17.0019589 12.8000000 0.13 0.19 0.26
v -6.8608690 17.2883914 12.8000000 0.13 0.19 0.26
v -6.1681186 17.5474874 12.8000000 0.13 0.19 0.26
v -5.4656151 17.7788372 12.8000000 0.13 0.19 0.26
v -4.7544694 17.9820750 12.8000000 0.13 0.19 0.26
v -4.0358058 18.1568794 12.8000000 0.13 0.19 0.26
v -3.3107609 18.3029741 12.8000000 0.13 0.19 0.26
v -2.5804809 18.4201281 12.8000000 0.13 0.19 0.26
v -1.8461207 18.5081560 12.8000000 0.13 0.19 0.26
v -1.1088413 18.5669187 12.8000000 0.13 0.19 0.26
v -0.3698087 18.5963233 12.8000000 0.13 0.19 0.26
v 0.3698087 18.5963233 12.8000000 0.13 0.19 0.26
v 1.1088413 18.5669187 12.8000000 0.13 0.19 0.26
v 1.8461207 18.5081560 12.8000000 0.13 0.19 0.26
v 2.5804809 18.4201281 12.8000000 0.13 0.19 0.26
v 3.3107609 18.3029741 12.8000000 0.13 0.19 0.26
v 4.0358058 18.1568794 12.8000000 0.13 0.19 0.26
v 4.7544694 17.9820750 12.8000000 0.13 0.19 0.26
v 5.4656151 17.7788372 12.8000000 0.13 0.19 0.26
v 6.1681186 17.5474874 12.8000000 0.13 0.19 0.26
v 6.8608690 17.2883914 12.8000000 0.13 0.19 0.26
v 7.5427710 17.0019589 12.8000000 0.13 0.19 0.26
v 8.2127463 16.6886428 12.8000000 0.13 0.19 0.26
v 8.8697355 16.3489385 12.8000000 0.13 0.19 0.26
v 9.5126999 15.9833833 12.8000000 0.13 0.19 0.26
v 10.1406228 15.5925550 12.8000000 0.13 0.19 0.26
v 10.7525112 15.1770716 12.8000000 0.13 0.19 0.26
v 11.3473977 14.7375902 12.8000000 0.13 0.19 0.26
v 11.9243417 14.2748056 12.8000000 0.13 0.19 0.26
v 12.4824308 13.7894497 12.8000000 0.13 0.19 0.26
v 13.0207826 13.2822897 12.8000000 0.13 0.19 0.26
v 13.5385459 12.7541278 12.8000000 0.13 0.19 0.26
v 14.0349019 12.2057989 12.8000000 0.13 0.19 0.26
v 14.5090659 11.6381702 12.8000000 0.13 0.19 0.26
v 14.9602881 11.0521391 12.8000000 0.13 0.19 0.26
v 15.3878550 10.4486324 12.8000000 0.13 0.19 0.26
v 15.7910905 9.8286042 12.8000000 0.13 0.19 0.26
v 16.1693571 9.1930349 12.8000000 0.13 0.19 0.26
v 16.5220566 8.5429296 12.8000000 0.13 0.19 0.26
v 16.8486313 7.8793161 12.8000000 0.13 0.19 0.26
v 17.1485649 7.2032438 12.8000000 0.13 0.19 0.26
v 17.4213831 6.5157818 12.8000000 0.13 0.19 0.26
v 17.6666545 5.8180169 12.8000000 0.13 0.19 0.26
v 17.8839912 5.1110525 12.8000000 0.13 0.19 0.26
v 18.0730497 4.3960066 12.8000000 0.13 0.19 0.26
v 18.2335310 3.6740096 12.8000000 0.13 0.19 0.26
v 18.3651814 2.9462033 12.8000000 0.13 0.19 0.26
v 18.4677926 2.2137384 12.8000000 0.13 0.19 0.26
v 18.5412024 1.4777731 12.8000000 0.13 0.19 0.26
v 18.5852948 0.7394712 12.8000000 0.13 0.19 0.26
v 18.6000000 0.0000000 12.8000000 0.13 0.19 0.26
v 18.6000000 0.0000000 12.0500000 0.13 0.19 0.26
v 18.5992531 -0.1666845 12.0500000 0.13 0.19 0.26
v 18.5970125 -0.3333556 12.0500000 0.13 0.19 0.26
v 18.5932784 -0.5000000 12.0500000 0.13 0.19 0.26
v 18.5932784 -0.5000000 6.9000000 0.13 0.19 0.26
v 9.7296519 -15.8522514 6.9000000 0.13 0.19 0.26
v 10.3517280 -15.4532109 6.9000000 0.13 0.19 0.26
v 10.9574604 -15.0297725 6.9000000 0.13 0.19 0.26
v 11.5458929 -14.5826046 6.9000000 0.13 0.19 0.26
v 12.1160964 -14.1124132 6.9000000 0.13 0.19 0.26
v 12.6671707 -13.6199408 6.9000000 0.13 0.19 0.26
v 13.1982456 -13.1059647 6.9000000 0.13 0.19 0.26
v 13.7084828 -12.5712966 6.9000000 0.13 0.19 0.26
v 14.1970766 -12.0167806 6.9000000 0.13 0.19 0.26
v 14.6632556 -11.4432921 6.9000000 0.13 0.19 0.26
v 15.1062839 -10.8517366 6.9000000 0.13 0.19 0.26
v 15.5254619 -10.2430480 6.9000000 0.13 0.19 0.26
v 15.9201278 -9.6181875 6.9000000 0.13 0.19 0.26
v 16.2896586 -8.9781414 6.9000000 0.13 0.19 0.26
v 16.6334708 -8.3239204 6.9000000 0.13 0.19 0.26
v 16.9510215 -7.6565573 6.9000000 0.13 0.19 0.26
v 17.2418095 -6.9771058 6.9000000 0.13 0.19 0.26
v 17.5053756 -6.2866387 6.9000000 0.13 0.19 0.26
v 17.7413037 -5.5862460 6.9000000 0.13 0.19 0.26
v 17.9492212 -4.8770336 6.9000000 0.13 0.19 0.26
v 18.1288001 -4.1601212 6.9000000 0.13 0.19 0.26
v 18.2797566 -3.4366407 6.9000000 0.13 0.19 0.26
v 18.4018525 -2.7077343 6.9000000 0.13 0.19 0.26
v 18.4948950 -1.9745529 6.9000000 0.13 0.19 0.26
v 18.5587372 -1.2382539 6.9000000 0.13 0.19 0.26
v 9.7296519 -15.8522514 12.0500000 0.13 0.19 0.26
v 9.4439796 -16.0240834 12.0500000 0.13 0.19 0.26
v 9.1552735 -16.1907679 12.0500000 0.13 0.19 0.26
v 8.8636265 -16.3522514 12.0500000 0.13 0.19 0.26
v 8.8636265 -16.3522514 6.9000000 0.13 0.19 0.26
v -8.8636265 -16.3522514 6.9000000 0.13 0.19 0.26
v -8.2070093 -16.6914649 6.9000000 0.13 0.19 0.26
v -7.5374346 -17.0043253 6.9000000 0.13 0.19 0.26
v -6.8559595 -17.2903389 6.9000000 0.13 0.19 0.26
v -6.1636601 -17.5490539 6.9000000 0.13 0.19 0.26
v -5.4616294 -17.7800620 6.9000000 0.13 0.19 0.26
v -4.7509756 -17.9829984 6.9000000 0.13 0.19 0.26
v -4.0328208 -18.1575427 6.9000000 0.13 0.19 0.26
v -3.3082990 -18.3034193 6.9000000 0.13 0.19 0.26
v -2.5785538 -18.4203979 6.9000000 0.13 0.19 0.26
v -1.8447376 -18.5082939 6.9000000 0.13 0.19 0.26
v -1.1080089 -18.5669684 6.9000000 0.13 0.19 0.26
v -0.3695308 -18.5963289 6.9000000 0.13 0.19 0.26
v 0.3695308 -18.5963289 6.9000000 0.13 0.19 0.26
v 1.1080089 -18.5669684 6.9000000 0.13 0.19 0.26
v 1.8447376 -18.5082939 6.9000000 0.13 0.19 0.26
v 2.5785538 -18.4203979 6.9000000 0.13 0.19 0.26
v 3.3082990 -18.3034193 6.9000000 0.13 0.19 0.26
v 4.0328208 -18.1575427 6.9000000 0.13 0.19 0.26
v 4.7509756 -17.9829984 6.9000000 0.13 0.19 0.26
v 5.4616294 -17.7800620 6.9000000 0.13 0.19 0.26
v 6.1636601 -17.5490539 6.9000000 0.13 0.19 0.26
v 6.8559595 -17.2903389 6.9000000 0.13 0.19 0.26
v 7.5374346 -17.0043253 6.9000000 0.13 0.19 0.26
v 8.2070093 -16.6914649 6.9000000 0.13 0.19 0.26
v -8.8636265 -16.3522514 12.0500000 0.13 0.19 0.26
v -9.1552735 -16.1907679 12.0500000 0.13 0.19 0.26
v -9.4439796 -16.0240834 12.0500000 0.13 0.19 0.26
v -9.7296519 -15.8522514 12.0500000 0.13 0.19 0.26
v -9.7296519 -15.8522514 6.9000000 0.13 0.19 0.26
v -18.5932784 -0.5000000 6.9000000 0.13 0.19 0.26
v -18.5587372 -1.2382539 6.9000000 0.13 0.19 0.26
v -18.4948950 -1.9745529 6.9000000 0.13 0.19 0.26
v -18.4018525 -2.7077343 6.9000000 0.13 0.19 0.26
v -18.2797566 -3.4366407 6.9000000 0.13 0.19 0.26
v -18.1288001 -4.1601212 6.9000000 0.13 0.19 0.26
v -17.9492212 -4.8770336 6.9000000 0.13 0.19 0.26
v -17.7413037 -5.5862460 6.9000000 0.13 0.19 0.26
v -17.5053756 -6.2866387 6.9000000 0.13 0.19 0.26
v -17.2418095 -6.9771058 6.9000000 0.13 0.19 0.26
v -16.9510215 -7.6565573 6.9000000 0.13 0.19 0.26
v -16.6334708 -8.3239204 6.9000000 0.13 0.19 0.26
v -16.2896586 -8.9781414 6.9000000 0.13 0.19 0.26
v -15.9201278 -9.6181875 6.9000000 0.13 0.19 0.26
v -15.5254619 -10.2430480 6.9000000 0.13 0.19 0.26
v -15.1062839 -10.8517366 6.9000000 0.13 0.19 0.26
v -14.6632556 -11.4432921 6.9000000 0.13 0.19 0.26
v -14.1970766 -12.0167806 6.9000000 0.13 0.19 0.26
v -13.7084828 -12.5712966 6.9000000 0.13 0.19 0.26
v -13.1982456 -13.1059647 6.9000000 0.13 0.19 0.26
v -12.6671707 -13.6199408 6.9000000 0.13 0.19 0.26
v -12.1160964 -14.1124132 6.9000000 0.13 0.19 0.26
v -11.5458929 -14.5826046 6.9000000 0.13 0.19 0.26
v -10.9574604 -15.0297725 6.9000000 0.13 0.19 0.26
v -10.3517280 -15.4532109 6.9000000 0.13 0.19 0.26
v -18.5932784 -0.5000000 12.0500000 0.13 0.19 0.26
v -18.5992531 -0.1666845 12.0500000 0.13 0.19 0.26
v -18.5992531 0.1666845 12.0500000 0.13 0.19 0.26
v -18.5932784 0.5000000 12.0500000 0.13 0.19 0.26
v -18.5932784 0.5000000 6.9000000 0.13 0.19 0.26
v -9.7296519 15.8522514 6.9000000 0.13 0.19 0.26
v -10.3517280 15.4532109 6.9000000 0.13 0.19 0.26
v -10.9574604 15.0297725 6.9000000 0.13 0.19 0.26
v -11.5458929 14.5826046 6.9000000 0.13 0.19 0.26
v -12.1160964 14.1124132 6.9000000 0.13 0.19 0.26
v -12.6671707 13.6199408 6.9000000 0.13 0.19 0.26
v -13.1982456 13.1059647 6.9000000 0.13 0.19 0.26
v -13.7084828 12.5712966 6.9000000 0.13 0.19 0.26
v -14.1970766 12.0167806 6.9000000 0.13 0.19 0.26
v -14.6632556 11.4432921 6.9000000 0.13 0.19 0.26
v -15.1062839 10.8517366 6.9000000 0.13 0.19 0.26
v -15.5254619 10.2430480 6.9000000 0.13 0.19 0.26
v -15.9201278 9.6181875 6.9000000 0.13 0.19 0.26
v -16.2896586 8.9781414 6.9000000 0.13 0.19 0.26
v -16.6334708 8.3239204 6.9000000 0.13 0.19 0.26
v -16.9510215 7.6565573 6.9000000 0.13 0.19 0.26
v -17.2418095 6.9771058 6.9000000 0.13 0.19 0.26
v -17.5053756 6.2866387 6.9000000 0.13 0.19 0.26
v -17.7413037 5.5862460 6.9000000 0.13 0.19 0.26
v -17.9492212 4.8770336 6.9000000 0.13 0.19 0.26
v -18.1288001 4.1601212 6.9000000 0.13 0.19 0.26
v -18.2797566 3.4366407 6.9000000 0.13 0.19 0.26
v -18.4018525 2.7077343 6.9000000 0.13 0.19 0.26
v -18.4948950 1.9745529 6.9000000 0.13 0.19 0.26
v -18.5587372 1.2382539 6.9000000 0.13 0.19 0.26
v -9.7296519 15.8522514 12.0500000 0.13 0.19 0.26
v -9.4439796 16.0240834 12.0500000 0.13 0.19 0.26
v -9.1552735 16.1907679 12.0500000 0.13 0.19 0.26
v -8.8636265 16.3522514 12.0500000 0.13 0.19 0.26
v -8.8636265 16.3522514 6.9000000 0.13 0.19 0.26
v 8.8636265 16.3522514 6.9000000 0.13 0.19 0.26
v 8.2070093 16.6914649 6.9000000 0.13 0.19 0.26
v 7.5374346 17.0043253 6.9000000 0.13 0.19 0.26
v 6.8559595 17.2903389 6.9000000 0.13 0.19 0.26
v 6.1636601 17.5490539 6.9000000 0.13 0.19 0.26
v 5.4616294 17.7800620 6.9000000 0.13 0.19 0.26
v 4.7509756 17.9829984 6.9000000 0.13 0.19 0.26
v 4.0328208 18.1575427 6.9000000 0.13 0.19 0.26
v 3.3082990 18.3034193 6.9000000 0.13 0.19 0.26
v 2.5785538 18.4203979 6.9000000 0.13 0.19 0.26
v 1.8447376 18.5082939 6.9000000 0.13 0.19 0.26
v 1.1080089 18.5669684 6.9000000 0.13 0.19 0.26
v 0.3695308 18.5963289 6.9000000 0.13 0.19 0.26
v -0.3695308 18.5963289 6.9000000 0.13 0.19 0.26
v -1.1080089 18.5669684 6.9000000 0.13 0.19 0.26
v -1.8447376 18.5082939 6.9000000 0.13 0.19 0.26
v -2.5785538 18.4203979 6.9000000 0.13 0.19 0.26
v -3.3082990 18.3034193 6.9000000 0.13 0.19 0.26
v -4.0328208 18.1575427 6.9000000 0.13 0.19 0.26
v -4.7509756 17.9829984 6.9000000 0.13 0.19 0.26
v -5.4616294 17.7800620 6.9000000 0.13 0.19 0.26
v -6.1636601 17.5490539 6.9000000 0.13 0.19 0.26
v -6.8559595 17.2903389 6.9000000 0.13 0.19 0.26
v -7.5374346 17.0043253 6.9000000 0.13 0.19 0.26
v -8.2070093 16.6914649 6.9000000 0.13 0.19 0.26
v 8.8636265 16.3522514 12.0500000 0.13 0.19 0.26
v 9.1552735 16.1907679 12.0500000 0.13 0.19 0.26
v 9.4439796 16.0240834 12.0500000 0.13 0.19 0.26
v 9.7296519 15.8522514 12.0500000 0.13 0.19 0.26
v 9.7296519 15.8522514 6.9000000 0.13 0.19 0.26
v 18.5932784 0.5000000 6.9000000 0.13 0.19 0.26
v 18.5587372 1.2382539 6.9000000 0.13 0.19 0.26
v 18.4948950 1.9745529 6.9000000 0.13 0.19 0.26
v 18.4018525 2.7077343 6.9000000 0.13 0.19 0.26
v 18.2797566 3.4366407 6.9000000 0.13 0.19 0.26
v 18.1288001 4.1601212 6.9000000 0.13 0.19 0.26
v 17.9492212 4.8770336 6.9000000 0.13 0.19 0.26
v 17.7413037 5.5862460 6.9000000 0.13 0.19 0.26
v 17.5053756 6.2866387 6.9000000 0.13 0.19 0.26
v 17.2418095 6.9771058 6.9000000 0.13 0.19 0.26
v 16.9510215 7.6565573 6.9000000 0.13 0.19 0.26
v 16.6334708 8.3239204 6.9000000 0.13 0.19 0.26
v 16.2896586 8.9781414 6.9000000 0.13 0.19 0.26
v 15.9201278 9.6181875 6.9000000 0.13 0.19 0.26
v 15.5254619 10.2430480 6.9000000 0.13 0.19 0.26
v 15.1062839 10.8517366 6.9000000 0.13 0.19 0.26
v 14.6632556 11.4432921 6.9000000 0.13 0.19 0.26
v 14.1970766 12.0167806 6.9000000 0.13 0.19 0.26
v 13.7084828 12.5712966 6.9000000 0.13 0.19 0.26
v 13.1982456 13.1059647 6.9000000 0.13 0.19 0.26
v 12.6671707 13.6199408 6.9000000 0.13 0.19 0.26
v 12.1160964 14.1124132 6.9000000 0.13 0.19 0.26
v 11.5458929 14.5826046 6.9000000 0.13 0.19 0.26
v 10.9574604 15.0297725 6.9000000 0.13 0.19 0.26
v 10.3517280 15.4532109 6.9000000 0.13 0.19 0.26
v 18.5932784 0.5000000 12.0500000 0.13 0.19 0.26
v 18.5970125 0.3333556 12.0500000 0.13 0.19 0.26
v 18.5992531 0.1666845 12.0500000 0.13 0.19 0.26
v 18.6000000 0.0000000 12.0500000 0.13 0.19 0.26
v 18.5932784 0.5000000 6.9000000 0.13 0.19 0.26
v 19.3935556 0.5000000 6.9000000 0.13 0.19 0.26
v 18.5587372 1.2382539 6.9000000 0.13 0.19 0.26
v 18.4948950 1.9745529 6.9000000 0.13 0.19 0.26
v 18.4018525 2.7077343 6.9000000 0.13 0.19 0.26
v 18.2797566 3.4366407 6.9000000 0.13 0.19 0.26
v 18.1288001 4.1601212 6.9000000 0.13 0.19 0.26
v 17.9492212 4.8770336 6.9000000 0.13 0.19 0.26
v 17.7413037 5.5862460 6.9000000 0.13 0.19 0.26
v 17.5053756 6.2866387 6.9000000 0.13 0.19 0.26
v 17.2418095 6.9771058 6.9000000 0.13 0.19 0.26
v 16.9510215 7.6565573 6.9000000 0.13 0.19 0.26
v 16.6334708 8.3239204 6.9000000 0.13 0.19 0.26
v 16.2896586 8.9781414 6.9000000 0.13 0.19 0.26
v 15.9201278 9.6181875 6.9000000 0.13 0.19 0.26
v 15.5254619 10.2430480 6.9000000 0.13 0.19 0.26
v 15.1062839 10.8517366 6.9000000 0.13 0.19 0.26
v 14.6632556 11.4432921 6.9000000 0.13 0.19 0.26
v 14.1970766 12.0167806 6.9000000 0.13 0.19 0.26
v 13.7084828 12.5712966 6.9000000 0.13 0.19 0.26
v 13.1982456 13.1059647 6.9000000 0.13 0.19 0.26
v 12.6671707 13.6199408 6.9000000 0.13 0.19 0.26
v 12.1160964 14.1124132 6.9000000 0.13 0.19 0.26
v 11.5458929 14.5826046 6.9000000 0.13 0.19 0.26
v 10.9574604 15.0297725 6.9000000 0.13 0.19 0.26
v 10.3517280 15.4532109 6.9000000 0.13 0.19 0.26
v 9.7296519 15.8522514 6.9000000 0.13 0.19 0.26
v 10.1297905 16.5453118 6.9000000 0.13 0.19 0.26
v 19.3582700 1.2717636 6.9000000 0.13 0.19 0.26
v 19.2922844 2.0415103 6.9000000 0.13 0.19 0.26
v 19.1957033 2.8080194 6.9000000 0.13 0.19 0.26
v 19.0686801 3.5700753 6.9000000 0.13 0.19 0.26
v 18.9114162 4.3264695 6.9000000 0.13 0.19 0.26
v 18.7241609 5.0760024 6.9000000 0.13 0.19 0.26
v 18.5072111 5.8174853 6.9000000 0.13 0.19 0.26
v 18.2609111 6.5497424 6.9000000 0.13 0.19 0.26
v 17.9856513 7.2716123 6.9000000 0.13 0.19 0.26
v 17.6818684 7.9819503 6.9000000 0.13 0.19 0.26
v 17.3500440 8.6796298 6.9000000 0.13 0.19 0.26
v 16.9907044 9.3635444 6.9000000 0.13 0.19 0.26
v 16.6044195 10.0326095 6.9000000 0.13 0.19 0.26
v 16.1918019 10.6857640 6.9000000 0.13 0.19 0.26
v 15.7535059 11.3219721 6.9000000 0.13 0.19 0.26
v 15.2902267 11.9402248 6.9000000 0.13 0.19 0.26
v 14.8026989 12.5395417 6.9000000 0.13 0.19 0.26
v 14.2916957 13.1189723 6.9000000 0.13 0.19 0.26
v 13.7580275 13.6775978 6.9000000 0.13 0.19 0.26
v 13.2025406 14.2145321 6.9000000 0.13 0.19 0.26
v 12.6261160 14.7289237 6.9000000 0.13 0.19 0.26
v 12.0296678 15.2199570 6.9000000 0.13 0.19 0.26
v 11.4141420 15.6868532 6.9000000 0.13 0.19 0.26
v 10.7805146 16.1288718 6.9000000 0.13 0.19 0.26
v 19.3935556 0.5000000 6.9000000 0.13 0.19 0.26
v 19.3935556 0.5000000 7.9000000 0.13 0.19 0.26
v 19.3582700 1.2717636 6.9000000 0.13 0.19 0.26
v 19.2922844 2.0415103 6.9000000 0.13 0.19 0.26
v 19.1957033 2.8080194 6.9000000 0.13 0.19 0.26
v 19.0686801 3.5700753 6.9000000 0.13 0.19 0.26
v 18.9114162 4.3264695 6.9000000 0.13 0.19 0.26
v 18.7241609 5.0760024 6.9000000 0.13 0.19 0.26
v 18.5072111 5.8174853 6.9000000 0.13 0.19 0.26
v 18.2609111 6.5497424 6.9000000 0.13 0.19 0.26
v 17.9856513 7.2716123 6.9000000 0.13 0.19 0.26
v 17.6818684 7.9819503 6.9000000 0.13 0.19 0.26
v 17.3500440 8.6796298 6.9000000 0.13 0.19 0.26
v 16.9907044 9.3635444 6.9000000 0.13 0.19 0.26
v 16.6044195 10.0326095 6.9000000 0.13 0.19 0.26
v 16.1918019 10.6857640 6.9000000 0.13 0.19 0.26
v 15.7535059 11.3219721 6.9000000 0.13 0.19 0.26
v 15.2902267 11.9402248 6.9000000 0.13 0.19 0.26
v 14.8026989 12.5395417 6.9000000 0.13 0.19 0.26
v 14.2916957 13.1189723 6.9000000 0.13 0.19 0.26
v 13.7580275 13.6775978 6.9000000 0.13 0.19 0.26
v 13.2025406 14.2145321 6.9000000 0.13 0.19 0.26
v 12.6261160 14.7289237 6.9000000 0.13 0.19 0.26
v 12.0296678 15.2199570 6.9000000 0.13 0.19 0.26
v 11.4141420 15.6868532 6.9000000 0.13 0.19 0.26
v 10.7805146 16.1288718 6.9000000 0.13 0.19 0.26
v 10.1297905 16.5453118 6.9000000 0.13 0.19 0.26
v 10.1297905 16.5453118 7.9000000 0.13 0.19 0.26
v 19.3582700 1.2717636 7.9000000 0.13 0.19 0.26
v 19.2922844 2.0415103 7.9000000 0.13 0.19 0.26
v 19.1957033 2.8080194 7.9000000 0.13 0.19 0.26
v 19.0686801 3.5700753 7.9000000 0.13 0.19 0.26
v 18.9114162 4.3264695 7.9000000 0.13 0.19 0.26
v 18.7241609 5.0760024 7.9000000 0.13 0.19 0.26
v 18.5072111 5.8174853 7.9000000 0.13 0.19 0.26
v 18.2609111 6.5497424 7.9000000 0.13 0.19 0.26
v 17.9856513 7.2716123 7.9000000 0.13 0.19 0.26
v 17.6818684 7.9819503 7.9000000 0.13 0.19 0.26
v 17.3500440 8.6796298 7.9000000 0.13 0.19 0.26
v 16.9907044 9.3635444 7.9000000 0.13 0.19 0.26
v 16.6044195 10.0326095 7.9000000 0.13 0.19 0.26
v 16.1918019 10.6857640 7.9000000 0.13 0.19 0.26
v 15.7535059 11.3219721 7.9000000 0.13 0.19 0.26
v 15.2902267 11.9402248 7.9000000 0.13 0.19 0.26
v 14.8026989 12.5395417 7.9000000 0.13 0.19 0.26
v 14.2916957 13.1189723 7.9000000 0.13 0.19 0.26
v 13.7580275 13.6775978 7.9000000 0.13 0.19 0.26
v 13.2025406 14.2145321 7.9000000 0.13 0.19 0.26
v 12.6261160 14.7289237 7.9000000 0.13 0.19 0.26
v 12.0296678 15.2199570 7.9000000 0.13 0.19 0.26
v 11.4141420 15.6868532 7.9000000 0.13 0.19 0.26
v 10.7805146 16.1288718 7.9000000 0.13 0.19 0.26
v 19.3935556 0.5000000 7.9000000 0.13 0.19 0.26
v 19.5174055 0.5000000 7.9619045 0.13 0.19 0.26
v 19.6420457 0.5000000 8.0242043 0.13 0.19 0.26
v 19.8937176 0.5000000 8.1500000 0.13 0.19 0.26
v 19.3582700 1.2717636 7.9000000 0.13 0.19 0.26
v 19.2922844 2.0415103 7.9000000 0.13 0.19 0.26
v 19.1957033 2.8080194 7.9000000 0.13 0.19 0.26
v 19.0686801 3.5700753 7.9000000 0.13 0.19 0.26
v 18.9114162 4.3264695 7.9000000 0.13 0.19 0.26
v 18.7241609 5.0760024 7.9000000 0.13 0.19 0.26
v 18.5072111 5.8174853 7.9000000 0.13 0.19 0.26
v 18.2609111 6.5497424 7.9000000 0.13 0.19 0.26
v 17.9856513 7.2716123 7.9000000 0.13 0.19 0.26
v 17.6818684 7.9819503 7.9000000 0.13 0.19 0.26
v 17.3500440 8.6796298 7.9000000 0.13 0.19 0.26
v 16.9907044 9.3635444 7.9000000 0.13 0.19 0.26
v 16.6044195 10.0326095 7.9000000 0.13 0.19 0.26
v 16.1918019 10.6857640 7.9000000 0.13 0.19 0.26
v 15.7535059 11.3219721 7.9000000 0.13 0.19 0.26
v 15.2902267 11.9402248 7.9000000 0.13 0.19 0.26
v 14.8026989 12.5395417 7.9000000 0.13 0.19 0.26
v 14.2916957 13.1189723 7.9000000 0.13 0.19 0.26
v 13.7580275 13.6775978 7.9000000 0.13 0.19 0.26
v 13.2025406 14.2145321 7.9000000 0.13 0.19 0.26
v 12.6261160 14.7289237 7.9000000 0.13 0.19 0.26
v 12.0296678 15.2199570 7.9000000 0.13 0.19 0.26
v 11.4141420 15.6868532 7.9000000 0.13 0.19 0.26
v 10.7805146 16.1288718 7.9000000 0.13 0.19 0.26
v 10.1297905 16.5453118 7.9000000 0.13 0.19 0.26
v 10.1917154 16.6525690 7.9619045 0.13 0.19 0.26
v 10.2540356 16.7605106 8.0242043 0.13 0.19 0.26
v 10.3798715 16.9784648 8.1500000 0.13 0.19 0.26
v 19.8579684 1.2927068 8.1500000 0.13 0.19 0.26
v 19.7906447 2.0833581 8.1500000 0.13 0.19 0.26
v 19.6918536 2.8706969 8.1500000 0.13 0.19 0.26
v 19.5617522 3.6534712 8.1500000 0.13 0.19 0.26
v 19.4005472 4.4304365 8.1500000 0.13 0.19 0.26
v 19.2084951 5.2003572 8.1500000 0.13 0.19 0.26
v 18.9859012 5.9620094 8.1500000 0.13 0.19 0.26
v 18.7331194 6.7141818 8.1500000 0.13 0.19 0.26
v 18.4505517 7.4556786 8.1500000 0.13 0.19 0.26
v 18.1386473 8.1853208 8.1500000 0.13 0.19 0.26
v 17.7979021 8.9019481 8.1500000 0.13 0.19 0.26
v 17.4288580 9.6044212 8.1500000 0.13 0.19 0.26
v 17.0321018 10.2916232 8.1500000 0.13 0.19 0.26
v 16.6082643 10.9624613 8.1500000 0.13 0.19 0.26
v 16.1580193 11.6158689 8.1500000 0.13 0.19 0.26
v 15.6820829 12.2508071 8.1500000 0.13 0.19 0.26
v 15.1812117 12.8662664 8.1500000 0.13 0.19 0.26
v 14.6562022 13.4612681 8.1500000 0.13 0.19 0.26
v 14.1078890 14.0348661 8.1500000 0.13 0.19 0.26
v 13.5371441 14.5861485 8.1500000 0.13 0.19 0.26
v 12.9448750 15.1142387 8.1500000 0.13 0.19 0.26
v 12.3320232 15.6182970 8.1500000 0.13 0.19 0.26
v 11.6995634 16.0975220 8.1500000 0.13 0.19 0.26
v 11.0485011 16.5511517 8.1500000 0.13 0.19 0.26
v 19.8937176 0.5000000 8.1500000 0.13 0.19 0.26
v 19.8937176 0.5000000 8.5500000 0.13 0.19 0.26
v 19.8579684 1.2927068 8.1500000 0.13 0.19 0.26
v 19.7906447 2.0833581 8.1500000 0.13 0.19 0.26
v 19.6918536 2.8706969 8.1500000 0.13 0.19 0.26
v 19.5617522 3.6534712 8.1500000 0.13 0.19 0.26
v 19.4005472 4.4304365 8.1500000 0.13 0.19 0.26
v 19.2084951 5.2003572 8.1500000 0.13 0.19 0.26
v 18.9859012 5.9620094 8.1500000 0.13 0.19 0.26
v 18.7331194 6.7141818 8.1500000 0.13 0.19 0.26
v 18.4505517 7.4556786 8.1500000 0.13 0.19 0.26
v 18.1386473 8.1853208 8.1500000 0.13 0.19 0.26
v 17.7979021 8.9019481 8.1500000 0.13 0.19 0.26
v 17.4288580 9.6044212 8.1500000 0.13 0.19 0.26
v 17.0321018 10.2916232 8.1500000 0.13 0.19 0.26
v 16.6082643 10.9624613 8.1500000 0.13 0.19 0.26
v 16.1580193 11.6158689 8.1500000 0.13 0.19 0.26
v 15.6820829 12.2508071 8.1500000 0.13 0.19 0.26
v 15.1812117 12.8662664 8.1500000 0.13 0.19 0.26
v 14.6562022 13.4612681 8.1500000 0.13 0.19 0.26
v 14.1078890 14.0348661 8.1500000 0.13 0.19 0.26
v 13.5371441 14.5861485 8.1500000 0.13 0.19 0.26
v 12.9448750 15.1142387 8.1500000 0.13 0.19 0.26
v 12.3320232 15.6182970 8.1500000 0.13 0.19 0.26
v 11.6995634 16.0975220 8.1500000 0.13 0.19 0.26
v 11.0485011 16.5511517 8.1500000 0.13 0.19 0.26
v 10.3798715 16.9784648 8.1500000 0.13 0.19 0.26
v 10.3798715 16.9784648 8.5500000 0.13 0.19 0.26
v 19.8579684 1.2927068 8.5500000 0.13 0.19 0.26
v 19.7906447 2.0833581 8.5500000 0.13 0.19 0.26
v 19.6918536 2.8706969 8.5500000 0.13 0.19 0.26
v 19.5617522 3.6534712 8.5500000 0.13 0.19 0.26
v 19.4005472 4.4304365 8.5500000 0.13 0.19 0.26
v 19.2084951 5.2003572 8.5500000 0.13 0.19 0.26
v 18.9859012 5.9620094 8.5500000 0.13 0.19 0.26
v 18.7331194 6.7141818 8.5500000 0.13 0.19 0.26
v 18.4505517 7.4556786 8.5500000 0.13 0.19 0.26
v 18.1386473 8.1853208 8.5500000 0.13 0.19 0.26
v 17.7979021 8.9019481 8.5500000 0.13 0.19 0.26
v 17.4288580 9.6044212 8.5500000 0.13 0.19 0.26
v 17.0321018 10.2916232 8.5500000 0.13 0.19 0.26
v 16.6082643 10.9624613 8.5500000 0.13 0.19 0.26
v 16.1580193 11.6158689 8.5500000 0.13 0.19 0.26
v 15.6820829 12.2508071 8.5500000 0.13 0.19 0.26
v 15.1812117 12.8662664 8.5500000 0.13 0.19 0.26
v 14.6562022 13.4612681 8.5500000 0.13 0.19 0.26
v 14.1078890 14.0348661 8.5500000 0.13 0.19 0.26
v 13.5371441 14.5861485 8.5500000 0.13 0.19 0.26
v 12.9448750 15.1142387 8.5500000 0.13 0.19 0.26
v 12.3320232 15.6182970 8.5500000 0.13 0.19 0.26
v 11.6995634 16.0975220 8.5500000 0.13 0.19 0.26
v 11.0485011 16.5511517 8.5500000 0.13 0.19 0.26
v 9.7296519 -15.8522514 6.9000000 0.13 0.19 0.26
v 10.1297905 -16.5453118 6.9000000 0.13 0.19 0.26
v 10.3517280 -15.4532109 6.9000000 0.13 0.19 0.26
v 10.9574604 -15.0297725 6.9000000 0.13 0.19 0.26
v 11.5458929 -14.5826046 6.9000000 0.13 0.19 0.26
v 12.1160964 -14.1124132 6.9000000 0.13 0.19 0.26
v 12.6671707 -13.6199408 6.9000000 0.13 0.19 0.26
v 13.1982456 -13.1059647 6.9000000 0.13 0.19 0.26
v 13.7084828 -12.5712966 6.9000000 0.13 0.19 0.26
v 14.1970766 -12.0167806 6.9000000 0.13 0.19 0.26
v 14.6632556 -11.4432921 6.9000000 0.13 0.19 0.26
v 15.1062839 -10.8517366 6.9000000 0.13 0.19 0.26
v 15.5254619 -10.2430480 6.9000000 0.13 0.19 0.26
v 15.9201278 -9.6181875 6.9000000 0.13 0.19 0.26
v 16.2896586 -8.9781414 6.9000000 0.13 0.19 0.26
v 16.6334708 -8.3239204 6.9000000 0.13 0.19 0.26
v 16.9510215 -7.6565573 6.9000000 0.13 0.19 0.26
v 17.2418095 -6.9771058 6.9000000 0.13 0.19 0.26
v 17.5053756 -6.2866387 6.9000000 0.13 0.19 0.26
v 17.7413037 -5.5862460 6.9000000 0.13 0.19 0.26
v 17.9492212 -4.8770336 6.9000000 0.13 0.19 0.26
v 18.1288001 -4.1601212 6.9000000 0.13 0.19 0.26
v 18.2797566 -3.4366407 6.9000000 0.13 0.19 0.26
v 18.4018525 -2.7077343 6.9000000 0.13 0.19 0.26
v 18.4948950 -1.9745529 6.9000000 0.13 0.19 0.26
v 18.5587372 -1.2382539 6.9000000 0.13 0.19 0.26
v 18.5932784 -0.5000000 6.9000000 0.13 0.19 0.26
v 19.3935556 -0.5000000 6.9000000 0.13 0.19 0.26
v 10.7805146 -16.1288718 6.9000000 0.13 0.19 0.26
v 11.4141420 -15.6868532 6.9000000 0.13 0.19 0.26
v 12.0296678 -15.2199570 6.9000000 0.13 0.19 0.26
v 12.6261160 -14.7289237 6.9000000 0.13 0.19 0.26
v 13.2025406 -14.2145321 6.9000000 0.13 0.19 0.26
v 13.7580275 -13.6775978 6.9000000 0.13 0.19 0.26
v 14.2916957 -13.1189723 6.9000000 0.13 0.19 0.26
v 14.8026989 -12.5395417 6.9000000 0.13 0.19 0.26
v 15.2902267 -11.9402248 6.9000000 0.13 0.19 0.26
v 15.7535059 -11.3219721 6.9000000 0.13 0.19 0.26
v 16.1918019 -10.6857640 6.9000000 0.13 0.19 0.26
v 16.6044195 -10.0326095 6.9000000 0.13 0.19 0.26
v 16.9907044 -9.3635444 6.9000000 0.13 0.19 0.26
v 17.3500440 -8.6796298 6.9000000 0.13 0.19 0.26
v 17.6818684 -7.9819503 6.9000000 0.13 0.19 0.26
v 17.9856513 -7.2716123 6.9000000 0.13 0.19 0.26
v 18.2609111 -6.5497424 6.9000000 0.13 0.19 0.26
v 18.5072111 -5.8174853 6.9000000 0.13 0.19 0.26
v 18.7241609 -5.0760024 6.9000000 0.13 0.19 0.26
v 18.9114162 -4.3264695 6.9000000 0.13 0.19 0.26
v 19.0686801 -3.5700753 6.9000000 0.13 0.19 0.26
v 19.1957033 -2.8080194 6.9000000 0.13 0.19 0.26
v 19.2922844 -2.0415103 6.9000000 0.13 0.19 0.26
v 19.3582700 -1.2717636 6.9000000 0.13 0.19 0.26
v 10.1297905 -16.5453118 6.9000000 0.13 0.19 0.26
v 10.1297905 -16.5453118 7.9000000 0.13 0.19 0.26
v 10.7805146 -16.1288718 6.9000000 0.13 0.19 0.26
v 11.4141420 -15.6868532 6.9000000 0.13 0.19 0.26
v 12.0296678 -15.2199570 6.9000000 0.13 0.19 0.26
v 12.6261160 -14.7289237 6.9000000 0.13 0.19 0.26
v 13.2025406 -14.2145321 6.9000000 0.13 0.19 0.26
v 13.7580275 -13.6775978 6.9000000 0.13 0.19 0.26
v 14.2916957 -13.1189723 6.9000000 0.13 0.19 0.26
v 14.8026989 -12.5395417 6.9000000 0.13 0.19 0.26
v 15.2902267 -11.9402248 6.9000000 0.13 0.19 0.26
v 15.7535059 -11.3219721 6.9000000 0.13 0.19 0.26
v 16.1918019 -10.6857640 6.9000000 0.13 0.19 0.26
v 16.6044195 -10.0326095 6.9000000 0.13 0.19 0.26
v 16.9907044 -9.3635444 6.9000000 0.13 0.19 0.26
v 17.3500440 -8.6796298 6.9000000 0.13 0.19 0.26
v 17.6818684 -7.9819503 6.9000000 0.13 0.19 0.26
v 17.9856513 -7.2716123 6.9000000 0.13 0.19 0.26
v 18.2609111 -6.5497424 6.9000000 0.13 0.19 0.26
v 18.5072111 -5.8174853 6.9000000 0.13 0.19 0.26
v 18.7241609 -5.0760024 6.9000000 0.13 0.19 0.26
v 18.9114162 -4.3264695 6.9000000 0.13 0.19 0.26
v 19.0686801 -3.5700753 6.9000000 0.13 0.19 0.26
v 19.1957033 -2.8080194 6.9000000 0.13 0.19 0.26
v 19.2922844 -2.0415103 6.9000000 0.13 0.19 0.26
v 19.3582700 -1.2717636 6.9000000 0.13 0.19 0.26
v 19.3935556 -0.5000000 6.9000000 0.13 0.19 0.26
v 19.3935556 -0.5000000 7.9000000 0.13 0.19 0.26
v 10.7805146 -16.1288718 7.9000000 0.13 0.19 0.26
v 11.4141420 -15.6868532 7.9000000 0.13 0.19 0.26
v 12.0296678 -15.2199570 7.9000000 0.13 0.19 0.26
v 12.6261160 -14.7289237 7.9000000 0.13 0.19 0.26
v 13.2025406 -14.2145321 7.9000000 0.13 0.19 0.26
v 13.7580275 -13.6775978 7.9000000 0.13 0.19 0.26
v 14.2916957 -13.1189723 7.9000000 0.13 0.19 0.26
v 14.8026989 -12.5395417 7.9000000 0.13 0.19 0.26
v 15.2902267 -11.9402248 7.9000000 0.13 0.19 0.26
v 15.7535059 -11.3219721 7.9000000 0.13 0.19 0.26
v 16.1918019 -10.6857640 7.9000000 0.13 0.19 0.26
v 16.6044195 -10.0326095 7.9000000 0.13 0.19 0.26
v 16.9907044 -9.3635444 7.9000000 0.13 0.19 0.26
v 17.3500440 -8.6796298 7.9000000 0.13 0.19 0.26
v 17.6818684 -7.9819503 7.9000000 0.13 0.19 0.26
v 17.9856513 -7.2716123 7.9000000 0.13 0.19 0.26
v 18.2609111 -6.5497424 7.9000000 0.13 0.19 0.26
v 18.5072111 -5.8174853 7.9000000 0.13 0.19 0.26
v 18.7241609 -5.0760024 7.9000000 0.13 0.19 0.26
v 18.9114162 -4.3264695 7.9000000 0.13 0.19 0.26
v 19.0686801 -3.5700753 7.9000000 0.13 0.19 0.26
v 19.1957033 -2.8080194 7.9000000 0.13 0.19 0.26
v 19.2922844 -2.0415103 7.9000000 0.13 0.19 0.26
v 19.3582700 -1.2717636 7.9000000 0.13 0.19 0.26
v 10.1297905 -16.5453118 7.9000000 0.13 0.19 0.26
v 10.1917154 -16.6525690 7.9619045 0.13 0.19 0.26
v 10.2540356 -16.7605106 8.0242043 0.13 0.19 0.26
v 10.3798715 -16.9784648 8.1500000 0.13 0.19 0.26
v 10.7805146 -16.1288718 7.9000000 0.13 0.19 0.26
v 11.4141420 -15.6868532 7.9000000 0.13 0.19 0.26
v 12.0296678 -15.2199570 7.9000000 0.13 0.19 0.26
v 12.6261160 -14.7289237 7.9000000 0.13 0.19 0.26
v 13.2025406 -14.2145321 7.9000000 0.13 0.19 0.26
v 13.7580275 -13.6775978 7.9000000 0.13 0.19 0.26
v 14.2916957 -13.1189723 7.9000000 0.13 0.19 0.26
v 14.8026989 -12.5395417 7.9000000 0.13 0.19 0.26
v 15.2902267 -11.9402248 7.9000000 0.13 0.19 0.26
v 15.7535059 -11.3219721 7.9000000 0.13 0.19 0.26
v 16.1918019 -10.6857640 7.9000000 0.13 0.19 0.26
v 16.6044195 -10.0326095 7.9000000 0.13 0.19 0.26
v 16.9907044 -9.3635444 7.9000000 0.13 0.19 0.26
v 17.3500440 -8.6796298 7.9000000 0.13 0.19 0.26
v 17.6818684 -7.9819503 7.9000000 0.13 0.19 0.26
v 17.9856513 -7.2716123 7.9000000 0.13 0.19 0.26
v 18.2609111 -6.5497424 7.9000000 0.13 0.19 0.26
v 18.5072111 -5.8174853 7.9000000 0.13 0.19 0.26
v 18.7241609 -5.0760024 7.9000000 0.13 0.19 0.26
v 18.9114162 -4.3264695 7.9000000 0.13 0.19 0.26
v 19.0686801 -3.5700753 7.9000000 0.13 0.19 0.26
v 19.1957033 -2.8080194 7.9000000 0.13 0.19 0.26
v 19.2922844 -2.0415103 7.9000000 0.13 0.19 0.26
v 19.3582700 -1.2717636 7.9000000 0.13 0.19 0.26
v 19.3935556 -0.5000000 7.9000000 0.13 0.19 0.26
v 19.5174055 -0.5000000 7.9619045 0.13 0.19 0.26
v 19.6420457 -0.5000000 8.0242043 0.13 0.19 0.26
v 19.8937176 -0.5000000 8.1500000 0.13 0.19 0.26
v 11.0485011 -16.5511517 8.1500000 0.13 0.19 0.26
v 11.6995634 -16.0975220 8.1500000 0.13 0.19 0.26
v 12.3320232 -15.6182970 8.1500000 0.13 0.19 0.26
v 12.9448750 -15.1142387 8.1500000 0.13 0.19 0.26
v 13.5371441 -14.5861485 8.1500000 0.13 0.19 0.26
v 14.1078890 -14.0348661 8.1500000 0.13 0.19 0.26
v 14.6562022 -13.4612681 8.1500000 0.13 0.19 0.26
v 15.1812117 -12.8662664 8.1500000 0.13 0.19 0.26
v 15.6820829 -12.2508071 8.1500000 0.13 0.19 0.26
v 16.1580193 -11.6158689 8.1500000 0.13 0.19 0.26
v 16.6082643 -10.9624613 8.1500000 0.13 0.19 0.26
v 17.0321018 -10.2916232 8.1500000 0.13 0.19 0.26
v 17.4288580 -9.6044212 8.1500000 0.13 0.19 0.26
v 17.7979021 -8.9019481 8.1500000 0.13 0.19 0.26
v 18.1386473 -8.1853208 8.1500000 0.13 0.19 0.26
v 18.4505517 -7.4556786 8.1500000 0.13 0.19 0.26
v 18.7331194 -6.7141818 8.1500000 0.13 0.19 0.26
v 18.9859012 -5.9620094 8.1500000 0.13 0.19 0.26
v 19.2084951 -5.2003572 8.1500000 0.13 0.19 0.26
v 19.4005472 -4.4304365 8.1500000 0.13 0.19 0.26
v 19.5617522 -3.6534712 8.1500000 0.13 0.19 0.26
v 19.6918536 -2.8706969 8.1500000 0.13 0.19 0.26
v 19.7906447 -2.0833581 8.1500000 0.13 0.19 0.26
v 19.8579684 -1.2927068 8.1500000 0.13 0.19 0.26
v 10.3798715 -16.9784648 8.1500000 0.13 0.19 0.26
v 10.3798715 -16.9784648 8.5500000 0.13 0.19 0.26
v 11.0485011 -16.5511517 8.1500000 0.13 0.19 0.26
v 11.6995634 -16.0975220 8.1500000 0.13 0.19 0.26
v 12.3320232 -15.6182970 8.1500000 0.13 0.19 0.26
v 12.9448750 -15.1142387 8.1500000 0.13 0.19 0.26
v 13.5371441 -14.5861485 8.1500000 0.13 0.19 0.26
v 14.1078890 -14.0348661 8.1500000 0.13 0.19 0.26
v 14.6562022 -13.4612681 8.1500000 0.13 0.19 0.26
v 15.1812117 -12.8662664 8.1500000 0.13 0.19 0.26
v 15.6820829 -12.2508071 8.1500000 0.13 0.19 0.26
v 16.1580193 -11.6158689 8.1500000 0.13 0.19 0.26
v 16.6082643 -10.9624613 8.1500000 0.13 0.19 0.26
v 17.0321018 -10.2916232 8.1500000 0.13 0.19 0.26
v 17.4288580 -9.6044212 8.1500000 0.13 0.19 0.26
v 17.7979021 -8.9019481 8.1500000 0.13 0.19 0.26
v 18.1386473 -8.1853208 8.1500000 0.13 0.19 0.26
v 18.4505517 -7.4556786 8.1500000 0.13 0.19 0.26
v 18.7331194 -6.7141818 8.1500000 0.13 0.19 0.26
v 18.9859012 -5.9620094 8.1500000 0.13 0.19 0.26
v 19.2084951 -5.2003572 8.1500000 0.13 0.19 0.26
v 19.4005472 -4.4304365 8.1500000 0.13 0.19 0.26
v 19.5617522 -3.6534712 8.1500000 0.13 0.19 0.26
v 19.6918536 -2.8706969 8.1500000 0.13 0.19 0.26
v 19.7906447 -2.0833581 8.1500000 0.13 0.19 0.26
v 19.8579684 -1.2927068 8.1500000 0.13 0.19 0.26
v 19.8937176 -0.5000000 8.1500000 0.13 0.19 0.26
v 19.8937176 -0.5000000 8.5500000 0.13 0.19 0.26
v 11.0485011 -16.5511517 8.5500000 0.13 0.19 0.26
v 11.6995634 -16.0975220 8.5500000 0.13 0.19 0.26
v 12.3320232 -15.6182970 8.5500000 0.13 0.19 0.26
v 12.9448750 -15.1142387 8.5500000 0.13 0.19 0.26
v 13.5371441 -14.5861485 8.5500000 0.13 0.19 0.26
v 14.1078890 -14.0348661 8.5500000 0.13 0.19 0.26
v 14.6562022 -13.4612681 8.5500000 0.13 0.19 0.26
v 15.1812117 -12.8662664 8.5500000 0.13 0.19 0.26
v 15.6820829 -12.2508071 8.5500000 0.13 0.19 0.26
v 16.1580193 -11.6158689 8.5500000 0.13 0.19 0.26
v 16.6082643 -10.9624613 8.5500000 0.13 0.19 0.26
v 17.0321018 -10.2916232 8.5500000 0.13 0.19 0.26
v 17.4288580 -9.6044212 8.5500000 0.13 0.19 0.26
v 17.7979021 -8.9019481 8.5500000 0.13 0.19 0.26
v 18.1386473 -8.1853208 8.5500000 0.13 0.19 0.26
v 18.4505517 -7.4556786 8.5500000 0.13 0.19 0.26
v 18.7331194 -6.7141818 8.5500000 0.13 0.19 0.26
v 18.9859012 -5.9620094 8.5500000 0.13 0.19 0.26
v 19.2084951 -5.2003572 8.5500000 0.13 0.19 0.26
v 19.4005472 -4.4304365 8.5500000 0.13 0.19 0.26
v 19.5617522 -3.6534712 8.5500000 0.13 0.19 0.26
v 19.6918536 -2.8706969 8.5500000 0.13 0.19 0.26
v 19.7906447 -2.0833581 8.5500000 0.13 0.19 0.26
v 19.8579684 -1.2927068 8.5500000 0.13 0.19 0.26
v -8.8636265 -16.3522514 6.9000000 0.13 0.19 0.26
v -9.2637651 -17.0453118 6.9000000 0.13 0.19 0.26
v -8.2070093 -16.6914649 6.9000000 0.13 0.19 0.26
v -7.5374346 -17.0043253 6.9000000 0.13 0.19 0.26
v -6.8559595 -17.2903389 6.9000000 0.13 0.19 0.26
v -6.1636601 -17.5490539 6.9000000 0.13 0.19 0.26
v -5.4616294 -17.7800620 6.9000000 0.13 0.19 0.26
v -4.7509756 -17.9829984 6.9000000 0.13 0.19 0.26
v -4.0328208 -18.1575427 6.9000000 0.13 0.19 0.26
v -3.3082990 -18.3034193 6.9000000 0.13 0.19 0.26
v -2.5785538 -18.4203979 6.9000000 0.13 0.19 0.26
v -1.8447376 -18.5082939 6.9000000 0.13 0.19 0.26
v -1.1080089 -18.5669684 6.9000000 0.13 0.19 0.26
v -0.3695308 -18.5963289 6.9000000 0.13 0.19 0.26
v 0.3695308 -18.5963289 6.9000000 0.13 0.19 0.26
v 1.1080089 -18.5669684 6.9000000 0.13 0.19 0.26
v 1.8447376 -18.5082939 6.9000000 0.13 0.19 0.26
v 2.5785538 -18.4203979 6.9000000 0.13 0.19 0.26
v 3.3082990 -18.3034193 6.9000000 0.13 0.19 0.26
v 4.0328208 -18.1575427 6.9000000 0.13 0.19 0.26
v 4.7509756 -17.9829984 6.9000000 0.13 0.19 0.26
v 5.4616294 -17.7800620 6.9000000 0.13 0.19 0.26
v 6.1636601 -17.5490539 6.9000000 0.13 0.19 0.26
v 6.8559595 -17.2903389 6.9000000 0.13 0.19 0.26
v 7.5374346 -17.0043253 6.9000000 0.13 0.19 0.26
v 8.2070093 -16.6914649 6.9000000 0.13 0.19 0.26
v 8.8636265 -16.3522514 6.9000000 0.13 0.19 0.26
v 9.2637651 -17.0453118 6.9000000 0.13 0.19 0.26
v -8.5777554 -17.4006354 6.9000000 0.13 0.19 0.26
v -7.8781424 -17.7283635 6.9000000 0.13 0.19 0.26
v -7.1660355 -18.0279765 6.9000000 0.13 0.19 0.26
v -6.4425641 -18.2989991 6.9000000 0.13 0.19 0.26
v -5.7088756 -18.5410016 6.9000000 0.13 0.19 0.26
v -4.9661334 -18.7536002 6.9000000 0.13 0.19 0.26
v -4.2155155 -18.9364577 6.9000000 0.13 0.19 0.26
v -3.4582122 -19.0892841 6.9000000 0.13 0.19 0.26
v -2.6954247 -19.2118371 6.9000000 0.13 0.19 0.26
v -1.9283625 -19.3039224 6.9000000 0.13 0.19 0.26
v -1.1582421 -19.3653938 6.9000000 0.13 0.19 0.26
v -0.3862849 -19.3961538 6.9000000 0.13 0.19 0.26
v 0.3862849 -19.3961538 6.9000000 0.13 0.19 0.26
v 1.1582421 -19.3653938 6.9000000 0.13 0.19 0.26
v 1.9283625 -19.3039224 6.9000000 0.13 0.19 0.26
v 2.6954247 -19.2118371 6.9000000 0.13 0.19 0.26
v 3.4582122 -19.0892841 6.9000000 0.13 0.19 0.26
v 4.2155155 -18.9364577 6.9000000 0.13 0.19 0.26
v 4.9661334 -18.7536002 6.9000000 0.13 0.19 0.26
v 5.7088756 -18.5410016 6.9000000 0.13 0.19 0.26
v 6.4425641 -18.2989991 6.9000000 0.13 0.19 0.26
v 7.1660355 -18.0279765 6.9000000 0.13 0.19 0.26
v 7.8781424 -17.7283635 6.9000000 0.13 0.19 0.26
v 8.5777554 -17.4006354 6.9000000 0.13 0.19 0.26
v -9.2637651 -17.0453118 6.9000000 0.13 0.19 0.26
v -9.2637651 -17.0453118 7.9000000 0.13 0.19 0.26
v -8.5777554 -17.4006354 6.9000000 0.13 0.19 0.26
v -7.8781424 -17.7283635 6.9000000 0.13 0.19 0.26
v -7.1660355 -18.0279765 6.9000000 0.13 0.19 0.26
v -6.4425641 -18.2989991 6.9000000 0.13 0.19 0.26
v -5.7088756 -18.5410016 6.9000000 0.13 0.19 0.26
v -4.9661334 -18.7536002 6.9000000 0.13 0.19 0.26
v -4.2155155 -18.9364577 6.9000000 0.13 0.19 0.26
v -3.4582122 -19.0892841 6.9000000 0.13 0.19 0.26
v -2.6954247 -19.2118371 6.9000000 0.13 0.19 0.26
v -1.9283625 -19.3039224 6.9000000 0.13 0.19 0.26
v -1.1582421 -19.3653938 6.9000000 0.13 0.19 0.26
v -0.3862849 -19.3961538 6.9000000 0.13 0.19 0.26
v 0.3862849 -19.3961538 6.9000000 0.13 0.19 0.26
v 1.1582421 -19.3653938 6.9000000 0.13 0.19 0.26
v 1.9283625 -19.3039224 6.9000000 0.13 0.19 0.26
v 2.6954247 -19.2118371 6.9000000 0.13 0.19 0.26
v 3.4582122 -19.0892841 6.9000000 0.13 0.19 0.26
v 4.2155155 -18.9364577 6.9000000 0.13 0.19 0.26
v 4.9661334 -18.7536002 6.9000000 0.13 0.19 0.26
v 5.7088756 -18.5410016 6.9000000 0.13 0.19 0.26
v 6.4425641 -18.2989991 6.9000000 0.13 0.19 0.26
v 7.1660355 -18.0279765 6.9000000 0.13 0.19 0.26
v 7.8781424 -17.7283635 6.9000000 0.13 0.19 0.26
v 8.5777554 -17.4006354 6.9000000 0.13 0.19 0.26
v 9.2637651 -17.0453118 6.9000000 0.13 0.19 0.26
v 9.2637651 -17.0453118 7.9000000 0.13 0.19 0.26
v -8.5777554 -17.4006354 7.9000000 0.13 0.19 0.26
v -7.8781424 -17.7283635 7.9000000 0.13 0.19 0.26
v -7.1660355 -18.0279765 7.9000000 0.13 0.19 0.26
v -6.4425641 -18.2989991 7.9000000 0.13 0.19 0.26
v -5.7088756 -18.5410016 7.9000000 0.13 0.19 0.26
v -4.9661334 -18.7536002 7.9000000 0.13 0.19 0.26
v -4.2155155 -18.9364577 7.9000000 0.13 0.19 0.26
v -3.4582122 -19.0892841 7.9000000 0.13 0.19 0.26
v -2.6954247 -19.2118371 7.9000000 0.13 0.19 0.26
v -1.9283625 -19.3039224 7.9000000 0.13 0.19 0.26
v -1.1582421 -19.3653938 7.9000000 0.13 0.19 0.26
v -0.3862849 -19.3961538 7.9000000 0.13 0.19 0.26
v 0.3862849 -19.3961538 7.9000000 0.13 0.19 0.26
v 1.1582421 -19.3653938 7.9000000 0.13 0.19 0.26
v 1.9283625 -19.3039224 7.9000000 0.13 0.19 0.26
v 2.6954247 -19.2118371 7.9000000 0.13 0.19 0.26
v 3.4582122 -19.0892841 7.9000000 0.13 0.19 0.26
v 4.2155155 -18.9364577 7.9000000 0.13 0.19 0.26
v 4.9661334 -18.7536002 7.9000000 0.13 0.19 0.26
v 5.7088756 -18.5410016 7.9000000 0.13 0.19 0.26
v 6.4425641 -18.2989991 7.9000000 0.13 0.19 0.26
v 7.1660355 -18.0279765 7.9000000 0.13 0.19 0.26
v 7.8781424 -17.7283635 7.9000000 0.13 0.19 0.26
v 8.5777554 -17.4006354 7.9000000 0.13 0.19 0.26
v -9.2637651 -17.0453118 7.9000000 0.13 0.19 0.26
v -9.3256900 -17.1525690 7.9619045 0.13 0.19 0.26
v -9.3880102 -17.2605106 8.0242043 0.13 0.19 0.26
v -9.5138461 -17.4784648 8.1500000 0.13 0.19 0.26
v -8.5777554 -17.4006354 7.9000000 0.13 0.19 0.26
v -7.8781424 -17.7283635 7.9000000 0.13 0.19 0.26
v -7.1660355 -18.0279765 7.9000000 0.13 0.19 0.26
v -6.4425641 -18.2989991 7.9000000 0.13 0.19 0.26
v -5.7088756 -18.5410016 7.9000000 0.13 0.19 0.26
v -4.9661334 -18.7536002 7.9000000 0.13 0.19 0.26
v -4.2155155 -18.9364577 7.9000000 0.13 0.19 0.26
v -3.4582122 -19.0892841 7.9000000 0.13 0.19 0.26
v -2.6954247 -19.2118371 7.9000000 0.13 0.19 0.26
v -1.9283625 -19.3039224 7.9000000 0.13 0.19 0.26
v -1.1582421 -19.3653938 7.9000000 0.13 0.19 0.26
v -0.3862849 -19.3961538 7.9000000 0.13 0.19 0.26
v 0.3862849 -19.3961538 7.9000000 0.13 0.19 0.26
v 1.1582421 -19.3653938 7.9000000 0.13 0.19 0.26
v 1.9283625 -19.3039224 7.9000000 0.13 0.19 0.26
v 2.6954247 -19.2118371 7.9000000 0.13 0.19 0.26
v 3.4582122 -19.0892841 7.9000000 0.13 0.19 0.26
v 4.2155155 -18.9364577 7.9000000 0.13 0.19 0.26
v 4.9661334 -18.7536002 7.9000000 0.13 0.19 0.26
v 5.7088756 -18.5410016 7.9000000 0.13 0.19 0.26
v 6.4425641 -18.2989991 7.9000000 0.13 0.19 0.26
v 7.1660355 -18.0279765 7.9000000 0.13 0.19 0.26
v 7.8781424 -17.7283635 7.9000000 0.13 0.19 0.26
v 8.5777554 -17.4006354 7.9000000 0.13 0.19 0.26
v 9.2637651 -17.0453118 7.9000000 0.13 0.19 0.26
v 9.3256900 -17.1525690 7.9619045 0.13 0.19 0.26
v 9.3880102 -17.2605106 8.0242043 0.13 0.19 0.26
v 9.5138461 -17.4784648 8.1500000 0.13 0.19 0.26
v -8.8094673 -17.8438585 8.1500000 0.13 0.19 0.26
v -8.0910813 -18.1808802 8.1500000 0.13 0.19 0.26
v -7.3598304 -18.4889939 8.1500000 0.13 0.19 0.26
v -6.6168772 -18.7677099 8.1500000 0.13 0.19 0.26
v -5.8634031 -19.0165850 8.1500000 0.13 0.19 0.26
v -5.1006061 -19.2352234 8.1500000 0.13 0.19 0.26
v -4.3296990 -19.4232774 8.1500000 0.13 0.19 0.26
v -3.5519077 -19.5804482 8.1500000 0.13 0.19 0.26
v -2.7684688 -19.7064858 8.1500000 0.13 0.19 0.26
v -1.9806279 -19.8011897 8.1500000 0.13 0.19 0.26
v -1.1896378 -19.8644094 8.1500000 0.13 0.19 0.26
v -0.3967562 -19.8960444 8.1500000 0.13 0.19 0.26
v 0.3967562 -19.8960444 8.1500000 0.13 0.19 0.26
v 1.1896378 -19.8644094 8.1500000 0.13 0.19 0.26
v 1.9806279 -19.8011897 8.1500000 0.13 0.19 0.26
v 2.7684688 -19.7064858 8.1500000 0.13 0.19 0.26
v 3.5519077 -19.5804482 8.1500000 0.13 0.19 0.26
v 4.3296990 -19.4232774 8.1500000 0.13 0.19 0.26
v 5.1006061 -19.2352234 8.1500000 0.13 0.19 0.26
v 5.8634031 -19.0165850 8.1500000 0.13 0.19 0.26
v 6.6168772 -18.7677099 8.1500000 0.13 0.19 0.26
v 7.3598304 -18.4889939 8.1500000 0.13 0.19 0.26
v 8.0910813 -18.1808802 8.1500000 0.13 0.19 0.26
v 8.8094673 -17.8438585 8.1500000 0.13 0.19 0.26
v -9.5138461 -17.4784648 8.1500000 0.13 0.19 0.26
v -9.5138461 -17.4784648 8.5500000 0.13 0.19 0.26
v -8.8094673 -17.8438585 8.1500000 0.13 0.19 0.26
v -8.0910813 -18.1808802 8.1500000 0.13 0.19 0.26
v -7.3598304 -18.4889939 8.1500000 0.13 0.19 0.26
v -6.6168772 -18.7677099 8.1500000 0.13 0.19 0.26
v -5.8634031 -19.0165850 8.1500000 0.13 0.19 0.26
v -5.1006061 -19.2352234 8.1500000 0.13 0.19 0.26
v -4.3296990 -19.4232774 8.1500000 0.13 0.19 0.26
v -3.5519077 -19.5804482 8.1500000 0.13 0.19 0.26
v -2.7684688 -19.7064858 8.1500000 0.13 0.19 0.26
v -1.9806279 -19.8011897 8.1500000 0.13 0.19 0.26
v -1.1896378 -19.8644094 8.1500000 0.13 0.19 0.26
v -0.3967562 -19.8960444 8.1500000 0.13 0.19 0.26
v 0.3967562 -19.8960444 8.1500000 0.13 0.19 0.26
v 1.1896378 -19.8644094 8.1500000 0.13 0.19 0.26
v 1.9806279 -19.8011897 8.1500000 0.13 0.19 0.26
v 2.7684688 -19.7064858 8.1500000 0.13 0.19 0.26
v 3.5519077 -19.5804482 8.1500000 0.13 0.19 0.26
v 4.3296990 -19.4232774 8.1500000 0.13 0.19 0.26
v 5.1006061 -19.2352234 8.1500000 0.13 0.19 0.26
v 5.8634031 -19.0165850 8.1500000 0.13 0.19 0.26
v 6.6168772 -18.7677099 8.1500000 0.13 0.19 0.26
v 7.3598304 -18.4889939 8.1500000 0.13 0.19 0.26
v 8.0910813 -18.1808802 8.1500000 0.13 0.19 0.26
v 8.8094673 -17.8438585 8.1500000 0.13 0.19 0.26
v 9.5138461 -17.4784648 8.1500000 0.13 0.19 0.26
v 9.5138461 -17.4784648 8.5500000 0.13 0.19 0.26
v -8.8094673 -17.8438585 8.5500000 0.13 0.19 0.26
v -8.0910813 -18.1808802 8.5500000 0.13 0.19 0.26
v -7.3598304 -18.4889939 8.5500000 0.13 0.19 0.26
v -6.6168772 -18.7677099 8.5500000 0.13 0.19 0.26
v -5.8634031 -19.0165850 8.5500000 0.13 0.19 0.26
v -5.1006061 -19.2352234 8.5500000 0.13 0.19 0.26
v -4.3296990 -19.4232774 8.5500000 0.13 0.19 0.26
v -3.5519077 -19.5804482 8.5500000 0.13 0.19 0.26
v -2.7684688 -19.7064858 8.5500000 0.13 0.19 0.26
v -1.9806279 -19.8011897 8.5500000 0.13 0.19 0.26
v -1.1896378 -19.8644094 8.5500000 0.13 0.19 0.26
v -0.3967562 -19.8960444 8.5500000 0.13 0.19 0.26
v 0.3967562 -19.8960444 8.5500000 0.13 0.19 0.26
v 1.1896378 -19.8644094 8.5500000 0.13 0.19 0.26
v 1.9806279 -19.8011897 8.5500000 0.13 0.19 0.26
v 2.7684688 -19.7064858 8.5500000 0.13 0.19 0.26
v 3.5519077 -19.5804482 8.5500000 0.13 0.19 0.26
v 4.3296990 -19.4232774 8.5500000 0.13 0.19 0.26
v 5.1006061 -19.2352234 8.5500000 0.13 0.19 0.26
v 5.8634031 -19.0165850 8.5500000 0.13 0.19 0.26
v 6.6168772 -18.7677099 8.5500000 0.13 0.19 0.26
v 7.3598304 -18.4889939 8.5500000 0.13 0.19 0.26
v 8.0910813 -18.1808802 8.5500000 0.13 0.19 0.26
v 8.8094673 -17.8438585 8.5500000 0.13 0.19 0.26
v -18.5932784 -0.5000000 6.9000000 0.13 0.19 0.26
v -19.3935556 -0.5000000 6.9000000 0.13 0.19 0.26
v -18.5587372 -1.2382539 6.9000000 0.13 0.19 0.26
v -18.4948950 -1.9745529 6.9000000 0.13 0.19 0.26
v -18.4018525 -2.7077343 6.9000000 0.13 0.19 0.26
v -18.2797566 -3.4366407 6.9000000 0.13 0.19 0.26
v -18.1288001 -4.1601212 6.9000000 0.13 0.19 0.26
v -17.9492212 -4.8770336 6.9000000 0.13 0.19 0.26
v -17.7413037 -5.5862460 6.9000000 0.13 0.19 0.26
v -17.5053756 -6.2866387 6.9000000 0.13 0.19 0.26
v -17.2418095 -6.9771058 6.9000000 0.13 0.19 0.26
v -16.9510215 -7.6565573 6.9000000 0.13 0.19 0.26
v -16.6334708 -8.3239204 6.9000000 0.13 0.19 0.26
v -16.2896586 -8.9781414 6.9000000 0.13 0.19 0.26
v -15.9201278 -9.6181875 6.9000000 0.13 0.19 0.26
v -15.5254619 -10.2430480 6.9000000 0.13 0.19 0.26
v -15.1062839 -10.8517366 6.9000000 0.13 0.19 0.26
v -14.6632556 -11.4432921 6.9000000 0.13 0.19 0.26
v -14.1970766 -12.0167806 6.9000000 0.13 0.19 0.26
v -13.7084828 -12.5712966 6.9000000 0.13 0.19 0.26
v -13.1982456 -13.1059647 6.9000000 0.13 0.19 0.26
v -12.6671707 -13.6199408 6.9000000 0.13 0.19 0.26
v -12.1160964 -14.1124132 6.9000000 0.13 0.19 0.26
v -11.5458929 -14.5826046 6.9000000 0.13 0.19 0.26
v -10.9574604 -15.0297725 6.9000000 0.13 0.19 0.26
v -10.3517280 -15.4532109 6.9000000 0.13 0.19 0.26
v -9.7296519 -15.8522514 6.9000000 0.13 0.19 0.26
v -10.1297905 -16.5453118 6.9000000 0.13 0.19 0.26
v -19.3582700 -1.2717636 6.9000000 0.13 0.19 0.26
v -19.2922844 -2.0415103 6.9000000 0.13 0.19 0.26
v -19.1957033 -2.8080194 6.9000000 0.13 0.19 0.26
v -19.0686801 -3.5700753 6.9000000 0.13 0.19 0.26
v -18.9114162 -4.3264695 6.9000000 0.13 0.19 0.26
v -18.7241609 -5.0760024 6.9000000 0.13 0.19 0.26
v -18.5072111 -5.8174853 6.9000000 0.13 0.19 0.26
v -18.2609111 -6.5497424 6.9000000 0.13 0.19 0.26
v -17.9856513 -7.2716123 6.9000000 0.13 0.19 0.26
v -17.6818684 -7.9819503 6.9000000 0.13 0.19 0.26
v -17.3500440 -8.6796298 6.9000000 0.13 0.19 0.26
v -16.9907044 -9.3635444 6.9000000 0.13 0.19 0.26
v -16.6044195 -10.0326095 6.9000000 0.13 0.19 0.26
v -16.1918019 -10.6857640 6.9000000 0.13 0.19 0.26
v -15.7535059 -11.3219721 6.9000000 0.13 0.19 0.26
v -15.2902267 -11.9402248 6.9000000 0.13 0.19 0.26
v -14.8026989 -12.5395417 6.9000000 0.13 0.19 0.26
v -14.2916957 -13.1189723 6.9000000 0.13 0.19 0.26
v -13.7580275 -13.6775978 6.9000000 0.13 0.19 0.26
v -13.2025406 -14.2145321 6.9000000 0.13 0.19 0.26
v -12.6261160 -14.7289237 6.9000000 0.13 0.19 0.26
v -12.0296678 -15.2199570 6.9000000 0.13 0.19 0.26
v -11.4141420 -15.6868532 6.9000000 0.13 0.19 0.26
v -10.7805146 -16.1288718 6.9000000 0.13 0.19 0.26
v -19.3935556 -0.5000000 6.9000000 0.13 0.19 0.26
v -19.3935556 -0.5000000 7.9000000 0.13 0.19 0.26
v -19.3582700 -1.2717636 6.9000000 0.13 0.19 0.26
v -19.2922844 -2.0415103 6.9000000 0.13 0.19 0.26
v -19.1957033 -2.8080194 6.9000000 0.13 0.19 0.26
v -19.0686801 -3.5700753 6.9000000 0.13 0.19 0.26
v -18.9114162 -4.3264695 6.9000000 0.13 0.19 0.26
v -18.7241609 -5.0760024 6.9000000 0.13 0.19 0.26
v -18.5072111 -5.8174853 6.9000000 0.13 0.19 0.26
v -18.2609111 -6.5497424 6.9000000 0.13 0.19 0.26
v -17.9856513 -7.2716123 6.9000000 0.13 0.19 0.26
v -17.6818684 -7.9819503 6.9000000 0.13 0.19 0.26
v -17.3500440 -8.6796298 6.9000000 0.13 0.19 0.26
v -16.9907044 -9.3635444 6.9000000 0.13 0.19 0.26
v -16.6044195 -10.0326095 6.9000000 0.13 0.19 0.26
v -16.1918019 -10.6857640 6.9000000 0.13 0.19 0.26
v -15.7535059 -11.3219721 6.9000000 0.13 0.19 0.26
v -15.2902267 -11.9402248 6.9000000 0.13 0.19 0.26
v -14.8026989 -12.5395417 6.9000000 0.13 0.19 0.26
v -14.2916957 -13.1189723 6.9000000 0.13 0.19 0.26
v -13.7580275 -13.6775978 6.9000000 0.13 0.19 0.26
v -13.2025406 -14.2145321 6.9000000 0.13 0.19 0.26
v -12.6261160 -14.7289237 6.9000000 0.13 0.19 0.26
v -12.0296678 -15.2199570 6.9000000 0.13 0.19 0.26
v -11.4141420 -15.6868532 6.9000000 0.13 0.19 0.26
v -10.7805146 -16.1288718 6.9000000 0.13 0.19 0.26
v -10.1297905 -16.5453118 6.9000000 0.13 0.19 0.26
v -10.1297905 -16.5453118 7.9000000 0.13 0.19 0.26
v -19.3582700 -1.2717636 7.9000000 0.13 0.19 0.26
v -19.2922844 -2.0415103 7.9000000 0.13 0.19 0.26
v -19.1957033 -2.8080194 7.9000000 0.13 0.19 0.26
v -19.0686801 -3.5700753 7.9000000 0.13 0.19 0.26
v -18.9114162 -4.3264695 7.9000000 0.13 0.19 0.26
v -18.7241609 -5.0760024 7.9000000 0.13 0.19 0.26
v -18.5072111 -5.8174853 7.9000000 0.13 0.19 0.26
v -18.2609111 -6.5497424 7.9000000 0.13 0.19 0.26
v -17.9856513 -7.2716123 7.9000000 0.13 0.19 0.26
v -17.6818684 -7.9819503 7.9000000 0.13 0.19 0.26
v -17.3500440 -8.6796298 7.9000000 0.13 0.19 0.26
v -16.9907044 -9.3635444 7.9000000 0.13 0.19 0.26
v -16.6044195 -10.0326095 7.9000000 0.13 0.19 0.26
v -16.1918019 -10.6857640 7.9000000 0.13 0.19 0.26
v -15.7535059 -11.3219721 7.9000000 0.13 0.19 0.26
v -15.2902267 -11.9402248 7.9000000 0.13 0.19 0.26
v -14.8026989 -12.5395417 7.9000000 0.13 0.19 0.26
v -14.2916957 -13.1189723 7.9000000 0.13 0.19 0.26
v -13.7580275 -13.6775978 7.9000000 0.13 0.19 0.26
v -13.2025406 -14.2145321 7.9000000 0.13 0.19 0.26
v -12.6261160 -14.7289237 7.9000000 0.13 0.19 0.26
v -12.0296678 -15.2199570 7.9000000 0.13 0.19 0.26
v -11.4141420 -15.6868532 7.9000000 0.13 0.19 0.26
v -10.7805146 -16.1288718 7.9000000 0.13 0.19 0.26
v -19.3935556 -0.5000000 7.9000000 0.13 0.19 0.26
v -19.5174055 -0.5000000 7.9619045 0.13 0.19 0.26
v -19.6420457 -0.5000000 8.0242043 0.13 0.19 0.26
v -19.8937176 -0.5000000 8.1500000 0.13 0.19 0.26
v -19.3582700 -1.2717636 7.9000000 0.13 0.19 0.26
v -19.2922844 -2.0415103 7.9000000 0.13 0.19 0.26
v -19.1957033 -2.8080194 7.9000000 0.13 0.19 0.26
v -19.0686801 -3.5700753 7.9000000 0.13 0.19 0.26
v -18.9114162 -4.3264695 7.9000000 0.13 0.19 0.26
v -18.7241609 -5.0760024 7.9000000 0.13 0.19 0.26
v -18.5072111 -5.8174853 7.9000000 0.13 0.19 0.26
v -18.2609111 -6.5497424 7.9000000 0.13 0.19 0.26
v -17.9856513 -7.2716123 7.9000000 0.13 0.19 0.26
v -17.6818684 -7.9819503 7.9000000 0.13 0.19 0.26
v -17.3500440 -8.6796298 7.9000000 0.13 0.19 0.26
v -16.9907044 -9.3635444 7.9000000 0.13 0.19 0.26
v -16.6044195 -10.0326095 7.9000000 0.13 0.19 0.26
v -16.1918019 -10.6857640 7.9000000 0.13 0.19 0.26
v -15.7535059 -11.3219721 7.9000000 0.13 0.19 0.26
v -15.2902267 -11.9402248 7.9000000 0.13 0.19 0.26
v -14.8026989 -12.5395417 7.9000000 0.13 0.19 0.26
v -14.2916957 -13.1189723 7.9000000 0.13 0.19 0.26
v -13.7580275 -13.6775978 7.9000000 0.13 0.19 0.26
v -13.2025406 -14.2145321 7.9000000 0.13 0.19 0.26
v -12.6261160 -14.7289237 7.9000000 0.13 0.19 0.26
v -12.0296678 -15.2199570 7.9000000 0.13 0.19 0.26
v -11.4141420 -15.6868532 7.9000000 0.13 0.19 0.26
v -10.7805146 -16.1288718 7.9000000 0.13 0.19 0.26
v -10.1297905 -16.5453118 7.9000000 0.13 0.19 0.26
v -10.1917154 -16.6525690 7.9619045 0.13 0.19 0.26
v -10.2540356 -16.7605106 8.0242043 0.13 0.19 0.26
v -10.3798715 -16.9784648 8.1500000 0.13 0.19 0.26
v -19.8579684 -1.2927068 8.1500000 0.13 0.19 0.26
v -19.7906447 -2.0833581 8.1500000 0.13 0.19 0.26
v -19.6918536 -2.8706969 8.1500000 0.13 0.19 0.26
v -19.5617522 -3.6534712 8.1500000 0.13 0.19 0.26
v -19.4005472 -4.4304365 8.1500000 0.13 0.19 0.26
v -19.2084951 -5.2003572 8.1500000 0.13 0.19 0.26
v -18.9859012 -5.9620094 8.1500000 0.13 0.19 0.26
v -18.7331194 -6.7141818 8.1500000 0.13 0.19 0.26
v -18.4505517 -7.4556786 8.1500000 0.13 0.19 0.26
v -18.1386473 -8.1853208 8.1500000 0.13 0.19 0.26
v -17.7979021 -8.9019481 8.1500000 0.13 0.19 0.26
v -17.4288580 -9.6044212 8.1500000 0.13 0.19 0.26
v -17.0321018 -10.2916232 8.1500000 0.13 0.19 0.26
v -16.6082643 -10.9624613 8.1500000 0.13 0.19 0.26
v -16.1580193 -11.6158689 8.1500000 0.13 0.19 0.26
v -15.6820829 -12.2508071 8.1500000 0.13 0.19 0.26
v -15.1812117 -12.8662664 8.1500000 0.13 0.19 0.26
v -14.6562022 -13.4612681 8.1500000 0.13 0.19 0.26
v -14.1078890 -14.0348661 8.1500000 0.13 0.19 0.26
v -13.5371441 -14.5861485 8.1500000 0.13 0.19 0.26
v -12.9448750 -15.1142387 8.1500000 0.13 0.19 0.26
v -12.3320232 -15.6182970 8.1500000 0.13 0.19 0.26
v -11.6995634 -16.0975220 8.1500000 0.13 0.19 0.26
v -11.0485011 -16.5511517 8.1500000 0.13 0.19 0.26
v -19.8937176 -0.5000000 8.1500000 0.13 0.19 0.26
v -19.8937176 -0.5000000 8.5500000 0.13 0.19 0.26
v -19.8579684 -1.2927068 8.1500000 0.13 0.19 0.26
v -19.7906447 -2.0833581 8.1500000 0.13 0.19 0.26
v -19.6918536 -2.8706969 8.1500000 0.13 0.19 0.26
v -19.5617522 -3.6534712 8.1500000 0.13 0.19 0.26
v -19.4005472 -4.4304365 8.1500000 0.13 0.19 0.26
v -19.2084951 -5.2003572 8.1500000 0.13 0.19 0.26
v -18.9859012 -5.9620094 8.1500000 0.13 0.19 0.26
v -18.7331194 -6.7141818 8.1500000 0.13 0.19 0.26
v -18.4505517 -7.4556786 8.1500000 0.13 0.19 0.26
v -18.1386473 -8.1853208 8.1500000 0.13 0.19 0.26
v -17.7979021 -8.9019481 8.1500000 0.13 0.19 0.26
v -17.4288580 -9.6044212 8.1500000 0.13 0.19 0.26
v -17.0321018 -10.2916232 8.1500000 0.13 0.19 0.26
v -16.6082643 -10.9624613 8.1500000 0.13 0.19 0.26
v -16.1580193 -11.6158689 8.1500000 0.13 0.19 0.26
v -15.6820829 -12.2508071 8.1500000 0.13 0.19 0.26
v -15.1812117 -12.8662664 8.1500000 0.13 0.19 0.26
v -14.6562022 -13.4612681 8.1500000 0.13 0.19 0.26
v -14.1078890 -14.0348661 8.1500000 0.13 0.19 0.26
v -13.5371441 -14.5861485 8.1500000 0.13 0.19 0.26
v -12.9448750 -15.1142387 8.1500000 0.13 0.19 0.26
v -12.3320232 -15.6182970 8.1500000 0.13 0.19 0.26
v -11.6995634 -16.0975220 8.1500000 0.13 0.19 0.26
v -11.0485011 -16.5511517 8.1500000 0.13 0.19 0.26
v -10.3798715 -16.9784648 8.1500000 0.13 0.19 0.26
v -10.3798715 -16.9784648 8.5500000 0.13 0.19 0.26
v -19.8579684 -1.2927068 8.5500000 0.13 0.19 0.26
v -19.7906447 -2.0833581 8.5500000 0.13 0.19 0.26
v -19.6918536 -2.8706969 8.5500000 0.13 0.19 0.26
v -19.5617522 -3.6534712 8.5500000 0.13 0.19 0.26
v -19.4005472 -4.4304365 8.5500000 0.13 0.19 0.26
v -19.2084951 -5.2003572 8.5500000 0.13 0.19 0.26
v -18.9859012 -5.9620094 8.5500000 0.13 0.19 0.26
v -18.7331194 -6.7141818 8.5500000 0.13 0.19 0.26
v -18.4505517 -7.4556786 8.5500000 0.13 0.19 0.26
v -18.1386473 -8.1853208 8.5500000 0.13 0.19 0.26
v -17.7979021 -8.9019481 8.5500000 0.13 0.19 0.26
v -17.4288580 -9.6044212 8.5500000 0.13 0.19 0.26
v -17.0321018 -10.2916232 8.5500000 0.13 0.19 0.26
v -16.6082643 -10.9624613 8.5500000 0.13 0.19 0.26
v -16.1580193 -11.6158689 8.5500000 0.13 0.19 0.26
v -15.6820829 -12.2508071 8.5500000 0.13 0.19 0.26
v -15.1812117 -12.8662664 8.5500000 0.13 0.19 0.26
v -14.6562022 -13.4612681 8.5500000 0.13 0.19 0.26
v -14.1078890 -14.0348661 8.5500000 0.13 0.19 0.26
v -13.5371441 -14.5861485 8.5500000 0.13 0.19 0.26
v -12.9448750 -15.1142387 8.5500000 0.13 0.19 0.26
v -12.3320232 -15.6182970 8.5500000 0.13 0.19 0.26
v -11.6995634 -16.0975220 8.5500000 0.13 0.19 0.26
v -11.0485011 -16.5511517 8.5500000 0.13 0.19 0.26
v -9.7296519 15.8522514 6.9000000 0.13 0.19 0.26
v -10.1297905 16.5453118 6.9000000 0.13 0.19 0.26
v -10.3517280 15.4532109 6.9000000 0.13 0.19 0.26
v -10.9574604 15.0297725 6.9000000 0.13 0.19 0.26
v -11.5458929 14.5826046 6.9000000 0.13 0.19 0.26
v -12.1160964 14.1124132 6.9000000 0.13 0.19 0.26
v -12.6671707 13.6199408 6.9000000 0.13 0.19 0.26
v -13.1982456 13.1059647 6.9000000 0.13 0.19 0.26
v -13.7084828 12.5712966 6.9000000 0.13 0.19 0.26
v -14.1970766 12.0167806 6.9000000 0.13 0.19 0.26
v -14.6632556 11.4432921 6.9000000 0.13 0.19 0.26
v -15.1062839 10.8517366 6.9000000 0.13 0.19 0.26
v -15.5254619 10.2430480 6.9000000 0.13 0.19 0.26
v -15.9201278 9.6181875 6.9000000 0.13 0.19 0.26
v -16.2896586 8.9781414 6.9000000 0.13 0.19 0.26
v -16.6334708 8.3239204 6.9000000 0.13 0.19 0.26
v -16.9510215 7.6565573 6.9000000 0.13 0.19 0.26
v -17.2418095 6.9771058 6.9000000 0.13 0.19 0.26
v -17.5053756 6.2866387 6.9000000 0.13 0.19 0.26
v -17.7413037 5.5862460 6.9000000 0.13 0.19 0.26
v -17.9492212 4.8770336 6.9000000 0.13 0.19 0.26
v -18.1288001 4.1601212 6.9000000 0.13 0.19 0.26
v -18.2797566 3.4366407 6.9000000 0.13 0.19 0.26
v -18.4018525 2.7077343 6.9000000 0.13 0.19 0.26
v -18.4948950 1.9745529 6.9000000 0.13 0.19 0.26
v -18.5587372 1.2382539 6.9000000 0.13 0.19 0.26
v -18.5932784 0.5000000 6.9000000 0.13 0.19 0.26
v -19.3935556 0.5000000 6.9000000 0.13 0.19 0.26
v -10.7805146 16.1288718 6.9000000 0.13 0.19 0.26
v -11.4141420 15.6868532 6.9000000 0.13 0.19 0.26
v -12.0296678 15.2199570 6.9000000 0.13 0.19 0.26
v -12.6261160 14.7289237 6.9000000 0.13 0.19 0.26
v -13.2025406 14.2145321 6.9000000 0.13 0.19 0.26
v -13.7580275 13.6775978 6.9000000 0.13 0.19 0.26
v -14.2916957 13.1189723 6.9000000 0.13 0.19 0.26
v -14.8026989 12.5395417 6.9000000 0.13 0.19 0.26
v -15.2902267 11.9402248 6.9000000 0.13 0.19 0.26
v -15.7535059 11.3219721 6.9000000 0.13 0.19 0.26
v -16.1918019 10.6857640 6.9000000 0.13 0.19 0.26
v -16.6044195 10.0326095 6.9000000 0.13 0.19 0.26
v -16.9907044 9.3635444 6.9000000 0.13 0.19 0.26
v -17.3500440 8.6796298 6.9000000 0.13 0.19 0.26
v -17.6818684 7.9819503 6.9000000 0.13 0.19 0.26
v -17.9856513 7.2716123 6.9000000 0.13 0.19 0.26
v -18.2609111 6.5497424 6.9000000 0.13 0.19 0.26
v -18.5072111 5.8174853 6.9000000 0.13 0.19 0.26
v -18.7241609 5.0760024 6.9000000 0.13 0.19 0.26
v -18.9114162 4.3264695 6.9000000 0.13 0.19 0.26
v -19.0686801 3.5700753 6.9000000 0.13 0.19 0.26
v -19.1957033 2.8080194 6.9000000 0.13 0.19 0.26
v -19.2922844 2.0415103 6.9000000 0.13 0.19 0.26
v -19.3582700 1.2717636 6.9000000 0.13 0.19 0.26
v -10.1297905 16.5453118 6.9000000 0.13 0.19 0.26
v -10.1297905 16.5453118 7.9000000 0.13 0.19 0.26
v -10.7805146 16.1288718 6.9000000 0.13 0.19 0.26
v -11.4141420 15.6868532 6.9000000 0.13 0.19 0.26
v -12.0296678 15.2199570 6.9000000 0.13 0.19 0.26
v -12.6261160 14.7289237 6.9000000 0.13 0.19 0.26
v -13.2025406 14.2145321 6.9000000 0.13 0.19 0.26
v -13.7580275 13.6775978 6.9000000 0.13 0.19 0.26
v -14.2916957 13.1189723 6.9000000 0.13 0.19 0.26
v -14.8026989 12.5395417 6.9000000 0.13 0.19 0.26
v -15.2902267 11.9402248 6.9000000 0.13 0.19 0.26
v -15.7535059 11.3219721 6.9000000 0.13 0.19 0.26
v -16.1918019 10.6857640 6.9000000 0.13 0.19 0.26
v -16.6044195 10.0326095 6.9000000 0.13 0.19 0.26
v -16.9907044 9.3635444 6.9000000 0.13 0.19 0.26
v -17.3500440 8.6796298 6.9000000 0.13 0.19 0.26
v -17.6818684 7.9819503 6.9000000 0.13 0.19 0.26
v -17.9856513 7.2716123 6.9000000 0.13 0.19 0.26
v -18.2609111 6.5497424 6.9000000 0.13 0.19 0.26
v -18.5072111 5.8174853 6.9000000 0.13 0.19 0.26
v -18.7241609 5.0760024 6.9000000 0.13 0.19 0.26
v -18.9114162 4.3264695 6.9000000 0.13 0.19 0.26
v -19.0686801 3.5700753 6.9000000 0.13 0.19 0.26
v -19.1957033 2.8080194 6.9000000 0.13 0.19 0.26
v -19.2922844 2.0415103 6.9000000 0.13 0.19 0.26
v -19.3582700 1.2717636 6.9000000 0.13 0.19 0.26
v -19.3935556 0.5000000 6.9000000 0.13 0.19 0.26
v -19.3935556 0.5000000 7.9000000 0.13 0.19 0.26
v -10.7805146 16.1288718 7.9000000 0.13 0.19 0.26
v -11.4141420 15.6868532 7.9000000 0.13 0.19 0.26
v -12.0296678 15.2199570 7.9000000 0.13 0.19 0.26
v -12.6261160 14.7289237 7.9000000 0.13 0.19 0.26
v -13.2025406 14.2145321 7.9000000 0.13 0.19 0.26
v -13.7580275 13.6775978 7.9000000 0.13 0.19 0.26
v -14.2916957 13.1189723 7.9000000 0.13 0.19 0.26
v -14.8026989 12.5395417 7.9000000 0.13 0.19 0.26
v -15.2902267 11.9402248 7.9000000 0.13 0.19 0.26
v -15.7535059 11.3219721 7.9000000 0.13 0.19 0.26
v -16.1918019 10.6857640 7.9000000 0.13 0.19 0.26
v -16.6044195 10.0326095 7.9000000 0.13 0.19 0.26
v -16.9907044 9.3635444 7.9000000 0.13 0.19 0.26
v -17.3500440 8.6796298 7.9000000 0.13 0.19 0.26
v -17.6818684 7.9819503 7.9000000 0.13 0.19 0.26
v -17.9856513 7.2716123 7.9000000 0.13 0.19 0.26
v -18.2609111 6.5497424 7.9000000 0.13 0.19 0.26
v -18.5072111 5.8174853 7.9000000 0.13 0.19 0.26
v -18.7241609 5.0760024 7.9000000 0.13 0.19 0.26
v -18.9114162 4.3264695 7.9000000 0.13 0.19 0.26
v -19.0686801 3.5700753 7.9000000 0.13 0.19 0.26
v -19.1957033 2.8080194 7.9000000 0.13 0.19 0.26
v -19.2922844 2.0415103 7.9000000 0.13 0.19 0.26
v -19.3582700 1.2717636 7.9000000 0.13 0.19 0.26
v -10.1297905 16.5453118 7.9000000 0.13 0.19 0.26
v -10.1917154 16.6525690 7.9619045 0.13 0.19 0.26
v -10.2540356 16.7605106 8.0242043 0.13 0.19 0.26
v -10.3798715 16.9784648 8.1500000 0.13 0.19 0.26
v -10.7805146 16.1288718 7.9000000 0.13 0.19 0.26
v -11.4141420 15.6868532 7.9000000 0.13 0.19 0.26
v -12.0296678 15.2199570 7.9000000 0.13 0.19 0.26
v -12.6261160 14.7289237 7.9000000 0.13 0.19 0.26
v -13.2025406 14.2145321 7.9000000 0.13 0.19 0.26
v -13.7580275 13.6775978 7.9000000 0.13 0.19 0.26
v -14.2916957 13.1189723 7.9000000 0.13 0.19 0.26
v -14.8026989 12.5395417 7.9000000 0.13 0.19 0.26
v -15.2902267 11.9402248 7.9000000 0.13 0.19 0.26
v -15.7535059 11.3219721 7.9000000 0.13 0.19 0.26
v -16.1918019 10.6857640 7.9000000 0.13 0.19 0.26
v -16.6044195 10.0326095 7.9000000 0.13 0.19 0.26
v -16.9907044 9.3635444 7.9000000 0.13 0.19 0.26
v -17.3500440 8.6796298 7.9000000 0.13 0.19 0.26
v -17.6818684 7.9819503 7.9000000 0.13 0.19 0.26
v -17.9856513 7.2716123 7.9000000 0.13 0.19 0.26
v -18.2609111 6.5497424 7.9000000 0.13 0.19 0.26
v -18.5072111 5.8174853 7.9000000 0.13 0.19 0.26
v -18.7241609 5.0760024 7.9000000 0.13 0.19 0.26
v -18.9114162 4.3264695 7.9000000 0.13 0.19 0.26
v -19.0686801 3.5700753 7.9000000 0.13 0.19 0.26
v -19.1957033 2.8080194 7.9000000 0.13 0.19 0.26
v -19.2922844 2.0415103 7.9000000 0.13 0.19 0.26
v -19.3582700 1.2717636 7.9000000 0.13 0.19 0.26
v -19.3935556 0.5000000 7.9000000 0.13 0.19 0.26
v -19.5174055 0.5000000 7.9619045 0.13 0.19 0.26
v -19.6420457 0.5000000 8.0242043 0.13 0.19 0.26
v -19.8937176 0.5000000 8.1500000 0.13 0.19 0.26
v -11.0485011 16.5511517 8.1500000 0.13 0.19 0.26
v -11.6995634 16.0975220 8.1500000 0.13 0.19 0.26
v -12.3320232 15.6182970 8.1500000 0.13 0.19 0.26
v -12.9448750 15.1142387 8.1500000 0.13 0.19 0.26
v -13.5371441 14.5861485 8.1500000 0.13 0.19 0.26
v -14.1078890 14.0348661 8.1500000 0.13 0.19 0.26
v -14.6562022 13.4612681 8.1500000 0.13 0.19 0.26
v -15.1812117 12.8662664 8.1500000 0.13 0.19 0.26
v -15.6820829 12.2508071 8.1500000 0.13 0.19 0.26
v -16.1580193 11.6158689 8.1500000 0.13 0.19 0.26
v -16.6082643 10.9624613 8.1500000 0.13 0.19 0.26
v -17.0321018 10.2916232 8.1500000 0.13 0.19 0.26
v -17.4288580 9.6044212 8.1500000 0.13 0.19 0.26
v -17.7979021 8.9019481 8.1500000 0.13 0.19 0.26
v -18.1386473 8.1853208 8.1500000 0.13 0.19 0.26
v -18.4505517 7.4556786 8.1500000 0.13 0.19 0.26
v -18.7331194 6.7141818 8.1500000 0.13 0.19 0.26
v -18.9859012 5.9620094 8.1500000 0.13 0.19 0.26
v -19.2084951 5.2003572 8.1500000 0.13 0.19 0.26
v -19.4005472 4.4304365 8.1500000 0.13 0.19 0.26
v -19.5617522 3.6534712 8.1500000 0.13 0.19 0.26
v -19.6918536 2.8706969 8.1500000 0.13 0.19 0.26
v -19.7906447 2.0833581 8.1500000 0.13 0.19 0.26
v -19.8579684 1.2927068 8.1500000 0.13 0.19 0.26
v -10.3798715 16.9784648 8.1500000 0.13 0.19 0.26
v -10.3798715 16.9784648 8.5500000 0.13 0.19 0.26
v -11.0485011 16.5511517 8.1500000 0.13 0.19 0.26
v -11.6995634 16.0975220 8.1500000 0.13 0.19 0.26
v -12.3320232 15.6182970 8.1500000 0.13 0.19 0.26
v -12.9448750 15.1142387 8.1500000 0.13 0.19 0.26
v -13.5371441 14.5861485 8.1500000 0.13 0.19 0.26
v -14.1078890 14.0348661 8.1500000 0.13 0.19 0.26
v -14.6562022 13.4612681 8.1500000 0.13 0.19 0.26
v -15.1812117 12.8662664 8.1500000 0.13 0.19 0.26
v -15.6820829 12.2508071 8.1500000 0.13 0.19 0.26
v -16.1580193 11.6158689 8.1500000 0.13 0.19 0.26
v -16.6082643 10.9624613 8.1500000 0.13 0.19 0.26
v -17.0321018 10.2916232 8.1500000 0.13 0.19 0.26
v -17.4288580 9.6044212 8.1500000 0.13 0.19 0.26
v -17.7979021 8.9019481 8.1500000 0.13 0.19 0.26
v -18.1386473 8.1853208 8.1500000 0.13 0.19 0.26
v -18.4505517 7.4556786 8.1500000 0.13 0.19 0.26
v -18.7331194 6.7141818 8.1500000 0.13 0.19 0.26
v -18.9859012 5.9620094 8.1500000 0.13 0.19 0.26
v -19.2084951 5.2003572 8.1500000 0.13 0.19 0.26
v -19.4005472 4.4304365 8.1500000 0.13 0.19 0.26
v -19.5617522 3.6534712 8.1500000 0.13 0.19 0.26
v -19.6918536 2.8706969 8.1500000 0.13 0.19 0.26
v -19.7906447 2.0833581 8.1500000 0.13 0.19 0.26
v -19.8579684 1.2927068 8.1500000 0.13 0.19 0.26
v -19.8937176 0.5000000 8.1500000 0.13 0.19 0.26
v -19.8937176 0.5000000 8.5500000 0.13 0.19 0.26
v -11.0485011 16.5511517 8.5500000 0.13 0.19 0.26
v -11.6995634 16.0975220 8.5500000 0.13 0.19 0.26
v -12.3320232 15.6182970 8.5500000 0.13 0.19 0.26
v -12.9448750 15.1142387 8.5500000 0.13 0.19 0.26
v -13.5371441 14.5861485 8.5500000 0.13 0.19 0.26
v -14.1078890 14.0348661 8.5500000 0.13 0.19 0.26
v -14.6562022 13.4612681 8.5500000 0.13 0.19 0.26
v -15.1812117 12.8662664 8.5500000 0.13 0.19 0.26
v -15.6820829 12.2508071 8.5500000 0.13 0.19 0.26
v -16.1580193 11.6158689 8.5500000 0.13 0.19 0.26
v -16.6082643 10.9624613 8.5500000 0.13 0.19 0.26
v -17.0321018 10.2916232 8.5500000 0.13 0.19 0.26
v -17.4288580 9.6044212 8.5500000 0.13 0.19 0.26
v -17.7979021 8.9019481 8.5500000 0.13 0.19 0.26
v -18.1386473 8.1853208 8.5500000 0.13 0.19 0.26
v -18.4505517 7.4556786 8.5500000 0.13 0.19 0.26
v -18.7331194 6.7141818 8.5500000 0.13 0.19 0.26
v -18.9859012 5.9620094 8.5500000 0.13 0.19 0.26
v -19.2084951 5.2003572 8.5500000 0.13 0.19 0.26
v -19.4005472 4.4304365 8.5500000 0.13 0.19 0.26
v -19.5617522 3.6534712 8.5500000 0.13 0.19 0.26
v -19.6918536 2.8706969 8.5500000 0.13 0.19 0.26
v -19.7906447 2.0833581 8.5500000 0.13 0.19 0.26
v -19.8579684 1.2927068 8.5500000 0.13 0.19 0.26
v 8.8636265 16.3522514 6.9000000 0.13 0.19 0.26
v 9.2637651 17.0453118 6.9000000 0.13 0.19 0.26
v 8.2070093 16.6914649 6.9000000 0.13 0.19 0.26
v 7.5374346 17.0043253 6.9000000 0.13 0.19 0.26
v 6.8559595 17.2903389 6.9000000 0.13 0.19 0.26
v 6.1636601 17.5490539 6.9000000 0.13 0.19 0.26
v 5.4616294 17.7800620 6.9000000 0.13 0.19 0.26
v 4.7509756 17.9829984 6.9000000 0.13 0.19 0.26
v 4.0328208 18.1575427 6.9000000 0.13 0.19 0.26
v 3.3082990 18.3034193 6.9000000 0.13 0.19 0.26
v 2.5785538 18.4203979 6.9000000 0.13 0.19 0.26
v 1.8447376 18.5082939 6.9000000 0.13 0.19 0.26
v 1.1080089 18.5669684 6.9000000 0.13 0.19 0.26
v 0.3695308 18.5963289 6.9000000 0.13 0.19 0.26
v -0.3695308 18.5963289 6.9000000 0.13 0.19 0.26
v -1.1080089 18.5669684 6.9000000 0.13 0.19 0.26
v -1.8447376 18.5082939 6.9000000 0.13 0.19 0.26
v -2.5785538 18.4203979 6.9000000 0.13 0.19 0.26
v -3.3082990 18.3034193 6.9000000 0.13 0.19 0.26
v -4.0328208 18.1575427 6.9000000 0.13 0.19 0.26
v -4.7509756 17.9829984 6.9000000 0.13 0.19 0.26
v -5.4616294 17.7800620 6.9000000 0.13 0.19 0.26
v -6.1636601 17.5490539 6.9000000 0.13 0.19 0.26
v -6.8559595 17.2903389 6.9000000 0.13 0.19 0.26
v -7.5374346 17.0043253 6.9000000 0.13 0.19 0.26
v -8.2070093 16.6914649 6.9000000 0.13 0.19 0.26
v -8.8636265 16.3522514 6.9000000 0.13 0.19 0.26
v -9.2637651 17.0453118 6.9000000 0.13 0.19 0.26
v 8.5777554 17.4006354 6.9000000 0.13 0.19 0.26
v 7.8781424 17.7283635 6.9000000 0.13 0.19 0.26
v 7.1660355 18.0279765 6.9000000 0.13 0.19 0.26
v 6.4425641 18.2989991 6.9000000 0.13 0.19 0.26
v 5.7088756 18.5410016 6.9000000 0.13 0.19 0.26
v 4.9661334 18.7536002 6.9000000 0.13 0.19 0.26
v 4.2155155 18.9364577 6.9000000 0.13 0.19 0.26
v 3.4582122 19.0892841 6.9000000 0.13 0.19 0.26
v 2.6954247 19.2118371 6.9000000 0.13 0.19 0.26
v 1.9283625 19.3039224 6.9000000 0.13 0.19 0.26
v 1.1582421 19.3653938 6.9000000 0.13 0.19 0.26
v 0.3862849 19.3961538 6.9000000 0.13 0.19 0.26
v -0.3862849 19.3961538 6.9000000 0.13 0.19 0.26
v -1.1582421 19.3653938 6.9000000 0.13 0.19 0.26
v -1.9283625 19.3039224 6.9000000 0.13 0.19 0.26
v -2.6954247 19.2118371 6.9000000 0.13 0.19 0.26
v -3.4582122 19.0892841 6.9000000 0.13 0.19 0.26
v -4.2155155 18.9364577 6.9000000 0.13 0.19 0.26
v -4.9661334 18.7536002 6.9000000 0.13 0.19 0.26
v -5.7088756 18.5410016 6.9000000 0.13 0.19 0.26
v -6.4425641 18.2989991 6.9000000 0.13 0.19 0.26
v -7.1660355 18.0279765 6.9000000 0.13 0.19 0.26
v -7.8781424 17.7283635 6.9000000 0.13 0.19 0.26
v -8.5777554 17.4006354 6.9000000 0.13 0.19 0.26
v 9.2637651 17.0453118 6.9000000 0.13 0.19 0.26
v 9.2637651 17.0453118 7.9000000 0.13 0.19 0.26
v 8.5777554 17.4006354 6.9000000 0.13 0.19 0.26
v 7.8781424 17.7283635 6.9000000 0.13 0.19 0.26
v 7.1660355 18.0279765 6.9000000 0.13 0.19 0.26
v 6.4425641 18.2989991 6.9000000 0.13 0.19 0.26
v 5.7088756 18.5410016 6.9000000 0.13 0.19 0.26
v 4.9661334 18.7536002 6.9000000 0.13 0.19 0.26
v 4.2155155 18.9364577 6.9000000 0.13 0.19 0.26
v 3.4582122 19.0892841 6.9000000 0.13 0.19 0.26
v 2.6954247 19.2118371 6.9000000 0.13 0.19 0.26
v 1.9283625 19.3039224 6.9000000 0.13 0.19 0.26
v 1.1582421 19.3653938 6.9000000 0.13 0.19 0.26
v 0.3862849 19.3961538 6.9000000 0.13 0.19 0.26
v -0.3862849 19.3961538 6.9000000 0.13 0.19 0.26
v -1.1582421 19.3653938 6.9000000 0.13 0.19 0.26
v -1.9283625 19.3039224 6.9000000 0.13 0.19 0.26
v -2.6954247 19.2118371 6.9000000 0.13 0.19 0.26
v -3.4582122 19.0892841 6.9000000 0.13 0.19 0.26
v -4.2155155 18.9364577 6.9000000 0.13 0.19 0.26
v -4.9661334 18.7536002 6.9000000 0.13 0.19 0.26
v -5.7088756 18.5410016 6.9000000 0.13 0.19 0.26
v -6.4425641 18.2989991 6.9000000 0.13 0.19 0.26
v -7.1660355 18.0279765 6.9000000 0.13 0.19 0.26
v -7.8781424 17.7283635 6.9000000 0.13 0.19 0.26
v -8.5777554 17.4006354 6.9000000 0.13 0.19 0.26
v -9.2637651 17.0453118 6.9000000 0.13 0.19 0.26
v -9.2637651 17.0453118 7.9000000 0.13 0.19 0.26
v 8.5777554 17.4006354 7.9000000 0.13 0.19 0.26
v 7.8781424 17.7283635 7.9000000 0.13 0.19 0.26
v 7.1660355 18.0279765 7.9000000 0.13 0.19 0.26
v 6.4425641 18.2989991 7.9000000 0.13 0.19 0.26
v 5.7088756 18.5410016 7.9000000 0.13 0.19 0.26
v 4.9661334 18.7536002 7.9000000 0.13 0.19 0.26
v 4.2155155 18.9364577 7.9000000 0.13 0.19 0.26
v 3.4582122 19.0892841 7.9000000 0.13 0.19 0.26
v 2.6954247 19.2118371 7.9000000 0.13 0.19 0.26
v 1.9283625 19.3039224 7.9000000 0.13 0.19 0.26
v 1.1582421 19.3653938 7.9000000 0.13 0.19 0.26
v 0.3862849 19.3961538 7.9000000 0.13 0.19 0.26
v -0.3862849 19.3961538 7.9000000 0.13 0.19 0.26
v -1.1582421 19.3653938 7.9000000 0.13 0.19 0.26
v -1.9283625 19.3039224 7.9000000 0.13 0.19 0.26
v -2.6954247 19.2118371 7.9000000 0.13 0.19 0.26
v -3.4582122 19.0892841 7.9000000 0.13 0.19 0.26
v -4.2155155 18.9364577 7.9000000 0.13 0.19 0.26
v -4.9661334 18.7536002 7.9000000 0.13 0.19 0.26
v -5.7088756 18.5410016 7.9000000 0.13 0.19 0.26
v -6.4425641 18.2989991 7.9000000 0.13 0.19 0.26
v -7.1660355 18.0279765 7.9000000 0.13 0.19 0.26
v -7.8781424 17.7283635 7.9000000 0.13 0.19 0.26
v -8.5777554 17.4006354 7.9000000 0.13 0.19 0.26
v 9.2637651 17.0453118 7.9000000 0.13 0.19 0.26
v 9.3256900 17.1525690 7.9619045 0.13 0.19 0.26
v 9.3880102 17.2605106 8.0242043 0.13 0.19 0.26
v 9.5138461 17.4784648 8.1500000 0.13 0.19 0.26
v 8.5777554 17.4006354 7.9000000 0.13 0.19 0.26
v 7.8781424 17.7283635 7.9000000 0.13 0.19 0.26
v 7.1660355 18.0279765 7.9000000 0.13 0.19 0.26
v 6.4425641 18.2989991 7.9000000 0.13 0.19 0.26
v 5.7088756 18.5410016 7.9000000 0.13 0.19 0.26
v 4.9661334 18.7536002 7.9000000 0.13 0.19 0.26
v 4.2155155 18.9364577 7.9000000 0.13 0.19 0.26
v 3.4582122 19.0892841 7.9000000 0.13 0.19 0.26
v 2.6954247 19.2118371 7.9000000 0.13 0.19 0.26
v 1.9283625 19.3039224 7.9000000 0.13 0.19 0.26
v 1.1582421 19.3653938 7.9000000 0.13 0.19 0.26
v 0.3862849 19.3961538 7.9000000 0.13 0.19 0.26
v -0.3862849 19.3961538 7.9000000 0.13 0.19 0.26
v -1.1582421 19.3653938 7.9000000 0.13 0.19 0.26
v -1.9283625 19.3039224 7.9000000 0.13 0.19 0.26
v -2.6954247 19.2118371 7.9000000 0.13 0.19 0.26
v -3.4582122 19.0892841 7.9000000 0.13 0.19 0.26
v -4.2155155 18.9364577 7.9000000 0.13 0.19 0.26
v -4.9661334 18.7536002 7.9000000 0.13 0.19 0.26
v -5.7088756 18.5410016 7.9000000 0.13 0.19 0.26
v -6.4425641 18.2989991 7.9000000 0.13 0.19 0.26
v -7.1660355 18.0279765 7.9000000 0.13 0.19 0.26
v -7.8781424 17.7283635 7.9000000 0.13 0.19 0.26
v -8.5777554 17.4006354 7.9000000 0.13 0.19 0.26
v -9.2637651 17.0453118 7.9000000 0.13 0.19 0.26
v -9.3256900 17.1525690 7.9619045 0.13 0.19 0.26
v -9.3880102 17.2605106 8.0242043 0.13 0.19 0.26
v -9.5138461 17.4784648 8.1500000 0.13 0.19 0.26
v 8.8094673 17.8438585 8.1500000 0.13 0.19 0.26
v 8.0910813 18.1808802 8.1500000 0.13 0.19 0.26
v 7.3598304 18.4889939 8.1500000 0.13 0.19 0.26
v 6.6168772 18.7677099 8.1500000 0.13 0.19 0.26
v 5.8634031 19.0165850 8.1500000 0.13 0.19 0.26
v 5.1006061 19.2352234 8.1500000 0.13 0.19 0.26
v 4.3296990 19.4232774 8.1500000 0.13 0.19 0.26
v 3.5519077 19.5804482 8.1500000 0.13 0.19 0.26
v 2.7684688 19.7064858 8.1500000 0.13 0.19 0.26
v 1.9806279 19.8011897 8.1500000 0.13 0.19 0.26
v 1.1896378 19.8644094 8.1500000 0.13 0.19 0.26
v 0.3967562 19.8960444 8.1500000 0.13 0.19 0.26
v -0.3967562 19.8960444 8.1500000 0.13 0.19 0.26
v -1.1896378 19.8644094 8.1500000 0.13 0.19 0.26
v -1.9806279 19.8011897 8.1500000 0.13 0.19 0.26
v -2.7684688 19.7064858 8.1500000 0.13 0.19 0.26
v -3.5519077 19.5804482 8.1500000 0.13 0.19 0.26
v -4.3296990 19.4232774 8.1500000 0.13 0.19 0.26
v -5.1006061 19.2352234 8.1500000 0.13 0.19 0.26
v -5.8634031 19.0165850 8.1500000 0.13 0.19 0.26
v -6.6168772 18.7677099 8.1500000 0.13 0.19 0.26
v -7.3598304 18.4889939 8.1500000 0.13 0.19 0.26
v -8.0910813 18.1808802 8.1500000 0.13 0.19 0.26
v -8.8094673 17.8438585 8.1500000 0.13 0.19 0.26
v 9.5138461 17.4784648 8.1500000 0.13 0.19 0.26
v 9.5138461 17.4784648 8.5500000 0.13 0.19 0.26
v 8.8094673 17.8438585 8.1500000 0.13 0.19 0.26
v 8.0910813 18.1808802 8.1500000 0.13 0.19 0.26
v 7.3598304 18.4889939 8.1500000 0.13 0.19 0.26
v 6.6168772 18.7677099 8.1500000 0.13 0.19 0.26
v 5.8634031 19.0165850 8.1500000 0.13 0.19 0.26
v 5.1006061 19.2352234 8.1500000 0.13 0.19 0.26
v 4.3296990 19.4232774 8.1500000 0.13 0.19 0.26
v 3.5519077 19.5804482 8.1500000 0.13 0.19 0.26
v 2.7684688 19.7064858 8.1500000 0.13 0.19 0.26
v 1.9806279 19.8011897 8.1500000 0.13 0.19 0.26
v 1.1896378 19.8644094 8.1500000 0.13 0.19 0.26
v 0.3967562 19.8960444 8.1500000 0.13 0.19 0.26
v -0.3967562 19.8960444 8.1500000 0.13 0.19 0.26
v -1.1896378 19.8644094 8.1500000 0.13 0.19 0.26
v -1.9806279 19.8011897 8.1500000 0.13 0.19 0.26
v -2.7684688 19.7064858 8.1500000 0.13 0.19 0.26
v -3.5519077 19.5804482 8.1500000 0.13 0.19 0.26
v -4.3296990 19.4232774 8.1500000 0.13 0.19 0.26
v -5.1006061 19.2352234 8.1500000 0.13 0.19 0.26
v -5.8634031 19.0165850 8.1500000 0.13 0.19 0.26
v -6.6168772 18.7677099 8.1500000 0.13 0.19 0.26
v -7.3598304 18.4889939 8.1500000 0.13 0.19 0.26
v -8.0910813 18.1808802 8.1500000 0.13 0.19 0.26
v -8.8094673 17.8438585 8.1500000 0.13 0.19 0.26
v -9.5138461 17.4784648 8.1500000 0.13 0.19 0.26
v -9.5138461 17.4784648 8.5500000 0.13 0.19 0.26
v 8.8094673 17.8438585 8.5500000 0.13 0.19 0.26
v 8.0910813 18.1808802 8.5500000 0.13 0.19 0.26
v 7.3598304 18.4889939 8.5500000 0.13 0.19 0.26
v 6.6168772 18.7677099 8.5500000 0.13 0.19 0.26
v 5.8634031 19.0165850 8.5500000 0.13 0.19 0.26
v 5.1006061 19.2352234 8.5500000 0.13 0.19 0.26
v 4.3296990 19.4232774 8.5500000 0.13 0.19 0.26
v 3.5519077 19.5804482 8.5500000 0.13 0.19 0.26
v 2.7684688 19.7064858 8.5500000 0.13 0.19 0.26
v 1.9806279 19.8011897 8.5500000 0.13 0.19 0.26
v 1.1896378 19.8644094 8.5500000 0.13 0.19 0.26
v 0.3967562 19.8960444 8.5500000 0.13 0.19 0.26
v -0.3967562 19.8960444 8.5500000 0.13 0.19 0.26
v -1.1896378 19.8644094 8.5500000 0.13 0.19 0.26
v -1.9806279 19.8011897 8.5500000 0.13 0.19 0.26
v -2.7684688 19.7064858 8.5500000 0.13 0.19 0.26
v -3.5519077 19.5804482 8.5500000 0.13 0.19 0.26
v -4.3296990 19.4232774 8.5500000 0.13 0.19 0.26
v -5.1006061 19.2352234 8.5500000 0.13 0.19 0.26
v -5.8634031 19.0165850 8.5500000 0.13 0.19 0.26
v -6.6168772 18.7677099 8.5500000 0.13 0.19 0.26
v -7.3598304 18.4889939 8.5500000 0.13 0.19 0.26
v -8.0910813 18.1808802 8.5500000 0.13 0.19 0.26
v -8.8094673 17.8438585 8.5500000 0.13 0.19 0.26
v 18.6000000 0.0000000 12.8000000 0.13 0.19 0.26
v 18.5852948 -0.7394712 12.8000000 0.13 0.19 0.26
v 18.5412024 -1.4777731 12.8000000 0.13 0.19 0.26
v 18.4677926 -2.2137384 12.8000000 0.13 0.19 0.26
v 18.3651814 -2.9462033 12.8000000 0.13 0.19 0.26
v 18.2335310 -3.6740096 12.8000000 0.13 0.19 0.26
v 18.0730497 -4.3960066 12.8000000 0.13 0.19 0.26
v 17.8839912 -5.1110525 12.8000000 0.13 0.19 0.26
v 17.6666545 -5.8180169 12.8000000 0.13 0.19 0.26
v 17.4213831 -6.5157818 12.8000000 0.13 0.19 0.26
v 17.1485649 -7.2032438 12.8000000 0.13 0.19 0.26
v 16.8486313 -7.8793161 12.8000000 0.13 0.19 0.26
v 16.5220566 -8.5429296 12.8000000 0.13 0.19 0.26
v 16.1693571 -9.1930349 12.8000000 0.13 0.19 0.26
v 15.7910905 -9.8286042 12.8000000 0.13 0.19 0.26
v 15.3878550 -10.4486324 12.8000000 0.13 0.19 0.26
v 14.9602881 -11.0521391 12.8000000 0.13 0.19 0.26
v 14.5090659 -11.6381702 12.8000000 0.13 0.19 0.26
v 14.0349019 -12.2057989 12.8000000 0.13 0.19 0.26
v 13.5385459 -12.7541278 12.8000000 0.13 0.19 0.26
v 13.0207826 -13.2822897 12.8000000 0.13 0.19 0.26
v 12.4824308 -13.7894497 12.8000000 0.13 0.19 0.26
v 11.9243417 -14.2748056 12.8000000 0.13 0.19 0.26
v 11.3473977 -14.7375902 12.8000000 0.13 0.19 0.26
v 10.7525112 -15.1770716 12.8000000 0.13 0.19 0.26
v 10.1406228 -15.5925550 12.8000000 0.13 0.19 0.26
v 9.5126999 -15.9833833 12.8000000 0.13 0.19 0.26
v 8.8697355 -16.3489385 12.8000000 0.13 0.19 0.26
v 8.2127463 -16.6886428 12.8000000 0.13 0.19 0.26
v 7.5427710 -17.0019589 12.8000000 0.13 0.19 0.26
v 6.8608690 -17.2883914 12.8000000 0.13 0.19 0.26
v 6.1681186 -17.5474874 12.8000000 0.13 0.19 0.26
v 5.4656151 -17.7788372 12.8000000 0.13 0.19 0.26
v 4.7544694 -17.9820750 12.8000000 0.13 0.19 0.26
v 4.0358058 -18.1568794 12.8000000 0.13 0.19 0.26
v 3.3107609 -18.3029741 12.8000000 0.13 0.19 0.26
v 2.5804809 -18.4201281 12.8000000 0.13 0.19 0.26
v 1.8461207 -18.5081560 12.8000000 0.13 0.19 0.26
v 1.1088413 -18.5669187 12.8000000 0.13 0.19 0.26
v 0.3698087 -18.5963233 12.8000000 0.13 0.19 0.26
v -0.3698087 -18.5963233 12.8000000 0.13 0.19 0.26
v -1.1088413 -18.5669187 12.8000000 0.13 0.19 0.26
v -1.8461207 -18.5081560 12.8000000 0.13 0.19 0.26
v -2.5804809 -18.4201281 12.8000000 0.13 0.19 0.26
v -3.3107609 -18.3029741 12.8000000 0.13 0.19 0.26
v -4.0358058 -18.1568794 12.8000000 0.13 0.19 0.26
v -4.7544694 -17.9820750 12.8000000 0.13 0.19 0.26
v -5.4656151 -17.7788372 12.8000000 0.13 0.19 0.26
v -6.1681186 -17.5474874 12.8000000 0.13 0.19 0.26
v -6.8608690 -17.2883914 12.8000000 0.13 0.19 0.26
v -7.5427710 -17.0019589 12.8000000 0.13 0.19 0.26
v -8.2127463 -16.6886428 12.8000000 0.13 0.19 0.26
v -8.8697355 -16.3489385 12.8000000 0.13 0.19 0.26
v -9.5126999 -15.9833833 12.8000000 0.13 0.19 0.26
v -10.1406228 -15.5925550 12.8000000 0.13 0.19 0.26
v -10.7525112 -15.1770716 12.8000000 0.13 0.19 0.26
v -11.3473977 -14.7375902 12.8000000 0.13 0.19 0.26
v -11.9243417 -14.2748056 12.8000000 0.13 0.19 0.26
v -12.4824308 -13.7894497 12.8000000 0.13 0.19 0.26
v -13.0207826 -13.2822897 12.8000000 0.13 0.19 0.26
v -13.5385459 -12.7541278 12.8000000 0.13 0.19 0.26
v -14.0349019 -12.2057989 12.8000000 0.13 0.19 0.26
v -14.5090659 -11.6381702 12.8000000 0.13 0.19 0.26
v -14.9602881 -11.0521391 12.8000000 0.13 0.19 0.26
v -15.3878550 -10.4486324 12.8000000 0.13 0.19 0.26
v -15.7910905 -9.8286042 12.8000000 0.13 0.19 0.26
v -16.1693571 -9.1930349 12.8000000 0.13 0.19 0.26
v -16.5220566 -8.5429296 12.8000000 0.13 0.19 0.26
v -16.8486313 -7.8793161 12.8000000 0.13 0.19 0.26
v -17.1485649 -7.2032438 12.8000000 0.13 0.19 0.26
v -17.4213831 -6.5157818 12.8000000 0.13 0.19 0.26
v -17.6666545 -5.8180169 12.8000000 0.13 0.19 0.26
v -17.8839912 -5.1110525 12.8000000 0.13 0.19 0.26
v -18.0730497 -4.3960066 12.8000000 0.13 0.19 0.26
v -18.2335310 -3.6740096 12.8000000 0.13 0.19 0.26
v -18.3651814 -2.9462033 12.8000000 0.13 0.19 0.26
v -18.4677926 -2.2137384 12.8000000 0.13 0.19 0.26
v -18.5412024 -1.4777731 12.8000000 0.13 0.19 0.26
v -18.5852948 -0.7394712 12.8000000 0.13 0.19 0.26
v -18.6000000 0.0000000 12.8000000 0.13 0.19 0.26
v -18.5852948 0.7394712 12.8000000 0.13 0.19 0.26
v -18.5412024 1.4777731 12.8000000 0.13 0.19 0.26
v -18.4677926 2.2137384 12.8000000 0.13 0.19 0.26
v -18.3651814 2.9462033 12.8000000 0.13 0.19 0.26
v -18.2335310 3.6740096 12.8000000 0.13 0.19 0.26
v -18.0730497 4.3960066 12.8000000 0.13 0.19 0.26
v -17.8839912 5.1110525 12.8000000 0.13 0.19 0.26
v -17.6666545 5.8180169 12.8000000 0.13 0.19 0.26
v -17.4213831 6.5157818 12.8000000 0.13 0.19 0.26
v -17.1485649 7.2032438 12.8000000 0.13 0.19 0.26
v -16.8486313 7.8793161 12.8000000 0.13 0.19 0.26
v -16.5220566 8.5429296 12.8000000 0.13 0.19 0.26
v -16.1693571 9.1930349 12.8000000 0.13 0.19 0.26
v -15.7910905 9.8286042 12.8000000 0.13 0.19 0.26
v -15.3878550 10.4486324 12.8000000 0.13 0.19 0.26
v -14.9602881 11.0521391 12.8000000 0.13 0.19 0.26
v -14.5090659 11.6381702 12.8000000 0.13 0.19 0.26
v -14.0349019 12.2057989 12.8000000 0.13 0.19 0.26
v -13.5385459 12.7541278 12.8000000 0.13 0.19 0.26
v -13.0207826 13.2822897 12.8000000 0.13 0.19 0.26
v -12.4824308 13.7894497 12.8000000 0.13 0.19 0.26
v -11.9243417 14.2748056 12.8000000 0.13 0.19 0.26
v -11.3473977 14.7375902 12.8000000 0.13 0.19 0.26
v -10.7525112 15.1770716 12.8000000 0.13 0.19 0.26
v -10.1406228 15.5925550 12.8000000 0.13 0.19 0.26
v -9.5126999 15.9833833 12.8000000 0.13 0.19 0.26
v -8.8697355 16.3489385 12.8000000 0.13 0.19 0.26
v -8.2127463 16.6886428 12.8000000 0.13 0.19 0.26
v -7.5427710 17.0019589 12.8000000 0.13 0.19 0.26
v -6.8608690 17.2883914 12.8000000 0.13 0.19 0.26
v -6.1681186 17.5474874 12.8000000 0.13 0.19 0.26
v -5.4656151 17.7788372 12.8000000 0.13 0.19 0.26
v -4.7544694 17.9820750 12.8000000 0.13 0.19 0.26
v -4.0358058 18.1568794 12.8000000 0.13 0.19 0.26
v -3.3107609 18.3029741 12.8000000 0.13 0.19 0.26
v -2.5804809 18.4201281 12.8000000 0.13 0.19 0.26
v -1.8461207 18.5081560 12.8000000 0.13 0.19 0.26
v -1.1088413 18.5669187 12.8000000 0.13 0.19 0.26
v -0.3698087 18.5963233 12.8000000 0.13 0.19 0.26
v 0.3698087 18.5963233 12.8000000 0.13 0.19 0.26
v 1.1088413 18.5669187 12.8000000 0.13 0.19 0.26
v 1.8461207 18.5081560 12.8000000 0.13 0.19 0.26
v 2.5804809 18.4201281 12.8000000 0.13 0.19 0.26
v 3.3107609 18.3029741 12.8000000 0.13 0.19 0.26
v 4.0358058 18.1568794 12.8000000 0.13 0.19 0.26
v 4.7544694 17.9820750 12.8000000 0.13 0.19 0.26
v 5.4656151 17.7788372 12.8000000 0.13 0.19 0.26
v 6.1681186 17.5474874 12.8000000 0.13 0.19 0.26
v 6.8608690 17.2883914 12.8000000 0.13 0.19 0.26
v 7.5427710 17.0019589 12.8000000 0.13 0.19 0.26
v 8.2127463 16.6886428 12.8000000 0.13 0.19 0.26
v 8.8697355 16.3489385 12.8000000 0.13 0.19 0.26
v 9.5126999 15.9833833 12.8000000 0.13 0.19 0.26
v 10.1406228 15.5925550 12.8000000 0.13 0.19 0.26
v 10.7525112 15.1770716 12.8000000 0.13 0.19 0.26
v 11.3473977 14.7375902 12.8000000 0.13 0.19 0.26
v 11.9243417 14.2748056 12.8000000 0.13 0.19 0.26
v 12.4824308 13.7894497 12.8000000 0.13 0.19 0.26
v 13.0207826 13.2822897 12.8000000 0.13 0.19 0.26
v 13.5385459 12.7541278 12.8000000 0.13 0.19 0.26
v 14.0349019 12.2057989 12.8000000 0.13 0.19 0.26
v 14.5090659 11.6381702 12.8000000 0.13 0.19 0.26
v 14.9602881 11.0521391 12.8000000 0.13 0.19 0.26
v 15.3878550 10.4486324 12.8000000 0.13 0.19 0.26
v 15.7910905 9.8286042 12.8000000 0.13 0.19 0.26
v 16.1693571 9.1930349 12.8000000 0.13 0.19 0.26
v 16.5220566 8.5429296 12.8000000 0.13 0.19 0.26
v 16.8486313 7.8793161 12.8000000 0.13 0.19 0.26
v 17.1485649 7.2032438 12.8000000 0.13 0.19 0.26
v 17.4213831 6.5157818 12.8000000 0.13 0.19 0.26
v 17.6666545 5.8180169 12.8000000 0.13 0.19 0.26
v 17.8839912 5.1110525 12.8000000 0.13 0.19 0.26
v 18.0730497 4.3960066 12.8000000 0.13 0.19 0.26
v 18.2335310 3.6740096 12.8000000 0.13 0.19 0.26
v 18.3651814 2.9462033 12.8000000 0.13 0.19 0.26
v 18.4677926 2.2137384 12.8000000 0.13 0.19 0.26
v 18.5412024 1.4777731 12.8000000 0.13 0.19 0.26
v 18.5852948 0.7394712 12.8000000 0.13 0.19 0.26
v 13.7000000 0.0000000 12.8000000 0.13 0.19 0.26
v 13.6891687 -0.5446643 12.8000000 0.13 0.19 0.26
v 13.6566921 -1.0884673 12.8000000 0.13 0.19 0.26
v 13.6026214 -1.6305492 12.8000000 0.13 0.19 0.26
v 13.5270422 -2.1700529 12.8000000 0.13 0.19 0.26
v 13.4300739 -2.7061253 12.8000000 0.13 0.19 0.26
v 13.3118700 -3.2379188 12.8000000 0.13 0.19 0.26
v 13.1726172 -3.7645925 12.8000000 0.13 0.19 0.26
v 13.0125358 -4.2853135 12.8000000 0.13 0.19 0.26
v 12.8318789 -4.7992586 12.8000000 0.13 0.19 0.26
v 12.6309322 -5.3056151 12.8000000 0.13 0.19 0.26
v 12.4100134 -5.8035823 12.8000000 0.13 0.19 0.26
v 12.1694718 -6.2923729 12.8000000 0.13 0.19 0.26
v 11.9096878 -6.7712139 12.8000000 0.13 0.19 0.26
v 11.6310721 -7.2393482 12.8000000 0.13 0.19 0.26
v 11.3340652 -7.6960357 12.8000000 0.13 0.19 0.26
v 11.0191369 -8.1405541 12.8000000 0.13 0.19 0.26
v 10.6867851 -8.5722006 12.8000000 0.13 0.19 0.26
v 10.3375353 -8.9902928 12.8000000 0.13 0.19 0.26
v 9.9719397 -9.3941694 12.8000000 0.13 0.19 0.26
v 9.5905764 -9.7831919 12.8000000 0.13 0.19 0.26
v 9.1940485 -10.1567452 12.8000000 0.13 0.19 0.26
v 8.7829828 -10.5142386 12.8000000 0.13 0.19 0.26
v 8.3580295 -10.8551068 12.8000000 0.13 0.19 0.26
v 7.9198604 -11.1788108 12.8000000 0.13 0.19 0.26
v 7.4691684 -11.4848389 12.8000000 0.13 0.19 0.26
v 7.0066661 -11.7727070 12.8000000 0.13 0.19 0.26
v 6.5330848 -12.0419601 12.8000000 0.13 0.19 0.26
v 6.0491733 -12.2921724 12.8000000 0.13 0.19 0.26
v 5.5556969 -12.5229482 12.8000000 0.13 0.19 0.26
v 5.0534358 -12.7339227 12.8000000 0.13 0.19 0.26
v 4.5431841 -12.9247622 12.8000000 0.13 0.19 0.26
v 4.0257488 -13.0951650 12.8000000 0.13 0.19 0.26
v 3.5019479 -13.2448617 12.8000000 0.13 0.19 0.26
v 2.9726097 -13.3736155 12.8000000 0.13 0.19 0.26
v 2.4385712 -13.4812229 12.8000000 0.13 0.19 0.26
v 1.9006768 -13.5675137 12.8000000 0.13 0.19 0.26
v 1.3597770 -13.6323515 12.8000000 0.13 0.19 0.26
v 0.8167272 -13.6756337 12.8000000 0.13 0.19 0.26
v 0.2723860 -13.6972919 12.8000000 0.13 0.19 0.26
v -0.2723860 -13.6972919 12.8000000 0.13 0.19 0.26
v -0.8167272 -13.6756337 12.8000000 0.13 0.19 0.26
v -1.3597770 -13.6323515 12.8000000 0.13 0.19 0.26
v -1.9006768 -13.5675137 12.8000000 0.13 0.19 0.26
v -2.4385712 -13.4812229 12.8000000 0.13 0.19 0.26
v -2.9726097 -13.3736155 12.8000000 0.13 0.19 0.26
v -3.5019479 -13.2448617 12.8000000 0.13 0.19 0.26
v -4.0257488 -13.0951650 12.8000000 0.13 0.19 0.26
v -4.5431841 -12.9247622 12.8000000 0.13 0.19 0.26
v -5.0534358 -12.7339227 12.8000000 0.13 0.19 0.26
v -5.5556969 -12.5229482 12.8000000 0.13 0.19 0.26
v -6.0491733 -12.2921724 12.8000000 0.13 0.19 0.26
v -6.5330848 -12.0419601 12.8000000 0.13 0.19 0.26
v -7.0066661 -11.7727070 12.8000000 0.13 0.19 0.26
v -7.4691684 -11.4848389 12.8000000 0.13 0.19 0.26
v -7.9198604 -11.1788108 12.8000000 0.13 0.19 0.26
v -8.3580295 -10.8551068 12.8000000 0.13 0.19 0.26
v -8.7829828 -10.5142386 12.8000000 0.13 0.19 0.26
v -9.1940485 -10.1567452 12.8000000 0.13 0.19 0.26
v -9.5905764 -9.7831919 12.8000000 0.13 0.19 0.26
v -9.9719397 -9.3941694 12.8000000 0.13 0.19 0.26
v -10.3375353 -8.9902928 12.8000000 0.13 0.19 0.26
v -10.6867851 -8.5722006 12.8000000 0.13 0.19 0.26
v -11.0191369 -8.1405541 12.8000000 0.13 0.19 0.26
v -11.3340652 -7.6960357 12.8000000 0.13 0.19 0.26
v -11.6310721 -7.2393482 12.8000000 0.13 0.19 0.26
v -11.9096878 -6.7712139 12.8000000 0.13 0.19 0.26
v -12.1694718 -6.2923729 12.8000000 0.13 0.19 0.26
v -12.4100134 -5.8035823 12.8000000 0.13 0.19 0.26
v -12.6309322 -5.3056151 12.8000000 0.13 0.19 0.26
v -12.8318789 -4.7992586 12.8000000 0.13 0.19 0.26
v -13.0125358 -4.2853135 12.8000000 0.13 0.19 0.26
v -13.1726172 -3.7645925 12.8000000 0.13 0.19 0.26
v -13.3118700 -3.2379188 12.8000000 0.13 0.19 0.26
v -13.4300739 -2.7061253 12.8000000 0.13 0.19 0.26
v -13.5270422 -2.1700529 12.8000000 0.13 0.19 0.26
v -13.6026214 -1.6305492 12.8000000 0.13 0.19 0.26
v -13.6566921 -1.0884673 12.8000000 0.13 0.19 0.26
v -13.6891687 -0.5446643 12.8000000 0.13 0.19 0.26
v -13.7000000 0.0000000 12.8000000 0.13 0.19 0.26
v -13.6891687 0.5446643 12.8000000 0.13 0.19 0.26
v -13.6566921 1.0884673 12.8000000 0.13 0.19 0.26
v -13.6026214 1.6305492 12.8000000 0.13 0.19 0.26
v -13.5270422 2.1700529 12.8000000 0.13 0.19 0.26
v -13.4300739 2.7061253 12.8000000 0.13 0.19 0.26
v -13.3118700 3.2379188 12.8000000 0.13 0.19 0.26
v -13.1726172 3.7645925 12.8000000 0.13 0.19 0.26
v -13.0125358 4.2853135 12.8000000 0.13 0.19 0.26
v -12.8318789 4.7992586 12.8000000 0.13 0.19 0.26
v -12.6309322 5.3056151 12.8000000 0.13 0.19 0.26
v -12.4100134 5.8035823 12.8000000 0.13 0.19 0.26
v -12.1694718 6.2923729 12.8000000 0.13 0.19 0.26
v -11.9096878 6.7712139 12.8000000 0.13 0.19 0.26
v -11.6310721 7.2393482 12.8000000 0.13 0.19 0.26
v -11.3340652 7.6960357 12.8000000 0.13 0.19 0.26
v -11.0191369 8.1405541 12.8000000 0.13 0.19 0.26
v -10.6867851 8.5722006 12.8000000 0.13 0.19 0.26
v -10.3375353 8.9902928 12.8000000 0.13 0.19 0.26
v -9.9719397 9.3941694 12.8000000 0.13 0.19 0.26
v -9.5905764 9.7831919 12.8000000 0.13 0.19 0.26
v -9.1940485 10.1567452 12.8000000 0.13 0.19 0.26
v -8.7829828 10.5142386 12.8000000 0.13 0.19 0.26
v -8.3580295 10.8551068 12.8000000 0.13 0.19 0.26
v -7.9198604 11.1788108 12.8000000 0.13 0.19 0.26
v -7.4691684 11.4848389 12.8000000 0.13 0.19 0.26
v -7.0066661 11.7727070 12.8000000 0.13 0.19 0.26
v -6.5330848 12.0419601 12.8000000 0.13 0.19 0.26
v -6.0491733 12.2921724 12.8000000 0.13 0.19 0.26
v -5.5556969 12.5229482 12.8000000 0.13 0.19 0.26
v -5.0534358 12.7339227 12.8000000 0.13 0.19 0.26
v -4.5431841 12.9247622 12.8000000 0.13 0.19 0.26
v -4.0257488 13.0951650 12.8000000 0.13 0.19 0.26
v -3.5019479 13.2448617 12.8000000 0.13 0.19 0.26
v -2.9726097 13.3736155 12.8000000 0.13 0.19 0.26
v -2.4385712 13.4812229 12.8000000 0.13 0.19 0.26
v -1.9006768 13.5675137 12.8000000 0.13 0.19 0.26
v -1.3597770 13.6323515 12.8000000 0.13 0.19 0.26
v -0.8167272 13.6756337 12.8000000 0.13 0.19 0.26
v -0.2723860 13.6972919 12.8000000 0.13 0.19 0.26
v 0.2723860 13.6972919 12.8000000 0.13 0.19 0.26
v 0.8167272 13.6756337 12.8000000 0.13 0.19 0.26
v 1.3597770 13.6323515 12.8000000 0.13 0.19 0.26
v 1.9006768 13.5675137 12.8000000 0.13 0.19 0.26
v 2.4385712 13.4812229 12.8000000 0.13 0.19 0.26
v 2.9726097 13.3736155 12.8000000 0.13 0.19 0.26
v 3.5019479 13.2448617 12.8000000 0.13 0.19 0.26
v 4.0257488 13.0951650 12.8000000 0.13 0.19 0.26
v 4.5431841 12.9247622 12.8000000 0.13 0.19 0.26
v 5.0534358 12.7339227 12.8000000 0.13 0.19 0.26
v 5.5556969 12.5229482 12.8000000 0.13 0.19 0.26
v 6.0491733 12.2921724 12.8000000 0.13 0.19 0.26
v 6.5330848 12.0419601 12.8000000 0.13 0.19 0.26
v 7.0066661 11.7727070 12.8000000 0.13 0.19 0.26
v 7.4691684 11.4848389 12.8000000 0.13 0.19 0.26
v 7.9198604 11.1788108 12.8000000 0.13 0.19 0.26
v 8.3580295 10.8551068 12.8000000 0.13 0.19 0.26
v 8.7829828 10.5142386 12.8000000 0.13 0.19 0.26
v 9.1940485 10.1567452 12.8000000 0.13 0.19 0.26
v 9.5905764 9.7831919 12.8000000 0.13 0.19 0.26
v 9.9719397 9.3941694 12.8000000 0.13 0.19 0.26
v 10.3375353 8.9902928 12.8000000 0.13 0.19 0.26
v 10.6867851 8.5722006 12.8000000 0.13 0.19 0.26
v 11.0191369 8.1405541 12.8000000 0.13 0.19 0.26
v 11.3340652 7.6960357 12.8000000 0.13 0.19 0.26
v 11.6310721 7.2393482 12.8000000 0.13 0.19 0.26
v 11.9096878 6.7712139 12.8000000 0.13 0.19 0.26
v 12.1694718 6.2923729 12.8000000 0.13 0.19 0.26
v 12.4100134 5.8035823 12.8000000 0.13 0.19 0.26
v 12.6309322 5.3056151 12.8000000 0.13 0.19 0.26
v 12.8318789 4.7992586 12.8000000 0.13 0.19 0.26
v 13.0125358 4.2853135 12.8000000 0.13 0.19 0.26
v 13.1726172 3.7645925 12.8000000 0.13 0.19 0.26
v 13.3118700 3.2379188 12.8000000 0.13 0.19 0.26
v 13.4300739 2.7061253 12.8000000 0.13 0.19 0.26
v 13.5270422 2.1700529 12.8000000 0.13 0.19 0.26
v 13.6026214 1.6305492 12.8000000 0.13 0.19 0.26
v 13.6566921 1.0884673 12.8000000 0.13 0.19 0.26
v 13.6891687 0.5446643 12.8000000 0.13 0.19 0.26
v 13.7000000 0.0000000 10.2500000 0.13 0.19 0.26
v 13.6891687 0.5446643 10.2500000 0.13 0.19 0.26
v 13.6566921 1.0884673 10.2500000 0.13 0.19 0.26
v 13.6026214 1.6305492 10.2500000 0.13 0.19 0.26
v 13.5270422 2.1700529 10.2500000 0.13 0.19 0.26
v 13.4300739 2.7061253 10.2500000 0.13 0.19 0.26
v 13.3118700 3.2379188 10.2500000 0.13 0.19 0.26
v 13.1726172 3.7645925 10.2500000 0.13 0.19 0.26
v 13.0125358 4.2853135 10.2500000 0.13 0.19 0.26
v 12.8318789 4.7992586 10.2500000 0.13 0.19 0.26
v 12.6309322 5.3056151 10.2500000 0.13 0.19 0.26
v 12.4100134 5.8035823 10.2500000 0.13 0.19 0.26
v 12.1694718 6.2923729 10.2500000 0.13 0.19 0.26
v 11.9096878 6.7712139 10.2500000 0.13 0.19 0.26
v 11.6310721 7.2393482 10.2500000 0.13 0.19 0.26
v 11.3340652 7.6960357 10.2500000 0.13 0.19 0.26
v 11.0191369 8.1405541 10.2500000 0.13 0.19 0.26
v 10.6867851 8.5722006 10.2500000 0.13 0.19 0.26
v 10.3375353 8.9902928 10.2500000 0.13 0.19 0.26
v 9.9719397 9.3941694 10.2500000 0.13 0.19 0.26
v 9.5905764 9.7831919 10.2500000 0.13 0.19 0.26
v 9.1940485 10.1567452 10.2500000 0.13 0.19 0.26
v 8.7829828 10.5142386 10.2500000 0.13 0.19 0.26
v 8.3580295 10.8551068 10.2500000 0.13 0.19 0.26
v 7.9198604 11.1788108 10.2500000 0.13 0.19 0.26
v 7.4691684 11.4848389 10.2500000 0.13 0.19 0.26
v 7.0066661 11.7727070 10.2500000 0.13 0.19 0.26
v 6.5330848 12.0419601 10.2500000 0.13 0.19 0.26
v 6.0491733 12.2921724 10.2500000 0.13 0.19 0.26
v 5.5556969 12.5229482 10.2500000 0.13 0.19 0.26
v 5.0534358 12.7339227 10.2500000 0.13 0.19 0.26
v 4.5431841 12.9247622 10.2500000 0.13 0.19 0.26
v 4.0257488 13.0951650 10.2500000 0.13 0.19 0.26
v 3.5019479 13.2448617 10.2500000 0.13 0.19 0.26
v 2.9726097 13.3736155 10.2500000 0.13 0.19 0.26
v 2.4385712 13.4812229 10.2500000 0.13 0.19 0.26
v 1.9006768 13.5675137 10.2500000 0.13 0.19 0.26
v 1.3597770 13.6323515 10.2500000 0.13 0.19 0.26
v 0.8167272 13.6756337 10.2500000 0.13 0.19 0.26
v 0.2723860 13.6972919 10.2500000 0.13 0.19 0.26
v -0.2723860 13.6972919 10.2500000 0.13 0.19 0.26
v -0.8167272 13.6756337 10.2500000 0.13 0.19 0.26
v -1.3597770 13.6323515 10.2500000 0.13 0.19 0.26
v -1.9006768 13.5675137 10.2500000 0.13 0.19 0.26
v -2.4385712 13.4812229 10.2500000 0.13 0.19 0.26
v -2.9726097 13.3736155 10.2500000 0.13 0.19 0.26
v -3.5019479 13.2448617 10.2500000 0.13 0.19 0.26
v -4.0257488 13.0951650 10.2500000 0.13 0.19 0.26
v -4.5431841 12.9247622 10.2500000 0.13 0.19 0.26
v -5.0534358 12.7339227 10.2500000 0.13 0.19 0.26
v -5.5556969 12.5229482 10.2500000 0.13 0.19 0.26
v -6.0491733 12.2921724 10.2500000 0.13 0.19 0.26
v -6.5330848 12.0419601 10.2500000 0.13 0.19 0.26
v -7.0066661 11.7727070 10.2500000 0.13 0.19 0.26
v -7.4691684 11.4848389 10.2500000 0.13 0.19 0.26
v -7.9198604 11.1788108 10.2500000 0.13 0.19 0.26
v -8.3580295 10.8551068 10.2500000 0.13 0.19 0.26
v -8.7829828 10.5142386 10.2500000 0.13 0.19 0.26
v -9.1940485 10.1567452 10.2500000 0.13 0.19 0.26
v -9.5905764 9.7831919 10.2500000 0.13 0.19 0.26
v -9.9719397 9.3941694 10.2500000 0.13 0.19 0.26
v -10.3375353 8.9902928 10.2500000 0.13 0.19 0.26
v -10.6867851 8.5722006 10.2500000 0.13 0.19 0.26
v -11.0191369 8.1405541 10.2500000 0.13 0.19 0.26
v -11.3340652 7.6960357 10.2500000 0.13 0.19 0.26
v -11.6310721 7.2393482 10.2500000 0.13 0.19 0.26
v -11.9096878 6.7712139 10.2500000 0.13 0.19 0.26
v -12.1694718 6.2923729 10.2500000 0.13 0.19 0.26
v -12.4100134 5.8035823 10.2500000 0.13 0.19 0.26
v -12.6309322 5.3056151 10.2500000 0.13 0.19 0.26
v -12.8318789 4.7992586 10.2500000 0.13 0.19 0.26
v -13.0125358 4.2853135 10.2500000 0.13 0.19 0.26
v -13.1726172 3.7645925 10.2500000 0.13 0.19 0.26
v -13.3118700 3.2379188 10.2500000 0.13 0.19 0.26
v -13.4300739 2.7061253 10.2500000 0.13 0.19 0.26
v -13.5270422 2.1700529 10.2500000 0.13 0.19 0.26
v -13.6026214 1.6305492 10.2500000 0.13 0.19 0.26
v -13.6566921 1.0884673 10.2500000 0.13 0.19 0.26
v -13.6891687 0.5446643 10.2500000 0.13 0.19 0.26
v -13.7000000 -0.0000000 10.2500000 0.13 0.19 0.26
v -13.6891687 -0.5446643 10.2500000 0.13 0.19 0.26
v -13.6566921 -1.0884673 10.2500000 0.13 0.19 0.26
v -13.6026214 -1.6305492 10.2500000 0.13 0.19 0.26
v -13.5270422 -2.1700529 10.2500000 0.13 0.19 0.26
v -13.4300739 -2.7061253 10.2500000 0.13 0.19 0.26
v -13.3118700 -3.2379188 10.2500000 0.13 0.19 0.26
v -13.1726172 -3.7645925 10.2500000 0.13 0.19 0.26
v -13.0125358 -4.2853135 10.2500000 0.13 0.19 0.26
v -12.8318789 -4.7992586 10.2500000 0.13 0.19 0.26
v -12.6309322 -5.3056151 10.2500000 0.13 0.19 0.26
v -12.4100134 -5.8035823 10.2500000 0.13 0.19 0.26
v -12.1694718 -6.2923729 10.2500000 0.13 0.19 0.26
v -11.9096878 -6.7712139 10.2500000 0.13 0.19 0.26
v -11.6310721 -7.2393482 10.2500000 0.13 0.19 0.26
v -11.3340652 -7.6960357 10.2500000 0.13 0.19 0.26
v -11.0191369 -8.1405541 10.2500000 0.13 0.19 0.26
v -10.6867851 -8.5722006 10.2500000 0.13 0.19 0.26
v -10.3375353 -8.9902928 10.2500000 0.13 0.19 0.26
v -9.9719397 -9.3941694 10.2500000 0.13 0.19 0.26
v -9.5905764 -9.7831919 10.2500000 0.13 0.19 0.26
v -9.1940485 -10.1567452 10.2500000 0.13 0.19 0.26
v -8.7829828 -10.5142386 10.2500000 0.13 0.19 0.26
v -8.3580295 -10.8551068 10.2500000 0.13 0.19 0.26
v -7.9198604 -11.1788108 10.2500000 0.13 0.19 0.26
v -7.4691684 -11.4848389 10.2500000 0.13 0.19 0.26
v -7.0066661 -11.7727070 10.2500000 0.13 0.19 0.26
v -6.5330848 -12.0419601 10.2500000 0.13 0.19 0.26
v -6.0491733 -12.2921724 10.2500000 0.13 0.19 0.26
v -5.5556969 -12.5229482 10.2500000 0.13 0.19 0.26
v -5.0534358 -12.7339227 10.2500000 0.13 0.19 0.26
v -4.5431841 -12.9247622 10.2500000 0.13 0.19 0.26
v -4.0257488 -13.0951650 10.2500000 0.13 0.19 0.26
v -3.5019479 -13.2448617 10.2500000 0.13 0.19 0.26
v -2.9726097 -13.3736155 10.2500000 0.13 0.19 0.26
v -2.4385712 -13.4812229 10.2500000 0.13 0.19 0.26
v -1.9006768 -13.5675137 10.2500000 0.13 0.19 0.26
v -1.3597770 -13.6323515 10.2500000 0.13 0.19 0.26
v -0.8167272 -13.6756337 10.2500000 0.13 0.19 0.26
v -0.2723860 -13.6972919 10.2500000 0.13 0.19 0.26
v 0.2723860 -13.6972919 10.2500000 0.13 0.19 0.26
v 0.8167272 -13.6756337 10.2500000 0.13 0.19 0.26
v 1.3597770 -13.6323515 10.2500000 0.13 0.19 0.26
v 1.9006768 -13.5675137 10.2500000 0.13 0.19 0.26
v 2.4385712 -13.4812229 10.2500000 0.13 0.19 0.26
v 2.9726097 -13.3736155 10.2500000 0.13 0.19 0.26
v 3.5019479 -13.2448617 10.2500000 0.13 0.19 0.26
v 4.0257488 -13.0951650 10.2500000 0.13 0.19 0.26
v 4.5431841 -12.9247622 10.2500000 0.13 0.19 0.26
v 5.0534358 -12.7339227 10.2500000 0.13 0.19 0.26
v 5.5556969 -12.5229482 10.2500000 0.13 0.19 0.26
v 6.0491733 -12.2921724 10.2500000 0.13 0.19 0.26
v 6.5330848 -12.0419601 10.2500000 0.13 0.19 0.26
v 7.0066661 -11.7727070 10.2500000 0.13 0.19 0.26
v 7.4691684 -11.4848389 10.2500000 0.13 0.19 0.26
v 7.9198604 -11.1788108 10.2500000 0.13 0.19 0.26
v 8.3580295 -10.8551068 10.2500000 0.13 0.19 0.26
v 8.7829828 -10.5142386 10.2500000 0.13 0.19 0.26
v 9.1940485 -10.1567452 10.2500000 0.13 0.19 0.26
v 9.5905764 -9.7831919 10.2500000 0.13 0.19 0.26
v 9.9719397 -9.3941694 10.2500000 0.13 0.19 0.26
v 10.3375353 -8.9902928 10.2500000 0.13 0.19 0.26
v 10.6867851 -8.5722006 10.2500000 0.13 0.19 0.26
v 11.0191369 -8.1405541 10.2500000 0.13 0.19 0.26
v 11.3340652 -7.6960357 10.2500000 0.13 0.19 0.26
v 11.6310721 -7.2393482 10.2500000 0.13 0.19 0.26
v 11.9096878 -6.7712139 10.2500000 0.13 0.19 0.26
v 12.1694718 -6.2923729 10.2500000 0.13 0.19 0.26
v 12.4100134 -5.8035823 10.2500000 0.13 0.19 0.26
v 12.6309322 -5.3056151 10.2500000 0.13 0.19 0.26
v 12.8318789 -4.7992586 10.2500000 0.13 0.19 0.26
v 13.0125358 -4.2853135 10.2500000 0.13 0.19 0.26
v 13.1726172 -3.7645925 10.2500000 0.13 0.19 0.26
v 13.3118700 -3.2379188 10.2500000 0.13 0.19 0.26
v 13.4300739 -2.7061253 10.2500000 0.13 0.19 0.26
v 13.5270422 -2.1700529 10.2500000 0.13 0.19 0.26
v 13.6026214 -1.6305492 10.2500000 0.13 0.19 0.26
v 13.6566921 -1.0884673 10.2500000 0.13 0.19 0.26
v 13.6891687 -0.5446643 10.2500000 0.13 0.19 0.26
v 13.7000000 0.0000000 10.2500000 0.13 0.19 0.26
v 13.7000000 0.0000000 12.8000000 0.13 0.19 0.26
v 13.7000000 0.0000000 12.8000000 0.13 0.19 0.26
v 13.6891687 -0.5446643 12.8000000 0.13 0.19 0.26
v 13.6566921 -1.0884673 12.8000000 0.13 0.19 0.26
v 13.6026214 -1.6305492 12.8000000 0.13 0.19 0.26
v 13.5270422 -2.1700529 12.8000000 0.13 0.19 0.26
v 13.4300739 -2.7061253 12.8000000 0.13 0.19 0.26
v 13.3118700 -3.2379188 12.8000000 0.13 0.19 0.26
v 13.1726172 -3.7645925 12.8000000 0.13 0.19 0.26
v 13.0125358 -4.2853135 12.8000000 0.13 0.19 0.26
v 12.8318789 -4.7992586 12.8000000 0.13 0.19 0.26
v 12.6309322 -5.3056151 12.8000000 0.13 0.19 0.26
v 12.4100134 -5.8035823 12.8000000 0.13 0.19 0.26
v 12.1694718 -6.2923729 12.8000000 0.13 0.19 0.26
v 11.9096878 -6.7712139 12.8000000 0.13 0.19 0.26
v 11.6310721 -7.2393482 12.8000000 0.13 0.19 0.26
v 11.3340652 -7.6960357 12.8000000 0.13 0.19 0.26
v 11.0191369 -8.1405541 12.8000000 0.13 0.19 0.26
v 10.6867851 -8.5722006 12.8000000 0.13 0.19 0.26
v 10.3375353 -8.9902928 12.8000000 0.13 0.19 0.26
v 9.9719397 -9.3941694 12.8000000 0.13 0.19 0.26
v 9.5905764 -9.7831919 12.8000000 0.13 0.19 0.26
v 9.1940485 -10.1567452 12.8000000 0.13 0.19 0.26
v 8.7829828 -10.5142386 12.8000000 0.13 0.19 0.26
v 8.3580295 -10.8551068 12.8000000 0.13 0.19 0.26
v 7.9198604 -11.1788108 12.8000000 0.13 0.19 0.26
v 7.4691684 -11.4848389 12.8000000 0.13 0.19 0.26
v 7.0066661 -11.7727070 12.8000000 0.13 0.19 0.26
v 6.5330848 -12.0419601 12.8000000 0.13 0.19 0.26
v 6.0491733 -12.2921724 12.8000000 0.13 0.19 0.26
v 5.5556969 -12.5229482 12.8000000 0.13 0.19 0.26
v 5.0534358 -12.7339227 12.8000000 0.13 0.19 0.26
v 4.5431841 -12.9247622 12.8000000 0.13 0.19 0.26
v 4.0257488 -13.0951650 12.8000000 0.13 0.19 0.26
v 3.5019479 -13.2448617 12.8000000 0.13 0.19 0.26
v 2.9726097 -13.3736155 12.8000000 0.13 0.19 0.26
v 2.4385712 -13.4812229 12.8000000 0.13 0.19 0.26
v 1.9006768 -13.5675137 12.8000000 0.13 0.19 0.26
v 1.3597770 -13.6323515 12.8000000 0.13 0.19 0.26
v 0.8167272 -13.6756337 12.8000000 0.13 0.19 0.26
v 0.2723860 -13.6972919 12.8000000 0.13 0.19 0.26
v -0.2723860 -13.6972919 12.8000000 0.13 0.19 0.26
v -0.8167272 -13.6756337 12.8000000 0.13 0.19 0.26
v -1.3597770 -13.6323515 12.8000000 0.13 0.19 0.26
v -1.9006768 -13.5675137 12.8000000 0.13 0.19 0.26
v -2.4385712 -13.4812229 12.8000000 0.13 0.19 0.26
v -2.9726097 -13.3736155 12.8000000 0.13 0.19 0.26
v -3.5019479 -13.2448617 12.8000000 0.13 0.19 0.26
v -4.0257488 -13.0951650 12.8000000 0.13 0.19 0.26
v -4.5431841 -12.9247622 12.8000000 0.13 0.19 0.26
v -5.0534358 -12.7339227 12.8000000 0.13 0.19 0.26
v -5.5556969 -12.5229482 12.8000000 0.13 0.19 0.26
v -6.0491733 -12.2921724 12.8000000 0.13 0.19 0.26
v -6.5330848 -12.0419601 12.8000000 0.13 0.19 0.26
v -7.0066661 -11.7727070 12.8000000 0.13 0.19 0.26
v -7.4691684 -11.4848389 12.8000000 0.13 0.19 0.26
v -7.9198604 -11.1788108 12.8000000 0.13 0.19 0.26
v -8.3580295 -10.8551068 12.8000000 0.13 0.19 0.26
v -8.7829828 -10.5142386 12.8000000 0.13 0.19 0.26
v -9.1940485 -10.1567452 12.8000000 0.13 0.19 0.26
v -9.5905764 -9.7831919 12.8000000 0.13 0.19 0.26
v -9.9719397 -9.3941694 12.8000000 0.13 0.19 0.26
v -10.3375353 -8.9902928 12.8000000 0.13 0.19 0.26
v -10.6867851 -8.5722006 12.8000000 0.13 0.19 0.26
v -11.0191369 -8.1405541 12.8000000 0.13 0.19 0.26
v -11.3340652 -7.6960357 12.8000000 0.13 0.19 0.26
v -11.6310721 -7.2393482 12.8000000 0.13 0.19 0.26
v -11.9096878 -6.7712139 12.8000000 0.13 0.19 0.26
v -12.1694718 -6.2923729 12.8000000 0.13 0.19 0.26
v -12.4100134 -5.8035823 12.8000000 0.13 0.19 0.26
v -12.6309322 -5.3056151 12.8000000 0.13 0.19 0.26
v -12.8318789 -4.7992586 12.8000000 0.13 0.19 0.26
v -13.0125358 -4.2853135 12.8000000 0.13 0.19 0.26
v -13.1726172 -3.7645925 12.8000000 0.13 0.19 0.26
v -13.3118700 -3.2379188 12.8000000 0.13 0.19 0.26
v -13.4300739 -2.7061253 12.8000000 0.13 0.19 0.26
v -13.5270422 -2.1700529 12.8000000 0.13 0.19 0.26
v -13.6026214 -1.6305492 12.8000000 0.13 0.19 0.26
v -13.6566921 -1.0884673 12.8000000 0.13 0.19 0.26
v -13.6891687 -0.5446643 12.8000000 0.13 0.19 0.26
v -13.7000000 0.0000000 12.8000000 0.13 0.19 0.26
v -13.6891687 0.5446643 12.8000000 0.13 0.19 0.26
v -13.6566921 1.0884673 12.8000000 0.13 0.19 0.26
v -13.6026214 1.6305492 12.8000000 0.13 0.19 0.26
v -13.5270422 2.1700529 12.8000000 0.13 0.19 0.26
v -13.4300739 2.7061253 12.8000000 0.13 0.19 0.26
v -13.3118700 3.2379188 12.8000000 0.13 0.19 0.26
v -13.1726172 3.7645925 12.8000000 0.13 0.19 0.26
v -13.0125358 4.2853135 12.8000000 0.13 0.19 0.26
v -12.8318789 4.7992586 12.8000000 0.13 0.19 0.26
v -12.6309322 5.3056151 12.8000000 0.13 0.19 0.26
v -12.4100134 5.8035823 12.8000000 0.13 0.19 0.26
v -12.1694718 6.2923729 12.8000000 0.13 0.19 0.26
v -11.9096878 6.7712139 12.8000000 0.13 0.19 0.26
v -11.6310721 7.2393482 12.8000000 0.13 0.19 0.26
v -11.3340652 7.6960357 12.8000000 0.13 0.19 0.26
v -11.0191369 8.1405541 12.8000000 0.13 0.19 0.26
v -10.6867851 8.5722006 12.8000000 0.13 0.19 0.26
v -10.3375353 8.9902928 12.8000000 0.13 0.19 0.26
v -9.9719397 9.3941694 12.8000000 0.13 0.19 0.26
v -9.5905764 9.7831919 12.8000000 0.13 0.19 0.26
v -9.1940485 10.1567452 12.8000000 0.13 0.19 0.26
v -8.7829828 10.5142386 12.8000000 0.13 0.19 0.26
v -8.3580295 10.8551068 12.8000000 0.13 0.19 0.26
v -7.9198604 11.1788108 12.8000000 0.13 0.19 0.26
v -7.4691684 11.4848389 12.8000000 0.13 0.19 0.26
v -7.0066661 11.7727070 12.8000000 0.13 0.19 0.26
v -6.5330848 12.0419601 12.8000000 0.13 0.19 0.26
v -6.0491733 12.2921724 12.8000000 0.13 0.19 0.26
v -5.5556969 12.5229482 12.8000000 0.13 0.19 0.26
v -5.0534358 12.7339227 12.8000000 0.13 0.19 0.26
v -4.5431841 12.9247622 12.8000000 0.13 0.19 0.26
v -4.0257488 13.0951650 12.8000000 0.13 0.19 0.26
v -3.5019479 13.2448617 12.8000000 0.13 0.19 0.26
v -2.9726097 13.3736155 12.8000000 0.13 0.19 0.26
v -2.4385712 13.4812229 12.8000000 0.13 0.19 0.26
v -1.9006768 13.5675137 12.8000000 0.13 0.19 0.26
v -1.3597770 13.6323515 12.8000000 0.13 0.19 0.26
v -0.8167272 13.6756337 12.8000000 0.13 0.19 0.26
v -0.2723860 13.6972919 12.8000000 0.13 0.19 0.26
v 0.2723860 13.6972919 12.8000000 0.13 0.19 0.26
v 0.8167272 13.6756337 12.8000000 0.13 0.19 0.26
v 1.3597770 13.6323515 12.8000000 0.13 0.19 0.26
v 1.9006768 13.5675137 12.8000000 0.13 0.19 0.26
v 2.4385712 13.4812229 12.8000000 0.13 0.19 0.26
v 2.9726097 13.3736155 12.8000000 0.13 0.19 0.26
v 3.5019479 13.2448617 12.8000000 0.13 0.19 0.26
v 4.0257488 13.0951650 12.8000000 0.13 0.19 0.26
v 4.5431841 12.9247622 12.8000000 0.13 0.19 0.26
v 5.0534358 12.7339227 12.8000000 0.13 0.19 0.26
v 5.5556969 12.5229482 12.8000000 0.13 0.19 0.26
v 6.0491733 12.2921724 12.8000000 0.13 0.19 0.26
v 6.5330848 12.0419601 12.8000000 0.13 0.19 0.26
v 7.0066661 11.7727070 12.8000000 0.13 0.19 0.26
v 7.4691684 11.4848389 12.8000000 0.13 0.19 0.26
v 7.9198604 11.1788108 12.8000000 0.13 0.19 0.26
v 8.3580295 10.8551068 12.8000000 0.13 0.19 0.26
v 8.7829828 10.5142386 12.8000000 0.13 0.19 0.26
v 9.1940485 10.1567452 12.8000000 0.13 0.19 0.26
v 9.5905764 9.7831919 12.8000000 0.13 0.19 0.26
v 9.9719397 9.3941694 12.8000000 0.13 0.19 0.26
v 10.3375353 8.9902928 12.8000000 0.13 0.19 0.26
v 10.6867851 8.5722006 12.8000000 0.13 0.19 0.26
v 11.0191369 8.1405541 12.8000000 0.13 0.19 0.26
v 11.3340652 7.6960357 12.8000000 0.13 0.19 0.26
v 11.6310721 7.2393482 12.8000000 0.13 0.19 0.26
v 11.9096878 6.7712139 12.8000000 0.13 0.19 0.26
v 12.1694718 6.2923729 12.8000000 0.13 0.19 0.26
v 12.4100134 5.8035823 12.8000000 0.13 0.19 0.26
v 12.6309322 5.3056151 12.8000000 0.13 0.19 0.26
v 12.8318789 4.7992586 12.8000000 0.13 0.19 0.26
v 13.0125358 4.2853135 12.8000000 0.13 0.19 0.26
v 13.1726172 3.7645925 12.8000000 0.13 0.19 0.26
v 13.3118700 3.2379188 12.8000000 0.13 0.19 0.26
v 13.4300739 2.7061253 12.8000000 0.13 0.19 0.26
v 13.5270422 2.1700529 12.8000000 0.13 0.19 0.26
v 13.6026214 1.6305492 12.8000000 0.13 0.19 0.26
v 13.6566921 1.0884673 12.8000000 0.13 0.19 0.26
v 13.6891687 0.5446643 12.8000000 0.13 0.19 0.26
v 13.7000000 0.0000000 10.2500000 0.13 0.19 0.26
v 13.6891687 0.5446643 10.2500000 0.13 0.19 0.26
v 13.6566921 1.0884673 10.2500000 0.13 0.19 0.26
v 13.6026214 1.6305492 10.2500000 0.13 0.19 0.26
v 13.5270422 2.1700529 10.2500000 0.13 0.19 0.26
v 13.4300739 2.7061253 10.2500000 0.13 0.19 0.26
v 13.3118700 3.2379188 10.2500000 0.13 0.19 0.26
v 13.1726172 3.7645925 10.2500000 0.13 0.19 0.26
v 13.0125358 4.2853135 10.2500000 0.13 0.19 0.26
v 12.8318789 4.7992586 10.2500000 0.13 0.19 0.26
v 12.6309322 5.3056151 10.2500000 0.13 0.19 0.26
v 12.4100134 5.8035823 10.2500000 0.13 0.19 0.26
v 12.1694718 6.2923729 10.2500000 0.13 0.19 0.26
v 11.9096878 6.7712139 10.2500000 0.13 0.19 0.26
v 11.6310721 7.2393482 10.2500000 0.13 0.19 0.26
v 11.3340652 7.6960357 10.2500000 0.13 0.19 0.26
v 11.0191369 8.1405541 10.2500000 0.13 0.19 0.26
v 10.6867851 8.5722006 10.2500000 0.13 0.19 0.26
v 10.3375353 8.9902928 10.2500000 0.13 0.19 0.26
v 9.9719397 9.3941694 10.2500000 0.13 0.19 0.26
v 9.5905764 9.7831919 10.2500000 0.13 0.19 0.26
v 9.1940485 10.1567452 10.2500000 0.13 0.19 0.26
v 8.7829828 10.5142386 10.2500000 0.13 0.19 0.26
v 8.3580295 10.8551068 10.2500000 0.13 0.19 0.26
v 7.9198604 11.1788108 10.2500000 0.13 0.19 0.26
v 7.4691684 11.4848389 10.2500000 0.13 0.19 0.26
v 7.0066661 11.7727070 10.2500000 0.13 0.19 0.26
v 6.5330848 12.0419601 10.2500000 0.13 0.19 0.26
v 6.0491733 12.2921724 10.2500000 0.13 0.19 0.26
v 5.5556969 12.5229482 10.2500000 0.13 0.19 0.26
v 5.0534358 12.7339227 10.2500000 0.13 0.19 0.26
v 4.5431841 12.9247622 10.2500000 0.13 0.19 0.26
v 4.0257488 13.0951650 10.2500000 0.13 0.19 0.26
v 3.5019479 13.2448617 10.2500000 0.13 0.19 0.26
v 2.9726097 13.3736155 10.2500000 0.13 0.19 0.26
v 2.4385712 13.4812229 10.2500000 0.13 0.19 0.26
v 1.9006768 13.5675137 10.2500000 0.13 0.19 0.26
v 1.3597770 13.6323515 10.2500000 0.13 0.19 0.26
v 0.8167272 13.6756337 10.2500000 0.13 0.19 0.26
v 0.2723860 13.6972919 10.2500000 0.13 0.19 0.26
v -0.2723860 13.6972919 10.2500000 0.13 0.19 0.26
v -0.8167272 13.6756337 10.2500000 0.13 0.19 0.26
v -1.3597770 13.6323515 10.2500000 0.13 0.19 0.26
v -1.9006768 13.5675137 10.2500000 0.13 0.19 0.26
v -2.4385712 13.4812229 10.2500000 0.13 0.19 0.26
v -2.9726097 13.3736155 10.2500000 0.13 0.19 0.26
v -3.5019479 13.2448617 10.2500000 0.13 0.19 0.26
v -4.0257488 13.0951650 10.2500000 0.13 0.19 0.26
v -4.5431841 12.9247622 10.2500000 0.13 0.19 0.26
v -5.0534358 12.7339227 10.2500000 0.13 0.19 0.26
v -5.5556969 12.5229482 10.2500000 0.13 0.19 0.26
v -6.0491733 12.2921724 10.2500000 0.13 0.19 0.26
v -6.5330848 12.0419601 10.2500000 0.13 0.19 0.26
v -7.0066661 11.7727070 10.2500000 0.13 0.19 0.26
v -7.4691684 11.4848389 10.2500000 0.13 0.19 0.26
v -7.9198604 11.1788108 10.2500000 0.13 0.19 0.26
v -8.3580295 10.8551068 10.2500000 0.13 0.19 0.26
v -8.7829828 10.5142386 10.2500000 0.13 0.19 0.26
v -9.1940485 10.1567452 10.2500000 0.13 0.19 0.26
v -9.5905764 9.7831919 10.2500000 0.13 0.19 0.26
v -9.9719397 9.3941694 10.2500000 0.13 0.19 0.26
v -10.3375353 8.9902928 10.2500000 0.13 0.19 0.26
v -10.6867851 8.5722006 10.2500000 0.13 0.19 0.26
v -11.0191369 8.1405541 10.2500000 0.13 0.19 0.26
v -11.3340652 7.6960357 10.2500000 0.13 0.19 0.26
v -11.6310721 7.2393482 10.2500000 0.13 0.19 0.26
v -11.9096878 6.7712139 10.2500000 0.13 0.19 0.26
v -12.1694718 6.2923729 10.2500000 0.13 0.19 0.26
v -12.4100134 5.8035823 10.2500000 0.13 0.19 0.26
v -12.6309322 5.3056151 10.2500000 0.13 0.19 0.26
v -12.8318789 4.7992586 10.2500000 0.13 0.19 0.26
v -13.0125358 4.2853135 10.2500000 0.13 0.19 0.26
v -13.1726172 3.7645925 10.2500000 0.13 0.19 0.26
v -13.3118700 3.2379188 10.2500000 0.13 0.19 0.26
v -13.4300739 2.7061253 10.2500000 0.13 0.19 0.26
v -13.5270422 2.1700529 10.2500000 0.13 0.19 0.26
v -13.6026214 1.6305492 10.2500000 0.13 0.19 0.26
v -13.6566921 1.0884673 10.2500000 0.13 0.19 0.26
v -13.6891687 0.5446643 10.2500000 0.13 0.19 0.26
v -13.7000000 -0.0000000 10.2500000 0.13 0.19 0.26
v -13.6891687 -0.5446643 10.2500000 0.13 0.19 0.26
v -13.6566921 -1.0884673 10.2500000 0.13 0.19 0.26
v -13.6026214 -1.6305492 10.2500000 0.13 0.19 0.26
v -13.5270422 -2.1700529 10.2500000 0.13 0.19 0.26
v -13.4300739 -2.7061253 10.2500000 0.13 0.19 0.26
v -13.3118700 -3.2379188 10.2500000 0.13 0.19 0.26
v -13.1726172 -3.7645925 10.2500000 0.13 0.19 0.26
v -13.0125358 -4.2853135 10.2500000 0.13 0.19 0.26
v -12.8318789 -4.7992586 10.2500000 0.13 0.19 0.26
v -12.6309322 -5.3056151 10.2500000 0.13 0.19 0.26
v -12.4100134 -5.8035823 10.2500000 0.13 0.19 0.26
v -12.1694718 -6.2923729 10.2500000 0.13 0.19 0.26
v -11.9096878 -6.7712139 10.2500000 0.13 0.19 0.26
v -11.6310721 -7.2393482 10.2500000 0.13 0.19 0.26
v -11.3340652 -7.6960357 10.2500000 0.13 0.19 0.26
v -11.0191369 -8.1405541 10.2500000 0.13 0.19 0.26
v -10.6867851 -8.5722006 10.2500000 0.13 0.19 0.26
v -10.3375353 -8.9902928 10.2500000 0.13 0.19 0.26
v -9.9719397 -9.3941694 10.2500000 0.13 0.19 0.26
v -9.5905764 -9.7831919 10.2500000 0.13 0.19 0.26
v -9.1940485 -10.1567452 10.2500000 0.13 0.19 0.26
v -8.7829828 -10.5142386 10.2500000 0.13 0.19 0.26
v -8.3580295 -10.8551068 10.2500000 0.13 0.19 0.26
v -7.9198604 -11.1788108 10.2500000 0.13 0.19 0.26
v -7.4691684 -11.4848389 10.2500000 0.13 0.19 0.26
v -7.0066661 -11.7727070 10.2500000 0.13 0.19 0.26
v -6.5330848 -12.0419601 10.2500000 0.13 0.19 0.26
v -6.0491733 -12.2921724 10.2500000 0.13 0.19 0.26
v -5.5556969 -12.5229482 10.2500000 0.13 0.19 0.26
v -5.0534358 -12.7339227 10.2500000 0.13 0.19 0.26
v -4.5431841 -12.9247622 10.2500000 0.13 0.19 0.26
v -4.0257488 -13.0951650 10.2500000 0.13 0.19 0.26
v -3.5019479 -13.2448617 10.2500000 0.13 0.19 0.26
v -2.9726097 -13.3736155 10.2500000 0.13 0.19 0.26
v -2.4385712 -13.4812229 10.2500000 0.13 0.19 0.26
v -1.9006768 -13.5675137 10.2500000 0.13 0.19 0.26
v -1.3597770 -13.6323515 10.2500000 0.13 0.19 0.26
v -0.8167272 -13.6756337 10.2500000 0.13 0.19 0.26
v -0.2723860 -13.6972919 10.2500000 0.13 0.19 0.26
v 0.2723860 -13.6972919 10.2500000 0.13 0.19 0.26
v 0.8167272 -13.6756337 10.2500000 0.13 0.19 0.26
v 1.3597770 -13.6323515 10.2500000 0.13 0.19 0.26
v 1.9006768 -13.5675137 10.2500000 0.13 0.19 0.26
v 2.4385712 -13.4812229 10.2500000 0.13 0.19 0.26
v 2.9726097 -13.3736155 10.2500000 0.13 0.19 0.26
v 3.5019479 -13.2448617 10.2500000 0.13 0.19 0.26
v 4.0257488 -13.0951650 10.2500000 0.13 0.19 0.26
v 4.5431841 -12.9247622 10.2500000 0.13 0.19 0.26
v 5.0534358 -12.7339227 10.2500000 0.13 0.19 0.26
v 5.5556969 -12.5229482 10.2500000 0.13 0.19 0.26
v 6.0491733 -12.2921724 10.2500000 0.13 0.19 0.26
v 6.5330848 -12.0419601 10.2500000 0.13 0.19 0.26
v 7.0066661 -11.7727070 10.2500000 0.13 0.19 0.26
v 7.4691684 -11.4848389 10.2500000 0.13 0.19 0.26
v 7.9198604 -11.1788108 10.2500000 0.13 0.19 0.26
v 8.3580295 -10.8551068 10.2500000 0.13 0.19 0.26
v 8.7829828 -10.5142386 10.2500000 0.13 0.19 0.26
v 9.1940485 -10.1567452 10.2500000 0.13 0.19 0.26
v 9.5905764 -9.7831919 10.2500000 0.13 0.19 0.26
v 9.9719397 -9.3941694 10.2500000 0.13 0.19 0.26
v 10.3375353 -8.9902928 10.2500000 0.13 0.19 0.26
v 10.6867851 -8.5722006 10.2500000 0.13 0.19 0.26
v 11.0191369 -8.1405541 10.2500000 0.13 0.19 0.26
v 11.3340652 -7.6960357 10.2500000 0.13 0.19 0.26
v 11.6310721 -7.2393482 10.2500000 0.13 0.19 0.26
v 11.9096878 -6.7712139 10.2500000 0.13 0.19 0.26
v 12.1694718 -6.2923729 10.2500000 0.13 0.19 0.26
v 12.4100134 -5.8035823 10.2500000 0.13 0.19 0.26
v 12.6309322 -5.3056151 10.2500000 0.13 0.19 0.26
v 12.8318789 -4.7992586 10.2500000 0.13 0.19 0.26
v 13.0125358 -4.2853135 10.2500000 0.13 0.19 0.26
v 13.1726172 -3.7645925 10.2500000 0.13 0.19 0.26
v 13.3118700 -3.2379188 10.2500000 0.13 0.19 0.26
v 13.4300739 -2.7061253 10.2500000 0.13 0.19 0.26
v 13.5270422 -2.1700529 10.2500000 0.13 0.19 0.26
v 13.6026214 -1.6305492 10.2500000 0.13 0.19 0.26
v 13.6566921 -1.0884673 10.2500000 0.13 0.19 0.26
v 13.6891687 -0.5446643 10.2500000 0.13 0.19 0.26
v 11.6000000 0.0000000 10.2500000 0.13 0.19 0.26
v 11.5908290 0.4611756 10.2500000 0.13 0.19 0.26
v 11.5633305 0.9216219 10.2500000 0.13 0.19 0.26
v 11.5175481 1.3806110 10.2500000 0.13 0.19 0.26
v 11.4535540 1.8374171 10.2500000 0.13 0.19 0.26
v 11.3714495 2.2913178 10.2500000 0.13 0.19 0.26
v 11.2713643 2.7415955 10.2500000 0.13 0.19 0.26
v 11.1534569 3.1875381 10.2500000 0.13 0.19 0.26
v 11.0179135 3.6284406 10.2500000 0.13 0.19 0.26
v 10.8649486 4.0636058 10.2500000 0.13 0.19 0.26
v 10.6948039 4.4923456 10.2500000 0.13 0.19 0.26
v 10.5077486 4.9139821 10.2500000 0.13 0.19 0.26
v 10.3040783 5.3278486 10.2500000 0.13 0.19 0.26
v 10.0841152 5.7332906 10.2500000 0.13 0.19 0.26
v 9.8482070 6.1296671 10.2500000 0.13 0.19 0.26
v 9.5967268 6.5163514 10.2500000 0.13 0.19 0.26
v 9.3300722 6.8927319 10.2500000 0.13 0.19 0.26
v 9.0486648 7.2582137 10.2500000 0.13 0.19 0.26
v 8.7529496 7.6122187 10.2500000 0.13 0.19 0.26
v 8.4433942 7.9541872 10.2500000 0.13 0.19 0.26
v 8.1204881 8.2835785 10.2500000 0.13 0.19 0.26
v 7.7847418 8.5998718 10.2500000 0.13 0.19 0.26
v 7.4366862 8.9025670 10.2500000 0.13 0.19 0.26
v 7.0768717 9.1911853 10.2500000 0.13 0.19 0.26
v 6.7058672 9.4652705 10.2500000 0.13 0.19 0.26
v 6.3242594 9.7243891 10.2500000 0.13 0.19 0.26
v 5.9326516 9.9681315 10.2500000 0.13 0.19 0.26
v 5.5316630 10.1961122 10.2500000 0.13 0.19 0.26
v 5.1219278 10.4079708 10.2500000 0.13 0.19 0.26
v 4.7040937 10.6033722 10.2500000 0.13 0.19 0.26
v 4.2788215 10.7820075 10.2500000 0.13 0.19 0.26
v 3.8467836 10.9435943 10.2500000 0.13 0.19 0.26
v 3.4086632 11.0878770 10.2500000 0.13 0.19 0.26
v 2.9651529 11.2146274 10.2500000 0.13 0.19 0.26
v 2.5169542 11.3236452 10.2500000 0.13 0.19 0.26
v 2.0647756 11.4147581 10.2500000 0.13 0.19 0.26
v 1.6093322 11.4878218 10.2500000 0.13 0.19 0.26
v 1.1513441 11.5427209 10.2500000 0.13 0.19 0.26
v 0.6915355 11.5793687 10.2500000 0.13 0.19 0.26
v 0.2306334 11.5977070 10.2500000 0.13 0.19 0.26
v -0.2306334 11.5977070 10.2500000 0.13 0.19 0.26
v -0.6915355 11.5793687 10.2500000 0.13 0.19 0.26
v -1.1513441 11.5427209 10.2500000 0.13 0.19 0.26
v -1.6093322 11.4878218 10.2500000 0.13 0.19 0.26
v -2.0647756 11.4147581 10.2500000 0.13 0.19 0.26
v -2.5169542 11.3236452 10.2500000 0.13 0.19 0.26
v -2.9651529 11.2146274 10.2500000 0.13 0.19 0.26
v -3.4086632 11.0878770 10.2500000 0.13 0.19 0.26
v -3.8467836 10.9435943 10.2500000 0.13 0.19 0.26
v -4.2788215 10.7820075 10.2500000 0.13 0.19 0.26
v -4.7040937 10.6033722 10.2500000 0.13 0.19 0.26
v -5.1219278 10.4079708 10.2500000 0.13 0.19 0.26
v -5.5316630 10.1961122 10.2500000 0.13 0.19 0.26
v -5.9326516 9.9681315 10.2500000 0.13 0.19 0.26
v -6.3242594 9.7243891 10.2500000 0.13 0.19 0.26
v -6.7058672 9.4652705 10.2500000 0.13 0.19 0.26
v -7.0768717 9.1911853 10.2500000 0.13 0.19 0.26
v -7.4366862 8.9025670 10.2500000 0.13 0.19 0.26
v -7.7847418 8.5998718 10.2500000 0.13 0.19 0.26
v -8.1204881 8.2835785 10.2500000 0.13 0.19 0.26
v -8.4433942 7.9541872 10.2500000 0.13 0.19 0.26
v -8.7529496 7.6122187 10.2500000 0.13 0.19 0.26
v -9.0486648 7.2582137 10.2500000 0.13 0.19 0.26
v -9.3300722 6.8927319 10.2500000 0.13 0.19 0.26
v -9.5967268 6.5163514 10.2500000 0.13 0.19 0.26
v -9.8482070 6.1296671 10.2500000 0.13 0.19 0.26
v -10.0841152 5.7332906 10.2500000 0.13 0.19 0.26
v -10.3040783 5.3278486 10.2500000 0.13 0.19 0.26
v -10.5077486 4.9139821 10.2500000 0.13 0.19 0.26
v -10.6948039 4.4923456 10.2500000 0.13 0.19 0.26
v -10.8649486 4.0636058 10.2500000 0.13 0.19 0.26
v -11.0179135 3.6284406 10.2500000 0.13 0.19 0.26
v -11.1534569 3.1875381 10.2500000 0.13 0.19 0.26
v -11.2713643 2.7415955 10.2500000 0.13 0.19 0.26
v -11.3714495 2.2913178 10.2500000 0.13 0.19 0.26
v -11.4535540 1.8374171 10.2500000 0.13 0.19 0.26
v -11.5175481 1.3806110 10.2500000 0.13 0.19 0.26
v -11.5633305 0.9216219 10.2500000 0.13 0.19 0.26
v -11.5908290 0.4611756 10.2500000 0.13 0.19 0.26
v -11.6000000 -0.0000000 10.2500000 0.13 0.19 0.26
v -11.5908290 -0.4611756 10.2500000 0.13 0.19 0.26
v -11.5633305 -0.9216219 10.2500000 0.13 0.19 0.26
v -11.5175481 -1.3806110 10.2500000 0.13 0.19 0.26
v -11.4535540 -1.8374171 10.2500000 0.13 0.19 0.26
v -11.3714495 -2.2913178 10.2500000 0.13 0.19 0.26
v -11.2713643 -2.7415955 10.2500000 0.13 0.19 0.26
v -11.1534569 -3.1875381 10.2500000 0.13 0.19 0.26
v -11.0179135 -3.6284406 10.2500000 0.13 0.19 0.26
v -10.8649486 -4.0636058 10.2500000 0.13 0.19 0.26
v -10.6948039 -4.4923456 10.2500000 0.13 0.19 0.26
v -10.5077486 -4.9139821 10.2500000 0.13 0.19 0.26
v -10.3040783 -5.3278486 10.2500000 0.13 0.19 0.26
v -10.0841152 -5.7332906 10.2500000 0.13 0.19 0.26
v -9.8482070 -6.1296671 10.2500000 0.13 0.19 0.26
v -9.5967268 -6.5163514 10.2500000 0.13 0.19 0.26
v -9.3300722 -6.8927319 10.2500000 0.13 0.19 0.26
v -9.0486648 -7.2582137 10.2500000 0.13 0.19 0.26
v -8.7529496 -7.6122187 10.2500000 0.13 0.19 0.26
v -8.4433942 -7.9541872 10.2500000 0.13 0.19 0.26
v -8.1204881 -8.2835785 10.2500000 0.13 0.19 0.26
v -7.7847418 -8.5998718 10.2500000 0.13 0.19 0.26
v -7.4366862 -8.9025670 10.2500000 0.13 0.19 0.26
v -7.0768717 -9.1911853 10.2500000 0.13 0.19 0.26
v -6.7058672 -9.4652705 10.2500000 0.13 0.19 0.26
v -6.3242594 -9.7243891 10.2500000 0.13 0.19 0.26
v -5.9326516 -9.9681315 10.2500000 0.13 0.19 0.26
v -5.5316630 -10.1961122 10.2500000 0.13 0.19 0.26
v -5.1219278 -10.4079708 10.2500000 0.13 0.19 0.26
v -4.7040937 -10.6033722 10.2500000 0.13 0.19 0.26
v -4.2788215 -10.7820075 10.2500000 0.13 0.19 0.26
v -3.8467836 -10.9435943 10.2500000 0.13 0.19 0.26
v -3.4086632 -11.0878770 10.2500000 0.13 0.19 0.26
v -2.9651529 -11.2146274 10.2500000 0.13 0.19 0.26
v -2.5169542 -11.3236452 10.2500000 0.13 0.19 0.26
v -2.0647756 -11.4147581 10.2500000 0.13 0.19 0.26
v -1.6093322 -11.4878218 10.2500000 0.13 0.19 0.26
v -1.1513441 -11.5427209 10.2500000 0.13 0.19 0.26
v -0.6915355 -11.5793687 10.2500000 0.13 0.19 0.26
v -0.2306334 -11.5977070 10.2500000 0.13 0.19 0.26
v 0.2306334 -11.5977070 10.2500000 0.13 0.19 0.26
v 0.6915355 -11.5793687 10.2500000 0.13 0.19 0.26
v 1.1513441 -11.5427209 10.2500000 0.13 0.19 0.26
v 1.6093322 -11.4878218 10.2500000 0.13 0.19 0.26
v 2.0647756 -11.4147581 10.2500000 0.13 0.19 0.26
v 2.5169542 -11.3236452 10.2500000 0.13 0.19 0.26
v 2.9651529 -11.2146274 10.2500000 0.13 0.19 0.26
v 3.4086632 -11.0878770 10.2500000 0.13 0.19 0.26
v 3.8467836 -10.9435943 10.2500000 0.13 0.19 0.26
v 4.2788215 -10.7820075 10.2500000 0.13 0.19 0.26
v 4.7040937 -10.6033722 10.2500000 0.13 0.19 0.26
v 5.1219278 -10.4079708 10.2500000 0.13 0.19 0.26
v 5.5316630 -10.1961122 10.2500000 0.13 0.19 0.26
v 5.9326516 -9.9681315 10.2500000 0.13 0.19 0.26
v 6.3242594 -9.7243891 10.2500000 0.13 0.19 0.26
v 6.7058672 -9.4652705 10.2500000 0.13 0.19 0.26
v 7.0768717 -9.1911853 10.2500000 0.13 0.19 0.26
v 7.4366862 -8.9025670 10.2500000 0.13 0.19 0.26
v 7.7847418 -8.5998718 10.2500000 0.13 0.19 0.26
v 8.1204881 -8.2835785 10.2500000 0.13 0.19 0.26
v 8.4433942 -7.9541872 10.2500000 0.13 0.19 0.26
v 8.7529496 -7.6122187 10.2500000 0.13 0.19 0.26
v 9.0486648 -7.2582137 10.2500000 0.13 0.19 0.26
v 9.3300722 -6.8927319 10.2500000 0.13 0.19 0.26
v 9.5967268 -6.5163514 10.2500000 0.13 0.19 0.26
v 9.8482070 -6.1296671 10.2500000 0.13 0.19 0.26
v 10.0841152 -5.7332906 10.2500000 0.13 0.19 0.26
v 10.3040783 -5.3278486 10.2500000 0.13 0.19 0.26
v 10.5077486 -4.9139821 10.2500000 0.13 0.19 0.26
v 10.6948039 -4.4923456 10.2500000 0.13 0.19 0.26
v 10.8649486 -4.0636058 10.2500000 0.13 0.19 0.26
v 11.0179135 -3.6284406 10.2500000 0.13 0.19 0.26
v 11.1534569 -3.1875381 10.2500000 0.13 0.19 0.26
v 11.2713643 -2.7415955 10.2500000 0.13 0.19 0.26
v 11.3714495 -2.2913178 10.2500000 0.13 0.19 0.26
v 11.4535540 -1.8374171 10.2500000 0.13 0.19 0.26
v 11.5175481 -1.3806110 10.2500000 0.13 0.19 0.26
v 11.5633305 -0.9216219 10.2500000 0.13 0.19 0.26
v 11.5908290 -0.4611756 10.2500000 0.13 0.19 0.26
v 11.6000000 0.0000000 10.2500000 0.13 0.19 0.26
v 11.5908290 0.4611756 10.2500000 0.13 0.19 0.26
v 11.5633305 0.9216219 10.2500000 0.13 0.19 0.26
v 11.5175481 1.3806110 10.2500000 0.13 0.19 0.26
v 11.4535540 1.8374171 10.2500000 0.13 0.19 0.26
v 11.3714495 2.2913178 10.2500000 0.13 0.19 0.26
v 11.2713643 2.7415955 10.2500000 0.13 0.19 0.26
v 11.1534569 3.1875381 10.2500000 0.13 0.19 0.26
v 11.0179135 3.6284406 10.2500000 0.13 0.19 0.26
v 10.8649486 4.0636058 10.2500000 0.13 0.19 0.26
v 10.6948039 4.4923456 10.2500000 0.13 0.19 0.26
v 10.5077486 4.9139821 10.2500000 0.13 0.19 0.26
v 10.3040783 5.3278486 10.2500000 0.13 0.19 0.26
v 10.0841152 5.7332906 10.2500000 0.13 0.19 0.26
v 9.8482070 6.1296671 10.2500000 0.13 0.19 0.26
v 9.5967268 6.5163514 10.2500000 0.13 0.19 0.26
v 9.3300722 6.8927319 10.2500000 0.13 0.19 0.26
v 9.0486648 7.2582137 10.2500000 0.13 0.19 0.26
v 8.7529496 7.6122187 10.2500000 0.13 0.19 0.26
v 8.4433942 7.9541872 10.2500000 0.13 0.19 0.26
v 8.1204881 8.2835785 10.2500000 0.13 0.19 0.26
v 7.7847418 8.5998718 10.2500000 0.13 0.19 0.26
v 7.4366862 8.9025670 10.2500000 0.13 0.19 0.26
v 7.0768717 9.1911853 10.2500000 0.13 0.19 0.26
v 6.7058672 9.4652705 10.2500000 0.13 0.19 0.26
v 6.3242594 9.7243891 10.2500000 0.13 0.19 0.26
v 5.9326516 9.9681315 10.2500000 0.13 0.19 0.26
v 5.5316630 10.1961122 10.2500000 0.13 0.19 0.26
v 5.1219278 10.4079708 10.2500000 0.13 0.19 0.26
v 4.7040937 10.6033722 10.2500000 0.13 0.19 0.26
v 4.2788215 10.7820075 10.2500000 0.13 0.19 0.26
v 3.8467836 10.9435943 10.2500000 0.13 0.19 0.26
v 3.4086632 11.0878770 10.2500000 0.13 0.19 0.26
v 2.9651529 11.2146274 10.2500000 0.13 0.19 0.26
v 2.5169542 11.3236452 10.2500000 0.13 0.19 0.26
v 2.0647756 11.4147581 10.2500000 0.13 0.19 0.26
v 1.6093322 11.4878218 10.2500000 0.13 0.19 0.26
v 1.1513441 11.5427209 10.2500000 0.13 0.19 0.26
v 0.6915355 11.5793687 10.2500000 0.13 0.19 0.26
v 0.2306334 11.5977070 10.2500000 0.13 0.19 0.26
v -0.2306334 11.5977070 10.2500000 0.13 0.19 0.26
v -0.6915355 11.5793687 10.2500000 0.13 0.19 0.26
v -1.1513441 11.5427209 10.2500000 0.13 0.19 0.26
v -1.6093322 11.4878218 10.2500000 0.13 0.19 0.26
v -2.0647756 11.4147581 10.2500000 0.13 0.19 0.26
v -2.5169542 11.3236452 10.2500000 0.13 0.19 0.26
v -2.9651529 11.2146274 10.2500000 0.13 0.19 0.26
v -3.4086632 11.0878770 10.2500000 0.13 0.19 0.26
v -3.8467836 10.9435943 10.2500000 0.13 0.19 0.26
v -4.2788215 10.7820075 10.2500000 0.13 0.19 0.26
v -4.7040937 10.6033722 10.2500000 0.13 0.19 0.26
v -5.1219278 10.4079708 10.2500000 0.13 0.19 0.26
v -5.5316630 10.1961122 10.2500000 0.13 0.19 0.26
v -5.9326516 9.9681315 10.2500000 0.13 0.19 0.26
v -6.3242594 9.7243891 10.2500000 0.13 0.19 0.26
v -6.7058672 9.4652705 10.2500000 0.13 0.19 0.26
v -7.0768717 9.1911853 10.2500000 0.13 0.19 0.26
v -7.4366862 8.9025670 10.2500000 0.13 0.19 0.26
v -7.7847418 8.5998718 10.2500000 0.13 0.19 0.26
v -8.1204881 8.2835785 10.2500000 0.13 0.19 0.26
v -8.4433942 7.9541872 10.2500000 0.13 0.19 0.26
v -8.7529496 7.6122187 10.2500000 0.13 0.19 0.26
v -9.0486648 7.2582137 10.2500000 0.13 0.19 0.26
v -9.3300722 6.8927319 10.2500000 0.13 0.19 0.26
v -9.5967268 6.5163514 10.2500000 0.13 0.19 0.26
v -9.8482070 6.1296671 10.2500000 0.13 0.19 0.26
v -10.0841152 5.7332906 10.2500000 0.13 0.19 0.26
v -10.3040783 5.3278486 10.2500000 0.13 0.19 0.26
v -10.5077486 4.9139821 10.2500000 0.13 0.19 0.26
v -10.6948039 4.4923456 10.2500000 0.13 0.19 0.26
v -10.8649486 4.0636058 10.2500000 0.13 0.19 0.26
v -11.0179135 3.6284406 10.2500000 0.13 0.19 0.26
v -11.1534569 3.1875381 10.2500000 0.13 0.19 0.26
v -11.2713643 2.7415955 10.2500000 0.13 0.19 0.26
v -11.3714495 2.2913178 10.2500000 0.13 0.19 0.26
v -11.4535540 1.8374171 10.2500000 0.13 0.19 0.26
v -11.5175481 1.3806110 10.2500000 0.13 0.19 0.26
v -11.5633305 0.9216219 10.2500000 0.13 0.19 0.26
v -11.5908290 0.4611756 10.2500000 0.13 0.19 0.26
v -11.6000000 -0.0000000 10.2500000 0.13 0.19 0.26
v -11.5908290 -0.4611756 10.2500000 0.13 0.19 0.26
v -11.5633305 -0.9216219 10.2500000 0.13 0.19 0.26
v -11.5175481 -1.3806110 10.2500000 0.13 0.19 0.26
v -11.4535540 -1.8374171 10.2500000 0.13 0.19 0.26
v -11.3714495 -2.2913178 10.2500000 0.13 0.19 0.26
v -11.2713643 -2.7415955 10.2500000 0.13 0.19 0.26
v -11.1534569 -3.1875381 10.2500000 0.13 0.19 0.26
v -11.0179135 -3.6284406 10.2500000 0.13 0.19 0.26
v -10.8649486 -4.0636058 10.2500000 0.13 0.19 0.26
v -10.6948039 -4.4923456 10.2500000 0.13 0.19 0.26
v -10.5077486 -4.9139821 10.2500000 0.13 0.19 0.26
v -10.3040783 -5.3278486 10.2500000 0.13 0.19 0.26
v -10.0841152 -5.7332906 10.2500000 0.13 0.19 0.26
v -9.8482070 -6.1296671 10.2500000 0.13 0.19 0.26
v -9.5967268 -6.5163514 10.2500000 0.13 0.19 0.26
v -9.3300722 -6.8927319 10.2500000 0.13 0.19 0.26
v -9.0486648 -7.2582137 10.2500000 0.13 0.19 0.26
v -8.7529496 -7.6122187 10.2500000 0.13 0.19 0.26
v -8.4433942 -7.9541872 10.2500000 0.13 0.19 0.26
v -8.1204881 -8.2835785 10.2500000 0.13 0.19 0.26
v -7.7847418 -8.5998718 10.2500000 0.13 0.19 0.26
v -7.4366862 -8.9025670 10.2500000 0.13 0.19 0.26
v -7.0768717 -9.1911853 10.2500000 0.13 0.19 0.26
v -6.7058672 -9.4652705 10.2500000 0.13 0.19 0.26
v -6.3242594 -9.7243891 10.2500000 0.13 0.19 0.26
v -5.9326516 -9.9681315 10.2500000 0.13 0.19 0.26
v -5.5316630 -10.1961122 10.2500000 0.13 0.19 0.26
v -5.1219278 -10.4079708 10.2500000 0.13 0.19 0.26
v -4.7040937 -10.6033722 10.2500000 0.13 0.19 0.26
v -4.2788215 -10.7820075 10.2500000 0.13 0.19 0.26
v -3.8467836 -10.9435943 10.2500000 0.13 0.19 0.26
v -3.4086632 -11.0878770 10.2500000 0.13 0.19 0.26
v -2.9651529 -11.2146274 10.2500000 0.13 0.19 0.26
v -2.5169542 -11.3236452 10.2500000 0.13 0.19 0.26
v -2.0647756 -11.4147581 10.2500000 0.13 0.19 0.26
v -1.6093322 -11.4878218 10.2500000 0.13 0.19 0.26
v -1.1513441 -11.5427209 10.2500000 0.13 0.19 0.26
v -0.6915355 -11.5793687 10.2500000 0.13 0.19 0.26
v -0.2306334 -11.5977070 10.2500000 0.13 0.19 0.26
v 0.2306334 -11.5977070 10.2500000 0.13 0.19 0.26
v 0.6915355 -11.5793687 10.2500000 0.13 0.19 0.26
v 1.1513441 -11.5427209 10.2500000 0.13 0.19 0.26
v 1.6093322 -11.4878218 10.2500000 0.13 0.19 0.26
v 2.0647756 -11.4147581 10.2500000 0.13 0.19 0.26
v 2.5169542 -11.3236452 10.2500000 0.13 0.19 0.26
v 2.9651529 -11.2146274 10.2500000 0.13 0.19 0.26
v 3.4086632 -11.0878770 10.2500000 0.13 0.19 0.26
v 3.8467836 -10.9435943 10.2500000 0.13 0.19 0.26
v 4.2788215 -10.7820075 10.2500000 0.13 0.19 0.26
v 4.7040937 -10.6033722 10.2500000 0.13 0.19 0.26
v 5.1219278 -10.4079708 10.2500000 0.13 0.19 0.26
v 5.5316630 -10.1961122 10.2500000 0.13 0.19 0.26
v 5.9326516 -9.9681315 10.2500000 0.13 0.19 0.26
v 6.3242594 -9.7243891 10.2500000 0.13 0.19 0.26
v 6.7058672 -9.4652705 10.2500000 0.13 0.19 0.26
v 7.0768717 -9.1911853 10.2500000 0.13 0.19 0.26
v 7.4366862 -8.9025670 10.2500000 0.13 0.19 0.26
v 7.7847418 -8.5998718 10.2500000 0.13 0.19 0.26
v 8.1204881 -8.2835785 10.2500000 0.13 0.19 0.26
v 8.4433942 -7.9541872 10.2500000 0.13 0.19 0.26
v 8.7529496 -7.6122187 10.2500000 0.13 0.19 0.26
v 9.0486648 -7.2582137 10.2500000 0.13 0.19 0.26
v 9.3300722 -6.8927319 10.2500000 0.13 0.19 0.26
v 9.5967268 -6.5163514 10.2500000 0.13 0.19 0.26
v 9.8482070 -6.1296671 10.2500000 0.13 0.19 0.26
v 10.0841152 -5.7332906 10.2500000 0.13 0.19 0.26
v 10.3040783 -5.3278486 10.2500000 0.13 0.19 0.26
v 10.5077486 -4.9139821 10.2500000 0.13 0.19 0.26
v 10.6948039 -4.4923456 10.2500000 0.13 0.19 0.26
v 10.8649486 -4.0636058 10.2500000 0.13 0.19 0.26
v 11.0179135 -3.6284406 10.2500000 0.13 0.19 0.26
v 11.1534569 -3.1875381 10.2500000 0.13 0.19 0.26
v 11.2713643 -2.7415955 10.2500000 0.13 0.19 0.26
v 11.3714495 -2.2913178 10.2500000 0.13 0.19 0.26
v 11.4535540 -1.8374171 10.2500000 0.13 0.19 0.26
v 11.5175481 -1.3806110 10.2500000 0.13 0.19 0.26
v 11.5633305 -0.9216219 10.2500000 0.13 0.19 0.26
v 11.5908290 -0.4611756 10.2500000 0.13 0.19 0.26
v 11.6000000 0.0000000 10.2500000 0.13 0.19 0.26
v 11.6000000 0.0000000 12.8000000 0.13 0.19 0.26
v 11.6000000 0.0000000 12.8000000 0.13 0.19 0.26
v 11.5908290 -0.4611756 12.8000000 0.13 0.19 0.26
v 11.5633305 -0.9216219 12.8000000 0.13 0.19 0.26
v 11.5175481 -1.3806110 12.8000000 0.13 0.19 0.26
v 11.4535540 -1.8374171 12.8000000 0.13 0.19 0.26
v 11.3714495 -2.2913178 12.8000000 0.13 0.19 0.26
v 11.2713643 -2.7415955 12.8000000 0.13 0.19 0.26
v 11.1534569 -3.1875381 12.8000000 0.13 0.19 0.26
v 11.0179135 -3.6284406 12.8000000 0.13 0.19 0.26
v 10.8649486 -4.0636058 12.8000000 0.13 0.19 0.26
v 10.6948039 -4.4923456 12.8000000 0.13 0.19 0.26
v 10.5077486 -4.9139821 12.8000000 0.13 0.19 0.26
v 10.3040783 -5.3278486 12.8000000 0.13 0.19 0.26
v 10.0841152 -5.7332906 12.8000000 0.13 0.19 0.26
v 9.8482070 -6.1296671 12.8000000 0.13 0.19 0.26
v 9.5967268 -6.5163514 12.8000000 0.13 0.19 0.26
v 9.3300722 -6.8927319 12.8000000 0.13 0.19 0.26
v 9.0486648 -7.2582137 12.8000000 0.13 0.19 0.26
v 8.7529496 -7.6122187 12.8000000 0.13 0.19 0.26
v 8.4433942 -7.9541872 12.8000000 0.13 0.19 0.26
v 8.1204881 -8.2835785 12.8000000 0.13 0.19 0.26
v 7.7847418 -8.5998718 12.8000000 0.13 0.19 0.26
v 7.4366862 -8.9025670 12.8000000 0.13 0.19 0.26
v 7.0768717 -9.1911853 12.8000000 0.13 0.19 0.26
v 6.7058672 -9.4652705 12.8000000 0.13 0.19 0.26
v 6.3242594 -9.7243891 12.8000000 0.13 0.19 0.26
v 5.9326516 -9.9681315 12.8000000 0.13 0.19 0.26
v 5.5316630 -10.1961122 12.8000000 0.13 0.19 0.26
v 5.1219278 -10.4079708 12.8000000 0.13 0.19 0.26
v 4.7040937 -10.6033722 12.8000000 0.13 0.19 0.26
v 4.2788215 -10.7820075 12.8000000 0.13 0.19 0.26
v 3.8467836 -10.9435943 12.8000000 0.13 0.19 0.26
v 3.4086632 -11.0878770 12.8000000 0.13 0.19 0.26
v 2.9651529 -11.2146274 12.8000000 0.13 0.19 0.26
v 2.5169542 -11.3236452 12.8000000 0.13 0.19 0.26
v 2.0647756 -11.4147581 12.8000000 0.13 0.19 0.26
v 1.6093322 -11.4878218 12.8000000 0.13 0.19 0.26
v 1.1513441 -11.5427209 12.8000000 0.13 0.19 0.26
v 0.6915355 -11.5793687 12.8000000 0.13 0.19 0.26
v 0.2306334 -11.5977070 12.8000000 0.13 0.19 0.26
v -0.2306334 -11.5977070 12.8000000 0.13 0.19 0.26
v -0.6915355 -11.5793687 12.8000000 0.13 0.19 0.26
v -1.1513441 -11.5427209 12.8000000 0.13 0.19 0.26
v -1.6093322 -11.4878218 12.8000000 0.13 0.19 0.26
v -2.0647756 -11.4147581 12.8000000 0.13 0.19 0.26
v -2.5169542 -11.3236452 12.8000000 0.13 0.19 0.26
v -2.9651529 -11.2146274 12.8000000 0.13 0.19 0.26
v -3.4086632 -11.0878770 12.8000000 0.13 0.19 0.26
v -3.8467836 -10.9435943 12.8000000 0.13 0.19 0.26
v -4.2788215 -10.7820075 12.8000000 0.13 0.19 0.26
v -4.7040937 -10.6033722 12.8000000 0.13 0.19 0.26
v -5.1219278 -10.4079708 12.8000000 0.13 0.19 0.26
v -5.5316630 -10.1961122 12.8000000 0.13 0.19 0.26
v -5.9326516 -9.9681315 12.8000000 0.13 0.19 0.26
v -6.3242594 -9.7243891 12.8000000 0.13 0.19 0.26
v -6.7058672 -9.4652705 12.8000000 0.13 0.19 0.26
v -7.0768717 -9.1911853 12.8000000 0.13 0.19 0.26
v -7.4366862 -8.9025670 12.8000000 0.13 0.19 0.26
v -7.7847418 -8.5998718 12.8000000 0.13 0.19 0.26
v -8.1204881 -8.2835785 12.8000000 0.13 0.19 0.26
v -8.4433942 -7.9541872 12.8000000 0.13 0.19 0.26
v -8.7529496 -7.6122187 12.8000000 0.13 0.19 0.26
v -9.0486648 -7.2582137 12.8000000 0.13 0.19 0.26
v -9.3300722 -6.8927319 12.8000000 0.13 0.19 0.26
v -9.5967268 -6.5163514 12.8000000 0.13 0.19 0.26
v -9.8482070 -6.1296671 12.8000000 0.13 0.19 0.26
v -10.0841152 -5.7332906 12.8000000 0.13 0.19 0.26
v -10.3040783 -5.3278486 12.8000000 0.13 0.19 0.26
v -10.5077486 -4.9139821 12.8000000 0.13 0.19 0.26
v -10.6948039 -4.4923456 12.8000000 0.13 0.19 0.26
v -10.8649486 -4.0636058 12.8000000 0.13 0.19 0.26
v -11.0179135 -3.6284406 12.8000000 0.13 0.19 0.26
v -11.1534569 -3.1875381 12.8000000 0.13 0.19 0.26
v -11.2713643 -2.7415955 12.8000000 0.13 0.19 0.26
v -11.3714495 -2.2913178 12.8000000 0.13 0.19 0.26
v -11.4535540 -1.8374171 12.8000000 0.13 0.19 0.26
v -11.5175481 -1.3806110 12.8000000 0.13 0.19 0.26
v -11.5633305 -0.9216219 12.8000000 0.13 0.19 0.26
v -11.5908290 -0.4611756 12.8000000 0.13 0.19 0.26
v -11.6000000 0.0000000 12.8000000 0.13 0.19 0.26
v -11.5908290 0.4611756 12.8000000 0.13 0.19 0.26
v -11.5633305 0.9216219 12.8000000 0.13 0.19 0.26
v -11.5175481 1.3806110 12.8000000 0.13 0.19 0.26
v -11.4535540 1.8374171 12.8000000 0.13 0.19 0.26
v -11.3714495 2.2913178 12.8000000 0.13 0.19 0.26
v -11.2713643 2.7415955 12.8000000 0.13 0.19 0.26
v -11.1534569 3.1875381 12.8000000 0.13 0.19 0.26
v -11.0179135 3.6284406 12.8000000 0.13 0.19 0.26
v -10.8649486 4.0636058 12.8000000 0.13 0.19 0.26
v -10.6948039 4.4923456 12.8000000 0.13 0.19 0.26
v -10.5077486 4.9139821 12.8000000 0.13 0.19 0.26
v -10.3040783 5.3278486 12.8000000 0.13 0.19 0.26
v -10.0841152 5.7332906 12.8000000 0.13 0.19 0.26
v -9.8482070 6.1296671 12.8000000 0.13 0.19 0.26
v -9.5967268 6.5163514 12.8000000 0.13 0.19 0.26
v -9.3300722 6.8927319 12.8000000 0.13 0.19 0.26
v -9.0486648 7.2582137 12.8000000 0.13 0.19 0.26
v -8.7529496 7.6122187 12.8000000 0.13 0.19 0.26
v -8.4433942 7.9541872 12.8000000 0.13 0.19 0.26
v -8.1204881 8.2835785 12.8000000 0.13 0.19 0.26
v -7.7847418 8.5998718 12.8000000 0.13 0.19 0.26
v -7.4366862 8.9025670 12.8000000 0.13 0.19 0.26
v -7.0768717 9.1911853 12.8000000 0.13 0.19 0.26
v -6.7058672 9.4652705 12.8000000 0.13 0.19 0.26
v -6.3242594 9.7243891 12.8000000 0.13 0.19 0.26
v -5.9326516 9.9681315 12.8000000 0.13 0.19 0.26
v -5.5316630 10.1961122 12.8000000 0.13 0.19 0.26
v -5.1219278 10.4079708 12.8000000 0.13 0.19 0.26
v -4.7040937 10.6033722 12.8000000 0.13 0.19 0.26
v -4.2788215 10.7820075 12.8000000 0.13 0.19 0.26
v -3.8467836 10.9435943 12.8000000 0.13 0.19 0.26
v -3.4086632 11.0878770 12.8000000 0.13 0.19 0.26
v -2.9651529 11.2146274 12.8000000 0.13 0.19 0.26
v -2.5169542 11.3236452 12.8000000 0.13 0.19 0.26
v -2.0647756 11.4147581 12.8000000 0.13 0.19 0.26
v -1.6093322 11.4878218 12.8000000 0.13 0.19 0.26
v -1.1513441 11.5427209 12.8000000 0.13 0.19 0.26
v -0.6915355 11.5793687 12.8000000 0.13 0.19 0.26
v -0.2306334 11.5977070 12.8000000 0.13 0.19 0.26
v 0.2306334 11.5977070 12.8000000 0.13 0.19 0.26
v 0.6915355 11.5793687 12.8000000 0.13 0.19 0.26
v 1.1513441 11.5427209 12.8000000 0.13 0.19 0.26
v 1.6093322 11.4878218 12.8000000 0.13 0.19 0.26
v 2.0647756 11.4147581 12.8000000 0.13 0.19 0.26
v 2.5169542 11.3236452 12.8000000 0.13 0.19 0.26
v 2.9651529 11.2146274 12.8000000 0.13 0.19 0.26
v 3.4086632 11.0878770 12.8000000 0.13 0.19 0.26
v 3.8467836 10.9435943 12.8000000 0.13 0.19 0.26
v 4.2788215 10.7820075 12.8000000 0.13 0.19 0.26
v 4.7040937 10.6033722 12.8000000 0.13 0.19 0.26
v 5.1219278 10.4079708 12.8000000 0.13 0.19 0.26
v 5.5316630 10.1961122 12.8000000 0.13 0.19 0.26
v 5.9326516 9.9681315 12.8000000 0.13 0.19 0.26
v 6.3242594 9.7243891 12.8000000 0.13 0.19 0.26
v 6.7058672 9.4652705 12.8000000 0.13 0.19 0.26
v 7.0768717 9.1911853 12.8000000 0.13 0.19 0.26
v 7.4366862 8.9025670 12.8000000 0.13 0.19 0.26
v 7.7847418 8.5998718 12.8000000 0.13 0.19 0.26
v 8.1204881 8.2835785 12.8000000 0.13 0.19 0.26
v 8.4433942 7.9541872 12.8000000 0.13 0.19 0.26
v 8.7529496 7.6122187 12.8000000 0.13 0.19 0.26
v 9.0486648 7.2582137 12.8000000 0.13 0.19 0.26
v 9.3300722 6.8927319 12.8000000 0.13 0.19 0.26
v 9.5967268 6.5163514 12.8000000 0.13 0.19 0.26
v 9.8482070 6.1296671 12.8000000 0.13 0.19 0.26
v 10.0841152 5.7332906 12.8000000 0.13 0.19 0.26
v 10.3040783 5.3278486 12.8000000 0.13 0.19 0.26
v 10.5077486 4.9139821 12.8000000 0.13 0.19 0.26
v 10.6948039 4.4923456 12.8000000 0.13 0.19 0.26
v 10.8649486 4.0636058 12.8000000 0.13 0.19 0.26
v 11.0179135 3.6284406 12.8000000 0.13 0.19 0.26
v 11.1534569 3.1875381 12.8000000 0.13 0.19 0.26
v 11.2713643 2.7415955 12.8000000 0.13 0.19 0.26
v 11.3714495 2.2913178 12.8000000 0.13 0.19 0.26
v 11.4535540 1.8374171 12.8000000 0.13 0.19 0.26
v 11.5175481 1.3806110 12.8000000 0.13 0.19 0.26
v 11.5633305 0.9216219 12.8000000 0.13 0.19 0.26
v 11.5908290 0.4611756 12.8000000 0.13 0.19 0.26
v 11.6000000 0.0000000 12.8000000 0.13 0.19 0.26
v 11.5908290 -0.4611756 12.8000000 0.13 0.19 0.26
v 11.5633305 -0.9216219 12.8000000 0.13 0.19 0.26
v 11.5175481 -1.3806110 12.8000000 0.13 0.19 0.26
v 11.4535540 -1.8374171 12.8000000 0.13 0.19 0.26
v 11.3714495 -2.2913178 12.8000000 0.13 0.19 0.26
v 11.2713643 -2.7415955 12.8000000 0.13 0.19 0.26
v 11.1534569 -3.1875381 12.8000000 0.13 0.19 0.26
v 11.0179135 -3.6284406 12.8000000 0.13 0.19 0.26
v 10.8649486 -4.0636058 12.8000000 0.13 0.19 0.26
v 10.6948039 -4.4923456 12.8000000 0.13 0.19 0.26
v 10.5077486 -4.9139821 12.8000000 0.13 0.19 0.26
v 10.3040783 -5.3278486 12.8000000 0.13 0.19 0.26
v 10.0841152 -5.7332906 12.8000000 0.13 0.19 0.26
v 9.8482070 -6.1296671 12.8000000 0.13 0.19 0.26
v 9.5967268 -6.5163514 12.8000000 0.13 0.19 0.26
v 9.3300722 -6.8927319 12.8000000 0.13 0.19 0.26
v 9.0486648 -7.2582137 12.8000000 0.13 0.19 0.26
v 8.7529496 -7.6122187 12.8000000 0.13 0.19 0.26
v 8.4433942 -7.9541872 12.8000000 0.13 0.19 0.26
v 8.1204881 -8.2835785 12.8000000 0.13 0.19 0.26
v 7.7847418 -8.5998718 12.8000000 0.13 0.19 0.26
v 7.4366862 -8.9025670 12.8000000 0.13 0.19 0.26
v 7.0768717 -9.1911853 12.8000000 0.13 0.19 0.26
v 6.7058672 -9.4652705 12.8000000 0.13 0.19 0.26
v 6.3242594 -9.7243891 12.8000000 0.13 0.19 0.26
v 5.9326516 -9.9681315 12.8000000 0.13 0.19 0.26
v 5.5316630 -10.1961122 12.8000000 0.13 0.19 0.26
v 5.1219278 -10.4079708 12.8000000 0.13 0.19 0.26
v 4.7040937 -10.6033722 12.8000000 0.13 0.19 0.26
v 4.2788215 -10.7820075 12.8000000 0.13 0.19 0.26
v 3.8467836 -10.9435943 12.8000000 0.13 0.19 0.26
v 3.4086632 -11.0878770 12.8000000 0.13 0.19 0.26
v 2.9651529 -11.2146274 12.8000000 0.13 0.19 0.26
v 2.5169542 -11.3236452 12.8000000 0.13 0.19 0.26
v 2.0647756 -11.4147581 12.8000000 0.13 0.19 0.26
v 1.6093322 -11.4878218 12.8000000 0.13 0.19 0.26
v 1.1513441 -11.5427209 12.8000000 0.13 0.19 0.26
v 0.6915355 -11.5793687 12.8000000 0.13 0.19 0.26
v 0.2306334 -11.5977070 12.8000000 0.13 0.19 0.26
v -0.2306334 -11.5977070 12.8000000 0.13 0.19 0.26
v -0.6915355 -11.5793687 12.8000000 0.13 0.19 0.26
v -1.1513441 -11.5427209 12.8000000 0.13 0.19 0.26
v -1.6093322 -11.4878218 12.8000000 0.13 0.19 0.26
v -2.0647756 -11.4147581 12.8000000 0.13 0.19 0.26
v -2.5169542 -11.3236452 12.8000000 0.13 0.19 0.26
v -2.9651529 -11.2146274 12.8000000 0.13 0.19 0.26
v -3.4086632 -11.0878770 12.8000000 0.13 0.19 0.26
v -3.8467836 -10.9435943 12.8000000 0.13 0.19 0.26
v -4.2788215 -10.7820075 12.8000000 0.13 0.19 0.26
v -4.7040937 -10.6033722 12.8000000 0.13 0.19 0.26
v -5.1219278 -10.4079708 12.8000000 0.13 0.19 0.26
v -5.5316630 -10.1961122 12.8000000 0.13 0.19 0.26
v -5.9326516 -9.9681315 12.8000000 0.13 0.19 0.26
v -6.3242594 -9.7243891 12.8000000 0.13 0.19 0.26
v -6.7058672 -9.4652705 12.8000000 0.13 0.19 0.26
v -7.0768717 -9.1911853 12.8000000 0.13 0.19 0.26
v -7.4366862 -8.9025670 12.8000000 0.13 0.19 0.26
v -7.7847418 -8.5998718 12.8000000 0.13 0.19 0.26
v -8.1204881 -8.2835785 12.8000000 0.13 0.19 0.26
v -8.4433942 -7.9541872 12.8000000 0.13 0.19 0.26
v -8.7529496 -7.6122187 12.8000000 0.13 0.19 0.26
v -9.0486648 -7.2582137 12.8000000 0.13 0.19 0.26
v -9.3300722 -6.8927319 12.8000000 0.13 0.19 0.26
v -9.5967268 -6.5163514 12.8000000 0.13 0.19 0.26
v -9.8482070 -6.1296671 12.8000000 0.13 0.19 0.26
v -10.0841152 -5.7332906 12.8000000 0.13 0.19 0.26
v -10.3040783 -5.3278486 12.8000000 0.13 0.19 0.26
v -10.5077486 -4.9139821 12.8000000 0.13 0.19 0.26
v -10.6948039 -4.4923456 12.8000000 0.13 0.19 0.26
v -10.8649486 -4.0636058 12.8000000 0.13 0.19 0.26
v -11.0179135 -3.6284406 12.8000000 0.13 0.19 0.26
v -11.1534569 -3.1875381 12.8000000 0.13 0.19 0.26
v -11.2713643 -2.7415955 12.8000000 0.13 0.19 0.26
v -11.3714495 -2.2913178 12.8000000 0.13 0.19 0.26
v -11.4535540 -1.8374171 12.8000000 0.13 0.19 0.26
v -11.5175481 -1.3806110 12.8000000 0.13 0.19 0.26
v -11.5633305 -0.9216219 12.8000000 0.13 0.19 0.26
v -11.5908290 -0.4611756 12.8000000 0.13 0.19 0.26
v -11.6000000 0.0000000 12.8000000 0.13 0.19 0.26
v -11.5908290 0.4611756 12.8000000 0.13 0.19 0.26
v -11.5633305 0.9216219 12.8000000 0.13 0.19 0.26
v -11.5175481 1.3806110 12.8000000 0.13 0.19 0.26
v -11.4535540 1.8374171 12.8000000 0.13 0.19 0.26
v -11.3714495 2.2913178 12.8000000 0.13 0.19 0.26
v -11.2713643 2.7415955 12.8000000 0.13 0.19 0.26
v -11.1534569 3.1875381 12.8000000 0.13 0.19 0.26
v -11.0179135 3.6284406 12.8000000 0.13 0.19 0.26
v -10.8649486 4.0636058 12.8000000 0.13 0.19 0.26
v -10.6948039 4.4923456 12.8000000 0.13 0.19 0.26
v -10.5077486 4.9139821 12.8000000 0.13 0.19 0.26
v -10.3040783 5.3278486 12.8000000 0.13 0.19 0.26
v -10.0841152 5.7332906 12.8000000 0.13 0.19 0.26
v -9.8482070 6.1296671 12.8000000 0.13 0.19 0.26
v -9.5967268 6.5163514 12.8000000 0.13 0.19 0.26
v -9.3300722 6.8927319 12.8000000 0.13 0.19 0.26
v -9.0486648 7.2582137 12.8000000 0.13 0.19 0.26
v -8.7529496 7.6122187 12.8000000 0.13 0.19 0.26
v -8.4433942 7.9541872 12.8000000 0.13 0.19 0.26
v -8.1204881 8.2835785 12.8000000 0.13 0.19 0.26
v -7.7847418 8.5998718 12.8000000 0.13 0.19 0.26
v -7.4366862 8.9025670 12.8000000 0.13 0.19 0.26
v -7.0768717 9.1911853 12.8000000 0.13 0.19 0.26
v -6.7058672 9.4652705 12.8000000 0.13 0.19 0.26
v -6.3242594 9.7243891 12.8000000 0.13 0.19 0.26
v -5.9326516 9.9681315 12.8000000 0.13 0.19 0.26
v -5.5316630 10.1961122 12.8000000 0.13 0.19 0.26
v -5.1219278 10.4079708 12.8000000 0.13 0.19 0.26
v -4.7040937 10.6033722 12.8000000 0.13 0.19 0.26
v -4.2788215 10.7820075 12.8000000 0.13 0.19 0.26
v -3.8467836 10.9435943 12.8000000 0.13 0.19 0.26
v -3.4086632 11.0878770 12.8000000 0.13 0.19 0.26
v -2.9651529 11.2146274 12.8000000 0.13 0.19 0.26
v -2.5169542 11.3236452 12.8000000 0.13 0.19 0.26
v -2.0647756 11.4147581 12.8000000 0.13 0.19 0.26
v -1.6093322 11.4878218 12.8000000 0.13 0.19 0.26
v -1.1513441 11.5427209 12.8000000 0.13 0.19 0.26
v -0.6915355 11.5793687 12.8000000 0.13 0.19 0.26
v -0.2306334 11.5977070 12.8000000 0.13 0.19 0.26
v 0.2306334 11.5977070 12.8000000 0.13 0.19 0.26
v 0.6915355 11.5793687 12.8000000 0.13 0.19 0.26
v 1.1513441 11.5427209 12.8000000 0.13 0.19 0.26
v 1.6093322 11.4878218 12.8000000 0.13 0.19 0.26
v 2.0647756 11.4147581 12.8000000 0.13 0.19 0.26
v 2.5169542 11.3236452 12.8000000 0.13 0.19 0.26
v 2.9651529 11.2146274 12.8000000 0.13 0.19 0.26
v 3.4086632 11.0878770 12.8000000 0.13 0.19 0.26
v 3.8467836 10.9435943 12.8000000 0.13 0.19 0.26
v 4.2788215 10.7820075 12.8000000 0.13 0.19 0.26
v 4.7040937 10.6033722 12.8000000 0.13 0.19 0.26
v 5.1219278 10.4079708 12.8000000 0.13 0.19 0.26
v 5.5316630 10.1961122 12.8000000 0.13 0.19 0.26
v 5.9326516 9.9681315 12.8000000 0.13 0.19 0.26
v 6.3242594 9.7243891 12.8000000 0.13 0.19 0.26
v 6.7058672 9.4652705 12.8000000 0.13 0.19 0.26
v 7.0768717 9.1911853 12.8000000 0.13 0.19 0.26
v 7.4366862 8.9025670 12.8000000 0.13 0.19 0.26
v 7.7847418 8.5998718 12.8000000 0.13 0.19 0.26
v 8.1204881 8.2835785 12.8000000 0.13 0.19 0.26
v 8.4433942 7.9541872 12.8000000 0.13 0.19 0.26
v 8.7529496 7.6122187 12.8000000 0.13 0.19 0.26
v 9.0486648 7.2582137 12.8000000 0.13 0.19 0.26
v 9.3300722 6.8927319 12.8000000 0.13 0.19 0.26
v 9.5967268 6.5163514 12.8000000 0.13 0.19 0.26
v 9.8482070 6.1296671 12.8000000 0.13 0.19 0.26
v 10.0841152 5.7332906 12.8000000 0.13 0.19 0.26
v 10.3040783 5.3278486 12.8000000 0.13 0.19 0.26
v 10.5077486 4.9139821 12.8000000 0.13 0.19 0.26
v 10.6948039 4.4923456 12.8000000 0.13 0.19 0.26
v 10.8649486 4.0636058 12.8000000 0.13 0.19 0.26
v 11.0179135 3.6284406 12.8000000 0.13 0.19 0.26
v 11.1534569 3.1875381 12.8000000 0.13 0.19 0.26
v 11.2713643 2.7415955 12.8000000 0.13 0.19 0.26
v 11.3714495 2.2913178 12.8000000 0.13 0.19 0.26
v 11.4535540 1.8374171 12.8000000 0.13 0.19 0.26
v 11.5175481 1.3806110 12.8000000 0.13 0.19 0.26
v 11.5633305 0.9216219 12.8000000 0.13 0.19 0.26
v 11.5908290 0.4611756 12.8000000 0.13 0.19 0.26
v 3.7000000 0.0000000 12.8000000 0.13 0.19 0.26
v 3.6970748 -0.1470991 12.8000000 0.13 0.19 0.26
v 3.6883037 -0.2939656 12.8000000 0.13 0.19 0.26
v 3.6737007 -0.4403673 12.8000000 0.13 0.19 0.26
v 3.6532888 -0.5860727 12.8000000 0.13 0.19 0.26
v 3.6271003 -0.7308514 12.8000000 0.13 0.19 0.26
v 3.5951766 -0.8744744 12.8000000 0.13 0.19 0.26
v 3.5575681 -1.0167148 12.8000000 0.13 0.19 0.26
v 3.5143345 -1.1573474 12.8000000 0.13 0.19 0.26
v 3.4655439 -1.2961501 12.8000000 0.13 0.19 0.26
v 3.4112737 -1.4329033 12.8000000 0.13 0.19 0.26
v 3.3516095 -1.5673908 12.8000000 0.13 0.19 0.26
v 3.2866457 -1.6994000 12.8000000 0.13 0.19 0.26
v 3.2164850 -1.8287220 12.8000000 0.13 0.19 0.26
v 3.1412384 -1.9551524 12.8000000 0.13 0.19 0.26
v 3.0610249 -2.0784914 12.8000000 0.13 0.19 0.26
v 2.9759713 -2.1985438 12.8000000 0.13 0.19 0.26
v 2.8862120 -2.3151199 12.8000000 0.13 0.19 0.26
v 2.7918891 -2.4280353 12.8000000 0.13 0.19 0.26
v 2.6931516 -2.5371114 12.8000000 0.13 0.19 0.26
v 2.5901557 -2.6421759 12.8000000 0.13 0.19 0.26
v 2.4830642 -2.7430626 12.8000000 0.13 0.19 0.26
v 2.3720465 -2.8396119 12.8000000 0.13 0.19 0.26
v 2.2572780 -2.9316712 12.8000000 0.13 0.19 0.26
v 2.1389404 -3.0190949 12.8000000 0.13 0.19 0.26
v 2.0172207 -3.1017448 12.8000000 0.13 0.19 0.26
v 1.8923113 -3.1794902 12.8000000 0.13 0.19 0.26
v 1.7644098 -3.2522082 12.8000000 0.13 0.19 0.26
v 1.6337183 -3.3197838 12.8000000 0.13 0.19 0.26
v 1.5004437 -3.3821101 12.8000000 0.13 0.19 0.26
v 1.3647965 -3.4390886 12.8000000 0.13 0.19 0.26
v 1.2269913 -3.4906292 12.8000000 0.13 0.19 0.26
v 1.0872460 -3.5366504 12.8000000 0.13 0.19 0.26
v 0.9457815 -3.5770794 12.8000000 0.13 0.19 0.26
v 0.8028216 -3.6118524 12.8000000 0.13 0.19 0.26
v 0.6585922 -3.6409142 12.8000000 0.13 0.19 0.26
v 0.5133215 -3.6642190 12.8000000 0.13 0.19 0.26
v 0.3672391 -3.6817300 12.8000000 0.13 0.19 0.26
v 0.2205760 -3.6934193 12.8000000 0.13 0.19 0.26
v 0.0735641 -3.6992686 12.8000000 0.13 0.19 0.26
v -0.0735641 -3.6992686 12.8000000 0.13 0.19 0.26
v -0.2205760 -3.6934193 12.8000000 0.13 0.19 0.26
v -0.3672391 -3.6817300 12.8000000 0.13 0.19 0.26
v -0.5133215 -3.6642190 12.8000000 0.13 0.19 0.26
v -0.6585922 -3.6409142 12.8000000 0.13 0.19 0.26
v -0.8028216 -3.6118524 12.8000000 0.13 0.19 0.26
v -0.9457815 -3.5770794 12.8000000 0.13 0.19 0.26
v -1.0872460 -3.5366504 12.8000000 0.13 0.19 0.26
v -1.2269913 -3.4906292 12.8000000 0.13 0.19 0.26
v -1.3647965 -3.4390886 12.8000000 0.13 0.19 0.26
v -1.5004437 -3.3821101 12.8000000 0.13 0.19 0.26
v -1.6337183 -3.3197838 12.8000000 0.13 0.19 0.26
v -1.7644098 -3.2522082 12.8000000 0.13 0.19 0.26
v -1.8923113 -3.1794902 12.8000000 0.13 0.19 0.26
v -2.0172207 -3.1017448 12.8000000 0.13 0.19 0.26
v -2.1389404 -3.0190949 12.8000000 0.13 0.19 0.26
v -2.2572780 -2.9316712 12.8000000 0.13 0.19 0.26
v -2.3720465 -2.8396119 12.8000000 0.13 0.19 0.26
v -2.4830642 -2.7430626 12.8000000 0.13 0.19 0.26
v -2.5901557 -2.6421759 12.8000000 0.13 0.19 0.26
v -2.6931516 -2.5371114 12.8000000 0.13 0.19 0.26
v -2.7918891 -2.4280353 12.8000000 0.13 0.19 0.26
v -2.8862120 -2.3151199 12.8000000 0.13 0.19 0.26
v -2.9759713 -2.1985438 12.8000000 0.13 0.19 0.26
v -3.0610249 -2.0784914 12.8000000 0.13 0.19 0.26
v -3.1412384 -1.9551524 12.8000000 0.13 0.19 0.26
v -3.2164850 -1.8287220 12.8000000 0.13 0.19 0.26
v -3.2866457 -1.6994000 12.8000000 0.13 0.19 0.26
v -3.3516095 -1.5673908 12.8000000 0.13 0.19 0.26
v -3.4112737 -1.4329033 12.8000000 0.13 0.19 0.26
v -3.4655439 -1.2961501 12.8000000 0.13 0.19 0.26
v -3.5143345 -1.1573474 12.8000000 0.13 0.19 0.26
v -3.5575681 -1.0167148 12.8000000 0.13 0.19 0.26
v -3.5951766 -0.8744744 12.8000000 0.13 0.19 0.26
v -3.6271003 -0.7308514 12.8000000 0.13 0.19 0.26
v -3.6532888 -0.5860727 12.8000000 0.13 0.19 0.26
v -3.6737007 -0.4403673 12.8000000 0.13 0.19 0.26
v -3.6883037 -0.2939656 12.8000000 0.13 0.19 0.26
v -3.6970748 -0.1470991 12.8000000 0.13 0.19 0.26
v -3.7000000 0.0000000 12.8000000 0.13 0.19 0.26
v -3.6970748 0.1470991 12.8000000 0.13 0.19 0.26
v -3.6883037 0.2939656 12.8000000 0.13 0.19 0.26
v -3.6737007 0.4403673 12.8000000 0.13 0.19 0.26
v -3.6532888 0.5860727 12.8000000 0.13 0.19 0.26
v -3.6271003 0.7308514 12.8000000 0.13 0.19 0.26
v -3.5951766 0.8744744 12.8000000 0.13 0.19 0.26
v -3.5575681 1.0167148 12.8000000 0.13 0.19 0.26
v -3.5143345 1.1573474 12.8000000 0.13 0.19 0.26
v -3.4655439 1.2961501 12.8000000 0.13 0.19 0.26
v -3.4112737 1.4329033 12.8000000 0.13 0.19 0.26
v -3.3516095 1.5673908 12.8000000 0.13 0.19 0.26
v -3.2866457 1.6994000 12.8000000 0.13 0.19 0.26
v -3.2164850 1.8287220 12.8000000 0.13 0.19 0.26
v -3.1412384 1.9551524 12.8000000 0.13 0.19 0.26
v -3.0610249 2.0784914 12.8000000 0.13 0.19 0.26
v -2.9759713 2.1985438 12.8000000 0.13 0.19 0.26
v -2.8862120 2.3151199 12.8000000 0.13 0.19 0.26
v -2.7918891 2.4280353 12.8000000 0.13 0.19 0.26
v -2.6931516 2.5371114 12.8000000 0.13 0.19 0.26
v -2.5901557 2.6421759 12.8000000 0.13 0.19 0.26
v -2.4830642 2.7430626 12.8000000 0.13 0.19 0.26
v -2.3720465 2.8396119 12.8000000 0.13 0.19 0.26
v -2.2572780 2.9316712 12.8000000 0.13 0.19 0.26
v -2.1389404 3.0190949 12.8000000 0.13 0.19 0.26
v -2.0172207 3.1017448 12.8000000 0.13 0.19 0.26
v -1.8923113 3.1794902 12.8000000 0.13 0.19 0.26
v -1.7644098 3.2522082 12.8000000 0.13 0.19 0.26
v -1.6337183 3.3197838 12.8000000 0.13 0.19 0.26
v -1.5004437 3.3821101 12.8000000 0.13 0.19 0.26
v -1.3647965 3.4390886 12.8000000 0.13 0.19 0.26
v -1.2269913 3.4906292 12.8000000 0.13 0.19 0.26
v -1.0872460 3.5366504 12.8000000 0.13 0.19 0.26
v -0.9457815 3.5770794 12.8000000 0.13 0.19 0.26
v -0.8028216 3.6118524 12.8000000 0.13 0.19 0.26
v -0.6585922 3.6409142 12.8000000 0.13 0.19 0.26
v -0.5133215 3.6642190 12.8000000 0.13 0.19 0.26
v -0.3672391 3.6817300 12.8000000 0.13 0.19 0.26
v -0.2205760 3.6934193 12.8000000 0.13 0.19 0.26
v -0.0735641 3.6992686 12.8000000 0.13 0.19 0.26
v 0.0735641 3.6992686 12.8000000 0.13 0.19 0.26
v 0.2205760 3.6934193 12.8000000 0.13 0.19 0.26
v 0.3672391 3.6817300 12.8000000 0.13 0.19 0.26
v 0.5133215 3.6642190 12.8000000 0.13 0.19 0.26
v 0.6585922 3.6409142 12.8000000 0.13 0.19 0.26
v 0.8028216 3.6118524 12.8000000 0.13 0.19 0.26
v 0.9457815 3.5770794 12.8000000 0.13 0.19 0.26
v 1.0872460 3.5366504 12.8000000 0.13 0.19 0.26
v 1.2269913 3.4906292 12.8000000 0.13 0.19 0.26
v 1.3647965 3.4390886 12.8000000 0.13 0.19 0.26
v 1.5004437 3.3821101 12.8000000 0.13 0.19 0.26
v 1.6337183 3.3197838 12.8000000 0.13 0.19 0.26
v 1.7644098 3.2522082 12.8000000 0.13 0.19 0.26
v 1.8923113 3.1794902 12.8000000 0.13 0.19 0.26
v 2.0172207 3.1017448 12.8000000 0.13 0.19 0.26
v 2.1389404 3.0190949 12.8000000 0.13 0.19 0.26
v 2.2572780 2.9316712 12.8000000 0.13 0.19 0.26
v 2.3720465 2.8396119 12.8000000 0.13 0.19 0.26
v 2.4830642 2.7430626 12.8000000 0.13 0.19 0.26
v 2.5901557 2.6421759 12.8000000 0.13 0.19 0.26
v 2.6931516 2.5371114 12.8000000 0.13 0.19 0.26
v 2.7918891 2.4280353 12.8000000 0.13 0.19 0.26
v 2.8862120 2.3151199 12.8000000 0.13 0.19 0.26
v 2.9759713 2.1985438 12.8000000 0.13 0.19 0.26
v 3.0610249 2.0784914 12.8000000 0.13 0.19 0.26
v 3.1412384 1.9551524 12.8000000 0.13 0.19 0.26
v 3.2164850 1.8287220 12.8000000 0.13 0.19 0.26
v 3.2866457 1.6994000 12.8000000 0.13 0.19 0.26
v 3.3516095 1.5673908 12.8000000 0.13 0.19 0.26
v 3.4112737 1.4329033 12.8000000 0.13 0.19 0.26
v 3.4655439 1.2961501 12.8000000 0.13 0.19 0.26
v 3.5143345 1.1573474 12.8000000 0.13 0.19 0.26
v 3.5575681 1.0167148 12.8000000 0.13 0.19 0.26
v 3.5951766 0.8744744 12.8000000 0.13 0.19 0.26
v 3.6271003 0.7308514 12.8000000 0.13 0.19 0.26
v 3.6532888 0.5860727 12.8000000 0.13 0.19 0.26
v 3.6737007 0.4403673 12.8000000 0.13 0.19 0.26
v 3.6883037 0.2939656 12.8000000 0.13 0.19 0.26
v 3.6970748 0.1470991 12.8000000 0.13 0.19 0.26
v 3.7000000 0.0000000 10.2500000 0.13 0.19 0.26
v 3.6970748 0.1470991 10.2500000 0.13 0.19 0.26
v 3.6883037 0.2939656 10.2500000 0.13 0.19 0.26
v 3.6737007 0.4403673 10.2500000 0.13 0.19 0.26
v 3.6532888 0.5860727 10.2500000 0.13 0.19 0.26
v 3.6271003 0.7308514 10.2500000 0.13 0.19 0.26
v 3.5951766 0.8744744 10.2500000 0.13 0.19 0.26
v 3.5575681 1.0167148 10.2500000 0.13 0.19 0.26
v 3.5143345 1.1573474 10.2500000 0.13 0.19 0.26
v 3.4655439 1.2961501 10.2500000 0.13 0.19 0.26
v 3.4112737 1.4329033 10.2500000 0.13 0.19 0.26
v 3.3516095 1.5673908 10.2500000 0.13 0.19 0.26
v 3.2866457 1.6994000 10.2500000 0.13 0.19 0.26
v 3.2164850 1.8287220 10.2500000 0.13 0.19 0.26
v 3.1412384 1.9551524 10.2500000 0.13 0.19 0.26
v 3.0610249 2.0784914 10.2500000 0.13 0.19 0.26
v 2.9759713 2.1985438 10.2500000 0.13 0.19 0.26
v 2.8862120 2.3151199 10.2500000 0.13 0.19 0.26
v 2.7918891 2.4280353 10.2500000 0.13 0.19 0.26
v 2.6931516 2.5371114 10.2500000 0.13 0.19 0.26
v 2.5901557 2.6421759 10.2500000 0.13 0.19 0.26
v 2.4830642 2.7430626 10.2500000 0.13 0.19 0.26
v 2.3720465 2.8396119 10.2500000 0.13 0.19 0.26
v 2.2572780 2.9316712 10.2500000 0.13 0.19 0.26
v 2.1389404 3.0190949 10.2500000 0.13 0.19 0.26
v 2.0172207 3.1017448 10.2500000 0.13 0.19 0.26
v 1.8923113 3.1794902 10.2500000 0.13 0.19 0.26
v 1.7644098 3.2522082 10.2500000 0.13 0.19 0.26
v 1.6337183 3.3197838 10.2500000 0.13 0.19 0.26
v 1.5004437 3.3821101 10.2500000 0.13 0.19 0.26
v 1.3647965 3.4390886 10.2500000 0.13 0.19 0.26
v 1.2269913 3.4906292 10.2500000 0.13 0.19 0.26
v 1.0872460 3.5366504 10.2500000 0.13 0.19 0.26
v 0.9457815 3.5770794 10.2500000 0.13 0.19 0.26
v 0.8028216 3.6118524 10.2500000 0.13 0.19 0.26
v 0.6585922 3.6409142 10.2500000 0.13 0.19 0.26
v 0.5133215 3.6642190 10.2500000 0.13 0.19 0.26
v 0.3672391 3.6817300 10.2500000 0.13 0.19 0.26
v 0.2205760 3.6934193 10.2500000 0.13 0.19 0.26
v 0.0735641 3.6992686 10.2500000 0.13 0.19 0.26
v -0.0735641 3.6992686 10.2500000 0.13 0.19 0.26
v -0.2205760 3.6934193 10.2500000 0.13 0.19 0.26
v -0.3672391 3.6817300 10.2500000 0.13 0.19 0.26
v -0.5133215 3.6642190 10.2500000 0.13 0.19 0.26
v -0.6585922 3.6409142 10.2500000 0.13 0.19 0.26
v -0.8028216 3.6118524 10.2500000 0.13 0.19 0.26
v -0.9457815 3.5770794 10.2500000 0.13 0.19 0.26
v -1.0872460 3.5366504 10.2500000 0.13 0.19 0.26
v -1.2269913 3.4906292 10.2500000 0.13 0.19 0.26
v -1.3647965 3.4390886 10.2500000 0.13 0.19 0.26
v -1.5004437 3.3821101 10.2500000 0.13 0.19 0.26
v -1.6337183 3.3197838 10.2500000 0.13 0.19 0.26
v -1.7644098 3.2522082 10.2500000 0.13 0.19 0.26
v -1.8923113 3.1794902 10.2500000 0.13 0.19 0.26
v -2.0172207 3.1017448 10.2500000 0.13 0.19 0.26
v -2.1389404 3.0190949 10.2500000 0.13 0.19 0.26
v -2.2572780 2.9316712 10.2500000 0.13 0.19 0.26
v -2.3720465 2.8396119 10.2500000 0.13 0.19 0.26
v -2.4830642 2.7430626 10.2500000 0.13 0.19 0.26
v -2.5901557 2.6421759 10.2500000 0.13 0.19 0.26
v -2.6931516 2.5371114 10.2500000 0.13 0.19 0.26
v -2.7918891 2.4280353 10.2500000 0.13 0.19 0.26
v -2.8862120 2.3151199 10.2500000 0.13 0.19 0.26
v -2.9759713 2.1985438 10.2500000 0.13 0.19 0.26
v -3.0610249 2.0784914 10.2500000 0.13 0.19 0.26
v -3.1412384 1.9551524 10.2500000 0.13 0.19 0.26
v -3.2164850 1.8287220 10.2500000 0.13 0.19 0.26
v -3.2866457 1.6994000 10.2500000 0.13 0.19 0.26
v -3.3516095 1.5673908 10.2500000 0.13 0.19 0.26
v -3.4112737 1.4329033 10.2500000 0.13 0.19 0.26
v -3.4655439 1.2961501 10.2500000 0.13 0.19 0.26
v -3.5143345 1.1573474 10.2500000 0.13 0.19 0.26
v -3.5575681 1.0167148 10.2500000 0.13 0.19 0.26
v -3.5951766 0.8744744 10.2500000 0.13 0.19 0.26
v -3.6271003 0.7308514 10.2500000 0.13 0.19 0.26
v -3.6532888 0.5860727 10.2500000 0.13 0.19 0.26
v -3.6737007 0.4403673 10.2500000 0.13 0.19 0.26
v -3.6883037 0.2939656 10.2500000 0.13 0.19 0.26
v -3.6970748 0.1470991 10.2500000 0.13 0.19 0.26
v -3.7000000 -0.0000000 10.2500000 0.13 0.19 0.26
v -3.6970748 -0.1470991 10.2500000 0.13 0.19 0.26
v -3.6883037 -0.2939656 10.2500000 0.13 0.19 0.26
v -3.6737007 -0.4403673 10.2500000 0.13 0.19 0.26
v -3.6532888 -0.5860727 10.2500000 0.13 0.19 0.26
v -3.6271003 -0.7308514 10.2500000 0.13 0.19 0.26
v -3.5951766 -0.8744744 10.2500000 0.13 0.19 0.26
v -3.5575681 -1.0167148 10.2500000 0.13 0.19 0.26
v -3.5143345 -1.1573474 10.2500000 0.13 0.19 0.26
v -3.4655439 -1.2961501 10.2500000 0.13 0.19 0.26
v -3.4112737 -1.4329033 10.2500000 0.13 0.19 0.26
v -3.3516095 -1.5673908 10.2500000 0.13 0.19 0.26
v -3.2866457 -1.6994000 10.2500000 0.13 0.19 0.26
v -3.2164850 -1.8287220 10.2500000 0.13 0.19 0.26
v -3.1412384 -1.9551524 10.2500000 0.13 0.19 0.26
v -3.0610249 -2.0784914 10.2500000 0.13 0.19 0.26
v -2.9759713 -2.1985438 10.2500000 0.13 0.19 0.26
v -2.8862120 -2.3151199 10.2500000 0.13 0.19 0.26
v -2.7918891 -2.4280353 10.2500000 0.13 0.19 0.26
v -2.6931516 -2.5371114 10.2500000 0.13 0.19 0.26
v -2.5901557 -2.6421759 10.2500000 0.13 0.19 0.26
v -2.4830642 -2.7430626 10.2500000 0.13 0.19 0.26
v -2.3720465 -2.8396119 10.2500000 0.13 0.19 0.26
v -2.2572780 -2.9316712 10.2500000 0.13 0.19 0.26
v -2.1389404 -3.0190949 10.2500000 0.13 0.19 0.26
v -2.0172207 -3.1017448 10.2500000 0.13 0.19 0.26
v -1.8923113 -3.1794902 10.2500000 0.13 0.19 0.26
v -1.7644098 -3.2522082 10.2500000 0.13 0.19 0.26
v -1.6337183 -3.3197838 10.2500000 0.13 0.19 0.26
v -1.5004437 -3.3821101 10.2500000 0.13 0.19 0.26
v -1.3647965 -3.4390886 10.2500000 0.13 0.19 0.26
v -1.2269913 -3.4906292 10.2500000 0.13 0.19 0.26
v -1.0872460 -3.5366504 10.2500000 0.13 0.19 0.26
v -0.9457815 -3.5770794 10.2500000 0.13 0.19 0.26
v -0.8028216 -3.6118524 10.2500000 0.13 0.19 0.26
v -0.6585922 -3.6409142 10.2500000 0.13 0.19 0.26
v -0.5133215 -3.6642190 10.2500000 0.13 0.19 0.26
v -0.3672391 -3.6817300 10.2500000 0.13 0.19 0.26
v -0.2205760 -3.6934193 10.2500000 0.13 0.19 0.26
v -0.0735641 -3.6992686 10.2500000 0.13 0.19 0.26
v 0.0735641 -3.6992686 10.2500000 0.13 0.19 0.26
v 0.2205760 -3.6934193 10.2500000 0.13 0.19 0.26
v 0.3672391 -3.6817300 10.2500000 0.13 0.19 0.26
v 0.5133215 -3.6642190 10.2500000 0.13 0.19 0.26
v 0.6585922 -3.6409142 10.2500000 0.13 0.19 0.26
v 0.8028216 -3.6118524 10.2500000 0.13 0.19 0.26
v 0.9457815 -3.5770794 10.2500000 0.13 0.19 0.26
v 1.0872460 -3.5366504 10.2500000 0.13 0.19 0.26
v 1.2269913 -3.4906292 10.2500000 0.13 0.19 0.26
v 1.3647965 -3.4390886 10.2500000 0.13 0.19 0.26
v 1.5004437 -3.3821101 10.2500000 0.13 0.19 0.26
v 1.6337183 -3.3197838 10.2500000 0.13 0.19 0.26
v 1.7644098 -3.2522082 10.2500000 0.13 0.19 0.26
v 1.8923113 -3.1794902 10.2500000 0.13 0.19 0.26
v 2.0172207 -3.1017448 10.2500000 0.13 0.19 0.26
v 2.1389404 -3.0190949 10.2500000 0.13 0.19 0.26
v 2.2572780 -2.9316712 10.2500000 0.13 0.19 0.26
v 2.3720465 -2.8396119 10.2500000 0.13 0.19 0.26
v 2.4830642 -2.7430626 10.2500000 0.13 0.19 0.26
v 2.5901557 -2.6421759 10.2500000 0.13 0.19 0.26
v 2.6931516 -2.5371114 10.2500000 0.13 0.19 0.26
v 2.7918891 -2.4280353 10.2500000 0.13 0.19 0.26
v 2.8862120 -2.3151199 10.2500000 0.13 0.19 0.26
v 2.9759713 -2.1985438 10.2500000 0.13 0.19 0.26
v 3.0610249 -2.0784914 10.2500000 0.13 0.19 0.26
v 3.1412384 -1.9551524 10.2500000 0.13 0.19 0.26
v 3.2164850 -1.8287220 10.2500000 0.13 0.19 0.26
v 3.2866457 -1.6994000 10.2500000 0.13 0.19 0.26
v 3.3516095 -1.5673908 10.2500000 0.13 0.19 0.26
v 3.4112737 -1.4329033 10.2500000 0.13 0.19 0.26
v 3.4655439 -1.2961501 10.2500000 0.13 0.19 0.26
v 3.5143345 -1.1573474 10.2500000 0.13 0.19 0.26
v 3.5575681 -1.0167148 10.2500000 0.13 0.19 0.26
v 3.5951766 -0.8744744 10.2500000 0.13 0.19 0.26
v 3.6271003 -0.7308514 10.2500000 0.13 0.19 0.26
v 3.6532888 -0.5860727 10.2500000 0.13 0.19 0.26
v 3.6737007 -0.4403673 10.2500000 0.13 0.19 0.26
v 3.6883037 -0.2939656 10.2500000 0.13 0.19 0.26
v 3.6970748 -0.1470991 10.2500000 0.13 0.19 0.26
v 3.7000000 0.0000000 10.2500000 0.13 0.19 0.26
v 3.7000000 0.0000000 12.8000000 0.13 0.19 0.26
v 3.7000000 0.0000000 12.8000000 0.13 0.19 0.26
v 3.6970748 -0.1470991 12.8000000 0.13 0.19 0.26
v 3.6883037 -0.2939656 12.8000000 0.13 0.19 0.26
v 3.6737007 -0.4403673 12.8000000 0.13 0.19 0.26
v 3.6532888 -0.5860727 12.8000000 0.13 0.19 0.26
v 3.6271003 -0.7308514 12.8000000 0.13 0.19 0.26
v 3.5951766 -0.8744744 12.8000000 0.13 0.19 0.26
v 3.5575681 -1.0167148 12.8000000 0.13 0.19 0.26
v 3.5143345 -1.1573474 12.8000000 0.13 0.19 0.26
v 3.4655439 -1.2961501 12.8000000 0.13 0.19 0.26
v 3.4112737 -1.4329033 12.8000000 0.13 0.19 0.26
v 3.3516095 -1.5673908 12.8000000 0.13 0.19 0.26
v 3.2866457 -1.6994000 12.8000000 0.13 0.19 0.26
v 3.2164850 -1.8287220 12.8000000 0.13 0.19 0.26
v 3.1412384 -1.9551524 12.8000000 0.13 0.19 0.26
v 3.0610249 -2.0784914 12.8000000 0.13 0.19 0.26
v 2.9759713 -2.1985438 12.8000000 0.13 0.19 0.26
v 2.8862120 -2.3151199 12.8000000 0.13 0.19 0.26
v 2.7918891 -2.4280353 12.8000000 0.13 0.19 0.26
v 2.6931516 -2.5371114 12.8000000 0.13 0.19 0.26
v 2.5901557 -2.6421759 12.8000000 0.13 0.19 0.26
v 2.4830642 -2.7430626 12.8000000 0.13 0.19 0.26
v 2.3720465 -2.8396119 12.8000000 0.13 0.19 0.26
v 2.2572780 -2.9316712 12.8000000 0.13 0.19 0.26
v 2.1389404 -3.0190949 12.8000000 0.13 0.19 0.26
v 2.0172207 -3.1017448 12.8000000 0.13 0.19 0.26
v 1.8923113 -3.1794902 12.8000000 0.13 0.19 0.26
v 1.7644098 -3.2522082 12.8000000 0.13 0.19 0.26
v 1.6337183 -3.3197838 12.8000000 0.13 0.19 0.26
v 1.5004437 -3.3821101 12.8000000 0.13 0.19 0.26
v 1.3647965 -3.4390886 12.8000000 0.13 0.19 0.26
v 1.2269913 -3.4906292 12.8000000 0.13 0.19 0.26
v 1.0872460 -3.5366504 12.8000000 0.13 0.19 0.26
v 0.9457815 -3.5770794 12.8000000 0.13 0.19 0.26
v 0.8028216 -3.6118524 12.8000000 0.13 0.19 0.26
v 0.6585922 -3.6409142 12.8000000 0.13 0.19 0.26
v 0.5133215 -3.6642190 12.8000000 0.13 0.19 0.26
v 0.3672391 -3.6817300 12.8000000 0.13 0.19 0.26
v 0.2205760 -3.6934193 12.8000000 0.13 0.19 0.26
v 0.0735641 -3.6992686 12.8000000 0.13 0.19 0.26
v -0.0735641 -3.6992686 12.8000000 0.13 0.19 0.26
v -0.2205760 -3.6934193 12.8000000 0.13 0.19 0.26
v -0.3672391 -3.6817300 12.8000000 0.13 0.19 0.26
v -0.5133215 -3.6642190 12.8000000 0.13 0.19 0.26
v -0.6585922 -3.6409142 12.8000000 0.13 0.19 0.26
v -0.8028216 -3.6118524 12.8000000 0.13 0.19 0.26
v -0.9457815 -3.5770794 12.8000000 0.13 0.19 0.26
v -1.0872460 -3.5366504 12.8000000 0.13 0.19 0.26
v -1.2269913 -3.4906292 12.8000000 0.13 0.19 0.26
v -1.3647965 -3.4390886 12.8000000 0.13 0.19 0.26
v -1.5004437 -3.3821101 12.8000000 0.13 0.19 0.26
v -1.6337183 -3.3197838 12.8000000 0.13 0.19 0.26
v -1.7644098 -3.2522082 12.8000000 0.13 0.19 0.26
v -1.8923113 -3.1794902 12.8000000 0.13 0.19 0.26
v -2.0172207 -3.1017448 12.8000000 0.13 0.19 0.26
v -2.1389404 -3.0190949 12.8000000 0.13 0.19 0.26
v -2.2572780 -2.9316712 12.8000000 0.13 0.19 0.26
v -2.3720465 -2.8396119 12.8000000 0.13 0.19 0.26
v -2.4830642 -2.7430626 12.8000000 0.13 0.19 0.26
v -2.5901557 -2.6421759 12.8000000 0.13 0.19 0.26
v -2.6931516 -2.5371114 12.8000000 0.13 0.19 0.26
v -2.7918891 -2.4280353 12.8000000 0.13 0.19 0.26
v -2.8862120 -2.3151199 12.8000000 0.13 0.19 0.26
v -2.9759713 -2.1985438 12.8000000 0.13 0.19 0.26
v -3.0610249 -2.0784914 12.8000000 0.13 0.19 0.26
v -3.1412384 -1.9551524 12.8000000 0.13 0.19 0.26
v -3.2164850 -1.8287220 12.8000000 0.13 0.19 0.26
v -3.2866457 -1.6994000 12.8000000 0.13 0.19 0.26
v -3.3516095 -1.5673908 12.8000000 0.13 0.19 0.26
v -3.4112737 -1.4329033 12.8000000 0.13 0.19 0.26
v -3.4655439 -1.2961501 12.8000000 0.13 0.19 0.26
v -3.5143345 -1.1573474 12.8000000 0.13 0.19 0.26
v -3.5575681 -1.0167148 12.8000000 0.13 0.19 0.26
v -3.5951766 -0.8744744 12.8000000 0.13 0.19 0.26
v -3.6271003 -0.7308514 12.8000000 0.13 0.19 0.26
v -3.6532888 -0.5860727 12.8000000 0.13 0.19 0.26
v -3.6737007 -0.4403673 12.8000000 0.13 0.19 0.26
v -3.6883037 -0.2939656 12.8000000 0.13 0.19 0.26
v -3.6970748 -0.1470991 12.8000000 0.13 0.19 0.26
v -3.7000000 0.0000000 12.8000000 0.13 0.19 0.26
v -3.6970748 0.1470991 12.8000000 0.13 0.19 0.26
v -3.6883037 0.2939656 12.8000000 0.13 0.19 0.26
v -3.6737007 0.4403673 12.8000000 0.13 0.19 0.26
v -3.6532888 0.5860727 12.8000000 0.13 0.19 0.26
v -3.6271003 0.7308514 12.8000000 0.13 0.19 0.26
v -3.5951766 0.8744744 12.8000000 0.13 0.19 0.26
v -3.5575681 1.0167148 12.8000000 0.13 0.19 0.26
v -3.5143345 1.1573474 12.8000000 0.13 0.19 0.26
v -3.4655439 1.2961501 12.8000000 0.13 0.19 0.26
v -3.4112737 1.4329033 12.8000000 0.13 0.19 0.26
v -3.3516095 1.5673908 12.8000000 0.13 0.19 0.26
v -3.2866457 1.6994000 12.8000000 0.13 0.19 0.26
v -3.2164850 1.8287220 12.8000000 0.13 0.19 0.26
v -3.1412384 1.9551524 12.8000000 0.13 0.19 0.26
v -3.0610249 2.0784914 12.8000000 0.13 0.19 0.26
v -2.9759713 2.1985438 12.8000000 0.13 0.19 0.26
v -2.8862120 2.3151199 12.8000000 0.13 0.19 0.26
v -2.7918891 2.4280353 12.8000000 0.13 0.19 0.26
v -2.6931516 2.5371114 12.8000000 0.13 0.19 0.26
v -2.5901557 2.6421759 12.8000000 0.13 0.19 0.26
v -2.4830642 2.7430626 12.8000000 0.13 0.19 0.26
v -2.3720465 2.8396119 12.8000000 0.13 0.19 0.26
v -2.2572780 2.9316712 12.8000000 0.13 0.19 0.26
v -2.1389404 3.0190949 12.8000000 0.13 0.19 0.26
v -2.0172207 3.1017448 12.8000000 0.13 0.19 0.26
v -1.8923113 3.1794902 12.8000000 0.13 0.19 0.26
v -1.7644098 3.2522082 12.8000000 0.13 0.19 0.26
v -1.6337183 3.3197838 12.8000000 0.13 0.19 0.26
v -1.5004437 3.3821101 12.8000000 0.13 0.19 0.26
v -1.3647965 3.4390886 12.8000000 0.13 0.19 0.26
v -1.2269913 3.4906292 12.8000000 0.13 0.19 0.26
v -1.0872460 3.5366504 12.8000000 0.13 0.19 0.26
v -0.9457815 3.5770794 12.8000000 0.13 0.19 0.26
v -0.8028216 3.6118524 12.8000000 0.13 0.19 0.26
v -0.6585922 3.6409142 12.8000000 0.13 0.19 0.26
v -0.5133215 3.6642190 12.8000000 0.13 0.19 0.26
v -0.3672391 3.6817300 12.8000000 0.13 0.19 0.26
v -0.2205760 3.6934193 12.8000000 0.13 0.19 0.26
v -0.0735641 3.6992686 12.8000000 0.13 0.19 0.26
v 0.0735641 3.6992686 12.8000000 0.13 0.19 0.26
v 0.2205760 3.6934193 12.8000000 0.13 0.19 0.26
v 0.3672391 3.6817300 12.8000000 0.13 0.19 0.26
v 0.5133215 3.6642190 12.8000000 0.13 0.19 0.26
v 0.6585922 3.6409142 12.8000000 0.13 0.19 0.26
v 0.8028216 3.6118524 12.8000000 0.13 0.19 0.26
v 0.9457815 3.5770794 12.8000000 0.13 0.19 0.26
v 1.0872460 3.5366504 12.8000000 0.13 0.19 0.26
v 1.2269913 3.4906292 12.8000000 0.13 0.19 0.26
v 1.3647965 3.4390886 12.8000000 0.13 0.19 0.26
v 1.5004437 3.3821101 12.8000000 0.13 0.19 0.26
v 1.6337183 3.3197838 12.8000000 0.13 0.19 0.26
v 1.7644098 3.2522082 12.8000000 0.13 0.19 0.26
v 1.8923113 3.1794902 12.8000000 0.13 0.19 0.26
v 2.0172207 3.1017448 12.8000000 0.13 0.19 0.26
v 2.1389404 3.0190949 12.8000000 0.13 0.19 0.26
v 2.2572780 2.9316712 12.8000000 0.13 0.19 0.26
v 2.3720465 2.8396119 12.8000000 0.13 0.19 0.26
v 2.4830642 2.7430626 12.8000000 0.13 0.19 0.26
v 2.5901557 2.6421759 12.8000000 0.13 0.19 0.26
v 2.6931516 2.5371114 12.8000000 0.13 0.19 0.26
v 2.7918891 2.4280353 12.8000000 0.13 0.19 0.26
v 2.8862120 2.3151199 12.8000000 0.13 0.19 0.26
v 2.9759713 2.1985438 12.8000000 0.13 0.19 0.26
v 3.0610249 2.0784914 12.8000000 0.13 0.19 0.26
v 3.1412384 1.9551524 12.8000000 0.13 0.19 0.26
v 3.2164850 1.8287220 12.8000000 0.13 0.19 0.26
v 3.2866457 1.6994000 12.8000000 0.13 0.19 0.26
v 3.3516095 1.5673908 12.8000000 0.13 0.19 0.26
v 3.4112737 1.4329033 12.8000000 0.13 0.19 0.26
v 3.4655439 1.2961501 12.8000000 0.13 0.19 0.26
v 3.5143345 1.1573474 12.8000000 0.13 0.19 0.26
v 3.5575681 1.0167148 12.8000000 0.13 0.19 0.26
v 3.5951766 0.8744744 12.8000000 0.13 0.19 0.26
v 3.6271003 0.7308514 12.8000000 0.13 0.19 0.26
v 3.6532888 0.5860727 12.8000000 0.13 0.19 0.26
v 3.6737007 0.4403673 12.8000000 0.13 0.19 0.26
v 3.6883037 0.2939656 12.8000000 0.13 0.19 0.26
v 3.6970748 0.1470991 12.8000000 0.13 0.19 0.26
v 3.7000000 0.0000000 10.2500000 0.13 0.19 0.26
v 3.6970748 0.1470991 10.2500000 0.13 0.19 0.26
v 3.6883037 0.2939656 10.2500000 0.13 0.19 0.26
v 3.6737007 0.4403673 10.2500000 0.13 0.19 0.26
v 3.6532888 0.5860727 10.2500000 0.13 0.19 0.26
v 3.6271003 0.7308514 10.2500000 0.13 0.19 0.26
v 3.5951766 0.8744744 10.2500000 0.13 0.19 0.26
v 3.5575681 1.0167148 10.2500000 0.13 0.19 0.26
v 3.5143345 1.1573474 10.2500000 0.13 0.19 0.26
v 3.4655439 1.2961501 10.2500000 0.13 0.19 0.26
v 3.4112737 1.4329033 10.2500000 0.13 0.19 0.26
v 3.3516095 1.5673908 10.2500000 0.13 0.19 0.26
v 3.2866457 1.6994000 10.2500000 0.13 0.19 0.26
v 3.2164850 1.8287220 10.2500000 0.13 0.19 0.26
v 3.1412384 1.9551524 10.2500000 0.13 0.19 0.26
v 3.0610249 2.0784914 10.2500000 0.13 0.19 0.26
v 2.9759713 2.1985438 10.2500000 0.13 0.19 0.26
v 2.8862120 2.3151199 10.2500000 0.13 0.19 0.26
v 2.7918891 2.4280353 10.2500000 0.13 0.19 0.26
v 2.6931516 2.5371114 10.2500000 0.13 0.19 0.26
v 2.5901557 2.6421759 10.2500000 0.13 0.19 0.26
v 2.4830642 2.7430626 10.2500000 0.13 0.19 0.26
v 2.3720465 2.8396119 10.2500000 0.13 0.19 0.26
v 2.2572780 2.9316712 10.2500000 0.13 0.19 0.26
v 2.1389404 3.0190949 10.2500000 0.13 0.19 0.26
v 2.0172207 3.1017448 10.2500000 0.13 0.19 0.26
v 1.8923113 3.1794902 10.2500000 0.13 0.19 0.26
v 1.7644098 3.2522082 10.2500000 0.13 0.19 0.26
v 1.6337183 3.3197838 10.2500000 0.13 0.19 0.26
v 1.5004437 3.3821101 10.2500000 0.13 0.19 0.26
v 1.3647965 3.4390886 10.2500000 0.13 0.19 0.26
v 1.2269913 3.4906292 10.2500000 0.13 0.19 0.26
v 1.0872460 3.5366504 10.2500000 0.13 0.19 0.26
v 0.9457815 3.5770794 10.2500000 0.13 0.19 0.26
v 0.8028216 3.6118524 10.2500000 0.13 0.19 0.26
v 0.6585922 3.6409142 10.2500000 0.13 0.19 0.26
v 0.5133215 3.6642190 10.2500000 0.13 0.19 0.26
v 0.3672391 3.6817300 10.2500000 0.13 0.19 0.26
v 0.2205760 3.6934193 10.2500000 0.13 0.19 0.26
v 0.0735641 3.6992686 10.2500000 0.13 0.19 0.26
v -0.0735641 3.6992686 10.2500000 0.13 0.19 0.26
v -0.2205760 3.6934193 10.2500000 0.13 0.19 0.26
v -0.3672391 3.6817300 10.2500000 0.13 0.19 0.26
v -0.5133215 3.6642190 10.2500000 0.13 0.19 0.26
v -0.6585922 3.6409142 10.2500000 0.13 0.19 0.26
v -0.8028216 3.6118524 10.2500000 0.13 0.19 0.26
v -0.9457815 3.5770794 10.2500000 0.13 0.19 0.26
v -1.0872460 3.5366504 10.2500000 0.13 0.19 0.26
v -1.2269913 3.4906292 10.2500000 0.13 0.19 0.26
v -1.3647965 3.4390886 10.2500000 0.13 0.19 0.26
v -1.5004437 3.3821101 10.2500000 0.13 0.19 0.26
v -1.6337183 3.3197838 10.2500000 0.13 0.19 0.26
v -1.7644098 3.2522082 10.2500000 0.13 0.19 0.26
v -1.8923113 3.1794902 10.2500000 0.13 0.19 0.26
v -2.0172207 3.1017448 10.2500000 0.13 0.19 0.26
v -2.1389404 3.0190949 10.2500000 0.13 0.19 0.26
v -2.2572780 2.9316712 10.2500000 0.13 0.19 0.26
v -2.3720465 2.8396119 10.2500000 0.13 0.19 0.26
v -2.4830642 2.7430626 10.2500000 0.13 0.19 0.26
v -2.5901557 2.6421759 10.2500000 0.13 0.19 0.26
v -2.6931516 2.5371114 10.2500000 0.13 0.19 0.26
v -2.7918891 2.4280353 10.2500000 0.13 0.19 0.26
v -2.8862120 2.3151199 10.2500000 0.13 0.19 0.26
v -2.9759713 2.1985438 10.2500000 0.13 0.19 0.26
v -3.0610249 2.0784914 10.2500000 0.13 0.19 0.26
v -3.1412384 1.9551524 10.2500000 0.13 0.19 0.26
v -3.2164850 1.8287220 10.2500000 0.13 0.19 0.26
v -3.2866457 1.6994000 10.2500000 0.13 0.19 0.26
v -3.3516095 1.5673908 10.2500000 0.13 0.19 0.26
v -3.4112737 1.4329033 10.2500000 0.13 0.19 0.26
v -3.4655439 1.2961501 10.2500000 0.13 0.19 0.26
v -3.5143345 1.1573474 10.2500000 0.13 0.19 0.26
v -3.5575681 1.0167148 10.2500000 0.13 0.19 0.26
v -3.5951766 0.8744744 10.2500000 0.13 0.19 0.26
v -3.6271003 0.7308514 10.2500000 0.13 0.19 0.26
v -3.6532888 0.5860727 10.2500000 0.13 0.19 0.26
v -3.6737007 0.4403673 10.2500000 0.13 0.19 0.26
v -3.6883037 0.2939656 10.2500000 0.13 0.19 0.26
v -3.6970748 0.1470991 10.2500000 0.13 0.19 0.26
v -3.7000000 -0.0000000 10.2500000 0.13 0.19 0.26
v -3.6970748 -0.1470991 10.2500000 0.13 0.19 0.26
v -3.6883037 -0.2939656 10.2500000 0.13 0.19 0.26
v -3.6737007 -0.4403673 10.2500000 0.13 0.19 0.26
v -3.6532888 -0.5860727 10.2500000 0.13 0.19 0.26
v -3.6271003 -0.7308514 10.2500000 0.13 0.19 0.26
v -3.5951766 -0.8744744 10.2500000 0.13 0.19 0.26
v -3.5575681 -1.0167148 10.2500000 0.13 0.19 0.26
v -3.5143345 -1.1573474 10.2500000 0.13 0.19 0.26
v -3.4655439 -1.2961501 10.2500000 0.13 0.19 0.26
v -3.4112737 -1.4329033 10.2500000 0.13 0.19 0.26
v -3.3516095 -1.5673908 10.2500000 0.13 0.19 0.26
v -3.2866457 -1.6994000 10.2500000 0.13 0.19 0.26
v -3.2164850 -1.8287220 10.2500000 0.13 0.19 0.26
v -3.1412384 -1.9551524 10.2500000 0.13 0.19 0.26
v -3.0610249 -2.0784914 10.2500000 0.13 0.19 0.26
v -2.9759713 -2.1985438 10.2500000 0.13 0.19 0.26
v -2.8862120 -2.3151199 10.2500000 0.13 0.19 0.26
v -2.7918891 -2.4280353 10.2500000 0.13 0.19 0.26
v -2.6931516 -2.5371114 10.2500000 0.13 0.19 0.26
v -2.5901557 -2.6421759 10.2500000 0.13 0.19 0.26
v -2.4830642 -2.7430626 10.2500000 0.13 0.19 0.26
v -2.3720465 -2.8396119 10.2500000 0.13 0.19 0.26
v -2.2572780 -2.9316712 10.2500000 0.13 0.19 0.26
v -2.1389404 -3.0190949 10.2500000 0.13 0.19 0.26
v -2.0172207 -3.1017448 10.2500000 0.13 0.19 0.26
v -1.8923113 -3.1794902 10.2500000 0.13 0.19 0.26
v -1.7644098 -3.2522082 10.2500000 0.13 0.19 0.26
v -1.6337183 -3.3197838 10.2500000 0.13 0.19 0.26
v -1.5004437 -3.3821101 10.2500000 0.13 0.19 0.26
v -1.3647965 -3.4390886 10.2500000 0.13 0.19 0.26
v -1.2269913 -3.4906292 10.2500000 0.13 0.19 0.26
v -1.0872460 -3.5366504 10.2500000 0.13 0.19 0.26
v -0.9457815 -3.5770794 10.2500000 0.13 0.19 0.26
v -0.8028216 -3.6118524 10.2500000 0.13 0.19 0.26
v -0.6585922 -3.6409142 10.2500000 0.13 0.19 0.26
v -0.5133215 -3.6642190 10.2500000 0.13 0.19 0.26
v -0.3672391 -3.6817300 10.2500000 0.13 0.19 0.26
v -0.2205760 -3.6934193 10.2500000 0.13 0.19 0.26
v -0.0735641 -3.6992686 10.2500000 0.13 0.19 0.26
v 0.0735641 -3.6992686 10.2500000 0.13 0.19 0.26
v 0.2205760 -3.6934193 10.2500000 0.13 0.19 0.26
v 0.3672391 -3.6817300 10.2500000 0.13 0.19 0.26
v 0.5133215 -3.6642190 10.2500000 0.13 0.19 0.26
v 0.6585922 -3.6409142 10.2500000 0.13 0.19 0.26
v 0.8028216 -3.6118524 10.2500000 0.13 0.19 0.26
v 0.9457815 -3.5770794 10.2500000 0.13 0.19 0.26
v 1.0872460 -3.5366504 10.2500000 0.13 0.19 0.26
v 1.2269913 -3.4906292 10.2500000 0.13 0.19 0.26
v 1.3647965 -3.4390886 10.2500000 0.13 0.19 0.26
v 1.5004437 -3.3821101 10.2500000 0.13 0.19 0.26
v 1.6337183 -3.3197838 10.2500000 0.13 0.19 0.26
v 1.7644098 -3.2522082 10.2500000 0.13 0.19 0.26
v 1.8923113 -3.1794902 10.2500000 0.13 0.19 0.26
v 2.0172207 -3.1017448 10.2500000 0.13 0.19 0.26
v 2.1389404 -3.0190949 10.2500000 0.13 0.19 0.26
v 2.2572780 -2.9316712 10.2500000 0.13 0.19 0.26
v 2.3720465 -2.8396119 10.2500000 0.13 0.19 0.26
v 2.4830642 -2.7430626 10.2500000 0.13 0.19 0.26
v 2.5901557 -2.6421759 10.2500000 0.13 0.19 0.26
v 2.6931516 -2.5371114 10.2500000 0.13 0.19 0.26
v 2.7918891 -2.4280353 10.2500000 0.13 0.19 0.26
v 2.8862120 -2.3151199 10.2500000 0.13 0.19 0.26
v 2.9759713 -2.1985438 10.2500000 0.13 0.19 0.26
v 3.0610249 -2.0784914 10.2500000 0.13 0.19 0.26
v 3.1412384 -1.9551524 10.2500000 0.13 0.19 0.26
v 3.2164850 -1.8287220 10.2500000 0.13 0.19 0.26
v 3.2866457 -1.6994000 10.2500000 0.13 0.19 0.26
v 3.3516095 -1.5673908 10.2500000 0.13 0.19 0.26
v 3.4112737 -1.4329033 10.2500000 0.13 0.19 0.26
v 3.4655439 -1.2961501 10.2500000 0.13 0.19 0.26
v 3.5143345 -1.1573474 10.2500000 0.13 0.19 0.26
v 3.5575681 -1.0167148 10.2500000 0.13 0.19 0.26
v 3.5951766 -0.8744744 10.2500000 0.13 0.19 0.26
v 3.6271003 -0.7308514 10.2500000 0.13 0.19 0.26
v 3.6532888 -0.5860727 10.2500000 0.13 0.19 0.26
v 3.6737007 -0.4403673 10.2500000 0.13 0.19 0.26
v 3.6883037 -0.2939656 10.2500000 0.13 0.19 0.26
v 3.6970748 -0.1470991 10.2500000 0.13 0.19 0.26
v 2.6000000 0.0000000 10.2500000 0.13 0.19 0.26
v 2.5979444 -0.1033669 10.2500000 0.13 0.19 0.26
v 2.5917810 -0.2065704 10.2500000 0.13 0.19 0.26
v 2.5815194 -0.3094473 10.2500000 0.13 0.19 0.26
v 2.5671759 -0.4118349 10.2500000 0.13 0.19 0.26
v 2.5487732 -0.5135712 10.2500000 0.13 0.19 0.26
v 2.5263403 -0.6144955 10.2500000 0.13 0.19 0.26
v 2.4999128 -0.7144482 10.2500000 0.13 0.19 0.26
v 2.4695323 -0.8132712 10.2500000 0.13 0.19 0.26
v 2.4352471 -0.9108082 10.2500000 0.13 0.19 0.26
v 2.3971112 -1.0069051 10.2500000 0.13 0.19 0.26
v 2.3551850 -1.1014098 10.2500000 0.13 0.19 0.26
v 2.3095348 -1.1941730 10.2500000 0.13 0.19 0.26
v 2.2602327 -1.2850479 10.2500000 0.13 0.19 0.26
v 2.2073567 -1.3738909 10.2500000 0.13 0.19 0.26
v 2.1509905 -1.4605615 10.2500000 0.13 0.19 0.26
v 2.0912231 -1.5449227 10.2500000 0.13 0.19 0.26
v 2.0281490 -1.6268410 10.2500000 0.13 0.19 0.26
v 1.9618680 -1.7061869 10.2500000 0.13 0.19 0.26
v 1.8924849 -1.7828351 10.2500000 0.13 0.19 0.26
v 1.8201094 -1.8566642 10.2500000 0.13 0.19 0.26
v 1.7448559 -1.9275575 10.2500000 0.13 0.19 0.26
v 1.6668435 -1.9954029 10.2500000 0.13 0.19 0.26
v 1.5861954 -2.0600933 10.2500000 0.13 0.19 0.26
v 1.5030392 -2.1215261 10.2500000 0.13 0.19 0.26
v 1.4175064 -2.1796045 10.2500000 0.13 0.19 0.26
v 1.3297322 -2.2342364 10.2500000 0.13 0.19 0.26
v 1.2398555 -2.2853355 10.2500000 0.13 0.19 0.26
v 1.1480183 -2.3328210 10.2500000 0.13 0.19 0.26
v 1.0543658 -2.3766179 10.2500000 0.13 0.19 0.26
v 0.9590462 -2.4166569 10.2500000 0.13 0.19 0.26
v 0.8622101 -2.4528746 10.2500000 0.13 0.19 0.26
v 0.7640107 -2.4852138 10.2500000 0.13 0.19 0.26
v 0.6646032 -2.5136234 10.2500000 0.13 0.19 0.26
v 0.5641449 -2.5380584 10.2500000 0.13 0.19 0.26
v 0.4627945 -2.5584803 10.2500000 0.13 0.19 0.26
v 0.3607124 -2.5748566 10.2500000 0.13 0.19 0.26
v 0.2580599 -2.5871616 10.2500000 0.13 0.19 0.26
v 0.1549993 -2.5953757 10.2500000 0.13 0.19 0.26
v 0.0516937 -2.5994861 10.2500000 0.13 0.19 0.26
v -0.0516937 -2.5994861 10.2500000 0.13 0.19 0.26
v -0.1549993 -2.5953757 10.2500000 0.13 0.19 0.26
v -0.2580599 -2.5871616 10.2500000 0.13 0.19 0.26
v -0.3607124 -2.5748566 10.2500000 0.13 0.19 0.26
v -0.4627945 -2.5584803 10.2500000 0.13 0.19 0.26
v -0.5641449 -2.5380584 10.2500000 0.13 0.19 0.26
v -0.6646032 -2.5136234 10.2500000 0.13 0.19 0.26
v -0.7640107 -2.4852138 10.2500000 0.13 0.19 0.26
v -0.8622101 -2.4528746 10.2500000 0.13 0.19 0.26
v -0.9590462 -2.4166569 10.2500000 0.13 0.19 0.26
v -1.0543658 -2.3766179 10.2500000 0.13 0.19 0.26
v -1.1480183 -2.3328210 10.2500000 0.13 0.19 0.26
v -1.2398555 -2.2853355 10.2500000 0.13 0.19 0.26
v -1.3297322 -2.2342364 10.2500000 0.13 0.19 0.26
v -1.4175064 -2.1796045 10.2500000 0.13 0.19 0.26
v -1.5030392 -2.1215261 10.2500000 0.13 0.19 0.26
v -1.5861954 -2.0600933 10.2500000 0.13 0.19 0.26
v -1.6668435 -1.9954029 10.2500000 0.13 0.19 0.26
v -1.7448559 -1.9275575 10.2500000 0.13 0.19 0.26
v -1.8201094 -1.8566642 10.2500000 0.13 0.19 0.26
v -1.8924849 -1.7828351 10.2500000 0.13 0.19 0.26
v -1.9618680 -1.7061869 10.2500000 0.13 0.19 0.26
v -2.0281490 -1.6268410 10.2500000 0.13 0.19 0.26
v -2.0912231 -1.5449227 10.2500000 0.13 0.19 0.26
v -2.1509905 -1.4605615 10.2500000 0.13 0.19 0.26
v -2.2073567 -1.3738909 10.2500000 0.13 0.19 0.26
v -2.2602327 -1.2850479 10.2500000 0.13 0.19 0.26
v -2.3095348 -1.1941730 10.2500000 0.13 0.19 0.26
v -2.3551850 -1.1014098 10.2500000 0.13 0.19 0.26
v -2.3971112 -1.0069051 10.2500000 0.13 0.19 0.26
v -2.4352471 -0.9108082 10.2500000 0.13 0.19 0.26
v -2.4695323 -0.8132712 10.2500000 0.13 0.19 0.26
v -2.4999128 -0.7144482 10.2500000 0.13 0.19 0.26
v -2.5263403 -0.6144955 10.2500000 0.13 0.19 0.26
v -2.5487732 -0.5135712 10.2500000 0.13 0.19 0.26
v -2.5671759 -0.4118349 10.2500000 0.13 0.19 0.26
v -2.5815194 -0.3094473 10.2500000 0.13 0.19 0.26
v -2.5917810 -0.2065704 10.2500000 0.13 0.19 0.26
v -2.5979444 -0.1033669 10.2500000 0.13 0.19 0.26
v -2.6000000 0.0000000 10.2500000 0.13 0.19 0.26
v -2.5979444 0.1033669 10.2500000 0.13 0.19 0.26
v -2.5917810 0.2065704 10.2500000 0.13 0.19 0.26
v -2.5815194 0.3094473 10.2500000 0.13 0.19 0.26
v -2.5671759 0.4118349 10.2500000 0.13 0.19 0.26
v -2.5487732 0.5135712 10.2500000 0.13 0.19 0.26
v -2.5263403 0.6144955 10.2500000 0.13 0.19 0.26
v -2.4999128 0.7144482 10.2500000 0.13 0.19 0.26
v -2.4695323 0.8132712 10.2500000 0.13 0.19 0.26
v -2.4352471 0.9108082 10.2500000 0.13 0.19 0.26
v -2.3971112 1.0069051 10.2500000 0.13 0.19 0.26
v -2.3551850 1.1014098 10.2500000 0.13 0.19 0.26
v -2.3095348 1.1941730 10.2500000 0.13 0.19 0.26
v -2.2602327 1.2850479 10.2500000 0.13 0.19 0.26
v -2.2073567 1.3738909 10.2500000 0.13 0.19 0.26
v -2.1509905 1.4605615 10.2500000 0.13 0.19 0.26
v -2.0912231 1.5449227 10.2500000 0.13 0.19 0.26
v -2.0281490 1.6268410 10.2500000 0.13 0.19 0.26
v -1.9618680 1.7061869 10.2500000 0.13 0.19 0.26
v -1.8924849 1.7828351 10.2500000 0.13 0.19 0.26
v -1.8201094 1.8566642 10.2500000 0.13 0.19 0.26
v -1.7448559 1.9275575 10.2500000 0.13 0.19 0.26
v -1.6668435 1.9954029 10.2500000 0.13 0.19 0.26
v -1.5861954 2.0600933 10.2500000 0.13 0.19 0.26
v -1.5030392 2.1215261 10.2500000 0.13 0.19 0.26
v -1.4175064 2.1796045 10.2500000 0.13 0.19 0.26
v -1.3297322 2.2342364 10.2500000 0.13 0.19 0.26
v -1.2398555 2.2853355 10.2500000 0.13 0.19 0.26
v -1.1480183 2.3328210 10.2500000 0.13 0.19 0.26
v -1.0543658 2.3766179 10.2500000 0.13 0.19 0.26
v -0.9590462 2.4166569 10.2500000 0.13 0.19 0.26
v -0.8622101 2.4528746 10.2500000 0.13 0.19 0.26
v -0.7640107 2.4852138 10.2500000 0.13 0.19 0.26
v -0.6646032 2.5136234 10.2500000 0.13 0.19 0.26
v -0.5641449 2.5380584 10.2500000 0.13 0.19 0.26
v -0.4627945 2.5584803 10.2500000 0.13 0.19 0.26
v -0.3607124 2.5748566 10.2500000 0.13 0.19 0.26
v -0.2580599 2.5871616 10.2500000 0.13 0.19 0.26
v -0.1549993 2.5953757 10.2500000 0.13 0.19 0.26
v -0.0516937 2.5994861 10.2500000 0.13 0.19 0.26
v 0.0516937 2.5994861 10.2500000 0.13 0.19 0.26
v 0.1549993 2.5953757 10.2500000 0.13 0.19 0.26
v 0.2580599 2.5871616 10.2500000 0.13 0.19 0.26
v 0.3607124 2.5748566 10.2500000 0.13 0.19 0.26
v 0.4627945 2.5584803 10.2500000 0.13 0.19 0.26
v 0.5641449 2.5380584 10.2500000 0.13 0.19 0.26
v 0.6646032 2.5136234 10.2500000 0.13 0.19 0.26
v 0.7640107 2.4852138 10.2500000 0.13 0.19 0.26
v 0.8622101 2.4528746 10.2500000 0.13 0.19 0.26
v 0.9590462 2.4166569 10.2500000 0.13 0.19 0.26
v 1.0543658 2.3766179 10.2500000 0.13 0.19 0.26
v 1.1480183 2.3328210 10.2500000 0.13 0.19 0.26
v 1.2398555 2.2853355 10.2500000 0.13 0.19 0.26
v 1.3297322 2.2342364 10.2500000 0.13 0.19 0.26
v 1.4175064 2.1796045 10.2500000 0.13 0.19 0.26
v 1.5030392 2.1215261 10.2500000 0.13 0.19 0.26
v 1.5861954 2.0600933 10.2500000 0.13 0.19 0.26
v 1.6668435 1.9954029 10.2500000 0.13 0.19 0.26
v 1.7448559 1.9275575 10.2500000 0.13 0.19 0.26
v 1.8201094 1.8566642 10.2500000 0.13 0.19 0.26
v 1.8924849 1.7828351 10.2500000 0.13 0.19 0.26
v 1.9618680 1.7061869 10.2500000 0.13 0.19 0.26
v 2.0281490 1.6268410 10.2500000 0.13 0.19 0.26
v 2.0912231 1.5449227 10.2500000 0.13 0.19 0.26
v 2.1509905 1.4605615 10.2500000 0.13 0.19 0.26
v 2.2073567 1.3738909 10.2500000 0.13 0.19 0.26
v 2.2602327 1.2850479 10.2500000 0.13 0.19 0.26
v 2.3095348 1.1941730 10.2500000 0.13 0.19 0.26
v 2.3551850 1.1014098 10.2500000 0.13 0.19 0.26
v 2.3971112 1.0069051 10.2500000 0.13 0.19 0.26
v 2.4352471 0.9108082 10.2500000 0.13 0.19 0.26
v 2.4695323 0.8132712 10.2500000 0.13 0.19 0.26
v 2.4999128 0.7144482 10.2500000 0.13 0.19 0.26
v 2.5263403 0.6144955 10.2500000 0.13 0.19 0.26
v 2.5487732 0.5135712 10.2500000 0.13 0.19 0.26
v 2.5671759 0.4118349 10.2500000 0.13 0.19 0.26
v 2.5815194 0.3094473 10.2500000 0.13 0.19 0.26
v 2.5917810 0.2065704 10.2500000 0.13 0.19 0.26
v 2.5979444 0.1033669 10.2500000 0.13 0.19 0.26
v 2.6000000 0.0000000 10.2500000 0.13 0.19 0.26
v 2.5979444 -0.1033669 10.2500000 0.13 0.19 0.26
v 2.5917810 -0.2065704 10.2500000 0.13 0.19 0.26
v 2.5815194 -0.3094473 10.2500000 0.13 0.19 0.26
v 2.5671759 -0.4118349 10.2500000 0.13 0.19 0.26
v 2.5487732 -0.5135712 10.2500000 0.13 0.19 0.26
v 2.5263403 -0.6144955 10.2500000 0.13 0.19 0.26
v 2.4999128 -0.7144482 10.2500000 0.13 0.19 0.26
v 2.4695323 -0.8132712 10.2500000 0.13 0.19 0.26
v 2.4352471 -0.9108082 10.2500000 0.13 0.19 0.26
v 2.3971112 -1.0069051 10.2500000 0.13 0.19 0.26
v 2.3551850 -1.1014098 10.2500000 0.13 0.19 0.26
v 2.3095348 -1.1941730 10.2500000 0.13 0.19 0.26
v 2.2602327 -1.2850479 10.2500000 0.13 0.19 0.26
v 2.2073567 -1.3738909 10.2500000 0.13 0.19 0.26
v 2.1509905 -1.4605615 10.2500000 0.13 0.19 0.26
v 2.0912231 -1.5449227 10.2500000 0.13 0.19 0.26
v 2.0281490 -1.6268410 10.2500000 0.13 0.19 0.26
v 1.9618680 -1.7061869 10.2500000 0.13 0.19 0.26
v 1.8924849 -1.7828351 10.2500000 0.13 0.19 0.26
v 1.8201094 -1.8566642 10.2500000 0.13 0.19 0.26
v 1.7448559 -1.9275575 10.2500000 0.13 0.19 0.26
v 1.6668435 -1.9954029 10.2500000 0.13 0.19 0.26
v 1.5861954 -2.0600933 10.2500000 0.13 0.19 0.26
v 1.5030392 -2.1215261 10.2500000 0.13 0.19 0.26
v 1.4175064 -2.1796045 10.2500000 0.13 0.19 0.26
v 1.3297322 -2.2342364 10.2500000 0.13 0.19 0.26
v 1.2398555 -2.2853355 10.2500000 0.13 0.19 0.26
v 1.1480183 -2.3328210 10.2500000 0.13 0.19 0.26
v 1.0543658 -2.3766179 10.2500000 0.13 0.19 0.26
v 0.9590462 -2.4166569 10.2500000 0.13 0.19 0.26
v 0.8622101 -2.4528746 10.2500000 0.13 0.19 0.26
v 0.7640107 -2.4852138 10.2500000 0.13 0.19 0.26
v 0.6646032 -2.5136234 10.2500000 0.13 0.19 0.26
v 0.5641449 -2.5380584 10.2500000 0.13 0.19 0.26
v 0.4627945 -2.5584803 10.2500000 0.13 0.19 0.26
v 0.3607124 -2.5748566 10.2500000 0.13 0.19 0.26
v 0.2580599 -2.5871616 10.2500000 0.13 0.19 0.26
v 0.1549993 -2.5953757 10.2500000 0.13 0.19 0.26
v 0.0516937 -2.5994861 10.2500000 0.13 0.19 0.26
v -0.0516937 -2.5994861 10.2500000 0.13 0.19 0.26
v -0.1549993 -2.5953757 10.2500000 0.13 0.19 0.26
v -0.2580599 -2.5871616 10.2500000 0.13 0.19 0.26
v -0.3607124 -2.5748566 10.2500000 0.13 0.19 0.26
v -0.4627945 -2.5584803 10.2500000 0.13 0.19 0.26
v -0.5641449 -2.5380584 10.2500000 0.13 0.19 0.26
v -0.6646032 -2.5136234 10.2500000 0.13 0.19 0.26
v -0.7640107 -2.4852138 10.2500000 0.13 0.19 0.26
v -0.8622101 -2.4528746 10.2500000 0.13 0.19 0.26
v -0.9590462 -2.4166569 10.2500000 0.13 0.19 0.26
v -1.0543658 -2.3766179 10.2500000 0.13 0.19 0.26
v -1.1480183 -2.3328210 10.2500000 0.13 0.19 0.26
v -1.2398555 -2.2853355 10.2500000 0.13 0.19 0.26
v -1.3297322 -2.2342364 10.2500000 0.13 0.19 0.26
v -1.4175064 -2.1796045 10.2500000 0.13 0.19 0.26
v -1.5030392 -2.1215261 10.2500000 0.13 0.19 0.26
v -1.5861954 -2.0600933 10.2500000 0.13 0.19 0.26
v -1.6668435 -1.9954029 10.2500000 0.13 0.19 0.26
v -1.7448559 -1.9275575 10.2500000 0.13 0.19 0.26
v -1.8201094 -1.8566642 10.2500000 0.13 0.19 0.26
v -1.8924849 -1.7828351 10.2500000 0.13 0.19 0.26
v -1.9618680 -1.7061869 10.2500000 0.13 0.19 0.26
v -2.0281490 -1.6268410 10.2500000 0.13 0.19 0.26
v -2.0912231 -1.5449227 10.2500000 0.13 0.19 0.26
v -2.1509905 -1.4605615 10.2500000 0.13 0.19 0.26
v -2.2073567 -1.3738909 10.2500000 0.13 0.19 0.26
v -2.2602327 -1.2850479 10.2500000 0.13 0.19 0.26
v -2.3095348 -1.1941730 10.2500000 0.13 0.19 0.26
v -2.3551850 -1.1014098 10.2500000 0.13 0.19 0.26
v -2.3971112 -1.0069051 10.2500000 0.13 0.19 0.26
v -2.4352471 -0.9108082 10.2500000 0.13 0.19 0.26
v -2.4695323 -0.8132712 10.2500000 0.13 0.19 0.26
v -2.4999128 -0.7144482 10.2500000 0.13 0.19 0.26
v -2.5263403 -0.6144955 10.2500000 0.13 0.19 0.26
v -2.5487732 -0.5135712 10.2500000 0.13 0.19 0.26
v -2.5671759 -0.4118349 10.2500000 0.13 0.19 0.26
v -2.5815194 -0.3094473 10.2500000 0.13 0.19 0.26
v -2.5917810 -0.2065704 10.2500000 0.13 0.19 0.26
v -2.5979444 -0.1033669 10.2500000 0.13 0.19 0.26
v -2.6000000 0.0000000 10.2500000 0.13 0.19 0.26
v -2.5979444 0.1033669 10.2500000 0.13 0.19 0.26
v -2.5917810 0.2065704 10.2500000 0.13 0.19 0.26
v -2.5815194 0.3094473 10.2500000 0.13 0.19 0.26
v -2.5671759 0.4118349 10.2500000 0.13 0.19 0.26
v -2.5487732 0.5135712 10.2500000 0.13 0.19 0.26
v -2.5263403 0.6144955 10.2500000 0.13 0.19 0.26
v -2.4999128 0.7144482 10.2500000 0.13 0.19 0.26
v -2.4695323 0.8132712 10.2500000 0.13 0.19 0.26
v -2.4352471 0.9108082 10.2500000 0.13 0.19 0.26
v -2.3971112 1.0069051 10.2500000 0.13 0.19 0.26
v -2.3551850 1.1014098 10.2500000 0.13 0.19 0.26
v -2.3095348 1.1941730 10.2500000 0.13 0.19 0.26
v -2.2602327 1.2850479 10.2500000 0.13 0.19 0.26
v -2.2073567 1.3738909 10.2500000 0.13 0.19 0.26
v -2.1509905 1.4605615 10.2500000 0.13 0.19 0.26
v -2.0912231 1.5449227 10.2500000 0.13 0.19 0.26
v -2.0281490 1.6268410 10.2500000 0.13 0.19 0.26
v -1.9618680 1.7061869 10.2500000 0.13 0.19 0.26
v -1.8924849 1.7828351 10.2500000 0.13 0.19 0.26
v -1.8201094 1.8566642 10.2500000 0.13 0.19 0.26
v -1.7448559 1.9275575 10.2500000 0.13 0.19 0.26
v -1.6668435 1.9954029 10.2500000 0.13 0.19 0.26
v -1.5861954 2.0600933 10.2500000 0.13 0.19 0.26
v -1.5030392 2.1215261 10.2500000 0.13 0.19 0.26
v -1.4175064 2.1796045 10.2500000 0.13 0.19 0.26
v -1.3297322 2.2342364 10.2500000 0.13 0.19 0.26
v -1.2398555 2.2853355 10.2500000 0.13 0.19 0.26
v -1.1480183 2.3328210 10.2500000 0.13 0.19 0.26
v -1.0543658 2.3766179 10.2500000 0.13 0.19 0.26
v -0.9590462 2.4166569 10.2500000 0.13 0.19 0.26
v -0.8622101 2.4528746 10.2500000 0.13 0.19 0.26
v -0.7640107 2.4852138 10.2500000 0.13 0.19 0.26
v -0.6646032 2.5136234 10.2500000 0.13 0.19 0.26
v -0.5641449 2.5380584 10.2500000 0.13 0.19 0.26
v -0.4627945 2.5584803 10.2500000 0.13 0.19 0.26
v -0.3607124 2.5748566 10.2500000 0.13 0.19 0.26
v -0.2580599 2.5871616 10.2500000 0.13 0.19 0.26
v -0.1549993 2.5953757 10.2500000 0.13 0.19 0.26
v -0.0516937 2.5994861 10.2500000 0.13 0.19 0.26
v 0.0516937 2.5994861 10.2500000 0.13 0.19 0.26
v 0.1549993 2.5953757 10.2500000 0.13 0.19 0.26
v 0.2580599 2.5871616 10.2500000 0.13 0.19 0.26
v 0.3607124 2.5748566 10.2500000 0.13 0.19 0.26
v 0.4627945 2.5584803 10.2500000 0.13 0.19 0.26
v 0.5641449 2.5380584 10.2500000 0.13 0.19 0.26
v 0.6646032 2.5136234 10.2500000 0.13 0.19 0.26
v 0.7640107 2.4852138 10.2500000 0.13 0.19 0.26
v 0.8622101 2.4528746 10.2500000 0.13 0.19 0.26
v 0.9590462 2.4166569 10.2500000 0.13 0.19 0.26
v 1.0543658 2.3766179 10.2500000 0.13 0.19 0.26
v 1.1480183 2.3328210 10.2500000 0.13 0.19 0.26
v 1.2398555 2.2853355 10.2500000 0.13 0.19 0.26
v 1.3297322 2.2342364 10.2500000 0.13 0.19 0.26
v 1.4175064 2.1796045 10.2500000 0.13 0.19 0.26
v 1.5030392 2.1215261 10.2500000 0.13 0.19 0.26
v 1.5861954 2.0600933 10.2500000 0.13 0.19 0.26
v 1.6668435 1.9954029 10.2500000 0.13 0.19 0.26
v 1.7448559 1.9275575 10.2500000 0.13 0.19 0.26
v 1.8201094 1.8566642 10.2500000 0.13 0.19 0.26
v 1.8924849 1.7828351 10.2500000 0.13 0.19 0.26
v 1.9618680 1.7061869 10.2500000 0.13 0.19 0.26
v 2.0281490 1.6268410 10.2500000 0.13 0.19 0.26
v 2.0912231 1.5449227 10.2500000 0.13 0.19 0.26
v 2.1509905 1.4605615 10.2500000 0.13 0.19 0.26
v 2.2073567 1.3738909 10.2500000 0.13 0.19 0.26
v 2.2602327 1.2850479 10.2500000 0.13 0.19 0.26
v 2.3095348 1.1941730 10.2500000 0.13 0.19 0.26
v 2.3551850 1.1014098 10.2500000 0.13 0.19 0.26
v 2.3971112 1.0069051 10.2500000 0.13 0.19 0.26
v 2.4352471 0.9108082 10.2500000 0.13 0.19 0.26
v 2.4695323 0.8132712 10.2500000 0.13 0.19 0.26
v 2.4999128 0.7144482 10.2500000 0.13 0.19 0.26
v 2.5263403 0.6144955 10.2500000 0.13 0.19 0.26
v 2.5487732 0.5135712 10.2500000 0.13 0.19 0.26
v 2.5671759 0.4118349 10.2500000 0.13 0.19 0.26
v 2.5815194 0.3094473 10.2500000 0.13 0.19 0.26
v 2.5917810 0.2065704 10.2500000 0.13 0.19 0.26
v 2.5979444 0.1033669 10.2500000 0.13 0.19 0.26
v 2.6000000 0.0000000 10.2500000 0.13 0.19 0.26
v 2.6000000 0.0000000 12.1000000 0.13 0.19 0.26
v 2.5979444 0.1033669 12.1000000 0.13 0.19 0.26
v 2.5917810 0.2065704 12.1000000 0.13 0.19 0.26
v 2.5815194 0.3094473 12.1000000 0.13 0.19 0.26
v 2.5671759 0.4118349 12.1000000 0.13 0.19 0.26
v 2.5487732 0.5135712 12.1000000 0.13 0.19 0.26
v 2.5263403 0.6144955 12.1000000 0.13 0.19 0.26
v 2.4999128 0.7144482 12.1000000 0.13 0.19 0.26
v 2.4695323 0.8132712 12.1000000 0.13 0.19 0.26
v 2.4352471 0.9108082 12.1000000 0.13 0.19 0.26
v 2.3971112 1.0069051 12.1000000 0.13 0.19 0.26
v 2.3551850 1.1014098 12.1000000 0.13 0.19 0.26
v 2.3095348 1.1941730 12.1000000 0.13 0.19 0.26
v 2.2602327 1.2850479 12.1000000 0.13 0.19 0.26
v 2.2073567 1.3738909 12.1000000 0.13 0.19 0.26
v 2.1509905 1.4605615 12.1000000 0.13 0.19 0.26
v 2.0912231 1.5449227 12.1000000 0.13 0.19 0.26
v 2.0281490 1.6268410 12.1000000 0.13 0.19 0.26
v 1.9618680 1.7061869 12.1000000 0.13 0.19 0.26
v 1.8924849 1.7828351 12.1000000 0.13 0.19 0.26
v 1.8201094 1.8566642 12.1000000 0.13 0.19 0.26
v 1.7448559 1.9275575 12.1000000 0.13 0.19 0.26
v 1.6668435 1.9954029 12.1000000 0.13 0.19 0.26
v 1.5861954 2.0600933 12.1000000 0.13 0.19 0.26
v 1.5030392 2.1215261 12.1000000 0.13 0.19 0.26
v 1.4175064 2.1796045 12.1000000 0.13 0.19 0.26
v 1.3297322 2.2342364 12.1000000 0.13 0.19 0.26
v 1.2398555 2.2853355 12.1000000 0.13 0.19 0.26
v 1.1480183 2.3328210 12.1000000 0.13 0.19 0.26
v 1.0543658 2.3766179 12.1000000 0.13 0.19 0.26
v 0.9590462 2.4166569 12.1000000 0.13 0.19 0.26
v 0.8622101 2.4528746 12.1000000 0.13 0.19 0.26
v 0.7640107 2.4852138 12.1000000 0.13 0.19 0.26
v 0.6646032 2.5136234 12.1000000 0.13 0.19 0.26
v 0.5641449 2.5380584 12.1000000 0.13 0.19 0.26
v 0.4627945 2.5584803 12.1000000 0.13 0.19 0.26
v 0.3607124 2.5748566 12.1000000 0.13 0.19 0.26
v 0.2580599 2.5871616 12.1000000 0.13 0.19 0.26
v 0.1549993 2.5953757 12.1000000 0.13 0.19 0.26
v 0.0516937 2.5994861 12.1000000 0.13 0.19 0.26
v -0.0516937 2.5994861 12.1000000 0.13 0.19 0.26
v -0.1549993 2.5953757 12.1000000 0.13 0.19 0.26
v -0.2580599 2.5871616 12.1000000 0.13 0.19 0.26
v -0.3607124 2.5748566 12.1000000 0.13 0.19 0.26
v -0.4627945 2.5584803 12.1000000 0.13 0.19 0.26
v -0.5641449 2.5380584 12.1000000 0.13 0.19 0.26
v -0.6646032 2.5136234 12.1000000 0.13 0.19 0.26
v -0.7640107 2.4852138 12.1000000 0.13 0.19 0.26
v -0.8622101 2.4528746 12.1000000 0.13 0.19 0.26
v -0.9590462 2.4166569 12.1000000 0.13 0.19 0.26
v -1.0543658 2.3766179 12.1000000 0.13 0.19 0.26
v -1.1480183 2.3328210 12.1000000 0.13 0.19 0.26
v -1.2398555 2.2853355 12.1000000 0.13 0.19 0.26
v -1.3297322 2.2342364 12.1000000 0.13 0.19 0.26
v -1.4175064 2.1796045 12.1000000 0.13 0.19 0.26
v -1.5030392 2.1215261 12.1000000 0.13 0.19 0.26
v -1.5861954 2.0600933 12.1000000 0.13 0.19 0.26
v -1.6668435 1.9954029 12.1000000 0.13 0.19 0.26
v -1.7448559 1.9275575 12.1000000 0.13 0.19 0.26
v -1.8201094 1.8566642 12.1000000 0.13 0.19 0.26
v -1.8924849 1.7828351 12.1000000 0.13 0.19 0.26
v -1.9618680 1.7061869 12.1000000 0.13 0.19 0.26
v -2.0281490 1.6268410 12.1000000 0.13 0.19 0.26
v -2.0912231 1.5449227 12.1000000 0.13 0.19 0.26
v -2.1509905 1.4605615 12.1000000 0.13 0.19 0.26
v -2.2073567 1.3738909 12.1000000 0.13 0.19 0.26
v -2.2602327 1.2850479 12.1000000 0.13 0.19 0.26
v -2.3095348 1.1941730 12.1000000 0.13 0.19 0.26
v -2.3551850 1.1014098 12.1000000 0.13 0.19 0.26
v -2.3971112 1.0069051 12.1000000 0.13 0.19 0.26
v -2.4352471 0.9108082 12.1000000 0.13 0.19 0.26
v -2.4695323 0.8132712 12.1000000 0.13 0.19 0.26
v -2.4999128 0.7144482 12.1000000 0.13 0.19 0.26
v -2.5263403 0.6144955 12.1000000 0.13 0.19 0.26
v -2.5487732 0.5135712 12.1000000 0.13 0.19 0.26
v -2.5671759 0.4118349 12.1000000 0.13 0.19 0.26
v -2.5815194 0.3094473 12.1000000 0.13 0.19 0.26
v -2.5917810 0.2065704 12.1000000 0.13 0.19 0.26
v -2.5979444 0.1033669 12.1000000 0.13 0.19 0.26
v -2.6000000 -0.0000000 12.1000000 0.13 0.19 0.26
v -2.5979444 -0.1033669 12.1000000 0.13 0.19 0.26
v -2.5917810 -0.2065704 12.1000000 0.13 0.19 0.26
v -2.5815194 -0.3094473 12.1000000 0.13 0.19 0.26
v -2.5671759 -0.4118349 12.1000000 0.13 0.19 0.26
v -2.5487732 -0.5135712 12.1000000 0.13 0.19 0.26
v -2.5263403 -0.6144955 12.1000000 0.13 0.19 0.26
v -2.4999128 -0.7144482 12.1000000 0.13 0.19 0.26
v -2.4695323 -0.8132712 12.1000000 0.13 0.19 0.26
v -2.4352471 -0.9108082 12.1000000 0.13 0.19 0.26
v -2.3971112 -1.0069051 12.1000000 0.13 0.19 0.26
v -2.3551850 -1.1014098 12.1000000 0.13 0.19 0.26
v -2.3095348 -1.1941730 12.1000000 0.13 0.19 0.26
v -2.2602327 -1.2850479 12.1000000 0.13 0.19 0.26
v -2.2073567 -1.3738909 12.1000000 0.13 0.19 0.26
v -2.1509905 -1.4605615 12.1000000 0.13 0.19 0.26
v -2.0912231 -1.5449227 12.1000000 0.13 0.19 0.26
v -2.0281490 -1.6268410 12.1000000 0.13 0.19 0.26
v -1.9618680 -1.7061869 12.1000000 0.13 0.19 0.26
v -1.8924849 -1.7828351 12.1000000 0.13 0.19 0.26
v -1.8201094 -1.8566642 12.1000000 0.13 0.19 0.26
v -1.7448559 -1.9275575 12.1000000 0.13 0.19 0.26
v -1.6668435 -1.9954029 12.1000000 0.13 0.19 0.26
v -1.5861954 -2.0600933 12.1000000 0.13 0.19 0.26
v -1.5030392 -2.1215261 12.1000000 0.13 0.19 0.26
v -1.4175064 -2.1796045 12.1000000 0.13 0.19 0.26
v -1.3297322 -2.2342364 12.1000000 0.13 0.19 0.26
v -1.2398555 -2.2853355 12.1000000 0.13 0.19 0.26
v -1.1480183 -2.3328210 12.1000000 0.13 0.19 0.26
v -1.0543658 -2.3766179 12.1000000 0.13 0.19 0.26
v -0.9590462 -2.4166569 12.1000000 0.13 0.19 0.26
v -0.8622101 -2.4528746 12.1000000 0.13 0.19 0.26
v -0.7640107 -2.4852138 12.1000000 0.13 0.19 0.26
v -0.6646032 -2.5136234 12.1000000 0.13 0.19 0.26
v -0.5641449 -2.5380584 12.1000000 0.13 0.19 0.26
v -0.4627945 -2.5584803 12.1000000 0.13 0.19 0.26
v -0.3607124 -2.5748566 12.1000000 0.13 0.19 0.26
v -0.2580599 -2.5871616 12.1000000 0.13 0.19 0.26
v -0.1549993 -2.5953757 12.1000000 0.13 0.19 0.26
v -0.0516937 -2.5994861 12.1000000 0.13 0.19 0.26
v 0.0516937 -2.5994861 12.1000000 0.13 0.19 0.26
v 0.1549993 -2.5953757 12.1000000 0.13 0.19 0.26
v 0.2580599 -2.5871616 12.1000000 0.13 0.19 0.26
v 0.3607124 -2.5748566 12.1000000 0.13 0.19 0.26
v 0.4627945 -2.5584803 12.1000000 0.13 0.19 0.26
v 0.5641449 -2.5380584 12.1000000 0.13 0.19 0.26
v 0.6646032 -2.5136234 12.1000000 0.13 0.19 0.26
v 0.7640107 -2.4852138 12.1000000 0.13 0.19 0.26
v 0.8622101 -2.4528746 12.1000000 0.13 0.19 0.26
v 0.9590462 -2.4166569 12.1000000 0.13 0.19 0.26
v 1.0543658 -2.3766179 12.1000000 0.13 0.19 0.26
v 1.1480183 -2.3328210 12.1000000 0.13 0.19 0.26
v 1.2398555 -2.2853355 12.1000000 0.13 0.19 0.26
v 1.3297322 -2.2342364 12.1000000 0.13 0.19 0.26
v 1.4175064 -2.1796045 12.1000000 0.13 0.19 0.26
v 1.5030392 -2.1215261 12.1000000 0.13 0.19 0.26
v 1.5861954 -2.0600933 12.1000000 0.13 0.19 0.26
v 1.6668435 -1.9954029 12.1000000 0.13 0.19 0.26
v 1.7448559 -1.9275575 12.1000000 0.13 0.19 0.26
v 1.8201094 -1.8566642 12.1000000 0.13 0.19 0.26
v 1.8924849 -1.7828351 12.1000000 0.13 0.19 0.26
v 1.9618680 -1.7061869 12.1000000 0.13 0.19 0.26
v 2.0281490 -1.6268410 12.1000000 0.13 0.19 0.26
v 2.0912231 -1.5449227 12.1000000 0.13 0.19 0.26
v 2.1509905 -1.4605615 12.1000000 0.13 0.19 0.26
v 2.2073567 -1.3738909 12.1000000 0.13 0.19 0.26
v 2.2602327 -1.2850479 12.1000000 0.13 0.19 0.26
v 2.3095348 -1.1941730 12.1000000 0.13 0.19 0.26
v 2.3551850 -1.1014098 12.1000000 0.13 0.19 0.26
v 2.3971112 -1.0069051 12.1000000 0.13 0.19 0.26
v 2.4352471 -0.9108082 12.1000000 0.13 0.19 0.26
v 2.4695323 -0.8132712 12.1000000 0.13 0.19 0.26
v 2.4999128 -0.7144482 12.1000000 0.13 0.19 0.26
v 2.5263403 -0.6144955 12.1000000 0.13 0.19 0.26
v 2.5487732 -0.5135712 12.1000000 0.13 0.19 0.26
v 2.5671759 -0.4118349 12.1000000 0.13 0.19 0.26
v 2.5815194 -0.3094473 12.1000000 0.13 0.19 0.26
v 2.5917810 -0.2065704 12.1000000 0.13 0.19 0.26
v 2.5979444 -0.1033669 12.1000000 0.13 0.19 0.26
v 2.6000000 0.0000000 12.1000000 0.13 0.19 0.26
v 2.6000000 0.0000000 12.1000000 0.13 0.19 0.26
v 2.5979444 0.1033669 12.1000000 0.13 0.19 0.26
v 2.5917810 0.2065704 12.1000000 0.13 0.19 0.26
v 2.5815194 0.3094473 12.1000000 0.13 0.19 0.26
v 2.5671759 0.4118349 12.1000000 0.13 0.19 0.26
v 2.5487732 0.5135712 12.1000000 0.13 0.19 0.26
v 2.5263403 0.6144955 12.1000000 0.13 0.19 0.26
v 2.4999128 0.7144482 12.1000000 0.13 0.19 0.26
v 2.4695323 0.8132712 12.1000000 0.13 0.19 0.26
v 2.4352471 0.9108082 12.1000000 0.13 0.19 0.26
v 2.3971112 1.0069051 12.1000000 0.13 0.19 0.26
v 2.3551850 1.1014098 12.1000000 0.13 0.19 0.26
v 2.3095348 1.1941730 12.1000000 0.13 0.19 0.26
v 2.2602327 1.2850479 12.1000000 0.13 0.19 0.26
v 2.2073567 1.3738909 12.1000000 0.13 0.19 0.26
v 2.1509905 1.4605615 12.1000000 0.13 0.19 0.26
v 2.0912231 1.5449227 12.1000000 0.13 0.19 0.26
v 2.0281490 1.6268410 12.1000000 0.13 0.19 0.26
v 1.9618680 1.7061869 12.1000000 0.13 0.19 0.26
v 1.8924849 1.7828351 12.1000000 0.13 0.19 0.26
v 1.8201094 1.8566642 12.1000000 0.13 0.19 0.26
v 1.7448559 1.9275575 12.1000000 0.13 0.19 0.26
v 1.6668435 1.9954029 12.1000000 0.13 0.19 0.26
v 1.5861954 2.0600933 12.1000000 0.13 0.19 0.26
v 1.5030392 2.1215261 12.1000000 0.13 0.19 0.26
v 1.4175064 2.1796045 12.1000000 0.13 0.19 0.26
v 1.3297322 2.2342364 12.1000000 0.13 0.19 0.26
v 1.2398555 2.2853355 12.1000000 0.13 0.19 0.26
v 1.1480183 2.3328210 12.1000000 0.13 0.19 0.26
v 1.0543658 2.3766179 12.1000000 0.13 0.19 0.26
v 0.9590462 2.4166569 12.1000000 0.13 0.19 0.26
v 0.8622101 2.4528746 12.1000000 0.13 0.19 0.26
v 0.7640107 2.4852138 12.1000000 0.13 0.19 0.26
v 0.6646032 2.5136234 12.1000000 0.13 0.19 0.26
v 0.5641449 2.5380584 12.1000000 0.13 0.19 0.26
v 0.4627945 2.5584803 12.1000000 0.13 0.19 0.26
v 0.3607124 2.5748566 12.1000000 0.13 0.19 0.26
v 0.2580599 2.5871616 12.1000000 0.13 0.19 0.26
v 0.1549993 2.5953757 12.1000000 0.13 0.19 0.26
v 0.0516937 2.5994861 12.1000000 0.13 0.19 0.26
v -0.0516937 2.5994861 12.1000000 0.13 0.19 0.26
v -0.1549993 2.5953757 12.1000000 0.13 0.19 0.26
v -0.2580599 2.5871616 12.1000000 0.13 0.19 0.26
v -0.3607124 2.5748566 12.1000000 0.13 0.19 0.26
v -0.4627945 2.5584803 12.1000000 0.13 0.19 0.26
v -0.5641449 2.5380584 12.1000000 0.13 0.19 0.26
v -0.6646032 2.5136234 12.1000000 0.13 0.19 0.26
v -0.7640107 2.4852138 12.1000000 0.13 0.19 0.26
v -0.8622101 2.4528746 12.1000000 0.13 0.19 0.26
v -0.9590462 2.4166569 12.1000000 0.13 0.19 0.26
v -1.0543658 2.3766179 12.1000000 0.13 0.19 0.26
v -1.1480183 2.3328210 12.1000000 0.13 0.19 0.26
v -1.2398555 2.2853355 12.1000000 0.13 0.19 0.26
v -1.3297322 2.2342364 12.1000000 0.13 0.19 0.26
v -1.4175064 2.1796045 12.1000000 0.13 0.19 0.26
v -1.5030392 2.1215261 12.1000000 0.13 0.19 0.26
v -1.5861954 2.0600933 12.1000000 0.13 0.19 0.26
v -1.6668435 1.9954029 12.1000000 0.13 0.19 0.26
v -1.7448559 1.9275575 12.1000000 0.13 0.19 0.26
v -1.8201094 1.8566642 12.1000000 0.13 0.19 0.26
v -1.8924849 1.7828351 12.1000000 0.13 0.19 0.26
v -1.9618680 1.7061869 12.1000000 0.13 0.19 0.26
v -2.0281490 1.6268410 12.1000000 0.13 0.19 0.26
v -2.0912231 1.5449227 12.1000000 0.13 0.19 0.26
v -2.1509905 1.4605615 12.1000000 0.13 0.19 0.26
v -2.2073567 1.3738909 12.1000000 0.13 0.19 0.26
v -2.2602327 1.2850479 12.1000000 0.13 0.19 0.26
v -2.3095348 1.1941730 12.1000000 0.13 0.19 0.26
v -2.3551850 1.1014098 12.1000000 0.13 0.19 0.26
v -2.3971112 1.0069051 12.1000000 0.13 0.19 0.26
v -2.4352471 0.9108082 12.1000000 0.13 0.19 0.26
v -2.4695323 0.8132712 12.1000000 0.13 0.19 0.26
v -2.4999128 0.7144482 12.1000000 0.13 0.19 0.26
v -2.5263403 0.6144955 12.1000000 0.13 0.19 0.26
v -2.5487732 0.5135712 12.1000000 0.13 0.19 0.26
v -2.5671759 0.4118349 12.1000000 0.13 0.19 0.26
v -2.5815194 0.3094473 12.1000000 0.13 0.19 0.26
v -2.5917810 0.2065704 12.1000000 0.13 0.19 0.26
v -2.5979444 0.1033669 12.1000000 0.13 0.19 0.26
v -2.6000000 -0.0000000 12.1000000 0.13 0.19 0.26
v -2.5979444 -0.1033669 12.1000000 0.13 0.19 0.26
v -2.5917810 -0.2065704 12.1000000 0.13 0.19 0.26
v -2.5815194 -0.3094473 12.1000000 0.13 0.19 0.26
v -2.5671759 -0.4118349 12.1000000 0.13 0.19 0.26
v -2.5487732 -0.5135712 12.1000000 0.13 0.19 0.26
v -2.5263403 -0.6144955 12.1000000 0.13 0.19 0.26
v -2.4999128 -0.7144482 12.1000000 0.13 0.19 0.26
v -2.4695323 -0.8132712 12.1000000 0.13 0.19 0.26
v -2.4352471 -0.9108082 12.1000000 0.13 0.19 0.26
v -2.3971112 -1.0069051 12.1000000 0.13 0.19 0.26
v -2.3551850 -1.1014098 12.1000000 0.13 0.19 0.26
v -2.3095348 -1.1941730 12.1000000 0.13 0.19 0.26
v -2.2602327 -1.2850479 12.1000000 0.13 0.19 0.26
v -2.2073567 -1.3738909 12.1000000 0.13 0.19 0.26
v -2.1509905 -1.4605615 12.1000000 0.13 0.19 0.26
v -2.0912231 -1.5449227 12.1000000 0.13 0.19 0.26
v -2.0281490 -1.6268410 12.1000000 0.13 0.19 0.26
v -1.9618680 -1.7061869 12.1000000 0.13 0.19 0.26
v -1.8924849 -1.7828351 12.1000000 0.13 0.19 0.26
v -1.8201094 -1.8566642 12.1000000 0.13 0.19 0.26
v -1.7448559 -1.9275575 12.1000000 0.13 0.19 0.26
v -1.6668435 -1.9954029 12.1000000 0.13 0.19 0.26
v -1.5861954 -2.0600933 12.1000000 0.13 0.19 0.26
v -1.5030392 -2.1215261 12.1000000 0.13 0.19 0.26
v -1.4175064 -2.1796045 12.1000000 0.13 0.19 0.26
v -1.3297322 -2.2342364 12.1000000 0.13 0.19 0.26
v -1.2398555 -2.2853355 12.1000000 0.13 0.19 0.26
v -1.1480183 -2.3328210 12.1000000 0.13 0.19 0.26
v -1.0543658 -2.3766179 12.1000000 0.13 0.19 0.26
v -0.9590462 -2.4166569 12.1000000 0.13 0.19 0.26
v -0.8622101 -2.4528746 12.1000000 0.13 0.19 0.26
v -0.7640107 -2.4852138 12.1000000 0.13 0.19 0.26
v -0.6646032 -2.5136234 12.1000000 0.13 0.19 0.26
v -0.5641449 -2.5380584 12.1000000 0.13 0.19 0.26
v -0.4627945 -2.5584803 12.1000000 0.13 0.19 0.26
v -0.3607124 -2.5748566 12.1000000 0.13 0.19 0.26
v -0.2580599 -2.5871616 12.1000000 0.13 0.19 0.26
v -0.1549993 -2.5953757 12.1000000 0.13 0.19 0.26
v -0.0516937 -2.5994861 12.1000000 0.13 0.19 0.26
v 0.0516937 -2.5994861 12.1000000 0.13 0.19 0.26
v 0.1549993 -2.5953757 12.1000000 0.13 0.19 0.26
v 0.2580599 -2.5871616 12.1000000 0.13 0.19 0.26
v 0.3607124 -2.5748566 12.1000000 0.13 0.19 0.26
v 0.4627945 -2.5584803 12.1000000 0.13 0.19 0.26
v 0.5641449 -2.5380584 12.1000000 0.13 0.19 0.26
v 0.6646032 -2.5136234 12.1000000 0.13 0.19 0.26
v 0.7640107 -2.4852138 12.1000000 0.13 0.19 0.26
v 0.8622101 -2.4528746 12.1000000 0.13 0.19 0.26
v 0.9590462 -2.4166569 12.1000000 0.13 0.19 0.26
v 1.0543658 -2.3766179 12.1000000 0.13 0.19 0.26
v 1.1480183 -2.3328210 12.1000000 0.13 0.19 0.26
v 1.2398555 -2.2853355 12.1000000 0.13 0.19 0.26
v 1.3297322 -2.2342364 12.1000000 0.13 0.19 0.26
v 1.4175064 -2.1796045 12.1000000 0.13 0.19 0.26
v 1.5030392 -2.1215261 12.1000000 0.13 0.19 0.26
v 1.5861954 -2.0600933 12.1000000 0.13 0.19 0.26
v 1.6668435 -1.9954029 12.1000000 0.13 0.19 0.26
v 1.7448559 -1.9275575 12.1000000 0.13 0.19 0.26
v 1.8201094 -1.8566642 12.1000000 0.13 0.19 0.26
v 1.8924849 -1.7828351 12.1000000 0.13 0.19 0.26
v 1.9618680 -1.7061869 12.1000000 0.13 0.19 0.26
v 2.0281490 -1.6268410 12.1000000 0.13 0.19 0.26
v 2.0912231 -1.5449227 12.1000000 0.13 0.19 0.26
v 2.1509905 -1.4605615 12.1000000 0.13 0.19 0.26
v 2.2073567 -1.3738909 12.1000000 0.13 0.19 0.26
v 2.2602327 -1.2850479 12.1000000 0.13 0.19 0.26
v 2.3095348 -1.1941730 12.1000000 0.13 0.19 0.26
v 2.3551850 -1.1014098 12.1000000 0.13 0.19 0.26
v 2.3971112 -1.0069051 12.1000000 0.13 0.19 0.26
v 2.4352471 -0.9108082 12.1000000 0.13 0.19 0.26
v 2.4695323 -0.8132712 12.1000000 0.13 0.19 0.26
v 2.4999128 -0.7144482 12.1000000 0.13 0.19 0.26
v 2.5263403 -0.6144955 12.1000000 0.13 0.19 0.26
v 2.5487732 -0.5135712 12.1000000 0.13 0.19 0.26
v 2.5671759 -0.4118349 12.1000000 0.13 0.19 0.26
v 2.5815194 -0.3094473 12.1000000 0.13 0.19 0.26
v 2.5917810 -0.2065704 12.1000000 0.13 0.19 0.26
v 2.5979444 -0.1033669 12.1000000 0.13 0.19 0.26
usemtl Rotating_Cap
s off
f 437 438 439
f 442 439 440
f 442 440 441
f 442 437 439
f 445 446 447
f 434 431 432
f 434 432 433
f 429 431 434
f 429 430 431
f 450 445 447
f 450 447 448
f 450 448 449
f 453 454 455
f 426 423 424
f 426 424 425
f 458 455 456
f 458 456 457
f 458 453 455
f 421 422 423
f 421 423 426
f 418 416 417
f 461 462 463
f 413 414 415
f 413 415 416
f 413 416 418
f 466 463 464
f 466 464 465
f 466 461 463
f 741 434 435
f 741 435 436
f 741 436 437
f 741 437 442
f 744 442 443
f 744 443 444
f 744 444 445
f 744 741 442
f 469 470 471
f 410 407 408
f 410 408 409
f 745 744 445
f 745 445 450
f 745 450 451
f 745 451 452
f 745 452 453
f 752 426 427
f 752 427 428
f 752 428 429
f 752 429 434
f 752 434 741
f 474 471 472
f 474 472 473
f 474 469 471
f 405 406 407
f 405 407 410
f 748 745 453
f 748 458 459
f 748 459 460
f 748 460 461
f 748 453 458
f 749 426 752
f 749 418 419
f 749 419 420
f 749 420 421
f 749 421 426
f 402 400 401
f 477 478 479
f 477 479 480
f 705 461 466
f 705 748 461
f 705 466 467
f 705 467 468
f 728 411 412
f 728 412 413
f 728 413 418
f 728 418 749
f 397 400 402
f 397 398 399
f 397 399 400
f 482 477 480
f 482 480 481
f 725 404 405
f 725 410 411
f 725 405 410
f 725 411 728
f 725 403 404
f 708 705 468
f 708 469 474
f 708 468 469
f 708 474 475
f 708 475 476
f 485 486 487
f 485 487 488
f 394 391 392
f 394 392 393
f 490 488 489
f 490 485 488
f 389 391 394
f 389 390 391
f 732 397 402
f 732 396 397
f 732 403 725
f 732 402 403
f 709 708 476
f 709 476 477
f 709 482 483
f 709 477 482
f 729 396 732
f 729 388 389
f 729 394 395
f 729 389 394
f 729 395 396
f 712 485 490
f 712 709 483
f 712 483 484
f 712 484 485
f 712 490 491
f 493 494 495
f 493 495 496
f 386 383 384
f 386 384 385
f 498 493 496
f 498 496 497
f 381 383 386
f 381 382 383
f 378 376 377
f 501 502 503
f 736 381 386
f 736 380 381
f 736 386 387
f 736 387 388
f 736 388 729
f 713 493 498
f 713 712 491
f 713 491 492
f 713 492 493
f 713 498 499
f 506 501 503
f 506 503 504
f 506 504 505
f 373 374 375
f 373 375 376
f 373 376 378
f 733 373 378
f 733 378 379
f 733 379 380
f 733 380 736
f 716 501 506
f 716 713 499
f 716 499 500
f 716 500 501
f 370 368 369
f 509 510 511
f 509 511 512
f 514 512 513
f 514 509 512
f 365 368 370
f 365 366 367
f 365 367 368
f 740 365 370
f 740 373 733
f 740 370 371
f 740 371 372
f 740 372 373
f 717 506 507
f 717 507 508
f 717 508 509
f 717 509 514
f 717 716 506
f 362 360 361
f 517 518 519
f 517 519 520
f 737 365 740
f 737 362 363
f 737 363 364
f 737 364 365
f 720 514 515
f 720 515 516
f 720 516 517
f 720 717 514
f 357 358 359
f 357 359 360
f 357 360 362
f 357 362 737
f 522 520 521
f 522 517 520
f 522 720 517
f 525 526 527
f 354 351 352
f 354 352 353
f 349 350 351
f 349 351 354
f 530 527 528
f 530 528 529
f 530 525 527
f 721 522 523
f 721 523 524
f 721 524 525
f 721 720 522
f 804 354 355
f 804 355 356
f 804 356 357
f 804 357 737
f 724 721 525
f 724 525 530
f 724 530 531
f 724 531 532
f 801 349 354
f 801 347 348
f 801 348 349
f 801 354 804
f 346 343 344
f 346 344 345
f 346 347 801
f 533 724 532
f 533 534 535
f 341 343 346
f 341 342 343
f 538 535 536
f 538 536 537
f 538 533 535
f 541 542 543
f 338 336 337
f 753 533 538
f 753 538 539
f 753 539 540
f 753 724 533
f 753 540 541
f 808 346 801
f 808 338 339
f 808 339 340
f 808 340 341
f 808 341 346
f 333 334 335
f 333 335 336
f 333 336 338
f 546 543 544
f 546 544 545
f 546 541 543
f 756 753 541
f 756 546 547
f 756 541 546
f 805 332 333
f 805 338 808
f 805 333 338
f 331 332 805
f 548 756 547
f 549 550 551
f 549 756 548
f 330 328 329
f 330 331 805
f 552 549 551
f 327 328 330
f 325 327 330
f 325 326 327
f 554 549 552
f 554 552 553
f 757 756 549
f 757 549 554
f 757 554 555
f 757 555 556
f 812 325 330
f 812 330 805
f 812 323 324
f 812 324 325
f 557 558 559
f 322 320 321
f 760 757 556
f 760 556 557
f 809 322 323
f 809 323 812
f 562 760 557
f 562 559 560
f 562 560 561
f 562 557 559
f 317 318 319
f 317 319 320
f 317 320 322
f 317 322 809
f 316 317 809
f 563 760 562
f 564 760 563
f 315 316 809
f 565 566 567
f 314 312 313
f 570 567 568
f 570 568 569
f 570 565 567
f 309 310 311
f 309 311 312
f 309 312 314
f 816 308 309
f 816 314 315
f 816 315 809
f 816 309 314
f 761 564 565
f 761 570 571
f 761 760 564
f 761 565 570
f 307 308 816
f 572 761 571
f 304 305 306
f 575 573 574
f 813 306 307
f 813 307 816
f 764 572 573
f 764 761 572
f 576 573 575
f 301 303 304
f 301 306 813
f 301 304 306
f 301 302 303
f 578 764 573
f 578 573 576
f 578 576 577
f 300 301 813
f 579 764 578
f 296 297 298
f 583 581 582
f 586 581 583
f 586 583 584
f 586 584 585
f 293 296 298
f 293 294 295
f 293 295 296
f 820 300 813
f 820 293 298
f 820 298 299
f 820 299 300
f 765 764 579
f 765 581 586
f 765 579 580
f 765 580 581
f 292 293 820
f 587 765 586
f 817 292 820
f 817 291 292
f 768 765 587
f 768 587 588
f 751 741 742
f 751 752 741
f 746 744 745
f 746 743 744
f 750 743 746
f 750 742 743
f 750 746 747
f 750 751 742
f 727 749 750
f 727 750 747
f 727 728 749
f 706 727 747
f 706 747 748
f 706 748 705
f 290 291 817
f 589 768 588
f 288 289 290
f 591 589 590
f 731 732 725
f 731 725 726
f 710 707 708
f 710 708 709
f 592 589 591
f 730 726 727
f 730 731 726
f 714 710 711
f 714 711 712
f 714 712 713
f 735 730 727
f 735 729 730
f 735 736 729
f 735 727 706
f 735 707 710
f 735 706 707
f 285 288 290
f 285 290 817
f 285 286 287
f 285 287 288
f 594 592 593
f 594 589 592
f 594 768 589
f 734 710 714
f 734 735 710
f 718 715 716
f 718 716 717
f 739 733 734
f 739 740 733
f 719 720 721
f 719 715 718
f 738 804 737
f 738 739 734
f 722 714 715
f 722 719 721
f 722 715 719
f 803 804 738
f 803 738 734
f 802 734 714
f 802 803 734
f 754 723 724
f 754 724 753
f 807 808 801
f 807 801 802
f 599 597 598
f 280 281 282
f 600 597 599
f 769 768 594
f 769 594 595
f 769 595 596
f 769 596 597
f 824 285 817
f 824 282 283
f 824 283 284
f 824 284 285
f 602 769 597
f 602 597 600
f 602 600 601
f 277 280 282
f 277 278 279
f 277 279 280
f 277 282 824
f 755 756 757
f 755 723 754
f 758 722 723
f 758 755 757
f 758 723 755
f 811 812 805
f 811 805 806
f 811 806 807
f 772 769 602
f 772 602 603
f 821 276 277
f 821 277 824
f 810 816 809
f 759 722 758
f 815 810 811
f 815 816 810
f 815 811 807
f 762 714 722
f 762 722 759
f 762 759 760
f 762 802 714
f 762 807 802
f 762 760 761
f 275 276 821
f 604 772 603
f 274 275 821
f 605 772 604
f 607 605 606
f 272 273 274
f 814 815 807
f 814 807 762
f 819 813 814
f 819 820 813
f 766 819 814
f 766 814 762
f 766 762 763
f 766 763 764
f 766 764 765
f 610 607 608
f 610 608 609
f 610 772 605
f 610 605 607
f 269 274 821
f 269 272 274
f 269 270 271
f 269 271 272
f 818 824 817
f 823 818 819
f 823 819 766
f 823 824 818
f 770 768 769
f 770 767 768
f 771 767 770
f 771 766 767
f 773 610 611
f 773 611 612
f 773 772 610
f 773 771 772
f 774 766 771
f 774 771 773
f 827 822 823
f 827 823 766
f 827 766 774
f 828 821 822
f 828 269 821
f 828 267 268
f 828 268 269
f 828 822 827
f 613 773 612
f 266 267 828
f 615 613 614
f 264 265 266
f 263 264 266
f 618 615 616
f 618 613 615
f 617 618 616
f 261 263 266
f 262 263 261
f 776 773 613
f 776 613 618
f 825 266 828
f 825 261 266
f 619 776 618
f 260 261 825
f 830 775 778
f 830 826 827
f 830 831 826
f 830 774 775
f 830 827 774
f 620 776 619
f 259 260 825
f 835 778 779
f 835 830 778
f 782 835 779
f 621 776 620
f 258 259 825
f 256 257 258
f 623 621 622
f 786 782 783
f 839 835 782
f 839 834 835
f 839 782 786
f 255 256 258
f 624 621 623
f 626 621 624
f 253 255 258
f 254 255 253
f 625 626 624
f 838 839 786
f 790 838 786
f 790 843 838
f 790 786 787
f 777 778 775
f 777 776 621
f 777 626 627
f 777 621 626
f 777 775 776
f 832 825 826
f 832 258 825
f 832 253 258
f 832 252 253
f 832 826 831
f 628 777 627
f 251 252 832
f 794 790 791
f 629 777 628
f 250 251 832
f 780 777 629
f 829 250 832
f 631 629 630
f 248 249 250
f 247 248 250
f 632 629 631
f 846 842 843
f 846 843 790
f 846 847 842
f 846 790 794
f 634 629 632
f 634 780 629
f 245 247 250
f 245 250 829
f 879 846 794
f 879 794 795
f 246 247 245
f 633 634 632
f 635 780 634
f 244 245 829
f 883 878 879
f 862 795 798
f 862 798 799
f 636 780 635
f 243 244 829
f 866 862 863
f 887 879 795
f 887 883 879
f 887 882 883
f 242 243 829
f 637 780 636
f 870 795 862
f 870 862 866
f 870 866 867
f 639 637 638
f 240 241 242
f 237 240 242
f 237 239 240
f 642 639 640
f 642 637 639
f 894 887 795
f 894 795 870
f 894 870 871
f 894 891 886
f 894 895 890
f 894 871 874
f 894 886 887
f 894 890 891
f 855 874 875
f 855 894 874
f 641 642 640
f 238 239 237
f 858 850 851
f 858 875 850
f 859 875 858
f 859 854 855
f 859 855 875
f 781 782 779
f 781 780 637
f 781 637 642
f 781 779 780
f 836 242 829
f 836 237 242
f 836 830 835
f 836 829 830
f 643 781 642
f 236 237 836
f 644 781 643
f 235 236 836
f 784 781 644
f 784 786 783
f 833 235 836
f 833 834 839
f 645 784 644
f 234 235 833
f 232 233 234
f 647 645 646
f 231 232 234
f 650 645 647
f 650 647 648
f 650 784 645
f 229 234 833
f 229 231 234
f 649 650 648
f 230 231 229
f 651 784 650
f 228 229 833
f 652 784 651
f 227 228 833
f 655 653 654
f 224 225 226
f 785 786 784
f 785 652 653
f 785 784 652
f 840 226 227
f 840 227 833
f 840 833 839
f 656 653 655
f 221 223 224
f 221 226 840
f 221 224 226
f 658 785 653
f 658 653 656
f 657 658 656
f 222 223 221
f 659 785 658
f 220 221 840
f 837 220 840
f 788 785 659
f 788 790 787
f 660 788 659
f 219 220 837
f 661 788 660
f 218 219 837
f 216 217 218
f 663 661 662
f 666 788 661
f 213 218 837
f 664 661 663
f 664 666 661
f 215 218 213
f 215 216 218
f 214 215 213
f 665 666 664
f 212 213 837
f 667 788 666
f 844 210 211
f 844 211 212
f 844 837 838
f 844 838 843
f 844 212 837
f 789 790 788
f 789 788 667
f 789 667 668
f 789 668 669
f 208 209 210
f 671 669 670
f 674 789 669
f 205 210 844
f 672 669 671
f 672 674 669
f 207 208 210
f 207 210 205
f 792 794 791
f 206 207 205
f 673 674 672
f 675 789 674
f 675 792 789
f 204 844 841
f 204 205 844
f 203 204 841
f 676 792 675
f 202 203 841
f 677 792 676
f 679 677 678
f 200 201 202
f 682 792 677
f 682 677 679
f 197 202 841
f 197 200 202
f 680 682 679
f 199 200 197
f 681 682 680
f 198 199 197
f 793 794 792
f 793 682 683
f 793 792 682
f 848 841 842
f 848 197 841
f 848 842 847
f 848 196 197
f 195 196 848
f 684 793 683
f 194 195 848
f 685 793 684
f 192 193 194
f 687 685 686
f 690 793 685
f 690 796 793
f 189 848 845
f 189 194 848
f 688 685 687
f 688 690 685
f 191 192 194
f 191 194 189
f 190 191 189
f 689 690 688
f 691 796 690
f 188 189 845
f 692 796 691
f 187 188 845
f 186 187 845
f 693 796 692
f 181 186 845
f 698 796 693
f 184 185 186
f 695 693 694
f 183 186 181
f 183 184 186
f 696 698 693
f 696 693 695
f 797 796 698
f 797 798 795
f 797 795 796
f 880 846 879
f 880 181 845
f 880 845 846
f 180 181 880
f 699 797 698
f 182 183 181
f 697 698 696
f 179 180 880
f 700 797 699
f 800 862 799
f 178 179 880
f 701 797 700
f 1 797 701
f 1 800 797
f 173 880 877
f 173 178 880
f 703 1 701
f 703 701 702
f 176 177 178
f 704 1 703
f 175 178 173
f 175 176 178
f 3 800 1
f 172 173 877
f 2 1 704
f 174 175 173
f 4 800 3
f 171 172 877
f 170 171 877
f 5 800 4
f 861 862 800
f 861 800 5
f 884 878 883
f 884 170 877
f 884 877 878
f 165 170 884
f 10 861 5
f 168 169 170
f 7 5 6
f 864 866 863
f 881 882 887
f 8 5 7
f 8 10 5
f 167 170 165
f 167 168 170
f 11 861 10
f 164 165 884
f 166 167 165
f 9 10 8
f 12 861 11
f 163 164 884
f 13 861 12
f 13 864 861
f 162 163 884
f 162 884 881
f 157 162 881
f 18 864 13
f 160 162 157
f 160 161 162
f 15 13 14
f 15 18 13
f 156 157 881
f 19 864 18
f 16 18 15
f 159 160 157
f 17 18 16
f 158 159 157
f 155 156 881
f 20 864 19
f 865 866 864
f 888 881 887
f 21 864 20
f 21 865 864
f 154 155 881
f 154 881 888
f 149 154 888
f 26 865 21
f 152 153 154
f 23 21 22
f 148 149 888
f 27 865 26
f 151 154 149
f 151 152 154
f 24 26 21
f 24 21 23
f 147 148 888
f 147 888 885
f 28 868 865
f 28 865 27
f 150 151 149
f 25 26 24
f 29 868 28
f 146 147 885
f 34 868 29
f 141 146 885
f 869 870 867
f 869 867 868
f 892 886 891
f 892 885 886
f 140 141 885
f 35 868 34
f 31 29 30
f 31 34 29
f 144 145 146
f 872 874 871
f 32 34 31
f 143 146 141
f 143 144 146
f 139 140 885
f 139 885 892
f 36 868 35
f 36 869 868
f 33 34 32
f 142 143 141
f 37 869 36
f 138 139 892
f 42 869 37
f 133 138 892
f 132 133 892
f 43 869 42
f 136 137 138
f 136 138 133
f 39 37 38
f 39 42 37
f 131 132 892
f 131 892 889
f 44 869 43
f 44 872 869
f 873 874 872
f 896 890 895
f 896 889 890
f 135 136 133
f 40 42 39
f 41 42 40
f 134 135 133
f 130 131 889
f 45 872 44
f 876 850 875
f 893 894 855
f 125 130 889
f 50 872 45
f 51 873 872
f 51 872 50
f 124 889 896
f 124 125 889
f 52 873 51
f 123 124 896
f 849 850 876
f 856 893 855
f 128 129 130
f 128 130 125
f 47 45 46
f 53 873 52
f 122 123 896
f 48 45 47
f 48 50 45
f 127 128 125
f 126 127 125
f 49 50 48
f 58 873 53
f 117 122 896
f 857 858 851
f 857 851 852
f 860 854 859
f 860 853 854
f 116 117 896
f 116 896 893
f 59 873 58
f 59 876 873
f 115 116 893
f 60 876 59
f 114 115 893
f 61 876 60
f 55 53 54
f 55 58 53
f 120 121 122
f 109 893 856
f 109 114 893
f 66 849 876
f 66 876 61
f 119 122 117
f 119 120 122
f 56 58 55
f 118 119 117
f 57 58 56
f 67 849 66
f 108 109 856
f 68 849 67
f 107 108 856
f 69 849 68
f 106 107 856
f 74 852 849
f 74 849 69
f 101 856 853
f 101 106 856
f 100 101 853
f 75 852 74
f 76 852 75
f 99 100 853
f 112 113 114
f 63 61 62
f 77 852 76
f 98 99 853
f 64 61 63
f 64 66 61
f 111 114 109
f 111 112 114
f 82 857 852
f 82 852 77
f 93 853 860
f 93 98 853
f 110 111 109
f 65 66 64
f 83 857 82
f 92 93 860
f 91 92 860
f 84 857 83
f 85 860 857
f 85 857 84
f 90 91 860
f 90 860 85
f 71 69 70
f 104 105 106
f 104 106 101
f 72 69 71
f 72 74 69
f 103 104 101
f 102 103 101
f 73 74 72
f 79 77 78
f 79 82 77
f 96 98 93
f 96 97 98
f 80 82 79
f 95 96 93
f 81 82 80
f 94 95 93
f 87 85 86
f 88 85 87
f 88 90 85
f 88 89 90
f 900 898 897
f 900 897 899
f 903 907 906
f 904 908 907
f 904 907 903
f 905 908 904
f 901 902 908
f 901 908 905
f 910 913 909
f 910 914 913
f 911 915 914
f 911 914 910
f 912 916 915
f 912 915 911
f 920 917 918
f 920 919 917
f 924 921 922
f 924 923 921
f 927 929 928
f 927 930 929
f 926 931 930
f 926 930 927
f 925 932 931
f 925 931 926
f 936 938 935
f 936 939 938
f 937 940 939
f 937 939 936
f 934 933 940
f 934 940 937
f 944 942 941
f 944 941 943
f 948 946 945
f 948 945 947
f 952 954 951
f 952 955 954
f 953 956 955
f 953 955 952
f 949 950 956
f 949 956 953
f 960 962 961
f 960 963 962
f 960 964 963
f 959 957 964
f 959 964 960
f 958 957 959
f 968 965 966
f 968 967 965
f 972 969 970
f 972 971 969
f 975 977 976
f 975 978 977
f 974 979 978
f 974 978 975
f 973 980 979
f 973 979 974
f 983 987 986
f 984 987 983
f 985 988 987
f 985 982 988
f 985 987 984
f 981 982 985
f 991 990 989
f 992 990 991
f 996 994 993
f 996 993 995
f 1000 1002 999
f 1000 1003 1002
f 1001 1004 1003
f 1001 1003 1000
f 997 998 1004
f 997 1004 1001
f 1009 1011 1010
f 1008 1011 1009
f 1007 1012 1011
f 1007 1011 1008
f 1006 1005 1012
f 1006 1012 1007
f 1016 1013 1014
f 1016 1015 1013
f 1020 1017 1018
f 1020 1019 1017
f 1024 1026 1025
f 1023 1026 1024
f 1022 1027 1026
f 1022 1026 1023
f 1021 1028 1027
f 1021 1027 1022
f 1031 1035 1034
f 1032 1035 1031
f 1033 1036 1035
f 1033 1035 1032
f 1029 1030 1036
f 1029 1036 1033
f 1040 1038 1037
f 1040 1037 1039
f 1044 1042 1041
f 1044 1041 1043
f 1048 1050 1047
f 1048 1051 1050
f 1049 1052 1051
f 1049 1046 1052
f 1049 1051 1048
f 1045 1046 1049
f 1056 1058 1057
f 1056 1059 1058
f 1055 1060 1059
f 1055 1059 1056
f 1054 1053 1060
f 1054 1060 1055
f 1064 1061 1062
f 1064 1063 1061
f 1068 1065 1066
f 1068 1067 1065
f 1071 1073 1072
f 1071 1074 1073
f 1070 1075 1074
f 1070 1074 1071
f 1069 1076 1075
f 1069 1075 1070
f 1079 1083 1082
f 1080 1083 1079
f 1081 1084 1083
f 1081 1078 1084
f 1081 1083 1080
f 1077 1078 1081
f 1088 1086 1085
f 1088 1085 1087
f 1092 1090 1089
f 1092 1089 1091
f 1095 1099 1098
f 1096 1099 1095
f 1097 1100 1099
f 1097 1099 1096
f 1093 1094 1100
f 1093 1100 1097
f 1105 1107 1106
f 1104 1107 1105
f 1103 1108 1107
f 1103 1107 1104
f 1102 1101 1108
f 1102 1108 1103
f 1111 1109 1110
f 1112 1111 1110
f 1116 1113 1114
f 1116 1115 1113
f 1119 1121 1120
f 1119 1122 1121
f 1118 1123 1122
f 1118 1122 1119
f 1117 1124 1123
f 1117 1123 1118
f 1127 1131 1130
f 1128 1131 1127
f 1129 1132 1131
f 1129 1131 1128
f 1125 1126 1132
f 1125 1132 1129
f 1135 1134 1133
f 1136 1134 1135
f 1140 1138 1137
f 1140 1137 1139
f 1143 1147 1146
f 1144 1148 1147
f 1144 1147 1143
f 1145 1148 1144
f 1141 1142 1148
f 1141 1148 1145
f 1153 1155 1154
f 1152 1155 1153
f 1151 1156 1155
f 1151 1155 1152
f 1150 1149 1156
f 1150 1156 1151
f 1159 1157 1158
f 1160 1159 1158
f 1164 1161 1162
f 1164 1163 1161
f 1168 1170 1169
f 1167 1170 1168
f 1166 1171 1170
f 1166 1170 1167
f 1165 1172 1171
f 1165 1171 1166
f 1176 1178 1175
f 1176 1179 1178
f 1177 1180 1179
f 1177 1179 1176
f 1173 1174 1180
f 1173 1180 1177
f 1183 1182 1181
f 1184 1182 1183
f 1188 1186 1185
f 1188 1185 1187
f 1192 1194 1191
f 1192 1195 1194
f 1193 1196 1195
f 1193 1195 1192
f 1189 1190 1196
f 1189 1196 1193
f 1200 1202 1201
f 1200 1203 1202
f 1199 1204 1203
f 1199 1203 1200
f 1198 1197 1204
f 1198 1204 1199
f 1208 1205 1206
f 1208 1207 1205
f 1212 1209 1210
f 1212 1211 1209
f 1216 1218 1217
f 1215 1218 1216
f 1214 1219 1218
f 1214 1218 1215
f 1213 1220 1219
f 1213 1219 1214
f 1223 1227 1226
f 1224 1227 1223
f 1225 1228 1227
f 1225 1222 1228
f 1225 1227 1224
f 1221 1222 1225
f 1232 1230 1229
f 1232 1229 1231
f 1236 1234 1233
f 1236 1233 1235
f 1239 1243 1242
f 1240 1243 1239
f 1241 1244 1243
f 1241 1238 1244
f 1241 1243 1240
f 1237 1238 1241
f 1248 1250 1249
f 1248 1251 1250
f 1247 1252 1251
f 1247 1245 1252
f 1247 1251 1248
f 1246 1245 1247
f 1256 1253 1254
f 1256 1255 1253
f 1260 1257 1258
f 1260 1259 1257
f 1264 1266 1265
f 1263 1267 1266
f 1263 1266 1264
f 1262 1267 1263
f 1261 1268 1267
f 1261 1267 1262
f 1272 1274 1271
f 1272 1275 1274
f 1273 1276 1275
f 1273 1275 1272
f 1269 1270 1276
f 1269 1276 1273
f 1280 1278 1277
f 1280 1277 1279
f 1284 1282 1281
f 1284 1281 1283
f 1288 1290 1287
f 1288 1291 1290
f 1289 1292 1291
f 1289 1291 1288
f 1285 1286 1292
f 1285 1292 1289
f 1296 1298 1297
f 1296 1299 1298
f 1295 1300 1299
f 1295 1299 1296
f 1294 1293 1300
f 1294 1300 1295
f 1304 1301 1302
f 1304 1303 1301
f 1307 1305 1306
f 1308 1307 1306
f 1311 1313 1312
f 1311 1314 1313
f 1310 1315 1314
f 1310 1314 1311
f 1309 1316 1315
f 1309 1315 1310
f 1319 1323 1322
f 1320 1323 1319
f 1321 1324 1323
f 1321 1318 1324
f 1321 1323 1320
f 1317 1318 1321
f 1328 1326 1325
f 1328 1325 1327
f 1332 1330 1329
f 1332 1329 1331
f 1335 1339 1338
f 1336 1339 1335
f 1337 1340 1339
f 1337 1339 1336
f 1333 1334 1340
f 1333 1340 1337
f 1344 1346 1345
f 1344 1347 1346
f 1343 1348 1347
f 1343 1347 1344
f 1342 1341 1348
f 1342 1348 1343
f 1352 1349 1350
f 1352 1351 1349
f 1356 1353 1354
f 1356 1355 1353
f 1359 1361 1360
f 1359 1362 1361
f 1359 1363 1362
f 1358 1364 1363
f 1358 1363 1359
f 1357 1364 1358
f 1368 1370 1367
f 1368 1371 1370
f 1369 1372 1371
f 1369 1366 1372
f 1369 1371 1368
f 1365 1366 1369
f 1376 1374 1373
f 1376 1373 1375
f 1380 1378 1377
f 1380 1377 1379
f 1383 1387 1386
f 1384 1387 1383
f 1385 1388 1387
f 1385 1387 1384
f 1381 1382 1388
f 1381 1388 1385
f 1393 1395 1394
f 1392 1395 1393
f 1391 1396 1395
f 1391 1395 1392
f 1390 1389 1396
f 1390 1396 1391
f 1400 1397 1398
f 1400 1399 1397
f 1404 1401 1402
f 1404 1403 1401
f 1408 1410 1409
f 1407 1410 1408
f 1406 1411 1410
f 1406 1410 1407
f 1405 1412 1411
f 1405 1411 1406
f 1415 1419 1418
f 1416 1419 1415
f 1417 1420 1419
f 1417 1419 1416
f 1413 1414 1420
f 1413 1420 1417
f 1424 1422 1421
f 1424 1421 1423
f 1428 1426 1425
f 1428 1425 1427
f 1431 1435 1434
f 1432 1435 1431
f 1433 1436 1435
f 1433 1435 1432
f 1429 1430 1436
f 1429 1436 1433
f 1441 1443 1442
f 1440 1443 1441
f 1439 1444 1443
f 1439 1443 1440
f 1438 1437 1444
f 1438 1444 1439
f 1448 1445 1446
f 1448 1447 1445
f 1452 1449 1450
f 1452 1451 1449
f 1456 1458 1457
f 1455 1459 1458
f 1455 1458 1456
f 1454 1460 1459
f 1454 1459 1455
f 1453 1460 1454
f 1463 1467 1466
f 1464 1467 1463
f 1465 1468 1467
f 1465 1467 1464
f 1461 1462 1468
f 1461 1468 1465
f 1471 1470 1469
f 1472 1470 1471
f 1476 1474 1473
f 1476 1473 1475
f 1480 1482 1479
f 1480 1483 1482
f 1481 1484 1483
f 1481 1483 1480
f 1477 1478 1484
f 1477 1484 1481
f 1489 1491 1490
f 1488 1491 1489
f 1487 1492 1491
f 1487 1491 1488
f 1486 1485 1492
f 1486 1492 1487
f 1496 1493 1494
f 1496 1495 1493
f 1500 1497 1498
f 1500 1499 1497
f 1503 1505 1504
f 1503 1506 1505
f 1503 1507 1506
f 1502 1508 1507
f 1502 1507 1503
f 1501 1508 1502
f 1511 1515 1514
f 1512 1515 1511
f 1513 1516 1515
f 1513 1515 1512
f 1509 1510 1516
f 1509 1516 1513
f 1520 1518 1517
f 1520 1517 1519
f 1524 1522 1521
f 1524 1521 1523
f 1527 1531 1530
f 1528 1531 1527
f 1529 1532 1531
f 1529 1526 1532
f 1529 1531 1528
f 1525 1526 1529
f 1536 1538 1537
f 1536 1539 1538
f 1536 1540 1539
f 1535 1533 1540
f 1535 1540 1536
f 1534 1533 1535
f 1544 1541 1542
f 1544 1543 1541
f 1548 1545 1546
f 1548 1547 1545
f 1551 1553 1552
f 1551 1554 1553
f 1550 1555 1554
f 1550 1554 1551
f 1549 1556 1555
f 1549 1555 1550
f 1560 1562 1559
f 1560 1563 1562
f 1561 1564 1563
f 1561 1558 1564
f 1561 1563 1560
f 1557 1558 1561
f 1568 1566 1565
f 1568 1565 1567
f 1571 1570 1569
f 1572 1570 1571
f 1576 1578 1575
f 1576 1579 1578
f 1577 1580 1579
f 1577 1579 1576
f 1573 1574 1580
f 1573 1580 1577
f 1585 1587 1586
f 1584 1587 1585
f 1583 1588 1587
f 1583 1587 1584
f 1582 1581 1588
f 1582 1588 1583
f 1592 1589 1590
f 1592 1591 1589
f 1596 1593 1594
f 1596 1595 1593
f 1599 1601 1600
f 1599 1602 1601
f 1598 1603 1602
f 1598 1602 1599
f 1597 1604 1603
f 1597 1603 1598
f 1607 1611 1610
f 1608 1611 1607
f 1609 1612 1611
f 1609 1611 1608
f 1605 1606 1612
f 1605 1612 1609
f 1616 1614 1613
f 1616 1613 1615
f 1620 1618 1617
f 1620 1617 1619
f 1623 1627 1626
f 1624 1627 1623
f 1625 1628 1627
f 1625 1627 1624
f 1621 1622 1628
f 1621 1628 1625
f 1633 1635 1634
f 1632 1635 1633
f 1631 1636 1635
f 1631 1629 1636
f 1631 1635 1632
f 1630 1629 1631
f 1639 1637 1638
f 1640 1639 1638
f 1644 1641 1642
f 1644 1643 1641
f 1647 1649 1648
f 1647 1650 1649
f 1646 1651 1650
f 1646 1650 1647
f 1645 1652 1651
f 1645 1651 1646
f 1656 1658 1655
f 1656 1659 1658
f 1656 1660 1659
f 1657 1660 1656
f 1653 1654 1660
f 1653 1660 1657
f 1664 1662 1661
f 1664 1661 1663
f 1668 1666 1665
f 1668 1665 1667
f 1672 1674 1671
f 1672 1675 1674
f 1673 1676 1675
f 1673 1675 1672
f 1669 1670 1676
f 1669 1676 1673
f 1681 1683 1682
f 1680 1683 1681
f 1679 1684 1683
f 1679 1683 1680
f 1678 1677 1684
f 1678 1684 1679
f 1688 1685 1686
f 1688 1687 1685
f 1691 1689 1690
f 1692 1691 1690
f 1696 1698 1697
f 1695 1698 1696
f 1694 1699 1698
f 1694 1698 1695
f 1693 1700 1699
f 1693 1699 1694
f 1703 1707 1706
f 1704 1707 1703
f 1705 1708 1707
f 1705 1707 1704
f 1701 1702 1708
f 1701 1708 1705
f 1712 1710 1709
f 1712 1709 1711
f 1716 1714 1713
f 1716 1713 1715
f 1719 1723 1722
f 1720 1723 1719
f 1721 1724 1723
f 1721 1723 1720
f 1717 1718 1724
f 1717 1724 1721
f 1728 1730 1729
f 1728 1731 1730
f 1728 1732 1731
f 1727 1725 1732
f 1727 1732 1728
f 1726 1725 1727
f 1736 1733 1734
f 1736 1735 1733
f 1740 1737 1738
f 1740 1739 1737
f 1744 1746 1745
f 1743 1747 1746
f 1743 1746 1744
f 1742 1747 1743
f 1741 1748 1747
f 1741 1747 1742
f 1751 1755 1754
f 1752 1755 1751
f 1753 1756 1755
f 1753 1755 1752
f 1749 1750 1756
f 1749 1756 1753
f 1760 1758 1757
f 1760 1757 1759
f 1764 1762 1761
f 1764 1761 1763
f 1767 1771 1770
f 1768 1771 1767
f 1769 1772 1771
f 1769 1771 1768
f 1765 1766 1772
f 1765 1772 1769
f 1776 1778 1777
f 1776 1779 1778
f 1776 1780 1779
f 1775 1773 1780
f 1775 1780 1776
f 1774 1773 1775
f 1784 1781 1782
f 1784 1783 1781
f 1788 1785 1786
f 1788 1787 1785
f 1791 1793 1792
f 1791 1794 1793
f 1790 1795 1794
f 1790 1794 1791
f 1789 1796 1795
f 1789 1795 1790
f 1800 1802 1799
f 1800 1803 1802
f 1801 1804 1803
f 1801 1803 1800
f 1797 1798 1804
f 1797 1804 1801
f 1808 1806 1805
f 1808 1805 1807
f 1812 1810 1809
f 1812 1809 1811
f 1815 1819 1818
f 1816 1819 1815
f 1817 1820 1819
f 1817 1814 1820
f 1817 1819 1816
f 1813 1814 1817
f 1825 1827 1826
f 1824 1828 1827
f 1824 1827 1825
f 1823 1828 1824
f 1822 1821 1828
f 1822 1828 1823
f 1832 1829 1830
f 1832 1831 1829
f 1836 1833 1834
f 1836 1835 1833
f 1840 1842 1841
f 1839 1843 1842
f 1839 1842 1840
f 1838 1844 1843
f 1838 1843 1839
f 1837 1844 1838
f 1848 1850 1847
f 1848 1851 1850
f 1849 1852 1851
f 1849 1851 1848
f 1845 1846 1852
f 1845 1852 1849
f 1856 1854 1853
f 1856 1853 1855
f 1859 1858 1857
f 1860 1858 1859
f 1863 1867 1866
f 1864 1867 1863
f 1865 1868 1867
f 1865 1862 1868
f 1865 1867 1864
f 1861 1862 1865
f 1872 1874 1873
f 1872 1875 1874
f 1871 1876 1875
f 1871 1875 1872
f 1870 1869 1876
f 1870 1876 1871
f 1879 1877 1878
f 1880 1879 1878
f 1884 1881 1882
f 1884 1883 1881
f 1887 1889 1888
f 1887 1890 1889
f 1886 1891 1890
f 1886 1890 1887
f 1885 1892 1891
f 1885 1891 1886
f 1896 1898 1895
f 1896 1899 1898
f 1897 1900 1899
f 1897 1899 1896
f 1893 1894 1900
f 1893 1900 1897
f 1904 1902 1901
f 1904 1901 1903
f 1907 1906 1905
f 1908 1906 1907
f 1912 1914 1911
f 1912 1915 1914
f 1913 1916 1915
f 1913 1915 1912
f 1909 1910 1916
f 1909 1916 1913
f 1920 1922 1921
f 1920 1923 1922
f 1919 1924 1923
f 1919 1923 1920
f 1918 1917 1924
f 1918 1924 1919
f 1928 1925 1926
f 1928 1927 1925
f 1932 1929 1930
f 1932 1931 1929
f 1936 1938 1937
f 1935 1938 1936
f 1934 1939 1938
f 1934 1938 1935
f 1933 1940 1939
f 1933 1939 1934
f 1944 1946 1943
f 1944 1947 1946
f 1944 1948 1947
f 1945 1948 1944
f 1941 1942 1948
f 1941 1948 1945
f 1951 1950 1949
f 1952 1950 1951
f 1956 1954 1953
f 1956 1953 1955
f 1960 1962 1959
f 1960 1963 1962
f 1961 1964 1963
f 1961 1963 1960
f 1957 1958 1964
f 1957 1964 1961
f 1968 1970 1969
f 1968 1971 1970
f 1967 1972 1971
f 1967 1965 1972
f 1967 1971 1968
f 1966 1965 1967
f 1976 1973 1974
f 1976 1975 1973
f 1979 1977 1978
f 1980 1979 1978
f 1983 1985 1984
f 1983 1986 1985
f 1982 1987 1986
f 1982 1986 1983
f 1981 1988 1987
f 1981 1987 1982
f 1992 1994 1991
f 1992 1995 1994
f 1993 1996 1995
f 1993 1995 1992
f 1989 1990 1996
f 1989 1996 1993
f 1999 1998 1997
f 2000 1998 1999
f 2004 2002 2001
f 2004 2001 2003
f 2008 2010 2007
f 2008 2011 2010
f 2008 2012 2011
f 2009 2012 2008
f 2005 2006 2012
f 2005 2012 2009
f 2016 2018 2017
f 2016 2019 2018
f 2015 2020 2019
f 2015 2019 2016
f 2014 2013 2020
f 2014 2020 2015
f 2024 2021 2022
f 2024 2023 2021
f 2028 2025 2026
f 2028 2027 2025
f 2031 2033 2032
f 2031 2034 2033
f 2030 2035 2034
f 2030 2034 2031
f 2029 2036 2035
f 2029 2035 2030
f 2039 2043 2042
f 2040 2043 2039
f 2041 2044 2043
f 2041 2038 2044
f 2041 2043 2040
f 2037 2038 2041
f 2048 2046 2045
f 2048 2045 2047
f 2052 2050 2049
f 2052 2049 2051
f 2056 2058 2055
f 2056 2059 2058
f 2057 2060 2059
f 2057 2059 2056
f 2053 2054 2060
f 2053 2060 2057
f 2065 2067 2066
f 2064 2067 2065
f 2063 2068 2067
f 2063 2067 2064
f 2062 2061 2068
f 2062 2068 2063
f 2072 2069 2070
f 2072 2071 2069
f 2076 2073 2074
f 2076 2075 2073
f 2080 2082 2081
f 2079 2082 2080
f 2078 2083 2082
f 2078 2082 2079
f 2077 2084 2083
f 2077 2083 2078
f 2087 2091 2090
f 2088 2091 2087
f 2089 2092 2091
f 2089 2091 2088
f 2085 2086 2092
f 2085 2092 2089
f 2096 2094 2093
f 2096 2093 2095
f 2100 2098 2097
f 2100 2097 2099
f 2104 2106 2103
f 2104 2107 2106
f 2105 2108 2107
f 2105 2107 2104
f 2101 2102 2108
f 2101 2108 2105
f 2112 2114 2113
f 2112 2115 2114
f 2111 2116 2115
f 2111 2115 2112
f 2110 2109 2116
f 2110 2116 2111
f 2120 2117 2118
f 2120 2119 2117
f 2124 2121 2122
f 2124 2123 2121
f 2127 2129 2128
f 2127 2130 2129
f 2126 2131 2130
f 2126 2130 2127
f 2125 2132 2131
f 2125 2131 2126
f 2135 2139 2138
f 2136 2139 2135
f 2137 2140 2139
f 2137 2134 2140
f 2137 2139 2136
f 2133 2134 2137
f 2143 2142 2141
f 2144 2142 2143
f 2148 2146 2145
f 2148 2145 2147
f 2151 2155 2154
f 2152 2155 2151
f 2153 2156 2155
f 2153 2155 2152
f 2149 2150 2156
f 2149 2156 2153
f 2161 2163 2162
f 2160 2163 2161
f 2159 2164 2163
f 2159 2163 2160
f 2158 2157 2164
f 2158 2164 2159
f 2168 2165 2166
f 2168 2167 2165
f 2172 2169 2170
f 2172 2171 2169
f 2175 2177 2176
f 2175 2178 2177
f 2174 2179 2178
f 2174 2178 2175
f 2173 2180 2179
f 2173 2179 2174
f 2183 2187 2186
f 2184 2187 2183
f 2185 2188 2187
f 2185 2187 2184
f 2181 2182 2188
f 2181 2188 2185
f 2192 2190 2189
f 2192 2189 2191
f 2196 2194 2193
f 2196 2193 2195
f 2199 2203 2202
f 2200 2203 2199
f 2201 2204 2203
f 2201 2203 2200
f 2197 2198 2204
f 2197 2204 2201
f 2209 2211 2210
f 2208 2212 2211
f 2208 2211 2209
f 2207 2205 2212
f 2207 2212 2208
f 2206 2205 2207
f 2215 2213 2214
f 2216 2215 2214
f 2220 2217 2218
f 2220 2219 2217
f 2224 2226 2225
f 2223 2227 2226
f 2223 2226 2224
f 2222 2228 2227
f 2222 2227 2223
f 2221 2228 2222
f 2232 2234 2231
f 2232 2235 2234
f 2233 2236 2235
f 2233 2235 2232
f 2229 2230 2236
f 2229 2236 2233
f 2240 2238 2237
f 2240 2237 2239
f 2243 2242 2241
f 2244 2242 2243
f 2248 2250 2247
f 2248 2251 2250
f 2249 2252 2251
f 2249 2251 2248
f 2245 2246 2252
f 2245 2252 2249
f 2256 2258 2257
f 2256 2259 2258
f 2255 2260 2259
f 2255 2259 2256
f 2254 2253 2260
f 2254 2260 2255
f 2264 2261 2262
f 2264 2263 2261
f 2268 2265 2266
f 2268 2267 2265
f 2272 2274 2273
f 2271 2274 2272
f 2270 2275 2274
f 2270 2274 2271
f 2269 2276 2275
f 2269 2275 2270
f 2279 2283 2282
f 2280 2283 2279
f 2281 2284 2283
f 2281 2278 2284
f 2281 2283 2280
f 2277 2278 2281
f 2288 2286 2285
f 2288 2285 2287
f 2292 2290 2289
f 2292 2289 2291
f 2295 2299 2298
f 2296 2299 2295
f 2297 2300 2299
f 2297 2299 2296
f 2293 2294 2300
f 2293 2300 2297
f 2304 2306 2305
f 2304 2307 2306
f 2303 2308 2307
f 2303 2301 2308
f 2303 2307 2304
f 2302 2301 2303
f 2312 2309 2310
f 2312 2311 2309
f 2316 2313 2314
f 2316 2315 2313
f 2320 2322 2321
f 2319 2323 2322
f 2319 2322 2320
f 2318 2324 2323
f 2318 2323 2319
f 2317 2324 2318
f 2328 2330 2327
f 2328 2331 2330
f 2329 2332 2331
f 2329 2331 2328
f 2325 2326 2332
f 2325 2332 2329
f 2336 2334 2333
f 2336 2333 2335
f 2339 2338 2337
f 2340 2338 2339
f 2344 2346 2343
f 2344 2347 2346
f 2345 2348 2347
f 2345 2342 2348
f 2345 2347 2344
f 2341 2342 2345
f 2352 2354 2353
f 2352 2355 2354
f 2352 2356 2355
f 2351 2349 2356
f 2351 2356 2352
f 2350 2349 2351
f 2360 2357 2358
f 2360 2359 2357
f 2364 2361 2362
f 2364 2363 2361
f 2367 2369 2368
f 2367 2370 2369
f 2367 2371 2370
f 2366 2371 2367
f 2365 2372 2371
f 2365 2371 2366
f 2375 2379 2378
f 2376 2379 2375
f 2377 2380 2379
f 2377 2374 2380
f 2377 2379 2376
f 2373 2374 2377
f 2384 2382 2381
f 2384 2381 2383
f 2388 2386 2385
f 2388 2385 2387
f 2391 2395 2394
f 2392 2395 2391
f 2393 2396 2395
f 2393 2390 2396
f 2393 2395 2392
f 2389 2390 2393
f 2400 2402 2401
f 2400 2403 2402
f 2399 2404 2403
f 2399 2403 2400
f 2398 2397 2404
f 2398 2404 2399
f 2408 2405 2406
f 2408 2407 2405
f 2412 2409 2410
f 2412 2411 2409
f 2415 2417 2416
f 2415 2418 2417
f 2414 2419 2418
f 2414 2418 2415
f 2413 2420 2419
f 2413 2419 2414
f 2424 2426 2423
f 2424 2427 2426
f 2425 2428 2427
f 2425 2427 2424
f 2421 2422 2428
f 2421 2428 2425
f 2432 2430 2429
f 2432 2429 2431
f 2436 2434 2433
f 2436 2433 2435
f 2439 2443 2442
f 2440 2443 2439
f 2441 2444 2443
f 2441 2443 2440
f 2437 2438 2444
f 2437 2444 2441
f 2449 2451 2450
f 2448 2452 2451
f 2448 2451 2449
f 2447 2445 2452
f 2447 2452 2448
f 2446 2445 2447
f 2456 2453 2454
f 2456 2455 2453
f 2460 2457 2458
f 2460 2459 2457
f 2464 2466 2465
f 2463 2466 2464
f 2462 2467 2466
f 2462 2466 2463
f 2461 2468 2467
f 2461 2467 2462
f 2471 2475 2474
f 2472 2475 2471
f 2473 2476 2475
f 2473 2475 2472
f 2469 2470 2476
f 2469 2476 2473
f 2480 2478 2477
f 2480 2477 2479
f 2484 2482 2481
f 2484 2481 2483
f 2487 2491 2490
f 2488 2491 2487
f 2489 2492 2491
f 2489 2491 2488
f 2485 2486 2492
f 2485 2492 2489
f 2497 2499 2498
f 2496 2499 2497
f 2495 2500 2499
f 2495 2499 2496
f 2494 2493 2500
f 2494 2500 2495
f 2504 2501 2502
f 2504 2503 2501
f 2508 2505 2506
f 2508 2507 2505
f 2512 2514 2513
f 2511 2514 2512
f 2510 2515 2514
f 2510 2514 2511
f 2509 2516 2515
f 2509 2515 2510
f 2519 2523 2522
f 2520 2523 2519
f 2521 2524 2523
f 2521 2523 2520
f 2517 2518 2524
f 2517 2524 2521
f 2528 2526 2525
f 2528 2525 2527
f 2532 2530 2529
f 2532 2529 2531
f 2536 2538 2535
f 2536 2539 2538
f 2537 2540 2539
f 2537 2539 2536
f 2533 2534 2540
f 2533 2540 2537
f 2544 2546 2545
f 2544 2547 2546
f 2543 2548 2547
f 2543 2547 2544
f 2542 2541 2548
f 2542 2548 2543
f 2552 2549 2550
f 2552 2551 2549
f 2556 2553 2554
f 2556 2555 2553
f 2559 2561 2560
f 2559 2562 2561
f 2558 2563 2562
f 2558 2562 2559
f 2557 2564 2563
f 2557 2563 2558
f 2567 2571 2570
f 2568 2571 2567
f 2569 2572 2571
f 2569 2571 2568
f 2565 2566 2572
f 2565 2572 2569
f 2576 2574 2573
f 2576 2573 2575
f 2580 2578 2577
f 2580 2577 2579
f 2583 2587 2586
f 2584 2587 2583
f 2585 2588 2587
f 2585 2582 2588
f 2585 2587 2584
f 2581 2582 2585
f 2592 2594 2593
f 2592 2595 2594
f 2591 2596 2595
f 2591 2595 2592
f 2590 2589 2596
f 2590 2596 2591
f 2600 2597 2598
f 2600 2599 2597
f 2604 2601 2602
f 2604 2603 2601
f 2607 2609 2608
f 2607 2610 2609
f 2606 2611 2610
f 2606 2610 2607
f 2605 2612 2611
f 2605 2611 2606
f 2616 2618 2615
f 2616 2619 2618
f 2617 2620 2619
f 2617 2614 2620
f 2617 2619 2616
f 2613 2614 2617
f 2624 2622 2621
f 2624 2621 2623
f 2628 2626 2625
f 2628 2625 2627
f 2632 2634 2631
f 2632 2635 2634
f 2633 2636 2635
f 2633 2635 2632
f 2629 2630 2636
f 2629 2636 2633
f 2641 2643 2642
f 2640 2643 2641
f 2639 2644 2643
f 2639 2643 2640
f 2638 2637 2644
f 2638 2644 2639
f 2648 2645 2646
f 2648 2647 2645
f 2651 2649 2650
f 2652 2651 2650
f 2655 2657 2656
f 2655 2658 2657
f 2655 2659 2658
f 2654 2660 2659
f 2654 2659 2655
f 2653 2660 2654
f 2663 2667 2666
f 2664 2667 2663
f 2665 2668 2667
f 2665 2667 2664
f 2661 2662 2668
f 2661 2668 2665
f 2672 2670 2669
f 2672 2669 2671
f 2676 2674 2673
f 2676 2673 2675
f 2679 2683 2682
f 2680 2683 2679
f 2681 2684 2683
f 2681 2683 2680
f 2677 2678 2684
f 2677 2684 2681
f 2689 2691 2690
f 2688 2691 2689
f 2687 2692 2691
f 2687 2691 2688
f 2686 2685 2692
f 2686 2692 2687
f 2695 2693 2694
f 2696 2695 2694
f 2700 2697 2698
f 2700 2699 2697
f 2703 2705 2704
f 2703 2706 2705
f 2702 2707 2706
f 2702 2706 2703
f 2701 2708 2707
f 2701 2707 2702
f 2712 2714 2711
f 2712 2715 2714
f 2712 2716 2715
f 2713 2716 2712
f 2709 2710 2716
f 2709 2716 2713
f 2720 2718 2717
f 2720 2717 2719
f 2724 2722 2721
f 2724 2721 2723
f 2728 2730 2727
f 2728 2731 2730
f 2729 2732 2731
f 2729 2731 2728
f 2725 2726 2732
f 2725 2732 2729
f 2737 2739 2738
f 2736 2739 2737
f 2735 2740 2739
f 2735 2739 2736
f 2734 2733 2740
f 2734 2740 2735
f 2744 2741 2742
f 2744 2743 2741
f 2747 2745 2746
f 2748 2747 2746
f 2752 2754 2753
f 2751 2754 2752
f 2750 2755 2754
f 2750 2754 2751
f 2749 2756 2755
f 2749 2755 2750
f 2759 2763 2762
f 2760 2763 2759
f 2761 2764 2763
f 2761 2763 2760
f 2757 2758 2764
f 2757 2764 2761
f 2767 2766 2765
f 2768 2766 2767
f 2772 2770 2769
f 2772 2769 2771
f 2776 2778 2775
f 2776 2779 2778
f 2777 2780 2779
f 2777 2779 2776
f 2773 2774 2780
f 2773 2780 2777
f 2784 2786 2785
f 2784 2787 2786
f 2783 2788 2787
f 2783 2787 2784
f 2782 2781 2788
f 2782 2788 2783
f 2792 2789 2790
f 2792 2791 2789
f 2795 2793 2794
f 2796 2795 2794
f 2800 2802 2801
f 2799 2802 2800
f 2798 2803 2802
f 2798 2802 2799
f 2797 2804 2803
f 2797 2803 2798
f 2807 2811 2810
f 2808 2811 2807
f 2809 2812 2811
f 2809 2811 2808
f 2805 2806 2812
f 2805 2812 2809
f 2816 2814 2813
f 2816 2813 2815
f 2820 2818 2817
f 2820 2817 2819
f 2823 2827 2826
f 2824 2827 2823
f 2825 2828 2827
f 2825 2827 2824
f 2821 2822 2828
f 2821 2828 2825
f 2832 2834 2833
f 2832 2835 2834
f 2832 2836 2835
f 2831 2829 2836
f 2831 2836 2832
f 2830 2829 2831
f 2840 2837 2838
f 2840 2839 2837
f 2843 2841 2842
f 2844 2843 2842
f 2847 2849 2848
f 2847 2850 2849
f 2846 2851 2850
f 2846 2850 2847
f 2845 2852 2851
f 2845 2851 2846
f 2856 2858 2855
f 2856 2859 2858
f 2857 2860 2859
f 2857 2854 2860
f 2857 2859 2856
f 2853 2854 2857
f 2864 2862 2861
f 2864 2861 2863
f 2868 2866 2865
f 2868 2865 2867
f 2871 2875 2874
f 2872 2875 2871
f 2873 2876 2875
f 2873 2875 2872
f 2869 2870 2876
f 2869 2876 2873
f 2881 2883 2882
f 2880 2883 2881
f 2879 2884 2883
f 2879 2883 2880
f 2878 2877 2884
f 2878 2884 2879
f 2887 2885 2886
f 2888 2887 2886
f 2892 2889 2890
f 2892 2891 2889
f 2896 2898 2897
f 2895 2898 2896
f 2894 2899 2898
f 2894 2898 2895
f 2893 2900 2899
f 2893 2899 2894
f 2904 2906 2903
f 2904 2907 2906
f 2905 2908 2907
f 2905 2907 2904
f 2901 2902 2908
f 2901 2908 2905
f 2912 2910 2909
f 2912 2909 2911
f 2916 2914 2913
f 2916 2913 2915
f 2919 2923 2922
f 2920 2923 2919
f 2921 2924 2923
f 2921 2918 2924
f 2921 2923 2920
f 2917 2918 2921
f 2928 2930 2929
f 2928 2931 2930
f 2927 2932 2931
f 2927 2931 2928
f 2926 2925 2932
f 2926 2932 2927
f 2936 2933 2934
f 2936 2935 2933
f 2940 2937 2938
f 2940 2939 2937
f 2943 2945 2944
f 2943 2946 2945
f 2942 2947 2946
f 2942 2946 2943
f 2941 2948 2947
f 2941 2947 2942
f 2952 2954 2951
f 2952 2955 2954
f 2953 2956 2955
f 2953 2955 2952
f 2949 2950 2956
f 2949 2956 2953
f 2960 2958 2957
f 2960 2957 2959
f 2964 2962 2961
f 2964 2961 2963
f 2968 2970 2967
f 2968 2971 2970
f 2968 2972 2971
f 2969 2972 2968
f 2965 2966 2972
f 2965 2972 2969
f 2976 2978 2977
f 2976 2979 2978
f 2975 2980 2979
f 2975 2973 2980
f 2975 2979 2976
f 2974 2973 2975
f 2984 2981 2982
f 2984 2983 2981
f 2988 2985 2986
f 2988 2987 2985
f 2993 2995 2994
f 2992 2995 2993
f 2991 2996 2995
f 2991 2995 2992
f 2990 2989 2996
f 2990 2996 2991
f 2999 3003 3002
f 3000 3003 2999
f 3001 3004 3003
f 3001 2998 3004
f 3001 3003 3000
f 2997 2998 3001
f 3008 3006 3005
f 3008 3005 3007
f 3009 3011 3012
f 3010 3009 3012
f 3014 3015 3013
f 3014 3016 3015
f 3018 3019 3017
f 3018 3020 3019
f 3022 3021 3023
f 3022 3023 3024
f 3025 3027 3028
f 3026 3025 3028
f 3030 3031 3029
f 3030 3032 3031
f 3033 3036 3035
f 3034 3036 3033
f 3038 3037 3039
f 3038 3039 3040
f 3042 3041 3043
f 3042 3043 3044
f 3046 3047 3045
f 3046 3048 3047
f 3049 3052 3051
f 3050 3052 3049
f 3054 3053 3055
f 3054 3055 3056
f 3057 3059 3060
f 3058 3057 3060
f 3062 3063 3061
f 3062 3064 3063
f 3065 3068 3067
f 3066 3068 3065
f 3070 3069 3071
f 3070 3071 3072
f 3074 3073 3075
f 3074 3075 3076
f 3078 3079 3077
f 3078 3080 3079
f 3082 3083 3081
f 3082 3084 3083
f 3086 3085 3087
f 3086 3087 3088
f 3089 3091 3092
f 3090 3089 3092
f 3094 3095 3093
f 3094 3096 3095
f 3097 3100 3099
f 3098 3100 3097
f 3102 3101 3103
f 3102 3103 3104
f 3106 3105 3107
f 3106 3107 3108
f 3110 3111 3109
f 3110 3112 3111
f 3114 3115 3113
f 3114 3116 3115
f 3118 3117 3119
f 3118 3119 3120
f 3122 3121 3123
f 3122 3123 3124
f 3126 3127 3125
f 3126 3128 3127
f 3130 3131 3129
f 3130 3132 3131
f 3134 3133 3135
f 3134 3135 3136
f 3138 3137 3139
f 3138 3139 3140
f 3142 3143 3141
f 3142 3144 3143
f 3146 3147 3145
f 3146 3148 3147
f 3150 3149 3151
f 3150 3151 3152
f 3153 3155 3156
f 3154 3153 3156
f 3158 3159 3157
f 3158 3160 3159
f 3161 3164 3163
f 3162 3164 3161
f 3166 3165 3167
f 3166 3167 3168
f 3169 3171 3172
f 3170 3169 3172
f 3174 3175 3173
f 3174 3176 3175
f 3177 3180 3179
f 3178 3180 3177
f 3182 3181 3183
f 3182 3183 3184
f 3186 3185 3187
f 3186 3187 3188
f 3190 3191 3189
f 3190 3192 3191
f 3194 3195 3193
f 3194 3196 3195
f 3198 3197 3199
f 3198 3199 3200
f 3202 3201 3203
f 3202 3203 3204
f 3206 3207 3205
f 3206 3208 3207
f 3210 3211 3209
f 3210 3212 3211
f 3214 3213 3215
f 3214 3215 3216
f 3218 3217 3219
f 3218 3219 3220
f 3222 3223 3221
f 3222 3224 3223
f 3225 3228 3227
f 3226 3228 3225
f 3230 3229 3231
f 3230 3231 3232
f 3234 3233 3235
f 3234 3235 3236
f 3238 3239 3237
f 3238 3240 3239
f 3242 3243 3241
f 3242 3244 3243
f 3246 3245 3247
f 3246 3247 3248
f 3249 3251 3252
f 3250 3249 3252
f 3254 3255 3253
f 3254 3256 3255
f 3257 3260 3259
f 3258 3260 3257
f 3262 3261 3263
f 3262 3263 3264
f 3266 3265 3267
f 3266 3267 3268
f 3270 3271 3269
f 3270 3272 3271
f 3274 3275 3273
f 3274 3276 3275
f 3278 3277 3279
f 3278 3279 3280
f 3281 3283 3284
f 3282 3281 3284
f 3286 3287 3285
f 3286 3288 3287
f 3290 3291 3289
f 3290 3292 3291
f 3294 3293 3295
f 3294 3295 3296
f 3297 3299 3300
f 3298 3297 3300
f 3302 3303 3301
f 3302 3304 3303
f 3305 3308 3307
f 3306 3308 3305
f 3310 3309 3311
f 3310 3311 3312
f 3313 3315 3316
f 3314 3313 3316
f 3318 3319 3317
f 3318 3320 3319
f 3322 3323 3321
f 3322 3324 3323
f 3326 3325 3327
f 3326 3327 3328
f 3329 3331 3332
f 3330 3329 3332
f 3334 3335 3333
f 3334 3336 3335
f 3337 3340 3339
f 3338 3340 3337
f 3342 3341 3343
f 3342 3343 3344
f 3345 3347 3348
f 3346 3345 3348
f 3350 3351 3349
f 3350 3352 3351
f 3354 3355 3353
f 3354 3356 3355
f 3358 3357 3359
f 3358 3359 3360
f 3361 3363 3364
f 3362 3361 3364
f 3366 3367 3365
f 3366 3368 3367
f 3369 3372 3371
f 3370 3372 3369
f 3374 3373 3375
f 3374 3375 3376
f 3378 3377 3379
f 3378 3379 3380
f 3382 3383 3381
f 3382 3384 3383
f 3386 3387 3385
f 3386 3388 3387
f 3390 3389 3391
f 3390 3391 3392
f 3394 3393 3395
f 3394 3395 3396
f 3398 3399 3397
f 3398 3400 3399
f 3402 3403 3401
f 3402 3404 3403
f 3406 3405 3407
f 3406 3407 3408
f 3409 3411 3412
f 3410 3409 3412
f 3414 3415 3413
f 3414 3416 3415
f 3417 3420 3419
f 3418 3420 3417
f 3422 3421 3423
f 3422 3423 3424
f 3425 3427 3428
f 3426 3425 3428
f 3430 3431 3429
f 3430 3432 3431
f 3433 3436 3435
f 3434 3436 3433
f 3438 3437 3439
f 3438 3439 3440
f 3441 3443 3444
f 3442 3441 3444
f 3446 3447 3445
f 3446 3448 3447
f 3449 3452 3451
f 3450 3452 3449
f 3454 3453 3455
f 3454 3455 3456
f 3457 3459 3460
f 3458 3457 3460
f 3462 3463 3461
f 3462 3464 3463
f 3465 3468 3467
f 3466 3468 3465
f 3470 3469 3471
f 3470 3471 3472
f 3473 3475 3476
f 3474 3473 3476
f 3478 3479 3477
f 3478 3480 3479
f 3481 3484 3483
f 3482 3484 3481
f 3486 3485 3487
f 3486 3487 3488
f 3489 3491 3492
f 3490 3489 3492
f 3494 3495 3493
f 3494 3496 3495
f 3497 3500 3499
f 3498 3500 3497
f 3502 3501 3503
f 3502 3503 3504
f 3506 3505 3507
f 3506 3507 3508
f 3510 3511 3509
f 3510 3512 3511
f 3514 3515 3513
f 3514 3516 3515
f 3518 3517 3519
f 3518 3519 3520
f 3522 3521 3523
f 3522 3523 3524
f 3526 3527 3525
f 3526 3528 3527
f 3530 3531 3529
f 3530 3532 3531
f 3534 3533 3535
f 3534 3535 3536
f 3537 3539 3540
f 3538 3537 3540
f 3542 3543 3541
f 3542 3544 3543
f 3545 3548 3547
f 3546 3548 3545
f 3550 3549 3551
f 3550 3551 3552
f 3553 3555 3556
f 3554 3553 3556
f 3558 3559 3557
f 3558 3560 3559
f 3562 3563 3561
f 3562 3564 3563
f 3566 3565 3567
f 3566 3567 3568
f 3569 3571 3572
f 3570 3569 3572
f 3574 3575 3573
f 3574 3576 3575
f 3577 3580 3579
f 3578 3580 3577
f 3582 3581 3583
f 3582 3583 3584
f 3586 3585 3587
f 3586 3587 3588
f 3590 3591 3589
f 3590 3592 3591
f 3594 3595 3593
f 3594 3596 3595
f 3598 3597 3599
f 3598 3599 3600
f 3602 3601 3603
f 3602 3603 3604
f 3606 3607 3605
f 3606 3608 3607
f 3610 3611 3609
f 3610 3612 3611
f 3614 3613 3615
f 3614 3615 3616
f 3617 3619 3620
f 3618 3617 3620
f 3622 3623 3621
f 3622 3624 3623
f 3625 3628 3627
f 3626 3628 3625
f 3630 3629 3631
f 3630 3631 3632
f 3633 3635 3636
f 3634 3633 3636
f 3638 3639 3637
f 3638 3640 3639
f 3641 3644 3643
f 3642 3644 3641
f 3646 3645 3647
f 3646 3647 3648
f 3649 3651 3652
f 3650 3649 3652
f 3654 3655 3653
f 3654 3656 3655
f 3658 3659 3657
f 3658 3660 3659
f 3662 3661 3663
f 3662 3663 3664
f 3665 3667 3668
f 3666 3665 3668
f 3670 3671 3669
f 3670 3672 3671
f 3673 3676 3675
f 3674 3676 3673
f 3678 3677 3679
f 3678 3679 3680
f 3682 3681 3683
f 3682 3683 3684
f 3686 3687 3685
f 3686 3688 3687
f 3689 3692 3691
f 3690 3692 3689
f 3694 3693 3695
f 3694 3695 3696
f 3698 3697 3699
f 3698 3699 3700
f 3702 3703 3701
f 3702 3704 3703
f 3706 3707 3705
f 3706 3708 3707
f 3710 3709 3711
f 3710 3711 3712
f 3713 3715 3716
f 3714 3713 3716
f 3718 3719 3717
f 3718 3720 3719
f 3721 3724 3723
f 3722 3724 3721
f 3726 3725 3727
f 3726 3727 3728
f 3730 3729 3731
f 3730 3731 3732
f 3734 3735 3733
f 3734 3736 3735
f 3737 3740 3739
f 3738 3740 3737
f 3742 3741 3743
f 3742 3743 3744
f 3745 3747 3748
f 3746 3745 3748
f 3750 3751 3749
f 3750 3752 3751
f 3753 3756 3755
f 3754 3756 3753
f 3758 3757 3759
f 3758 3759 3760
f 3761 3763 3764
f 3762 3761 3764
f 3766 3767 3765
f 3766 3768 3767
f 3769 3772 3771
f 3770 3772 3769
f 3774 3773 3775
f 3774 3775 3776
f 4213 4217 4214
f 4218 4215 4216
f 4218 4216 4217
f 4218 4217 4213
f 4221 4225 4222
f 4210 4207 4208
f 4210 4208 4209
f 4205 4210 4209
f 4205 4209 4206
f 4226 4225 4221
f 4226 4223 4224
f 4226 4224 4225
f 4229 4233 4230
f 4202 4199 4200
f 4202 4200 4201
f 4234 4233 4229
f 4234 4231 4232
f 4234 4232 4233
f 4197 4201 4198
f 4197 4202 4201
f 4194 4191 4192
f 4237 4241 4238
f 4189 4192 4193
f 4189 4193 4190
f 4189 4194 4192
f 4242 4241 4237
f 4242 4239 4240
f 4242 4240 4241
f 4580 4218 4213
f 4580 4219 4218
f 4579 4212 4211
f 4579 4213 4212
f 4579 4580 4213
f 4581 4220 4219
f 4581 4221 4220
f 4581 4219 4580
f 4578 4211 4210
f 4578 4579 4211
f 4578 4210 4205
f 4582 4226 4221
f 4582 4227 4226
f 4582 4228 4227
f 4582 4221 4581
f 4577 4203 4202
f 4577 4204 4203
f 4577 4205 4204
f 4577 4578 4205
f 4245 4249 4246
f 4186 4183 4184
f 4186 4184 4185
f 4583 4228 4582
f 4583 4229 4228
f 4583 4234 4229
f 4576 4197 4196
f 4576 4577 4202
f 4576 4202 4197
f 4250 4249 4245
f 4250 4247 4248
f 4250 4248 4249
f 4181 4185 4182
f 4181 4186 4185
f 4584 4235 4234
f 4584 4236 4235
f 4584 4234 4583
f 4575 4195 4194
f 4575 4196 4195
f 4575 4576 4196
f 4585 4236 4584
f 4585 4237 4236
f 4585 4242 4237
f 4574 4189 4188
f 4574 4194 4189
f 4574 4575 4194
f 4178 4175 4176
f 4253 4256 4257
f 4253 4257 4254
f 4586 4242 4585
f 4586 4243 4242
f 4586 4244 4243
f 4586 4245 4244
f 4573 4187 4186
f 4573 4188 4187
f 4573 4574 4188
f 4573 4186 4181
f 4173 4178 4176
f 4173 4176 4177
f 4173 4177 4174
f 4258 4256 4253
f 4258 4255 4256
f 4587 4245 4586
f 4587 4250 4245
f 4587 4251 4250
f 4572 4181 4180
f 4572 4573 4181
f 4572 4180 4179
f 4588 4251 4587
f 4588 4252 4251
f 4588 4253 4252
f 4261 4264 4265
f 4261 4265 4262
f 4170 4167 4168
f 4170 4168 4169
f 4571 4178 4173
f 4571 4572 4179
f 4571 4179 4178
f 4266 4263 4264
f 4266 4264 4261
f 4165 4169 4166
f 4165 4170 4169
f 4589 4258 4253
f 4589 4259 4258
f 4589 4253 4588
f 4570 4571 4173
f 4570 4172 4171
f 4570 4173 4172
f 4590 4259 4589
f 4590 4260 4259
f 4590 4261 4260
f 4269 4272 4273
f 4269 4273 4270
f 4162 4159 4160
f 4162 4160 4161
f 4569 4570 4171
f 4569 4170 4165
f 4569 4171 4170
f 4591 4267 4266
f 4591 4268 4267
f 4591 4266 4261
f 4591 4261 4590
f 4274 4272 4269
f 4274 4271 4272
f 4157 4162 4161
f 4157 4161 4158
f 4568 4163 4162
f 4568 4164 4163
f 4568 4165 4164
f 4568 4569 4165
f 4592 4274 4269
f 4592 4268 4591
f 4592 4269 4268
f 4154 4151 4152
f 4277 4281 4278
f 4567 4162 4157
f 4567 4568 4162
f 4567 4157 4156
f 4593 4274 4592
f 4593 4275 4274
f 4593 4276 4275
f 4282 4281 4277
f 4282 4279 4280
f 4282 4280 4281
f 4149 4154 4152
f 4149 4152 4153
f 4149 4153 4150
f 4566 4567 4156
f 4566 4155 4154
f 4566 4156 4155
f 4594 4282 4277
f 4594 4276 4593
f 4594 4277 4276
f 4146 4143 4144
f 4146 4144 4145
f 4285 4288 4289
f 4285 4289 4286
f 4565 4149 4148
f 4565 4154 4149
f 4565 4566 4154
f 4595 4283 4282
f 4595 4284 4283
f 4595 4285 4284
f 4595 4282 4594
f 4290 4287 4288
f 4290 4288 4285
f 4141 4146 4145
f 4141 4145 4142
f 4564 4146 4141
f 4564 4147 4146
f 4564 4148 4147
f 4564 4565 4148
f 4596 4285 4595
f 4596 4291 4290
f 4596 4290 4285
f 4138 4135 4136
f 4293 4297 4294
f 4563 4140 4139
f 4563 4141 4140
f 4563 4564 4141
f 4597 4292 4291
f 4597 4293 4292
f 4597 4291 4596
f 4133 4138 4136
f 4133 4136 4137
f 4133 4137 4134
f 4298 4295 4296
f 4298 4296 4297
f 4298 4297 4293
f 4562 4563 4139
f 4562 4139 4138
f 4562 4138 4133
f 4598 4299 4298
f 4598 4293 4597
f 4598 4298 4293
f 4301 4305 4302
f 4130 4127 4128
f 4130 4128 4129
f 4561 4132 4131
f 4561 4133 4132
f 4561 4562 4133
f 4125 4129 4126
f 4125 4130 4129
f 4306 4303 4304
f 4306 4304 4305
f 4306 4305 4301
f 4599 4300 4299
f 4599 4301 4300
f 4599 4299 4598
f 4599 4306 4301
f 4560 4125 4124
f 4560 4131 4130
f 4560 4561 4131
f 4560 4130 4125
f 4600 4307 4306
f 4600 4308 4307
f 4600 4306 4599
f 4122 4119 4120
f 4122 4120 4121
f 4309 4313 4310
f 4559 4123 4122
f 4559 4124 4123
f 4559 4560 4124
f 4117 4122 4121
f 4117 4121 4118
f 4314 4313 4309
f 4314 4311 4312
f 4314 4312 4313
f 4601 4308 4600
f 4601 4314 4309
f 4601 4309 4308
f 4558 4122 4117
f 4558 4559 4122
f 4558 4117 4116
f 4602 4314 4601
f 4602 4315 4314
f 4602 4316 4315
f 4317 4321 4318
f 4114 4111 4112
f 4557 4558 4116
f 4557 4115 4114
f 4557 4116 4115
f 4109 4112 4113
f 4109 4113 4110
f 4109 4114 4112
f 4322 4319 4320
f 4322 4320 4321
f 4322 4321 4317
f 4603 4317 4316
f 4603 4316 4602
f 4603 4322 4317
f 4556 4557 4114
f 4556 4109 4108
f 4556 4114 4109
f 4107 4556 4108
f 4604 4323 4322
f 4604 4324 4323
f 4604 4322 4603
f 4325 4329 4326
f 4325 4324 4604
f 4106 4103 4104
f 4328 4329 4325
f 4105 4106 4104
f 4555 4107 4106
f 4555 4556 4107
f 4101 4106 4105
f 4101 4105 4102
f 4101 4555 4106
f 4330 4328 4325
f 4330 4327 4328
f 4605 4330 4325
f 4605 4325 4604
f 4331 4330 4605
f 4554 4555 4101
f 4554 4101 4100
f 4099 4554 4100
f 4333 4337 4334
f 4098 4095 4096
f 4606 4331 4605
f 4606 4332 4331
f 4606 4333 4332
f 4553 4099 4098
f 4553 4554 4099
f 4338 4337 4333
f 4338 4335 4336
f 4338 4336 4337
f 4093 4096 4097
f 4093 4097 4094
f 4093 4098 4096
f 4093 4553 4098
f 4607 4333 4606
f 4607 4338 4333
f 4607 4339 4338
f 4552 4092 4091
f 4552 4093 4092
f 4552 4553 4093
f 4341 4345 4342
f 4090 4087 4088
f 4090 4552 4091
f 4608 4340 4339
f 4608 4339 4607
f 4608 4341 4340
f 4346 4345 4341
f 4346 4341 4608
f 4346 4343 4344
f 4346 4344 4345
f 4085 4088 4089
f 4085 4089 4086
f 4085 4090 4088
f 4551 4552 4090
f 4551 4090 4085
f 4084 4551 4085
f 4609 4347 4346
f 4609 4346 4608
f 4348 4347 4609
f 4550 4084 4083
f 4550 4551 4084
f 4082 4550 4083
f 4080 4082 4079
f 4353 4350 4349
f 4610 4348 4609
f 4610 4349 4348
f 4077 4080 4081
f 4077 4081 4078
f 4077 4082 4080
f 4354 4353 4349
f 4354 4349 4610
f 4354 4351 4352
f 4354 4352 4353
f 4549 4082 4077
f 4549 4550 4082
f 4076 4549 4077
f 4611 4354 4610
f 4611 4355 4354
f 4356 4355 4611
f 4548 4549 4076
f 4548 4076 4075
f 4074 4548 4075
f 4072 4074 4071
f 4361 4358 4357
f 4612 4356 4611
f 4612 4357 4356
f 4362 4361 4357
f 4362 4357 4612
f 4362 4359 4360
f 4362 4360 4361
f 4069 4074 4072
f 4069 4072 4073
f 4069 4073 4070
f 4547 4548 4074
f 4547 4074 4069
f 4068 4547 4069
f 4067 4547 4068
f 4613 4362 4612
f 4613 4363 4362
f 4613 4364 4363
f 4365 4364 4613
f 4064 4066 4063
f 4369 4366 4365
f 4546 4547 4067
f 4546 4067 4066
f 4368 4369 4365
f 4061 4064 4065
f 4061 4065 4062
f 4061 4066 4064
f 4061 4546 4066
f 4370 4367 4368
f 4370 4368 4365
f 4614 4370 4365
f 4614 4365 4613
f 4371 4370 4614
f 4545 4546 4061
f 4545 4061 4060
f 4059 4545 4060
f 4615 4371 4614
f 4615 4372 4371
f 4373 4372 4615
f 4377 4374 4373
f 4056 4058 4055
f 4544 4545 4059
f 4544 4059 4058
f 4376 4377 4373
f 4378 4376 4373
f 4378 4375 4376
f 4053 4058 4056
f 4053 4544 4058
f 4053 4056 4057
f 4053 4057 4054
f 4616 4373 4615
f 4616 4378 4373
f 4379 4378 4616
f 4543 4544 4053
f 4543 4053 4052
f 4051 4543 4052
f 4617 4379 4616
f 4617 4380 4379
f 4050 4543 4051
f 4381 4380 4617
f 4385 4382 4381
f 4048 4050 4047
f 4542 4543 4050
f 4386 4383 4384
f 4386 4384 4385
f 4386 4381 4617
f 4386 4385 4381
f 4045 4048 4049
f 4045 4049 4046
f 4045 4050 4048
f 4045 4542 4050
f 4618 4386 4617
f 4387 4386 4618
f 4044 4542 4045
f 4541 4542 4044
f 4388 4387 4618
f 4043 4541 4044
f 4042 4541 4043
f 4619 4389 4388
f 4619 4388 4618
f 4393 4390 4389
f 4040 4042 4039
f 4041 4042 4040
f 4540 4541 4042
f 4394 4392 4393
f 4394 4393 4389
f 4394 4389 4619
f 4391 4392 4394
f 4037 4042 4041
f 4037 4540 4042
f 4038 4037 4041
f 4036 4540 4037
f 4620 4395 4394
f 4620 4394 4619
f 4396 4395 4620
f 4539 4540 4036
f 4539 4036 4035
f 4034 4539 4035
f 4621 4397 4396
f 4621 4396 4620
f 4032 4034 4031
f 4401 4398 4397
f 4033 4034 4032
f 4402 4400 4401
f 4402 4401 4397
f 4402 4397 4621
f 4029 4034 4033
f 4030 4029 4033
f 4399 4400 4402
f 4538 4539 4034
f 4538 4034 4029
f 4028 4538 4029
f 4622 4403 4402
f 4622 4402 4621
f 4404 4403 4622
f 4027 4538 4028
f 4537 4538 4027
f 4405 4404 4622
f 4026 4537 4027
f 4024 4026 4023
f 4409 4406 4405
f 4623 4405 4622
f 4410 4408 4409
f 4410 4409 4405
f 4410 4405 4623
f 4021 4024 4025
f 4021 4537 4026
f 4021 4026 4024
f 4022 4021 4025
f 4407 4408 4410
f 4536 4537 4021
f 4411 4410 4623
f 4020 4536 4021
f 4624 4411 4623
f 4412 4411 4624
f 4019 4536 4020
f 4535 4536 4019
f 4018 4535 4019
f 4413 4412 4624
f 4417 4414 4413
f 4016 4018 4015
f 4625 4413 4624
f 4013 4535 4018
f 4013 4018 4016
f 4013 4016 4017
f 4418 4417 4413
f 4418 4413 4625
f 4418 4416 4417
f 4415 4416 4418
f 4014 4013 4017
f 4534 4535 4013
f 4419 4418 4625
f 4012 4534 4013
f 4011 4534 4012
f 4626 4420 4419
f 4626 4419 4625
f 4421 4420 4626
f 4010 4534 4011
f 4533 4534 4010
f 4008 4010 4007
f 4425 4422 4421
f 4009 4010 4008
f 4426 4425 4421
f 4426 4424 4425
f 4426 4421 4626
f 4005 4533 4010
f 4005 4010 4009
f 4627 4426 4626
f 4423 4424 4426
f 4006 4005 4009
f 4427 4426 4627
f 4004 4533 4005
f 4532 4533 4004
f 4428 4427 4627
f 4003 4532 4004
f 4628 4428 4627
f 4002 4532 4003
f 4429 4428 4628
f 4531 4532 4002
f 4433 4430 4429
f 4000 4002 3999
f 4001 4002 4000
f 3997 4002 4001
f 3997 4531 4002
f 4434 4433 4429
f 4434 4432 4433
f 4434 4429 4628
f 4629 4434 4628
f 4431 4432 4434
f 3998 3997 4001
f 4435 4434 4629
f 3996 4531 3997
f 4530 4531 3996
f 4436 4435 4629
f 3995 4530 3996
f 4630 4436 4629
f 4437 4436 4630
f 3994 4530 3995
f 4529 4530 3994
f 3992 3994 3991
f 4441 4438 4437
f 4442 4437 4630
f 3989 4529 3994
f 4440 4441 4437
f 4440 4437 4442
f 3993 3994 3992
f 3993 3989 3994
f 3990 3989 3993
f 4439 4440 4442
f 4631 4442 4630
f 4443 4442 4631
f 3988 4529 3989
f 3987 4528 4529
f 3987 4529 3988
f 4444 4443 4631
f 4445 4444 4631
f 3986 4528 3987
f 4632 4445 4631
f 4449 4446 4445
f 3984 3986 3983
f 4450 4445 4632
f 3981 4527 4528
f 3981 4528 3986
f 3985 3986 3984
f 3985 3981 3986
f 4448 4449 4445
f 4448 4445 4450
f 3982 3981 3985
f 4447 4448 4450
f 4451 4450 4632
f 3980 4527 3981
f 4633 4451 4632
f 3979 4527 3980
f 4452 4451 4633
f 4526 4527 3979
f 3978 4526 3979
f 4453 4452 4633
f 4634 4453 4633
f 3976 3978 3975
f 4457 4454 4453
f 4458 4453 4634
f 3973 4526 3978
f 3973 3978 3976
f 4525 4526 3973
f 4456 4453 4458
f 4456 4457 4453
f 3977 3973 3976
f 4455 4456 4458
f 3974 3973 3977
f 3972 4525 3973
f 4459 4458 4634
f 4635 4459 4634
f 3971 4525 3972
f 4460 4459 4635
f 3970 4524 4525
f 3970 4525 3971
f 4461 4460 4635
f 3968 3970 3967
f 4465 4462 4461
f 4466 4461 4635
f 4466 4635 4636
f 3965 4524 3970
f 3969 3970 3968
f 3969 3965 3970
f 4464 4465 4461
f 4464 4461 4466
f 3966 3965 3969
f 4463 4464 4466
f 4467 4466 4636
f 3964 4523 4524
f 3964 4524 3965
f 4468 4636 4637
f 4468 4467 4636
f 3963 4523 3964
f 3962 4522 4523
f 3962 4523 3963
f 4469 4468 4637
f 3957 4522 3962
f 4474 4637 4638
f 4474 4469 4637
f 3960 3957 3962
f 3960 3962 3959
f 4473 4470 4469
f 3961 3957 3960
f 4472 4469 4474
f 4472 4473 4469
f 3956 4521 4522
f 3956 4522 3957
f 4475 4474 4638
f 3958 3957 3961
f 4471 4472 4474
f 3955 4521 3956
f 4476 4638 4481
f 4476 4475 4638
f 3954 4521 3955
f 4477 4476 4481
f 3777 4477 4481
f 3949 4521 3954
f 3949 4520 4521
f 4479 4477 3777
f 4479 4478 4477
f 3952 3954 3951
f 4480 4479 3777
f 3953 3949 3954
f 3953 3954 3952
f 3779 3777 4481
f 3779 4481 4482
f 3948 4520 3949
f 3778 4480 3777
f 3950 3949 3953
f 3780 3779 4482
f 3947 4519 4520
f 3947 4520 3948
f 3946 4519 3947
f 3781 3780 4482
f 3781 4482 4483
f 3941 4518 4519
f 3941 4519 3946
f 3786 3781 4483
f 3785 3782 3781
f 3944 3946 3943
f 3945 3946 3944
f 3945 3941 3946
f 3784 3785 3781
f 3784 3781 3786
f 3787 4483 4484
f 3787 3786 4483
f 3940 4518 3941
f 3942 3941 3945
f 3783 3784 3786
f 3939 4517 4518
f 3939 4518 3940
f 3788 3787 4484
f 3789 4484 4485
f 3789 3788 4484
f 3938 4517 3939
f 3933 4517 3938
f 3933 4516 4517
f 3794 3789 4485
f 3793 3790 3789
f 3936 3933 3938
f 3936 3938 3935
f 3795 3794 4485
f 3932 4516 3933
f 3792 3789 3794
f 3792 3793 3789
f 3937 3933 3936
f 3791 3792 3794
f 3934 3933 3937
f 3931 4516 3932
f 3796 3795 4485
f 3796 4485 4486
f 3797 3796 4486
f 3930 4515 4516
f 3930 4516 3931
f 3925 4515 3930
f 3802 4486 4487
f 3802 3797 4486
f 3801 3798 3797
f 3928 3930 3927
f 3924 4514 4515
f 3924 4515 3925
f 3803 3802 4487
f 3929 3925 3930
f 3929 3930 3928
f 3800 3797 3802
f 3800 3801 3797
f 3923 4514 3924
f 3804 4487 4488
f 3804 3803 4487
f 3926 3925 3929
f 3799 3800 3802
f 3805 3804 4488
f 3922 4513 4514
f 3922 4514 3923
f 3810 4488 4489
f 3810 3805 4488
f 3917 4513 3922
f 3916 4512 4513
f 3916 4513 3917
f 3811 3810 4489
f 3809 3806 3805
f 3809 3805 3810
f 3920 3922 3919
f 3808 3809 3810
f 3921 3922 3920
f 3921 3917 3922
f 3812 3811 4489
f 3915 4512 3916
f 3807 3808 3810
f 3918 3917 3921
f 3813 4489 4490
f 3813 3812 4489
f 3914 4512 3915
f 3818 3813 4490
f 3909 4512 3914
f 3909 4511 4512
f 3908 4511 3909
f 3819 4490 4491
f 3819 3818 4490
f 3912 3914 3911
f 3912 3909 3914
f 3817 3813 3818
f 3817 3814 3813
f 3907 4510 4511
f 3907 4511 3908
f 3820 3819 4491
f 3913 3909 3912
f 3816 3817 3818
f 3815 3816 3818
f 3910 3909 3913
f 3906 4510 3907
f 3821 3820 4491
f 3821 4491 4492
f 3901 4509 4510
f 3901 4510 3906
f 3826 3821 4492
f 3827 4492 4493
f 3827 3826 4492
f 3900 4509 3901
f 3828 3827 4493
f 3899 4508 4509
f 3899 4509 3900
f 3904 3906 3903
f 3904 3901 3906
f 3825 3822 3821
f 3829 4493 4494
f 3829 3828 4493
f 3898 4508 3899
f 3824 3821 3826
f 3824 3825 3821
f 3905 3901 3904
f 3902 3901 3905
f 3823 3824 3826
f 3834 3829 4494
f 3893 4508 3898
f 3893 4507 4508
f 3892 4507 3893
f 3835 3834 4494
f 3836 4494 4495
f 3836 3835 4494
f 3891 4507 3892
f 3890 4506 4507
f 3890 4507 3891
f 3837 3836 4495
f 3833 3830 3829
f 3833 3829 3834
f 3896 3898 3895
f 3885 4506 3890
f 3842 4495 4496
f 3842 3837 4495
f 3832 3833 3834
f 3897 3893 3898
f 3897 3898 3896
f 3894 3893 3897
f 3831 3832 3834
f 3843 3842 4496
f 3884 4505 4506
f 3884 4506 3885
f 3844 4496 4497
f 3844 3843 4496
f 3883 4505 3884
f 3845 3844 4497
f 3882 4504 4505
f 3882 4505 3883
f 3850 4497 4498
f 3850 3845 4497
f 3877 4504 3882
f 3876 4503 4504
f 3876 4504 3877
f 3851 3850 4498
f 3852 3851 4498
f 3875 4503 3876
f 3841 3838 3837
f 3888 3890 3887
f 3853 3852 4498
f 3853 4498 4499
f 3874 4503 3875
f 3840 3837 3842
f 3840 3841 3837
f 3889 3885 3890
f 3889 3890 3888
f 3858 3853 4499
f 3869 4503 3874
f 3869 4502 4503
f 3886 3885 3889
f 3839 3840 3842
f 3859 3858 4499
f 3859 4499 4500
f 3868 4502 3869
f 3867 4502 3868
f 3867 4501 4502
f 3860 3859 4500
f 3866 4501 3867
f 3861 4500 4501
f 3861 3860 4500
f 3861 4501 3866
f 3880 3882 3879
f 3849 3846 3845
f 3881 3877 3882
f 3881 3882 3880
f 3848 3845 3850
f 3848 3849 3845
f 3878 3877 3881
f 3847 3848 3850
f 3872 3869 3874
f 3872 3874 3871
f 3857 3853 3858
f 3857 3854 3853
f 3873 3869 3872
f 3856 3857 3858
f 3855 3856 3858
f 3870 3869 3873
f 3864 3866 3863
f 3865 3861 3866
f 3865 3866 3864
f 3865 3862 3861
f 4642 4640 4639
f 4642 4639 4641
f 4646 4644 4643
f 4646 4643 4645
f 4650 4648 4647
f 4650 4647 4649
f 4654 4652 4651
f 4654 4651 4653
f 4658 4656 4655
f 4658 4655 4657
f 4662 4660 4659
f 4662 4659 4661
f 4666 4664 4663
f 4666 4663 4665
f 4670 4668 4667
f 4670 4667 4669
f 4674 4672 4671
f 4674 4671 4673
f 4678 4676 4675
f 4678 4675 4677
f 4682 4680 4679
f 4682 4679 4681
f 4686 4684 4683
f 4686 4683 4685
f 4690 4688 4687
f 4690 4687 4689
f 4694 4692 4691
f 4694 4691 4693
f 4698 4696 4695
f 4698 4695 4697
f 4702 4700 4699
f 4702 4699 4701
f 4706 4704 4703
f 4706 4703 4705
f 4710 4708 4707
f 4710 4707 4709
f 4714 4712 4711
f 4714 4711 4713
f 4718 4716 4715
f 4718 4715 4717
f 4722 4720 4719
f 4722 4719 4721
f 4726 4724 4723
f 4726 4723 4725
f 4730 4728 4727
f 4730 4727 4729
f 4734 4732 4731
f 4734 4731 4733
f 4738 4736 4735
f 4738 4735 4737
f 4742 4740 4739
f 4742 4739 4741
f 4745 4744 4743
f 4746 4744 4745
f 4750 4748 4747
f 4750 4747 4749
f 4754 4752 4751
f 4754 4751 4753
f 4758 4756 4755
f 4758 4755 4757
f 4762 4760 4759
f 4762 4759 4761
f 4766 4764 4763
f 4766 4763 4765
f 4769 4768 4767
f 4770 4768 4769
f 4774 4772 4771
f 4774 4771 4773
f 4778 4776 4775
f 4778 4775 4777
f 4782 4780 4779
f 4782 4779 4781
f 4786 4784 4783
f 4786 4783 4785
f 4790 4788 4787
f 4790 4787 4789
f 4794 4792 4791
f 4794 4791 4793
f 4798 4796 4795
f 4798 4795 4797
f 4802 4800 4799
f 4802 4799 4801
f 4806 4804 4803
f 4806 4803 4805
f 4809 4808 4807
f 4810 4808 4809
f 4814 4812 4811
f 4814 4811 4813
f 4818 4816 4815
f 4818 4815 4817
f 4822 4820 4819
f 4822 4819 4821
f 4826 4824 4823
f 4826 4823 4825
f 4830 4828 4827
f 4830 4827 4829
f 4831 4990 5148
f 4832 5148 5147
f 4832 4831 5148
f 4833 5147 5146
f 4833 4832 5147
f 4834 5146 5145
f 4834 4833 5146
f 4835 5145 5144
f 4835 4834 5145
f 4836 5144 5143
f 4836 4835 5144
f 4837 5143 5142
f 4837 4836 5143
f 4838 5142 5141
f 4838 4837 5142
f 4839 5141 5140
f 4839 4838 5141
f 4840 5140 5139
f 4840 4839 5140
f 4841 5139 5138
f 4841 4840 5139
f 4842 5138 5137
f 4842 4841 5138
f 4843 5137 5136
f 4843 4842 5137
f 4844 5136 5135
f 4844 4843 5136
f 4845 5135 5134
f 4845 4844 5135
f 4846 4845 5134
f 4846 5134 5133
f 4847 4846 5133
f 4847 5133 5132
f 4848 4847 5132
f 4848 5132 5131
f 4849 4848 5131
f 4849 5131 5130
f 4850 5130 5129
f 4850 4849 5130
f 4851 4850 5129
f 4851 5129 5128
f 4852 4851 5128
f 4852 5128 5127
f 4853 4852 5127
f 4853 5127 5126
f 4854 4853 5126
f 4854 5126 5125
f 4855 4854 5125
f 4855 5125 5124
f 4856 4855 5124
f 4856 5124 5123
f 4857 4856 5123
f 4857 5123 5122
f 4858 4857 5122
f 4858 5122 5121
f 4859 4858 5121
f 4859 5121 5120
f 4860 4859 5120
f 4860 5120 5119
f 4861 4860 5119
f 4861 5119 5118
f 4862 4861 5118
f 4862 5118 5117
f 4863 4862 5117
f 4863 5117 5116
f 4864 4863 5116
f 4864 5116 5115
f 4865 4864 5115
f 4865 5115 5114
f 4866 4865 5114
f 4866 5114 5113
f 4867 4866 5113
f 4867 5113 5112
f 4868 4867 5112
f 4868 5112 5111
f 4869 4868 5111
f 4869 5111 5110
f 4870 4869 5110
f 4871 5109 5108
f 4871 5110 5109
f 4871 4870 5110
f 4872 4871 5108
f 4873 5107 5106
f 4873 5108 5107
f 4873 4872 5108
f 4874 4873 5106
f 4875 5105 5104
f 4875 5106 5105
f 4875 4874 5106
f 4876 5104 5103
f 4876 4875 5104
f 4877 5103 5102
f 4877 4876 5103
f 4878 4877 5102
f 4878 5102 5101
f 4879 4878 5101
f 4879 5101 5100
f 4880 4879 5100
f 4880 5100 5099
f 4881 4880 5099
f 4882 4881 5099
f 4882 5099 5098
f 4883 4882 5098
f 4883 5097 5096
f 4883 5098 5097
f 4884 4883 5096
f 4884 5096 5095
f 4885 4884 5095
f 4885 5095 5094
f 4886 4885 5094
f 4886 5094 5093
f 4887 4886 5093
f 4888 4887 5093
f 4888 5092 5091
f 4888 5093 5092
f 4889 4888 5091
f 4890 4889 5091
f 4890 5090 5089
f 4890 5091 5090
f 4891 5089 5088
f 4891 4890 5089
f 4892 5088 5087
f 4892 4891 5088
f 4893 5087 5086
f 4893 4892 5087
f 4894 4893 5086
f 4895 5086 5085
f 4895 4894 5086
f 4896 5084 5083
f 4896 5085 5084
f 4896 4895 5085
f 4897 4896 5083
f 4898 5082 5081
f 4898 5083 5082
f 4898 4897 5083
f 4899 4898 5081
f 4900 5080 5079
f 4900 5081 5080
f 4900 4899 5081
f 4901 4900 5079
f 4902 4901 5079
f 4902 5078 5077
f 4902 5079 5078
f 4903 4902 5077
f 4904 4903 5077
f 4904 5076 5075
f 4904 5077 5076
f 4905 4904 5075
f 4906 4905 5075
f 4906 5075 5074
f 4907 4906 5074
f 4907 5074 5073
f 4908 4907 5073
f 4908 5073 5072
f 4909 4908 5072
f 4909 5072 5071
f 4910 4909 5071
f 4910 5070 5069
f 4910 5071 5070
f 4911 4910 5069
f 4912 5069 5068
f 4912 4911 5069
f 4913 5067 5066
f 4913 5068 5067
f 4913 4912 5068
f 4914 5066 5065
f 4914 4913 5066
f 4915 4914 5065
f 4916 5065 5064
f 4916 4915 5065
f 4917 5063 5062
f 4917 5064 5063
f 4917 4916 5064
f 4918 4917 5062
f 4919 5062 5061
f 4919 4918 5062
f 4920 5061 5060
f 4920 4919 5061
f 4921 5059 5058
f 4921 5060 5059
f 4921 4920 5060
f 4922 4921 5058
f 4923 5058 5057
f 4923 4922 5058
f 4924 5056 5055
f 4924 5057 5056
f 4924 4923 5057
f 4925 5055 5054
f 4925 4924 5055
f 4926 5054 5053
f 4926 4925 5054
f 4927 4926 5053
f 4928 4927 5053
f 4928 5052 5051
f 4928 5053 5052
f 4929 4928 5051
f 4930 4929 5051
f 4930 5051 5050
f 4931 5049 5048
f 4931 5050 5049
f 4931 4930 5050
f 4932 4931 5048
f 4933 5048 5047
f 4933 4932 5048
f 4934 5046 5045
f 4934 5047 5046
f 4934 4933 5047
f 4935 4934 5045
f 4936 5045 5044
f 4936 4935 5045
f 4937 5044 5043
f 4937 4936 5044
f 4938 5043 5042
f 4938 4937 5043
f 4939 5041 5040
f 4939 5042 5041
f 4939 4938 5042
f 4940 4939 5040
f 4941 5039 5038
f 4941 5040 5039
f 4941 4940 5040
f 4942 4941 5038
f 4943 5038 5037
f 4943 4942 5038
f 4944 5036 5035
f 4944 5037 5036
f 4944 4943 5037
f 4945 5035 5034
f 4945 4944 5035
f 4946 4945 5034
f 4947 5034 5033
f 4947 4946 5034
f 4948 4947 5033
f 4948 5033 5032
f 4949 4948 5032
f 4949 5031 5030
f 4949 5032 5031
f 4950 4949 5030
f 4951 5030 5029
f 4951 4950 5030
f 4952 4951 5029
f 4952 5028 5027
f 4952 5029 5028
f 4953 4952 5027
f 4953 5027 5026
f 4954 4953 5026
f 4955 4954 5026
f 4955 5026 5025
f 4956 4955 5025
f 4956 5025 5024
f 4957 4956 5024
f 4957 5023 5022
f 4957 5024 5023
f 4958 4957 5022
f 4958 5022 5021
f 4959 4958 5021
f 4960 4959 5021
f 4960 5021 5020
f 4961 4960 5020
f 4961 5020 5019
f 4962 4961 5019
f 4962 5019 5018
f 4963 4962 5018
f 4963 5018 5017
f 4964 4963 5017
f 4964 5017 5016
f 4965 4964 5016
f 4965 5016 5015
f 4966 4965 5015
f 4966 5015 5014
f 4967 4966 5014
f 4967 5014 5013
f 4968 4967 5013
f 4968 5012 5011
f 4968 5013 5012
f 4969 4968 5011
f 4970 4969 5011
f 4970 5010 5009
f 4970 5011 5010
f 4971 4970 5009
f 4972 5008 5007
f 4972 5009 5008
f 4972 4971 5009
f 4973 5007 5006
f 4973 4972 5007
f 4974 4973 5006
f 4975 5006 5005
f 4975 4974 5006
f 4976 5004 5003
f 4976 5005 5004
f 4976 4975 5005
f 4977 4976 5003
f 4978 4977 5003
f 4978 5003 5002
f 4979 4978 5002
f 4979 5002 5001
f 4980 4979 5001
f 4980 5000 4999
f 4980 5001 5000
f 4981 4980 4999
f 4982 4981 4999
f 4982 4999 4998
f 4983 4982 4998
f 4983 4997 4996
f 4983 4998 4997
f 4984 4983 4996
f 4985 4984 4996
f 4985 4996 4995
f 4986 4985 4995
f 4986 4995 4994
f 4987 4986 4994
f 4987 4993 4992
f 4987 4994 4993
f 4988 4987 4992
f 4989 4988 4992
f 4989 4992 4991
f 5405 5406 5208
f 5405 5208 5209
f 5407 5208 5406
f 5407 5206 5207
f 5407 5207 5208
f 5404 5209 5210
f 5404 5405 5209
f 5408 5206 5407
f 5408 5205 5206
f 5403 5404 5210
f 5403 5210 5211
f 5409 5205 5408
f 5402 5403 5211
f 5402 5211 5212
f 5410 5204 5205
f 5410 5205 5409
f 5401 5402 5212
f 5401 5212 5213
f 5411 5204 5410
f 5411 5202 5203
f 5411 5203 5204
f 5400 5401 5213
f 5400 5213 5214
f 5412 5202 5411
f 5412 5201 5202
f 5399 5400 5214
f 5399 5214 5215
f 5413 5201 5412
f 5413 5200 5201
f 5398 5399 5215
f 5398 5215 5216
f 5414 5200 5413
f 5414 5199 5200
f 5397 5398 5216
f 5397 5216 5217
f 5415 5199 5414
f 5396 5397 5217
f 5396 5217 5218
f 5416 5197 5198
f 5416 5198 5199
f 5416 5199 5415
f 5395 5396 5218
f 5395 5218 5219
f 5417 5197 5416
f 5417 5196 5197
f 5394 5395 5219
f 5394 5219 5220
f 5418 5195 5196
f 5418 5196 5417
f 5393 5394 5220
f 5393 5220 5221
f 5419 5194 5195
f 5419 5195 5418
f 5392 5393 5221
f 5392 5221 5222
f 5420 5194 5419
f 5391 5392 5222
f 5391 5222 5223
f 5421 5192 5193
f 5421 5193 5194
f 5421 5194 5420
f 5390 5391 5223
f 5390 5223 5224
f 5422 5192 5421
f 5389 5390 5224
f 5389 5224 5225
f 5423 5190 5191
f 5423 5191 5192
f 5423 5192 5422
f 5388 5225 5226
f 5388 5389 5225
f 5424 5190 5423
f 5387 5226 5227
f 5387 5388 5226
f 5425 5189 5190
f 5425 5190 5424
f 5386 5227 5228
f 5386 5387 5227
f 5426 5187 5188
f 5426 5188 5189
f 5426 5189 5425
f 5385 5228 5229
f 5385 5386 5228
f 5427 5187 5426
f 5427 5186 5187
f 5384 5385 5229
f 5384 5229 5230
f 5428 5186 5427
f 5428 5185 5186
f 5383 5384 5230
f 5383 5230 5231
f 5429 5185 5428
f 5382 5383 5231
f 5382 5231 5232
f 5430 5185 5429
f 5430 5184 5185
f 5381 5382 5232
f 5381 5232 5233
f 5431 5184 5430
f 5431 5183 5184
f 5380 5381 5233
f 5380 5233 5234
f 5432 5181 5182
f 5432 5182 5183
f 5432 5183 5431
f 5379 5380 5234
f 5379 5234 5235
f 5433 5180 5181
f 5433 5181 5432
f 5378 5379 5235
f 5378 5235 5236
f 5434 5180 5433
f 5377 5378 5236
f 5377 5236 5237
f 5435 5179 5180
f 5435 5180 5434
f 5376 5377 5237
f 5376 5237 5238
f 5436 5177 5178
f 5436 5178 5179
f 5436 5179 5435
f 5375 5376 5238
f 5375 5238 5239
f 5437 5177 5436
f 5374 5375 5239
f 5374 5239 5240
f 5374 5240 5241
f 5438 5176 5177
f 5438 5177 5437
f 5373 5374 5241
f 5373 5241 5242
f 5439 5175 5176
f 5439 5176 5438
f 5372 5373 5242
f 5440 5173 5174
f 5440 5174 5175
f 5440 5175 5439
f 5371 5372 5242
f 5371 5242 5243
f 5441 5172 5173
f 5441 5173 5440
f 5370 5371 5243
f 5370 5243 5244
f 5442 5172 5441
f 5369 5370 5244
f 5369 5244 5245
f 5443 5172 5442
f 5443 5171 5172
f 5368 5369 5245
f 5368 5245 5246
f 5444 5171 5443
f 5444 5170 5171
f 5247 5368 5246
f 5367 5368 5247
f 5169 5170 5444
f 5445 5169 5444
f 5366 5367 5247
f 5248 5366 5247
f 5168 5169 5445
f 5168 5445 5446
f 5365 5366 5248
f 5249 5365 5248
f 5167 5168 5446
f 5167 5446 5447
f 5250 5364 5365
f 5250 5365 5249
f 5166 5167 5447
f 5166 5447 5448
f 5251 5363 5364
f 5251 5364 5250
f 5165 5166 5448
f 5165 5448 5449
f 5252 5362 5363
f 5252 5363 5251
f 5164 5165 5449
f 5164 5449 5450
f 5164 5450 5451
f 5253 5361 5362
f 5253 5362 5252
f 5163 5164 5451
f 5254 5359 5360
f 5254 5360 5361
f 5254 5361 5253
f 5162 5451 5452
f 5162 5163 5451
f 5255 5359 5254
f 5161 5452 5453
f 5161 5162 5452
f 5256 5359 5255
f 5256 5357 5358
f 5256 5358 5359
f 5160 5453 5454
f 5160 5161 5453
f 5257 5357 5256
f 5159 5454 5455
f 5159 5160 5454
f 5258 5356 5357
f 5258 5357 5257
f 5158 5455 5456
f 5158 5159 5455
f 5259 5354 5355
f 5259 5355 5356
f 5259 5356 5258
f 5157 5456 5457
f 5157 5158 5456
f 5260 5354 5259
f 5156 5457 5458
f 5156 5157 5457
f 5261 5352 5353
f 5261 5353 5354
f 5261 5354 5260
f 5155 5458 5459
f 5155 5156 5458
f 5262 5351 5352
f 5262 5352 5261
f 5154 5459 5460
f 5154 5155 5459
f 5263 5350 5351
f 5263 5351 5262
f 5153 5460 5461
f 5153 5154 5460
f 5264 5350 5263
f 5152 5461 5462
f 5152 5153 5461
f 5265 5350 5264
f 5265 5348 5349
f 5265 5349 5350
f 5151 5462 5463
f 5151 5152 5462
f 5266 5348 5265
f 5150 5463 5464
f 5150 5151 5463
f 5267 5348 5266
f 5267 5346 5347
f 5267 5347 5348
f 5149 5464 5307
f 5149 5150 5464
f 5268 5346 5267
f 5306 5149 5307
f 5306 5307 5308
f 5269 5346 5268
f 5269 5344 5345
f 5269 5345 5346
f 5305 5306 5308
f 5305 5308 5309
f 5270 5344 5269
f 5270 5343 5344
f 5304 5309 5310
f 5304 5305 5309
f 5271 5343 5270
f 5271 5342 5343
f 5303 5310 5311
f 5303 5304 5310
f 5272 5342 5271
f 5302 5311 5312
f 5302 5303 5311
f 5273 5342 5272
f 5273 5340 5341
f 5273 5341 5342
f 5301 5312 5313
f 5301 5302 5312
f 5274 5340 5273
f 5300 5313 5314
f 5300 5301 5313
f 5275 5340 5274
f 5275 5339 5340
f 5299 5314 5315
f 5299 5300 5314
f 5276 5337 5338
f 5276 5338 5339
f 5276 5339 5275
f 5298 5299 5315
f 5298 5315 5316
f 5277 5336 5337
f 5277 5337 5276
f 5297 5316 5317
f 5297 5298 5316
f 5278 5336 5277
f 5296 5317 5318
f 5296 5297 5317
f 5279 5336 5278
f 5279 5335 5336
f 5295 5318 5319
f 5295 5296 5318
f 5280 5335 5279
f 5280 5333 5334
f 5280 5334 5335
f 5294 5295 5319
f 5294 5319 5320
f 5281 5333 5280
f 5293 5294 5320
f 5293 5320 5321
f 5282 5333 5281
f 5282 5331 5332
f 5282 5332 5333
f 5292 5293 5321
f 5292 5321 5322
f 5292 5322 5323
f 5283 5331 5282
f 5283 5330 5331
f 5291 5292 5323
f 5284 5330 5283
f 5284 5329 5330
f 5290 5291 5323
f 5290 5323 5324
f 5285 5329 5284
f 5289 5290 5324
f 5289 5324 5325
f 5286 5329 5285
f 5286 5328 5329
f 5288 5289 5325
f 5288 5325 5326
f 5287 5328 5286
f 5287 5288 5326
f 5287 5326 5327
f 5287 5327 5328
f 5465 5624 5782
f 5466 5782 5781
f 5466 5465 5782
f 5467 5781 5780
f 5467 5466 5781
f 5468 5780 5779
f 5468 5467 5780
f 5469 5779 5778
f 5469 5468 5779
f 5470 5778 5777
f 5470 5469 5778
f 5471 5777 5776
f 5471 5470 5777
f 5472 5776 5775
f 5472 5471 5776
f 5473 5775 5774
f 5473 5472 5775
f 5474 5774 5773
f 5474 5473 5774
f 5475 5773 5772
f 5475 5474 5773
f 5476 5772 5771
f 5476 5475 5772
f 5477 5771 5770
f 5477 5476 5771
f 5478 5770 5769
f 5478 5477 5770
f 5479 5769 5768
f 5479 5478 5769
f 5480 5479 5768
f 5480 5768 5767
f 5481 5480 5767
f 5481 5767 5766
f 5482 5481 5766
f 5482 5766 5765
f 5483 5482 5765
f 5483 5765 5764
f 5484 5764 5763
f 5484 5483 5764
f 5485 5484 5763
f 5485 5763 5762
f 5486 5485 5762
f 5486 5762 5761
f 5487 5486 5761
f 5487 5761 5760
f 5488 5487 5760
f 5488 5760 5759
f 5489 5488 5759
f 5489 5759 5758
f 5490 5489 5758
f 5490 5758 5757
f 5491 5490 5757
f 5491 5757 5756
f 5492 5491 5756
f 5492 5756 5755
f 5493 5492 5755
f 5493 5755 5754
f 5494 5493 5754
f 5494 5754 5753
f 5495 5494 5753
f 5495 5753 5752
f 5496 5495 5752
f 5496 5752 5751
f 5497 5496 5751
f 5498 5497 5751
f 5498 5750 5749
f 5498 5751 5750
f 5499 5498 5749
f 5499 5749 5748
f 5500 5499 5748
f 5501 5500 5748
f 5501 5747 5746
f 5501 5748 5747
f 5502 5501 5746
f 5502 5746 5745
f 5503 5502 5745
f 5503 5745 5744
f 5504 5503 5744
f 5505 5744 5743
f 5505 5504 5744
f 5506 5742 5741
f 5506 5743 5742
f 5506 5505 5743
f 5507 5741 5740
f 5507 5506 5741
f 5508 5507 5740
f 5509 5739 5738
f 5509 5740 5739
f 5509 5508 5740
f 5510 5509 5738
f 5511 5510 5738
f 5511 5738 5737
f 5512 5511 5737
f 5512 5736 5735
f 5512 5737 5736
f 5513 5512 5735
f 5513 5735 5734
f 5514 5513 5734
f 5515 5514 5734
f 5515 5734 5733
f 5516 5515 5733
f 5516 5732 5731
f 5516 5733 5732
f 5517 5516 5731
f 5518 5517 5731
f 5518 5731 5730
f 5519 5518 5730
f 5519 5730 5729
f 5520 5519 5729
f 5520 5728 5727
f 5520 5729 5728
f 5521 5520 5727
f 5522 5521 5727
f 5522 5726 5725
f 5522 5727 5726
f 5523 5522 5725
f 5524 5523 5725
f 5524 5725 5724
f 5525 5724 5723
f 5525 5524 5724
f 5526 5722 5721
f 5526 5723 5722
f 5526 5525 5723
f 5527 5526 5721
f 5528 5721 5720
f 5528 5527 5721
f 5529 5719 5718
f 5529 5720 5719
f 5529 5528 5720
f 5530 5718 5717
f 5530 5529 5718
f 5531 5530 5717
f 5532 5716 5715
f 5532 5717 5716
f 5532 5531 5717
f 5533 5532 5715
f 5534 5714 5713
f 5534 5715 5714
f 5534 5533 5715
f 5535 5534 5713
f 5536 5535 5713
f 5536 5713 5712
f 5537 5536 5712
f 5537 5711 5710
f 5537 5712 5711
f 5538 5537 5710
f 5539 5538 5710
f 5539 5710 5709
f 5540 5539 5709
f 5540 5708 5707
f 5540 5709 5708
f 5541 5540 5707
f 5542 5541 5707
f 5542 5707 5706
f 5543 5542 5706
f 5543 5706 5705
f 5544 5543 5705
f 5544 5705 5704
f 5545 5704 5703
f 5545 5544 5704
f 5546 5545 5703
f 5546 5702 5701
f 5546 5703 5702
f 5547 5546 5701
f 5548 5701 5700
f 5548 5547 5701
f 5549 5700 5699
f 5549 5548 5700
f 5550 5698 5697
f 5550 5699 5698
f 5550 5549 5699
f 5551 5697 5696
f 5551 5550 5697
f 5552 5551 5696
f 5553 5696 5695
f 5553 5552 5696
f 5554 5695 5694
f 5554 5553 5695
f 5555 5694 5693
f 5555 5554 5694
f 5556 5693 5692
f 5556 5555 5693
f 5557 5692 5691
f 5557 5556 5692
f 5558 5690 5689
f 5558 5691 5690
f 5558 5557 5691
f 5559 5689 5688
f 5559 5558 5689
f 5560 5559 5688
f 5561 5560 5688
f 5561 5687 5686
f 5561 5688 5687
f 5562 5561 5686
f 5563 5562 5686
f 5563 5686 5685
f 5564 5563 5685
f 5564 5685 5684
f 5565 5684 5683
f 5565 5564 5684
f 5566 5682 5681
f 5566 5683 5682
f 5566 5565 5683
f 5567 5566 5681
f 5568 5681 5680
f 5568 5567 5681
f 5569 5679 5678
f 5569 5680 5679
f 5569 5568 5680
f 5570 5569 5678
f 5571 5678 5677
f 5571 5570 5678
f 5572 5676 5675
f 5572 5677 5676
f 5572 5571 5677
f 5573 5675 5674
f 5573 5572 5675
f 5574 5573 5674
f 5575 5673 5672
f 5575 5674 5673
f 5575 5574 5674
f 5576 5672 5671
f 5576 5575 5672
f 5577 5576 5671
f 5578 5671 5670
f 5578 5577 5671
f 5579 5669 5668
f 5579 5670 5669
f 5579 5578 5670
f 5580 5579 5668
f 5581 5668 5667
f 5581 5580 5668
f 5581 5667 5666
f 5582 5581 5666
f 5582 5666 5665
f 5583 5582 5665
f 5584 5583 5665
f 5584 5664 5663
f 5584 5665 5664
f 5585 5584 5663
f 5586 5585 5663
f 5586 5662 5661
f 5586 5663 5662
f 5587 5586 5661
f 5587 5661 5660
f 5588 5587 5660
f 5588 5660 5659
f 5589 5588 5659
f 5590 5589 5659
f 5590 5658 5657
f 5590 5659 5658
f 5591 5590 5657
f 5592 5591 5657
f 5592 5657 5656
f 5593 5592 5656
f 5593 5656 5655
f 5594 5593 5655
f 5594 5655 5654
f 5595 5594 5654
f 5595 5653 5652
f 5595 5654 5653
f 5596 5595 5652
f 5596 5652 5651
f 5597 5596 5651
f 5598 5597 5651
f 5598 5650 5649
f 5598 5651 5650
f 5599 5598 5649
f 5599 5649 5648
f 5600 5599 5648
f 5601 5600 5648
f 5601 5647 5646
f 5601 5648 5647
f 5602 5601 5646
f 5603 5602 5646
f 5603 5645 5644
f 5603 5646 5645
f 5604 5603 5644
f 5605 5644 5643
f 5605 5604 5644
f 5606 5643 5642
f 5606 5605 5643
f 5607 5642 5641
f 5607 5606 5642
f 5608 5641 5640
f 5608 5607 5641
f 5609 5639 5638
f 5609 5640 5639
f 5609 5608 5640
f 5610 5609 5638
f 5611 5637 5636
f 5611 5638 5637
f 5611 5610 5638
f 5612 5611 5636
f 5613 5636 5635
f 5613 5612 5636
f 5614 5613 5635
f 5614 5634 5633
f 5614 5635 5634
f 5615 5614 5633
f 5616 5615 5633
f 5616 5632 5631
f 5616 5633 5632
f 5617 5616 5631
f 5618 5617 5631
f 5618 5631 5630
f 5619 5618 5630
f 5619 5629 5628
f 5619 5630 5629
f 5620 5619 5628
f 5620 5628 5627
f 5621 5620 5627
f 5622 5621 5627
f 5622 5627 5626
f 5623 5622 5626
f 5623 5626 5625
f 6039 6040 5842
f 6039 5842 5843
f 6039 5843 5844
f 6041 5842 6040
f 6041 5841 5842
f 6038 6039 5844
f 6038 5844 5845
f 6042 5841 6041
f 6042 5840 5841
f 6037 6038 5845
f 6043 5840 6042
f 6043 5839 5840
f 6036 6037 5845
f 6036 5845 5846
f 6036 5846 5847
f 6044 5838 5839
f 6044 5839 6043
f 6035 6036 5847
f 6045 5837 5838
f 6045 5838 6044
f 6034 6035 5847
f 6034 5847 5848
f 6046 5837 6045
f 6046 5836 5837
f 6033 6034 5848
f 6033 5848 5849
f 6047 5836 6046
f 6047 5835 5836
f 6032 5849 5850
f 6032 6033 5849
f 6048 5834 5835
f 6048 5835 6047
f 6031 5850 5851
f 6031 6032 5850
f 6049 5834 6048
f 6049 5833 5834
f 6030 5851 5852
f 6030 6031 5851
f 6050 5832 5833
f 6050 5833 6049
f 6029 5852 5853
f 6029 6030 5852
f 6051 5831 5832
f 6051 5832 6050
f 6028 6029 5853
f 6028 5853 5854
f 6052 5830 5831
f 6052 5831 6051
f 6027 6028 5854
f 6027 5854 5855
f 6053 5830 6052
f 6053 5829 5830
f 6026 6027 5855
f 6026 5855 5856
f 6054 5829 6053
f 6054 5828 5829
f 6025 6026 5856
f 6025 5856 5857
f 6055 5828 6054
f 6055 5827 5828
f 6024 6025 5857
f 6024 5857 5858
f 6056 5826 5827
f 6056 5827 6055
f 6023 6024 5858
f 6023 5858 5859
f 6057 5826 6056
f 6057 5825 5826
f 6022 6023 5859
f 6022 5859 5860
f 6058 5824 5825
f 6058 5825 6057
f 6021 6022 5860
f 6021 5860 5861
f 6059 5823 5824
f 6059 5824 6058
f 6020 6021 5861
f 6020 5861 5862
f 6060 5822 5823
f 6060 5823 6059
f 6019 6020 5862
f 6019 5862 5863
f 6061 5821 5822
f 6061 5822 6060
f 6018 6019 5863
f 6018 5863 5864
f 6062 5820 5821
f 6062 5821 6061
f 6017 6018 5864
f 6017 5864 5865
f 6063 5819 5820
f 6063 5820 6062
f 6016 6017 5865
f 6016 5865 5866
f 6064 5819 6063
f 6064 5818 5819
f 6015 5866 5867
f 6015 6016 5866
f 6065 5818 6064
f 6065 5817 5818
f 5816 5817 6065
f 6014 6015 5867
f 6014 5867 5868
f 6066 5816 6065
f 6013 5868 5869
f 6013 6014 5868
f 6067 5816 6066
f 6067 5815 5816
f 6012 6013 5869
f 6012 5869 5870
f 5814 5815 6067
f 6068 5814 6067
f 6011 5870 5871
f 6011 6012 5870
f 5813 5814 6068
f 6069 5813 6068
f 6010 6011 5871
f 6010 5871 5872
f 6070 5812 5813
f 6070 5813 6069
f 6009 6010 5872
f 6009 5872 5873
f 5811 5812 6070
f 6071 5811 6070
f 6008 6009 5873
f 6008 5873 5874
f 5810 5811 6071
f 6072 5810 6071
f 6007 6008 5874
f 6007 5874 5875
f 5809 5810 6072
f 6073 5809 6072
f 6006 6007 5875
f 6006 5875 5876
f 6074 5808 5809
f 6074 5809 6073
f 6005 6006 5876
f 6005 5876 5877
f 6075 5807 5808
f 6075 5808 6074
f 6004 5877 5878
f 6004 6005 5877
f 6076 5806 5807
f 6076 5807 6075
f 6003 6004 5878
f 6003 5878 5879
f 5805 5806 6076
f 6077 5805 6076
f 6002 6003 5879
f 6002 5879 5880
f 5804 5805 6077
f 6078 5804 6077
f 6001 6002 5880
f 6001 5880 5881
f 6079 5803 5804
f 6079 5804 6078
f 6000 6001 5881
f 5882 6000 5881
f 5802 5803 6079
f 5802 6079 6080
f 5883 5999 6000
f 5883 6000 5882
f 5801 5802 6080
f 5801 6080 6081
f 5998 5999 5883
f 5884 5998 5883
f 5800 5801 6081
f 5800 6081 6082
f 5997 5998 5884
f 5885 5997 5884
f 6083 5800 6082
f 5799 5800 6083
f 5996 5997 5885
f 5886 5996 5885
f 5798 5799 6083
f 5798 6083 6084
f 5995 5996 5886
f 5887 5995 5886
f 5797 5798 6084
f 5797 6084 6085
f 5994 5995 5887
f 5888 5994 5887
f 6086 5797 6085
f 5796 5797 6086
f 5993 5994 5888
f 5889 5993 5888
f 6087 5796 6086
f 5795 5796 6087
f 5992 5993 5889
f 5890 5992 5889
f 5794 6087 6088
f 5794 5795 6087
f 5991 5992 5890
f 5891 5991 5890
f 5793 6088 6089
f 5793 5794 6088
f 5990 5991 5891
f 5892 5990 5891
f 5792 6089 6090
f 5792 5793 6089
f 5893 5989 5990
f 5893 5990 5892
f 5791 6090 6091
f 5791 5792 6090
f 5988 5989 5893
f 5894 5988 5893
f 5987 5988 5894
f 5790 6091 6092
f 5790 5791 6091
f 5895 5987 5894
f 5986 5987 5895
f 5789 6092 6093
f 5789 5790 6092
f 5896 5986 5895
f 5788 6093 6094
f 5788 5789 6093
f 5897 5985 5986
f 5897 5986 5896
f 5984 5985 5897
f 5787 6094 6095
f 5787 5788 6094
f 5898 5984 5897
f 5983 5984 5898
f 5786 6095 6096
f 5786 5787 6095
f 5899 5983 5898
f 5982 5983 5899
f 5785 6096 6097
f 5785 5786 6096
f 5900 5982 5899
f 5981 5982 5900
f 5784 6097 6098
f 5784 5785 6097
f 5901 5981 5900
f 5980 5981 5901
f 5783 6098 5941
f 5783 5784 6098
f 5902 5980 5901
f 5940 5941 5942
f 5940 5783 5941
f 5903 5979 5980
f 5903 5980 5902
f 5939 5940 5942
f 5939 5942 5943
f 5904 5979 5903
f 5904 5977 5978
f 5904 5978 5979
f 5938 5939 5943
f 5938 5943 5944
f 5905 5977 5904
f 5937 5938 5944
f 5937 5944 5945
f 5906 5977 5905
f 5906 5975 5976
f 5906 5976 5977
f 5936 5937 5945
f 5936 5945 5946
f 5907 5975 5906
f 5907 5974 5975
f 5935 5936 5946
f 5935 5946 5947
f 5908 5974 5907
f 5934 5935 5947
f 5934 5947 5948
f 5909 5974 5908
f 5909 5972 5973
f 5909 5973 5974
f 5933 5934 5948
f 5933 5948 5949
f 5910 5972 5909
f 5910 5971 5972
f 5932 5933 5949
f 5932 5949 5950
f 5911 5971 5910
f 5911 5970 5971
f 5931 5950 5951
f 5931 5932 5950
f 5912 5970 5911
f 5912 5969 5970
f 5930 5931 5951
f 5930 5951 5952
f 5913 5969 5912
f 5913 5968 5969
f 5929 5952 5953
f 5929 5930 5952
f 5914 5967 5968
f 5914 5968 5913
f 5928 5953 5954
f 5928 5929 5953
f 5915 5967 5914
f 5915 5966 5967
f 5927 5928 5954
f 5927 5954 5955
f 5916 5966 5915
f 5926 5955 5956
f 5926 5927 5955
f 5917 5966 5916
f 5917 5964 5965
f 5917 5965 5966
f 5925 5926 5956
f 5925 5956 5957
f 5918 5964 5917
f 5924 5957 5958
f 5924 5925 5957
f 5919 5964 5918
f 5919 5962 5963
f 5919 5963 5964
f 5923 5924 5958
f 5923 5958 5959
f 5920 5962 5919
f 5920 5961 5962
f 5922 5923 5959
f 5922 5959 5960
f 5921 5961 5920
f 5921 5922 5960
f 5921 5960 5961
f 6281 6439 6440
f 6441 6281 6440
f 6100 6099 6101
f 6282 6441 6100
f 6282 6281 6441
f 6283 6101 6102
f 6283 6100 6101
f 6283 6282 6100
f 6284 6102 6103
f 6284 6283 6102
f 6285 6103 6104
f 6285 6284 6103
f 6286 6104 6105
f 6286 6285 6104
f 6287 6105 6106
f 6287 6286 6105
f 6288 6106 6107
f 6288 6287 6106
f 6289 6107 6108
f 6289 6288 6107
f 6290 6108 6109
f 6290 6289 6108
f 6291 6109 6110
f 6291 6290 6109
f 6292 6110 6111
f 6292 6291 6110
f 6293 6111 6112
f 6293 6292 6111
f 6294 6293 6112
f 6294 6112 6113
f 6295 6294 6113
f 6295 6113 6114
f 6296 6295 6114
f 6296 6114 6115
f 6297 6115 6116
f 6297 6296 6115
f 6298 6116 6117
f 6298 6297 6116
f 6299 6117 6118
f 6299 6298 6117
f 6300 6299 6118
f 6300 6118 6119
f 6301 6119 6120
f 6301 6300 6119
f 6302 6120 6121
f 6302 6301 6120
f 6303 6121 6122
f 6303 6302 6121
f 6304 6122 6123
f 6304 6303 6122
f 6305 6123 6124
f 6305 6304 6123
f 6306 6305 6124
f 6126 6124 6125
f 6126 6306 6124
f 6307 6126 6127
f 6307 6306 6126
f 6128 6307 6127
f 6129 6130 6131
f 6308 6128 6129
f 6308 6307 6128
f 6309 6131 6132
f 6309 6129 6131
f 6309 6308 6129
f 6310 6132 6133
f 6310 6309 6132
f 6311 6133 6134
f 6311 6310 6133
f 6312 6134 6135
f 6312 6311 6134
f 6313 6135 6136
f 6313 6312 6135
f 6314 6136 6137
f 6314 6313 6136
f 6315 6137 6138
f 6315 6314 6137
f 6316 6138 6139
f 6316 6315 6138
f 6317 6316 6139
f 6317 6139 6140
f 6318 6317 6140
f 6318 6140 6141
f 6319 6318 6141
f 6319 6141 6142
f 6320 6319 6142
f 6320 6142 6143
f 6321 6320 6143
f 6322 6321 6143
f 6322 6143 6144
f 6323 6322 6144
f 6323 6144 6145
f 6324 6323 6145
f 6324 6145 6146
f 6325 6324 6146
f 6325 6146 6147
f 6326 6325 6147
f 6326 6147 6148
f 6327 6326 6148
f 6327 6148 6149
f 6328 6327 6149
f 6328 6149 6150
f 6329 6328 6150
f 6329 6150 6151
f 6330 6151 6152
f 6330 6329 6151
f 6331 6152 6153
f 6331 6330 6152
f 6332 6153 6154
f 6332 6331 6153
f 6156 6154 6155
f 6156 6332 6154
f 6333 6332 6156
f 6157 6333 6156
f 6159 6160 6161
f 6334 6157 6158
f 6334 6158 6159
f 6334 6333 6157
f 6335 6159 6161
f 6335 6334 6159
f 6336 6161 6162
f 6336 6335 6161
f 6337 6162 6163
f 6337 6336 6162
f 6338 6163 6164
f 6338 6337 6163
f 6339 6164 6165
f 6339 6338 6164
f 6340 6165 6166
f 6340 6339 6165
f 6341 6340 6166
f 6341 6166 6167
f 6342 6341 6167
f 6342 6167 6168
f 6343 6342 6168
f 6343 6168 6169
f 6344 6343 6169
f 6344 6169 6170
f 6345 6344 6170
f 6345 6170 6171
f 6346 6345 6171
f 6346 6171 6172
f 6347 6346 6172
f 6347 6172 6173
f 6348 6347 6173
f 6348 6173 6174
f 6349 6348 6174
f 6349 6174 6175
f 6350 6349 6175
f 6350 6175 6176
f 6351 6350 6176
f 6351 6176 6177
f 6352 6351 6177
f 6352 6177 6178
f 6353 6352 6178
f 6353 6178 6179
f 6354 6353 6179
f 6354 6179 6180
f 6355 6354 6180
f 6355 6180 6181
f 6356 6355 6181
f 6356 6181 6182
f 6357 6356 6182
f 6357 6182 6183
f 6358 6357 6183
f 6358 6183 6184
f 6186 6358 6184
f 6186 6184 6185
f 6359 6358 6186
f 6360 6359 6186
f 6360 6186 6187
f 6360 6187 6188
f 6189 6190 6191
f 6189 6360 6188
f 6361 6360 6189
f 6362 6189 6191
f 6362 6361 6189
f 6362 6191 6192
f 6363 6192 6193
f 6363 6362 6192
f 6364 6363 6193
f 6364 6193 6194
f 6365 6364 6194
f 6365 6194 6195
f 6366 6365 6195
f 6366 6195 6196
f 6367 6366 6196
f 6367 6196 6197
f 6368 6367 6197
f 6368 6197 6198
f 6369 6368 6198
f 6369 6198 6199
f 6370 6199 6200
f 6370 6369 6199
f 6371 6200 6201
f 6371 6370 6200
f 6372 6201 6202
f 6372 6371 6201
f 6373 6202 6203
f 6373 6372 6202
f 6374 6203 6204
f 6374 6373 6203
f 6375 6204 6205
f 6375 6374 6204
f 6376 6205 6206
f 6376 6375 6205
f 6377 6206 6207
f 6377 6376 6206
f 6378 6207 6208
f 6378 6377 6207
f 6379 6208 6209
f 6379 6378 6208
f 6380 6209 6210
f 6380 6379 6209
f 6381 6210 6211
f 6381 6380 6210
f 6382 6211 6212
f 6382 6381 6211
f 6383 6212 6213
f 6383 6382 6212
f 6384 6213 6214
f 6384 6383 6213
f 6385 6384 6214
f 6216 6214 6215
f 6216 6385 6214
f 6386 6216 6217
f 6386 6385 6216
f 6218 6386 6217
f 6219 6220 6221
f 6387 6386 6218
f 6387 6218 6219
f 6388 6221 6222
f 6388 6387 6219
f 6388 6219 6221
f 6389 6388 6222
f 6389 6222 6223
f 6390 6389 6223
f 6390 6223 6224
f 6391 6390 6224
f 6391 6224 6225
f 6392 6391 6225
f 6392 6225 6226
f 6393 6226 6227
f 6393 6392 6226
f 6394 6393 6227
f 6394 6227 6228
f 6395 6228 6229
f 6395 6394 6228
f 6396 6229 6230
f 6396 6395 6229
f 6397 6230 6231
f 6397 6396 6230
f 6398 6231 6232
f 6398 6397 6231
f 6399 6398 6232
f 6400 6232 6233
f 6400 6399 6232
f 6401 6233 6234
f 6401 6400 6233
f 6402 6234 6235
f 6402 6401 6234
f 6403 6235 6236
f 6403 6402 6235
f 6404 6236 6237
f 6404 6403 6236
f 6405 6237 6238
f 6405 6404 6237
f 6406 6238 6239
f 6406 6405 6238
f 6407 6406 6239
f 6407 6239 6240
f 6408 6240 6241
f 6408 6407 6240
f 6409 6241 6242
f 6409 6408 6241
f 6410 6242 6243
f 6410 6409 6242
f 6411 6243 6244
f 6411 6410 6243
f 6246 6244 6245
f 6246 6411 6244
f 6412 6411 6246
f 6247 6412 6246
f 6249 6250 6251
f 6413 6412 6247
f 6413 6247 6248
f 6413 6248 6249
f 6414 6413 6249
f 6414 6249 6251
f 6415 6414 6251
f 6415 6251 6252
f 6416 6415 6252
f 6416 6252 6253
f 6417 6416 6253
f 6417 6253 6254
f 6418 6417 6254
f 6418 6254 6255
f 6419 6418 6255
f 6419 6255 6256
f 6420 6419 6256
f 6420 6256 6257
f 6421 6420 6257
f 6421 6257 6258
f 6422 6421 6258
f 6422 6258 6259
f 6423 6422 6259
f 6423 6259 6260
f 6424 6423 6260
f 6424 6260 6261
f 6425 6424 6261
f 6425 6261 6262
f 6426 6262 6263
f 6426 6425 6262
f 6427 6263 6264
f 6427 6426 6263
f 6428 6264 6265
f 6428 6427 6264
f 6429 6265 6266
f 6429 6428 6265
f 6430 6266 6267
f 6430 6429 6266
f 6431 6267 6268
f 6431 6430 6267
f 6432 6268 6269
f 6432 6431 6268
f 6433 6269 6270
f 6433 6432 6269
f 6434 6270 6271
f 6434 6433 6270
f 6435 6271 6272
f 6435 6434 6271
f 6436 6435 6272
f 6436 6272 6273
f 6437 6436 6273
f 6437 6273 6274
f 6276 6437 6274
f 6276 6274 6275
f 6438 6437 6276
f 6277 6438 6276
f 6280 6438 6277
f 6280 6277 6278
f 6280 6278 6279
f 6447 6451 6450
f 6444 6447 6448
f 6444 6448 6449
f 6444 6451 6447
f 6446 6444 6449
f 6445 6444 6446
f 6442 6451 6444
f 6443 6442 6444
f 6460 6459 6458
f 6461 6458 6457
f 6461 6460 6458
f 6462 6457 6456
f 6462 6461 6457
f 6463 6462 6456
f 6464 6456 6455
f 6464 6463 6456
f 6465 6455 6454
f 6465 6464 6455
f 6453 6454 6452
f 6453 6465 6454
f 6471 6474 6475
f 6468 6472 6471
f 6468 6473 6472
f 6468 6471 6475
f 6470 6473 6468
f 6469 6470 6468
f 6466 6468 6475
f 6467 6468 6466
f 6478 6477 6476
f 6504 6477 6478
f 6479 6504 6478
f 6505 6504 6479
f 6480 6505 6479
f 6506 6505 6480
f 6481 6506 6480
f 6507 6506 6481
f 6482 6507 6481
f 6508 6507 6482
f 6483 6508 6482
f 6509 6508 6483
f 6484 6510 6509
f 6484 6509 6483
f 6485 6511 6510
f 6485 6510 6484
f 6486 6512 6511
f 6486 6511 6485
f 6487 6513 6512
f 6487 6512 6486
f 6488 6514 6513
f 6488 6513 6487
f 6489 6515 6514
f 6489 6514 6488
f 6490 6515 6489
f 6490 6516 6515
f 6517 6516 6490
f 6491 6517 6490
f 6518 6517 6491
f 6492 6518 6491
f 6519 6518 6492
f 6493 6519 6492
f 6520 6519 6493
f 6494 6520 6493
f 6521 6520 6494
f 6495 6521 6494
f 6522 6521 6495
f 6496 6522 6495
f 6523 6522 6496
f 6497 6523 6496
f 6524 6523 6497
f 6498 6524 6497
f 6525 6524 6498
f 6499 6525 6498
f 6526 6525 6499
f 6500 6526 6499
f 6527 6526 6500
f 6501 6527 6500
f 6503 6527 6501
f 6502 6503 6501
f 6533 6537 6536
f 6530 6533 6534
f 6530 6534 6535
f 6530 6537 6533
f 6532 6530 6535
f 6531 6530 6532
f 6528 6537 6530
f 6529 6528 6530
f 6543 6542 6541
f 6544 6543 6541
f 6545 6541 6540
f 6545 6544 6541
f 6539 6540 6538
f 6539 6545 6540
f 6551 6554 6555
f 6548 6552 6551
f 6548 6553 6552
f 6548 6551 6555
f 6550 6553 6548
f 6549 6550 6548
f 6546 6548 6555
f 6547 6548 6546
f 6557 6556 6558
f 6584 6558 6559
f 6584 6557 6558
f 6585 6559 6560
f 6585 6584 6559
f 6586 6560 6561
f 6586 6585 6560
f 6587 6561 6562
f 6587 6586 6561
f 6588 6562 6563
f 6588 6587 6562
f 6589 6563 6564
f 6589 6588 6563
f 6590 6589 6564
f 6565 6590 6564
f 6591 6590 6565
f 6566 6591 6565
f 6592 6591 6566
f 6567 6592 6566
f 6593 6592 6567
f 6568 6593 6567
f 6594 6593 6568
f 6569 6594 6568
f 6595 6594 6569
f 6570 6595 6569
f 6596 6595 6570
f 6597 6596 6570
f 6597 6570 6571
f 6598 6597 6571
f 6598 6571 6572
f 6599 6572 6573
f 6599 6598 6572
f 6600 6573 6574
f 6600 6599 6573
f 6601 6574 6575
f 6601 6600 6574
f 6602 6575 6576
f 6602 6601 6575
f 6603 6576 6577
f 6603 6602 6576
f 6604 6577 6578
f 6604 6603 6577
f 6605 6578 6579
f 6605 6604 6578
f 6606 6579 6580
f 6606 6605 6579
f 6607 6580 6581
f 6607 6606 6580
f 6583 6581 6582
f 6583 6607 6581
f 6613 6617 6616
f 6610 6613 6614
f 6610 6614 6615
f 6610 6617 6613
f 6612 6610 6615
f 6611 6610 6612
f 6608 6617 6610
f 6609 6608 6610
f 6623 6622 6621
f 6624 6623 6621
f 6625 6621 6620
f 6625 6624 6621
f 6619 6620 6618
f 6619 6625 6620
f 6631 6634 6635
f 6628 6632 6631
f 6628 6633 6632
f 6628 6631 6635
f 6630 6633 6628
f 6629 6630 6628
f 6626 6628 6635
f 6627 6628 6626
f 6682 6655 6656
f 6683 6656 6657
f 6683 6682 6656
f 6681 6654 6655
f 6681 6655 6682
f 6684 6657 6658
f 6684 6683 6657
f 6680 6653 6654
f 6680 6654 6681
f 6685 6658 6659
f 6685 6684 6658
f 6679 6652 6653
f 6679 6653 6680
f 6686 6659 6660
f 6686 6685 6659
f 6678 6651 6652
f 6678 6652 6679
f 6687 6660 6661
f 6687 6686 6660
f 6677 6650 6651
f 6677 6651 6678
f 6663 6661 6662
f 6663 6687 6661
f 6676 6650 6677
f 6675 6649 6650
f 6675 6650 6676
f 6674 6649 6675
f 6674 6648 6649
f 6673 6647 6648
f 6673 6648 6674
f 6672 6646 6647
f 6672 6647 6673
f 6671 6646 6672
f 6671 6645 6646
f 6670 6644 6645
f 6670 6645 6671
f 6669 6643 6644
f 6669 6644 6670
f 6668 6642 6643
f 6668 6643 6669
f 6667 6641 6642
f 6667 6642 6668
f 6666 6640 6641
f 6666 6641 6667
f 6665 6639 6640
f 6665 6640 6666
f 6664 6638 6639
f 6664 6639 6665
f 6637 6636 6638
f 6637 6638 6664
f 6693 6697 6696
f 6690 6693 6694
f 6690 6694 6695
f 6690 6697 6693
f 6692 6690 6695
f 6691 6690 6692
f 6688 6697 6690
f 6689 6688 6690
f 6703 6702 6701
f 6704 6701 6700
f 6704 6703 6701
f 6705 6704 6700
f 6699 6700 6698
f 6699 6705 6700
f 6711 6714 6715
f 6708 6712 6711
f 6708 6713 6712
f 6708 6711 6715
f 6710 6713 6708
f 6709 6710 6708
f 6706 6708 6715
f 6707 6708 6706
f 6741 6742 6743
f 6767 6741 6743
f 6740 6741 6767
f 6766 6740 6767
f 6739 6740 6766
f 6765 6739 6766
f 6738 6739 6765
f 6764 6738 6765
f 6737 6738 6764
f 6763 6737 6764
f 6736 6737 6763
f 6762 6736 6763
f 6735 6736 6762
f 6761 6735 6762
f 6734 6735 6761
f 6760 6734 6761
f 6733 6734 6760
f 6759 6733 6760
f 6732 6733 6759
f 6758 6732 6759
f 6731 6732 6758
f 6757 6731 6758
f 6730 6731 6757
f 6756 6730 6757
f 6729 6730 6756
f 6755 6729 6756
f 6754 6729 6755
f 6754 6728 6729
f 6753 6727 6728
f 6753 6728 6754
f 6752 6726 6727
f 6752 6727 6753
f 6751 6725 6726
f 6751 6726 6752
f 6750 6724 6725
f 6750 6725 6751
f 6749 6724 6750
f 6723 6724 6749
f 6748 6723 6749
f 6722 6723 6748
f 6747 6722 6748
f 6721 6722 6747
f 6746 6721 6747
f 6720 6721 6746
f 6745 6720 6746
f 6719 6720 6745
f 6744 6719 6745
f 6718 6719 6744
f 6717 6718 6744
f 6716 6718 6717
f 6773 6777 6776
f 6770 6773 6774
f 6770 6774 6775
f 6770 6777 6773
f 6772 6770 6775
f 6771 6770 6772
f 6768 6777 6770
f 6769 6768 6770
f 6783 6782 6781
f 6784 6783 6781
f 6785 6781 6780
f 6785 6784 6781
f 6779 6780 6778
f 6779 6785 6780
f 6791 6794 6795
f 6788 6792 6791
f 6788 6793 6792
f 6788 6791 6795
f 6790 6793 6788
f 6789 6790 6788
f 6786 6788 6795
f 6787 6788 6786
f 6821 6822 6823
f 6821 6823 6847
f 6820 6847 6846
f 6820 6821 6847
f 6819 6846 6845
f 6819 6820 6846
f 6818 6845 6844
f 6818 6819 6845
f 6817 6844 6843
f 6817 6818 6844
f 6816 6843 6842
f 6816 6817 6843
f 6815 6842 6841
f 6815 6816 6842
f 6814 6841 6840
f 6814 6815 6841
f 6813 6840 6839
f 6813 6814 6840
f 6812 6839 6838
f 6812 6813 6839
f 6811 6838 6837
f 6811 6812 6838
f 6810 6811 6837
f 6810 6837 6836
f 6809 6810 6836
f 6809 6836 6835
f 6834 6809 6835
f 6808 6809 6834
f 6833 6808 6834
f 6807 6808 6833
f 6832 6807 6833
f 6806 6807 6832
f 6831 6806 6832
f 6805 6806 6831
f 6830 6805 6831
f 6804 6805 6830
f 6804 6830 6829
f 6803 6829 6828
f 6803 6804 6829
f 6802 6828 6827
f 6802 6803 6828
f 6801 6827 6826
f 6801 6802 6827
f 6800 6826 6825
f 6800 6801 6826
f 6799 6825 6824
f 6799 6800 6825
f 6798 6824 6797
f 6798 6799 6824
f 6796 6798 6797
f 6853 6857 6856
f 6850 6853 6854
f 6850 6854 6855
f 6850 6857 6853
f 6852 6850 6855
f 6851 6850 6852
f 6848 6857 6850
f 6849 6848 6850
f 6863 6862 6861
f 6864 6863 6861
f 6865 6861 6860
f 6865 6864 6861
f 6859 6860 6858
f 6859 6865 6860
f 6871 6874 6875
f 6868 6872 6871
f 6868 6873 6872
f 6868 6871 6875
f 6870 6873 6868
f 6869 6870 6868
f 6866 6868 6875
f 6867 6868 6866
f 6878 6877 6876
f 6878 6904 6877
f 6879 6905 6904
f 6879 6904 6878
f 6880 6906 6905
f 6880 6905 6879
f 6881 6907 6906
f 6881 6906 6880
f 6882 6908 6907
f 6882 6907 6881
f 6883 6909 6908
f 6883 6908 6882
f 6884 6910 6909
f 6884 6909 6883
f 6885 6911 6910
f 6885 6910 6884
f 6886 6912 6911
f 6886 6911 6885
f 6887 6913 6912
f 6887 6912 6886
f 6888 6914 6913
f 6888 6913 6887
f 6889 6915 6914
f 6889 6914 6888
f 6890 6915 6889
f 6890 6916 6915
f 6890 6917 6916
f 6891 6917 6890
f 6891 6918 6917
f 6901 6902 6903
f 6901 6903 6927
f 6892 6918 6891
f 6892 6919 6918
f 6900 6901 6927
f 6900 6927 6926
f 6893 6919 6892
f 6893 6920 6919
f 6899 6900 6926
f 6899 6926 6925
f 6894 6920 6893
f 6894 6921 6920
f 6898 6925 6924
f 6898 6899 6925
f 6895 6922 6921
f 6895 6921 6894
f 6897 6924 6923
f 6897 6898 6924
f 6896 6897 6923
f 6896 6923 6922
f 6896 6922 6895
f 7269 7270 7086
f 7268 7269 7086
f 7085 7267 7268
f 7085 7268 7086
f 7243 7242 7267
f 7243 7267 7085
f 7243 7085 7084
f 7244 7084 7083
f 7244 7243 7084
f 7245 7083 7082
f 7245 7244 7083
f 7246 7082 7081
f 7246 7245 7082
f 7247 7081 7080
f 7247 7246 7081
f 7248 7080 7079
f 7248 7247 7080
f 7249 7079 7078
f 7249 7248 7079
f 7250 7078 7077
f 7250 7249 7078
f 7251 7077 7076
f 7251 7250 7077
f 7252 7076 7075
f 7252 7251 7076
f 7253 7075 7074
f 7253 7252 7075
f 7254 7253 7074
f 7254 7074 7073
f 7255 7254 7073
f 7255 7073 7072
f 7256 7255 7072
f 7256 7072 7071
f 7257 7256 7071
f 7257 7071 7070
f 7258 7257 7070
f 7258 7070 7069
f 7259 7258 7069
f 7259 7069 7068
f 7260 7259 7068
f 7260 7068 7067
f 7261 7260 7067
f 7261 7067 7066
f 7262 7261 7066
f 7262 7066 7065
f 7263 7065 7064
f 7263 7262 7065
f 7264 7263 7064
f 7264 7064 7063
f 7265 7063 7062
f 7265 7264 7063
f 7060 7240 7061
f 7239 7240 7060
f 7266 7062 7061
f 7266 7265 7062
f 7266 7061 7240
f 7238 7239 7060
f 7059 7238 7060
f 7237 7238 7059
f 7241 7266 7240
f 7058 7237 7059
f 7213 7212 7237
f 7213 7058 7057
f 7213 7237 7058
f 7214 7057 7056
f 7214 7213 7057
f 7215 7056 7055
f 7215 7214 7056
f 7216 7055 7054
f 7216 7215 7055
f 7217 7054 7053
f 7217 7216 7054
f 7218 7053 7052
f 7218 7217 7053
f 7219 7052 7051
f 7219 7218 7052
f 7220 7051 7050
f 7220 7219 7051
f 7221 7050 7049
f 7221 7220 7050
f 7222 7221 7049
f 7222 7049 7048
f 7223 7222 7048
f 7223 7048 7047
f 7224 7223 7047
f 7224 7047 7046
f 7225 7224 7046
f 7226 7046 7045
f 7226 7225 7046
f 7227 7045 7044
f 7227 7226 7045
f 7228 7044 7043
f 7228 7227 7044
f 7229 7043 7042
f 7229 7228 7043
f 7230 7042 7041
f 7230 7229 7042
f 7231 7041 7040
f 7231 7230 7041
f 7232 7040 7039
f 7232 7231 7040
f 7233 7039 7038
f 7233 7232 7039
f 7234 7038 7037
f 7234 7233 7038
f 7235 7037 7036
f 7235 7234 7037
f 7210 7035 7034
f 7209 7210 7034
f 7033 7209 7034
f 7236 7035 7210
f 7236 7036 7035
f 7236 7235 7036
f 7208 7209 7033
f 7207 7208 7033
f 7032 7207 7033
f 7211 7236 7210
f 7183 7032 7031
f 7183 7182 7207
f 7183 7207 7032
f 7184 7031 7030
f 7184 7183 7031
f 7185 7030 7029
f 7185 7184 7030
f 7186 7029 7028
f 7186 7185 7029
f 7187 7186 7028
f 7187 7028 7027
f 7188 7187 7027
f 7188 7027 7026
f 7189 7188 7026
f 7189 7026 7025
f 7190 7189 7025
f 7190 7025 7024
f 7191 7190 7024
f 7191 7024 7023
f 7192 7191 7023
f 7192 7023 7022
f 7193 7192 7022
f 7193 7022 7021
f 7194 7193 7021
f 7194 7021 7020
f 7195 7194 7020
f 7195 7020 7019
f 7196 7195 7019
f 7196 7019 7018
f 7197 7196 7018
f 7197 7018 7017
f 7198 7197 7017
f 7198 7017 7016
f 7199 7198 7016
f 7199 7016 7015
f 7200 7199 7015
f 7200 7015 7014
f 7201 7200 7014
f 7201 7014 7013
f 7202 7201 7013
f 7202 7013 7012
f 7203 7202 7012
f 7203 7012 7011
f 7204 7203 7011
f 7204 7011 7010
f 7205 7204 7010
f 7205 7010 7009
f 7007 7180 7008
f 7179 7180 7007
f 7206 7205 7009
f 7206 7008 7180
f 7206 7009 7008
f 7178 7179 7007
f 7177 7178 7007
f 7006 7177 7007
f 7181 7206 7180
f 7153 7152 7177
f 7153 7006 7005
f 7153 7177 7006
f 7154 7005 7004
f 7154 7153 7005
f 7155 7004 7003
f 7155 7154 7004
f 7156 7155 7003
f 7156 7003 7002
f 7157 7156 7002
f 7157 7002 7001
f 7158 7157 7001
f 7158 7001 7000
f 7159 7158 7000
f 7159 7000 6999
f 7160 7159 6999
f 7160 6999 6998
f 7161 7160 6998
f 7161 6998 6997
f 7162 7161 6997
f 7162 6997 6996
f 7163 7162 6996
f 7163 6996 6995
f 7164 7163 6995
f 7164 6995 6994
f 7165 7164 6994
f 7165 6994 6993
f 7166 7165 6993
f 7166 6993 6992
f 7167 7166 6992
f 7167 6992 6991
f 7168 7167 6991
f 7168 6991 6990
f 7169 7168 6990
f 7169 6990 6989
f 7170 6989 6988
f 7170 7169 6989
f 7171 6988 6987
f 7171 7170 6988
f 7172 7171 6987
f 7172 6987 6986
f 7173 6986 6985
f 7173 7172 6986
f 7174 6985 6984
f 7174 7173 6985
f 7175 6984 6983
f 7175 7174 6984
f 6981 7150 6982
f 7149 7150 6981
f 7176 6983 6982
f 7176 7175 6983
f 7176 6982 7150
f 7148 7149 6981
f 6980 7148 6981
f 7147 7148 6980
f 7151 7176 7150
f 6979 7147 6980
f 7123 7122 7147
f 7123 6979 6978
f 7123 7147 6979
f 7124 7123 6978
f 7124 6978 6977
f 7125 7124 6977
f 7125 6977 6976
f 7126 7125 6976
f 7126 6976 6975
f 7127 7126 6975
f 7127 6975 6974
f 7128 7127 6974
f 7128 6974 6973
f 7129 7128 6973
f 7129 6973 6972
f 7130 7129 6972
f 7130 6972 6971
f 7131 7130 6971
f 7131 6971 6970
f 7132 6970 6969
f 7132 7131 6970
f 7133 6969 6968
f 7133 7132 6969
f 7134 6968 6967
f 7134 7133 6968
f 7135 7134 6967
f 7136 6967 6966
f 7136 7135 6967
f 7137 6966 6965
f 7137 7136 6966
f 7138 6965 6964
f 7138 7137 6965
f 7139 6964 6963
f 7139 7138 6964
f 7140 6963 6962
f 7140 7139 6963
f 7141 6962 6961
f 7141 7140 6962
f 7142 6961 6960
f 7142 7141 6961
f 7143 6960 6959
f 7143 7142 6960
f 7144 6959 6958
f 7144 7143 6959
f 7145 6958 6957
f 7145 7144 6958
f 7120 6956 6955
f 7119 7120 6955
f 6954 7119 6955
f 7146 6957 6956
f 7146 7145 6957
f 7146 6956 7120
f 7118 7119 6954
f 7117 7118 6954
f 6953 7117 6954
f 7121 7146 7120
f 7093 7117 6953
f 7093 6953 6952
f 7093 7092 7117
f 7094 7093 6952
f 7094 6952 6951
f 7095 6951 6950
f 7095 7094 6951
f 7096 6950 6949
f 7096 7095 6950
f 7097 6949 6948
f 7097 7096 6949
f 7098 6948 6947
f 7098 7097 6948
f 7099 6947 6946
f 7099 7098 6947
f 7100 6946 6945
f 7100 7099 6946
f 7101 6945 6944
f 7101 7100 6945
f 7102 6944 6943
f 7102 7101 6944
f 7103 6943 6942
f 7103 7102 6943
f 7104 6942 6941
f 7104 7103 6942
f 7105 6941 6940
f 7105 7104 6941
f 7106 6940 6939
f 7106 7105 6940
f 7107 6939 6938
f 7107 7106 6939
f 7108 6938 6937
f 7108 7107 6938
f 7109 6937 6936
f 7109 7108 6937
f 7110 6936 6935
f 7110 7109 6936
f 7111 6935 6934
f 7111 7110 6935
f 7112 6934 6933
f 7112 7111 6934
f 7113 6933 6932
f 7113 7112 6933
f 7114 6932 6931
f 7114 7113 6932
f 7115 6931 6930
f 7115 7114 6931
f 7089 7090 6929
f 6928 7089 6929
f 7088 7089 6928
f 7087 7088 6928
f 7116 6930 6929
f 7116 7115 6930
f 7116 6929 7090
f 7091 7116 7090
f 7299 7272 7271
f 7273 7299 7271
f 7300 7299 7273
f 7274 7300 7273
f 7301 7300 7274
f 7275 7301 7274
f 7302 7301 7275
f 7276 7302 7275
f 7303 7302 7276
f 7277 7303 7276
f 7304 7303 7277
f 7278 7304 7277
f 7305 7304 7278
f 7279 7305 7278
f 7306 7305 7279
f 7280 7306 7279
f 7307 7306 7280
f 7281 7307 7280
f 7308 7307 7281
f 7282 7308 7281
f 7309 7308 7282
f 7283 7309 7282
f 7310 7309 7283
f 7284 7310 7283
f 7285 7310 7284
f 7285 7311 7310
f 7286 7311 7285
f 7286 7312 7311
f 7287 7312 7286
f 7287 7313 7312
f 7288 7313 7287
f 7288 7314 7313
f 7289 7314 7288
f 7289 7315 7314
f 7290 7315 7289
f 7290 7316 7315
f 7291 7316 7290
f 7317 7316 7291
f 7292 7317 7291
f 7318 7317 7292
f 7293 7318 7292
f 7319 7318 7293
f 7294 7319 7293
f 7320 7319 7294
f 7295 7320 7294
f 7321 7320 7295
f 7296 7321 7295
f 7322 7321 7296
f 7297 7322 7296
f 7298 7322 7297
f 7351 7324 7323
f 7351 7323 7325
f 7352 7325 7326
f 7352 7351 7325
f 7353 7326 7327
f 7353 7352 7326
f 7354 7327 7328
f 7354 7353 7327
f 7355 7328 7329
f 7355 7354 7328
f 7356 7329 7330
f 7356 7355 7329
f 7357 7330 7331
f 7357 7356 7330
f 7358 7331 7332
f 7358 7357 7331
f 7359 7332 7333
f 7359 7333 7334
f 7359 7358 7332
f 7360 7359 7334
f 7361 7360 7334
f 7361 7334 7335
f 7361 7335 7336
f 7362 7361 7336
f 7363 7362 7336
f 7363 7336 7337
f 7363 7337 7338
f 7364 7363 7338
f 7365 7338 7339
f 7365 7339 7340
f 7365 7364 7338
f 7366 7365 7340
f 7367 7340 7341
f 7367 7366 7340
f 7368 7341 7342
f 7368 7342 7343
f 7368 7367 7341
f 7369 7343 7344
f 7369 7368 7343
f 7370 7369 7344
f 7371 7344 7345
f 7371 7370 7344
f 7372 7345 7346
f 7372 7371 7345
f 7373 7346 7347
f 7373 7372 7346
f 7374 7347 7348
f 7374 7373 7347
f 7350 7348 7349
f 7350 7374 7348
f 7379 7376 7375
f 7379 7377 7376
f 7407 7378 7377
f 7407 7377 7379
f 7408 7379 7380
f 7408 7407 7379
f 7409 7380 7381
f 7409 7408 7380
f 7410 7381 7382
f 7410 7409 7381
f 7411 7382 7383
f 7411 7410 7382
f 7412 7383 7384
f 7412 7411 7383
f 7413 7384 7385
f 7413 7412 7384
f 7414 7385 7386
f 7414 7413 7385
f 7415 7386 7387
f 7415 7414 7386
f 7416 7415 7387
f 7416 7387 7388
f 7417 7416 7388
f 7417 7388 7389
f 7418 7417 7389
f 7418 7389 7390
f 7419 7418 7390
f 7419 7390 7391
f 7392 7419 7391
f 7420 7419 7392
f 7393 7420 7392
f 7421 7420 7393
f 7394 7421 7393
f 7422 7421 7394
f 7395 7422 7394
f 7423 7422 7395
f 7396 7423 7395
f 7424 7423 7396
f 7397 7424 7396
f 7425 7424 7397
f 7398 7425 7397
f 7426 7425 7398
f 7399 7426 7398
f 7427 7426 7399
f 7400 7427 7399
f 7428 7427 7400
f 7401 7428 7400
f 7429 7428 7401
f 7402 7429 7401
f 7430 7429 7402
f 7404 7402 7403
f 7405 7430 7402
f 7405 7402 7404
f 7406 7430 7405
f 7459 7432 7431
f 7459 7431 7433
f 7460 7433 7434
f 7460 7459 7433
f 7461 7434 7435
f 7461 7460 7434
f 7462 7435 7436
f 7462 7461 7435
f 7463 7436 7437
f 7463 7462 7436
f 7464 7437 7438
f 7464 7463 7437
f 7465 7438 7439
f 7465 7439 7440
f 7465 7464 7438
f 7466 7465 7440
f 7467 7440 7441
f 7467 7466 7440
f 7468 7441 7442
f 7468 7467 7441
f 7469 7468 7442
f 7469 7442 7443
f 7470 7469 7443
f 7470 7443 7444
f 7470 7444 7445
f 7471 7470 7445
f 7472 7471 7445
f 7472 7445 7446
f 7473 7472 7446
f 7473 7446 7447
f 7474 7447 7448
f 7474 7473 7447
f 7474 7448 7449
f 7475 7474 7449
f 7476 7449 7450
f 7476 7475 7449
f 7477 7450 7451
f 7477 7476 7450
f 7478 7451 7452
f 7478 7477 7451
f 7479 7452 7453
f 7479 7453 7454
f 7479 7478 7452
f 7480 7454 7455
f 7480 7479 7454
f 7481 7480 7455
f 7482 7455 7456
f 7482 7481 7455
f 7458 7456 7457
f 7458 7482 7456
f 7490 7517 7516
f 7489 7516 7515
f 7489 7490 7516
f 7491 7518 7517
f 7491 7517 7490
f 7488 7515 7514
f 7488 7489 7515
f 7492 7519 7518
f 7492 7518 7491
f 7487 7514 7513
f 7487 7488 7514
f 7493 7520 7519
f 7493 7519 7492
f 7486 7513 7512
f 7486 7487 7513
f 7494 7521 7520
f 7494 7520 7493
f 7485 7512 7511
f 7485 7486 7512
f 7495 7522 7521
f 7495 7521 7494
f 7483 7485 7511
f 7483 7511 7484
f 7496 7522 7495
f 7497 7523 7522
f 7497 7522 7496
f 7498 7523 7497
f 7498 7524 7523
f 7499 7524 7498
f 7499 7525 7524
f 7500 7525 7499
f 7500 7526 7525
f 7501 7526 7500
f 7501 7527 7526
f 7502 7527 7501
f 7502 7528 7527
f 7503 7528 7502
f 7503 7529 7528
f 7504 7529 7503
f 7504 7530 7529
f 7505 7530 7504
f 7505 7531 7530
f 7506 7531 7505
f 7506 7532 7531
f 7507 7532 7506
f 7507 7533 7532
f 7508 7534 7533
f 7508 7533 7507
f 7509 7534 7508
f 7509 7510 7534
f 7563 7536 7535
f 7563 7535 7537
f 7564 7537 7538
f 7564 7563 7537
f 7565 7538 7539
f 7565 7564 7538
f 7566 7539 7540
f 7566 7565 7539
f 7567 7540 7541
f 7567 7566 7540
f 7568 7541 7542
f 7568 7567 7541
f 7569 7542 7543
f 7569 7568 7542
f 7570 7543 7544
f 7570 7569 7543
f 7571 7544 7545
f 7571 7570 7544
f 7572 7545 7546
f 7572 7571 7545
f 7573 7572 7546
f 7573 7546 7547
f 7574 7573 7547
f 7574 7547 7548
f 7575 7574 7548
f 7575 7548 7549
f 7575 7549 7550
f 7576 7575 7550
f 7577 7576 7550
f 7577 7550 7551
f 7577 7551 7552
f 7578 7577 7552
f 7579 7552 7553
f 7579 7578 7552
f 7580 7553 7554
f 7580 7554 7555
f 7580 7579 7553
f 7581 7555 7556
f 7581 7580 7555
f 7582 7581 7556
f 7583 7556 7557
f 7583 7557 7558
f 7583 7582 7556
f 7584 7558 7559
f 7584 7583 7558
f 7585 7584 7559
f 7586 7559 7560
f 7586 7585 7559
f 7562 7560 7561
f 7562 7586 7560
f 7591 7588 7587
f 7591 7589 7588
f 7619 7590 7589
f 7619 7589 7591
f 7620 7591 7592
f 7620 7619 7591
f 7621 7592 7593
f 7621 7620 7592
f 7622 7593 7594
f 7622 7621 7593
f 7623 7594 7595
f 7623 7622 7594
f 7624 7595 7596
f 7624 7623 7595
f 7625 7596 7597
f 7625 7624 7596
f 7626 7597 7598
f 7626 7625 7597
f 7627 7598 7599
f 7627 7626 7598
f 7628 7627 7599
f 7628 7599 7600
f 7629 7628 7600
f 7629 7600 7601
f 7630 7629 7601
f 7630 7601 7602
f 7631 7630 7602
f 7631 7602 7603
f 7604 7631 7603
f 7632 7631 7604
f 7605 7632 7604
f 7633 7632 7605
f 7606 7633 7605
f 7634 7633 7606
f 7607 7634 7606
f 7635 7634 7607
f 7608 7635 7607
f 7636 7635 7608
f 7609 7636 7608
f 7637 7636 7609
f 7610 7637 7609
f 7638 7637 7610
f 7611 7638 7610
f 7639 7638 7611
f 7612 7639 7611
f 7640 7639 7612
f 7613 7640 7612
f 7641 7640 7613
f 7614 7641 7613
f 7642 7641 7614
f 7616 7614 7615
f 7617 7642 7614
f 7617 7614 7616
f 7618 7642 7617
f 7671 7644 7643
f 7671 7643 7645
f 7672 7645 7646
f 7672 7671 7645
f 7673 7646 7647
f 7673 7672 7646
f 7674 7647 7648
f 7674 7673 7647
f 7675 7648 7649
f 7675 7674 7648
f 7676 7649 7650
f 7676 7675 7649
f 7677 7650 7651
f 7677 7651 7652
f 7677 7676 7650
f 7678 7677 7652
f 7679 7652 7653
f 7679 7653 7654
f 7679 7678 7652
f 7680 7679 7654
f 7681 7680 7654
f 7681 7654 7655
f 7682 7681 7655
f 7682 7655 7656
f 7683 7682 7656
f 7683 7656 7657
f 7684 7683 7657
f 7684 7657 7658
f 7684 7658 7659
f 7685 7684 7659
f 7686 7659 7660
f 7686 7685 7659
f 7687 7660 7661
f 7687 7686 7660
f 7688 7661 7662
f 7688 7687 7661
f 7689 7662 7663
f 7689 7688 7662
f 7690 7663 7664
f 7690 7689 7663
f 7691 7664 7665
f 7691 7690 7664
f 7692 7665 7666
f 7692 7691 7665
f 7693 7666 7667
f 7693 7692 7666
f 7694 7667 7668
f 7694 7693 7667
f 7670 7668 7669
f 7670 7694 7668
f 7721 7722 7746
f 7720 7746 7745
f 7720 7721 7746
f 7719 7745 7744
f 7719 7720 7745
f 7718 7744 7743
f 7718 7719 7744
f 7717 7743 7742
f 7717 7718 7743
f 7716 7742 7741
f 7716 7717 7742
f 7715 7741 7740
f 7715 7716 7741
f 7714 7740 7739
f 7714 7715 7740
f 7713 7739 7738
f 7713 7714 7739
f 7712 7738 7737
f 7712 7713 7738
f 7711 7737 7736
f 7711 7712 7737
f 7710 7711 7736
f 7710 7736 7735
f 7709 7710 7735
f 7709 7735 7734
f 7708 7709 7734
f 7707 7708 7734
f 7707 7734 7733
f 7706 7707 7733
f 7706 7733 7732
f 7705 7706 7732
f 7705 7732 7731
f 7704 7705 7731
f 7704 7731 7730
f 7703 7704 7730
f 7703 7730 7729
f 7702 7703 7729
f 7702 7729 7728
f 7701 7728 7727
f 7701 7702 7728
f 7700 7727 7726
f 7700 7701 7727
f 7699 7726 7725
f 7699 7700 7726
f 7698 7725 7724
f 7698 7699 7725
f 7697 7724 7723
f 7697 7698 7724
f 7695 7723 7696
f 7695 7697 7723
f 7775 7748 7747
f 7775 7747 7749
f 7776 7749 7750
f 7776 7775 7749
f 7777 7750 7751
f 7777 7776 7750
f 7778 7751 7752
f 7778 7777 7751
f 7779 7752 7753
f 7779 7778 7752
f 7780 7753 7754
f 7780 7779 7753
f 7781 7754 7755
f 7781 7780 7754
f 7782 7755 7756
f 7782 7781 7755
f 7783 7756 7757
f 7783 7782 7756
f 7784 7757 7758
f 7784 7783 7757
f 7785 7784 7758
f 7785 7758 7759
f 7786 7785 7759
f 7786 7759 7760
f 7787 7786 7760
f 7787 7760 7761
f 7787 7761 7762
f 7788 7787 7762
f 7789 7788 7762
f 7789 7762 7763
f 7789 7763 7764
f 7790 7789 7764
f 7791 7764 7765
f 7791 7790 7764
f 7792 7765 7766
f 7792 7766 7767
f 7792 7791 7765
f 7793 7767 7768
f 7793 7792 7767
f 7794 7793 7768
f 7795 7768 7769
f 7795 7769 7770
f 7795 7794 7768
f 7796 7770 7771
f 7796 7795 7770
f 7797 7796 7771
f 7798 7771 7772
f 7798 7797 7771
f 7774 7772 7773
f 7774 7798 7772
f 7803 7800 7799
f 7803 7801 7800
f 7831 7802 7801
f 7831 7801 7803
f 7832 7803 7804
f 7832 7831 7803
f 7833 7804 7805
f 7833 7832 7804
f 7834 7805 7806
f 7834 7833 7805
f 7835 7806 7807
f 7835 7834 7806
f 7836 7807 7808
f 7836 7835 7807
f 7837 7808 7809
f 7837 7836 7808
f 7838 7809 7810
f 7838 7837 7809
f 7839 7810 7811
f 7839 7838 7810
f 7840 7839 7811
f 7840 7811 7812
f 7841 7840 7812
f 7841 7812 7813
f 7842 7841 7813
f 7842 7813 7814
f 7843 7842 7814
f 7843 7814 7815
f 7816 7843 7815
f 7844 7843 7816
f 7817 7844 7816
f 7845 7844 7817
f 7818 7845 7817
f 7846 7845 7818
f 7819 7846 7818
f 7847 7846 7819
f 7820 7847 7819
f 7848 7847 7820
f 7821 7848 7820
f 7849 7848 7821
f 7822 7849 7821
f 7850 7849 7822
f 7823 7850 7822
f 7851 7850 7823
f 7824 7851 7823
f 7852 7851 7824
f 7825 7852 7824
f 7853 7852 7825
f 7826 7853 7825
f 7854 7853 7826
f 7828 7826 7827
f 7829 7854 7826
f 7829 7826 7828
f 7830 7854 7829
f 7883 7856 7855
f 7883 7855 7857
f 7884 7857 7858
f 7884 7883 7857
f 7885 7858 7859
f 7885 7884 7858
f 7886 7859 7860
f 7886 7885 7859
f 7887 7860 7861
f 7887 7886 7860
f 7888 7861 7862
f 7888 7887 7861
f 7889 7862 7863
f 7889 7863 7864
f 7889 7888 7862
f 7890 7889 7864
f 7891 7864 7865
f 7891 7865 7866
f 7891 7890 7864
f 7892 7891 7866
f 7893 7892 7866
f 7893 7866 7867
f 7894 7893 7867
f 7894 7867 7868
f 7895 7894 7868
f 7895 7868 7869
f 7896 7895 7869
f 7896 7869 7870
f 7896 7870 7871
f 7897 7896 7871
f 7898 7871 7872
f 7898 7897 7871
f 7899 7872 7873
f 7899 7898 7872
f 7900 7873 7874
f 7900 7899 7873
f 7901 7874 7875
f 7901 7900 7874
f 7902 7875 7876
f 7902 7901 7875
f 7903 7876 7877
f 7903 7902 7876
f 7904 7877 7878
f 7904 7903 7877
f 7905 7878 7879
f 7905 7904 7878
f 7906 7879 7880
f 7906 7905 7879
f 7882 7880 7881
f 7882 7906 7880
f 7958 7933 7934
f 7932 7933 7958
f 7957 7932 7958
f 7931 7932 7957
f 7956 7931 7957
f 7930 7931 7956
f 7955 7930 7956
f 7929 7930 7955
f 7954 7929 7955
f 7928 7929 7954
f 7953 7928 7954
f 7927 7928 7953
f 7952 7926 7927
f 7952 7927 7953
f 7951 7925 7926
f 7951 7926 7952
f 7950 7924 7925
f 7950 7925 7951
f 7949 7923 7924
f 7949 7924 7950
f 7948 7922 7923
f 7948 7923 7949
f 7947 7922 7948
f 7947 7921 7922
f 7920 7921 7947
f 7946 7920 7947
f 7919 7920 7946
f 7945 7919 7946
f 7918 7919 7945
f 7944 7918 7945
f 7917 7918 7944
f 7943 7917 7944
f 7916 7917 7943
f 7942 7916 7943
f 7915 7916 7942
f 7941 7915 7942
f 7914 7915 7941
f 7940 7914 7941
f 7913 7914 7940
f 7939 7913 7940
f 7912 7913 7939
f 7938 7912 7939
f 7911 7912 7938
f 7937 7911 7938
f 7910 7911 7937
f 7936 7910 7937
f 7909 7910 7936
f 7935 7909 7936
f 7907 7909 7935
f 7908 7907 7935
f 7987 7960 7959
f 7987 7959 7961
f 7988 7961 7962
f 7988 7987 7961
f 7989 7962 7963
f 7989 7988 7962
f 7990 7963 7964
f 7990 7989 7963
f 7991 7964 7965
f 7991 7990 7964
f 7992 7965 7966
f 7992 7991 7965
f 7993 7966 7967
f 7993 7992 7966
f 7994 7967 7968
f 7994 7993 7967
f 7995 7968 7969
f 7995 7969 7970
f 7995 7994 7968
f 7996 7995 7970
f 7997 7996 7970
f 7997 7970 7971
f 7997 7971 7972
f 7998 7997 7972
f 7999 7998 7972
f 7999 7972 7973
f 7999 7973 7974
f 8000 7999 7974
f 8001 7974 7975
f 8001 7975 7976
f 8001 8000 7974
f 8002 8001 7976
f 8003 7976 7977
f 8003 8002 7976
f 8004 7977 7978
f 8004 7978 7979
f 8004 8003 7977
f 8005 7979 7980
f 8005 8004 7979
f 8006 8005 7980
f 8007 7980 7981
f 8007 8006 7980
f 8008 7981 7982
f 8008 7982 7983
f 8008 8007 7981
f 8009 7983 7984
f 8009 8008 7983
f 8010 8009 7984
f 7986 7984 7985
f 7986 8010 7984
f 8015 8012 8011
f 8015 8013 8012
f 8043 8014 8013
f 8043 8013 8015
f 8044 8015 8016
f 8044 8043 8015
f 8045 8016 8017
f 8045 8044 8016
f 8046 8017 8018
f 8046 8045 8017
f 8047 8018 8019
f 8047 8046 8018
f 8048 8019 8020
f 8048 8047 8019
f 8049 8020 8021
f 8049 8048 8020
f 8050 8021 8022
f 8050 8049 8021
f 8051 8022 8023
f 8051 8050 8022
f 8052 8051 8023
f 8052 8023 8024
f 8053 8052 8024
f 8053 8024 8025
f 8054 8053 8025
f 8054 8025 8026
f 8055 8054 8026
f 8055 8026 8027
f 8028 8055 8027
f 8056 8055 8028
f 8029 8056 8028
f 8057 8056 8029
f 8030 8057 8029
f 8058 8057 8030
f 8031 8058 8030
f 8059 8058 8031
f 8032 8059 8031
f 8060 8059 8032
f 8033 8060 8032
f 8061 8060 8033
f 8034 8061 8033
f 8062 8061 8034
f 8035 8062 8034
f 8063 8062 8035
f 8036 8063 8035
f 8064 8063 8036
f 8037 8064 8036
f 8065 8064 8037
f 8038 8065 8037
f 8066 8065 8038
f 8040 8038 8039
f 8041 8066 8038
f 8041 8038 8040
f 8042 8066 8041
f 8095 8068 8067
f 8095 8067 8069
f 8096 8069 8070
f 8096 8095 8069
f 8097 8070 8071
f 8097 8096 8070
f 8098 8071 8072
f 8098 8097 8071
f 8099 8072 8073
f 8099 8098 8072
f 8100 8073 8074
f 8100 8099 8073
f 8101 8074 8075
f 8101 8100 8074
f 8102 8075 8076
f 8102 8101 8075
f 8103 8076 8077
f 8103 8077 8078
f 8103 8102 8076
f 8104 8103 8078
f 8105 8104 8078
f 8105 8078 8079
f 8106 8105 8079
f 8106 8079 8080
f 8107 8106 8080
f 8107 8080 8081
f 8108 8107 8081
f 8108 8081 8082
f 8108 8082 8083
f 8109 8108 8083
f 8110 8083 8084
f 8110 8109 8083
f 8111 8084 8085
f 8111 8110 8084
f 8112 8085 8086
f 8112 8111 8085
f 8113 8086 8087
f 8113 8087 8088
f 8113 8112 8086
f 8114 8088 8089
f 8114 8113 8088
f 8115 8114 8089
f 8116 8089 8090
f 8116 8115 8089
f 8117 8090 8091
f 8117 8116 8090
f 8118 8091 8092
f 8118 8117 8091
f 8094 8092 8093
f 8094 8118 8092
f 8170 8144 8145
f 8170 8145 8146
f 8169 8143 8144
f 8169 8144 8170
f 8168 8142 8143
f 8168 8143 8169
f 8167 8141 8142
f 8167 8142 8168
f 8166 8140 8141
f 8166 8141 8167
f 8165 8139 8140
f 8165 8140 8166
f 8164 8138 8139
f 8164 8139 8165
f 8163 8137 8138
f 8163 8138 8164
f 8162 8136 8137
f 8162 8137 8163
f 8161 8135 8136
f 8161 8136 8162
f 8160 8134 8135
f 8160 8135 8161
f 8159 8132 8133
f 8159 8133 8134
f 8159 8134 8160
f 8158 8131 8132
f 8158 8132 8159
f 8157 8130 8131
f 8157 8131 8158
f 8147 8120 8119
f 8147 8119 8121
f 8156 8129 8130
f 8156 8130 8157
f 8148 8121 8122
f 8148 8147 8121
f 8155 8129 8156
f 8155 8128 8129
f 8149 8122 8123
f 8149 8148 8122
f 8154 8128 8155
f 8154 8127 8128
f 8150 8123 8124
f 8150 8149 8123
f 8153 8127 8154
f 8153 8126 8127
f 8151 8124 8125
f 8151 8150 8124
f 8152 8125 8126
f 8152 8151 8125
f 8152 8126 8153
f 8199 8172 8171
f 8199 8171 8173
f 8200 8173 8174
f 8200 8199 8173
f 8201 8174 8175
f 8201 8200 8174
f 8202 8175 8176
f 8202 8201 8175
f 8203 8176 8177
f 8203 8202 8176
f 8204 8177 8178
f 8204 8203 8177
f 8205 8178 8179
f 8205 8204 8178
f 8206 8179 8180
f 8206 8205 8179
f 8207 8180 8181
f 8207 8181 8182
f 8207 8206 8180
f 8208 8207 8182
f 8209 8208 8182
f 8209 8182 8183
f 8209 8183 8184
f 8210 8209 8184
f 8211 8210 8184
f 8211 8184 8185
f 8211 8185 8186
f 8212 8211 8186
f 8213 8186 8187
f 8213 8187 8188
f 8213 8212 8186
f 8214 8213 8188
f 8215 8188 8189
f 8215 8214 8188
f 8216 8189 8190
f 8216 8190 8191
f 8216 8215 8189
f 8217 8191 8192
f 8217 8216 8191
f 8218 8217 8192
f 8219 8192 8193
f 8219 8218 8192
f 8220 8193 8194
f 8220 8194 8195
f 8220 8219 8193
f 8221 8220 8195
f 8222 8195 8196
f 8222 8221 8195
f 8198 8196 8197
f 8198 8222 8196
f 8227 8224 8223
f 8227 8225 8224
f 8255 8226 8225
f 8255 8225 8227
f 8256 8227 8228
f 8256 8255 8227
f 8257 8228 8229
f 8257 8256 8228
f 8258 8229 8230
f 8258 8257 8229
f 8259 8230 8231
f 8259 8258 8230
f 8260 8231 8232
f 8260 8259 8231
f 8261 8232 8233
f 8261 8260 8232
f 8262 8233 8234
f 8262 8261 8233
f 8263 8234 8235
f 8263 8262 8234
f 8264 8263 8235
f 8264 8235 8236
f 8265 8264 8236
f 8265 8236 8237
f 8266 8265 8237
f 8266 8237 8238
f 8239 8266 8238
f 8267 8266 8239
f 8240 8267 8239
f 8268 8267 8240
f 8241 8268 8240
f 8269 8268 8241
f 8242 8269 8241
f 8270 8269 8242
f 8243 8270 8242
f 8271 8270 8243
f 8244 8271 8243
f 8272 8271 8244
f 8245 8272 8244
f 8273 8272 8245
f 8246 8273 8245
f 8274 8273 8246
f 8247 8274 8246
f 8275 8274 8247
f 8248 8275 8247
f 8276 8275 8248
f 8249 8276 8248
f 8277 8276 8249
f 8250 8277 8249
f 8278 8277 8250
f 8252 8250 8251
f 8253 8278 8250
f 8253 8250 8252
f 8254 8278 8253
f 8307 8280 8279
f 8307 8279 8281
f 8308 8281 8282
f 8308 8307 8281
f 8309 8282 8283
f 8309 8308 8282
f 8310 8283 8284
f 8310 8309 8283
f 8311 8284 8285
f 8311 8310 8284
f 8312 8285 8286
f 8312 8311 8285
f 8313 8286 8287
f 8313 8312 8286
f 8314 8287 8288
f 8314 8313 8287
f 8315 8288 8289
f 8315 8289 8290
f 8315 8314 8288
f 8316 8315 8290
f 8317 8316 8290
f 8317 8290 8291
f 8318 8317 8291
f 8318 8291 8292
f 8319 8318 8292
f 8319 8292 8293
f 8320 8319 8293
f 8320 8293 8294
f 8320 8294 8295
f 8321 8320 8295
f 8322 8295 8296
f 8322 8321 8295
f 8323 8296 8297
f 8323 8322 8296
f 8324 8297 8298
f 8324 8323 8297
f 8325 8298 8299
f 8325 8299 8300
f 8325 8324 8298
f 8326 8300 8301
f 8326 8325 8300
f 8327 8326 8301
f 8328 8301 8302
f 8328 8327 8301
f 8329 8302 8303
f 8329 8328 8302
f 8330 8303 8304
f 8330 8329 8303
f 8306 8304 8305
f 8306 8330 8304
f 8359 8332 8331
f 8359 8331 8333
f 8360 8333 8334
f 8360 8359 8333
f 8361 8334 8335
f 8361 8360 8334
f 8362 8335 8336
f 8362 8361 8335
f 8363 8336 8337
f 8363 8362 8336
f 8364 8337 8338
f 8364 8363 8337
f 8365 8338 8339
f 8365 8364 8338
f 8366 8339 8340
f 8366 8365 8339
f 8367 8340 8341
f 8367 8366 8340
f 8368 8341 8342
f 8368 8367 8341
f 8369 8342 8343
f 8369 8368 8342
f 8370 8343 8344
f 8370 8369 8343
f 8371 8370 8344
f 8371 8344 8345
f 8371 8345 8346
f 8372 8371 8346
f 8372 8346 8347
f 8373 8372 8347
f 8373 8347 8348
f 8374 8348 8349
f 8374 8373 8348
f 8375 8349 8350
f 8375 8374 8349
f 8376 8375 8350
f 8376 8350 8351
f 8377 8351 8352
f 8377 8376 8351
f 8378 8352 8353
f 8378 8377 8352
f 8379 8353 8354
f 8379 8378 8353
f 8380 8354 8355
f 8380 8379 8354
f 8381 8355 8356
f 8381 8380 8355
f 8382 8356 8357
f 8382 8381 8356
f 8358 8382 8357
f 8411 8384 8383
f 8411 8383 8385
f 8412 8385 8386
f 8412 8411 8385
f 8413 8386 8387
f 8413 8412 8386
f 8414 8387 8388
f 8414 8413 8387
f 8415 8388 8389
f 8415 8414 8388
f 8416 8389 8390
f 8416 8415 8389
f 8417 8390 8391
f 8417 8416 8390
f 8418 8391 8392
f 8418 8417 8391
f 8419 8392 8393
f 8419 8393 8394
f 8419 8418 8392
f 8420 8419 8394
f 8421 8420 8394
f 8421 8394 8395
f 8421 8395 8396
f 8422 8421 8396
f 8423 8422 8396
f 8423 8396 8397
f 8423 8397 8398
f 8424 8423 8398
f 8425 8398 8399
f 8425 8399 8400
f 8425 8424 8398
f 8426 8425 8400
f 8427 8400 8401
f 8427 8426 8400
f 8428 8401 8402
f 8428 8402 8403
f 8428 8427 8401
f 8429 8403 8404
f 8429 8428 8403
f 8430 8429 8404
f 8431 8404 8405
f 8431 8430 8404
f 8432 8405 8406
f 8432 8406 8407
f 8432 8431 8405
f 8433 8432 8407
f 8434 8407 8408
f 8434 8433 8407
f 8410 8408 8409
f 8410 8434 8408
f 8439 8436 8435
f 8439 8437 8436
f 8467 8438 8437
f 8467 8437 8439
f 8468 8439 8440
f 8468 8467 8439
f 8469 8440 8441
f 8469 8468 8440
f 8470 8441 8442
f 8470 8469 8441
f 8471 8442 8443
f 8471 8470 8442
f 8472 8443 8444
f 8472 8471 8443
f 8473 8444 8445
f 8473 8472 8444
f 8474 8445 8446
f 8474 8473 8445
f 8475 8446 8447
f 8475 8474 8446
f 8476 8475 8447
f 8476 8447 8448
f 8477 8476 8448
f 8477 8448 8449
f 8478 8477 8449
f 8478 8449 8450
f 8451 8478 8450
f 8479 8478 8451
f 8452 8479 8451
f 8480 8479 8452
f 8453 8480 8452
f 8481 8480 8453
f 8454 8481 8453
f 8482 8481 8454
f 8455 8482 8454
f 8483 8482 8455
f 8456 8483 8455
f 8484 8483 8456
f 8457 8484 8456
f 8485 8484 8457
f 8458 8485 8457
f 8486 8485 8458
f 8459 8486 8458
f 8487 8486 8459
f 8460 8487 8459
f 8488 8487 8460
f 8461 8488 8460
f 8489 8488 8461
f 8462 8489 8461
f 8490 8489 8462
f 8464 8462 8463
f 8465 8490 8462
f 8465 8462 8464
f 8466 8490 8465
f 8519 8492 8491
f 8519 8491 8493
f 8520 8493 8494
f 8520 8519 8493
f 8521 8494 8495
f 8521 8520 8494
f 8522 8495 8496
f 8522 8521 8495
f 8523 8496 8497
f 8523 8522 8496
f 8524 8497 8498
f 8524 8523 8497
f 8525 8498 8499
f 8525 8524 8498
f 8526 8499 8500
f 8526 8525 8499
f 8527 8500 8501
f 8527 8501 8502
f 8527 8526 8500
f 8528 8527 8502
f 8529 8528 8502
f 8529 8502 8503
f 8530 8529 8503
f 8530 8503 8504
f 8531 8530 8504
f 8531 8504 8505
f 8532 8531 8505
f 8532 8505 8506
f 8532 8506 8507
f 8533 8532 8507
f 8534 8507 8508
f 8534 8533 8507
f 8535 8508 8509
f 8535 8534 8508
f 8536 8509 8510
f 8536 8535 8509
f 8537 8510 8511
f 8537 8511 8512
f 8537 8536 8510
f 8538 8512 8513
f 8538 8537 8512
f 8539 8538 8513
f 8540 8513 8514
f 8540 8539 8513
f 8541 8514 8515
f 8541 8540 8514
f 8542 8515 8516
f 8542 8516 8517
f 8542 8541 8515
f 8518 8542 8517
f 8760 8602 8603
f 8761 8760 8603
f 8761 8603 8604
f 8759 8602 8760
f 8759 8600 8601
f 8759 8601 8602
f 8762 8761 8604
f 8758 8600 8759
f 8763 8762 8604
f 8763 8604 8605
f 8757 8599 8600
f 8757 8600 8758
f 8764 8605 8606
f 8764 8763 8605
f 8756 8599 8757
f 8756 8597 8598
f 8756 8598 8599
f 8765 8764 8606
f 8765 8606 8607
f 8755 8597 8756
f 8766 8765 8607
f 8766 8607 8608
f 8754 8597 8755
f 8754 8596 8597
f 8767 8766 8608
f 8767 8608 8609
f 8767 8609 8610
f 8753 8596 8754
f 8753 8595 8596
f 8768 8767 8610
f 8752 8595 8753
f 8752 8594 8595
f 8769 8768 8610
f 8769 8610 8611
f 8751 8594 8752
f 8751 8592 8593
f 8751 8593 8594
f 8770 8611 8612
f 8770 8769 8611
f 8750 8592 8751
f 8771 8770 8612
f 8771 8612 8613
f 8771 8613 8614
f 8749 8592 8750
f 8749 8591 8592
f 8772 8771 8614
f 8748 8591 8749
f 8748 8589 8590
f 8748 8590 8591
f 8773 8772 8614
f 8773 8614 8615
f 8773 8615 8616
f 8747 8589 8748
f 8774 8773 8616
f 8746 8589 8747
f 8746 8588 8589
f 8775 8774 8616
f 8775 8616 8617
f 8775 8617 8618
f 8745 8587 8588
f 8745 8588 8746
f 8776 8775 8618
f 8744 8585 8586
f 8744 8586 8587
f 8744 8587 8745
f 8777 8776 8618
f 8777 8618 8619
f 8743 8585 8744
f 8778 8777 8619
f 8778 8619 8620
f 8742 8583 8584
f 8742 8584 8585
f 8742 8585 8743
f 8779 8620 8621
f 8779 8778 8620
f 8741 8583 8742
f 8780 8621 8622
f 8780 8779 8621
f 8740 8582 8583
f 8740 8583 8741
f 8781 8622 8623
f 8781 8623 8624
f 8781 8780 8622
f 8739 8582 8740
f 8739 8580 8581
f 8739 8581 8582
f 8782 8781 8624
f 8738 8579 8580
f 8738 8580 8739
f 8783 8782 8624
f 8783 8624 8625
f 8783 8625 8626
f 8737 8579 8738
f 8737 8578 8579
f 8784 8783 8626
f 8736 8578 8737
f 8785 8784 8626
f 8785 8626 8627
f 8735 8578 8736
f 8735 8576 8577
f 8735 8577 8578
f 8786 8785 8627
f 8786 8627 8628
f 8786 8628 8629
f 8734 8576 8735
f 8787 8786 8629
f 8733 8576 8734
f 8733 8574 8575
f 8733 8575 8576
f 8788 8787 8629
f 8788 8629 8630
f 8788 8630 8631
f 8732 8574 8733
f 8789 8788 8631
f 8731 8573 8574
f 8731 8574 8732
f 8790 8789 8631
f 8790 8631 8632
f 8730 8572 8573
f 8730 8573 8731
f 8791 8790 8632
f 8791 8632 8633
f 8729 8571 8572
f 8729 8572 8730
f 8792 8791 8633
f 8792 8633 8634
f 8728 8570 8571
f 8728 8571 8729
f 8793 8792 8634
f 8793 8634 8635
f 8727 8569 8570
f 8727 8570 8728
f 8794 8793 8635
f 8794 8635 8636
f 8726 8568 8569
f 8726 8569 8727
f 8795 8794 8636
f 8795 8636 8637
f 8725 8567 8568
f 8725 8568 8726
f 8796 8637 8638
f 8796 8795 8637
f 8724 8567 8725
f 8724 8566 8567
f 8797 8796 8638
f 8797 8638 8639
f 8723 8565 8566
f 8723 8566 8724
f 8798 8797 8639
f 8798 8639 8640
f 8722 8565 8723
f 8722 8564 8565
f 8799 8798 8640
f 8799 8640 8641
f 8721 8563 8564
f 8721 8564 8722
f 8642 8799 8641
f 8642 8800 8799
f 8562 8563 8721
f 8562 8721 8720
f 8643 8800 8642
f 8643 8801 8800
f 8561 8562 8720
f 8561 8720 8719
f 8644 8801 8643
f 8644 8802 8801
f 8803 8802 8644
f 8560 8561 8719
f 8560 8719 8718
f 8645 8803 8644
f 8559 8560 8718
f 8559 8718 8717
f 8646 8804 8803
f 8646 8803 8645
f 8558 8559 8717
f 8558 8716 8715
f 8558 8717 8716
f 8647 8805 8804
f 8647 8804 8646
f 8557 8558 8715
f 8648 8806 8805
f 8648 8805 8647
f 8556 8715 8714
f 8556 8557 8715
f 8649 8807 8806
f 8649 8808 8807
f 8649 8806 8648
f 8555 8713 8712
f 8555 8714 8713
f 8555 8556 8714
f 8650 8808 8649
f 8554 8712 8711
f 8554 8555 8712
f 8651 8809 8808
f 8651 8808 8650
f 8553 8554 8711
f 8652 8809 8651
f 8652 8810 8809
f 8652 8811 8810
f 8552 8553 8711
f 8552 8711 8710
f 8653 8811 8652
f 8653 8812 8811
f 8551 8552 8710
f 8551 8710 8709
f 8654 8812 8653
f 8550 8551 8709
f 8550 8709 8708
f 8655 8812 8654
f 8655 8813 8812
f 8549 8550 8708
f 8549 8708 8707
f 8656 8813 8655
f 8656 8814 8813
f 8548 8706 8705
f 8548 8707 8706
f 8548 8549 8707
f 8657 8814 8656
f 8657 8815 8814
f 8657 8816 8815
f 8547 8548 8705
f 8658 8816 8657
f 8546 8705 8704
f 8546 8547 8705
f 8659 8817 8816
f 8659 8816 8658
f 8545 8703 8702
f 8545 8704 8703
f 8545 8546 8704
f 8660 8818 8817
f 8660 8817 8659
f 8544 8702 8701
f 8544 8545 8702
f 8661 8818 8660
f 8661 8819 8818
f 8543 8701 8858
f 8543 8544 8701
f 8662 8820 8819
f 8662 8819 8661
f 8700 8543 8858
f 8663 8820 8662
f 8663 8821 8820
f 8699 8700 8858
f 8699 8858 8857
f 8664 8821 8663
f 8664 8822 8821
f 8698 8857 8856
f 8698 8699 8857
f 8665 8822 8664
f 8665 8823 8822
f 8665 8824 8823
f 8697 8856 8855
f 8697 8698 8856
f 8666 8824 8665
f 8696 8855 8854
f 8696 8697 8855
f 8667 8824 8666
f 8667 8825 8824
f 8695 8854 8853
f 8695 8696 8854
f 8668 8825 8667
f 8668 8826 8825
f 8668 8827 8826
f 8694 8852 8851
f 8694 8853 8852
f 8694 8695 8853
f 8669 8827 8668
f 8693 8851 8850
f 8693 8694 8851
f 8670 8827 8669
f 8670 8828 8827
f 8692 8693 8850
f 8671 8828 8670
f 8671 8829 8828
f 8691 8850 8849
f 8691 8692 8850
f 8672 8830 8829
f 8672 8829 8671
f 8690 8691 8849
f 8690 8848 8847
f 8690 8849 8848
f 8673 8830 8672
f 8673 8831 8830
f 8673 8832 8831
f 8689 8690 8847
f 8674 8832 8673
f 8674 8833 8832
f 8688 8847 8846
f 8688 8689 8847
f 8675 8833 8674
f 8675 8834 8833
f 8687 8846 8845
f 8687 8688 8846
f 8687 8845 8844
f 8676 8834 8675
f 8686 8687 8844
f 8677 8834 8676
f 8677 8835 8834
f 8685 8686 8844
f 8685 8844 8843
f 8678 8835 8677
f 8678 8836 8835
f 8684 8685 8843
f 8684 8843 8842
f 8679 8836 8678
f 8679 8837 8836
f 8679 8838 8837
f 8683 8684 8842
f 8683 8841 8840
f 8683 8842 8841
f 8680 8838 8679
f 8682 8683 8840
f 8681 8838 8680
f 8681 8682 8840
f 8681 8839 8838
f 8681 8840 8839
f 8859 9176 9018
f 8860 9175 9176
f 8860 9176 8859
f 8861 9174 9175
f 8861 9175 8860
f 8862 9173 9174
f 8862 9174 8861
f 8863 9172 9173
f 8863 9173 8862
f 8864 9171 9172
f 8864 9172 8863
f 8865 9170 9171
f 8865 9171 8864
f 8866 9169 9170
f 8866 9170 8865
f 8867 9168 9169
f 8867 9169 8866
f 8868 9167 9168
f 8868 9168 8867
f 8869 9166 9167
f 8869 9167 8868
f 8870 9165 9166
f 8870 9166 8869
f 8871 9164 9165
f 8871 9165 8870
f 8872 9163 9164
f 8872 9164 8871
f 8873 9162 9163
f 8873 9163 8872
f 8874 9162 8873
f 8874 9161 9162
f 8875 9161 8874
f 8875 9160 9161
f 8876 9160 8875
f 8876 9159 9160
f 8877 9159 8876
f 8877 9158 9159
f 8878 9157 9158
f 8878 9158 8877
f 8879 9157 8878
f 8879 9156 9157
f 8880 9156 8879
f 8880 9155 9156
f 8881 9155 8880
f 8881 9154 9155
f 8882 9154 8881
f 8882 9153 9154
f 8883 9153 8882
f 8883 9152 9153
f 8884 9152 8883
f 8884 9151 9152
f 8885 9151 8884
f 8885 9150 9151
f 8886 9150 8885
f 8886 9149 9150
f 8887 9149 8886
f 8887 9148 9149
f 8888 9148 8887
f 8888 9147 9148
f 8889 9147 8888
f 8889 9146 9147
f 8890 9146 8889
f 8890 9145 9146
f 8891 9145 8890
f 8891 9144 9145
f 8892 9144 8891
f 8892 9143 9144
f 8893 9143 8892
f 8893 9142 9143
f 8894 9142 8893
f 8894 9141 9142
f 8895 9141 8894
f 8895 9140 9141
f 8896 9140 8895
f 8897 9140 8896
f 8897 9138 9139
f 8897 9139 9140
f 8898 9138 8897
f 8899 9136 9137
f 8899 9137 9138
f 8899 9138 8898
f 8900 9136 8899
f 8901 9134 9135
f 8901 9135 9136
f 8901 9136 8900
f 8902 9133 9134
f 8902 9134 8901
f 8903 9133 8902
f 8904 9133 8903
f 8904 9131 9132
f 8904 9132 9133
f 8905 9130 9131
f 8905 9131 8904
f 8906 9130 8905
f 8907 9130 8906
f 8907 9128 9129
f 8907 9129 9130
f 8908 9128 8907
f 8909 9128 8908
f 8909 9127 9128
f 8910 9127 8909
f 8910 9125 9126
f 8910 9126 9127
f 8911 9125 8910
f 8912 9125 8911
f 8912 9123 9124
f 8912 9124 9125
f 8913 9123 8912
f 8913 9122 9123
f 8914 9122 8913
f 8915 9122 8914
f 8915 9120 9121
f 8915 9121 9122
f 8916 9120 8915
f 8916 9119 9120
f 8917 9119 8916
f 8918 9119 8917
f 8918 9117 9118
f 8918 9118 9119
f 8919 9117 8918
f 8920 9116 9117
f 8920 9117 8919
f 8921 9114 9115
f 8921 9115 9116
f 8921 9116 8920
f 8922 9113 9114
f 8922 9114 8921
f 8923 9113 8922
f 8924 9112 9113
f 8924 9113 8923
f 8925 9111 9112
f 8925 9112 8924
f 8926 9110 9111
f 8926 9111 8925
f 8927 9108 9109
f 8927 9109 9110
f 8927 9110 8926
f 8928 9108 8927
f 8929 9106 9107
f 8929 9107 9108
f 8929 9108 8928
f 8930 9106 8929
f 8931 9106 8930
f 8931 9105 9106
f 8932 9105 8931
f 8932 9103 9104
f 8932 9104 9105
f 8933 9103 8932
f 8934 9103 8933
f 8934 9102 9103
f 8935 9102 8934
f 8935 9100 9101
f 8935 9101 9102
f 8936 9100 8935
f 8937 9100 8936
f 8937 9098 9099
f 8937 9099 9100
f 8938 9098 8937
f 8938 9097 9098
f 8939 9097 8938
f 8940 9096 9097
f 8940 9097 8939
f 8941 9095 9096
f 8941 9096 8940
f 8942 9094 9095
f 8942 9095 8941
f 8943 9093 9094
f 8943 9094 8942
f 8944 9092 9093
f 8944 9093 8943
f 8945 9090 9091
f 8945 9091 9092
f 8945 9092 8944
f 8946 9090 8945
f 8947 9088 9089
f 8947 9089 9090
f 8947 9090 8946
f 8948 9088 8947
f 8949 9087 9088
f 8949 9088 8948
f 8950 9085 9086
f 8950 9086 9087
f 8950 9087 8949
f 8951 9085 8950
f 8952 9083 9084
f 8952 9084 9085
f 8952 9085 8951
f 8953 9083 8952
f 8954 9082 9083
f 8954 9083 8953
f 8955 9082 8954
f 8955 9081 9082
f 8956 9081 8955
f 8956 9080 9081
f 8957 9080 8956
f 8957 9078 9079
f 8957 9079 9080
f 8958 9078 8957
f 8959 9077 9078
f 8959 9078 8958
f 8960 9075 9076
f 8960 9076 9077
f 8960 9077 8959
f 8961 9075 8960
f 8962 9074 9075
f 8962 9075 8961
f 8963 9073 9074
f 8963 9074 8962
f 8964 9071 9072
f 8964 9072 9073
f 8964 9073 8963
f 8965 9071 8964
f 8966 9070 9071
f 8966 9071 8965
f 8967 9069 9070
f 8967 9070 8966
f 8968 9067 9068
f 8968 9068 9069
f 8968 9069 8967
f 8969 9066 9067
f 8969 9067 8968
f 8970 9066 8969
f 8971 9064 9065
f 8971 9065 9066
f 8971 9066 8970
f 8972 9064 8971
f 8973 9063 9064
f 8973 9064 8972
f 8974 9062 9063
f 8974 9063 8973
f 8975 9061 9062
f 8975 9062 8974
f 8975 9060 9061
f 8976 9060 8975
f 8977 9060 8976
f 8977 9058 9059
f 8977 9059 9060
f 8978 9058 8977
f 8979 9057 9058
f 8979 9058 8978
f 8980 9057 8979
f 8980 9055 9056
f 8980 9056 9057
f 8981 9055 8980
f 8982 9055 8981
f 8982 9054 9055
f 8983 9054 8982
f 8983 9052 9053
f 8983 9053 9054
f 8984 9052 8983
f 8985 9052 8984
f 8985 9050 9051
f 8985 9051 9052
f 8986 9050 8985
f 8987 9050 8986
f 8987 9049 9050
f 8988 9049 8987
f 8988 9047 9048
f 8988 9048 9049
f 8989 9047 8988
f 8989 9046 9047
f 8990 9046 8989
f 8991 9046 8990
f 8991 9045 9046
f 8992 9045 8991
f 8992 9044 9045
f 8993 9044 8992
f 8993 9043 9044
f 8994 9043 8993
f 8994 9041 9042
f 8994 9042 9043
f 8995 9041 8994
f 8996 9041 8995
f 8996 9040 9041
f 8997 9040 8996
f 8997 9038 9039
f 8997 9039 9040
f 8998 9038 8997
f 8999 9037 9038
f 8999 9038 8998
f 9000 9035 9036
f 9000 9036 9037
f 9000 9037 8999
f 9001 9035 9000
f 9002 9033 9034
f 9002 9034 9035
f 9002 9035 9001
f 9003 9032 9033
f 9003 9033 9002
f 9004 9032 9003
f 9005 9031 9032
f 9005 9032 9004
f 9006 9031 9005
f 9006 9029 9030
f 9006 9030 9031
f 9007 9029 9006
f 9008 9029 9007
f 9008 9027 9028
f 9008 9028 9029
f 9009 9027 9008
f 9010 9027 9009
f 9010 9026 9027
f 9011 9026 9010
f 9011 9024 9025
f 9011 9025 9026
f 9012 9024 9011
f 9012 9023 9024
f 9013 9023 9012
f 9013 9022 9023
f 9014 9022 9013
f 9015 9022 9014
f 9015 9021 9022
f 9016 9021 9015
f 9016 9019 9020
f 9016 9020 9021
f 9017 9019 9016
f 9434 9277 9276
f 9433 9434 9276
f 9433 9276 9275
f 9435 9278 9277
f 9435 9277 9434
f 9432 9433 9275
f 9432 9275 9274
f 9436 9279 9278
f 9436 9278 9435
f 9431 9432 9274
f 9431 9274 9273
f 9437 9280 9279
f 9437 9279 9436
f 9430 9431 9273
f 9430 9273 9272
f 9438 9281 9280
f 9438 9280 9437
f 9429 9430 9272
f 9429 9272 9271
f 9439 9281 9438
f 9428 9271 9270
f 9428 9429 9271
f 9440 9282 9281
f 9440 9283 9282
f 9440 9281 9439
f 9427 9428 9270
f 9427 9270 9269
f 9441 9283 9440
f 9426 9427 9269
f 9426 9269 9268
f 9442 9284 9283
f 9442 9285 9284
f 9442 9283 9441
f 9425 9426 9268
f 9425 9268 9267
f 9443 9286 9285
f 9443 9285 9442
f 9424 9425 9267
f 9424 9267 9266
f 9444 9287 9286
f 9444 9286 9443
f 9423 9424 9266
f 9423 9266 9265
f 9445 9288 9287
f 9445 9287 9444
f 9422 9423 9265
f 9422 9264 9263
f 9422 9265 9264
f 9446 9289 9288
f 9446 9288 9445
f 9421 9422 9263
f 9421 9263 9262
f 9447 9290 9289
f 9447 9289 9446
f 9420 9421 9262
f 9420 9262 9261
f 9448 9291 9290
f 9448 9290 9447
f 9419 9420 9261
f 9449 9292 9291
f 9449 9291 9448
f 9418 9419 9261
f 9418 9261 9260
f 9450 9292 9449
f 9450 9293 9292
f 9417 9418 9260
f 9417 9259 9258
f 9417 9260 9259
f 9451 9294 9293
f 9451 9293 9450
f 9416 9417 9258
f 9452 9294 9451
f 9415 9258 9257
f 9415 9416 9258
f 9453 9295 9294
f 9453 9296 9295
f 9453 9294 9452
f 9414 9257 9256
f 9414 9415 9257
f 9454 9297 9296
f 9454 9296 9453
f 9413 9256 9255
f 9413 9414 9256
f 9455 9298 9297
f 9455 9297 9454
f 9412 9413 9255
f 9412 9255 9254
f 9456 9299 9298
f 9456 9298 9455
f 9411 9412 9254
f 9411 9253 9252
f 9411 9254 9253
f 9457 9300 9299
f 9457 9299 9456
f 9410 9411 9252
f 9458 9300 9457
f 9458 9301 9300
f 9409 9410 9252
f 9409 9251 9250
f 9409 9252 9251
f 9459 9302 9301
f 9459 9301 9458
f 9408 9409 9250
f 9460 9303 9302
f 9460 9302 9459
f 9407 9408 9250
f 9407 9250 9249
f 9461 9304 9303
f 9461 9303 9460
f 9406 9407 9249
f 9406 9248 9247
f 9406 9249 9248
f 9462 9305 9304
f 9462 9304 9461
f 9405 9406 9247
f 9405 9247 9246
f 9463 9305 9462
f 9463 9306 9305
f 9404 9405 9246
f 9464 9306 9463
f 9403 9404 9246
f 9403 9245 9244
f 9403 9246 9245
f 9465 9307 9306
f 9465 9306 9464
f 9402 9403 9244
f 9466 9308 9307
f 9466 9307 9465
f 9401 9402 9244
f 9401 9243 9242
f 9401 9244 9243
f 9467 9309 9308
f 9467 9308 9466
f 9400 9401 9242
f 9241 9400 9242
f 9468 9310 9309
f 9468 9309 9467
f 9311 9310 9468
f 9399 9400 9241
f 9240 9399 9241
f 9469 9311 9468
f 9312 9311 9469
f 9398 9399 9240
f 9470 9312 9469
f 9397 9398 9240
f 9397 9240 9239
f 9471 9312 9470
f 9471 9313 9312
f 9396 9397 9239
f 9396 9239 9238
f 9472 9313 9471
f 9472 9314 9313
f 9237 9396 9238
f 9395 9396 9237
f 9473 9314 9472
f 9473 9315 9314
f 9236 9394 9395
f 9236 9395 9237
f 9316 9315 9473
f 9316 9473 9474
f 9235 9393 9394
f 9235 9394 9236
f 9317 9316 9474
f 9317 9474 9475
f 9234 9392 9393
f 9234 9393 9235
f 9476 9317 9475
f 9318 9317 9476
f 9233 9391 9392
f 9233 9392 9234
f 9390 9391 9233
f 9319 9318 9476
f 9319 9476 9477
f 9478 9319 9477
f 9232 9390 9233
f 9320 9319 9478
f 9231 9389 9390
f 9231 9390 9232
f 9388 9389 9231
f 9321 9479 9480
f 9321 9320 9478
f 9321 9478 9479
f 9230 9388 9231
f 9322 9321 9480
f 9229 9386 9387
f 9229 9387 9388
f 9229 9388 9230
f 9323 9480 9481
f 9323 9322 9480
f 9228 9386 9229
f 9324 9481 9482
f 9324 9323 9481
f 9227 9386 9228
f 9227 9385 9386
f 9325 9482 9483
f 9325 9324 9482
f 9226 9384 9385
f 9226 9385 9227
f 9326 9483 9484
f 9326 9325 9483
f 9225 9383 9384
f 9225 9384 9226
f 9327 9484 9485
f 9327 9326 9484
f 9224 9382 9383
f 9224 9383 9225
f 9328 9485 9486
f 9328 9327 9485
f 9223 9381 9382
f 9223 9382 9224
f 9329 9486 9487
f 9329 9328 9486
f 9222 9380 9381
f 9222 9381 9223
f 9330 9487 9488
f 9330 9329 9487
f 9221 9379 9380
f 9221 9380 9222
f 9331 9488 9489
f 9331 9330 9488
f 9220 9378 9379
f 9220 9379 9221
f 9332 9489 9490
f 9332 9331 9489
f 9219 9378 9220
f 9219 9377 9378
f 9333 9490 9491
f 9333 9332 9490
f 9218 9377 9219
f 9218 9375 9376
f 9218 9376 9377
f 9334 9491 9492
f 9334 9492 9335
f 9334 9333 9491
f 9217 9375 9218
f 9177 9334 9335
f 9216 9375 9217
f 9216 9374 9375
f 9178 9335 9336
f 9178 9336 9337
f 9178 9177 9335
f 9215 9374 9216
f 9215 9373 9374
f 9179 9178 9337
f 9214 9373 9215
f 9214 9372 9373
f 9180 9179 9337
f 9180 9337 9338
f 9213 9372 9214
f 9213 9371 9372
f 9181 9338 9339
f 9181 9339 9340
f 9181 9180 9338
f 9212 9371 9213
f 9212 9370 9371
f 9182 9181 9340
f 9211 9370 9212
f 9211 9369 9370
f 9183 9182 9340
f 9183 9340 9341
f 9210 9369 9211
f 9210 9368 9369
f 9184 9341 9342
f 9184 9183 9341
f 9209 9367 9368
f 9209 9368 9210
f 9185 9342 9343
f 9185 9184 9342
f 9208 9366 9367
f 9208 9367 9209
f 9186 9343 9344
f 9186 9185 9343
f 9207 9366 9208
f 9207 9365 9366
f 9187 9344 9345
f 9187 9345 9346
f 9187 9186 9344
f 9206 9363 9364
f 9206 9364 9365
f 9206 9365 9207
f 9188 9187 9346
f 9188 9346 9347
f 9205 9363 9206
f 9189 9188 9347
f 9204 9363 9205
f 9204 9361 9362
f 9204 9362 9363
f 9190 9189 9347
f 9190 9347 9348
f 9203 9361 9204
f 9191 9348 9349
f 9191 9190 9348
f 9202 9361 9203
f 9202 9360 9361
f 9192 9191 9349
f 9192 9349 9350
f 9201 9360 9202
f 9201 9359 9360
f 9193 9192 9350
f 9193 9350 9351
f 9200 9359 9201
f 9200 9358 9359
f 9194 9193 9351
f 9194 9351 9352
f 9199 9358 9200
f 9199 9357 9358
f 9195 9194 9352
f 9195 9352 9353
f 9198 9357 9199
f 9198 9356 9357
f 9196 9195 9353
f 9196 9353 9354
f 9196 9354 9355
f 9197 9196 9355
f 9197 9356 9198
f 9197 9355 9356
f 9493 9652 9810
f 9494 9810 9809
f 9494 9493 9810
f 9495 9809 9808
f 9495 9494 9809
f 9496 9808 9807
f 9496 9495 9808
f 9497 9807 9806
f 9497 9496 9807
f 9498 9806 9805
f 9498 9497 9806
f 9499 9805 9804
f 9499 9498 9805
f 9500 9804 9803
f 9500 9499 9804
f 9501 9803 9802
f 9501 9500 9803
f 9502 9802 9801
f 9502 9501 9802
f 9503 9801 9800
f 9503 9502 9801
f 9504 9800 9799
f 9504 9503 9800
f 9505 9799 9798
f 9505 9504 9799
f 9506 9798 9797
f 9506 9505 9798
f 9507 9797 9796
f 9507 9506 9797
f 9508 9507 9796
f 9508 9796 9795
f 9509 9508 9795
f 9509 9795 9794
f 9510 9509 9794
f 9510 9794 9793
f 9511 9510 9793
f 9511 9793 9792
f 9512 9792 9791
f 9512 9511 9792
f 9513 9512 9791
f 9513 9791 9790
f 9514 9513 9790
f 9514 9790 9789
f 9515 9514 9789
f 9515 9789 9788
f 9516 9515 9788
f 9516 9788 9787
f 9517 9516 9787
f 9517 9787 9786
f 9518 9517 9786
f 9518 9786 9785
f 9519 9518 9785
f 9519 9785 9784
f 9520 9519 9784
f 9520 9784 9783
f 9521 9520 9783
f 9521 9783 9782
f 9522 9521 9782
f 9522 9782 9781
f 9523 9522 9781
f 9523 9781 9780
f 9524 9523 9780
f 9524 9780 9779
f 9525 9524 9779
f 9525 9779 9778
f 9526 9525 9778
f 9526 9778 9777
f 9527 9526 9777
f 9527 9777 9776
f 9528 9527 9776
f 9528 9776 9775
f 9529 9528 9775
f 9529 9775 9774
f 9530 9529 9774
f 9531 9530 9774
f 9531 9773 9772
f 9531 9774 9773
f 9532 9531 9772
f 9533 9771 9770
f 9533 9772 9771
f 9533 9532 9772
f 9534 9533 9770
f 9535 9769 9768
f 9535 9770 9769
f 9535 9534 9770
f 9536 9768 9767
f 9536 9535 9768
f 9537 9536 9767
f 9538 9537 9767
f 9538 9766 9765
f 9538 9767 9766
f 9539 9765 9764
f 9539 9538 9765
f 9540 9539 9764
f 9541 9540 9764
f 9541 9763 9762
f 9541 9764 9763
f 9542 9541 9762
f 9543 9542 9762
f 9543 9762 9761
f 9544 9543 9761
f 9544 9760 9759
f 9544 9761 9760
f 9545 9544 9759
f 9546 9545 9759
f 9546 9758 9757
f 9546 9759 9758
f 9547 9546 9757
f 9547 9757 9756
f 9548 9547 9756
f 9549 9548 9756
f 9549 9755 9754
f 9549 9756 9755
f 9550 9549 9754
f 9550 9754 9753
f 9551 9550 9753
f 9552 9551 9753
f 9552 9752 9751
f 9552 9753 9752
f 9553 9552 9751
f 9554 9751 9750
f 9554 9553 9751
f 9555 9749 9748
f 9555 9750 9749
f 9555 9554 9750
f 9556 9748 9747
f 9556 9555 9748
f 9557 9556 9747
f 9558 9747 9746
f 9558 9557 9747
f 9559 9746 9745
f 9559 9558 9746
f 9560 9745 9744
f 9560 9559 9745
f 9561 9743 9742
f 9561 9744 9743
f 9561 9560 9744
f 9562 9561 9742
f 9563 9741 9740
f 9563 9742 9741
f 9563 9562 9742
f 9564 9563 9740
f 9565 9564 9740
f 9565 9740 9739
f 9566 9565 9739
f 9566 9738 9737
f 9566 9739 9738
f 9567 9566 9737
f 9568 9567 9737
f 9568 9737 9736
f 9569 9568 9736
f 9569 9735 9734
f 9569 9736 9735
f 9570 9569 9734
f 9571 9570 9734
f 9571 9733 9732
f 9571 9734 9733
f 9572 9571 9732
f 9572 9732 9731
f 9573 9572 9731
f 9574 9731 9730
f 9574 9573 9731
f 9575 9730 9729
f 9575 9574 9730
f 9576 9729 9728
f 9576 9575 9729
f 9577 9728 9727
f 9577 9576 9728
f 9578 9727 9726
f 9578 9577 9727
f 9579 9725 9724
f 9579 9726 9725
f 9579 9578 9726
f 9580 9579 9724
f 9581 9723 9722
f 9581 9724 9723
f 9581 9580 9724
f 9582 9581 9722
f 9583 9722 9721
f 9583 9582 9722
f 9584 9720 9719
f 9584 9721 9720
f 9584 9583 9721
f 9585 9584 9719
f 9586 9718 9717
f 9586 9719 9718
f 9586 9585 9719
f 9587 9586 9717
f 9588 9717 9716
f 9588 9587 9717
f 9589 9588 9716
f 9589 9716 9715
f 9590 9589 9715
f 9590 9715 9714
f 9591 9590 9714
f 9591 9713 9712
f 9591 9714 9713
f 9592 9591 9712
f 9593 9712 9711
f 9593 9592 9712
f 9594 9710 9709
f 9594 9711 9710
f 9594 9593 9711
f 9595 9594 9709
f 9596 9709 9708
f 9596 9595 9709
f 9597 9708 9707
f 9597 9596 9708
f 9598 9706 9705
f 9598 9707 9706
f 9598 9597 9707
f 9599 9598 9705
f 9600 9705 9704
f 9600 9599 9705
f 9601 9704 9703
f 9601 9600 9704
f 9602 9702 9701
f 9602 9703 9702
f 9602 9601 9703
f 9603 9701 9700
f 9603 9602 9701
f 9604 9603 9700
f 9605 9699 9698
f 9605 9700 9699
f 9605 9604 9700
f 9606 9605 9698
f 9607 9698 9697
f 9607 9606 9698
f 9608 9697 9696
f 9608 9607 9697
f 9609 9696 9695
f 9609 9608 9696
f 9609 9695 9694
f 9610 9609 9694
f 9611 9610 9694
f 9611 9693 9692
f 9611 9694 9693
f 9612 9611 9692
f 9613 9692 9691
f 9613 9612 9692
f 9614 9613 9691
f 9614 9690 9689
f 9614 9691 9690
f 9615 9614 9689
f 9616 9615 9689
f 9616 9689 9688
f 9617 9616 9688
f 9617 9687 9686
f 9617 9688 9687
f 9618 9617 9686
f 9619 9618 9686
f 9619 9685 9684
f 9619 9686 9685
f 9620 9619 9684
f 9621 9620 9684
f 9621 9684 9683
f 9622 9621 9683
f 9622 9682 9681
f 9622 9683 9682
f 9623 9622 9681
f 9623 9681 9680
f 9624 9623 9680
f 9625 9624 9680
f 9625 9680 9679
f 9626 9625 9679
f 9626 9679 9678
f 9627 9626 9678
f 9627 9678 9677
f 9628 9627 9677
f 9628 9676 9675
f 9628 9677 9676
f 9629 9628 9675
f 9630 9629 9675
f 9630 9675 9674
f 9631 9630 9674
f 9631 9673 9672
f 9631 9674 9673
f 9632 9631 9672
f 9633 9672 9671
f 9633 9632 9672
f 9634 9670 9669
f 9634 9671 9670
f 9634 9633 9671
f 9635 9634 9669
f 9636 9668 9667
f 9636 9669 9668
f 9636 9635 9669
f 9637 9667 9666
f 9637 9636 9667
f 9638 9637 9666
f 9639 9666 9665
f 9639 9638 9666
f 9640 9639 9665
f 9640 9664 9663
f 9640 9665 9664
f 9641 9640 9663
f 9642 9641 9663
f 9642 9662 9661
f 9642 9663 9662
f 9643 9642 9661
f 9644 9643 9661
f 9644 9661 9660
f 9645 9644 9660
f 9645 9659 9658
f 9645 9660 9659
f 9646 9645 9658
f 9646 9658 9657
f 9647 9646 9657
f 9647 9657 9656
f 9648 9647 9656
f 9649 9648 9656
f 9649 9656 9655
f 9650 9649 9655
f 9650 9654 9653
f 9650 9655 9654
f 9651 9650 9653
f 10029 9870 9871
f 10029 10028 9870
f 10027 9869 9870
f 10027 9870 10028
f 10030 10029 9871
f 10030 9871 9872
f 10026 9869 10027
f 10026 9868 9869
f 10031 9872 9873
f 10031 10030 9872
f 10025 9868 10026
f 10025 9867 9868
f 10032 10031 9873
f 10032 9873 9874
f 10032 9874 9875
f 10024 9866 9867
f 10024 9867 10025
f 10033 10032 9875
f 10023 9865 9866
f 10023 9866 10024
f 10034 10033 9875
f 10034 9875 9876
f 10034 9876 9877
f 10022 9865 10023
f 10022 9864 9865
f 10035 10034 9877
f 10021 9863 9864
f 10021 9864 10022
f 10036 10035 9877
f 10036 9877 9878
f 10036 9878 9879
f 10020 9862 9863
f 10020 9863 10021
f 10037 10036 9879
f 10019 9861 9862
f 10019 9862 10020
f 10038 10037 9879
f 10038 9879 9880
f 10018 9860 9861
f 10018 9861 10019
f 10039 10038 9880
f 10039 9880 9881
f 10017 9860 10018
f 10017 9859 9860
f 10040 9881 9882
f 10040 10039 9881
f 10016 9858 9859
f 10016 9859 10017
f 10041 10040 9882
f 10041 9882 9883
f 10041 9883 9884
f 10015 9857 9858
f 10015 9858 10016
f 10042 10041 9884
f 10014 9857 10015
f 10014 9856 9857
f 10043 9884 9885
f 10043 9885 9886
f 10043 10042 9884
f 10013 9856 10014
f 10013 9855 9856
f 10044 10043 9886
f 10012 9855 10013
f 10012 9854 9855
f 10045 10044 9886
f 10045 9886 9887
f 10045 9887 9888
f 10011 9854 10012
f 10011 9853 9854
f 10046 10045 9888
f 10010 9853 10011
f 10010 9852 9853
f 10047 10046 9888
f 10047 9888 9889
f 10009 9852 10010
f 10009 9851 9852
f 10048 10047 9889
f 10048 9889 9890
f 10008 9851 10009
f 10008 9850 9851
f 10049 10048 9890
f 10049 9890 9891
f 10007 9850 10008
f 10007 9849 9850
f 10050 9891 9892
f 10050 10049 9891
f 10006 9849 10007
f 10006 9848 9849
f 10051 10050 9892
f 10051 9892 9893
f 10005 9847 9848
f 10005 9848 10006
f 10052 10051 9893
f 10052 9893 9894
f 10004 9847 10005
f 10004 9846 9847
f 10053 10052 9894
f 10053 9894 9895
f 10003 9846 10004
f 10003 9845 9846
f 10054 10053 9895
f 10054 9895 9896
f 10002 9844 9845
f 10002 9845 10003
f 10055 10054 9896
f 10055 9896 9897
f 10001 9843 9844
f 10001 9844 10002
f 10056 10055 9897
f 10056 9897 9898
f 10000 9842 9843
f 10000 9843 10001
f 10057 10056 9898
f 10057 9898 9899
f 9999 9841 9842
f 9999 9842 10000
f 10058 10057 9899
f 10058 9899 9900
f 10058 9900 9901
f 9998 9840 9841
f 9998 9841 9999
f 10059 10058 9901
f 9997 9839 9840
f 9997 9840 9998
f 10060 10059 9901
f 10060 9901 9902
f 9996 9838 9839
f 9996 9839 9997
f 10061 10060 9902
f 10061 9902 9903
f 9995 9838 9996
f 9995 9837 9838
f 10062 10061 9903
f 10062 9903 9904
f 9994 9836 9837
f 9994 9837 9995
f 10063 9904 9905
f 10063 10062 9904
f 9993 9835 9836
f 9993 9836 9994
f 10064 10063 9905
f 10064 9905 9906
f 9992 9834 9835
f 9992 9835 9993
f 10065 10064 9906
f 10065 9906 9907
f 9991 9833 9834
f 9991 9834 9992
f 10066 10065 9907
f 10066 9907 9908
f 9990 9833 9991
f 9990 9832 9833
f 10067 10066 9908
f 10067 9908 9909
f 9989 9831 9832
f 9989 9832 9990
f 10068 10067 9909
f 9910 10068 9909
f 9830 9831 9989
f 9830 9988 9987
f 9830 9989 9988
f 9911 10068 9910
f 9911 10069 10068
f 9829 9830 9987
f 9912 10069 9911
f 9912 10070 10069
f 9912 10071 10070
f 9828 9829 9987
f 9828 9987 9986
f 9913 10071 9912
f 9827 9985 9984
f 9827 9986 9985
f 9827 9828 9986
f 9914 10072 10071
f 9914 10073 10072
f 9914 10071 9913
f 9826 9827 9984
f 9915 10073 9914
f 9825 9826 9984
f 9825 9984 9983
f 9916 10073 9915
f 9916 10074 10073
f 9824 9825 9983
f 9824 9983 9982
f 9917 10074 9916
f 9917 10075 10074
f 9917 10076 10075
f 9823 9824 9982
f 9823 9982 9981
f 9918 10076 9917
f 9822 9981 9980
f 9822 9823 9981
f 9919 10077 10076
f 9919 10076 9918
f 9821 9980 9979
f 9821 9822 9980
f 9920 10077 9919
f 9920 10078 10077
f 9820 9821 9979
f 9820 9979 9978
f 9921 10079 10078
f 9921 10078 9920
f 9819 9820 9978
f 9819 9978 9977
f 9922 10079 9921
f 9922 10080 10079
f 9818 9819 9977
f 9818 9976 9975
f 9818 9977 9976
f 9923 10080 9922
f 9923 10081 10080
f 9817 9818 9975
f 9924 10081 9923
f 9924 10082 10081
f 9924 10083 10082
f 9816 9974 9973
f 9816 9975 9974
f 9816 9817 9975
f 9925 10083 9924
f 9815 9816 9973
f 9815 9973 9972
f 9926 10083 9925
f 9926 10084 10083
f 9926 10085 10084
f 9814 9972 9971
f 9814 9815 9972
f 9927 10085 9926
f 9813 9814 9971
f 9928 10085 9927
f 9928 10086 10085
f 9928 10087 10086
f 9812 9813 9971
f 9812 9971 9970
f 9929 10087 9928
f 9811 9970 9969
f 9811 9812 9970
f 9930 10087 9929
f 9930 10088 10087
f 9968 9969 10126
f 9968 9811 9969
f 9931 10088 9930
f 9931 10089 10088
f 9967 10126 10125
f 9967 9968 10126
f 9932 10089 9931
f 9932 10090 10089
f 9966 10125 10124
f 9966 9967 10125
f 9933 10090 9932
f 9933 10091 10090
f 9933 10092 10091
f 9965 10124 10123
f 9965 9966 10124
f 9934 10092 9933
f 9964 10123 10122
f 9964 9965 10123
f 9935 10092 9934
f 9935 10093 10092
f 9935 10094 10093
f 9963 10122 10121
f 9963 9964 10122
f 9936 10094 9935
f 9962 10121 10120
f 9962 9963 10121
f 9937 10095 10094
f 9937 10096 10095
f 9937 10094 9936
f 9961 10120 10119
f 9961 9962 10120
f 9938 10096 9937
f 9960 10119 10118
f 9960 9961 10119
f 9939 10097 10096
f 9939 10096 9938
f 9959 10117 10116
f 9959 10118 10117
f 9959 9960 10118
f 9940 10097 9939
f 9940 10098 10097
f 9940 10099 10098
f 9958 10116 10115
f 9958 9959 10116
f 9941 10099 9940
f 9941 10100 10099
f 9957 9958 10115
f 9942 10100 9941
f 9956 10115 10114
f 9956 9957 10115
f 9943 10100 9942
f 9943 10101 10100
f 9955 10114 10113
f 9955 9956 10114
f 9944 10101 9943
f 9944 10102 10101
f 9944 10103 10102
f 9954 9955 10113
f 9954 10112 10111
f 9954 10113 10112
f 9945 10103 9944
f 9953 9954 10111
f 9946 10103 9945
f 9946 10104 10103
f 9952 9953 10111
f 9952 10111 10110
f 9947 10104 9946
f 9947 10105 10104
f 9947 10106 10105
f 9951 9952 10110
f 9951 10110 10109
f 9948 10106 9947
f 9950 9951 10109
f 9950 10109 10108
f 9949 10106 9948
f 9949 9950 10108
f 9949 10107 10106
f 9949 10108 10107
f 10127 10444 10286
f 10128 10443 10444
f 10128 10444 10127
f 10129 10442 10443
f 10129 10443 10128
f 10130 10441 10442
f 10130 10442 10129
f 10131 10440 10441
f 10131 10441 10130
f 10132 10439 10440
f 10132 10440 10131
f 10133 10438 10439
f 10133 10439 10132
f 10134 10437 10438
f 10134 10438 10133
f 10135 10436 10437
f 10135 10437 10134
f 10136 10435 10436
f 10136 10436 10135
f 10137 10434 10435
f 10137 10435 10136
f 10138 10433 10434
f 10138 10434 10137
f 10139 10432 10433
f 10139 10433 10138
f 10140 10431 10432
f 10140 10432 10139
f 10141 10430 10431
f 10141 10431 10140
f 10142 10430 10141
f 10142 10429 10430
f 10143 10429 10142
f 10143 10428 10429
f 10144 10428 10143
f 10144 10427 10428
f 10145 10427 10144
f 10145 10426 10427
f 10146 10425 10426
f 10146 10426 10145
f 10147 10425 10146
f 10147 10424 10425
f 10148 10424 10147
f 10148 10423 10424
f 10149 10423 10148
f 10149 10422 10423
f 10150 10422 10149
f 10150 10421 10422
f 10151 10421 10150
f 10151 10420 10421
f 10152 10420 10151
f 10152 10419 10420
f 10153 10419 10152
f 10153 10418 10419
f 10154 10418 10153
f 10154 10417 10418
f 10155 10417 10154
f 10155 10416 10417
f 10156 10416 10155
f 10156 10415 10416
f 10157 10415 10156
f 10157 10414 10415
f 10158 10414 10157
f 10158 10413 10414
f 10159 10413 10158
f 10159 10412 10413
f 10160 10412 10159
f 10160 10411 10412
f 10161 10411 10160
f 10161 10410 10411
f 10162 10410 10161
f 10162 10409 10410
f 10163 10409 10162
f 10163 10408 10409
f 10164 10408 10163
f 10165 10408 10164
f 10165 10406 10407
f 10165 10407 10408
f 10166 10406 10165
f 10167 10404 10405
f 10167 10405 10406
f 10167 10406 10166
f 10168 10404 10167
f 10169 10402 10403
f 10169 10403 10404
f 10169 10404 10168
f 10170 10401 10402
f 10170 10402 10169
f 10171 10401 10170
f 10172 10401 10171
f 10172 10399 10400
f 10172 10400 10401
f 10173 10398 10399
f 10173 10399 10172
f 10174 10398 10173
f 10175 10398 10174
f 10175 10396 10397
f 10175 10397 10398
f 10176 10396 10175
f 10177 10396 10176
f 10177 10395 10396
f 10178 10395 10177
f 10178 10393 10394
f 10178 10394 10395
f 10179 10393 10178
f 10180 10393 10179
f 10180 10391 10392
f 10180 10392 10393
f 10181 10391 10180
f 10181 10390 10391
f 10182 10390 10181
f 10183 10390 10182
f 10183 10388 10389
f 10183 10389 10390
f 10184 10388 10183
f 10184 10387 10388
f 10185 10387 10184
f 10186 10387 10185
f 10186 10385 10386
f 10186 10386 10387
f 10187 10385 10186
f 10188 10384 10385
f 10188 10385 10187
f 10189 10382 10383
f 10189 10383 10384
f 10189 10384 10188
f 10190 10381 10382
f 10190 10382 10189
f 10191 10381 10190
f 10192 10380 10381
f 10192 10381 10191
f 10193 10379 10380
f 10193 10380 10192
f 10194 10378 10379
f 10194 10379 10193
f 10195 10376 10377
f 10195 10377 10378
f 10195 10378 10194
f 10196 10376 10195
f 10197 10374 10375
f 10197 10375 10376
f 10197 10376 10196
f 10198 10374 10197
f 10199 10374 10198
f 10199 10373 10374
f 10200 10373 10199
f 10200 10371 10372
f 10200 10372 10373
f 10201 10371 10200
f 10202 10371 10201
f 10202 10370 10371
f 10203 10370 10202
f 10203 10368 10369
f 10203 10369 10370
f 10204 10368 10203
f 10205 10368 10204
f 10205 10366 10367
f 10205 10367 10368
f 10206 10366 10205
f 10206 10365 10366
f 10207 10365 10206
f 10208 10364 10365
f 10208 10365 10207
f 10209 10363 10364
f 10209 10364 10208
f 10210 10362 10363
f 10210 10363 10209
f 10211 10361 10362
f 10211 10362 10210
f 10212 10360 10361
f 10212 10361 10211
f 10213 10358 10359
f 10213 10359 10360
f 10213 10360 10212
f 10214 10358 10213
f 10215 10356 10357
f 10215 10357 10358
f 10215 10358 10214
f 10216 10356 10215
f 10217 10355 10356
f 10217 10356 10216
f 10218 10353 10354
f 10218 10354 10355
f 10218 10355 10217
f 10219 10353 10218
f 10220 10351 10352
f 10220 10352 10353
f 10220 10353 10219
f 10221 10351 10220
f 10222 10350 10351
f 10222 10351 10221
f 10223 10350 10222
f 10223 10349 10350
f 10224 10349 10223
f 10224 10348 10349
f 10225 10348 10224
f 10225 10346 10347
f 10225 10347 10348
f 10226 10346 10225
f 10227 10345 10346
f 10227 10346 10226
f 10228 10343 10344
f 10228 10344 10345
f 10228 10345 10227
f 10229 10343 10228
f 10230 10342 10343
f 10230 10343 10229
f 10231 10341 10342
f 10231 10342 10230
f 10232 10339 10340
f 10232 10340 10341
f 10232 10341 10231
f 10233 10339 10232
f 10234 10338 10339
f 10234 10339 10233
f 10235 10337 10338
f 10235 10338 10234
f 10236 10335 10336
f 10236 10336 10337
f 10236 10337 10235
f 10237 10334 10335
f 10237 10335 10236
f 10238 10334 10237
f 10239 10332 10333
f 10239 10333 10334
f 10239 10334 10238
f 10240 10332 10239
f 10241 10331 10332
f 10241 10332 10240
f 10242 10330 10331
f 10242 10331 10241
f 10243 10329 10330
f 10243 10330 10242
f 10243 10328 10329
f 10244 10328 10243
f 10245 10328 10244
f 10245 10326 10327
f 10245 10327 10328
f 10246 10326 10245
f 10247 10325 10326
f 10247 10326 10246
f 10248 10325 10247
f 10248 10323 10324
f 10248 10324 10325
f 10249 10323 10248
f 10250 10323 10249
f 10250 10322 10323
f 10251 10322 10250
f 10251 10320 10321
f 10251 10321 10322
f 10252 10320 10251
f 10253 10320 10252
f 10253 10318 10319
f 10253 10319 10320
f 10254 10318 10253
f 10255 10318 10254
f 10255 10317 10318
f 10256 10317 10255
f 10256 10315 10316
f 10256 10316 10317
f 10257 10315 10256
f 10257 10314 10315
f 10258 10314 10257
f 10259 10314 10258
f 10259 10313 10314
f 10260 10313 10259
f 10260 10312 10313
f 10261 10312 10260
f 10261 10311 10312
f 10262 10311 10261
f 10262 10309 10310
f 10262 10310 10311
f 10263 10309 10262
f 10264 10309 10263
f 10264 10308 10309
f 10265 10308 10264
f 10265 10306 10307
f 10265 10307 10308
f 10266 10306 10265
f 10267 10305 10306
f 10267 10306 10266
f 10268 10303 10304
f 10268 10304 10305
f 10268 10305 10267
f 10269 10303 10268
f 10270 10301 10302
f 10270 10302 10303
f 10270 10303 10269
f 10271 10300 10301
f 10271 10301 10270
f 10272 10300 10271
f 10273 10299 10300
f 10273 10300 10272
f 10274 10299 10273
f 10274 10297 10298
f 10274 10298 10299
f 10275 10297 10274
f 10276 10297 10275
f 10276 10295 10296
f 10276 10296 10297
f 10277 10295 10276
f 10278 10295 10277
f 10278 10294 10295
f 10279 10294 10278
f 10279 10292 10293
f 10279 10293 10294
f 10280 10292 10279
f 10280 10291 10292
f 10281 10291 10280
f 10281 10290 10291
f 10282 10290 10281
f 10283 10290 10282
f 10283 10289 10290
f 10284 10289 10283
f 10284 10287 10288
f 10284 10288 10289
f 10285 10287 10284
f 10662 10544 10543
f 10663 10543 10542
f 10663 10662 10543
f 10661 10545 10544
f 10661 10544 10662
f 10664 10663 10542
f 10664 10542 10541
f 10660 10546 10545
f 10660 10545 10661
f 10665 10664 10541
f 10665 10541 10540
f 10659 10547 10546
f 10659 10546 10660
f 10666 10665 10540
f 10666 10540 10539
f 10658 10548 10547
f 10658 10547 10659
f 10667 10666 10539
f 10667 10539 10538
f 10657 10549 10548
f 10657 10548 10658
f 10668 10667 10538
f 10668 10538 10537
f 10656 10550 10549
f 10656 10549 10657
f 10669 10668 10537
f 10669 10537 10536
f 10655 10551 10550
f 10655 10550 10656
f 10670 10669 10536
f 10670 10536 10535
f 10654 10552 10551
f 10654 10551 10655
f 10671 10670 10535
f 10671 10535 10534
f 10653 10553 10552
f 10653 10552 10654
f 10672 10671 10534
f 10672 10534 10533
f 10652 10554 10553
f 10652 10553 10653
f 10673 10672 10533
f 10673 10533 10532
f 10651 10555 10554
f 10651 10554 10652
f 10674 10673 10532
f 10674 10532 10531
f 10650 10556 10555
f 10650 10555 10651
f 10675 10674 10531
f 10675 10531 10530
f 10649 10557 10556
f 10649 10556 10650
f 10676 10675 10530
f 10648 10558 10557
f 10648 10557 10649
f 10677 10676 10530
f 10677 10529 10528
f 10677 10530 10529
f 10647 10559 10558
f 10647 10558 10648
f 10678 10677 10528
f 10678 10528 10527
f 10646 10560 10559
f 10646 10559 10647
f 10679 10678 10527
f 10679 10527 10526
f 10645 10561 10560
f 10645 10560 10646
f 10680 10526 10525
f 10680 10679 10526
f 10644 10562 10561
f 10644 10561 10645
f 10681 10525 10524
f 10681 10680 10525
f 10643 10563 10562
f 10643 10562 10644
f 10682 10524 10523
f 10682 10681 10524
f 10642 10564 10563
f 10642 10563 10643
f 10683 10682 10523
f 10683 10523 10522
f 10641 10564 10642
f 10641 10565 10564
f 10684 10683 10522
f 10684 10522 10521
f 10640 10566 10565
f 10640 10565 10641
f 10685 10684 10521
f 10639 10567 10566
f 10639 10566 10640
f 10686 10685 10521
f 10686 10521 10520
f 10638 10567 10639
f 10638 10568 10567
f 10687 10686 10520
f 10687 10519 10518
f 10687 10520 10519
f 10637 10569 10568
f 10637 10568 10638
f 10688 10687 10518
f 10688 10518 10517
f 10636 10570 10569
f 10636 10569 10637
f 10689 10688 10517
f 10635 10571 10570
f 10635 10570 10636
f 10690 10689 10517
f 10690 10517 10516
f 10634 10572 10571
f 10634 10571 10635
f 10691 10690 10516
f 10691 10515 10514
f 10691 10516 10515
f 10633 10573 10572
f 10633 10572 10634
f 10692 10691 10514
f 10692 10514 10513
f 10632 10574 10573
f 10632 10573 10633
f 10693 10692 10513
f 10631 10575 10574
f 10631 10574 10632
f 10694 10512 10511
f 10694 10513 10512
f 10694 10693 10513
f 10630 10576 10575
f 10630 10575 10631
f 10695 10511 10510
f 10695 10694 10511
f 10629 10577 10576
f 10629 10576 10630
f 10696 10695 10510
f 10628 10578 10577
f 10628 10577 10629
f 10697 10510 10509
f 10697 10696 10510
f 10627 10579 10578
f 10627 10578 10628
f 10698 10509 10508
f 10698 10697 10509
f 10626 10580 10579
f 10626 10579 10627
f 10699 10698 10508
f 10699 10508 10507
f 10506 10699 10507
f 10625 10581 10580
f 10625 10580 10626
f 10700 10699 10506
f 10624 10581 10625
f 10624 10582 10581
f 10701 10700 10506
f 10701 10506 10505
f 10623 10582 10624
f 10623 10583 10582
f 10504 10702 10701
f 10504 10701 10505
f 10622 10583 10623
f 10584 10583 10622
f 10621 10584 10622
f 10503 10702 10504
f 10503 10703 10702
f 10704 10703 10503
f 10585 10584 10621
f 10502 10704 10503
f 10705 10704 10502
f 10586 10585 10621
f 10586 10620 10619
f 10586 10621 10620
f 10501 10705 10502
f 10587 10586 10619
f 10587 10619 10618
f 10500 10706 10705
f 10500 10705 10501
f 10588 10587 10618
f 10588 10618 10617
f 10499 10707 10706
f 10499 10706 10500
f 10589 10617 10616
f 10589 10588 10617
f 10498 10708 10707
f 10498 10709 10708
f 10498 10707 10499
f 10590 10589 10616
f 10497 10709 10498
f 10591 10615 10614
f 10591 10616 10615
f 10591 10590 10616
f 10496 10709 10497
f 10496 10710 10709
f 10592 10591 10614
f 10495 10711 10710
f 10495 10710 10496
f 10593 10592 10614
f 10593 10613 10612
f 10593 10614 10613
f 10494 10711 10495
f 10494 10712 10711
f 10594 10593 10612
f 10493 10712 10494
f 10493 10713 10712
f 10595 10594 10612
f 10595 10612 10611
f 10492 10713 10493
f 10492 10714 10713
f 10596 10595 10611
f 10596 10610 10609
f 10596 10611 10610
f 10491 10714 10492
f 10491 10715 10714
f 10597 10596 10609
f 10597 10609 10608
f 10490 10715 10491
f 10490 10716 10715
f 10598 10608 10607
f 10598 10597 10608
f 10489 10716 10490
f 10489 10717 10716
f 10599 10607 10606
f 10599 10598 10607
f 10488 10717 10489
f 10488 10718 10717
f 10600 10606 10605
f 10600 10599 10606
f 10487 10719 10718
f 10487 10718 10488
f 10601 10600 10605
f 10486 10720 10719
f 10486 10719 10487
f 10602 10601 10605
f 10602 10604 10603
f 10602 10605 10604
f 10485 10721 10720
f 10485 10720 10486
f 10445 10603 10760
f 10445 10602 10603
f 10484 10721 10485
f 10484 10722 10721
f 10484 10723 10722
f 10446 10760 10759
f 10446 10445 10760
f 10483 10723 10484
f 10447 10759 10758
f 10447 10446 10759
f 10482 10723 10483
f 10482 10724 10723
f 10448 10758 10757
f 10448 10447 10758
f 10481 10724 10482
f 10481 10725 10724
f 10449 10757 10756
f 10449 10448 10757
f 10480 10725 10481
f 10480 10726 10725
f 10450 10756 10755
f 10450 10449 10756
f 10479 10726 10480
f 10479 10727 10726
f 10451 10755 10754
f 10451 10450 10755
f 10478 10728 10727
f 10478 10727 10479
f 10452 10754 10753
f 10452 10451 10754
f 10477 10728 10478
f 10477 10729 10728
f 10453 10753 10752
f 10453 10452 10753
f 10476 10729 10477
f 10476 10730 10729
f 10454 10453 10752
f 10475 10730 10476
f 10475 10731 10730
f 10455 10751 10750
f 10455 10752 10751
f 10455 10454 10752
f 10474 10732 10731
f 10474 10731 10475
f 10456 10455 10750
f 10473 10732 10474
f 10473 10733 10732
f 10457 10750 10749
f 10457 10456 10750
f 10472 10733 10473
f 10472 10734 10733
f 10458 10749 10748
f 10458 10457 10749
f 10471 10734 10472
f 10471 10735 10734
f 10459 10748 10747
f 10459 10458 10748
f 10470 10735 10471
f 10470 10736 10735
f 10460 10459 10747
f 10460 10747 10746
f 10469 10736 10470
f 10469 10737 10736
f 10461 10460 10746
f 10461 10746 10745
f 10468 10737 10469
f 10468 10738 10737
f 10468 10739 10738
f 10462 10461 10745
f 10462 10744 10743
f 10462 10745 10744
f 10467 10739 10468
f 10463 10462 10743
f 10466 10739 10467
f 10466 10740 10739
f 10464 10463 10743
f 10464 10743 10742
f 10465 10740 10466
f 10465 10464 10742
f 10465 10741 10740
f 10465 10742 10741
f 10918 10919 10920
f 10918 10920 10921
f 10917 10918 10921
f 10917 10921 10922
f 10916 10917 10922
f 10916 10922 10923
f 10915 10916 10923
f 10915 10923 10924
f 10914 10915 10924
f 10914 10924 10925
f 10913 10914 10925
f 10913 10925 10926
f 10912 10913 10926
f 10912 10926 10927
f 10911 10912 10927
f 10911 10927 10928
f 10910 10911 10928
f 10910 10928 10929
f 10909 10910 10929
f 10909 10929 10930
f 10908 10909 10930
f 10908 10930 10931
f 10907 10931 10932
f 10907 10908 10931
f 10906 10932 10933
f 10906 10907 10932
f 10905 10933 10934
f 10905 10906 10933
f 10904 10934 10935
f 10904 10905 10934
f 10903 10935 10936
f 10903 10904 10935
f 10902 10936 10937
f 10902 10903 10936
f 10901 10937 10938
f 10901 10902 10937
f 10900 10938 10939
f 10900 10901 10938
f 10899 10939 10940
f 10899 10900 10939
f 10898 10899 10940
f 10898 10940 10941
f 10897 10898 10941
f 10897 10941 10942
f 10896 10897 10942
f 10896 10942 10943
f 10895 10896 10943
f 10895 10943 10944
f 10894 10895 10944
f 10894 10944 10945
f 10893 10894 10945
f 10893 10945 10946
f 10892 10893 10946
f 10892 10946 10947
f 10891 10892 10947
f 10891 10947 10948
f 10890 10891 10948
f 10890 10948 10949
f 10889 10890 10949
f 10889 10949 10950
f 10888 10889 10950
f 10888 10950 10951
f 10887 10888 10951
f 10887 10951 10952
f 10886 10887 10952
f 10886 10952 10953
f 10885 10886 10953
f 10885 10953 10954
f 10884 10885 10954
f 10884 10954 10955
f 10883 10884 10955
f 10883 10955 10956
f 10882 10883 10956
f 10882 10956 10957
f 10881 10882 10957
f 10881 10957 10958
f 10880 10881 10958
f 10880 10958 10959
f 10879 10880 10959
f 10879 10959 10960
f 10878 10879 10960
f 10878 10960 10961
f 10877 10878 10961
f 10877 10961 10962
f 10876 10962 10963
f 10876 10877 10962
f 10875 10963 10964
f 10875 10876 10963
f 10874 10964 10965
f 10874 10875 10964
f 10873 10965 10966
f 10873 10874 10965
f 10872 10966 10967
f 10872 10873 10966
f 10871 10967 10968
f 10871 10872 10967
f 10870 10968 10969
f 10870 10871 10968
f 10869 10969 10970
f 10869 10870 10969
f 10868 10970 10971
f 10868 10869 10970
f 10867 10971 10972
f 10867 10868 10971
f 10866 10972 10973
f 10866 10867 10972
f 10865 10973 10974
f 10865 10866 10973
f 10864 10974 10975
f 10864 10975 10976
f 10864 10865 10974
f 10863 10864 10976
f 10862 10976 10977
f 10862 10863 10976
f 10861 10977 10978
f 10861 10862 10977
f 10860 10978 10979
f 10860 10861 10978
f 10859 10979 10980
f 10859 10860 10979
f 10858 10980 10981
f 10858 10859 10980
f 10857 10981 10982
f 10857 10858 10981
f 10856 10982 10983
f 10856 10857 10982
f 10855 10983 10984
f 10855 10984 10985
f 10855 10856 10983
f 10854 10855 10985
f 10853 10985 10986
f 10853 10854 10985
f 10852 10986 10987
f 10852 10853 10986
f 10851 10987 10988
f 10851 10852 10987
f 10850 10988 10989
f 10850 10851 10988
f 10849 10989 10990
f 10849 10850 10989
f 10848 10990 10991
f 10848 10849 10990
f 10847 10848 10991
f 10847 10991 10992
f 10846 10847 10992
f 10846 10992 10993
f 10845 10846 10993
f 10845 10993 10994
f 10845 10994 10995
f 10844 10845 10995
f 10843 10844 10995
f 10843 10995 10996
f 10842 10843 10996
f 10842 10996 10997
f 10841 10842 10997
f 10841 10997 10998
f 10840 10841 10998
f 10840 10998 10999
f 10839 10840 10999
f 10839 10999 11000
f 10838 11000 11001
f 10838 10839 11000
f 10837 11001 11002
f 10837 10838 11001
f 10836 11002 11003
f 10836 10837 11002
f 10835 11003 11004
f 10835 10836 11003
f 10834 11004 11005
f 10834 10835 11004
f 10833 11005 11006
f 10833 10834 11005
f 10832 11006 11007
f 10832 10833 11006
f 10831 11007 11008
f 10831 10832 11007
f 10830 11008 11009
f 10830 10831 11008
f 10829 11009 11010
f 10829 10830 11009
f 10828 11010 11011
f 10828 10829 11010
f 10827 11011 11012
f 10827 10828 11011
f 10826 11012 11013
f 10826 10827 11012
f 10825 11013 11014
f 10825 10826 11013
f 10824 11014 11015
f 10824 10825 11014
f 10823 10824 11015
f 10823 11015 11016
f 10822 10823 11016
f 10822 11016 11017
f 10821 10822 11017
f 10821 11017 11018
f 10820 10821 11018
f 10820 11018 11019
f 10819 10820 11019
f 10819 11019 11020
f 10818 10819 11020
f 10818 11020 11021
f 10817 10818 11021
f 10817 11021 11022
f 10816 10817 11022
f 10816 11022 11023
f 10815 10816 11023
f 10815 11023 11024
f 10814 10815 11024
f 10814 11024 11025
f 10813 10814 11025
f 10813 11025 11026
f 10812 10813 11026
f 10812 11026 11027
f 10812 11027 11028
f 10811 10812 11028
f 10810 10811 11028
f 10810 11028 11029
f 10809 10810 11029
f 10809 11029 11030
f 10808 10809 11030
f 10808 11030 11031
f 10807 10808 11031
f 10807 11031 11032
f 10806 11032 11033
f 10806 10807 11032
f 10805 11033 11034
f 10805 11034 11035
f 10805 10806 11033
f 10804 10805 11035
f 10803 11035 11036
f 10803 10804 11035
f 10802 11036 11037
f 10802 10803 11036
f 10801 11037 11038
f 10801 10802 11037
f 10800 11038 11039
f 10800 10801 11038
f 10799 11039 11040
f 10799 10800 11039
f 10798 11040 11041
f 10798 10799 11040
f 10797 10798 11041
f 10797 11041 11042
f 10796 10797 11042
f 10796 11042 11043
f 10795 10796 11043
f 10795 11043 11044
f 10794 10795 11044
f 10794 11044 11045
f 10793 10794 11045
f 10793 11045 11046
f 10792 10793 11046
f 10792 11046 11047
f 10791 10792 11047
f 10791 11047 11048
f 10791 11048 11049
f 10790 10791 11049
f 10789 10790 11049
f 10789 11049 11050
f 10788 10789 11050
f 10788 11050 11051
f 10787 10788 11051
f 10787 11051 11052
f 10786 10787 11052
f 10786 11052 11053
f 10785 10786 11053
f 10785 11053 11054
f 10784 10785 11054
f 10784 11054 11055
f 10783 10784 11055
f 10783 11055 11056
f 10782 10783 11056
f 10782 11056 11057
f 10781 10782 11057
f 10781 11057 11058
f 10780 10781 11058
f 10780 11058 11059
f 10779 10780 11059
f 10779 11059 11060
f 10778 10779 11060
f 10778 11060 11061
f 10777 10778 11061
f 10777 11061 11062
f 10776 11063 11064
f 10776 10777 11062
f 10776 11062 11063
f 10775 10776 11064
f 10774 11064 11065
f 10774 10775 11064
f 10773 11065 11066
f 10773 10774 11065
f 10772 11066 11067
f 10772 10773 11066
f 10771 11067 11068
f 10771 10772 11067
f 10770 11068 11069
f 10770 10771 11068
f 10769 11069 11070
f 10769 10770 11069
f 10768 11070 11071
f 10768 10769 11070
f 10767 11071 11072
f 10767 10768 11071
f 10766 11072 11073
f 10766 10767 11072
f 10765 11073 11074
f 10765 10766 11073
f 10764 11074 11075
f 10764 10765 11074
f 10763 11075 11076
f 10763 10764 11075
f 10762 11076 11077
f 10762 11077 11078
f 10762 10763 11076
f 10761 10762 11078
f 11179 11178 11177
f 11181 11180 11179
f 11174 11176 11175
f 11174 11177 11176
f 11171 11173 11172
f 11185 11182 11181
f 11185 11183 11182
f 11185 11184 11183
f 11187 11186 11185
f 11168 11170 11169
f 11168 11171 11170
f 11190 11188 11187
f 11190 11189 11188
f 11164 11166 11165
f 11164 11167 11166
f 11194 11192 11191
f 11194 11193 11192
f 11160 11162 11161
f 11160 11163 11162
f 11197 11190 11187
f 11197 11191 11190
f 11197 11195 11194
f 11197 11196 11195
f 11197 11194 11191
f 11197 11187 11185
f 11197 11185 11181
f 11156 11167 11164
f 11156 11163 11160
f 11156 11158 11157
f 11156 11159 11158
f 11156 11160 11159
f 11156 11164 11163
f 11156 11168 11167
f 11156 11171 11168
f 11200 11199 11198
f 11202 11201 11200
f 11153 11155 11154
f 11153 11156 11155
f 11203 11200 11198
f 11203 11202 11200
f 11152 11156 11153
f 11205 11204 11203
f 11149 11151 11150
f 11207 11198 11197
f 11207 11206 11205
f 11207 11205 11203
f 11207 11203 11198
f 11146 11148 11147
f 11146 11149 11148
f 11146 11152 11151
f 11146 11151 11149
f 11145 11152 11146
f 11211 11210 11209
f 11143 11145 11144
f 11143 11152 11145
f 11213 11208 11207
f 11213 11209 11208
f 11213 11212 11211
f 11213 11211 11209
f 11140 11142 11141
f 11140 11143 11142
f 11216 11214 11213
f 11216 11215 11214
f 11139 11143 11140
f 11217 11216 11213
f 11217 11213 11207
f 11138 11143 11139
f 11137 11143 11138
f 11219 11218 11217
f 11135 11143 11137
f 11135 11137 11136
f 11222 11219 11217
f 11222 11220 11219
f 11222 11221 11220
f 11133 11135 11134
f 11224 11223 11222
f 11130 11132 11131
f 11228 11222 11217
f 11228 11224 11222
f 11228 11225 11224
f 11228 11226 11225
f 11228 11227 11226
f 11127 11129 11128
f 11127 11130 11129
f 11127 11132 11130
f 11127 11133 11132
f 11126 11133 11127
f 11233 11207 11197
f 11233 11197 11181
f 11233 11171 11156
f 11233 11229 11228
f 11233 11230 11229
f 11233 11231 11230
f 11233 11232 11231
f 11233 11228 11217
f 11233 11181 11179
f 11233 11179 11177
f 11233 11177 11174
f 11233 11217 11207
f 11233 11173 11171
f 11233 11174 11173
f 11122 11143 11135
f 11122 11135 11133
f 11122 11124 11123
f 11122 11125 11124
f 11122 11126 11125
f 11122 11156 11152
f 11122 11133 11126
f 11122 11152 11143
f 11079 11236 11235
f 11118 11120 11119
f 11080 11235 11234
f 11080 11079 11235
f 11117 11121 11120
f 11117 11120 11118
f 11081 11234 11233
f 11081 11080 11234
f 11115 11117 11116
f 11083 11081 11233
f 11083 11082 11081
f 11114 11117 11115
f 11114 11122 11121
f 11114 11121 11117
f 11085 11084 11083
f 11111 11113 11112
f 11111 11114 11113
f 11087 11086 11085
f 11088 11085 11083
f 11088 11087 11085
f 11109 11111 11110
f 11108 11111 11109
f 11090 11089 11088
f 11107 11114 11111
f 11107 11111 11108
f 11092 11091 11090
f 11092 11090 11088
f 11105 11107 11106
f 11104 11107 11105
f 11094 11093 11092
f 11095 11088 11083
f 11095 11092 11088
f 11095 11094 11092
f 11102 11104 11103
f 11102 11107 11104
f 11096 11095 11083
f 11101 11107 11102
f 11098 11097 11096
f 11098 11096 11083
f 11099 11083 11233
f 11099 11122 11114
f 11099 11101 11100
f 11099 11114 11107
f 11099 11233 11156
f 11099 11107 11101
f 11099 11098 11083
f 11099 11156 11122
