v -2.3 2.3 0.2
v 2.3 2.3 0.2
v -2.3 2.3 0.0
newmtl 1
Ka 0.9686274509803922 0.8784313725490196 0.6
Kd 0.9686274509803922 0.8784313725490196 0.6
Ks 0.6784313725490196 0.615686274509804 0.4196078431372549
d 0.0
endmtl
v 2.3 2.3 0.0
v -2.3 -2.3 0.2
v -2.3 -2.3 0.0
v 1.95 -2.3 0.2
v 1.95 -2.3 0.0
v 2.3 -1.95 0.2
v 2.3 -1.95 0.0
v 3.0 -0.3 0.2
v 2.699 -0.3 0.2
v 3.0 -0.3 0.02
v 2.699 -0.3 0.02
v 2.6 -0.201 0.02
v 2.6 -0.201 0.2
v 2.6 -0.199 0.02
v 2.6 -0.199 0.2
v 2.699 -0.1 0.2
v 2.699 -0.1 0.02
v 2.684911 -0.101008 0.02
v 2.684911 -0.101008 0.2
v 2.671108 -0.10401 0.02
v 2.671108 -0.10401 0.2
v 2.657874 -0.108946 0.02
v 2.657874 -0.108946 0.2
v 2.645477 -0.115716 0.02
v 2.645477 -0.115716 0.2
v 2.634169 -0.124181 0.02
v 2.634169 -0.124181 0.2
v 2.624181 -0.134169 0.02
v 2.624181 -0.134169 0.2
v 2.615716 -0.145477 0.02
v 2.615716 -0.145477 0.2
v 2.608947 -0.157874 0.02
v 2.608947 -0.157874 0.2
v 2.60401 -0.171108 0.02
v 2.60401 -0.171108 0.2
v 2.601008 -0.184911 0.02
v 2.601008 -0.184911 0.2
v 2.601008 -0.215089 0.02
v 2.601008 -0.215089 0.2
v 2.60401 -0.228892 0.02
v 2.60401 -0.228892 0.2
v 2.608947 -0.242126 0.02
v 2.608947 -0.242126 0.2
v 2.615716 -0.254523 0.02
v 2.615716 -0.254523 0.2
v 2.624181 -0.265831 0.02
v 2.624181 -0.265831 0.2
v 2.634169 -0.275819 0.02
v 2.634169 -0.275819 0.2
v 2.645477 -0.284284 0.02
v 2.645477 -0.284284 0.2
v 2.657874 -0.291054 0.02
v 2.657874 -0.291054 0.2
v 2.671108 -0.29599 0.02
v 2.671108 -0.29599 0.2
v 2.684911 -0.298992 0.02
v 2.684911 -0.298992 0.2
v 3.0 -0.1 0.2
v 3.0 -0.1 0.02
v -1.9 -2.699 0.02
v -1.9 -3.0 0.02
v -1.7 -3.0 0.02
v -1.799 -2.6 0.02
v -1.801 -2.6 0.02
v -1.815089 -2.601008 0.02
v -1.7 -2.699 0.02
v -1.701008 -2.684911 0.02
v -1.70401 -2.671108 0.02
v -1.757874 -2.608947 0.02
v -1.771109 -2.60401 0.02
v -1.784911 -2.601008 0.02
v -1.724181 -2.634169 0.02
v -1.734169 -2.624181 0.02
v -1.745476 -2.615716 0.02
v -1.828892 -2.60401 0.02
v -1.842126 -2.608947 0.02
v -1.854523 -2.615716 0.02
v -1.708946 -2.657874 0.02
v -1.715716 -2.645477 0.02
v -1.865831 -2.624181 0.02
v -1.89599 -2.671108 0.02
v -1.898992 -2.684911 0.02
v -1.875819 -2.634169 0.02
v -1.884284 -2.645477 0.02
v -1.891054 -2.657874 0.02
v -1.9 -3.0 0.0
v -1.7 -3.0 0.0
v -1.7 -2.699 0.0
v -1.701008 -2.684911 0.0
v -1.70401 -2.671108 0.0
v -1.708946 -2.657874 0.0
v -1.715716 -2.645477 0.0
v -1.724181 -2.634169 0.0
v -1.734169 -2.624181 0.0
v -1.745476 -2.615716 0.0
v -1.757874 -2.608947 0.0
v -1.771109 -2.60401 0.0
v -1.784911 -2.601008 0.0
v -1.799 -2.6 0.0
v -1.801 -2.6 0.0
v -1.9 -2.699 0.0
v -1.898992 -2.684911 0.0
v -1.89599 -2.671108 0.0
v -1.842126 -2.608947 0.0
v -1.828892 -2.60401 0.0
v -1.815089 -2.601008 0.0
v -1.875819 -2.634169 0.0
v -1.865831 -2.624181 0.0
v -1.854523 -2.615716 0.0
v -1.891054 -2.657874 0.0
v -1.884284 -2.645477 0.0
v -0.984911 2.601008 0.02
v -0.999 2.6 0.02
v -1.1 2.699 0.02
v -1.001 2.6 0.02
v -1.1 3.0 0.02
v -0.9 3.0 0.02
v -0.9 2.699 0.02
v -0.901008 2.684911 0.02
v -1.075819 2.634169 0.02
v -1.084284 2.645477 0.02
v -1.065831 2.624181 0.02
v -1.091054 2.657874 0.02
v -1.09599 2.671108 0.02
v -0.90401 2.671108 0.02
v -0.908946 2.657874 0.02
v -0.915716 2.645477 0.02
v -0.924181 2.634169 0.02
v -0.934169 2.624181 0.02
v -0.945477 2.615716 0.02
v -0.957874 2.608947 0.02
v -0.971108 2.60401 0.02
v -1.015089 2.601008 0.02
v -1.028892 2.60401 0.02
v -1.042126 2.608947 0.02
v -1.054523 2.615716 0.02
v -1.098992 2.684911 0.02
v -0.999 2.6 0.2
v -0.984911 2.601008 0.2
v -0.971108 2.60401 0.2
v -0.957874 2.608947 0.2
v -0.945477 2.615716 0.2
v -0.934169 2.624181 0.2
v -0.924181 2.634169 0.2
v -0.915716 2.645477 0.2
v -0.908946 2.657874 0.2
v -0.90401 2.671108 0.2
v -0.901008 2.684911 0.2
v -0.9 2.699 0.2
v -0.9 3.0 0.2
v -1.09599 2.671108 0.2
v -1.091054 2.657874 0.2
v -1.065831 2.624181 0.2
v -1.084284 2.645477 0.2
v -1.075819 2.634169 0.2
v -1.054523 2.615716 0.2
v -1.042126 2.608947 0.2
v -1.1 2.699 0.2
v -1.028892 2.60401 0.2
v -1.1 3.0 0.2
v -1.098992 2.684911 0.2
v -1.015089 2.601008 0.2
v -1.001 2.6 0.2
v -0.654523 2.615716 0.02
v -0.642126 2.608947 0.02
v -0.7 2.699 0.02
v -0.628892 2.60401 0.02
v -0.615089 2.601008 0.02
v -0.601 2.6 0.02
v -0.599 2.6 0.02
v -0.584911 2.601008 0.02
v -0.571108 2.60401 0.02
v -0.557874 2.608947 0.02
v -0.691054 2.657874 0.02
v -0.684284 2.645477 0.02
v -0.69599 2.671108 0.02
v -0.675819 2.634169 0.02
v -0.698992 2.684911 0.02
v -0.665831 2.624181 0.02
v -0.545477 2.615716 0.02
v -0.534169 2.624181 0.02
v -0.524181 2.634169 0.02
v -0.515716 2.645477 0.02
v -0.508946 2.657874 0.02
v -0.50401 2.671108 0.02
v -0.5 3.0 0.02
v -0.7 3.0 0.02
v -0.5 2.699 0.02
v -0.501008 2.684911 0.02
v -0.5 3.0 0.0
v -0.7 3.0 0.0
v -0.7 2.699 0.0
v -0.698992 2.684911 0.0
v -0.69599 2.671108 0.0
v -0.691054 2.657874 0.0
v -0.684284 2.645477 0.0
v -0.675819 2.634169 0.0
v -0.665831 2.624181 0.0
v -0.654523 2.615716 0.0
v -0.642126 2.608947 0.0
v -0.628892 2.60401 0.0
v -0.615089 2.601008 0.0
v -0.601 2.6 0.0
v -0.571108 2.60401 0.0
v -0.584911 2.601008 0.0
v -0.557874 2.608947 0.0
v -0.599 2.6 0.0
v -0.5 2.699 0.0
v -0.501008 2.684911 0.0
v -0.50401 2.671108 0.0
v -0.508946 2.657874 0.0
v -0.515716 2.645477 0.0
v -0.524181 2.634169 0.0
v -0.534169 2.624181 0.0
v -0.545477 2.615716 0.0
v 2.184911 2.601008 0.02
v 2.199 2.6 0.02
v 2.3 2.699 0.02
v 2.201 2.6 0.02
v 2.3 3.0 0.02
v 2.1 3.0 0.02
v 2.1 2.699 0.02
v 2.101008 2.684911 0.02
v 2.284284 2.645477 0.02
v 2.291054 2.657874 0.02
v 2.10401 2.671108 0.02
v 2.108946 2.657874 0.02
v 2.115716 2.645477 0.02
v 2.275819 2.634169 0.02
v 2.29599 2.671108 0.02
v 2.298992 2.684911 0.02
v 2.124181 2.634169 0.02
v 2.134169 2.624181 0.02
v 2.145477 2.615716 0.02
v 2.265831 2.624181 0.02
v 2.215089 2.601008 0.02
v 2.254523 2.615716 0.02
v 2.228891 2.60401 0.02
v 2.242126 2.608947 0.02
v 2.157874 2.608947 0.02
v 2.171108 2.60401 0.02
v 2.199 2.6 0.0
v 2.201 2.6 0.0
v 2.215089 2.601008 0.0
v 2.228891 2.60401 0.0
v 2.242126 2.608947 0.0
v 2.254523 2.615716 0.0
v 2.265831 2.624181 0.0
v 2.275819 2.634169 0.0
v 2.284284 2.645477 0.0
v 2.291054 2.657874 0.0
v 2.29599 2.671108 0.0
v 2.298992 2.684911 0.0
v 2.3 2.699 0.0
v 2.1 2.699 0.0
v 2.101008 2.684911 0.0
v 2.10401 2.671108 0.0
v 2.108946 2.657874 0.0
v 2.115716 2.645477 0.0
v 2.124181 2.634169 0.0
v 2.134169 2.624181 0.0
v 2.145477 2.615716 0.0
v 2.157874 2.608947 0.0
v 2.171108 2.60401 0.0
v 2.184911 2.601008 0.0
v 2.1 3.0 0.0
v 2.3 3.0 0.0
v -2.6 0.199 0.02
v -2.6 0.201 0.02
v -2.699 0.1 0.02
v -2.601008 0.184911 0.02
v -2.601008 0.215089 0.02
v -2.60401 0.228892 0.02
v -2.608947 0.242126 0.02
v -2.615716 0.254523 0.02
v -2.624181 0.265831 0.02
v -2.634169 0.275819 0.02
v -2.645477 0.284284 0.02
v -2.657874 0.291054 0.02
v -2.671108 0.29599 0.02
v -3.0 0.3 0.02
v -3.0 0.1 0.02
v -2.699 0.3 0.02
v -2.684911 0.298992 0.02
v -2.60401 0.171108 0.02
v -2.684911 0.101008 0.02
v -2.671108 0.10401 0.02
v -2.615716 0.145477 0.02
v -2.645477 0.115716 0.02
v -2.624181 0.134169 0.02
v -2.634169 0.124181 0.02
v -2.657874 0.108946 0.02
v -2.608947 0.157874 0.02
v -2.6 0.199 0.0
v -2.6 0.201 0.0
v -2.601008 0.215089 0.0
v -2.60401 0.228892 0.0
v -2.608947 0.242126 0.0
v -2.615716 0.254523 0.0
v -2.624181 0.265831 0.0
v -2.634169 0.275819 0.0
v -2.645477 0.284284 0.0
v -2.657874 0.291054 0.0
v -2.671108 0.29599 0.0
v -2.684911 0.298992 0.0
v -2.699 0.3 0.0
v -2.699 0.1 0.0
v -2.684911 0.101008 0.0
v -2.671108 0.10401 0.0
v -2.657874 0.108946 0.0
v -2.645477 0.115716 0.0
v -2.634169 0.124181 0.0
v -2.624181 0.134169 0.0
v -2.615716 0.145477 0.0
v -2.608947 0.157874 0.0
v -2.60401 0.171108 0.0
v -2.601008 0.184911 0.0
v -3.0 0.1 0.0
v -3.0 0.3 0.0
v 3.0 -1.7 0.02
v 3.0 -1.9 0.02
v 2.699 -1.7 0.02
v 2.699 -1.9 0.02
v 2.60401 -1.828892 0.02
v 2.601008 -1.815089 0.02
v 2.657874 -1.708946 0.02
v 2.671108 -1.70401 0.02
v 2.6 -1.799 0.02
v 2.684911 -1.898992 0.02
v 2.671108 -1.89599 0.02
v 2.657874 -1.891054 0.02
v 2.645477 -1.884284 0.02
v 2.634169 -1.875819 0.02
v 2.624181 -1.865831 0.02
v 2.615716 -1.745476 0.02
v 2.624181 -1.734169 0.02
v 2.6 -1.801 0.02
v 2.684911 -1.701008 0.02
v 2.601008 -1.784911 0.02
v 2.60401 -1.771109 0.02
v 2.608947 -1.757874 0.02
v 2.634169 -1.724181 0.02
v 2.645477 -1.715716 0.02
v 2.615716 -1.854523 0.02
v 2.608947 -1.842126 0.02
v 2.6 -1.801 0.2
v 2.601008 -1.815089 0.2
v 2.60401 -1.828892 0.2
v 2.608947 -1.842126 0.2
v 2.615716 -1.854523 0.2
v 2.624181 -1.865831 0.2
v 2.634169 -1.875819 0.2
v 2.645477 -1.884284 0.2
v 2.657874 -1.891054 0.2
v 2.671108 -1.89599 0.2
v 2.684911 -1.898992 0.2
v 2.699 -1.9 0.2
v 3.0 -1.9 0.2
v 3.0 -1.7 0.2
v 2.699 -1.7 0.2
v 2.684911 -1.701008 0.2
v 2.671108 -1.70401 0.2
v 2.657874 -1.708946 0.2
v 2.645477 -1.715716 0.2
v 2.615716 -1.745476 0.2
v 2.608947 -1.757874 0.2
v 2.634169 -1.724181 0.2
v 2.624181 -1.734169 0.2
v 2.60401 -1.771109 0.2
v 2.601008 -1.784911 0.2
v 2.6 -1.799 0.2
v -1.9 3.0 0.02
v -1.7 3.0 0.02
v -1.9 2.699 0.02
v -1.7 2.699 0.02
v -1.784911 2.601008 0.02
v -1.799 2.6 0.02
v -1.801 2.6 0.02
v -1.734169 2.624181 0.02
v -1.745476 2.615716 0.02
v -1.757874 2.608947 0.02
v -1.771109 2.60401 0.02
v -1.875819 2.634169 0.02
v -1.884284 2.645477 0.02
v -1.865831 2.624181 0.02
v -1.891054 2.657874 0.02
v -1.89599 2.671108 0.02
v -1.815089 2.601008 0.02
v -1.828892 2.60401 0.02
v -1.842126 2.608947 0.02
v -1.854523 2.615716 0.02
v -1.898992 2.684911 0.02
v -1.701008 2.684911 0.02
v -1.70401 2.671108 0.02
v -1.708946 2.657874 0.02
v -1.715716 2.645477 0.02
v -1.724181 2.634169 0.02
v -1.799 2.6 0.2
v -1.784911 2.601008 0.2
v -1.771109 2.60401 0.2
v -1.757874 2.608947 0.2
v -1.745476 2.615716 0.2
v -1.734169 2.624181 0.2
v -1.724181 2.634169 0.2
v -1.715716 2.645477 0.2
v -1.708946 2.657874 0.2
v -1.70401 2.671108 0.2
v -1.701008 2.684911 0.2
v -1.7 2.699 0.2
v -1.7 3.0 0.2
v -1.9 3.0 0.2
v -1.9 2.699 0.2
v -1.89599 2.671108 0.2
v -1.891054 2.657874 0.2
v -1.865831 2.624181 0.2
v -1.884284 2.645477 0.2
v -1.875819 2.634169 0.2
v -1.854523 2.615716 0.2
v -1.842126 2.608947 0.2
v -1.828892 2.60401 0.2
v -1.898992 2.684911 0.2
v -1.815089 2.601008 0.2
v -1.801 2.6 0.2
v -2.601008 0.584911 0.02
v -2.6 0.599 0.02
v -2.699 0.7 0.02
v -2.6 0.601 0.02
v -2.601008 0.615089 0.02
v -3.0 0.7 0.02
v -3.0 0.5 0.02
v -2.699 0.5 0.02
v -2.684911 0.501008 0.02
v -2.671108 0.50401 0.02
v -2.657874 0.508946 0.02
v -2.645477 0.515716 0.02
v -2.615716 0.545477 0.02
v -2.608947 0.557874 0.02
v -2.60401 0.571108 0.02
v -2.634169 0.524181 0.02
v -2.624181 0.534169 0.02
v -2.60401 0.628892 0.02
v -2.608947 0.642126 0.02
v -2.615716 0.654523 0.02
v -2.624181 0.665831 0.02
v -2.634169 0.675819 0.02
v -2.645477 0.684284 0.02
v -2.657874 0.691054 0.02
v -2.671108 0.69599 0.02
v -2.684911 0.698992 0.02
v -2.6 0.599 0.0
v -2.6 0.601 0.0
v -2.601008 0.615089 0.0
v -2.60401 0.628892 0.0
v -2.608947 0.642126 0.0
v -2.615716 0.654523 0.0
v -2.624181 0.665831 0.0
v -2.634169 0.675819 0.0
v -2.645477 0.684284 0.0
v -2.657874 0.691054 0.0
v -2.671108 0.69599 0.0
v -2.684911 0.698992 0.0
v -2.699 0.7 0.0
v -2.699 0.5 0.0
v -2.684911 0.501008 0.0
v -2.671108 0.50401 0.0
v -2.657874 0.508946 0.0
v -2.645477 0.515716 0.0
v -2.634169 0.524181 0.0
v -2.624181 0.534169 0.0
v -2.615716 0.545477 0.0
v -2.608947 0.557874 0.0
v -2.60401 0.571108 0.0
v -2.601008 0.584911 0.0
v -3.0 0.5 0.0
v -3.0 0.7 0.0
v -3.0 -0.1 0.2
v -2.699 -0.1 0.2
v -3.0 -0.1 0.02
v -2.699 -0.1 0.02
v -2.6 -0.199 0.02
v -2.6 -0.199 0.2
v -2.6 -0.201 0.02
v -2.6 -0.201 0.2
v -2.699 -0.3 0.2
v -2.699 -0.3 0.02
v -2.684911 -0.298992 0.02
v -2.684911 -0.298992 0.2
v -2.671108 -0.29599 0.02
v -2.671108 -0.29599 0.2
v -2.657874 -0.291054 0.02
v -2.657874 -0.291054 0.2
v -2.645477 -0.284284 0.02
v -2.645477 -0.284284 0.2
v -2.634169 -0.275819 0.02
v -2.634169 -0.275819 0.2
v -2.624181 -0.265831 0.02
v -2.624181 -0.265831 0.2
v -2.615716 -0.254523 0.02
v -2.615716 -0.254523 0.2
v -2.608947 -0.242126 0.02
v -2.608947 -0.242126 0.2
v -2.60401 -0.228892 0.02
v -2.60401 -0.228892 0.2
v -2.601008 -0.215089 0.02
v -2.601008 -0.215089 0.2
v -2.601008 -0.184911 0.02
v -2.601008 -0.184911 0.2
v -2.60401 -0.171108 0.02
v -2.60401 -0.171108 0.2
v -2.608947 -0.157874 0.02
v -2.608947 -0.157874 0.2
v -2.615716 -0.145477 0.02
v -2.615716 -0.145477 0.2
v -2.624181 -0.134169 0.02
v -2.624181 -0.134169 0.2
v -2.634169 -0.124181 0.02
v -2.634169 -0.124181 0.2
v -2.645477 -0.115716 0.02
v -2.645477 -0.115716 0.2
v -2.657874 -0.108946 0.02
v -2.657874 -0.108946 0.2
v -2.671108 -0.10401 0.02
v -2.671108 -0.10401 0.2
v -2.684911 -0.101008 0.02
v -2.684911 -0.101008 0.2
v -3.0 -0.3 0.2
v -3.0 -0.3 0.02
v -3.0 -2.1 0.02
v -3.0 -2.3 0.02
v -2.699 -2.1 0.02
v -2.699 -2.3 0.02
v -2.684911 -2.298992 0.02
v -2.601008 -2.215089 0.02
v -2.6 -2.201 0.02
v -2.6 -2.199 0.02
v -2.601008 -2.184911 0.02
v -2.671108 -2.29599 0.02
v -2.657874 -2.291054 0.02
v -2.645477 -2.284284 0.02
v -2.60401 -2.171108 0.02
v -2.671108 -2.10401 0.02
v -2.684911 -2.101008 0.02
v -2.634169 -2.275819 0.02
v -2.624181 -2.265831 0.02
v -2.615716 -2.254523 0.02
v -2.608947 -2.242126 0.02
v -2.60401 -2.228891 0.02
v -2.608947 -2.157874 0.02
v -2.615716 -2.145477 0.02
v -2.624181 -2.134169 0.02
v -2.634169 -2.124181 0.02
v -2.645477 -2.115716 0.02
v -2.657874 -2.108946 0.02
v -3.0 -2.1 0.0
v -3.0 -2.3 0.0
v -2.699 -2.3 0.0
v -2.684911 -2.298992 0.0
v -2.671108 -2.29599 0.0
v -2.657874 -2.291054 0.0
v -2.645477 -2.284284 0.0
v -2.634169 -2.275819 0.0
v -2.624181 -2.265831 0.0
v -2.615716 -2.254523 0.0
v -2.608947 -2.242126 0.0
v -2.60401 -2.228891 0.0
v -2.601008 -2.215089 0.0
v -2.6 -2.201 0.0
v -2.699 -2.1 0.0
v -2.684911 -2.101008 0.0
v -2.671108 -2.10401 0.0
v -2.6 -2.199 0.0
v -2.608947 -2.157874 0.0
v -2.60401 -2.171108 0.0
v -2.601008 -2.184911 0.0
v -2.634169 -2.124181 0.0
v -2.624181 -2.134169 0.0
v -2.615716 -2.145477 0.0
v -2.657874 -2.108946 0.0
v -2.645477 -2.115716 0.0
v 2.699 0.9 0.02
v 3.0 0.9 0.02
v 3.0 1.1 0.02
v 2.6 0.999 0.02
v 2.601008 0.984911 0.02
v 2.60401 0.971108 0.02
v 2.608947 0.957874 0.02
v 2.671108 1.09599 0.02
v 2.657874 1.091054 0.02
v 2.6 1.001 0.02
v 2.645477 1.084284 0.02
v 2.634169 1.075819 0.02
v 2.624181 1.065831 0.02
v 2.615716 1.054523 0.02
v 2.615716 0.945477 0.02
v 2.624181 0.934169 0.02
v 2.684911 0.901008 0.02
v 2.671108 0.90401 0.02
v 2.699 1.1 0.02
v 2.684911 1.098992 0.02
v 2.608947 1.042126 0.02
v 2.60401 1.028892 0.02
v 2.601008 1.015089 0.02
v 2.657874 0.908946 0.02
v 2.634169 0.924181 0.02
v 2.645477 0.915716 0.02
v 3.0 0.9 0.0
v 3.0 1.1 0.0
v 2.699 1.1 0.0
v 2.6 0.999 0.0
v 2.601008 0.984911 0.0
v 2.60401 0.971108 0.0
v 2.608947 0.957874 0.0
v 2.615716 0.945477 0.0
v 2.624181 0.934169 0.0
v 2.634169 0.924181 0.0
v 2.645477 0.915716 0.0
v 2.657874 0.908946 0.0
v 2.671108 0.90401 0.0
v 2.684911 0.901008 0.0
v 2.699 0.9 0.0
v 2.6 1.001 0.0
v 2.615716 1.054523 0.0
v 2.624181 1.065831 0.0
v 2.634169 1.075819 0.0
v 2.645477 1.084284 0.0
v 2.657874 1.091054 0.0
v 2.601008 1.015089 0.0
v 2.60401 1.028892 0.0
v 2.608947 1.042126 0.0
v 2.671108 1.09599 0.0
v 2.684911 1.098992 0.0
v 2.699 2.1 0.02
v 3.0 2.1 0.02
v 3.0 2.3 0.02
v 2.699 2.3 0.02
v 2.684911 2.298992 0.02
v 2.671108 2.29599 0.02
v 2.657874 2.291054 0.02
v 2.645477 2.284284 0.02
v 2.634169 2.275819 0.02
v 2.624181 2.265831 0.02
v 2.615716 2.254523 0.02
v 2.608947 2.242126 0.02
v 2.60401 2.228891 0.02
v 2.601008 2.215089 0.02
v 2.6 2.201 0.02
v 2.671108 2.10401 0.02
v 2.601008 2.184911 0.02
v 2.657874 2.108946 0.02
v 2.60401 2.171108 0.02
v 2.615716 2.145477 0.02
v 2.624181 2.134169 0.02
v 2.634169 2.124181 0.02
v 2.6 2.199 0.02
v 2.684911 2.101008 0.02
v 2.608947 2.157874 0.02
v 2.645477 2.115716 0.02
v 3.0 2.1 0.0
v 3.0 2.3 0.0
v 2.699 2.3 0.0
v 2.6 2.199 0.0
v 2.601008 2.184911 0.0
v 2.60401 2.171108 0.0
v 2.608947 2.157874 0.0
v 2.615716 2.145477 0.0
v 2.624181 2.134169 0.0
v 2.634169 2.124181 0.0
v 2.645477 2.115716 0.0
v 2.657874 2.108946 0.0
v 2.671108 2.10401 0.0
v 2.684911 2.101008 0.0
v 2.699 2.1 0.0
v 2.624181 2.265831 0.0
v 2.634169 2.275819 0.0
v 2.6 2.201 0.0
v 2.684911 2.298992 0.0
v 2.671108 2.29599 0.0
v 2.601008 2.215089 0.0
v 2.60401 2.228891 0.0
v 2.645477 2.284284 0.0
v 2.657874 2.291054 0.0
v 2.608947 2.242126 0.0
v 2.615716 2.254523 0.0
v -3.0 0.7 0.2
v -2.699 0.7 0.2
v -2.699 0.5 0.2
v -3.0 0.5 0.2
v -2.684911 0.501008 0.2
v -2.671108 0.50401 0.2
v -2.657874 0.508946 0.2
v -2.645477 0.515716 0.2
v -2.634169 0.524181 0.2
v -2.624181 0.534169 0.2
v -2.615716 0.545477 0.2
v -2.608947 0.557874 0.2
v -2.60401 0.571108 0.2
v -2.601008 0.584911 0.2
v -2.6 0.599 0.2
v -2.6 0.601 0.2
v -2.601008 0.615089 0.2
v -2.60401 0.628892 0.2
v -2.608947 0.642126 0.2
v -2.615716 0.654523 0.2
v -2.624181 0.665831 0.2
v -2.634169 0.675819 0.2
v -2.645477 0.684284 0.2
v -2.657874 0.691054 0.2
v -2.671108 0.69599 0.2
v -2.684911 0.698992 0.2
v 2.684911 1.498992 0.02
v 2.6 1.401 0.02
v 2.699 1.5 0.02
v 2.6 1.399 0.02
v 3.0 1.5 0.02
v 2.699 1.3 0.02
v 3.0 1.3 0.02
v 2.671108 1.49599 0.02
v 2.657874 1.491054 0.02
v 2.645477 1.484284 0.02
v 2.634169 1.324181 0.02
v 2.60401 1.371108 0.02
v 2.624181 1.334169 0.02
v 2.608947 1.357874 0.02
v 2.615716 1.345477 0.02
v 2.645477 1.315716 0.02
v 2.657874 1.308946 0.02
v 2.671108 1.30401 0.02
v 2.601008 1.384911 0.02
v 2.684911 1.301008 0.02
v 2.634169 1.475819 0.02
v 2.624181 1.465831 0.02
v 2.615716 1.454523 0.02
v 2.608947 1.442126 0.02
v 2.60401 1.428892 0.02
v 2.601008 1.415089 0.02
v 3.0 1.3 0.0
v 3.0 1.5 0.0
v 2.699 1.5 0.0
v 2.6 1.399 0.0
v 2.601008 1.384911 0.0
v 2.60401 1.371108 0.0
v 2.608947 1.357874 0.0
v 2.615716 1.345477 0.0
v 2.624181 1.334169 0.0
v 2.634169 1.324181 0.0
v 2.645477 1.315716 0.0
v 2.657874 1.308946 0.0
v 2.671108 1.30401 0.0
v 2.684911 1.301008 0.0
v 2.699 1.3 0.0
v 2.657874 1.491054 0.0
v 2.671108 1.49599 0.0
v 2.6 1.401 0.0
v 2.615716 1.454523 0.0
v 2.624181 1.465831 0.0
v 2.684911 1.498992 0.0
v 2.601008 1.415089 0.0
v 2.60401 1.428892 0.0
v 2.608947 1.442126 0.0
v 2.634169 1.475819 0.0
v 2.645477 1.484284 0.0
v 2.699 0.1 0.02
v 3.0 0.1 0.02
v 3.0 0.3 0.02
v 2.6 0.199 0.02
v 2.601008 0.184911 0.02
v 2.634169 0.275819 0.02
v 2.624181 0.265831 0.02
v 2.615716 0.254523 0.02
v 2.608947 0.242126 0.02
v 2.60401 0.228892 0.02
v 2.699 0.3 0.02
v 2.684911 0.298992 0.02
v 2.671108 0.29599 0.02
v 2.601008 0.215089 0.02
v 2.6 0.201 0.02
v 2.657874 0.291054 0.02
v 2.645477 0.284284 0.02
v 2.608947 0.157874 0.02
v 2.615716 0.145477 0.02
v 2.624181 0.134169 0.02
v 2.657874 0.108946 0.02
v 2.645477 0.115716 0.02
v 2.634169 0.124181 0.02
v 2.671108 0.10401 0.02
v 2.684911 0.101008 0.02
v 2.60401 0.171108 0.02
v 3.0 0.1 0.0
v 3.0 0.3 0.0
v 2.699 0.3 0.0
v 2.6 0.199 0.0
v 2.601008 0.184911 0.0
v 2.60401 0.171108 0.0
v 2.608947 0.157874 0.0
v 2.615716 0.145477 0.0
v 2.624181 0.134169 0.0
v 2.634169 0.124181 0.0
v 2.645477 0.115716 0.0
v 2.657874 0.108946 0.0
v 2.671108 0.10401 0.0
v 2.684911 0.101008 0.0
v 2.699 0.1 0.0
v 2.6 0.201 0.0
v 2.608947 0.242126 0.0
v 2.615716 0.254523 0.0
v 2.601008 0.215089 0.0
v 2.60401 0.228892 0.0
v 2.624181 0.265831 0.0
v 2.634169 0.275819 0.0
v 2.645477 0.284284 0.0
v 2.657874 0.291054 0.0
v 2.671108 0.29599 0.0
v 2.684911 0.298992 0.0
v 3.0 0.5 0.2
v 2.699 0.5 0.2
v 3.0 0.5 0.02
v 2.699 0.5 0.02
v 2.6 0.599 0.02
v 2.6 0.599 0.2
v 2.6 0.601 0.02
v 2.6 0.601 0.2
v 2.699 0.7 0.2
v 2.699 0.7 0.02
v 2.684911 0.698992 0.02
v 2.684911 0.698992 0.2
v 2.671108 0.69599 0.02
v 2.671108 0.69599 0.2
v 2.657874 0.691054 0.02
v 2.657874 0.691054 0.2
v 2.645477 0.684284 0.02
v 2.645477 0.684284 0.2
v 2.634169 0.675819 0.02
v 2.634169 0.675819 0.2
v 2.624181 0.665831 0.02
v 2.624181 0.665831 0.2
v 2.615716 0.654523 0.02
v 2.615716 0.654523 0.2
v 2.608947 0.642126 0.02
v 2.608947 0.642126 0.2
v 2.60401 0.628892 0.02
v 2.60401 0.628892 0.2
v 2.601008 0.615089 0.02
v 2.601008 0.615089 0.2
v 2.601008 0.584911 0.02
v 2.601008 0.584911 0.2
v 2.60401 0.571108 0.02
v 2.60401 0.571108 0.2
v 2.608947 0.557874 0.02
v 2.608947 0.557874 0.2
v 2.615716 0.545477 0.02
v 2.615716 0.545477 0.2
v 2.624181 0.534169 0.02
v 2.624181 0.534169 0.2
v 2.634169 0.524181 0.02
v 2.634169 0.524181 0.2
v 2.645477 0.515716 0.02
v 2.645477 0.515716 0.2
v 2.657874 0.508946 0.02
v 2.657874 0.508946 0.2
v 2.671108 0.50401 0.02
v 2.671108 0.50401 0.2
v 2.684911 0.501008 0.02
v 2.684911 0.501008 0.2
v 3.0 0.7 0.2
v 3.0 0.7 0.02
v -3.0 -0.1 0.0
v -3.0 -0.3 0.0
v -2.699 -0.3 0.0
v -2.6 -0.199 0.0
v -2.601008 -0.184911 0.0
v -2.60401 -0.171108 0.0
v -2.608947 -0.157874 0.0
v -2.615716 -0.145477 0.0
v -2.624181 -0.134169 0.0
v -2.634169 -0.124181 0.0
v -2.645477 -0.115716 0.0
v -2.657874 -0.108946 0.0
v -2.671108 -0.10401 0.0
v -2.684911 -0.101008 0.0
v -2.699 -0.1 0.0
v -2.6 -0.201 0.0
v -2.601008 -0.215089 0.0
v -2.60401 -0.228892 0.0
v -2.634169 -0.275819 0.0
v -2.645477 -0.284284 0.0
v -2.657874 -0.291054 0.0
v -2.608947 -0.242126 0.0
v -2.615716 -0.254523 0.0
v -2.684911 -0.298992 0.0
v -2.671108 -0.29599 0.0
v -2.624181 -0.265831 0.0
v -2.1 -3.0 0.02
v -2.199 -2.6 0.02
v -2.3 -3.0 0.02
v -2.201 -2.6 0.02
v -2.3 -2.699 0.02
v -2.1 -2.699 0.02
v -2.101008 -2.684911 0.02
v -2.184911 -2.601008 0.02
v -2.10401 -2.671108 0.02
v -2.108946 -2.657874 0.02
v -2.291054 -2.657874 0.02
v -2.29599 -2.671108 0.02
v -2.298992 -2.684911 0.02
v -2.115716 -2.645477 0.02
v -2.157874 -2.608947 0.02
v -2.171108 -2.60401 0.02
v -2.124181 -2.634169 0.02
v -2.134169 -2.624181 0.02
v -2.145477 -2.615716 0.02
v -2.254523 -2.615716 0.02
v -2.215089 -2.601008 0.02
v -2.242126 -2.608947 0.02
v -2.228891 -2.60401 0.02
v -2.265831 -2.624181 0.02
v -2.275819 -2.634169 0.02
v -2.284284 -2.645477 0.02
v -2.201 -2.6 0.0
v -2.215089 -2.601008 0.0
v -2.228891 -2.60401 0.0
v -2.242126 -2.608947 0.0
v -2.254523 -2.615716 0.0
v -2.265831 -2.624181 0.0
v -2.275819 -2.634169 0.0
v -2.284284 -2.645477 0.0
v -2.291054 -2.657874 0.0
v -2.29599 -2.671108 0.0
v -2.298992 -2.684911 0.0
v -2.3 -2.699 0.0
v -2.3 -3.0 0.0
v -2.1 -3.0 0.0
v -2.199 -2.6 0.0
v -2.1 -2.699 0.0
v -2.184911 -2.601008 0.0
v -2.101008 -2.684911 0.0
v -2.171108 -2.60401 0.0
v -2.157874 -2.608947 0.0
v -2.145477 -2.615716 0.0
v -2.108946 -2.657874 0.0
v -2.10401 -2.671108 0.0
v -2.134169 -2.624181 0.0
v -2.124181 -2.634169 0.0
v -2.115716 -2.645477 0.0
v -2.601008 -1.015089 0.02
v -2.6 -1.001 0.02
v -2.699 -0.9 0.02
v -3.0 -0.9 0.02
v -3.0 -1.1 0.02
v -2.699 -1.1 0.02
v -2.684911 -1.098992 0.02
v -2.671108 -1.09599 0.02
v -2.657874 -1.091054 0.02
v -2.645477 -1.084284 0.02
v -2.634169 -1.075819 0.02
v -2.624181 -1.065831 0.02
v -2.615716 -1.054523 0.02
v -2.6 -0.999 0.02
v -2.601008 -0.984911 0.02
v -2.60401 -0.971108 0.02
v -2.608947 -1.042126 0.02
v -2.60401 -1.028892 0.02
v -2.657874 -0.908946 0.02
v -2.624181 -0.934169 0.02
v -2.645477 -0.915716 0.02
v -2.634169 -0.924181 0.02
v -2.608947 -0.957874 0.02
v -2.615716 -0.945477 0.02
v -2.684911 -0.901008 0.02
v -2.671108 -0.90401 0.02
v -3.0 -0.9 0.0
v -3.0 -1.1 0.0
v -2.699 -1.1 0.0
v -2.6 -0.999 0.0
v -2.601008 -0.984911 0.0
v -2.60401 -0.971108 0.0
v -2.608947 -0.957874 0.0
v -2.615716 -0.945477 0.0
v -2.624181 -0.934169 0.0
v -2.634169 -0.924181 0.0
v -2.645477 -0.915716 0.0
v -2.657874 -0.908946 0.0
v -2.671108 -0.90401 0.0
v -2.684911 -0.901008 0.0
v -2.699 -0.9 0.0
v -2.6 -1.001 0.0
v -2.608947 -1.042126 0.0
v -2.615716 -1.054523 0.0
v -2.60401 -1.028892 0.0
v -2.624181 -1.065831 0.0
v -2.634169 -1.075819 0.0
v -2.645477 -1.084284 0.0
v -2.657874 -1.091054 0.0
v -2.671108 -1.09599 0.0
v -2.601008 -1.015089 0.0
v -2.684911 -1.098992 0.0
v -1.098992 -2.684911 0.02
v -1.1 -2.699 0.02
v -1.054523 -2.615716 0.02
v -1.1 -3.0 0.02
v -0.9 -3.0 0.02
v -0.9 -2.699 0.02
v -0.999 -2.6 0.02
v -1.001 -2.6 0.02
v -1.015089 -2.601008 0.02
v -0.934169 -2.624181 0.02
v -0.945477 -2.615716 0.02
v -0.957874 -2.608947 0.02
v -0.971108 -2.60401 0.02
v -0.984911 -2.601008 0.02
v -1.075819 -2.634169 0.02
v -1.084284 -2.645477 0.02
v -1.091054 -2.657874 0.02
v -1.028892 -2.60401 0.02
v -1.042126 -2.608947 0.02
v -1.065831 -2.624181 0.02
v -0.901008 -2.684911 0.02
v -0.90401 -2.671108 0.02
v -0.908946 -2.657874 0.02
v -0.915716 -2.645477 0.02
v -0.924181 -2.634169 0.02
v -1.09599 -2.671108 0.02
v -0.999 -2.6 0.0
v -1.001 -2.6 0.0
v -1.015089 -2.601008 0.0
v -1.028892 -2.60401 0.0
v -1.042126 -2.608947 0.0
v -1.054523 -2.615716 0.0
v -1.065831 -2.624181 0.0
v -1.075819 -2.634169 0.0
v -1.084284 -2.645477 0.0
v -1.091054 -2.657874 0.0
v -1.09599 -2.671108 0.0
v -1.098992 -2.684911 0.0
v -1.1 -2.699 0.0
v -0.9 -2.699 0.0
v -0.901008 -2.684911 0.0
v -0.90401 -2.671108 0.0
v -0.908946 -2.657874 0.0
v -0.915716 -2.645477 0.0
v -0.924181 -2.634169 0.0
v -0.934169 -2.624181 0.0
v -0.945477 -2.615716 0.0
v -0.957874 -2.608947 0.0
v -0.971108 -2.60401 0.0
v -0.984911 -2.601008 0.0
v -0.9 -3.0 0.0
v -1.1 -3.0 0.0
v -2.6 1.801 0.02
v -2.6 1.799 0.02
v -2.699 1.9 0.02
v -2.601008 1.815089 0.02
v -3.0 1.7 0.02
v -3.0 1.9 0.02
v -2.699 1.7 0.02
v -2.684911 1.701008 0.02
v -2.671108 1.70401 0.02
v -2.684911 1.898992 0.02
v -2.671108 1.89599 0.02
v -2.657874 1.891054 0.02
v -2.601008 1.784911 0.02
v -2.60401 1.771109 0.02
v -2.608947 1.757874 0.02
v -2.615716 1.745476 0.02
v -2.624181 1.734169 0.02
v -2.634169 1.724181 0.02
v -2.645477 1.884284 0.02
v -2.634169 1.875819 0.02
v -2.624181 1.865831 0.02
v -2.615716 1.854523 0.02
v -2.608947 1.842126 0.02
v -2.60401 1.828892 0.02
v -2.645477 1.715716 0.02
v -2.657874 1.708946 0.02
v -2.6 1.801 0.2
v -2.601008 1.815089 0.2
v -2.60401 1.828892 0.2
v -2.608947 1.842126 0.2
v -2.615716 1.854523 0.2
v -2.624181 1.865831 0.2
v -2.634169 1.875819 0.2
v -2.645477 1.884284 0.2
v -2.657874 1.891054 0.2
v -2.671108 1.89599 0.2
v -2.684911 1.898992 0.2
v -2.699 1.9 0.2
v -3.0 1.9 0.2
v -3.0 1.7 0.2
v -2.6 1.799 0.2
v -2.699 1.7 0.2
v -2.684911 1.701008 0.2
v -2.671108 1.70401 0.2
v -2.657874 1.708946 0.2
v -2.645477 1.715716 0.2
v -2.634169 1.724181 0.2
v -2.624181 1.734169 0.2
v -2.615716 1.745476 0.2
v -2.608947 1.757874 0.2
v -2.60401 1.771109 0.2
v -2.601008 1.784911 0.2
v 0.215089 2.601008 0.02
v 0.201 2.6 0.02
v 0.1 2.699 0.02
v 0.199 2.6 0.02
v 0.254523 2.615716 0.02
v 0.242126 2.608947 0.02
v 0.228892 2.60401 0.02
v 0.1 3.0 0.02
v 0.3 3.0 0.02
v 0.3 2.699 0.02
v 0.298992 2.684911 0.02
v 0.29599 2.671108 0.02
v 0.291054 2.657874 0.02
v 0.284284 2.645477 0.02
v 0.184911 2.601008 0.02
v 0.171108 2.60401 0.02
v 0.157874 2.608947 0.02
v 0.145477 2.615716 0.02
v 0.134169 2.624181 0.02
v 0.124181 2.634169 0.02
v 0.115716 2.645477 0.02
v 0.108946 2.657874 0.02
v 0.101008 2.684911 0.02
v 0.10401 2.671108 0.02
v 0.275819 2.634169 0.02
v 0.265831 2.624181 0.02
v 0.201 2.6 0.2
v 0.215089 2.601008 0.2
v 0.228892 2.60401 0.2
v 0.242126 2.608947 0.2
v 0.254523 2.615716 0.2
v 0.265831 2.624181 0.2
v 0.275819 2.634169 0.2
v 0.284284 2.645477 0.2
v 0.291054 2.657874 0.2
v 0.29599 2.671108 0.2
v 0.298992 2.684911 0.2
v 0.3 2.699 0.2
v 0.3 3.0 0.2
v 0.184911 2.601008 0.2
v 0.199 2.6 0.2
v 0.1 2.699 0.2
v 0.115716 2.645477 0.2
v 0.108946 2.657874 0.2
v 0.101008 2.684911 0.2
v 0.10401 2.671108 0.2
v 0.124181 2.634169 0.2
v 0.134169 2.624181 0.2
v 0.145477 2.615716 0.2
v 0.157874 2.608947 0.2
v 0.171108 2.60401 0.2
v 0.1 3.0 0.2
v -1.801 -2.6 0.2
v -1.815089 -2.601008 0.2
v -1.828892 -2.60401 0.2
v -1.842126 -2.608947 0.2
v -1.854523 -2.615716 0.2
v -1.865831 -2.624181 0.2
v -1.875819 -2.634169 0.2
v -1.884284 -2.645477 0.2
v -1.891054 -2.657874 0.2
v -1.89599 -2.671108 0.2
v -1.898992 -2.684911 0.2
v -1.9 -2.699 0.2
v -1.9 -3.0 0.2
v -1.7 -3.0 0.2
v -1.799 -2.6 0.2
v -1.7 -2.699 0.2
v -1.701008 -2.684911 0.2
v -1.70401 -2.671108 0.2
v -1.757874 -2.608947 0.2
v -1.771109 -2.60401 0.2
v -1.784911 -2.601008 0.2
v -1.724181 -2.634169 0.2
v -1.734169 -2.624181 0.2
v -1.745476 -2.615716 0.2
v -1.708946 -2.657874 0.2
v -1.715716 -2.645477 0.2
v 3.0 1.3 0.2
v 2.699 1.3 0.2
v 2.6 1.399 0.2
v 2.6 1.401 0.2
v 2.699 1.5 0.2
v 2.684911 1.498992 0.2
v 2.671108 1.49599 0.2
v 2.657874 1.491054 0.2
v 2.645477 1.484284 0.2
v 2.634169 1.475819 0.2
v 2.624181 1.465831 0.2
v 2.615716 1.454523 0.2
v 2.608947 1.442126 0.2
v 2.60401 1.428892 0.2
v 2.601008 1.415089 0.2
v 2.601008 1.384911 0.2
v 2.60401 1.371108 0.2
v 2.608947 1.357874 0.2
v 2.615716 1.345477 0.2
v 2.624181 1.334169 0.2
v 2.634169 1.324181 0.2
v 2.645477 1.315716 0.2
v 2.657874 1.308946 0.2
v 2.671108 1.30401 0.2
v 2.684911 1.301008 0.2
v 3.0 1.5 0.2
v 0.5 -3.0 0.02
v 0.7 -3.0 0.02
v 0.5 -2.699 0.02
v 0.7 -2.699 0.02
v 0.615089 -2.601008 0.02
v 0.601 -2.6 0.02
v 0.628892 -2.60401 0.02
v 0.665831 -2.624181 0.02
v 0.654523 -2.615716 0.02
v 0.698992 -2.684911 0.02
v 0.599 -2.6 0.02
v 0.584911 -2.601008 0.02
v 0.571108 -2.60401 0.02
v 0.691054 -2.657874 0.02
v 0.684284 -2.645477 0.02
v 0.675819 -2.634169 0.02
v 0.642126 -2.608947 0.02
v 0.557874 -2.608947 0.02
v 0.545477 -2.615716 0.02
v 0.534169 -2.624181 0.02
v 0.524181 -2.634169 0.02
v 0.515716 -2.645477 0.02
v 0.508946 -2.657874 0.02
v 0.50401 -2.671108 0.02
v 0.501008 -2.684911 0.02
v 0.69599 -2.671108 0.02
v 0.5 -3.0 0.0
v 0.7 -3.0 0.0
v 0.7 -2.699 0.0
v 0.698992 -2.684911 0.0
v 0.69599 -2.671108 0.0
v 0.691054 -2.657874 0.0
v 0.684284 -2.645477 0.0
v 0.675819 -2.634169 0.0
v 0.665831 -2.624181 0.0
v 0.654523 -2.615716 0.0
v 0.642126 -2.608947 0.0
v 0.628892 -2.60401 0.0
v 0.615089 -2.601008 0.0
v 0.601 -2.6 0.0
v 0.5 -2.699 0.0
v 0.599 -2.6 0.0
v 0.534169 -2.624181 0.0
v 0.545477 -2.615716 0.0
v 0.557874 -2.608947 0.0
v 0.571108 -2.60401 0.0
v 0.584911 -2.601008 0.0
v 0.501008 -2.684911 0.0
v 0.50401 -2.671108 0.0
v 0.508946 -2.657874 0.0
v 0.515716 -2.645477 0.0
v 0.524181 -2.634169 0.0
v 1.7 -3.0 0.2
v 1.7 -2.699 0.2
v 1.7 -3.0 0.02
v 1.7 -2.699 0.02
v 1.799 -2.6 0.02
v 1.799 -2.6 0.2
v 1.801 -2.6 0.02
v 1.801 -2.6 0.2
v 1.9 -2.699 0.2
v 1.9 -2.699 0.02
v 1.898992 -2.684911 0.02
v 1.898992 -2.684911 0.2
v 1.89599 -2.671108 0.02
v 1.89599 -2.671108 0.2
v 1.891054 -2.657874 0.02
v 1.891054 -2.657874 0.2
v 1.884284 -2.645477 0.02
v 1.884284 -2.645477 0.2
v 1.875819 -2.634169 0.02
v 1.875819 -2.634169 0.2
v 1.865831 -2.624181 0.02
v 1.865831 -2.624181 0.2
v 1.854523 -2.615716 0.02
v 1.854523 -2.615716 0.2
v 1.842126 -2.608947 0.02
v 1.842126 -2.608947 0.2
v 1.828892 -2.60401 0.02
v 1.828892 -2.60401 0.2
v 1.815089 -2.601008 0.02
v 1.815089 -2.601008 0.2
v 1.784911 -2.601008 0.02
v 1.784911 -2.601008 0.2
v 1.771109 -2.60401 0.02
v 1.771109 -2.60401 0.2
v 1.757874 -2.608947 0.02
v 1.757874 -2.608947 0.2
v 1.745476 -2.615716 0.02
v 1.745476 -2.615716 0.2
v 1.734169 -2.624181 0.02
v 1.734169 -2.624181 0.2
v 1.724181 -2.634169 0.02
v 1.724181 -2.634169 0.2
v 1.715716 -2.645477 0.02
v 1.715716 -2.645477 0.2
v 1.708946 -2.657874 0.02
v 1.708946 -2.657874 0.2
v 1.70401 -2.671108 0.02
v 1.70401 -2.671108 0.2
v 1.701008 -2.684911 0.02
v 1.701008 -2.684911 0.2
v 1.9 -3.0 0.2
v 1.9 -3.0 0.02
v -0.599 2.6 0.2
v -0.584911 2.601008 0.2
v -0.571108 2.60401 0.2
v -0.557874 2.608947 0.2
v -0.545477 2.615716 0.2
v -0.534169 2.624181 0.2
v -0.524181 2.634169 0.2
v -0.515716 2.645477 0.2
v -0.508946 2.657874 0.2
v -0.50401 2.671108 0.2
v -0.501008 2.684911 0.2
v -0.5 2.699 0.2
v -0.5 3.0 0.2
v -0.654523 2.615716 0.2
v -0.642126 2.608947 0.2
v -0.7 2.699 0.2
v -0.628892 2.60401 0.2
v -0.615089 2.601008 0.2
v -0.601 2.6 0.2
v -0.691054 2.657874 0.2
v -0.684284 2.645477 0.2
v -0.69599 2.671108 0.2
v -0.675819 2.634169 0.2
v -0.698992 2.684911 0.2
v -0.665831 2.624181 0.2
v -0.7 3.0 0.2
v -0.7 -3.0 0.2
v -0.7 -2.699 0.2
v -0.7 -3.0 0.02
v -0.7 -2.699 0.02
v -0.5 -2.699 0.02
v -0.5 -2.699 0.2
v -0.5 -3.0 0.02
v -0.5 -3.0 0.2
v -0.501008 -2.684911 0.02
v -0.501008 -2.684911 0.2
v -0.50401 -2.671108 0.02
v -0.50401 -2.671108 0.2
v -0.508946 -2.657874 0.02
v -0.508946 -2.657874 0.2
v -0.515716 -2.645477 0.02
v -0.515716 -2.645477 0.2
v -0.524181 -2.634169 0.02
v -0.524181 -2.634169 0.2
v -0.534169 -2.624181 0.02
v -0.534169 -2.624181 0.2
v -0.545477 -2.615716 0.02
v -0.545477 -2.615716 0.2
v -0.557874 -2.608947 0.02
v -0.557874 -2.608947 0.2
v -0.571108 -2.60401 0.02
v -0.571108 -2.60401 0.2
v -0.584911 -2.601008 0.02
v -0.584911 -2.601008 0.2
v -0.599 -2.6 0.02
v -0.599 -2.6 0.2
v -0.601 -2.6 0.2
v -0.615089 -2.601008 0.2
v -0.628892 -2.60401 0.2
v -0.642126 -2.608947 0.2
v -0.654523 -2.615716 0.2
v -0.665831 -2.624181 0.2
v -0.675819 -2.634169 0.2
v -0.684284 -2.645477 0.2
v -0.691054 -2.657874 0.2
v -0.69599 -2.671108 0.2
v -0.698992 -2.684911 0.2
v -0.601 -2.6 0.02
v -0.615089 -2.601008 0.02
v -0.628892 -2.60401 0.02
v -0.642126 -2.608947 0.02
v -0.654523 -2.615716 0.02
v -0.665831 -2.624181 0.02
v -0.675819 -2.634169 0.02
v -0.684284 -2.645477 0.02
v -0.691054 -2.657874 0.02
v -0.69599 -2.671108 0.02
v -0.698992 -2.684911 0.02
v -1.5 -3.0 0.2
v -1.5 -2.699 0.2
v -1.5 -3.0 0.02
v -1.5 -2.699 0.02
v -1.3 -2.699 0.2
v -1.3 -2.699 0.02
v -1.301008 -2.684911 0.02
v -1.301008 -2.684911 0.2
v -1.30401 -2.671108 0.02
v -1.30401 -2.671108 0.2
v -1.308946 -2.657874 0.02
v -1.308946 -2.657874 0.2
v -1.315716 -2.645477 0.02
v -1.315716 -2.645477 0.2
v -1.324181 -2.634169 0.02
v -1.324181 -2.634169 0.2
v -1.334169 -2.624181 0.02
v -1.334169 -2.624181 0.2
v -1.345477 -2.615716 0.02
v -1.345477 -2.615716 0.2
v -1.357874 -2.608947 0.02
v -1.357874 -2.608947 0.2
v -1.371108 -2.60401 0.02
v -1.371108 -2.60401 0.2
v -1.384911 -2.601008 0.02
v -1.384911 -2.601008 0.2
v -1.399 -2.6 0.02
v -1.399 -2.6 0.2
v -1.3 -3.0 0.02
v -1.3 -3.0 0.2
v -1.401 -2.6 0.02
v -1.401 -2.6 0.2
v -1.498992 -2.684911 0.2
v -1.454523 -2.615716 0.2
v -1.415089 -2.601008 0.2
v -1.475819 -2.634169 0.2
v -1.484284 -2.645477 0.2
v -1.491054 -2.657874 0.2
v -1.428892 -2.60401 0.2
v -1.442126 -2.608947 0.2
v -1.465831 -2.624181 0.2
v -1.49599 -2.671108 0.2
v -1.415089 -2.601008 0.02
v -1.428892 -2.60401 0.02
v -1.442126 -2.608947 0.02
v -1.454523 -2.615716 0.02
v -1.465831 -2.624181 0.02
v -1.475819 -2.634169 0.02
v -1.484284 -2.645477 0.02
v -1.491054 -2.657874 0.02
v -1.49599 -2.671108 0.02
v -1.498992 -2.684911 0.02
v -0.1 -2.699 0.02
v -0.201 -2.6 0.02
v -0.199 -2.6 0.02
v -0.254523 -2.615716 0.02
v -0.242126 -2.608947 0.02
v -0.1 -3.0 0.02
v -0.3 -3.0 0.02
v -0.3 -2.699 0.02
v -0.298992 -2.684911 0.02
v -0.228892 -2.60401 0.02
v -0.215089 -2.601008 0.02
v -0.184911 -2.601008 0.02
v -0.171108 -2.60401 0.02
v -0.157874 -2.608947 0.02
v -0.145477 -2.615716 0.02
v -0.134169 -2.624181 0.02
v -0.124181 -2.634169 0.02
v -0.29599 -2.671108 0.02
v -0.291054 -2.657874 0.02
v -0.284284 -2.645477 0.02
v -0.115716 -2.645477 0.02
v -0.108946 -2.657874 0.02
v -0.101008 -2.684911 0.02
v -0.10401 -2.671108 0.02
v -0.275819 -2.634169 0.02
v -0.265831 -2.624181 0.02
v -0.201 -2.6 0.2
v -0.215089 -2.601008 0.2
v -0.228892 -2.60401 0.2
v -0.242126 -2.608947 0.2
v -0.254523 -2.615716 0.2
v -0.265831 -2.624181 0.2
v -0.275819 -2.634169 0.2
v -0.284284 -2.645477 0.2
v -0.291054 -2.657874 0.2
v -0.29599 -2.671108 0.2
v -0.298992 -2.684911 0.2
v -0.3 -2.699 0.2
v -0.3 -3.0 0.2
v -0.1 -3.0 0.2
v -0.157874 -2.608947 0.2
v -0.171108 -2.60401 0.2
v -0.184911 -2.601008 0.2
v -0.199 -2.6 0.2
v -0.1 -2.699 0.2
v -0.101008 -2.684911 0.2
v -0.10401 -2.671108 0.2
v -0.108946 -2.657874 0.2
v -0.115716 -2.645477 0.2
v -0.124181 -2.634169 0.2
v -0.134169 -2.624181 0.2
v -0.145477 -2.615716 0.2
v -3.0 2.3 0.2
v -2.699 2.3 0.2
v -3.0 2.3 0.02
v -2.699 2.3 0.02
v -2.699 2.1 0.02
v -2.699 2.1 0.2
v -3.0 2.1 0.02
v -3.0 2.1 0.2
v -2.684911 2.101008 0.02
v -2.684911 2.101008 0.2
v -2.671108 2.10401 0.02
v -2.671108 2.10401 0.2
v -2.657874 2.108946 0.02
v -2.657874 2.108946 0.2
v -2.645477 2.115716 0.02
v -2.645477 2.115716 0.2
v -2.634169 2.124181 0.02
v -2.634169 2.124181 0.2
v -2.624181 2.134169 0.02
v -2.624181 2.134169 0.2
v -2.615716 2.145477 0.02
v -2.615716 2.145477 0.2
v -2.608947 2.157874 0.02
v -2.608947 2.157874 0.2
v -2.60401 2.171108 0.02
v -2.60401 2.171108 0.2
v -2.601008 2.184911 0.02
v -2.601008 2.184911 0.2
v -2.6 2.199 0.02
v -2.6 2.199 0.2
v -2.6 2.201 0.2
v -2.684911 2.298992 0.2
v -2.671108 2.29599 0.2
v -2.601008 2.215089 0.2
v -2.60401 2.228891 0.2
v -2.608947 2.242126 0.2
v -2.615716 2.254523 0.2
v -2.624181 2.265831 0.2
v -2.634169 2.275819 0.2
v -2.645477 2.284284 0.2
v -2.657874 2.291054 0.2
v -2.6 2.201 0.02
v -2.601008 2.215089 0.02
v -2.60401 2.228891 0.02
v -2.608947 2.242126 0.02
v -2.615716 2.254523 0.02
v -2.624181 2.265831 0.02
v -2.634169 2.275819 0.02
v -2.645477 2.284284 0.02
v -2.657874 2.291054 0.02
v -2.671108 2.29599 0.02
v -2.684911 2.298992 0.02
v -2.6 2.199 0.0
v -2.6 2.201 0.0
v -2.601008 2.215089 0.0
v -2.60401 2.228891 0.0
v -2.608947 2.242126 0.0
v -2.615716 2.254523 0.0
v -2.624181 2.265831 0.0
v -2.634169 2.275819 0.0
v -2.645477 2.284284 0.0
v -2.657874 2.291054 0.0
v -2.671108 2.29599 0.0
v -2.684911 2.298992 0.0
v -2.699 2.3 0.0
v -2.699 2.1 0.0
v -2.684911 2.101008 0.0
v -2.671108 2.10401 0.0
v -2.657874 2.108946 0.0
v -2.645477 2.115716 0.0
v -2.634169 2.124181 0.0
v -2.624181 2.134169 0.0
v -2.615716 2.145477 0.0
v -2.608947 2.157874 0.0
v -2.60401 2.171108 0.0
v -2.601008 2.184911 0.0
v -3.0 2.1 0.0
v -3.0 2.3 0.0
v 1.5 3.0 0.02
v 1.3 3.0 0.02
v 1.5 2.699 0.02
v 1.3 2.699 0.02
v 1.384911 2.601008 0.02
v 1.399 2.6 0.02
v 1.357874 2.608947 0.02
v 1.371108 2.60401 0.02
v 1.30401 2.671108 0.02
v 1.401 2.6 0.02
v 1.415089 2.601008 0.02
v 1.428892 2.60401 0.02
v 1.301008 2.684911 0.02
v 1.442126 2.608947 0.02
v 1.454523 2.615716 0.02
v 1.465831 2.624181 0.02
v 1.324181 2.634169 0.02
v 1.315716 2.645477 0.02
v 1.308946 2.657874 0.02
v 1.334169 2.624181 0.02
v 1.345477 2.615716 0.02
v 1.475819 2.634169 0.02
v 1.484284 2.645477 0.02
v 1.491054 2.657874 0.02
v 1.49599 2.671108 0.02
v 1.498992 2.684911 0.02
v 1.401 2.6 0.0
v 1.415089 2.601008 0.0
v 1.428892 2.60401 0.0
v 1.442126 2.608947 0.0
v 1.454523 2.615716 0.0
v 1.465831 2.624181 0.0
v 1.475819 2.634169 0.0
v 1.484284 2.645477 0.0
v 1.491054 2.657874 0.0
v 1.49599 2.671108 0.0
v 1.498992 2.684911 0.0
v 1.5 2.699 0.0
v 1.5 3.0 0.0
v 1.3 3.0 0.0
v 1.399 2.6 0.0
v 1.3 2.699 0.0
v 1.384911 2.601008 0.0
v 1.371108 2.60401 0.0
v 1.301008 2.684911 0.0
v 1.30401 2.671108 0.0
v 1.357874 2.608947 0.0
v 1.345477 2.615716 0.0
v 1.334169 2.624181 0.0
v 1.324181 2.634169 0.0
v 1.315716 2.645477 0.0
v 1.308946 2.657874 0.0
v -3.0 -0.5 0.2
v -2.699 -0.5 0.2
v -3.0 -0.5 0.02
v -2.699 -0.5 0.02
v -2.6 -0.599 0.02
v -2.6 -0.599 0.2
v -2.6 -0.601 0.02
v -2.6 -0.601 0.2
v -2.699 -0.7 0.2
v -2.699 -0.7 0.02
v -2.684911 -0.698992 0.02
v -2.684911 -0.698992 0.2
v -2.671108 -0.69599 0.02
v -2.671108 -0.69599 0.2
v -2.657874 -0.691054 0.02
v -2.657874 -0.691054 0.2
v -2.645477 -0.684284 0.02
v -2.645477 -0.684284 0.2
v -2.634169 -0.675819 0.02
v -2.634169 -0.675819 0.2
v -2.624181 -0.665831 0.02
v -2.624181 -0.665831 0.2
v -2.615716 -0.654523 0.02
v -2.615716 -0.654523 0.2
v -2.608947 -0.642126 0.02
v -2.608947 -0.642126 0.2
v -2.60401 -0.628892 0.02
v -2.60401 -0.628892 0.2
v -2.601008 -0.615089 0.02
v -2.601008 -0.615089 0.2
v -2.601008 -0.584911 0.02
v -2.601008 -0.584911 0.2
v -2.60401 -0.571108 0.02
v -2.60401 -0.571108 0.2
v -2.608947 -0.557874 0.02
v -2.608947 -0.557874 0.2
v -2.615716 -0.545477 0.02
v -2.615716 -0.545477 0.2
v -2.624181 -0.534169 0.02
v -2.624181 -0.534169 0.2
v -2.634169 -0.524181 0.02
v -2.634169 -0.524181 0.2
v -2.645477 -0.515716 0.02
v -2.645477 -0.515716 0.2
v -2.657874 -0.508946 0.02
v -2.657874 -0.508946 0.2
v -2.671108 -0.50401 0.02
v -2.671108 -0.50401 0.2
v -2.684911 -0.501008 0.02
v -2.684911 -0.501008 0.2
v -3.0 -0.7 0.2
v -3.0 -0.7 0.02
v 3.0 -2.3 0.02
v 3.0 -2.1 0.02
v 2.699 -2.3 0.02
v 2.699 -2.1 0.02
v 2.6 -2.199 0.02
v 2.601008 -2.184911 0.02
v 2.60401 -2.171108 0.02
v 2.645477 -2.284284 0.02
v 2.657874 -2.291054 0.02
v 2.671108 -2.29599 0.02
v 2.684911 -2.101008 0.02
v 2.671108 -2.10401 0.02
v 2.657874 -2.108946 0.02
v 2.645477 -2.115716 0.02
v 2.634169 -2.124181 0.02
v 2.624181 -2.134169 0.02
v 2.615716 -2.145477 0.02
v 2.608947 -2.157874 0.02
v 2.6 -2.201 0.02
v 2.601008 -2.215089 0.02
v 2.60401 -2.228891 0.02
v 2.608947 -2.242126 0.02
v 2.615716 -2.254523 0.02
v 2.624181 -2.265831 0.02
v 2.634169 -2.275819 0.02
v 2.684911 -2.298992 0.02
v 3.0 -2.3 0.0
v 3.0 -2.1 0.0
v 2.699 -2.1 0.0
v 2.684911 -2.101008 0.0
v 2.671108 -2.10401 0.0
v 2.657874 -2.108946 0.0
v 2.645477 -2.115716 0.0
v 2.634169 -2.124181 0.0
v 2.624181 -2.134169 0.0
v 2.615716 -2.145477 0.0
v 2.608947 -2.157874 0.0
v 2.60401 -2.171108 0.0
v 2.601008 -2.184911 0.0
v 2.6 -2.199 0.0
v 2.699 -2.3 0.0
v 2.684911 -2.298992 0.0
v 2.671108 -2.29599 0.0
v 2.657874 -2.291054 0.0
v 2.645477 -2.284284 0.0
v 2.634169 -2.275819 0.0
v 2.624181 -2.265831 0.0
v 2.615716 -2.254523 0.0
v 2.608947 -2.242126 0.0
v 2.60401 -2.228891 0.0
v 2.601008 -2.215089 0.0
v 2.6 -2.201 0.0
v -3.0 -1.3 0.02
v -3.0 -1.5 0.02
v -2.699 -1.3 0.02
v -2.699 -1.5 0.02
v -2.601008 -1.415089 0.02
v -2.6 -1.401 0.02
v -2.6 -1.399 0.02
v -2.601008 -1.384911 0.02
v -2.60401 -1.371108 0.02
v -2.60401 -1.428892 0.02
v -2.684911 -1.498992 0.02
v -2.671108 -1.49599 0.02
v -2.657874 -1.491054 0.02
v -2.645477 -1.484284 0.02
v -2.634169 -1.475819 0.02
v -2.624181 -1.465831 0.02
v -2.615716 -1.454523 0.02
v -2.608947 -1.442126 0.02
v -2.608947 -1.357874 0.02
v -2.615716 -1.345477 0.02
v -2.624181 -1.334169 0.02
v -2.634169 -1.324181 0.02
v -2.645477 -1.315716 0.02
v -2.657874 -1.308946 0.02
v -2.671108 -1.30401 0.02
v -2.684911 -1.301008 0.02
v -2.6 -1.401 0.0
v -2.6 -1.399 0.0
v -2.601008 -1.384911 0.0
v -2.60401 -1.371108 0.0
v -2.608947 -1.357874 0.0
v -2.615716 -1.345477 0.0
v -2.624181 -1.334169 0.0
v -2.634169 -1.324181 0.0
v -2.645477 -1.315716 0.0
v -2.657874 -1.308946 0.0
v -2.671108 -1.30401 0.0
v -2.684911 -1.301008 0.0
v -2.699 -1.3 0.0
v -2.699 -1.5 0.0
v -2.684911 -1.498992 0.0
v -2.671108 -1.49599 0.0
v -2.657874 -1.491054 0.0
v -2.645477 -1.484284 0.0
v -2.634169 -1.475819 0.0
v -2.624181 -1.465831 0.0
v -2.615716 -1.454523 0.0
v -2.608947 -1.442126 0.0
v -2.60401 -1.428892 0.0
v -2.601008 -1.415089 0.0
v -3.0 -1.5 0.0
v -3.0 -1.3 0.0
v 3.0 -1.3 0.02
v 3.0 -1.5 0.02
v 2.699 -1.3 0.02
v 2.699 -1.5 0.02
v 2.60401 -1.428892 0.02
v 2.601008 -1.415089 0.02
v 2.6 -1.401 0.02
v 2.6 -1.399 0.02
v 2.684911 -1.498992 0.02
v 2.671108 -1.49599 0.02
v 2.657874 -1.491054 0.02
v 2.615716 -1.345477 0.02
v 2.624181 -1.334169 0.02
v 2.634169 -1.324181 0.02
v 2.645477 -1.315716 0.02
v 2.657874 -1.308946 0.02
v 2.645477 -1.484284 0.02
v 2.634169 -1.475819 0.02
v 2.624181 -1.465831 0.02
v 2.615716 -1.454523 0.02
v 2.608947 -1.442126 0.02
v 2.601008 -1.384911 0.02
v 2.60401 -1.371108 0.02
v 2.608947 -1.357874 0.02
v 2.671108 -1.30401 0.02
v 2.684911 -1.301008 0.02
v 2.6 -1.401 0.2
v 2.601008 -1.415089 0.2
v 2.60401 -1.428892 0.2
v 2.608947 -1.442126 0.2
v 2.615716 -1.454523 0.2
v 2.624181 -1.465831 0.2
v 2.634169 -1.475819 0.2
v 2.645477 -1.484284 0.2
v 2.657874 -1.491054 0.2
v 2.671108 -1.49599 0.2
v 2.684911 -1.498992 0.2
v 2.699 -1.5 0.2
v 3.0 -1.5 0.2
v 2.645477 -1.315716 0.2
v 2.634169 -1.324181 0.2
v 3.0 -1.3 0.2
v 2.699 -1.3 0.2
v 2.684911 -1.301008 0.2
v 2.624181 -1.334169 0.2
v 2.615716 -1.345477 0.2
v 2.608947 -1.357874 0.2
v 2.671108 -1.30401 0.2
v 2.657874 -1.308946 0.2
v 2.60401 -1.371108 0.2
v 2.601008 -1.384911 0.2
v 2.6 -1.399 0.2
v 3.0 -1.1 0.02
v 2.699 -1.1 0.02
v 2.6 -1.001 0.02
v 2.684911 -1.098992 0.02
v 2.60401 -1.028892 0.02
v 2.601008 -1.015089 0.02
v 2.671108 -1.09599 0.02
v 2.657874 -1.091054 0.02
v 2.645477 -1.084284 0.02
v 2.634169 -1.075819 0.02
v 2.624181 -1.065831 0.02
v 2.608947 -1.042126 0.02
v 2.615716 -1.054523 0.02
v 2.615716 -0.945477 0.02
v 2.624181 -0.934169 0.02
v 2.6 -0.999 0.02
v 2.634169 -0.924181 0.02
v 2.645477 -0.915716 0.02
v 2.657874 -0.908946 0.02
v 2.671108 -0.90401 0.02
v 2.684911 -0.901008 0.02
v 2.699 -0.9 0.02
v 3.0 -0.9 0.02
v 2.601008 -0.984911 0.02
v 2.60401 -0.971108 0.02
v 2.608947 -0.957874 0.02
v 2.6 -1.001 0.2
v 2.601008 -1.015089 0.2
v 2.60401 -1.028892 0.2
v 2.608947 -1.042126 0.2
v 2.615716 -1.054523 0.2
v 2.624181 -1.065831 0.2
v 2.634169 -1.075819 0.2
v 2.645477 -1.084284 0.2
v 2.657874 -1.091054 0.2
v 2.671108 -1.09599 0.2
v 2.684911 -1.098992 0.2
v 2.699 -1.1 0.2
v 3.0 -1.1 0.2
v 2.6 -0.999 0.2
v 3.0 -0.9 0.2
v 2.699 -0.9 0.2
v 2.684911 -0.901008 0.2
v 2.671108 -0.90401 0.2
v 2.634169 -0.924181 0.2
v 2.624181 -0.934169 0.2
v 2.615716 -0.945477 0.2
v 2.657874 -0.908946 0.2
v 2.645477 -0.915716 0.2
v 2.608947 -0.957874 0.2
v 2.60401 -0.971108 0.2
v 2.601008 -0.984911 0.2
v 3.0 -1.1 0.0
v 3.0 -0.9 0.0
v 2.699 -0.9 0.0
v 2.684911 -0.901008 0.0
v 2.671108 -0.90401 0.0
v 2.657874 -0.908946 0.0
v 2.645477 -0.915716 0.0
v 2.634169 -0.924181 0.0
v 2.624181 -0.934169 0.0
v 2.615716 -0.945477 0.0
v 2.608947 -0.957874 0.0
v 2.60401 -0.971108 0.0
v 2.601008 -0.984911 0.0
v 2.6 -0.999 0.0
v 2.699 -1.1 0.0
v 2.6 -1.001 0.0
v 2.684911 -1.098992 0.0
v 2.60401 -1.028892 0.0
v 2.601008 -1.015089 0.0
v 2.671108 -1.09599 0.0
v 2.657874 -1.091054 0.0
v 2.645477 -1.084284 0.0
v 2.634169 -1.075819 0.0
v 2.624181 -1.065831 0.0
v 2.608947 -1.042126 0.0
v 2.615716 -1.054523 0.0
v 2.6 -2.201 0.2
v 2.601008 -2.215089 0.2
v 2.60401 -2.228891 0.2
v 2.608947 -2.242126 0.2
v 2.615716 -2.254523 0.2
v 2.624181 -2.265831 0.2
v 2.634169 -2.275819 0.2
v 2.645477 -2.284284 0.2
v 2.657874 -2.291054 0.2
v 2.671108 -2.29599 0.2
v 2.684911 -2.298992 0.2
v 2.699 -2.3 0.2
v 3.0 -2.3 0.2
v 3.0 -2.1 0.2
v 2.699 -2.1 0.2
v 2.6 -2.199 0.2
v 2.601008 -2.184911 0.2
v 2.60401 -2.171108 0.2
v 2.684911 -2.101008 0.2
v 2.671108 -2.10401 0.2
v 2.657874 -2.108946 0.2
v 2.645477 -2.115716 0.2
v 2.634169 -2.124181 0.2
v 2.624181 -2.134169 0.2
v 2.615716 -2.145477 0.2
v 2.608947 -2.157874 0.2
v -3.0 -0.5 0.0
v -3.0 -0.7 0.0
v -2.699 -0.7 0.0
v -2.6 -0.599 0.0
v -2.601008 -0.584911 0.0
v -2.60401 -0.571108 0.0
v -2.608947 -0.557874 0.0
v -2.615716 -0.545477 0.0
v -2.624181 -0.534169 0.0
v -2.634169 -0.524181 0.0
v -2.645477 -0.515716 0.0
v -2.657874 -0.508946 0.0
v -2.671108 -0.50401 0.0
v -2.684911 -0.501008 0.0
v -2.699 -0.5 0.0
v -2.6 -0.601 0.0
v -2.601008 -0.615089 0.0
v -2.60401 -0.628892 0.0
v -2.657874 -0.691054 0.0
v -2.671108 -0.69599 0.0
v -2.608947 -0.642126 0.0
v -2.615716 -0.654523 0.0
v -2.624181 -0.665831 0.0
v -2.684911 -0.698992 0.0
v -2.634169 -0.675819 0.0
v -2.645477 -0.684284 0.0
v 3.0 -1.9 0.0
v 3.0 -1.7 0.0
v 2.699 -1.7 0.0
v 2.684911 -1.701008 0.0
v 2.671108 -1.70401 0.0
v 2.657874 -1.708946 0.0
v 2.645477 -1.715716 0.0
v 2.634169 -1.724181 0.0
v 2.624181 -1.734169 0.0
v 2.615716 -1.745476 0.0
v 2.608947 -1.757874 0.0
v 2.60401 -1.771109 0.0
v 2.601008 -1.784911 0.0
v 2.6 -1.799 0.0
v 2.699 -1.9 0.0
v 2.60401 -1.828892 0.0
v 2.601008 -1.815089 0.0
v 2.684911 -1.898992 0.0
v 2.671108 -1.89599 0.0
v 2.657874 -1.891054 0.0
v 2.645477 -1.884284 0.0
v 2.634169 -1.875819 0.0
v 2.624181 -1.865831 0.0
v 2.6 -1.801 0.0
v 2.615716 -1.854523 0.0
v 2.608947 -1.842126 0.0
v 1.5 3.0 0.2
v 1.5 2.699 0.2
v 1.3 2.699 0.2
v 1.301008 2.684911 0.2
v 1.30401 2.671108 0.2
v 1.308946 2.657874 0.2
v 1.315716 2.645477 0.2
v 1.324181 2.634169 0.2
v 1.334169 2.624181 0.2
v 1.345477 2.615716 0.2
v 1.357874 2.608947 0.2
v 1.371108 2.60401 0.2
v 1.384911 2.601008 0.2
v 1.399 2.6 0.2
v 1.3 3.0 0.2
v 1.401 2.6 0.2
v 1.415089 2.601008 0.2
v 1.428892 2.60401 0.2
v 1.442126 2.608947 0.2
v 1.454523 2.615716 0.2
v 1.465831 2.624181 0.2
v 1.475819 2.634169 0.2
v 1.484284 2.645477 0.2
v 1.491054 2.657874 0.2
v 1.49599 2.671108 0.2
v 1.498992 2.684911 0.2
v 2.3 3.0 0.2
v 2.3 2.699 0.2
v 2.1 2.699 0.2
v 2.1 3.0 0.2
v 2.101008 2.684911 0.2
v 2.10401 2.671108 0.2
v 2.108946 2.657874 0.2
v 2.115716 2.645477 0.2
v 2.124181 2.634169 0.2
v 2.134169 2.624181 0.2
v 2.145477 2.615716 0.2
v 2.157874 2.608947 0.2
v 2.171108 2.60401 0.2
v 2.184911 2.601008 0.2
v 2.199 2.6 0.2
v 2.201 2.6 0.2
v 2.284284 2.645477 0.2
v 2.291054 2.657874 0.2
v 2.275819 2.634169 0.2
v 2.29599 2.671108 0.2
v 2.298992 2.684911 0.2
v 2.265831 2.624181 0.2
v 2.215089 2.601008 0.2
v 2.254523 2.615716 0.2
v 2.228891 2.60401 0.2
v 2.242126 2.608947 0.2
v 1.9 3.0 0.2
v 1.9 2.699 0.2
v 1.9 3.0 0.02
v 1.9 2.699 0.02
v 1.7 2.699 0.02
v 1.7 2.699 0.2
v 1.7 3.0 0.02
v 1.7 3.0 0.2
v 1.701008 2.684911 0.02
v 1.701008 2.684911 0.2
v 1.70401 2.671108 0.02
v 1.70401 2.671108 0.2
v 1.708946 2.657874 0.02
v 1.708946 2.657874 0.2
v 1.715716 2.645477 0.02
v 1.715716 2.645477 0.2
v 1.724181 2.634169 0.02
v 1.724181 2.634169 0.2
v 1.734169 2.624181 0.02
v 1.734169 2.624181 0.2
v 1.745476 2.615716 0.02
v 1.745476 2.615716 0.2
v 1.757874 2.608947 0.02
v 1.757874 2.608947 0.2
v 1.771109 2.60401 0.02
v 1.771109 2.60401 0.2
v 1.784911 2.601008 0.02
v 1.784911 2.601008 0.2
v 1.799 2.6 0.02
v 1.799 2.6 0.2
v 1.801 2.6 0.2
v 1.815089 2.601008 0.2
v 1.828892 2.60401 0.2
v 1.842126 2.608947 0.2
v 1.854523 2.615716 0.2
v 1.89599 2.671108 0.2
v 1.875819 2.634169 0.2
v 1.891054 2.657874 0.2
v 1.884284 2.645477 0.2
v 1.865831 2.624181 0.2
v 1.898992 2.684911 0.2
v 1.801 2.6 0.02
v 1.815089 2.601008 0.02
v 1.828892 2.60401 0.02
v 1.842126 2.608947 0.02
v 1.854523 2.615716 0.02
v 1.865831 2.624181 0.02
v 1.875819 2.634169 0.02
v 1.884284 2.645477 0.02
v 1.891054 2.657874 0.02
v 1.89599 2.671108 0.02
v 1.898992 2.684911 0.02
v 1.799 2.6 0.0
v 1.801 2.6 0.0
v 1.815089 2.601008 0.0
v 1.828892 2.60401 0.0
v 1.842126 2.608947 0.0
v 1.854523 2.615716 0.0
v 1.865831 2.624181 0.0
v 1.875819 2.634169 0.0
v 1.884284 2.645477 0.0
v 1.891054 2.657874 0.0
v 1.89599 2.671108 0.0
v 1.898992 2.684911 0.0
v 1.9 2.699 0.0
v 1.7 2.699 0.0
v 1.701008 2.684911 0.0
v 1.70401 2.671108 0.0
v 1.708946 2.657874 0.0
v 1.715716 2.645477 0.0
v 1.724181 2.634169 0.0
v 1.734169 2.624181 0.0
v 1.745476 2.615716 0.0
v 1.757874 2.608947 0.0
v 1.771109 2.60401 0.0
v 1.784911 2.601008 0.0
v 1.7 3.0 0.0
v 1.9 3.0 0.0
v 3.0 -0.3 0.0
v 3.0 -0.1 0.0
v 2.699 -0.1 0.0
v 2.6 -0.201 0.0
v 2.601008 -0.215089 0.0
v 2.60401 -0.228892 0.0
v 2.608947 -0.242126 0.0
v 2.615716 -0.254523 0.0
v 2.624181 -0.265831 0.0
v 2.634169 -0.275819 0.0
v 2.645477 -0.284284 0.0
v 2.657874 -0.291054 0.0
v 2.671108 -0.29599 0.0
v 2.684911 -0.298992 0.0
v 2.699 -0.3 0.0
v 2.6 -0.199 0.0
v 2.608947 -0.157874 0.0
v 2.615716 -0.145477 0.0
v 2.601008 -0.184911 0.0
v 2.60401 -0.171108 0.0
v 2.657874 -0.108946 0.0
v 2.671108 -0.10401 0.0
v 2.645477 -0.115716 0.0
v 2.634169 -0.124181 0.0
v 2.624181 -0.134169 0.0
v 2.684911 -0.101008 0.0
v 0.1 -3.0 0.02
v 0.3 -3.0 0.02
v 0.1 -2.699 0.02
v 0.3 -2.699 0.02
v 0.201 -2.6 0.02
v 0.199 -2.6 0.02
v 0.265831 -2.624181 0.02
v 0.254523 -2.615716 0.02
v 0.242126 -2.608947 0.02
v 0.228892 -2.60401 0.02
v 0.215089 -2.601008 0.02
v 0.298992 -2.684911 0.02
v 0.29599 -2.671108 0.02
v 0.291054 -2.657874 0.02
v 0.184911 -2.601008 0.02
v 0.171108 -2.60401 0.02
v 0.157874 -2.608947 0.02
v 0.284284 -2.645477 0.02
v 0.275819 -2.634169 0.02
v 0.124181 -2.634169 0.02
v 0.115716 -2.645477 0.02
v 0.134169 -2.624181 0.02
v 0.108946 -2.657874 0.02
v 0.10401 -2.671108 0.02
v 0.145477 -2.615716 0.02
v 0.101008 -2.684911 0.02
v 0.1 -3.0 0.0
v 0.3 -3.0 0.0
v 0.3 -2.699 0.0
v 0.298992 -2.684911 0.0
v 0.29599 -2.671108 0.0
v 0.291054 -2.657874 0.0
v 0.284284 -2.645477 0.0
v 0.275819 -2.634169 0.0
v 0.265831 -2.624181 0.0
v 0.254523 -2.615716 0.0
v 0.242126 -2.608947 0.0
v 0.228892 -2.60401 0.0
v 0.215089 -2.601008 0.0
v 0.201 -2.6 0.0
v 0.145477 -2.615716 0.0
v 0.157874 -2.608947 0.0
v 0.1 -2.699 0.0
v 0.101008 -2.684911 0.0
v 0.171108 -2.60401 0.0
v 0.184911 -2.601008 0.0
v 0.199 -2.6 0.0
v 0.10401 -2.671108 0.0
v 0.108946 -2.657874 0.0
v 0.115716 -2.645477 0.0
v 0.124181 -2.634169 0.0
v 0.134169 -2.624181 0.0
v -2.6 -2.199 0.2
v -2.601008 -2.184911 0.2
v -2.60401 -2.171108 0.2
v -2.608947 -2.157874 0.2
v -2.615716 -2.145477 0.2
v -2.624181 -2.134169 0.2
v -2.634169 -2.124181 0.2
v -2.645477 -2.115716 0.2
v -2.657874 -2.108946 0.2
v -2.671108 -2.10401 0.2
v -2.684911 -2.101008 0.2
v -2.699 -2.1 0.2
v -3.0 -2.1 0.2
v -2.601008 -2.215089 0.2
v -2.6 -2.201 0.2
v -3.0 -2.3 0.2
v -2.699 -2.3 0.2
v -2.684911 -2.298992 0.2
v -2.671108 -2.29599 0.2
v -2.657874 -2.291054 0.2
v -2.645477 -2.284284 0.2
v -2.634169 -2.275819 0.2
v -2.624181 -2.265831 0.2
v -2.615716 -2.254523 0.2
v -2.608947 -2.242126 0.2
v -2.60401 -2.228891 0.2
v 0.971108 -2.60401 0.02
v 0.984911 -2.601008 0.02
v 0.9 -2.699 0.02
v 0.999 -2.6 0.02
v 0.9 -3.0 0.02
v 0.934169 -2.624181 0.02
v 0.945477 -2.615716 0.02
v 0.901008 -2.684911 0.02
v 0.908946 -2.657874 0.02
v 0.915716 -2.645477 0.02
v 0.924181 -2.634169 0.02
v 0.957874 -2.608947 0.02
v 1.028892 -2.60401 0.02
v 1.042126 -2.608947 0.02
v 1.1 -2.699 0.02
v 1.054523 -2.615716 0.02
v 1.098992 -2.684911 0.02
v 1.075819 -2.634169 0.02
v 1.084284 -2.645477 0.02
v 1.091054 -2.657874 0.02
v 1.1 -3.0 0.02
v 1.001 -2.6 0.02
v 1.015089 -2.601008 0.02
v 1.065831 -2.624181 0.02
v 0.90401 -2.671108 0.02
v 1.09599 -2.671108 0.02
v 0.999 -2.6 0.2
v 0.984911 -2.601008 0.2
v 0.971108 -2.60401 0.2
v 0.957874 -2.608947 0.2
v 0.945477 -2.615716 0.2
v 0.934169 -2.624181 0.2
v 0.924181 -2.634169 0.2
v 0.915716 -2.645477 0.2
v 0.908946 -2.657874 0.2
v 0.90401 -2.671108 0.2
v 0.901008 -2.684911 0.2
v 0.9 -2.699 0.2
v 0.9 -3.0 0.2
v 1.1 -3.0 0.2
v 1.001 -2.6 0.2
v 1.042126 -2.608947 0.2
v 1.028892 -2.60401 0.2
v 1.015089 -2.601008 0.2
v 1.1 -2.699 0.2
v 1.098992 -2.684911 0.2
v 1.09599 -2.671108 0.2
v 1.091054 -2.657874 0.2
v 1.084284 -2.645477 0.2
v 1.075819 -2.634169 0.2
v 1.065831 -2.624181 0.2
v 1.054523 -2.615716 0.2
v 1.1 3.0 0.2
v 1.1 2.699 0.2
v 1.1 3.0 0.02
v 1.1 2.699 0.02
v 0.9 2.699 0.2
v 0.9 2.699 0.02
v 0.901008 2.684911 0.02
v 0.901008 2.684911 0.2
v 0.90401 2.671108 0.02
v 0.90401 2.671108 0.2
v 0.908946 2.657874 0.02
v 0.908946 2.657874 0.2
v 0.915716 2.645477 0.02
v 0.915716 2.645477 0.2
v 0.924181 2.634169 0.02
v 0.924181 2.634169 0.2
v 0.934169 2.624181 0.02
v 0.934169 2.624181 0.2
v 0.945477 2.615716 0.02
v 0.945477 2.615716 0.2
v 0.957874 2.608947 0.02
v 0.957874 2.608947 0.2
v 0.971108 2.60401 0.02
v 0.971108 2.60401 0.2
v 0.984911 2.601008 0.02
v 0.984911 2.601008 0.2
v 0.999 2.6 0.02
v 0.999 2.6 0.2
v 0.9 3.0 0.02
v 0.9 3.0 0.2
v 1.001 2.6 0.02
v 1.001 2.6 0.2
v 1.065831 2.624181 0.2
v 1.075819 2.634169 0.2
v 1.015089 2.601008 0.2
v 1.028892 2.60401 0.2
v 1.042126 2.608947 0.2
v 1.054523 2.615716 0.2
v 1.098992 2.684911 0.2
v 1.09599 2.671108 0.2
v 1.084284 2.645477 0.2
v 1.091054 2.657874 0.2
v 1.015089 2.601008 0.02
v 1.028892 2.60401 0.02
v 1.042126 2.608947 0.02
v 1.054523 2.615716 0.02
v 1.065831 2.624181 0.02
v 1.075819 2.634169 0.02
v 1.084284 2.645477 0.02
v 1.091054 2.657874 0.02
v 1.09599 2.671108 0.02
v 1.098992 2.684911 0.02
v -1.401 -2.6 0.0
v -1.415089 -2.601008 0.0
v -1.428892 -2.60401 0.0
v -1.442126 -2.608947 0.0
v -1.454523 -2.615716 0.0
v -1.465831 -2.624181 0.0
v -1.475819 -2.634169 0.0
v -1.484284 -2.645477 0.0
v -1.491054 -2.657874 0.0
v -1.49599 -2.671108 0.0
v -1.498992 -2.684911 0.0
v -1.5 -2.699 0.0
v -1.5 -3.0 0.0
v -1.3 -3.0 0.0
v -1.399 -2.6 0.0
v -1.3 -2.699 0.0
v -1.301008 -2.684911 0.0
v -1.345477 -2.615716 0.0
v -1.384911 -2.601008 0.0
v -1.324181 -2.634169 0.0
v -1.315716 -2.645477 0.0
v -1.308946 -2.657874 0.0
v -1.371108 -2.60401 0.0
v -1.357874 -2.608947 0.0
v -1.334169 -2.624181 0.0
v -1.30401 -2.671108 0.0
v -0.599 -2.6 0.0
v -0.601 -2.6 0.0
v -0.615089 -2.601008 0.0
v -0.628892 -2.60401 0.0
v -0.642126 -2.608947 0.0
v -0.654523 -2.615716 0.0
v -0.665831 -2.624181 0.0
v -0.675819 -2.634169 0.0
v -0.684284 -2.645477 0.0
v -0.691054 -2.657874 0.0
v -0.69599 -2.671108 0.0
v -0.698992 -2.684911 0.0
v -0.7 -2.699 0.0
v -0.5 -2.699 0.0
v -0.501008 -2.684911 0.0
v -0.50401 -2.671108 0.0
v -0.508946 -2.657874 0.0
v -0.515716 -2.645477 0.0
v -0.524181 -2.634169 0.0
v -0.534169 -2.624181 0.0
v -0.545477 -2.615716 0.0
v -0.557874 -2.608947 0.0
v -0.571108 -2.60401 0.0
v -0.584911 -2.601008 0.0
v -0.5 -3.0 0.0
v -0.7 -3.0 0.0
v 0.599 -2.6 0.2
v 0.584911 -2.601008 0.2
v 0.571108 -2.60401 0.2
v 0.557874 -2.608947 0.2
v 0.545477 -2.615716 0.2
v 0.534169 -2.624181 0.2
v 0.524181 -2.634169 0.2
v 0.515716 -2.645477 0.2
v 0.508946 -2.657874 0.2
v 0.50401 -2.671108 0.2
v 0.501008 -2.684911 0.2
v 0.5 -2.699 0.2
v 0.5 -3.0 0.2
v 0.7 -3.0 0.2
v 0.7 -2.699 0.2
v 0.615089 -2.601008 0.2
v 0.601 -2.6 0.2
v 0.628892 -2.60401 0.2
v 0.665831 -2.624181 0.2
v 0.654523 -2.615716 0.2
v 0.698992 -2.684911 0.2
v 0.691054 -2.657874 0.2
v 0.684284 -2.645477 0.2
v 0.675819 -2.634169 0.2
v 0.642126 -2.608947 0.2
v 0.69599 -2.671108 0.2
v 3.0 1.7 0.02
v 3.0 1.9 0.02
v 2.699 1.7 0.02
v 2.699 1.9 0.02
v 2.684911 1.898992 0.02
v 2.645477 1.884284 0.02
v 2.634169 1.875819 0.02
v 2.624181 1.865831 0.02
v 2.6 1.799 0.02
v 2.601008 1.784911 0.02
v 2.671108 1.89599 0.02
v 2.657874 1.891054 0.02
v 2.615716 1.854523 0.02
v 2.608947 1.842126 0.02
v 2.60401 1.828892 0.02
v 2.601008 1.815089 0.02
v 2.6 1.801 0.02
v 2.60401 1.771109 0.02
v 2.608947 1.757874 0.02
v 2.615716 1.745476 0.02
v 2.671108 1.70401 0.02
v 2.634169 1.724181 0.02
v 2.657874 1.708946 0.02
v 2.645477 1.715716 0.02
v 2.624181 1.734169 0.02
v 2.684911 1.701008 0.02
v 3.0 1.7 0.0
v 3.0 1.9 0.0
v 2.699 1.9 0.0
v 2.6 1.799 0.0
v 2.601008 1.784911 0.0
v 2.60401 1.771109 0.0
v 2.608947 1.757874 0.0
v 2.615716 1.745476 0.0
v 2.624181 1.734169 0.0
v 2.634169 1.724181 0.0
v 2.645477 1.715716 0.0
v 2.657874 1.708946 0.0
v 2.671108 1.70401 0.0
v 2.684911 1.701008 0.0
v 2.699 1.7 0.0
v 2.6 1.801 0.0
v 2.615716 1.854523 0.0
v 2.624181 1.865831 0.0
v 2.634169 1.875819 0.0
v 2.645477 1.884284 0.0
v 2.657874 1.891054 0.0
v 2.601008 1.815089 0.0
v 2.60401 1.828892 0.0
v 2.608947 1.842126 0.0
v 2.671108 1.89599 0.0
v 2.684911 1.898992 0.0
v -2.602482 0.57697 0.2
v -2.602482 0.57697 0.02
v -2.609804 0.556046 0.2
v -2.609804 0.556046 0.02
v -2.621599 0.537275 0.2
v -2.621599 0.537275 0.02
v -2.637275 0.521599 0.2
v -2.637275 0.521599 0.02
v -2.656046 0.509804 0.2
v -2.656046 0.509804 0.02
v -2.67697 0.502482 0.2
v -2.67697 0.502482 0.02
v -2.602482 0.62303 0.2
v -2.656046 0.690196 0.2
v -2.637275 0.678401 0.2
v -2.67697 0.697518 0.2
v -2.621599 0.662725 0.2
v -2.609804 0.643955 0.2
v -2.67697 0.697518 0.02
v -2.656046 0.690196 0.02
v -2.637275 0.678401 0.02
v -2.621599 0.662725 0.02
v -2.609804 0.643955 0.02
v -2.602482 0.62303 0.02
v 1.373377 2.603373 0.2
v 1.373377 2.603373 0.02
v 1.3495 2.613263 0.2
v 1.3495 2.613263 0.02
v 1.328996 2.628997 0.2
v 1.328996 2.628997 0.02
v 1.313263 2.6495 0.2
v 1.313263 2.6495 0.02
v 1.303373 2.673377 0.2
v 1.303373 2.673377 0.02
v 1.497518 2.67697 0.2
v 1.490196 2.656046 0.2
v 1.478401 2.637275 0.2
v 1.462725 2.621599 0.2
v 1.443955 2.609804 0.2
v 1.42303 2.602482 0.2
v 1.497518 2.67697 0.02
v 1.490196 2.656046 0.02
v 1.478401 2.637275 0.02
v 1.462725 2.621599 0.02
v 1.443955 2.609804 0.02
v 1.42303 2.602482 0.02
v -2.699 1.5 0.2
v -3.0 1.5 0.2
v -2.699 1.5 0.02
v -3.0 1.5 0.02
v -2.6 1.399 0.2
v -2.6 1.399 0.02
v -2.602482 1.37697 0.2
v -2.602482 1.37697 0.02
v -2.609804 1.356045 0.2
v -2.609804 1.356045 0.02
v -2.621599 1.337275 0.2
v -2.621599 1.337275 0.02
v -2.637275 1.321599 0.2
v -2.637275 1.321599 0.02
v -2.656046 1.309804 0.2
v -2.656046 1.309804 0.02
v -2.67697 1.302482 0.2
v -2.67697 1.302482 0.02
v -2.699 1.3 0.2
v -2.699 1.3 0.02
v -3.0 1.3 0.2
v -3.0 1.3 0.02
v -2.6 1.401 0.2
v -2.6 1.401 0.02
v -2.602482 1.42303 0.2
v -2.637275 1.478401 0.2
v -2.621599 1.462725 0.2
v -2.656046 1.490196 0.2
v -2.67697 1.497518 0.2
v -2.609804 1.443955 0.2
v -2.67697 1.497518 0.02
v -2.656046 1.490196 0.02
v -2.637275 1.478401 0.02
v -2.621599 1.462725 0.02
v -2.609804 1.443955 0.02
v -2.602482 1.42303 0.02
v 0.973377 2.603373 0.2
v 0.973377 2.603373 0.02
v 0.9495 2.613263 0.2
v 0.9495 2.613263 0.02
v 0.928996 2.628997 0.2
v 0.928996 2.628997 0.02
v 0.913263 2.6495 0.2
v 0.913263 2.6495 0.02
v 0.903373 2.673377 0.2
v 0.903373 2.673377 0.02
v 1.02303 2.602482 0.2
v 1.078401 2.637275 0.2
v 1.090196 2.656046 0.2
v 1.097518 2.67697 0.2
v 1.062725 2.621599 0.2
v 1.043954 2.609804 0.2
v 1.097518 2.67697 0.02
v 1.090196 2.656046 0.02
v 1.078401 2.637275 0.02
v 1.062725 2.621599 0.02
v 1.043954 2.609804 0.02
v 1.02303 2.602482 0.02
v -2.699 -1.3 0.2
v -3.0 -1.3 0.2
v -2.699 -1.5 0.2
v -3.0 -1.5 0.2
v -2.6 -1.401 0.2
v -2.602482 -1.42303 0.2
v -2.602482 -1.42303 0.02
v -2.609804 -1.443955 0.2
v -2.609804 -1.443955 0.02
v -2.621599 -1.462725 0.2
v -2.621599 -1.462725 0.02
v -2.637275 -1.478401 0.2
v -2.637275 -1.478401 0.02
v -2.656046 -1.490196 0.2
v -2.656046 -1.490196 0.02
v -2.67697 -1.497518 0.2
v -2.67697 -1.497518 0.02
v -2.602482 -1.37697 0.2
v -2.6 -1.399 0.2
v -2.637275 -1.321599 0.2
v -2.621599 -1.337275 0.2
v -2.656046 -1.309804 0.2
v -2.67697 -1.302482 0.2
v -2.609804 -1.356045 0.2
v -2.67697 -1.302482 0.02
v -2.656046 -1.309804 0.02
v -2.637275 -1.321599 0.02
v -2.621599 -1.337275 0.02
v -2.609804 -1.356045 0.02
v -2.602482 -1.37697 0.02
v -2.602482 -0.22303 0.2
v -2.602482 -0.22303 0.02
v -2.609804 -0.243954 0.2
v -2.609804 -0.243954 0.02
v -2.621599 -0.262725 0.2
v -2.621599 -0.262725 0.02
v -2.637275 -0.278401 0.2
v -2.637275 -0.278401 0.02
v -2.656046 -0.290196 0.2
v -2.656046 -0.290196 0.02
v -2.67697 -0.297518 0.2
v -2.67697 -0.297518 0.02
v -2.67697 -0.102482 0.2
v -2.67697 -0.102482 0.02
v -2.656046 -0.109804 0.2
v -2.656046 -0.109804 0.02
v -2.637275 -0.121599 0.2
v -2.637275 -0.121599 0.02
v -2.621599 -0.137275 0.2
v -2.621599 -0.137275 0.02
v -2.609804 -0.156046 0.2
v -2.609804 -0.156046 0.02
v -2.602482 -0.17697 0.2
v -2.602482 -0.17697 0.02
v -2.699 -1.7 0.2
v -3.0 -1.7 0.2
v -2.699 -1.7 0.02
v -3.0 -1.7 0.02
v -2.699 -1.9 0.2
v -2.699 -1.9 0.02
v -3.0 -1.9 0.2
v -3.0 -1.9 0.02
v -2.6 -1.801 0.2
v -2.6 -1.801 0.02
v -2.602482 -1.82303 0.2
v -2.602482 -1.82303 0.02
v -2.609804 -1.843954 0.2
v -2.609804 -1.843954 0.02
v -2.621599 -1.862725 0.2
v -2.621599 -1.862725 0.02
v -2.637275 -1.878401 0.2
v -2.637275 -1.878401 0.02
v -2.656046 -1.890196 0.2
v -2.656046 -1.890196 0.02
v -2.67697 -1.897518 0.2
v -2.67697 -1.897518 0.02
v -2.6 -1.799 0.2
v -2.67697 -1.702482 0.2
v -2.621599 -1.737274 0.2
v -2.602482 -1.776971 0.2
v -2.609804 -1.756045 0.2
v -2.656046 -1.709804 0.2
v -2.637275 -1.721599 0.2
v -2.67697 -1.702482 0.02
v -2.656046 -1.709804 0.02
v -2.637275 -1.721599 0.02
v -2.621599 -1.737274 0.02
v -2.609804 -1.756045 0.02
v -2.602482 -1.776971 0.02
v -2.6 -1.799 0.02
v 2.17697 2.602482 0.2
v 2.17697 2.602482 0.02
v 2.156045 2.609804 0.2
v 2.156045 2.609804 0.02
v 2.137275 2.621599 0.2
v 2.137275 2.621599 0.02
v 2.121599 2.637275 0.2
v 2.121599 2.637275 0.02
v 2.109804 2.656046 0.2
v 2.109804 2.656046 0.02
v 2.102482 2.67697 0.2
v 2.102482 2.67697 0.02
v 2.297518 2.67697 0.2
v 2.262726 2.621599 0.2
v 2.278401 2.637275 0.2
v 2.290196 2.656046 0.2
v 2.243954 2.609804 0.2
v 2.22303 2.602482 0.2
v 2.297518 2.67697 0.02
v 2.290196 2.656046 0.02
v 2.278401 2.637275 0.02
v 2.262726 2.621599 0.02
v 2.243954 2.609804 0.02
v 2.22303 2.602482 0.02
v -2.3 -2.699 0.2
v -2.3 -3.0 0.2
v -2.199 -2.6 0.2
v -2.17697 -2.602482 0.2
v -2.17697 -2.602482 0.02
v -2.156045 -2.609804 0.2
v -2.156045 -2.609804 0.02
v -2.137275 -2.621599 0.2
v -2.137275 -2.621599 0.02
v -2.121599 -2.637275 0.2
v -2.121599 -2.637275 0.02
v -2.109804 -2.656046 0.2
v -2.109804 -2.656046 0.02
v -2.102482 -2.67697 0.2
v -2.102482 -2.67697 0.02
v -2.1 -2.699 0.2
v -2.1 -3.0 0.2
v -2.201 -2.6 0.2
v -2.262726 -2.621599 0.2
v -2.243954 -2.609804 0.2
v -2.278401 -2.637275 0.2
v -2.290196 -2.656046 0.2
v -2.297518 -2.67697 0.2
v -2.22303 -2.602482 0.2
v -2.297518 -2.67697 0.02
v -2.290196 -2.656046 0.02
v -2.278401 -2.637275 0.02
v -2.262726 -2.621599 0.02
v -2.243954 -2.609804 0.02
v -2.22303 -2.602482 0.02
v -0.57697 -2.602482 0.2
v -0.57697 -2.602482 0.02
v -0.556046 -2.609804 0.2
v -0.556046 -2.609804 0.02
v -0.537275 -2.621599 0.2
v -0.537275 -2.621599 0.02
v -0.521599 -2.637275 0.2
v -0.521599 -2.637275 0.02
v -0.509804 -2.656046 0.2
v -0.509804 -2.656046 0.02
v -0.502482 -2.67697 0.2
v -0.502482 -2.67697 0.02
v -0.62303 -2.602482 0.2
v -0.678401 -2.637275 0.2
v -0.662725 -2.621599 0.2
v -0.643955 -2.609804 0.2
v -0.690196 -2.656046 0.2
v -0.697518 -2.67697 0.2
v -0.697518 -2.67697 0.02
v -0.690196 -2.656046 0.02
v -0.678401 -2.637275 0.02
v -0.662725 -2.621599 0.02
v -0.643955 -2.609804 0.02
v -0.62303 -2.602482 0.02
v -2.602482 2.17697 0.2
v -2.602482 2.17697 0.02
v -2.609804 2.156045 0.2
v -2.609804 2.156045 0.02
v -2.621599 2.137275 0.2
v -2.621599 2.137275 0.02
v -2.637275 2.121599 0.2
v -2.637275 2.121599 0.02
v -2.656046 2.109804 0.2
v -2.656046 2.109804 0.02
v -2.67697 2.102482 0.2
v -2.67697 2.102482 0.02
v -2.67697 2.297518 0.2
v -2.656046 2.290196 0.2
v -2.637275 2.278401 0.2
v -2.621599 2.262726 0.2
v -2.609804 2.243954 0.2
v -2.602482 2.22303 0.2
v -2.67697 2.297518 0.02
v -2.656046 2.290196 0.02
v -2.637275 2.278401 0.02
v -2.621599 2.262726 0.02
v -2.609804 2.243954 0.02
v -2.602482 2.22303 0.02
v 1.776971 2.602482 0.2
v 1.776971 2.602482 0.02
v 1.756045 2.609804 0.2
v 1.756045 2.609804 0.02
v 1.737274 2.621599 0.2
v 1.737274 2.621599 0.02
v 1.721599 2.637275 0.2
v 1.721599 2.637275 0.02
v 1.709804 2.656046 0.2
v 1.709804 2.656046 0.02
v 1.702482 2.67697 0.2
v 1.702482 2.67697 0.02
v 1.82303 2.602482 0.2
v 1.878401 2.637275 0.2
v 1.890196 2.656046 0.2
v 1.897518 2.67697 0.2
v 1.862725 2.621599 0.2
v 1.843954 2.609804 0.2
v 1.897518 2.67697 0.02
v 1.890196 2.656046 0.02
v 1.878401 2.637275 0.02
v 1.862725 2.621599 0.02
v 1.843954 2.609804 0.02
v 1.82303 2.602482 0.02
v -1.1 -2.699 0.2
v -1.1 -3.0 0.2
v -0.9 -2.699 0.2
v -0.9 -3.0 0.2
v -0.999 -2.6 0.2
v -0.97697 -2.602482 0.2
v -0.97697 -2.602482 0.02
v -0.956046 -2.609804 0.2
v -0.956046 -2.609804 0.02
v -0.937274 -2.621599 0.2
v -0.937274 -2.621599 0.02
v -0.921599 -2.637275 0.2
v -0.921599 -2.637275 0.02
v -0.909804 -2.656046 0.2
v -0.909804 -2.656046 0.02
v -0.902482 -2.67697 0.2
v -0.902482 -2.67697 0.02
v -1.02303 -2.602482 0.2
v -1.001 -2.6 0.2
v -1.078401 -2.637275 0.2
v -1.090196 -2.656046 0.2
v -1.097518 -2.67697 0.2
v -1.062725 -2.621599 0.2
v -1.043954 -2.609804 0.2
v -1.097518 -2.67697 0.02
v -1.090196 -2.656046 0.02
v -1.078401 -2.637275 0.02
v -1.062725 -2.621599 0.02
v -1.043954 -2.609804 0.02
v -1.02303 -2.602482 0.02
v -1.82303 -2.602482 0.2
v -1.878401 -2.637275 0.2
v -1.890196 -2.656046 0.2
v -1.897518 -2.67697 0.2
v -1.862725 -2.621599 0.2
v -1.843954 -2.609804 0.2
v -1.776971 -2.602482 0.2
v -1.756045 -2.609804 0.2
v -1.737274 -2.621599 0.2
v -1.721599 -2.637275 0.2
v -1.709804 -2.656046 0.2
v -1.702482 -2.67697 0.2
v -1.897518 -2.67697 0.02
v -1.890196 -2.656046 0.02
v -1.878401 -2.637275 0.02
v -1.862725 -2.621599 0.02
v -1.843954 -2.609804 0.02
v -1.82303 -2.602482 0.02
v -1.776971 -2.602482 0.02
v -1.756045 -2.609804 0.02
v -1.737274 -2.621599 0.02
v -1.721599 -2.637275 0.02
v -1.709804 -2.656046 0.02
v -1.702482 -2.67697 0.02
v -1.37697 -2.602482 0.2
v -1.37697 -2.602482 0.02
v -1.356045 -2.609804 0.2
v -1.356045 -2.609804 0.02
v -1.337275 -2.621599 0.2
v -1.337275 -2.621599 0.02
v -1.321599 -2.637275 0.2
v -1.321599 -2.637275 0.02
v -1.309804 -2.656046 0.2
v -1.309804 -2.656046 0.02
v -1.302482 -2.67697 0.2
v -1.302482 -2.67697 0.02
v -1.42303 -2.602482 0.2
v -1.478401 -2.637275 0.2
v -1.490196 -2.656046 0.2
v -1.497518 -2.67697 0.2
v -1.462725 -2.621599 0.2
v -1.443955 -2.609804 0.2
v -1.497518 -2.67697 0.02
v -1.490196 -2.656046 0.02
v -1.478401 -2.637275 0.02
v -1.462725 -2.621599 0.02
v -1.443955 -2.609804 0.02
v -1.42303 -2.602482 0.02
v -0.297518 -2.67697 0.2
v -0.290196 -2.656046 0.2
v -0.278401 -2.637275 0.2
v -0.22303 -2.602482 0.2
v -0.243954 -2.609804 0.2
v -0.262725 -2.621599 0.2
v -0.17697 -2.602482 0.2
v -0.156046 -2.609804 0.2
v -0.137275 -2.621599 0.2
v -0.121599 -2.637275 0.2
v -0.109804 -2.656046 0.2
v -0.102482 -2.67697 0.2
v -0.297518 -2.67697 0.02
v -0.290196 -2.656046 0.02
v -0.278401 -2.637275 0.02
v -0.262725 -2.621599 0.02
v -0.243954 -2.609804 0.02
v -0.22303 -2.602482 0.02
v -0.17697 -2.602482 0.02
v -0.156046 -2.609804 0.02
v -0.137275 -2.621599 0.02
v -0.121599 -2.637275 0.02
v -0.109804 -2.656046 0.02
v -0.102482 -2.67697 0.02
v -2.699 0.3 0.2
v -3.0 0.3 0.2
v -2.699 0.1 0.2
v -3.0 0.1 0.2
v -2.6 0.199 0.2
v -2.602482 0.17697 0.2
v -2.602482 0.17697 0.02
v -2.609804 0.156046 0.2
v -2.609804 0.156046 0.02
v -2.621599 0.137275 0.2
v -2.621599 0.137275 0.02
v -2.637275 0.121599 0.2
v -2.637275 0.121599 0.02
v -2.656046 0.109804 0.2
v -2.656046 0.109804 0.02
v -2.67697 0.102482 0.2
v -2.67697 0.102482 0.02
v -2.602482 0.22303 0.2
v -2.6 0.201 0.2
v -2.637275 0.278401 0.2
v -2.621599 0.262725 0.2
v -2.656046 0.290196 0.2
v -2.67697 0.297518 0.2
v -2.609804 0.243954 0.2
v -2.67697 0.297518 0.02
v -2.656046 0.290196 0.02
v -2.637275 0.278401 0.02
v -2.621599 0.262725 0.02
v -2.609804 0.243954 0.02
v -2.602482 0.22303 0.02
v 0.102482 -2.67697 0.2
v 0.109804 -2.656046 0.2
v 0.121599 -2.637275 0.2
v 0.156046 -2.609804 0.2
v 0.17697 -2.602482 0.2
v 0.1 -2.699 0.2
v 0.199 -2.6 0.2
v 0.1 -3.0 0.2
v 0.137275 -2.621599 0.2
v 0.3 -3.0 0.2
v 0.201 -2.6 0.2
v 0.3 -2.699 0.2
v 0.22303 -2.602482 0.2
v 0.243954 -2.609804 0.2
v 0.262725 -2.621599 0.2
v 0.278401 -2.637275 0.2
v 0.297518 -2.67697 0.2
v 0.290196 -2.656046 0.2
v 0.102482 -2.67697 0.02
v 0.109804 -2.656046 0.02
v 0.121599 -2.637275 0.02
v 0.137275 -2.621599 0.02
v 0.156046 -2.609804 0.02
v 0.17697 -2.602482 0.02
v 0.22303 -2.602482 0.02
v 0.243954 -2.609804 0.02
v 0.262725 -2.621599 0.02
v 0.278401 -2.637275 0.02
v 0.290196 -2.656046 0.02
v 0.297518 -2.67697 0.02
v -2.602482 1.82303 0.2
v -2.637275 1.878401 0.2
v -2.621599 1.862725 0.2
v -2.656046 1.890196 0.2
v -2.67697 1.897518 0.2
v -2.609804 1.843954 0.2
v -2.602482 1.776971 0.2
v -2.609804 1.756045 0.2
v -2.621599 1.737274 0.2
v -2.637275 1.721599 0.2
v -2.656046 1.709804 0.2
v -2.67697 1.702482 0.2
v -2.67697 1.897518 0.02
v -2.656046 1.890196 0.02
v -2.637275 1.878401 0.02
v -2.621599 1.862725 0.02
v -2.609804 1.843954 0.02
v -2.602482 1.82303 0.02
v -2.602482 1.776971 0.02
v -2.609804 1.756045 0.02
v -2.621599 1.737274 0.02
v -2.637275 1.721599 0.02
v -2.656046 1.709804 0.02
v -2.67697 1.702482 0.02
v -2.602482 1.02303 0.2
v -2.6 1.001 0.2
v -2.699 1.1 0.2
v -3.0 1.1 0.2
v -2.6 0.999 0.2
v -2.699 0.9 0.2
v -3.0 0.9 0.2
v -2.637275 1.078401 0.2
v -2.621599 1.062725 0.2
v -2.656046 1.090196 0.2
v -2.67697 1.097518 0.2
v -2.609804 1.043954 0.2
v -2.602482 0.97697 0.2
v -2.609804 0.956046 0.2
v -2.621599 0.937274 0.2
v -2.637275 0.921599 0.2
v -2.656046 0.909804 0.2
v -2.67697 0.902482 0.2
v -2.699 1.1 0.02
v -2.67697 1.097518 0.02
v -2.656046 1.090196 0.02
v -2.637275 1.078401 0.02
v -2.621599 1.062725 0.02
v -2.609804 1.043954 0.02
v -2.602482 1.02303 0.02
v -2.6 1.001 0.02
v -2.6 0.999 0.02
v -2.602482 0.97697 0.02
v -2.609804 0.956046 0.02
v -2.621599 0.937274 0.02
v -2.637275 0.921599 0.02
v -2.656046 0.909804 0.02
v -2.67697 0.902482 0.02
v -2.699 0.9 0.02
v -3.0 0.9 0.02
v -3.0 1.1 0.02
v -2.67697 -2.102482 0.2
v -2.656046 -2.109804 0.2
v -2.637275 -2.121599 0.2
v -2.621599 -2.137275 0.2
v -2.609804 -2.156045 0.2
v -2.602482 -2.17697 0.2
v -2.602482 -2.22303 0.2
v -2.609804 -2.243954 0.2
v -2.621599 -2.262726 0.2
v -2.67697 -2.297518 0.2
v -2.637275 -2.278401 0.2
v -2.656046 -2.290196 0.2
v -2.67697 -2.102482 0.02
v -2.656046 -2.109804 0.02
v -2.637275 -2.121599 0.02
v -2.621599 -2.137275 0.02
v -2.609804 -2.156045 0.02
v -2.602482 -2.17697 0.02
v -2.602482 -2.22303 0.02
v -2.609804 -2.243954 0.02
v -2.621599 -2.262726 0.02
v -2.637275 -2.278401 0.02
v -2.656046 -2.290196 0.02
v -2.67697 -2.297518 0.02
v 0.97697 -2.602482 0.2
v 0.921599 -2.637275 0.2
v 0.937274 -2.621599 0.2
v 0.956046 -2.609804 0.2
v 0.909804 -2.656046 0.2
v 0.902482 -2.67697 0.2
v 1.02303 -2.602482 0.2
v 1.043954 -2.609804 0.2
v 1.062725 -2.621599 0.2
v 1.078401 -2.637275 0.2
v 1.090196 -2.656046 0.2
v 1.097518 -2.67697 0.2
v 0.902482 -2.67697 0.02
v 0.909804 -2.656046 0.02
v 0.921599 -2.637275 0.02
v 0.937274 -2.621599 0.02
v 0.956046 -2.609804 0.02
v 0.97697 -2.602482 0.02
v 1.02303 -2.602482 0.02
v 1.043954 -2.609804 0.02
v 1.062725 -2.621599 0.02
v 1.078401 -2.637275 0.02
v 1.090196 -2.656046 0.02
v 1.097518 -2.67697 0.02
v 1.5 -2.699 0.2
v 1.5 -3.0 0.2
v 1.401 -2.6 0.2
v 1.37697 -2.602482 0.2
v 1.399 -2.6 0.2
v 1.3 -2.699 0.2
v 1.3 -3.0 0.2
v 1.321599 -2.637275 0.2
v 1.309804 -2.656046 0.2
v 1.302482 -2.67697 0.2
v 1.337275 -2.621599 0.2
v 1.356045 -2.609804 0.2
v 1.42303 -2.602482 0.2
v 1.443955 -2.609804 0.2
v 1.462725 -2.621599 0.2
v 1.478401 -2.637275 0.2
v 1.490196 -2.656046 0.2
v 1.497518 -2.67697 0.2
v 1.3 -2.699 0.02
v 1.302482 -2.67697 0.02
v 1.309804 -2.656046 0.02
v 1.321599 -2.637275 0.02
v 1.337275 -2.621599 0.02
v 1.356045 -2.609804 0.02
v 1.37697 -2.602482 0.02
v 1.399 -2.6 0.02
v 1.401 -2.6 0.02
v 1.42303 -2.602482 0.02
v 1.443955 -2.609804 0.02
v 1.462725 -2.621599 0.02
v 1.478401 -2.637275 0.02
v 1.490196 -2.656046 0.02
v 1.497518 -2.67697 0.02
v 1.5 -2.699 0.02
v 1.5 -3.0 0.02
v 1.3 -3.0 0.02
v 0.57697 -2.602482 0.2
v 0.521599 -2.637275 0.2
v 0.537275 -2.621599 0.2
v 0.556046 -2.609804 0.2
v 0.509804 -2.656046 0.2
v 0.678401 -2.637275 0.2
v 0.690196 -2.656046 0.2
v 0.697518 -2.67697 0.2
v 0.502482 -2.67697 0.2
v 0.62303 -2.602482 0.2
v 0.643955 -2.609804 0.2
v 0.662725 -2.621599 0.2
v 0.502482 -2.67697 0.02
v 0.509804 -2.656046 0.02
v 0.521599 -2.637275 0.02
v 0.537275 -2.621599 0.02
v 0.556046 -2.609804 0.02
v 0.57697 -2.602482 0.02
v 0.62303 -2.602482 0.02
v 0.643955 -2.609804 0.02
v 0.662725 -2.621599 0.02
v 0.678401 -2.637275 0.02
v 0.690196 -2.656046 0.02
v 0.697518 -2.67697 0.02
v 2.609804 -1.443955 0.2
v 2.602482 -1.42303 0.2
v 2.67697 -1.497518 0.2
v 2.656046 -1.490196 0.2
v 2.637275 -1.478401 0.2
v 2.621599 -1.462725 0.2
v 2.67697 -1.302482 0.2
v 2.602482 -1.37697 0.2
v 2.609804 -1.356045 0.2
v 2.621599 -1.337275 0.2
v 2.637275 -1.321599 0.2
v 2.656046 -1.309804 0.2
v 2.67697 -1.497518 0.02
v 2.656046 -1.490196 0.02
v 2.637275 -1.478401 0.02
v 2.621599 -1.462725 0.02
v 2.609804 -1.443955 0.02
v 2.602482 -1.42303 0.02
v 2.602482 -1.37697 0.02
v 2.609804 -1.356045 0.02
v 2.621599 -1.337275 0.02
v 2.637275 -1.321599 0.02
v 2.656046 -1.309804 0.02
v 2.67697 -1.302482 0.02
v -1.097518 2.67697 0.2
v -1.02303 2.602482 0.2
v -0.902482 2.67697 0.2
v -0.921599 2.637275 0.2
v -0.937274 2.621599 0.2
v -0.956046 2.609804 0.2
v -0.909804 2.656046 0.2
v -0.97697 2.602482 0.2
v -1.043954 2.609804 0.2
v -1.062725 2.621599 0.2
v -1.090196 2.656046 0.2
v -1.078401 2.637275 0.2
v -0.902482 2.67697 0.02
v -0.909804 2.656046 0.02
v -0.921599 2.637275 0.02
v -0.937274 2.621599 0.02
v -0.956046 2.609804 0.02
v -0.97697 2.602482 0.02
v -1.02303 2.602482 0.02
v -1.043954 2.609804 0.02
v -1.062725 2.621599 0.02
v -1.078401 2.637275 0.02
v -1.090196 2.656046 0.02
v -1.097518 2.67697 0.02
v 2.609804 -0.956046 0.2
v 2.621599 -0.937274 0.2
v 2.67697 -1.097518 0.2
v 2.602482 -1.02303 0.2
v 2.609804 -1.043954 0.2
v 2.602482 -0.97697 0.2
v 2.621599 -1.062725 0.2
v 2.656046 -1.090196 0.2
v 2.637275 -1.078401 0.2
v 2.637275 -0.921599 0.2
v 2.656046 -0.909804 0.2
v 2.67697 -0.902482 0.2
v 2.67697 -1.097518 0.02
v 2.656046 -1.090196 0.02
v 2.637275 -1.078401 0.02
v 2.621599 -1.062725 0.02
v 2.609804 -1.043954 0.02
v 2.602482 -1.02303 0.02
v 2.602482 -0.97697 0.02
v 2.609804 -0.956046 0.02
v 2.621599 -0.937274 0.02
v 2.637275 -0.921599 0.02
v 2.656046 -0.909804 0.02
v 2.67697 -0.902482 0.02
v -1.897518 2.67697 0.2
v -1.82303 2.602482 0.2
v -1.702482 2.67697 0.2
v -1.709804 2.656046 0.2
v -1.721599 2.637275 0.2
v -1.737274 2.621599 0.2
v -1.756045 2.609804 0.2
v -1.776971 2.602482 0.2
v -1.843954 2.609804 0.2
v -1.862725 2.621599 0.2
v -1.890196 2.656046 0.2
v -1.878401 2.637275 0.2
v -1.702482 2.67697 0.02
v -1.709804 2.656046 0.02
v -1.721599 2.637275 0.02
v -1.737274 2.621599 0.02
v -1.756045 2.609804 0.02
v -1.776971 2.602482 0.02
v -1.82303 2.602482 0.02
v -1.843954 2.609804 0.02
v -1.862725 2.621599 0.02
v -1.878401 2.637275 0.02
v -1.890196 2.656046 0.02
v -1.897518 2.67697 0.02
v -0.3 3.0 0.2
v -0.1 3.0 0.2
v -0.199 2.6 0.2
v -0.1 2.699 0.2
v -0.102482 2.67697 0.2
v -0.121599 2.637275 0.2
v -0.137275 2.621599 0.2
v -0.156046 2.609804 0.2
v -0.3 2.699 0.2
v -0.201 2.6 0.2
v -0.22303 2.602482 0.2
v -0.109804 2.656046 0.2
v -0.17697 2.602482 0.2
v -0.278401 2.637275 0.2
v -0.262725 2.621599 0.2
v -0.243954 2.609804 0.2
v -0.290196 2.656046 0.2
v -0.297518 2.67697 0.2
v -0.1 2.699 0.02
v -0.102482 2.67697 0.02
v -0.109804 2.656046 0.02
v -0.121599 2.637275 0.02
v -0.137275 2.621599 0.02
v -0.156046 2.609804 0.02
v -0.17697 2.602482 0.02
v -0.199 2.6 0.02
v -0.201 2.6 0.02
v -0.22303 2.602482 0.02
v -0.243954 2.609804 0.02
v -0.262725 2.621599 0.02
v -0.278401 2.637275 0.02
v -0.290196 2.656046 0.02
v -0.297518 2.67697 0.02
v -0.3 2.699 0.02
v -0.3 3.0 0.02
v -0.1 3.0 0.02
v -2.297518 2.67697 0.2
v -2.3 2.699 0.2
v -2.201 2.6 0.2
v -2.199 2.6 0.2
v -2.262726 2.621599 0.2
v -2.278401 2.637275 0.2
v -2.290196 2.656046 0.2
v -2.3 3.0 0.2
v -2.1 3.0 0.2
v -2.1 2.699 0.2
v -2.102482 2.67697 0.2
v -2.109804 2.656046 0.2
v -2.121599 2.637275 0.2
v -2.137275 2.621599 0.2
v -2.156045 2.609804 0.2
v -2.17697 2.602482 0.2
v -2.243954 2.609804 0.2
v -2.22303 2.602482 0.2
v -2.1 2.699 0.02
v -2.102482 2.67697 0.02
v -2.109804 2.656046 0.02
v -2.121599 2.637275 0.02
v -2.137275 2.621599 0.02
v -2.156045 2.609804 0.02
v -2.17697 2.602482 0.02
v -2.199 2.6 0.02
v -2.201 2.6 0.02
v -2.22303 2.602482 0.02
v -2.243954 2.609804 0.02
v -2.262726 2.621599 0.02
v -2.278401 2.637275 0.02
v -2.290196 2.656046 0.02
v -2.297518 2.67697 0.02
v -2.3 2.699 0.02
v -2.3 3.0 0.02
v -2.1 3.0 0.02
v -0.521599 2.637275 0.2
v -0.537275 2.621599 0.2
v -0.556046 2.609804 0.2
v -0.62303 2.602482 0.2
v -0.502482 2.67697 0.2
v -0.509804 2.656046 0.2
v -0.57697 2.602482 0.2
v -0.643955 2.609804 0.2
v -0.662725 2.621599 0.2
v -0.697518 2.67697 0.2
v -0.678401 2.637275 0.2
v -0.690196 2.656046 0.2
v -0.502482 2.67697 0.02
v -0.509804 2.656046 0.02
v -0.521599 2.637275 0.02
v -0.537275 2.621599 0.02
v -0.556046 2.609804 0.02
v -0.57697 2.602482 0.02
v -0.62303 2.602482 0.02
v -0.643955 2.609804 0.02
v -0.662725 2.621599 0.02
v -0.678401 2.637275 0.02
v -0.690196 2.656046 0.02
v -0.697518 2.67697 0.02
v 2.67697 -2.297518 0.2
v 2.656046 -2.290196 0.2
v 2.637275 -2.278401 0.2
v 2.621599 -2.262726 0.2
v 2.602482 -2.22303 0.2
v 2.609804 -2.243954 0.2
v 2.602482 -2.17697 0.2
v 2.621599 -2.137275 0.2
v 2.637275 -2.121599 0.2
v 2.656046 -2.109804 0.2
v 2.609804 -2.156045 0.2
v 2.67697 -2.102482 0.2
v 2.67697 -2.297518 0.02
v 2.656046 -2.290196 0.02
v 2.637275 -2.278401 0.02
v 2.621599 -2.262726 0.02
v 2.609804 -2.243954 0.02
v 2.602482 -2.22303 0.02
v 2.602482 -2.17697 0.02
v 2.609804 -2.156045 0.02
v 2.621599 -2.137275 0.02
v 2.637275 -2.121599 0.02
v 2.656046 -2.109804 0.02
v 2.67697 -2.102482 0.02
v -1.5 3.0 0.2
v -1.3 3.0 0.2
v -1.399 2.6 0.2
v -1.3 2.699 0.2
v -1.5 2.699 0.2
v -1.401 2.6 0.2
v -1.42303 2.602482 0.2
v -1.302482 2.67697 0.2
v -1.309804 2.656046 0.2
v -1.321599 2.637275 0.2
v -1.337275 2.621599 0.2
v -1.356045 2.609804 0.2
v -1.37697 2.602482 0.2
v -1.478401 2.637275 0.2
v -1.497518 2.67697 0.2
v -1.490196 2.656046 0.2
v -1.443955 2.609804 0.2
v -1.462725 2.621599 0.2
v -1.3 2.699 0.02
v -1.302482 2.67697 0.02
v -1.309804 2.656046 0.02
v -1.321599 2.637275 0.02
v -1.337275 2.621599 0.02
v -1.356045 2.609804 0.02
v -1.37697 2.602482 0.02
v -1.399 2.6 0.02
v -1.401 2.6 0.02
v -1.42303 2.602482 0.02
v -1.443955 2.609804 0.02
v -1.462725 2.621599 0.02
v -1.478401 2.637275 0.02
v -1.490196 2.656046 0.02
v -1.497518 2.67697 0.02
v -1.5 2.699 0.02
v -1.5 3.0 0.02
v -1.3 3.0 0.02
v 2.67697 -1.897518 0.2
v 2.602482 -1.82303 0.2
v 2.609804 -1.843954 0.2
v 2.621599 -1.862725 0.2
v 2.656046 -1.890196 0.2
v 2.637275 -1.878401 0.2
v 2.602482 -1.776971 0.2
v 2.609804 -1.756045 0.2
v 2.621599 -1.737274 0.2
v 2.637275 -1.721599 0.2
v 2.656046 -1.709804 0.2
v 2.67697 -1.702482 0.2
v 2.67697 -1.897518 0.02
v 2.656046 -1.890196 0.02
v 2.637275 -1.878401 0.02
v 2.621599 -1.862725 0.02
v 2.609804 -1.843954 0.02
v 2.602482 -1.82303 0.02
v 2.602482 -1.776971 0.02
v 2.609804 -1.756045 0.02
v 2.621599 -1.737274 0.02
v 2.637275 -1.721599 0.02
v 2.656046 -1.709804 0.02
v 2.67697 -1.702482 0.02
v 0.5 2.699 0.2
v 0.5 3.0 0.2
v 0.601 2.6 0.2
v 0.678401 2.637275 0.2
v 0.662725 2.621599 0.2
v 0.643955 2.609804 0.2
v 0.7 3.0 0.2
v 0.7 2.699 0.2
v 0.697518 2.67697 0.2
v 0.690196 2.656046 0.2
v 0.62303 2.602482 0.2
v 0.599 2.6 0.2
v 0.57697 2.602482 0.2
v 0.502482 2.67697 0.2
v 0.509804 2.656046 0.2
v 0.556046 2.609804 0.2
v 0.537275 2.621599 0.2
v 0.521599 2.637275 0.2
v 0.7 2.699 0.02
v 0.697518 2.67697 0.02
v 0.690196 2.656046 0.02
v 0.678401 2.637275 0.02
v 0.662725 2.621599 0.02
v 0.643955 2.609804 0.02
v 0.62303 2.602482 0.02
v 0.601 2.6 0.02
v 0.599 2.6 0.02
v 0.57697 2.602482 0.02
v 0.556046 2.609804 0.02
v 0.537275 2.621599 0.02
v 0.521599 2.637275 0.02
v 0.509804 2.656046 0.02
v 0.502482 2.67697 0.02
v 0.5 2.699 0.02
v 0.5 3.0 0.02
v 0.7 3.0 0.02
v 0.297518 2.67697 0.2
v 0.278401 2.637275 0.2
v 0.262725 2.621599 0.2
v 0.243954 2.609804 0.2
v 0.17697 2.602482 0.2
v 0.290196 2.656046 0.2
v 0.22303 2.602482 0.2
v 0.121599 2.637275 0.2
v 0.137275 2.621599 0.2
v 0.156046 2.609804 0.2
v 0.109804 2.656046 0.2
v 0.102482 2.67697 0.2
v 0.297518 2.67697 0.02
v 0.290196 2.656046 0.02
v 0.278401 2.637275 0.02
v 0.262725 2.621599 0.02
v 0.243954 2.609804 0.02
v 0.22303 2.602482 0.02
v 0.17697 2.602482 0.02
v 0.156046 2.609804 0.02
v 0.137275 2.621599 0.02
v 0.121599 2.637275 0.02
v 0.109804 2.656046 0.02
v 0.102482 2.67697 0.02
v 2.699 2.1 0.2
v 3.0 2.1 0.2
v 2.6 2.199 0.2
v 2.6 2.201 0.2
v 2.602482 2.22303 0.2
v 2.602482 2.22303 0.02
v 2.609804 2.243954 0.2
v 2.609804 2.243954 0.02
v 2.621599 2.262726 0.2
v 2.621599 2.262726 0.02
v 2.637275 2.278401 0.2
v 2.637275 2.278401 0.02
v 2.656046 2.290196 0.2
v 2.656046 2.290196 0.02
v 2.67697 2.297518 0.2
v 2.67697 2.297518 0.02
v 2.699 2.3 0.2
v 2.67697 2.102482 0.2
v 2.67697 2.102482 0.02
v 2.656046 2.109804 0.2
v 2.656046 2.109804 0.02
v 2.637275 2.121599 0.2
v 2.637275 2.121599 0.02
v 2.621599 2.137275 0.2
v 2.621599 2.137275 0.02
v 2.609804 2.156045 0.2
v 2.609804 2.156045 0.02
v 2.602482 2.17697 0.2
v 2.602482 2.17697 0.02
v 3.0 2.3 0.2
v 2.699 0.9 0.2
v 3.0 0.9 0.2
v 2.6 0.999 0.2
v 2.6 1.001 0.2
v 2.602482 1.02303 0.2
v 2.602482 1.02303 0.02
v 2.609804 1.043954 0.2
v 2.609804 1.043954 0.02
v 2.621599 1.062725 0.2
v 2.621599 1.062725 0.02
v 2.637275 1.078401 0.2
v 2.637275 1.078401 0.02
v 2.656046 1.090196 0.2
v 2.656046 1.090196 0.02
v 2.67697 1.097518 0.2
v 2.67697 1.097518 0.02
v 2.699 1.1 0.2
v 2.67697 0.902482 0.2
v 2.67697 0.902482 0.02
v 2.656046 0.909804 0.2
v 2.656046 0.909804 0.02
v 2.637275 0.921599 0.2
v 2.637275 0.921599 0.02
v 2.621599 0.937274 0.2
v 2.621599 0.937274 0.02
v 2.609804 0.956046 0.2
v 2.609804 0.956046 0.02
v 2.602482 0.97697 0.2
v 2.602482 0.97697 0.02
v 3.0 1.1 0.2
v 2.602482 0.62303 0.2
v 2.602482 0.62303 0.02
v 2.609804 0.643955 0.2
v 2.609804 0.643955 0.02
v 2.621599 0.662725 0.2
v 2.621599 0.662725 0.02
v 2.637275 0.678401 0.2
v 2.637275 0.678401 0.02
v 2.656046 0.690196 0.2
v 2.656046 0.690196 0.02
v 2.67697 0.697518 0.2
v 2.67697 0.697518 0.02
v 2.67697 0.502482 0.2
v 2.67697 0.502482 0.02
v 2.656046 0.509804 0.2
v 2.656046 0.509804 0.02
v 2.637275 0.521599 0.2
v 2.637275 0.521599 0.02
v 2.621599 0.537275 0.2
v 2.621599 0.537275 0.02
v 2.609804 0.556046 0.2
v 2.609804 0.556046 0.02
v 2.602482 0.57697 0.2
v 2.602482 0.57697 0.02
v 2.699 0.1 0.2
v 3.0 0.1 0.2
v 2.6 0.199 0.2
v 2.6 0.201 0.2
v 2.602482 0.22303 0.2
v 2.602482 0.22303 0.02
v 2.609804 0.243954 0.2
v 2.609804 0.243954 0.02
v 2.621599 0.262725 0.2
v 2.621599 0.262725 0.02
v 2.637275 0.278401 0.2
v 2.637275 0.278401 0.02
v 2.656046 0.290196 0.2
v 2.656046 0.290196 0.02
v 2.67697 0.297518 0.2
v 2.67697 0.297518 0.02
v 2.699 0.3 0.2
v 2.67697 0.102482 0.2
v 2.67697 0.102482 0.02
v 2.656046 0.109804 0.2
v 2.656046 0.109804 0.02
v 2.637275 0.121599 0.2
v 2.637275 0.121599 0.02
v 2.621599 0.137275 0.2
v 2.621599 0.137275 0.02
v 2.609804 0.156046 0.2
v 2.609804 0.156046 0.02
v 2.602482 0.17697 0.2
v 2.602482 0.17697 0.02
v 3.0 0.3 0.2
v 2.602482 -0.17697 0.2
v 2.602482 -0.17697 0.02
v 2.609804 -0.156046 0.2
v 2.609804 -0.156046 0.02
v 2.621599 -0.137275 0.2
v 2.621599 -0.137275 0.02
v 2.637275 -0.121599 0.2
v 2.637275 -0.121599 0.02
v 2.656046 -0.109804 0.2
v 2.656046 -0.109804 0.02
v 2.67697 -0.102482 0.2
v 2.67697 -0.102482 0.02
v 2.67697 -0.297518 0.2
v 2.67697 -0.297518 0.02
v 2.656046 -0.290196 0.2
v 2.656046 -0.290196 0.02
v 2.637275 -0.278401 0.2
v 2.637275 -0.278401 0.02
v 2.621599 -0.262725 0.2
v 2.621599 -0.262725 0.02
v 2.609804 -0.243954 0.2
v 2.609804 -0.243954 0.02
v 2.602482 -0.22303 0.2
v 2.602482 -0.22303 0.02
v 2.699 -0.7 0.2
v 3.0 -0.7 0.2
v 2.699 -0.7 0.02
v 3.0 -0.7 0.02
v 2.6 -0.601 0.2
v 2.6 -0.601 0.02
v 2.6 -0.599 0.2
v 2.6 -0.599 0.02
v 2.602482 -0.57697 0.2
v 2.602482 -0.57697 0.02
v 2.609804 -0.556046 0.2
v 2.609804 -0.556046 0.02
v 2.621599 -0.537275 0.2
v 2.621599 -0.537275 0.02
v 2.637275 -0.521599 0.2
v 2.637275 -0.521599 0.02
v 2.656046 -0.509804 0.2
v 2.656046 -0.509804 0.02
v 2.67697 -0.502482 0.2
v 2.67697 -0.502482 0.02
v 2.699 -0.5 0.2
v 2.699 -0.5 0.02
v 2.67697 -0.697518 0.2
v 2.67697 -0.697518 0.02
v 2.656046 -0.690196 0.2
v 2.656046 -0.690196 0.02
v 2.637275 -0.678401 0.2
v 2.637275 -0.678401 0.02
v 2.621599 -0.662725 0.2
v 2.621599 -0.662725 0.02
v 2.609804 -0.643955 0.2
v 2.609804 -0.643955 0.02
v 2.602482 -0.62303 0.2
v 2.602482 -0.62303 0.02
v 3.0 -0.5 0.2
v 3.0 -0.5 0.02
v 2.602482 1.42303 0.2
v 2.602482 1.42303 0.02
v 2.609804 1.443955 0.2
v 2.609804 1.443955 0.02
v 2.621599 1.462725 0.2
v 2.621599 1.462725 0.02
v 2.637275 1.478401 0.2
v 2.637275 1.478401 0.02
v 2.656046 1.490196 0.2
v 2.656046 1.490196 0.02
v 2.67697 1.497518 0.2
v 2.67697 1.497518 0.02
v 2.67697 1.302482 0.2
v 2.67697 1.302482 0.02
v 2.656046 1.309804 0.2
v 2.656046 1.309804 0.02
v 2.637275 1.321599 0.2
v 2.637275 1.321599 0.02
v 2.621599 1.337275 0.2
v 2.621599 1.337275 0.02
v 2.609804 1.356045 0.2
v 2.609804 1.356045 0.02
v 2.602482 1.37697 0.2
v 2.602482 1.37697 0.02
v 2.699 1.7 0.2
v 3.0 1.7 0.2
v 2.6 1.799 0.2
v 2.6 1.801 0.2
v 2.602482 1.82303 0.2
v 2.602482 1.82303 0.02
v 2.609804 1.843954 0.2
v 2.609804 1.843954 0.02
v 2.621599 1.862725 0.2
v 2.621599 1.862725 0.02
v 2.637275 1.878401 0.2
v 2.637275 1.878401 0.02
v 2.656046 1.890196 0.2
v 2.656046 1.890196 0.02
v 2.67697 1.897518 0.2
v 2.67697 1.897518 0.02
v 2.699 1.9 0.2
v 2.67697 1.702482 0.2
v 2.67697 1.702482 0.02
v 2.656046 1.709804 0.2
v 2.656046 1.709804 0.02
v 2.637275 1.721599 0.2
v 2.637275 1.721599 0.02
v 2.621599 1.737274 0.2
v 2.621599 1.737274 0.02
v 2.609804 1.756045 0.2
v 2.609804 1.756045 0.02
v 2.602482 1.776971 0.2
v 2.602482 1.776971 0.02
v 3.0 1.9 0.2
v 2.1 -2.699 0.2
v 2.1 -3.0 0.2
v 2.1 -2.699 0.02
v 2.1 -3.0 0.02
v 2.199 -2.6 0.2
v 2.199 -2.6 0.02
v 2.201 -2.6 0.2
v 2.201 -2.6 0.02
v 2.22303 -2.602482 0.2
v 2.22303 -2.602482 0.02
v 2.243954 -2.609804 0.2
v 2.243954 -2.609804 0.02
v 2.262726 -2.621599 0.2
v 2.262726 -2.621599 0.02
v 2.278401 -2.637275 0.2
v 2.278401 -2.637275 0.02
v 2.290196 -2.656046 0.2
v 2.290196 -2.656046 0.02
v 2.297518 -2.67697 0.2
v 2.297518 -2.67697 0.02
v 2.3 -2.699 0.2
v 2.3 -2.699 0.02
v 2.102482 -2.67697 0.2
v 2.102482 -2.67697 0.02
v 2.109804 -2.656046 0.2
v 2.109804 -2.656046 0.02
v 2.121599 -2.637275 0.2
v 2.121599 -2.637275 0.02
v 2.137275 -2.621599 0.2
v 2.137275 -2.621599 0.02
v 2.156045 -2.609804 0.2
v 2.156045 -2.609804 0.02
v 2.17697 -2.602482 0.2
v 2.17697 -2.602482 0.02
v 2.3 -3.0 0.2
v 2.3 -3.0 0.02
v 1.82303 -2.602482 0.2
v 1.82303 -2.602482 0.02
v 1.843954 -2.609804 0.2
v 1.843954 -2.609804 0.02
v 1.862725 -2.621599 0.2
v 1.862725 -2.621599 0.02
v 1.878401 -2.637275 0.2
v 1.878401 -2.637275 0.02
v 1.890196 -2.656046 0.2
v 1.890196 -2.656046 0.02
v 1.897518 -2.67697 0.2
v 1.897518 -2.67697 0.02
v 1.702482 -2.67697 0.2
v 1.702482 -2.67697 0.02
v 1.709804 -2.656046 0.2
v 1.709804 -2.656046 0.02
v 1.721599 -2.637275 0.2
v 1.721599 -2.637275 0.02
v 1.737274 -2.621599 0.2
v 1.737274 -2.621599 0.02
v 1.756045 -2.609804 0.2
v 1.756045 -2.609804 0.02
v 1.776971 -2.602482 0.2
v 1.776971 -2.602482 0.02
v -2.699 -0.9 0.2
v -3.0 -0.9 0.2
v -2.6 -0.999 0.2
v -2.6 -1.001 0.2
v -2.602482 -1.02303 0.2
v -2.602482 -1.02303 0.02
v -2.609804 -1.043954 0.2
v -2.609804 -1.043954 0.02
v -2.621599 -1.062725 0.2
v -2.621599 -1.062725 0.02
v -2.637275 -1.078401 0.2
v -2.637275 -1.078401 0.02
v -2.656046 -1.090196 0.2
v -2.656046 -1.090196 0.02
v -2.67697 -1.097518 0.2
v -2.67697 -1.097518 0.02
v -2.699 -1.1 0.2
v -2.67697 -0.902482 0.2
v -2.67697 -0.902482 0.02
v -2.656046 -0.909804 0.2
v -2.656046 -0.909804 0.02
v -2.637275 -0.921599 0.2
v -2.637275 -0.921599 0.02
v -2.621599 -0.937274 0.2
v -2.621599 -0.937274 0.02
v -2.609804 -0.956046 0.2
v -2.609804 -0.956046 0.02
v -2.602482 -0.97697 0.2
v -2.602482 -0.97697 0.02
v -3.0 -1.1 0.2
v -2.602482 -0.62303 0.2
v -2.602482 -0.62303 0.02
v -2.609804 -0.643955 0.2
v -2.609804 -0.643955 0.02
v -2.621599 -0.662725 0.2
v -2.621599 -0.662725 0.02
v -2.637275 -0.678401 0.2
v -2.637275 -0.678401 0.02
v -2.656046 -0.690196 0.2
v -2.656046 -0.690196 0.02
v -2.67697 -0.697518 0.2
v -2.67697 -0.697518 0.02
v -2.67697 -0.502482 0.2
v -2.67697 -0.502482 0.02
v -2.656046 -0.509804 0.2
v -2.656046 -0.509804 0.02
v -2.637275 -0.521599 0.2
v -2.637275 -0.521599 0.02
v -2.621599 -0.537275 0.2
v -2.621599 -0.537275 0.02
v -2.609804 -0.556046 0.2
v -2.609804 -0.556046 0.02
v -2.602482 -0.57697 0.2
v -2.602482 -0.57697 0.02
v -0.068116 -2.48844 0.02
v -0.084837 -2.48844 0.02
v -0.075576 -2.467556 0.02
newmtl 2
Ka 0.10980392156862745 0.10980392156862745 0.10980392156862745
Kd 0.10980392156862745 0.10980392156862745 0.10980392156862745
Ks 0.0784313725490196 0.0784313725490196 0.0784313725490196
d 0.0
endmtl
v -0.07731 -2.467556 0.02
v -0.076057 -2.465822 0.02
v -0.076865 -2.465817 0.02
v -0.076376 -2.46405 0.02
v -0.076538 -2.46405 0.02
v -0.017144 -2.46344 0.02
v -0.017144 -2.502465 0.02
v -0.024519 -2.46344 0.02
v -0.024242 -2.502465 0.02
v -0.029517 -2.501974 0.02
v -0.043974 -2.482467 0.02
v -0.043549 -2.477491 0.02
v -0.042382 -2.473536 0.02
v -0.030437 -2.46407 0.02
v -0.033725 -2.50066 0.02
v -0.037135 -2.498636 0.02
v -0.039939 -2.495866 0.02
v -0.042048 -2.492419 0.02
v -0.043515 -2.487718 0.02
v -0.040645 -2.470452 0.02
v -0.038216 -2.467873 0.02
v -0.034564 -2.465514 0.02
v 2.616506 -2.525 0.48
v 2.641481 -2.464705 0.48
v 2.4 -2.4 0.48
newmtl 3
Ka 0.4117647058823529 0.4117647058823529 0.4117647058823529
Kd 0.4117647058823529 0.4117647058823529 0.4117647058823529
Ks 0.20392156862745098 0.20392156862745098 0.20392156862745098
d 0.0
endmtl
v 2.65 -2.4 0.48
v 2.641481 -2.335295 0.48
v 2.464705 -2.641481 0.48
v 2.525 -2.616506 0.48
v 2.576777 -2.576777 0.48
v 2.275 -2.616506 0.48
v 2.335295 -2.641481 0.48
v 2.4 -2.65 0.48
v 2.158519 -2.464705 0.48
v 2.183494 -2.525 0.48
v 2.223223 -2.576777 0.48
v 2.183494 -2.275 0.48
v 2.158519 -2.335295 0.48
v 2.15 -2.4 0.48
v 2.335295 -2.158519 0.48
v 2.275 -2.183494 0.48
v 2.223223 -2.223223 0.48
v 2.525 -2.183494 0.48
v 2.464705 -2.158519 0.48
v 2.4 -2.15 0.48
v 2.616506 -2.275 0.48
v 2.576777 -2.223223 0.48
v -0.07731 -2.467556 0.03
v -0.076865 -2.465817 0.03
newmtl 4
Ka 0.792156862745098 0.8196078431372549 0.9333333333333333
Kd 0.792156862745098 0.8196078431372549 0.9333333333333333
Ks 0.396078431372549 0.4117647058823529 0.4666666666666667
d 0.0
endmtl
v -0.076538 -2.46405 0.03
v -0.076376 -2.46405 0.03
v -0.076057 -2.465822 0.03
v -0.075576 -2.467556 0.03
v -0.068116 -2.48844 0.03
v -0.084837 -2.48844 0.03
v -0.024242 -2.502465 0.03
v -0.029517 -2.501974 0.03
v -0.033725 -2.50066 0.03
v -0.037135 -2.498636 0.03
v -0.039939 -2.495866 0.03
v -0.042048 -2.492419 0.03
v -0.043515 -2.487718 0.03
v -0.043974 -2.482467 0.03
v -0.043549 -2.477491 0.03
v -0.042382 -2.473536 0.03
v -0.040645 -2.470452 0.03
v -0.038216 -2.467873 0.03
v -0.034564 -2.465514 0.03
v -0.030437 -2.46407 0.03
v -0.024519 -2.46344 0.03
v -0.017144 -2.46344 0.03
v -0.017144 -2.502465 0.03
v 2.65 -2.4 0.5
v 2.641481 -2.335295 0.5
v 2.616506 -2.275 0.5
v 2.576777 -2.223223 0.5
v 2.525 -2.183494 0.5
v 2.464705 -2.158519 0.5
v 2.4 -2.15 0.5
v 2.335295 -2.158519 0.5
v 2.275 -2.183494 0.5
v 2.223223 -2.223223 0.5
v 2.183494 -2.275 0.5
v 2.158519 -2.335295 0.5
v 2.15 -2.4 0.5
v 2.158519 -2.464705 0.5
v 2.183494 -2.525 0.5
v 2.223223 -2.576777 0.5
v 2.275 -2.616506 0.5
v 2.335295 -2.641481 0.5
v 2.4 -2.65 0.5
v 2.464705 -2.641481 0.5
v 2.525 -2.616506 0.5
v 2.576777 -2.576777 0.5
v 2.616506 -2.525 0.5
v 2.641481 -2.464705 0.5
v -0.06643 -2.493928 0.03
v -0.087085 -2.493928 0.03
v -0.073242 -2.457952 0.03
v -0.05434 -2.507953 0.03
v -0.061657 -2.507953 0.03
v -0.079949 -2.457952 0.03
v -0.099461 -2.507953 0.03
v -0.092144 -2.507953 0.03
v -0.048975 -2.472693 0.03
v -0.046651 -2.468393 0.03
v -0.043115 -2.464472 0.03
v -0.043063 -2.464426 0.03
v -0.037621 -2.460779 0.03
v -0.031771 -2.458725 0.03
v -0.024547 -2.457952 0.03
v -0.010437 -2.457952 0.03
v -0.010437 -2.507953 0.03
v -0.024033 -2.507953 0.03
v -0.030219 -2.507413 0.03
v -0.035981 -2.505695 0.03
v -0.041201 -2.502661 0.03
v -0.045317 -2.498721 0.03
v -0.048184 -2.494249 0.03
v -0.049979 -2.489015 0.03
v -0.050681 -2.482324 0.03
v -0.050318 -2.477619 0.03
v 0.026148 -2.507953 0.03
v -6.81E-4 -2.507953 0.03
v -6.81E-4 -2.502465 0.03
v 0.019441 -2.502465 0.03
v 0.019441 -2.485392 0.03
v 0.026148 -2.457952 0.03
v 5.39E-4 -2.46344 0.03
v 5.39E-4 -2.457952 0.03
v 0.019441 -2.46344 0.03
v 0.019441 -2.479904 0.03
v 0.001758 -2.479904 0.03
v 0.001758 -2.485392 0.03
v 0.053401 -2.502552 0.03
v 0.049662 -2.508563 0.03
v 0.048738 -2.503075 0.03
v 0.048295 -2.508539 0.03
v 0.042101 -2.502338 0.03
v 0.041234 -2.50755 0.03
v 0.0368 -2.50037 0.03
v 0.035904 -2.505361 0.03
v 0.035904 -2.499873 0.03
v 0.035904 -2.466032 0.03
v 0.035904 -2.459325 0.03
v 0.041536 -2.46362 0.03
v 0.041685 -2.457756 0.03
v 0.047614 -2.462831 0.03
v 0.047671 -2.457343 0.03
v 0.052537 -2.463384 0.03
v 0.052693 -2.457753 0.03
v 0.056279 -2.464734 0.03
v 0.058267 -2.459372 0.03
v 0.05974 -2.46705 0.03
v 0.063016 -2.462106 0.03
v 0.06276 -2.470383 0.03
v 0.06753 -2.466447 0.03
v 0.064821 -2.474243 0.03
v 0.070461 -2.471122 0.03
v 0.066154 -2.479596 0.03
v 0.07238 -2.476787 0.03
v 0.066392 -2.483486 0.03
v 0.073099 -2.483896 0.03
v 0.065886 -2.488899 0.03
v 0.072616 -2.489686 0.03
v 0.064527 -2.4932 0.03
v 0.071111 -2.494979 0.03
v 0.06246 -2.496667 0.03
v 0.068448 -2.499733 0.03
v 0.060113 -2.499142 0.03
v 0.064692 -2.503687 0.03
v 0.057045 -2.50121 0.03
v 0.06067 -2.506255 0.03
v 0.055824 -2.507924 0.03
v 0.09627 -2.457952 0.03
v 0.102978 -2.457952 0.03
v 0.09627 -2.502465 0.03
v 0.102978 -2.507953 0.03
v 0.077368 -2.502465 0.03
v 0.077368 -2.507953 0.03
v 3.0 -3.0 0.5
v -3.0 -3.0 0.5
v 3.0 3.0 0.5
v -3.0 3.0 0.5
v -3.0 -3.0 0.02
v -0.005559 -3.0 0.02
v 3.0 -3.0 0.02
v 3.0 -2.508258 0.02
v 3.0 3.0 0.02
v -0.005559 3.0 0.02
v -3.0 3.0 0.02
v -3.0 -2.508258 0.02
v -0.099461 -2.507953 0.02
v -0.079949 -2.457952 0.02
v -0.073242 -2.457952 0.02
v -0.05434 -2.507953 0.02
v -0.061657 -2.507953 0.02
v -0.06643 -2.493928 0.02
v -0.087085 -2.493928 0.02
v -0.092144 -2.507953 0.02
v -0.010437 -2.507953 0.02
v -0.024033 -2.507953 0.02
v -0.050681 -2.482324 0.02
v -0.049979 -2.489015 0.02
v -0.048184 -2.494249 0.02
v -0.045317 -2.498721 0.02
v -0.041201 -2.502661 0.02
v -0.035981 -2.505695 0.02
v -0.030219 -2.507413 0.02
v -0.024547 -2.457952 0.02
v -0.031771 -2.458725 0.02
v -0.037621 -2.460779 0.02
v -0.043063 -2.464426 0.02
v -0.043115 -2.464472 0.02
v -0.046651 -2.468393 0.02
v -0.048975 -2.472693 0.02
v -0.050318 -2.477619 0.02
v -0.010437 -2.457952 0.02
v -6.81E-4 -2.507953 0.02
v -6.81E-4 -2.502465 0.02
v 0.019441 -2.502465 0.02
v 0.019441 -2.485392 0.02
v 0.001758 -2.485392 0.02
v 0.001758 -2.479904 0.02
v 0.019441 -2.479904 0.02
v 0.019441 -2.46344 0.02
v 5.39E-4 -2.46344 0.02
v 5.39E-4 -2.457952 0.02
v 0.026148 -2.457952 0.02
v 0.026148 -2.507953 0.02
v 0.035904 -2.505361 0.02
v 0.035904 -2.499873 0.02
v 0.048738 -2.503075 0.02
v 0.042101 -2.502338 0.02
v 0.0368 -2.50037 0.02
v 0.066392 -2.483486 0.02
v 0.065886 -2.488899 0.02
v 0.064527 -2.4932 0.02
v 0.06246 -2.496667 0.02
v 0.060113 -2.499142 0.02
v 0.057045 -2.50121 0.02
v 0.053401 -2.502552 0.02
v 0.047614 -2.462831 0.02
v 0.052537 -2.463384 0.02
v 0.056279 -2.464734 0.02
v 0.05974 -2.46705 0.02
v 0.06276 -2.470383 0.02
v 0.064821 -2.474243 0.02
v 0.066154 -2.479596 0.02
v 0.035904 -2.466032 0.02
v 0.041536 -2.46362 0.02
v 0.035904 -2.459325 0.02
v 0.047671 -2.457343 0.02
v 0.041685 -2.457756 0.02
v 0.073099 -2.483896 0.02
v 0.07238 -2.476787 0.02
v 0.070461 -2.471122 0.02
v 0.06753 -2.466447 0.02
v 0.063016 -2.462106 0.02
v 0.058267 -2.459372 0.02
v 0.052693 -2.457753 0.02
v 0.049662 -2.508563 0.02
v 0.052602 -2.508258 0.02
v 0.055824 -2.507924 0.02
v 0.06067 -2.506255 0.02
v 0.064692 -2.503687 0.02
v 0.068448 -2.499733 0.02
v 0.071111 -2.494979 0.02
v 0.072616 -2.489686 0.02
v 0.041234 -2.50755 0.02
v 0.046286 -2.508258 0.02
v 0.048295 -2.508539 0.02
v 0.077368 -2.507953 0.02
v 0.077368 -2.502465 0.02
v 0.09627 -2.502465 0.02
v 0.09627 -2.457952 0.02
v 0.102978 -2.457952 0.02
v 0.102978 -2.507953 0.02
v -0.005559 -2.508258 0.02
v 1.001 2.6 0.0
v 1.015089 2.601008 0.0
v 1.028892 2.60401 0.0
v 1.042126 2.608947 0.0
v 1.054523 2.615716 0.0
v 1.065831 2.624181 0.0
v 1.075819 2.634169 0.0
v 1.084284 2.645477 0.0
v 1.091054 2.657874 0.0
v 1.09599 2.671108 0.0
v 1.098992 2.684911 0.0
v 1.1 2.699 0.0
v 1.1 3.0 0.0
v 0.9 3.0 0.0
v 0.999 2.6 0.0
v 0.9 2.699 0.0
v 0.984911 2.601008 0.0
v 0.971108 2.60401 0.0
v 0.945477 2.615716 0.0
v 0.908946 2.657874 0.0
v 0.90401 2.671108 0.0
v 0.934169 2.624181 0.0
v 0.924181 2.634169 0.0
v 0.915716 2.645477 0.0
v 0.957874 2.608947 0.0
v 0.901008 2.684911 0.0
v -2.684911 0.101008 0.2
v -2.671108 0.10401 0.2
v -2.657874 0.108946 0.2
v -2.645477 0.115716 0.2
v -2.634169 0.124181 0.2
v -2.624181 0.134169 0.2
v -2.615716 0.145477 0.2
v -2.608947 0.157874 0.2
v -2.60401 0.171108 0.2
v -2.601008 0.184911 0.2
v -2.601008 0.215089 0.2
v -2.60401 0.228892 0.2
v -2.608947 0.242126 0.2
v -2.615716 0.254523 0.2
v -2.624181 0.265831 0.2
v -2.634169 0.275819 0.2
v -2.645477 0.284284 0.2
v -2.657874 0.291054 0.2
v -2.671108 0.29599 0.2
v -2.684911 0.298992 0.2
v -1.384911 2.601008 0.02
v -1.334169 2.624181 0.02
v -1.345477 2.615716 0.02
v -1.357874 2.608947 0.02
v -1.371108 2.60401 0.02
v -1.465831 2.624181 0.02
v -1.475819 2.634169 0.02
v -1.454523 2.615716 0.02
v -1.484284 2.645477 0.02
v -1.442126 2.608947 0.02
v -1.428892 2.60401 0.02
v -1.491054 2.657874 0.02
v -1.49599 2.671108 0.02
v -1.415089 2.601008 0.02
v -1.498992 2.684911 0.02
v -1.301008 2.684911 0.02
v -1.30401 2.671108 0.02
v -1.308946 2.657874 0.02
v -1.315716 2.645477 0.02
v -1.324181 2.634169 0.02
v -1.384911 2.601008 0.2
v -1.371108 2.60401 0.2
v -1.357874 2.608947 0.2
v -1.345477 2.615716 0.2
v -1.334169 2.624181 0.2
v -1.324181 2.634169 0.2
v -1.315716 2.645477 0.2
v -1.308946 2.657874 0.2
v -1.30401 2.671108 0.2
v -1.301008 2.684911 0.2
v -1.415089 2.601008 0.2
v -1.428892 2.60401 0.2
v -1.498992 2.684911 0.2
v -1.49599 2.671108 0.2
v -1.465831 2.624181 0.2
v -1.454523 2.615716 0.2
v -1.475819 2.634169 0.2
v -1.484284 2.645477 0.2
v -1.491054 2.657874 0.2
v -1.442126 2.608947 0.2
v -0.284284 2.645477 0.02
v -0.275819 2.634169 0.02
v -0.265831 2.624181 0.02
v -0.184911 2.601008 0.02
v -0.171108 2.60401 0.02
v -0.157874 2.608947 0.02
v -0.254523 2.615716 0.02
v -0.242126 2.608947 0.02
v -0.29599 2.671108 0.02
v -0.228892 2.60401 0.02
v -0.145477 2.615716 0.02
v -0.134169 2.624181 0.02
v -0.124181 2.634169 0.02
v -0.101008 2.684911 0.02
v -0.10401 2.671108 0.02
v -0.291054 2.657874 0.02
v -0.298992 2.684911 0.02
v -0.215089 2.601008 0.02
v -0.115716 2.645477 0.02
v -0.108946 2.657874 0.02
v -0.1 3.0 0.0
v -0.3 3.0 0.0
v -0.3 2.699 0.0
v -0.298992 2.684911 0.0
v -0.29599 2.671108 0.0
v -0.291054 2.657874 0.0
v -0.284284 2.645477 0.0
v -0.275819 2.634169 0.0
v -0.265831 2.624181 0.0
v -0.254523 2.615716 0.0
v -0.242126 2.608947 0.0
v -0.228892 2.60401 0.0
v -0.215089 2.601008 0.0
v -0.201 2.6 0.0
v -0.1 2.699 0.0
v -0.184911 2.601008 0.0
v -0.199 2.6 0.0
v -0.134169 2.624181 0.0
v -0.145477 2.615716 0.0
v -0.157874 2.608947 0.0
v -0.171108 2.60401 0.0
v -0.101008 2.684911 0.0
v -0.10401 2.671108 0.0
v -0.108946 2.657874 0.0
v -0.115716 2.645477 0.0
v -0.124181 2.634169 0.0
v 1.301008 -2.684911 0.02
v 1.345477 -2.615716 0.02
v 1.384911 -2.601008 0.02
v 1.442126 -2.608947 0.02
v 1.428892 -2.60401 0.02
v 1.415089 -2.601008 0.02
v 1.324181 -2.634169 0.02
v 1.315716 -2.645477 0.02
v 1.308946 -2.657874 0.02
v 1.498992 -2.684911 0.02
v 1.49599 -2.671108 0.02
v 1.491054 -2.657874 0.02
v 1.484284 -2.645477 0.02
v 1.475819 -2.634169 0.02
v 1.465831 -2.624181 0.02
v 1.454523 -2.615716 0.02
v 1.371108 -2.60401 0.02
v 1.357874 -2.608947 0.02
v 1.334169 -2.624181 0.02
v 1.30401 -2.671108 0.02
v 1.3 -3.0 0.0
v 1.5 -3.0 0.0
v 1.5 -2.699 0.0
v 1.498992 -2.684911 0.0
v 1.49599 -2.671108 0.0
v 1.491054 -2.657874 0.0
v 1.484284 -2.645477 0.0
v 1.475819 -2.634169 0.0
v 1.465831 -2.624181 0.0
v 1.454523 -2.615716 0.0
v 1.442126 -2.608947 0.0
v 1.428892 -2.60401 0.0
v 1.415089 -2.601008 0.0
v 1.401 -2.6 0.0
v 1.399 -2.6 0.0
v 1.357874 -2.608947 0.0
v 1.371108 -2.60401 0.0
v 1.384911 -2.601008 0.0
v 1.3 -2.699 0.0
v 1.301008 -2.684911 0.0
v 1.30401 -2.671108 0.0
v 1.308946 -2.657874 0.0
v 1.315716 -2.645477 0.0
v 1.324181 -2.634169 0.0
v 1.334169 -2.624181 0.0
v 1.345477 -2.615716 0.0
v 2.684911 2.298992 0.2
v 2.671108 2.29599 0.2
v 2.657874 2.291054 0.2
v 2.645477 2.284284 0.2
v 2.634169 2.275819 0.2
v 2.624181 2.265831 0.2
v 2.615716 2.254523 0.2
v 2.608947 2.242126 0.2
v 2.60401 2.228891 0.2
v 2.601008 2.215089 0.2
v 2.601008 2.184911 0.2
v 2.60401 2.171108 0.2
v 2.608947 2.157874 0.2
v 2.615716 2.145477 0.2
v 2.624181 2.134169 0.2
v 2.634169 2.124181 0.2
v 2.645477 2.115716 0.2
v 2.657874 2.108946 0.2
v 2.671108 2.10401 0.2
v 2.684911 2.101008 0.2
v 2.684911 1.898992 0.2
v 2.671108 1.89599 0.2
v 2.657874 1.891054 0.2
v 2.645477 1.884284 0.2
v 2.634169 1.875819 0.2
v 2.624181 1.865831 0.2
v 2.615716 1.854523 0.2
v 2.608947 1.842126 0.2
v 2.60401 1.828892 0.2
v 2.601008 1.815089 0.2
v 2.601008 1.784911 0.2
v 2.60401 1.771109 0.2
v 2.608947 1.757874 0.2
v 2.615716 1.745476 0.2
v 2.624181 1.734169 0.2
v 2.634169 1.724181 0.2
v 2.645477 1.715716 0.2
v 2.657874 1.708946 0.2
v 2.671108 1.70401 0.2
v 2.684911 1.701008 0.2
v 0.184911 -2.601008 0.2
v 0.171108 -2.60401 0.2
v 0.157874 -2.608947 0.2
v 0.145477 -2.615716 0.2
v 0.134169 -2.624181 0.2
v 0.124181 -2.634169 0.2
v 0.115716 -2.645477 0.2
v 0.108946 -2.657874 0.2
v 0.10401 -2.671108 0.2
v 0.101008 -2.684911 0.2
v 0.265831 -2.624181 0.2
v 0.254523 -2.615716 0.2
v 0.242126 -2.608947 0.2
v 0.228892 -2.60401 0.2
v 0.215089 -2.601008 0.2
v 0.298992 -2.684911 0.2
v 0.29599 -2.671108 0.2
v 0.291054 -2.657874 0.2
v 0.284284 -2.645477 0.2
v 0.275819 -2.634169 0.2
v 0.9 -3.0 0.0
v 1.1 -3.0 0.0
v 1.1 -2.699 0.0
v 1.098992 -2.684911 0.0
v 1.09599 -2.671108 0.0
v 1.091054 -2.657874 0.0
v 1.084284 -2.645477 0.0
v 1.075819 -2.634169 0.0
v 1.065831 -2.624181 0.0
v 1.054523 -2.615716 0.0
v 1.042126 -2.608947 0.0
v 1.028892 -2.60401 0.0
v 1.015089 -2.601008 0.0
v 1.001 -2.6 0.0
v 0.9 -2.699 0.0
v 0.999 -2.6 0.0
v 0.934169 -2.624181 0.0
v 0.945477 -2.615716 0.0
v 0.957874 -2.608947 0.0
v 0.971108 -2.60401 0.0
v 0.984911 -2.601008 0.0
v 0.901008 -2.684911 0.0
v 0.90401 -2.671108 0.0
v 0.908946 -2.657874 0.0
v 0.915716 -2.645477 0.0
v 0.924181 -2.634169 0.0
v -0.184911 2.601008 0.2
v -0.171108 2.60401 0.2
v -0.157874 2.608947 0.2
v -0.145477 2.615716 0.2
v -0.134169 2.624181 0.2
v -0.124181 2.634169 0.2
v -0.115716 2.645477 0.2
v -0.108946 2.657874 0.2
v -0.10401 2.671108 0.2
v -0.101008 2.684911 0.2
v -0.284284 2.645477 0.2
v -0.275819 2.634169 0.2
v -0.265831 2.624181 0.2
v -0.254523 2.615716 0.2
v -0.242126 2.608947 0.2
v -0.29599 2.671108 0.2
v -0.228892 2.60401 0.2
v -0.291054 2.657874 0.2
v -0.298992 2.684911 0.2
v -0.215089 2.601008 0.2
v 2.684911 -0.501008 0.02
v 2.684911 -0.501008 0.2
v 2.671108 -0.50401 0.02
v 2.671108 -0.50401 0.2
v 2.657874 -0.508946 0.02
v 2.657874 -0.508946 0.2
v 2.645477 -0.515716 0.02
v 2.645477 -0.515716 0.2
v 2.634169 -0.524181 0.02
v 2.634169 -0.524181 0.2
v 2.624181 -0.534169 0.02
v 2.624181 -0.534169 0.2
v 2.615716 -0.545477 0.02
v 2.615716 -0.545477 0.2
v 2.608947 -0.557874 0.02
v 2.608947 -0.557874 0.2
v 2.60401 -0.571108 0.02
v 2.60401 -0.571108 0.2
v 2.601008 -0.584911 0.02
v 2.601008 -0.584911 0.2
v 2.601008 -0.615089 0.02
v 2.601008 -0.615089 0.2
v 2.60401 -0.628892 0.02
v 2.60401 -0.628892 0.2
v 2.608947 -0.642126 0.02
v 2.608947 -0.642126 0.2
v 2.615716 -0.654523 0.02
v 2.615716 -0.654523 0.2
v 2.624181 -0.665831 0.02
v 2.624181 -0.665831 0.2
v 2.634169 -0.675819 0.02
v 2.634169 -0.675819 0.2
v 2.645477 -0.684284 0.02
v 2.645477 -0.684284 0.2
v 2.657874 -0.691054 0.02
v 2.657874 -0.691054 0.2
v 2.671108 -0.69599 0.02
v 2.671108 -0.69599 0.2
v 2.684911 -0.698992 0.02
v 2.684911 -0.698992 0.2
v -2.684911 -1.498992 0.2
v -2.671108 -1.49599 0.2
v -2.657874 -1.491054 0.2
v -2.645477 -1.484284 0.2
v -2.634169 -1.475819 0.2
v -2.624181 -1.465831 0.2
v -2.615716 -1.454523 0.2
v -2.608947 -1.442126 0.2
v -2.60401 -1.428892 0.2
v -2.601008 -1.415089 0.2
v -2.601008 -1.384911 0.2
v -2.624181 -1.334169 0.2
v -2.634169 -1.324181 0.2
v -2.684911 -1.301008 0.2
v -2.60401 -1.371108 0.2
v -2.608947 -1.357874 0.2
v -2.615716 -1.345477 0.2
v -2.645477 -1.315716 0.2
v -2.657874 -1.308946 0.2
v -2.671108 -1.30401 0.2
v -2.601008 1.015089 0.02
v -2.684911 0.901008 0.02
v -2.671108 0.90401 0.02
v -2.601008 0.984911 0.02
v -2.60401 0.971108 0.02
v -2.608947 0.957874 0.02
v -2.684911 1.098992 0.02
v -2.671108 1.09599 0.02
v -2.657874 1.091054 0.02
v -2.615716 0.945477 0.02
v -2.624181 0.934169 0.02
v -2.634169 0.924181 0.02
v -2.645477 1.084284 0.02
v -2.634169 1.075819 0.02
v -2.624181 1.065831 0.02
v -2.615716 1.054523 0.02
v -2.608947 1.042126 0.02
v -2.60401 1.028892 0.02
v -2.645477 0.915716 0.02
v -2.657874 0.908946 0.02
v -2.601008 1.015089 0.2
v -2.60401 1.028892 0.2
v -2.608947 1.042126 0.2
v -2.615716 1.054523 0.2
v -2.624181 1.065831 0.2
v -2.634169 1.075819 0.2
v -2.645477 1.084284 0.2
v -2.657874 1.091054 0.2
v -2.671108 1.09599 0.2
v -2.684911 1.098992 0.2
v -2.601008 0.984911 0.2
v -2.684911 0.901008 0.2
v -2.671108 0.90401 0.2
v -2.657874 0.908946 0.2
v -2.624181 0.934169 0.2
v -2.615716 0.945477 0.2
v -2.608947 0.957874 0.2
v -2.60401 0.971108 0.2
v -2.645477 0.915716 0.2
v -2.634169 0.924181 0.2
v -2.601008 1.384911 0.02
v -2.601008 1.415089 0.02
v -2.60401 1.428892 0.02
v -2.60401 1.371108 0.02
v -2.684911 1.301008 0.02
v -2.671108 1.30401 0.02
v -2.657874 1.308946 0.02
v -2.645477 1.315716 0.02
v -2.634169 1.324181 0.02
v -2.624181 1.334169 0.02
v -2.615716 1.345477 0.02
v -2.608947 1.357874 0.02
v -2.608947 1.442126 0.02
v -2.615716 1.454523 0.02
v -2.624181 1.465831 0.02
v -2.634169 1.475819 0.02
v -2.645477 1.484284 0.02
v -2.657874 1.491054 0.02
v -2.671108 1.49599 0.02
v -2.684911 1.498992 0.02
v -2.6 1.401 0.0
v -2.601008 1.415089 0.0
v -2.60401 1.428892 0.0
v -2.608947 1.442126 0.0
v -2.615716 1.454523 0.0
v -2.624181 1.465831 0.0
v -2.634169 1.475819 0.0
v -2.645477 1.484284 0.0
v -2.657874 1.491054 0.0
v -2.671108 1.49599 0.0
v -2.684911 1.498992 0.0
v -2.699 1.5 0.0
v -3.0 1.5 0.0
v -3.0 1.3 0.0
v -2.6 1.399 0.0
v -2.699 1.3 0.0
v -2.608947 1.357874 0.0
v -2.615716 1.345477 0.0
v -2.60401 1.371108 0.0
v -2.624181 1.334169 0.0
v -2.634169 1.324181 0.0
v -2.645477 1.315716 0.0
v -2.657874 1.308946 0.0
v -2.671108 1.30401 0.0
v -2.601008 1.384911 0.0
v -2.684911 1.301008 0.0
v -2.684911 -1.098992 0.2
v -2.671108 -1.09599 0.2
v -2.657874 -1.091054 0.2
v -2.645477 -1.084284 0.2
v -2.634169 -1.075819 0.2
v -2.624181 -1.065831 0.2
v -2.615716 -1.054523 0.2
v -2.608947 -1.042126 0.2
v -2.60401 -1.028892 0.2
v -2.601008 -1.015089 0.2
v -2.601008 -0.984911 0.2
v -2.60401 -0.971108 0.2
v -2.608947 -0.957874 0.2
v -2.615716 -0.945477 0.2
v -2.624181 -0.934169 0.2
v -2.634169 -0.924181 0.2
v -2.645477 -0.915716 0.2
v -2.657874 -0.908946 0.2
v -2.671108 -0.90401 0.2
v -2.684911 -0.901008 0.2
v 0.545477 2.615716 0.02
v 0.557874 2.608947 0.02
v 0.50401 2.671108 0.02
v 0.571108 2.60401 0.02
v 0.615089 2.601008 0.02
v 0.628892 2.60401 0.02
v 0.642126 2.608947 0.02
v 0.501008 2.684911 0.02
v 0.584911 2.601008 0.02
v 0.654523 2.615716 0.02
v 0.665831 2.624181 0.02
v 0.675819 2.634169 0.02
v 0.684284 2.645477 0.02
v 0.691054 2.657874 0.02
v 0.69599 2.671108 0.02
v 0.698992 2.684911 0.02
v 0.508946 2.657874 0.02
v 0.515716 2.645477 0.02
v 0.534169 2.624181 0.02
v 0.524181 2.634169 0.02
v 0.7 3.0 0.0
v 0.5 3.0 0.0
v 0.5 2.699 0.0
v 0.501008 2.684911 0.0
v 0.50401 2.671108 0.0
v 0.508946 2.657874 0.0
v 0.515716 2.645477 0.0
v 0.524181 2.634169 0.0
v 0.534169 2.624181 0.0
v 0.545477 2.615716 0.0
v 0.557874 2.608947 0.0
v 0.571108 2.60401 0.0
v 0.584911 2.601008 0.0
v 0.599 2.6 0.0
v 0.601 2.6 0.0
v 0.642126 2.608947 0.0
v 0.628892 2.60401 0.0
v 0.615089 2.601008 0.0
v 0.7 2.699 0.0
v 0.698992 2.684911 0.0
v 0.69599 2.671108 0.0
v 0.691054 2.657874 0.0
v 0.684284 2.645477 0.0
v 0.675819 2.634169 0.0
v 0.665831 2.624181 0.0
v 0.654523 2.615716 0.0
v 2.684911 1.098992 0.2
v 2.671108 1.09599 0.2
v 2.657874 1.091054 0.2
v 2.645477 1.084284 0.2
v 2.634169 1.075819 0.2
v 2.624181 1.065831 0.2
v 2.615716 1.054523 0.2
v 2.608947 1.042126 0.2
v 2.60401 1.028892 0.2
v 2.601008 1.015089 0.2
v 2.601008 0.984911 0.2
v 2.60401 0.971108 0.2
v 2.608947 0.957874 0.2
v 2.615716 0.945477 0.2
v 2.624181 0.934169 0.2
v 2.634169 0.924181 0.2
v 2.645477 0.915716 0.2
v 2.657874 0.908946 0.2
v 2.671108 0.90401 0.2
v 2.684911 0.901008 0.2
v -0.9 3.0 0.0
v -1.1 3.0 0.0
v -1.1 2.699 0.0
v -1.098992 2.684911 0.0
v -1.09599 2.671108 0.0
v -1.091054 2.657874 0.0
v -1.084284 2.645477 0.0
v -1.075819 2.634169 0.0
v -1.065831 2.624181 0.0
v -1.054523 2.615716 0.0
v -1.042126 2.608947 0.0
v -1.028892 2.60401 0.0
v -1.015089 2.601008 0.0
v -1.001 2.6 0.0
v -0.984911 2.601008 0.0
v -0.999 2.6 0.0
v -0.9 2.699 0.0
v -0.901008 2.684911 0.0
v -0.90401 2.671108 0.0
v -0.908946 2.657874 0.0
v -0.915716 2.645477 0.0
v -0.924181 2.634169 0.0
v -0.934169 2.624181 0.0
v -0.945477 2.615716 0.0
v -0.957874 2.608947 0.0
v -0.971108 2.60401 0.0
v -0.3 -3.0 0.0
v -0.1 -3.0 0.0
v -0.1 -2.699 0.0
v -0.101008 -2.684911 0.0
v -0.10401 -2.671108 0.0
v -0.108946 -2.657874 0.0
v -0.115716 -2.645477 0.0
v -0.124181 -2.634169 0.0
v -0.134169 -2.624181 0.0
v -0.145477 -2.615716 0.0
v -0.157874 -2.608947 0.0
v -0.171108 -2.60401 0.0
v -0.184911 -2.601008 0.0
v -0.199 -2.6 0.0
v -0.201 -2.6 0.0
v -0.254523 -2.615716 0.0
v -0.242126 -2.608947 0.0
v -0.3 -2.699 0.0
v -0.298992 -2.684911 0.0
v -0.228892 -2.60401 0.0
v -0.215089 -2.601008 0.0
v -0.29599 -2.671108 0.0
v -0.291054 -2.657874 0.0
v -0.284284 -2.645477 0.0
v -0.275819 -2.634169 0.0
v -0.265831 -2.624181 0.0
v 3.0 -0.7 0.0
v 3.0 -0.5 0.0
v 2.699 -0.5 0.0
v 2.6 -0.601 0.0
v 2.601008 -0.615089 0.0
v 2.60401 -0.628892 0.0
v 2.608947 -0.642126 0.0
v 2.615716 -0.654523 0.0
v 2.624181 -0.665831 0.0
v 2.634169 -0.675819 0.0
v 2.645477 -0.684284 0.0
v 2.657874 -0.691054 0.0
v 2.671108 -0.69599 0.0
v 2.684911 -0.698992 0.0
v 2.699 -0.7 0.0
v 2.6 -0.599 0.0
v 2.601008 -0.584911 0.0
v 2.60401 -0.571108 0.0
v 2.608947 -0.557874 0.0
v 2.615716 -0.545477 0.0
v 2.624181 -0.534169 0.0
v 2.634169 -0.524181 0.0
v 2.645477 -0.515716 0.0
v 2.657874 -0.508946 0.0
v 2.684911 -0.501008 0.0
v 2.671108 -0.50401 0.0
v -1.3 3.0 0.0
v -1.5 3.0 0.0
v -1.5 2.699 0.0
v -1.498992 2.684911 0.0
v -1.49599 2.671108 0.0
v -1.491054 2.657874 0.0
v -1.484284 2.645477 0.0
v -1.475819 2.634169 0.0
v -1.465831 2.624181 0.0
v -1.454523 2.615716 0.0
v -1.442126 2.608947 0.0
v -1.428892 2.60401 0.0
v -1.415089 2.601008 0.0
v -1.401 2.6 0.0
v -1.3 2.699 0.0
v -1.384911 2.601008 0.0
v -1.399 2.6 0.0
v -1.334169 2.624181 0.0
v -1.345477 2.615716 0.0
v -1.357874 2.608947 0.0
v -1.371108 2.60401 0.0
v -1.301008 2.684911 0.0
v -1.30401 2.671108 0.0
v -1.308946 2.657874 0.0
v -1.315716 2.645477 0.0
v -1.324181 2.634169 0.0
v -2.101008 -2.684911 0.2
v -2.10401 -2.671108 0.2
v -2.108946 -2.657874 0.2
v -2.115716 -2.645477 0.2
v -2.124181 -2.634169 0.2
v -2.134169 -2.624181 0.2
v -2.145477 -2.615716 0.2
v -2.157874 -2.608947 0.2
v -2.171108 -2.60401 0.2
v -2.184911 -2.601008 0.2
v -2.291054 -2.657874 0.2
v -2.29599 -2.671108 0.2
v -2.298992 -2.684911 0.2
v -2.254523 -2.615716 0.2
v -2.215089 -2.601008 0.2
v -2.242126 -2.608947 0.2
v -2.228891 -2.60401 0.2
v -2.265831 -2.624181 0.2
v -2.275819 -2.634169 0.2
v -2.284284 -2.645477 0.2
v 2.298992 -2.684911 0.02
v 2.298992 -2.684911 0.2
v 2.29599 -2.671108 0.02
v 2.29599 -2.671108 0.2
v 2.291054 -2.657874 0.02
v 2.291054 -2.657874 0.2
v 2.284284 -2.645477 0.02
v 2.284284 -2.645477 0.2
v 2.275819 -2.634169 0.02
v 2.275819 -2.634169 0.2
v 2.265831 -2.624181 0.02
v 2.265831 -2.624181 0.2
v 2.254523 -2.615716 0.02
v 2.254523 -2.615716 0.2
v 2.242126 -2.608947 0.02
v 2.242126 -2.608947 0.2
v 2.228891 -2.60401 0.02
v 2.228891 -2.60401 0.2
v 2.215089 -2.601008 0.02
v 2.215089 -2.601008 0.2
v 2.184911 -2.601008 0.02
v 2.184911 -2.601008 0.2
v 2.171108 -2.60401 0.02
v 2.171108 -2.60401 0.2
v 2.157874 -2.608947 0.02
v 2.157874 -2.608947 0.2
v 2.145477 -2.615716 0.02
v 2.145477 -2.615716 0.2
v 2.134169 -2.624181 0.02
v 2.134169 -2.624181 0.2
v 2.124181 -2.634169 0.02
v 2.124181 -2.634169 0.2
v 2.115716 -2.645477 0.02
v 2.115716 -2.645477 0.2
v 2.108946 -2.657874 0.02
v 2.108946 -2.657874 0.2
v 2.10401 -2.671108 0.02
v 2.10401 -2.671108 0.2
v 2.101008 -2.684911 0.02
v 2.101008 -2.684911 0.2
v 1.384911 -2.601008 0.2
v 1.371108 -2.60401 0.2
v 1.357874 -2.608947 0.2
v 1.345477 -2.615716 0.2
v 1.334169 -2.624181 0.2
v 1.324181 -2.634169 0.2
v 1.315716 -2.645477 0.2
v 1.308946 -2.657874 0.2
v 1.30401 -2.671108 0.2
v 1.301008 -2.684911 0.2
v 1.442126 -2.608947 0.2
v 1.428892 -2.60401 0.2
v 1.415089 -2.601008 0.2
v 1.498992 -2.684911 0.2
v 1.49599 -2.671108 0.2
v 1.491054 -2.657874 0.2
v 1.484284 -2.645477 0.2
v 1.475819 -2.634169 0.2
v 1.465831 -2.624181 0.2
v 1.454523 -2.615716 0.2
v -1.7 3.0 0.0
v -1.9 3.0 0.0
v -1.9 2.699 0.0
v -1.898992 2.684911 0.0
v -1.89599 2.671108 0.0
v -1.891054 2.657874 0.0
v -1.884284 2.645477 0.0
v -1.875819 2.634169 0.0
v -1.865831 2.624181 0.0
v -1.854523 2.615716 0.0
v -1.842126 2.608947 0.0
v -1.828892 2.60401 0.0
v -1.815089 2.601008 0.0
v -1.801 2.6 0.0
v -1.7 2.699 0.0
v -1.784911 2.601008 0.0
v -1.799 2.6 0.0
v -1.734169 2.624181 0.0
v -1.745476 2.615716 0.0
v -1.757874 2.608947 0.0
v -1.771109 2.60401 0.0
v -1.701008 2.684911 0.0
v -1.70401 2.671108 0.0
v -1.708946 2.657874 0.0
v -1.715716 2.645477 0.0
v -1.724181 2.634169 0.0
v 3.0 -1.5 0.0
v 3.0 -1.3 0.0
v 2.699 -1.3 0.0
v 2.684911 -1.301008 0.0
v 2.671108 -1.30401 0.0
v 2.657874 -1.308946 0.0
v 2.645477 -1.315716 0.0
v 2.634169 -1.324181 0.0
v 2.624181 -1.334169 0.0
v 2.615716 -1.345477 0.0
v 2.608947 -1.357874 0.0
v 2.60401 -1.371108 0.0
v 2.601008 -1.384911 0.0
v 2.6 -1.399 0.0
v 2.699 -1.5 0.0
v 2.60401 -1.428892 0.0
v 2.601008 -1.415089 0.0
v 2.6 -1.401 0.0
v 2.684911 -1.498992 0.0
v 2.671108 -1.49599 0.0
v 2.657874 -1.491054 0.0
v 2.645477 -1.484284 0.0
v 2.634169 -1.475819 0.0
v 2.624181 -1.465831 0.0
v 2.615716 -1.454523 0.0
v 2.608947 -1.442126 0.0
v -2.101008 2.684911 0.02
v -2.298992 2.684911 0.02
v -2.29599 2.671108 0.02
v -2.242126 2.608947 0.02
v -2.228891 2.60401 0.02
v -2.275819 2.634169 0.02
v -2.265831 2.624181 0.02
v -2.254523 2.615716 0.02
v -2.215089 2.601008 0.02
v -2.291054 2.657874 0.02
v -2.284284 2.645477 0.02
v -2.10401 2.671108 0.02
v -2.184911 2.601008 0.02
v -2.171108 2.60401 0.02
v -2.157874 2.608947 0.02
v -2.145477 2.615716 0.02
v -2.134169 2.624181 0.02
v -2.124181 2.634169 0.02
v -2.115716 2.645477 0.02
v -2.108946 2.657874 0.02
v -2.1 3.0 0.0
v -2.3 3.0 0.0
v -2.3 2.699 0.0
v -2.298992 2.684911 0.0
v -2.29599 2.671108 0.0
v -2.291054 2.657874 0.0
v -2.284284 2.645477 0.0
v -2.275819 2.634169 0.0
v -2.265831 2.624181 0.0
v -2.254523 2.615716 0.0
v -2.242126 2.608947 0.0
v -2.228891 2.60401 0.0
v -2.215089 2.601008 0.0
v -2.201 2.6 0.0
v -2.199 2.6 0.0
v -2.1 2.699 0.0
v -2.101008 2.684911 0.0
v -2.10401 2.671108 0.0
v -2.157874 2.608947 0.0
v -2.171108 2.60401 0.0
v -2.184911 2.601008 0.0
v -2.124181 2.634169 0.0
v -2.134169 2.624181 0.0
v -2.145477 2.615716 0.0
v -2.108946 2.657874 0.0
v -2.115716 2.645477 0.0
v 2.684911 0.298992 0.2
v 2.671108 0.29599 0.2
v 2.657874 0.291054 0.2
v 2.645477 0.284284 0.2
v 2.634169 0.275819 0.2
v 2.624181 0.265831 0.2
v 2.615716 0.254523 0.2
v 2.608947 0.242126 0.2
v 2.60401 0.228892 0.2
v 2.601008 0.215089 0.2
v 2.601008 0.184911 0.2
v 2.60401 0.171108 0.2
v 2.608947 0.157874 0.2
v 2.615716 0.145477 0.2
v 2.624181 0.134169 0.2
v 2.634169 0.124181 0.2
v 2.645477 0.115716 0.2
v 2.657874 0.108946 0.2
v 2.671108 0.10401 0.2
v 2.684911 0.101008 0.2
v 3.0 0.5 0.0
v 3.0 0.7 0.0
v 2.699 0.7 0.0
v 2.6 0.599 0.0
v 2.601008 0.584911 0.0
v 2.60401 0.571108 0.0
v 2.608947 0.557874 0.0
v 2.615716 0.545477 0.0
v 2.624181 0.534169 0.0
v 2.634169 0.524181 0.0
v 2.645477 0.515716 0.0
v 2.657874 0.508946 0.0
v 2.671108 0.50401 0.0
v 2.684911 0.501008 0.0
v 2.699 0.5 0.0
v 2.6 0.601 0.0
v 2.601008 0.615089 0.0
v 2.60401 0.628892 0.0
v 2.608947 0.642126 0.0
v 2.615716 0.654523 0.0
v 2.624181 0.665831 0.0
v 2.634169 0.675819 0.0
v 2.645477 0.684284 0.0
v 2.657874 0.691054 0.0
v 2.684911 0.698992 0.0
v 2.671108 0.69599 0.0
v -2.684911 1.301008 0.2
v -2.671108 1.30401 0.2
v -2.657874 1.308946 0.2
v -2.645477 1.315716 0.2
v -2.634169 1.324181 0.2
v -2.624181 1.334169 0.2
v -2.615716 1.345477 0.2
v -2.608947 1.357874 0.2
v -2.60401 1.371108 0.2
v -2.601008 1.384911 0.2
v -2.601008 1.415089 0.2
v -2.624181 1.465831 0.2
v -2.634169 1.475819 0.2
v -2.684911 1.498992 0.2
v -2.60401 1.428892 0.2
v -2.608947 1.442126 0.2
v -2.615716 1.454523 0.2
v -2.645477 1.484284 0.2
v -2.657874 1.491054 0.2
v -2.671108 1.49599 0.2
v -3.0 1.9 0.0
v -3.0 1.7 0.0
v -2.699 1.7 0.0
v -2.684911 1.701008 0.0
v -2.671108 1.70401 0.0
v -2.657874 1.708946 0.0
v -2.645477 1.715716 0.0
v -2.634169 1.724181 0.0
v -2.624181 1.734169 0.0
v -2.615716 1.745476 0.0
v -2.608947 1.757874 0.0
v -2.60401 1.771109 0.0
v -2.601008 1.784911 0.0
v -2.6 1.799 0.0
v -2.699 1.9 0.0
v -2.601008 1.815089 0.0
v -2.6 1.801 0.0
v -2.60401 1.828892 0.0
v -2.684911 1.898992 0.0
v -2.671108 1.89599 0.0
v -2.657874 1.891054 0.0
v -2.645477 1.884284 0.0
v -2.634169 1.875819 0.0
v -2.624181 1.865831 0.0
v -2.615716 1.854523 0.0
v -2.608947 1.842126 0.0
v -0.901008 -2.684911 0.2
v -0.90401 -2.671108 0.2
v -0.908946 -2.657874 0.2
v -0.915716 -2.645477 0.2
v -0.924181 -2.634169 0.2
v -0.934169 -2.624181 0.2
v -0.945477 -2.615716 0.2
v -0.957874 -2.608947 0.2
v -0.971108 -2.60401 0.2
v -0.984911 -2.601008 0.2
v -1.098992 -2.684911 0.2
v -1.054523 -2.615716 0.2
v -1.015089 -2.601008 0.2
v -1.075819 -2.634169 0.2
v -1.084284 -2.645477 0.2
v -1.091054 -2.657874 0.2
v -1.028892 -2.60401 0.2
v -1.042126 -2.608947 0.2
v -1.065831 -2.624181 0.2
v -1.09599 -2.671108 0.2
v -2.184911 2.601008 0.2
v -2.171108 2.60401 0.2
v -2.157874 2.608947 0.2
v -2.145477 2.615716 0.2
v -2.134169 2.624181 0.2
v -2.124181 2.634169 0.2
v -2.115716 2.645477 0.2
v -2.108946 2.657874 0.2
v -2.10401 2.671108 0.2
v -2.101008 2.684911 0.2
v -2.298992 2.684911 0.2
v -2.29599 2.671108 0.2
v -2.242126 2.608947 0.2
v -2.228891 2.60401 0.2
v -2.275819 2.634169 0.2
v -2.265831 2.624181 0.2
v -2.254523 2.615716 0.2
v -2.215089 2.601008 0.2
v -2.291054 2.657874 0.2
v -2.284284 2.645477 0.2
v 0.615089 2.601008 0.2
v 0.628892 2.60401 0.2
v 0.642126 2.608947 0.2
v 0.654523 2.615716 0.2
v 0.665831 2.624181 0.2
v 0.675819 2.634169 0.2
v 0.684284 2.645477 0.2
v 0.691054 2.657874 0.2
v 0.69599 2.671108 0.2
v 0.698992 2.684911 0.2
v 0.545477 2.615716 0.2
v 0.557874 2.608947 0.2
v 0.50401 2.671108 0.2
v 0.571108 2.60401 0.2
v 0.501008 2.684911 0.2
v 0.584911 2.601008 0.2
v 0.508946 2.657874 0.2
v 0.515716 2.645477 0.2
v 0.534169 2.624181 0.2
v 0.524181 2.634169 0.2
v 0.3 3.0 0.0
v 0.1 3.0 0.0
v 0.1 2.699 0.0
v 0.101008 2.684911 0.0
v 0.10401 2.671108 0.0
v 0.108946 2.657874 0.0
v 0.115716 2.645477 0.0
v 0.124181 2.634169 0.0
v 0.134169 2.624181 0.0
v 0.145477 2.615716 0.0
v 0.157874 2.608947 0.0
v 0.171108 2.60401 0.0
v 0.184911 2.601008 0.0
v 0.199 2.6 0.0
v 0.215089 2.601008 0.0
v 0.201 2.6 0.0
v 0.254523 2.615716 0.0
v 0.242126 2.608947 0.0
v 0.228892 2.60401 0.0
v 0.3 2.699 0.0
v 0.298992 2.684911 0.0
v 0.29599 2.671108 0.0
v 0.291054 2.657874 0.0
v 0.284284 2.645477 0.0
v 0.275819 2.634169 0.0
v 0.265831 2.624181 0.0
v -3.0 1.1 0.0
v -3.0 0.9 0.0
v -2.699 0.9 0.0
v -2.684911 0.901008 0.0
v -2.671108 0.90401 0.0
v -2.657874 0.908946 0.0
v -2.645477 0.915716 0.0
v -2.634169 0.924181 0.0
v -2.624181 0.934169 0.0
v -2.615716 0.945477 0.0
v -2.608947 0.957874 0.0
v -2.60401 0.971108 0.0
v -2.601008 0.984911 0.0
v -2.6 0.999 0.0
v -2.699 1.1 0.0
v -2.60401 1.028892 0.0
v -2.601008 1.015089 0.0
v -2.6 1.001 0.0
v -2.684911 1.098992 0.0
v -2.671108 1.09599 0.0
v -2.657874 1.091054 0.0
v -2.645477 1.084284 0.0
v -2.634169 1.075819 0.0
v -2.624181 1.065831 0.0
v -2.615716 1.054523 0.0
v -2.608947 1.042126 0.0
v -2.684911 -1.898992 0.02
v -2.684911 -1.898992 0.2
v -2.671108 -1.89599 0.02
v -2.671108 -1.89599 0.2
v -2.657874 -1.891054 0.02
v -2.657874 -1.891054 0.2
v -2.645477 -1.884284 0.02
v -2.645477 -1.884284 0.2
v -2.634169 -1.875819 0.02
v -2.634169 -1.875819 0.2
v -2.624181 -1.865831 0.02
v -2.624181 -1.865831 0.2
v -2.615716 -1.854523 0.02
v -2.615716 -1.854523 0.2
v -2.608947 -1.842126 0.02
v -2.608947 -1.842126 0.2
v -2.60401 -1.828892 0.02
v -2.60401 -1.828892 0.2
v -2.601008 -1.815089 0.02
v -2.601008 -1.815089 0.2
v -2.601008 -1.784911 0.2
v -2.60401 -1.771109 0.2
v -2.608947 -1.757874 0.2
v -2.615716 -1.745476 0.2
v -2.624181 -1.734169 0.2
v -2.634169 -1.724181 0.2
v -2.684911 -1.701008 0.2
v -2.671108 -1.70401 0.2
v -2.645477 -1.715716 0.2
v -2.657874 -1.708946 0.2
v -2.601008 -1.784911 0.02
v -2.60401 -1.771109 0.02
v -2.608947 -1.757874 0.02
v -2.615716 -1.745476 0.02
v -2.624181 -1.734169 0.02
v -2.634169 -1.724181 0.02
v -2.645477 -1.715716 0.02
v -2.657874 -1.708946 0.02
v -2.671108 -1.70401 0.02
v -2.684911 -1.701008 0.02
v 1.7 -3.0 0.0
v 1.9 -3.0 0.0
v 1.9 -2.699 0.0
v 1.799 -2.6 0.0
v 1.784911 -2.601008 0.0
v 1.771109 -2.60401 0.0
v 1.757874 -2.608947 0.0
v 1.745476 -2.615716 0.0
v 1.734169 -2.624181 0.0
v 1.724181 -2.634169 0.0
v 1.715716 -2.645477 0.0
v 1.708946 -2.657874 0.0
v 1.70401 -2.671108 0.0
v 1.701008 -2.684911 0.0
v 1.7 -2.699 0.0
v 1.898992 -2.684911 0.0
v 1.854523 -2.615716 0.0
v 1.801 -2.6 0.0
v 1.815089 -2.601008 0.0
v 1.875819 -2.634169 0.0
v 1.884284 -2.645477 0.0
v 1.891054 -2.657874 0.0
v 1.828892 -2.60401 0.0
v 1.842126 -2.608947 0.0
v 1.865831 -2.624181 0.0
v 1.89599 -2.671108 0.0
v 2.1 -3.0 0.0
v 2.3 -3.0 0.0
v 2.3 -2.699 0.0
v 2.199 -2.6 0.0
v 2.184911 -2.601008 0.0
v 2.171108 -2.60401 0.0
v 2.157874 -2.608947 0.0
v 2.145477 -2.615716 0.0
v 2.134169 -2.624181 0.0
v 2.124181 -2.634169 0.0
v 2.115716 -2.645477 0.0
v 2.108946 -2.657874 0.0
v 2.10401 -2.671108 0.0
v 2.101008 -2.684911 0.0
v 2.1 -2.699 0.0
v 2.201 -2.6 0.0
v 2.215089 -2.601008 0.0
v 2.298992 -2.684911 0.0
v 2.228891 -2.60401 0.0
v 2.242126 -2.608947 0.0
v 2.254523 -2.615716 0.0
v 2.291054 -2.657874 0.0
v 2.29599 -2.671108 0.0
v 2.265831 -2.624181 0.0
v 2.275819 -2.634169 0.0
v 2.284284 -2.645477 0.0
v -2.6 -1.801 0.0
v -2.6 -1.799 0.0
v -2.601008 -1.784911 0.0
v -2.60401 -1.771109 0.0
v -2.608947 -1.757874 0.0
v -2.615716 -1.745476 0.0
v -2.624181 -1.734169 0.0
v -2.634169 -1.724181 0.0
v -2.645477 -1.715716 0.0
v -2.657874 -1.708946 0.0
v -2.671108 -1.70401 0.0
v -2.684911 -1.701008 0.0
v -2.699 -1.7 0.0
v -2.699 -1.9 0.0
v -2.684911 -1.898992 0.0
v -2.671108 -1.89599 0.0
v -2.657874 -1.891054 0.0
v -2.645477 -1.884284 0.0
v -2.634169 -1.875819 0.0
v -2.624181 -1.865831 0.0
v -2.615716 -1.854523 0.0
v -2.608947 -1.842126 0.0
v -2.60401 -1.828892 0.0
v -2.601008 -1.815089 0.0
v -3.0 -1.9 0.0
v -3.0 -1.7 0.0
usemtl 1
f 1// 2// 3//
f 3// 2// 4//
f 5// 1// 6//
f 6// 1// 3//
f 7// 5// 8//
f 8// 5// 6//
f 9// 7// 10//
f 10// 7// 8//
f 2// 9// 4//
f 4// 9// 10//
f 9// 2// 7//
f 7// 2// 1//
f 7// 1// 5//
f 8// 6// 10//
f 10// 6// 3//
f 10// 3// 4//
f 11// 12// 13//
f 13// 12// 14//
f 15// 16// 17//
f 17// 16// 18//
f 19// 20// 21//
f 19// 21// 22//
f 22// 21// 23//
f 22// 23// 24//
f 24// 23// 25//
f 24// 25// 26//
f 26// 25// 27//
f 26// 27// 28//
f 28// 27// 29//
f 28// 29// 30//
f 30// 29// 31//
f 30// 31// 32//
f 32// 31// 33//
f 32// 33// 34//
f 34// 33// 35//
f 34// 35// 36//
f 36// 35// 37//
f 36// 37// 38//
f 38// 37// 39//
f 38// 39// 40//
f 40// 39// 17//
f 40// 17// 18//
f 16// 15// 41//
f 16// 41// 42//
f 42// 41// 43//
f 42// 43// 44//
f 44// 43// 45//
f 44// 45// 46//
f 46// 45// 47//
f 46// 47// 48//
f 48// 47// 49//
f 48// 49// 50//
f 50// 49// 51//
f 50// 51// 52//
f 52// 51// 53//
f 52// 53// 54//
f 54// 53// 55//
f 54// 55// 56//
f 56// 55// 57//
f 56// 57// 58//
f 58// 57// 59//
f 58// 59// 60//
f 60// 59// 14//
f 60// 14// 12//
f 16// 19// 18//
f 18// 19// 22//
f 18// 22// 24//
f 34// 18// 32//
f 32// 18// 30//
f 52// 54// 19//
f 19// 54// 56//
f 19// 56// 58//
f 11// 61// 12//
f 12// 61// 19//
f 12// 19// 60//
f 60// 19// 58//
f 24// 26// 18//
f 18// 26// 28//
f 18// 28// 30//
f 34// 36// 18//
f 18// 36// 38//
f 18// 38// 40//
f 16// 42// 19//
f 19// 42// 44//
f 19// 44// 46//
f 46// 48// 19//
f 19// 48// 50//
f 19// 50// 52//
f 20// 19// 62//
f 62// 19// 61//
f 20// 62// 13//
f 20// 15// 17//
f 35// 33// 20//
f 13// 14// 20//
f 20// 14// 59//
f 20// 59// 57//
f 57// 55// 20//
f 20// 55// 53//
f 20// 53// 51//
f 17// 39// 20//
f 20// 39// 37//
f 20// 37// 35//
f 25// 23// 27//
f 27// 23// 29//
f 33// 31// 20//
f 20// 31// 29//
f 20// 29// 21//
f 21// 29// 23//
f 51// 49// 20//
f 20// 49// 47//
f 20// 47// 45//
f 45// 43// 20//
f 20// 43// 41//
f 20// 41// 15//
f 11// 13// 61//
f 61// 13// 62//
f 63// 64// 65//
f 66// 67// 63//
f 63// 67// 68//
f 65// 69// 63//
f 63// 69// 70//
f 63// 70// 71//
f 72// 73// 63//
f 63// 73// 74//
f 63// 74// 66//
f 75// 76// 63//
f 63// 76// 77//
f 63// 77// 72//
f 68// 78// 63//
f 63// 78// 79//
f 63// 79// 80//
f 71// 81// 63//
f 63// 81// 82//
f 63// 82// 75//
f 83// 84// 80//
f 80// 84// 85//
f 80// 85// 63//
f 83// 86// 84//
f 84// 86// 87//
f 84// 87// 88//
f 89// 90// 64//
f 64// 90// 65//
f 90// 91// 65//
f 65// 91// 69//
f 69// 91// 92//
f 69// 92// 70//
f 70// 92// 93//
f 70// 93// 71//
f 71// 93// 94//
f 71// 94// 81//
f 81// 94// 95//
f 81// 95// 82//
f 82// 95// 96//
f 82// 96// 75//
f 75// 96// 97//
f 75// 97// 76//
f 76// 97// 98//
f 76// 98// 77//
f 77// 98// 99//
f 77// 99// 72//
f 72// 99// 100//
f 72// 100// 73//
f 73// 100// 101//
f 73// 101// 74//
f 74// 101// 102//
f 74// 102// 66//
f 91// 90// 89//
f 103// 102// 91//
f 91// 102// 101//
f 89// 104// 91//
f 91// 104// 105//
f 91// 105// 106//
f 107// 108// 91//
f 91// 108// 109//
f 91// 109// 103//
f 110// 111// 91//
f 91// 111// 112//
f 91// 112// 107//
f 101// 100// 91//
f 91// 100// 99//
f 91// 99// 98//
f 106// 113// 91//
f 91// 113// 114//
f 91// 114// 110//
f 97// 93// 98//
f 98// 93// 92//
f 98// 92// 91//
f 97// 96// 93//
f 93// 96// 95//
f 93// 95// 94//
f 102// 103// 66//
f 66// 103// 67//
f 63// 104// 64//
f 64// 104// 89//
f 67// 103// 109//
f 67// 109// 68//
f 68// 109// 108//
f 68// 108// 78//
f 78// 108// 107//
f 78// 107// 79//
f 79// 107// 112//
f 79// 112// 80//
f 80// 112// 111//
f 80// 111// 83//
f 83// 111// 110//
f 83// 110// 86//
f 86// 110// 114//
f 86// 114// 87//
f 87// 114// 113//
f 87// 113// 88//
f 88// 113// 106//
f 88// 106// 84//
f 84// 106// 105//
f 84// 105// 85//
f 85// 105// 104//
f 85// 104// 63//
f 115// 116// 117//
f 117// 116// 118//
f 119// 120// 117//
f 117// 120// 121//
f 117// 121// 122//
f 123// 124// 125//
f 125// 124// 126//
f 125// 126// 127//
f 122// 128// 117//
f 117// 128// 129//
f 117// 129// 130//
f 130// 131// 117//
f 117// 131// 132//
f 117// 132// 133//
f 133// 134// 117//
f 117// 134// 135//
f 117// 135// 115//
f 118// 136// 117//
f 117// 136// 137//
f 117// 137// 138//
f 138// 139// 117//
f 117// 139// 125//
f 117// 125// 140//
f 140// 125// 127//
f 141// 116// 115//
f 141// 115// 142//
f 142// 115// 135//
f 142// 135// 143//
f 143// 135// 134//
f 143// 134// 144//
f 144// 134// 133//
f 144// 133// 145//
f 145// 133// 132//
f 145// 132// 146//
f 146// 132// 131//
f 146// 131// 147//
f 147// 131// 130//
f 147// 130// 148//
f 148// 130// 129//
f 148// 129// 149//
f 149// 129// 128//
f 149// 128// 150//
f 150// 128// 122//
f 150// 122// 151//
f 151// 122// 121//
f 151// 121// 152//
f 153// 152// 120//
f 120// 152// 121//
f 154// 155// 156//
f 156// 155// 157//
f 156// 157// 158//
f 159// 160// 161//
f 161// 160// 162//
f 153// 163// 152//
f 152// 163// 161//
f 152// 161// 151//
f 151// 161// 150//
f 159// 161// 156//
f 156// 161// 164//
f 156// 164// 154//
f 162// 165// 161//
f 161// 165// 166//
f 161// 166// 141//
f 141// 142// 161//
f 161// 142// 143//
f 161// 143// 144//
f 144// 145// 161//
f 161// 145// 146//
f 161// 146// 147//
f 147// 148// 161//
f 161// 148// 149//
f 161// 149// 150//
f 116// 141// 118//
f 118// 141// 166//
f 161// 117// 140//
f 161// 140// 164//
f 164// 140// 127//
f 164// 127// 154//
f 154// 127// 126//
f 154// 126// 155//
f 155// 126// 124//
f 155// 124// 157//
f 157// 124// 123//
f 157// 123// 158//
f 158// 123// 125//
f 158// 125// 156//
f 156// 125// 139//
f 156// 139// 159//
f 159// 139// 138//
f 159// 138// 160//
f 160// 138// 137//
f 160// 137// 162//
f 162// 137// 136//
f 162// 136// 165//
f 165// 136// 118//
f 165// 118// 166//
f 117// 161// 119//
f 119// 161// 163//
f 153// 120// 163//
f 163// 120// 119//
f 167// 168// 169//
f 169// 168// 170//
f 170// 171// 169//
f 169// 171// 172//
f 169// 172// 173//
f 173// 174// 169//
f 169// 174// 175//
f 169// 175// 176//
f 177// 178// 179//
f 179// 178// 180//
f 179// 180// 181//
f 181// 180// 169//
f 169// 180// 182//
f 169// 182// 167//
f 176// 183// 169//
f 169// 183// 184//
f 169// 184// 185//
f 185// 186// 169//
f 169// 186// 187//
f 169// 187// 188//
f 189// 190// 191//
f 191// 190// 169//
f 191// 169// 192//
f 192// 169// 188//
f 193// 194// 189//
f 189// 194// 190//
f 194// 195// 190//
f 190// 195// 169//
f 169// 195// 196//
f 169// 196// 181//
f 181// 196// 197//
f 181// 197// 179//
f 179// 197// 198//
f 179// 198// 177//
f 177// 198// 199//
f 177// 199// 178//
f 178// 199// 200//
f 178// 200// 180//
f 180// 200// 201//
f 180// 201// 182//
f 182// 201// 202//
f 182// 202// 167//
f 167// 202// 203//
f 167// 203// 168//
f 168// 203// 204//
f 168// 204// 170//
f 170// 204// 205//
f 170// 205// 171//
f 171// 205// 206//
f 171// 206// 172//
f 195// 194// 193//
f 207// 208// 195//
f 207// 195// 209//
f 208// 210// 195//
f 195// 210// 206//
f 195// 206// 205//
f 205// 204// 195//
f 195// 204// 203//
f 195// 203// 202//
f 193// 211// 195//
f 195// 211// 212//
f 195// 212// 213//
f 213// 214// 195//
f 195// 214// 215//
f 195// 215// 216//
f 216// 217// 195//
f 195// 217// 218//
f 195// 218// 209//
f 198// 197// 199//
f 199// 197// 200//
f 202// 201// 195//
f 195// 201// 200//
f 195// 200// 196//
f 196// 200// 197//
f 206// 210// 172//
f 172// 210// 173//
f 191// 211// 189//
f 189// 211// 193//
f 173// 210// 208//
f 173// 208// 174//
f 174// 208// 207//
f 174// 207// 175//
f 175// 207// 209//
f 175// 209// 176//
f 176// 209// 218//
f 176// 218// 183//
f 183// 218// 217//
f 183// 217// 184//
f 184// 217// 216//
f 184// 216// 185//
f 185// 216// 215//
f 185// 215// 186//
f 186// 215// 214//
f 186// 214// 187//
f 187// 214// 213//
f 187// 213// 188//
f 188// 213// 212//
f 188// 212// 192//
f 192// 212// 211//
f 192// 211// 191//
f 219// 220// 221//
f 221// 220// 222//
f 223// 224// 221//
f 221// 224// 225//
f 221// 225// 226//
f 227// 228// 222//
f 226// 229// 221//
f 221// 229// 230//
f 221// 230// 231//
f 227// 222// 232//
f 228// 233// 222//
f 222// 233// 234//
f 222// 234// 221//
f 231// 235// 221//
f 221// 235// 236//
f 221// 236// 237//
f 232// 222// 238//
f 238// 222// 239//
f 238// 239// 240//
f 240// 239// 241//
f 240// 241// 242//
f 237// 243// 221//
f 221// 243// 244//
f 221// 244// 219//
f 245// 246// 220//
f 220// 246// 222//
f 222// 246// 247//
f 222// 247// 239//
f 239// 247// 248//
f 239// 248// 241//
f 241// 248// 249//
f 241// 249// 242//
f 242// 249// 250//
f 242// 250// 240//
f 240// 250// 251//
f 240// 251// 238//
f 238// 251// 252//
f 238// 252// 232//
f 232// 252// 253//
f 232// 253// 227//
f 227// 253// 254//
f 227// 254// 228//
f 228// 254// 255//
f 228// 255// 233//
f 233// 255// 256//
f 233// 256// 234//
f 234// 256// 257//
f 234// 257// 221//
f 225// 258// 259//
f 225// 259// 226//
f 226// 259// 260//
f 226// 260// 229//
f 229// 260// 261//
f 229// 261// 230//
f 230// 261// 262//
f 230// 262// 231//
f 231// 262// 263//
f 231// 263// 235//
f 235// 263// 264//
f 235// 264// 236//
f 236// 264// 265//
f 236// 265// 237//
f 237// 265// 266//
f 237// 266// 243//
f 243// 266// 267//
f 243// 267// 244//
f 244// 267// 268//
f 244// 268// 219//
f 219// 268// 245//
f 219// 245// 220//
f 247// 246// 258//
f 269// 270// 258//
f 258// 270// 257//
f 258// 257// 256//
f 256// 255// 258//
f 258// 255// 254//
f 258// 254// 253//
f 246// 245// 258//
f 258// 245// 268//
f 258// 268// 267//
f 253// 252// 258//
f 258// 252// 251//
f 258// 251// 250//
f 261// 260// 267//
f 267// 260// 259//
f 267// 259// 258//
f 250// 249// 258//
f 258// 249// 248//
f 258// 248// 247//
f 264// 267// 265//
f 265// 267// 266//
f 264// 263// 267//
f 267// 263// 262//
f 267// 262// 261//
f 270// 269// 223//
f 223// 269// 224//
f 269// 258// 224//
f 224// 258// 225//
f 221// 257// 223//
f 223// 257// 270//
f 271// 272// 273//
f 271// 273// 274//
f 272// 275// 273//
f 273// 275// 276//
f 273// 276// 277//
f 277// 278// 273//
f 273// 278// 279//
f 273// 279// 280//
f 280// 281// 273//
f 273// 281// 282//
f 273// 282// 283//
f 284// 285// 286//
f 286// 285// 273//
f 286// 273// 287//
f 287// 273// 283//
f 274// 273// 288//
f 288// 273// 289//
f 288// 289// 290//
f 291// 292// 293//
f 293// 292// 294//
f 290// 295// 288//
f 288// 295// 292//
f 288// 292// 296//
f 296// 292// 291//
f 297// 298// 271//
f 271// 298// 272//
f 272// 298// 299//
f 272// 299// 275//
f 275// 299// 300//
f 275// 300// 276//
f 276// 300// 301//
f 276// 301// 277//
f 277// 301// 302//
f 277// 302// 278//
f 278// 302// 303//
f 278// 303// 279//
f 279// 303// 304//
f 279// 304// 280//
f 280// 304// 305//
f 280// 305// 281//
f 281// 305// 306//
f 281// 306// 282//
f 282// 306// 307//
f 282// 307// 283//
f 283// 307// 308//
f 283// 308// 287//
f 287// 308// 309//
f 287// 309// 286//
f 273// 310// 311//
f 273// 311// 289//
f 289// 311// 312//
f 289// 312// 290//
f 290// 312// 313//
f 290// 313// 295//
f 295// 313// 314//
f 295// 314// 292//
f 292// 314// 315//
f 292// 315// 294//
f 294// 315// 316//
f 294// 316// 293//
f 293// 316// 317//
f 293// 317// 291//
f 291// 317// 318//
f 291// 318// 296//
f 296// 318// 319//
f 296// 319// 288//
f 288// 319// 320//
f 288// 320// 274//
f 274// 320// 297//
f 274// 297// 271//
f 321// 322// 310//
f 310// 322// 309//
f 300// 299// 310//
f 310// 299// 298//
f 310// 298// 297//
f 309// 308// 310//
f 310// 308// 307//
f 310// 307// 306//
f 306// 305// 310//
f 310// 305// 304//
f 310// 304// 303//
f 303// 302// 310//
f 310// 302// 301//
f 310// 301// 300//
f 297// 320// 310//
f 310// 320// 319//
f 310// 319// 311//
f 311// 319// 312//
f 318// 317// 314//
f 314// 317// 316//
f 314// 316// 315//
f 318// 314// 319//
f 319// 314// 313//
f 319// 313// 312//
f 322// 321// 284//
f 284// 321// 285//
f 321// 310// 285//
f 285// 310// 273//
f 286// 309// 284//
f 284// 309// 322//
f 323// 324// 325//
f 325// 324// 326//
f 327// 328// 325//
f 329// 330// 331//
f 326// 332// 325//
f 325// 332// 333//
f 325// 333// 334//
f 334// 335// 325//
f 325// 335// 336//
f 325// 336// 337//
f 331// 338// 339//
f 328// 340// 325//
f 325// 340// 331//
f 325// 331// 341//
f 341// 331// 330//
f 342// 343// 331//
f 331// 343// 344//
f 331// 344// 338//
f 339// 345// 331//
f 331// 345// 346//
f 331// 346// 329//
f 337// 347// 325//
f 325// 347// 348//
f 325// 348// 327//
f 349// 340// 328//
f 349// 328// 350//
f 350// 328// 327//
f 350// 327// 351//
f 351// 327// 348//
f 351// 348// 352//
f 352// 348// 347//
f 352// 347// 353//
f 353// 347// 337//
f 353// 337// 354//
f 354// 337// 336//
f 354// 336// 355//
f 355// 336// 335//
f 355// 335// 356//
f 356// 335// 334//
f 356// 334// 357//
f 357// 334// 333//
f 357// 333// 358//
f 358// 333// 332//
f 358// 332// 359//
f 359// 332// 326//
f 359// 326// 360//
f 361// 360// 324//
f 324// 360// 326//
f 361// 362// 360//
f 360// 362// 363//
f 360// 363// 364//
f 364// 365// 360//
f 360// 365// 366//
f 360// 366// 367//
f 360// 368// 369//
f 367// 370// 360//
f 360// 370// 371//
f 360// 371// 368//
f 352// 353// 354//
f 369// 372// 360//
f 360// 372// 373//
f 360// 373// 374//
f 355// 356// 350//
f 350// 356// 357//
f 350// 357// 358//
f 374// 349// 360//
f 360// 349// 350//
f 360// 350// 359//
f 359// 350// 358//
f 355// 350// 354//
f 354// 350// 351//
f 354// 351// 352//
f 340// 349// 331//
f 331// 349// 374//
f 363// 325// 341//
f 363// 341// 364//
f 364// 341// 330//
f 364// 330// 365//
f 365// 330// 329//
f 365// 329// 366//
f 366// 329// 346//
f 366// 346// 367//
f 367// 346// 345//
f 367// 345// 370//
f 370// 345// 339//
f 370// 339// 371//
f 371// 339// 338//
f 371// 338// 368//
f 368// 338// 344//
f 368// 344// 369//
f 369// 344// 343//
f 369// 343// 372//
f 372// 343// 342//
f 372// 342// 373//
f 373// 342// 331//
f 373// 331// 374//
f 325// 363// 323//
f 323// 363// 362//
f 361// 324// 362//
f 362// 324// 323//
f 375// 376// 377//
f 377// 376// 378//
f 379// 380// 377//
f 377// 380// 381//
f 382// 383// 377//
f 383// 384// 377//
f 377// 384// 385//
f 377// 385// 379//
f 386// 387// 388//
f 388// 387// 389//
f 388// 389// 390//
f 381// 391// 377//
f 377// 391// 392//
f 377// 392// 393//
f 393// 394// 377//
f 377// 394// 388//
f 377// 388// 395//
f 395// 388// 390//
f 378// 396// 377//
f 377// 396// 397//
f 377// 397// 398//
f 398// 399// 377//
f 377// 399// 400//
f 377// 400// 382//
f 401// 380// 379//
f 401// 379// 402//
f 402// 379// 385//
f 402// 385// 403//
f 403// 385// 384//
f 403// 384// 404//
f 404// 384// 383//
f 404// 383// 405//
f 405// 383// 382//
f 405// 382// 406//
f 406// 382// 400//
f 406// 400// 407//
f 407// 400// 399//
f 407// 399// 408//
f 408// 399// 398//
f 408// 398// 409//
f 409// 398// 397//
f 409// 397// 410//
f 410// 397// 396//
f 410// 396// 411//
f 411// 396// 378//
f 411// 378// 412//
f 413// 412// 376//
f 376// 412// 378//
f 413// 414// 412//
f 412// 414// 415//
f 401// 402// 415//
f 415// 402// 403//
f 416// 417// 418//
f 418// 417// 419//
f 418// 419// 420//
f 421// 422// 415//
f 415// 422// 423//
f 403// 404// 415//
f 415// 404// 405//
f 415// 405// 406//
f 421// 415// 418//
f 418// 415// 424//
f 418// 424// 416//
f 423// 425// 415//
f 415// 425// 426//
f 415// 426// 401//
f 406// 407// 415//
f 415// 407// 408//
f 415// 408// 409//
f 409// 410// 415//
f 415// 410// 411//
f 415// 411// 412//
f 380// 401// 381//
f 381// 401// 426//
f 415// 377// 395//
f 415// 395// 424//
f 424// 395// 390//
f 424// 390// 416//
f 416// 390// 389//
f 416// 389// 417//
f 417// 389// 387//
f 417// 387// 419//
f 419// 387// 386//
f 419// 386// 420//
f 420// 386// 388//
f 420// 388// 418//
f 418// 388// 394//
f 418// 394// 421//
f 421// 394// 393//
f 421// 393// 422//
f 422// 393// 392//
f 422// 392// 423//
f 423// 392// 391//
f 423// 391// 425//
f 425// 391// 381//
f 425// 381// 426//
f 377// 415// 375//
f 375// 415// 414//
f 413// 376// 414//
f 414// 376// 375//
f 427// 428// 429//
f 429// 428// 430//
f 429// 430// 431//
f 432// 433// 429//
f 429// 433// 434//
f 429// 434// 435//
f 435// 436// 429//
f 429// 436// 437//
f 429// 437// 438//
f 439// 440// 429//
f 429// 440// 441//
f 429// 441// 427//
f 438// 442// 429//
f 429// 442// 443//
f 429// 443// 439//
f 431// 444// 429//
f 429// 444// 445//
f 429// 445// 446//
f 446// 447// 429//
f 429// 447// 448//
f 429// 448// 449//
f 449// 450// 429//
f 429// 450// 451//
f 429// 451// 452//
f 453// 454// 428//
f 428// 454// 430//
f 430// 454// 455//
f 430// 455// 431//
f 431// 455// 456//
f 431// 456// 444//
f 444// 456// 457//
f 444// 457// 445//
f 445// 457// 458//
f 445// 458// 446//
f 446// 458// 459//
f 446// 459// 447//
f 447// 459// 460//
f 447// 460// 448//
f 448// 460// 461//
f 448// 461// 449//
f 449// 461// 462//
f 449// 462// 450//
f 450// 462// 463//
f 450// 463// 451//
f 451// 463// 464//
f 451// 464// 452//
f 452// 464// 465//
f 452// 465// 429//
f 434// 466// 467//
f 434// 467// 435//
f 435// 467// 468//
f 435// 468// 436//
f 436// 468// 469//
f 436// 469// 437//
f 437// 469// 470//
f 437// 470// 438//
f 438// 470// 471//
f 438// 471// 442//
f 442// 471// 472//
f 442// 472// 443//
f 443// 472// 473//
f 443// 473// 439//
f 439// 473// 474//
f 439// 474// 440//
f 440// 474// 475//
f 440// 475// 441//
f 441// 475// 476//
f 441// 476// 427//
f 427// 476// 453//
f 427// 453// 428//
f 455// 454// 465//
f 454// 453// 465//
f 465// 453// 476//
f 465// 476// 475//
f 469// 468// 465//
f 475// 474// 465//
f 465// 474// 473//
f 465// 473// 472//
f 477// 478// 466//
f 466// 478// 465//
f 466// 465// 467//
f 467// 465// 468//
f 458// 457// 465//
f 465// 457// 456//
f 465// 456// 455//
f 472// 471// 465//
f 465// 471// 470//
f 465// 470// 469//
f 464// 463// 465//
f 465// 463// 462//
f 465// 462// 461//
f 461// 460// 465//
f 465// 460// 459//
f 465// 459// 458//
f 478// 477// 432//
f 432// 477// 433//
f 477// 466// 433//
f 433// 466// 434//
f 429// 465// 432//
f 432// 465// 478//
f 479// 480// 481//
f 481// 480// 482//
f 483// 484// 485//
f 485// 484// 486//
f 487// 488// 489//
f 487// 489// 490//
f 490// 489// 491//
f 490// 491// 492//
f 492// 491// 493//
f 492// 493// 494//
f 494// 493// 495//
f 494// 495// 496//
f 496// 495// 497//
f 496// 497// 498//
f 498// 497// 499//
f 498// 499// 500//
f 500// 499// 501//
f 500// 501// 502//
f 502// 501// 503//
f 502// 503// 504//
f 504// 503// 505//
f 504// 505// 506//
f 506// 505// 507//
f 506// 507// 508//
f 508// 507// 485//
f 508// 485// 486//
f 484// 483// 509//
f 484// 509// 510//
f 510// 509// 511//
f 510// 511// 512//
f 512// 511// 513//
f 512// 513// 514//
f 514// 513// 515//
f 514// 515// 516//
f 516// 515// 517//
f 516// 517// 518//
f 518// 517// 519//
f 518// 519// 520//
f 520// 519// 521//
f 520// 521// 522//
f 522// 521// 523//
f 522// 523// 524//
f 524// 523// 525//
f 524// 525// 526//
f 526// 525// 527//
f 526// 527// 528//
f 528// 527// 482//
f 528// 482// 480//
f 486// 484// 487//
f 486// 487// 508//
f 484// 510// 487//
f 487// 510// 512//
f 487// 512// 514//
f 502// 504// 487//
f 487// 504// 506//
f 487// 506// 508//
f 514// 516// 487//
f 487// 516// 518//
f 487// 518// 520//
f 487// 490// 502//
f 502// 490// 492//
f 502// 492// 494//
f 520// 522// 487//
f 487// 522// 524//
f 487// 524// 526//
f 479// 529// 480//
f 480// 529// 487//
f 480// 487// 528//
f 528// 487// 526//
f 496// 498// 494//
f 494// 498// 500//
f 494// 500// 502//
f 488// 487// 530//
f 530// 487// 529//
f 509// 483// 488//
f 530// 481// 488//
f 488// 481// 482//
f 509// 488// 511//
f 483// 485// 488//
f 488// 485// 507//
f 488// 507// 505//
f 482// 527// 488//
f 488// 527// 525//
f 488// 525// 523//
f 517// 515// 488//
f 488// 515// 513//
f 488// 513// 511//
f 523// 521// 488//
f 488// 521// 519//
f 488// 519// 517//
f 497// 495// 493//
f 505// 503// 488//
f 488// 503// 501//
f 488// 501// 489//
f 489// 501// 491//
f 491// 501// 493//
f 493// 501// 499//
f 493// 499// 497//
f 479// 481// 529//
f 529// 481// 530//
f 531// 532// 533//
f 533// 532// 534//
f 533// 534// 535//
f 536// 537// 533//
f 533// 537// 538//
f 533// 538// 539//
f 535// 540// 533//
f 533// 540// 541//
f 533// 541// 542//
f 543// 544// 539//
f 539// 544// 545//
f 539// 545// 533//
f 542// 546// 533//
f 533// 546// 547//
f 533// 547// 548//
f 548// 549// 533//
f 533// 549// 550//
f 533// 550// 536//
f 543// 551// 544//
f 544// 551// 552//
f 544// 552// 553//
f 553// 554// 544//
f 544// 554// 555//
f 544// 555// 556//
f 557// 558// 531//
f 531// 558// 532//
f 558// 559// 532//
f 532// 559// 534//
f 534// 559// 560//
f 534// 560// 535//
f 535// 560// 561//
f 535// 561// 540//
f 540// 561// 562//
f 540// 562// 541//
f 541// 562// 563//
f 541// 563// 542//
f 542// 563// 564//
f 542// 564// 546//
f 546// 564// 565//
f 546// 565// 547//
f 547// 565// 566//
f 547// 566// 548//
f 548// 566// 567//
f 548// 567// 549//
f 549// 567// 568//
f 549// 568// 550//
f 550// 568// 569//
f 550// 569// 536//
f 536// 569// 570//
f 536// 570// 537//
f 559// 558// 557//
f 557// 571// 559//
f 559// 571// 572//
f 559// 572// 573//
f 574// 570// 559//
f 559// 570// 569//
f 559// 569// 568//
f 575// 576// 559//
f 559// 576// 577//
f 559// 577// 574//
f 562// 561// 568//
f 568// 561// 560//
f 568// 560// 559//
f 578// 579// 559//
f 559// 579// 580//
f 559// 580// 575//
f 573// 581// 559//
f 559// 581// 582//
f 559// 582// 578//
f 565// 568// 566//
f 566// 568// 567//
f 565// 564// 568//
f 568// 564// 563//
f 568// 563// 562//
f 570// 574// 537//
f 537// 574// 538//
f 533// 571// 531//
f 531// 571// 557//
f 538// 574// 577//
f 538// 577// 539//
f 539// 577// 576//
f 539// 576// 543//
f 543// 576// 575//
f 543// 575// 551//
f 551// 575// 580//
f 551// 580// 552//
f 552// 580// 579//
f 552// 579// 553//
f 553// 579// 578//
f 553// 578// 554//
f 554// 578// 582//
f 554// 582// 555//
f 555// 582// 581//
f 555// 581// 556//
f 556// 581// 573//
f 556// 573// 544//
f 544// 573// 572//
f 544// 572// 545//
f 545// 572// 571//
f 545// 571// 533//
f 583// 584// 585//
f 586// 587// 583//
f 583// 587// 588//
f 583// 588// 589//
f 590// 591// 592//
f 592// 591// 593//
f 593// 594// 592//
f 592// 594// 595//
f 592// 595// 596//
f 589// 597// 583//
f 583// 597// 598//
f 583// 598// 599//
f 599// 598// 600//
f 583// 585// 586//
f 586// 585// 601//
f 586// 601// 592//
f 592// 601// 602//
f 592// 602// 590//
f 596// 603// 592//
f 592// 603// 604//
f 592// 604// 605//
f 600// 598// 606//
f 606// 598// 607//
f 606// 607// 608//
f 609// 610// 584//
f 584// 610// 585//
f 610// 611// 585//
f 585// 611// 601//
f 586// 612// 613//
f 586// 613// 587//
f 587// 613// 614//
f 587// 614// 588//
f 588// 614// 615//
f 588// 615// 589//
f 589// 615// 616//
f 589// 616// 597//
f 597// 616// 617//
f 597// 617// 598//
f 598// 617// 618//
f 598// 618// 607//
f 607// 618// 619//
f 607// 619// 608//
f 608// 619// 620//
f 608// 620// 606//
f 606// 620// 621//
f 606// 621// 600//
f 600// 621// 622//
f 600// 622// 599//
f 599// 622// 623//
f 599// 623// 583//
f 610// 612// 611//
f 611// 612// 624//
f 610// 609// 612//
f 612// 609// 623//
f 612// 623// 613//
f 613// 623// 614//
f 617// 623// 622//
f 617// 616// 623//
f 623// 616// 615//
f 623// 615// 614//
f 624// 625// 626//
f 626// 627// 624//
f 624// 627// 628//
f 624// 628// 629//
f 622// 621// 617//
f 617// 621// 620//
f 617// 620// 618//
f 618// 620// 619//
f 630// 631// 624//
f 624// 631// 632//
f 624// 632// 625//
f 629// 633// 624//
f 624// 633// 634//
f 624// 634// 611//
f 601// 611// 634//
f 601// 634// 602//
f 602// 634// 633//
f 602// 633// 590//
f 590// 633// 629//
f 590// 629// 591//
f 591// 629// 628//
f 591// 628// 593//
f 593// 628// 627//
f 593// 627// 594//
f 594// 627// 626//
f 594// 626// 595//
f 595// 626// 625//
f 595// 625// 596//
f 596// 625// 632//
f 596// 632// 603//
f 603// 632// 631//
f 603// 631// 604//
f 604// 631// 630//
f 604// 630// 605//
f 605// 630// 624//
f 605// 624// 592//
f 624// 612// 592//
f 592// 612// 586//
f 583// 623// 584//
f 584// 623// 609//
f 635// 636// 637//
f 637// 638// 635//
f 635// 638// 639//
f 635// 639// 640//
f 640// 641// 635//
f 635// 641// 642//
f 635// 642// 643//
f 643// 644// 635//
f 635// 644// 645//
f 635// 645// 646//
f 646// 647// 635//
f 635// 647// 648//
f 635// 648// 649//
f 650// 651// 652//
f 652// 651// 653//
f 654// 655// 656//
f 649// 657// 635//
f 635// 657// 651//
f 635// 651// 658//
f 658// 651// 650//
f 653// 659// 652//
f 652// 659// 654//
f 652// 654// 660//
f 660// 654// 656//
f 661// 662// 636//
f 636// 662// 637//
f 662// 663// 637//
f 637// 663// 638//
f 657// 664// 665//
f 657// 665// 651//
f 651// 665// 666//
f 651// 666// 653//
f 653// 666// 667//
f 653// 667// 659//
f 659// 667// 668//
f 659// 668// 654//
f 654// 668// 669//
f 654// 669// 655//
f 655// 669// 670//
f 655// 670// 656//
f 656// 670// 671//
f 656// 671// 660//
f 660// 671// 672//
f 660// 672// 652//
f 652// 672// 673//
f 652// 673// 650//
f 650// 673// 674//
f 650// 674// 658//
f 658// 674// 675//
f 658// 675// 635//
f 676// 677// 678//
f 665// 664// 663//
f 663// 664// 678//
f 663// 678// 679//
f 679// 678// 680//
f 662// 661// 663//
f 663// 661// 675//
f 663// 675// 674//
f 674// 673// 663//
f 663// 673// 672//
f 663// 672// 671//
f 671// 670// 663//
f 663// 670// 669//
f 663// 669// 668//
f 668// 667// 663//
f 663// 667// 666//
f 663// 666// 665//
f 678// 681// 682//
f 677// 683// 678//
f 678// 683// 684//
f 678// 684// 680//
f 682// 685// 678//
f 678// 685// 686//
f 678// 686// 676//
f 638// 663// 679//
f 638// 679// 639//
f 639// 679// 680//
f 639// 680// 640//
f 640// 680// 684//
f 640// 684// 641//
f 641// 684// 683//
f 641// 683// 642//
f 642// 683// 677//
f 642// 677// 643//
f 643// 677// 676//
f 643// 676// 644//
f 644// 676// 686//
f 644// 686// 645//
f 645// 686// 685//
f 645// 685// 646//
f 646// 685// 682//
f 646// 682// 647//
f 647// 682// 681//
f 647// 681// 648//
f 648// 681// 678//
f 648// 678// 649//
f 678// 664// 649//
f 649// 664// 657//
f 635// 675// 636//
f 636// 675// 661//
f 687// 688// 432//
f 432// 688// 429//
f 434// 689// 433//
f 433// 689// 690//
f 689// 434// 435//
f 689// 435// 691//
f 691// 435// 436//
f 691// 436// 692//
f 692// 436// 437//
f 692// 437// 693//
f 693// 437// 438//
f 693// 438// 694//
f 694// 438// 442//
f 694// 442// 695//
f 695// 442// 443//
f 695// 443// 696//
f 696// 443// 439//
f 696// 439// 697//
f 697// 439// 440//
f 697// 440// 698//
f 698// 440// 441//
f 698// 441// 699//
f 699// 441// 427//
f 699// 427// 700//
f 700// 427// 428//
f 700// 428// 701//
f 700// 701// 688//
f 688// 701// 702//
f 688// 702// 703//
f 687// 690// 688//
f 688// 690// 689//
f 688// 689// 691//
f 691// 692// 688//
f 688// 692// 693//
f 688// 693// 694//
f 697// 698// 688//
f 688// 698// 699//
f 688// 699// 700//
f 694// 695// 688//
f 688// 695// 696//
f 688// 696// 697//
f 703// 704// 688//
f 688// 704// 705//
f 688// 705// 706//
f 706// 707// 688//
f 688// 707// 708//
f 688// 708// 709//
f 709// 710// 688//
f 688// 710// 711//
f 688// 711// 712//
f 702// 430// 431//
f 702// 431// 703//
f 703// 431// 444//
f 703// 444// 704//
f 704// 444// 445//
f 704// 445// 705//
f 705// 445// 446//
f 705// 446// 706//
f 706// 446// 447//
f 706// 447// 707//
f 707// 447// 448//
f 707// 448// 708//
f 708// 448// 449//
f 708// 449// 709//
f 709// 449// 450//
f 709// 450// 710//
f 710// 450// 451//
f 710// 451// 711//
f 711// 451// 452//
f 711// 452// 712//
f 712// 452// 429//
f 712// 429// 688//
f 430// 702// 428//
f 428// 702// 701//
f 433// 432// 434//
f 434// 432// 429//
f 431// 430// 434//
f 434// 430// 428//
f 450// 449// 434//
f 446// 445// 434//
f 434// 445// 444//
f 434// 444// 431//
f 449// 448// 434//
f 434// 448// 447//
f 434// 447// 446//
f 440// 439// 438//
f 438// 439// 443//
f 438// 443// 442//
f 440// 438// 441//
f 441// 438// 437//
f 441// 437// 436//
f 428// 427// 434//
f 434// 427// 441//
f 434// 441// 435//
f 435// 441// 436//
f 429// 452// 434//
f 434// 452// 451//
f 434// 451// 450//
f 687// 432// 690//
f 690// 432// 433//
f 713// 714// 715//
f 715// 714// 716//
f 715// 716// 717//
f 717// 716// 718//
f 717// 718// 719//
f 713// 720// 714//
f 714// 720// 721//
f 714// 721// 722//
f 723// 724// 725//
f 725// 724// 726//
f 725// 726// 727//
f 723// 728// 724//
f 724// 728// 729//
f 724// 729// 730//
f 716// 731// 718//
f 718// 731// 724//
f 718// 724// 732//
f 732// 724// 730//
f 722// 733// 714//
f 714// 733// 734//
f 714// 734// 735//
f 735// 736// 714//
f 714// 736// 737//
f 714// 737// 738//
f 739// 740// 719//
f 719// 740// 717//
f 740// 741// 717//
f 717// 741// 715//
f 716// 742// 743//
f 716// 743// 731//
f 731// 743// 744//
f 731// 744// 724//
f 724// 744// 745//
f 724// 745// 726//
f 726// 745// 746//
f 726// 746// 727//
f 727// 746// 747//
f 727// 747// 725//
f 725// 747// 748//
f 725// 748// 723//
f 723// 748// 749//
f 723// 749// 728//
f 728// 749// 750//
f 728// 750// 729//
f 729// 750// 751//
f 729// 751// 730//
f 730// 751// 752//
f 730// 752// 732//
f 732// 752// 753//
f 732// 753// 718//
f 739// 753// 742//
f 754// 755// 756//
f 752// 744// 753//
f 753// 744// 743//
f 753// 743// 742//
f 752// 751// 744//
f 744// 751// 750//
f 744// 750// 749//
f 749// 748// 744//
f 744// 748// 747//
f 744// 747// 745//
f 745// 747// 746//
f 756// 757// 758//
f 755// 759// 756//
f 756// 759// 741//
f 756// 741// 742//
f 742// 741// 740//
f 742// 740// 739//
f 760// 761// 756//
f 756// 761// 762//
f 756// 762// 757//
f 758// 763// 756//
f 756// 763// 764//
f 756// 764// 754//
f 715// 741// 759//
f 715// 759// 713//
f 713// 759// 755//
f 713// 755// 720//
f 720// 755// 754//
f 720// 754// 721//
f 721// 754// 764//
f 721// 764// 722//
f 722// 764// 763//
f 722// 763// 733//
f 733// 763// 758//
f 733// 758// 734//
f 734// 758// 757//
f 734// 757// 735//
f 735// 757// 762//
f 735// 762// 736//
f 736// 762// 761//
f 736// 761// 737//
f 737// 761// 760//
f 737// 760// 738//
f 738// 760// 756//
f 738// 756// 714//
f 756// 742// 714//
f 714// 742// 716//
f 718// 753// 719//
f 719// 753// 739//
f 765// 766// 767//
f 765// 768// 769//
f 770// 771// 765//
f 771// 772// 765//
f 765// 772// 773//
f 765// 773// 774//
f 767// 775// 765//
f 765// 775// 776//
f 765// 776// 777//
f 774// 778// 765//
f 765// 778// 779//
f 765// 779// 768//
f 777// 780// 765//
f 765// 780// 781//
f 765// 781// 770//
f 782// 783// 784//
f 785// 769// 786//
f 786// 769// 787//
f 785// 788// 769//
f 769// 788// 789//
f 769// 789// 765//
f 787// 769// 784//
f 784// 769// 790//
f 784// 790// 782//
f 791// 792// 766//
f 766// 792// 767//
f 792// 793// 767//
f 767// 793// 775//
f 768// 794// 795//
f 768// 795// 769//
f 769// 795// 796//
f 769// 796// 790//
f 790// 796// 797//
f 790// 797// 782//
f 782// 797// 798//
f 782// 798// 783//
f 783// 798// 799//
f 783// 799// 784//
f 784// 799// 800//
f 784// 800// 787//
f 787// 800// 801//
f 787// 801// 786//
f 786// 801// 802//
f 786// 802// 785//
f 785// 802// 803//
f 785// 803// 788//
f 788// 803// 804//
f 788// 804// 789//
f 789// 804// 805//
f 789// 805// 765//
f 792// 791// 793//
f 793// 791// 805//
f 796// 795// 793//
f 793// 795// 794//
f 793// 794// 806//
f 807// 808// 793//
f 805// 804// 793//
f 793// 804// 803//
f 793// 803// 802//
f 802// 801// 793//
f 793// 801// 800//
f 793// 800// 799//
f 806// 809// 793//
f 793// 809// 810//
f 793// 810// 807//
f 808// 811// 793//
f 793// 811// 812//
f 793// 812// 813//
f 814// 815// 813//
f 813// 815// 816//
f 813// 816// 793//
f 799// 798// 793//
f 793// 798// 797//
f 793// 797// 796//
f 775// 793// 816//
f 775// 816// 776//
f 776// 816// 815//
f 776// 815// 777//
f 777// 815// 814//
f 777// 814// 780//
f 780// 814// 813//
f 780// 813// 781//
f 781// 813// 812//
f 781// 812// 770//
f 770// 812// 811//
f 770// 811// 771//
f 771// 811// 808//
f 771// 808// 772//
f 772// 808// 807//
f 772// 807// 773//
f 773// 807// 810//
f 773// 810// 774//
f 774// 810// 809//
f 774// 809// 778//
f 778// 809// 806//
f 778// 806// 779//
f 806// 794// 779//
f 779// 794// 768//
f 765// 805// 766//
f 766// 805// 791//
f 817// 818// 819//
f 819// 818// 820//
f 821// 822// 823//
f 823// 822// 824//
f 825// 826// 827//
f 825// 827// 828//
f 828// 827// 829//
f 828// 829// 830//
f 830// 829// 831//
f 830// 831// 832//
f 832// 831// 833//
f 832// 833// 834//
f 834// 833// 835//
f 834// 835// 836//
f 836// 835// 837//
f 836// 837// 838//
f 838// 837// 839//
f 838// 839// 840//
f 840// 839// 841//
f 840// 841// 842//
f 842// 841// 843//
f 842// 843// 844//
f 844// 843// 845//
f 844// 845// 846//
f 846// 845// 823//
f 846// 823// 824//
f 822// 821// 847//
f 822// 847// 848//
f 848// 847// 849//
f 848// 849// 850//
f 850// 849// 851//
f 850// 851// 852//
f 852// 851// 853//
f 852// 853// 854//
f 854// 853// 855//
f 854// 855// 856//
f 856// 855// 857//
f 856// 857// 858//
f 858// 857// 859//
f 858// 859// 860//
f 860// 859// 861//
f 860// 861// 862//
f 862// 861// 863//
f 862// 863// 864//
f 864// 863// 865//
f 864// 865// 866//
f 866// 865// 820//
f 866// 820// 818//
f 817// 824// 818//
f 818// 824// 822//
f 828// 830// 832//
f 836// 838// 825//
f 838// 840// 825//
f 825// 840// 842//
f 825// 842// 844//
f 817// 867// 824//
f 824// 867// 825//
f 824// 825// 846//
f 846// 825// 844//
f 828// 832// 825//
f 825// 832// 834//
f 825// 834// 836//
f 822// 848// 818//
f 818// 848// 850//
f 818// 850// 866//
f 866// 850// 864//
f 864// 850// 862//
f 862// 850// 852//
f 862// 852// 854//
f 854// 856// 862//
f 862// 856// 858//
f 862// 858// 860//
f 826// 825// 868//
f 868// 825// 867//
f 847// 821// 820//
f 820// 821// 823//
f 820// 823// 819//
f 819// 823// 826//
f 819// 826// 868//
f 863// 861// 849//
f 823// 845// 826//
f 826// 845// 843//
f 826// 843// 841//
f 841// 839// 826//
f 826// 839// 837//
f 826// 837// 835//
f 835// 833// 826//
f 826// 833// 831//
f 826// 831// 827//
f 827// 831// 829//
f 847// 820// 849//
f 849// 820// 865//
f 849// 865// 863//
f 855// 861// 857//
f 857// 861// 859//
f 855// 853// 861//
f 861// 853// 851//
f 861// 851// 849//
f 817// 819// 867//
f 867// 819// 868//
f 481// 530// 482//
f 482// 530// 488//
f 507// 485// 488//
f 485// 483// 488//
f 488// 483// 509//
f 488// 509// 511//
f 511// 513// 488//
f 488// 513// 515//
f 488// 515// 517//
f 501// 503// 488//
f 488// 503// 505//
f 488// 505// 507//
f 488// 489// 501//
f 501// 489// 491//
f 501// 491// 493//
f 517// 519// 488//
f 488// 519// 521//
f 488// 521// 523//
f 523// 525// 488//
f 488// 525// 527//
f 488// 527// 482//
f 495// 497// 493//
f 493// 497// 499//
f 493// 499// 501//
f 869// 870// 481//
f 481// 870// 530//
f 870// 871// 530//
f 530// 871// 488//
f 483// 872// 873//
f 483// 873// 509//
f 509// 873// 874//
f 509// 874// 511//
f 511// 874// 875//
f 511// 875// 513//
f 513// 875// 876//
f 513// 876// 515//
f 515// 876// 877//
f 515// 877// 517//
f 517// 877// 878//
f 517// 878// 519//
f 519// 878// 879//
f 519// 879// 521//
f 521// 879// 880//
f 521// 880// 523//
f 523// 880// 881//
f 523// 881// 525//
f 525// 881// 882//
f 525// 882// 527//
f 527// 882// 883//
f 527// 883// 482//
f 870// 869// 871//
f 871// 869// 883//
f 873// 872// 871//
f 873// 871// 874//
f 872// 884// 871//
f 871// 884// 885//
f 871// 885// 886//
f 883// 882// 871//
f 871// 882// 881//
f 871// 881// 880//
f 877// 876// 871//
f 871// 876// 875//
f 871// 875// 874//
f 880// 879// 871//
f 871// 879// 878//
f 871// 878// 877//
f 887// 888// 889//
f 886// 890// 871//
f 871// 890// 891//
f 871// 891// 892//
f 892// 891// 893//
f 893// 891// 889//
f 889// 891// 894//
f 889// 894// 887//
f 488// 871// 892//
f 488// 892// 489//
f 489// 892// 893//
f 489// 893// 491//
f 491// 893// 889//
f 491// 889// 493//
f 493// 889// 888//
f 493// 888// 495//
f 495// 888// 887//
f 495// 887// 497//
f 497// 887// 894//
f 497// 894// 499//
f 499// 894// 891//
f 499// 891// 501//
f 501// 891// 890//
f 501// 890// 503//
f 503// 890// 886//
f 503// 886// 505//
f 505// 886// 885//
f 505// 885// 507//
f 507// 885// 884//
f 507// 884// 485//
f 884// 872// 485//
f 485// 872// 483//
f 482// 883// 481//
f 481// 883// 869//
f 895// 896// 897//
f 897// 896// 898//
f 897// 898// 899//
f 895// 900// 896//
f 896// 900// 901//
f 896// 901// 902//
f 902// 901// 903//
f 902// 903// 904//
f 905// 906// 898//
f 898// 906// 907//
f 898// 907// 899//
f 908// 909// 904//
f 904// 909// 910//
f 904// 910// 902//
f 908// 911// 909//
f 909// 911// 912//
f 909// 912// 913//
f 914// 915// 916//
f 916// 915// 917//
f 914// 918// 915//
f 915// 918// 919//
f 915// 919// 898//
f 898// 919// 920//
f 898// 920// 905//
f 898// 921// 922//
f 898// 922// 915//
f 915// 922// 923//
f 915// 923// 917//
f 917// 923// 924//
f 917// 924// 916//
f 916// 924// 925//
f 916// 925// 914//
f 914// 925// 926//
f 914// 926// 918//
f 918// 926// 927//
f 918// 927// 919//
f 919// 927// 928//
f 919// 928// 920//
f 920// 928// 929//
f 920// 929// 905//
f 905// 929// 930//
f 905// 930// 906//
f 906// 930// 931//
f 906// 931// 907//
f 907// 931// 932//
f 907// 932// 899//
f 933// 934// 897//
f 897// 934// 895//
f 935// 921// 896//
f 896// 921// 898//
f 936// 934// 933//
f 932// 931// 921//
f 921// 931// 930//
f 921// 930// 929//
f 932// 921// 933//
f 933// 921// 935//
f 933// 935// 936//
f 936// 935// 937//
f 936// 937// 938//
f 938// 937// 939//
f 938// 939// 940//
f 929// 928// 921//
f 921// 928// 927//
f 921// 927// 922//
f 922// 927// 926//
f 926// 925// 922//
f 922// 925// 924//
f 922// 924// 923//
f 941// 942// 940//
f 940// 942// 943//
f 940// 943// 938//
f 941// 944// 942//
f 942// 944// 945//
f 942// 945// 946//
f 934// 936// 895//
f 895// 936// 900//
f 900// 936// 938//
f 900// 938// 901//
f 901// 938// 943//
f 901// 943// 903//
f 903// 943// 942//
f 903// 942// 904//
f 904// 942// 946//
f 904// 946// 908//
f 908// 946// 945//
f 908// 945// 911//
f 911// 945// 944//
f 911// 944// 912//
f 912// 944// 941//
f 912// 941// 913//
f 913// 941// 940//
f 913// 940// 909//
f 909// 940// 939//
f 909// 939// 910//
f 910// 939// 937//
f 910// 937// 902//
f 902// 937// 935//
f 902// 935// 896//
f 899// 932// 897//
f 897// 932// 933//
f 947// 948// 949//
f 950// 951// 949//
f 949// 951// 952//
f 949// 952// 953//
f 953// 954// 949//
f 949// 954// 955//
f 949// 955// 956//
f 956// 957// 949//
f 949// 957// 958//
f 949// 958// 959//
f 948// 960// 949//
f 949// 960// 961//
f 949// 961// 962//
f 959// 963// 949//
f 949// 963// 964//
f 949// 964// 947//
f 965// 966// 967//
f 967// 966// 968//
f 962// 969// 949//
f 949// 969// 970//
f 949// 970// 971//
f 971// 970// 966//
f 971// 966// 972//
f 972// 966// 965//
f 973// 974// 950//
f 950// 974// 951//
f 974// 975// 951//
f 951// 975// 952//
f 960// 976// 977//
f 960// 977// 961//
f 961// 977// 978//
f 961// 978// 962//
f 962// 978// 979//
f 962// 979// 969//
f 969// 979// 980//
f 969// 980// 970//
f 970// 980// 981//
f 970// 981// 966//
f 966// 981// 982//
f 966// 982// 968//
f 968// 982// 983//
f 968// 983// 967//
f 967// 983// 984//
f 967// 984// 965//
f 965// 984// 985//
f 965// 985// 972//
f 972// 985// 986//
f 972// 986// 971//
f 971// 986// 987//
f 971// 987// 949//
f 977// 976// 975//
f 975// 976// 988//
f 974// 973// 975//
f 975// 973// 987//
f 975// 987// 986//
f 980// 979// 975//
f 975// 979// 978//
f 975// 978// 977//
f 989// 990// 991//
f 991// 990// 992//
f 991// 992// 993//
f 993// 994// 991//
f 991// 994// 995//
f 991// 995// 996//
f 988// 997// 975//
f 975// 997// 991//
f 975// 991// 998//
f 998// 991// 996//
f 986// 985// 975//
f 975// 985// 984//
f 975// 984// 983//
f 983// 982// 975//
f 975// 982// 981//
f 975// 981// 980//
f 952// 975// 998//
f 952// 998// 953//
f 953// 998// 996//
f 953// 996// 954//
f 954// 996// 995//
f 954// 995// 955//
f 955// 995// 994//
f 955// 994// 956//
f 956// 994// 993//
f 956// 993// 957//
f 957// 993// 992//
f 957// 992// 958//
f 958// 992// 990//
f 958// 990// 959//
f 959// 990// 989//
f 959// 989// 963//
f 963// 989// 991//
f 963// 991// 964//
f 964// 991// 997//
f 964// 997// 947//
f 947// 997// 988//
f 947// 988// 948//
f 988// 976// 948//
f 948// 976// 960//
f 949// 987// 950//
f 950// 987// 973//
f 999// 1000// 1001//
f 1002// 1003// 1000//
f 1000// 1003// 1004//
f 1005// 1006// 1000//
f 1000// 1006// 1007//
f 1008// 1009// 1000//
f 1000// 1009// 1010//
f 1010// 1011// 1000//
f 1000// 1011// 1012//
f 1000// 1012// 1005//
f 1013// 1014// 1015//
f 1007// 1016// 1000//
f 1000// 1016// 1017//
f 1000// 1017// 1001//
f 1013// 1015// 1018//
f 1004// 1019// 1000//
f 1000// 1019// 1020//
f 1000// 1020// 1021//
f 1021// 1022// 1000//
f 1000// 1022// 1023//
f 1000// 1023// 1008//
f 1018// 1015// 1001//
f 1001// 1015// 1024//
f 1001// 1024// 999//
f 1025// 1026// 1005//
f 1005// 1026// 1006//
f 1006// 1026// 1027//
f 1006// 1027// 1007//
f 1007// 1027// 1028//
f 1007// 1028// 1016//
f 1016// 1028// 1029//
f 1016// 1029// 1017//
f 1017// 1029// 1030//
f 1017// 1030// 1001//
f 1001// 1030// 1031//
f 1001// 1031// 1018//
f 1018// 1031// 1032//
f 1018// 1032// 1013//
f 1013// 1032// 1033//
f 1013// 1033// 1014//
f 1014// 1033// 1034//
f 1014// 1034// 1015//
f 1015// 1034// 1035//
f 1015// 1035// 1024//
f 1024// 1035// 1036//
f 1024// 1036// 999//
f 999// 1036// 1037//
f 999// 1037// 1000//
f 1004// 1038// 1039//
f 1004// 1039// 1019//
f 1019// 1039// 1040//
f 1019// 1040// 1020//
f 1020// 1040// 1041//
f 1020// 1041// 1021//
f 1021// 1041// 1042//
f 1021// 1042// 1022//
f 1022// 1042// 1043//
f 1022// 1043// 1023//
f 1023// 1043// 1044//
f 1023// 1044// 1008//
f 1008// 1044// 1045//
f 1008// 1045// 1009//
f 1009// 1045// 1046//
f 1009// 1046// 1010//
f 1010// 1046// 1047//
f 1010// 1047// 1011//
f 1011// 1047// 1048//
f 1011// 1048// 1012//
f 1012// 1048// 1025//
f 1012// 1025// 1005//
f 1038// 1049// 1050//
f 1039// 1038// 1045//
f 1026// 1025// 1038//
f 1038// 1025// 1048//
f 1029// 1028// 1038//
f 1038// 1028// 1027//
f 1038// 1027// 1026//
f 1050// 1037// 1038//
f 1038// 1037// 1036//
f 1038// 1036// 1035//
f 1035// 1034// 1038//
f 1038// 1034// 1033//
f 1038// 1033// 1032//
f 1032// 1031// 1038//
f 1038// 1031// 1030//
f 1038// 1030// 1029//
f 1048// 1047// 1038//
f 1038// 1047// 1046//
f 1038// 1046// 1045//
f 1043// 1042// 1041//
f 1045// 1044// 1039//
f 1039// 1044// 1043//
f 1039// 1043// 1040//
f 1040// 1043// 1041//
f 1050// 1049// 1002//
f 1002// 1049// 1003//
f 1049// 1038// 1003//
f 1003// 1038// 1004//
f 1000// 1037// 1002//
f 1002// 1037// 1050//
f 1051// 1052// 1053//
f 1051// 1053// 1054//
f 1055// 1056// 1057//
f 1057// 1056// 1053//
f 1057// 1053// 1058//
f 1058// 1053// 1059//
f 1060// 1061// 1062//
f 1052// 1063// 1053//
f 1053// 1063// 1064//
f 1053// 1064// 1065//
f 1065// 1066// 1053//
f 1053// 1066// 1067//
f 1053// 1067// 1068//
f 1062// 1069// 1060//
f 1060// 1069// 1070//
f 1060// 1070// 1071//
f 1071// 1072// 1060//
f 1060// 1072// 1073//
f 1060// 1073// 1053//
f 1053// 1073// 1074//
f 1053// 1074// 1054//
f 1068// 1075// 1053//
f 1053// 1075// 1076//
f 1053// 1076// 1059//
f 1077// 1051// 1054//
f 1077// 1054// 1078//
f 1078// 1054// 1074//
f 1078// 1074// 1079//
f 1079// 1074// 1073//
f 1079// 1073// 1080//
f 1080// 1073// 1072//
f 1080// 1072// 1081//
f 1081// 1072// 1071//
f 1081// 1071// 1082//
f 1082// 1071// 1070//
f 1082// 1070// 1083//
f 1083// 1070// 1069//
f 1083// 1069// 1084//
f 1084// 1069// 1062//
f 1084// 1062// 1085//
f 1085// 1062// 1061//
f 1085// 1061// 1086//
f 1086// 1061// 1060//
f 1086// 1060// 1087//
f 1087// 1060// 1053//
f 1087// 1053// 1088//
f 1089// 1088// 1056//
f 1056// 1088// 1053//
f 1088// 1089// 1090//
f 1091// 1077// 1088//
f 1088// 1077// 1078//
f 1090// 1092// 1088//
f 1088// 1092// 1093//
f 1088// 1093// 1094//
f 1082// 1083// 1087//
f 1094// 1095// 1088//
f 1088// 1095// 1096//
f 1088// 1096// 1097//
f 1097// 1098// 1088//
f 1088// 1098// 1099//
f 1088// 1099// 1100//
f 1100// 1101// 1088//
f 1088// 1101// 1102//
f 1088// 1102// 1091//
f 1078// 1079// 1088//
f 1088// 1079// 1080//
f 1088// 1080// 1087//
f 1087// 1080// 1081//
f 1087// 1081// 1082//
f 1083// 1084// 1087//
f 1087// 1084// 1085//
f 1087// 1085// 1086//
f 1051// 1077// 1052//
f 1052// 1077// 1091//
f 1092// 1057// 1058//
f 1092// 1058// 1093//
f 1093// 1058// 1059//
f 1093// 1059// 1094//
f 1094// 1059// 1076//
f 1094// 1076// 1095//
f 1095// 1076// 1075//
f 1095// 1075// 1096//
f 1096// 1075// 1068//
f 1096// 1068// 1097//
f 1097// 1068// 1067//
f 1097// 1067// 1098//
f 1098// 1067// 1066//
f 1098// 1066// 1099//
f 1099// 1066// 1065//
f 1099// 1065// 1100//
f 1100// 1065// 1064//
f 1100// 1064// 1101//
f 1101// 1064// 1063//
f 1101// 1063// 1102//
f 1102// 1063// 1052//
f 1102// 1052// 1091//
f 1057// 1092// 1055//
f 1055// 1092// 1090//
f 1089// 1056// 1090//
f 1090// 1056// 1055//
f 1103// 1104// 1105//
f 1105// 1104// 1106//
f 1107// 1108// 1105//
f 1105// 1108// 1109//
f 1105// 1109// 1103//
f 1110// 1111// 1105//
f 1105// 1111// 1112//
f 1105// 1112// 1113//
f 1113// 1114// 1105//
f 1105// 1114// 1115//
f 1105// 1115// 1116//
f 1106// 1117// 1105//
f 1105// 1117// 1118//
f 1105// 1118// 1119//
f 1119// 1120// 1105//
f 1105// 1120// 1121//
f 1105// 1121// 1122//
f 1122// 1123// 1105//
f 1105// 1123// 1124//
f 1105// 1124// 1125//
f 1125// 1124// 1126//
f 1116// 1127// 1105//
f 1105// 1127// 1128//
f 1105// 1128// 1107//
f 1129// 1104// 1103//
f 1129// 1103// 1130//
f 1130// 1103// 1109//
f 1130// 1109// 1131//
f 1131// 1109// 1108//
f 1131// 1108// 1132//
f 1132// 1108// 1107//
f 1132// 1107// 1133//
f 1133// 1107// 1128//
f 1133// 1128// 1134//
f 1134// 1128// 1127//
f 1134// 1127// 1135//
f 1135// 1127// 1116//
f 1135// 1116// 1136//
f 1136// 1116// 1115//
f 1136// 1115// 1137//
f 1137// 1115// 1114//
f 1137// 1114// 1138//
f 1138// 1114// 1113//
f 1138// 1113// 1139//
f 1139// 1113// 1112//
f 1139// 1112// 1140//
f 1141// 1140// 1111//
f 1111// 1140// 1112//
f 1142// 1143// 1144//
f 1143// 1129// 1144//
f 1144// 1129// 1130//
f 1144// 1130// 1131//
f 1131// 1132// 1144//
f 1144// 1132// 1133//
f 1144// 1133// 1134//
f 1144// 1137// 1138//
f 1145// 1144// 1146//
f 1146// 1144// 1147//
f 1146// 1147// 1148//
f 1145// 1149// 1144//
f 1144// 1149// 1150//
f 1144// 1150// 1151//
f 1151// 1152// 1144//
f 1144// 1152// 1153//
f 1144// 1153// 1142//
f 1141// 1154// 1140//
f 1140// 1154// 1144//
f 1140// 1144// 1139//
f 1139// 1144// 1138//
f 1134// 1135// 1144//
f 1144// 1135// 1136//
f 1144// 1136// 1137//
f 1104// 1129// 1106//
f 1106// 1129// 1143//
f 1144// 1105// 1125//
f 1144// 1125// 1147//
f 1147// 1125// 1126//
f 1147// 1126// 1148//
f 1148// 1126// 1124//
f 1148// 1124// 1146//
f 1146// 1124// 1123//
f 1146// 1123// 1145//
f 1145// 1123// 1122//
f 1145// 1122// 1149//
f 1149// 1122// 1121//
f 1149// 1121// 1150//
f 1150// 1121// 1120//
f 1150// 1120// 1151//
f 1151// 1120// 1119//
f 1151// 1119// 1152//
f 1152// 1119// 1118//
f 1152// 1118// 1153//
f 1153// 1118// 1117//
f 1153// 1117// 1142//
f 1142// 1117// 1106//
f 1142// 1106// 1143//
f 1105// 1144// 1110//
f 1110// 1144// 1154//
f 1141// 1111// 1154//
f 1154// 1111// 1110//
f 64// 63// 67//
f 63// 80// 79//
f 72// 77// 69//
f 79// 78// 63//
f 63// 78// 68//
f 63// 68// 67//
f 72// 69// 73//
f 86// 84// 87//
f 87// 84// 88//
f 63// 85// 80//
f 80// 85// 84//
f 80// 84// 83//
f 83// 84// 86//
f 64// 67// 65//
f 65// 67// 66//
f 65// 66// 69//
f 69// 66// 74//
f 69// 74// 73//
f 76// 71// 77//
f 77// 71// 70//
f 77// 70// 69//
f 76// 75// 71//
f 71// 75// 82//
f 71// 82// 81//
f 1155// 67// 68//
f 1155// 68// 1156//
f 1156// 68// 78//
f 1156// 78// 1157//
f 1157// 78// 79//
f 1157// 79// 1158//
f 1158// 79// 80//
f 1158// 80// 1159//
f 1159// 80// 83//
f 1159// 83// 1160//
f 1160// 83// 86//
f 1160// 86// 1161//
f 1161// 86// 87//
f 1161// 87// 1162//
f 1162// 87// 88//
f 1162// 88// 1163//
f 1163// 88// 84//
f 1163// 84// 1164//
f 1164// 84// 85//
f 1164// 85// 1165//
f 1165// 85// 63//
f 1165// 63// 1166//
f 1167// 1166// 64//
f 64// 1166// 63//
f 1166// 1167// 1168//
f 1169// 1155// 1166//
f 1166// 1155// 1156//
f 1168// 1170// 1166//
f 1166// 1170// 1171//
f 1166// 1171// 1172//
f 1173// 1174// 1166//
f 1166// 1174// 1175//
f 1166// 1175// 1169//
f 1176// 1177// 1166//
f 1166// 1177// 1178//
f 1166// 1178// 1173//
f 1156// 1157// 1166//
f 1166// 1157// 1158//
f 1166// 1158// 1159//
f 1172// 1179// 1166//
f 1166// 1179// 1180//
f 1166// 1180// 1176//
f 1160// 1164// 1159//
f 1159// 1164// 1165//
f 1159// 1165// 1166//
f 1160// 1161// 1164//
f 1164// 1161// 1162//
f 1164// 1162// 1163//
f 67// 1155// 66//
f 66// 1155// 1169//
f 1170// 69// 70//
f 1170// 70// 1171//
f 1171// 70// 71//
f 1171// 71// 1172//
f 1172// 71// 81//
f 1172// 81// 1179//
f 1179// 81// 82//
f 1179// 82// 1180//
f 1180// 82// 75//
f 1180// 75// 1176//
f 1176// 75// 76//
f 1176// 76// 1177//
f 1177// 76// 77//
f 1177// 77// 1178//
f 1178// 77// 72//
f 1178// 72// 1173//
f 1173// 72// 73//
f 1173// 73// 1174//
f 1174// 73// 74//
f 1174// 74// 1175//
f 1175// 74// 66//
f 1175// 66// 1169//
f 69// 1170// 65//
f 65// 1170// 1168//
f 1167// 64// 1168//
f 1168// 64// 65//
f 1181// 1182// 719//
f 719// 1182// 718//
f 716// 1183// 714//
f 714// 1183// 1184//
f 1185// 715// 713//
f 1185// 713// 1186//
f 1186// 713// 720//
f 1186// 720// 1187//
f 1187// 720// 721//
f 1187// 721// 1188//
f 1188// 721// 722//
f 1188// 722// 1189//
f 1189// 722// 733//
f 1189// 733// 1190//
f 1190// 733// 734//
f 1190// 734// 1191//
f 1191// 734// 735//
f 1191// 735// 1192//
f 1192// 735// 736//
f 1192// 736// 1193//
f 1193// 736// 737//
f 1193// 737// 1194//
f 1194// 737// 738//
f 1194// 738// 1195//
f 1195// 738// 714//
f 1195// 714// 1184//
f 1183// 716// 731//
f 1183// 731// 1196//
f 1196// 731// 724//
f 1196// 724// 1197//
f 1197// 724// 726//
f 1197// 726// 1198//
f 1198// 726// 727//
f 1198// 727// 1199//
f 1199// 727// 725//
f 1199// 725// 1200//
f 1200// 725// 723//
f 1200// 723// 1201//
f 1201// 723// 728//
f 1201// 728// 1202//
f 1202// 728// 729//
f 1202// 729// 1203//
f 1203// 729// 730//
f 1203// 730// 1204//
f 1204// 730// 732//
f 1204// 732// 1205//
f 1205// 732// 718//
f 1205// 718// 1182//
f 1186// 1184// 1185//
f 1185// 1184// 1183//
f 1185// 1183// 1206//
f 1206// 1183// 1182//
f 1206// 1182// 1181//
f 1186// 1187// 1184//
f 1184// 1187// 1188//
f 1184// 1188// 1189//
f 1201// 1197// 1200//
f 1200// 1197// 1198//
f 1200// 1198// 1199//
f 1201// 1202// 1197//
f 1197// 1202// 1203//
f 1197// 1203// 1204//
f 1183// 1196// 1182//
f 1182// 1196// 1197//
f 1182// 1197// 1205//
f 1205// 1197// 1204//
f 1189// 1190// 1184//
f 1184// 1190// 1191//
f 1184// 1191// 1192//
f 1192// 1193// 1184//
f 1184// 1193// 1194//
f 1184// 1194// 1195//
f 715// 1185// 717//
f 717// 1185// 1206//
f 719// 718// 716//
f 721// 720// 714//
f 732// 724// 718//
f 718// 724// 731//
f 718// 731// 716//
f 732// 730// 724//
f 724// 730// 729//
f 724// 729// 728//
f 728// 723// 724//
f 724// 723// 725//
f 724// 725// 726//
f 726// 725// 727//
f 714// 735// 734//
f 720// 713// 714//
f 714// 713// 715//
f 714// 715// 716//
f 716// 715// 717//
f 716// 717// 719//
f 738// 737// 714//
f 714// 737// 736//
f 714// 736// 735//
f 734// 733// 714//
f 714// 733// 722//
f 714// 722// 721//
f 1181// 719// 1206//
f 1206// 719// 717//
f 1207// 1208// 1209//
f 1209// 1208// 1210//
f 1211// 1212// 1210//
f 1211// 1210// 1213//
f 1214// 1215// 1216//
f 1212// 1217// 1210//
f 1210// 1217// 1218//
f 1210// 1218// 1219//
f 1220// 1221// 1222//
f 1216// 1215// 1210//
f 1210// 1215// 1223//
f 1210// 1223// 1213//
f 1219// 1224// 1210//
f 1210// 1224// 1225//
f 1210// 1225// 1226//
f 1226// 1227// 1210//
f 1210// 1227// 1228//
f 1210// 1228// 1229//
f 1229// 1230// 1210//
f 1210// 1230// 1231//
f 1210// 1231// 1209//
f 1214// 1216// 1222//
f 1222// 1216// 1232//
f 1222// 1232// 1220//
f 1233// 1234// 1207//
f 1207// 1234// 1208//
f 1234// 1235// 1208//
f 1208// 1235// 1210//
f 1210// 1235// 1236//
f 1210// 1236// 1216//
f 1216// 1236// 1237//
f 1216// 1237// 1232//
f 1232// 1237// 1238//
f 1232// 1238// 1220//
f 1220// 1238// 1239//
f 1220// 1239// 1221//
f 1221// 1239// 1240//
f 1221// 1240// 1222//
f 1222// 1240// 1241//
f 1222// 1241// 1214//
f 1214// 1241// 1242//
f 1214// 1242// 1215//
f 1215// 1242// 1243//
f 1215// 1243// 1223//
f 1223// 1243// 1244//
f 1223// 1244// 1213//
f 1213// 1244// 1245//
f 1213// 1245// 1211//
f 1211// 1245// 1246//
f 1211// 1246// 1212//
f 1236// 1235// 1242//
f 1234// 1233// 1235//
f 1235// 1233// 1247//
f 1248// 1246// 1235//
f 1235// 1246// 1245//
f 1249// 1250// 1235//
f 1235// 1250// 1251//
f 1251// 1252// 1235//
f 1235// 1252// 1253//
f 1235// 1253// 1248//
f 1245// 1244// 1235//
f 1235// 1244// 1243//
f 1235// 1243// 1242//
f 1247// 1254// 1235//
f 1235// 1254// 1255//
f 1235// 1255// 1256//
f 1256// 1257// 1235//
f 1235// 1257// 1258//
f 1235// 1258// 1249//
f 1240// 1239// 1238//
f 1242// 1241// 1236//
f 1236// 1241// 1240//
f 1236// 1240// 1237//
f 1237// 1240// 1238//
f 1246// 1248// 1212//
f 1212// 1248// 1217//
f 1209// 1247// 1207//
f 1207// 1247// 1233//
f 1217// 1248// 1253//
f 1217// 1253// 1218//
f 1218// 1253// 1252//
f 1218// 1252// 1219//
f 1219// 1252// 1251//
f 1219// 1251// 1224//
f 1224// 1251// 1250//
f 1224// 1250// 1225//
f 1225// 1250// 1249//
f 1225// 1249// 1226//
f 1226// 1249// 1258//
f 1226// 1258// 1227//
f 1227// 1258// 1257//
f 1227// 1257// 1228//
f 1228// 1257// 1256//
f 1228// 1256// 1229//
f 1229// 1256// 1255//
f 1229// 1255// 1230//
f 1230// 1255// 1254//
f 1230// 1254// 1231//
f 1231// 1254// 1247//
f 1231// 1247// 1209//
f 1259// 1260// 1261//
f 1261// 1260// 1262//
f 1263// 1264// 1265//
f 1265// 1264// 1266//
f 1267// 1268// 1269//
f 1267// 1269// 1270//
f 1270// 1269// 1271//
f 1270// 1271// 1272//
f 1272// 1271// 1273//
f 1272// 1273// 1274//
f 1274// 1273// 1275//
f 1274// 1275// 1276//
f 1276// 1275// 1277//
f 1276// 1277// 1278//
f 1278// 1277// 1279//
f 1278// 1279// 1280//
f 1280// 1279// 1281//
f 1280// 1281// 1282//
f 1282// 1281// 1283//
f 1282// 1283// 1284//
f 1284// 1283// 1285//
f 1284// 1285// 1286//
f 1286// 1285// 1287//
f 1286// 1287// 1288//
f 1288// 1287// 1265//
f 1288// 1265// 1266//
f 1264// 1263// 1289//
f 1264// 1289// 1290//
f 1290// 1289// 1291//
f 1290// 1291// 1292//
f 1292// 1291// 1293//
f 1292// 1293// 1294//
f 1294// 1293// 1295//
f 1294// 1295// 1296//
f 1296// 1295// 1297//
f 1296// 1297// 1298//
f 1298// 1297// 1299//
f 1298// 1299// 1300//
f 1300// 1299// 1301//
f 1300// 1301// 1302//
f 1302// 1301// 1303//
f 1302// 1303// 1304//
f 1304// 1303// 1305//
f 1304// 1305// 1306//
f 1306// 1305// 1307//
f 1306// 1307// 1308//
f 1308// 1307// 1262//
f 1308// 1262// 1260//
f 1260// 1259// 1309//
f 1308// 1260// 1296//
f 1266// 1264// 1260//
f 1260// 1264// 1290//
f 1284// 1286// 1260//
f 1260// 1286// 1288//
f 1260// 1288// 1266//
f 1300// 1302// 1304//
f 1309// 1267// 1260//
f 1260// 1267// 1270//
f 1260// 1270// 1272//
f 1272// 1274// 1260//
f 1260// 1274// 1276//
f 1260// 1276// 1278//
f 1278// 1280// 1260//
f 1260// 1280// 1282//
f 1260// 1282// 1284//
f 1290// 1292// 1260//
f 1260// 1292// 1294//
f 1260// 1294// 1296//
f 1300// 1304// 1298//
f 1298// 1304// 1296//
f 1296// 1304// 1306//
f 1296// 1306// 1308//
f 1268// 1267// 1310//
f 1310// 1267// 1309//
f 1261// 1262// 1263//
f 1293// 1262// 1295//
f 1295// 1262// 1307//
f 1303// 1301// 1299//
f 1293// 1291// 1262//
f 1262// 1291// 1289//
f 1262// 1289// 1263//
f 1285// 1283// 1268//
f 1268// 1283// 1281//
f 1268// 1281// 1269//
f 1277// 1275// 1273//
f 1307// 1305// 1295//
f 1295// 1305// 1303//
f 1295// 1303// 1297//
f 1297// 1303// 1299//
f 1261// 1263// 1310//
f 1310// 1263// 1265//
f 1310// 1265// 1268//
f 1268// 1265// 1287//
f 1268// 1287// 1285//
f 1277// 1273// 1279//
f 1279// 1273// 1281//
f 1281// 1273// 1271//
f 1281// 1271// 1269//
f 1259// 1261// 1309//
f 1309// 1261// 1310//
f 169// 190// 189//
f 175// 174// 169//
f 175// 169// 176//
f 174// 173// 169//
f 169// 173// 172//
f 169// 172// 171//
f 171// 170// 169//
f 169// 170// 168//
f 169// 168// 167//
f 189// 191// 169//
f 169// 191// 192//
f 169// 192// 188//
f 188// 187// 169//
f 169// 187// 186//
f 169// 186// 185//
f 185// 184// 169//
f 169// 184// 183//
f 169// 183// 176//
f 177// 179// 178//
f 178// 179// 180//
f 167// 182// 169//
f 169// 182// 180//
f 169// 180// 181//
f 181// 180// 179//
f 1311// 173// 174//
f 1311// 174// 1312//
f 1312// 174// 175//
f 1312// 175// 1313//
f 1313// 175// 176//
f 1313// 176// 1314//
f 1314// 176// 183//
f 1314// 183// 1315//
f 1315// 183// 184//
f 1315// 184// 1316//
f 1316// 184// 185//
f 1316// 185// 1317//
f 1317// 185// 186//
f 1317// 186// 1318//
f 1318// 186// 187//
f 1318// 187// 1319//
f 1319// 187// 188//
f 1319// 188// 1320//
f 1320// 188// 192//
f 1320// 192// 1321//
f 1321// 192// 191//
f 1321// 191// 1322//
f 1323// 1322// 189//
f 189// 1322// 191//
f 1324// 1325// 1326//
f 1326// 1325// 1327//
f 1327// 1328// 1326//
f 1326// 1328// 1329//
f 1326// 1329// 1311//
f 1311// 1312// 1326//
f 1326// 1312// 1313//
f 1326// 1313// 1314//
f 1330// 1331// 1332//
f 1332// 1331// 1333//
f 1332// 1333// 1334//
f 1334// 1333// 1326//
f 1326// 1333// 1335//
f 1326// 1335// 1324//
f 1314// 1315// 1326//
f 1326// 1315// 1316//
f 1326// 1316// 1317//
f 1317// 1318// 1326//
f 1326// 1318// 1319//
f 1326// 1319// 1320//
f 1323// 1336// 1322//
f 1322// 1336// 1326//
f 1322// 1326// 1321//
f 1321// 1326// 1320//
f 173// 1311// 172//
f 172// 1311// 1329//
f 1326// 169// 181//
f 1326// 181// 1334//
f 1334// 181// 179//
f 1334// 179// 1332//
f 1332// 179// 177//
f 1332// 177// 1330//
f 1330// 177// 178//
f 1330// 178// 1331//
f 1331// 178// 180//
f 1331// 180// 1333//
f 1333// 180// 182//
f 1333// 182// 1335//
f 1335// 182// 167//
f 1335// 167// 1324//
f 1324// 167// 168//
f 1324// 168// 1325//
f 1325// 168// 170//
f 1325// 170// 1327//
f 1327// 170// 171//
f 1327// 171// 1328//
f 1328// 171// 172//
f 1328// 172// 1329//
f 169// 1326// 190//
f 190// 1326// 1336//
f 1323// 189// 1336//
f 1336// 189// 190//
f 1337// 1338// 1339//
f 1339// 1338// 1340//
f 1341// 1342// 1343//
f 1343// 1342// 1344//
f 1342// 1341// 1345//
f 1342// 1345// 1346//
f 1346// 1345// 1347//
f 1346// 1347// 1348//
f 1348// 1347// 1349//
f 1348// 1349// 1350//
f 1350// 1349// 1351//
f 1350// 1351// 1352//
f 1352// 1351// 1353//
f 1352// 1353// 1354//
f 1354// 1353// 1355//
f 1354// 1355// 1356//
f 1356// 1355// 1357//
f 1356// 1357// 1358//
f 1358// 1357// 1359//
f 1358// 1359// 1360//
f 1360// 1359// 1361//
f 1360// 1361// 1362//
f 1362// 1361// 1363//
f 1362// 1363// 1364//
f 1364// 1363// 1365//
f 1364// 1365// 1366//
f 1337// 1344// 1338//
f 1338// 1344// 1342//
f 1364// 1366// 1342//
f 1364// 1342// 1362//
f 1356// 1358// 1346//
f 1366// 1367// 1342//
f 1342// 1367// 1368//
f 1342// 1368// 1369//
f 1350// 1352// 1354//
f 1346// 1358// 1342//
f 1342// 1358// 1360//
f 1342// 1360// 1362//
f 1369// 1370// 1342//
f 1342// 1370// 1371//
f 1342// 1371// 1372//
f 1372// 1373// 1342//
f 1342// 1373// 1374//
f 1342// 1374// 1375//
f 1375// 1376// 1342//
f 1342// 1376// 1377//
f 1342// 1377// 1338//
f 1356// 1346// 1354//
f 1354// 1346// 1348//
f 1354// 1348// 1350//
f 1367// 1378// 1379//
f 1367// 1379// 1368//
f 1368// 1379// 1380//
f 1368// 1380// 1369//
f 1369// 1380// 1381//
f 1369// 1381// 1370//
f 1370// 1381// 1382//
f 1370// 1382// 1371//
f 1371// 1382// 1383//
f 1371// 1383// 1372//
f 1372// 1383// 1384//
f 1372// 1384// 1373//
f 1373// 1384// 1385//
f 1373// 1385// 1374//
f 1374// 1385// 1386//
f 1374// 1386// 1375//
f 1375// 1386// 1387//
f 1375// 1387// 1376//
f 1376// 1387// 1388//
f 1376// 1388// 1377//
f 1377// 1388// 1340//
f 1377// 1340// 1338//
f 1378// 1367// 1365//
f 1365// 1367// 1366//
f 1345// 1341// 1357//
f 1343// 1339// 1341//
f 1341// 1339// 1340//
f 1378// 1365// 1341//
f 1341// 1365// 1363//
f 1383// 1382// 1341//
f 1341// 1382// 1381//
f 1381// 1380// 1341//
f 1341// 1380// 1379//
f 1341// 1379// 1378//
f 1363// 1361// 1341//
f 1341// 1361// 1359//
f 1341// 1359// 1357//
f 1340// 1388// 1341//
f 1341// 1388// 1387//
f 1341// 1387// 1386//
f 1386// 1385// 1341//
f 1341// 1385// 1384//
f 1341// 1384// 1383//
f 1353// 1351// 1349//
f 1357// 1355// 1345//
f 1345// 1355// 1353//
f 1345// 1353// 1347//
f 1347// 1353// 1349//
f 1337// 1339// 1344//
f 1344// 1339// 1343//
f 1389// 1390// 1391//
f 1391// 1390// 1392//
f 1393// 1394// 1395//
f 1393// 1395// 1396//
f 1396// 1395// 1397//
f 1396// 1397// 1398//
f 1398// 1397// 1399//
f 1398// 1399// 1400//
f 1400// 1399// 1401//
f 1400// 1401// 1402//
f 1402// 1401// 1403//
f 1402// 1403// 1404//
f 1404// 1403// 1405//
f 1404// 1405// 1406//
f 1406// 1405// 1407//
f 1406// 1407// 1408//
f 1408// 1407// 1409//
f 1408// 1409// 1410//
f 1410// 1409// 1411//
f 1410// 1411// 1412//
f 1412// 1411// 1413//
f 1412// 1413// 1414//
f 1414// 1413// 1415//
f 1414// 1415// 1416//
f 1394// 1393// 1417//
f 1417// 1393// 1418//
f 1419// 1420// 1415//
f 1415// 1420// 1416//
f 1390// 1389// 1418//
f 1421// 1390// 1422//
f 1416// 1420// 1390//
f 1390// 1420// 1423//
f 1410// 1412// 1390//
f 1390// 1412// 1414//
f 1390// 1414// 1416//
f 1424// 1425// 1426//
f 1418// 1393// 1390//
f 1390// 1393// 1396//
f 1390// 1396// 1398//
f 1398// 1400// 1390//
f 1390// 1400// 1402//
f 1390// 1402// 1404//
f 1404// 1406// 1390//
f 1390// 1406// 1408//
f 1390// 1408// 1410//
f 1423// 1427// 1390//
f 1390// 1427// 1428//
f 1390// 1428// 1422//
f 1424// 1426// 1429//
f 1429// 1426// 1422//
f 1422// 1426// 1430//
f 1422// 1430// 1421//
f 1420// 1419// 1431//
f 1420// 1431// 1423//
f 1423// 1431// 1432//
f 1423// 1432// 1427//
f 1427// 1432// 1433//
f 1427// 1433// 1428//
f 1428// 1433// 1434//
f 1428// 1434// 1422//
f 1422// 1434// 1435//
f 1422// 1435// 1429//
f 1429// 1435// 1436//
f 1429// 1436// 1424//
f 1424// 1436// 1437//
f 1424// 1437// 1425//
f 1425// 1437// 1438//
f 1425// 1438// 1426//
f 1426// 1438// 1439//
f 1426// 1439// 1430//
f 1430// 1439// 1440//
f 1430// 1440// 1421//
f 1421// 1440// 1392//
f 1421// 1392// 1390//
f 1391// 1392// 1419//
f 1433// 1392// 1434//
f 1434// 1392// 1440//
f 1438// 1437// 1436//
f 1433// 1432// 1392//
f 1392// 1432// 1431//
f 1392// 1431// 1419//
f 1411// 1409// 1394//
f 1394// 1409// 1407//
f 1394// 1407// 1395//
f 1403// 1401// 1399//
f 1440// 1439// 1434//
f 1434// 1439// 1438//
f 1434// 1438// 1435//
f 1435// 1438// 1436//
f 1391// 1419// 1417//
f 1417// 1419// 1415//
f 1417// 1415// 1394//
f 1394// 1415// 1413//
f 1394// 1413// 1411//
f 1403// 1399// 1405//
f 1405// 1399// 1407//
f 1407// 1399// 1397//
f 1407// 1397// 1395//
f 1389// 1391// 1418//
f 1418// 1391// 1417//
f 1441// 1442// 1443//
f 1441// 1444// 1445//
f 1446// 1447// 1441//
f 1441// 1447// 1448//
f 1441// 1448// 1449//
f 1445// 1450// 1441//
f 1441// 1450// 1451//
f 1441// 1451// 1442//
f 1443// 1452// 1441//
f 1441// 1452// 1453//
f 1441// 1453// 1454//
f 1454// 1455// 1441//
f 1441// 1455// 1456//
f 1441// 1456// 1457//
f 1449// 1458// 1441//
f 1441// 1458// 1459//
f 1441// 1459// 1460//
f 1457// 1461// 1441//
f 1441// 1461// 1462//
f 1441// 1462// 1463//
f 1463// 1462// 1464//
f 1460// 1465// 1441//
f 1441// 1465// 1466//
f 1441// 1466// 1444//
f 1467// 1442// 1451//
f 1467// 1451// 1468//
f 1468// 1451// 1450//
f 1468// 1450// 1469//
f 1469// 1450// 1445//
f 1469// 1445// 1470//
f 1470// 1445// 1444//
f 1470// 1444// 1471//
f 1471// 1444// 1466//
f 1471// 1466// 1472//
f 1472// 1466// 1465//
f 1472// 1465// 1473//
f 1473// 1465// 1460//
f 1473// 1460// 1474//
f 1474// 1460// 1459//
f 1474// 1459// 1475//
f 1475// 1459// 1458//
f 1475// 1458// 1476//
f 1476// 1458// 1449//
f 1476// 1449// 1477//
f 1477// 1449// 1448//
f 1477// 1448// 1478//
f 1479// 1478// 1447//
f 1447// 1478// 1448//
f 1478// 1479// 1480//
f 1481// 1482// 1478//
f 1478// 1482// 1483//
f 1478// 1483// 1484//
f 1480// 1485// 1478//
f 1478// 1485// 1486//
f 1478// 1486// 1487//
f 1487// 1488// 1478//
f 1478// 1488// 1489//
f 1478// 1489// 1490//
f 1490// 1491// 1478//
f 1478// 1491// 1492//
f 1478// 1492// 1481//
f 1484// 1467// 1478//
f 1478// 1467// 1468//
f 1478// 1468// 1469//
f 1473// 1474// 1475//
f 1469// 1470// 1478//
f 1478// 1470// 1471//
f 1478// 1471// 1477//
f 1477// 1471// 1476//
f 1476// 1471// 1475//
f 1475// 1471// 1472//
f 1475// 1472// 1473//
f 1442// 1467// 1443//
f 1443// 1467// 1484//
f 1485// 1441// 1463//
f 1485// 1463// 1486//
f 1486// 1463// 1464//
f 1486// 1464// 1487//
f 1487// 1464// 1462//
f 1487// 1462// 1488//
f 1488// 1462// 1461//
f 1488// 1461// 1489//
f 1489// 1461// 1457//
f 1489// 1457// 1490//
f 1490// 1457// 1456//
f 1490// 1456// 1491//
f 1491// 1456// 1455//
f 1491// 1455// 1492//
f 1492// 1455// 1454//
f 1492// 1454// 1481//
f 1481// 1454// 1453//
f 1481// 1453// 1482//
f 1482// 1453// 1452//
f 1482// 1452// 1483//
f 1483// 1452// 1443//
f 1483// 1443// 1484//
f 1441// 1485// 1446//
f 1446// 1485// 1480//
f 1479// 1447// 1480//
f 1480// 1447// 1446//
f 1493// 1494// 1495//
f 1495// 1494// 1496//
f 1497// 1498// 1499//
f 1499// 1498// 1500//
f 1498// 1497// 1501//
f 1498// 1501// 1502//
f 1502// 1501// 1503//
f 1502// 1503// 1504//
f 1504// 1503// 1505//
f 1504// 1505// 1506//
f 1506// 1505// 1507//
f 1506// 1507// 1508//
f 1508// 1507// 1509//
f 1508// 1509// 1510//
f 1510// 1509// 1511//
f 1510// 1511// 1512//
f 1512// 1511// 1513//
f 1512// 1513// 1514//
f 1514// 1513// 1515//
f 1514// 1515// 1516//
f 1516// 1515// 1517//
f 1516// 1517// 1518//
f 1518// 1517// 1519//
f 1518// 1519// 1520//
f 1520// 1519// 1521//
f 1520// 1521// 1522//
f 1520// 1522// 1494//
f 1494// 1522// 1523//
f 1494// 1523// 1524//
f 1493// 1500// 1494//
f 1494// 1500// 1498//
f 1494// 1498// 1502//
f 1502// 1504// 1494//
f 1494// 1504// 1506//
f 1494// 1506// 1508//
f 1524// 1523// 1525//
f 1525// 1523// 1526//
f 1525// 1526// 1527//
f 1508// 1510// 1494//
f 1494// 1510// 1512//
f 1494// 1512// 1514//
f 1514// 1516// 1494//
f 1494// 1516// 1518//
f 1494// 1518// 1520//
f 1527// 1528// 1525//
f 1525// 1528// 1529//
f 1525// 1529// 1530//
f 1530// 1531// 1525//
f 1525// 1531// 1532//
f 1525// 1532// 1533//
f 1523// 1534// 1535//
f 1523// 1535// 1526//
f 1526// 1535// 1536//
f 1526// 1536// 1527//
f 1527// 1536// 1537//
f 1527// 1537// 1528//
f 1528// 1537// 1538//
f 1528// 1538// 1529//
f 1529// 1538// 1539//
f 1529// 1539// 1530//
f 1530// 1539// 1540//
f 1530// 1540// 1531//
f 1531// 1540// 1541//
f 1531// 1541// 1532//
f 1532// 1541// 1542//
f 1532// 1542// 1533//
f 1533// 1542// 1543//
f 1533// 1543// 1525//
f 1525// 1543// 1544//
f 1525// 1544// 1524//
f 1524// 1544// 1496//
f 1524// 1496// 1494//
f 1534// 1523// 1521//
f 1521// 1523// 1522//
f 1497// 1499// 1495//
f 1495// 1496// 1497//
f 1497// 1496// 1544//
f 1497// 1544// 1543//
f 1534// 1521// 1497//
f 1497// 1521// 1519//
f 1497// 1519// 1517//
f 1537// 1536// 1497//
f 1497// 1536// 1535//
f 1497// 1535// 1534//
f 1505// 1503// 1517//
f 1517// 1503// 1501//
f 1517// 1501// 1497//
f 1540// 1539// 1497//
f 1497// 1539// 1538//
f 1497// 1538// 1537//
f 1543// 1542// 1497//
f 1497// 1542// 1541//
f 1497// 1541// 1540//
f 1511// 1517// 1513//
f 1513// 1517// 1515//
f 1511// 1509// 1517//
f 1517// 1509// 1507//
f 1517// 1507// 1505//
f 1493// 1495// 1500//
f 1500// 1495// 1499//
f 1519// 1521// 1496//
f 1496// 1521// 1534//
f 1496// 1534// 1544//
f 1495// 1499// 1496//
f 1496// 1499// 1497//
f 1496// 1497// 1501//
f 1501// 1503// 1496//
f 1496// 1503// 1505//
f 1496// 1505// 1507//
f 1544// 1534// 1543//
f 1543// 1534// 1535//
f 1543// 1535// 1536//
f 1507// 1509// 1496//
f 1496// 1509// 1511//
f 1496// 1511// 1513//
f 1513// 1515// 1496//
f 1496// 1515// 1517//
f 1496// 1517// 1519//
f 1536// 1537// 1543//
f 1543// 1537// 1538//
f 1543// 1538// 1539//
f 1539// 1540// 1543//
f 1543// 1540// 1541//
f 1543// 1541// 1542//
f 1545// 1546// 1521//
f 1521// 1546// 1534//
f 1534// 1546// 1547//
f 1534// 1547// 1535//
f 1535// 1547// 1548//
f 1535// 1548// 1536//
f 1536// 1548// 1549//
f 1536// 1549// 1537//
f 1537// 1549// 1550//
f 1537// 1550// 1538//
f 1538// 1550// 1551//
f 1538// 1551// 1539//
f 1539// 1551// 1552//
f 1539// 1552// 1540//
f 1540// 1552// 1553//
f 1540// 1553// 1541//
f 1541// 1553// 1554//
f 1541// 1554// 1542//
f 1542// 1554// 1555//
f 1542// 1555// 1543//
f 1543// 1555// 1556//
f 1543// 1556// 1544//
f 1544// 1556// 1557//
f 1544// 1557// 1496//
f 1497// 1558// 1559//
f 1497// 1559// 1501//
f 1501// 1559// 1560//
f 1501// 1560// 1503//
f 1503// 1560// 1561//
f 1503// 1561// 1505//
f 1505// 1561// 1562//
f 1505// 1562// 1507//
f 1507// 1562// 1563//
f 1507// 1563// 1509//
f 1509// 1563// 1564//
f 1509// 1564// 1511//
f 1511// 1564// 1565//
f 1511// 1565// 1513//
f 1513// 1565// 1566//
f 1513// 1566// 1515//
f 1515// 1566// 1567//
f 1515// 1567// 1517//
f 1517// 1567// 1568//
f 1517// 1568// 1519//
f 1519// 1568// 1545//
f 1519// 1545// 1521//
f 1558// 1569// 1570//
f 1570// 1557// 1558//
f 1558// 1557// 1556//
f 1558// 1556// 1555//
f 1546// 1545// 1558//
f 1558// 1545// 1568//
f 1558// 1568// 1567//
f 1549// 1548// 1558//
f 1558// 1548// 1547//
f 1558// 1547// 1546//
f 1561// 1560// 1567//
f 1567// 1560// 1559//
f 1567// 1559// 1558//
f 1552// 1551// 1558//
f 1558// 1551// 1550//
f 1558// 1550// 1549//
f 1555// 1554// 1558//
f 1558// 1554// 1553//
f 1558// 1553// 1552//
f 1564// 1567// 1565//
f 1565// 1567// 1566//
f 1564// 1563// 1567//
f 1567// 1563// 1562//
f 1567// 1562// 1561//
f 1570// 1569// 1495//
f 1495// 1569// 1499//
f 1569// 1558// 1499//
f 1499// 1558// 1497//
f 1496// 1557// 1495//
f 1495// 1557// 1570//
f 1571// 1572// 1573//
f 1573// 1572// 1574//
f 1575// 1576// 1574//
f 1577// 1578// 1579//
f 1576// 1580// 1574//
f 1574// 1580// 1581//
f 1574// 1581// 1582//
f 1575// 1574// 1578//
f 1578// 1574// 1583//
f 1578// 1583// 1579//
f 1582// 1584// 1574//
f 1574// 1584// 1585//
f 1574// 1585// 1586//
f 1587// 1579// 1588//
f 1588// 1579// 1589//
f 1587// 1590// 1579//
f 1579// 1590// 1591//
f 1579// 1591// 1577//
f 1586// 1592// 1574//
f 1574// 1592// 1593//
f 1574// 1593// 1594//
f 1594// 1595// 1574//
f 1574// 1595// 1596//
f 1574// 1596// 1573//
f 1580// 1597// 1598//
f 1580// 1598// 1581//
f 1581// 1598// 1599//
f 1581// 1599// 1582//
f 1582// 1599// 1600//
f 1582// 1600// 1584//
f 1584// 1600// 1601//
f 1584// 1601// 1585//
f 1585// 1601// 1602//
f 1585// 1602// 1586//
f 1586// 1602// 1603//
f 1586// 1603// 1592//
f 1592// 1603// 1604//
f 1592// 1604// 1593//
f 1593// 1604// 1605//
f 1593// 1605// 1594//
f 1594// 1605// 1606//
f 1594// 1606// 1595//
f 1595// 1606// 1607//
f 1595// 1607// 1596//
f 1596// 1607// 1608//
f 1596// 1608// 1573//
f 1609// 1610// 1571//
f 1571// 1610// 1572//
f 1611// 1597// 1576//
f 1576// 1597// 1580//
f 1610// 1609// 1612//
f 1612// 1609// 1608//
f 1598// 1597// 1612//
f 1612// 1597// 1611//
f 1602// 1601// 1612//
f 1601// 1600// 1612//
f 1612// 1600// 1599//
f 1612// 1599// 1598//
f 1611// 1613// 1612//
f 1612// 1613// 1614//
f 1612// 1614// 1615//
f 1615// 1614// 1616//
f 1614// 1617// 1616//
f 1616// 1617// 1618//
f 1616// 1618// 1619//
f 1608// 1607// 1612//
f 1612// 1607// 1606//
f 1612// 1606// 1605//
f 1605// 1604// 1612//
f 1612// 1604// 1603//
f 1612// 1603// 1602//
f 1619// 1620// 1616//
f 1616// 1620// 1621//
f 1616// 1621// 1622//
f 1610// 1612// 1572//
f 1572// 1612// 1574//
f 1574// 1612// 1615//
f 1574// 1615// 1583//
f 1583// 1615// 1616//
f 1583// 1616// 1579//
f 1579// 1616// 1622//
f 1579// 1622// 1589//
f 1589// 1622// 1621//
f 1589// 1621// 1588//
f 1588// 1621// 1620//
f 1588// 1620// 1587//
f 1587// 1620// 1619//
f 1587// 1619// 1590//
f 1590// 1619// 1618//
f 1590// 1618// 1591//
f 1591// 1618// 1617//
f 1591// 1617// 1577//
f 1577// 1617// 1614//
f 1577// 1614// 1578//
f 1578// 1614// 1613//
f 1578// 1613// 1575//
f 1575// 1613// 1611//
f 1575// 1611// 1576//
f 1573// 1608// 1571//
f 1571// 1608// 1609//
f 1623// 1624// 1625//
f 1625// 1624// 1626//
f 1627// 1628// 1629//
f 1629// 1628// 1630//
f 1631// 1632// 1633//
f 1631// 1633// 1634//
f 1634// 1633// 1635//
f 1634// 1635// 1636//
f 1636// 1635// 1637//
f 1636// 1637// 1638//
f 1638// 1637// 1639//
f 1638// 1639// 1640//
f 1640// 1639// 1641//
f 1640// 1641// 1642//
f 1642// 1641// 1643//
f 1642// 1643// 1644//
f 1644// 1643// 1645//
f 1644// 1645// 1646//
f 1646// 1645// 1647//
f 1646// 1647// 1648//
f 1648// 1647// 1649//
f 1648// 1649// 1650//
f 1650// 1649// 1651//
f 1650// 1651// 1652//
f 1652// 1651// 1629//
f 1652// 1629// 1630//
f 1628// 1627// 1653//
f 1628// 1653// 1654//
f 1654// 1653// 1655//
f 1654// 1655// 1656//
f 1656// 1655// 1657//
f 1656// 1657// 1658//
f 1658// 1657// 1659//
f 1658// 1659// 1660//
f 1660// 1659// 1661//
f 1660// 1661// 1662//
f 1662// 1661// 1663//
f 1662// 1663// 1664//
f 1664// 1663// 1665//
f 1664// 1665// 1666//
f 1666// 1665// 1667//
f 1666// 1667// 1668//
f 1668// 1667// 1669//
f 1668// 1669// 1670//
f 1670// 1669// 1671//
f 1670// 1671// 1672//
f 1672// 1671// 1626//
f 1672// 1626// 1624//
f 1652// 1630// 1624//
f 1624// 1630// 1628//
f 1624// 1628// 1654//
f 1623// 1673// 1624//
f 1624// 1673// 1631//
f 1624// 1631// 1634//
f 1634// 1636// 1624//
f 1624// 1636// 1638//
f 1624// 1638// 1640//
f 1646// 1648// 1624//
f 1624// 1648// 1650//
f 1624// 1650// 1652//
f 1640// 1642// 1624//
f 1624// 1642// 1644//
f 1624// 1644// 1646//
f 1654// 1656// 1624//
f 1624// 1656// 1658//
f 1624// 1658// 1660//
f 1660// 1662// 1624//
f 1624// 1662// 1664//
f 1624// 1664// 1666//
f 1666// 1668// 1624//
f 1624// 1668// 1670//
f 1624// 1670// 1672//
f 1632// 1631// 1674//
f 1674// 1631// 1673//
f 1653// 1627// 1626//
f 1627// 1629// 1626//
f 1626// 1629// 1651//
f 1626// 1651// 1649//
f 1637// 1635// 1626//
f 1649// 1647// 1626//
f 1626// 1647// 1645//
f 1626// 1645// 1643//
f 1674// 1625// 1632//
f 1632// 1625// 1626//
f 1632// 1626// 1633//
f 1633// 1626// 1635//
f 1659// 1657// 1626//
f 1626// 1657// 1655//
f 1626// 1655// 1653//
f 1643// 1641// 1626//
f 1626// 1641// 1639//
f 1626// 1639// 1637//
f 1671// 1669// 1626//
f 1626// 1669// 1667//
f 1626// 1667// 1665//
f 1665// 1663// 1626//
f 1626// 1663// 1661//
f 1626// 1661// 1659//
f 1623// 1625// 1673//
f 1673// 1625// 1674//
f 1675// 1676// 1677//
f 1677// 1676// 1678//
f 1679// 1677// 1680//
f 1680// 1677// 1681//
f 1682// 1683// 1684//
f 1678// 1685// 1677//
f 1677// 1685// 1686//
f 1677// 1686// 1687//
f 1687// 1688// 1677//
f 1677// 1688// 1689//
f 1677// 1689// 1690//
f 1690// 1691// 1677//
f 1677// 1691// 1692//
f 1677// 1692// 1681//
f 1679// 1693// 1677//
f 1677// 1693// 1694//
f 1677// 1694// 1695//
f 1695// 1696// 1677//
f 1677// 1696// 1697//
f 1677// 1697// 1698//
f 1698// 1699// 1677//
f 1677// 1699// 1682//
f 1677// 1682// 1700//
f 1700// 1682// 1684//
f 1701// 1702// 1675//
f 1675// 1702// 1676//
f 1702// 1703// 1676//
f 1676// 1703// 1678//
f 1678// 1703// 1704//
f 1678// 1704// 1685//
f 1685// 1704// 1705//
f 1685// 1705// 1686//
f 1686// 1705// 1706//
f 1686// 1706// 1687//
f 1687// 1706// 1707//
f 1687// 1707// 1688//
f 1688// 1707// 1708//
f 1688// 1708// 1689//
f 1689// 1708// 1709//
f 1689// 1709// 1690//
f 1690// 1709// 1710//
f 1690// 1710// 1691//
f 1691// 1710// 1711//
f 1691// 1711// 1692//
f 1692// 1711// 1712//
f 1692// 1712// 1681//
f 1681// 1712// 1713//
f 1681// 1713// 1680//
f 1680// 1713// 1714//
f 1680// 1714// 1679//
f 1705// 1704// 1711//
f 1711// 1704// 1712//
f 1702// 1701// 1703//
f 1703// 1701// 1715//
f 1703// 1715// 1716//
f 1716// 1717// 1703//
f 1703// 1717// 1718//
f 1703// 1718// 1719//
f 1719// 1720// 1703//
f 1703// 1720// 1721//
f 1703// 1721// 1722//
f 1722// 1723// 1703//
f 1703// 1723// 1724//
f 1703// 1724// 1725//
f 1709// 1708// 1707//
f 1725// 1726// 1703//
f 1703// 1726// 1714//
f 1703// 1714// 1704//
f 1704// 1714// 1713//
f 1704// 1713// 1712//
f 1709// 1707// 1710//
f 1710// 1707// 1711//
f 1711// 1707// 1706//
f 1711// 1706// 1705//
f 1714// 1726// 1679//
f 1679// 1726// 1693//
f 1677// 1715// 1675//
f 1675// 1715// 1701//
f 1693// 1726// 1725//
f 1693// 1725// 1694//
f 1694// 1725// 1724//
f 1694// 1724// 1695//
f 1695// 1724// 1723//
f 1695// 1723// 1696//
f 1696// 1723// 1722//
f 1696// 1722// 1697//
f 1697// 1722// 1721//
f 1697// 1721// 1698//
f 1698// 1721// 1720//
f 1698// 1720// 1699//
f 1699// 1720// 1719//
f 1699// 1719// 1682//
f 1682// 1719// 1718//
f 1682// 1718// 1683//
f 1683// 1718// 1717//
f 1683// 1717// 1684//
f 1684// 1717// 1716//
f 1684// 1716// 1700//
f 1700// 1716// 1715//
f 1700// 1715// 1677//
f 1727// 1728// 1729//
f 1729// 1728// 1730//
f 1731// 1732// 1730//
f 1732// 1733// 1730//
f 1730// 1733// 1734//
f 1730// 1734// 1735//
f 1731// 1730// 1736//
f 1736// 1730// 1737//
f 1736// 1737// 1738//
f 1738// 1739// 1736//
f 1736// 1739// 1740//
f 1736// 1740// 1741//
f 1741// 1742// 1736//
f 1736// 1742// 1743//
f 1736// 1743// 1744//
f 1735// 1745// 1730//
f 1730// 1745// 1746//
f 1730// 1746// 1747//
f 1747// 1748// 1730//
f 1730// 1748// 1749//
f 1730// 1749// 1750//
f 1750// 1751// 1730//
f 1730// 1751// 1752//
f 1730// 1752// 1729//
f 1753// 1754// 1732//
f 1732// 1754// 1733//
f 1733// 1754// 1755//
f 1733// 1755// 1734//
f 1734// 1755// 1756//
f 1734// 1756// 1735//
f 1735// 1756// 1757//
f 1735// 1757// 1745//
f 1745// 1757// 1758//
f 1745// 1758// 1746//
f 1746// 1758// 1759//
f 1746// 1759// 1747//
f 1747// 1759// 1760//
f 1747// 1760// 1748//
f 1748// 1760// 1761//
f 1748// 1761// 1749//
f 1749// 1761// 1762//
f 1749// 1762// 1750//
f 1750// 1762// 1763//
f 1750// 1763// 1751//
f 1751// 1763// 1764//
f 1751// 1764// 1752//
f 1752// 1764// 1765//
f 1752// 1765// 1729//
f 1730// 1766// 1767//
f 1730// 1767// 1737//
f 1737// 1767// 1768//
f 1737// 1768// 1738//
f 1738// 1768// 1769//
f 1738// 1769// 1739//
f 1739// 1769// 1770//
f 1739// 1770// 1740//
f 1740// 1770// 1771//
f 1740// 1771// 1741//
f 1741// 1771// 1772//
f 1741// 1772// 1742//
f 1742// 1772// 1773//
f 1742// 1773// 1743//
f 1743// 1773// 1774//
f 1743// 1774// 1744//
f 1744// 1774// 1775//
f 1744// 1775// 1736//
f 1736// 1775// 1776//
f 1736// 1776// 1731//
f 1731// 1776// 1753//
f 1731// 1753// 1732//
f 1777// 1778// 1766//
f 1766// 1778// 1765//
f 1756// 1755// 1766//
f 1766// 1755// 1754//
f 1766// 1754// 1753//
f 1765// 1764// 1766//
f 1766// 1764// 1763//
f 1766// 1763// 1762//
f 1762// 1761// 1766//
f 1766// 1761// 1760//
f 1766// 1760// 1759//
f 1759// 1758// 1766//
f 1766// 1758// 1757//
f 1766// 1757// 1756//
f 1774// 1773// 1775//
f 1775// 1773// 1772//
f 1775// 1772// 1771//
f 1771// 1770// 1775//
f 1775// 1770// 1769//
f 1775// 1769// 1768//
f 1753// 1776// 1766//
f 1766// 1776// 1775//
f 1766// 1775// 1767//
f 1767// 1775// 1768//
f 1778// 1777// 1727//
f 1727// 1777// 1728//
f 1777// 1766// 1728//
f 1728// 1766// 1730//
f 1729// 1765// 1727//
f 1727// 1765// 1778//
f 1779// 1780// 1781//
f 1781// 1780// 1782//
f 1783// 1784// 1781//
f 1781// 1784// 1785//
f 1781// 1785// 1786//
f 1782// 1787// 1781//
f 1781// 1787// 1788//
f 1781// 1788// 1789//
f 1786// 1790// 1791//
f 1791// 1792// 1786//
f 1786// 1792// 1793//
f 1786// 1793// 1794//
f 1789// 1795// 1781//
f 1781// 1795// 1796//
f 1781// 1796// 1797//
f 1797// 1798// 1781//
f 1781// 1798// 1799//
f 1781// 1799// 1783//
f 1800// 1801// 1786//
f 1786// 1801// 1802//
f 1786// 1802// 1790//
f 1794// 1803// 1786//
f 1786// 1803// 1804//
f 1786// 1804// 1781//
f 1805// 1785// 1784//
f 1805// 1784// 1806//
f 1806// 1784// 1783//
f 1806// 1783// 1807//
f 1807// 1783// 1799//
f 1807// 1799// 1808//
f 1808// 1799// 1798//
f 1808// 1798// 1809//
f 1809// 1798// 1797//
f 1809// 1797// 1810//
f 1810// 1797// 1796//
f 1810// 1796// 1811//
f 1811// 1796// 1795//
f 1811// 1795// 1812//
f 1812// 1795// 1789//
f 1812// 1789// 1813//
f 1813// 1789// 1788//
f 1813// 1788// 1814//
f 1814// 1788// 1787//
f 1814// 1787// 1815//
f 1815// 1787// 1782//
f 1815// 1782// 1816//
f 1817// 1816// 1780//
f 1780// 1816// 1782//
f 1818// 1819// 1816//
f 1817// 1820// 1816//
f 1816// 1820// 1821//
f 1816// 1821// 1822//
f 1819// 1823// 1816//
f 1816// 1823// 1824//
f 1816// 1824// 1825//
f 1822// 1826// 1816//
f 1816// 1826// 1827//
f 1816// 1827// 1818//
f 1813// 1814// 1806//
f 1825// 1828// 1816//
f 1816// 1828// 1829//
f 1816// 1829// 1830//
f 1809// 1810// 1808//
f 1808// 1810// 1811//
f 1808// 1811// 1807//
f 1830// 1805// 1816//
f 1816// 1805// 1806//
f 1816// 1806// 1815//
f 1815// 1806// 1814//
f 1807// 1811// 1806//
f 1806// 1811// 1812//
f 1806// 1812// 1813//
f 1785// 1805// 1786//
f 1786// 1805// 1830//
f 1821// 1781// 1804//
f 1821// 1804// 1822//
f 1822// 1804// 1803//
f 1822// 1803// 1826//
f 1826// 1803// 1794//
f 1826// 1794// 1827//
f 1827// 1794// 1793//
f 1827// 1793// 1818//
f 1818// 1793// 1792//
f 1818// 1792// 1819//
f 1819// 1792// 1791//
f 1819// 1791// 1823//
f 1823// 1791// 1790//
f 1823// 1790// 1824//
f 1824// 1790// 1802//
f 1824// 1802// 1825//
f 1825// 1802// 1801//
f 1825// 1801// 1828//
f 1828// 1801// 1800//
f 1828// 1800// 1829//
f 1829// 1800// 1786//
f 1829// 1786// 1830//
f 1781// 1821// 1779//
f 1779// 1821// 1820//
f 1817// 1780// 1820//
f 1820// 1780// 1779//
f 1831// 1832// 1833//
f 1834// 1835// 1832//
f 1832// 1835// 1836//
f 1832// 1836// 1833//
f 1834// 1837// 1835//
f 1835// 1837// 1838//
f 1835// 1838// 1839//
f 1839// 1840// 1835//
f 1835// 1840// 1841//
f 1835// 1841// 1842//
f 1842// 1841// 1843//
f 1844// 1845// 1846//
f 1846// 1845// 1847//
f 1847// 1848// 1846//
f 1846// 1848// 1849//
f 1846// 1849// 1850//
f 1850// 1851// 1846//
f 1846// 1851// 1852//
f 1846// 1852// 1833//
f 1833// 1852// 1853//
f 1833// 1853// 1831//
f 1854// 1855// 1846//
f 1846// 1855// 1856//
f 1846// 1856// 1844//
f 1857// 1833// 1836//
f 1857// 1836// 1858//
f 1858// 1836// 1835//
f 1858// 1835// 1859//
f 1859// 1835// 1842//
f 1859// 1842// 1860//
f 1860// 1842// 1843//
f 1860// 1843// 1861//
f 1861// 1843// 1841//
f 1861// 1841// 1862//
f 1862// 1841// 1840//
f 1862// 1840// 1863//
f 1863// 1840// 1839//
f 1863// 1839// 1864//
f 1864// 1839// 1838//
f 1864// 1838// 1865//
f 1865// 1838// 1837//
f 1865// 1837// 1866//
f 1866// 1837// 1834//
f 1866// 1834// 1867//
f 1867// 1834// 1832//
f 1867// 1832// 1868//
f 1869// 1868// 1831//
f 1831// 1868// 1832//
f 1870// 1857// 1871//
f 1871// 1857// 1868//
f 1871// 1868// 1869//
f 1871// 1872// 1870//
f 1870// 1872// 1873//
f 1870// 1873// 1874//
f 1875// 1876// 1870//
f 1870// 1876// 1877//
f 1863// 1859// 1862//
f 1862// 1859// 1860//
f 1862// 1860// 1861//
f 1863// 1864// 1859//
f 1859// 1864// 1865//
f 1859// 1865// 1866//
f 1857// 1858// 1868//
f 1868// 1858// 1859//
f 1868// 1859// 1867//
f 1867// 1859// 1866//
f 1874// 1878// 1870//
f 1870// 1878// 1879//
f 1870// 1879// 1875//
f 1877// 1880// 1870//
f 1870// 1880// 1881//
f 1870// 1881// 1882//
f 1833// 1857// 1846//
f 1846// 1857// 1870//
f 1872// 1852// 1851//
f 1872// 1851// 1873//
f 1873// 1851// 1850//
f 1873// 1850// 1874//
f 1874// 1850// 1849//
f 1874// 1849// 1878//
f 1878// 1849// 1848//
f 1878// 1848// 1879//
f 1879// 1848// 1847//
f 1879// 1847// 1875//
f 1875// 1847// 1845//
f 1875// 1845// 1876//
f 1876// 1845// 1844//
f 1876// 1844// 1877//
f 1877// 1844// 1856//
f 1877// 1856// 1880//
f 1880// 1856// 1855//
f 1880// 1855// 1881//
f 1881// 1855// 1854//
f 1881// 1854// 1882//
f 1882// 1854// 1846//
f 1882// 1846// 1870//
f 1852// 1872// 1853//
f 1853// 1872// 1871//
f 1869// 1831// 1871//
f 1871// 1831// 1853//
f 1832// 1831// 1853//
f 1832// 1853// 1833//
f 1833// 1853// 1852//
f 1833// 1852// 1846//
f 1846// 1852// 1851//
f 1846// 1851// 1850//
f 1847// 1845// 1846//
f 1846// 1845// 1844//
f 1840// 1835// 1841//
f 1841// 1835// 1842//
f 1841// 1842// 1843//
f 1840// 1839// 1835//
f 1835// 1839// 1838//
f 1835// 1838// 1837//
f 1833// 1836// 1832//
f 1832// 1836// 1835//
f 1832// 1835// 1834//
f 1834// 1835// 1837//
f 1850// 1849// 1846//
f 1846// 1849// 1848//
f 1846// 1848// 1847//
f 1844// 1856// 1846//
f 1846// 1856// 1855//
f 1846// 1855// 1854//
f 1883// 1884// 1831//
f 1831// 1884// 1853//
f 1884// 1885// 1853//
f 1853// 1885// 1852//
f 1852// 1885// 1886//
f 1852// 1886// 1851//
f 1851// 1886// 1887//
f 1851// 1887// 1850//
f 1850// 1887// 1888//
f 1850// 1888// 1849//
f 1849// 1888// 1889//
f 1849// 1889// 1848//
f 1848// 1889// 1890//
f 1848// 1890// 1847//
f 1847// 1890// 1891//
f 1847// 1891// 1845//
f 1845// 1891// 1892//
f 1845// 1892// 1844//
f 1844// 1892// 1893//
f 1844// 1893// 1856//
f 1856// 1893// 1894//
f 1856// 1894// 1855//
f 1855// 1894// 1895//
f 1855// 1895// 1854//
f 1854// 1895// 1896//
f 1854// 1896// 1846//
f 1883// 1897// 1898//
f 1899// 1900// 1897//
f 1897// 1900// 1901//
f 1897// 1901// 1898//
f 1899// 1902// 1900//
f 1900// 1902// 1903//
f 1900// 1903// 1904//
f 1904// 1905// 1900//
f 1900// 1905// 1906//
f 1900// 1906// 1907//
f 1907// 1906// 1908//
f 1892// 1891// 1896//
f 1896// 1891// 1890//
f 1890// 1889// 1896//
f 1896// 1889// 1888//
f 1896// 1888// 1887//
f 1887// 1886// 1896//
f 1896// 1886// 1885//
f 1896// 1885// 1898//
f 1898// 1885// 1884//
f 1898// 1884// 1883//
f 1895// 1894// 1896//
f 1896// 1894// 1893//
f 1896// 1893// 1892//
f 1896// 1898// 1846//
f 1846// 1898// 1833//
f 1832// 1897// 1831//
f 1831// 1897// 1883//
f 1833// 1898// 1901//
f 1833// 1901// 1836//
f 1836// 1901// 1900//
f 1836// 1900// 1835//
f 1835// 1900// 1907//
f 1835// 1907// 1842//
f 1842// 1907// 1908//
f 1842// 1908// 1843//
f 1843// 1908// 1906//
f 1843// 1906// 1841//
f 1841// 1906// 1905//
f 1841// 1905// 1840//
f 1840// 1905// 1904//
f 1840// 1904// 1839//
f 1839// 1904// 1903//
f 1839// 1903// 1838//
f 1838// 1903// 1902//
f 1838// 1902// 1837//
f 1837// 1902// 1899//
f 1837// 1899// 1834//
f 1834// 1899// 1897//
f 1834// 1897// 1832//
f 1686// 1685// 1692//
f 1692// 1685// 1681//
f 1676// 1675// 1678//
f 1678// 1675// 1677//
f 1678// 1677// 1700//
f 1700// 1684// 1678//
f 1678// 1684// 1683//
f 1678// 1683// 1682//
f 1682// 1699// 1678//
f 1678// 1699// 1698//
f 1678// 1698// 1697//
f 1697// 1696// 1678//
f 1678// 1696// 1695//
f 1678// 1695// 1694//
f 1690// 1689// 1688//
f 1694// 1693// 1678//
f 1678// 1693// 1679//
f 1678// 1679// 1685//
f 1685// 1679// 1680//
f 1685// 1680// 1681//
f 1690// 1688// 1691//
f 1691// 1688// 1692//
f 1692// 1688// 1687//
f 1692// 1687// 1686//
f 1909// 1693// 1694//
f 1909// 1694// 1910//
f 1910// 1694// 1695//
f 1910// 1695// 1911//
f 1911// 1695// 1696//
f 1911// 1696// 1912//
f 1912// 1696// 1697//
f 1912// 1697// 1913//
f 1913// 1697// 1698//
f 1913// 1698// 1914//
f 1914// 1698// 1699//
f 1914// 1699// 1915//
f 1915// 1699// 1682//
f 1915// 1682// 1916//
f 1916// 1682// 1683//
f 1916// 1683// 1917//
f 1917// 1683// 1684//
f 1917// 1684// 1918//
f 1918// 1684// 1700//
f 1918// 1700// 1919//
f 1919// 1700// 1677//
f 1919// 1677// 1920//
f 1921// 1920// 1675//
f 1675// 1920// 1677//
f 1921// 1922// 1920//
f 1920// 1922// 1923//
f 1924// 1920// 1925//
f 1925// 1920// 1926//
f 1916// 1917// 1918//
f 1923// 1927// 1920//
f 1920// 1927// 1928//
f 1920// 1928// 1929//
f 1929// 1930// 1920//
f 1920// 1930// 1931//
f 1920// 1931// 1932//
f 1932// 1933// 1920//
f 1920// 1933// 1934//
f 1920// 1934// 1926//
f 1924// 1909// 1920//
f 1920// 1909// 1910//
f 1920// 1910// 1911//
f 1911// 1912// 1920//
f 1920// 1912// 1913//
f 1920// 1913// 1914//
f 1914// 1915// 1920//
f 1920// 1915// 1916//
f 1920// 1916// 1919//
f 1919// 1916// 1918//
f 1693// 1909// 1679//
f 1679// 1909// 1924//
f 1923// 1678// 1685//
f 1923// 1685// 1927//
f 1927// 1685// 1686//
f 1927// 1686// 1928//
f 1928// 1686// 1687//
f 1928// 1687// 1929//
f 1929// 1687// 1688//
f 1929// 1688// 1930//
f 1930// 1688// 1689//
f 1930// 1689// 1931//
f 1931// 1689// 1690//
f 1931// 1690// 1932//
f 1932// 1690// 1691//
f 1932// 1691// 1933//
f 1933// 1691// 1692//
f 1933// 1692// 1934//
f 1934// 1692// 1681//
f 1934// 1681// 1926//
f 1926// 1681// 1680//
f 1926// 1680// 1925//
f 1925// 1680// 1679//
f 1925// 1679// 1924//
f 1678// 1923// 1676//
f 1676// 1923// 1922//
f 1921// 1675// 1922//
f 1922// 1675// 1676//
f 1651// 1629// 1626//
f 1626// 1629// 1627//
f 1626// 1627// 1653//
f 1625// 1674// 1626//
f 1626// 1674// 1632//
f 1626// 1632// 1633//
f 1633// 1635// 1626//
f 1626// 1635// 1637//
f 1626// 1637// 1639//
f 1645// 1647// 1626//
f 1626// 1647// 1649//
f 1626// 1649// 1651//
f 1639// 1641// 1626//
f 1626// 1641// 1643//
f 1626// 1643// 1645//
f 1653// 1655// 1626//
f 1626// 1655// 1657//
f 1626// 1657// 1659//
f 1659// 1661// 1626//
f 1626// 1661// 1663//
f 1626// 1663// 1665//
f 1665// 1667// 1626//
f 1626// 1667// 1669//
f 1626// 1669// 1671//
f 1935// 1936// 1625//
f 1625// 1936// 1674//
f 1936// 1937// 1674//
f 1674// 1937// 1632//
f 1627// 1938// 1939//
f 1627// 1939// 1653//
f 1653// 1939// 1940//
f 1653// 1940// 1655//
f 1655// 1940// 1941//
f 1655// 1941// 1657//
f 1657// 1941// 1942//
f 1657// 1942// 1659//
f 1659// 1942// 1943//
f 1659// 1943// 1661//
f 1661// 1943// 1944//
f 1661// 1944// 1663//
f 1663// 1944// 1945//
f 1663// 1945// 1665//
f 1665// 1945// 1946//
f 1665// 1946// 1667//
f 1667// 1946// 1947//
f 1667// 1947// 1669//
f 1669// 1947// 1948//
f 1669// 1948// 1671//
f 1671// 1948// 1949//
f 1671// 1949// 1626//
f 1939// 1938// 1949//
f 1938// 1950// 1949//
f 1949// 1950// 1951//
f 1949// 1951// 1952//
f 1953// 1954// 1949//
f 1952// 1955// 1949//
f 1949// 1955// 1956//
f 1949// 1956// 1957//
f 1936// 1935// 1937//
f 1937// 1935// 1949//
f 1937// 1949// 1958//
f 1958// 1949// 1954//
f 1942// 1941// 1949//
f 1949// 1941// 1940//
f 1949// 1940// 1939//
f 1957// 1959// 1949//
f 1949// 1959// 1960//
f 1949// 1960// 1953//
f 1948// 1947// 1949//
f 1949// 1947// 1946//
f 1949// 1946// 1945//
f 1945// 1944// 1949//
f 1949// 1944// 1943//
f 1949// 1943// 1942//
f 1632// 1937// 1958//
f 1632// 1958// 1633//
f 1633// 1958// 1954//
f 1633// 1954// 1635//
f 1635// 1954// 1953//
f 1635// 1953// 1637//
f 1637// 1953// 1960//
f 1637// 1960// 1639//
f 1639// 1960// 1959//
f 1639// 1959// 1641//
f 1641// 1959// 1957//
f 1641// 1957// 1643//
f 1643// 1957// 1956//
f 1643// 1956// 1645//
f 1645// 1956// 1955//
f 1645// 1955// 1647//
f 1647// 1955// 1952//
f 1647// 1952// 1649//
f 1649// 1952// 1951//
f 1649// 1951// 1651//
f 1651// 1951// 1950//
f 1651// 1950// 1629//
f 1950// 1938// 1629//
f 1629// 1938// 1627//
f 1626// 1949// 1625//
f 1625// 1949// 1935//
f 324// 323// 326//
f 326// 323// 325//
f 326// 325// 341//
f 341// 330// 326//
f 326// 330// 329//
f 326// 329// 346//
f 326// 338// 344//
f 346// 345// 326//
f 326// 345// 339//
f 326// 339// 338//
f 348// 347// 337//
f 344// 343// 326//
f 326// 343// 342//
f 326// 342// 331//
f 336// 335// 328//
f 328// 335// 334//
f 328// 334// 333//
f 331// 340// 326//
f 326// 340// 328//
f 326// 328// 332//
f 332// 328// 333//
f 336// 328// 337//
f 337// 328// 327//
f 337// 327// 348//
f 1961// 1962// 324//
f 324// 1962// 323//
f 1962// 1963// 323//
f 323// 1963// 325//
f 325// 1963// 1964//
f 325// 1964// 341//
f 341// 1964// 1965//
f 341// 1965// 330//
f 330// 1965// 1966//
f 330// 1966// 329//
f 329// 1966// 1967//
f 329// 1967// 346//
f 346// 1967// 1968//
f 346// 1968// 345//
f 345// 1968// 1969//
f 345// 1969// 339//
f 339// 1969// 1970//
f 339// 1970// 338//
f 338// 1970// 1971//
f 338// 1971// 344//
f 344// 1971// 1972//
f 344// 1972// 343//
f 343// 1972// 1973//
f 343// 1973// 342//
f 342// 1973// 1974//
f 342// 1974// 331//
f 1962// 1961// 1963//
f 1963// 1961// 1975//
f 1976// 1977// 1963//
f 1966// 1965// 1974//
f 1975// 1978// 1963//
f 1963// 1978// 1979//
f 1963// 1979// 1980//
f 1980// 1981// 1963//
f 1963// 1981// 1982//
f 1963// 1982// 1983//
f 1974// 1970// 1969//
f 1977// 1984// 1963//
f 1963// 1984// 1974//
f 1963// 1974// 1964//
f 1964// 1974// 1965//
f 1973// 1972// 1974//
f 1974// 1972// 1971//
f 1974// 1971// 1970//
f 1969// 1968// 1974//
f 1974// 1968// 1967//
f 1974// 1967// 1966//
f 1983// 1985// 1963//
f 1963// 1985// 1986//
f 1963// 1986// 1976//
f 1974// 1984// 331//
f 331// 1984// 340//
f 326// 1975// 324//
f 324// 1975// 1961//
f 340// 1984// 1977//
f 340// 1977// 328//
f 328// 1977// 1976//
f 328// 1976// 327//
f 327// 1976// 1986//
f 327// 1986// 348//
f 348// 1986// 1985//
f 348// 1985// 347//
f 347// 1985// 1983//
f 347// 1983// 337//
f 337// 1983// 1982//
f 337// 1982// 336//
f 336// 1982// 1981//
f 336// 1981// 335//
f 335// 1981// 1980//
f 335// 1980// 334//
f 334// 1980// 1979//
f 334// 1979// 333//
f 333// 1979// 1978//
f 333// 1978// 332//
f 332// 1978// 1975//
f 332// 1975// 326//
f 1987// 1988// 1571//
f 1571// 1988// 1573//
f 1989// 1574// 1583//
f 1989// 1583// 1990//
f 1990// 1583// 1579//
f 1990// 1579// 1991//
f 1991// 1579// 1589//
f 1991// 1589// 1992//
f 1992// 1589// 1588//
f 1992// 1588// 1993//
f 1993// 1588// 1587//
f 1993// 1587// 1994//
f 1994// 1587// 1590//
f 1994// 1590// 1995//
f 1995// 1590// 1591//
f 1995// 1591// 1996//
f 1996// 1591// 1577//
f 1996// 1577// 1997//
f 1997// 1577// 1578//
f 1997// 1578// 1998//
f 1998// 1578// 1575//
f 1998// 1575// 1999//
f 1999// 1575// 1576//
f 1999// 1576// 2000//
f 1574// 1989// 1572//
f 1572// 1989// 2001//
f 1580// 2002// 1576//
f 1576// 2002// 2000//
f 1987// 2001// 1988//
f 1988// 2001// 1989//
f 1999// 2000// 1989//
f 1997// 1998// 1991//
f 2000// 2002// 1989//
f 1989// 2002// 2003//
f 1989// 2003// 2004//
f 1999// 1989// 1998//
f 1998// 1989// 1990//
f 1998// 1990// 1991//
f 2004// 2005// 1989//
f 1989// 2005// 2006//
f 1989// 2006// 2007//
f 1994// 1991// 1993//
f 1993// 1991// 1992//
f 1994// 1995// 1991//
f 1991// 1995// 1996//
f 1991// 1996// 1997//
f 2007// 2008// 1989//
f 1989// 2008// 2009//
f 1989// 2009// 2010//
f 2010// 2011// 1989//
f 1989// 2011// 2012//
f 1989// 2012// 1988//
f 2002// 1580// 1581//
f 2002// 1581// 2003//
f 2003// 1581// 1582//
f 2003// 1582// 2004//
f 2004// 1582// 1584//
f 2004// 1584// 2005//
f 2005// 1584// 1585//
f 2005// 1585// 2006//
f 2006// 1585// 1586//
f 2006// 1586// 2007//
f 2007// 1586// 1592//
f 2007// 1592// 2008//
f 2008// 1592// 1593//
f 2008// 1593// 2009//
f 2009// 1593// 1594//
f 2009// 1594// 2010//
f 2010// 1594// 1595//
f 2010// 1595// 2011//
f 2011// 1595// 1596//
f 2011// 1596// 2012//
f 2012// 1596// 1573//
f 2012// 1573// 1988//
f 1572// 1571// 1574//
f 1574// 1571// 1573//
f 1581// 1580// 1574//
f 1574// 1580// 1576//
f 1586// 1585// 1574//
f 1585// 1584// 1574//
f 1574// 1584// 1582//
f 1574// 1582// 1581//
f 1576// 1575// 1574//
f 1574// 1575// 1578//
f 1574// 1578// 1583//
f 1583// 1578// 1579//
f 1578// 1577// 1579//
f 1579// 1577// 1591//
f 1579// 1591// 1590//
f 1573// 1596// 1574//
f 1574// 1596// 1595//
f 1574// 1595// 1594//
f 1594// 1593// 1574//
f 1574// 1593// 1592//
f 1574// 1592// 1586//
f 1590// 1587// 1579//
f 1579// 1587// 1588//
f 1579// 1588// 1589//
f 1987// 1571// 2001//
f 2001// 1571// 1572//
f 2013// 2014// 223//
f 223// 2014// 221//
f 225// 2015// 224//
f 224// 2015// 2016//
f 2015// 225// 226//
f 2015// 226// 2017//
f 2017// 226// 229//
f 2017// 229// 2018//
f 2018// 229// 230//
f 2018// 230// 2019//
f 2019// 230// 231//
f 2019// 231// 2020//
f 2020// 231// 235//
f 2020// 235// 2021//
f 2021// 235// 236//
f 2021// 236// 2022//
f 2022// 236// 237//
f 2022// 237// 2023//
f 2023// 237// 243//
f 2023// 243// 2024//
f 2024// 243// 244//
f 2024// 244// 2025//
f 2025// 244// 219//
f 2025// 219// 2026//
f 2026// 219// 220//
f 2026// 220// 2027//
f 2026// 2027// 2014//
f 2014// 2027// 2028//
f 2013// 2016// 2014//
f 2014// 2016// 2015//
f 2014// 2015// 2017//
f 2029// 2030// 2028//
f 2017// 2018// 2014//
f 2014// 2018// 2019//
f 2014// 2019// 2020//
f 2029// 2028// 2031//
f 2030// 2032// 2028//
f 2028// 2032// 2033//
f 2028// 2033// 2014//
f 2020// 2021// 2014//
f 2014// 2021// 2022//
f 2014// 2022// 2023//
f 2031// 2028// 2034//
f 2034// 2028// 2035//
f 2034// 2035// 2036//
f 2036// 2035// 2037//
f 2036// 2037// 2038//
f 2023// 2024// 2014//
f 2014// 2024// 2025//
f 2014// 2025// 2026//
f 2028// 222// 239//
f 2028// 239// 2035//
f 2035// 239// 241//
f 2035// 241// 2037//
f 2037// 241// 242//
f 2037// 242// 2038//
f 2038// 242// 240//
f 2038// 240// 2036//
f 2036// 240// 238//
f 2036// 238// 2034//
f 2034// 238// 232//
f 2034// 232// 2031//
f 2031// 232// 227//
f 2031// 227// 2029//
f 2029// 227// 228//
f 2029// 228// 2030//
f 2030// 228// 233//
f 2030// 233// 2032//
f 2032// 233// 234//
f 2032// 234// 2033//
f 2033// 234// 221//
f 2033// 221// 2014//
f 222// 2028// 220//
f 220// 2028// 2027//
f 239// 222// 225//
f 224// 223// 225//
f 225// 223// 221//
f 225// 221// 234//
f 234// 233// 225//
f 225// 233// 228//
f 225// 228// 227//
f 222// 220// 225//
f 225// 220// 219//
f 225// 219// 244//
f 227// 232// 225//
f 225// 232// 238//
f 225// 238// 240//
f 230// 229// 244//
f 244// 229// 226//
f 244// 226// 225//
f 240// 242// 225//
f 225// 242// 241//
f 225// 241// 239//
f 236// 244// 237//
f 237// 244// 243//
f 236// 235// 244//
f 244// 235// 231//
f 244// 231// 230//
f 2013// 223// 2016//
f 2016// 223// 224//
f 2039// 2040// 2041//
f 2041// 2040// 2042//
f 2043// 2044// 2045//
f 2045// 2044// 2046//
f 2044// 2043// 2047//
f 2044// 2047// 2048//
f 2048// 2047// 2049//
f 2048// 2049// 2050//
f 2050// 2049// 2051//
f 2050// 2051// 2052//
f 2052// 2051// 2053//
f 2052// 2053// 2054//
f 2054// 2053// 2055//
f 2054// 2055// 2056//
f 2056// 2055// 2057//
f 2056// 2057// 2058//
f 2058// 2057// 2059//
f 2058// 2059// 2060//
f 2060// 2059// 2061//
f 2060// 2061// 2062//
f 2062// 2061// 2063//
f 2062// 2063// 2064//
f 2064// 2063// 2065//
f 2064// 2065// 2066//
f 2066// 2065// 2067//
f 2066// 2067// 2068//
f 2039// 2046// 2040//
f 2040// 2046// 2044//
f 2040// 2069// 2070//
f 2044// 2048// 2040//
f 2040// 2048// 2050//
f 2040// 2050// 2052//
f 2052// 2054// 2040//
f 2040// 2054// 2056//
f 2040// 2056// 2058//
f 2058// 2060// 2040//
f 2040// 2060// 2062//
f 2040// 2062// 2064//
f 2064// 2066// 2040//
f 2040// 2066// 2068//
f 2040// 2068// 2069//
f 2070// 2071// 2040//
f 2040// 2071// 2072//
f 2040// 2072// 2073//
f 2074// 2075// 2076//
f 2076// 2075// 2077//
f 2073// 2078// 2040//
f 2040// 2078// 2075//
f 2040// 2075// 2079//
f 2079// 2075// 2074//
f 2069// 2080// 2081//
f 2069// 2081// 2070//
f 2070// 2081// 2082//
f 2070// 2082// 2071//
f 2071// 2082// 2083//
f 2071// 2083// 2072//
f 2072// 2083// 2084//
f 2072// 2084// 2073//
f 2073// 2084// 2085//
f 2073// 2085// 2078//
f 2078// 2085// 2086//
f 2078// 2086// 2075//
f 2075// 2086// 2087//
f 2075// 2087// 2077//
f 2077// 2087// 2088//
f 2077// 2088// 2076//
f 2076// 2088// 2089//
f 2076// 2089// 2074//
f 2074// 2089// 2090//
f 2074// 2090// 2079//
f 2079// 2090// 2042//
f 2079// 2042// 2040//
f 2080// 2069// 2067//
f 2067// 2069// 2068//
f 2045// 2041// 2043//
f 2043// 2041// 2042//
f 2085// 2084// 2043//
f 2081// 2080// 2043//
f 2043// 2080// 2067//
f 2053// 2051// 2049//
f 2042// 2090// 2043//
f 2043// 2090// 2089//
f 2043// 2089// 2088//
f 2084// 2083// 2043//
f 2043// 2083// 2082//
f 2043// 2082// 2081//
f 2061// 2059// 2043//
f 2043// 2059// 2057//
f 2043// 2057// 2047//
f 2088// 2087// 2043//
f 2043// 2087// 2086//
f 2043// 2086// 2085//
f 2067// 2065// 2043//
f 2043// 2065// 2063//
f 2043// 2063// 2061//
f 2047// 2057// 2049//
f 2049// 2057// 2055//
f 2049// 2055// 2053//
f 2039// 2041// 2046//
f 2046// 2041// 2045//
f 2041// 2045// 2042//
f 2042// 2045// 2043//
f 2042// 2080// 2081//
f 2043// 2047// 2042//
f 2042// 2047// 2049//
f 2042// 2049// 2051//
f 2051// 2053// 2042//
f 2042// 2053// 2055//
f 2042// 2055// 2057//
f 2057// 2059// 2042//
f 2042// 2059// 2061//
f 2042// 2061// 2063//
f 2063// 2065// 2042//
f 2042// 2065// 2067//
f 2042// 2067// 2080//
f 2081// 2082// 2042//
f 2042// 2082// 2083//
f 2042// 2083// 2084//
f 2089// 2086// 2088//
f 2088// 2086// 2087//
f 2084// 2085// 2042//
f 2042// 2085// 2086//
f 2042// 2086// 2090//
f 2090// 2086// 2089//
f 2091// 2092// 2067//
f 2067// 2092// 2080//
f 2080// 2092// 2093//
f 2080// 2093// 2081//
f 2081// 2093// 2094//
f 2081// 2094// 2082//
f 2082// 2094// 2095//
f 2082// 2095// 2083//
f 2083// 2095// 2096//
f 2083// 2096// 2084//
f 2084// 2096// 2097//
f 2084// 2097// 2085//
f 2085// 2097// 2098//
f 2085// 2098// 2086//
f 2086// 2098// 2099//
f 2086// 2099// 2087//
f 2087// 2099// 2100//
f 2087// 2100// 2088//
f 2088// 2100// 2101//
f 2088// 2101// 2089//
f 2089// 2101// 2102//
f 2089// 2102// 2090//
f 2090// 2102// 2103//
f 2090// 2103// 2042//
f 2043// 2104// 2105//
f 2043// 2105// 2047//
f 2047// 2105// 2106//
f 2047// 2106// 2049//
f 2049// 2106// 2107//
f 2049// 2107// 2051//
f 2051// 2107// 2108//
f 2051// 2108// 2053//
f 2053// 2108// 2109//
f 2053// 2109// 2055//
f 2055// 2109// 2110//
f 2055// 2110// 2057//
f 2057// 2110// 2111//
f 2057// 2111// 2059//
f 2059// 2111// 2112//
f 2059// 2112// 2061//
f 2061// 2112// 2113//
f 2061// 2113// 2063//
f 2063// 2113// 2114//
f 2063// 2114// 2065//
f 2065// 2114// 2091//
f 2065// 2091// 2067//
f 2115// 2116// 2104//
f 2104// 2116// 2103//
f 2097// 2096// 2104//
f 2093// 2092// 2104//
f 2104// 2092// 2091//
f 2108// 2107// 2106//
f 2103// 2102// 2104//
f 2104// 2102// 2101//
f 2104// 2101// 2100//
f 2096// 2095// 2104//
f 2104// 2095// 2094//
f 2104// 2094// 2093//
f 2112// 2111// 2104//
f 2104// 2111// 2110//
f 2104// 2110// 2105//
f 2100// 2099// 2104//
f 2104// 2099// 2098//
f 2104// 2098// 2097//
f 2091// 2114// 2104//
f 2104// 2114// 2113//
f 2104// 2113// 2112//
f 2105// 2110// 2106//
f 2106// 2110// 2109//
f 2106// 2109// 2108//
f 2116// 2115// 2041//
f 2041// 2115// 2045//
f 2115// 2104// 2045//
f 2045// 2104// 2043//
f 2042// 2103// 2041//
f 2041// 2103// 2116//
f 13// 62// 14//
f 14// 62// 20//
f 15// 20// 17//
f 17// 20// 21//
f 17// 21// 23//
f 33// 17// 31//
f 31// 17// 29//
f 55// 20// 53//
f 53// 20// 51//
f 55// 57// 20//
f 20// 57// 59//
f 20// 59// 14//
f 23// 25// 17//
f 17// 25// 27//
f 17// 27// 29//
f 33// 35// 17//
f 17// 35// 37//
f 17// 37// 39//
f 15// 41// 20//
f 20// 41// 43//
f 20// 43// 45//
f 45// 47// 20//
f 20// 47// 49//
f 20// 49// 51//
f 2117// 2118// 13//
f 13// 2118// 62//
f 2118// 2119// 62//
f 62// 2119// 20//
f 15// 2120// 2121//
f 15// 2121// 41//
f 41// 2121// 2122//
f 41// 2122// 43//
f 43// 2122// 2123//
f 43// 2123// 45//
f 45// 2123// 2124//
f 45// 2124// 47//
f 47// 2124// 2125//
f 47// 2125// 49//
f 49// 2125// 2126//
f 49// 2126// 51//
f 51// 2126// 2127//
f 51// 2127// 53//
f 53// 2127// 2128//
f 53// 2128// 55//
f 55// 2128// 2129//
f 55// 2129// 57//
f 57// 2129// 2130//
f 57// 2130// 59//
f 59// 2130// 2131//
f 59// 2131// 14//
f 2119// 2118// 2117//
f 2119// 2120// 2132//
f 2133// 2134// 2119//
f 2117// 2131// 2119//
f 2119// 2131// 2130//
f 2119// 2130// 2129//
f 2129// 2128// 2119//
f 2119// 2128// 2127//
f 2119// 2127// 2126//
f 2132// 2135// 2119//
f 2119// 2135// 2136//
f 2119// 2136// 2133//
f 2137// 2138// 2139//
f 2139// 2138// 2140//
f 2134// 2141// 2119//
f 2119// 2141// 2140//
f 2119// 2140// 2142//
f 2142// 2140// 2138//
f 2126// 2125// 2119//
f 2119// 2125// 2124//
f 2119// 2124// 2123//
f 2123// 2122// 2119//
f 2119// 2122// 2121//
f 2119// 2121// 2120//
f 20// 2119// 2142//
f 20// 2142// 21//
f 21// 2142// 2138//
f 21// 2138// 23//
f 23// 2138// 2137//
f 23// 2137// 25//
f 25// 2137// 2139//
f 25// 2139// 27//
f 27// 2139// 2140//
f 27// 2140// 29//
f 29// 2140// 2141//
f 29// 2141// 31//
f 31// 2141// 2134//
f 31// 2134// 33//
f 33// 2134// 2133//
f 33// 2133// 35//
f 35// 2133// 2136//
f 35// 2136// 37//
f 37// 2136// 2135//
f 37// 2135// 39//
f 39// 2135// 2132//
f 39// 2132// 17//
f 2132// 2120// 17//
f 17// 2120// 15//
f 14// 2131// 13//
f 13// 2131// 2117//
f 2143// 2144// 2145//
f 2145// 2144// 2146//
f 2145// 2147// 2148//
f 2149// 2150// 2145//
f 2145// 2150// 2151//
f 2151// 2152// 2145//
f 2145// 2152// 2153//
f 2145// 2153// 2147//
f 2146// 2154// 2145//
f 2145// 2154// 2155//
f 2145// 2155// 2156//
f 2148// 2157// 2145//
f 2145// 2157// 2158//
f 2145// 2158// 2159//
f 2156// 2160// 2145//
f 2145// 2160// 2161//
f 2145// 2161// 2149//
f 2162// 2163// 2164//
f 2164// 2163// 2165//
f 2164// 2165// 2166//
f 2159// 2167// 2145//
f 2145// 2167// 2164//
f 2145// 2164// 2168//
f 2168// 2164// 2166//
f 2169// 2170// 2143//
f 2143// 2170// 2144//
f 2170// 2171// 2144//
f 2144// 2171// 2146//
f 2146// 2171// 2172//
f 2146// 2172// 2154//
f 2154// 2172// 2173//
f 2154// 2173// 2155//
f 2155// 2173// 2174//
f 2155// 2174// 2156//
f 2156// 2174// 2175//
f 2156// 2175// 2160//
f 2160// 2175// 2176//
f 2160// 2176// 2161//
f 2161// 2176// 2177//
f 2161// 2177// 2149//
f 2149// 2177// 2178//
f 2149// 2178// 2150//
f 2150// 2178// 2179//
f 2150// 2179// 2151//
f 2151// 2179// 2180//
f 2151// 2180// 2152//
f 2152// 2180// 2181//
f 2152// 2181// 2153//
f 2153// 2181// 2182//
f 2153// 2182// 2147//
f 2171// 2183// 2184//
f 2170// 2169// 2171//
f 2171// 2169// 2185//
f 2171// 2185// 2186//
f 2184// 2187// 2171//
f 2171// 2187// 2188//
f 2171// 2188// 2189//
f 2189// 2182// 2171//
f 2171// 2182// 2181//
f 2171// 2181// 2180//
f 2180// 2179// 2171//
f 2171// 2179// 2178//
f 2171// 2178// 2172//
f 2172// 2178// 2173//
f 2178// 2177// 2173//
f 2173// 2177// 2176//
f 2173// 2176// 2174//
f 2174// 2176// 2175//
f 2186// 2190// 2171//
f 2171// 2190// 2191//
f 2171// 2191// 2192//
f 2192// 2193// 2171//
f 2171// 2193// 2194//
f 2171// 2194// 2183//
f 2182// 2189// 2147//
f 2147// 2189// 2148//
f 2145// 2185// 2143//
f 2143// 2185// 2169//
f 2148// 2189// 2188//
f 2148// 2188// 2157//
f 2157// 2188// 2187//
f 2157// 2187// 2158//
f 2158// 2187// 2184//
f 2158// 2184// 2159//
f 2159// 2184// 2183//
f 2159// 2183// 2167//
f 2167// 2183// 2194//
f 2167// 2194// 2164//
f 2164// 2194// 2193//
f 2164// 2193// 2162//
f 2162// 2193// 2192//
f 2162// 2192// 2163//
f 2163// 2192// 2191//
f 2163// 2191// 2165//
f 2165// 2191// 2190//
f 2165// 2190// 2166//
f 2166// 2190// 2186//
f 2166// 2186// 2168//
f 2168// 2186// 2185//
f 2168// 2185// 2145//
f 532// 531// 534//
f 534// 531// 533//
f 539// 538// 533//
f 538// 537// 533//
f 533// 537// 536//
f 533// 536// 550//
f 541// 540// 533//
f 533// 540// 535//
f 533// 535// 534//
f 533// 545// 539//
f 539// 545// 544//
f 539// 544// 543//
f 543// 544// 551//
f 547// 546// 533//
f 533// 546// 542//
f 533// 542// 541//
f 554// 544// 555//
f 555// 544// 556//
f 554// 553// 544//
f 544// 553// 552//
f 544// 552// 551//
f 550// 549// 533//
f 533// 549// 548//
f 533// 548// 547//
f 2195// 538// 539//
f 2195// 539// 2196//
f 2196// 539// 543//
f 2196// 543// 2197//
f 2197// 543// 551//
f 2197// 551// 2198//
f 2198// 551// 552//
f 2198// 552// 2199//
f 2199// 552// 553//
f 2199// 553// 2200//
f 2200// 553// 554//
f 2200// 554// 2201//
f 2201// 554// 555//
f 2201// 555// 2202//
f 2202// 555// 556//
f 2202// 556// 2203//
f 2203// 556// 544//
f 2203// 544// 2204//
f 2204// 544// 545//
f 2204// 545// 2205//
f 2205// 545// 533//
f 2205// 533// 2206//
f 2207// 2206// 531//
f 531// 2206// 533//
f 2208// 2209// 2206//
f 2206// 2209// 2195//
f 2206// 2195// 2205//
f 2207// 2210// 2206//
f 2206// 2210// 2211//
f 2206// 2211// 2212//
f 2212// 2213// 2206//
f 2206// 2213// 2214//
f 2206// 2214// 2215//
f 2205// 2195// 2204//
f 2204// 2195// 2196//
f 2204// 2196// 2197//
f 2215// 2216// 2206//
f 2206// 2216// 2217//
f 2206// 2217// 2218//
f 2218// 2219// 2206//
f 2206// 2219// 2220//
f 2206// 2220// 2208//
f 2197// 2198// 2204//
f 2204// 2198// 2199//
f 2204// 2199// 2200//
f 2200// 2201// 2204//
f 2204// 2201// 2202//
f 2204// 2202// 2203//
f 538// 2195// 537//
f 537// 2195// 2209//
f 2211// 534// 535//
f 2211// 535// 2212//
f 2212// 535// 540//
f 2212// 540// 2213//
f 2213// 540// 541//
f 2213// 541// 2214//
f 2214// 541// 542//
f 2214// 542// 2215//
f 2215// 542// 546//
f 2215// 546// 2216//
f 2216// 546// 547//
f 2216// 547// 2217//
f 2217// 547// 548//
f 2217// 548// 2218//
f 2218// 548// 549//
f 2218// 549// 2219//
f 2219// 549// 550//
f 2219// 550// 2220//
f 2220// 550// 536//
f 2220// 536// 2208//
f 2208// 536// 537//
f 2208// 537// 2209//
f 534// 2211// 532//
f 532// 2211// 2210//
f 2207// 531// 2210//
f 2210// 531// 532//
f 2221// 2222// 2223//
f 2223// 2222// 2224//
f 2223// 2224// 2225//
f 2226// 2227// 2228//
f 2229// 2230// 2231//
f 2228// 2227// 2223//
f 2223// 2227// 2232//
f 2223// 2232// 2221//
f 2233// 2234// 2235//
f 2235// 2234// 2236//
f 2235// 2236// 2237//
f 2238// 2239// 2240//
f 2225// 2224// 2241//
f 2241// 2224// 2242//
f 2241// 2242// 2235//
f 2235// 2242// 2243//
f 2235// 2243// 2233//
f 2238// 2240// 2244//
f 2226// 2228// 2231//
f 2231// 2228// 2245//
f 2231// 2245// 2229//
f 2244// 2240// 2236//
f 2236// 2240// 2246//
f 2236// 2246// 2237//
f 2247// 2224// 2222//
f 2247// 2222// 2248//
f 2248// 2222// 2221//
f 2248// 2221// 2249//
f 2249// 2221// 2232//
f 2249// 2232// 2250//
f 2250// 2232// 2227//
f 2250// 2227// 2251//
f 2251// 2227// 2226//
f 2251// 2226// 2252//
f 2252// 2226// 2231//
f 2252// 2231// 2253//
f 2253// 2231// 2230//
f 2253// 2230// 2254//
f 2254// 2230// 2229//
f 2254// 2229// 2255//
f 2255// 2229// 2245//
f 2255// 2245// 2256//
f 2256// 2245// 2228//
f 2256// 2228// 2257//
f 2257// 2228// 2223//
f 2257// 2223// 2258//
f 2259// 2258// 2225//
f 2225// 2258// 2223//
f 2257// 2258// 2251//
f 2258// 2259// 2260//
f 2261// 2247// 2258//
f 2258// 2247// 2248//
f 2262// 2263// 2258//
f 2258// 2263// 2264//
f 2258// 2264// 2261//
f 2260// 2265// 2258//
f 2258// 2265// 2266//
f 2258// 2266// 2267//
f 2267// 2268// 2258//
f 2258// 2268// 2269//
f 2258// 2269// 2270//
f 2270// 2271// 2258//
f 2258// 2271// 2272//
f 2258// 2272// 2262//
f 2248// 2249// 2258//
f 2258// 2249// 2250//
f 2258// 2250// 2251//
f 2253// 2254// 2255//
f 2251// 2252// 2257//
f 2257// 2252// 2253//
f 2257// 2253// 2256//
f 2256// 2253// 2255//
f 2224// 2247// 2242//
f 2242// 2247// 2261//
f 2265// 2235// 2237//
f 2265// 2237// 2266//
f 2266// 2237// 2246//
f 2266// 2246// 2267//
f 2267// 2246// 2240//
f 2267// 2240// 2268//
f 2268// 2240// 2239//
f 2268// 2239// 2269//
f 2269// 2239// 2238//
f 2269// 2238// 2270//
f 2270// 2238// 2244//
f 2270// 2244// 2271//
f 2271// 2244// 2236//
f 2271// 2236// 2272//
f 2272// 2236// 2234//
f 2272// 2234// 2262//
f 2262// 2234// 2233//
f 2262// 2233// 2263//
f 2263// 2233// 2243//
f 2263// 2243// 2264//
f 2264// 2243// 2242//
f 2264// 2242// 2261//
f 2235// 2265// 2241//
f 2241// 2265// 2260//
f 2259// 2225// 2260//
f 2260// 2225// 2241//
f 2273// 2274// 2275//
f 2275// 2274// 2276//
f 2277// 2278// 2279//
f 2277// 2279// 2280//
f 2280// 2279// 2281//
f 2280// 2281// 2282//
f 2282// 2281// 2283//
f 2282// 2283// 2284//
f 2284// 2283// 2285//
f 2284// 2285// 2286//
f 2286// 2285// 2287//
f 2286// 2287// 2288//
f 2288// 2287// 2289//
f 2288// 2289// 2290//
f 2290// 2289// 2291//
f 2290// 2291// 2292//
f 2292// 2291// 2293//
f 2292// 2293// 2294//
f 2294// 2293// 2295//
f 2294// 2295// 2296//
f 2296// 2295// 2297//
f 2296// 2297// 2298//
f 2298// 2297// 2299//
f 2298// 2299// 2300//
f 2278// 2277// 2301//
f 2301// 2277// 2302//
f 2303// 2304// 2299//
f 2299// 2304// 2300//
f 2305// 2306// 2277//
f 2300// 2277// 2298//
f 2298// 2277// 2296//
f 2300// 2304// 2277//
f 2277// 2304// 2307//
f 2277// 2307// 2308//
f 2308// 2309// 2277//
f 2277// 2309// 2310//
f 2277// 2310// 2305//
f 2273// 2302// 2274//
f 2274// 2302// 2277//
f 2274// 2277// 2311//
f 2311// 2277// 2312//
f 2284// 2286// 2288//
f 2306// 2313// 2277//
f 2277// 2313// 2314//
f 2277// 2314// 2312//
f 2280// 2292// 2277//
f 2277// 2292// 2294//
f 2277// 2294// 2296//
f 2280// 2282// 2292//
f 2292// 2282// 2284//
f 2292// 2284// 2290//
f 2290// 2284// 2288//
f 2304// 2303// 2315//
f 2304// 2315// 2307//
f 2307// 2315// 2316//
f 2307// 2316// 2308//
f 2308// 2316// 2317//
f 2308// 2317// 2309//
f 2309// 2317// 2318//
f 2309// 2318// 2310//
f 2310// 2318// 2319//
f 2310// 2319// 2305//
f 2305// 2319// 2320//
f 2305// 2320// 2306//
f 2306// 2320// 2321//
f 2306// 2321// 2313//
f 2313// 2321// 2322//
f 2313// 2322// 2314//
f 2314// 2322// 2323//
f 2314// 2323// 2312//
f 2312// 2323// 2324//
f 2312// 2324// 2311//
f 2311// 2324// 2276//
f 2311// 2276// 2274//
f 2301// 2275// 2278//
f 2278// 2275// 2276//
f 2315// 2303// 2278//
f 2319// 2318// 2278//
f 2303// 2299// 2278//
f 2278// 2299// 2297//
f 2278// 2297// 2295//
f 2276// 2324// 2278//
f 2278// 2324// 2323//
f 2278// 2323// 2322//
f 2318// 2317// 2278//
f 2278// 2317// 2316//
f 2278// 2316// 2315//
f 2322// 2321// 2278//
f 2278// 2321// 2320//
f 2278// 2320// 2319//
f 2291// 2283// 2281//
f 2291// 2289// 2283//
f 2283// 2289// 2287//
f 2283// 2287// 2285//
f 2295// 2293// 2278//
f 2278// 2293// 2291//
f 2278// 2291// 2279//
f 2279// 2291// 2281//
f 2273// 2275// 2302//
f 2302// 2275// 2301//
f 1392// 1391// 1417//
f 1440// 1392// 1434//
f 1415// 1419// 1392//
f 1392// 1419// 1431//
f 1409// 1411// 1392//
f 1392// 1411// 1413//
f 1392// 1413// 1415//
f 1436// 1437// 1438//
f 1417// 1394// 1392//
f 1392// 1394// 1395//
f 1392// 1395// 1397//
f 1397// 1399// 1392//
f 1392// 1399// 1401//
f 1392// 1401// 1403//
f 1403// 1405// 1392//
f 1392// 1405// 1407//
f 1392// 1407// 1409//
f 1431// 1432// 1392//
f 1392// 1432// 1433//
f 1392// 1433// 1434//
f 1436// 1438// 1435//
f 1435// 1438// 1434//
f 1434// 1438// 1439//
f 1434// 1439// 1440//
f 1419// 2325// 2326//
f 1419// 2326// 1431//
f 1431// 2326// 2327//
f 1431// 2327// 1432//
f 1432// 2327// 2328//
f 1432// 2328// 1433//
f 1433// 2328// 2329//
f 1433// 2329// 1434//
f 1434// 2329// 2330//
f 1434// 2330// 1435//
f 1435// 2330// 2331//
f 1435// 2331// 1436//
f 1436// 2331// 2332//
f 1436// 2332// 1437//
f 1437// 2332// 2333//
f 1437// 2333// 1438//
f 1438// 2333// 2334//
f 1438// 2334// 1439//
f 1439// 2334// 2335//
f 1439// 2335// 1440//
f 1440// 2335// 2336//
f 1440// 2336// 1392//
f 2337// 2338// 1391//
f 1391// 2338// 1417//
f 2339// 2325// 1415//
f 1415// 2325// 1419//
f 2340// 2338// 2337//
f 2341// 2340// 2342//
f 2325// 2339// 2340//
f 2340// 2339// 2343//
f 2328// 2327// 2340//
f 2340// 2327// 2326//
f 2340// 2326// 2325//
f 2344// 2345// 2346//
f 2337// 2336// 2340//
f 2340// 2336// 2335//
f 2340// 2335// 2334//
f 2334// 2333// 2340//
f 2340// 2333// 2332//
f 2340// 2332// 2331//
f 2331// 2330// 2340//
f 2340// 2330// 2329//
f 2340// 2329// 2328//
f 2343// 2347// 2340//
f 2340// 2347// 2348//
f 2340// 2348// 2342//
f 2344// 2346// 2349//
f 2349// 2346// 2342//
f 2342// 2346// 2350//
f 2342// 2350// 2341//
f 2338// 2340// 1417//
f 1417// 2340// 1394//
f 1394// 2340// 2341//
f 1394// 2341// 1395//
f 1395// 2341// 2350//
f 1395// 2350// 1397//
f 1397// 2350// 2346//
f 1397// 2346// 1399//
f 1399// 2346// 2345//
f 1399// 2345// 1401//
f 1401// 2345// 2344//
f 1401// 2344// 1403//
f 1403// 2344// 2349//
f 1403// 2349// 1405//
f 1405// 2349// 2342//
f 1405// 2342// 1407//
f 1407// 2342// 2348//
f 1407// 2348// 1409//
f 1409// 2348// 2347//
f 1409// 2347// 1411//
f 1411// 2347// 2343//
f 1411// 2343// 1413//
f 1413// 2343// 2339//
f 1413// 2339// 1415//
f 1392// 2336// 1391//
f 1391// 2336// 2337//
f 1339// 1343// 1340//
f 1340// 1343// 1341//
f 1363// 1365// 1341//
f 1363// 1341// 1361//
f 1355// 1357// 1345//
f 1365// 1378// 1341//
f 1341// 1378// 1379//
f 1341// 1379// 1380//
f 1349// 1351// 1353//
f 1345// 1357// 1341//
f 1341// 1357// 1359//
f 1341// 1359// 1361//
f 1380// 1381// 1341//
f 1341// 1381// 1382//
f 1341// 1382// 1383//
f 1383// 1384// 1341//
f 1341// 1384// 1385//
f 1341// 1385// 1386//
f 1386// 1387// 1341//
f 1341// 1387// 1388//
f 1341// 1388// 1340//
f 1355// 1345// 1353//
f 1353// 1345// 1347//
f 1353// 1347// 1349//
f 2351// 2352// 1365//
f 1365// 2352// 1378//
f 1378// 2352// 2353//
f 1378// 2353// 1379//
f 1379// 2353// 2354//
f 1379// 2354// 1380//
f 1380// 2354// 2355//
f 1380// 2355// 1381//
f 1381// 2355// 2356//
f 1381// 2356// 1382//
f 1382// 2356// 2357//
f 1382// 2357// 1383//
f 1383// 2357// 2358//
f 1383// 2358// 1384//
f 1384// 2358// 2359//
f 1384// 2359// 1385//
f 1385// 2359// 2360//
f 1385// 2360// 1386//
f 1386// 2360// 2361//
f 1386// 2361// 1387//
f 1387// 2361// 2362//
f 1387// 2362// 1388//
f 1388// 2362// 2363//
f 1388// 2363// 1340//
f 1341// 2364// 2365//
f 1341// 2365// 1345//
f 1345// 2365// 2366//
f 1345// 2366// 1347//
f 1347// 2366// 2367//
f 1347// 2367// 1349//
f 1349// 2367// 2368//
f 1349// 2368// 1351//
f 1351// 2368// 2369//
f 1351// 2369// 1353//
f 1353// 2369// 2370//
f 1353// 2370// 1355//
f 1355// 2370// 2371//
f 1355// 2371// 1357//
f 1357// 2371// 2372//
f 1357// 2372// 1359//
f 1359// 2372// 2373//
f 1359// 2373// 1361//
f 1361// 2373// 2374//
f 1361// 2374// 1363//
f 1363// 2374// 2351//
f 1363// 2351// 1365//
f 2365// 2364// 2371//
f 2375// 2376// 2364//
f 2364// 2376// 2363//
f 2352// 2351// 2364//
f 2364// 2351// 2374//
f 2357// 2356// 2364//
f 2364// 2356// 2355//
f 2355// 2354// 2364//
f 2364// 2354// 2353//
f 2364// 2353// 2352//
f 2374// 2373// 2364//
f 2364// 2373// 2372//
f 2364// 2372// 2371//
f 2363// 2362// 2364//
f 2364// 2362// 2361//
f 2364// 2361// 2360//
f 2360// 2359// 2364//
f 2364// 2359// 2358//
f 2364// 2358// 2357//
f 2369// 2368// 2367//
f 2371// 2370// 2365//
f 2365// 2370// 2369//
f 2365// 2369// 2366//
f 2366// 2369// 2367//
f 2376// 2375// 1339//
f 1339// 2375// 1343//
f 2375// 2364// 1343//
f 1343// 2364// 1341//
f 1340// 2363// 1339//
f 1339// 2363// 2376//
f 1219// 1218// 1209//
f 1209// 1218// 1217//
f 1209// 1217// 1207//
f 1226// 1225// 1231//
f 1229// 1228// 1227//
f 1231// 1225// 1209//
f 1209// 1225// 1224//
f 1209// 1224// 1219//
f 1213// 1223// 1210//
f 1210// 1223// 1215//
f 1210// 1215// 1216//
f 1207// 1217// 1208//
f 1208// 1217// 1212//
f 1208// 1212// 1210//
f 1210// 1212// 1211//
f 1210// 1211// 1213//
f 1226// 1231// 1227//
f 1227// 1231// 1230//
f 1227// 1230// 1229//
f 1222// 1221// 1220//
f 1215// 1214// 1216//
f 1216// 1214// 1222//
f 1216// 1222// 1232//
f 1232// 1222// 1220//
f 2377// 1217// 1218//
f 2377// 1218// 2378//
f 2378// 1218// 1219//
f 2378// 1219// 2379//
f 2379// 1219// 1224//
f 2379// 1224// 2380//
f 2380// 1224// 1225//
f 2380// 1225// 2381//
f 2381// 1225// 1226//
f 2381// 1226// 2382//
f 2382// 1226// 1227//
f 2382// 1227// 2383//
f 2383// 1227// 1228//
f 2383// 1228// 2384//
f 2384// 1228// 1229//
f 2384// 1229// 2385//
f 2385// 1229// 1230//
f 2385// 1230// 2386//
f 2386// 1230// 1231//
f 2386// 1231// 2387//
f 2387// 1231// 1209//
f 2387// 1209// 2388//
f 2389// 2388// 1207//
f 1207// 2388// 1209//
f 2389// 2390// 2388//
f 2388// 2390// 2391//
f 2392// 2393// 2391//
f 2392// 2391// 2394//
f 2395// 2396// 2397//
f 2393// 2377// 2391//
f 2391// 2377// 2378//
f 2391// 2378// 2379//
f 2398// 2399// 2400//
f 2397// 2396// 2391//
f 2391// 2396// 2401//
f 2391// 2401// 2394//
f 2379// 2380// 2391//
f 2391// 2380// 2381//
f 2391// 2381// 2382//
f 2382// 2383// 2391//
f 2391// 2383// 2384//
f 2391// 2384// 2385//
f 2385// 2386// 2391//
f 2391// 2386// 2387//
f 2391// 2387// 2388//
f 2395// 2397// 2400//
f 2400// 2397// 2402//
f 2400// 2402// 2398//
f 1217// 2377// 1212//
f 1212// 2377// 2393//
f 2391// 1210// 1216//
f 2391// 1216// 2397//
f 2397// 1216// 1232//
f 2397// 1232// 2402//
f 2402// 1232// 1220//
f 2402// 1220// 2398//
f 2398// 1220// 1221//
f 2398// 1221// 2399//
f 2399// 1221// 1222//
f 2399// 1222// 2400//
f 2400// 1222// 1214//
f 2400// 1214// 2395//
f 2395// 1214// 1215//
f 2395// 1215// 2396//
f 2396// 1215// 1223//
f 2396// 1223// 2401//
f 2401// 1223// 1213//
f 2401// 1213// 2394//
f 2394// 1213// 1211//
f 2394// 1211// 2392//
f 2392// 1211// 1212//
f 2392// 1212// 2393//
f 1210// 2391// 1208//
f 1208// 2391// 2390//
f 2389// 1207// 2390//
f 2390// 1207// 1208//
f 2403// 2404// 2405//
f 2405// 2404// 2406//
f 2405// 2406// 2407//
f 2408// 2409// 2405//
f 2405// 2409// 2410//
f 2405// 2411// 2412//
f 2407// 2413// 2405//
f 2405// 2413// 2414//
f 2405// 2414// 2408//
f 2410// 2415// 2405//
f 2405// 2415// 2416//
f 2405// 2416// 2417//
f 2417// 2418// 2405//
f 2405// 2418// 2419//
f 2405// 2419// 2411//
f 2412// 2420// 2405//
f 2405// 2420// 2421//
f 2405// 2421// 2422//
f 2423// 2424// 2425//
f 2425// 2424// 2426//
f 2422// 2427// 2405//
f 2405// 2427// 2424//
f 2405// 2424// 2428//
f 2428// 2424// 2423//
f 2429// 2430// 2403//
f 2403// 2430// 2404//
f 2430// 2431// 2404//
f 2404// 2431// 2406//
f 2411// 2432// 2433//
f 2411// 2433// 2412//
f 2412// 2433// 2434//
f 2412// 2434// 2420//
f 2420// 2434// 2435//
f 2420// 2435// 2421//
f 2421// 2435// 2436//
f 2421// 2436// 2422//
f 2422// 2436// 2437//
f 2422// 2437// 2427//
f 2427// 2437// 2438//
f 2427// 2438// 2424//
f 2424// 2438// 2439//
f 2424// 2439// 2426//
f 2426// 2439// 2440//
f 2426// 2440// 2425//
f 2425// 2440// 2441//
f 2425// 2441// 2423//
f 2423// 2441// 2442//
f 2423// 2442// 2428//
f 2428// 2442// 2443//
f 2428// 2443// 2405//
f 2430// 2429// 2431//
f 2431// 2429// 2443//
f 2437// 2436// 2431//
f 2433// 2432// 2431//
f 2431// 2432// 2444//
f 2443// 2442// 2431//
f 2431// 2442// 2441//
f 2431// 2441// 2440//
f 2436// 2435// 2431//
f 2431// 2435// 2434//
f 2431// 2434// 2433//
f 2444// 2445// 2446//
f 2446// 2447// 2444//
f 2444// 2447// 2448//
f 2444// 2448// 2449//
f 2440// 2439// 2431//
f 2431// 2439// 2438//
f 2431// 2438// 2437//
f 2450// 2451// 2444//
f 2444// 2451// 2452//
f 2444// 2452// 2445//
f 2449// 2453// 2444//
f 2444// 2453// 2454//
f 2444// 2454// 2431//
f 2406// 2431// 2454//
f 2406// 2454// 2407//
f 2407// 2454// 2453//
f 2407// 2453// 2413//
f 2413// 2453// 2449//
f 2413// 2449// 2414//
f 2414// 2449// 2448//
f 2414// 2448// 2408//
f 2408// 2448// 2447//
f 2408// 2447// 2409//
f 2409// 2447// 2446//
f 2409// 2446// 2410//
f 2410// 2446// 2445//
f 2410// 2445// 2415//
f 2415// 2445// 2452//
f 2415// 2452// 2416//
f 2416// 2452// 2451//
f 2416// 2451// 2417//
f 2417// 2451// 2450//
f 2417// 2450// 2418//
f 2418// 2450// 2444//
f 2418// 2444// 2419//
f 2444// 2432// 2419//
f 2419// 2432// 2411//
f 2405// 2443// 2403//
f 2403// 2443// 2429//
f 688// 687// 429//
f 429// 687// 432//
f 689// 434// 690//
f 690// 434// 433//
f 701// 428// 2455//
f 2455// 428// 2456//
f 2455// 2456// 2457//
f 2457// 2456// 2458//
f 2457// 2458// 2459//
f 2459// 2458// 2460//
f 2459// 2460// 2461//
f 2461// 2460// 2462//
f 2461// 2462// 2463//
f 2463// 2462// 2464//
f 2463// 2464// 2465//
f 2465// 2464// 2466//
f 2465// 2466// 689//
f 689// 2466// 434//
f 2467// 702// 688//
f 2468// 2469// 2470//
f 2470// 2469// 2471//
f 2470// 2471// 688//
f 688// 2471// 2472//
f 688// 2472// 2467//
f 2455// 689// 701//
f 701// 689// 690//
f 701// 690// 702//
f 702// 690// 687//
f 702// 687// 688//
f 2459// 2461// 2463//
f 2455// 2457// 689//
f 689// 2457// 2459//
f 689// 2459// 2465//
f 2465// 2459// 2463//
f 688// 429// 2470//
f 2470// 429// 2473//
f 2470// 2473// 2468//
f 2468// 2473// 2474//
f 2468// 2474// 2469//
f 2469// 2474// 2475//
f 2469// 2475// 2471//
f 2471// 2475// 2476//
f 2471// 2476// 2472//
f 2472// 2476// 2477//
f 2472// 2477// 2467//
f 2467// 2477// 2478//
f 2467// 2478// 702//
f 702// 2478// 430//
f 702// 430// 701//
f 701// 430// 428//
f 1988// 1987// 1573//
f 1573// 1987// 1571//
f 2000// 1576// 2479//
f 2479// 1576// 2480//
f 2479// 2480// 2481//
f 2481// 2480// 2482//
f 2481// 2482// 2483//
f 2483// 2482// 2484//
f 2483// 2484// 2485//
f 2485// 2484// 2486//
f 2485// 2486// 2487//
f 2487// 2486// 2488//
f 2487// 2488// 1989//
f 1989// 2488// 1574//
f 1989// 1574// 2001//
f 2001// 1574// 1572//
f 2002// 1580// 2000//
f 2000// 1580// 1576//
f 1987// 1988// 2002//
f 1988// 2489// 2002//
f 2002// 2489// 2490//
f 2002// 2490// 2491//
f 2492// 2493// 2491//
f 2491// 2493// 2494//
f 2491// 2494// 2002//
f 2485// 2487// 2483//
f 2483// 2487// 1989//
f 2483// 1989// 2481//
f 1987// 2002// 2001//
f 2001// 2002// 2000//
f 2001// 2000// 1989//
f 1989// 2000// 2479//
f 1989// 2479// 2481//
f 1988// 1573// 2489//
f 2489// 1573// 2495//
f 2489// 2495// 2490//
f 2490// 2495// 2496//
f 2490// 2496// 2491//
f 2491// 2496// 2497//
f 2491// 2497// 2492//
f 2492// 2497// 2498//
f 2492// 2498// 2493//
f 2493// 2498// 2499//
f 2493// 2499// 2494//
f 2494// 2499// 2500//
f 2494// 2500// 2002//
f 2002// 2500// 1580//
f 2501// 2502// 2503//
f 2503// 2502// 2504//
f 2505// 2506// 2507//
f 2507// 2506// 2508//
f 2507// 2508// 2509//
f 2509// 2508// 2510//
f 2509// 2510// 2511//
f 2511// 2510// 2512//
f 2511// 2512// 2513//
f 2513// 2512// 2514//
f 2513// 2514// 2515//
f 2515// 2514// 2516//
f 2515// 2516// 2517//
f 2517// 2516// 2518//
f 2517// 2518// 2519//
f 2519// 2518// 2520//
f 2519// 2520// 2521//
f 2521// 2520// 2522//
f 2523// 2524// 2505//
f 2505// 2524// 2506//
f 2519// 2521// 2505//
f 2525// 2523// 2501//
f 2505// 2521// 2523//
f 2523// 2521// 2502//
f 2523// 2502// 2501//
f 2526// 2527// 2528//
f 2528// 2527// 2529//
f 2529// 2527// 2501//
f 2501// 2527// 2530//
f 2501// 2530// 2525//
f 2505// 2507// 2519//
f 2519// 2507// 2509//
f 2519// 2509// 2511//
f 2511// 2513// 2519//
f 2519// 2513// 2515//
f 2519// 2515// 2517//
f 2501// 2503// 2529//
f 2529// 2503// 2531//
f 2529// 2531// 2528//
f 2528// 2531// 2532//
f 2528// 2532// 2526//
f 2526// 2532// 2533//
f 2526// 2533// 2527//
f 2527// 2533// 2534//
f 2527// 2534// 2530//
f 2530// 2534// 2535//
f 2530// 2535// 2525//
f 2525// 2535// 2536//
f 2525// 2536// 2523//
f 2523// 2536// 2524//
f 2274// 2273// 2276//
f 2276// 2273// 2275//
f 2300// 2299// 2537//
f 2537// 2299// 2538//
f 2537// 2538// 2539//
f 2539// 2538// 2540//
f 2539// 2540// 2541//
f 2541// 2540// 2542//
f 2541// 2542// 2543//
f 2543// 2542// 2544//
f 2543// 2544// 2545//
f 2545// 2544// 2546//
f 2545// 2546// 2277//
f 2277// 2546// 2278//
f 2277// 2278// 2302//
f 2302// 2278// 2301//
f 2304// 2303// 2300//
f 2300// 2303// 2299//
f 2302// 2273// 2304//
f 2304// 2273// 2274//
f 2304// 2274// 2547//
f 2302// 2304// 2277//
f 2277// 2304// 2300//
f 2277// 2300// 2537//
f 2548// 2274// 2549//
f 2549// 2274// 2550//
f 2548// 2551// 2274//
f 2274// 2551// 2552//
f 2274// 2552// 2547//
f 2537// 2539// 2277//
f 2277// 2539// 2541//
f 2277// 2541// 2545//
f 2545// 2541// 2543//
f 2274// 2276// 2550//
f 2550// 2276// 2553//
f 2550// 2553// 2549//
f 2549// 2553// 2554//
f 2549// 2554// 2548//
f 2548// 2554// 2555//
f 2548// 2555// 2551//
f 2551// 2555// 2556//
f 2551// 2556// 2552//
f 2552// 2556// 2557//
f 2552// 2557// 2547//
f 2547// 2557// 2558//
f 2547// 2558// 2304//
f 2304// 2558// 2303//
f 2559// 2560// 1729//
f 1729// 2560// 1727//
f 2561// 1730// 2562//
f 2562// 1730// 1728//
f 2563// 1732// 2564//
f 2564// 1732// 2565//
f 2564// 2565// 2566//
f 2566// 2565// 2567//
f 2566// 2567// 2568//
f 2568// 2567// 2569//
f 2568// 2569// 2570//
f 2570// 2569// 2571//
f 2570// 2571// 2572//
f 2572// 2571// 2573//
f 2572// 2573// 2574//
f 2574// 2573// 2575//
f 2574// 2575// 2561//
f 2561// 2575// 1730//
f 2561// 2562// 2563//
f 2576// 2577// 2559//
f 2563// 2562// 2577//
f 2577// 2562// 2560//
f 2577// 2560// 2559//
f 2578// 2579// 2580//
f 2580// 2579// 2581//
f 2581// 2579// 2559//
f 2559// 2579// 2582//
f 2559// 2582// 2576//
f 2563// 2564// 2561//
f 2561// 2564// 2566//
f 2561// 2566// 2568//
f 2568// 2570// 2561//
f 2561// 2570// 2572//
f 2561// 2572// 2574//
f 2559// 1729// 2581//
f 2581// 1729// 2583//
f 2581// 2583// 2580//
f 2580// 2583// 2584//
f 2580// 2584// 2578//
f 2578// 2584// 2585//
f 2578// 2585// 2579//
f 2579// 2585// 2586//
f 2579// 2586// 2582//
f 2582// 2586// 2587//
f 2582// 2587// 2576//
f 2576// 2587// 2588//
f 2576// 2588// 2577//
f 2577// 2588// 1733//
f 2577// 1733// 2563//
f 2563// 1733// 1732//
f 480// 479// 482//
f 482// 479// 481//
f 484// 483// 486//
f 486// 483// 485//
f 486// 485// 2589//
f 2589// 485// 2590//
f 2589// 2590// 2591//
f 2591// 2590// 2592//
f 2591// 2592// 2593//
f 2593// 2592// 2594//
f 2593// 2594// 2595//
f 2595// 2594// 2596//
f 2595// 2596// 2597//
f 2597// 2596// 2598//
f 2597// 2598// 2599//
f 2599// 2598// 2600//
f 2599// 2600// 487//
f 487// 2600// 488//
f 480// 482// 2601//
f 2601// 482// 2602//
f 2601// 2602// 2603//
f 2603// 2602// 2604//
f 2603// 2604// 2605//
f 2605// 2604// 2606//
f 2605// 2606// 2607//
f 2607// 2606// 2608//
f 2607// 2608// 2609//
f 2609// 2608// 2610//
f 2609// 2610// 2611//
f 2611// 2610// 2612//
f 2611// 2612// 484//
f 484// 2612// 483//
f 2611// 484// 480//
f 480// 484// 479//
f 2603// 2605// 2601//
f 2601// 2605// 2607//
f 2601// 2607// 480//
f 480// 2607// 2609//
f 480// 2609// 2611//
f 479// 484// 529//
f 529// 484// 486//
f 529// 486// 487//
f 487// 486// 2589//
f 487// 2589// 2591//
f 2591// 2593// 487//
f 487// 2593// 2595//
f 487// 2595// 2599//
f 2599// 2595// 2597//
f 487// 488// 529//
f 529// 488// 530//
f 2613// 2614// 2615//
f 2615// 2614// 2616//
f 2617// 2618// 2619//
f 2619// 2618// 2620//
f 2621// 2622// 2623//
f 2623// 2622// 2624//
f 2623// 2624// 2625//
f 2625// 2624// 2626//
f 2625// 2626// 2627//
f 2627// 2626// 2628//
f 2627// 2628// 2629//
f 2629// 2628// 2630//
f 2629// 2630// 2631//
f 2631// 2630// 2632//
f 2631// 2632// 2633//
f 2633// 2632// 2634//
f 2633// 2634// 2617//
f 2617// 2634// 2618//
f 2617// 2619// 2621//
f 2621// 2619// 2635//
f 2619// 2614// 2635//
f 2635// 2614// 2613//
f 2635// 2613// 2636//
f 2635// 2637// 2638//
f 2638// 2637// 2639//
f 2621// 2623// 2617//
f 2617// 2623// 2625//
f 2617// 2625// 2627//
f 2636// 2640// 2635//
f 2635// 2640// 2641//
f 2635// 2641// 2637//
f 2627// 2629// 2617//
f 2617// 2629// 2631//
f 2617// 2631// 2633//
f 2613// 2615// 2636//
f 2636// 2615// 2642//
f 2636// 2642// 2640//
f 2640// 2642// 2643//
f 2640// 2643// 2641//
f 2641// 2643// 2644//
f 2641// 2644// 2637//
f 2637// 2644// 2645//
f 2637// 2645// 2639//
f 2639// 2645// 2646//
f 2639// 2646// 2638//
f 2638// 2646// 2647//
f 2638// 2647// 2635//
f 2635// 2647// 2648//
f 2635// 2648// 2621//
f 2621// 2648// 2622//
f 2014// 2013// 221//
f 221// 2013// 223//
f 2015// 225// 2016//
f 2016// 225// 224//
f 2027// 220// 2649//
f 2649// 220// 2650//
f 2649// 2650// 2651//
f 2651// 2650// 2652//
f 2651// 2652// 2653//
f 2653// 2652// 2654//
f 2653// 2654// 2655//
f 2655// 2654// 2656//
f 2655// 2656// 2657//
f 2657// 2656// 2658//
f 2657// 2658// 2659//
f 2659// 2658// 2660//
f 2659// 2660// 2015//
f 2015// 2660// 225//
f 2015// 2016// 2027//
f 2027// 2016// 2028//
f 2016// 2013// 2028//
f 2028// 2013// 2014//
f 2028// 2014// 2661//
f 2662// 2661// 2663//
f 2663// 2661// 2664//
f 2662// 2665// 2661//
f 2661// 2665// 2666//
f 2661// 2666// 2028//
f 2649// 2651// 2027//
f 2027// 2651// 2653//
f 2027// 2653// 2655//
f 2655// 2657// 2027//
f 2027// 2657// 2659//
f 2027// 2659// 2015//
f 2014// 221// 2661//
f 2661// 221// 2667//
f 2661// 2667// 2664//
f 2664// 2667// 2668//
f 2664// 2668// 2663//
f 2663// 2668// 2669//
f 2663// 2669// 2662//
f 2662// 2669// 2670//
f 2662// 2670// 2665//
f 2665// 2670// 2671//
f 2665// 2671// 2666//
f 2666// 2671// 2672//
f 2666// 2672// 2028//
f 2028// 2672// 222//
f 2028// 222// 2027//
f 2027// 222// 220//
f 2673// 2674// 899//
f 899// 2674// 897//
f 2675// 896// 2676//
f 2676// 896// 2677//
f 2676// 2677// 2678//
f 2678// 2677// 2679//
f 2678// 2679// 2680//
f 2680// 2679// 2681//
f 2680// 2681// 2682//
f 2682// 2681// 2683//
f 2682// 2683// 2684//
f 2684// 2683// 2685//
f 2684// 2685// 2686//
f 2686// 2685// 2687//
f 2686// 2687// 2688//
f 2688// 2687// 900//
f 2688// 900// 2689//
f 2689// 900// 895//
f 2690// 898// 2675//
f 2675// 898// 896//
f 2690// 2674// 2673//
f 2690// 2675// 2674//
f 2674// 2675// 2688//
f 2674// 2688// 2689//
f 2682// 2684// 2680//
f 2680// 2684// 2678//
f 2675// 2676// 2688//
f 2688// 2676// 2678//
f 2688// 2678// 2686//
f 2686// 2678// 2684//
f 2691// 2692// 2693//
f 2693// 2692// 2694//
f 2673// 2695// 2690//
f 2690// 2695// 2694//
f 2690// 2694// 2696//
f 2696// 2694// 2692//
f 2673// 899// 2695//
f 2695// 899// 2697//
f 2695// 2697// 2694//
f 2694// 2697// 2698//
f 2694// 2698// 2693//
f 2693// 2698// 2699//
f 2693// 2699// 2691//
f 2691// 2699// 2700//
f 2691// 2700// 2692//
f 2692// 2700// 2701//
f 2692// 2701// 2696//
f 2696// 2701// 2702//
f 2696// 2702// 2690//
f 2690// 2702// 898//
f 1338// 1337// 1340//
f 1340// 1337// 1339//
f 1342// 1341// 1344//
f 1344// 1341// 1343//
f 1366// 1365// 2703//
f 2703// 1365// 2704//
f 2703// 2704// 2705//
f 2705// 2704// 2706//
f 2705// 2706// 2707//
f 2707// 2706// 2708//
f 2707// 2708// 2709//
f 2709// 2708// 2710//
f 2709// 2710// 2711//
f 2711// 2710// 2712//
f 2711// 2712// 2713//
f 2713// 2712// 2714//
f 2713// 2714// 1342//
f 1342// 2714// 1341//
f 1342// 1344// 1366//
f 2715// 1367// 1338//
f 1366// 1344// 1367//
f 1367// 1344// 1337//
f 1367// 1337// 1338//
f 2716// 2717// 2718//
f 2716// 2718// 2719//
f 2709// 2711// 2713//
f 2715// 1338// 2718//
f 2718// 1338// 2720//
f 2718// 2720// 2719//
f 1366// 2703// 1342//
f 1342// 2703// 2705//
f 1342// 2705// 2713//
f 2713// 2705// 2707//
f 2713// 2707// 2709//
f 1338// 1340// 2720//
f 2720// 1340// 2721//
f 2720// 2721// 2719//
f 2719// 2721// 2722//
f 2719// 2722// 2716//
f 2716// 2722// 2723//
f 2716// 2723// 2717//
f 2717// 2723// 2724//
f 2717// 2724// 2718//
f 2718// 2724// 2725//
f 2718// 2725// 2715//
f 2715// 2725// 2726//
f 2715// 2726// 1367//
f 1367// 2726// 1378//
f 1367// 1378// 1366//
f 1366// 1378// 1365//
f 1494// 1493// 1496//
f 1496// 1493// 1495//
f 1498// 1497// 1500//
f 1500// 1497// 1499//
f 1522// 1521// 2727//
f 2727// 1521// 2728//
f 2727// 2728// 2729//
f 2729// 2728// 2730//
f 2729// 2730// 2731//
f 2731// 2730// 2732//
f 2731// 2732// 2733//
f 2733// 2732// 2734//
f 2733// 2734// 2735//
f 2735// 2734// 2736//
f 2735// 2736// 2737//
f 2737// 2736// 2738//
f 2737// 2738// 1498//
f 1498// 2738// 1497//
f 1500// 1493// 1498//
f 1498// 1493// 1494//
f 1494// 2739// 1498//
f 1498// 2739// 2740//
f 1498// 2740// 2741//
f 2741// 2742// 1498//
f 1498// 2742// 2743//
f 1498// 2743// 2744//
f 2744// 1523// 1498//
f 1498// 1523// 1522//
f 1498// 1522// 2727//
f 2727// 2729// 1498//
f 1498// 2729// 2731//
f 1498// 2731// 2737//
f 2737// 2731// 2733//
f 2737// 2733// 2735//
f 1494// 1496// 2739//
f 2739// 1496// 2745//
f 2739// 2745// 2740//
f 2740// 2745// 2746//
f 2740// 2746// 2741//
f 2741// 2746// 2747//
f 2741// 2747// 2742//
f 2742// 2747// 2748//
f 2742// 2748// 2743//
f 2743// 2748// 2749//
f 2743// 2749// 2744//
f 2744// 2749// 2750//
f 2744// 2750// 1523//
f 1523// 2750// 1534//
f 1523// 1534// 1522//
f 1522// 1534// 1521//
f 2040// 2039// 2042//
f 2042// 2039// 2041//
f 2044// 2043// 2046//
f 2046// 2043// 2045//
f 2068// 2067// 2751//
f 2751// 2067// 2752//
f 2751// 2752// 2753//
f 2753// 2752// 2754//
f 2753// 2754// 2755//
f 2755// 2754// 2756//
f 2755// 2756// 2757//
f 2757// 2756// 2758//
f 2757// 2758// 2759//
f 2759// 2758// 2760//
f 2759// 2760// 2761//
f 2761// 2760// 2762//
f 2761// 2762// 2044//
f 2044// 2762// 2043//
f 2761// 2044// 2751//
f 2046// 2039// 2069//
f 2069// 2039// 2040//
f 2069// 2040// 2763//
f 2046// 2069// 2044//
f 2044// 2069// 2068//
f 2044// 2068// 2751//
f 2764// 2040// 2765//
f 2765// 2040// 2766//
f 2764// 2767// 2040//
f 2040// 2767// 2768//
f 2040// 2768// 2763//
f 2751// 2753// 2761//
f 2761// 2753// 2755//
f 2761// 2755// 2759//
f 2759// 2755// 2757//
f 2040// 2042// 2766//
f 2766// 2042// 2769//
f 2766// 2769// 2765//
f 2765// 2769// 2770//
f 2765// 2770// 2764//
f 2764// 2770// 2771//
f 2764// 2771// 2767//
f 2767// 2771// 2772//
f 2767// 2772// 2768//
f 2768// 2772// 2773//
f 2768// 2773// 2763//
f 2763// 2773// 2774//
f 2763// 2774// 2069//
f 2069// 2774// 2080//
f 2069// 2080// 2068//
f 2068// 2080// 2067//
f 2775// 2776// 1000//
f 1000// 2776// 1002//
f 2777// 1004// 2778//
f 2778// 1004// 1003//
f 2779// 1005// 2780//
f 2780// 1005// 2781//
f 2780// 2781// 2782//
f 2782// 2781// 2783//
f 2782// 2783// 2784//
f 2784// 2783// 2785//
f 2784// 2785// 2786//
f 2786// 2785// 2787//
f 2786// 2787// 2788//
f 2788// 2787// 2789//
f 2788// 2789// 2790//
f 2790// 2789// 2791//
f 2790// 2791// 2777//
f 2777// 2791// 1004//
f 2777// 2778// 2779//
f 2792// 2793// 2775//
f 2779// 2778// 2793//
f 2793// 2778// 2776//
f 2793// 2776// 2775//
f 2794// 2775// 2795//
f 2795// 2775// 2796//
f 2794// 2797// 2775//
f 2775// 2797// 2798//
f 2775// 2798// 2792//
f 2786// 2788// 2790//
f 2779// 2780// 2777//
f 2777// 2780// 2782//
f 2777// 2782// 2790//
f 2790// 2782// 2784//
f 2790// 2784// 2786//
f 2775// 1000// 2796//
f 2796// 1000// 2799//
f 2796// 2799// 2795//
f 2795// 2799// 2800//
f 2795// 2800// 2794//
f 2794// 2800// 2801//
f 2794// 2801// 2797//
f 2797// 2801// 2802//
f 2797// 2802// 2798//
f 2798// 2802// 2803//
f 2798// 2803// 2792//
f 2792// 2803// 2804//
f 2792// 2804// 2793//
f 2793// 2804// 1006//
f 2793// 1006// 2779//
f 2779// 1006// 1005//
f 1170// 1168// 1169//
f 2805// 1155// 1166//
f 1169// 1168// 1155//
f 1155// 1168// 1167//
f 1155// 1167// 1166//
f 2806// 1166// 2807//
f 2807// 1166// 2808//
f 2806// 2809// 1166//
f 1166// 2809// 2810//
f 1166// 2810// 2805//
f 1169// 2811// 1170//
f 1170// 2811// 2812//
f 1170// 2812// 2813//
f 2813// 2814// 1170//
f 1170// 2814// 2815//
f 1170// 2815// 2816//
f 1166// 63// 2808//
f 2808// 63// 2817//
f 2808// 2817// 2807//
f 2807// 2817// 2818//
f 2807// 2818// 2806//
f 2806// 2818// 2819//
f 2806// 2819// 2809//
f 2809// 2819// 2820//
f 2809// 2820// 2810//
f 2810// 2820// 2821//
f 2810// 2821// 2805//
f 2805// 2821// 2822//
f 2805// 2822// 1155//
f 1155// 2822// 67//
f 1155// 67// 1169//
f 1169// 67// 66//
f 1169// 66// 2811//
f 2811// 66// 2823//
f 2811// 2823// 2812//
f 2812// 2823// 2824//
f 2812// 2824// 2813//
f 2813// 2824// 2825//
f 2813// 2825// 2814//
f 2814// 2825// 2826//
f 2814// 2826// 2815//
f 2815// 2826// 2827//
f 2815// 2827// 2816//
f 2816// 2827// 2828//
f 2816// 2828// 1170//
f 1170// 2828// 69//
f 1170// 69// 1168//
f 1168// 69// 65//
f 1166// 1167// 63//
f 63// 1167// 64//
f 1390// 1389// 1392//
f 1392// 1389// 1391//
f 1416// 1415// 2829//
f 2829// 1415// 2830//
f 2829// 2830// 2831//
f 2831// 2830// 2832//
f 2831// 2832// 2833//
f 2833// 2832// 2834//
f 2833// 2834// 2835//
f 2835// 2834// 2836//
f 2835// 2836// 2837//
f 2837// 2836// 2838//
f 2837// 2838// 2839//
f 2839// 2838// 2840//
f 2839// 2840// 1393//
f 1393// 2840// 1394//
f 1393// 1394// 1418//
f 1418// 1394// 1417//
f 1420// 1419// 1416//
f 1416// 1419// 1415//
f 1393// 1418// 1416//
f 2841// 1420// 1390//
f 1416// 1418// 1420//
f 1420// 1418// 1389//
f 1420// 1389// 1390//
f 2842// 1390// 2843//
f 2843// 1390// 2844//
f 2842// 2845// 1390//
f 1390// 2845// 2846//
f 1390// 2846// 2841//
f 1416// 2829// 1393//
f 1393// 2829// 2831//
f 1393// 2831// 2833//
f 2833// 2835// 1393//
f 1393// 2835// 2837//
f 1393// 2837// 2839//
f 1390// 1392// 2844//
f 2844// 1392// 2847//
f 2844// 2847// 2843//
f 2843// 2847// 2848//
f 2843// 2848// 2842//
f 2842// 2848// 2849//
f 2842// 2849// 2845//
f 2845// 2849// 2850//
f 2845// 2850// 2846//
f 2846// 2850// 2851//
f 2846// 2851// 2841//
f 2841// 2851// 2852//
f 2841// 2852// 1420//
f 1420// 2852// 1419//
f 1485// 1480// 1484//
f 1484// 1480// 1467//
f 2853// 2854// 2855//
f 1480// 1479// 1467//
f 1467// 1479// 1478//
f 1467// 1478// 2856//
f 2856// 1478// 2857//
f 2853// 2855// 1478//
f 1478// 2855// 2858//
f 1478// 2858// 2857//
f 1484// 2859// 1485//
f 1485// 2859// 2860//
f 1485// 2860// 2861//
f 2861// 2862// 1485//
f 1485// 2862// 2863//
f 1485// 2863// 2864//
f 1478// 1448// 2853//
f 2853// 1448// 2865//
f 2853// 2865// 2854//
f 2854// 2865// 2866//
f 2854// 2866// 2855//
f 2855// 2866// 2867//
f 2855// 2867// 2858//
f 2858// 2867// 2868//
f 2858// 2868// 2857//
f 2857// 2868// 2869//
f 2857// 2869// 2856//
f 2856// 2869// 2870//
f 2856// 2870// 1467//
f 1467// 2870// 1442//
f 1467// 1442// 1484//
f 1484// 1442// 1443//
f 1484// 1443// 2859//
f 2859// 1443// 2871//
f 2859// 2871// 2860//
f 2860// 2871// 2872//
f 2860// 2872// 2861//
f 2861// 2872// 2873//
f 2861// 2873// 2862//
f 2862// 2873// 2874//
f 2862// 2874// 2863//
f 2863// 2874// 2875//
f 2863// 2875// 2864//
f 2864// 2875// 2876//
f 2864// 2876// 1485//
f 1485// 2876// 1441//
f 1485// 1441// 1480//
f 1480// 1441// 1446//
f 1478// 1479// 1448//
f 1448// 1479// 1447//
f 2877// 2878// 286//
f 286// 2878// 284//
f 2879// 273// 2880//
f 2880// 273// 285//
f 2881// 271// 2882//
f 2882// 271// 2883//
f 2882// 2883// 2884//
f 2884// 2883// 2885//
f 2884// 2885// 2886//
f 2886// 2885// 2887//
f 2886// 2887// 2888//
f 2888// 2887// 2889//
f 2888// 2889// 2890//
f 2890// 2889// 2891//
f 2890// 2891// 2892//
f 2892// 2891// 2893//
f 2892// 2893// 2879//
f 2879// 2893// 273//
f 2879// 2880// 2881//
f 2894// 2895// 2877//
f 2881// 2880// 2895//
f 2895// 2880// 2878//
f 2895// 2878// 2877//
f 2896// 2897// 2898//
f 2898// 2897// 2899//
f 2899// 2897// 2877//
f 2877// 2897// 2900//
f 2877// 2900// 2894//
f 2888// 2890// 2886//
f 2886// 2890// 2884//
f 2881// 2882// 2879//
f 2879// 2882// 2884//
f 2879// 2884// 2892//
f 2892// 2884// 2890//
f 2877// 286// 2899//
f 2899// 286// 2901//
f 2899// 2901// 2898//
f 2898// 2901// 2902//
f 2898// 2902// 2896//
f 2896// 2902// 2903//
f 2896// 2903// 2897//
f 2897// 2903// 2904//
f 2897// 2904// 2900//
f 2900// 2904// 2905//
f 2900// 2905// 2894//
f 2894// 2905// 2906//
f 2894// 2906// 2895//
f 2895// 2906// 272//
f 2895// 272// 2881//
f 2881// 272// 271//
f 2907// 2908// 2909//
f 2910// 2911// 2912//
f 2912// 2911// 2913//
f 2912// 2913// 2914//
f 2907// 2909// 2912//
f 2912// 2909// 2915//
f 2912// 2915// 2910//
f 2914// 2913// 2916//
f 2916// 2913// 2917//
f 2916// 2917// 2918//
f 2918// 2917// 2919//
f 2918// 2919// 2920//
f 2920// 2921// 2918//
f 2918// 2921// 2922//
f 2918// 2922// 2923//
f 2923// 2922// 2924//
f 2912// 2145// 2907//
f 2907// 2145// 2925//
f 2907// 2925// 2908//
f 2908// 2925// 2926//
f 2908// 2926// 2909//
f 2909// 2926// 2927//
f 2909// 2927// 2915//
f 2915// 2927// 2928//
f 2915// 2928// 2910//
f 2910// 2928// 2929//
f 2910// 2929// 2911//
f 2911// 2929// 2930//
f 2911// 2930// 2913//
f 2913// 2930// 2148//
f 2913// 2148// 2917//
f 2917// 2148// 2147//
f 2917// 2147// 2919//
f 2919// 2147// 2931//
f 2919// 2931// 2920//
f 2920// 2931// 2932//
f 2920// 2932// 2921//
f 2921// 2932// 2933//
f 2921// 2933// 2922//
f 2922// 2933// 2934//
f 2922// 2934// 2924//
f 2924// 2934// 2935//
f 2924// 2935// 2923//
f 2923// 2935// 2936//
f 2923// 2936// 2918//
f 2918// 2936// 2146//
f 2918// 2146// 2916//
f 2916// 2146// 2144//
f 2912// 2914// 2145//
f 2145// 2914// 2143//
f 1092// 1090// 1091//
f 2937// 1077// 1088//
f 1091// 1090// 1077//
f 1077// 1090// 1089//
f 1077// 1089// 1088//
f 2938// 2939// 2940//
f 2940// 2939// 2941//
f 2941// 2939// 1088//
f 1088// 2939// 2942//
f 1088// 2942// 2937//
f 1091// 2943// 1092//
f 1092// 2943// 2944//
f 1092// 2944// 2945//
f 2945// 2946// 1092//
f 1092// 2946// 2947//
f 1092// 2947// 2948//
f 1088// 1053// 2941//
f 2941// 1053// 2949//
f 2941// 2949// 2940//
f 2940// 2949// 2950//
f 2940// 2950// 2938//
f 2938// 2950// 2951//
f 2938// 2951// 2939//
f 2939// 2951// 2952//
f 2939// 2952// 2942//
f 2942// 2952// 2953//
f 2942// 2953// 2937//
f 2937// 2953// 2954//
f 2937// 2954// 1077//
f 1077// 2954// 1051//
f 1077// 1051// 1091//
f 1091// 1051// 1052//
f 1091// 1052// 2943//
f 2943// 1052// 2955//
f 2943// 2955// 2944//
f 2944// 2955// 2956//
f 2944// 2956// 2945//
f 2945// 2956// 2957//
f 2945// 2957// 2946//
f 2946// 2957// 2958//
f 2946// 2958// 2947//
f 2947// 2958// 2959//
f 2947// 2959// 2948//
f 2948// 2959// 2960//
f 2948// 2960// 1092//
f 1092// 2960// 1057//
f 1092// 1057// 1090//
f 1090// 1057// 1055//
f 1088// 1089// 1053//
f 1053// 1089// 1056//
f 2961// 2962// 2963//
f 2963// 2962// 2964//
f 2965// 2966// 2962//
f 2962// 2966// 2967//
f 2962// 2967// 2964//
f 2968// 2969// 2970//
f 2970// 2969// 2971//
f 2971// 2969// 2963//
f 2963// 2969// 2972//
f 2963// 2972// 2961//
f 2965// 2973// 2966//
f 2966// 2973// 2974//
f 2966// 2974// 2975//
f 2975// 2976// 2966//
f 2966// 2976// 2977//
f 2966// 2977// 2978//
f 2963// 2979// 2971//
f 2971// 2979// 2980//
f 2971// 2980// 2970//
f 2970// 2980// 2981//
f 2970// 2981// 2968//
f 2968// 2981// 2982//
f 2968// 2982// 2969//
f 2969// 2982// 2983//
f 2969// 2983// 2972//
f 2972// 2983// 2984//
f 2972// 2984// 2961//
f 2961// 2984// 2985//
f 2961// 2985// 2962//
f 2962// 2985// 2986//
f 2962// 2986// 2965//
f 2965// 2986// 2987//
f 2965// 2987// 2973//
f 2973// 2987// 2988//
f 2973// 2988// 2974//
f 2974// 2988// 2989//
f 2974// 2989// 2975//
f 2975// 2989// 2990//
f 2975// 2990// 2976//
f 2976// 2990// 2991//
f 2976// 2991// 2977//
f 2977// 2991// 2992//
f 2977// 2992// 2978//
f 2978// 2992// 2993//
f 2978// 2993// 2966//
f 2966// 2993// 2994//
f 2966// 2994// 2967//
f 2967// 2994// 2995//
f 2963// 2964// 2979//
f 2979// 2964// 2996//
f 2210// 2207// 2211//
f 2211// 2207// 2206//
f 2206// 2997// 2211//
f 2211// 2997// 2998//
f 2211// 2998// 2999//
f 2999// 3000// 2211//
f 2211// 3000// 3001//
f 2211// 3001// 3002//
f 3002// 2195// 2211//
f 2211// 2195// 2209//
f 2211// 2209// 3003//
f 3003// 3004// 2211//
f 2211// 3004// 3005//
f 2211// 3005// 3006//
f 3006// 3005// 3007//
f 3006// 3007// 3008//
f 2206// 533// 2997//
f 2997// 533// 3009//
f 2997// 3009// 2998//
f 2998// 3009// 3010//
f 2998// 3010// 2999//
f 2999// 3010// 3011//
f 2999// 3011// 3000//
f 3000// 3011// 3012//
f 3000// 3012// 3001//
f 3001// 3012// 3013//
f 3001// 3013// 3002//
f 3002// 3013// 3014//
f 3002// 3014// 2195//
f 2195// 3014// 538//
f 2195// 538// 2209//
f 2209// 538// 537//
f 2209// 537// 3003//
f 3003// 537// 3015//
f 3003// 3015// 3004//
f 3004// 3015// 3016//
f 3004// 3016// 3005//
f 3005// 3016// 3017//
f 3005// 3017// 3007//
f 3007// 3017// 3018//
f 3007// 3018// 3008//
f 3008// 3018// 3019//
f 3008// 3019// 3006//
f 3006// 3019// 3020//
f 3006// 3020// 2211//
f 2211// 3020// 534//
f 2211// 534// 2210//
f 2210// 534// 532//
f 2206// 2207// 533//
f 533// 2207// 531//
f 2265// 2260// 2261//
f 3021// 2247// 2258//
f 2261// 2260// 2247//
f 2247// 2260// 2259//
f 2247// 2259// 2258//
f 3022// 3023// 3024//
f 3022// 3024// 3025//
f 3021// 2258// 3024//
f 3024// 2258// 3026//
f 3024// 3026// 3025//
f 2261// 3027// 2265//
f 2265// 3027// 3028//
f 2265// 3028// 3029//
f 3029// 3030// 2265//
f 2265// 3030// 3031//
f 2265// 3031// 3032//
f 2258// 2223// 3026//
f 3026// 2223// 3033//
f 3026// 3033// 3025//
f 3025// 3033// 3034//
f 3025// 3034// 3022//
f 3022// 3034// 3035//
f 3022// 3035// 3023//
f 3023// 3035// 3036//
f 3023// 3036// 3024//
f 3024// 3036// 3037//
f 3024// 3037// 3021//
f 3021// 3037// 3038//
f 3021// 3038// 2247//
f 2247// 3038// 2224//
f 2247// 2224// 2261//
f 2261// 2224// 2242//
f 2261// 2242// 3027//
f 3027// 2242// 3039//
f 3027// 3039// 3028//
f 3028// 3039// 3040//
f 3028// 3040// 3029//
f 3029// 3040// 3041//
f 3029// 3041// 3030//
f 3030// 3041// 3042//
f 3030// 3042// 3031//
f 3031// 3042// 3043//
f 3031// 3043// 3032//
f 3032// 3043// 3044//
f 3032// 3044// 2265//
f 2265// 3044// 2235//
f 2265// 2235// 2260//
f 2260// 2235// 2241//
f 2258// 2259// 2223//
f 2223// 2259// 2225//
f 3045// 3046// 3047//
f 3048// 3049// 3050//
f 3047// 3046// 3049//
f 3049// 3046// 3051//
f 3049// 3051// 3050//
f 3052// 3050// 3053//
f 3053// 3050// 3054//
f 3052// 3055// 3050//
f 3050// 3055// 3056//
f 3050// 3056// 3048//
f 3047// 3057// 3045//
f 3045// 3057// 3058//
f 3045// 3058// 3059//
f 3059// 3060// 3045//
f 3045// 3060// 3061//
f 3045// 3061// 3062//
f 3050// 3063// 3054//
f 3054// 3063// 3064//
f 3054// 3064// 3053//
f 3053// 3064// 3065//
f 3053// 3065// 3052//
f 3052// 3065// 3066//
f 3052// 3066// 3055//
f 3055// 3066// 3067//
f 3055// 3067// 3056//
f 3056// 3067// 3068//
f 3056// 3068// 3048//
f 3048// 3068// 3069//
f 3048// 3069// 3049//
f 3049// 3069// 3070//
f 3049// 3070// 3047//
f 3047// 3070// 3071//
f 3047// 3071// 3057//
f 3057// 3071// 3072//
f 3057// 3072// 3058//
f 3058// 3072// 3073//
f 3058// 3073// 3059//
f 3059// 3073// 3074//
f 3059// 3074// 3060//
f 3060// 3074// 3075//
f 3060// 3075// 3061//
f 3061// 3075// 3076//
f 3061// 3076// 3062//
f 3062// 3076// 3077//
f 3062// 3077// 3045//
f 3045// 3077// 3078//
f 3045// 3078// 3046//
f 3046// 3078// 3079//
f 3050// 3051// 3063//
f 3063// 3051// 3080//
f 2391// 2390// 2393//
f 3081// 2377// 2388//
f 2393// 2390// 2377//
f 2377// 2390// 2389//
f 2377// 2389// 2388//
f 3082// 3083// 3084//
f 3082// 3084// 3085//
f 3086// 3087// 3088//
f 3081// 2388// 3084//
f 3084// 2388// 3089//
f 3084// 3089// 3085//
f 2393// 3090// 2391//
f 2391// 3090// 3091//
f 2391// 3091// 3088//
f 3088// 3091// 3092//
f 3088// 3092// 3086//
f 2388// 1209// 3089//
f 3089// 1209// 3093//
f 3089// 3093// 3085//
f 3085// 3093// 3094//
f 3085// 3094// 3082//
f 3082// 3094// 3095//
f 3082// 3095// 3083//
f 3083// 3095// 3096//
f 3083// 3096// 3084//
f 3084// 3096// 3097//
f 3084// 3097// 3081//
f 3081// 3097// 3098//
f 3081// 3098// 2377//
f 2377// 3098// 1217//
f 2377// 1217// 2393//
f 2393// 1217// 1212//
f 2393// 1212// 3090//
f 3090// 1212// 3099//
f 3090// 3099// 3091//
f 3091// 3099// 3100//
f 3091// 3100// 3092//
f 3092// 3100// 3101//
f 3092// 3101// 3086//
f 3086// 3101// 3102//
f 3086// 3102// 3087//
f 3087// 3102// 3103//
f 3087// 3103// 3088//
f 3088// 3103// 3104//
f 3088// 3104// 2391//
f 2391// 3104// 1210//
f 2391// 1210// 2390//
f 2390// 1210// 1208//
f 2388// 2389// 1209//
f 1209// 2389// 1207//
f 1821// 1820// 1817//
f 1821// 3105// 3106//
f 1817// 1816// 1821//
f 1821// 1816// 3107//
f 1821// 3107// 3108//
f 3108// 3109// 1821//
f 1821// 3109// 3110//
f 1821// 3110// 3105//
f 3106// 1805// 1821//
f 1821// 1805// 1830//
f 1821// 1830// 3111//
f 3111// 1830// 3112//
f 3111// 3112// 3113//
f 3113// 3114// 3111//
f 3111// 3114// 3115//
f 3111// 3115// 3116//
f 1816// 1782// 3107//
f 3107// 1782// 3117//
f 3107// 3117// 3108//
f 3108// 3117// 3118//
f 3108// 3118// 3109//
f 3109// 3118// 3119//
f 3109// 3119// 3110//
f 3110// 3119// 3120//
f 3110// 3120// 3105//
f 3105// 3120// 3121//
f 3105// 3121// 3106//
f 3106// 3121// 3122//
f 3106// 3122// 1805//
f 1805// 3122// 1785//
f 1805// 1785// 1830//
f 1830// 1785// 1786//
f 1830// 1786// 3112//
f 3112// 1786// 3123//
f 3112// 3123// 3113//
f 3113// 3123// 3124//
f 3113// 3124// 3114//
f 3114// 3124// 3125//
f 3114// 3125// 3115//
f 3115// 3125// 3126//
f 3115// 3126// 3116//
f 3116// 3126// 3127//
f 3116// 3127// 3111//
f 3111// 3127// 3128//
f 3111// 3128// 1821//
f 1821// 3128// 1781//
f 1821// 1781// 1820//
f 1820// 1781// 1779//
f 1816// 1817// 1782//
f 1782// 1817// 1780//
f 3129// 161// 3130//
f 163// 153// 141//
f 141// 153// 152//
f 141// 152// 3131//
f 3132// 3133// 3134//
f 163// 141// 161//
f 161// 141// 166//
f 161// 166// 3130//
f 3131// 3135// 141//
f 141// 3135// 3132//
f 141// 3132// 3136//
f 3136// 3132// 3134//
f 3130// 3137// 3129//
f 3129// 3137// 3138//
f 3129// 3138// 3139//
f 3139// 3138// 3140//
f 152// 121// 3131//
f 3131// 121// 3141//
f 3131// 3141// 3135//
f 3135// 3141// 3142//
f 3135// 3142// 3132//
f 3132// 3142// 3143//
f 3132// 3143// 3133//
f 3133// 3143// 3144//
f 3133// 3144// 3134//
f 3134// 3144// 3145//
f 3134// 3145// 3136//
f 3136// 3145// 3146//
f 3136// 3146// 141//
f 141// 3146// 116//
f 141// 116// 166//
f 166// 116// 118//
f 166// 118// 3130//
f 3130// 118// 3147//
f 3130// 3147// 3137//
f 3137// 3147// 3148//
f 3137// 3148// 3138//
f 3138// 3148// 3149//
f 3138// 3149// 3140//
f 3140// 3149// 3150//
f 3140// 3150// 3139//
f 3139// 3150// 3151//
f 3139// 3151// 3129//
f 3129// 3151// 3152//
f 3129// 3152// 161//
f 161// 3152// 117//
f 161// 117// 163//
f 163// 117// 119//
f 152// 153// 121//
f 121// 153// 120//
f 1857// 1871// 1869//
f 3153// 3154// 1872//
f 1869// 1868// 1857//
f 1857// 1868// 3155//
f 1857// 3155// 3156//
f 3156// 3155// 3157//
f 3153// 1872// 3158//
f 3157// 3155// 3159//
f 3159// 3155// 3160//
f 3159// 3160// 3161//
f 1871// 1857// 1872//
f 1872// 1857// 1870//
f 1872// 1870// 3158//
f 3162// 3163// 3154//
f 3154// 3163// 3164//
f 3154// 3164// 1872//
f 1868// 1832// 3155//
f 3155// 1832// 3165//
f 3155// 3165// 3160//
f 3160// 3165// 3166//
f 3160// 3166// 3161//
f 3161// 3166// 3167//
f 3161// 3167// 3159//
f 3159// 3167// 3168//
f 3159// 3168// 3157//
f 3157// 3168// 3169//
f 3157// 3169// 3156//
f 3156// 3169// 3170//
f 3156// 3170// 1857//
f 1857// 3170// 1833//
f 1857// 1833// 1870//
f 1870// 1833// 1846//
f 1870// 1846// 3158//
f 3158// 1846// 3171//
f 3158// 3171// 3153//
f 3153// 3171// 3172//
f 3153// 3172// 3154//
f 3154// 3172// 3173//
f 3154// 3173// 3162//
f 3162// 3173// 3174//
f 3162// 3174// 3163//
f 3163// 3174// 3175//
f 3163// 3175// 3164//
f 3164// 3175// 3176//
f 3164// 3176// 1872//
f 1872// 3176// 1852//
f 1872// 1852// 1871//
f 1871// 1852// 1853//
f 1868// 1869// 1832//
f 1832// 1869// 1831//
f 3177// 415// 3178//
f 414// 413// 401//
f 401// 413// 412//
f 414// 401// 415//
f 415// 401// 426//
f 415// 426// 3178//
f 412// 3179// 401//
f 401// 3179// 3180//
f 401// 3180// 3181//
f 3182// 3183// 3181//
f 3181// 3183// 3184//
f 3181// 3184// 401//
f 3178// 3185// 3177//
f 3177// 3185// 3186//
f 3177// 3186// 3187//
f 3187// 3186// 3188//
f 412// 378// 3179//
f 3179// 378// 3189//
f 3179// 3189// 3180//
f 3180// 3189// 3190//
f 3180// 3190// 3181//
f 3181// 3190// 3191//
f 3181// 3191// 3182//
f 3182// 3191// 3192//
f 3182// 3192// 3183//
f 3183// 3192// 3193//
f 3183// 3193// 3184//
f 3184// 3193// 3194//
f 3184// 3194// 401//
f 401// 3194// 380//
f 401// 380// 426//
f 426// 380// 381//
f 426// 381// 3178//
f 3178// 381// 3195//
f 3178// 3195// 3185//
f 3185// 3195// 3196//
f 3185// 3196// 3186//
f 3186// 3196// 3197//
f 3186// 3197// 3188//
f 3188// 3197// 3198//
f 3188// 3198// 3187//
f 3187// 3198// 3199//
f 3187// 3199// 3177//
f 3177// 3199// 3200//
f 3177// 3200// 415//
f 415// 3200// 377//
f 415// 377// 414//
f 414// 377// 375//
f 412// 413// 378//
f 378// 413// 376//
f 3201// 3202// 3203//
f 3203// 3202// 3204//
f 3203// 3204// 3205//
f 3206// 3207// 3208//
f 3201// 3203// 3209//
f 3209// 3203// 3210//
f 3209// 3210// 3211//
f 3205// 3212// 3203//
f 3203// 3212// 3206//
f 3203// 3206// 3213//
f 3213// 3206// 3208//
f 3214// 3211// 3215//
f 3215// 3211// 3216//
f 3214// 3217// 3211//
f 3211// 3217// 3218//
f 3211// 3218// 3209//
f 3204// 3219// 3205//
f 3205// 3219// 3220//
f 3205// 3220// 3212//
f 3212// 3220// 3221//
f 3212// 3221// 3206//
f 3206// 3221// 3222//
f 3206// 3222// 3207//
f 3207// 3222// 3223//
f 3207// 3223// 3208//
f 3208// 3223// 3224//
f 3208// 3224// 3213//
f 3213// 3224// 3225//
f 3213// 3225// 3203//
f 3203// 3225// 3226//
f 3203// 3226// 3210//
f 3210// 3226// 3227//
f 3210// 3227// 3211//
f 3211// 3227// 3228//
f 3211// 3228// 3216//
f 3216// 3228// 3229//
f 3216// 3229// 3215//
f 3215// 3229// 3230//
f 3215// 3230// 3214//
f 3214// 3230// 3231//
f 3214// 3231// 3217//
f 3217// 3231// 3232//
f 3217// 3232// 3218//
f 3218// 3232// 3233//
f 3218// 3233// 3209//
f 3209// 3233// 3234//
f 3209// 3234// 3201//
f 3201// 3234// 3235//
f 3204// 3202// 3219//
f 3219// 3202// 3236//
f 3237// 3238// 3239//
f 3239// 3238// 3240//
f 3241// 3242// 3243//
f 3244// 3245// 3238//
f 3238// 3245// 3246//
f 3238// 3246// 3247//
f 3247// 3248// 3238//
f 3238// 3248// 3249//
f 3238// 3249// 3250//
f 3250// 3251// 3238//
f 3238// 3251// 3252//
f 3238// 3252// 3240//
f 3241// 3243// 3253//
f 3237// 3239// 3243//
f 3243// 3239// 3254//
f 3243// 3254// 3253//
f 3246// 3255// 3247//
f 3247// 3255// 3256//
f 3247// 3256// 3248//
f 3248// 3256// 3257//
f 3248// 3257// 3249//
f 3249// 3257// 3258//
f 3249// 3258// 3250//
f 3250// 3258// 3259//
f 3250// 3259// 3251//
f 3251// 3259// 3260//
f 3251// 3260// 3252//
f 3252// 3260// 3261//
f 3252// 3261// 3240//
f 3240// 3261// 3262//
f 3240// 3262// 3239//
f 3239// 3262// 3263//
f 3239// 3263// 3254//
f 3254// 3263// 3264//
f 3254// 3264// 3253//
f 3253// 3264// 3265//
f 3253// 3265// 3241//
f 3241// 3265// 3266//
f 3241// 3266// 3242//
f 3242// 3266// 3267//
f 3242// 3267// 3243//
f 3243// 3267// 3268//
f 3243// 3268// 3237//
f 3237// 3268// 3269//
f 3237// 3269// 3238//
f 3238// 3269// 3270//
f 3238// 3270// 3244//
f 3244// 3270// 3271//
f 3246// 3245// 3255//
f 3255// 3245// 3272//
f 3273// 3274// 3275//
f 1336// 1311// 1326//
f 1326// 1311// 1329//
f 1326// 1329// 3276//
f 1336// 1323// 1311//
f 1311// 1323// 1322//
f 1311// 1322// 3277//
f 3277// 3278// 1311//
f 1311// 3278// 3273//
f 1311// 3273// 3279//
f 3279// 3273// 3275//
f 3276// 3280// 1326//
f 1326// 3280// 3281//
f 1326// 3281// 3282//
f 3282// 3281// 3283//
f 3282// 3283// 3284//
f 1322// 191// 3277//
f 3277// 191// 3285//
f 3277// 3285// 3278//
f 3278// 3285// 3286//
f 3278// 3286// 3273//
f 3273// 3286// 3287//
f 3273// 3287// 3274//
f 3274// 3287// 3288//
f 3274// 3288// 3275//
f 3275// 3288// 3289//
f 3275// 3289// 3279//
f 3279// 3289// 3290//
f 3279// 3290// 1311//
f 1311// 3290// 173//
f 1311// 173// 1329//
f 1329// 173// 172//
f 1329// 172// 3276//
f 3276// 172// 3291//
f 3276// 3291// 3280//
f 3280// 3291// 3292//
f 3280// 3292// 3281//
f 3281// 3292// 3293//
f 3281// 3293// 3283//
f 3283// 3293// 3294//
f 3283// 3294// 3284//
f 3284// 3294// 3295//
f 3284// 3295// 3282//
f 3282// 3295// 3296//
f 3282// 3296// 1326//
f 1326// 3296// 169//
f 1326// 169// 1336//
f 1336// 169// 190//
f 1322// 1323// 191//
f 191// 1323// 189//
f 1909// 1922// 1921//
f 1921// 1920// 1909//
f 1909// 1920// 3297//
f 1909// 3297// 3298//
f 3298// 3299// 1909//
f 1909// 3299// 3300//
f 1909// 3300// 3301//
f 3301// 3300// 3302//
f 1922// 1909// 1923//
f 1923// 1909// 1924//
f 1923// 1924// 3303//
f 3304// 3305// 3306//
f 3303// 3307// 1923//
f 1923// 3307// 3304//
f 1923// 3304// 3308//
f 3308// 3304// 3306//
f 1920// 1677// 3297//
f 3297// 1677// 3309//
f 3297// 3309// 3298//
f 3298// 3309// 3310//
f 3298// 3310// 3299//
f 3299// 3310// 3311//
f 3299// 3311// 3300//
f 3300// 3311// 3312//
f 3300// 3312// 3302//
f 3302// 3312// 3313//
f 3302// 3313// 3301//
f 3301// 3313// 3314//
f 3301// 3314// 1909//
f 1909// 3314// 1693//
f 1909// 1693// 1924//
f 1924// 1693// 1679//
f 1924// 1679// 3303//
f 3303// 1679// 3315//
f 3303// 3315// 3307//
f 3307// 3315// 3316//
f 3307// 3316// 3304//
f 3304// 3316// 3317//
f 3304// 3317// 3305//
f 3305// 3317// 3318//
f 3305// 3318// 3306//
f 3306// 3318// 3319//
f 3306// 3319// 3308//
f 3308// 3319// 3320//
f 3308// 3320// 1923//
f 1923// 3320// 1678//
f 1923// 1678// 1922//
f 1922// 1678// 1676//
f 1920// 1921// 1677//
f 1677// 1921// 1675//
f 3321// 3322// 3323//
f 3323// 3322// 3324//
f 3321// 3323// 3325//
f 3325// 3323// 3326//
f 3325// 3326// 3327//
f 3324// 3328// 3323//
f 3323// 3328// 3329//
f 3323// 3329// 3330//
f 3331// 3332// 3330//
f 3330// 3332// 3333//
f 3330// 3333// 3323//
f 3325// 3334// 3335//
f 3335// 3334// 3336//
f 3327// 3337// 3325//
f 3325// 3337// 3338//
f 3325// 3338// 3334//
f 3324// 3339// 3328//
f 3328// 3339// 3340//
f 3328// 3340// 3329//
f 3329// 3340// 3341//
f 3329// 3341// 3330//
f 3330// 3341// 3342//
f 3330// 3342// 3331//
f 3331// 3342// 3343//
f 3331// 3343// 3332//
f 3332// 3343// 3344//
f 3332// 3344// 3333//
f 3333// 3344// 3345//
f 3333// 3345// 3323//
f 3323// 3345// 3346//
f 3323// 3346// 3326//
f 3326// 3346// 3347//
f 3326// 3347// 3327//
f 3327// 3347// 3348//
f 3327// 3348// 3337//
f 3337// 3348// 3349//
f 3337// 3349// 3338//
f 3338// 3349// 3350//
f 3338// 3350// 3334//
f 3334// 3350// 3351//
f 3334// 3351// 3336//
f 3336// 3351// 3352//
f 3336// 3352// 3335//
f 3335// 3352// 3353//
f 3335// 3353// 3325//
f 3325// 3353// 3354//
f 3325// 3354// 3321//
f 3321// 3354// 3355//
f 3324// 3322// 3339//
f 3339// 3322// 3356//
f 374// 363// 349//
f 349// 363// 362//
f 349// 362// 361//
f 361// 360// 349//
f 349// 360// 3357//
f 349// 3357// 3358//
f 3358// 3357// 3359//
f 3359// 3357// 3360//
f 3360// 3357// 3361//
f 3360// 3361// 3362//
f 374// 3363// 363//
f 363// 3363// 3364//
f 363// 3364// 3365//
f 3366// 3367// 3365//
f 3365// 3367// 3368//
f 3365// 3368// 363//
f 360// 326// 3357//
f 3357// 326// 3369//
f 3357// 3369// 3361//
f 3361// 3369// 3370//
f 3361// 3370// 3362//
f 3362// 3370// 3371//
f 3362// 3371// 3360//
f 3360// 3371// 3372//
f 3360// 3372// 3359//
f 3359// 3372// 3373//
f 3359// 3373// 3358//
f 3358// 3373// 3374//
f 3358// 3374// 349//
f 349// 3374// 340//
f 349// 340// 374//
f 374// 340// 331//
f 374// 331// 3363//
f 3363// 331// 3375//
f 3363// 3375// 3364//
f 3364// 3375// 3376//
f 3364// 3376// 3365//
f 3365// 3376// 3377//
f 3365// 3377// 3366//
f 3366// 3377// 3378//
f 3366// 3378// 3367//
f 3367// 3378// 3379//
f 3367// 3379// 3368//
f 3368// 3379// 3380//
f 3368// 3380// 363//
f 363// 3380// 325//
f 363// 325// 362//
f 362// 325// 323//
f 360// 361// 326//
f 326// 361// 324//
f 3381// 3382// 3383//
f 3384// 3385// 3386//
f 3382// 3387// 3383//
f 3383// 3387// 3388//
f 3383// 3388// 3389//
f 3389// 3390// 3383//
f 3383// 3390// 3384//
f 3383// 3384// 3391//
f 3391// 3384// 3386//
f 3383// 3392// 3381//
f 3381// 3392// 3393//
f 3381// 3393// 3394//
f 3394// 3393// 3395//
f 3396// 3397// 3393//
f 3393// 3397// 3398//
f 3393// 3398// 3395//
f 3388// 3399// 3389//
f 3389// 3399// 3400//
f 3389// 3400// 3390//
f 3390// 3400// 3401//
f 3390// 3401// 3384//
f 3384// 3401// 3402//
f 3384// 3402// 3385//
f 3385// 3402// 3403//
f 3385// 3403// 3386//
f 3386// 3403// 3404//
f 3386// 3404// 3391//
f 3391// 3404// 3405//
f 3391// 3405// 3383//
f 3383// 3405// 3406//
f 3383// 3406// 3392//
f 3392// 3406// 3407//
f 3392// 3407// 3393//
f 3393// 3407// 3408//
f 3393// 3408// 3396//
f 3396// 3408// 3409//
f 3396// 3409// 3397//
f 3397// 3409// 3410//
f 3397// 3410// 3398//
f 3398// 3410// 3411//
f 3398// 3411// 3395//
f 3395// 3411// 3412//
f 3395// 3412// 3394//
f 3394// 3412// 3413//
f 3394// 3413// 3381//
f 3381// 3413// 3414//
f 3381// 3414// 3382//
f 3382// 3414// 3415//
f 3388// 3387// 3399//
f 3399// 3387// 3416//
f 1154// 1141// 1129//
f 1129// 1141// 1140//
f 1129// 1140// 3417//
f 3418// 3419// 3420//
f 1154// 1129// 1144//
f 1144// 1129// 1143//
f 1144// 1143// 3421//
f 3417// 3422// 1129//
f 1129// 3422// 3418//
f 1129// 3418// 3423//
f 3423// 3418// 3420//
f 3424// 3421// 3425//
f 3425// 3421// 3426//
f 3424// 3427// 3421//
f 3421// 3427// 3428//
f 3421// 3428// 1144//
f 1140// 1112// 3417//
f 3417// 1112// 3429//
f 3417// 3429// 3422//
f 3422// 3429// 3430//
f 3422// 3430// 3418//
f 3418// 3430// 3431//
f 3418// 3431// 3419//
f 3419// 3431// 3432//
f 3419// 3432// 3420//
f 3420// 3432// 3433//
f 3420// 3433// 3423//
f 3423// 3433// 3434//
f 3423// 3434// 1129//
f 1129// 3434// 1104//
f 1129// 1104// 1143//
f 1143// 1104// 1106//
f 1143// 1106// 3421//
f 3421// 1106// 3435//
f 3421// 3435// 3426//
f 3426// 3435// 3436//
f 3426// 3436// 3425//
f 3425// 3436// 3437//
f 3425// 3437// 3424//
f 3424// 3437// 3438//
f 3424// 3438// 3427//
f 3427// 3438// 3439//
f 3427// 3439// 3428//
f 3428// 3439// 3440//
f 3428// 3440// 1144//
f 1144// 3440// 1105//
f 1144// 1105// 1154//
f 1154// 1105// 1110//
f 1140// 1141// 1112//
f 1112// 1141// 1111//
f 3441// 3442// 635//
f 635// 3442// 636//
f 3443// 657// 3444//
f 3444// 657// 649//
f 3444// 649// 3445//
f 3445// 649// 3446//
f 3445// 3446// 3447//
f 3447// 3446// 3448//
f 3447// 3448// 3449//
f 3449// 3448// 3450//
f 3449// 3450// 3451//
f 3451// 3450// 3452//
f 3451// 3452// 3453//
f 3453// 3452// 3454//
f 3453// 3454// 3455//
f 3455// 3454// 3456//
f 3455// 3456// 3457//
f 3457// 3456// 638//
f 3441// 635// 3458//
f 3458// 635// 3459//
f 3458// 3459// 3460//
f 3460// 3459// 3461//
f 3460// 3461// 3462//
f 3462// 3461// 3463//
f 3462// 3463// 3464//
f 3464// 3463// 3465//
f 3464// 3465// 3466//
f 3466// 3465// 3467//
f 3466// 3467// 3468//
f 3468// 3467// 3469//
f 3468// 3469// 3443//
f 3443// 3469// 657//
f 3470// 3442// 3443//
f 3443// 3442// 3441//
f 3443// 3441// 3458//
f 3462// 3464// 3466//
f 3445// 3447// 3457//
f 3458// 3460// 3443//
f 3443// 3460// 3462//
f 3443// 3462// 3468//
f 3468// 3462// 3466//
f 3470// 3443// 3457//
f 3457// 3443// 3444//
f 3457// 3444// 3445//
f 3447// 3449// 3457//
f 3457// 3449// 3451//
f 3457// 3451// 3455//
f 3455// 3451// 3453//
f 3457// 638// 3470//
f 3470// 638// 637//
f 3471// 3472// 583//
f 583// 3472// 584//
f 3473// 586// 3474//
f 3474// 586// 592//
f 3474// 592// 3475//
f 3475// 592// 3476//
f 3475// 3476// 3477//
f 3477// 3476// 3478//
f 3477// 3478// 3479//
f 3479// 3478// 3480//
f 3479// 3480// 3481//
f 3481// 3480// 3482//
f 3481// 3482// 3483//
f 3483// 3482// 3484//
f 3483// 3484// 3485//
f 3485// 3484// 3486//
f 3485// 3486// 3487//
f 3487// 3486// 601//
f 3471// 583// 3488//
f 3488// 583// 3489//
f 3488// 3489// 3490//
f 3490// 3489// 3491//
f 3490// 3491// 3492//
f 3492// 3491// 3493//
f 3492// 3493// 3494//
f 3494// 3493// 3495//
f 3494// 3495// 3496//
f 3496// 3495// 3497//
f 3496// 3497// 3498//
f 3498// 3497// 3499//
f 3498// 3499// 3473//
f 3473// 3499// 586//
f 3500// 3472// 3473//
f 3473// 3472// 3471//
f 3473// 3471// 3498//
f 3492// 3471// 3490//
f 3490// 3471// 3488//
f 3492// 3494// 3471//
f 3471// 3494// 3496//
f 3471// 3496// 3498//
f 3500// 3473// 3487//
f 3487// 3473// 3474//
f 3487// 3474// 3485//
f 3485// 3474// 3475//
f 3485// 3475// 3477//
f 3477// 3479// 3485//
f 3485// 3479// 3481//
f 3485// 3481// 3483//
f 3487// 601// 3500//
f 3500// 601// 585//
f 818// 817// 820//
f 820// 817// 819//
f 822// 821// 824//
f 824// 821// 823//
f 824// 823// 3501//
f 3501// 823// 3502//
f 3501// 3502// 3503//
f 3503// 3502// 3504//
f 3503// 3504// 3505//
f 3505// 3504// 3506//
f 3505// 3506// 3507//
f 3507// 3506// 3508//
f 3507// 3508// 3509//
f 3509// 3508// 3510//
f 3509// 3510// 3511//
f 3511// 3510// 3512//
f 3511// 3512// 825//
f 825// 3512// 826//
f 818// 820// 3513//
f 3513// 820// 3514//
f 3513// 3514// 3515//
f 3515// 3514// 3516//
f 3515// 3516// 3517//
f 3517// 3516// 3518//
f 3517// 3518// 3519//
f 3519// 3518// 3520//
f 3519// 3520// 3521//
f 3521// 3520// 3522//
f 3521// 3522// 3523//
f 3523// 3522// 3524//
f 3523// 3524// 822//
f 822// 3524// 821//
f 825// 867// 817//
f 822// 824// 818//
f 3505// 3507// 3509//
f 3501// 825// 824//
f 824// 825// 817//
f 824// 817// 818//
f 3501// 3503// 825//
f 825// 3503// 3505//
f 825// 3505// 3511//
f 3511// 3505// 3509//
f 3513// 3515// 3517//
f 3517// 3519// 3513//
f 3513// 3519// 3521//
f 3513// 3521// 818//
f 818// 3521// 3523//
f 818// 3523// 822//
f 825// 826// 867//
f 867// 826// 868//
f 3525// 3526// 765//
f 765// 3526// 766//
f 3527// 768// 3528//
f 3528// 768// 779//
f 3528// 779// 3529//
f 3529// 779// 3530//
f 3529// 3530// 3531//
f 3531// 3530// 3532//
f 3531// 3532// 3533//
f 3533// 3532// 3534//
f 3533// 3534// 3535//
f 3535// 3534// 3536//
f 3535// 3536// 3537//
f 3537// 3536// 3538//
f 3537// 3538// 3539//
f 3539// 3538// 3540//
f 3539// 3540// 3541//
f 3541// 3540// 775//
f 3525// 765// 3542//
f 3542// 765// 3543//
f 3542// 3543// 3544//
f 3544// 3543// 3545//
f 3544// 3545// 3546//
f 3546// 3545// 3547//
f 3546// 3547// 3548//
f 3548// 3547// 3549//
f 3548// 3549// 3550//
f 3550// 3549// 3551//
f 3550// 3551// 3552//
f 3552// 3551// 3553//
f 3552// 3553// 3527//
f 3527// 3553// 768//
f 3554// 3526// 3527//
f 3527// 3526// 3525//
f 3531// 3533// 3541//
f 3542// 3550// 3525//
f 3525// 3550// 3552//
f 3525// 3552// 3527//
f 3542// 3544// 3550//
f 3550// 3544// 3546//
f 3550// 3546// 3548//
f 3531// 3541// 3529//
f 3554// 3527// 3541//
f 3541// 3527// 3528//
f 3541// 3528// 3529//
f 3535// 3537// 3533//
f 3533// 3537// 3539//
f 3533// 3539// 3541//
f 3541// 775// 3554//
f 3554// 775// 767//
f 12// 11// 14//
f 14// 11// 13//
f 16// 15// 18//
f 18// 15// 17//
f 18// 17// 3555//
f 3555// 17// 3556//
f 3555// 3556// 3557//
f 3557// 3556// 3558//
f 3557// 3558// 3559//
f 3559// 3558// 3560//
f 3559// 3560// 3561//
f 3561// 3560// 3562//
f 3561// 3562// 3563//
f 3563// 3562// 3564//
f 3563// 3564// 3565//
f 3565// 3564// 3566//
f 3565// 3566// 19//
f 19// 3566// 20//
f 12// 14// 3567//
f 3567// 14// 3568//
f 3567// 3568// 3569//
f 3569// 3568// 3570//
f 3569// 3570// 3571//
f 3571// 3570// 3572//
f 3571// 3572// 3573//
f 3573// 3572// 3574//
f 3573// 3574// 3575//
f 3575// 3574// 3576//
f 3575// 3576// 3577//
f 3577// 3576// 3578//
f 3577// 3578// 16//
f 16// 3578// 15//
f 61// 16// 19//
f 19// 16// 18//
f 3575// 12// 3567//
f 61// 11// 16//
f 16// 11// 12//
f 16// 12// 3577//
f 3577// 12// 3575//
f 3567// 3569// 3575//
f 3575// 3569// 3571//
f 3575// 3571// 3573//
f 3561// 3563// 3559//
f 3559// 3563// 3557//
f 18// 3555// 19//
f 19// 3555// 3557//
f 19// 3557// 3565//
f 3565// 3557// 3563//
f 19// 20// 61//
f 61// 20// 62//
f 3579// 3580// 3581//
f 3581// 3580// 3582//
f 3583// 3584// 3585//
f 3585// 3584// 3586//
f 3585// 3586// 3587//
f 3587// 3586// 3588//
f 3587// 3588// 3589//
f 3589// 3588// 3590//
f 3589// 3590// 3591//
f 3591// 3590// 3592//
f 3591// 3592// 3593//
f 3593// 3592// 3594//
f 3593// 3594// 3595//
f 3595// 3594// 3596//
f 3595// 3596// 3597//
f 3597// 3596// 3598//
f 3597// 3598// 3599//
f 3599// 3598// 3600//
f 3579// 3581// 3601//
f 3601// 3581// 3602//
f 3601// 3602// 3603//
f 3603// 3602// 3604//
f 3603// 3604// 3605//
f 3605// 3604// 3606//
f 3605// 3606// 3607//
f 3607// 3606// 3608//
f 3607// 3608// 3609//
f 3609// 3608// 3610//
f 3609// 3610// 3611//
f 3611// 3610// 3612//
f 3611// 3612// 3583//
f 3583// 3612// 3584//
f 3599// 3613// 3580//
f 3583// 3585// 3579//
f 3591// 3593// 3595//
f 3587// 3599// 3585//
f 3585// 3599// 3580//
f 3585// 3580// 3579//
f 3587// 3589// 3599//
f 3599// 3589// 3591//
f 3599// 3591// 3597//
f 3597// 3591// 3595//
f 3601// 3603// 3605//
f 3605// 3607// 3601//
f 3601// 3607// 3609//
f 3601// 3609// 3579//
f 3579// 3609// 3611//
f 3579// 3611// 3583//
f 3599// 3600// 3613//
f 3613// 3600// 3614//
f 1182// 1181// 718//
f 718// 1181// 719//
f 1183// 716// 1184//
f 1184// 716// 714//
f 1184// 714// 3615//
f 3615// 714// 3616//
f 3615// 3616// 3617//
f 3617// 3616// 3618//
f 3617// 3618// 3619//
f 3619// 3618// 3620//
f 3619// 3620// 3621//
f 3621// 3620// 3622//
f 3621// 3622// 3623//
f 3623// 3622// 3624//
f 3623// 3624// 3625//
f 3625// 3624// 3626//
f 3625// 3626// 1185//
f 1185// 3626// 715//
f 1182// 718// 3627//
f 3627// 718// 3628//
f 3627// 3628// 3629//
f 3629// 3628// 3630//
f 3629// 3630// 3631//
f 3631// 3630// 3632//
f 3631// 3632// 3633//
f 3633// 3632// 3634//
f 3633// 3634// 3635//
f 3635// 3634// 3636//
f 3635// 3636// 3637//
f 3637// 3636// 3638//
f 3637// 3638// 1183//
f 1183// 3638// 716//
f 1184// 1185// 1183//
f 1183// 1185// 1206//
f 1183// 1206// 1181//
f 1181// 1182// 1183//
f 1183// 1182// 3627//
f 1183// 3627// 3637//
f 3637// 3627// 3635//
f 3635// 3627// 3633//
f 3633// 3627// 3629//
f 3633// 3629// 3631//
f 1184// 3615// 1185//
f 1185// 3615// 3617//
f 1185// 3617// 3619//
f 3621// 3623// 3619//
f 3619// 3623// 3625//
f 3619// 3625// 1185//
f 1185// 715// 1206//
f 1206// 715// 717//
f 3639// 3640// 2405//
f 2405// 3640// 2403//
f 3641// 2411// 3642//
f 3642// 2411// 2419//
f 3642// 2419// 3643//
f 3643// 2419// 3644//
f 3643// 3644// 3645//
f 3645// 3644// 3646//
f 3645// 3646// 3647//
f 3647// 3646// 3648//
f 3647// 3648// 3649//
f 3649// 3648// 3650//
f 3649// 3650// 3651//
f 3651// 3650// 3652//
f 3651// 3652// 3653//
f 3653// 3652// 3654//
f 3653// 3654// 3655//
f 3655// 3654// 2406//
f 3639// 2405// 3656//
f 3656// 2405// 3657//
f 3656// 3657// 3658//
f 3658// 3657// 3659//
f 3658// 3659// 3660//
f 3660// 3659// 3661//
f 3660// 3661// 3662//
f 3662// 3661// 3663//
f 3662// 3663// 3664//
f 3664// 3663// 3665//
f 3664// 3665// 3666//
f 3666// 3665// 3667//
f 3666// 3667// 3641//
f 3641// 3667// 2411//
f 3668// 3640// 3641//
f 3641// 3640// 3639//
f 3641// 3639// 3666//
f 3666// 3639// 3664//
f 3639// 3656// 3664//
f 3664// 3656// 3658//
f 3664// 3658// 3662//
f 3662// 3658// 3660//
f 3668// 3641// 3655//
f 3655// 3641// 3642//
f 3655// 3642// 3653//
f 3653// 3642// 3643//
f 3653// 3643// 3645//
f 3645// 3647// 3653//
f 3653// 3647// 3649//
f 3653// 3649// 3651//
f 3655// 2406// 3668//
f 3668// 2406// 2404//
f 3669// 3670// 3671//
f 3671// 3670// 3672//
f 3673// 3674// 3675//
f 3675// 3674// 3676//
f 3675// 3676// 3677//
f 3677// 3676// 3678//
f 3677// 3678// 3679//
f 3679// 3678// 3680//
f 3679// 3680// 3681//
f 3681// 3680// 3682//
f 3681// 3682// 3683//
f 3683// 3682// 3684//
f 3683// 3684// 3685//
f 3685// 3684// 3686//
f 3685// 3686// 3687//
f 3687// 3686// 3688//
f 3687// 3688// 3689//
f 3689// 3688// 3690//
f 3669// 3671// 3691//
f 3691// 3671// 3692//
f 3691// 3692// 3693//
f 3693// 3692// 3694//
f 3693// 3694// 3695//
f 3695// 3694// 3696//
f 3695// 3696// 3697//
f 3697// 3696// 3698//
f 3697// 3698// 3699//
f 3699// 3698// 3700//
f 3699// 3700// 3701//
f 3701// 3700// 3702//
f 3701// 3702// 3673//
f 3673// 3702// 3674//
f 3689// 3703// 3675//
f 3675// 3703// 3673//
f 3673// 3703// 3670//
f 3673// 3670// 3669//
f 3697// 3699// 3695//
f 3695// 3699// 3693//
f 3669// 3691// 3673//
f 3673// 3691// 3693//
f 3673// 3693// 3701//
f 3701// 3693// 3699//
f 3683// 3685// 3681//
f 3681// 3685// 3679//
f 3675// 3677// 3689//
f 3689// 3677// 3679//
f 3689// 3679// 3687//
f 3687// 3679// 3685//
f 3689// 3690// 3703//
f 3703// 3690// 3704//
f 1260// 1259// 1262//
f 1262// 1259// 1261//
f 1264// 1263// 1266//
f 1266// 1263// 1265//
f 1266// 1265// 3705//
f 3705// 1265// 3706//
f 3705// 3706// 3707//
f 3707// 3706// 3708//
f 3707// 3708// 3709//
f 3709// 3708// 3710//
f 3709// 3710// 3711//
f 3711// 3710// 3712//
f 3711// 3712// 3713//
f 3713// 3712// 3714//
f 3713// 3714// 3715//
f 3715// 3714// 3716//
f 3715// 3716// 1267//
f 1267// 3716// 1268//
f 1260// 1262// 3717//
f 3717// 1262// 3718//
f 3717// 3718// 3719//
f 3719// 3718// 3720//
f 3719// 3720// 3721//
f 3721// 3720// 3722//
f 3721// 3722// 3723//
f 3723// 3722// 3724//
f 3723// 3724// 3725//
f 3725// 3724// 3726//
f 3725// 3726// 3727//
f 3727// 3726// 3728//
f 3727// 3728// 1264//
f 1264// 3728// 1263//
f 1267// 1309// 1266//
f 3727// 1264// 1260//
f 1266// 1309// 1264//
f 1264// 1309// 1259//
f 1264// 1259// 1260//
f 3721// 1260// 3719//
f 3719// 1260// 3717//
f 3721// 3723// 1260//
f 1260// 3723// 3725//
f 1260// 3725// 3727//
f 1266// 3705// 1267//
f 1267// 3705// 3707//
f 1267// 3707// 3709//
f 3709// 3711// 1267//
f 1267// 3711// 3713//
f 1267// 3713// 3715//
f 1267// 1268// 1309//
f 1309// 1268// 1310//
f 3729// 3730// 949//
f 949// 3730// 950//
f 3731// 960// 3732//
f 3732// 960// 948//
f 3732// 948// 3733//
f 3733// 948// 3734//
f 3733// 3734// 3735//
f 3735// 3734// 3736//
f 3735// 3736// 3737//
f 3737// 3736// 3738//
f 3737// 3738// 3739//
f 3739// 3738// 3740//
f 3739// 3740// 3741//
f 3741// 3740// 3742//
f 3741// 3742// 3743//
f 3743// 3742// 3744//
f 3743// 3744// 3745//
f 3745// 3744// 952//
f 3729// 949// 3746//
f 3746// 949// 3747//
f 3746// 3747// 3748//
f 3748// 3747// 3749//
f 3748// 3749// 3750//
f 3750// 3749// 3751//
f 3750// 3751// 3752//
f 3752// 3751// 3753//
f 3752// 3753// 3754//
f 3754// 3753// 3755//
f 3754// 3755// 3756//
f 3756// 3755// 3757//
f 3756// 3757// 3731//
f 3731// 3757// 960//
f 3745// 3758// 3732//
f 3756// 3731// 3729//
f 3732// 3758// 3731//
f 3731// 3758// 3730//
f 3731// 3730// 3729//
f 3748// 3750// 3752//
f 3748// 3752// 3746//
f 3746// 3752// 3729//
f 3729// 3752// 3754//
f 3729// 3754// 3756//
f 3732// 3733// 3745//
f 3745// 3733// 3735//
f 3745// 3735// 3737//
f 3737// 3739// 3745//
f 3745// 3739// 3741//
f 3745// 3741// 3743//
f 3745// 952// 3758//
f 3758// 952// 951//
f 1624// 1623// 1626//
f 1626// 1623// 1625//
f 1628// 1627// 1630//
f 1630// 1627// 1629//
f 1630// 1629// 3759//
f 3759// 1629// 3760//
f 3759// 3760// 3761//
f 3761// 3760// 3762//
f 3761// 3762// 3763//
f 3763// 3762// 3764//
f 3763// 3764// 3765//
f 3765// 3764// 3766//
f 3765// 3766// 3767//
f 3767// 3766// 3768//
f 3767// 3768// 3769//
f 3769// 3768// 3770//
f 3769// 3770// 1631//
f 1631// 3770// 1632//
f 1624// 1626// 3771//
f 3771// 1626// 3772//
f 3771// 3772// 3773//
f 3773// 3772// 3774//
f 3773// 3774// 3775//
f 3775// 3774// 3776//
f 3775// 3776// 3777//
f 3777// 3776// 3778//
f 3777// 3778// 3779//
f 3779// 3778// 3780//
f 3779// 3780// 3781//
f 3781// 3780// 3782//
f 3781// 3782// 1628//
f 1628// 3782// 1627//
f 3781// 1628// 1624//
f 3773// 3775// 3771//
f 3771// 3775// 3777//
f 3771// 3777// 1624//
f 1624// 3777// 3779//
f 1624// 3779// 3781//
f 3759// 1631// 1630//
f 1630// 1631// 1673//
f 1630// 1673// 1628//
f 1628// 1673// 1623//
f 1628// 1623// 1624//
f 3763// 3765// 3767//
f 3759// 3761// 1631//
f 1631// 3761// 3763//
f 1631// 3763// 3769//
f 3769// 3763// 3767//
f 1631// 1632// 1673//
f 1673// 1632// 1674//
usemtl 2
f 3783// 3784// 3785//
f 3785// 3784// 3786//
f 3785// 3786// 3787//
f 3787// 3786// 3788//
f 3787// 3788// 3789//
f 3789// 3788// 3790//
f 3791// 3792// 3793//
f 3793// 3792// 3794//
f 3793// 3794// 3795//
f 3796// 3797// 3793//
f 3793// 3797// 3798//
f 3793// 3798// 3799//
f 3795// 3800// 3793//
f 3793// 3800// 3801//
f 3793// 3801// 3802//
f 3802// 3803// 3793//
f 3793// 3803// 3804//
f 3793// 3804// 3796//
f 3805// 3806// 3798//
f 3798// 3806// 3807//
f 3798// 3807// 3799//
usemtl 3
f 3808// 3809// 3810//
f 3810// 3809// 3811//
f 3810// 3811// 3812//
f 3813// 3814// 3810//
f 3810// 3814// 3815//
f 3810// 3815// 3808//
f 3816// 3817// 3810//
f 3810// 3817// 3818//
f 3810// 3818// 3813//
f 3819// 3820// 3810//
f 3810// 3820// 3821//
f 3810// 3821// 3816//
f 3822// 3823// 3810//
f 3810// 3823// 3824//
f 3810// 3824// 3819//
f 3825// 3826// 3810//
f 3810// 3826// 3827//
f 3810// 3827// 3822//
f 3828// 3829// 3810//
f 3810// 3829// 3830//
f 3810// 3830// 3825//
f 3812// 3831// 3810//
f 3810// 3831// 3832//
f 3810// 3832// 3828//
usemtl 4
f 3786// 3833// 3834//
f 3786// 3834// 3788//
f 3788// 3834// 3835//
f 3788// 3835// 3790//
f 3836// 3789// 3835//
f 3835// 3789// 3790//
f 3789// 3836// 3837//
f 3789// 3837// 3787//
f 3787// 3837// 3838//
f 3787// 3838// 3785//
f 3839// 3783// 3838//
f 3838// 3783// 3785//
f 3840// 3784// 3839//
f 3839// 3784// 3783//
f 3786// 3784// 3833//
f 3833// 3784// 3840//
f 3794// 3841// 3842//
f 3794// 3842// 3795//
f 3795// 3842// 3843//
f 3795// 3843// 3800//
f 3800// 3843// 3844//
f 3800// 3844// 3801//
f 3801// 3844// 3845//
f 3801// 3845// 3802//
f 3802// 3845// 3846//
f 3802// 3846// 3803//
f 3803// 3846// 3847//
f 3803// 3847// 3804//
f 3804// 3847// 3848//
f 3804// 3848// 3796//
f 3796// 3848// 3849//
f 3796// 3849// 3797//
f 3797// 3849// 3850//
f 3797// 3850// 3798//
f 3798// 3850// 3851//
f 3798// 3851// 3805//
f 3805// 3851// 3852//
f 3805// 3852// 3806//
f 3806// 3852// 3853//
f 3806// 3853// 3807//
f 3807// 3853// 3854//
f 3807// 3854// 3799//
f 3799// 3854// 3855//
f 3799// 3855// 3793//
f 3856// 3791// 3855//
f 3855// 3791// 3793//
f 3792// 3791// 3857//
f 3857// 3791// 3856//
f 3841// 3794// 3857//
f 3857// 3794// 3792//
usemtl 3
f 3811// 3858// 3812//
f 3812// 3858// 3859//
f 3812// 3859// 3831//
f 3831// 3859// 3860//
f 3831// 3860// 3832//
f 3832// 3860// 3861//
f 3832// 3861// 3828//
f 3828// 3861// 3862//
f 3828// 3862// 3829//
f 3829// 3862// 3863//
f 3829// 3863// 3830//
f 3830// 3863// 3864//
f 3830// 3864// 3825//
f 3825// 3864// 3865//
f 3825// 3865// 3826//
f 3826// 3865// 3866//
f 3826// 3866// 3827//
f 3827// 3866// 3867//
f 3827// 3867// 3822//
f 3822// 3867// 3868//
f 3822// 3868// 3823//
f 3823// 3868// 3869//
f 3823// 3869// 3824//
f 3824// 3869// 3870//
f 3824// 3870// 3819//
f 3819// 3870// 3871//
f 3819// 3871// 3820//
f 3820// 3871// 3872//
f 3820// 3872// 3821//
f 3821// 3872// 3873//
f 3821// 3873// 3816//
f 3816// 3873// 3874//
f 3816// 3874// 3817//
f 3817// 3874// 3875//
f 3817// 3875// 3818//
f 3818// 3875// 3876//
f 3818// 3876// 3813//
f 3813// 3876// 3877//
f 3813// 3877// 3814//
f 3814// 3877// 3878//
f 3814// 3878// 3815//
f 3815// 3878// 3879//
f 3815// 3879// 3808//
f 3808// 3879// 3880//
f 3808// 3880// 3809//
f 3809// 3880// 3881//
f 3809// 3881// 3811//
f 3811// 3881// 3858//
usemtl 4
f 3839// 3882// 3840//
f 3840// 3882// 3883//
f 3838// 3884// 3839//
f 3839// 3884// 3885//
f 3839// 3885// 3882//
f 3882// 3885// 3886//
f 3838// 3837// 3884//
f 3884// 3837// 3836//
f 3884// 3836// 3887//
f 3887// 3836// 3835//
f 3887// 3835// 3834//
f 3834// 3833// 3887//
f 3887// 3833// 3840//
f 3887// 3840// 3888//
f 3888// 3840// 3883//
f 3888// 3883// 3889//
f 3890// 3891// 3851//
f 3851// 3891// 3892//
f 3851// 3892// 3852//
f 3852// 3892// 3893//
f 3852// 3893// 3853//
f 3853// 3893// 3894//
f 3853// 3894// 3854//
f 3854// 3894// 3895//
f 3854// 3895// 3855//
f 3855// 3895// 3896//
f 3855// 3896// 3856//
f 3856// 3896// 3897//
f 3856// 3897// 3857//
f 3857// 3897// 3898//
f 3857// 3898// 3841//
f 3841// 3898// 3899//
f 3841// 3899// 3842//
f 3842// 3899// 3900//
f 3842// 3900// 3843//
f 3843// 3900// 3901//
f 3843// 3901// 3844//
f 3844// 3901// 3902//
f 3844// 3902// 3845//
f 3845// 3902// 3903//
f 3845// 3903// 3846//
f 3846// 3903// 3904//
f 3846// 3904// 3847//
f 3847// 3904// 3905//
f 3847// 3905// 3848//
f 3848// 3905// 3906//
f 3848// 3906// 3849//
f 3849// 3906// 3907//
f 3849// 3907// 3850//
f 3850// 3907// 3890//
f 3850// 3890// 3851//
f 3908// 3909// 3910//
f 3910// 3911// 3908//
f 3908// 3911// 3912//
f 3908// 3912// 3913//
f 3914// 3915// 3916//
f 3916// 3915// 3913//
f 3916// 3913// 3917//
f 3917// 3913// 3912//
f 3917// 3912// 3918//
f 3918// 3912// 3919//
f 3920// 3921// 3922//
f 3922// 3921// 3923//
f 3922// 3923// 3924//
f 3924// 3923// 3925//
f 3924// 3925// 3926//
f 3926// 3925// 3927//
f 3926// 3927// 3928//
f 3929// 3930// 3931//
f 3931// 3930// 3932//
f 3931// 3932// 3933//
f 3933// 3932// 3934//
f 3933// 3934// 3935//
f 3935// 3934// 3936//
f 3935// 3936// 3937//
f 3937// 3936// 3938//
f 3937// 3938// 3939//
f 3939// 3938// 3940//
f 3939// 3940// 3941//
f 3941// 3940// 3942//
f 3941// 3942// 3943//
f 3943// 3942// 3944//
f 3943// 3944// 3945//
f 3945// 3944// 3946//
f 3945// 3946// 3947//
f 3947// 3946// 3948//
f 3947// 3948// 3949//
f 3949// 3948// 3950//
f 3949// 3950// 3951//
f 3951// 3950// 3952//
f 3951// 3952// 3953//
f 3953// 3952// 3954//
f 3953// 3954// 3955//
f 3955// 3954// 3956//
f 3955// 3956// 3957//
f 3957// 3956// 3958//
f 3957// 3958// 3920//
f 3920// 3958// 3959//
f 3920// 3959// 3921//
f 3960// 3961// 3962//
f 3962// 3961// 3963//
f 3962// 3963// 3964//
f 3964// 3963// 3965//
usemtl 2
f 3966// 3881// 3880//
f 3967// 3873// 3872//
f 3864// 3863// 3968//
f 3968// 3863// 3862//
f 3968// 3862// 3861//
f 3967// 3869// 3969//
f 3969// 3869// 3868//
f 3861// 3860// 3968//
f 3968// 3860// 3859//
f 3968// 3859// 3966//
f 3966// 3859// 3858//
f 3966// 3858// 3881//
f 3880// 3879// 3966//
f 3966// 3879// 3878//
f 3966// 3878// 3877//
f 3877// 3876// 3966//
f 3966// 3876// 3875//
f 3966// 3875// 3967//
f 3967// 3875// 3874//
f 3967// 3874// 3873//
f 3872// 3871// 3967//
f 3967// 3871// 3870//
f 3967// 3870// 3869//
f 3868// 3867// 3969//
f 3969// 3867// 3866//
f 3969// 3866// 3968//
f 3968// 3866// 3865//
f 3968// 3865// 3864//
f 3967// 3970// 897//
f 897// 2674// 3967//
f 3967// 2674// 2689//
f 3967// 2689// 3966//
f 1168// 65// 1391//
f 1389// 1418// 3966//
f 895// 64// 2689//
f 2689// 64// 1167//
f 2689// 1167// 3966//
f 3966// 1167// 1168//
f 3966// 1168// 1389//
f 1389// 1168// 1391//
f 2778// 1003// 1339//
f 1337// 1344// 3966//
f 1339// 1337// 2778//
f 2778// 1337// 3966//
f 2778// 3966// 2776//
f 2776// 3966// 1418//
f 2776// 1418// 1002//
f 1002// 1418// 1417//
f 1480// 1446// 3971//
f 2914// 2916// 3966//
f 1343// 1447// 1344//
f 1344// 1447// 1479//
f 1344// 1479// 3966//
f 3966// 1479// 1480//
f 3966// 1480// 2914//
f 2914// 1480// 3971//
f 2914// 3971// 2143//
f 2390// 1208// 2225//
f 2259// 2260// 3966//
f 2225// 2259// 2390//
f 2390// 2259// 3966//
f 2390// 3966// 2389//
f 2389// 3966// 2916//
f 2389// 2916// 1207//
f 1207// 2916// 2144//
f 3046// 3079// 1261//
f 1259// 1309// 3966//
f 1261// 1259// 3046//
f 3046// 1259// 3966//
f 3046// 3966// 3051//
f 3051// 3966// 2260//
f 3051// 2260// 3080//
f 3080// 2260// 2241//
f 3704// 3972// 3703//
f 3703// 3972// 3966//
f 3703// 3966// 3670//
f 3670// 3966// 1309//
f 3670// 1309// 3672//
f 3672// 1309// 1310//
f 3613// 3614// 13//
f 3966// 3972// 3973//
f 1206// 717// 2403//
f 637// 3974// 3470//
f 3470// 3974// 3968//
f 3470// 3968// 3442//
f 1922// 3966// 1921//
f 1921// 3966// 3973//
f 1921// 3973// 1675//
f 1676// 324// 1922//
f 1922// 324// 361//
f 1922// 361// 3966//
f 3966// 361// 362//
f 3966// 11// 61//
f 3966// 3640// 3668//
f 2404// 636// 3668//
f 3668// 636// 3442//
f 3668// 3442// 3966//
f 3966// 3442// 3968//
f 62// 766// 61//
f 61// 766// 3526//
f 61// 3526// 3966//
f 3966// 3526// 3554//
f 323// 1780// 362//
f 362// 1780// 1817//
f 362// 1817// 3966//
f 3966// 1817// 1820//
f 1779// 1831// 1820//
f 1820// 1831// 1869//
f 1820// 1869// 3966//
f 3966// 1869// 1871//
f 1853// 3582// 1871//
f 1871// 3582// 3580//
f 1871// 3580// 3966//
f 3966// 3580// 3613//
f 3966// 3613// 11//
f 11// 3613// 13//
f 767// 819// 3554//
f 3554// 819// 817//
f 3554// 817// 3966//
f 3966// 817// 867//
f 868// 584// 867//
f 867// 584// 3472//
f 867// 3472// 3966//
f 3966// 3472// 3500//
f 585// 719// 3500//
f 3500// 719// 1181//
f 3500// 1181// 3966//
f 3966// 1181// 1206//
f 3966// 1206// 3640//
f 3640// 1206// 2403//
f 2302// 2301// 3416//
f 3321// 3355// 376//
f 3975// 3236// 3202//
f 3974// 223// 3968//
f 3968// 223// 2013//
f 3968// 2013// 2016//
f 224// 2041// 2016//
f 2016// 2041// 2039//
f 2016// 2039// 3968//
f 3968// 2039// 2046//
f 3968// 3387// 3382//
f 2045// 1571// 2046//
f 2046// 1571// 1987//
f 2046// 1987// 3968//
f 3968// 1987// 2001//
f 1572// 2275// 2001//
f 2001// 2275// 2273//
f 2001// 2273// 3968//
f 3968// 2273// 2302//
f 3968// 2302// 3387//
f 3387// 2302// 3416//
f 3415// 1111// 3382//
f 3382// 1111// 1141//
f 3382// 1141// 3968//
f 3968// 1141// 1154//
f 1110// 3975// 1154//
f 1154// 3975// 3202//
f 1154// 3202// 3968//
f 3968// 3202// 3201//
f 414// 3969// 413//
f 413// 3969// 3968//
f 3271// 3976// 3244//
f 3244// 3976// 3969//
f 3244// 3969// 3245//
f 3245// 3969// 414//
f 3245// 414// 3272//
f 3272// 414// 375//
f 3235// 189// 3201//
f 3201// 189// 1323//
f 3201// 1323// 3968//
f 3968// 1323// 1336//
f 190// 120// 1336//
f 1336// 120// 153//
f 1336// 153// 3968//
f 3968// 153// 163//
f 119// 3356// 163//
f 163// 3356// 3322//
f 163// 3322// 3968//
f 3968// 3322// 3321//
f 3968// 3321// 413//
f 413// 3321// 376//
f 3977// 3970// 3967//
f 2562// 1728// 2616//
f 3976// 1495// 3969//
f 3969// 1495// 1493//
f 3969// 1493// 1500//
f 1499// 1056// 1500//
f 1500// 1056// 1089//
f 1500// 1089// 3969//
f 3969// 1089// 1090//
f 2620// 531// 2619//
f 2619// 531// 2207//
f 3977// 3967// 532//
f 1055// 2504// 1090//
f 1090// 2504// 2502//
f 1090// 2502// 3969//
f 3969// 2502// 2521//
f 2614// 2619// 3969//
f 3969// 2619// 2207//
f 3969// 2207// 3967//
f 3967// 2207// 2210//
f 3967// 2210// 532//
f 2522// 2996// 2521//
f 2521// 2996// 2964//
f 2521// 2964// 3969//
f 3969// 2964// 2967//
f 2995// 432// 2967//
f 2967// 432// 687//
f 2967// 687// 3969//
f 3969// 687// 690//
f 433// 284// 690//
f 690// 284// 2878//
f 690// 2878// 3969//
f 3969// 2878// 2880//
f 285// 481// 2880//
f 2880// 481// 479//
f 2880// 479// 3969//
f 3969// 479// 529//
f 530// 1625// 529//
f 529// 1625// 1623//
f 529// 1623// 3969//
f 3969// 1623// 1673//
f 1674// 950// 1673//
f 1673// 950// 3730//
f 1673// 3730// 3969//
f 3969// 3730// 3758//
f 951// 1727// 3758//
f 3758// 1727// 2560//
f 3758// 2560// 3969//
f 3969// 2560// 2562//
f 3969// 2562// 2614//
f 2614// 2562// 2616//
usemtl 4
f 3888// 3978// 3887//
f 3887// 3978// 3979//
f 3887// 3979// 3884//
f 3884// 3979// 3980//
f 3884// 3980// 3885//
f 3885// 3980// 3981//
f 3885// 3981// 3886//
f 3886// 3981// 3982//
f 3886// 3982// 3882//
f 3882// 3982// 3983//
f 3882// 3983// 3883//
f 3883// 3983// 3984//
f 3883// 3984// 3889//
f 3889// 3984// 3985//
f 3888// 3889// 3978//
f 3978// 3889// 3985//
f 3898// 3986// 3899//
f 3899// 3986// 3987//
f 3988// 3906// 3905//
f 3988// 3905// 3989//
f 3989// 3905// 3904//
f 3989// 3904// 3990//
f 3990// 3904// 3903//
f 3990// 3903// 3991//
f 3991// 3903// 3902//
f 3991// 3902// 3992//
f 3992// 3902// 3901//
f 3992// 3901// 3993//
f 3993// 3901// 3900//
f 3993// 3900// 3994//
f 3994// 3900// 3899//
f 3994// 3899// 3987//
f 3995// 3896// 3895//
f 3995// 3895// 3996//
f 3996// 3895// 3894//
f 3996// 3894// 3997//
f 3997// 3894// 3893//
f 3997// 3893// 3998//
f 3998// 3893// 3892//
f 3998// 3892// 3999//
f 3999// 3892// 3891//
f 3999// 3891// 4000//
f 4000// 3891// 3890//
f 4000// 3890// 4001//
f 4001// 3890// 3907//
f 4001// 3907// 4002//
f 4002// 3907// 3906//
f 4002// 3906// 3988//
f 3896// 3995// 3897//
f 3897// 3995// 4003//
f 3898// 3897// 3986//
f 3986// 3897// 4003//
f 3909// 4004// 3910//
f 3910// 4004// 4005//
f 3910// 4005// 3911//
f 3911// 4005// 4006//
f 3911// 4006// 3912//
f 3912// 4006// 4007//
f 3912// 4007// 3919//
f 3919// 4007// 4008//
f 3919// 4008// 3918//
f 3918// 4008// 4009//
f 3918// 4009// 3917//
f 3917// 4009// 4010//
f 3917// 4010// 3916//
f 3916// 4010// 4011//
f 3916// 4011// 3914//
f 3914// 4011// 4012//
f 3914// 4012// 3915//
f 3915// 4012// 4013//
f 3915// 4013// 3913//
f 3913// 4013// 4014//
f 3913// 4014// 3908//
f 3908// 4014// 4015//
f 3909// 3908// 4004//
f 4004// 3908// 4015//
f 3927// 4016// 3928//
f 3928// 4016// 4017//
f 4018// 3922// 3924//
f 4018// 3924// 4019//
f 4019// 3924// 3926//
f 4019// 3926// 4020//
f 4020// 3926// 3928//
f 4020// 3928// 4017//
f 4021// 3947// 3949//
f 4021// 3949// 4022//
f 4022// 3949// 3951//
f 4022// 3951// 4023//
f 4023// 3951// 3953//
f 4023// 3953// 4024//
f 4024// 3953// 3955//
f 4024// 3955// 4025//
f 4025// 3955// 3957//
f 4025// 3957// 4026//
f 4026// 3957// 3920//
f 4026// 3920// 4027//
f 4027// 3920// 3922//
f 4027// 3922// 4018//
f 4028// 3933// 3935//
f 4028// 3935// 4029//
f 4029// 3935// 3937//
f 4029// 3937// 4030//
f 4030// 3937// 3939//
f 4030// 3939// 4031//
f 4031// 3939// 3941//
f 4031// 3941// 4032//
f 4032// 3941// 3943//
f 4032// 3943// 4033//
f 4033// 3943// 3945//
f 4033// 3945// 4034//
f 4034// 3945// 3947//
f 4034// 3947// 4021//
f 4035// 3929// 3931//
f 4035// 3931// 4036//
f 4036// 3931// 3933//
f 4036// 3933// 4028//
f 3929// 4035// 3930//
f 3930// 4035// 4037//
f 4038// 3934// 3932//
f 4038// 3932// 4039//
f 4039// 3932// 3930//
f 4039// 3930// 4037//
f 4040// 3948// 3946//
f 4040// 3946// 4041//
f 4041// 3946// 3944//
f 4041// 3944// 4042//
f 4042// 3944// 3942//
f 4042// 3942// 4043//
f 4043// 3942// 3940//
f 4043// 3940// 4044//
f 4044// 3940// 3938//
f 4044// 3938// 4045//
f 4045// 3938// 3936//
f 4045// 3936// 4046//
f 4046// 3936// 3934//
f 4046// 3934// 4038//
f 4047// 3921// 4048//
f 4048// 3921// 3959//
f 4048// 3959// 4049//
f 4049// 3959// 3958//
f 4049// 3958// 4050//
f 4050// 3958// 3956//
f 4050// 3956// 4051//
f 4051// 3956// 3954//
f 4051// 3954// 4052//
f 4052// 3954// 3952//
f 4052// 3952// 4053//
f 4053// 3952// 3950//
f 4053// 3950// 4054//
f 4054// 3950// 3948//
f 4054// 3948// 4040//
f 4055// 4016// 3925//
f 3925// 4016// 3927//
f 4055// 3925// 4056//
f 4056// 3925// 3923//
f 4056// 3923// 4057//
f 4057// 3923// 3921//
f 4057// 3921// 4047//
f 3965// 4058// 3964//
f 3964// 4058// 4059//
f 3964// 4059// 3962//
f 3962// 4059// 4060//
f 3962// 4060// 3960//
f 3960// 4060// 4061//
f 3960// 4061// 3961//
f 3961// 4061// 4062//
f 3961// 4062// 3963//
f 3963// 4062// 4063//
f 3965// 3963// 4058//
f 4058// 3963// 4063//
usemtl 2
f 2830// 1415// 2802//
f 3987// 3986// 4064//
f 4064// 3986// 4003//
f 3981// 3990// 3991//
f 4064// 3978// 3985//
f 3991// 3992// 3981//
f 3981// 3992// 3993//
f 3981// 3993// 3994//
f 3020// 3019// 4003//
f 3019// 3018// 4003//
f 4003// 3018// 3017//
f 4003// 3017// 3016//
f 3996// 3997// 3980//
f 3980// 3997// 3998//
f 3996// 3980// 3995//
f 3995// 3980// 532//
f 3995// 532// 4003//
f 4003// 532// 534//
f 4003// 534// 3020//
f 3994// 3987// 3981//
f 3981// 3987// 4064//
f 3981// 4064// 3982//
f 3982// 4064// 3985//
f 3982// 3985// 3983//
f 3983// 3985// 3984//
f 3998// 3999// 3980//
f 3980// 3999// 4000//
f 3980// 4000// 4001//
f 4001// 4002// 3980//
f 3980// 4002// 3988//
f 3980// 3988// 3981//
f 3981// 3988// 3989//
f 3981// 3989// 3990//
f 3016// 3015// 4003//
f 4003// 3015// 537//
f 4003// 537// 538//
f 538// 3014// 4003//
f 4003// 3014// 3013//
f 4003// 3013// 3012//
f 533// 531// 2620//
f 3012// 3011// 4003//
f 4003// 3011// 3010//
f 4003// 3010// 3009//
f 533// 2620// 3009//
f 3009// 2620// 4003//
f 4003// 2620// 2618//
f 4003// 2618// 2634//
f 2634// 2632// 4003//
f 4003// 2632// 2630//
f 4003// 2630// 2628//
f 2628// 2626// 4003//
f 4003// 2626// 2624//
f 4003// 2624// 2622//
f 2622// 2648// 4003//
f 4003// 2648// 2647//
f 4003// 2647// 2646//
f 2646// 2645// 4003//
f 4003// 2645// 2644//
f 4003// 2644// 2643//
f 2575// 2573// 4003//
f 2643// 2642// 1728//
f 1728// 2642// 2615//
f 1728// 2615// 2616//
f 2643// 1728// 4003//
f 4003// 1728// 1730//
f 4003// 1730// 2575//
f 2573// 2571// 4003//
f 4003// 2571// 2569//
f 4003// 2569// 2567//
f 2567// 2565// 4003//
f 4003// 2565// 1732//
f 4003// 1732// 1733//
f 1729// 1727// 951//
f 1733// 2588// 4003//
f 4003// 2588// 2587//
f 4003// 2587// 2586//
f 4003// 951// 952//
f 952// 3744// 4003//
f 4003// 3744// 3742//
f 4003// 3742// 3740//
f 2586// 2585// 4003//
f 4003// 2585// 2584//
f 4003// 2584// 951//
f 951// 2584// 2583//
f 951// 2583// 1729//
f 3740// 3738// 4003//
f 4003// 3738// 3736//
f 4003// 3736// 3734//
f 3734// 948// 4003//
f 4003// 948// 960//
f 4003// 960// 3757//
f 1632// 3770// 4003//
f 4003// 3770// 3768//
f 4003// 3768// 3766//
f 3757// 3755// 4003//
f 4003// 3755// 3753//
f 4003// 3753// 1632//
f 1632// 3753// 3751//
f 1632// 3751// 3749//
f 3766// 3764// 4003//
f 4003// 3764// 3762//
f 4003// 3762// 3760//
f 950// 1674// 949//
f 949// 1674// 1632//
f 949// 1632// 3747//
f 3747// 1632// 3749//
f 3760// 1629// 4003//
f 4003// 1629// 1627//
f 4003// 1627// 3782//
f 488// 2600// 4003//
f 4003// 2600// 2598//
f 4003// 2598// 2596//
f 3782// 3780// 4003//
f 4003// 3780// 3778//
f 4003// 3778// 488//
f 488// 3778// 3776//
f 488// 3776// 3774//
f 1625// 530// 1626//
f 1626// 530// 488//
f 1626// 488// 3772//
f 3772// 488// 3774//
f 2596// 2594// 4003//
f 4003// 2594// 2592//
f 4003// 2592// 2590//
f 2590// 485// 4003//
f 4003// 485// 483//
f 4003// 483// 2612//
f 2891// 4003// 2893//
f 2893// 4003// 273//
f 2891// 2889// 4003//
f 4003// 2889// 2887//
f 4003// 2887// 2885//
f 2612// 2610// 4003//
f 4003// 2610// 2608//
f 4003// 2608// 273//
f 273// 2608// 2606//
f 273// 2606// 2604//
f 481// 285// 482//
f 482// 285// 273//
f 482// 273// 2602//
f 2602// 273// 2604//
f 2885// 2883// 4003//
f 4003// 2883// 271//
f 4003// 271// 272//
f 2464// 4003// 2466//
f 2466// 4003// 434//
f 434// 2903// 2902//
f 272// 2906// 4003//
f 4003// 2906// 2905//
f 4003// 2905// 434//
f 434// 2905// 2904//
f 434// 2904// 2903//
f 2464// 2462// 4003//
f 4003// 2462// 2460//
f 4003// 2460// 2458//
f 284// 433// 286//
f 286// 433// 434//
f 286// 434// 2901//
f 2901// 434// 2902//
f 2475// 2474// 2994//
f 2458// 2456// 4003//
f 4003// 2456// 428//
f 4003// 428// 430//
f 2992// 4003// 2993//
f 2993// 4003// 2994//
f 430// 2478// 4003//
f 4003// 2478// 2477//
f 4003// 2477// 2994//
f 2994// 2477// 2476//
f 2994// 2476// 2475//
f 432// 2995// 429//
f 429// 2995// 2994//
f 429// 2994// 2473//
f 2473// 2994// 2474//
f 2992// 2991// 4003//
f 4003// 2991// 2990//
f 4003// 2990// 2989//
f 2989// 2988// 4003//
f 4003// 2988// 2987//
f 4003// 2987// 2986//
f 2986// 2985// 4003//
f 4003// 2985// 2984//
f 4003// 2984// 2520//
f 2520// 2518// 4003//
f 4003// 2518// 2516//
f 4003// 2516// 2514//
f 2984// 2983// 2520//
f 2520// 2983// 2982//
f 2520// 2982// 2981//
f 2514// 2512// 4003//
f 4003// 2512// 2510//
f 4003// 2510// 2508//
f 2960// 2959// 4003//
f 2508// 2506// 4003//
f 4003// 2506// 2524//
f 4003// 2524// 2536//
f 2996// 2522// 2979//
f 2979// 2522// 2520//
f 2979// 2520// 2980//
f 2980// 2520// 2981//
f 2536// 2535// 4003//
f 4003// 2535// 1057//
f 4003// 1057// 2960//
f 2535// 2534// 1057//
f 1057// 2534// 2533//
f 1057// 2533// 2532//
f 2959// 2958// 4003//
f 4003// 2958// 2957//
f 4003// 2957// 2956//
f 2504// 1055// 2503//
f 2503// 1055// 1057//
f 2503// 1057// 2531//
f 2531// 1057// 2532//
f 4003// 1497// 2738//
f 1497// 2951// 2950//
f 2956// 2955// 4003//
f 4003// 2955// 1052//
f 4003// 1052// 1051//
f 2738// 2736// 4003//
f 4003// 2736// 2734//
f 4003// 2734// 2732//
f 1051// 2954// 4003//
f 4003// 2954// 2953//
f 4003// 2953// 1497//
f 1497// 2953// 2952//
f 1497// 2952// 2951//
f 1056// 1499// 1053//
f 1053// 1499// 1497//
f 1053// 1497// 2949//
f 2949// 1497// 2950//
f 2749// 3976// 4003//
f 3976// 3271// 3270//
f 2732// 2730// 4003//
f 4003// 2730// 2728//
f 4003// 2728// 1521//
f 2749// 2748// 3976//
f 3976// 2748// 2747//
f 3976// 2747// 2746//
f 3266// 3265// 4003//
f 4003// 3265// 3264//
f 4003// 3264// 3263//
f 1521// 1534// 4003//
f 4003// 1534// 2750//
f 4003// 2750// 2749//
f 3263// 3262// 4003//
f 4003// 3262// 3261//
f 4003// 3261// 3260//
f 3270// 3269// 3976//
f 3976// 3269// 3268//
f 3976// 3268// 4003//
f 4003// 3268// 3267//
f 4003// 3267// 3266//
f 2746// 2745// 3976//
f 3976// 2745// 1496//
f 3976// 1496// 1495//
f 3260// 3259// 4003//
f 4003// 3259// 3258//
f 4003// 3258// 3257//
f 3257// 3256// 4003//
f 4003// 3256// 3255//
f 4003// 3255// 3272//
f 3272// 375// 377//
f 3197// 3196// 4003//
f 4003// 3196// 3195//
f 4003// 3195// 381//
f 377// 3200// 3272//
f 3272// 3200// 3199//
f 3272// 3199// 4003//
f 4003// 3199// 3198//
f 4003// 3198// 3197//
f 381// 380// 4003//
f 4003// 380// 3194//
f 4003// 3194// 3193//
f 3193// 3192// 4003//
f 4003// 3192// 3191//
f 4003// 3191// 3190//
f 3344// 3343// 4003//
f 3151// 3150// 3341//
f 378// 376// 3355//
f 3190// 3189// 4003//
f 4003// 3189// 3351//
f 4003// 3351// 3350//
f 3151// 3341// 3152//
f 3145// 3144// 4003//
f 3289// 3288// 4003//
f 3355// 3354// 378//
f 378// 3354// 3353//
f 378// 3353// 3189//
f 3189// 3353// 3352//
f 3189// 3352// 3351//
f 3150// 3149// 3341//
f 3341// 3149// 3148//
f 3341// 3148// 3342//
f 3342// 3148// 3343//
f 3287// 3286// 3229//
f 4064// 3223// 3222//
f 3226// 3225// 4064//
f 4064// 3225// 3224//
f 4064// 3224// 3223//
f 3222// 3221// 4064//
f 4064// 3221// 3220//
f 4064// 3220// 3975//
f 3975// 3220// 3219//
f 3975// 3219// 3236//
f 3350// 3349// 4003//
f 4003// 3349// 3348//
f 4003// 3348// 3347//
f 3347// 3346// 4003//
f 4003// 3346// 3345//
f 4003// 3345// 3344//
f 3343// 3148// 4003//
f 4003// 3148// 3147//
f 4003// 3147// 118//
f 118// 116// 4003//
f 4003// 116// 3146//
f 4003// 3146// 3145//
f 3296// 3295// 3142//
f 3142// 3295// 3294//
f 3144// 3292// 4003//
f 4003// 3292// 3291//
f 4003// 3291// 172//
f 172// 173// 4003//
f 4003// 173// 3290//
f 4003// 3290// 3289//
f 3287// 3229// 3288//
f 3233// 3232// 3286//
f 3288// 3229// 4003//
f 4003// 3229// 3228//
f 4003// 3228// 4064//
f 4064// 3228// 3227//
f 4064// 3227// 3226//
f 3339// 3356// 119//
f 3144// 3143// 3292//
f 3292// 3143// 3142//
f 3292// 3142// 3293//
f 3293// 3142// 3294//
f 3232// 3231// 3286//
f 3286// 3231// 3230//
f 3286// 3230// 3229//
f 3341// 3340// 3152//
f 3152// 3340// 3339//
f 3152// 3339// 117//
f 117// 3339// 119//
f 121// 120// 190//
f 3142// 3141// 3296//
f 3296// 3141// 121//
f 3296// 121// 169//
f 169// 121// 190//
f 191// 189// 3235//
f 3286// 3285// 3233//
f 3233// 3285// 191//
f 3233// 191// 3234//
f 3234// 191// 3235//
f 2802// 1415// 2803//
f 1419// 2852// 3977//
f 3977// 2852// 2851//
f 3977// 2851// 2850//
f 2801// 2834// 2802//
f 2802// 2834// 2832//
f 2802// 2832// 2830//
f 2876// 2875// 4064//
f 2872// 2871// 4064//
f 4064// 2871// 1443//
f 2849// 2825// 2850//
f 2850// 2825// 2824//
f 2801// 2800// 2834//
f 2834// 2800// 2799//
f 2834// 2799// 2836//
f 2836// 2799// 2838//
f 2875// 2874// 4064//
f 4064// 2874// 2873//
f 4064// 2873// 2872//
f 1442// 2870// 3977//
f 2849// 2848// 2825//
f 2825// 2848// 2847//
f 2825// 2847// 2826//
f 2826// 2847// 2827//
f 2820// 3977// 2821//
f 2821// 3977// 2822//
f 1002// 1417// 1000//
f 1000// 1417// 1394//
f 1000// 1394// 2799//
f 2799// 1394// 2840//
f 2799// 2840// 2838//
f 3980// 3979// 532//
f 532// 3979// 3978//
f 532// 3978// 3977//
f 3977// 3978// 4064//
f 3977// 4064// 1442//
f 1442// 4064// 1443//
f 1419// 3977// 1415//
f 1415// 3977// 2804//
f 1415// 2804// 2803//
f 1391// 65// 1392//
f 1392// 65// 69//
f 1392// 69// 2847//
f 2847// 69// 2828//
f 2847// 2828// 2827//
f 2824// 2823// 2850//
f 2850// 2823// 66//
f 2850// 66// 3977//
f 3977// 66// 67//
f 3977// 67// 2822//
f 2820// 2683// 2681//
f 2820// 896// 3977//
f 3977// 896// 898//
f 3977// 898// 2702//
f 3971// 1446// 4064//
f 4064// 1446// 1441//
f 4064// 1441// 2876//
f 2704// 2868// 2706//
f 2706// 2868// 2708//
f 1378// 2726// 3977//
f 2819// 2687// 2820//
f 2820// 2687// 2685//
f 2820// 2685// 2683//
f 2681// 2679// 2820//
f 2820// 2679// 2677//
f 2820// 2677// 896//
f 2702// 2701// 3977//
f 3977// 2701// 2700//
f 3977// 2700// 2699//
f 897// 3970// 899//
f 899// 3970// 3977//
f 1378// 3977// 1365//
f 1365// 3977// 2870//
f 1365// 2870// 2704//
f 2704// 2870// 2869//
f 2704// 2869// 2868//
f 64// 895// 63//
f 63// 895// 900//
f 63// 900// 2817//
f 2817// 900// 2687//
f 2817// 2687// 2818//
f 2818// 2687// 2819//
f 2699// 2698// 3977//
f 3977// 2698// 2697//
f 3977// 2697// 899//
f 2867// 2712// 2868//
f 2868// 2712// 2710//
f 2868// 2710// 2708//
f 2725// 2781// 2726//
f 2726// 2781// 1005//
f 2726// 1005// 3977//
f 3977// 1005// 1006//
f 3977// 1006// 2804//
f 2725// 2724// 2781//
f 2781// 2724// 2723//
f 2781// 2723// 2722//
f 2789// 2787// 2721//
f 2721// 2787// 2785//
f 2721// 2785// 2722//
f 2722// 2785// 2783//
f 2722// 2783// 2781//
f 1448// 1447// 1343//
f 2867// 2866// 2712//
f 2712// 2866// 2865//
f 2712// 2865// 2714//
f 2714// 2865// 1448//
f 2714// 1448// 1341//
f 1341// 1448// 1343//
f 1339// 1003// 1340//
f 1340// 1003// 1004//
f 1340// 1004// 2721//
f 2721// 1004// 2791//
f 2721// 2791// 2789//
f 3075// 3074// 3724//
f 1261// 3079// 1262//
f 1262// 3079// 3078//
f 1262// 3078// 3718//
f 3724// 3074// 3726//
f 3973// 3074// 3073//
f 3706// 3973// 3708//
f 3708// 3973// 3710//
f 3067// 4048// 3068//
f 3068// 4048// 3069//
f 3972// 3704// 3973//
f 3973// 3704// 3690//
f 3690// 3688// 3973//
f 3973// 3688// 3686//
f 3973// 3686// 3684//
f 3718// 3078// 3720//
f 3720// 3078// 3077//
f 3720// 3077// 3722//
f 3722// 3077// 3724//
f 3724// 3077// 3076//
f 3724// 3076// 3075//
f 3073// 3072// 3973//
f 3973// 3072// 3071//
f 3973// 3071// 4048//
f 4048// 3071// 3070//
f 4048// 3070// 3069//
f 3040// 3067// 3041//
f 3041// 3067// 3066//
f 3684// 3682// 3973//
f 3973// 3682// 3680//
f 3973// 3680// 3678//
f 3678// 3676// 3973//
f 3973// 3676// 3674//
f 3973// 3674// 3710//
f 3710// 3674// 3702//
f 3710// 3702// 3700//
f 3066// 3065// 3041//
f 3041// 3065// 3064//
f 3041// 3064// 3042//
f 3042// 3064// 3043//
f 3040// 3039// 3067//
f 3067// 3039// 2242//
f 3067// 2242// 4048//
f 4048// 2242// 2224//
f 4048// 2224// 3038//
f 3706// 1265// 3973//
f 3973// 1265// 1263//
f 3973// 1263// 3074//
f 3074// 1263// 3728//
f 3074// 3728// 3726//
f 3080// 2241// 3063//
f 3063// 2241// 2235//
f 3063// 2235// 3064//
f 3064// 2235// 3044//
f 3064// 3044// 3043//
f 3714// 3696// 3716//
f 3716// 3696// 3694//
f 3700// 3698// 3710//
f 3710// 3698// 3696//
f 3710// 3696// 3712//
f 3712// 3696// 3714//
f 3099// 3036// 3100//
f 3100// 3036// 3101//
f 1217// 4048// 1212//
f 1212// 4048// 3038//
f 1212// 3038// 3099//
f 3099// 3038// 3037//
f 3099// 3037// 3036//
f 3671// 3672// 1310//
f 1217// 3098// 4048//
f 4048// 3098// 3097//
f 4048// 3097// 3096//
f 3694// 3692// 3716//
f 3716// 3692// 3671//
f 3716// 3671// 1268//
f 1268// 3671// 1310//
f 3103// 3034// 3033//
f 3036// 3035// 3101//
f 3101// 3035// 3034//
f 3101// 3034// 3102//
f 3102// 3034// 3103//
f 2927// 2926// 4064//
f 2933// 2932// 3096//
f 3096// 2932// 2931//
f 3096// 2931// 4048//
f 4048// 2931// 2147//
f 4048// 2147// 2148//
f 2935// 3094// 3093//
f 3096// 3095// 2933//
f 2933// 3095// 3094//
f 2933// 3094// 2934//
f 2934// 3094// 2935//
f 2148// 2930// 4048//
f 4048// 2930// 2929//
f 4048// 2929// 4047//
f 4047// 2929// 2928//
f 4047// 2928// 4057//
f 4057// 2928// 4056//
f 2143// 3971// 2145//
f 2145// 3971// 4064//
f 2145// 4064// 2925//
f 2925// 4064// 2926//
f 2225// 1208// 2223//
f 2223// 1208// 1210//
f 2223// 1210// 3033//
f 3033// 1210// 3104//
f 3033// 3104// 3103//
f 1207// 2144// 1209//
f 1209// 2144// 2146//
f 1209// 2146// 3093//
f 3093// 2146// 2936//
f 3093// 2936// 2935//
f 4016// 4015// 4017//
f 4017// 4015// 4014//
f 4016// 4055// 4015//
f 4015// 4055// 4056//
f 4015// 4056// 4064//
f 4064// 4056// 2928//
f 4064// 2928// 2927//
f 4012// 4011// 4010//
f 4009// 4008// 4064//
f 4014// 4035// 4017//
f 4017// 4035// 4036//
f 4017// 4036// 4020//
f 4020// 4036// 4028//
f 4020// 4028// 4029//
f 4061// 4060// 4059//
f 2482// 2480// 4061//
f 4007// 4006// 4008//
f 4008// 4006// 4005//
f 4008// 4005// 4064//
f 4064// 4005// 4004//
f 4064// 4004// 4015//
f 4029// 4030// 4020//
f 4020// 4030// 4031//
f 4020// 4031// 4032//
f 4021// 4022// 4020//
f 4020// 4022// 4023//
f 4027// 4018// 4026//
f 4026// 4018// 4025//
f 4023// 4024// 4020//
f 4020// 4024// 4025//
f 4020// 4025// 4019//
f 4019// 4025// 4018//
f 3578// 4063// 15//
f 15// 4063// 17//
f 765// 766// 62//
f 3410// 3409// 3430//
f 2482// 4061// 2484//
f 4032// 4033// 4020//
f 4020// 4033// 4034//
f 4020// 4034// 4021//
f 3560// 3558// 4063//
f 4063// 3558// 3556//
f 4063// 3556// 17//
f 62// 20// 765//
f 765// 20// 3566//
f 765// 3566// 3543//
f 3543// 3566// 3564//
f 3543// 3564// 3562//
f 3433// 3432// 4061//
f 3510// 3508// 3495//
f 4052// 4059// 4051//
f 4051// 4059// 4058//
f 4051// 4058// 4050//
f 3578// 3576// 4063//
f 4063// 3576// 3574//
f 4063// 3574// 3572//
f 3405// 3404// 2546//
f 2546// 3404// 3403//
f 2546// 3403// 3402//
f 3495// 3508// 3497//
f 4041// 4042// 4061//
f 4061// 4042// 4043//
f 4061// 4043// 3975//
f 3409// 3408// 4061//
f 4061// 3408// 3407//
f 4061// 3407// 3406//
f 2546// 2544// 3405//
f 3405// 2544// 2542//
f 3405// 2542// 3406//
f 2558// 2557// 2488//
f 2488// 2557// 2556//
f 2488// 2556// 2555//
f 3406// 2542// 4061//
f 4061// 2542// 2540//
f 4061// 2540// 2538//
f 2772// 2658// 2773//
f 2773// 2658// 2774//
f 3622// 3620// 3667//
f 3667// 3620// 2411//
f 4038// 4014// 4013//
f 4038// 4039// 4014//
f 4014// 4039// 4037//
f 4014// 4037// 4035//
f 3438// 3437// 4061//
f 4061// 3432// 3409//
f 3409// 3432// 3431//
f 3409// 3431// 3430//
f 2538// 2299// 4061//
f 4061// 2299// 2303//
f 4061// 2303// 2484//
f 2484// 2303// 2558//
f 2484// 2558// 2486//
f 2486// 2558// 2488//
f 2772// 2771// 2658//
f 2658// 2771// 2770//
f 2658// 2770// 2660//
f 3663// 3661// 3624//
f 3624// 3661// 3659//
f 3624// 3659// 3626//
f 3572// 3570// 4063//
f 4063// 3570// 3568//
f 4063// 3568// 3594//
f 3416// 2301// 3399//
f 3399// 2301// 2278//
f 3399// 2278// 3400//
f 3400// 2278// 2546//
f 3400// 2546// 3401//
f 3401// 2546// 3402//
f 3437// 3436// 4061//
f 4061// 3436// 3435//
f 4061// 3435// 1106//
f 1106// 1104// 4061//
f 4061// 1104// 3434//
f 4061// 3434// 3433//
f 223// 3974// 221//
f 221// 3974// 637//
f 221// 637// 2667//
f 2667// 637// 2668//
f 3622// 3667// 3624//
f 3624// 3667// 3665//
f 3624// 3665// 3663//
f 3510// 3495// 3512//
f 3512// 3495// 3493//
f 3512// 3493// 3491//
f 3486// 3484// 3630//
f 3630// 3484// 3632//
f 4043// 4044// 3975//
f 3975// 4044// 4045//
f 3975// 4045// 4046//
f 1110// 1105// 3975//
f 3975// 1105// 3440//
f 3975// 3440// 4061//
f 4061// 3440// 3439//
f 4061// 3439// 3438//
f 3413// 3412// 3430//
f 3430// 3412// 3411//
f 3430// 3411// 3410//
f 2275// 1572// 2276//
f 2276// 1572// 1574//
f 2276// 1574// 2553//
f 2553// 1574// 2488//
f 2553// 2488// 2554//
f 2554// 2488// 2555//
f 2760// 2758// 2496//
f 2656// 2654// 4061//
f 4061// 2654// 2652//
f 4061// 2652// 2650//
f 635// 636// 2404//
f 3638// 3636// 3484//
f 3484// 3636// 3634//
f 3484// 3634// 3632//
f 3522// 3520// 3536//
f 4062// 3549// 3547//
f 4052// 4053// 4059//
f 4059// 4053// 4054//
f 4059// 4054// 4061//
f 4061// 4054// 4040//
f 4061// 4040// 4041//
f 4010// 4009// 4012//
f 4012// 4009// 4064//
f 4012// 4064// 4013//
f 4013// 4064// 3975//
f 4013// 3975// 4038//
f 4038// 3975// 4046//
f 1112// 1111// 3415//
f 2042// 2041// 224//
f 2760// 2496// 2762//
f 2498// 2497// 2754//
f 2754// 2497// 2496//
f 2754// 2496// 2756//
f 2756// 2496// 2758//
f 2067// 4061// 2752//
f 2752// 4061// 2754//
f 222// 2672// 3450//
f 583// 584// 868//
f 3461// 3459// 3654//
f 3654// 3459// 635//
f 3654// 635// 2406//
f 2406// 635// 2404//
f 3540// 3538// 3516//
f 3516// 3538// 3536//
f 3516// 3536// 3518//
f 3518// 3536// 3520//
f 3547// 3545// 4062//
f 4062// 3545// 3543//
f 4062// 3543// 4063//
f 4063// 3543// 3562//
f 4063// 3562// 3560//
f 3594// 3592// 4063//
f 4063// 3592// 3590//
f 4063// 3590// 3588//
f 14// 13// 3614//
f 3430// 3429// 3413//
f 3413// 3429// 1112//
f 3413// 1112// 3414//
f 3414// 1112// 3415//
f 2770// 2769// 2660//
f 2660// 2769// 2042//
f 2660// 2042// 225//
f 225// 2042// 224//
f 2498// 2754// 2499//
f 2499// 2754// 4061//
f 2499// 4061// 2500//
f 2668// 637// 2669//
f 2669// 637// 638//
f 2669// 638// 3456//
f 3448// 2650// 3450//
f 3450// 2650// 220//
f 3450// 220// 222//
f 3469// 3467// 4061//
f 4061// 3467// 3465//
f 4061// 3465// 4062//
f 2405// 2403// 717//
f 3491// 3489// 3512//
f 3512// 3489// 583//
f 3512// 583// 826//
f 826// 583// 868//
f 3588// 3586// 4063//
f 4063// 3586// 3584//
f 4063// 3584// 3612//
f 3614// 3600// 14//
f 14// 3600// 3598//
f 14// 3598// 3568//
f 3568// 3598// 3596//
f 3568// 3596// 3594//
f 3659// 3657// 3626//
f 3626// 3657// 2405//
f 3626// 2405// 715//
f 715// 2405// 717//
f 718// 719// 585//
f 2480// 1576// 4061//
f 4061// 1576// 1580//
f 4061// 1580// 2500//
f 2067// 2080// 4061//
f 4061// 2080// 2774//
f 4061// 2774// 2656//
f 2656// 2774// 2658//
f 3456// 3454// 2669//
f 2669// 3454// 3452//
f 2669// 3452// 2670//
f 2670// 3452// 3450//
f 2670// 3450// 2671//
f 2671// 3450// 2672//
f 3448// 3446// 2650//
f 2650// 3446// 649//
f 2650// 649// 4061//
f 4061// 649// 657//
f 4061// 657// 3469//
f 3630// 3628// 3486//
f 3486// 3628// 718//
f 3486// 718// 601//
f 601// 718// 585//
f 820// 819// 767//
f 3654// 3652// 3461//
f 3461// 3652// 3650//
f 3461// 3650// 3648//
f 3612// 3610// 4063//
f 4063// 3610// 3608//
f 4063// 3608// 3606//
f 1573// 1571// 2045//
f 3516// 3514// 3540//
f 3540// 3514// 820//
f 3540// 820// 775//
f 775// 820// 767//
f 2496// 2495// 2762//
f 2762// 2495// 1573//
f 2762// 1573// 2043//
f 2043// 1573// 2045//
f 3648// 3646// 3461//
f 3461// 3646// 4062//
f 3461// 4062// 3463//
f 3463// 4062// 3465//
f 3484// 3482// 3638//
f 3638// 3482// 3480//
f 3638// 3480// 716//
f 768// 3553// 4062//
f 4062// 3553// 3551//
f 4062// 3551// 3549//
f 3606// 3604// 4063//
f 4063// 3604// 3602//
f 4063// 3602// 3174//
f 3497// 3508// 3499//
f 3499// 3508// 3506//
f 3499// 3506// 586//
f 3522// 3536// 3524//
f 3524// 3536// 3534//
f 3524// 3534// 821//
f 3534// 3532// 821//
f 821// 3532// 3530//
f 821// 3530// 4062//
f 4062// 3530// 779//
f 4062// 779// 768//
f 4063// 3171// 1846//
f 3646// 3644// 4062//
f 4062// 3644// 2419//
f 4062// 2419// 2411//
f 3620// 3618// 2411//
f 2411// 3618// 3616//
f 2411// 3616// 4062//
f 4062// 3616// 714//
f 4062// 714// 716//
f 3480// 3478// 716//
f 716// 3478// 3476//
f 716// 3476// 4062//
f 4062// 3476// 592//
f 4062// 592// 586//
f 3506// 3504// 586//
f 586// 3504// 3502//
f 586// 3502// 4062//
f 4062// 3502// 823//
f 4062// 823// 821//
f 3174// 3173// 4063//
f 4063// 3173// 3172//
f 4063// 3172// 3171//
f 1846// 1833// 4063//
f 4063// 1833// 3170//
f 4063// 3170// 3169//
f 3581// 3582// 1853//
f 1853// 1852// 3581//
f 3581// 1852// 3176//
f 3581// 3176// 3602//
f 3602// 3176// 3175//
f 3602// 3175// 3174//
f 3169// 3168// 4063//
f 4063// 3168// 3167//
f 4063// 3167// 3166//
f 3166// 3165// 4063//
f 4063// 3165// 1832//
f 4063// 1832// 1831//
f 1831// 1779// 1781//
f 3125// 3124// 4063//
f 4063// 3124// 3123//
f 4063// 3123// 1786//
f 1781// 3128// 1831//
f 1831// 3128// 3127//
f 1831// 3127// 4063//
f 4063// 3127// 3126//
f 4063// 3126// 3125//
f 1786// 1785// 4063//
f 4063// 1785// 3122//
f 4063// 3122// 3121//
f 3121// 3120// 4063//
f 4063// 3120// 3119//
f 4063// 3119// 3118//
f 3118// 3117// 4063//
f 4063// 3117// 1782//
f 4063// 1782// 1780//
f 3378// 3377// 4063//
f 4063// 3377// 3376//
f 4063// 3376// 3375//
f 323// 325// 1780//
f 1780// 325// 3380//
f 1780// 3380// 4063//
f 4063// 3380// 3379//
f 4063// 3379// 3378//
f 3375// 331// 4063//
f 4063// 331// 340//
f 4063// 340// 3374//
f 3374// 3373// 4063//
f 4063// 3373// 3372//
f 4063// 3372// 3371//
f 3371// 3370// 4063//
f 4063// 3370// 3369//
f 4063// 3369// 326//
f 3320// 3319// 326//
f 326// 3319// 3318//
f 326// 3318// 4063//
f 4063// 3318// 3317//
f 3313// 3312// 4063//
f 4063// 3312// 3311//
f 4063// 3311// 3310//
f 324// 1676// 326//
f 326// 1676// 1678//
f 326// 1678// 3320//
f 3310// 3309// 3973//
f 3973// 3309// 1677//
f 3973// 1677// 1675//
f 3317// 3316// 4063//
f 4063// 3316// 3315//
f 4063// 3315// 1679//
f 3310// 3973// 4063//
f 4063// 3973// 4048//
f 4063// 4048// 4058//
f 4058// 4048// 4049//
f 4058// 4049// 4050//
f 1679// 1693// 4063//
f 4063// 1693// 3314//
f 4063// 3314// 3313//
usemtl 1
f 2319// 2320// 2278//
f 2299// 2278// 2297//
f 2297// 2278// 2295//
f 2299// 2303// 2278//
f 2278// 2303// 2315//
f 2278// 2315// 2316//
f 2316// 2317// 2278//
f 2278// 2317// 2318//
f 2278// 2318// 2319//
f 2275// 2301// 2276//
f 2276// 2301// 2278//
f 2276// 2278// 2324//
f 2324// 2278// 2323//
f 2283// 2285// 2287//
f 2320// 2321// 2278//
f 2278// 2321// 2322//
f 2278// 2322// 2323//
f 2279// 2291// 2278//
f 2278// 2291// 2293//
f 2278// 2293// 2295//
f 2279// 2281// 2291//
f 2291// 2281// 2283//
f 2291// 2283// 2289//
f 2289// 2283// 2287//
f 2303// 4065// 4066//
f 2303// 4066// 2315//
f 2315// 4066// 4067//
f 2315// 4067// 2316//
f 2316// 4067// 4068//
f 2316// 4068// 2317//
f 2317// 4068// 4069//
f 2317// 4069// 2318//
f 2318// 4069// 4070//
f 2318// 4070// 2319//
f 2319// 4070// 4071//
f 2319// 4071// 2320//
f 2320// 4071// 4072//
f 2320// 4072// 2321//
f 2321// 4072// 4073//
f 2321// 4073// 2322//
f 2322// 4073// 4074//
f 2322// 4074// 2323//
f 2323// 4074// 4075//
f 2323// 4075// 2324//
f 2324// 4075// 4076//
f 2324// 4076// 2276//
f 4077// 4078// 2275//
f 2275// 4078// 2301//
f 4079// 4065// 2299//
f 2299// 4065// 2303//
f 4078// 4077// 4080//
f 4080// 4077// 4076//
f 4066// 4065// 4080//
f 4070// 4069// 4080//
f 4065// 4079// 4080//
f 4080// 4079// 4081//
f 4080// 4081// 4082//
f 4076// 4075// 4080//
f 4080// 4075// 4074//
f 4080// 4074// 4073//
f 4069// 4068// 4080//
f 4080// 4068// 4067//
f 4080// 4067// 4066//
f 4073// 4072// 4080//
f 4080// 4072// 4071//
f 4080// 4071// 4070//
f 4083// 4084// 4085//
f 4083// 4086// 4084//
f 4084// 4086// 4087//
f 4084// 4087// 4088//
f 4082// 4089// 4080//
f 4080// 4089// 4083//
f 4080// 4083// 4090//
f 4090// 4083// 4085//
f 4078// 4080// 2301//
f 2301// 4080// 2278//
f 2278// 4080// 4090//
f 2278// 4090// 2279//
f 2279// 4090// 4085//
f 2279// 4085// 2281//
f 2281// 4085// 4084//
f 2281// 4084// 2283//
f 2283// 4084// 4088//
f 2283// 4088// 2285//
f 2285// 4088// 4087//
f 2285// 4087// 2287//
f 2287// 4087// 4086//
f 2287// 4086// 2289//
f 2289// 4086// 4083//
f 2289// 4083// 2291//
f 2291// 4083// 4089//
f 2291// 4089// 2293//
f 2293// 4089// 4082//
f 2293// 4082// 2295//
f 2295// 4082// 4081//
f 2295// 4081// 2297//
f 2297// 4081// 4079//
f 2297// 4079// 2299//
f 2276// 4076// 2275//
f 2275// 4076// 4077//
f 2878// 2877// 284//
f 284// 2877// 286//
f 273// 2879// 285//
f 285// 2879// 2880//
f 2879// 273// 289//
f 2879// 289// 4091//
f 4091// 289// 290//
f 4091// 290// 4092//
f 4092// 290// 295//
f 4092// 295// 4093//
f 4093// 295// 292//
f 4093// 292// 4094//
f 4094// 292// 294//
f 4094// 294// 4095//
f 4095// 294// 293//
f 4095// 293// 4096//
f 4096// 293// 291//
f 4096// 291// 4097//
f 4097// 291// 296//
f 4097// 296// 4098//
f 4098// 296// 288//
f 4098// 288// 4099//
f 4099// 288// 274//
f 4099// 274// 4100//
f 4100// 274// 271//
f 4100// 271// 2881//
f 2881// 2895// 2879//
f 2881// 2879// 4100//
f 2895// 4101// 2879//
f 2879// 4101// 4102//
f 2879// 4102// 4103//
f 4103// 4104// 2879//
f 2879// 4104// 4105//
f 2879// 4105// 4106//
f 4106// 4107// 2879//
f 2879// 4107// 4108//
f 2879// 4108// 4109//
f 2878// 2880// 2877//
f 2877// 2880// 2879//
f 2877// 2879// 4110//
f 4110// 2879// 4109//
f 4100// 2879// 4099//
f 4099// 2879// 4091//
f 4099// 4091// 4092//
f 4097// 4094// 4096//
f 4096// 4094// 4095//
f 4097// 4098// 4094//
f 4094// 4098// 4099//
f 4094// 4099// 4093//
f 4093// 4099// 4092//
f 2895// 272// 275//
f 2895// 275// 4101//
f 4101// 275// 276//
f 4101// 276// 4102//
f 4102// 276// 277//
f 4102// 277// 4103//
f 4103// 277// 278//
f 4103// 278// 4104//
f 4104// 278// 279//
f 4104// 279// 4105//
f 4105// 279// 280//
f 4105// 280// 4106//
f 4106// 280// 281//
f 4106// 281// 4107//
f 4107// 281// 282//
f 4107// 282// 4108//
f 4108// 282// 283//
f 4108// 283// 4109//
f 4109// 283// 287//
f 4109// 287// 4110//
f 4110// 287// 286//
f 4110// 286// 2877//
f 272// 2895// 271//
f 271// 2895// 2881//
f 285// 284// 273//
f 273// 284// 286//
f 276// 275// 273//
f 273// 275// 272//
f 273// 272// 271//
f 286// 287// 273//
f 273// 287// 283//
f 273// 283// 282//
f 282// 281// 273//
f 273// 281// 280//
f 273// 280// 279//
f 279// 278// 273//
f 273// 278// 277//
f 273// 277// 276//
f 271// 274// 273//
f 273// 274// 288//
f 273// 288// 289//
f 289// 288// 290//
f 296// 291// 292//
f 292// 291// 293//
f 292// 293// 294//
f 296// 292// 288//
f 288// 292// 295//
f 288// 295// 290//
f 2878// 284// 2880//
f 2880// 284// 285//
f 3355// 3356// 3354//
f 3354// 3356// 3339//
f 4111// 3346// 3354//
f 3354// 3346// 3347//
f 4112// 4113// 3354//
f 4113// 4114// 3354//
f 3354// 4114// 4115//
f 3354// 4115// 4111//
f 4116// 4117// 4118//
f 4118// 4117// 4119//
f 4118// 4119// 4120//
f 4120// 4119// 4121//
f 4121// 4119// 4122//
f 4121// 4122// 4123//
f 3347// 4124// 3354//
f 3354// 4124// 4121//
f 3354// 4121// 4125//
f 4125// 4121// 4123//
f 3339// 4126// 3354//
f 3354// 4126// 4127//
f 3354// 4127// 4128//
f 4128// 4129// 3354//
f 3354// 4129// 4130//
f 3354// 4130// 4112//
f 3323// 3346// 4111//
f 3323// 4111// 4131//
f 4131// 4111// 4115//
f 4131// 4115// 4132//
f 4132// 4115// 4114//
f 4132// 4114// 4133//
f 4133// 4114// 4113//
f 4133// 4113// 4134//
f 4134// 4113// 4112//
f 4134// 4112// 4135//
f 4135// 4112// 4130//
f 4135// 4130// 4136//
f 4136// 4130// 4129//
f 4136// 4129// 4137//
f 4137// 4129// 4128//
f 4137// 4128// 4138//
f 4138// 4128// 4127//
f 4138// 4127// 4139//
f 4139// 4127// 4126//
f 4139// 4126// 4140//
f 4140// 4126// 3339//
f 4140// 3339// 3324//
f 3322// 3324// 3356//
f 3356// 3324// 3339//
f 3322// 3321// 3324//
f 3324// 3321// 3325//
f 4141// 3326// 3325//
f 3326// 3323// 3325//
f 3325// 3323// 4131//
f 3325// 4131// 4132//
f 4132// 4133// 3325//
f 3325// 4133// 4134//
f 3325// 4134// 4135//
f 4141// 3325// 4142//
f 4142// 3325// 4143//
f 4142// 4143// 4144//
f 4145// 4146// 4147//
f 4147// 4146// 4148//
f 4144// 4149// 4142//
f 4142// 4149// 4148//
f 4142// 4148// 4150//
f 4150// 4148// 4146//
f 4135// 4136// 3325//
f 3325// 4136// 4137//
f 3325// 4137// 4138//
f 4138// 4139// 3325//
f 3325// 4139// 4140//
f 3325// 4140// 3324//
f 3346// 3323// 3347//
f 3347// 3323// 3326//
f 3325// 3354// 4125//
f 3325// 4125// 4143//
f 4143// 4125// 4123//
f 4143// 4123// 4144//
f 4144// 4123// 4122//
f 4144// 4122// 4149//
f 4149// 4122// 4119//
f 4149// 4119// 4148//
f 4148// 4119// 4117//
f 4148// 4117// 4147//
f 4147// 4117// 4116//
f 4147// 4116// 4145//
f 4145// 4116// 4118//
f 4145// 4118// 4146//
f 4146// 4118// 4120//
f 4146// 4120// 4150//
f 4150// 4120// 4121//
f 4150// 4121// 4142//
f 4142// 4121// 4124//
f 4142// 4124// 4141//
f 4141// 4124// 3347//
f 4141// 3347// 3326//
f 3354// 3325// 3355//
f 3355// 3325// 3321//
f 3322// 3356// 3321//
f 3321// 3356// 3355//
f 3227// 3226// 3234//
f 4151// 4152// 4153//
f 3226// 4154// 3234//
f 3234// 4154// 4155//
f 3234// 4155// 4156//
f 4157// 4158// 4159//
f 4159// 4158// 4160//
f 4156// 4161// 3234//
f 3234// 4161// 4162//
f 3234// 4162// 4163//
f 3236// 3235// 3219//
f 3219// 3235// 3234//
f 3219// 3234// 4164//
f 4164// 3234// 4165//
f 4157// 4159// 4153//
f 4153// 4159// 4166//
f 4153// 4166// 4151//
f 3234// 4167// 3227//
f 3227// 4167// 4159//
f 3227// 4159// 4168//
f 4168// 4159// 4160//
f 4163// 4169// 3234//
f 3234// 4169// 4170//
f 3234// 4170// 4165//
f 4171// 4172// 3236//
f 3236// 4172// 3235//
f 4172// 4173// 3235//
f 3235// 4173// 3234//
f 3234// 4173// 4174//
f 3234// 4174// 4167//
f 4167// 4174// 4175//
f 4167// 4175// 4159//
f 4159// 4175// 4176//
f 4159// 4176// 4166//
f 4166// 4176// 4177//
f 4166// 4177// 4151//
f 4151// 4177// 4178//
f 4151// 4178// 4152//
f 4152// 4178// 4179//
f 4152// 4179// 4153//
f 4153// 4179// 4180//
f 4153// 4180// 4157//
f 4157// 4180// 4181//
f 4157// 4181// 4158//
f 4158// 4181// 4182//
f 4158// 4182// 4160//
f 4160// 4182// 4183//
f 4160// 4183// 4168//
f 4168// 4183// 4184//
f 4168// 4184// 3227//
f 4172// 4171// 4173//
f 4173// 4171// 4185//
f 4186// 4187// 4173//
f 4173// 4187// 4184//
f 4188// 4189// 4173//
f 4181// 4180// 4173//
f 4189// 4190// 4173//
f 4173// 4190// 4191//
f 4173// 4191// 4186//
f 4185// 4192// 4173//
f 4173// 4192// 4193//
f 4173// 4193// 4194//
f 4184// 4183// 4173//
f 4173// 4183// 4182//
f 4173// 4182// 4181//
f 4179// 4178// 4177//
f 4194// 4195// 4173//
f 4173// 4195// 4196//
f 4173// 4196// 4188//
f 4177// 4176// 4179//
f 4179// 4176// 4175//
f 4179// 4175// 4180//
f 4180// 4175// 4174//
f 4180// 4174// 4173//
f 4184// 4187// 3227//
f 3227// 4187// 3226//
f 3219// 4185// 3236//
f 3236// 4185// 4171//
f 3226// 4187// 4186//
f 3226// 4186// 4154//
f 4154// 4186// 4191//
f 4154// 4191// 4155//
f 4155// 4191// 4190//
f 4155// 4190// 4156//
f 4156// 4190// 4189//
f 4156// 4189// 4161//
f 4161// 4189// 4188//
f 4161// 4188// 4162//
f 4162// 4188// 4196//
f 4162// 4196// 4163//
f 4163// 4196// 4195//
f 4163// 4195// 4169//
f 4169// 4195// 4194//
f 4169// 4194// 4170//
f 4170// 4194// 4193//
f 4170// 4193// 4165//
f 4165// 4193// 4192//
f 4165// 4192// 4164//
f 4164// 4192// 4185//
f 4164// 4185// 3219//
f 3063// 3080// 3079//
f 4197// 3063// 4198//
f 3071// 3070// 3063//
f 3063// 3070// 4199//
f 4200// 4201// 3063//
f 3063// 4201// 4202//
f 3063// 4202// 3071//
f 4203// 4204// 4205//
f 3079// 3078// 3063//
f 3063// 3078// 4206//
f 3063// 4206// 4207//
f 4207// 4208// 3063//
f 3063// 4208// 4209//
f 3063// 4209// 4210//
f 4210// 4211// 3063//
f 3063// 4211// 4212//
f 3063// 4212// 4200//
f 4199// 4213// 3063//
f 3063// 4213// 4214//
f 3063// 4214// 4198//
f 4203// 4205// 4215//
f 4215// 4205// 4198//
f 4198// 4205// 4216//
f 4198// 4216// 4197//
f 4217// 4218// 3080//
f 3080// 4218// 3079//
f 4218// 4219// 3079//
f 3079// 4219// 3078//
f 3078// 4219// 4220//
f 3078// 4220// 4206//
f 4206// 4220// 4221//
f 4206// 4221// 4207//
f 4207// 4221// 4222//
f 4207// 4222// 4208//
f 4208// 4222// 4223//
f 4208// 4223// 4209//
f 4209// 4223// 4224//
f 4209// 4224// 4210//
f 4210// 4224// 4225//
f 4210// 4225// 4211//
f 4211// 4225// 4226//
f 4211// 4226// 4212//
f 4212// 4226// 4227//
f 4212// 4227// 4200//
f 4200// 4227// 4228//
f 4200// 4228// 4201//
f 4201// 4228// 4229//
f 4201// 4229// 4202//
f 4202// 4229// 4230//
f 4202// 4230// 3071//
f 4219// 4218// 4217//
f 4220// 4219// 4226//
f 4231// 4230// 4219//
f 4219// 4230// 4229//
f 4232// 4233// 4219//
f 4219// 4233// 4234//
f 4219// 4234// 4231//
f 4224// 4223// 4222//
f 4217// 4235// 4219//
f 4219// 4235// 4236//
f 4219// 4236// 4237//
f 4237// 4238// 4219//
f 4219// 4238// 4239//
f 4219// 4239// 4240//
f 4240// 4241// 4219//
f 4219// 4241// 4242//
f 4219// 4242// 4232//
f 4229// 4228// 4219//
f 4219// 4228// 4227//
f 4219// 4227// 4226//
f 4224// 4222// 4225//
f 4225// 4222// 4226//
f 4226// 4222// 4221//
f 4226// 4221// 4220//
f 4230// 4231// 3071//
f 3071// 4231// 3070//
f 3063// 4235// 3080//
f 3080// 4235// 4217//
f 3070// 4231// 4234//
f 3070// 4234// 4199//
f 4199// 4234// 4233//
f 4199// 4233// 4213//
f 4213// 4233// 4232//
f 4213// 4232// 4214//
f 4214// 4232// 4242//
f 4214// 4242// 4198//
f 4198// 4242// 4241//
f 4198// 4241// 4215//
f 4215// 4241// 4240//
f 4215// 4240// 4203//
f 4203// 4240// 4239//
f 4203// 4239// 4204//
f 4204// 4239// 4238//
f 4204// 4238// 4205//
f 4205// 4238// 4237//
f 4205// 4237// 4216//
f 4216// 4237// 4236//
f 4216// 4236// 4197//
f 4197// 4236// 4235//
f 4197// 4235// 3063//
f 3442// 3441// 636//
f 636// 3441// 635//
f 657// 3443// 649//
f 649// 3443// 3444//
f 3457// 638// 639//
f 3457// 639// 4243//
f 4243// 639// 640//
f 4243// 640// 4244//
f 4244// 640// 641//
f 4244// 641// 4245//
f 4245// 641// 642//
f 4245// 642// 4246//
f 4246// 642// 643//
f 4246// 643// 4247//
f 4247// 643// 644//
f 4247// 644// 4248//
f 4248// 644// 645//
f 4248// 645// 4249//
f 4249// 645// 646//
f 4249// 646// 4250//
f 4250// 646// 647//
f 4250// 647// 4251//
f 4251// 647// 648//
f 4251// 648// 4252//
f 4252// 648// 649//
f 4252// 649// 3444//
f 3443// 657// 651//
f 3443// 651// 4253//
f 4253// 651// 653//
f 4253// 653// 4254//
f 4254// 653// 659//
f 4254// 659// 4255//
f 4255// 659// 654//
f 4255// 654// 4256//
f 4256// 654// 655//
f 4256// 655// 4257//
f 4257// 655// 656//
f 4257// 656// 4258//
f 4258// 656// 660//
f 4258// 660// 4259//
f 4259// 660// 652//
f 4259// 652// 4260//
f 4260// 652// 650//
f 4260// 650// 4261//
f 4261// 650// 658//
f 4261// 658// 4262//
f 4262// 658// 635//
f 4262// 635// 3441//
f 3441// 3442// 3470//
f 3470// 3457// 3441//
f 3441// 3457// 4243//
f 3441// 4243// 4244//
f 4244// 4245// 3441//
f 3441// 4245// 4246//
f 3441// 4246// 4247//
f 4247// 4248// 3441//
f 3441// 4248// 4249//
f 3441// 4249// 4250//
f 4250// 4251// 3441//
f 3441// 4251// 4252//
f 3441// 4252// 3444//
f 4261// 4253// 4260//
f 4260// 4253// 4254//
f 4256// 4257// 4258//
f 3444// 3443// 3441//
f 3441// 3443// 4253//
f 3441// 4253// 4262//
f 4262// 4253// 4261//
f 4254// 4255// 4260//
f 4260// 4255// 4256//
f 4260// 4256// 4259//
f 4259// 4256// 4258//
f 638// 3457// 637//
f 637// 3457// 3470//
f 644// 643// 649//
f 651// 657// 638//
f 638// 657// 649//
f 638// 649// 639//
f 639// 649// 640//
f 637// 636// 638//
f 638// 636// 635//
f 638// 635// 658//
f 658// 650// 638//
f 638// 650// 652//
f 638// 652// 660//
f 660// 656// 638//
f 638// 656// 655//
f 638// 655// 654//
f 654// 659// 638//
f 638// 659// 653//
f 638// 653// 651//
f 649// 648// 647//
f 643// 642// 649//
f 649// 642// 641//
f 649// 641// 640//
f 647// 646// 649//
f 649// 646// 645//
f 649// 645// 644//
f 3442// 636// 3470//
f 3470// 636// 637//
f 3640// 3639// 2403//
f 2403// 3639// 2405//
f 2411// 3641// 2419//
f 2419// 3641// 3642//
f 3655// 2406// 2407//
f 3655// 2407// 4263//
f 4263// 2407// 2413//
f 4263// 2413// 4264//
f 4264// 2413// 2414//
f 4264// 2414// 4265//
f 4265// 2414// 2408//
f 4265// 2408// 4266//
f 4266// 2408// 2409//
f 4266// 2409// 4267//
f 4267// 2409// 2410//
f 4267// 2410// 4268//
f 4268// 2410// 2415//
f 4268// 2415// 4269//
f 4269// 2415// 2416//
f 4269// 2416// 4270//
f 4270// 2416// 2417//
f 4270// 2417// 4271//
f 4271// 2417// 2418//
f 4271// 2418// 4272//
f 4272// 2418// 2419//
f 4272// 2419// 3642//
f 3641// 2411// 2412//
f 3641// 2412// 4273//
f 4273// 2412// 2420//
f 4273// 2420// 4274//
f 4274// 2420// 2421//
f 4274// 2421// 4275//
f 4275// 2421// 2422//
f 4275// 2422// 4276//
f 4276// 2422// 2427//
f 4276// 2427// 4277//
f 4277// 2427// 2424//
f 4277// 2424// 4278//
f 4278// 2424// 2426//
f 4278// 2426// 4279//
f 4279// 2426// 2425//
f 4279// 2425// 4280//
f 4280// 2425// 2423//
f 4280// 2423// 4281//
f 4281// 2423// 2428//
f 4281// 2428// 4282//
f 4282// 2428// 2405//
f 4282// 2405// 3639//
f 3640// 3668// 3639//
f 3639// 3668// 3655//
f 3639// 3655// 4263//
f 4266// 4267// 3639//
f 3639// 4267// 4268//
f 3639// 3641// 4273//
f 4263// 4264// 3639//
f 3639// 4264// 4265//
f 3639// 4265// 4266//
f 4268// 4269// 3639//
f 3639// 4269// 4270//
f 3639// 4270// 4271//
f 4271// 4272// 3639//
f 3639// 4272// 3642//
f 3639// 3642// 3641//
f 4273// 4274// 3639//
f 3639// 4274// 4275//
f 3639// 4275// 4276//
f 4281// 4278// 4280//
f 4280// 4278// 4279//
f 4276// 4277// 3639//
f 3639// 4277// 4278//
f 3639// 4278// 4282//
f 4282// 4278// 4281//
f 2406// 3655// 2404//
f 2404// 3655// 3668//
f 2404// 2403// 2406//
f 2406// 2403// 2405//
f 2427// 2422// 2406//
f 2412// 2411// 2406//
f 2406// 2411// 2419//
f 2405// 2428// 2406//
f 2406// 2428// 2423//
f 2406// 2423// 2425//
f 2422// 2421// 2406//
f 2406// 2421// 2420//
f 2406// 2420// 2412//
f 2419// 2415// 2410//
f 2410// 2409// 2419//
f 2419// 2409// 2408//
f 2419// 2408// 2414//
f 2425// 2426// 2406//
f 2406// 2426// 2424//
f 2406// 2424// 2427//
f 2418// 2417// 2419//
f 2419// 2417// 2416//
f 2419// 2416// 2415//
f 2414// 2413// 2419//
f 2419// 2413// 2407//
f 2419// 2407// 2406//
f 3640// 2403// 3668//
f 3668// 2403// 2404//
f 2146// 2167// 2159//
f 2144// 2143// 2146//
f 2146// 2143// 2145//
f 2146// 2145// 2168//
f 2159// 2158// 2146//
f 2146// 2158// 2157//
f 2146// 2157// 2148//
f 2148// 2147// 2146//
f 2146// 2147// 2153//
f 2146// 2153// 2152//
f 2152// 2151// 2146//
f 2146// 2151// 2150//
f 2146// 2150// 2154//
f 2154// 2150// 2155//
f 2150// 2149// 2155//
f 2155// 2149// 2161//
f 2155// 2161// 2156//
f 2156// 2161// 2160//
f 2168// 2166// 2146//
f 2146// 2166// 2165//
f 2146// 2165// 2163//
f 2163// 2162// 2146//
f 2146// 2162// 2164//
f 2146// 2164// 2167//
f 2913// 2148// 2157//
f 2913// 2157// 4283//
f 4283// 2157// 2158//
f 4283// 2158// 4284//
f 4284// 2158// 2159//
f 4284// 2159// 4285//
f 4285// 2159// 2167//
f 4285// 2167// 4286//
f 4286// 2167// 2164//
f 4286// 2164// 4287//
f 4287// 2164// 2162//
f 4287// 2162// 4288//
f 4288// 2162// 2163//
f 4288// 2163// 4289//
f 4289// 2163// 2165//
f 4289// 2165// 4290//
f 4290// 2165// 2166//
f 4290// 2166// 4291//
f 4291// 2166// 2168//
f 4291// 2168// 4292//
f 4292// 2168// 2145//
f 4292// 2145// 2912//
f 2914// 2912// 2143//
f 2143// 2912// 2145//
f 2914// 2916// 2912//
f 2912// 2916// 2918//
f 2912// 2917// 2913//
f 4293// 4294// 2912//
f 2912// 4294// 4295//
f 4295// 4296// 2912//
f 2912// 4296// 4297//
f 2912// 4297// 2917//
f 2918// 4298// 2912//
f 2912// 4298// 4299//
f 2912// 4299// 4300//
f 2913// 4283// 2912//
f 2912// 4283// 4284//
f 2912// 4284// 4285//
f 4300// 4301// 2912//
f 2912// 4301// 4302//
f 2912// 4302// 4293//
f 4288// 4289// 4287//
f 4287// 4289// 4290//
f 4287// 4290// 4291//
f 4285// 4286// 2912//
f 2912// 4286// 4287//
f 2912// 4287// 4292//
f 4292// 4287// 4291//
f 2148// 2913// 2147//
f 2147// 2913// 2917//
f 2918// 2146// 2154//
f 2918// 2154// 4298//
f 4298// 2154// 2155//
f 4298// 2155// 4299//
f 4299// 2155// 2156//
f 4299// 2156// 4300//
f 4300// 2156// 2160//
f 4300// 2160// 4301//
f 4301// 2160// 2161//
f 4301// 2161// 4302//
f 4302// 2161// 2149//
f 4302// 2149// 4293//
f 4293// 2149// 2150//
f 4293// 2150// 4294//
f 4294// 2150// 2151//
f 4294// 2151// 4295//
f 4295// 2151// 2152//
f 4295// 2152// 4296//
f 4296// 2152// 2153//
f 4296// 2153// 4297//
f 4297// 2153// 2147//
f 4297// 2147// 2917//
f 2146// 2918// 2144//
f 2144// 2918// 2916//
f 2914// 2143// 2916//
f 2916// 2143// 2144//
f 2223// 2225// 2241//
f 2228// 2223// 2227//
f 2242// 2224// 2223//
f 2223// 2224// 2222//
f 2234// 2233// 2223//
f 2223// 2233// 2243//
f 2223// 2243// 2242//
f 2241// 2235// 2223//
f 2223// 2235// 2237//
f 2223// 2237// 2246//
f 2246// 2240// 2223//
f 2223// 2240// 2239//
f 2223// 2239// 2238//
f 2238// 2244// 2223//
f 2223// 2244// 2236//
f 2223// 2236// 2234//
f 2222// 2221// 2223//
f 2223// 2221// 2232//
f 2223// 2232// 2227//
f 2231// 2230// 2229//
f 2227// 2226// 2228//
f 2228// 2226// 2231//
f 2228// 2231// 2245//
f 2245// 2231// 2229//
f 4303// 4304// 2225//
f 2225// 4304// 2241//
f 4304// 4305// 2241//
f 2241// 4305// 2235//
f 2235// 4305// 4306//
f 2235// 4306// 2237//
f 2237// 4306// 4307//
f 2237// 4307// 2246//
f 2246// 4307// 4308//
f 2246// 4308// 2240//
f 2240// 4308// 4309//
f 2240// 4309// 2239//
f 2239// 4309// 4310//
f 2239// 4310// 2238//
f 2238// 4310// 4311//
f 2238// 4311// 2244//
f 2244// 4311// 4312//
f 2244// 4312// 2236//
f 2236// 4312// 4313//
f 2236// 4313// 2234//
f 2234// 4313// 4314//
f 2234// 4314// 2233//
f 2233// 4314// 4315//
f 2233// 4315// 2243//
f 2243// 4315// 4316//
f 2243// 4316// 2242//
f 4306// 4305// 4312//
f 4304// 4303// 4305//
f 4305// 4303// 4317//
f 4318// 4316// 4305//
f 4305// 4316// 4315//
f 4319// 4320// 4305//
f 4305// 4320// 4321//
f 4321// 4322// 4305//
f 4305// 4322// 4323//
f 4305// 4323// 4318//
f 4310// 4309// 4308//
f 4315// 4314// 4305//
f 4305// 4314// 4313//
f 4305// 4313// 4312//
f 4310// 4308// 4311//
f 4317// 4324// 4305//
f 4305// 4324// 4325//
f 4305// 4325// 4326//
f 4326// 4327// 4305//
f 4305// 4327// 4328//
f 4305// 4328// 4319//
f 4311// 4308// 4312//
f 4312// 4308// 4307//
f 4312// 4307// 4306//
f 4316// 4318// 2242//
f 2242// 4318// 2224//
f 2223// 4317// 2225//
f 2225// 4317// 4303//
f 2224// 4318// 4323//
f 2224// 4323// 2222//
f 2222// 4323// 4322//
f 2222// 4322// 2221//
f 2221// 4322// 4321//
f 2221// 4321// 2232//
f 2232// 4321// 4320//
f 2232// 4320// 2227//
f 2227// 4320// 4319//
f 2227// 4319// 2226//
f 2226// 4319// 4328//
f 2226// 4328// 2231//
f 2231// 4328// 4327//
f 2231// 4327// 2230//
f 2230// 4327// 4326//
f 2230// 4326// 2229//
f 2229// 4326// 4325//
f 2229// 4325// 2245//
f 2245// 4325// 4324//
f 2245// 4324// 2228//
f 2228// 4324// 4317//
f 2228// 4317// 2223//
f 3235// 3236// 3234//
f 3234// 3236// 3219//
f 4154// 3226// 3234//
f 3234// 3226// 3227//
f 4162// 4161// 3234//
f 4158// 4157// 3234//
f 4161// 4156// 3234//
f 3234// 4156// 4155//
f 3234// 4155// 4154//
f 3219// 4164// 3234//
f 3234// 4164// 4165//
f 3234// 4165// 4170//
f 3227// 4168// 3234//
f 3234// 4168// 4160//
f 3234// 4160// 4158//
f 4153// 4152// 4151//
f 4170// 4169// 3234//
f 3234// 4169// 4163//
f 3234// 4163// 4162//
f 4151// 4166// 4153//
f 4153// 4166// 4159//
f 4153// 4159// 4157//
f 4157// 4159// 4167//
f 4157// 4167// 3234//
f 3203// 3226// 4154//
f 3203// 4154// 4329//
f 4329// 4154// 4155//
f 4329// 4155// 4330//
f 4330// 4155// 4156//
f 4330// 4156// 4331//
f 4331// 4156// 4161//
f 4331// 4161// 4332//
f 4332// 4161// 4162//
f 4332// 4162// 4333//
f 4333// 4162// 4163//
f 4333// 4163// 4334//
f 4334// 4163// 4169//
f 4334// 4169// 4335//
f 4335// 4169// 4170//
f 4335// 4170// 4336//
f 4336// 4170// 4165//
f 4336// 4165// 4337//
f 4337// 4165// 4164//
f 4337// 4164// 4338//
f 4338// 4164// 3219//
f 4338// 3219// 3204//
f 3202// 3204// 3236//
f 3236// 3204// 3219//
f 3210// 3203// 3209//
f 4339// 4340// 4341//
f 3203// 4329// 3209//
f 3209// 4329// 4330//
f 3209// 4330// 4331//
f 4342// 4343// 4344//
f 4344// 4343// 4345//
f 4331// 4332// 3209//
f 3209// 4332// 4333//
f 3209// 4333// 4334//
f 3202// 3201// 3204//
f 3204// 3201// 3209//
f 3204// 3209// 4338//
f 4338// 3209// 4337//
f 4342// 4344// 4341//
f 4341// 4344// 4346//
f 4341// 4346// 4339//
f 3209// 4347// 3210//
f 3210// 4347// 4344//
f 3210// 4344// 4348//
f 4348// 4344// 4345//
f 4334// 4335// 3209//
f 3209// 4335// 4336//
f 3209// 4336// 4337//
f 3226// 3203// 3227//
f 3227// 3203// 3210//
f 3209// 3234// 4167//
f 3209// 4167// 4347//
f 4347// 4167// 4159//
f 4347// 4159// 4344//
f 4344// 4159// 4166//
f 4344// 4166// 4346//
f 4346// 4166// 4151//
f 4346// 4151// 4339//
f 4339// 4151// 4152//
f 4339// 4152// 4340//
f 4340// 4152// 4153//
f 4340// 4153// 4341//
f 4341// 4153// 4157//
f 4341// 4157// 4342//
f 4342// 4157// 4158//
f 4342// 4158// 4343//
f 4343// 4158// 4160//
f 4343// 4160// 4345//
f 4345// 4160// 4168//
f 4345// 4168// 4348//
f 4348// 4168// 3227//
f 4348// 3227// 3210//
f 3234// 3209// 3235//
f 3235// 3209// 3201//
f 3202// 3236// 3201//
f 3201// 3236// 3235//
f 3580// 3579// 3582//
f 3582// 3579// 3581//
f 3584// 3583// 3586//
f 3586// 3583// 3585//
f 3599// 3600// 4349//
f 3599// 4349// 4350//
f 4350// 4349// 4351//
f 4350// 4351// 4352//
f 4352// 4351// 4353//
f 4352// 4353// 4354//
f 4354// 4353// 4355//
f 4354// 4355// 4356//
f 4356// 4355// 4357//
f 4356// 4357// 4358//
f 4358// 4357// 4359//
f 4358// 4359// 4360//
f 4360// 4359// 4361//
f 4360// 4361// 4362//
f 4362// 4361// 4363//
f 4362// 4363// 4364//
f 4364// 4363// 4365//
f 4364// 4365// 4366//
f 4366// 4365// 4367//
f 4366// 4367// 4368//
f 4368// 4367// 3586//
f 4368// 3586// 3585//
f 3583// 3584// 4369//
f 3583// 4369// 4370//
f 4370// 4369// 4371//
f 4370// 4371// 4372//
f 4372// 4371// 4373//
f 4372// 4373// 4374//
f 4374// 4373// 4375//
f 4374// 4375// 4376//
f 4376// 4375// 4377//
f 4376// 4377// 4378//
f 4378// 4377// 4379//
f 4378// 4379// 4380//
f 4380// 4379// 4381//
f 4380// 4381// 4382//
f 4382// 4381// 4383//
f 4382// 4383// 4384//
f 4384// 4383// 4385//
f 4384// 4385// 4386//
f 4386// 4385// 4387//
f 4386// 4387// 4388//
f 4388// 4387// 3581//
f 4388// 3581// 3579//
f 3580// 3585// 3579//
f 3579// 3585// 3583//
f 3579// 3583// 4370//
f 4350// 4352// 4354//
f 4358// 4360// 3599//
f 4360// 4362// 3599//
f 3599// 4362// 4364//
f 3599// 4364// 4366//
f 3580// 3613// 3585//
f 3585// 3613// 3599//
f 3585// 3599// 4368//
f 4368// 3599// 4366//
f 4350// 4354// 3599//
f 3599// 4354// 4356//
f 3599// 4356// 4358//
f 4384// 4386// 4370//
f 4370// 4386// 4388//
f 4370// 4388// 3579//
f 4370// 4372// 4384//
f 4384// 4372// 4374//
f 4384// 4374// 4376//
f 4376// 4378// 4384//
f 4384// 4378// 4380//
f 4384// 4380// 4382//
f 3600// 3599// 3614//
f 3614// 3599// 3613//
f 3614// 3584// 3600//
f 3600// 3584// 3586//
f 3614// 3582// 3584//
f 3584// 3582// 3581//
f 3584// 3581// 4387//
f 4377// 4383// 4379//
f 4379// 4383// 4381//
f 4377// 4375// 4383//
f 4383// 4375// 4373//
f 4383// 4373// 4371//
f 4387// 4385// 3584//
f 3584// 4385// 4383//
f 3584// 4383// 4369//
f 4369// 4383// 4371//
f 3586// 4367// 3600//
f 3600// 4367// 4365//
f 3600// 4365// 4363//
f 4363// 4361// 3600//
f 3600// 4361// 4359//
f 3600// 4359// 4357//
f 4357// 4355// 3600//
f 3600// 4355// 4353//
f 3600// 4353// 4349//
f 4349// 4353// 4351//
f 3580// 3582// 3613//
f 3613// 3582// 3614//
f 2560// 2559// 1727//
f 1727// 2559// 1729//
f 1730// 2561// 1728//
f 1728// 2561// 2562//
f 2561// 1730// 1737//
f 2561// 1737// 4389//
f 4389// 1737// 1738//
f 4389// 1738// 4390//
f 4390// 1738// 1739//
f 4390// 1739// 4391//
f 4391// 1739// 1740//
f 4391// 1740// 4392//
f 4392// 1740// 1741//
f 4392// 1741// 4393//
f 4393// 1741// 1742//
f 4393// 1742// 4394//
f 4394// 1742// 1743//
f 4394// 1743// 4395//
f 4395// 1743// 1744//
f 4395// 1744// 4396//
f 4396// 1744// 1736//
f 4396// 1736// 4397//
f 4397// 1736// 1731//
f 4397// 1731// 4398//
f 4398// 1731// 1732//
f 4398// 1732// 2563//
f 4398// 2563// 2559//
f 2559// 2563// 2577//
f 2559// 2577// 4399//
f 2560// 2562// 2559//
f 2559// 2562// 2561//
f 2559// 2561// 4389//
f 4389// 4390// 2559//
f 2559// 4390// 4391//
f 2559// 4391// 4392//
f 4392// 4393// 2559//
f 2559// 4393// 4394//
f 2559// 4394// 4395//
f 4400// 4401// 4402//
f 4395// 4396// 2559//
f 2559// 4396// 4397//
f 2559// 4397// 4398//
f 4399// 4403// 2559//
f 2559// 4403// 4404//
f 2559// 4404// 4402//
f 4402// 4404// 4405//
f 4402// 4405// 4400//
f 4401// 4406// 4402//
f 4402// 4406// 4407//
f 4402// 4407// 4408//
f 2577// 1733// 1734//
f 2577// 1734// 4399//
f 4399// 1734// 1735//
f 4399// 1735// 4403//
f 4403// 1735// 1745//
f 4403// 1745// 4404//
f 4404// 1745// 1746//
f 4404// 1746// 4405//
f 4405// 1746// 1747//
f 4405// 1747// 4400//
f 4400// 1747// 1748//
f 4400// 1748// 4401//
f 4401// 1748// 1749//
f 4401// 1749// 4406//
f 4406// 1749// 1750//
f 4406// 1750// 4407//
f 4407// 1750// 1751//
f 4407// 1751// 4408//
f 4408// 1751// 1752//
f 4408// 1752// 4402//
f 4402// 1752// 1729//
f 4402// 1729// 2559//
f 1733// 2577// 1732//
f 1732// 2577// 2563//
f 1728// 1727// 1730//
f 1730// 1727// 1729//
f 1735// 1734// 1730//
f 1730// 1734// 1733//
f 1730// 1733// 1732//
f 1729// 1752// 1730//
f 1730// 1752// 1751//
f 1730// 1751// 1750//
f 1750// 1749// 1730//
f 1730// 1749// 1748//
f 1730// 1748// 1747//
f 1747// 1746// 1730//
f 1730// 1746// 1745//
f 1730// 1745// 1735//
f 1744// 1743// 1736//
f 1736// 1743// 1742//
f 1736// 1742// 1741//
f 1741// 1740// 1736//
f 1736// 1740// 1739//
f 1736// 1739// 1738//
f 1732// 1731// 1730//
f 1730// 1731// 1736//
f 1730// 1736// 1737//
f 1737// 1736// 1738//
f 2560// 1727// 2562//
f 2562// 1727// 1728//
f 2986// 2987// 2979//
f 2986// 2979// 4409//
f 2995// 2996// 2994//
f 2994// 2996// 2979//
f 2994// 2979// 4410//
f 4410// 2979// 4411//
f 2987// 4412// 2979//
f 2979// 4412// 4413//
f 2979// 4413// 4414//
f 4415// 4416// 4417//
f 4414// 4418// 2979//
f 2979// 4418// 4419//
f 2979// 4419// 4420//
f 4417// 4421// 4415//
f 4415// 4421// 4422//
f 4415// 4422// 4423//
f 4423// 4424// 4415//
f 4415// 4424// 4425//
f 4415// 4425// 2979//
f 2979// 4425// 4426//
f 2979// 4426// 4409//
f 4420// 4427// 2979//
f 2979// 4427// 4428//
f 2979// 4428// 4411//
f 2962// 2986// 4409//
f 2962// 4409// 4429//
f 4429// 4409// 4426//
f 4429// 4426// 4430//
f 4430// 4426// 4425//
f 4430// 4425// 4431//
f 4431// 4425// 4424//
f 4431// 4424// 4432//
f 4432// 4424// 4423//
f 4432// 4423// 4433//
f 4433// 4423// 4422//
f 4433// 4422// 4434//
f 4434// 4422// 4421//
f 4434// 4421// 4435//
f 4435// 4421// 4417//
f 4435// 4417// 4436//
f 4436// 4417// 4416//
f 4436// 4416// 4437//
f 4437// 4416// 4415//
f 4437// 4415// 4438//
f 4438// 4415// 2979//
f 4438// 2979// 2963//
f 2964// 2963// 2996//
f 2996// 2963// 2979//
f 2964// 2967// 2963//
f 2963// 2967// 2966//
f 4439// 2965// 2963//
f 2963// 2965// 2962//
f 2963// 2962// 4429//
f 2966// 4440// 2963//
f 2963// 4440// 4441//
f 2963// 4441// 4442//
f 4443// 4444// 2963//
f 4433// 4434// 4438//
f 4444// 4445// 2963//
f 2963// 4445// 4446//
f 2963// 4446// 4439//
f 4429// 4430// 2963//
f 2963// 4430// 4431//
f 2963// 4431// 4438//
f 4438// 4431// 4432//
f 4438// 4432// 4433//
f 4434// 4435// 4438//
f 4438// 4435// 4436//
f 4438// 4436// 4437//
f 4442// 4447// 2963//
f 2963// 4447// 4448//
f 2963// 4448// 4443//
f 2986// 2962// 2987//
f 2987// 2962// 2965//
f 2966// 2994// 4410//
f 2966// 4410// 4440//
f 4440// 4410// 4411//
f 4440// 4411// 4441//
f 4441// 4411// 4428//
f 4441// 4428// 4442//
f 4442// 4428// 4427//
f 4442// 4427// 4447//
f 4447// 4427// 4420//
f 4447// 4420// 4448//
f 4448// 4420// 4419//
f 4448// 4419// 4443//
f 4443// 4419// 4418//
f 4443// 4418// 4444//
f 4444// 4418// 4414//
f 4444// 4414// 4445//
f 4445// 4414// 4413//
f 4445// 4413// 4446//
f 4446// 4413// 4412//
f 4446// 4412// 4439//
f 4439// 4412// 2987//
f 4439// 2987// 2965//
f 2994// 2966// 2995//
f 2995// 2966// 2967//
f 2964// 2996// 2967//
f 2967// 2996// 2995//
f 2504// 2522// 2503//
f 2503// 2522// 2520//
f 4449// 2506// 2520//
f 2506// 2524// 2520//
f 2520// 2524// 4450//
f 2520// 4450// 4451//
f 4449// 2520// 4452//
f 4452// 2520// 4453//
f 4452// 4453// 4454//
f 4454// 4455// 4452//
f 4452// 4455// 4456//
f 4452// 4456// 4457//
f 4457// 4458// 4452//
f 4452// 4458// 4459//
f 4452// 4459// 4460//
f 4451// 4461// 2520//
f 2520// 4461// 4462//
f 2520// 4462// 4463//
f 4463// 4464// 2520//
f 2520// 4464// 4465//
f 2520// 4465// 4466//
f 4466// 4467// 2520//
f 2520// 4467// 4468//
f 2520// 4468// 2503//
f 2524// 4469// 4470//
f 2524// 4470// 4450//
f 4450// 4470// 4471//
f 4450// 4471// 4451//
f 4451// 4471// 4472//
f 4451// 4472// 4461//
f 4461// 4472// 4473//
f 4461// 4473// 4462//
f 4462// 4473// 4474//
f 4462// 4474// 4463//
f 4463// 4474// 4475//
f 4463// 4475// 4464//
f 4464// 4475// 4476//
f 4464// 4476// 4465//
f 4465// 4476// 4477//
f 4465// 4477// 4466//
f 4466// 4477// 4478//
f 4466// 4478// 4467//
f 4467// 4478// 4479//
f 4467// 4479// 4468//
f 4468// 4479// 4480//
f 4468// 4480// 2503//
f 4481// 4482// 2504//
f 2504// 4482// 2522//
f 4483// 4469// 2506//
f 2506// 4469// 2524//
f 4482// 4481// 4484//
f 4484// 4481// 4480//
f 4471// 4470// 4484//
f 4484// 4470// 4469//
f 4484// 4469// 4483//
f 4480// 4479// 4484//
f 4484// 4479// 4478//
f 4484// 4478// 4477//
f 4477// 4476// 4484//
f 4484// 4476// 4475//
f 4484// 4475// 4474//
f 4474// 4473// 4484//
f 4484// 4473// 4472//
f 4484// 4472// 4471//
f 4485// 4486// 4487//
f 4487// 4486// 4488//
f 4487// 4488// 4489//
f 4489// 4490// 4487//
f 4487// 4490// 4491//
f 4487// 4491// 4492//
f 4483// 4493// 4484//
f 4484// 4493// 4487//
f 4484// 4487// 4494//
f 4494// 4487// 4492//
f 4482// 4484// 2522//
f 2522// 4484// 2520//
f 2520// 4484// 4494//
f 2520// 4494// 4453//
f 4453// 4494// 4492//
f 4453// 4492// 4454//
f 4454// 4492// 4491//
f 4454// 4491// 4455//
f 4455// 4491// 4490//
f 4455// 4490// 4456//
f 4456// 4490// 4489//
f 4456// 4489// 4457//
f 4457// 4489// 4488//
f 4457// 4488// 4458//
f 4458// 4488// 4486//
f 4458// 4486// 4459//
f 4459// 4486// 4485//
f 4459// 4485// 4460//
f 4460// 4485// 4487//
f 4460// 4487// 4452//
f 4452// 4487// 4493//
f 4452// 4493// 4449//
f 4449// 4493// 4483//
f 4449// 4483// 2506//
f 2503// 4480// 2504//
f 2504// 4480// 4481//
f 3730// 3729// 950//
f 950// 3729// 949//
f 960// 3731// 948//
f 948// 3731// 3732//
f 3745// 952// 953//
f 3745// 953// 4495//
f 4495// 953// 954//
f 4495// 954// 4496//
f 4496// 954// 955//
f 4496// 955// 4497//
f 4497// 955// 956//
f 4497// 956// 4498//
f 4498// 956// 957//
f 4498// 957// 4499//
f 4499// 957// 958//
f 4499// 958// 4500//
f 4500// 958// 959//
f 4500// 959// 4501//
f 4501// 959// 963//
f 4501// 963// 4502//
f 4502// 963// 964//
f 4502// 964// 4503//
f 4503// 964// 947//
f 4503// 947// 4504//
f 4504// 947// 948//
f 4504// 948// 3732//
f 3731// 960// 961//
f 3731// 961// 4505//
f 4505// 961// 962//
f 4505// 962// 4506//
f 4506// 962// 969//
f 4506// 969// 4507//
f 4507// 969// 970//
f 4507// 970// 4508//
f 4508// 970// 966//
f 4508// 966// 4509//
f 4509// 966// 968//
f 4509// 968// 4510//
f 4510// 968// 967//
f 4510// 967// 4511//
f 4511// 967// 965//
f 4511// 965// 4512//
f 4512// 965// 972//
f 4512// 972// 4513//
f 4513// 972// 971//
f 4513// 971// 4514//
f 4514// 971// 949//
f 4514// 949// 3729//
f 4504// 3732// 3729//
f 3730// 3758// 3729//
f 3729// 3758// 3745//
f 3729// 3745// 4495//
f 4495// 4496// 3729//
f 3729// 4496// 4497//
f 3729// 4497// 4498//
f 4498// 4499// 3729//
f 3729// 4499// 4500//
f 3729// 4500// 4501//
f 4501// 4502// 3729//
f 3729// 4502// 4503//
f 3729// 4503// 4504//
f 3732// 3731// 3729//
f 3729// 3731// 4505//
f 3729// 4505// 4514//
f 4514// 4505// 4506//
f 4514// 4506// 4507//
f 4512// 4509// 4511//
f 4511// 4509// 4510//
f 4507// 4508// 4514//
f 4514// 4508// 4509//
f 4514// 4509// 4513//
f 4513// 4509// 4512//
f 952// 3745// 951//
f 951// 3745// 3758//
f 961// 960// 952//
f 952// 960// 948//
f 951// 950// 952//
f 952// 950// 949//
f 952// 949// 971//
f 970// 969// 952//
f 952// 969// 962//
f 952// 962// 961//
f 963// 959// 964//
f 964// 959// 958//
f 964// 958// 957//
f 957// 956// 964//
f 964// 956// 955//
f 964// 955// 954//
f 948// 947// 952//
f 952// 947// 964//
f 952// 964// 953//
f 953// 964// 954//
f 971// 972// 952//
f 952// 972// 965//
f 952// 965// 967//
f 967// 968// 952//
f 952// 968// 966//
f 952// 966// 970//
f 3730// 950// 3758//
f 3758// 950// 951//
f 3407// 3406// 3414//
f 4515// 4516// 4517//
f 4517// 4516// 4518//
f 3406// 4519// 3414//
f 3414// 4519// 4520//
f 3414// 4520// 4521//
f 3414// 4522// 3407//
f 3407// 4522// 4517//
f 3407// 4517// 4523//
f 4523// 4517// 4518//
f 4521// 4524// 3414//
f 3414// 4524// 4525//
f 3414// 4525// 4526//
f 4526// 4527// 3414//
f 3414// 4527// 4528//
f 3414// 4528// 4529//
f 3416// 3415// 3399//
f 3399// 3415// 3414//
f 3399// 3414// 4530//
f 4530// 3414// 4529//
f 4517// 4531// 4515//
f 4515// 4531// 4532//
f 4515// 4532// 4533//
f 4533// 4532// 4534//
f 4535// 4536// 3416//
f 3416// 4536// 3415//
f 4536// 4537// 3415//
f 3415// 4537// 3414//
f 3414// 4537// 4538//
f 3414// 4538// 4522//
f 4522// 4538// 4539//
f 4522// 4539// 4517//
f 4517// 4539// 4540//
f 4517// 4540// 4531//
f 4531// 4540// 4541//
f 4531// 4541// 4532//
f 4532// 4541// 4542//
f 4532// 4542// 4534//
f 4534// 4542// 4543//
f 4534// 4543// 4533//
f 4533// 4543// 4544//
f 4533// 4544// 4515//
f 4515// 4544// 4545//
f 4515// 4545// 4516//
f 4516// 4545// 4546//
f 4516// 4546// 4518//
f 4518// 4546// 4547//
f 4518// 4547// 4523//
f 4523// 4547// 4548//
f 4523// 4548// 3407//
f 4537// 4536// 4535//
f 4538// 4537// 4548//
f 4548// 4537// 4549//
f 4550// 4551// 4537//
f 4537// 4551// 4552//
f 4537// 4552// 4549//
f 4535// 4553// 4537//
f 4537// 4553// 4554//
f 4537// 4554// 4555//
f 4555// 4556// 4537//
f 4537// 4556// 4557//
f 4537// 4557// 4558//
f 4558// 4559// 4537//
f 4537// 4559// 4560//
f 4537// 4560// 4550//
f 4538// 4548// 4539//
f 4539// 4548// 4547//
f 4539// 4547// 4546//
f 4542// 4541// 4543//
f 4543// 4541// 4544//
f 4546// 4545// 4539//
f 4539// 4545// 4544//
f 4539// 4544// 4540//
f 4540// 4544// 4541//
f 4548// 4549// 3407//
f 3407// 4549// 3406//
f 3399// 4553// 3416//
f 3416// 4553// 4535//
f 3406// 4549// 4552//
f 3406// 4552// 4519//
f 4519// 4552// 4551//
f 4519// 4551// 4520//
f 4520// 4551// 4550//
f 4520// 4550// 4521//
f 4521// 4550// 4560//
f 4521// 4560// 4524//
f 4524// 4560// 4559//
f 4524// 4559// 4525//
f 4525// 4559// 4558//
f 4525// 4558// 4526//
f 4526// 4558// 4557//
f 4526// 4557// 4527//
f 4527// 4557// 4556//
f 4527// 4556// 4528//
f 4528// 4556// 4555//
f 4528// 4555// 4529//
f 4529// 4555// 4554//
f 4529// 4554// 4530//
f 4530// 4554// 4553//
f 4530// 4553// 3399//
f 3472// 3471// 584//
f 584// 3471// 583//
f 586// 3473// 592//
f 592// 3473// 3474//
f 3487// 601// 602//
f 3487// 602// 4561//
f 4561// 602// 590//
f 4561// 590// 4562//
f 4562// 590// 591//
f 4562// 591// 4563//
f 4563// 591// 593//
f 4563// 593// 4564//
f 4564// 593// 594//
f 4564// 594// 4565//
f 4565// 594// 595//
f 4565// 595// 4566//
f 4566// 595// 596//
f 4566// 596// 4567//
f 4567// 596// 603//
f 4567// 603// 4568//
f 4568// 603// 604//
f 4568// 604// 4569//
f 4569// 604// 605//
f 4569// 605// 4570//
f 4570// 605// 592//
f 4570// 592// 3474//
f 3473// 586// 587//
f 3473// 587// 4571//
f 4571// 587// 588//
f 4571// 588// 4572//
f 4572// 588// 589//
f 4572// 589// 4573//
f 4573// 589// 597//
f 4573// 597// 4574//
f 4574// 597// 598//
f 4574// 598// 4575//
f 4575// 598// 607//
f 4575// 607// 4576//
f 4576// 607// 608//
f 4576// 608// 4577//
f 4577// 608// 606//
f 4577// 606// 4578//
f 4578// 606// 600//
f 4578// 600// 4579//
f 4579// 600// 599//
f 4579// 599// 4580//
f 4580// 599// 583//
f 4580// 583// 3471//
f 3471// 3472// 3500//
f 3473// 4571// 3471//
f 3471// 4571// 4572//
f 3471// 4572// 4573//
f 4562// 4563// 3474//
f 3474// 4563// 4564//
f 4564// 4565// 3474//
f 3474// 4565// 4566//
f 3474// 4566// 4567//
f 4573// 4574// 3471//
f 3471// 4574// 4575//
f 3471// 4575// 4580//
f 4580// 4575// 4579//
f 3471// 3500// 3473//
f 3473// 3500// 3487//
f 3473// 3487// 3474//
f 3474// 3487// 4561//
f 3474// 4561// 4562//
f 4567// 4568// 3474//
f 3474// 4568// 4569//
f 3474// 4569// 4570//
f 4579// 4575// 4578//
f 4578// 4575// 4576//
f 4578// 4576// 4577//
f 601// 3487// 585//
f 585// 3487// 3500//
f 585// 586// 601//
f 601// 586// 592//
f 585// 584// 586//
f 586// 584// 583//
f 586// 583// 587//
f 587// 583// 588//
f 598// 583// 599//
f 598// 597// 583//
f 583// 597// 589//
f 583// 589// 588//
f 592// 596// 595//
f 595// 594// 592//
f 592// 594// 593//
f 592// 593// 591//
f 599// 600// 598//
f 598// 600// 606//
f 598// 606// 607//
f 607// 606// 608//
f 605// 604// 592//
f 592// 604// 603//
f 592// 603// 596//
f 591// 590// 592//
f 592// 590// 602//
f 592// 602// 601//
f 3472// 584// 3500//
f 3500// 584// 585//
f 127// 126// 125//
f 125// 126// 124//
f 125// 124// 123//
f 139// 138// 117//
f 117// 138// 137//
f 120// 119// 121//
f 121// 119// 117//
f 121// 117// 122//
f 122// 117// 128//
f 139// 117// 125//
f 125// 117// 140//
f 125// 140// 127//
f 137// 136// 117//
f 117// 136// 118//
f 117// 118// 116//
f 116// 115// 117//
f 117// 115// 135//
f 117// 135// 134//
f 134// 133// 117//
f 117// 133// 132//
f 117// 132// 131//
f 131// 130// 117//
f 117// 130// 129//
f 117// 129// 128//
f 4581// 4582// 120//
f 120// 4582// 119//
f 4582// 4583// 119//
f 119// 4583// 117//
f 117// 4583// 4584//
f 117// 4584// 140//
f 140// 4584// 4585//
f 140// 4585// 127//
f 127// 4585// 4586//
f 127// 4586// 126//
f 126// 4586// 4587//
f 126// 4587// 124//
f 124// 4587// 4588//
f 124// 4588// 123//
f 123// 4588// 4589//
f 123// 4589// 125//
f 125// 4589// 4590//
f 125// 4590// 139//
f 139// 4590// 4591//
f 139// 4591// 138//
f 138// 4591// 4592//
f 138// 4592// 137//
f 137// 4592// 4593//
f 137// 4593// 136//
f 136// 4593// 4594//
f 136// 4594// 118//
f 4595// 4596// 4583//
f 4583// 4596// 4594//
f 4582// 4581// 4583//
f 4583// 4581// 4597//
f 4583// 4597// 4598//
f 4588// 4587// 4589//
f 4589// 4587// 4586//
f 4589// 4586// 4585//
f 4598// 4599// 4583//
f 4583// 4599// 4600//
f 4583// 4600// 4601//
f 4601// 4602// 4583//
f 4583// 4602// 4603//
f 4583// 4603// 4604//
f 4604// 4605// 4583//
f 4583// 4605// 4606//
f 4583// 4606// 4595//
f 4594// 4593// 4583//
f 4583// 4593// 4592//
f 4583// 4592// 4591//
f 4591// 4590// 4583//
f 4583// 4590// 4589//
f 4583// 4589// 4584//
f 4584// 4589// 4585//
f 4594// 4596// 118//
f 118// 4596// 116//
f 121// 4597// 120//
f 120// 4597// 4581//
f 116// 4596// 4595//
f 116// 4595// 115//
f 115// 4595// 4606//
f 115// 4606// 135//
f 135// 4606// 4605//
f 135// 4605// 134//
f 134// 4605// 4604//
f 134// 4604// 133//
f 133// 4604// 4603//
f 133// 4603// 132//
f 132// 4603// 4602//
f 132// 4602// 131//
f 131// 4602// 4601//
f 131// 4601// 130//
f 130// 4601// 4600//
f 130// 4600// 129//
f 129// 4600// 4599//
f 129// 4599// 128//
f 128// 4599// 4598//
f 128// 4598// 122//
f 122// 4598// 4597//
f 122// 4597// 121//
f 1448// 1447// 1446//
f 1454// 1453// 1448//
f 1448// 1453// 1452//
f 1448// 1452// 1443//
f 1446// 1441// 1448//
f 1448// 1441// 1463//
f 1448// 1463// 1464//
f 1464// 1462// 1448//
f 1448// 1462// 1461//
f 1448// 1461// 1457//
f 1457// 1456// 1448//
f 1448// 1456// 1455//
f 1448// 1455// 1454//
f 1443// 1442// 1448//
f 1448// 1442// 1451//
f 1448// 1451// 1450//
f 1465// 1460// 1459//
f 1450// 1445// 1448//
f 1448// 1445// 1444//
f 1448// 1444// 1449//
f 1449// 1444// 1458//
f 1458// 1444// 1459//
f 1459// 1444// 1466//
f 1459// 1466// 1465//
f 4607// 4608// 1447//
f 1447// 4608// 1446//
f 4608// 4609// 1446//
f 1446// 4609// 1441//
f 1441// 4609// 4610//
f 1441// 4610// 1463//
f 1463// 4610// 4611//
f 1463// 4611// 1464//
f 1464// 4611// 4612//
f 1464// 4612// 1462//
f 1462// 4612// 4613//
f 1462// 4613// 1461//
f 1461// 4613// 4614//
f 1461// 4614// 1457//
f 1457// 4614// 4615//
f 1457// 4615// 1456//
f 1456// 4615// 4616//
f 1456// 4616// 1455//
f 1455// 4616// 4617//
f 1455// 4617// 1454//
f 1454// 4617// 4618//
f 1454// 4618// 1453//
f 1453// 4618// 4619//
f 1453// 4619// 1452//
f 1452// 4619// 4620//
f 1452// 4620// 1443//
f 4621// 4620// 4609//
f 4609// 4620// 4619//
f 4609// 4622// 4623//
f 4608// 4607// 4609//
f 4609// 4607// 4624//
f 4609// 4624// 4625//
f 4623// 4626// 4609//
f 4609// 4626// 4627//
f 4609// 4627// 4621//
f 4619// 4618// 4609//
f 4609// 4618// 4617//
f 4609// 4617// 4616//
f 4625// 4628// 4609//
f 4609// 4628// 4629//
f 4609// 4629// 4630//
f 4616// 4615// 4609//
f 4609// 4615// 4614//
f 4609// 4614// 4613//
f 4613// 4612// 4609//
f 4609// 4612// 4611//
f 4609// 4611// 4610//
f 4630// 4631// 4609//
f 4609// 4631// 4632//
f 4609// 4632// 4622//
f 4620// 4621// 1443//
f 1443// 4621// 1442//
f 1448// 4624// 1447//
f 1447// 4624// 4607//
f 1442// 4621// 4627//
f 1442// 4627// 1451//
f 1451// 4627// 4626//
f 1451// 4626// 1450//
f 1450// 4626// 4623//
f 1450// 4623// 1445//
f 1445// 4623// 4622//
f 1445// 4622// 1444//
f 1444// 4622// 4632//
f 1444// 4632// 1466//
f 1466// 4632// 4631//
f 1466// 4631// 1465//
f 1465// 4631// 4630//
f 1465// 4630// 1460//
f 1460// 4630// 4629//
f 1460// 4629// 1459//
f 1459// 4629// 4628//
f 1459// 4628// 1458//
f 1458// 4628// 4625//
f 1458// 4625// 1449//
f 1449// 4625// 4624//
f 1449// 4624// 1448//
f 3582// 3586// 3581//
f 3581// 3586// 3584//
f 3581// 3584// 4369//
f 4349// 4351// 4353//
f 4357// 4359// 3600//
f 4359// 4361// 3600//
f 3600// 4361// 4363//
f 3600// 4363// 4365//
f 3582// 3614// 3586//
f 3586// 3614// 3600//
f 3586// 3600// 4367//
f 4367// 3600// 4365//
f 4349// 4353// 3600//
f 3600// 4353// 4355//
f 3600// 4355// 4357//
f 4383// 4385// 4369//
f 4369// 4385// 4387//
f 4369// 4387// 3581//
f 4369// 4371// 4383//
f 4383// 4371// 4373//
f 4383// 4373// 4375//
f 4375// 4377// 4383//
f 4383// 4377// 4379//
f 4383// 4379// 4381//
f 4633// 4634// 3582//
f 3582// 4634// 3614//
f 4634// 4635// 3614//
f 3614// 4635// 3600//
f 3584// 4636// 4637//
f 3584// 4637// 4369//
f 4369// 4637// 4638//
f 4369// 4638// 4371//
f 4371// 4638// 4639//
f 4371// 4639// 4373//
f 4373// 4639// 4640//
f 4373// 4640// 4375//
f 4375// 4640// 4641//
f 4375// 4641// 4377//
f 4377// 4641// 4642//
f 4377// 4642// 4379//
f 4379// 4642// 4643//
f 4379// 4643// 4381//
f 4381// 4643// 4644//
f 4381// 4644// 4383//
f 4383// 4644// 4645//
f 4383// 4645// 4385//
f 4385// 4645// 4646//
f 4385// 4646// 4387//
f 4387// 4646// 4647//
f 4387// 4647// 3581//
f 4636// 4648// 4647//
f 4647// 4648// 4633//
f 4633// 4648// 4635//
f 4633// 4635// 4634//
f 4638// 4637// 4644//
f 4644// 4637// 4645//
f 4648// 4649// 4635//
f 4635// 4649// 4650//
f 4635// 4650// 4651//
f 4651// 4652// 4635//
f 4635// 4652// 4653//
f 4635// 4653// 4654//
f 4654// 4655// 4635//
f 4635// 4655// 4656//
f 4635// 4656// 4657//
f 4657// 4656// 4658//
f 4636// 4647// 4637//
f 4637// 4647// 4646//
f 4637// 4646// 4645//
f 4641// 4644// 4642//
f 4642// 4644// 4643//
f 4641// 4640// 4644//
f 4644// 4640// 4639//
f 4644// 4639// 4638//
f 3600// 4635// 4657//
f 3600// 4657// 4349//
f 4349// 4657// 4658//
f 4349// 4658// 4351//
f 4351// 4658// 4656//
f 4351// 4656// 4353//
f 4353// 4656// 4655//
f 4353// 4655// 4355//
f 4355// 4655// 4654//
f 4355// 4654// 4357//
f 4357// 4654// 4653//
f 4357// 4653// 4359//
f 4359// 4653// 4652//
f 4359// 4652// 4361//
f 4361// 4652// 4651//
f 4361// 4651// 4363//
f 4363// 4651// 4650//
f 4363// 4650// 4365//
f 4365// 4650// 4649//
f 4365// 4649// 4367//
f 4367// 4649// 4648//
f 4367// 4648// 3586//
f 4648// 4636// 3586//
f 3586// 4636// 3584//
f 3581// 4647// 3582//
f 3582// 4647// 4633//
f 3356// 3355// 3339//
f 3339// 3355// 3354//
f 4124// 3347// 3354//
f 3347// 3346// 3354//
f 3354// 3346// 4111//
f 3354// 4111// 4115//
f 4115// 4114// 3354//
f 3354// 4114// 4113//
f 3354// 4113// 4112//
f 4124// 3354// 4121//
f 4121// 3354// 4125//
f 4121// 4125// 4123//
f 4116// 4118// 4117//
f 4117// 4118// 4119//
f 4123// 4122// 4121//
f 4121// 4122// 4119//
f 4121// 4119// 4120//
f 4120// 4119// 4118//
f 4112// 4130// 3354//
f 3354// 4130// 4129//
f 3354// 4129// 4128//
f 4128// 4127// 3354//
f 3354// 4127// 4126//
f 3354// 4126// 3339//
f 4659// 4660// 3356//
f 3356// 4660// 3355//
f 4660// 4661// 3355//
f 3355// 4661// 3354//
f 3354// 4661// 4662//
f 3354// 4662// 4125//
f 4125// 4662// 4663//
f 4125// 4663// 4123//
f 4123// 4663// 4664//
f 4123// 4664// 4122//
f 4122// 4664// 4665//
f 4122// 4665// 4119//
f 4119// 4665// 4666//
f 4119// 4666// 4117//
f 4117// 4666// 4667//
f 4117// 4667// 4116//
f 4116// 4667// 4668//
f 4116// 4668// 4118//
f 4118// 4668// 4669//
f 4118// 4669// 4120//
f 4120// 4669// 4670//
f 4120// 4670// 4121//
f 4121// 4670// 4671//
f 4121// 4671// 4124//
f 4124// 4671// 4672//
f 4124// 4672// 3347//
f 4660// 4659// 4661//
f 4661// 4659// 4673//
f 4674// 4675// 4661//
f 4661// 4675// 4672//
f 4676// 4677// 4661//
f 4677// 4678// 4661//
f 4661// 4678// 4679//
f 4661// 4679// 4674//
f 4667// 4666// 4668//
f 4668// 4666// 4665//
f 4668// 4665// 4669//
f 4669// 4665// 4670//
f 4670// 4665// 4664//
f 4670// 4664// 4663//
f 4672// 4671// 4661//
f 4661// 4671// 4670//
f 4661// 4670// 4662//
f 4662// 4670// 4663//
f 4673// 4680// 4661//
f 4661// 4680// 4681//
f 4661// 4681// 4682//
f 4682// 4683// 4661//
f 4661// 4683// 4684//
f 4661// 4684// 4676//
f 4672// 4675// 3347//
f 3347// 4675// 3346//
f 3339// 4673// 3356//
f 3356// 4673// 4659//
f 3346// 4675// 4674//
f 3346// 4674// 4111//
f 4111// 4674// 4679//
f 4111// 4679// 4115//
f 4115// 4679// 4678//
f 4115// 4678// 4114//
f 4114// 4678// 4677//
f 4114// 4677// 4113//
f 4113// 4677// 4676//
f 4113// 4676// 4112//
f 4112// 4676// 4684//
f 4112// 4684// 4130//
f 4130// 4684// 4683//
f 4130// 4683// 4129//
f 4129// 4683// 4682//
f 4129// 4682// 4128//
f 4128// 4682// 4681//
f 4128// 4681// 4127//
f 4127// 4681// 4680//
f 4127// 4680// 4126//
f 4126// 4680// 4673//
f 4126// 4673// 3339//
f 2674// 2673// 897//
f 897// 2673// 899//
f 2688// 900// 901//
f 2688// 901// 4685//
f 4685// 901// 903//
f 4685// 903// 4686//
f 4686// 903// 904//
f 4686// 904// 4687//
f 4687// 904// 908//
f 4687// 908// 4688//
f 4688// 908// 911//
f 4688// 911// 4689//
f 4689// 911// 912//
f 4689// 912// 4690//
f 4690// 912// 913//
f 4690// 913// 4691//
f 4691// 913// 909//
f 4691// 909// 4692//
f 4692// 909// 910//
f 4692// 910// 4693//
f 4693// 910// 902//
f 4693// 902// 4694//
f 4694// 902// 896//
f 4694// 896// 2675//
f 900// 2688// 895//
f 895// 2688// 2689//
f 898// 2690// 896//
f 896// 2690// 2675//
f 2673// 2674// 2689//
f 4695// 4696// 2690//
f 2690// 4696// 4697//
f 2690// 4697// 2673//
f 2673// 2689// 2690//
f 2690// 2689// 2688//
f 2690// 2688// 2675//
f 2675// 2688// 4685//
f 2675// 4685// 4694//
f 4694// 4685// 4686//
f 4694// 4686// 4687//
f 4698// 4699// 4700//
f 4700// 4699// 4701//
f 4698// 4702// 4699//
f 4699// 4702// 4703//
f 4699// 4703// 2690//
f 2690// 4703// 4704//
f 2690// 4704// 4695//
f 4688// 4692// 4687//
f 4687// 4692// 4693//
f 4687// 4693// 4694//
f 4688// 4689// 4692//
f 4692// 4689// 4690//
f 4692// 4690// 4691//
f 2690// 898// 915//
f 2690// 915// 4699//
f 4699// 915// 917//
f 4699// 917// 4701//
f 4701// 917// 916//
f 4701// 916// 4700//
f 4700// 916// 914//
f 4700// 914// 4698//
f 4698// 914// 918//
f 4698// 918// 4702//
f 4702// 918// 919//
f 4702// 919// 4703//
f 4703// 919// 920//
f 4703// 920// 4704//
f 4704// 920// 905//
f 4704// 905// 4695//
f 4695// 905// 906//
f 4695// 906// 4696//
f 4696// 906// 907//
f 4696// 907// 4697//
f 4697// 907// 899//
f 4697// 899// 2673//
f 900// 895// 896//
f 896// 895// 898//
f 898// 895// 897//
f 898// 897// 899//
f 899// 907// 898//
f 898// 907// 906//
f 898// 906// 905//
f 910// 909// 901//
f 905// 920// 898//
f 898// 920// 919//
f 898// 919// 915//
f 915// 919// 918//
f 918// 914// 915//
f 915// 914// 916//
f 915// 916// 917//
f 900// 896// 901//
f 901// 896// 902//
f 901// 902// 910//
f 913// 904// 909//
f 909// 904// 903//
f 909// 903// 901//
f 913// 912// 904//
f 904// 912// 911//
f 904// 911// 908//
f 2674// 897// 2689//
f 2689// 897// 895//
f 3670// 3669// 3672//
f 3672// 3669// 3671//
f 3674// 3673// 3676//
f 3676// 3673// 3675//
f 3689// 3690// 4705//
f 3689// 4705// 4706//
f 4706// 4705// 4707//
f 4706// 4707// 4708//
f 4708// 4707// 4709//
f 4708// 4709// 4710//
f 4710// 4709// 4711//
f 4710// 4711// 4712//
f 4712// 4711// 4713//
f 4712// 4713// 4714//
f 4714// 4713// 4715//
f 4714// 4715// 4716//
f 4716// 4715// 4717//
f 4716// 4717// 4718//
f 4718// 4717// 4719//
f 4718// 4719// 4720//
f 4720// 4719// 4721//
f 4720// 4721// 4722//
f 4722// 4721// 4723//
f 4722// 4723// 4724//
f 4724// 4723// 3676//
f 4724// 3676// 3675//
f 3673// 3674// 4725//
f 3673// 4725// 4726//
f 4726// 4725// 4727//
f 4726// 4727// 4728//
f 4728// 4727// 4729//
f 4728// 4729// 4730//
f 4730// 4729// 4731//
f 4730// 4731// 4732//
f 4732// 4731// 4733//
f 4732// 4733// 4734//
f 4734// 4733// 4735//
f 4734// 4735// 4736//
f 4736// 4735// 4737//
f 4736// 4737// 4738//
f 4738// 4737// 4739//
f 4738// 4739// 4740//
f 4740// 4739// 4741//
f 4740// 4741// 4742//
f 4742// 4741// 4743//
f 4742// 4743// 4744//
f 4744// 4743// 3671//
f 4744// 3671// 3669//
f 3670// 3703// 3669//
f 3669// 3703// 3689//
f 4722// 4724// 3669//
f 3669// 4724// 3675//
f 3669// 3675// 3673//
f 3689// 4706// 3669//
f 3669// 4706// 4708//
f 3669// 4708// 4710//
f 4740// 4742// 3673//
f 3673// 4742// 4744//
f 3673// 4744// 3669//
f 4710// 4712// 3669//
f 3669// 4712// 4714//
f 3669// 4714// 4716//
f 4732// 4726// 4730//
f 4730// 4726// 4728//
f 4732// 4734// 4726//
f 4726// 4734// 4736//
f 4726// 4736// 3673//
f 3673// 4736// 4738//
f 3673// 4738// 4740//
f 4716// 4718// 3669//
f 3669// 4718// 4720//
f 3669// 4720// 4722//
f 3690// 3689// 3704//
f 3704// 3689// 3703//
f 3690// 3704// 3676//
f 3676// 3704// 3674//
f 3674// 3704// 3672//
f 3674// 3672// 3671//
f 3671// 4743// 3674//
f 3674// 4743// 4741//
f 3674// 4741// 4739//
f 4721// 4719// 4705//
f 4739// 4737// 3674//
f 3674// 4737// 4735//
f 3674// 4735// 4725//
f 4725// 4735// 4733//
f 4733// 4731// 4725//
f 4725// 4731// 4729//
f 4725// 4729// 4727//
f 3690// 3676// 4705//
f 4705// 3676// 4723//
f 4705// 4723// 4721//
f 4717// 4709// 4719//
f 4719// 4709// 4707//
f 4719// 4707// 4705//
f 4717// 4715// 4709//
f 4709// 4715// 4713//
f 4709// 4713// 4711//
f 3670// 3672// 3703//
f 3703// 3672// 3704//
f 3080// 3063// 3070//
f 4214// 3063// 4198//
f 4198// 3063// 4197//
f 4205// 4204// 4203//
f 4214// 4213// 3063//
f 3063// 4213// 4199//
f 3063// 4199// 3070//
f 4201// 4200// 3078//
f 3078// 4200// 4212//
f 3078// 4212// 4206//
f 4210// 4209// 4208//
f 4197// 4216// 4198//
f 4198// 4216// 4205//
f 4198// 4205// 4215//
f 4215// 4205// 4203//
f 3080// 3070// 3079//
f 3079// 3070// 3071//
f 3079// 3071// 3078//
f 3078// 3071// 4202//
f 3078// 4202// 4201//
f 4210// 4208// 4211//
f 4211// 4208// 4212//
f 4212// 4208// 4207//
f 4212// 4207// 4206//
f 3049// 3070// 4199//
f 3049// 4199// 4745//
f 4745// 4199// 4213//
f 4745// 4213// 4746//
f 4746// 4213// 4214//
f 4746// 4214// 4747//
f 4747// 4214// 4198//
f 4747// 4198// 4748//
f 4748// 4198// 4215//
f 4748// 4215// 4749//
f 4749// 4215// 4203//
f 4749// 4203// 4750//
f 4750// 4203// 4204//
f 4750// 4204// 4751//
f 4751// 4204// 4205//
f 4751// 4205// 4752//
f 4752// 4205// 4216//
f 4752// 4216// 4753//
f 4753// 4216// 4197//
f 4753// 4197// 4754//
f 4754// 4197// 3063//
f 4754// 3063// 3050//
f 3051// 3050// 3080//
f 3080// 3050// 3063//
f 4754// 3050// 4748//
f 3050// 3051// 3046//
f 3047// 3049// 3050//
f 3050// 3049// 4745//
f 4755// 4756// 3050//
f 3050// 4756// 4757//
f 3050// 4757// 3047//
f 4750// 4751// 4752//
f 3046// 3045// 3050//
f 3050// 3045// 4758//
f 3050// 4758// 4759//
f 4759// 4760// 3050//
f 3050// 4760// 4761//
f 3050// 4761// 4762//
f 4762// 4763// 3050//
f 3050// 4763// 4764//
f 3050// 4764// 4755//
f 4745// 4746// 3050//
f 3050// 4746// 4747//
f 3050// 4747// 4748//
f 4750// 4752// 4749//
f 4749// 4752// 4748//
f 4748// 4752// 4753//
f 4748// 4753// 4754//
f 3070// 3049// 3071//
f 3071// 3049// 3047//
f 3045// 3078// 4206//
f 3045// 4206// 4758//
f 4758// 4206// 4207//
f 4758// 4207// 4759//
f 4759// 4207// 4208//
f 4759// 4208// 4760//
f 4760// 4208// 4209//
f 4760// 4209// 4761//
f 4761// 4209// 4210//
f 4761// 4210// 4762//
f 4762// 4210// 4211//
f 4762// 4211// 4763//
f 4763// 4211// 4212//
f 4763// 4212// 4764//
f 4764// 4212// 4200//
f 4764// 4200// 4755//
f 4755// 4200// 4201//
f 4755// 4201// 4756//
f 4756// 4201// 4202//
f 4756// 4202// 4757//
f 4757// 4202// 3071//
f 4757// 3071// 3047//
f 3078// 3045// 3079//
f 3079// 3045// 3046//
f 3051// 3080// 3046//
f 3046// 3080// 3079//
f 376// 375// 378//
f 378// 375// 377//
f 380// 379// 377//
f 377// 379// 385//
f 390// 389// 388//
f 388// 389// 387//
f 388// 387// 386//
f 394// 393// 377//
f 377// 393// 392//
f 385// 384// 377//
f 377// 384// 383//
f 377// 383// 382//
f 394// 377// 388//
f 388// 377// 395//
f 388// 395// 390//
f 392// 391// 377//
f 377// 391// 381//
f 377// 381// 380//
f 382// 400// 377//
f 377// 400// 399//
f 377// 399// 398//
f 398// 397// 377//
f 377// 397// 396//
f 377// 396// 378//
f 4765// 4766// 376//
f 376// 4766// 375//
f 4766// 4767// 375//
f 375// 4767// 377//
f 377// 4767// 4768//
f 377// 4768// 395//
f 395// 4768// 4769//
f 395// 4769// 390//
f 390// 4769// 4770//
f 390// 4770// 389//
f 389// 4770// 4771//
f 389// 4771// 387//
f 387// 4771// 4772//
f 387// 4772// 386//
f 386// 4772// 4773//
f 386// 4773// 388//
f 388// 4773// 4774//
f 388// 4774// 394//
f 394// 4774// 4775//
f 394// 4775// 393//
f 393// 4775// 4776//
f 393// 4776// 392//
f 392// 4776// 4777//
f 392// 4777// 391//
f 391// 4777// 4778//
f 391// 4778// 381//
f 4766// 4765// 4767//
f 4767// 4765// 4779//
f 4780// 4781// 4767//
f 4767// 4781// 4778//
f 4782// 4783// 4767//
f 4783// 4784// 4767//
f 4767// 4784// 4785//
f 4767// 4785// 4780//
f 4772// 4771// 4773//
f 4773// 4771// 4770//
f 4773// 4770// 4769//
f 4778// 4777// 4767//
f 4767// 4777// 4776//
f 4767// 4776// 4775//
f 4775// 4774// 4767//
f 4767// 4774// 4773//
f 4767// 4773// 4768//
f 4768// 4773// 4769//
f 4779// 4786// 4767//
f 4767// 4786// 4787//
f 4767// 4787// 4788//
f 4788// 4789// 4767//
f 4767// 4789// 4790//
f 4767// 4790// 4782//
f 4778// 4781// 381//
f 381// 4781// 380//
f 378// 4779// 376//
f 376// 4779// 4765//
f 380// 4781// 4780//
f 380// 4780// 379//
f 379// 4780// 4785//
f 379// 4785// 385//
f 385// 4785// 4784//
f 385// 4784// 384//
f 384// 4784// 4783//
f 384// 4783// 383//
f 383// 4783// 4782//
f 383// 4782// 382//
f 382// 4782// 4790//
f 382// 4790// 400//
f 400// 4790// 4789//
f 400// 4789// 399//
f 399// 4789// 4788//
f 399// 4788// 398//
f 398// 4788// 4787//
f 398// 4787// 397//
f 397// 4787// 4786//
f 397// 4786// 396//
f 396// 4786// 4779//
f 396// 4779// 378//
f 1793// 1792// 1782//
f 1780// 1779// 1782//
f 1782// 1779// 1781//
f 1782// 1781// 1804//
f 1792// 1791// 1782//
f 1782// 1791// 1790//
f 1782// 1790// 1802//
f 1804// 1803// 1782//
f 1782// 1803// 1794//
f 1782// 1794// 1793//
f 1789// 1788// 1784//
f 1802// 1801// 1782//
f 1782// 1801// 1800//
f 1782// 1800// 1786//
f 1798// 1797// 1799//
f 1799// 1797// 1796//
f 1799// 1796// 1783//
f 1786// 1785// 1782//
f 1782// 1785// 1784//
f 1782// 1784// 1787//
f 1787// 1784// 1788//
f 1783// 1796// 1784//
f 1784// 1796// 1795//
f 1784// 1795// 1789//
f 4791// 4792// 1780//
f 1780// 4792// 1779//
f 4792// 4793// 1779//
f 1779// 4793// 1781//
f 1781// 4793// 4794//
f 1781// 4794// 1804//
f 1804// 4794// 4795//
f 1804// 4795// 1803//
f 1803// 4795// 4796//
f 1803// 4796// 1794//
f 1794// 4796// 4797//
f 1794// 4797// 1793//
f 1793// 4797// 4798//
f 1793// 4798// 1792//
f 1792// 4798// 4799//
f 1792// 4799// 1791//
f 1791// 4799// 4800//
f 1791// 4800// 1790//
f 1790// 4800// 4801//
f 1790// 4801// 1802//
f 1802// 4801// 4802//
f 1802// 4802// 1801//
f 1801// 4802// 4803//
f 1801// 4803// 1800//
f 1800// 4803// 4804//
f 1800// 4804// 1786//
f 4792// 4791// 4793//
f 4793// 4791// 4805//
f 4806// 4807// 4793//
f 4793// 4807// 4808//
f 4793// 4808// 4804//
f 4805// 4809// 4793//
f 4793// 4809// 4810//
f 4793// 4810// 4811//
f 4804// 4800// 4799//
f 4799// 4798// 4804//
f 4804// 4798// 4797//
f 4804// 4797// 4796//
f 4811// 4812// 4793//
f 4793// 4812// 4813//
f 4793// 4813// 4814//
f 4814// 4815// 4793//
f 4793// 4815// 4816//
f 4793// 4816// 4806//
f 4803// 4802// 4804//
f 4804// 4802// 4801//
f 4804// 4801// 4800//
f 4796// 4795// 4804//
f 4804// 4795// 4794//
f 4804// 4794// 4793//
f 4804// 4808// 1786//
f 1786// 4808// 1785//
f 1782// 4805// 1780//
f 1780// 4805// 4791//
f 1785// 4808// 4807//
f 1785// 4807// 1784//
f 1784// 4807// 4806//
f 1784// 4806// 1783//
f 1783// 4806// 4816//
f 1783// 4816// 1799//
f 1799// 4816// 4815//
f 1799// 4815// 1798//
f 1798// 4815// 4814//
f 1798// 4814// 1797//
f 1797// 4814// 4813//
f 1797// 4813// 1796//
f 1796// 4813// 4812//
f 1796// 4812// 1795//
f 1795// 4812// 4811//
f 1795// 4811// 1789//
f 1789// 4811// 4810//
f 1789// 4810// 1788//
f 1788// 4810// 4809//
f 1788// 4809// 1787//
f 1787// 4809// 4805//
f 1787// 4805// 1782//
f 3255// 3272// 3271//
f 4817// 3255// 3262//
f 3271// 3270// 3255//
f 3255// 3270// 4818//
f 3255// 4818// 4819//
f 3255// 4820// 4821//
f 4822// 4823// 3255//
f 3255// 4823// 4824//
f 3255// 4824// 4820//
f 4821// 4825// 3255//
f 3255// 4825// 3263//
f 3255// 3263// 3262//
f 4819// 4826// 3255//
f 3255// 4826// 4827//
f 3255// 4827// 4822//
f 4817// 3262// 4828//
f 4828// 3262// 4829//
f 4828// 4829// 4830//
f 4830// 4831// 4828//
f 4828// 4831// 4832//
f 4828// 4832// 4833//
f 4833// 4834// 4828//
f 4828// 4834// 4835//
f 4828// 4835// 4836//
f 4837// 4838// 3272//
f 3272// 4838// 3271//
f 4838// 4839// 3271//
f 3271// 4839// 3270//
f 3270// 4839// 4840//
f 3270// 4840// 4818//
f 4818// 4840// 4841//
f 4818// 4841// 4819//
f 4819// 4841// 4842//
f 4819// 4842// 4826//
f 4826// 4842// 4843//
f 4826// 4843// 4827//
f 4827// 4843// 4844//
f 4827// 4844// 4822//
f 4822// 4844// 4845//
f 4822// 4845// 4823//
f 4823// 4845// 4846//
f 4823// 4846// 4824//
f 4824// 4846// 4847//
f 4824// 4847// 4820//
f 4820// 4847// 4848//
f 4820// 4848// 4821//
f 4821// 4848// 4849//
f 4821// 4849// 4825//
f 4825// 4849// 4850//
f 4825// 4850// 3263//
f 4839// 4838// 4837//
f 4839// 4851// 4850//
f 4837// 4852// 4839//
f 4839// 4852// 4853//
f 4839// 4853// 4854//
f 4855// 4856// 4839//
f 4839// 4856// 4857//
f 4839// 4857// 4851//
f 4849// 4848// 4844//
f 4848// 4847// 4844//
f 4844// 4847// 4846//
f 4844// 4846// 4845//
f 4842// 4841// 4850//
f 4850// 4841// 4840//
f 4850// 4840// 4839//
f 4858// 4859// 4839//
f 4839// 4859// 4860//
f 4839// 4860// 4855//
f 4849// 4844// 4850//
f 4850// 4844// 4843//
f 4850// 4843// 4842//
f 4854// 4861// 4839//
f 4839// 4861// 4862//
f 4839// 4862// 4858//
f 4850// 4851// 3263//
f 3263// 4851// 3262//
f 3255// 4852// 3272//
f 3272// 4852// 4837//
f 3262// 4851// 4857//
f 3262// 4857// 4829//
f 4829// 4857// 4856//
f 4829// 4856// 4830//
f 4830// 4856// 4855//
f 4830// 4855// 4831//
f 4831// 4855// 4860//
f 4831// 4860// 4832//
f 4832// 4860// 4859//
f 4832// 4859// 4833//
f 4833// 4859// 4858//
f 4833// 4858// 4834//
f 4834// 4858// 4862//
f 4834// 4862// 4835//
f 4835// 4862// 4861//
f 4835// 4861// 4836//
f 4836// 4861// 4854//
f 4836// 4854// 4828//
f 4828// 4854// 4853//
f 4828// 4853// 4817//
f 4817// 4853// 4852//
f 4817// 4852// 3255//
f 3526// 3525// 766//
f 766// 3525// 765//
f 768// 3527// 779//
f 779// 3527// 3528//
f 3541// 775// 776//
f 3541// 776// 4863//
f 4863// 776// 777//
f 4863// 777// 4864//
f 4864// 777// 780//
f 4864// 780// 4865//
f 4865// 780// 781//
f 4865// 781// 4866//
f 4866// 781// 770//
f 4866// 770// 4867//
f 4867// 770// 771//
f 4867// 771// 4868//
f 4868// 771// 772//
f 4868// 772// 4869//
f 4869// 772// 773//
f 4869// 773// 4870//
f 4870// 773// 774//
f 4870// 774// 4871//
f 4871// 774// 778//
f 4871// 778// 4872//
f 4872// 778// 779//
f 4872// 779// 3528//
f 3527// 768// 769//
f 3527// 769// 4873//
f 4873// 769// 790//
f 4873// 790// 4874//
f 4874// 790// 782//
f 4874// 782// 4875//
f 4875// 782// 783//
f 4875// 783// 4876//
f 4876// 783// 784//
f 4876// 784// 4877//
f 4877// 784// 787//
f 4877// 787// 4878//
f 4878// 787// 786//
f 4878// 786// 4879//
f 4879// 786// 785//
f 4879// 785// 4880//
f 4880// 785// 788//
f 4880// 788// 4881//
f 4881// 788// 789//
f 4881// 789// 4882//
f 4882// 789// 765//
f 4882// 765// 3525//
f 3525// 3526// 3554//
f 3525// 3527// 4873//
f 4867// 4868// 3525//
f 4868// 4869// 3525//
f 3525// 4869// 4870//
f 3525// 4870// 4871//
f 3554// 3541// 3525//
f 3525// 3541// 4863//
f 3525// 4863// 4864//
f 4871// 4872// 3525//
f 3525// 4872// 3528//
f 3525// 3528// 3527//
f 4864// 4865// 3525//
f 3525// 4865// 4866//
f 3525// 4866// 4867//
f 4875// 4876// 4877//
f 4880// 4873// 4879//
f 4879// 4873// 4878//
f 4880// 4881// 4873//
f 4873// 4881// 4882//
f 4873// 4882// 3525//
f 4878// 4873// 4877//
f 4877// 4873// 4874//
f 4877// 4874// 4875//
f 775// 3541// 767//
f 767// 3541// 3554//
f 767// 766// 775//
f 775// 766// 765//
f 790// 769// 775//
f 775// 769// 768//
f 775// 768// 779//
f 773// 772// 775//
f 765// 789// 775//
f 775// 789// 788//
f 775// 788// 785//
f 785// 786// 775//
f 775// 786// 787//
f 775// 787// 784//
f 779// 778// 775//
f 775// 778// 774//
f 775// 774// 773//
f 772// 771// 775//
f 775// 771// 770//
f 775// 770// 781//
f 780// 777// 781//
f 781// 777// 776//
f 781// 776// 775//
f 784// 783// 775//
f 775// 783// 782//
f 775// 782// 790//
f 3526// 766// 3554//
f 3554// 766// 767//
f 819// 823// 820//
f 820// 823// 821//
f 827// 829// 831//
f 835// 837// 826//
f 837// 839// 826//
f 826// 839// 841//
f 826// 841// 843//
f 819// 868// 823//
f 823// 868// 826//
f 823// 826// 845//
f 845// 826// 843//
f 827// 831// 826//
f 826// 831// 833//
f 826// 833// 835//
f 821// 847// 820//
f 820// 847// 849//
f 820// 849// 865//
f 865// 849// 863//
f 863// 849// 861//
f 861// 849// 851//
f 861// 851// 853//
f 853// 855// 861//
f 861// 855// 857//
f 861// 857// 859//
f 4883// 4884// 819//
f 819// 4884// 868//
f 4884// 4885// 868//
f 868// 4885// 826//
f 821// 4886// 4887//
f 821// 4887// 847//
f 847// 4887// 4888//
f 847// 4888// 849//
f 849// 4888// 4889//
f 849// 4889// 851//
f 851// 4889// 4890//
f 851// 4890// 853//
f 853// 4890// 4891//
f 853// 4891// 855//
f 855// 4891// 4892//
f 855// 4892// 857//
f 857// 4892// 4893//
f 857// 4893// 859//
f 859// 4893// 4894//
f 859// 4894// 861//
f 861// 4894// 4895//
f 861// 4895// 863//
f 863// 4895// 4896//
f 863// 4896// 865//
f 865// 4896// 4897//
f 865// 4897// 820//
f 4887// 4886// 4897//
f 4897// 4886// 4898//
f 4897// 4898// 4883//
f 4883// 4898// 4885//
f 4883// 4885// 4884//
f 4895// 4894// 4888//
f 4898// 4899// 4885//
f 4885// 4899// 4900//
f 4885// 4900// 4901//
f 4901// 4902// 4885//
f 4885// 4902// 4903//
f 4885// 4903// 4904//
f 4904// 4905// 4885//
f 4885// 4905// 4906//
f 4885// 4906// 4907//
f 4907// 4906// 4908//
f 4887// 4897// 4888//
f 4888// 4897// 4896//
f 4888// 4896// 4895//
f 4891// 4894// 4892//
f 4892// 4894// 4893//
f 4891// 4890// 4894//
f 4894// 4890// 4889//
f 4894// 4889// 4888//
f 826// 4885// 4907//
f 826// 4907// 827//
f 827// 4907// 4908//
f 827// 4908// 829//
f 829// 4908// 4906//
f 829// 4906// 831//
f 831// 4906// 4905//
f 831// 4905// 833//
f 833// 4905// 4904//
f 833// 4904// 835//
f 835// 4904// 4903//
f 835// 4903// 837//
f 837// 4903// 4902//
f 837// 4902// 839//
f 839// 4902// 4901//
f 839// 4901// 841//
f 841// 4901// 4900//
f 841// 4900// 843//
f 843// 4900// 4899//
f 843// 4899// 845//
f 845// 4899// 4898//
f 845// 4898// 823//
f 4898// 4886// 823//
f 823// 4886// 821//
f 820// 4897// 819//
f 819// 4897// 4883//
f 2502// 2501// 2504//
f 2504// 2501// 2503//
f 2519// 2520// 4453//
f 2519// 4453// 4909//
f 4909// 4453// 4454//
f 4909// 4454// 4910//
f 4910// 4454// 4455//
f 4910// 4455// 4911//
f 4911// 4455// 4456//
f 4911// 4456// 4912//
f 4912// 4456// 4457//
f 4912// 4457// 4913//
f 4913// 4457// 4458//
f 4913// 4458// 4914//
f 4914// 4458// 4459//
f 4914// 4459// 4915//
f 4915// 4459// 4460//
f 4915// 4460// 4916//
f 4916// 4460// 4452//
f 4916// 4452// 4917//
f 4917// 4452// 4449//
f 4917// 4449// 4918//
f 4918// 4449// 2506//
f 4918// 2506// 2505//
f 2520// 2519// 2522//
f 2522// 2519// 2521//
f 2524// 2523// 2506//
f 2506// 2523// 2505//
f 4918// 2505// 2501//
f 2501// 2505// 2523//
f 2501// 2523// 4919//
f 2502// 2521// 2501//
f 2501// 2521// 2519//
f 2501// 2519// 4909//
f 4909// 4910// 2501//
f 2501// 4910// 4911//
f 2501// 4911// 4912//
f 4912// 4913// 2501//
f 2501// 4913// 4914//
f 2501// 4914// 4915//
f 4920// 4921// 4922//
f 4915// 4916// 2501//
f 2501// 4916// 4917//
f 2501// 4917// 4918//
f 4919// 4923// 2501//
f 2501// 4923// 4924//
f 2501// 4924// 4922//
f 4922// 4924// 4925//
f 4922// 4925// 4920//
f 4921// 4926// 4922//
f 4922// 4926// 4927//
f 4922// 4927// 4928//
f 2523// 2524// 4450//
f 2523// 4450// 4919//
f 4919// 4450// 4451//
f 4919// 4451// 4923//
f 4923// 4451// 4461//
f 4923// 4461// 4924//
f 4924// 4461// 4462//
f 4924// 4462// 4925//
f 4925// 4462// 4463//
f 4925// 4463// 4920//
f 4920// 4463// 4464//
f 4920// 4464// 4921//
f 4921// 4464// 4465//
f 4921// 4465// 4926//
f 4926// 4465// 4466//
f 4926// 4466// 4927//
f 4927// 4466// 4467//
f 4927// 4467// 4928//
f 4928// 4467// 4468//
f 4928// 4468// 4922//
f 4922// 4468// 2503//
f 4922// 2503// 2501//
f 2522// 2504// 2520//
f 2520// 2504// 2503//
f 4451// 4450// 2520//
f 2520// 4450// 2524//
f 2520// 2524// 2506//
f 2503// 4468// 2520//
f 2520// 4468// 4467//
f 2520// 4467// 4466//
f 4466// 4465// 2520//
f 2520// 4465// 4464//
f 2520// 4464// 4463//
f 4463// 4462// 2520//
f 2520// 4462// 4461//
f 2520// 4461// 4451//
f 4460// 4459// 4452//
f 4452// 4459// 4458//
f 4452// 4458// 4457//
f 4457// 4456// 4452//
f 4452// 4456// 4455//
f 4452// 4455// 4454//
f 2506// 4449// 2520//
f 2520// 4449// 4452//
f 2520// 4452// 4453//
f 4453// 4452// 4454//
f 2502// 2504// 2521//
f 2521// 2504// 2522//
f 1053// 1056// 1055//
f 1052// 1051// 1053//
f 1053// 1051// 1054//
f 1055// 1057// 1053//
f 1053// 1057// 1058//
f 1053// 1058// 1059//
f 1071// 1070// 1060//
f 1059// 1076// 1053//
f 1053// 1076// 1075//
f 1053// 1075// 1068//
f 1068// 1067// 1053//
f 1053// 1067// 1066//
f 1053// 1066// 1065//
f 1065// 1064// 1053//
f 1053// 1064// 1063//
f 1053// 1063// 1052//
f 1054// 1074// 1053//
f 1053// 1074// 1073//
f 1053// 1073// 1060//
f 1060// 1073// 1072//
f 1060// 1072// 1071//
f 1070// 1069// 1060//
f 1060// 1069// 1062//
f 1060// 1062// 1061//
f 4929// 4930// 1056//
f 1056// 4930// 1055//
f 4930// 4931// 1055//
f 1055// 4931// 1057//
f 1057// 4931// 4932//
f 1057// 4932// 1058//
f 1058// 4932// 4933//
f 1058// 4933// 1059//
f 1059// 4933// 4934//
f 1059// 4934// 1076//
f 1076// 4934// 4935//
f 1076// 4935// 1075//
f 1075// 4935// 4936//
f 1075// 4936// 1068//
f 1068// 4936// 4937//
f 1068// 4937// 1067//
f 1067// 4937// 4938//
f 1067// 4938// 1066//
f 1066// 4938// 4939//
f 1066// 4939// 1065//
f 1065// 4939// 4940//
f 1065// 4940// 1064//
f 1064// 4940// 4941//
f 1064// 4941// 1063//
f 1063// 4941// 4942//
f 1063// 4942// 1052//
f 4930// 4929// 4931//
f 4931// 4929// 4943//
f 4944// 4945// 4931//
f 4944// 4931// 4946//
f 4939// 4938// 4934//
f 4945// 4942// 4931//
f 4931// 4942// 4941//
f 4931// 4941// 4932//
f 4932// 4941// 4933//
f 4943// 4947// 4931//
f 4931// 4947// 4948//
f 4931// 4948// 4949//
f 4949// 4950// 4931//
f 4931// 4950// 4951//
f 4931// 4951// 4952//
f 4952// 4953// 4931//
f 4931// 4953// 4954//
f 4931// 4954// 4946//
f 4933// 4941// 4934//
f 4934// 4941// 4940//
f 4934// 4940// 4939//
f 4938// 4937// 4934//
f 4934// 4937// 4936//
f 4934// 4936// 4935//
f 4942// 4945// 1052//
f 1052// 4945// 1051//
f 1053// 4943// 1056//
f 1056// 4943// 4929//
f 1051// 4945// 4944//
f 1051// 4944// 1054//
f 1054// 4944// 4946//
f 1054// 4946// 1074//
f 1074// 4946// 4954//
f 1074// 4954// 1073//
f 1073// 4954// 4953//
f 1073// 4953// 1072//
f 1072// 4953// 4952//
f 1072// 4952// 1071//
f 1071// 4952// 4951//
f 1071// 4951// 1070//
f 1070// 4951// 4950//
f 1070// 4950// 1069//
f 1069// 4950// 4949//
f 1069// 4949// 1062//
f 1062// 4949// 4948//
f 1062// 4948// 1061//
f 1061// 4948// 4947//
f 1061// 4947// 1060//
f 1060// 4947// 4943//
f 1060// 4943// 1053//
f 2776// 2775// 1002//
f 1002// 2775// 1000//
f 1004// 2777// 1003//
f 1003// 2777// 2778//
f 2777// 1004// 1019//
f 2777// 1019// 4955//
f 4955// 1019// 1020//
f 4955// 1020// 4956//
f 4956// 1020// 1021//
f 4956// 1021// 4957//
f 4957// 1021// 1022//
f 4957// 1022// 4958//
f 4958// 1022// 1023//
f 4958// 1023// 4959//
f 4959// 1023// 1008//
f 4959// 1008// 4960//
f 4960// 1008// 1009//
f 4960// 1009// 4961//
f 4961// 1009// 1010//
f 4961// 1010// 4962//
f 4962// 1010// 1011//
f 4962// 1011// 4963//
f 4963// 1011// 1012//
f 4963// 1012// 4964//
f 4964// 1012// 1005//
f 4964// 1005// 2779//
f 4965// 2775// 4966//
f 2776// 2778// 2775//
f 2775// 2778// 2777//
f 2779// 2793// 2775//
f 2775// 2793// 4967//
f 4960// 4961// 2775//
f 2775// 4961// 4962//
f 4962// 4963// 2775//
f 2775// 4963// 4964//
f 2775// 4964// 2779//
f 4968// 4969// 4970//
f 4967// 4971// 2775//
f 2775// 4971// 4972//
f 2775// 4972// 4966//
f 4968// 4970// 4973//
f 2777// 4955// 2775//
f 2775// 4955// 4956//
f 2775// 4956// 4957//
f 4957// 4958// 2775//
f 2775// 4958// 4959//
f 2775// 4959// 4960//
f 4973// 4970// 4966//
f 4966// 4970// 4974//
f 4966// 4974// 4965//
f 2793// 1006// 1007//
f 2793// 1007// 4967//
f 4967// 1007// 1016//
f 4967// 1016// 4971//
f 4971// 1016// 1017//
f 4971// 1017// 4972//
f 4972// 1017// 1001//
f 4972// 1001// 4966//
f 4966// 1001// 1018//
f 4966// 1018// 4973//
f 4973// 1018// 1013//
f 4973// 1013// 4968//
f 4968// 1013// 1014//
f 4968// 1014// 4969//
f 4969// 1014// 1015//
f 4969// 1015// 4970//
f 4970// 1015// 1024//
f 4970// 1024// 4974//
f 4974// 1024// 999//
f 4974// 999// 4965//
f 4965// 999// 1000//
f 4965// 1000// 2775//
f 1006// 2793// 1005//
f 1005// 2793// 2779//
f 1004// 1003// 1002//
f 1019// 1004// 1009//
f 1006// 1005// 1004//
f 1004// 1005// 1012//
f 1017// 1016// 1004//
f 1004// 1016// 1007//
f 1004// 1007// 1006//
f 1002// 1000// 1004//
f 1004// 1000// 999//
f 1004// 999// 1024//
f 1024// 1015// 1004//
f 1004// 1015// 1014//
f 1004// 1014// 1013//
f 1013// 1018// 1004//
f 1004// 1018// 1001//
f 1004// 1001// 1017//
f 1012// 1011// 1004//
f 1004// 1011// 1010//
f 1004// 1010// 1009//
f 1023// 1022// 1021//
f 1009// 1008// 1019//
f 1019// 1008// 1023//
f 1019// 1023// 1020//
f 1020// 1023// 1021//
f 2776// 1002// 2778//
f 2778// 1002// 1003//
f 3270// 3271// 3272//
f 3270// 3262// 3263//
f 3272// 3255// 3270//
f 3270// 3255// 4817//
f 3270// 4817// 4828//
f 4831// 4830// 3270//
f 3270// 4830// 4829//
f 3270// 4829// 3262//
f 4825// 4821// 4822//
f 4821// 4820// 4822//
f 4822// 4820// 4824//
f 4822// 4824// 4823//
f 4826// 4819// 3263//
f 3263// 4819// 4818//
f 3263// 4818// 3270//
f 4834// 4833// 3270//
f 3270// 4833// 4832//
f 3270// 4832// 4831//
f 4825// 4822// 3263//
f 3263// 4822// 4827//
f 3263// 4827// 4826//
f 4828// 4836// 3270//
f 3270// 4836// 4835//
f 3270// 4835// 4834//
f 3240// 3262// 4829//
f 3240// 4829// 4975//
f 4975// 4829// 4830//
f 4975// 4830// 4976//
f 4976// 4830// 4831//
f 4976// 4831// 4977//
f 4977// 4831// 4832//
f 4977// 4832// 4978//
f 4978// 4832// 4833//
f 4978// 4833// 4979//
f 4979// 4833// 4834//
f 4979// 4834// 4980//
f 4980// 4834// 4835//
f 4980// 4835// 4981//
f 4981// 4835// 4836//
f 4981// 4836// 4982//
f 4982// 4836// 4828//
f 4982// 4828// 4983//
f 4983// 4828// 4817//
f 4983// 4817// 4984//
f 4984// 4817// 3255//
f 4984// 3255// 3246//
f 3245// 3246// 3272//
f 3272// 3246// 3255//
f 3246// 3245// 3244//
f 4984// 3246// 3240//
f 3244// 3238// 3246//
f 3246// 3238// 4985//
f 3246// 4985// 4986//
f 3246// 4987// 4988//
f 4989// 4990// 3246//
f 3246// 4990// 4991//
f 3246// 4991// 4987//
f 4988// 4992// 3246//
f 3246// 4992// 3239//
f 3246// 3239// 3240//
f 4986// 4993// 3246//
f 3246// 4993// 4994//
f 3246// 4994// 4989//
f 4984// 3240// 4983//
f 4983// 3240// 4975//
f 4983// 4975// 4976//
f 4976// 4977// 4983//
f 4983// 4977// 4978//
f 4983// 4978// 4979//
f 4979// 4980// 4983//
f 4983// 4980// 4981//
f 4983// 4981// 4982//
f 3262// 3240// 3263//
f 3263// 3240// 3239//
f 3238// 3270// 4818//
f 3238// 4818// 4985//
f 4985// 4818// 4819//
f 4985// 4819// 4986//
f 4986// 4819// 4826//
f 4986// 4826// 4993//
f 4993// 4826// 4827//
f 4993// 4827// 4994//
f 4994// 4827// 4822//
f 4994// 4822// 4989//
f 4989// 4822// 4823//
f 4989// 4823// 4990//
f 4990// 4823// 4824//
f 4990// 4824// 4991//
f 4991// 4824// 4820//
f 4991// 4820// 4987//
f 4987// 4820// 4821//
f 4987// 4821// 4988//
f 4988// 4821// 4825//
f 4988// 4825// 4992//
f 4992// 4825// 3263//
f 4992// 3263// 3239//
f 3270// 3238// 3271//
f 3271// 3238// 3244//
f 3245// 3272// 3244//
f 3244// 3272// 3271//
f 3414// 3415// 3416//
f 4522// 3414// 3407//
f 3407// 3414// 3406//
f 4521// 4520// 3414//
f 3414// 4520// 4519//
f 3414// 4519// 3406//
f 3416// 3399// 3414//
f 3414// 3399// 4530//
f 3414// 4530// 4529//
f 4529// 4528// 3414//
f 3414// 4528// 4527//
f 3414// 4527// 4526//
f 4526// 4525// 3414//
f 3414// 4525// 4524//
f 3414// 4524// 4521//
f 4522// 3407// 4517//
f 4517// 3407// 4523//
f 4517// 4523// 4518//
f 4534// 4532// 4533//
f 4533// 4532// 4515//
f 4518// 4516// 4517//
f 4517// 4516// 4515//
f 4517// 4515// 4531//
f 4531// 4515// 4532//
f 3383// 3406// 4519//
f 3383// 4519// 4995//
f 4995// 4519// 4520//
f 4995// 4520// 4996//
f 4996// 4520// 4521//
f 4996// 4521// 4997//
f 4997// 4521// 4524//
f 4997// 4524// 4998//
f 4998// 4524// 4525//
f 4998// 4525// 4999//
f 4999// 4525// 4526//
f 4999// 4526// 5000//
f 5000// 4526// 4527//
f 5000// 4527// 5001//
f 5001// 4527// 4528//
f 5001// 4528// 5002//
f 5002// 4528// 4529//
f 5002// 4529// 5003//
f 5003// 4529// 4530//
f 5003// 4530// 5004//
f 5004// 4530// 3399//
f 5004// 3399// 3388//
f 3387// 3388// 3416//
f 3416// 3388// 3399//
f 3392// 3383// 3381//
f 5005// 5006// 5007//
f 5007// 5006// 5008//
f 3383// 4995// 3381//
f 3381// 4995// 4996//
f 3381// 4996// 4997//
f 3381// 5009// 3392//
f 3392// 5009// 5007//
f 3392// 5007// 5010//
f 5010// 5007// 5008//
f 4997// 4998// 3381//
f 3381// 4998// 4999//
f 3381// 4999// 5000//
f 5000// 5001// 3381//
f 3381// 5001// 5002//
f 3381// 5002// 5003//
f 3387// 3382// 3388//
f 3388// 3382// 3381//
f 3388// 3381// 5004//
f 5004// 3381// 5003//
f 5007// 5011// 5005//
f 5005// 5011// 5012//
f 5005// 5012// 5013//
f 5013// 5012// 5014//
f 3406// 3383// 3407//
f 3407// 3383// 3392//
f 3381// 3414// 4522//
f 3381// 4522// 5009//
f 5009// 4522// 4517//
f 5009// 4517// 5007//
f 5007// 4517// 4531//
f 5007// 4531// 5011//
f 5011// 4531// 4532//
f 5011// 4532// 5012//
f 5012// 4532// 4534//
f 5012// 4534// 5014//
f 5014// 4534// 4533//
f 5014// 4533// 5013//
f 5013// 4533// 4515//
f 5013// 4515// 5005//
f 5005// 4515// 4516//
f 5005// 4516// 5006//
f 5006// 4516// 4518//
f 5006// 4518// 5008//
f 5008// 4518// 4523//
f 5008// 4523// 5010//
f 5010// 4523// 3407//
f 5010// 3407// 3392//
f 3414// 3381// 3415//
f 3415// 3381// 3382//
f 3387// 3416// 3382//
f 3382// 3416// 3415//
f 1117// 1106// 1105//
f 1106// 1104// 1105//
f 1105// 1104// 1103//
f 1105// 1103// 1109//
f 1109// 1108// 1105//
f 1105// 1108// 1107//
f 1105// 1107// 1128//
f 1105// 1115// 1114//
f 1123// 1105// 1124//
f 1124// 1105// 1125//
f 1124// 1125// 1126//
f 1123// 1122// 1105//
f 1105// 1122// 1121//
f 1105// 1121// 1120//
f 1120// 1119// 1105//
f 1105// 1119// 1118//
f 1105// 1118// 1117//
f 1111// 1110// 1112//
f 1112// 1110// 1105//
f 1112// 1105// 1113//
f 1113// 1105// 1114//
f 1128// 1127// 1105//
f 1105// 1127// 1116//
f 1105// 1116// 1115//
f 5015// 5016// 1111//
f 1111// 5016// 1110//
f 5016// 5017// 1110//
f 1110// 5017// 1105//
f 1105// 5017// 5018//
f 1105// 5018// 1125//
f 1125// 5018// 5019//
f 1125// 5019// 1126//
f 1126// 5019// 5020//
f 1126// 5020// 1124//
f 1124// 5020// 5021//
f 1124// 5021// 1123//
f 1123// 5021// 5022//
f 1123// 5022// 1122//
f 1122// 5022// 5023//
f 1122// 5023// 1121//
f 1121// 5023// 5024//
f 1121// 5024// 1120//
f 1120// 5024// 5025//
f 1120// 5025// 1119//
f 1119// 5025// 5026//
f 1119// 5026// 1118//
f 1118// 5026// 5027//
f 1118// 5027// 1117//
f 1117// 5027// 5028//
f 1117// 5028// 1106//
f 5029// 5030// 5017//
f 5017// 5030// 5028//
f 5017// 5028// 5027//
f 5031// 5032// 5017//
f 5017// 5032// 5033//
f 5017// 5033// 5029//
f 5016// 5015// 5017//
f 5017// 5015// 5034//
f 5017// 5034// 5035//
f 5035// 5036// 5017//
f 5017// 5036// 5037//
f 5017// 5037// 5038//
f 5027// 5026// 5017//
f 5017// 5026// 5025//
f 5017// 5025// 5024//
f 5024// 5023// 5017//
f 5017// 5023// 5022//
f 5017// 5022// 5021//
f 5021// 5020// 5017//
f 5017// 5020// 5019//
f 5017// 5019// 5018//
f 5038// 5039// 5017//
f 5017// 5039// 5040//
f 5017// 5040// 5031//
f 5028// 5030// 1106//
f 1106// 5030// 1104//
f 1112// 5034// 1111//
f 1111// 5034// 5015//
f 1104// 5030// 5029//
f 1104// 5029// 1103//
f 1103// 5029// 5033//
f 1103// 5033// 1109//
f 1109// 5033// 5032//
f 1109// 5032// 1108//
f 1108// 5032// 5031//
f 1108// 5031// 1107//
f 1107// 5031// 5040//
f 1107// 5040// 1128//
f 1128// 5040// 5039//
f 1128// 5039// 1127//
f 1127// 5039// 5038//
f 1127// 5038// 1116//
f 1116// 5038// 5037//
f 1116// 5037// 1115//
f 1115// 5037// 5036//
f 1115// 5036// 1114//
f 1114// 5036// 5035//
f 1114// 5035// 1113//
f 1113// 5035// 5034//
f 1113// 5034// 1112//
f 2996// 2995// 2979//
f 2979// 2995// 2994//
f 4412// 2987// 2979//
f 2979// 2987// 2986//
f 2979// 2986// 4409//
f 2994// 4410// 2979//
f 2979// 4410// 4411//
f 2979// 4411// 4428//
f 4419// 4418// 2979//
f 4423// 4422// 4415//
f 4418// 4414// 2979//
f 2979// 4414// 4413//
f 2979// 4413// 4412//
f 4409// 4426// 2979//
f 2979// 4426// 4425//
f 2979// 4425// 4415//
f 4415// 4425// 4424//
f 4415// 4424// 4423//
f 4422// 4421// 4415//
f 4415// 4421// 4417//
f 4415// 4417// 4416//
f 4428// 4427// 2979//
f 2979// 4427// 4420//
f 2979// 4420// 4419//
f 5041// 5042// 2996//
f 2996// 5042// 2995//
f 5042// 5043// 2995//
f 2995// 5043// 2994//
f 2994// 5043// 5044//
f 2994// 5044// 4410//
f 4410// 5044// 5045//
f 4410// 5045// 4411//
f 4411// 5045// 5046//
f 4411// 5046// 4428//
f 4428// 5046// 5047//
f 4428// 5047// 4427//
f 4427// 5047// 5048//
f 4427// 5048// 4420//
f 4420// 5048// 5049//
f 4420// 5049// 4419//
f 4419// 5049// 5050//
f 4419// 5050// 4418//
f 4418// 5050// 5051//
f 4418// 5051// 4414//
f 4414// 5051// 5052//
f 4414// 5052// 4413//
f 4413// 5052// 5053//
f 4413// 5053// 4412//
f 4412// 5053// 5054//
f 4412// 5054// 2987//
f 5042// 5041// 5043//
f 5043// 5041// 5055//
f 5056// 5057// 5043//
f 5043// 5057// 5058//
f 5043// 5058// 5054//
f 5054// 5053// 5043//
f 5043// 5053// 5052//
f 5043// 5052// 5044//
f 5051// 5050// 5046//
f 5055// 5059// 5043//
f 5043// 5059// 5060//
f 5043// 5060// 5061//
f 5061// 5062// 5043//
f 5043// 5062// 5063//
f 5043// 5063// 5064//
f 5064// 5065// 5043//
f 5043// 5065// 5066//
f 5043// 5066// 5056//
f 5051// 5046// 5052//
f 5052// 5046// 5045//
f 5052// 5045// 5044//
f 5050// 5049// 5046//
f 5046// 5049// 5048//
f 5046// 5048// 5047//
f 5054// 5058// 2987//
f 2987// 5058// 2986//
f 2979// 5055// 2996//
f 2996// 5055// 5041//
f 2986// 5058// 5057//
f 2986// 5057// 4409//
f 4409// 5057// 5056//
f 4409// 5056// 4426//
f 4426// 5056// 5066//
f 4426// 5066// 4425//
f 4425// 5066// 5065//
f 4425// 5065// 4424//
f 4424// 5065// 5064//
f 4424// 5064// 4423//
f 4423// 5064// 5063//
f 4423// 5063// 4422//
f 4422// 5063// 5062//
f 4422// 5062// 4421//
f 4421// 5062// 5061//
f 4421// 5061// 4417//
f 4417// 5061// 5060//
f 4417// 5060// 4416//
f 4416// 5060// 5059//
f 4416// 5059// 4415//
f 4415// 5059// 5055//
f 4415// 5055// 2979//
f 2614// 2613// 2616//
f 2616// 2613// 2615//
f 2618// 2617// 2620//
f 2620// 2617// 2619//
f 2617// 2618// 5067//
f 2617// 5067// 5068//
f 5068// 5067// 5069//
f 5068// 5069// 5070//
f 5070// 5069// 5071//
f 5070// 5071// 5072//
f 5072// 5071// 5073//
f 5072// 5073// 5074//
f 5074// 5073// 5075//
f 5074// 5075// 5076//
f 5076// 5075// 5077//
f 5076// 5077// 5078//
f 5078// 5077// 5079//
f 5078// 5079// 5080//
f 5080// 5079// 5081//
f 5080// 5081// 5082//
f 5082// 5081// 5083//
f 5082// 5083// 5084//
f 5084// 5083// 5085//
f 5084// 5085// 5086//
f 5086// 5085// 2622//
f 5086// 2622// 2621//
f 5086// 2621// 2613//
f 2613// 2621// 2635//
f 2613// 2635// 5087//
f 2614// 2619// 2613//
f 2613// 2619// 2617//
f 2613// 2617// 5068//
f 5068// 5070// 2613//
f 2613// 5070// 5072//
f 2613// 5072// 5074//
f 5074// 5076// 2613//
f 2613// 5076// 5078//
f 2613// 5078// 5080//
f 5087// 5088// 2613//
f 2613// 5088// 5089//
f 2613// 5089// 5090//
f 5080// 5082// 2613//
f 2613// 5082// 5084//
f 2613// 5084// 5086//
f 5090// 5091// 2613//
f 2613// 5091// 5092//
f 2613// 5092// 5093//
f 5093// 5092// 5094//
f 5094// 5092// 5095//
f 5094// 5095// 5096//
f 2635// 2648// 5097//
f 2635// 5097// 5087//
f 5087// 5097// 5098//
f 5087// 5098// 5088//
f 5088// 5098// 5099//
f 5088// 5099// 5089//
f 5089// 5099// 5100//
f 5089// 5100// 5090//
f 5090// 5100// 5101//
f 5090// 5101// 5091//
f 5091// 5101// 5102//
f 5091// 5102// 5092//
f 5092// 5102// 5103//
f 5092// 5103// 5095//
f 5095// 5103// 5104//
f 5095// 5104// 5096//
f 5096// 5104// 5105//
f 5096// 5105// 5094//
f 5094// 5105// 5106//
f 5094// 5106// 5093//
f 5093// 5106// 2615//
f 5093// 2615// 2613//
f 2648// 2635// 2622//
f 2622// 2635// 2621//
f 2618// 2620// 2616//
f 2618// 2648// 2622//
f 5099// 5098// 2618//
f 2618// 5098// 5097//
f 2618// 5097// 2648//
f 2616// 2615// 2618//
f 2618// 2615// 5106//
f 2618// 5106// 5105//
f 5102// 5101// 2618//
f 2618// 5101// 5100//
f 2618// 5100// 5099//
f 5081// 5079// 5083//
f 5083// 5079// 5077//
f 5083// 5077// 5075//
f 5075// 5073// 5083//
f 5083// 5073// 5071//
f 5083// 5071// 5069//
f 2622// 5085// 2618//
f 2618// 5085// 5083//
f 2618// 5083// 5067//
f 5067// 5083// 5069//
f 5105// 5104// 2618//
f 2618// 5104// 5103//
f 2618// 5103// 5102//
f 2614// 2616// 2619//
f 2619// 2616// 2620//
f 1310// 1268// 1265//
f 1283// 1268// 1281//
f 1281// 1268// 1269//
f 1273// 1275// 1277//
f 1283// 1285// 1268//
f 1268// 1285// 1287//
f 1268// 1287// 1265//
f 1291// 1293// 1262//
f 1262// 1293// 1295//
f 1262// 1295// 1307//
f 1299// 1301// 1303//
f 1269// 1271// 1281//
f 1281// 1271// 1273//
f 1281// 1273// 1279//
f 1279// 1273// 1277//
f 1310// 1265// 1261//
f 1261// 1265// 1263//
f 1261// 1263// 1262//
f 1262// 1263// 1289//
f 1262// 1289// 1291//
f 1299// 1303// 1297//
f 1297// 1303// 1295//
f 1295// 1303// 1305//
f 1295// 1305// 1307//
f 5107// 5108// 1261//
f 1261// 5108// 1310//
f 5108// 5109// 1310//
f 1310// 5109// 1268//
f 1263// 5110// 5111//
f 1263// 5111// 1289//
f 1289// 5111// 5112//
f 1289// 5112// 1291//
f 1291// 5112// 5113//
f 1291// 5113// 1293//
f 1293// 5113// 5114//
f 1293// 5114// 1295//
f 1295// 5114// 5115//
f 1295// 5115// 1297//
f 1297// 5115// 5116//
f 1297// 5116// 1299//
f 1299// 5116// 5117//
f 1299// 5117// 1301//
f 1301// 5117// 5118//
f 1301// 5118// 1303//
f 1303// 5118// 5119//
f 1303// 5119// 1305//
f 1305// 5119// 5120//
f 1305// 5120// 1307//
f 1307// 5120// 5121//
f 1307// 5121// 1262//
f 5109// 5108// 5107//
f 5122// 5109// 5123//
f 5110// 5124// 5109//
f 5109// 5124// 5125//
f 5113// 5112// 5109//
f 5109// 5112// 5111//
f 5109// 5111// 5110//
f 5126// 5127// 5128//
f 5107// 5121// 5109//
f 5109// 5121// 5120//
f 5109// 5120// 5119//
f 5119// 5118// 5109//
f 5109// 5118// 5117//
f 5109// 5117// 5116//
f 5116// 5115// 5109//
f 5109// 5115// 5114//
f 5109// 5114// 5113//
f 5125// 5129// 5109//
f 5109// 5129// 5130//
f 5109// 5130// 5123//
f 5126// 5128// 5131//
f 5131// 5128// 5123//
f 5123// 5128// 5132//
f 5123// 5132// 5122//
f 1268// 5109// 5122//
f 1268// 5122// 1269//
f 1269// 5122// 5132//
f 1269// 5132// 1271//
f 1271// 5132// 5128//
f 1271// 5128// 1273//
f 1273// 5128// 5127//
f 1273// 5127// 1275//
f 1275// 5127// 5126//
f 1275// 5126// 1277//
f 1277// 5126// 5131//
f 1277// 5131// 1279//
f 1279// 5131// 5123//
f 1279// 5123// 1281//
f 1281// 5123// 5130//
f 1281// 5130// 1283//
f 1283// 5130// 5129//
f 1283// 5129// 1285//
f 1285// 5129// 5125//
f 1285// 5125// 1287//
f 1287// 5125// 5124//
f 1287// 5124// 1265//
f 5124// 5110// 1265//
f 1265// 5110// 1263//
f 1262// 5121// 1261//
f 1261// 5121// 5107//
f 3672// 3704// 3671//
f 3671// 3704// 3690//
f 4721// 4723// 3671//
f 3671// 4723// 3676//
f 3671// 3676// 3674//
f 3690// 4705// 3671//
f 3671// 4705// 4707//
f 3671// 4707// 4709//
f 4739// 4741// 3674//
f 3674// 4741// 4743//
f 3674// 4743// 3671//
f 4709// 4711// 3671//
f 3671// 4711// 4713//
f 3671// 4713// 4715//
f 4731// 4725// 4729//
f 4729// 4725// 4727//
f 4731// 4733// 4725//
f 4725// 4733// 4735//
f 4725// 4735// 3674//
f 3674// 4735// 4737//
f 3674// 4737// 4739//
f 4715// 4717// 3671//
f 3671// 4717// 4719//
f 3671// 4719// 4721//
f 5133// 5134// 3672//
f 3672// 5134// 3704//
f 5134// 5135// 3704//
f 3704// 5135// 3690//
f 3674// 5136// 5137//
f 3674// 5137// 4725//
f 4725// 5137// 5138//
f 4725// 5138// 4727//
f 4727// 5138// 5139//
f 4727// 5139// 4729//
f 4729// 5139// 5140//
f 4729// 5140// 4731//
f 4731// 5140// 5141//
f 4731// 5141// 4733//
f 4733// 5141// 5142//
f 4733// 5142// 4735//
f 4735// 5142// 5143//
f 4735// 5143// 4737//
f 4737// 5143// 5144//
f 4737// 5144// 4739//
f 4739// 5144// 5145//
f 4739// 5145// 4741//
f 4741// 5145// 5146//
f 4741// 5146// 4743//
f 4743// 5146// 5147//
f 4743// 5147// 3671//
f 5133// 5147// 5136//
f 5147// 5146// 5136//
f 5136// 5146// 5145//
f 5136// 5145// 5144//
f 5144// 5143// 5136//
f 5136// 5143// 5142//
f 5136// 5142// 5137//
f 5137// 5142// 5141//
f 5141// 5140// 5137//
f 5137// 5140// 5139//
f 5137// 5139// 5138//
f 5133// 5136// 5134//
f 5134// 5136// 5148//
f 5134// 5148// 5135//
f 5135// 5148// 5149//
f 5135// 5149// 5150//
f 5150// 5149// 5151//
f 5150// 5151// 5152//
f 5153// 5154// 5152//
f 5152// 5154// 5155//
f 5152// 5155// 5150//
f 5153// 5156// 5154//
f 5154// 5156// 5157//
f 5154// 5157// 5158//
f 3690// 5135// 5150//
f 3690// 5150// 4705//
f 4705// 5150// 5155//
f 4705// 5155// 4707//
f 4707// 5155// 5154//
f 4707// 5154// 4709//
f 4709// 5154// 5158//
f 4709// 5158// 4711//
f 4711// 5158// 5157//
f 4711// 5157// 4713//
f 4713// 5157// 5156//
f 4713// 5156// 4715//
f 4715// 5156// 5153//
f 4715// 5153// 4717//
f 4717// 5153// 5152//
f 4717// 5152// 4719//
f 4719// 5152// 5151//
f 4719// 5151// 4721//
f 4721// 5151// 5149//
f 4721// 5149// 4723//
f 4723// 5149// 5148//
f 4723// 5148// 3676//
f 5148// 5136// 3676//
f 3676// 5136// 3674//
f 3671// 5147// 3672//
f 3672// 5147// 5133//
f 2616// 2620// 2615//
f 2615// 2620// 2618//
f 2615// 2618// 5106//
f 5085// 2622// 2618//
f 2618// 2622// 2648//
f 2618// 2648// 5097//
f 5097// 5098// 2618//
f 2618// 5098// 5099//
f 2618// 5099// 5100//
f 5085// 2618// 5083//
f 5083// 2618// 5067//
f 5083// 5067// 5069//
f 5069// 5071// 5083//
f 5083// 5071// 5073//
f 5083// 5073// 5075//
f 5075// 5077// 5083//
f 5083// 5077// 5079//
f 5083// 5079// 5081//
f 5100// 5101// 2618//
f 2618// 5101// 5102//
f 2618// 5102// 5103//
f 5103// 5104// 2618//
f 2618// 5104// 5105//
f 2618// 5105// 5106//
f 5159// 5160// 2622//
f 2622// 5160// 2648//
f 2648// 5160// 5161//
f 2648// 5161// 5097//
f 5097// 5161// 5162//
f 5097// 5162// 5098//
f 5098// 5162// 5163//
f 5098// 5163// 5099//
f 5099// 5163// 5164//
f 5099// 5164// 5100//
f 5100// 5164// 5165//
f 5100// 5165// 5101//
f 5101// 5165// 5166//
f 5101// 5166// 5102//
f 5102// 5166// 5167//
f 5102// 5167// 5103//
f 5103// 5167// 5168//
f 5103// 5168// 5104//
f 5104// 5168// 5169//
f 5104// 5169// 5105//
f 5105// 5169// 5170//
f 5105// 5170// 5106//
f 5106// 5170// 5171//
f 5106// 5171// 2615//
f 2618// 5172// 5173//
f 2618// 5173// 5067//
f 5067// 5173// 5174//
f 5067// 5174// 5069//
f 5069// 5174// 5175//
f 5069// 5175// 5071//
f 5071// 5175// 5176//
f 5071// 5176// 5073//
f 5073// 5176// 5177//
f 5073// 5177// 5075//
f 5075// 5177// 5178//
f 5075// 5178// 5077//
f 5077// 5178// 5179//
f 5077// 5179// 5079//
f 5079// 5179// 5180//
f 5079// 5180// 5081//
f 5081// 5180// 5181//
f 5081// 5181// 5083//
f 5083// 5181// 5182//
f 5083// 5182// 5085//
f 5085// 5182// 5159//
f 5085// 5159// 2622//
f 5172// 5183// 5184//
f 5172// 5160// 5159//
f 5163// 5162// 5172//
f 5172// 5162// 5161//
f 5172// 5161// 5160//
f 5184// 5171// 5172//
f 5172// 5171// 5170//
f 5172// 5170// 5169//
f 5166// 5165// 5172//
f 5172// 5165// 5164//
f 5172// 5164// 5163//
f 5180// 5179// 5181//
f 5181// 5179// 5178//
f 5181// 5178// 5177//
f 5177// 5176// 5181//
f 5181// 5176// 5175//
f 5181// 5175// 5174//
f 5159// 5182// 5172//
f 5172// 5182// 5181//
f 5172// 5181// 5173//
f 5173// 5181// 5174//
f 5169// 5168// 5172//
f 5172// 5168// 5167//
f 5172// 5167// 5166//
f 5184// 5183// 2616//
f 2616// 5183// 2620//
f 5183// 5172// 2620//
f 2620// 5172// 2618//
f 2615// 5171// 2616//
f 2616// 5171// 5184//
